id,batchID,batchIDLastChangedAt,chat,chatLastChangedAt,chatTimestamps,chatTimestampsLastChangedAt,clickBlockedAt,clickBlockedAtLastChangedAt,correct,correctLastChangedAt,director,directorLastChangedAt,displayLabels,displayLabelsLastChangedAt,ended,endedLastChangedAt,gameID,gameIDLastChangedAt,index,indexLastChangedAt,justStarted,justStartedLastChangedAt,matcher,matcherLastChangedAt,numItems,numItemsLastChangedAt,numTrials,numTrialsLastChangedAt,numTrialsPerBlock,numTrialsPerBlockLastChangedAt,phase,phaseLastChangedAt,repNum,repNumLastChangedAt,reps,repsLastChangedAt,response,responseLastChangedAt,selection,selectionLastChangedAt,selectionMadeAt,selectionMadeAtLastChangedAt,setId,setIdLastChangedAt,stageIndex,stageIndexLastChangedAt,start,startLastChangedAt,tangramURLs,tangramURLsLastChangedAt,target,targetLastChangedAt,targetLabel,targetLabelLastChangedAt,targetNum,targetNumLastChangedAt,trialNum,trialNumLastChangedAt
01M0TTK10DESAY0F2DG5BPD9GH,01M0TSZEX52H0PZDJFB4JNEAFW,2026-08-24T21:24:56.973929831Z,"[{""text"":""hi"",""sender"":{""id"":""01M0TT7ZVRQQW92P55GPN9KMMS"",""name"":""Minu"",""avatar"":""https://api.dicebear.com/8.x/rings/svg?seed=Minu""}},{""text"":""house with the triangle and dimond hanging under it"",""sender"":{""id"":""01M0TT7FNH08P86PFHWCV3NRS8"",""name"":""Repi"",""avatar"":""https://api.dicebear.com/8.x/rings/svg?seed=Repi""}}]",2026-08-24T21:43:03.138069174Z,"[1787607746529,1787607783148]",2026-08-24T21:43:03.150337575Z,,,false,2026-08-24T21:43:15.219215279Z,01M0TT7FNH08P86PFHWCV3NRS8,2026-08-24T21:42:20.356947493Z,"[""A3"",""D1"",""C1"",""C4""]",2026-08-24T21:24:56.973929831Z,true,2026-08-24T21:43:15.200050624Z,01M0TSZEY54T11A9AMGVA6T4ZB,2026-08-24T21:24:56.973929831Z,2,2026-08-24T21:24:56.973929831Z,false,2026-08-24T21:42:20.620992293Z,01M0TT7ZVRQQW92P55GPN9KMMS,2026-08-24T21:42:20.356947493Z,,,48,2026-08-24T21:24:56.973929831Z,12,2026-08-24T21:24:56.973929831Z,training,2026-08-24T21:24:56.973929831Z,0,2026-08-24T21:24:56.973929831Z,4,2026-08-24T21:24:56.973929831Z,/tangrams/279_244.png,2026-08-24T21:43:15.219215279Z,/tangrams/279_244.png,2026-08-24T21:43:12.063555285Z,1787607794481,2026-08-24T21:43:12.056945993Z,0,2026-08-24T21:24:56.973929831Z,2,2026-08-24T21:24:57.308579888Z,true,2026-08-24T21:42:20.311476588Z,"[""/tangrams/138_405.png"",""/tangrams/279_244.png"",""/tangrams/422_244.png"",""/tangrams/422_66.png""]",2026-08-24T21:24:56.973929831Z,/tangrams/422_244.png,2026-08-24T21:24:56.973929831Z,C1,2026-08-24T21:24:56.973929831Z,2,2026-08-24T21:24:56.973929831Z,1,2026-08-24T21:24:56.973929831Z
01M0TTKMTB2BD5FYABW27NRN6H,01M0TSZEX52H0PZDJFB4JNEAFW,2026-08-24T21:25:17.259569872Z,"[{""text"":""DIAMOND HEAD ON TOP"",""sender"":{""id"":""01M0TT55D1DRDQ3JPT1CDTT5VN"",""name"":""Repi"",""avatar"":""https://api.dicebear.com/8.x/rings/svg?seed=Repi""}}]",2026-08-24T21:38:38.514488649Z,[1787607518523],2026-08-24T21:38:38.525519986Z,,,true,2026-08-24T21:38:46.433410358Z,01M0TT55D1DRDQ3JPT1CDTT5VN,2026-08-24T21:38:22.554468125Z,"[""A3"",""B1"",""C4"",""D2""]",2026-08-24T21:25:17.259569872Z,true,2026-08-24T21:38:46.420752477Z,01M0TSZEY173D8F3KEP071GR06,2026-08-24T21:25:17.259569872Z,10,2026-08-24T21:25:17.259569872Z,false,2026-08-24T21:38:22.665215873Z,01M0TTF3ADJ36CYQBD8356XFNQ,2026-08-24T21:38:22.554468125Z,,,48,2026-08-24T21:25:17.259569872Z,12,2026-08-24T21:25:17.259569872Z,training,2026-08-24T21:25:17.259569872Z,0,2026-08-24T21:25:17.259569872Z,4,2026-08-24T21:25:17.259569872Z,/tangrams/138_405.png,2026-08-24T21:38:46.433410358Z,/tangrams/138_405.png,2026-08-24T21:38:43.29410032Z,1787607522905,2026-08-24T21:38:43.306029742Z,0,2026-08-24T21:25:17.259569872Z,2,2026-08-24T21:25:17.789608807Z,true,2026-08-24T21:38:22.512747106Z,"[""/tangrams/138_405.png"",""/tangrams/366_244.png"",""/tangrams/422_66.png"",""/tangrams/279_339.png""]",2026-08-24T21:25:17.259569872Z,/tangrams/138_405.png,2026-08-24T21:25:17.259569872Z,A3,2026-08-24T21:25:17.259569872Z,10,2026-08-24T21:25:17.259569872Z,9,2026-08-24T21:25:17.259569872Z
01M0TTKMZ7SV3M807NSRGTM6WH,01M0TSZEX52H0PZDJFB4JNEAFW,2026-08-24T21:25:17.415167982Z,"[{""text"":""running legs"",""sender"":{""id"":""01M0TTF3ADJ36CYQBD8356XFNQ"",""name"":""Minu"",""avatar"":""https://api.dicebear.com/8.x/rings/svg?seed=Minu""}}]",2026-08-24T21:46:28.870533515Z,[1787607988882],2026-08-24T21:46:28.883782113Z,,,true,2026-08-24T21:46:43.111024668Z,01M0TTF3ADJ36CYQBD8356XFNQ,2026-08-24T21:46:20.728576097Z,"[""C1"",""D2"",""B3"",""A4""]",2026-08-24T21:25:17.415167982Z,true,2026-08-24T21:46:43.090935568Z,01M0TSZEY173D8F3KEP071GR06,2026-08-24T21:25:17.415167982Z,29,2026-08-24T21:25:17.415167982Z,false,2026-08-24T21:46:20.878904859Z,01M0TT55D1DRDQ3JPT1CDTT5VN,2026-08-24T21:46:20.728576097Z,,,48,2026-08-24T21:25:17.415167982Z,12,2026-08-24T21:25:17.415167982Z,training,2026-08-24T21:25:17.415167982Z,2,2026-08-24T21:25:17.415167982Z,4,2026-08-24T21:25:17.415167982Z,/tangrams/366_405.png,2026-08-24T21:46:43.111024668Z,/tangrams/366_405.png,2026-08-24T21:46:39.949299367Z,1787607999687,2026-08-24T21:46:39.935196224Z,0,2026-08-24T21:25:17.415167982Z,2,2026-08-24T21:25:18.149997387Z,true,2026-08-24T21:46:20.668742693Z,"[""/tangrams/422_244.png"",""/tangrams/279_339.png"",""/tangrams/366_405.png"",""/tangrams/138_66.png""]",2026-08-24T21:25:17.415167982Z,/tangrams/366_405.png,2026-08-24T21:25:17.415167982Z,B3,2026-08-24T21:25:17.415167982Z,5,2026-08-24T21:25:17.415167982Z,28,2026-08-24T21:25:17.415167982Z
01M0TTNREH2MYN478MJT0BNDDE,01M0TSZGJXR0N6DNTNARWRMFQ4,2026-08-24T21:26:26.513095838Z,,,,,,,,,,,"[""F3"",""B2"",""F7"",""D4""]",2026-08-24T21:26:26.513095838Z,false,2026-08-24T21:26:26.513095838Z,01M0TSZGKJQW5S4GCP9150DNN9,2026-08-24T21:26:26.513095838Z,42,2026-08-24T21:26:26.513095838Z,,,,,,,48,2026-08-24T21:26:26.513095838Z,12,2026-08-24T21:26:26.513095838Z,training,2026-08-24T21:26:26.513095838Z,3,2026-08-24T21:26:26.513095838Z,4,2026-08-24T21:26:26.513095838Z,,,,2026-08-24T21:26:26.513095838Z,,,1,2026-08-24T21:26:26.513095838Z,2,2026-08-24T21:26:27.700874481Z,false,2026-08-24T21:26:26.513095838Z,"[""/tangrams/264_176.png"",""/tangrams/348_441.png"",""/tangrams/157_426.png"",""/tangrams/20_464.png""]",2026-08-24T21:26:26.513095838Z,/tangrams/264_176.png,2026-08-24T21:26:26.513095838Z,F3,2026-08-24T21:26:26.513095838Z,6,2026-08-24T21:26:26.513095838Z,41,2026-08-24T21:26:26.513095838Z
01M0TTYQG3P7C1E9BXX9CG051S,01M0TTMTH8JPTHXWGXYEY1VFR8,2026-08-24T21:31:20.451535089Z,,,,,,,,,,,"[""B1"",""A2"",""C4"",""C2""]",2026-08-24T21:31:20.451535089Z,false,2026-08-24T21:31:20.451535089Z,01M0TTMWMDPGAHQRDA7BZJ8FEZ,2026-08-24T21:31:20.451535089Z,25,2026-08-24T21:31:20.451535089Z,,,,,,,48,2026-08-24T21:31:20.451535089Z,12,2026-08-24T21:31:20.451535089Z,training,2026-08-24T21:31:20.451535089Z,2,2026-08-24T21:31:20.451535089Z,4,2026-08-24T21:31:20.451535089Z,,,,2026-08-24T21:31:20.451535089Z,,,1,2026-08-24T21:31:20.451535089Z,2,2026-08-24T21:31:21.626251225Z,false,2026-08-24T21:31:20.451535089Z,"[""/tangrams/348_314.png"",""/tangrams/66_441.png"",""/tangrams/202_464.png"",""/tangrams/202_441.png""]",2026-08-24T21:31:20.451535089Z,/tangrams/202_441.png,2026-08-24T21:31:20.451535089Z,C2,2026-08-24T21:31:20.451535089Z,1,2026-08-24T21:31:20.451535089Z,24,2026-08-24T21:31:20.451535089Z
01M0TTK10N5BD0SS5DA63HF9K7,01M0TSZEX52H0PZDJFB4JNEAFW,2026-08-24T21:24:56.981045316Z,"[{""text"":""running guy arms upp no cutouts"",""sender"":{""id"":""01M0TT7FNH08P86PFHWCV3NRS8"",""name"":""Repi"",""avatar"":""https://api.dicebear.com/8.x/rings/svg?seed=Repi""}}]",2026-08-24T21:46:10.582559348Z,[1787607970594],2026-08-24T21:46:10.595918114Z,,,false,2026-08-24T21:46:40.760565024Z,01M0TT7FNH08P86PFHWCV3NRS8,2026-08-24T21:45:38.299381402Z,"[""A4"",""B3"",""D3"",""D1""]",2026-08-24T21:24:56.981045316Z,true,2026-08-24T21:46:40.740040292Z,01M0TSZEY54T11A9AMGVA6T4ZB,2026-08-24T21:24:56.981045316Z,6,2026-08-24T21:24:56.981045316Z,false,2026-08-24T21:45:38.461517901Z,01M0TT7ZVRQQW92P55GPN9KMMS,2026-08-24T21:45:38.299381402Z,,,48,2026-08-24T21:24:56.981045316Z,12,2026-08-24T21:24:56.981045316Z,training,2026-08-24T21:24:56.981045316Z,0,2026-08-24T21:24:56.981045316Z,4,2026-08-24T21:24:56.981045316Z,/tangrams/366_405.png,2026-08-24T21:46:40.760565024Z,/tangrams/366_405.png,2026-08-24T21:46:37.553255005Z,1787607999984,2026-08-24T21:46:37.576280238Z,0,2026-08-24T21:24:56.981045316Z,2,2026-08-24T21:24:57.372313297Z,true,2026-08-24T21:45:38.256736808Z,"[""/tangrams/138_66.png"",""/tangrams/366_405.png"",""/tangrams/279_405.png"",""/tangrams/279_244.png""]",2026-08-24T21:24:56.981045316Z,/tangrams/279_405.png,2026-08-24T21:24:56.981045316Z,D3,2026-08-24T21:24:56.981045316Z,6,2026-08-24T21:24:56.981045316Z,5,2026-08-24T21:24:56.981045316Z
01M0TTKDFMVBB86KHZHNHMN1MF,01M0TSZGJXR0N6DNTNARWRMFQ4,2026-08-24T21:25:09.748825091Z,,,,,,,,,,,"[""D2"",""C2"",""D3"",""B1""]",2026-08-24T21:25:09.748825091Z,false,2026-08-24T21:25:09.748825091Z,01M0TSZGKM72FFW193EYG47F25,2026-08-24T21:25:09.748825091Z,45,2026-08-24T21:25:09.748825091Z,,,,,,,48,2026-08-24T21:25:09.748825091Z,12,2026-08-24T21:25:09.748825091Z,training,2026-08-24T21:25:09.748825091Z,3,2026-08-24T21:25:09.748825091Z,4,2026-08-24T21:25:09.748825091Z,,,,2026-08-24T21:25:09.748825091Z,,,0,2026-08-24T21:25:09.748825091Z,2,2026-08-24T21:25:10.658525549Z,false,2026-08-24T21:25:09.748825091Z,"[""/tangrams/279_339.png"",""/tangrams/422_339.png"",""/tangrams/279_405.png"",""/tangrams/366_244.png""]",2026-08-24T21:25:09.748825091Z,/tangrams/279_339.png,2026-08-24T21:25:09.748825091Z,D2,2026-08-24T21:25:09.748825091Z,9,2026-08-24T21:25:09.748825091Z,44,2026-08-24T21:25:09.748825091Z
01M0TTKDCEYY6CWSPP642Y6N9K,01M0TSZGJXR0N6DNTNARWRMFQ4,2026-08-24T21:25:09.646800124Z,,,,,,,,,,,"[""A3"",""A2"",""D1"",""B3""]",2026-08-24T21:25:09.646800124Z,false,2026-08-24T21:25:09.646800124Z,01M0TSZGKM72FFW193EYG47F25,2026-08-24T21:25:09.646800124Z,20,2026-08-24T21:25:09.646800124Z,,,,,,,48,2026-08-24T21:25:09.646800124Z,12,2026-08-24T21:25:09.646800124Z,training,2026-08-24T21:25:09.646800124Z,1,2026-08-24T21:25:09.646800124Z,4,2026-08-24T21:25:09.646800124Z,,,,2026-08-24T21:25:09.646800124Z,,,0,2026-08-24T21:25:09.646800124Z,2,2026-08-24T21:25:10.198481287Z,false,2026-08-24T21:25:09.646800124Z,"[""/tangrams/138_405.png"",""/tangrams/138_339.png"",""/tangrams/279_244.png"",""/tangrams/366_405.png""]",2026-08-24T21:25:09.646800124Z,/tangrams/138_405.png,2026-08-24T21:25:09.646800124Z,A3,2026-08-24T21:25:09.646800124Z,8,2026-08-24T21:25:09.646800124Z,19,2026-08-24T21:25:09.646800124Z
01M0TTK16981VYRXVWJ54TEAB8,01M0TSZEX52H0PZDJFB4JNEAFW,2026-08-24T21:24:57.161572476Z,"[{""text"":""diamomd ontop triangle cutout bottom"",""sender"":{""id"":""01M0TT7ZVRQQW92P55GPN9KMMS"",""name"":""Minu"",""avatar"":""https://api.dicebear.com/8.x/rings/svg?seed=Minu""}},{""text"":""anyything below"",""sender"":{""id"":""01M0TT7FNH08P86PFHWCV3NRS8"",""name"":""Repi"",""avatar"":""https://api.dicebear.com/8.x/rings/svg?seed=Repi""}}]",2026-08-24T22:07:21.425236109Z,"[1787609239073,1787609241440]",2026-08-24T22:07:21.445878584Z,,,true,2026-08-24T22:07:38.293810371Z,01M0TT7ZVRQQW92P55GPN9KMMS,2026-08-24T22:07:07.10847247Z,"[""C2"",""A4"",""B1"",""A2""]",2026-08-24T21:24:57.161572476Z,true,2026-08-24T22:07:38.275995266Z,01M0TSZEY54T11A9AMGVA6T4ZB,2026-08-24T21:24:57.161572476Z,35,2026-08-24T21:24:57.161572476Z,false,2026-08-24T22:07:07.322849894Z,01M0TT7FNH08P86PFHWCV3NRS8,2026-08-24T22:07:07.10847247Z,,,48,2026-08-24T21:24:57.161572476Z,12,2026-08-24T21:24:57.161572476Z,training,2026-08-24T21:24:57.161572476Z,2,2026-08-24T21:24:57.161572476Z,4,2026-08-24T21:24:57.161572476Z,/tangrams/138_339.png,2026-08-24T22:07:38.293810371Z,/tangrams/138_339.png,2026-08-24T22:07:35.068729941Z,1787609255186,2026-08-24T22:07:35.052473492Z,0,2026-08-24T21:24:57.161572476Z,2,2026-08-24T21:24:57.883024194Z,true,2026-08-24T22:07:07.040722366Z,"[""/tangrams/422_339.png"",""/tangrams/138_66.png"",""/tangrams/366_244.png"",""/tangrams/138_339.png""]",2026-08-24T21:24:57.161572476Z,/tangrams/138_339.png,2026-08-24T21:24:57.161572476Z,A2,2026-08-24T21:24:57.161572476Z,11,2026-08-24T21:24:57.161572476Z,34,2026-08-24T21:24:57.161572476Z
01M0TTKD9WJN40G5YHQ9QB17AZ,01M0TSZGJXR0N6DNTNARWRMFQ4,2026-08-24T21:25:09.564676589Z,,,,,,,,,,,"[""D2"",""A2"",""D3"",""B1""]",2026-08-24T21:25:09.564676589Z,false,2026-08-24T21:25:09.564676589Z,01M0TSZGKM72FFW193EYG47F25,2026-08-24T21:25:09.564676589Z,12,2026-08-24T21:25:09.564676589Z,,,,,,,48,2026-08-24T21:25:09.564676589Z,12,2026-08-24T21:25:09.564676589Z,training,2026-08-24T21:25:09.564676589Z,0,2026-08-24T21:25:09.564676589Z,4,2026-08-24T21:25:09.564676589Z,,,,2026-08-24T21:25:09.564676589Z,,,0,2026-08-24T21:25:09.564676589Z,2,2026-08-24T21:25:10.058513228Z,false,2026-08-24T21:25:09.564676589Z,"[""/tangrams/279_339.png"",""/tangrams/138_339.png"",""/tangrams/279_405.png"",""/tangrams/366_244.png""]",2026-08-24T21:25:09.564676589Z,/tangrams/279_339.png,2026-08-24T21:25:09.564676589Z,D2,2026-08-24T21:25:09.564676589Z,12,2026-08-24T21:25:09.564676589Z,11,2026-08-24T21:25:09.564676589Z
01M0TTYQ0CMGYVGRETB27VW2NK,01M0TTMTH8JPTHXWGXYEY1VFR8,2026-08-24T21:31:19.948956511Z,"[{""text"":""?"",""sender"":{""id"":""01M0TTENRE0ZSC234N2S1BW8ZS"",""name"":""Repi"",""avatar"":""https://api.dicebear.com/8.x/rings/svg?seed=Repi""}},{""text"":""sharp edge"",""sender"":{""id"":""01M0TTJT0T1FXWVGTP027BYENQ"",""name"":""Minu"",""avatar"":""https://api.dicebear.com/8.x/rings/svg?seed=Minu""}},{""text"":""Three rings ?"",""sender"":{""id"":""01M0TTENRE0ZSC234N2S1BW8ZS"",""name"":""Repi"",""avatar"":""https://api.dicebear.com/8.x/rings/svg?seed=Repi""}},{""text"":""arrow like"",""sender"":{""id"":""01M0TTJT0T1FXWVGTP027BYENQ"",""name"":""Minu"",""avatar"":""https://api.dicebear.com/8.x/rings/svg?seed=Minu""}},{""text"":""yes"",""sender"":{""id"":""01M0TTJT0T1FXWVGTP027BYENQ"",""name"":""Minu"",""avatar"":""https://api.dicebear.com/8.x/rings/svg?seed=Minu""}}]",2026-08-24T21:54:59.772071954Z,"[1787608460926,1787608474850,1787608488889,1787608492380,1787608499835]",2026-08-24T21:54:59.837105472Z,,,false,2026-08-24T21:55:03.027602175Z,01M0TTJT0T1FXWVGTP027BYENQ,2026-08-24T21:54:15.029069648Z,"[""A4"",""D3"",""D2"",""C2""]",2026-08-24T21:31:19.948956511Z,true,2026-08-24T21:55:03.005227865Z,01M0TTMWMDPGAHQRDA7BZJ8FEZ,2026-08-24T21:31:19.948956511Z,11,2026-08-24T21:31:19.948956511Z,false,2026-08-24T21:54:15.181673109Z,01M0TTENRE0ZSC234N2S1BW8ZS,2026-08-24T21:54:15.029069648Z,,,48,2026-08-24T21:31:19.948956511Z,12,2026-08-24T21:31:19.948956511Z,training,2026-08-24T21:31:19.948956511Z,0,2026-08-24T21:31:19.948956511Z,4,2026-08-24T21:31:19.948956511Z,/tangrams/66_464.png,2026-08-24T21:55:03.027602175Z,/tangrams/66_464.png,2026-08-24T21:54:59.70787224Z,1787608499489,2026-08-24T21:54:59.71561463Z,1,2026-08-24T21:31:19.948956511Z,2,2026-08-24T21:31:21.06975357Z,true,2026-08-24T21:54:14.967937715Z,"[""/tangrams/66_464.png"",""/tangrams/20_24.png"",""/tangrams/20_441.png"",""/tangrams/202_441.png""]",2026-08-24T21:31:19.948956511Z,/tangrams/20_441.png,2026-08-24T21:31:19.948956511Z,D2,2026-08-24T21:31:19.948956511Z,11,2026-08-24T21:31:19.948956511Z,10,2026-08-24T21:31:19.948956511Z
01M0TTYQK1XWXZYF3X97RPEM2C,01M0TTMTH8JPTHXWGXYEY1VFR8,2026-08-24T21:31:20.545311089Z,"[{""text"":""?"",""sender"":{""id"":""01M0TTENRE0ZSC234N2S1BW8ZS"",""name"":""Repi"",""avatar"":""https://api.dicebear.com/8.x/rings/svg?seed=Repi""}},{""text"":""?"",""sender"":{""id"":""01M0TTENRE0ZSC234N2S1BW8ZS"",""name"":""Repi"",""avatar"":""https://api.dicebear.com/8.x/rings/svg?seed=Repi""}}]",2026-08-24T22:03:11.339632763Z,"[1787608950284,1787608991354]",2026-08-24T22:03:11.356056536Z,1787609002342,2026-08-24T22:03:22.554260858Z,false,2026-08-24T22:03:26.912289623Z,01M0TTJT0T1FXWVGTP027BYENQ,2026-08-24T22:02:23.57004576Z,"[""B4"",""A2"",""C4"",""B3""]",2026-08-24T21:31:20.545311089Z,true,2026-08-24T22:03:26.884740695Z,01M0TTMWMDPGAHQRDA7BZJ8FEZ,2026-08-24T21:31:20.545311089Z,19,2026-08-24T21:31:20.545311089Z,false,2026-08-24T22:02:23.770337915Z,01M0TTENRE0ZSC234N2S1BW8ZS,2026-08-24T22:02:23.57004576Z,,,48,2026-08-24T21:31:20.545311089Z,12,2026-08-24T21:31:20.545311089Z,training,2026-08-24T21:31:20.545311089Z,1,2026-08-24T21:31:20.545311089Z,4,2026-08-24T21:31:20.545311089Z,,2026-08-24T22:03:26.912289623Z,,2026-08-24T21:31:20.545311089Z,,,1,2026-08-24T21:31:20.545311089Z,2,2026-08-24T21:31:21.397231917Z,true,2026-08-24T22:02:23.501004041Z,"[""/tangrams/348_464.png"",""/tangrams/66_441.png"",""/tangrams/202_464.png"",""/tangrams/348_24.png""]",2026-08-24T21:31:20.545311089Z,/tangrams/348_464.png,2026-08-24T21:31:20.545311089Z,B4,2026-08-24T21:31:20.545311089Z,7,2026-08-24T21:31:20.545311089Z,18,2026-08-24T21:31:20.545311089Z
01M0TT9KHNCXNYD2E4YA7HYMQP,01M0TSZGJXR0N6DNTNARWRMFQ4,2026-08-24T21:19:48.277777007Z,,,,,,,,,,,"[""D2"",""C1"",""B3"",""A4""]",2026-08-24T21:19:48.277777007Z,false,2026-08-24T21:19:48.277777007Z,01M0TSZGKE32G3R2H2EPQFBQNN,2026-08-24T21:19:48.277777007Z,14,2026-08-24T21:19:48.277777007Z,,,,,,,48,2026-08-24T21:19:48.277777007Z,12,2026-08-24T21:19:48.277777007Z,training,2026-08-24T21:19:48.277777007Z,1,2026-08-24T21:19:48.277777007Z,4,2026-08-24T21:19:48.277777007Z,,,,2026-08-24T21:19:48.277777007Z,,,0,2026-08-24T21:19:48.277777007Z,2,2026-08-24T21:19:48.728594162Z,false,2026-08-24T21:19:48.277777007Z,"[""/tangrams/279_339.png"",""/tangrams/422_244.png"",""/tangrams/366_405.png"",""/tangrams/138_66.png""]",2026-08-24T21:19:48.277777007Z,/tangrams/138_66.png,2026-08-24T21:19:48.277777007Z,A4,2026-08-24T21:19:48.277777007Z,2,2026-08-24T21:19:48.277777007Z,13,2026-08-24T21:19:48.277777007Z
01M0TTA5D893WN40HHXA95TMV6,01M0TSZV7X3D77NKMM5CDCW4Z6,2026-08-24T21:20:06.568718311Z,"[{""text"":""This is the thing with a triangle and diamond at the bottom.  Then a farmhouse.  THen a doiamond up top"",""sender"":{""id"":""01M0TT3ZTTV22XQGZD0K61T6A4"",""name"":""Repi"",""avatar"":""https://api.dicebear.com/8.x/rings/svg?seed=Repi""}}]",2026-08-24T21:32:29.121858832Z,[1787607149130],2026-08-24T21:32:29.13302848Z,,,true,2026-08-24T21:32:43.707718146Z,01M0TT3ZTTV22XQGZD0K61T6A4,2026-08-24T21:31:59.260929476Z,"[""C3"",""B2"",""F4"",""A1""]",2026-08-24T21:20:06.568718311Z,true,2026-08-24T21:32:43.688214598Z,01M0TSZV8KEDQHAT4X3FNKVS2B,2026-08-24T21:20:06.568718311Z,12,2026-08-24T21:20:06.568718311Z,false,2026-08-24T21:31:59.391250475Z,01M0TT4SZRTK7MV5T48R9G1GQH,2026-08-24T21:31:59.260929476Z,,,48,2026-08-24T21:20:06.568718311Z,12,2026-08-24T21:20:06.568718311Z,training,2026-08-24T21:20:06.568718311Z,0,2026-08-24T21:20:06.568718311Z,4,2026-08-24T21:20:06.568718311Z,/tangrams/138_244.png,2026-08-24T21:32:43.707718146Z,/tangrams/138_244.png,2026-08-24T21:32:40.518765145Z,1787607160396,2026-08-24T21:32:40.503895043Z,0,2026-08-24T21:20:06.568718311Z,2,2026-08-24T21:20:06.876071197Z,true,2026-08-24T21:31:59.209184844Z,"[""/tangrams/422_405.png"",""/tangrams/366_339.png"",""/tangrams/434_227.png"",""/tangrams/138_244.png""]",2026-08-24T21:20:06.568718311Z,/tangrams/138_244.png,2026-08-24T21:20:06.568718311Z,A1,2026-08-24T21:20:06.568718311Z,12,2026-08-24T21:20:06.568718311Z,11,2026-08-24T21:20:06.568718311Z
01M0TTK112MGP9XM2TDWT3WSB8,01M0TSZEX52H0PZDJFB4JNEAFW,2026-08-24T21:24:56.994180086Z,"[{""text"":""cutout triangle on the bottom and top"",""sender"":{""id"":""01M0TT7ZVRQQW92P55GPN9KMMS"",""name"":""Minu"",""avatar"":""https://api.dicebear.com/8.x/rings/svg?seed=Minu""}}]",2026-08-24T21:50:22.705770762Z,[1787608222718],2026-08-24T21:50:22.719799199Z,,,true,2026-08-24T21:50:34.411664291Z,01M0TT7ZVRQQW92P55GPN9KMMS,2026-08-24T21:50:06.624587957Z,"[""C2"",""D2"",""B4"",""D3""]",2026-08-24T21:24:56.994180086Z,true,2026-08-24T21:50:34.395019802Z,01M0TSZEY54T11A9AMGVA6T4ZB,2026-08-24T21:24:56.994180086Z,11,2026-08-24T21:24:56.994180086Z,false,2026-08-24T21:50:06.943635696Z,01M0TT7FNH08P86PFHWCV3NRS8,2026-08-24T21:50:06.624587957Z,,,48,2026-08-24T21:24:56.994180086Z,12,2026-08-24T21:24:56.994180086Z,training,2026-08-24T21:24:56.994180086Z,0,2026-08-24T21:24:56.994180086Z,4,2026-08-24T21:24:56.994180086Z,/tangrams/279_339.png,2026-08-24T21:50:34.411664291Z,/tangrams/279_339.png,2026-08-24T21:50:31.226873361Z,1787608231354,2026-08-24T21:50:31.234844174Z,0,2026-08-24T21:24:56.994180086Z,2,2026-08-24T21:24:57.455640051Z,true,2026-08-24T21:50:06.48450593Z,"[""/tangrams/422_339.png"",""/tangrams/279_339.png"",""/tangrams/366_66.png"",""/tangrams/279_405.png""]",2026-08-24T21:24:56.994180086Z,/tangrams/279_339.png,2026-08-24T21:24:56.994180086Z,D2,2026-08-24T21:24:56.994180086Z,11,2026-08-24T21:24:56.994180086Z,10,2026-08-24T21:24:56.994180086Z
01M0TTMQTX8PVY1YQYK90Q4EB5,01M0TSZV7X3D77NKMM5CDCW4Z6,2026-08-24T21:25:53.117683673Z,"[{""text"":""square (or rectange) in middle"",""sender"":{""id"":""01M0TT4SREDP4QR1H8V4E3X5G9"",""name"":""Minu"",""avatar"":""https://api.dicebear.com/8.x/rings/svg?seed=Minu""}}]",2026-08-24T21:45:00.899844828Z,[1787607900911],2026-08-24T21:45:00.912691619Z,,,true,2026-08-24T21:45:10.517375074Z,01M0TT4SREDP4QR1H8V4E3X5G9,2026-08-24T21:44:45.275104148Z,"[""B1"",""A2"",""C4"",""D3""]",2026-08-24T21:25:53.117683673Z,true,2026-08-24T21:45:10.489346456Z,01M0TSZV8ERABP36QP2627EVMT,2026-08-24T21:25:53.117683673Z,21,2026-08-24T21:25:53.117683673Z,false,2026-08-24T21:44:45.409722431Z,01M0TT4JP6VSYSTADD58E33WM9,2026-08-24T21:44:45.275104148Z,,,48,2026-08-24T21:25:53.117683673Z,12,2026-08-24T21:25:53.117683673Z,training,2026-08-24T21:25:53.117683673Z,1,2026-08-24T21:25:53.117683673Z,4,2026-08-24T21:25:53.117683673Z,/tangrams/20_24.png,2026-08-24T21:45:10.517375074Z,/tangrams/20_24.png,2026-08-24T21:45:07.313188829Z,1787607905734,2026-08-24T21:45:07.303741381Z,1,2026-08-24T21:25:53.117683673Z,2,2026-08-24T21:25:53.757822407Z,true,2026-08-24T21:44:45.231414208Z,"[""/tangrams/348_314.png"",""/tangrams/66_441.png"",""/tangrams/202_464.png"",""/tangrams/20_24.png""]",2026-08-24T21:25:53.117683673Z,/tangrams/20_24.png,2026-08-24T21:25:53.117683673Z,D3,2026-08-24T21:25:53.117683673Z,9,2026-08-24T21:25:53.117683673Z,20,2026-08-24T21:25:53.117683673Z
01M0TTTPMR5HCH21N45VXXC8DS,01M0TSZV7X3D77NKMM5CDCW4Z6,2026-08-24T21:29:08.504718356Z,"[{""text"":""Has a white rectangle and it looks almost like a complete shape looks like a mouth on the left"",""sender"":{""id"":""01M0TTBQPRE9XMJHBPDKM8GTC4"",""name"":""Minu"",""avatar"":""https://api.dicebear.com/8.x/rings/svg?seed=Minu""}}]",2026-08-24T22:06:03.37520239Z,[1787609163390],2026-08-24T22:06:03.392529312Z,,,true,2026-08-24T22:06:11.997165759Z,01M0TTBQPRE9XMJHBPDKM8GTC4,2026-08-24T22:05:20.298647023Z,"[""D1"",""D3"",""C4"",""A3""]",2026-08-24T21:29:08.504718356Z,true,2026-08-24T22:06:11.97423048Z,01M0TSZV8KEDQHAT4X33M1GG1C,2026-08-24T21:29:08.504718356Z,33,2026-08-24T21:29:08.504718356Z,false,2026-08-24T22:05:20.522676282Z,01M0TT467Q69C5HQ20GW6FRRF2,2026-08-24T22:05:20.298647023Z,,,48,2026-08-24T21:29:08.504718356Z,12,2026-08-24T21:29:08.504718356Z,training,2026-08-24T21:29:08.504718356Z,2,2026-08-24T21:29:08.504718356Z,4,2026-08-24T21:29:08.504718356Z,/tangrams/20_24.png,2026-08-24T22:06:11.997165759Z,/tangrams/20_24.png,2026-08-24T22:06:08.672107782Z,1787609165908,2026-08-24T22:06:08.680608888Z,1,2026-08-24T21:29:08.504718356Z,2,2026-08-24T21:29:10.02821612Z,true,2026-08-24T22:05:20.23683236Z,"[""/tangrams/20_314.png"",""/tangrams/20_24.png"",""/tangrams/202_464.png"",""/tangrams/66_24.png""]",2026-08-24T21:29:08.504718356Z,/tangrams/20_24.png,2026-08-24T21:29:08.504718356Z,D3,2026-08-24T21:29:08.504718356Z,9,2026-08-24T21:29:08.504718356Z,32,2026-08-24T21:29:08.504718356Z
01M0TTYQ06NTJ2BRAX4W53MBV9,01M0TTMTH8JPTHXWGXYEY1VFR8,2026-08-24T21:31:19.942232017Z,"[{""text"":""?"",""sender"":{""id"":""01M0TTENRE0ZSC234N2S1BW8ZS"",""name"":""Repi"",""avatar"":""https://api.dicebear.com/8.x/rings/svg?seed=Repi""}},{""text"":""the shapes are so complicated"",""sender"":{""id"":""01M0TTJT0T1FXWVGTP027BYENQ"",""name"":""Minu"",""avatar"":""https://api.dicebear.com/8.x/rings/svg?seed=Minu""}}]",2026-08-24T21:47:30.756095908Z,"[1787608045937,1787608050855]",2026-08-24T21:47:30.856254766Z,,,false,2026-08-24T21:47:42.392163076Z,01M0TTJT0T1FXWVGTP027BYENQ,2026-08-24T21:46:53.398097824Z,"[""A2"",""C1"",""A3"",""D2""]",2026-08-24T21:31:19.942232017Z,true,2026-08-24T21:47:42.370716864Z,01M0TTMWMDPGAHQRDA7BZJ8FEZ,2026-08-24T21:31:19.942232017Z,3,2026-08-24T21:31:19.942232017Z,false,2026-08-24T21:46:53.554589836Z,01M0TTENRE0ZSC234N2S1BW8ZS,2026-08-24T21:46:53.398097824Z,,,48,2026-08-24T21:31:19.942232017Z,12,2026-08-24T21:31:19.942232017Z,training,2026-08-24T21:31:19.942232017Z,0,2026-08-24T21:31:19.942232017Z,4,2026-08-24T21:31:19.942232017Z,/tangrams/20_441.png,2026-08-24T21:47:42.392163076Z,/tangrams/20_441.png,2026-08-24T21:47:39.228336377Z,1787608059009,2026-08-24T21:47:39.235096735Z,1,2026-08-24T21:31:19.942232017Z,2,2026-08-24T21:31:20.735651613Z,true,2026-08-24T21:46:53.341780544Z,"[""/tangrams/66_441.png"",""/tangrams/202_314.png"",""/tangrams/66_24.png"",""/tangrams/20_441.png""]",2026-08-24T21:31:19.942232017Z,/tangrams/66_441.png,2026-08-24T21:31:19.942232017Z,A2,2026-08-24T21:31:19.942232017Z,3,2026-08-24T21:31:19.942232017Z,2,2026-08-24T21:31:19.942232017Z
01M0TTYQASD24ZWCMJG30M98C8,01M0TTMTH8JPTHXWGXYEY1VFR8,2026-08-24T21:31:20.28198247Z,,,,,,,,,,,"[""D1"",""D3"",""A3"",""B4""]",2026-08-24T21:31:20.28198247Z,false,2026-08-24T21:31:20.28198247Z,01M0TTMWMDPGAHQRDA7BZJ8FEZ,2026-08-24T21:31:20.28198247Z,34,2026-08-24T21:31:20.28198247Z,,,,,,,48,2026-08-24T21:31:20.28198247Z,12,2026-08-24T21:31:20.28198247Z,training,2026-08-24T21:31:20.28198247Z,2,2026-08-24T21:31:20.28198247Z,4,2026-08-24T21:31:20.28198247Z,,,,2026-08-24T21:31:20.28198247Z,,,1,2026-08-24T21:31:20.28198247Z,2,2026-08-24T21:31:22.021520445Z,false,2026-08-24T21:31:20.28198247Z,"[""/tangrams/20_314.png"",""/tangrams/20_24.png"",""/tangrams/66_24.png"",""/tangrams/348_464.png""]",2026-08-24T21:31:20.28198247Z,/tangrams/20_24.png,2026-08-24T21:31:20.28198247Z,D3,2026-08-24T21:31:20.28198247Z,10,2026-08-24T21:31:20.28198247Z,33,2026-08-24T21:31:20.28198247Z
01M0TT9KFH3Q5DMBAY9ZVYZ1AG,01M0TSZGJXR0N6DNTNARWRMFQ4,2026-08-24T21:19:48.209948651Z,,,,,,,,,,,"[""B3"",""D1"",""C2"",""A4""]",2026-08-24T21:19:48.209948651Z,false,2026-08-24T21:19:48.209948651Z,01M0TSZGKE32G3R2H2EPQFBQNN,2026-08-24T21:19:48.209948651Z,10,2026-08-24T21:19:48.209948651Z,,,,,,,48,2026-08-24T21:19:48.209948651Z,12,2026-08-24T21:19:48.209948651Z,training,2026-08-24T21:19:48.209948651Z,0,2026-08-24T21:19:48.209948651Z,4,2026-08-24T21:19:48.209948651Z,,,,2026-08-24T21:19:48.209948651Z,,,0,2026-08-24T21:19:48.209948651Z,2,2026-08-24T21:19:48.643138596Z,false,2026-08-24T21:19:48.209948651Z,"[""/tangrams/366_405.png"",""/tangrams/279_244.png"",""/tangrams/422_339.png"",""/tangrams/138_66.png""]",2026-08-24T21:19:48.209948651Z,/tangrams/138_66.png,2026-08-24T21:19:48.209948651Z,A4,2026-08-24T21:19:48.209948651Z,10,2026-08-24T21:19:48.209948651Z,9,2026-08-24T21:19:48.209948651Z
01M0TTEY73B2A5Q44VEBX38R0N,01M0TSZEX52H0PZDJFB4JNEAFW,2026-08-24T21:22:43.044161571Z,"[{""text"":""Flower with the triangles on the right"",""sender"":{""id"":""01M0TT49QHQY8JQV8C5T94HHYZ"",""name"":""Repi"",""avatar"":""https://api.dicebear.com/8.x/rings/svg?seed=Repi""}},{""text"":""GG's friend, we did pretty good. Thank you!"",""sender"":{""id"":""01M0TT9XXJBBQAZ4WANFPESF7T"",""name"":""Minu"",""avatar"":""https://api.dicebear.com/8.x/rings/svg?seed=Minu""}}]",2026-08-24T21:58:08.79719844Z,"[1787608670939,1787608688854]",2026-08-24T21:58:08.855720574Z,,,true,2026-08-24T21:58:17.008165545Z,01M0TT49QHQY8JQV8C5T94HHYZ,2026-08-24T21:57:38.412604054Z,"[""F7"",""F8"",""F3"",""F2""]",2026-08-24T21:22:43.044161571Z,true,2026-08-24T21:58:16.985909785Z,01M0TSZEY44B7XSP574QH2WQPJ,2026-08-24T21:22:43.044161571Z,48,2026-08-24T21:22:43.044161571Z,false,2026-08-24T21:57:38.6966005Z,01M0TT9XXJBBQAZ4WANFPESF7T,2026-08-24T21:57:38.412604054Z,,,48,2026-08-24T21:22:43.044161571Z,12,2026-08-24T21:22:43.044161571Z,training,2026-08-24T21:22:43.044161571Z,3,2026-08-24T21:22:43.044161571Z,4,2026-08-24T21:22:43.044161571Z,/tangrams/290_64.png,2026-08-24T21:58:17.008165545Z,/tangrams/290_64.png,2026-08-24T21:58:13.78392804Z,1787608693460,2026-08-24T21:58:13.793217366Z,0,2026-08-24T21:22:43.044161571Z,2,2026-08-24T21:22:43.987907415Z,true,2026-08-24T21:57:38.301987392Z,"[""/tangrams/411_352.png"",""/tangrams/37_144.png"",""/tangrams/170_154.png"",""/tangrams/290_64.png""]",2026-08-24T21:22:43.044161571Z,/tangrams/290_64.png,2026-08-24T21:22:43.044161571Z,F2,2026-08-24T21:22:43.044161571Z,12,2026-08-24T21:22:43.044161571Z,47,2026-08-24T21:22:43.044161571Z
01M0TVK9FH34M6BJ18Q0Y52MZ6,01M0TTMTH8JPTHXWGXYEY1VFR8,2026-08-24T21:42:34.225234912Z,"[{""text"":""Hello?"",""sender"":{""id"":""01M0TVD4RDDZ2GPYA2W2TBJY2J"",""name"":""Minu"",""avatar"":""https://api.dicebear.com/8.x/rings/svg?seed=Minu""}},{""text"":""its got 2 downward points"",""sender"":{""id"":""01M0TV8YZXT0HY97VC3QNJABKN"",""name"":""Repi"",""avatar"":""https://api.dicebear.com/8.x/rings/svg?seed=Repi""}}]",2026-08-24T21:48:27.151011329Z,"[1787608106382,1787608107162]",2026-08-24T21:48:27.163909691Z,,,true,2026-08-24T21:48:33.696140238Z,01M0TV8YZXT0HY97VC3QNJABKN,2026-08-24T21:47:57.244050141Z,"[""F4"",""F5"",""C3"",""F7""]",2026-08-24T21:42:34.225234912Z,true,2026-08-24T21:48:33.682818046Z,01M0TTMWMG725DJ5GA5M4WD8SY,2026-08-24T21:42:34.225234912Z,2,2026-08-24T21:42:34.225234912Z,false,2026-08-24T21:47:57.398251647Z,01M0TVD4RDDZ2GPYA2W2TBJY2J,2026-08-24T21:47:57.244050141Z,,,48,2026-08-24T21:42:34.225234912Z,12,2026-08-24T21:42:34.225234912Z,training,2026-08-24T21:42:34.225234912Z,0,2026-08-24T21:42:34.225234912Z,4,2026-08-24T21:42:34.225234912Z,/tangrams/157_426.png,2026-08-24T21:48:33.696140238Z,/tangrams/157_426.png,2026-08-24T21:48:30.524616783Z,1787608110403,2026-08-24T21:48:30.517138503Z,1,2026-08-24T21:42:34.225234912Z,2,2026-08-24T21:42:35.029434106Z,true,2026-08-24T21:47:57.200491925Z,"[""/tangrams/40_345.png"",""/tangrams/4_159.png"",""/tangrams/202_24.png"",""/tangrams/157_426.png""]",2026-08-24T21:42:34.225234912Z,/tangrams/157_426.png,2026-08-24T21:42:34.225234912Z,F7,2026-08-24T21:42:34.225234912Z,2,2026-08-24T21:42:34.225234912Z,1,2026-08-24T21:42:34.225234912Z
01M0TTK11TM66PW6SJRQJ0VN9V,01M0TSZEX52H0PZDJFB4JNEAFW,2026-08-24T21:24:57.018365125Z,"[{""text"":""parellogram cutout ontop shape of a house"",""sender"":{""id"":""01M0TT7ZVRQQW92P55GPN9KMMS"",""name"":""Minu"",""avatar"":""https://api.dicebear.com/8.x/rings/svg?seed=Minu""}},{""text"":""lets do these quick"",""sender"":{""id"":""01M0TT7ZVRQQW92P55GPN9KMMS"",""name"":""Minu"",""avatar"":""https://api.dicebear.com/8.x/rings/svg?seed=Minu""}},{""text"":""2 floors or 1"",""sender"":{""id"":""01M0TT7FNH08P86PFHWCV3NRS8"",""name"":""Repi"",""avatar"":""https://api.dicebear.com/8.x/rings/svg?seed=Repi""}},{""text"":""theres a triangle on the bottom"",""sender"":{""id"":""01M0TT7ZVRQQW92P55GPN9KMMS"",""name"":""Minu"",""avatar"":""https://api.dicebear.com/8.x/rings/svg?seed=Minu""}}]",2026-08-24T21:53:53.615110346Z,"[1787608403883,1787608408117,1787608418720,1787608433628]",2026-08-24T21:53:53.630173839Z,,,true,2026-08-24T21:54:03.428792576Z,01M0TT7ZVRQQW92P55GPN9KMMS,2026-08-24T21:53:07.169587729Z,"[""C1"",""C4"",""B1"",""D3""]",2026-08-24T21:24:57.018365125Z,true,2026-08-24T21:54:03.405217394Z,01M0TSZEY54T11A9AMGVA6T4ZB,2026-08-24T21:24:57.018365125Z,15,2026-08-24T21:24:57.018365125Z,false,2026-08-24T21:53:07.436730456Z,01M0TT7FNH08P86PFHWCV3NRS8,2026-08-24T21:53:07.169587729Z,,,48,2026-08-24T21:24:57.018365125Z,12,2026-08-24T21:24:57.018365125Z,training,2026-08-24T21:24:57.018365125Z,1,2026-08-24T21:24:57.018365125Z,4,2026-08-24T21:24:57.018365125Z,/tangrams/422_244.png,2026-08-24T21:54:03.428792576Z,/tangrams/422_244.png,2026-08-24T21:54:00.215871481Z,1787608440337,2026-08-24T21:54:00.207806875Z,0,2026-08-24T21:24:57.018365125Z,2,2026-08-24T21:24:57.520453561Z,true,2026-08-24T21:53:07.111594517Z,"[""/tangrams/422_244.png"",""/tangrams/422_66.png"",""/tangrams/366_244.png"",""/tangrams/279_405.png""]",2026-08-24T21:24:57.018365125Z,/tangrams/422_244.png,2026-08-24T21:24:57.018365125Z,C1,2026-08-24T21:24:57.018365125Z,3,2026-08-24T21:24:57.018365125Z,14,2026-08-24T21:24:57.018365125Z
01M0TTMQRDA4RH9QEFDTP7XF4Z,01M0TSZV7X3D77NKMM5CDCW4Z6,2026-08-24T21:25:53.037784129Z,"[{""text"":""Shape with the most points on the end and 3 mini mountains at the bottom"",""sender"":{""id"":""01M0TT4SREDP4QR1H8V4E3X5G9"",""name"":""Minu"",""avatar"":""https://api.dicebear.com/8.x/rings/svg?seed=Minu""}}]",2026-08-24T21:37:48.075042097Z,[1787607468084],2026-08-24T21:37:48.086432454Z,,,true,2026-08-24T21:37:58.122392883Z,01M0TT4SREDP4QR1H8V4E3X5G9,2026-08-24T21:37:10.712010834Z,"[""D3"",""C1"",""B4"",""A2""]",2026-08-24T21:25:53.037784129Z,true,2026-08-24T21:37:58.110832271Z,01M0TSZV8ERABP36QP2627EVMT,2026-08-24T21:25:53.037784129Z,7,2026-08-24T21:25:53.037784129Z,false,2026-08-24T21:37:10.849567905Z,01M0TT4JP6VSYSTADD58E33WM9,2026-08-24T21:37:10.712010834Z,,,48,2026-08-24T21:25:53.037784129Z,12,2026-08-24T21:25:53.037784129Z,training,2026-08-24T21:25:53.037784129Z,0,2026-08-24T21:25:53.037784129Z,4,2026-08-24T21:25:53.037784129Z,/tangrams/348_464.png,2026-08-24T21:37:58.122392883Z,/tangrams/348_464.png,2026-08-24T21:37:54.956393672Z,1787607473358,2026-08-24T21:37:54.962242995Z,1,2026-08-24T21:25:53.037784129Z,2,2026-08-24T21:25:53.495790783Z,true,2026-08-24T21:37:10.659143061Z,"[""/tangrams/20_24.png"",""/tangrams/202_314.png"",""/tangrams/348_464.png"",""/tangrams/66_441.png""]",2026-08-24T21:25:53.037784129Z,/tangrams/348_464.png,2026-08-24T21:25:53.037784129Z,B4,2026-08-24T21:25:53.037784129Z,7,2026-08-24T21:25:53.037784129Z,6,2026-08-24T21:25:53.037784129Z
01M0TTKDAFMZ7E3HV6T635ST7C,01M0TSZGJXR0N6DNTNARWRMFQ4,2026-08-24T21:25:09.58394541Z,,,,,,,,,,,"[""A2"",""D1"",""D3"",""B3""]",2026-08-24T21:25:09.58394541Z,false,2026-08-24T21:25:09.58394541Z,01M0TSZGKM72FFW193EYG47F25,2026-08-24T21:25:09.58394541Z,17,2026-08-24T21:25:09.58394541Z,,,,,,,48,2026-08-24T21:25:09.58394541Z,12,2026-08-24T21:25:09.58394541Z,training,2026-08-24T21:25:09.58394541Z,1,2026-08-24T21:25:09.58394541Z,4,2026-08-24T21:25:09.58394541Z,,,,2026-08-24T21:25:09.58394541Z,,,0,2026-08-24T21:25:09.58394541Z,2,2026-08-24T21:25:10.145552106Z,false,2026-08-24T21:25:09.58394541Z,"[""/tangrams/138_339.png"",""/tangrams/279_244.png"",""/tangrams/279_405.png"",""/tangrams/366_405.png""]",2026-08-24T21:25:09.58394541Z,/tangrams/279_405.png,2026-08-24T21:25:09.58394541Z,D3,2026-08-24T21:25:09.58394541Z,5,2026-08-24T21:25:09.58394541Z,16,2026-08-24T21:25:09.58394541Z
01M0TTKDF0FWNK6N0W27RKEF6F,01M0TSZGJXR0N6DNTNARWRMFQ4,2026-08-24T21:25:09.728540406Z,,,,,,,,,,,"[""D3"",""B1"",""A3"",""A4""]",2026-08-24T21:25:09.728540406Z,false,2026-08-24T21:25:09.728540406Z,01M0TSZGKM72FFW193EYG47F25,2026-08-24T21:25:09.728540406Z,38,2026-08-24T21:25:09.728540406Z,,,,,,,48,2026-08-24T21:25:09.728540406Z,12,2026-08-24T21:25:09.728540406Z,training,2026-08-24T21:25:09.728540406Z,3,2026-08-24T21:25:09.728540406Z,4,2026-08-24T21:25:09.728540406Z,,,,2026-08-24T21:25:09.728540406Z,,,0,2026-08-24T21:25:09.728540406Z,2,2026-08-24T21:25:10.509131669Z,false,2026-08-24T21:25:09.728540406Z,"[""/tangrams/279_405.png"",""/tangrams/366_244.png"",""/tangrams/138_405.png"",""/tangrams/138_66.png""]",2026-08-24T21:25:09.728540406Z,/tangrams/138_405.png,2026-08-24T21:25:09.728540406Z,A3,2026-08-24T21:25:09.728540406Z,2,2026-08-24T21:25:09.728540406Z,37,2026-08-24T21:25:09.728540406Z
01M0TTKN1AESZD141F0C3NDB62,01M0TSZEX52H0PZDJFB4JNEAFW,2026-08-24T21:25:17.482904802Z,"[{""text"":""CRAB PINCERS AT TOP, SORT OF AN \""N\"" BELOW"",""sender"":{""id"":""01M0TT55D1DRDQ3JPT1CDTT5VN"",""name"":""Repi"",""avatar"":""https://api.dicebear.com/8.x/rings/svg?seed=Repi""}}]",2026-08-24T21:49:20.207234407Z,[1787608160219],2026-08-24T21:49:20.220797562Z,,,false,2026-08-24T21:49:25.405457333Z,01M0TT55D1DRDQ3JPT1CDTT5VN,2026-08-24T21:48:22.098811829Z,"[""A3"",""D2"",""C1"",""B4""]",2026-08-24T21:25:17.482904802Z,true,2026-08-24T21:49:25.358584165Z,01M0TSZEY173D8F3KEP071GR06,2026-08-24T21:25:17.482904802Z,34,2026-08-24T21:25:17.482904802Z,false,2026-08-24T21:48:22.227870484Z,01M0TTF3ADJ36CYQBD8356XFNQ,2026-08-24T21:48:22.098811829Z,,,48,2026-08-24T21:25:17.482904802Z,12,2026-08-24T21:25:17.482904802Z,training,2026-08-24T21:25:17.482904802Z,2,2026-08-24T21:25:17.482904802Z,4,2026-08-24T21:25:17.482904802Z,,2026-08-24T21:49:25.405457333Z,,2026-08-24T21:25:17.482904802Z,,,0,2026-08-24T21:25:17.482904802Z,2,2026-08-24T21:25:18.247572217Z,true,2026-08-24T21:48:22.03489714Z,"[""/tangrams/138_405.png"",""/tangrams/279_339.png"",""/tangrams/422_244.png"",""/tangrams/366_66.png""]",2026-08-24T21:25:17.482904802Z,/tangrams/279_339.png,2026-08-24T21:25:17.482904802Z,D2,2026-08-24T21:25:17.482904802Z,10,2026-08-24T21:25:17.482904802Z,33,2026-08-24T21:25:17.482904802Z
01M0TTMQQ1B1RKA3APPBJM0A6X,01M0TSZV7X3D77NKMM5CDCW4Z6,2026-08-24T21:25:52.99317746Z,"[{""text"":""top and bottom"",""sender"":{""id"":""01M0TT4JP6VSYSTADD58E33WM9"",""name"":""Repi"",""avatar"":""https://api.dicebear.com/8.x/rings/svg?seed=Repi""}}]",2026-08-24T21:50:47.568803477Z,[1787608247581],2026-08-24T21:50:47.583356556Z,,,true,2026-08-24T21:51:01.006941249Z,01M0TT4JP6VSYSTADD58E33WM9,2026-08-24T21:50:37.35715098Z,"[""D3"",""B1"",""A2"",""C4""]",2026-08-24T21:25:52.99317746Z,true,2026-08-24T21:51:00.982356942Z,01M0TSZV8ERABP36QP2627EVMT,2026-08-24T21:25:52.99317746Z,34,2026-08-24T21:25:52.99317746Z,false,2026-08-24T21:50:37.581223131Z,01M0TT4SREDP4QR1H8V4E3X5G9,2026-08-24T21:50:37.35715098Z,,,48,2026-08-24T21:25:52.99317746Z,12,2026-08-24T21:25:52.99317746Z,training,2026-08-24T21:25:52.99317746Z,2,2026-08-24T21:25:52.99317746Z,4,2026-08-24T21:25:52.99317746Z,/tangrams/202_464.png,2026-08-24T21:51:01.006941249Z,/tangrams/202_464.png,2026-08-24T21:50:57.844822528Z,1787608256885,2026-08-24T21:50:57.821867455Z,1,2026-08-24T21:25:52.99317746Z,2,2026-08-24T21:25:54.089742165Z,true,2026-08-24T21:50:37.296730613Z,"[""/tangrams/20_24.png"",""/tangrams/348_314.png"",""/tangrams/66_441.png"",""/tangrams/202_464.png""]",2026-08-24T21:25:52.99317746Z,/tangrams/202_464.png,2026-08-24T21:25:52.99317746Z,C4,2026-08-24T21:25:52.99317746Z,10,2026-08-24T21:25:52.99317746Z,33,2026-08-24T21:25:52.99317746Z
01M0TTNRE5YEFVYMGC1X92X7SA,01M0TSZGJXR0N6DNTNARWRMFQ4,2026-08-24T21:26:26.50159586Z,,,,,,,,,,,"[""C3"",""A1"",""F4"",""F6""]",2026-08-24T21:26:26.50159586Z,false,2026-08-24T21:26:26.50159586Z,01M0TSZGKJQW5S4GCP9150DNN9,2026-08-24T21:26:26.50159586Z,45,2026-08-24T21:26:26.50159586Z,,,,,,,48,2026-08-24T21:26:26.50159586Z,12,2026-08-24T21:26:26.50159586Z,training,2026-08-24T21:26:26.50159586Z,3,2026-08-24T21:26:26.50159586Z,4,2026-08-24T21:26:26.50159586Z,,,,2026-08-24T21:26:26.50159586Z,,,1,2026-08-24T21:26:26.50159586Z,2,2026-08-24T21:26:27.76615935Z,false,2026-08-24T21:26:26.50159586Z,"[""/tangrams/202_24.png"",""/tangrams/66_314.png"",""/tangrams/40_345.png"",""/tangrams/98_302.png""]",2026-08-24T21:26:26.50159586Z,/tangrams/202_24.png,2026-08-24T21:26:26.50159586Z,C3,2026-08-24T21:26:26.50159586Z,9,2026-08-24T21:26:26.50159586Z,44,2026-08-24T21:26:26.50159586Z
01M0TTTPSZMCAD172F8PMHTVB8,01M0TSZV7X3D77NKMM5CDCW4Z6,2026-08-24T21:29:08.671281321Z,"[{""text"":""birdlike head /beak with a protruding partial triangle poking out of the head"",""sender"":{""id"":""01M0TT467Q69C5HQ20GW6FRRF2"",""name"":""Repi"",""avatar"":""https://api.dicebear.com/8.x/rings/svg?seed=Repi""}}]",2026-08-24T21:57:57.28740231Z,[1787608677302],2026-08-24T21:57:57.303471312Z,,,true,2026-08-24T21:58:11.912001928Z,01M0TT467Q69C5HQ20GW6FRRF2,2026-08-24T21:57:21.830739324Z,"[""D1"",""C1"",""B4"",""C2""]",2026-08-24T21:29:08.671281321Z,true,2026-08-24T21:58:11.88779757Z,01M0TSZV8KEDQHAT4X33M1GG1C,2026-08-24T21:29:08.671281321Z,22,2026-08-24T21:29:08.671281321Z,false,2026-08-24T21:57:22.034713922Z,01M0TTBQPRE9XMJHBPDKM8GTC4,2026-08-24T21:57:21.830739324Z,,,48,2026-08-24T21:29:08.671281321Z,12,2026-08-24T21:29:08.671281321Z,training,2026-08-24T21:29:08.671281321Z,1,2026-08-24T21:29:08.671281321Z,4,2026-08-24T21:29:08.671281321Z,/tangrams/202_314.png,2026-08-24T21:58:11.912001928Z,/tangrams/202_314.png,2026-08-24T21:58:08.690481813Z,1787608686949,2026-08-24T21:58:08.681452136Z,1,2026-08-24T21:29:08.671281321Z,2,2026-08-24T21:29:09.53230553Z,true,2026-08-24T21:57:21.767715919Z,"[""/tangrams/20_314.png"",""/tangrams/202_314.png"",""/tangrams/348_464.png"",""/tangrams/202_441.png""]",2026-08-24T21:29:08.671281321Z,/tangrams/202_314.png,2026-08-24T21:29:08.671281321Z,C1,2026-08-24T21:29:08.671281321Z,10,2026-08-24T21:29:08.671281321Z,21,2026-08-24T21:29:08.671281321Z
01M0TTA58PCC23T1D0BERXGKP4,01M0TSZV7X3D77NKMM5CDCW4Z6,2026-08-24T21:20:06.422678375Z,"[{""text"":""White rectangle cutout in the middle"",""sender"":{""id"":""01M0TT4SZRTK7MV5T48R9G1GQH"",""name"":""Minu"",""avatar"":""https://api.dicebear.com/8.x/rings/svg?seed=Minu""}}]",2026-08-24T21:44:31.649916176Z,[1787607871661],2026-08-24T21:44:31.662866265Z,,,true,2026-08-24T21:44:44.484114807Z,01M0TT4SZRTK7MV5T48R9G1GQH,2026-08-24T21:44:21.787177803Z,"[""F8"",""F1"",""F7"",""F6""]",2026-08-24T21:20:06.422678375Z,true,2026-08-24T21:44:44.467930924Z,01M0TSZV8KEDQHAT4X3FNKVS2B,2026-08-24T21:20:06.422678375Z,37,2026-08-24T21:20:06.422678375Z,false,2026-08-24T21:44:21.940735052Z,01M0TT3ZTTV22XQGZD0K61T6A4,2026-08-24T21:44:21.787177803Z,,,48,2026-08-24T21:20:06.422678375Z,12,2026-08-24T21:20:06.422678375Z,training,2026-08-24T21:20:06.422678375Z,3,2026-08-24T21:20:06.422678375Z,4,2026-08-24T21:20:06.422678375Z,/tangrams/37_144.png,2026-08-24T21:44:44.484114807Z,/tangrams/37_144.png,2026-08-24T21:44:41.236027807Z,1787607881134,2026-08-24T21:44:41.222623945Z,0,2026-08-24T21:20:06.422678375Z,2,2026-08-24T21:20:07.318473802Z,true,2026-08-24T21:44:21.733123059Z,"[""/tangrams/37_144.png"",""/tangrams/119_182.png"",""/tangrams/411_352.png"",""/tangrams/134_125.png""]",2026-08-24T21:20:06.422678375Z,/tangrams/37_144.png,2026-08-24T21:20:06.422678375Z,F8,2026-08-24T21:20:06.422678375Z,1,2026-08-24T21:20:06.422678375Z,36,2026-08-24T21:20:06.422678375Z
01M0TTEY5Y7FR1T7RMNRQVVH44,01M0TSZEX52H0PZDJFB4JNEAFW,2026-08-24T21:22:43.006780869Z,"[{""text"":""Diamond on top of British flag"",""sender"":{""id"":""01M0TT9XXJBBQAZ4WANFPESF7T"",""name"":""Minu"",""avatar"":""https://api.dicebear.com/8.x/rings/svg?seed=Minu""}}]",2026-08-24T21:55:26.481221854Z,[1787608526495],2026-08-24T21:55:26.497292615Z,,,true,2026-08-24T21:55:33.14953899Z,01M0TT9XXJBBQAZ4WANFPESF7T,2026-08-24T21:55:03.443356782Z,"[""F2"",""F1"",""B2"",""F6""]",2026-08-24T21:22:43.006780869Z,true,2026-08-24T21:55:33.125068473Z,01M0TSZEY44B7XSP574QH2WQPJ,2026-08-24T21:22:43.006780869Z,43,2026-08-24T21:22:43.006780869Z,false,2026-08-24T21:55:03.654034866Z,01M0TT49QHQY8JQV8C5T94HHYZ,2026-08-24T21:55:03.443356782Z,,,48,2026-08-24T21:22:43.006780869Z,12,2026-08-24T21:22:43.006780869Z,training,2026-08-24T21:22:43.006780869Z,3,2026-08-24T21:22:43.006780869Z,4,2026-08-24T21:22:43.006780869Z,/tangrams/134_125.png,2026-08-24T21:55:33.14953899Z,/tangrams/134_125.png,2026-08-24T21:55:29.95317832Z,1787608529860,2026-08-24T21:55:29.944219701Z,0,2026-08-24T21:22:43.006780869Z,2,2026-08-24T21:22:43.867984066Z,true,2026-08-24T21:55:03.376361276Z,"[""/tangrams/290_64.png"",""/tangrams/119_182.png"",""/tangrams/366_339.png"",""/tangrams/134_125.png""]",2026-08-24T21:22:43.006780869Z,/tangrams/134_125.png,2026-08-24T21:22:43.006780869Z,F6,2026-08-24T21:22:43.006780869Z,7,2026-08-24T21:22:43.006780869Z,42,2026-08-24T21:22:43.006780869Z
01M0TTK1993QHGATXJ96WFHF0H,01M0TSZEX52H0PZDJFB4JNEAFW,2026-08-24T21:24:57.257927122Z,"[{""text"":""parellogram top triangle bottom"",""sender"":{""id"":""01M0TT7ZVRQQW92P55GPN9KMMS"",""name"":""Minu"",""avatar"":""https://api.dicebear.com/8.x/rings/svg?seed=Minu""}}]",2026-08-24T22:08:30.558652236Z,[1787609310574],2026-08-24T22:08:30.576392818Z,,,true,2026-08-24T22:08:43.892757242Z,01M0TT7ZVRQQW92P55GPN9KMMS,2026-08-24T22:08:16.83660397Z,"[""A2"",""D3"",""C4"",""C2""]",2026-08-24T21:24:57.257927122Z,true,2026-08-24T22:08:43.871355586Z,01M0TSZEY54T11A9AMGVA6T4ZB,2026-08-24T21:24:57.257927122Z,37,2026-08-24T21:24:57.257927122Z,false,2026-08-24T22:08:17.025919053Z,01M0TT7FNH08P86PFHWCV3NRS8,2026-08-24T22:08:16.83660397Z,,,48,2026-08-24T21:24:57.257927122Z,12,2026-08-24T21:24:57.257927122Z,training,2026-08-24T21:24:57.257927122Z,3,2026-08-24T21:24:57.257927122Z,4,2026-08-24T21:24:57.257927122Z,/tangrams/422_339.png,2026-08-24T22:08:43.892757242Z,/tangrams/422_339.png,2026-08-24T22:08:40.645522911Z,1787609320778,2026-08-24T22:08:40.665565786Z,0,2026-08-24T21:24:57.257927122Z,2,2026-08-24T21:24:57.919953777Z,true,2026-08-24T22:08:16.772741515Z,"[""/tangrams/138_339.png"",""/tangrams/279_405.png"",""/tangrams/422_66.png"",""/tangrams/422_339.png""]",2026-08-24T21:24:57.257927122Z,/tangrams/422_339.png,2026-08-24T21:24:57.257927122Z,C2,2026-08-24T21:24:57.257927122Z,1,2026-08-24T21:24:57.257927122Z,36,2026-08-24T21:24:57.257927122Z
01M0TTKN3HBAY46JTB2H13W23W,01M0TSZEX52H0PZDJFB4JNEAFW,2026-08-24T21:25:17.553817123Z,"[{""text"":""diamond and triangle below"",""sender"":{""id"":""01M0TTF3ADJ36CYQBD8356XFNQ"",""name"":""Minu"",""avatar"":""https://api.dicebear.com/8.x/rings/svg?seed=Minu""}},{""text"":""WE BOSSING THIS, U ARE TOP PERSON. 2 SECS FOR  DESCRIPTION"",""sender"":{""id"":""01M0TT55D1DRDQ3JPT1CDTT5VN"",""name"":""Repi"",""avatar"":""https://api.dicebear.com/8.x/rings/svg?seed=Repi""}}]",2026-08-24T21:53:00.047496152Z,"[1787608351543,1787608380060]",2026-08-24T21:53:00.062510882Z,,,false,2026-08-24T21:53:06.405894806Z,01M0TTF3ADJ36CYQBD8356XFNQ,2026-08-24T21:52:22.195168869Z,"[""B4"",""A2"",""D3"",""C1""]",2026-08-24T21:25:17.553817123Z,true,2026-08-24T21:53:06.390509491Z,01M0TSZEY173D8F3KEP071GR06,2026-08-24T21:25:17.553817123Z,43,2026-08-24T21:25:17.553817123Z,false,2026-08-24T21:52:22.387117638Z,01M0TT55D1DRDQ3JPT1CDTT5VN,2026-08-24T21:52:22.195168869Z,,,48,2026-08-24T21:25:17.553817123Z,12,2026-08-24T21:25:17.553817123Z,training,2026-08-24T21:25:17.553817123Z,3,2026-08-24T21:25:17.553817123Z,4,2026-08-24T21:25:17.553817123Z,/tangrams/279_405.png,2026-08-24T21:53:06.405894806Z,/tangrams/279_405.png,2026-08-24T21:53:03.188102034Z,1787608382878,2026-08-24T21:53:03.178848617Z,0,2026-08-24T21:25:17.553817123Z,2,2026-08-24T21:25:18.419793609Z,true,2026-08-24T21:52:22.144477544Z,"[""/tangrams/366_66.png"",""/tangrams/138_339.png"",""/tangrams/279_405.png"",""/tangrams/422_244.png""]",2026-08-24T21:25:17.553817123Z,/tangrams/422_244.png,2026-08-24T21:25:17.553817123Z,C1,2026-08-24T21:25:17.553817123Z,7,2026-08-24T21:25:17.553817123Z,42,2026-08-24T21:25:17.553817123Z
01M0TTMQQES8QVRTC1RZTBNDKD,01M0TSZV7X3D77NKMM5CDCW4Z6,2026-08-24T21:25:53.007014964Z,"[{""text"":""triangle bottom left"",""sender"":{""id"":""01M0TT4SREDP4QR1H8V4E3X5G9"",""name"":""Minu"",""avatar"":""https://api.dicebear.com/8.x/rings/svg?seed=Minu""}}]",2026-08-24T21:52:34.391066155Z,[1787608354404],2026-08-24T21:52:34.406345351Z,,,true,2026-08-24T21:52:40.848304039Z,01M0TT4SREDP4QR1H8V4E3X5G9,2026-08-24T21:52:27.927752744Z,"[""D3"",""B1"",""A4"",""C2""]",2026-08-24T21:25:53.007014964Z,true,2026-08-24T21:52:40.830484211Z,01M0TSZV8ERABP36QP2627EVMT,2026-08-24T21:25:53.007014964Z,39,2026-08-24T21:25:53.007014964Z,false,2026-08-24T21:52:28.078442844Z,01M0TT4JP6VSYSTADD58E33WM9,2026-08-24T21:52:27.927752744Z,,,48,2026-08-24T21:25:53.007014964Z,12,2026-08-24T21:25:53.007014964Z,training,2026-08-24T21:25:53.007014964Z,3,2026-08-24T21:25:53.007014964Z,4,2026-08-24T21:25:53.007014964Z,/tangrams/202_441.png,2026-08-24T21:52:40.848304039Z,/tangrams/202_441.png,2026-08-24T21:52:37.660277814Z,1787608356086,2026-08-24T21:52:37.652140189Z,1,2026-08-24T21:25:53.007014964Z,2,2026-08-24T21:25:54.18081815Z,true,2026-08-24T21:52:27.871210598Z,"[""/tangrams/20_24.png"",""/tangrams/348_314.png"",""/tangrams/66_464.png"",""/tangrams/202_441.png""]",2026-08-24T21:25:53.007014964Z,/tangrams/202_441.png,2026-08-24T21:25:53.007014964Z,C2,2026-08-24T21:25:53.007014964Z,3,2026-08-24T21:25:53.007014964Z,38,2026-08-24T21:25:53.007014964Z
01M0TVK9MB4B5WVD36Z2PPVP4S,01M0TTMTH8JPTHXWGXYEY1VFR8,2026-08-24T21:42:34.379319563Z,"[{""text"":""the cross one"",""sender"":{""id"":""01M0TV8YZXT0HY97VC3QNJABKN"",""name"":""Repi"",""avatar"":""https://api.dicebear.com/8.x/rings/svg?seed=Repi""}}]",2026-08-24T21:53:53.877492561Z,[1787608433890],2026-08-24T21:53:53.892571809Z,,,true,2026-08-24T21:53:59.942924562Z,01M0TV8YZXT0HY97VC3QNJABKN,2026-08-24T21:53:46.061227849Z,"[""F2"",""F7"",""C3"",""F5""]",2026-08-24T21:42:34.379319563Z,true,2026-08-24T21:53:59.926588361Z,01M0TTMWMG725DJ5GA5M4WD8SY,2026-08-24T21:42:34.379319563Z,18,2026-08-24T21:42:34.379319563Z,false,2026-08-24T21:53:46.221082867Z,01M0TVD4RDDZ2GPYA2W2TBJY2J,2026-08-24T21:53:46.061227849Z,,,48,2026-08-24T21:42:34.379319563Z,12,2026-08-24T21:42:34.379319563Z,training,2026-08-24T21:42:34.379319563Z,1,2026-08-24T21:42:34.379319563Z,4,2026-08-24T21:42:34.379319563Z,/tangrams/4_159.png,2026-08-24T21:53:59.942924562Z,/tangrams/4_159.png,2026-08-24T21:53:56.751208269Z,1787608436678,2026-08-24T21:53:56.759821986Z,1,2026-08-24T21:42:34.379319563Z,2,2026-08-24T21:42:35.522948289Z,true,2026-08-24T21:53:45.995484931Z,"[""/tangrams/429_403.png"",""/tangrams/157_426.png"",""/tangrams/202_24.png"",""/tangrams/4_159.png""]",2026-08-24T21:42:34.379319563Z,/tangrams/4_159.png,2026-08-24T21:42:34.379319563Z,F5,2026-08-24T21:42:34.379319563Z,6,2026-08-24T21:42:34.379319563Z,17,2026-08-24T21:42:34.379319563Z
01M0TT9KH2BQHJN93VXRBNA385,01M0TSZGJXR0N6DNTNARWRMFQ4,2026-08-24T21:19:48.271733267Z,,,,,,,,,,,"[""A3"",""C2"",""B4"",""D1""]",2026-08-24T21:19:48.271733267Z,false,2026-08-24T21:19:48.271733267Z,01M0TSZGKE32G3R2H2EPQFBQNN,2026-08-24T21:19:48.271733267Z,15,2026-08-24T21:19:48.271733267Z,,,,,,,48,2026-08-24T21:19:48.271733267Z,12,2026-08-24T21:19:48.271733267Z,training,2026-08-24T21:19:48.271733267Z,1,2026-08-24T21:19:48.271733267Z,4,2026-08-24T21:19:48.271733267Z,,,,2026-08-24T21:19:48.271733267Z,,,0,2026-08-24T21:19:48.271733267Z,2,2026-08-24T21:19:48.747508658Z,false,2026-08-24T21:19:48.271733267Z,"[""/tangrams/138_405.png"",""/tangrams/422_339.png"",""/tangrams/366_66.png"",""/tangrams/279_244.png""]",2026-08-24T21:19:48.271733267Z,/tangrams/279_244.png,2026-08-24T21:19:48.271733267Z,D1,2026-08-24T21:19:48.271733267Z,3,2026-08-24T21:19:48.271733267Z,14,2026-08-24T21:19:48.271733267Z
01M0TTEY39XDBHVH4HDJGN70C0,01M0TSZEX52H0PZDJFB4JNEAFW,2026-08-24T21:22:42.921230273Z,"[{""text"":""The one with the rectangle on the bottom and slanted top to the left"",""sender"":{""id"":""01M0TT49QHQY8JQV8C5T94HHYZ"",""name"":""Repi"",""avatar"":""https://api.dicebear.com/8.x/rings/svg?seed=Repi""}}]",2026-08-24T21:37:52.317077268Z,[1787607472326],2026-08-24T21:37:52.32748747Z,,,false,2026-08-24T21:38:02.573698385Z,01M0TT49QHQY8JQV8C5T94HHYZ,2026-08-24T21:37:22.396344079Z,"[""F8"",""F3"",""D4"",""F4""]",2026-08-24T21:22:42.921230273Z,true,2026-08-24T21:38:02.563127931Z,01M0TSZEY44B7XSP574QH2WQPJ,2026-08-24T21:22:42.921230273Z,14,2026-08-24T21:22:42.921230273Z,false,2026-08-24T21:37:22.563967101Z,01M0TT9XXJBBQAZ4WANFPESF7T,2026-08-24T21:37:22.396344079Z,,,48,2026-08-24T21:22:42.921230273Z,12,2026-08-24T21:22:42.921230273Z,training,2026-08-24T21:22:42.921230273Z,1,2026-08-24T21:22:42.921230273Z,4,2026-08-24T21:22:42.921230273Z,/tangrams/434_227.png,2026-08-24T21:38:02.573698385Z,/tangrams/434_227.png,2026-08-24T21:37:59.44042071Z,1787607479124,2026-08-24T21:37:59.434557265Z,0,2026-08-24T21:22:42.921230273Z,2,2026-08-24T21:22:43.393777622Z,true,2026-08-24T21:37:22.350401778Z,"[""/tangrams/37_144.png"",""/tangrams/170_154.png"",""/tangrams/279_66.png"",""/tangrams/434_227.png""]",2026-08-24T21:22:42.921230273Z,/tangrams/37_144.png,2026-08-24T21:22:42.921230273Z,F8,2026-08-24T21:22:42.921230273Z,2,2026-08-24T21:22:42.921230273Z,13,2026-08-24T21:22:42.921230273Z
01M0TTKMV9J0KHMC7F86HQHAPF,01M0TSZEX52H0PZDJFB4JNEAFW,2026-08-24T21:25:17.289124808Z,"[{""text"":""UPWARD POINTING TRIANGLE ON TOP"",""sender"":{""id"":""01M0TT55D1DRDQ3JPT1CDTT5VN"",""name"":""Repi"",""avatar"":""https://api.dicebear.com/8.x/rings/svg?seed=Repi""}}]",2026-08-24T21:40:30.149585376Z,[1787607630158],2026-08-24T21:40:30.160394041Z,,,true,2026-08-24T21:40:36.410510392Z,01M0TT55D1DRDQ3JPT1CDTT5VN,2026-08-24T21:40:12.274800372Z,"[""A2"",""C4"",""B3"",""D1""]",2026-08-24T21:25:17.289124808Z,true,2026-08-24T21:40:36.39069439Z,01M0TSZEY173D8F3KEP071GR06,2026-08-24T21:25:17.289124808Z,14,2026-08-24T21:25:17.289124808Z,false,2026-08-24T21:40:12.39583409Z,01M0TTF3ADJ36CYQBD8356XFNQ,2026-08-24T21:40:12.274800372Z,,,48,2026-08-24T21:25:17.289124808Z,12,2026-08-24T21:25:17.289124808Z,training,2026-08-24T21:25:17.289124808Z,1,2026-08-24T21:25:17.289124808Z,4,2026-08-24T21:25:17.289124808Z,/tangrams/366_405.png,2026-08-24T21:40:36.410510392Z,/tangrams/366_405.png,2026-08-24T21:40:33.151424814Z,1787607632767,2026-08-24T21:40:33.145978865Z,0,2026-08-24T21:25:17.289124808Z,2,2026-08-24T21:25:17.861526537Z,true,2026-08-24T21:40:12.222517935Z,"[""/tangrams/138_339.png"",""/tangrams/422_66.png"",""/tangrams/366_405.png"",""/tangrams/279_244.png""]",2026-08-24T21:25:17.289124808Z,/tangrams/366_405.png,2026-08-24T21:25:17.289124808Z,B3,2026-08-24T21:25:17.289124808Z,2,2026-08-24T21:25:17.289124808Z,13,2026-08-24T21:25:17.289124808Z
01M0TTYQ1G7Z6X6EGXEN1X2SJZ,01M0TTMTH8JPTHXWGXYEY1VFR8,2026-08-24T21:31:19.984250045Z,"[{""text"":""?"",""sender"":{""id"":""01M0TTJT0T1FXWVGTP027BYENQ"",""name"":""Minu"",""avatar"":""https://api.dicebear.com/8.x/rings/svg?seed=Minu""}},{""text"":""triangle on left low corner"",""sender"":{""id"":""01M0TTENRE0ZSC234N2S1BW8ZS"",""name"":""Repi"",""avatar"":""https://api.dicebear.com/8.x/rings/svg?seed=Repi""}},{""text"":""with one leg shape"",""sender"":{""id"":""01M0TTENRE0ZSC234N2S1BW8ZS"",""name"":""Repi"",""avatar"":""https://api.dicebear.com/8.x/rings/svg?seed=Repi""}},{""text"":""on right side"",""sender"":{""id"":""01M0TTENRE0ZSC234N2S1BW8ZS"",""name"":""Repi"",""avatar"":""https://api.dicebear.com/8.x/rings/svg?seed=Repi""}},{""text"":""ok"",""sender"":{""id"":""01M0TTJT0T1FXWVGTP027BYENQ"",""name"":""Minu"",""avatar"":""https://api.dicebear.com/8.x/rings/svg?seed=Minu""}},{""text"":""two strikes  on centre"",""sender"":{""id"":""01M0TTENRE0ZSC234N2S1BW8ZS"",""name"":""Repi"",""avatar"":""https://api.dicebear.com/8.x/rings/svg?seed=Repi""}}]",2026-08-24T21:51:53.27957856Z,"[1787608280384,1787608293471,1787608299507,1787608304145,1787608313186,1787608313292]",2026-08-24T21:51:53.293604346Z,,,false,2026-08-24T21:52:15.95980583Z,01M0TTENRE0ZSC234N2S1BW8ZS,2026-08-24T21:51:12.724986984Z,"[""A2"",""C2"",""C4"",""D3""]",2026-08-24T21:31:19.984250045Z,true,2026-08-24T21:52:15.93504966Z,01M0TTMWMDPGAHQRDA7BZJ8FEZ,2026-08-24T21:31:19.984250045Z,8,2026-08-24T21:31:19.984250045Z,false,2026-08-24T21:51:12.85570854Z,01M0TTJT0T1FXWVGTP027BYENQ,2026-08-24T21:51:12.724986984Z,,,48,2026-08-24T21:31:19.984250045Z,12,2026-08-24T21:31:19.984250045Z,training,2026-08-24T21:31:19.984250045Z,0,2026-08-24T21:31:19.984250045Z,4,2026-08-24T21:31:19.984250045Z,,2026-08-24T21:52:15.95980583Z,,2026-08-24T21:31:19.984250045Z,,,1,2026-08-24T21:31:19.984250045Z,2,2026-08-24T21:31:20.933706758Z,true,2026-08-24T21:51:12.642036156Z,"[""/tangrams/66_441.png"",""/tangrams/202_441.png"",""/tangrams/202_464.png"",""/tangrams/20_24.png""]",2026-08-24T21:31:19.984250045Z,/tangrams/202_441.png,2026-08-24T21:31:19.984250045Z,C2,2026-08-24T21:31:19.984250045Z,8,2026-08-24T21:31:19.984250045Z,7,2026-08-24T21:31:19.984250045Z
01M0TTKDE4DW9P1D621WPCKCQM,01M0TSZGJXR0N6DNTNARWRMFQ4,2026-08-24T21:25:09.700120528Z,,,,,,,,,,,"[""D1"",""A3"",""D3"",""C4""]",2026-08-24T21:25:09.700120528Z,false,2026-08-24T21:25:09.700120528Z,01M0TSZGKM72FFW193EYG47F25,2026-08-24T21:25:09.700120528Z,26,2026-08-24T21:25:09.700120528Z,,,,,,,48,2026-08-24T21:25:09.700120528Z,12,2026-08-24T21:25:09.700120528Z,training,2026-08-24T21:25:09.700120528Z,2,2026-08-24T21:25:09.700120528Z,4,2026-08-24T21:25:09.700120528Z,,,,2026-08-24T21:25:09.700120528Z,,,0,2026-08-24T21:25:09.700120528Z,2,2026-08-24T21:25:10.303290113Z,false,2026-08-24T21:25:09.700120528Z,"[""/tangrams/279_244.png"",""/tangrams/138_405.png"",""/tangrams/279_405.png"",""/tangrams/422_66.png""]",2026-08-24T21:25:09.700120528Z,/tangrams/279_405.png,2026-08-24T21:25:09.700120528Z,D3,2026-08-24T21:25:09.700120528Z,2,2026-08-24T21:25:09.700120528Z,25,2026-08-24T21:25:09.700120528Z
01M0TTKMT9HASW94ZQQMFY4VD8,01M0TSZEX52H0PZDJFB4JNEAFW,2026-08-24T21:25:17.257225264Z,"[{""text"":""white triangle below"",""sender"":{""id"":""01M0TTF3ADJ36CYQBD8356XFNQ"",""name"":""Minu"",""avatar"":""https://api.dicebear.com/8.x/rings/svg?seed=Minu""}}]",2026-08-24T21:38:11.237084883Z,[1787607491246],2026-08-24T21:38:11.249437005Z,,,true,2026-08-24T21:38:22.488961208Z,01M0TTF3ADJ36CYQBD8356XFNQ,2026-08-24T21:37:58.374458314Z,"[""D2"",""C1"",""B3"",""A4""]",2026-08-24T21:25:17.257225264Z,true,2026-08-24T21:38:22.470489751Z,01M0TSZEY173D8F3KEP071GR06,2026-08-24T21:25:17.257225264Z,9,2026-08-24T21:25:17.257225264Z,false,2026-08-24T21:37:58.49162234Z,01M0TT55D1DRDQ3JPT1CDTT5VN,2026-08-24T21:37:58.374458314Z,,,48,2026-08-24T21:25:17.257225264Z,12,2026-08-24T21:25:17.257225264Z,training,2026-08-24T21:25:17.257225264Z,0,2026-08-24T21:25:17.257225264Z,4,2026-08-24T21:25:17.257225264Z,/tangrams/279_339.png,2026-08-24T21:38:22.488961208Z,/tangrams/279_339.png,2026-08-24T21:38:19.33863361Z,1787607499068,2026-08-24T21:38:19.332723759Z,0,2026-08-24T21:25:17.257225264Z,2,2026-08-24T21:25:17.772325057Z,true,2026-08-24T21:37:58.320196005Z,"[""/tangrams/279_339.png"",""/tangrams/422_244.png"",""/tangrams/366_405.png"",""/tangrams/138_66.png""]",2026-08-24T21:25:17.257225264Z,/tangrams/279_339.png,2026-08-24T21:25:17.257225264Z,D2,2026-08-24T21:25:17.257225264Z,9,2026-08-24T21:25:17.257225264Z,8,2026-08-24T21:25:17.257225264Z
01M0TTEY4473PSNZSZKKGAM5W5,01M0TSZEX52H0PZDJFB4JNEAFW,2026-08-24T21:22:42.948324416Z,"[{""text"":""Diamond on top"",""sender"":{""id"":""01M0TT9XXJBBQAZ4WANFPESF7T"",""name"":""Minu"",""avatar"":""https://api.dicebear.com/8.x/rings/svg?seed=Minu""}}]",2026-08-24T21:46:34.902972104Z,[1787607994914],2026-08-24T21:46:34.916331831Z,,,true,2026-08-24T21:46:40.97940324Z,01M0TT9XXJBBQAZ4WANFPESF7T,2026-08-24T21:46:19.756700342Z,"[""B2"",""F5"",""C3"",""F8""]",2026-08-24T21:22:42.948324416Z,true,2026-08-24T21:46:40.958430481Z,01M0TSZEY44B7XSP574QH2WQPJ,2026-08-24T21:22:42.948324416Z,27,2026-08-24T21:22:42.948324416Z,false,2026-08-24T21:46:19.942387906Z,01M0TT49QHQY8JQV8C5T94HHYZ,2026-08-24T21:46:19.756700342Z,,,48,2026-08-24T21:22:42.948324416Z,12,2026-08-24T21:22:42.948324416Z,training,2026-08-24T21:22:42.948324416Z,2,2026-08-24T21:22:42.948324416Z,4,2026-08-24T21:22:42.948324416Z,/tangrams/456_48.png,2026-08-24T21:46:40.97940324Z,/tangrams/456_48.png,2026-08-24T21:46:37.638762017Z,1787607997546,2026-08-24T21:46:37.627231519Z,0,2026-08-24T21:22:42.948324416Z,2,2026-08-24T21:22:43.641298336Z,true,2026-08-24T21:46:19.708574085Z,"[""/tangrams/366_339.png"",""/tangrams/456_48.png"",""/tangrams/422_405.png"",""/tangrams/37_144.png""]",2026-08-24T21:22:42.948324416Z,/tangrams/456_48.png,2026-08-24T21:22:42.948324416Z,F5,2026-08-24T21:22:42.948324416Z,3,2026-08-24T21:22:42.948324416Z,26,2026-08-24T21:22:42.948324416Z
01M0TTK114CZHRC99365EEPYE1,01M0TSZEX52H0PZDJFB4JNEAFW,2026-08-24T21:24:56.99686484Z,"[{""text"":""top upside down v over running legs under"",""sender"":{""id"":""01M0TT7FNH08P86PFHWCV3NRS8"",""name"":""Repi"",""avatar"":""https://api.dicebear.com/8.x/rings/svg?seed=Repi""}}]",2026-08-24T21:51:01.977257915Z,[1787608261990],2026-08-24T21:51:01.991680977Z,,,false,2026-08-24T21:51:28.605564071Z,01M0TT7FNH08P86PFHWCV3NRS8,2026-08-24T21:50:34.491237345Z,"[""B3"",""B4"",""D3"",""C1""]",2026-08-24T21:24:56.99686484Z,true,2026-08-24T21:51:28.586563621Z,01M0TSZEY54T11A9AMGVA6T4ZB,2026-08-24T21:24:56.99686484Z,12,2026-08-24T21:24:56.99686484Z,false,2026-08-24T21:50:34.663386793Z,01M0TT7ZVRQQW92P55GPN9KMMS,2026-08-24T21:50:34.491237345Z,,,48,2026-08-24T21:24:56.99686484Z,12,2026-08-24T21:24:56.99686484Z,training,2026-08-24T21:24:56.99686484Z,0,2026-08-24T21:24:56.99686484Z,4,2026-08-24T21:24:56.99686484Z,/tangrams/279_405.png,2026-08-24T21:51:28.605564071Z,/tangrams/279_405.png,2026-08-24T21:51:25.422643302Z,1787608287832,2026-08-24T21:51:25.406359981Z,0,2026-08-24T21:24:56.99686484Z,2,2026-08-24T21:24:57.471170604Z,true,2026-08-24T21:50:34.440899327Z,"[""/tangrams/366_405.png"",""/tangrams/366_66.png"",""/tangrams/279_405.png"",""/tangrams/422_244.png""]",2026-08-24T21:24:56.99686484Z,/tangrams/366_405.png,2026-08-24T21:24:56.99686484Z,B3,2026-08-24T21:24:56.99686484Z,12,2026-08-24T21:24:56.99686484Z,11,2026-08-24T21:24:56.99686484Z
01M0TTKN2NRBWEZ1BKPWNM92YF,01M0TSZEX52H0PZDJFB4JNEAFW,2026-08-24T21:25:17.52545048Z,"[{""text"":""DIAMOND AND TRIANGLE BELOW"",""sender"":{""id"":""01M0TT55D1DRDQ3JPT1CDTT5VN"",""name"":""Repi"",""avatar"":""https://api.dicebear.com/8.x/rings/svg?seed=Repi""}}]",2026-08-24T21:51:28.554543999Z,[1787608288595],2026-08-24T21:51:28.596767598Z,,,true,2026-08-24T21:51:33.864674198Z,01M0TT55D1DRDQ3JPT1CDTT5VN,2026-08-24T21:50:58.839714493Z,"[""B4"",""D1"",""A3"",""C2""]",2026-08-24T21:25:17.52545048Z,true,2026-08-24T21:51:33.843118697Z,01M0TSZEY173D8F3KEP071GR06,2026-08-24T21:25:17.52545048Z,40,2026-08-24T21:25:17.52545048Z,false,2026-08-24T21:50:58.982954222Z,01M0TTF3ADJ36CYQBD8356XFNQ,2026-08-24T21:50:58.839714493Z,,,48,2026-08-24T21:25:17.52545048Z,12,2026-08-24T21:25:17.52545048Z,training,2026-08-24T21:25:17.52545048Z,3,2026-08-24T21:25:17.52545048Z,4,2026-08-24T21:25:17.52545048Z,/tangrams/279_244.png,2026-08-24T21:51:33.864674198Z,/tangrams/279_244.png,2026-08-24T21:51:30.69251629Z,1787608290346,2026-08-24T21:51:30.677012562Z,0,2026-08-24T21:25:17.52545048Z,2,2026-08-24T21:25:18.363383601Z,true,2026-08-24T21:50:58.783567959Z,"[""/tangrams/366_66.png"",""/tangrams/279_244.png"",""/tangrams/138_405.png"",""/tangrams/422_339.png""]",2026-08-24T21:25:17.52545048Z,/tangrams/279_244.png,2026-08-24T21:25:17.52545048Z,D1,2026-08-24T21:25:17.52545048Z,4,2026-08-24T21:25:17.52545048Z,39,2026-08-24T21:25:17.52545048Z
01M0TTMQQKH4K0S2QZ5CS7DSVD,01M0TSZV7X3D77NKMM5CDCW4Z6,2026-08-24T21:25:53.011247033Z,"[{""text"":""3 triangles on left"",""sender"":{""id"":""01M0TT4JP6VSYSTADD58E33WM9"",""name"":""Repi"",""avatar"":""https://api.dicebear.com/8.x/rings/svg?seed=Repi""}}]",2026-08-24T21:52:59.882642203Z,[1787608379896],2026-08-24T21:52:59.89763825Z,,,true,2026-08-24T21:53:06.76221786Z,01M0TT4JP6VSYSTADD58E33WM9,2026-08-24T21:52:40.930321068Z,"[""C2"",""A3"",""D1"",""B4""]",2026-08-24T21:25:53.011247033Z,true,2026-08-24T21:53:06.748959257Z,01M0TSZV8ERABP36QP2627EVMT,2026-08-24T21:25:53.011247033Z,40,2026-08-24T21:25:53.011247033Z,false,2026-08-24T21:52:41.073622057Z,01M0TT4SREDP4QR1H8V4E3X5G9,2026-08-24T21:52:40.930321068Z,,,48,2026-08-24T21:25:53.011247033Z,12,2026-08-24T21:25:53.011247033Z,training,2026-08-24T21:25:53.011247033Z,3,2026-08-24T21:25:53.011247033Z,4,2026-08-24T21:25:53.011247033Z,/tangrams/20_314.png,2026-08-24T21:53:06.76221786Z,/tangrams/20_314.png,2026-08-24T21:53:03.521270737Z,1787608382559,2026-08-24T21:53:03.513386977Z,1,2026-08-24T21:25:53.011247033Z,2,2026-08-24T21:25:54.196136184Z,true,2026-08-24T21:52:40.879866805Z,"[""/tangrams/202_441.png"",""/tangrams/66_24.png"",""/tangrams/20_314.png"",""/tangrams/348_464.png""]",2026-08-24T21:25:53.011247033Z,/tangrams/20_314.png,2026-08-24T21:25:53.011247033Z,D1,2026-08-24T21:25:53.011247033Z,4,2026-08-24T21:25:53.011247033Z,39,2026-08-24T21:25:53.011247033Z
01M0TTNRMNGADPD9VHGAKJYSTV,01M0TSZGJXR0N6DNTNARWRMFQ4,2026-08-24T21:26:26.709560249Z,,,,,,,,,,,"[""C3"",""B2"",""A1"",""F3""]",2026-08-24T21:26:26.709560249Z,false,2026-08-24T21:26:26.709560249Z,01M0TSZGKJQW5S4GCP9150DNN9,2026-08-24T21:26:26.709560249Z,30,2026-08-24T21:26:26.709560249Z,,,,,,,48,2026-08-24T21:26:26.709560249Z,12,2026-08-24T21:26:26.709560249Z,training,2026-08-24T21:26:26.709560249Z,2,2026-08-24T21:26:26.709560249Z,4,2026-08-24T21:26:26.709560249Z,,,,2026-08-24T21:26:26.709560249Z,,,1,2026-08-24T21:26:26.709560249Z,2,2026-08-24T21:26:27.442457587Z,false,2026-08-24T21:26:26.709560249Z,"[""/tangrams/202_24.png"",""/tangrams/348_441.png"",""/tangrams/66_314.png"",""/tangrams/264_176.png""]",2026-08-24T21:26:26.709560249Z,/tangrams/264_176.png,2026-08-24T21:26:26.709560249Z,F3,2026-08-24T21:26:26.709560249Z,6,2026-08-24T21:26:26.709560249Z,29,2026-08-24T21:26:26.709560249Z
01M0TTYQ0TA024Y986WH2YZ229,01M0TTMTH8JPTHXWGXYEY1VFR8,2026-08-24T21:31:19.962828932Z,"[{""text"":""?"",""sender"":{""id"":""01M0TTENRE0ZSC234N2S1BW8ZS"",""name"":""Repi"",""avatar"":""https://api.dicebear.com/8.x/rings/svg?seed=Repi""}},{""text"":""letter E"",""sender"":{""id"":""01M0TTJT0T1FXWVGTP027BYENQ"",""name"":""Minu"",""avatar"":""https://api.dicebear.com/8.x/rings/svg?seed=Minu""}},{""text"":""Which one big or small"",""sender"":{""id"":""01M0TTENRE0ZSC234N2S1BW8ZS"",""name"":""Repi"",""avatar"":""https://api.dicebear.com/8.x/rings/svg?seed=Repi""}},{""text"":""facing opposite"",""sender"":{""id"":""01M0TTJT0T1FXWVGTP027BYENQ"",""name"":""Minu"",""avatar"":""https://api.dicebear.com/8.x/rings/svg?seed=Minu""}},{""text"":""caps"",""sender"":{""id"":""01M0TTJT0T1FXWVGTP027BYENQ"",""name"":""Minu"",""avatar"":""https://api.dicebear.com/8.x/rings/svg?seed=Minu""}}]",2026-08-24T21:53:08.371528742Z,"[1787608340615,1787608347578,1787608366875,1787608377971,1787608388382]",2026-08-24T21:53:08.383980637Z,,,true,2026-08-24T21:53:11.558262633Z,01M0TTJT0T1FXWVGTP027BYENQ,2026-08-24T21:52:16.044064699Z,"[""D3"",""A3"",""A2"",""B1""]",2026-08-24T21:31:19.962828932Z,true,2026-08-24T21:53:11.53846688Z,01M0TTMWMDPGAHQRDA7BZJ8FEZ,2026-08-24T21:31:19.962828932Z,9,2026-08-24T21:31:19.962828932Z,false,2026-08-24T21:52:16.176126053Z,01M0TTENRE0ZSC234N2S1BW8ZS,2026-08-24T21:52:16.044064699Z,,,48,2026-08-24T21:31:19.962828932Z,12,2026-08-24T21:31:19.962828932Z,training,2026-08-24T21:31:19.962828932Z,0,2026-08-24T21:31:19.962828932Z,4,2026-08-24T21:31:19.962828932Z,/tangrams/66_24.png,2026-08-24T21:53:11.558262633Z,/tangrams/66_24.png,2026-08-24T21:53:08.341087528Z,1787608388139,2026-08-24T21:53:08.364037713Z,1,2026-08-24T21:31:19.962828932Z,2,2026-08-24T21:31:20.973887772Z,true,2026-08-24T21:52:15.99022373Z,"[""/tangrams/20_24.png"",""/tangrams/66_24.png"",""/tangrams/66_441.png"",""/tangrams/348_314.png""]",2026-08-24T21:31:19.962828932Z,/tangrams/66_24.png,2026-08-24T21:31:19.962828932Z,A3,2026-08-24T21:31:19.962828932Z,9,2026-08-24T21:31:19.962828932Z,8,2026-08-24T21:31:19.962828932Z
01M0TT9KJVE9NCK1N0H3X8PJ85,01M0TSZGJXR0N6DNTNARWRMFQ4,2026-08-24T21:19:48.315483564Z,,,,,,,,,,,"[""C2"",""B1"",""D3"",""A4""]",2026-08-24T21:19:48.315483564Z,false,2026-08-24T21:19:48.315483564Z,01M0TSZGKE32G3R2H2EPQFBQNN,2026-08-24T21:19:48.315483564Z,34,2026-08-24T21:19:48.315483564Z,,,,,,,48,2026-08-24T21:19:48.315483564Z,12,2026-08-24T21:19:48.315483564Z,training,2026-08-24T21:19:48.315483564Z,2,2026-08-24T21:19:48.315483564Z,4,2026-08-24T21:19:48.315483564Z,,,,2026-08-24T21:19:48.315483564Z,,,0,2026-08-24T21:19:48.315483564Z,2,2026-08-24T21:19:49.169584019Z,false,2026-08-24T21:19:48.315483564Z,"[""/tangrams/422_339.png"",""/tangrams/366_244.png"",""/tangrams/279_405.png"",""/tangrams/138_66.png""]",2026-08-24T21:19:48.315483564Z,/tangrams/366_244.png,2026-08-24T21:19:48.315483564Z,B1,2026-08-24T21:19:48.315483564Z,10,2026-08-24T21:19:48.315483564Z,33,2026-08-24T21:19:48.315483564Z
01M0TTA58J1V5SM68HADTMV3Q3,01M0TSZV7X3D77NKMM5CDCW4Z6,2026-08-24T21:20:06.418330999Z,"[{""text"":""white cutout in middle, combo of rectangel and triangle that is"",""sender"":{""id"":""01M0TT3ZTTV22XQGZD0K61T6A4"",""name"":""Repi"",""avatar"":""https://api.dicebear.com/8.x/rings/svg?seed=Repi""}}]",2026-08-24T21:45:00.502960646Z,[1787607900514],2026-08-24T21:45:00.515965715Z,,,true,2026-08-24T21:45:08.693989377Z,01M0TT3ZTTV22XQGZD0K61T6A4,2026-08-24T21:44:44.55974204Z,"[""F4"",""B2"",""F2"",""F5""]",2026-08-24T21:20:06.418330999Z,true,2026-08-24T21:45:08.678740238Z,01M0TSZV8KEDQHAT4X3FNKVS2B,2026-08-24T21:20:06.418330999Z,38,2026-08-24T21:20:06.418330999Z,false,2026-08-24T21:44:44.678683729Z,01M0TT4SZRTK7MV5T48R9G1GQH,2026-08-24T21:44:44.55974204Z,,,48,2026-08-24T21:20:06.418330999Z,12,2026-08-24T21:20:06.418330999Z,training,2026-08-24T21:20:06.418330999Z,3,2026-08-24T21:20:06.418330999Z,4,2026-08-24T21:20:06.418330999Z,/tangrams/366_339.png,2026-08-24T21:45:08.693989377Z,/tangrams/366_339.png,2026-08-24T21:45:05.512095768Z,1787607905412,2026-08-24T21:45:05.519056862Z,0,2026-08-24T21:20:06.418330999Z,2,2026-08-24T21:20:07.332336404Z,true,2026-08-24T21:44:44.501090314Z,"[""/tangrams/434_227.png"",""/tangrams/366_339.png"",""/tangrams/290_64.png"",""/tangrams/456_48.png""]",2026-08-24T21:20:06.418330999Z,/tangrams/366_339.png,2026-08-24T21:20:06.418330999Z,B2,2026-08-24T21:20:06.418330999Z,2,2026-08-24T21:20:06.418330999Z,37,2026-08-24T21:20:06.418330999Z
01M0TV7K1B16W2TXPZZ01NQN65,01M0TTMTH8JPTHXWGXYEY1VFR8,2026-08-24T21:36:10.795088737Z,"[{""text"":""two arrows on left pointing left"",""sender"":{""id"":""01M0TTRGJ55RK21NQM11GGHNRN"",""name"":""Repi"",""avatar"":""https://api.dicebear.com/8.x/rings/svg?seed=Repi""}}]",2026-08-24T21:54:40.057501588Z,[1787608480070],2026-08-24T21:54:40.072330373Z,,,true,2026-08-24T21:54:54.877035021Z,01M0TTRGJ55RK21NQM11GGHNRN,2026-08-24T21:54:27.723713301Z,"[""B4"",""D2"",""C1"",""A3""]",2026-08-24T21:36:10.795088737Z,true,2026-08-24T21:54:54.856097676Z,01M0TTMWM9GSP2NP0T4CET96EB,2026-08-24T21:36:10.795088737Z,18,2026-08-24T21:36:10.795088737Z,false,2026-08-24T21:54:27.978310094Z,01M0TV363Y2QH3CGTPHSZR512P,2026-08-24T21:54:27.723713301Z,,,48,2026-08-24T21:36:10.795088737Z,12,2026-08-24T21:36:10.795088737Z,training,2026-08-24T21:36:10.795088737Z,1,2026-08-24T21:36:10.795088737Z,4,2026-08-24T21:36:10.795088737Z,/tangrams/202_314.png,2026-08-24T21:54:54.877035021Z,/tangrams/202_314.png,2026-08-24T21:54:51.687432115Z,1787608489881,2026-08-24T21:54:51.678519757Z,1,2026-08-24T21:36:10.795088737Z,2,2026-08-24T21:36:11.420062242Z,true,2026-08-24T21:54:27.667620384Z,"[""/tangrams/348_464.png"",""/tangrams/20_441.png"",""/tangrams/202_314.png"",""/tangrams/66_24.png""]",2026-08-24T21:36:10.795088737Z,/tangrams/202_314.png,2026-08-24T21:36:10.795088737Z,C1,2026-08-24T21:36:10.795088737Z,6,2026-08-24T21:36:10.795088737Z,17,2026-08-24T21:36:10.795088737Z
01M0TVKA2MN9M5CCMM5VZB4R8A,01M0TTMTH8JPTHXWGXYEY1VFR8,2026-08-24T21:42:34.836580015Z,"[{""text"":""claw"",""sender"":{""id"":""01M0TVD4RDDZ2GPYA2W2TBJY2J"",""name"":""Minu"",""avatar"":""https://api.dicebear.com/8.x/rings/svg?seed=Minu""}},{""text"":""nailed it great work"",""sender"":{""id"":""01M0TV8YZXT0HY97VC3QNJABKN"",""name"":""Repi"",""avatar"":""https://api.dicebear.com/8.x/rings/svg?seed=Repi""}}]",2026-08-24T22:00:42.515519172Z,"[1787608840298,1787608842552]",2026-08-24T22:00:42.555539203Z,,,true,2026-08-24T22:00:48.44243871Z,01M0TVD4RDDZ2GPYA2W2TBJY2J,2026-08-24T22:00:36.64715626Z,"[""F3"",""A1"",""F8"",""F2""]",2026-08-24T21:42:34.836580015Z,true,2026-08-24T22:00:48.419809884Z,01M0TTMWMG725DJ5GA5M4WD8SY,2026-08-24T21:42:34.836580015Z,47,2026-08-24T21:42:34.836580015Z,false,2026-08-24T22:00:36.813613134Z,01M0TV8YZXT0HY97VC3QNJABKN,2026-08-24T22:00:36.64715626Z,,,48,2026-08-24T21:42:34.836580015Z,12,2026-08-24T21:42:34.836580015Z,training,2026-08-24T21:42:34.836580015Z,3,2026-08-24T21:42:34.836580015Z,4,2026-08-24T21:42:34.836580015Z,/tangrams/374_400.png,2026-08-24T22:00:48.44243871Z,/tangrams/374_400.png,2026-08-24T22:00:45.239364565Z,1787608845999,2026-08-24T22:00:45.213111693Z,1,2026-08-24T21:42:34.836580015Z,2,2026-08-24T21:42:36.430462881Z,true,2026-08-24T22:00:36.588714253Z,"[""/tangrams/264_176.png"",""/tangrams/66_314.png"",""/tangrams/374_400.png"",""/tangrams/429_403.png""]",2026-08-24T21:42:34.836580015Z,/tangrams/374_400.png,2026-08-24T21:42:34.836580015Z,F8,2026-08-24T21:42:34.836580015Z,11,2026-08-24T21:42:34.836580015Z,46,2026-08-24T21:42:34.836580015Z
01M0TTEY64R7ZAJ65J7PW8RAWH,01M0TSZEX52H0PZDJFB4JNEAFW,2026-08-24T21:22:43.012397322Z,"[{""text"":""Diamond on the botton"",""sender"":{""id"":""01M0TT49QHQY8JQV8C5T94HHYZ"",""name"":""Repi"",""avatar"":""https://api.dicebear.com/8.x/rings/svg?seed=Repi""}}]",2026-08-24T21:53:47.569841966Z,[1787608427583],2026-08-24T21:53:47.589011079Z,,,true,2026-08-24T21:53:53.953797514Z,01M0TT49QHQY8JQV8C5T94HHYZ,2026-08-24T21:53:37.495727162Z,"[""F5"",""F7"",""F3"",""F2""]",2026-08-24T21:22:43.012397322Z,true,2026-08-24T21:53:53.930593214Z,01M0TSZEY44B7XSP574QH2WQPJ,2026-08-24T21:22:43.012397322Z,40,2026-08-24T21:22:43.012397322Z,false,2026-08-24T21:53:37.673256484Z,01M0TT9XXJBBQAZ4WANFPESF7T,2026-08-24T21:53:37.495727162Z,,,48,2026-08-24T21:22:43.012397322Z,12,2026-08-24T21:22:43.012397322Z,training,2026-08-24T21:22:43.012397322Z,3,2026-08-24T21:22:43.012397322Z,4,2026-08-24T21:22:43.012397322Z,/tangrams/411_352.png,2026-08-24T21:53:53.953797514Z,/tangrams/411_352.png,2026-08-24T21:53:50.743080374Z,1787608430404,2026-08-24T21:53:50.734067676Z,0,2026-08-24T21:22:43.012397322Z,2,2026-08-24T21:22:43.826774649Z,true,2026-08-24T21:53:37.443609036Z,"[""/tangrams/456_48.png"",""/tangrams/411_352.png"",""/tangrams/170_154.png"",""/tangrams/290_64.png""]",2026-08-24T21:22:43.012397322Z,/tangrams/411_352.png,2026-08-24T21:22:43.012397322Z,F7,2026-08-24T21:22:43.012397322Z,4,2026-08-24T21:22:43.012397322Z,39,2026-08-24T21:22:43.012397322Z
01M0TTEY75JJ7H2PWJ2880EH40,01M0TSZEX52H0PZDJFB4JNEAFW,2026-08-24T21:22:43.046092743Z,"[{""text"":""Two horns and smiley face"",""sender"":{""id"":""01M0TT9XXJBBQAZ4WANFPESF7T"",""name"":""Minu"",""avatar"":""https://api.dicebear.com/8.x/rings/svg?seed=Minu""}}]",2026-08-24T21:57:29.889227514Z,[1787608649904],2026-08-24T21:57:29.905865598Z,,,true,2026-08-24T21:57:38.264987583Z,01M0TT9XXJBBQAZ4WANFPESF7T,2026-08-24T21:57:19.029071025Z,"[""F6"",""F3"",""A1"",""F8""]",2026-08-24T21:22:43.046092743Z,true,2026-08-24T21:57:38.237284615Z,01M0TSZEY44B7XSP574QH2WQPJ,2026-08-24T21:22:43.046092743Z,47,2026-08-24T21:22:43.046092743Z,false,2026-08-24T21:57:19.21332418Z,01M0TT49QHQY8JQV8C5T94HHYZ,2026-08-24T21:57:19.029071025Z,,,48,2026-08-24T21:22:43.046092743Z,12,2026-08-24T21:22:43.046092743Z,training,2026-08-24T21:22:43.046092743Z,3,2026-08-24T21:22:43.046092743Z,4,2026-08-24T21:22:43.046092743Z,/tangrams/170_154.png,2026-08-24T21:57:38.264987583Z,/tangrams/170_154.png,2026-08-24T21:57:35.049031937Z,1787608654967,2026-08-24T21:57:35.066897041Z,0,2026-08-24T21:22:43.046092743Z,2,2026-08-24T21:22:43.975461802Z,true,2026-08-24T21:57:18.954479474Z,"[""/tangrams/134_125.png"",""/tangrams/170_154.png"",""/tangrams/138_244.png"",""/tangrams/37_144.png""]",2026-08-24T21:22:43.046092743Z,/tangrams/170_154.png,2026-08-24T21:22:43.046092743Z,F3,2026-08-24T21:22:43.046092743Z,11,2026-08-24T21:22:43.046092743Z,46,2026-08-24T21:22:43.046092743Z
01M0TTNRE0BS0GM61MEGDJ9H2C,01M0TSZGJXR0N6DNTNARWRMFQ4,2026-08-24T21:26:26.496071271Z,,,,,,,,,,,"[""F4"",""F8"",""A1"",""F6""]",2026-08-24T21:26:26.496071271Z,false,2026-08-24T21:26:26.496071271Z,01M0TSZGKJQW5S4GCP9150DNN9,2026-08-24T21:26:26.496071271Z,47,2026-08-24T21:26:26.496071271Z,,,,,,,48,2026-08-24T21:26:26.496071271Z,12,2026-08-24T21:26:26.496071271Z,training,2026-08-24T21:26:26.496071271Z,3,2026-08-24T21:26:26.496071271Z,4,2026-08-24T21:26:26.496071271Z,,,,2026-08-24T21:26:26.496071271Z,,,1,2026-08-24T21:26:26.496071271Z,2,2026-08-24T21:26:27.812265521Z,false,2026-08-24T21:26:26.496071271Z,"[""/tangrams/40_345.png"",""/tangrams/374_400.png"",""/tangrams/66_314.png"",""/tangrams/98_302.png""]",2026-08-24T21:26:26.496071271Z,/tangrams/374_400.png,2026-08-24T21:26:26.496071271Z,F8,2026-08-24T21:26:26.496071271Z,11,2026-08-24T21:26:26.496071271Z,46,2026-08-24T21:26:26.496071271Z
01M0TTNRHBW5SJQ753VTN9HFHF,01M0TSZGJXR0N6DNTNARWRMFQ4,2026-08-24T21:26:26.603925537Z,,,,,,,,,,,"[""F1"",""F3"",""F6"",""F8""]",2026-08-24T21:26:26.603925537Z,false,2026-08-24T21:26:26.603925537Z,01M0TSZGKJQW5S4GCP9150DNN9,2026-08-24T21:26:26.603925537Z,16,2026-08-24T21:26:26.603925537Z,,,,,,,48,2026-08-24T21:26:26.603925537Z,12,2026-08-24T21:26:26.603925537Z,training,2026-08-24T21:26:26.603925537Z,1,2026-08-24T21:26:26.603925537Z,4,2026-08-24T21:26:26.603925537Z,,,,2026-08-24T21:26:26.603925537Z,,,1,2026-08-24T21:26:26.603925537Z,2,2026-08-24T21:26:27.128233692Z,false,2026-08-24T21:26:26.603925537Z,"[""/tangrams/452_257.png"",""/tangrams/264_176.png"",""/tangrams/98_302.png"",""/tangrams/374_400.png""]",2026-08-24T21:26:26.603925537Z,/tangrams/264_176.png,2026-08-24T21:26:26.603925537Z,F3,2026-08-24T21:26:26.603925537Z,4,2026-08-24T21:26:26.603925537Z,15,2026-08-24T21:26:26.603925537Z
01M0TVK9EVRY3Z2GAR2AGBKJ2M,01M0TTMTH8JPTHXWGXYEY1VFR8,2026-08-24T21:42:34.203221021Z,,,,,,,,,,,,,true,2026-08-24T21:47:20.833676238Z,01M0TTMWMG725DJ5GA5M4WD8SY,2026-08-24T21:42:34.203221021Z,0,2026-08-24T21:42:34.203221021Z,false,2026-08-24T21:42:38.591309628Z,,,8,2026-08-24T21:42:34.203221021Z,,,,,pretest,2026-08-24T21:42:34.203221021Z,,,,,,,,2026-08-24T21:42:36.83570366Z,,,,,1,2026-08-24T21:42:34.863981786Z,true,2026-08-24T21:42:36.525980244Z,[],2026-08-24T21:42:34.203221021Z,,2026-08-24T21:42:34.203221021Z,,,,,,
01M0TTA5EAK519BNB30QS8S9R2,01M0TSZV7X3D77NKMM5CDCW4Z6,2026-08-24T21:20:06.603018731Z,"[{""text"":""This looks like a box being opened with some being coming out with arms raised."",""sender"":{""id"":""01M0TT3ZTTV22XQGZD0K61T6A4"",""name"":""Repi"",""avatar"":""https://api.dicebear.com/8.x/rings/svg?seed=Repi""}},{""text"":""or maybe a rabbit"",""sender"":{""id"":""01M0TT3ZTTV22XQGZD0K61T6A4"",""name"":""Repi"",""avatar"":""https://api.dicebear.com/8.x/rings/svg?seed=Repi""}},{""text"":""exiting the box"",""sender"":{""id"":""01M0TT3ZTTV22XQGZD0K61T6A4"",""name"":""Repi"",""avatar"":""https://api.dicebear.com/8.x/rings/svg?seed=Repi""}}]",2026-08-24T21:31:29.615321926Z,"[1787607078204,1787607090119,1787607090119]",2026-08-24T21:31:30.121357496Z,,,true,2026-08-24T21:31:33.333657277Z,01M0TT3ZTTV22XQGZD0K61T6A4,2026-08-24T21:30:50.321300907Z,"[""D4"",""F2"",""C3"",""A1""]",2026-08-24T21:20:06.603018731Z,true,2026-08-24T21:31:33.317713985Z,01M0TSZV8KEDQHAT4X3FNKVS2B,2026-08-24T21:20:06.603018731Z,10,2026-08-24T21:20:06.603018731Z,false,2026-08-24T21:30:50.490920176Z,01M0TT4SZRTK7MV5T48R9G1GQH,2026-08-24T21:30:50.321300907Z,,,48,2026-08-24T21:20:06.603018731Z,12,2026-08-24T21:20:06.603018731Z,training,2026-08-24T21:20:06.603018731Z,0,2026-08-24T21:20:06.603018731Z,4,2026-08-24T21:20:06.603018731Z,/tangrams/279_66.png,2026-08-24T21:31:33.333657277Z,/tangrams/279_66.png,2026-08-24T21:31:22.61996787Z,1787607090199,2026-08-24T21:31:30.299691023Z,0,2026-08-24T21:20:06.603018731Z,2,2026-08-24T21:20:06.84297731Z,true,2026-08-24T21:30:50.270501601Z,"[""/tangrams/279_66.png"",""/tangrams/290_64.png"",""/tangrams/422_405.png"",""/tangrams/138_244.png""]",2026-08-24T21:20:06.603018731Z,/tangrams/279_66.png,2026-08-24T21:20:06.603018731Z,D4,2026-08-24T21:20:06.603018731Z,10,2026-08-24T21:20:06.603018731Z,9,2026-08-24T21:20:06.603018731Z
01M0TTEY5GZ9X3DBNPQ8EN9VCZ,01M0TSZEX52H0PZDJFB4JNEAFW,2026-08-24T21:22:42.992882726Z,"[{""text"":""I gotta slow down, sorry"",""sender"":{""id"":""01M0TT9XXJBBQAZ4WANFPESF7T"",""name"":""Minu"",""avatar"":""https://api.dicebear.com/8.x/rings/svg?seed=Minu""}},{""text"":""No worries :)"",""sender"":{""id"":""01M0TT49QHQY8JQV8C5T94HHYZ"",""name"":""Repi"",""avatar"":""https://api.dicebear.com/8.x/rings/svg?seed=Repi""}},{""text"":""Diamond on top with two larger objects undernath"",""sender"":{""id"":""01M0TT9XXJBBQAZ4WANFPESF7T"",""name"":""Minu"",""avatar"":""https://api.dicebear.com/8.x/rings/svg?seed=Minu""}}]",2026-08-24T21:40:20.220849956Z,"[1787607587284,1787607606145,1787607620230]",2026-08-24T21:40:20.231775285Z,,,false,2026-08-24T21:40:40.389694988Z,01M0TT9XXJBBQAZ4WANFPESF7T,2026-08-24T21:39:37.171534946Z,"[""F3"",""A1"",""F6"",""F5""]",2026-08-24T21:22:42.992882726Z,true,2026-08-24T21:40:40.378730316Z,01M0TSZEY44B7XSP574QH2WQPJ,2026-08-24T21:22:42.992882726Z,17,2026-08-24T21:22:42.992882726Z,false,2026-08-24T21:39:37.337489543Z,01M0TT49QHQY8JQV8C5T94HHYZ,2026-08-24T21:39:37.171534946Z,,,48,2026-08-24T21:22:42.992882726Z,12,2026-08-24T21:22:42.992882726Z,training,2026-08-24T21:22:42.992882726Z,1,2026-08-24T21:22:42.992882726Z,4,2026-08-24T21:22:42.992882726Z,,2026-08-24T21:40:40.389694988Z,,2026-08-24T21:22:42.992882726Z,,,0,2026-08-24T21:22:42.992882726Z,2,2026-08-24T21:22:43.443061896Z,true,2026-08-24T21:39:37.12365193Z,"[""/tangrams/170_154.png"",""/tangrams/138_244.png"",""/tangrams/134_125.png"",""/tangrams/456_48.png""]",2026-08-24T21:22:42.992882726Z,/tangrams/456_48.png,2026-08-24T21:22:42.992882726Z,F5,2026-08-24T21:22:42.992882726Z,5,2026-08-24T21:22:42.992882726Z,16,2026-08-24T21:22:42.992882726Z
01M0TTNRN5PCMP0TGF2BD5ACAG,01M0TSZGJXR0N6DNTNARWRMFQ4,2026-08-24T21:26:26.725096932Z,,,,,,,,,,,"[""F2"",""F1"",""F8"",""B2""]",2026-08-24T21:26:26.725096932Z,false,2026-08-24T21:26:26.725096932Z,01M0TSZGKJQW5S4GCP9150DNN9,2026-08-24T21:26:26.725096932Z,29,2026-08-24T21:26:26.725096932Z,,,,,,,48,2026-08-24T21:26:26.725096932Z,12,2026-08-24T21:26:26.725096932Z,training,2026-08-24T21:26:26.725096932Z,2,2026-08-24T21:26:26.725096932Z,4,2026-08-24T21:26:26.725096932Z,,,,2026-08-24T21:26:26.725096932Z,,,1,2026-08-24T21:26:26.725096932Z,2,2026-08-24T21:26:27.418743188Z,false,2026-08-24T21:26:26.725096932Z,"[""/tangrams/429_403.png"",""/tangrams/452_257.png"",""/tangrams/374_400.png"",""/tangrams/348_441.png""]",2026-08-24T21:26:26.725096932Z,/tangrams/429_403.png,2026-08-24T21:26:26.725096932Z,F2,2026-08-24T21:26:26.725096932Z,5,2026-08-24T21:26:26.725096932Z,28,2026-08-24T21:26:26.725096932Z
01M0TTEY33T07QMNNEV9SCCVVV,01M0TSZEX52H0PZDJFB4JNEAFW,2026-08-24T21:22:42.915952239Z,"[{""text"":""The one with two horns on top that doesn't have the smiley face underneath"",""sender"":{""id"":""01M0TT9XXJBBQAZ4WANFPESF7T"",""name"":""Minu"",""avatar"":""https://api.dicebear.com/8.x/rings/svg?seed=Minu""}}]",2026-08-24T21:41:53.934108357Z,[1787607713943],2026-08-24T21:41:53.945126085Z,,,true,2026-08-24T21:42:06.279475409Z,01M0TT9XXJBBQAZ4WANFPESF7T,2026-08-24T21:41:16.230815638Z,"[""F8"",""F2"",""D4"",""F3""]",2026-08-24T21:22:42.915952239Z,true,2026-08-24T21:42:06.26399089Z,01M0TSZEY44B7XSP574QH2WQPJ,2026-08-24T21:22:42.915952239Z,19,2026-08-24T21:22:42.915952239Z,false,2026-08-24T21:41:16.517893115Z,01M0TT49QHQY8JQV8C5T94HHYZ,2026-08-24T21:41:16.230815638Z,,,48,2026-08-24T21:22:42.915952239Z,12,2026-08-24T21:22:42.915952239Z,training,2026-08-24T21:22:42.915952239Z,1,2026-08-24T21:22:42.915952239Z,4,2026-08-24T21:22:42.915952239Z,/tangrams/279_66.png,2026-08-24T21:42:06.279475409Z,/tangrams/279_66.png,2026-08-24T21:42:03.127913844Z,1787607723040,2026-08-24T21:42:03.134426069Z,0,2026-08-24T21:22:42.915952239Z,2,2026-08-24T21:22:43.470707813Z,true,2026-08-24T21:41:16.123365536Z,"[""/tangrams/37_144.png"",""/tangrams/290_64.png"",""/tangrams/279_66.png"",""/tangrams/170_154.png""]",2026-08-24T21:22:42.915952239Z,/tangrams/279_66.png,2026-08-24T21:22:42.915952239Z,D4,2026-08-24T21:22:42.915952239Z,7,2026-08-24T21:22:42.915952239Z,18,2026-08-24T21:22:42.915952239Z
01M0TTMQQ6D6FCX5RTTFHF9HPD,01M0TSZV7X3D77NKMM5CDCW4Z6,2026-08-24T21:25:52.99847688Z,"[{""text"":""3 mountains left side\\"",""sender"":{""id"":""01M0TT4JP6VSYSTADD58E33WM9"",""name"":""Repi"",""avatar"":""https://api.dicebear.com/8.x/rings/svg?seed=Repi""}}]",2026-08-24T21:51:42.871133366Z,[1787608302884],2026-08-24T21:51:42.885798513Z,,,true,2026-08-24T21:51:52.442924569Z,01M0TT4JP6VSYSTADD58E33WM9,2026-08-24T21:51:21.192701097Z,"[""A3"",""D2"",""C4"",""B1""]",2026-08-24T21:25:52.99847688Z,true,2026-08-24T21:51:52.419587629Z,01M0TSZV8ERABP36QP2627EVMT,2026-08-24T21:25:52.99847688Z,36,2026-08-24T21:25:52.99847688Z,false,2026-08-24T21:51:21.334622199Z,01M0TT4SREDP4QR1H8V4E3X5G9,2026-08-24T21:51:21.192701097Z,,,48,2026-08-24T21:25:52.99847688Z,12,2026-08-24T21:25:52.99847688Z,training,2026-08-24T21:25:52.99847688Z,2,2026-08-24T21:25:52.99847688Z,4,2026-08-24T21:25:52.99847688Z,/tangrams/348_314.png,2026-08-24T21:51:52.442924569Z,/tangrams/348_314.png,2026-08-24T21:51:49.140949873Z,1787608308187,2026-08-24T21:51:49.14837597Z,1,2026-08-24T21:25:52.99847688Z,2,2026-08-24T21:25:54.126024035Z,true,2026-08-24T21:51:21.127346118Z,"[""/tangrams/66_24.png"",""/tangrams/20_441.png"",""/tangrams/202_464.png"",""/tangrams/348_314.png""]",2026-08-24T21:25:52.99847688Z,/tangrams/348_314.png,2026-08-24T21:25:52.99847688Z,B1,2026-08-24T21:25:52.99847688Z,12,2026-08-24T21:25:52.99847688Z,35,2026-08-24T21:25:52.99847688Z
01M0TTEY3D0GQVSJA5PEFTM624,01M0TSZEX52H0PZDJFB4JNEAFW,2026-08-24T21:22:42.925545013Z,"[{""text"":""Looks like a house running away from the scene of the crime"",""sender"":{""id"":""01M0TT9XXJBBQAZ4WANFPESF7T"",""name"":""Minu"",""avatar"":""https://api.dicebear.com/8.x/rings/svg?seed=Minu""}}]",2026-08-24T21:36:11.80311623Z,[1787607378388],2026-08-24T21:36:18.390030506Z,,,true,2026-08-24T21:36:21.749528608Z,01M0TT9XXJBBQAZ4WANFPESF7T,2026-08-24T21:35:42.541189833Z,"[""A1"",""C3"",""F4"",""F3""]",2026-08-24T21:22:42.925545013Z,true,2026-08-24T21:36:21.739201157Z,01M0TSZEY44B7XSP574QH2WQPJ,2026-08-24T21:22:42.925545013Z,11,2026-08-24T21:22:42.925545013Z,false,2026-08-24T21:35:42.703750928Z,01M0TT49QHQY8JQV8C5T94HHYZ,2026-08-24T21:35:42.541189833Z,,,48,2026-08-24T21:22:42.925545013Z,12,2026-08-24T21:22:42.925545013Z,training,2026-08-24T21:22:42.925545013Z,0,2026-08-24T21:22:42.925545013Z,4,2026-08-24T21:22:42.925545013Z,/tangrams/422_405.png,2026-08-24T21:36:21.749528608Z,/tangrams/422_405.png,2026-08-24T21:36:15.458277222Z,1787607378196,2026-08-24T21:36:18.282146136Z,0,2026-08-24T21:22:42.925545013Z,2,2026-08-24T21:22:43.340770146Z,true,2026-08-24T21:35:42.495672461Z,"[""/tangrams/138_244.png"",""/tangrams/422_405.png"",""/tangrams/434_227.png"",""/tangrams/170_154.png""]",2026-08-24T21:22:42.925545013Z,/tangrams/422_405.png,2026-08-24T21:22:42.925545013Z,C3,2026-08-24T21:22:42.925545013Z,11,2026-08-24T21:22:42.925545013Z,10,2026-08-24T21:22:42.925545013Z
01M0TTKDFB2CVT25YBJXERT2K9,01M0TSZGJXR0N6DNTNARWRMFQ4,2026-08-24T21:25:09.739917883Z,,,,,,,,,,,"[""B3"",""D1"",""B4"",""A4""]",2026-08-24T21:25:09.739917883Z,false,2026-08-24T21:25:09.739917883Z,01M0TSZGKM72FFW193EYG47F25,2026-08-24T21:25:09.739917883Z,40,2026-08-24T21:25:09.739917883Z,,,,,,,48,2026-08-24T21:25:09.739917883Z,12,2026-08-24T21:25:09.739917883Z,training,2026-08-24T21:25:09.739917883Z,3,2026-08-24T21:25:09.739917883Z,4,2026-08-24T21:25:09.739917883Z,,,,2026-08-24T21:25:09.739917883Z,,,0,2026-08-24T21:25:09.739917883Z,2,2026-08-24T21:25:10.549718825Z,false,2026-08-24T21:25:09.739917883Z,"[""/tangrams/366_405.png"",""/tangrams/279_244.png"",""/tangrams/366_66.png"",""/tangrams/138_66.png""]",2026-08-24T21:25:09.739917883Z,/tangrams/366_66.png,2026-08-24T21:25:09.739917883Z,B4,2026-08-24T21:25:09.739917883Z,4,2026-08-24T21:25:09.739917883Z,39,2026-08-24T21:25:09.739917883Z
01M0TTTPS1TW34523PESZXFHY4,01M0TSZV7X3D77NKMM5CDCW4Z6,2026-08-24T21:29:08.641381501Z,"[{""text"":""A 3 shape with a head of someone on the side"",""sender"":{""id"":""01M0TTBQPRE9XMJHBPDKM8GTC4"",""name"":""Minu"",""avatar"":""https://api.dicebear.com/8.x/rings/svg?seed=Minu""}}]",2026-08-24T22:04:09.851572503Z,[1787609049866],2026-08-24T22:04:09.870017311Z,,,true,2026-08-24T22:04:22.181803678Z,01M0TTBQPRE9XMJHBPDKM8GTC4,2026-08-24T22:03:55.279602991Z,"[""B3"",""C4"",""D3"",""B1""]",2026-08-24T21:29:08.641381501Z,true,2026-08-24T22:04:22.159980465Z,01M0TSZV8KEDQHAT4X33M1GG1C,2026-08-24T21:29:08.641381501Z,31,2026-08-24T21:29:08.641381501Z,false,2026-08-24T22:03:55.497864602Z,01M0TT467Q69C5HQ20GW6FRRF2,2026-08-24T22:03:55.279602991Z,,,48,2026-08-24T21:29:08.641381501Z,12,2026-08-24T21:29:08.641381501Z,training,2026-08-24T21:29:08.641381501Z,2,2026-08-24T21:29:08.641381501Z,4,2026-08-24T21:29:08.641381501Z,/tangrams/348_24.png,2026-08-24T22:04:22.181803678Z,/tangrams/348_24.png,2026-08-24T22:04:18.94547706Z,1787609056215,2026-08-24T22:04:18.954499034Z,1,2026-08-24T21:29:08.641381501Z,2,2026-08-24T21:29:09.920034345Z,true,2026-08-24T22:03:55.20800533Z,"[""/tangrams/348_24.png"",""/tangrams/202_464.png"",""/tangrams/20_24.png"",""/tangrams/348_314.png""]",2026-08-24T21:29:08.641381501Z,/tangrams/348_24.png,2026-08-24T21:29:08.641381501Z,B3,2026-08-24T21:29:08.641381501Z,7,2026-08-24T21:29:08.641381501Z,30,2026-08-24T21:29:08.641381501Z
01M0TTYQ2WQDW9S67SB2RAV45C,01M0TTMTH8JPTHXWGXYEY1VFR8,2026-08-24T21:31:20.028929581Z,,,,,,,,,,,"[""D2"",""A4"",""D3"",""B3""]",2026-08-24T21:31:20.028929581Z,false,2026-08-24T21:31:20.028929581Z,01M0TTMWMDPGAHQRDA7BZJ8FEZ,2026-08-24T21:31:20.028929581Z,48,2026-08-24T21:31:20.028929581Z,,,,,,,48,2026-08-24T21:31:20.028929581Z,12,2026-08-24T21:31:20.028929581Z,training,2026-08-24T21:31:20.028929581Z,3,2026-08-24T21:31:20.028929581Z,4,2026-08-24T21:31:20.028929581Z,,,,2026-08-24T21:31:20.028929581Z,,,1,2026-08-24T21:31:20.028929581Z,2,2026-08-24T21:31:22.566351511Z,false,2026-08-24T21:31:20.028929581Z,"[""/tangrams/20_441.png"",""/tangrams/66_464.png"",""/tangrams/20_24.png"",""/tangrams/348_24.png""]",2026-08-24T21:31:20.028929581Z,/tangrams/20_24.png,2026-08-24T21:31:20.028929581Z,D3,2026-08-24T21:31:20.028929581Z,12,2026-08-24T21:31:20.028929581Z,47,2026-08-24T21:31:20.028929581Z
01M0TT9KJPQYZ1V156ZYS7RYYM,01M0TSZGJXR0N6DNTNARWRMFQ4,2026-08-24T21:19:48.31011838Z,,,,,,,,,,,"[""B4"",""D1"",""C2"",""A3""]",2026-08-24T21:19:48.31011838Z,false,2026-08-24T21:19:48.31011838Z,01M0TSZGKE32G3R2H2EPQFBQNN,2026-08-24T21:19:48.31011838Z,38,2026-08-24T21:19:48.31011838Z,,,,,,,48,2026-08-24T21:19:48.31011838Z,12,2026-08-24T21:19:48.31011838Z,training,2026-08-24T21:19:48.31011838Z,3,2026-08-24T21:19:48.31011838Z,4,2026-08-24T21:19:48.31011838Z,,,,2026-08-24T21:19:48.31011838Z,,,0,2026-08-24T21:19:48.31011838Z,2,2026-08-24T21:19:49.225749016Z,false,2026-08-24T21:19:48.31011838Z,"[""/tangrams/366_66.png"",""/tangrams/279_244.png"",""/tangrams/422_339.png"",""/tangrams/138_405.png""]",2026-08-24T21:19:48.31011838Z,/tangrams/422_339.png,2026-08-24T21:19:48.31011838Z,C2,2026-08-24T21:19:48.31011838Z,2,2026-08-24T21:19:48.31011838Z,37,2026-08-24T21:19:48.31011838Z
01M0TTKN3Y49RQ37GWQRGV8JF3,01M0TSZEX52H0PZDJFB4JNEAFW,2026-08-24T21:25:17.566488564Z,"[{""text"":""RUNNING LEGS"",""sender"":{""id"":""01M0TT55D1DRDQ3JPT1CDTT5VN"",""name"":""Repi"",""avatar"":""https://api.dicebear.com/8.x/rings/svg?seed=Repi""}}]",2026-08-24T21:54:02.7336552Z,[1787608442747],2026-08-24T21:54:02.749461622Z,,,true,2026-08-24T21:54:07.566454331Z,01M0TT55D1DRDQ3JPT1CDTT5VN,2026-08-24T21:53:48.934602139Z,"[""A3"",""C4"",""B1"",""D2""]",2026-08-24T21:25:17.566488564Z,true,2026-08-24T21:54:07.549268089Z,01M0TSZEY173D8F3KEP071GR06,2026-08-24T21:25:17.566488564Z,46,2026-08-24T21:25:17.566488564Z,false,2026-08-24T21:53:49.064258657Z,01M0TTF3ADJ36CYQBD8356XFNQ,2026-08-24T21:53:48.934602139Z,,,48,2026-08-24T21:25:17.566488564Z,12,2026-08-24T21:25:17.566488564Z,training,2026-08-24T21:25:17.566488564Z,3,2026-08-24T21:25:17.566488564Z,4,2026-08-24T21:25:17.566488564Z,/tangrams/138_405.png,2026-08-24T21:54:07.566454331Z,/tangrams/138_405.png,2026-08-24T21:54:04.341116379Z,1787608443987,2026-08-24T21:54:04.320287324Z,0,2026-08-24T21:25:17.566488564Z,2,2026-08-24T21:25:18.481137812Z,true,2026-08-24T21:53:48.880116907Z,"[""/tangrams/138_405.png"",""/tangrams/422_66.png"",""/tangrams/366_244.png"",""/tangrams/279_339.png""]",2026-08-24T21:25:17.566488564Z,/tangrams/138_405.png,2026-08-24T21:25:17.566488564Z,A3,2026-08-24T21:25:17.566488564Z,10,2026-08-24T21:25:17.566488564Z,45,2026-08-24T21:25:17.566488564Z
01M0TTTPGPG9TQ8W0TD0DQ9QY5,01M0TSZV7X3D77NKMM5CDCW4Z6,2026-08-24T21:29:08.374060525Z,"[{""text"":""stopsign shape with a rectangle in the center and a small triangle cut out the left"",""sender"":{""id"":""01M0TT467Q69C5HQ20GW6FRRF2"",""name"":""Repi"",""avatar"":""https://api.dicebear.com/8.x/rings/svg?seed=Repi""}}]",2026-08-24T22:12:01.373790699Z,[1787609521388],2026-08-24T22:12:01.390116725Z,,,true,2026-08-24T22:12:20.711130416Z,01M0TT467Q69C5HQ20GW6FRRF2,2026-08-24T22:11:31.652875593Z,"[""A3"",""D3"",""D1"",""C2""]",2026-08-24T21:29:08.374060525Z,true,2026-08-24T22:12:20.688764903Z,01M0TSZV8KEDQHAT4X33M1GG1C,2026-08-24T21:29:08.374060525Z,42,2026-08-24T21:29:08.374060525Z,false,2026-08-24T22:11:31.895486199Z,01M0TTBQPRE9XMJHBPDKM8GTC4,2026-08-24T22:11:31.652875593Z,,,48,2026-08-24T21:29:08.374060525Z,12,2026-08-24T21:29:08.374060525Z,training,2026-08-24T21:29:08.374060525Z,3,2026-08-24T21:29:08.374060525Z,4,2026-08-24T21:29:08.374060525Z,/tangrams/20_24.png,2026-08-24T22:12:20.711130416Z,/tangrams/20_24.png,2026-08-24T22:12:17.486744704Z,1787609535745,2026-08-24T22:12:17.47045385Z,1,2026-08-24T21:29:08.374060525Z,2,2026-08-24T21:29:10.430978939Z,true,2026-08-24T22:11:31.583251609Z,"[""/tangrams/66_24.png"",""/tangrams/20_24.png"",""/tangrams/20_314.png"",""/tangrams/202_441.png""]",2026-08-24T21:29:08.374060525Z,/tangrams/20_24.png,2026-08-24T21:29:08.374060525Z,D3,2026-08-24T21:29:08.374060525Z,6,2026-08-24T21:29:08.374060525Z,41,2026-08-24T21:29:08.374060525Z
01M0TTNRFRZXFTQKXCR3FSRKFW,01M0TSZGJXR0N6DNTNARWRMFQ4,2026-08-24T21:26:26.552774092Z,,,,,,,,,,,"[""F7"",""A1"",""B2"",""F4""]",2026-08-24T21:26:26.552774092Z,false,2026-08-24T21:26:26.552774092Z,01M0TSZGKJQW5S4GCP9150DNN9,2026-08-24T21:26:26.552774092Z,19,2026-08-24T21:26:26.552774092Z,,,,,,,48,2026-08-24T21:26:26.552774092Z,12,2026-08-24T21:26:26.552774092Z,training,2026-08-24T21:26:26.552774092Z,1,2026-08-24T21:26:26.552774092Z,4,2026-08-24T21:26:26.552774092Z,,,,2026-08-24T21:26:26.552774092Z,,,1,2026-08-24T21:26:26.552774092Z,2,2026-08-24T21:26:27.189577365Z,false,2026-08-24T21:26:26.552774092Z,"[""/tangrams/157_426.png"",""/tangrams/66_314.png"",""/tangrams/348_441.png"",""/tangrams/40_345.png""]",2026-08-24T21:26:26.552774092Z,/tangrams/40_345.png,2026-08-24T21:26:26.552774092Z,F4,2026-08-24T21:26:26.552774092Z,7,2026-08-24T21:26:26.552774092Z,18,2026-08-24T21:26:26.552774092Z
01M0TTTPHKD6DPPYPNE626NDTP,01M0TSZV7X3D77NKMM5CDCW4Z6,2026-08-24T21:29:08.403408809Z,"[{""text"":""small triangle for a tail on the left side and right side has a Large halfstopsign head"",""sender"":{""id"":""01M0TT467Q69C5HQ20GW6FRRF2"",""name"":""Repi"",""avatar"":""https://api.dicebear.com/8.x/rings/svg?seed=Repi""}}]",2026-08-24T22:09:41.736741377Z,[1787609381751],2026-08-24T22:09:41.753917339Z,,,true,2026-08-24T22:09:54.670775752Z,01M0TT467Q69C5HQ20GW6FRRF2,2026-08-24T22:09:12.444038983Z,"[""B1"",""D2"",""C2"",""D3""]",2026-08-24T21:29:08.403408809Z,true,2026-08-24T22:09:54.645919456Z,01M0TSZV8KEDQHAT4X33M1GG1C,2026-08-24T21:29:08.403408809Z,38,2026-08-24T21:29:08.403408809Z,false,2026-08-24T22:09:12.64038414Z,01M0TTBQPRE9XMJHBPDKM8GTC4,2026-08-24T22:09:12.444038983Z,,,48,2026-08-24T21:29:08.403408809Z,12,2026-08-24T21:29:08.403408809Z,training,2026-08-24T21:29:08.403408809Z,3,2026-08-24T21:29:08.403408809Z,4,2026-08-24T21:29:08.403408809Z,/tangrams/20_441.png,2026-08-24T22:09:54.670775752Z,/tangrams/20_441.png,2026-08-24T22:09:51.448706751Z,1787609389716,2026-08-24T22:09:51.439994472Z,1,2026-08-24T21:29:08.403408809Z,2,2026-08-24T21:29:10.26526961Z,true,2026-08-24T22:09:12.383881732Z,"[""/tangrams/348_314.png"",""/tangrams/20_441.png"",""/tangrams/202_441.png"",""/tangrams/20_24.png""]",2026-08-24T21:29:08.403408809Z,/tangrams/20_441.png,2026-08-24T21:29:08.403408809Z,D2,2026-08-24T21:29:08.403408809Z,2,2026-08-24T21:29:08.403408809Z,37,2026-08-24T21:29:08.403408809Z
01M0TTKDA49PMFASF8GCHCKMCN,01M0TSZGJXR0N6DNTNARWRMFQ4,2026-08-24T21:25:09.572116919Z,,,,,,,,,,,"[""A2"",""B4"",""C1"",""C2""]",2026-08-24T21:25:09.572116919Z,false,2026-08-24T21:25:09.572116919Z,01M0TSZGKM72FFW193EYG47F25,2026-08-24T21:25:09.572116919Z,15,2026-08-24T21:25:09.572116919Z,,,,,,,48,2026-08-24T21:25:09.572116919Z,12,2026-08-24T21:25:09.572116919Z,training,2026-08-24T21:25:09.572116919Z,1,2026-08-24T21:25:09.572116919Z,4,2026-08-24T21:25:09.572116919Z,,,,2026-08-24T21:25:09.572116919Z,,,0,2026-08-24T21:25:09.572116919Z,2,2026-08-24T21:25:10.107686886Z,false,2026-08-24T21:25:09.572116919Z,"[""/tangrams/138_339.png"",""/tangrams/366_66.png"",""/tangrams/422_244.png"",""/tangrams/422_339.png""]",2026-08-24T21:25:09.572116919Z,/tangrams/422_339.png,2026-08-24T21:25:09.572116919Z,C2,2026-08-24T21:25:09.572116919Z,3,2026-08-24T21:25:09.572116919Z,14,2026-08-24T21:25:09.572116919Z
01M0TTMQV99AYPGEW60RFG8SEE,01M0TSZV7X3D77NKMM5CDCW4Z6,2026-08-24T21:25:53.12943511Z,"[{""text"":""2 mini mountains on bottom"",""sender"":{""id"":""01M0TT4SREDP4QR1H8V4E3X5G9"",""name"":""Minu"",""avatar"":""https://api.dicebear.com/8.x/rings/svg?seed=Minu""}}]",2026-08-24T21:45:39.481119227Z,[1787607939492],2026-08-24T21:45:39.494555664Z,,,true,2026-08-24T21:45:50.355473128Z,01M0TT4SREDP4QR1H8V4E3X5G9,2026-08-24T21:45:27.905199492Z,"[""C1"",""B3"",""A4"",""D2""]",2026-08-24T21:25:53.12943511Z,true,2026-08-24T21:45:50.337587755Z,01M0TSZV8ERABP36QP2627EVMT,2026-08-24T21:25:53.12943511Z,23,2026-08-24T21:25:53.12943511Z,false,2026-08-24T21:45:28.052578871Z,01M0TT4JP6VSYSTADD58E33WM9,2026-08-24T21:45:27.905199492Z,,,48,2026-08-24T21:25:53.12943511Z,12,2026-08-24T21:25:53.12943511Z,training,2026-08-24T21:25:53.12943511Z,1,2026-08-24T21:25:53.12943511Z,4,2026-08-24T21:25:53.12943511Z,/tangrams/66_464.png,2026-08-24T21:45:50.355473128Z,/tangrams/66_464.png,2026-08-24T21:45:47.191562868Z,1787607945615,2026-08-24T21:45:47.184147847Z,1,2026-08-24T21:25:53.12943511Z,2,2026-08-24T21:25:53.840661463Z,true,2026-08-24T21:45:27.858062584Z,"[""/tangrams/202_314.png"",""/tangrams/348_24.png"",""/tangrams/66_464.png"",""/tangrams/20_441.png""]",2026-08-24T21:25:53.12943511Z,/tangrams/66_464.png,2026-08-24T21:25:53.12943511Z,A4,2026-08-24T21:25:53.12943511Z,11,2026-08-24T21:25:53.12943511Z,22,2026-08-24T21:25:53.12943511Z
01M0TTNRKQQXV9DJFHFY5QCC2Z,01M0TSZGJXR0N6DNTNARWRMFQ4,2026-08-24T21:26:26.679386349Z,,,,,,,,,,,"[""B2"",""F4"",""A1"",""F7""]",2026-08-24T21:26:26.679386349Z,false,2026-08-24T21:26:26.679386349Z,01M0TSZGKJQW5S4GCP9150DNN9,2026-08-24T21:26:26.679386349Z,34,2026-08-24T21:26:26.679386349Z,,,,,,,48,2026-08-24T21:26:26.679386349Z,12,2026-08-24T21:26:26.679386349Z,training,2026-08-24T21:26:26.679386349Z,2,2026-08-24T21:26:26.679386349Z,4,2026-08-24T21:26:26.679386349Z,,,,2026-08-24T21:26:26.679386349Z,,,1,2026-08-24T21:26:26.679386349Z,2,2026-08-24T21:26:27.536515261Z,false,2026-08-24T21:26:26.679386349Z,"[""/tangrams/348_441.png"",""/tangrams/40_345.png"",""/tangrams/66_314.png"",""/tangrams/157_426.png""]",2026-08-24T21:26:26.679386349Z,/tangrams/66_314.png,2026-08-24T21:26:26.679386349Z,A1,2026-08-24T21:26:26.679386349Z,10,2026-08-24T21:26:26.679386349Z,33,2026-08-24T21:26:26.679386349Z
01M0TTYQ1W7HVZR7A6DYEWETA2,01M0TTMTH8JPTHXWGXYEY1VFR8,2026-08-24T21:31:19.99685695Z,"[{""text"":""?"",""sender"":{""id"":""01M0TTENRE0ZSC234N2S1BW8ZS"",""name"":""Repi"",""avatar"":""https://api.dicebear.com/8.x/rings/svg?seed=Repi""}},{""text"":""spiral shaped with sharp edges"",""sender"":{""id"":""01M0TTJT0T1FXWVGTP027BYENQ"",""name"":""Minu"",""avatar"":""https://api.dicebear.com/8.x/rings/svg?seed=Minu""}}]",2026-08-24T21:51:05.335326929Z,"[1787608245299,1787608265347]",2026-08-24T21:51:05.349333249Z,,,false,2026-08-24T21:51:12.571634918Z,01M0TTJT0T1FXWVGTP027BYENQ,2026-08-24T21:50:31.890806051Z,"[""A3"",""B4"",""C1"",""C4""]",2026-08-24T21:31:19.99685695Z,true,2026-08-24T21:51:12.502556724Z,01M0TTMWMDPGAHQRDA7BZJ8FEZ,2026-08-24T21:31:19.99685695Z,7,2026-08-24T21:31:19.99685695Z,false,2026-08-24T21:50:32.019653473Z,01M0TTENRE0ZSC234N2S1BW8ZS,2026-08-24T21:50:31.890806051Z,,,48,2026-08-24T21:31:19.99685695Z,12,2026-08-24T21:31:19.99685695Z,training,2026-08-24T21:31:19.99685695Z,0,2026-08-24T21:31:19.99685695Z,4,2026-08-24T21:31:19.99685695Z,/tangrams/348_464.png,2026-08-24T21:51:12.571634918Z,/tangrams/348_464.png,2026-08-24T21:51:09.321056824Z,1787608269122,2026-08-24T21:51:09.329284148Z,1,2026-08-24T21:31:19.99685695Z,2,2026-08-24T21:31:20.896665924Z,true,2026-08-24T21:50:31.838301707Z,"[""/tangrams/66_24.png"",""/tangrams/348_464.png"",""/tangrams/202_314.png"",""/tangrams/202_464.png""]",2026-08-24T21:31:19.99685695Z,/tangrams/202_464.png,2026-08-24T21:31:19.99685695Z,C4,2026-08-24T21:31:19.99685695Z,7,2026-08-24T21:31:19.99685695Z,6,2026-08-24T21:31:19.99685695Z
01M0TVK9FA6ESW43HA6M09KA5G,01M0TTMTH8JPTHXWGXYEY1VFR8,2026-08-24T21:42:34.218995747Z,"[{""text"":""the one with the pole and one sharp spoke"",""sender"":{""id"":""01M0TVD4RDDZ2GPYA2W2TBJY2J"",""name"":""Minu"",""avatar"":""https://api.dicebear.com/8.x/rings/svg?seed=Minu""}},{""text"":""spike*"",""sender"":{""id"":""01M0TVD4RDDZ2GPYA2W2TBJY2J"",""name"":""Minu"",""avatar"":""https://api.dicebear.com/8.x/rings/svg?seed=Minu""}}]",2026-08-24T21:54:46.583584199Z,"[1787608482419,1787608486596]",2026-08-24T21:54:46.599321263Z,,,true,2026-08-24T21:54:51.368725081Z,01M0TVD4RDDZ2GPYA2W2TBJY2J,2026-08-24T21:54:27.394884679Z,"[""A1"",""F5"",""D4"",""F2""]",2026-08-24T21:42:34.218995747Z,true,2026-08-24T21:54:51.352317182Z,01M0TTMWMG725DJ5GA5M4WD8SY,2026-08-24T21:42:34.218995747Z,21,2026-08-24T21:42:34.218995747Z,false,2026-08-24T21:54:27.594089598Z,01M0TV8YZXT0HY97VC3QNJABKN,2026-08-24T21:54:27.394884679Z,,,48,2026-08-24T21:42:34.218995747Z,12,2026-08-24T21:42:34.218995747Z,training,2026-08-24T21:42:34.218995747Z,1,2026-08-24T21:42:34.218995747Z,4,2026-08-24T21:42:34.218995747Z,/tangrams/429_403.png,2026-08-24T21:54:51.368725081Z,/tangrams/429_403.png,2026-08-24T21:54:48.01521248Z,1787608488770,2026-08-24T21:54:48.007311135Z,1,2026-08-24T21:42:34.218995747Z,2,2026-08-24T21:42:35.619207504Z,true,2026-08-24T21:54:27.323222644Z,"[""/tangrams/66_314.png"",""/tangrams/4_159.png"",""/tangrams/20_464.png"",""/tangrams/429_403.png""]",2026-08-24T21:42:34.218995747Z,/tangrams/429_403.png,2026-08-24T21:42:34.218995747Z,F2,2026-08-24T21:42:34.218995747Z,9,2026-08-24T21:42:34.218995747Z,20,2026-08-24T21:42:34.218995747Z
01M0TTKN17QG7F0FB7MBTZ41GD,01M0TSZEX52H0PZDJFB4JNEAFW,2026-08-24T21:25:17.479302628Z,"[{""text"":""running legs"",""sender"":{""id"":""01M0TTF3ADJ36CYQBD8356XFNQ"",""name"":""Minu"",""avatar"":""https://api.dicebear.com/8.x/rings/svg?seed=Minu""}}]",2026-08-24T21:48:12.201233835Z,[1787608092213],2026-08-24T21:48:12.214982193Z,,,true,2026-08-24T21:48:22.016654968Z,01M0TTF3ADJ36CYQBD8356XFNQ,2026-08-24T21:48:03.938086194Z,"[""C1"",""D2"",""B4"",""A3""]",2026-08-24T21:25:17.479302628Z,true,2026-08-24T21:48:21.996759373Z,01M0TSZEY173D8F3KEP071GR06,2026-08-24T21:25:17.479302628Z,33,2026-08-24T21:25:17.479302628Z,false,2026-08-24T21:48:04.071987291Z,01M0TT55D1DRDQ3JPT1CDTT5VN,2026-08-24T21:48:03.938086194Z,,,48,2026-08-24T21:25:17.479302628Z,12,2026-08-24T21:25:17.479302628Z,training,2026-08-24T21:25:17.479302628Z,2,2026-08-24T21:25:17.479302628Z,4,2026-08-24T21:25:17.479302628Z,/tangrams/138_405.png,2026-08-24T21:48:22.016654968Z,/tangrams/138_405.png,2026-08-24T21:48:18.851880422Z,1787608098597,2026-08-24T21:48:18.844426729Z,0,2026-08-24T21:25:17.479302628Z,2,2026-08-24T21:25:18.229318054Z,true,2026-08-24T21:48:03.893330985Z,"[""/tangrams/422_244.png"",""/tangrams/279_339.png"",""/tangrams/366_66.png"",""/tangrams/138_405.png""]",2026-08-24T21:25:17.479302628Z,/tangrams/138_405.png,2026-08-24T21:25:17.479302628Z,A3,2026-08-24T21:25:17.479302628Z,9,2026-08-24T21:25:17.479302628Z,32,2026-08-24T21:25:17.479302628Z
01M0TTMQRKPV365FHV1ZCZWC4F,01M0TSZV7X3D77NKMM5CDCW4Z6,2026-08-24T21:25:53.04342999Z,"[{""text"":""2 mini mountains on bottom"",""sender"":{""id"":""01M0TT4SREDP4QR1H8V4E3X5G9"",""name"":""Minu"",""avatar"":""https://api.dicebear.com/8.x/rings/svg?seed=Minu""}}]",2026-08-24T21:53:55.013687429Z,[1787608435026],2026-08-24T21:53:55.028492535Z,,,true,2026-08-24T21:54:01.449345041Z,01M0TT4SREDP4QR1H8V4E3X5G9,2026-08-24T21:53:47.326176501Z,"[""B1"",""D3"",""C4"",""A2""]",2026-08-24T21:25:53.04342999Z,true,2026-08-24T21:54:01.430256417Z,01M0TSZV8ERABP36QP2627EVMT,2026-08-24T21:25:53.04342999Z,43,2026-08-24T21:25:53.04342999Z,false,2026-08-24T21:53:47.469653473Z,01M0TT4JP6VSYSTADD58E33WM9,2026-08-24T21:53:47.326176501Z,,,48,2026-08-24T21:25:53.04342999Z,12,2026-08-24T21:25:53.04342999Z,training,2026-08-24T21:25:53.04342999Z,3,2026-08-24T21:25:53.04342999Z,4,2026-08-24T21:25:53.04342999Z,/tangrams/202_464.png,2026-08-24T21:54:01.449345041Z,/tangrams/202_464.png,2026-08-24T21:53:58.232653212Z,1787608436655,2026-08-24T21:53:58.222418752Z,1,2026-08-24T21:25:53.04342999Z,2,2026-08-24T21:25:54.250594791Z,true,2026-08-24T21:53:47.251145797Z,"[""/tangrams/348_314.png"",""/tangrams/20_24.png"",""/tangrams/202_464.png"",""/tangrams/66_441.png""]",2026-08-24T21:25:53.04342999Z,/tangrams/202_464.png,2026-08-24T21:25:53.04342999Z,C4,2026-08-24T21:25:53.04342999Z,7,2026-08-24T21:25:53.04342999Z,42,2026-08-24T21:25:53.04342999Z
01M0TVK9G9EC8EYX1PA65KYAZB,01M0TTMTH8JPTHXWGXYEY1VFR8,2026-08-24T21:42:34.249567647Z,"[{""text"":""got a hole in it"",""sender"":{""id"":""01M0TV8YZXT0HY97VC3QNJABKN"",""name"":""Repi"",""avatar"":""https://api.dicebear.com/8.x/rings/svg?seed=Repi""}}]",2026-08-24T21:49:12.562072959Z,[1787608152589],2026-08-24T21:49:12.592401565Z,,,true,2026-08-24T21:49:19.100577729Z,01M0TV8YZXT0HY97VC3QNJABKN,2026-08-24T21:49:04.07177436Z,"[""F3"",""F5"",""C3"",""F7""]",2026-08-24T21:42:34.249567647Z,true,2026-08-24T21:49:19.088917743Z,01M0TTMWMG725DJ5GA5M4WD8SY,2026-08-24T21:42:34.249567647Z,4,2026-08-24T21:42:34.249567647Z,false,2026-08-24T21:49:04.220446038Z,01M0TVD4RDDZ2GPYA2W2TBJY2J,2026-08-24T21:49:04.07177436Z,,,48,2026-08-24T21:42:34.249567647Z,12,2026-08-24T21:42:34.249567647Z,training,2026-08-24T21:42:34.249567647Z,0,2026-08-24T21:42:34.249567647Z,4,2026-08-24T21:42:34.249567647Z,/tangrams/202_24.png,2026-08-24T21:49:19.100577729Z,/tangrams/202_24.png,2026-08-24T21:49:15.932999407Z,1787608155803,2026-08-24T21:49:15.925153641Z,1,2026-08-24T21:42:34.249567647Z,2,2026-08-24T21:42:35.089867161Z,true,2026-08-24T21:49:04.01944071Z,"[""/tangrams/264_176.png"",""/tangrams/4_159.png"",""/tangrams/202_24.png"",""/tangrams/157_426.png""]",2026-08-24T21:42:34.249567647Z,/tangrams/202_24.png,2026-08-24T21:42:34.249567647Z,C3,2026-08-24T21:42:34.249567647Z,4,2026-08-24T21:42:34.249567647Z,3,2026-08-24T21:42:34.249567647Z
01M0TTEY4R735E1H8KBGNPQCGJ,01M0TSZEX52H0PZDJFB4JNEAFW,2026-08-24T21:22:42.968158726Z,"[{""text"":""Diamond on top"",""sender"":{""id"":""01M0TT9XXJBBQAZ4WANFPESF7T"",""name"":""Minu"",""avatar"":""https://api.dicebear.com/8.x/rings/svg?seed=Minu""}}]",2026-08-24T21:44:32.663438961Z,[1787607872674],2026-08-24T21:44:32.676149177Z,,,true,2026-08-24T21:44:40.782599599Z,01M0TT9XXJBBQAZ4WANFPESF7T,2026-08-24T21:44:17.853842512Z,"[""C3"",""F3"",""F4"",""F6""]",2026-08-24T21:22:42.968158726Z,true,2026-08-24T21:44:40.766412267Z,01M0TSZEY44B7XSP574QH2WQPJ,2026-08-24T21:22:42.968158726Z,23,2026-08-24T21:22:42.968158726Z,false,2026-08-24T21:44:18.019560364Z,01M0TT49QHQY8JQV8C5T94HHYZ,2026-08-24T21:44:17.853842512Z,,,48,2026-08-24T21:22:42.968158726Z,12,2026-08-24T21:22:42.968158726Z,training,2026-08-24T21:22:42.968158726Z,1,2026-08-24T21:22:42.968158726Z,4,2026-08-24T21:22:42.968158726Z,/tangrams/134_125.png,2026-08-24T21:44:40.782599599Z,/tangrams/134_125.png,2026-08-24T21:44:37.505598047Z,1787607877306,2026-08-24T21:44:37.491535626Z,0,2026-08-24T21:22:42.968158726Z,2,2026-08-24T21:22:43.544800987Z,true,2026-08-24T21:44:17.81242699Z,"[""/tangrams/422_405.png"",""/tangrams/170_154.png"",""/tangrams/434_227.png"",""/tangrams/134_125.png""]",2026-08-24T21:22:42.968158726Z,/tangrams/134_125.png,2026-08-24T21:22:42.968158726Z,F6,2026-08-24T21:22:42.968158726Z,11,2026-08-24T21:22:42.968158726Z,22,2026-08-24T21:22:42.968158726Z
01M0TTYPZBKQBG8PTS5RM4T360,01M0TTMTH8JPTHXWGXYEY1VFR8,2026-08-24T21:31:19.915246392Z,"[{""text"":""?"",""sender"":{""id"":""01M0TTENRE0ZSC234N2S1BW8ZS"",""name"":""Repi"",""avatar"":""https://api.dicebear.com/8.x/rings/svg?seed=Repi""}}]",2026-08-24T21:46:23.320586886Z,[1787607983331],2026-08-24T21:46:23.333197046Z,,,false,2026-08-24T21:46:53.325762147Z,01M0TTENRE0ZSC234N2S1BW8ZS,2026-08-24T21:46:17.734263404Z,"[""B4"",""D1"",""B3"",""A3""]",2026-08-24T21:31:19.915246392Z,true,2026-08-24T21:46:53.303963464Z,01M0TTMWMDPGAHQRDA7BZJ8FEZ,2026-08-24T21:31:19.915246392Z,2,2026-08-24T21:31:19.915246392Z,false,2026-08-24T21:46:17.862188278Z,01M0TTJT0T1FXWVGTP027BYENQ,2026-08-24T21:46:17.734263404Z,,,48,2026-08-24T21:31:19.915246392Z,12,2026-08-24T21:31:19.915246392Z,training,2026-08-24T21:31:19.915246392Z,0,2026-08-24T21:31:19.915246392Z,4,2026-08-24T21:31:19.915246392Z,/tangrams/348_464.png,2026-08-24T21:46:53.325762147Z,/tangrams/348_464.png,2026-08-24T21:46:50.152437071Z,1787607813696,2026-08-24T21:46:50.174468723Z,1,2026-08-24T21:31:19.915246392Z,2,2026-08-24T21:31:20.69691212Z,true,2026-08-24T21:46:17.675549634Z,"[""/tangrams/348_464.png"",""/tangrams/20_314.png"",""/tangrams/348_24.png"",""/tangrams/66_24.png""]",2026-08-24T21:31:19.915246392Z,/tangrams/348_24.png,2026-08-24T21:31:19.915246392Z,B3,2026-08-24T21:31:19.915246392Z,2,2026-08-24T21:31:19.915246392Z,1,2026-08-24T21:31:19.915246392Z
01M0TTKMWSRA5SKY10NAA71SN6,01M0TSZEX52H0PZDJFB4JNEAFW,2026-08-24T21:25:17.337464836Z,"[{""text"":""SMALL DIAMOND ON TOP"",""sender"":{""id"":""01M0TT55D1DRDQ3JPT1CDTT5VN"",""name"":""Repi"",""avatar"":""https://api.dicebear.com/8.x/rings/svg?seed=Repi""}}]",2026-08-24T21:43:03.49564677Z,[1787607783506],2026-08-24T21:43:03.507924144Z,,,true,2026-08-24T21:43:08.82606803Z,01M0TT55D1DRDQ3JPT1CDTT5VN,2026-08-24T21:42:42.865474511Z,"[""A2"",""C4"",""B1"",""D3""]",2026-08-24T21:25:17.337464836Z,true,2026-08-24T21:43:08.814007378Z,01M0TSZEY173D8F3KEP071GR06,2026-08-24T21:25:17.337464836Z,20,2026-08-24T21:25:17.337464836Z,false,2026-08-24T21:42:43.069966113Z,01M0TTF3ADJ36CYQBD8356XFNQ,2026-08-24T21:42:42.865474511Z,,,48,2026-08-24T21:25:17.337464836Z,12,2026-08-24T21:25:17.337464836Z,training,2026-08-24T21:25:17.337464836Z,1,2026-08-24T21:25:17.337464836Z,4,2026-08-24T21:25:17.337464836Z,/tangrams/138_339.png,2026-08-24T21:43:08.82606803Z,/tangrams/138_339.png,2026-08-24T21:43:05.67503363Z,1787607785308,2026-08-24T21:43:05.681855998Z,0,2026-08-24T21:25:17.337464836Z,2,2026-08-24T21:25:17.975768078Z,true,2026-08-24T21:42:42.788078682Z,"[""/tangrams/138_339.png"",""/tangrams/422_66.png"",""/tangrams/366_244.png"",""/tangrams/279_405.png""]",2026-08-24T21:25:17.337464836Z,/tangrams/138_339.png,2026-08-24T21:25:17.337464836Z,A2,2026-08-24T21:25:17.337464836Z,8,2026-08-24T21:25:17.337464836Z,19,2026-08-24T21:25:17.337464836Z
01M0TT9KGSFM1ZBESA4190GBPN,01M0TSZGJXR0N6DNTNARWRMFQ4,2026-08-24T21:19:48.249340206Z,,,,,,,,,,,"[""A4"",""D3"",""B1"",""C2""]",2026-08-24T21:19:48.249340206Z,false,2026-08-24T21:19:48.249340206Z,01M0TSZGKE32G3R2H2EPQFBQNN,2026-08-24T21:19:48.249340206Z,26,2026-08-24T21:19:48.249340206Z,,,,,,,48,2026-08-24T21:19:48.249340206Z,12,2026-08-24T21:19:48.249340206Z,training,2026-08-24T21:19:48.249340206Z,2,2026-08-24T21:19:48.249340206Z,4,2026-08-24T21:19:48.249340206Z,,,,2026-08-24T21:19:48.249340206Z,,,0,2026-08-24T21:19:48.249340206Z,2,2026-08-24T21:19:48.992174776Z,false,2026-08-24T21:19:48.249340206Z,"[""/tangrams/138_66.png"",""/tangrams/279_405.png"",""/tangrams/366_244.png"",""/tangrams/422_339.png""]",2026-08-24T21:19:48.249340206Z,/tangrams/138_66.png,2026-08-24T21:19:48.249340206Z,A4,2026-08-24T21:19:48.249340206Z,2,2026-08-24T21:19:48.249340206Z,25,2026-08-24T21:19:48.249340206Z
01M0TTKDDN6JBRG2ZTKGE45ZC7,01M0TSZGJXR0N6DNTNARWRMFQ4,2026-08-24T21:25:09.685496733Z,,,,,,,,,,,"[""B3"",""B4"",""D3"",""C2""]",2026-08-24T21:25:09.685496733Z,false,2026-08-24T21:25:09.685496733Z,01M0TSZGKM72FFW193EYG47F25,2026-08-24T21:25:09.685496733Z,23,2026-08-24T21:25:09.685496733Z,,,,,,,48,2026-08-24T21:25:09.685496733Z,12,2026-08-24T21:25:09.685496733Z,training,2026-08-24T21:25:09.685496733Z,1,2026-08-24T21:25:09.685496733Z,4,2026-08-24T21:25:09.685496733Z,,,,2026-08-24T21:25:09.685496733Z,,,0,2026-08-24T21:25:09.685496733Z,2,2026-08-24T21:25:10.251180067Z,false,2026-08-24T21:25:09.685496733Z,"[""/tangrams/366_405.png"",""/tangrams/366_66.png"",""/tangrams/279_405.png"",""/tangrams/422_339.png""]",2026-08-24T21:25:09.685496733Z,/tangrams/366_405.png,2026-08-24T21:25:09.685496733Z,B3,2026-08-24T21:25:09.685496733Z,11,2026-08-24T21:25:09.685496733Z,22,2026-08-24T21:25:09.685496733Z
01M0TTKDDX603AKBNJ30GPP9W1,01M0TSZGJXR0N6DNTNARWRMFQ4,2026-08-24T21:25:09.693679604Z,,,,,,,,,,,"[""D1"",""C1"",""C2"",""B3""]",2026-08-24T21:25:09.693679604Z,false,2026-08-24T21:25:09.693679604Z,01M0TSZGKM72FFW193EYG47F25,2026-08-24T21:25:09.693679604Z,24,2026-08-24T21:25:09.693679604Z,,,,,,,48,2026-08-24T21:25:09.693679604Z,12,2026-08-24T21:25:09.693679604Z,training,2026-08-24T21:25:09.693679604Z,1,2026-08-24T21:25:09.693679604Z,4,2026-08-24T21:25:09.693679604Z,,,,2026-08-24T21:25:09.693679604Z,,,0,2026-08-24T21:25:09.693679604Z,2,2026-08-24T21:25:10.268252267Z,false,2026-08-24T21:25:09.693679604Z,"[""/tangrams/279_244.png"",""/tangrams/422_244.png"",""/tangrams/422_339.png"",""/tangrams/366_405.png""]",2026-08-24T21:25:09.693679604Z,/tangrams/422_244.png,2026-08-24T21:25:09.693679604Z,C1,2026-08-24T21:25:09.693679604Z,12,2026-08-24T21:25:09.693679604Z,23,2026-08-24T21:25:09.693679604Z
01M0TTKMTYW4RZ6DM6MXGZGA17,01M0TSZEX52H0PZDJFB4JNEAFW,2026-08-24T21:25:17.278935814Z,,,,,,,,,,,,,true,2026-08-24T21:34:39.184786542Z,01M0TSZEY173D8F3KEP071GR06,2026-08-24T21:25:17.278935814Z,0,2026-08-24T21:25:17.278935814Z,false,2026-08-24T21:25:22.343171931Z,,,20,2026-08-24T21:25:17.278935814Z,,,,,pretest,2026-08-24T21:25:17.278935814Z,,,,,,,,2026-08-24T21:25:22.031076441Z,,,,,1,2026-08-24T21:25:17.585427527Z,true,2026-08-24T21:25:19.689939376Z,[],2026-08-24T21:25:17.278935814Z,,2026-08-24T21:25:17.278935814Z,,,,,,
01M0TV7K0ZTCV9MPPF950PZXXA,01M0TTMTH8JPTHXWGXYEY1VFR8,2026-08-24T21:36:10.784494398Z,"[{""text"":""litte triangle bottom left facing right"",""sender"":{""id"":""01M0TTRGJ55RK21NQM11GGHNRN"",""name"":""Repi"",""avatar"":""https://api.dicebear.com/8.x/rings/svg?seed=Repi""}}]",2026-08-24T21:57:06.051228646Z,[1787608626065],2026-08-24T21:57:06.067452644Z,,,true,2026-08-24T21:57:15.067203318Z,01M0TTRGJ55RK21NQM11GGHNRN,2026-08-24T21:56:48.743165356Z,"[""C2"",""B1"",""A4"",""D3""]",2026-08-24T21:36:10.784494398Z,true,2026-08-24T21:57:15.047855953Z,01M0TTMWM9GSP2NP0T4CET96EB,2026-08-24T21:36:10.784494398Z,24,2026-08-24T21:36:10.784494398Z,false,2026-08-24T21:56:49.017440316Z,01M0TV363Y2QH3CGTPHSZR512P,2026-08-24T21:56:48.743165356Z,,,48,2026-08-24T21:36:10.784494398Z,12,2026-08-24T21:36:10.784494398Z,training,2026-08-24T21:36:10.784494398Z,1,2026-08-24T21:36:10.784494398Z,4,2026-08-24T21:36:10.784494398Z,/tangrams/202_441.png,2026-08-24T21:57:15.067203318Z,/tangrams/202_441.png,2026-08-24T21:57:11.86647866Z,1787608630052,2026-08-24T21:57:11.857278613Z,1,2026-08-24T21:36:10.784494398Z,2,2026-08-24T21:36:11.584113367Z,true,2026-08-24T21:56:48.679724983Z,"[""/tangrams/202_441.png"",""/tangrams/348_314.png"",""/tangrams/66_464.png"",""/tangrams/20_24.png""]",2026-08-24T21:36:10.784494398Z,/tangrams/202_441.png,2026-08-24T21:36:10.784494398Z,C2,2026-08-24T21:36:10.784494398Z,12,2026-08-24T21:36:10.784494398Z,23,2026-08-24T21:36:10.784494398Z
01M0TV7K1J0GM5YP41QYZRHNY1,01M0TTMTH8JPTHXWGXYEY1VFR8,2026-08-24T21:36:10.802837953Z,"[{""text"":""2 triangles pointing right with a < shaped design on the right side  looks abit like a tree"",""sender"":{""id"":""01M0TV363Y2QH3CGTPHSZR512P"",""name"":""Minu"",""avatar"":""https://api.dicebear.com/8.x/rings/svg?seed=Minu""}}]",2026-08-24T21:54:06.400647907Z,[1787608446414],2026-08-24T21:54:06.416124012Z,,,true,2026-08-24T21:54:27.626257763Z,01M0TV363Y2QH3CGTPHSZR512P,2026-08-24T21:53:31.811617258Z,"[""D2"",""C4"",""B1"",""A3""]",2026-08-24T21:36:10.802837953Z,true,2026-08-24T21:54:27.578085677Z,01M0TTMWM9GSP2NP0T4CET96EB,2026-08-24T21:36:10.802837953Z,17,2026-08-24T21:36:10.802837953Z,false,2026-08-24T21:53:32.105618937Z,01M0TTRGJ55RK21NQM11GGHNRN,2026-08-24T21:53:31.811617258Z,,,48,2026-08-24T21:36:10.802837953Z,12,2026-08-24T21:36:10.802837953Z,training,2026-08-24T21:36:10.802837953Z,1,2026-08-24T21:36:10.802837953Z,4,2026-08-24T21:36:10.802837953Z,/tangrams/202_464.png,2026-08-24T21:54:27.626257763Z,/tangrams/202_464.png,2026-08-24T21:54:24.201656824Z,1787608464682,2026-08-24T21:54:24.194874393Z,1,2026-08-24T21:36:10.802837953Z,2,2026-08-24T21:36:11.391393029Z,true,2026-08-24T21:53:31.75657187Z,"[""/tangrams/20_441.png"",""/tangrams/202_464.png"",""/tangrams/348_314.png"",""/tangrams/66_24.png""]",2026-08-24T21:36:10.802837953Z,/tangrams/202_464.png,2026-08-24T21:36:10.802837953Z,C4,2026-08-24T21:36:10.802837953Z,5,2026-08-24T21:36:10.802837953Z,16,2026-08-24T21:36:10.802837953Z
01M0TT9KK3BHBVA1ZH643HE54V,01M0TSZGJXR0N6DNTNARWRMFQ4,2026-08-24T21:19:48.323075407Z,,,,,,,,,,,"[""C2"",""D3"",""A4"",""B1""]",2026-08-24T21:19:48.323075407Z,false,2026-08-24T21:19:48.323075407Z,01M0TSZGKE32G3R2H2EPQFBQNN,2026-08-24T21:19:48.323075407Z,35,2026-08-24T21:19:48.323075407Z,,,,,,,48,2026-08-24T21:19:48.323075407Z,12,2026-08-24T21:19:48.323075407Z,training,2026-08-24T21:19:48.323075407Z,2,2026-08-24T21:19:48.323075407Z,4,2026-08-24T21:19:48.323075407Z,,,,2026-08-24T21:19:48.323075407Z,,,0,2026-08-24T21:19:48.323075407Z,2,2026-08-24T21:19:49.181959226Z,false,2026-08-24T21:19:48.323075407Z,"[""/tangrams/422_339.png"",""/tangrams/279_405.png"",""/tangrams/138_66.png"",""/tangrams/366_244.png""]",2026-08-24T21:19:48.323075407Z,/tangrams/279_405.png,2026-08-24T21:19:48.323075407Z,D3,2026-08-24T21:19:48.323075407Z,11,2026-08-24T21:19:48.323075407Z,34,2026-08-24T21:19:48.323075407Z
01M0TTEY3MWPDQRW8TQA14RMMG,01M0TSZEX52H0PZDJFB4JNEAFW,2026-08-24T21:22:42.932921841Z,"[{""text"":""The rectangle bottom with the top pointing to th e left. looks like a water fountain"",""sender"":{""id"":""01M0TT49QHQY8JQV8C5T94HHYZ"",""name"":""Repi"",""avatar"":""https://api.dicebear.com/8.x/rings/svg?seed=Repi""}}]",2026-08-24T21:51:18.039525683Z,[1787608278081],2026-08-24T21:51:18.084797405Z,,,true,2026-08-24T21:51:27.25576317Z,01M0TT49QHQY8JQV8C5T94HHYZ,2026-08-24T21:50:31.605788131Z,"[""F3"",""F1"",""C3"",""F8""]",2026-08-24T21:22:42.932921841Z,true,2026-08-24T21:51:27.239174684Z,01M0TSZEY44B7XSP574QH2WQPJ,2026-08-24T21:22:42.932921841Z,34,2026-08-24T21:22:42.932921841Z,false,2026-08-24T21:50:31.775269864Z,01M0TT9XXJBBQAZ4WANFPESF7T,2026-08-24T21:50:31.605788131Z,,,48,2026-08-24T21:22:42.932921841Z,12,2026-08-24T21:22:42.932921841Z,training,2026-08-24T21:22:42.932921841Z,2,2026-08-24T21:22:42.932921841Z,4,2026-08-24T21:22:42.932921841Z,/tangrams/37_144.png,2026-08-24T21:51:27.25576317Z,/tangrams/37_144.png,2026-08-24T21:51:24.092968293Z,1787608283707,2026-08-24T21:51:24.077098625Z,0,2026-08-24T21:22:42.932921841Z,2,2026-08-24T21:22:43.745800255Z,true,2026-08-24T21:50:31.545625196Z,"[""/tangrams/170_154.png"",""/tangrams/119_182.png"",""/tangrams/422_405.png"",""/tangrams/37_144.png""]",2026-08-24T21:22:42.932921841Z,/tangrams/37_144.png,2026-08-24T21:22:42.932921841Z,F8,2026-08-24T21:22:42.932921841Z,10,2026-08-24T21:22:42.932921841Z,33,2026-08-24T21:22:42.932921841Z
01M0TT9KHV9ZBBDTZGZM1NB4FF,01M0TSZGJXR0N6DNTNARWRMFQ4,2026-08-24T21:19:48.283971468Z,,,,,,,,,,,"[""A2"",""C4"",""D1"",""B3""]",2026-08-24T21:19:48.283971468Z,false,2026-08-24T21:19:48.283971468Z,01M0TSZGKE32G3R2H2EPQFBQNN,2026-08-24T21:19:48.283971468Z,12,2026-08-24T21:19:48.283971468Z,,,,,,,48,2026-08-24T21:19:48.283971468Z,12,2026-08-24T21:19:48.283971468Z,training,2026-08-24T21:19:48.283971468Z,0,2026-08-24T21:19:48.283971468Z,4,2026-08-24T21:19:48.283971468Z,,,,2026-08-24T21:19:48.283971468Z,,,0,2026-08-24T21:19:48.283971468Z,2,2026-08-24T21:19:48.679864743Z,false,2026-08-24T21:19:48.283971468Z,"[""/tangrams/138_339.png"",""/tangrams/422_66.png"",""/tangrams/279_244.png"",""/tangrams/366_405.png""]",2026-08-24T21:19:48.283971468Z,/tangrams/279_244.png,2026-08-24T21:19:48.283971468Z,D1,2026-08-24T21:19:48.283971468Z,12,2026-08-24T21:19:48.283971468Z,11,2026-08-24T21:19:48.283971468Z
01M0TTKMV5F2GPZT995M1JEDMB,01M0TSZEX52H0PZDJFB4JNEAFW,2026-08-24T21:25:17.28525981Z,"[{""text"":""diamond on top"",""sender"":{""id"":""01M0TTF3ADJ36CYQBD8356XFNQ"",""name"":""Minu"",""avatar"":""https://api.dicebear.com/8.x/rings/svg?seed=Minu""}}]",2026-08-24T21:36:33.458938399Z,[1787607393467],2026-08-24T21:36:33.469268852Z,,,true,2026-08-24T21:36:41.738182522Z,01M0TTF3ADJ36CYQBD8356XFNQ,2026-08-24T21:36:26.399733463Z,"[""D1"",""A2"",""B3"",""C4""]",2026-08-24T21:25:17.28525981Z,true,2026-08-24T21:36:41.723523812Z,01M0TSZEY173D8F3KEP071GR06,2026-08-24T21:25:17.28525981Z,5,2026-08-24T21:25:17.28525981Z,false,2026-08-24T21:36:26.55671134Z,01M0TT55D1DRDQ3JPT1CDTT5VN,2026-08-24T21:36:26.399733463Z,,,48,2026-08-24T21:25:17.28525981Z,12,2026-08-24T21:25:17.28525981Z,training,2026-08-24T21:25:17.28525981Z,0,2026-08-24T21:25:17.28525981Z,4,2026-08-24T21:25:17.28525981Z,/tangrams/138_339.png,2026-08-24T21:36:41.738182522Z,/tangrams/138_339.png,2026-08-24T21:36:38.596399788Z,1787607398327,2026-08-24T21:36:38.584506812Z,0,2026-08-24T21:25:17.28525981Z,2,2026-08-24T21:25:17.694969291Z,true,2026-08-24T21:36:26.329138232Z,"[""/tangrams/279_244.png"",""/tangrams/138_339.png"",""/tangrams/366_405.png"",""/tangrams/422_66.png""]",2026-08-24T21:25:17.28525981Z,/tangrams/138_339.png,2026-08-24T21:25:17.28525981Z,A2,2026-08-24T21:25:17.28525981Z,5,2026-08-24T21:25:17.28525981Z,4,2026-08-24T21:25:17.28525981Z
01M0TTK10WESK9XX1EVC2AFESQ,01M0TSZEX52H0PZDJFB4JNEAFW,2026-08-24T21:24:56.988846629Z,"[{""text"":""yo"",""sender"":{""id"":""01M0TT7FNH08P86PFHWCV3NRS8"",""name"":""Repi"",""avatar"":""https://api.dicebear.com/8.x/rings/svg?seed=Repi""}},{""text"":""cutout triangle shape on bottom pyramid ontop"",""sender"":{""id"":""01M0TT7ZVRQQW92P55GPN9KMMS"",""name"":""Minu"",""avatar"":""https://api.dicebear.com/8.x/rings/svg?seed=Minu""}},{""text"":""more"",""sender"":{""id"":""01M0TT7FNH08P86PFHWCV3NRS8"",""name"":""Repi"",""avatar"":""https://api.dicebear.com/8.x/rings/svg?seed=Repi""}},{""text"":""bottom of screen\\"",""sender"":{""id"":""01M0TT7ZVRQQW92P55GPN9KMMS"",""name"":""Minu"",""avatar"":""https://api.dicebear.com/8.x/rings/svg?seed=Minu""}}]",2026-08-24T21:49:08.771583671Z,"[1787608098297,1787608116575,1787608137505,1787608148783]",2026-08-24T21:49:08.785110967Z,,,true,2026-08-24T21:49:12.46601236Z,01M0TT7ZVRQQW92P55GPN9KMMS,2026-08-24T21:48:11.894628694Z,"[""A2"",""D1"",""C2"",""A3""]",2026-08-24T21:24:56.988846629Z,true,2026-08-24T21:49:12.446138625Z,01M0TSZEY54T11A9AMGVA6T4ZB,2026-08-24T21:24:56.988846629Z,9,2026-08-24T21:24:56.988846629Z,false,2026-08-24T21:48:12.110817236Z,01M0TT7FNH08P86PFHWCV3NRS8,2026-08-24T21:48:11.894628694Z,,,48,2026-08-24T21:24:56.988846629Z,12,2026-08-24T21:24:56.988846629Z,training,2026-08-24T21:24:56.988846629Z,0,2026-08-24T21:24:56.988846629Z,4,2026-08-24T21:24:56.988846629Z,/tangrams/138_339.png,2026-08-24T21:49:12.46601236Z,/tangrams/138_339.png,2026-08-24T21:49:09.302296579Z,1787608149408,2026-08-24T21:49:09.287367233Z,0,2026-08-24T21:24:56.988846629Z,2,2026-08-24T21:24:57.421709573Z,true,2026-08-24T21:48:11.837992116Z,"[""/tangrams/138_339.png"",""/tangrams/279_244.png"",""/tangrams/422_339.png"",""/tangrams/138_405.png""]",2026-08-24T21:24:56.988846629Z,/tangrams/138_339.png,2026-08-24T21:24:56.988846629Z,A2,2026-08-24T21:24:56.988846629Z,9,2026-08-24T21:24:56.988846629Z,8,2026-08-24T21:24:56.988846629Z
01M0TTK13C985P8CWDVEJEG750,01M0TSZEX52H0PZDJFB4JNEAFW,2026-08-24T21:24:57.068632397Z,"[{""text"":""house cutout bottom"",""sender"":{""id"":""01M0TT7ZVRQQW92P55GPN9KMMS"",""name"":""Minu"",""avatar"":""https://api.dicebear.com/8.x/rings/svg?seed=Minu""}},{""text"":""and top"",""sender"":{""id"":""01M0TT7ZVRQQW92P55GPN9KMMS"",""name"":""Minu"",""avatar"":""https://api.dicebear.com/8.x/rings/svg?seed=Minu""}},{""text"":""lets just get this over with"",""sender"":{""id"":""01M0TT7ZVRQQW92P55GPN9KMMS"",""name"":""Minu"",""avatar"":""https://api.dicebear.com/8.x/rings/svg?seed=Minu""}}]",2026-08-24T22:06:26.991315431Z,"[1787609168024,1787609178607,1787609187007]",2026-08-24T22:06:27.010520722Z,,,true,2026-08-24T22:06:37.954723319Z,01M0TT7ZVRQQW92P55GPN9KMMS,2026-08-24T22:05:59.429523473Z,"[""B4"",""A3"",""B3"",""C1""]",2026-08-24T21:24:57.068632397Z,true,2026-08-24T22:06:37.937629813Z,01M0TSZEY54T11A9AMGVA6T4ZB,2026-08-24T21:24:57.068632397Z,33,2026-08-24T21:24:57.068632397Z,false,2026-08-24T22:05:59.632506277Z,01M0TT7FNH08P86PFHWCV3NRS8,2026-08-24T22:05:59.429523473Z,,,48,2026-08-24T21:24:57.068632397Z,12,2026-08-24T21:24:57.068632397Z,training,2026-08-24T21:24:57.068632397Z,2,2026-08-24T21:24:57.068632397Z,4,2026-08-24T21:24:57.068632397Z,/tangrams/366_405.png,2026-08-24T22:06:37.954723319Z,/tangrams/366_405.png,2026-08-24T22:06:34.724935991Z,1787609194857,2026-08-24T22:06:34.733972324Z,0,2026-08-24T21:24:57.068632397Z,2,2026-08-24T21:24:57.84599073Z,true,2026-08-24T22:05:59.35674417Z,"[""/tangrams/366_66.png"",""/tangrams/138_405.png"",""/tangrams/366_405.png"",""/tangrams/422_244.png""]",2026-08-24T21:24:57.068632397Z,/tangrams/366_405.png,2026-08-24T21:24:57.068632397Z,B3,2026-08-24T21:24:57.068632397Z,9,2026-08-24T21:24:57.068632397Z,32,2026-08-24T21:24:57.068632397Z
01M0TTKDEP6P9CM4EEBBK2TNAF,01M0TSZGJXR0N6DNTNARWRMFQ4,2026-08-24T21:25:09.718107971Z,,,,,,,,,,,"[""B3"",""A3"",""C2"",""A4""]",2026-08-24T21:25:09.718107971Z,false,2026-08-24T21:25:09.718107971Z,01M0TSZGKM72FFW193EYG47F25,2026-08-24T21:25:09.718107971Z,32,2026-08-24T21:25:09.718107971Z,,,,,,,48,2026-08-24T21:25:09.718107971Z,12,2026-08-24T21:25:09.718107971Z,training,2026-08-24T21:25:09.718107971Z,2,2026-08-24T21:25:09.718107971Z,4,2026-08-24T21:25:09.718107971Z,,,,2026-08-24T21:25:09.718107971Z,,,0,2026-08-24T21:25:09.718107971Z,2,2026-08-24T21:25:10.408961413Z,false,2026-08-24T21:25:09.718107971Z,"[""/tangrams/366_405.png"",""/tangrams/138_405.png"",""/tangrams/422_339.png"",""/tangrams/138_66.png""]",2026-08-24T21:25:09.718107971Z,/tangrams/138_405.png,2026-08-24T21:25:09.718107971Z,A3,2026-08-24T21:25:09.718107971Z,8,2026-08-24T21:25:09.718107971Z,31,2026-08-24T21:25:09.718107971Z
01M0TTYQ395FJA2C53BEC3KBSA,01M0TTMTH8JPTHXWGXYEY1VFR8,2026-08-24T21:31:20.041499721Z,,,,,,,,,,,"[""C4"",""C1"",""B3"",""D1""]",2026-08-24T21:31:20.041499721Z,false,2026-08-24T21:31:20.041499721Z,01M0TTMWMDPGAHQRDA7BZJ8FEZ,2026-08-24T21:31:20.041499721Z,47,2026-08-24T21:31:20.041499721Z,,,,,,,48,2026-08-24T21:31:20.041499721Z,12,2026-08-24T21:31:20.041499721Z,training,2026-08-24T21:31:20.041499721Z,3,2026-08-24T21:31:20.041499721Z,4,2026-08-24T21:31:20.041499721Z,,,,2026-08-24T21:31:20.041499721Z,,,1,2026-08-24T21:31:20.041499721Z,2,2026-08-24T21:31:22.530843546Z,false,2026-08-24T21:31:20.041499721Z,"[""/tangrams/202_464.png"",""/tangrams/202_314.png"",""/tangrams/348_24.png"",""/tangrams/20_314.png""]",2026-08-24T21:31:20.041499721Z,/tangrams/202_314.png,2026-08-24T21:31:20.041499721Z,C1,2026-08-24T21:31:20.041499721Z,11,2026-08-24T21:31:20.041499721Z,46,2026-08-24T21:31:20.041499721Z
01M0TTA582BRRBVPN2AVG5D4V2,01M0TSZV7X3D77NKMM5CDCW4Z6,2026-08-24T21:20:06.402666514Z,"[{""text"":""blocky face graduation cap bottom. house middle.  small wider diamond up top"",""sender"":{""id"":""01M0TT3ZTTV22XQGZD0K61T6A4"",""name"":""Repi"",""avatar"":""https://api.dicebear.com/8.x/rings/svg?seed=Repi""}}]",2026-08-24T21:46:28.714524205Z,[1787607988726],2026-08-24T21:46:28.727526335Z,,,true,2026-08-24T21:46:38.227361226Z,01M0TT3ZTTV22XQGZD0K61T6A4,2026-08-24T21:46:08.057590655Z,"[""F6"",""F5"",""B2"",""F3""]",2026-08-24T21:20:06.402666514Z,true,2026-08-24T21:46:38.21053966Z,01M0TSZV8KEDQHAT4X3FNKVS2B,2026-08-24T21:20:06.402666514Z,42,2026-08-24T21:20:06.402666514Z,false,2026-08-24T21:46:08.195117828Z,01M0TT4SZRTK7MV5T48R9G1GQH,2026-08-24T21:46:08.057590655Z,,,48,2026-08-24T21:20:06.402666514Z,12,2026-08-24T21:20:06.402666514Z,training,2026-08-24T21:20:06.402666514Z,3,2026-08-24T21:20:06.402666514Z,4,2026-08-24T21:20:06.402666514Z,/tangrams/456_48.png,2026-08-24T21:46:38.227361226Z,/tangrams/456_48.png,2026-08-24T21:46:35.037991912Z,1787607994917,2026-08-24T21:46:35.030978999Z,0,2026-08-24T21:20:06.402666514Z,2,2026-08-24T21:20:07.413510812Z,true,2026-08-24T21:46:08.003264894Z,"[""/tangrams/134_125.png"",""/tangrams/456_48.png"",""/tangrams/366_339.png"",""/tangrams/170_154.png""]",2026-08-24T21:20:06.402666514Z,/tangrams/456_48.png,2026-08-24T21:20:06.402666514Z,F5,2026-08-24T21:20:06.402666514Z,6,2026-08-24T21:20:06.402666514Z,41,2026-08-24T21:20:06.402666514Z
01M0TTEY28WHD0VKMXHMM16XDA,01M0TSZEX52H0PZDJFB4JNEAFW,2026-08-24T21:22:42.888498337Z,,,,,,,,,,,,,true,2026-08-24T21:27:38.962713834Z,01M0TSZEY44B7XSP574QH2WQPJ,2026-08-24T21:22:42.888498337Z,0,2026-08-24T21:22:42.888498337Z,false,2026-08-24T21:22:46.951485384Z,,,8,2026-08-24T21:22:42.888498337Z,,,,,pretest,2026-08-24T21:22:42.888498337Z,,,,,,,,2026-08-24T21:22:46.77654217Z,,,,,1,2026-08-24T21:22:43.112710701Z,true,2026-08-24T21:22:44.716617959Z,[],2026-08-24T21:22:42.888498337Z,,2026-08-24T21:22:42.888498337Z,,,,,,
01M0TTK10A7AKK5NF8W8WR1SKC,01M0TSZEX52H0PZDJFB4JNEAFW,2026-08-24T21:24:56.970951967Z,"[{""text"":""1 roof house parallelogram tri/diam under"",""sender"":{""id"":""01M0TT7FNH08P86PFHWCV3NRS8"",""name"":""Repi"",""avatar"":""https://api.dicebear.com/8.x/rings/svg?seed=Repi""}}]",2026-08-24T22:13:35.189031187Z,[1787609615205],2026-08-24T22:13:35.207879278Z,,,true,2026-08-24T22:13:51.86738383Z,01M0TT7FNH08P86PFHWCV3NRS8,2026-08-24T22:13:04.731141137Z,"[""C4"",""A2"",""C1"",""D1""]",2026-08-24T21:24:56.970951967Z,true,2026-08-24T22:13:51.843799112Z,01M0TSZEY54T11A9AMGVA6T4ZB,2026-08-24T21:24:56.970951967Z,46,2026-08-24T21:24:56.970951967Z,false,2026-08-24T22:13:04.931648439Z,01M0TT7ZVRQQW92P55GPN9KMMS,2026-08-24T22:13:04.731141137Z,,,48,2026-08-24T21:24:56.970951967Z,12,2026-08-24T21:24:56.970951967Z,training,2026-08-24T21:24:56.970951967Z,3,2026-08-24T21:24:56.970951967Z,4,2026-08-24T21:24:56.970951967Z,/tangrams/422_244.png,2026-08-24T22:13:51.86738383Z,/tangrams/422_244.png,2026-08-24T22:13:48.643099652Z,1787609631065,2026-08-24T22:13:48.634617313Z,0,2026-08-24T21:24:56.970951967Z,2,2026-08-24T21:24:58.147507984Z,true,2026-08-24T22:13:04.645839986Z,"[""/tangrams/422_66.png"",""/tangrams/138_339.png"",""/tangrams/422_244.png"",""/tangrams/279_244.png""]",2026-08-24T21:24:56.970951967Z,/tangrams/422_244.png,2026-08-24T21:24:56.970951967Z,C1,2026-08-24T21:24:56.970951967Z,10,2026-08-24T21:24:56.970951967Z,45,2026-08-24T21:24:56.970951967Z
01M0TTKDAXE8SPJ3HA7321D92E,01M0TSZGJXR0N6DNTNARWRMFQ4,2026-08-24T21:25:09.597911466Z,,,,,,,,,,,"[""A2"",""B1"",""D2"",""A3""]",2026-08-24T21:25:09.597911466Z,false,2026-08-24T21:25:09.597911466Z,01M0TSZGKM72FFW193EYG47F25,2026-08-24T21:25:09.597911466Z,18,2026-08-24T21:25:09.597911466Z,,,,,,,48,2026-08-24T21:25:09.597911466Z,12,2026-08-24T21:25:09.597911466Z,training,2026-08-24T21:25:09.597911466Z,1,2026-08-24T21:25:09.597911466Z,4,2026-08-24T21:25:09.597911466Z,,,,2026-08-24T21:25:09.597911466Z,,,0,2026-08-24T21:25:09.597911466Z,2,2026-08-24T21:25:10.16599326Z,false,2026-08-24T21:25:09.597911466Z,"[""/tangrams/138_339.png"",""/tangrams/366_244.png"",""/tangrams/279_339.png"",""/tangrams/138_405.png""]",2026-08-24T21:25:09.597911466Z,/tangrams/138_339.png,2026-08-24T21:25:09.597911466Z,A2,2026-08-24T21:25:09.597911466Z,6,2026-08-24T21:25:09.597911466Z,17,2026-08-24T21:25:09.597911466Z
01M0TTMQR1W58442SPPYZSPSKX,01M0TSZV7X3D77NKMM5CDCW4Z6,2026-08-24T21:25:53.025833591Z,"[{""text"":""3 tris left"",""sender"":{""id"":""01M0TT4JP6VSYSTADD58E33WM9"",""name"":""Repi"",""avatar"":""https://api.dicebear.com/8.x/rings/svg?seed=Repi""}}]",2026-08-24T21:55:10.404378436Z,[1787608510418],2026-08-24T21:55:10.420215894Z,,,true,2026-08-24T21:55:21.560244089Z,01M0TT4JP6VSYSTADD58E33WM9,2026-08-24T21:55:01.653820698Z,"[""A2"",""C4"",""D3"",""B1""]",2026-08-24T21:25:53.025833591Z,true,2026-08-24T21:55:21.542854722Z,01M0TSZV8ERABP36QP2627EVMT,2026-08-24T21:25:53.025833591Z,48,2026-08-24T21:25:53.025833591Z,false,2026-08-24T21:55:01.918685298Z,01M0TT4SREDP4QR1H8V4E3X5G9,2026-08-24T21:55:01.653820698Z,,,48,2026-08-24T21:25:53.025833591Z,12,2026-08-24T21:25:53.025833591Z,training,2026-08-24T21:25:53.025833591Z,3,2026-08-24T21:25:53.025833591Z,4,2026-08-24T21:25:53.025833591Z,/tangrams/348_314.png,2026-08-24T21:55:21.560244089Z,/tangrams/348_314.png,2026-08-24T21:55:18.335313993Z,1787608517397,2026-08-24T21:55:18.344422643Z,1,2026-08-24T21:25:53.025833591Z,2,2026-08-24T21:25:54.342602914Z,true,2026-08-24T21:55:01.596347418Z,"[""/tangrams/66_441.png"",""/tangrams/202_464.png"",""/tangrams/20_24.png"",""/tangrams/348_314.png""]",2026-08-24T21:25:53.025833591Z,/tangrams/348_314.png,2026-08-24T21:25:53.025833591Z,B1,2026-08-24T21:25:53.025833591Z,12,2026-08-24T21:25:53.025833591Z,47,2026-08-24T21:25:53.025833591Z
01M0TTYQ87WY64T143PF8FJ197,01M0TTMTH8JPTHXWGXYEY1VFR8,2026-08-24T21:31:20.199660794Z,,,,,,,,,,,"[""D1"",""B4"",""A2"",""D2""]",2026-08-24T21:31:20.199660794Z,false,2026-08-24T21:31:20.199660794Z,01M0TTMWMDPGAHQRDA7BZJ8FEZ,2026-08-24T21:31:20.199660794Z,37,2026-08-24T21:31:20.199660794Z,,,,,,,48,2026-08-24T21:31:20.199660794Z,12,2026-08-24T21:31:20.199660794Z,training,2026-08-24T21:31:20.199660794Z,3,2026-08-24T21:31:20.199660794Z,4,2026-08-24T21:31:20.199660794Z,,,,2026-08-24T21:31:20.199660794Z,,,1,2026-08-24T21:31:20.199660794Z,2,2026-08-24T21:31:22.141669163Z,false,2026-08-24T21:31:20.199660794Z,"[""/tangrams/20_314.png"",""/tangrams/348_464.png"",""/tangrams/66_441.png"",""/tangrams/20_441.png""]",2026-08-24T21:31:20.199660794Z,/tangrams/20_441.png,2026-08-24T21:31:20.199660794Z,D2,2026-08-24T21:31:20.199660794Z,1,2026-08-24T21:31:20.199660794Z,36,2026-08-24T21:31:20.199660794Z
01M0TTA592MXWP6YXSMDNF9JHB,01M0TSZV7X3D77NKMM5CDCW4Z6,2026-08-24T21:20:06.43436405Z,"[{""text"":""Diamond at the top, a diamond and a triangle at the bottom"",""sender"":{""id"":""01M0TT4SZRTK7MV5T48R9G1GQH"",""name"":""Minu"",""avatar"":""https://api.dicebear.com/8.x/rings/svg?seed=Minu""}}]",2026-08-24T21:42:35.187110563Z,[1787607760543],2026-08-24T21:42:40.544558907Z,,,true,2026-08-24T21:42:46.014208408Z,01M0TT4SZRTK7MV5T48R9G1GQH,2026-08-24T21:42:23.013223262Z,"[""F5"",""C3"",""A1"",""F3""]",2026-08-24T21:20:06.43436405Z,true,2026-08-24T21:42:45.995631947Z,01M0TSZV8KEDQHAT4X3FNKVS2B,2026-08-24T21:20:06.43436405Z,33,2026-08-24T21:20:06.43436405Z,false,2026-08-24T21:42:23.173738606Z,01M0TT3ZTTV22XQGZD0K61T6A4,2026-08-24T21:42:23.013223262Z,,,48,2026-08-24T21:20:06.43436405Z,12,2026-08-24T21:20:06.43436405Z,training,2026-08-24T21:20:06.43436405Z,2,2026-08-24T21:20:06.43436405Z,4,2026-08-24T21:20:06.43436405Z,/tangrams/138_244.png,2026-08-24T21:42:46.014208408Z,/tangrams/138_244.png,2026-08-24T21:42:40.248996884Z,1787607760158,2026-08-24T21:42:40.243824614Z,0,2026-08-24T21:20:06.43436405Z,2,2026-08-24T21:20:07.25197225Z,true,2026-08-24T21:42:22.964842843Z,"[""/tangrams/456_48.png"",""/tangrams/422_405.png"",""/tangrams/138_244.png"",""/tangrams/170_154.png""]",2026-08-24T21:20:06.43436405Z,/tangrams/138_244.png,2026-08-24T21:20:06.43436405Z,A1,2026-08-24T21:20:06.43436405Z,9,2026-08-24T21:20:06.43436405Z,32,2026-08-24T21:20:06.43436405Z
01M0TTEY3V3GPCXRAB0KTB5A4J,01M0TSZEX52H0PZDJFB4JNEAFW,2026-08-24T21:22:42.93913219Z,"[{""text"":""Triangle on top of diamond on top of upside triangle pole"",""sender"":{""id"":""01M0TT49QHQY8JQV8C5T94HHYZ"",""name"":""Repi"",""avatar"":""https://api.dicebear.com/8.x/rings/svg?seed=Repi""}}]",2026-08-24T21:49:43.539412814Z,[1787608183551],2026-08-24T21:49:43.552927443Z,,,true,2026-08-24T21:49:57.050902015Z,01M0TT49QHQY8JQV8C5T94HHYZ,2026-08-24T21:49:02.208230652Z,"[""F1"",""F5"",""B2"",""F3""]",2026-08-24T21:22:42.93913219Z,true,2026-08-24T21:49:57.028313549Z,01M0TSZEY44B7XSP574QH2WQPJ,2026-08-24T21:22:42.93913219Z,32,2026-08-24T21:22:42.93913219Z,false,2026-08-24T21:49:02.383128769Z,01M0TT9XXJBBQAZ4WANFPESF7T,2026-08-24T21:49:02.208230652Z,,,48,2026-08-24T21:22:42.93913219Z,12,2026-08-24T21:22:42.93913219Z,training,2026-08-24T21:22:42.93913219Z,2,2026-08-24T21:22:42.93913219Z,4,2026-08-24T21:22:42.93913219Z,/tangrams/119_182.png,2026-08-24T21:49:57.050902015Z,/tangrams/119_182.png,2026-08-24T21:49:53.880615166Z,1787608193548,2026-08-24T21:49:53.87279589Z,0,2026-08-24T21:22:42.93913219Z,2,2026-08-24T21:22:43.710136126Z,true,2026-08-24T21:49:02.144717497Z,"[""/tangrams/119_182.png"",""/tangrams/456_48.png"",""/tangrams/366_339.png"",""/tangrams/170_154.png""]",2026-08-24T21:22:42.93913219Z,/tangrams/119_182.png,2026-08-24T21:22:42.93913219Z,F1,2026-08-24T21:22:42.93913219Z,8,2026-08-24T21:22:42.93913219Z,31,2026-08-24T21:22:42.93913219Z
01M0TTMQR3HQG5TX6WBJX25RHH,01M0TSZV7X3D77NKMM5CDCW4Z6,2026-08-24T21:25:53.028006533Z,"[{""text"":""triangle bottom left"",""sender"":{""id"":""01M0TT4JP6VSYSTADD58E33WM9"",""name"":""Repi"",""avatar"":""https://api.dicebear.com/8.x/rings/svg?seed=Repi""}}]",2026-08-24T21:35:07.228360555Z,[1787607307236],2026-08-24T21:35:07.238958214Z,,,true,2026-08-24T21:35:25.984332664Z,01M0TT4JP6VSYSTADD58E33WM9,2026-08-24T21:34:51.773035105Z,"[""B1"",""C2"",""A4"",""D3""]",2026-08-24T21:25:53.028006533Z,true,2026-08-24T21:35:25.968444736Z,01M0TSZV8ERABP36QP2627EVMT,2026-08-24T21:25:53.028006533Z,4,2026-08-24T21:25:53.028006533Z,false,2026-08-24T21:34:51.924371316Z,01M0TT4SREDP4QR1H8V4E3X5G9,2026-08-24T21:34:51.773035105Z,,,48,2026-08-24T21:25:53.028006533Z,12,2026-08-24T21:25:53.028006533Z,training,2026-08-24T21:25:53.028006533Z,0,2026-08-24T21:25:53.028006533Z,4,2026-08-24T21:25:53.028006533Z,/tangrams/202_441.png,2026-08-24T21:35:25.984332664Z,/tangrams/202_441.png,2026-08-24T21:35:22.813862343Z,1787607321891,2026-08-24T21:35:22.823340329Z,1,2026-08-24T21:25:53.028006533Z,2,2026-08-24T21:25:53.431242448Z,true,2026-08-24T21:34:51.729391874Z,"[""/tangrams/348_314.png"",""/tangrams/202_441.png"",""/tangrams/66_464.png"",""/tangrams/20_24.png""]",2026-08-24T21:25:53.028006533Z,/tangrams/202_441.png,2026-08-24T21:25:53.028006533Z,C2,2026-08-24T21:25:53.028006533Z,4,2026-08-24T21:25:53.028006533Z,3,2026-08-24T21:25:53.028006533Z
01M0TTTPGF52Q5AKEG7QSP2T2X,01M0TSZV7X3D77NKMM5CDCW4Z6,2026-08-24T21:29:08.367873793Z,"[{""text"":""Looks like a spiked fish with a stop sign like head"",""sender"":{""id"":""01M0TTBQPRE9XMJHBPDKM8GTC4"",""name"":""Minu"",""avatar"":""https://api.dicebear.com/8.x/rings/svg?seed=Minu""}}]",2026-08-24T22:12:41.860185751Z,[1787609561874],2026-08-24T22:12:41.877344135Z,,,true,2026-08-24T22:12:50.544070765Z,01M0TTBQPRE9XMJHBPDKM8GTC4,2026-08-24T22:12:20.810348791Z,"[""A3"",""D1"",""A4"",""B4""]",2026-08-24T21:29:08.367873793Z,true,2026-08-24T22:12:50.515729247Z,01M0TSZV8KEDQHAT4X33M1GG1C,2026-08-24T21:29:08.367873793Z,43,2026-08-24T21:29:08.367873793Z,false,2026-08-24T22:12:21.020906304Z,01M0TT467Q69C5HQ20GW6FRRF2,2026-08-24T22:12:20.810348791Z,,,48,2026-08-24T21:29:08.367873793Z,12,2026-08-24T21:29:08.367873793Z,training,2026-08-24T21:29:08.367873793Z,3,2026-08-24T21:29:08.367873793Z,4,2026-08-24T21:29:08.367873793Z,/tangrams/66_464.png,2026-08-24T22:12:50.544070765Z,/tangrams/66_464.png,2026-08-24T22:12:47.308088367Z,1787609564553,2026-08-24T22:12:47.315385698Z,1,2026-08-24T21:29:08.367873793Z,2,2026-08-24T21:29:10.467157837Z,true,2026-08-24T22:12:20.733355945Z,"[""/tangrams/66_24.png"",""/tangrams/20_314.png"",""/tangrams/66_464.png"",""/tangrams/348_464.png""]",2026-08-24T21:29:08.367873793Z,/tangrams/66_464.png,2026-08-24T21:29:08.367873793Z,A4,2026-08-24T21:29:08.367873793Z,7,2026-08-24T21:29:08.367873793Z,42,2026-08-24T21:29:08.367873793Z
01M0TV7JMV7SXYDW68X3BHREMX,01M0TTMTH8JPTHXWGXYEY1VFR8,2026-08-24T21:36:10.395211291Z,"[{""text"":""tree fell over"",""sender"":{""id"":""01M0TTRGJ55RK21NQM11GGHNRN"",""name"":""Repi"",""avatar"":""https://api.dicebear.com/8.x/rings/svg?seed=Repi""}}]",2026-08-24T21:55:17.896468564Z,[1787608517910],2026-08-24T21:55:17.911805913Z,,,true,2026-08-24T21:55:23.810159764Z,01M0TTRGJ55RK21NQM11GGHNRN,2026-08-24T21:55:09.024049424Z,"[""C1"",""D2"",""B4"",""A3""]",2026-08-24T21:36:10.395211291Z,true,2026-08-24T21:55:23.789833244Z,01M0TTMWM9GSP2NP0T4CET96EB,2026-08-24T21:36:10.395211291Z,20,2026-08-24T21:36:10.395211291Z,false,2026-08-24T21:55:09.297910906Z,01M0TV363Y2QH3CGTPHSZR512P,2026-08-24T21:55:09.024049424Z,,,48,2026-08-24T21:36:10.395211291Z,12,2026-08-24T21:36:10.395211291Z,training,2026-08-24T21:36:10.395211291Z,1,2026-08-24T21:36:10.395211291Z,4,2026-08-24T21:36:10.395211291Z,/tangrams/348_464.png,2026-08-24T21:55:23.810159764Z,/tangrams/348_464.png,2026-08-24T21:55:20.61511658Z,1787608518806,2026-08-24T21:55:20.60630719Z,1,2026-08-24T21:36:10.395211291Z,2,2026-08-24T21:36:11.468078299Z,true,2026-08-24T21:55:08.955954519Z,"[""/tangrams/202_314.png"",""/tangrams/20_441.png"",""/tangrams/348_464.png"",""/tangrams/66_24.png""]",2026-08-24T21:36:10.395211291Z,/tangrams/348_464.png,2026-08-24T21:36:10.395211291Z,B4,2026-08-24T21:36:10.395211291Z,8,2026-08-24T21:36:10.395211291Z,19,2026-08-24T21:36:10.395211291Z
01M0TV7K25RC6BZHP7Q1MHPX1W,01M0TTMTH8JPTHXWGXYEY1VFR8,2026-08-24T21:36:10.821976481Z,"[{""text"":""3 spikes going left, there looks like a small outline of white mountains in the bottom at the middle"",""sender"":{""id"":""01M0TV363Y2QH3CGTPHSZR512P"",""name"":""Minu"",""avatar"":""https://api.dicebear.com/8.x/rings/svg?seed=Minu""}}]",2026-08-24T21:45:03.233179006Z,[1787607903243],2026-08-24T21:45:03.245426152Z,,,true,2026-08-24T21:45:24.188948358Z,01M0TV363Y2QH3CGTPHSZR512P,2026-08-24T21:44:41.259235491Z,"[""C4"",""D3"",""A2"",""B1""]",2026-08-24T21:36:10.821976481Z,true,2026-08-24T21:45:24.17115486Z,01M0TTMWM9GSP2NP0T4CET96EB,2026-08-24T21:36:10.821976481Z,1,2026-08-24T21:36:10.821976481Z,false,2026-08-24T21:44:41.541162415Z,01M0TTRGJ55RK21NQM11GGHNRN,2026-08-24T21:44:41.259235491Z,,,48,2026-08-24T21:36:10.821976481Z,12,2026-08-24T21:36:10.821976481Z,training,2026-08-24T21:36:10.821976481Z,0,2026-08-24T21:36:10.821976481Z,4,2026-08-24T21:36:10.821976481Z,/tangrams/348_314.png,2026-08-24T21:45:24.188948358Z,/tangrams/348_314.png,2026-08-24T21:45:21.043418197Z,1787607921541,2026-08-24T21:45:21.029968908Z,1,2026-08-24T21:36:10.821976481Z,2,2026-08-24T21:36:10.931556412Z,true,2026-08-24T21:44:41.187093494Z,"[""/tangrams/202_464.png"",""/tangrams/20_24.png"",""/tangrams/66_441.png"",""/tangrams/348_314.png""]",2026-08-24T21:36:10.821976481Z,/tangrams/348_314.png,2026-08-24T21:36:10.821976481Z,B1,2026-08-24T21:36:10.821976481Z,1,2026-08-24T21:36:10.821976481Z,0,2026-08-24T21:36:10.821976481Z
01M0TTA5796WFMQCP8QWHHCX3F,01M0TSZV7X3D77NKMM5CDCW4Z6,2026-08-24T21:20:06.377378162Z,"[{""text"":""Looks like a wide house at bottom, then a short rectangle above that, then a boat, then on top a small diamond"",""sender"":{""id"":""01M0TT3ZTTV22XQGZD0K61T6A4"",""name"":""Repi"",""avatar"":""https://api.dicebear.com/8.x/rings/svg?seed=Repi""}}]",2026-08-24T21:24:03.146268963Z,[1787606643149],2026-08-24T21:24:03.153295561Z,,,true,2026-08-24T21:24:12.265301933Z,01M0TT3ZTTV22XQGZD0K61T6A4,2026-08-24T21:23:30.707544394Z,"[""C3"",""F6"",""F4"",""F1""]",2026-08-24T21:20:06.377378162Z,true,2026-08-24T21:24:12.257803592Z,01M0TSZV8KEDQHAT4X3FNKVS2B,2026-08-24T21:20:06.377378162Z,2,2026-08-24T21:20:06.377378162Z,false,2026-08-24T21:23:30.80524141Z,01M0TT4SZRTK7MV5T48R9G1GQH,2026-08-24T21:23:30.707544394Z,,,48,2026-08-24T21:20:06.377378162Z,12,2026-08-24T21:20:06.377378162Z,training,2026-08-24T21:20:06.377378162Z,0,2026-08-24T21:20:06.377378162Z,4,2026-08-24T21:20:06.377378162Z,/tangrams/134_125.png,2026-08-24T21:24:12.265301933Z,/tangrams/134_125.png,2026-08-24T21:24:09.154190924Z,1787606649034,2026-08-24T21:24:09.151324764Z,0,2026-08-24T21:20:06.377378162Z,2,2026-08-24T21:20:06.684272528Z,true,2026-08-24T21:23:30.685262857Z,"[""/tangrams/422_405.png"",""/tangrams/134_125.png"",""/tangrams/434_227.png"",""/tangrams/119_182.png""]",2026-08-24T21:20:06.377378162Z,/tangrams/134_125.png,2026-08-24T21:20:06.377378162Z,F6,2026-08-24T21:20:06.377378162Z,2,2026-08-24T21:20:06.377378162Z,1,2026-08-24T21:20:06.377378162Z
01M0TTKD9QKW72TZS00NN9MRBT,01M0TSZGJXR0N6DNTNARWRMFQ4,2026-08-24T21:25:09.559110607Z,,,,,,,,,,,"[""B1"",""A2"",""C1"",""C4""]",2026-08-24T21:25:09.559110607Z,false,2026-08-24T21:25:09.559110607Z,01M0TSZGKM72FFW193EYG47F25,2026-08-24T21:25:09.559110607Z,8,2026-08-24T21:25:09.559110607Z,,,,,,,48,2026-08-24T21:25:09.559110607Z,12,2026-08-24T21:25:09.559110607Z,training,2026-08-24T21:25:09.559110607Z,0,2026-08-24T21:25:09.559110607Z,4,2026-08-24T21:25:09.559110607Z,,,,2026-08-24T21:25:09.559110607Z,,,0,2026-08-24T21:25:09.559110607Z,2,2026-08-24T21:25:09.981834686Z,false,2026-08-24T21:25:09.559110607Z,"[""/tangrams/366_244.png"",""/tangrams/138_339.png"",""/tangrams/422_244.png"",""/tangrams/422_66.png""]",2026-08-24T21:25:09.559110607Z,/tangrams/422_244.png,2026-08-24T21:25:09.559110607Z,C1,2026-08-24T21:25:09.559110607Z,8,2026-08-24T21:25:09.559110607Z,7,2026-08-24T21:25:09.559110607Z
01M0TTKDF26WFHZ4QVRA0YEZX7,01M0TSZGJXR0N6DNTNARWRMFQ4,2026-08-24T21:25:09.730126031Z,,,,,,,,,,,"[""A4"",""C1"",""B3"",""C4""]",2026-08-24T21:25:09.730126031Z,false,2026-08-24T21:25:09.730126031Z,01M0TSZGKM72FFW193EYG47F25,2026-08-24T21:25:09.730126031Z,39,2026-08-24T21:25:09.730126031Z,,,,,,,48,2026-08-24T21:25:09.730126031Z,12,2026-08-24T21:25:09.730126031Z,training,2026-08-24T21:25:09.730126031Z,3,2026-08-24T21:25:09.730126031Z,4,2026-08-24T21:25:09.730126031Z,,,,2026-08-24T21:25:09.730126031Z,,,0,2026-08-24T21:25:09.730126031Z,2,2026-08-24T21:25:10.531761836Z,false,2026-08-24T21:25:09.730126031Z,"[""/tangrams/138_66.png"",""/tangrams/422_244.png"",""/tangrams/366_405.png"",""/tangrams/422_66.png""]",2026-08-24T21:25:09.730126031Z,/tangrams/422_66.png,2026-08-24T21:25:09.730126031Z,C4,2026-08-24T21:25:09.730126031Z,3,2026-08-24T21:25:09.730126031Z,38,2026-08-24T21:25:09.730126031Z
01M0TTMQPGB6QAM67XDTFQB10D,01M0TSZV7X3D77NKMM5CDCW4Z6,2026-08-24T21:25:52.976994794Z,"[{""text"":""press pushing left - arrows pointing right"",""sender"":{""id"":""01M0TT4SREDP4QR1H8V4E3X5G9"",""name"":""Minu"",""avatar"":""https://api.dicebear.com/8.x/rings/svg?seed=Minu""}}]",2026-08-24T21:33:04.469793943Z,[1787607184478],2026-08-24T21:33:04.482709753Z,1787607174895,2026-08-24T21:32:56.466052291Z,false,2026-08-24T21:33:39.629720952Z,01M0TT4SREDP4QR1H8V4E3X5G9,2026-08-24T21:32:41.85252841Z,"[""B1"",""C2"",""D3"",""A4""]",2026-08-24T21:25:52.976994794Z,true,2026-08-24T21:33:39.6155924Z,01M0TSZV8ERABP36QP2627EVMT,2026-08-24T21:25:52.976994794Z,1,2026-08-24T21:25:52.976994794Z,false,2026-08-24T21:32:42.016892652Z,01M0TT4JP6VSYSTADD58E33WM9,2026-08-24T21:32:41.85252841Z,,,48,2026-08-24T21:25:52.976994794Z,12,2026-08-24T21:25:52.976994794Z,training,2026-08-24T21:25:52.976994794Z,0,2026-08-24T21:25:52.976994794Z,4,2026-08-24T21:25:52.976994794Z,/tangrams/20_24.png,2026-08-24T21:33:39.629720952Z,/tangrams/20_24.png,2026-08-24T21:33:36.467009971Z,1787607214879,2026-08-24T21:33:36.471555384Z,1,2026-08-24T21:25:52.976994794Z,2,2026-08-24T21:25:53.362995354Z,true,2026-08-24T21:32:41.80464854Z,"[""/tangrams/348_314.png"",""/tangrams/202_441.png"",""/tangrams/20_24.png"",""/tangrams/66_464.png""]",2026-08-24T21:25:52.976994794Z,/tangrams/66_464.png,2026-08-24T21:25:52.976994794Z,A4,2026-08-24T21:25:52.976994794Z,1,2026-08-24T21:25:52.976994794Z,0,2026-08-24T21:25:52.976994794Z
01M0TTMQS5Y25WY0NZHRQ4JMH9,01M0TSZV7X3D77NKMM5CDCW4Z6,2026-08-24T21:25:53.061140911Z,"[{""text"":""two triangles on side"",""sender"":{""id"":""01M0TT4JP6VSYSTADD58E33WM9"",""name"":""Repi"",""avatar"":""https://api.dicebear.com/8.x/rings/svg?seed=Repi""}},{""text"":""left side"",""sender"":{""id"":""01M0TT4JP6VSYSTADD58E33WM9"",""name"":""Repi"",""avatar"":""https://api.dicebear.com/8.x/rings/svg?seed=Repi""}}]",2026-08-24T21:38:30.877256221Z,"[1787607502580,1787607510886]",2026-08-24T21:38:30.88880326Z,,,false,2026-08-24T21:38:35.813110636Z,01M0TT4JP6VSYSTADD58E33WM9,2026-08-24T21:37:58.188229939Z,"[""A3"",""C2"",""B4"",""D1""]",2026-08-24T21:25:53.061140911Z,true,2026-08-24T21:38:35.796678599Z,01M0TSZV8ERABP36QP2627EVMT,2026-08-24T21:25:53.061140911Z,8,2026-08-24T21:25:53.061140911Z,false,2026-08-24T21:37:58.335563165Z,01M0TT4SREDP4QR1H8V4E3X5G9,2026-08-24T21:37:58.188229939Z,,,48,2026-08-24T21:25:53.061140911Z,12,2026-08-24T21:25:53.061140911Z,training,2026-08-24T21:25:53.061140911Z,0,2026-08-24T21:25:53.061140911Z,4,2026-08-24T21:25:53.061140911Z,/tangrams/348_464.png,2026-08-24T21:38:35.813110636Z,/tangrams/348_464.png,2026-08-24T21:38:32.602369312Z,1787607511679,2026-08-24T21:38:32.608619856Z,1,2026-08-24T21:25:53.061140911Z,2,2026-08-24T21:25:53.517422742Z,true,2026-08-24T21:37:58.138289995Z,"[""/tangrams/66_24.png"",""/tangrams/202_441.png"",""/tangrams/348_464.png"",""/tangrams/20_314.png""]",2026-08-24T21:25:53.061140911Z,/tangrams/20_314.png,2026-08-24T21:25:53.061140911Z,D1,2026-08-24T21:25:53.061140911Z,8,2026-08-24T21:25:53.061140911Z,7,2026-08-24T21:25:53.061140911Z
01M0TTNRF7NSR3Y1WBWY7ASDSR,01M0TSZGJXR0N6DNTNARWRMFQ4,2026-08-24T21:26:26.535525499Z,,,,,,,,,,,"[""A1"",""F6"",""F8"",""F5""]",2026-08-24T21:26:26.535525499Z,false,2026-08-24T21:26:26.535525499Z,01M0TSZGKJQW5S4GCP9150DNN9,2026-08-24T21:26:26.535525499Z,38,2026-08-24T21:26:26.535525499Z,,,,,,,48,2026-08-24T21:26:26.535525499Z,12,2026-08-24T21:26:26.535525499Z,training,2026-08-24T21:26:26.535525499Z,3,2026-08-24T21:26:26.535525499Z,4,2026-08-24T21:26:26.535525499Z,,,,2026-08-24T21:26:26.535525499Z,,,1,2026-08-24T21:26:26.535525499Z,2,2026-08-24T21:26:27.61587106Z,false,2026-08-24T21:26:26.535525499Z,"[""/tangrams/66_314.png"",""/tangrams/98_302.png"",""/tangrams/374_400.png"",""/tangrams/4_159.png""]",2026-08-24T21:26:26.535525499Z,/tangrams/98_302.png,2026-08-24T21:26:26.535525499Z,F6,2026-08-24T21:26:26.535525499Z,2,2026-08-24T21:26:26.535525499Z,37,2026-08-24T21:26:26.535525499Z
01M0TV7JXMZP9M4KPNNYF4YY09,01M0TTMTH8JPTHXWGXYEY1VFR8,2026-08-24T21:36:10.676668055Z,"[{""text"":""tree"",""sender"":{""id"":""01M0TTRGJ55RK21NQM11GGHNRN"",""name"":""Repi"",""avatar"":""https://api.dicebear.com/8.x/rings/svg?seed=Repi""}}]",2026-08-24T22:01:02.245900023Z,[1787608862258],2026-08-24T22:01:02.260363787Z,,,true,2026-08-24T22:01:10.076176548Z,01M0TTRGJ55RK21NQM11GGHNRN,2026-08-24T22:00:55.467438387Z,"[""B3"",""D1"",""A2"",""C4""]",2026-08-24T21:36:10.676668055Z,true,2026-08-24T22:01:10.053144287Z,01M0TTMWM9GSP2NP0T4CET96EB,2026-08-24T21:36:10.676668055Z,36,2026-08-24T21:36:10.676668055Z,false,2026-08-24T22:00:55.752590013Z,01M0TV363Y2QH3CGTPHSZR512P,2026-08-24T22:00:55.467438387Z,,,48,2026-08-24T21:36:10.676668055Z,12,2026-08-24T21:36:10.676668055Z,training,2026-08-24T21:36:10.676668055Z,2,2026-08-24T21:36:10.676668055Z,4,2026-08-24T21:36:10.676668055Z,/tangrams/202_464.png,2026-08-24T22:01:10.076176548Z,/tangrams/202_464.png,2026-08-24T22:01:06.869318551Z,1787608865061,2026-08-24T22:01:06.8587948Z,1,2026-08-24T21:36:10.676668055Z,2,2026-08-24T21:36:11.986957585Z,true,2026-08-24T22:00:55.403662011Z,"[""/tangrams/348_24.png"",""/tangrams/20_314.png"",""/tangrams/66_441.png"",""/tangrams/202_464.png""]",2026-08-24T21:36:10.676668055Z,/tangrams/202_464.png,2026-08-24T21:36:10.676668055Z,C4,2026-08-24T21:36:10.676668055Z,12,2026-08-24T21:36:10.676668055Z,35,2026-08-24T21:36:10.676668055Z
01M0TTA5AS3RV690XS3M2SW0XS,01M0TSZV7X3D77NKMM5CDCW4Z6,2026-08-24T21:20:06.489723402Z,"[{""text"":""The house that's running with two legs on the bottom"",""sender"":{""id"":""01M0TT4SZRTK7MV5T48R9G1GQH"",""name"":""Minu"",""avatar"":""https://api.dicebear.com/8.x/rings/svg?seed=Minu""}}]",2026-08-24T21:40:35.790407007Z,[1787607635800],2026-08-24T21:40:35.801494212Z,,,true,2026-08-24T21:40:41.314022783Z,01M0TT4SZRTK7MV5T48R9G1GQH,2026-08-24T21:40:26.790754004Z,"[""B2"",""F1"",""D4"",""C3""]",2026-08-24T21:20:06.489723402Z,true,2026-08-24T21:40:41.297353442Z,01M0TSZV8KEDQHAT4X3FNKVS2B,2026-08-24T21:20:06.489723402Z,27,2026-08-24T21:20:06.489723402Z,false,2026-08-24T21:40:26.928888805Z,01M0TT3ZTTV22XQGZD0K61T6A4,2026-08-24T21:40:26.790754004Z,,,48,2026-08-24T21:20:06.489723402Z,12,2026-08-24T21:20:06.489723402Z,training,2026-08-24T21:20:06.489723402Z,2,2026-08-24T21:20:06.489723402Z,4,2026-08-24T21:20:06.489723402Z,/tangrams/422_405.png,2026-08-24T21:40:41.314022783Z,/tangrams/422_405.png,2026-08-24T21:40:38.092640474Z,1787607637998,2026-08-24T21:40:38.086548121Z,0,2026-08-24T21:20:06.489723402Z,2,2026-08-24T21:20:07.15378825Z,true,2026-08-24T21:40:26.7443341Z,"[""/tangrams/366_339.png"",""/tangrams/119_182.png"",""/tangrams/279_66.png"",""/tangrams/422_405.png""]",2026-08-24T21:20:06.489723402Z,/tangrams/422_405.png,2026-08-24T21:20:06.489723402Z,C3,2026-08-24T21:20:06.489723402Z,3,2026-08-24T21:20:06.489723402Z,26,2026-08-24T21:20:06.489723402Z
01M0TTK18PZ0PYJEA38V2Y8EBF,01M0TSZEX52H0PZDJFB4JNEAFW,2026-08-24T21:24:57.238506743Z,"[{""text"":""thiis is way long"",""sender"":{""id"":""01M0TT7FNH08P86PFHWCV3NRS8"",""name"":""Repi"",""avatar"":""https://api.dicebear.com/8.x/rings/svg?seed=Repi""}},{""text"":""lets just guess"",""sender"":{""id"":""01M0TT7ZVRQQW92P55GPN9KMMS"",""name"":""Minu"",""avatar"":""https://api.dicebear.com/8.x/rings/svg?seed=Minu""}},{""text"":""i cant wait tbh"",""sender"":{""id"":""01M0TT7ZVRQQW92P55GPN9KMMS"",""name"":""Minu"",""avatar"":""https://api.dicebear.com/8.x/rings/svg?seed=Minu""}}]",2026-08-24T22:04:14.235072536Z,"[1787609035045,1787609044272,1787609054248]",2026-08-24T22:04:14.251649868Z,,,false,2026-08-24T22:04:34.968830228Z,01M0TT7ZVRQQW92P55GPN9KMMS,2026-08-24T22:03:43.927169173Z,"[""A3"",""C4"",""A2"",""D3""]",2026-08-24T21:24:57.238506743Z,true,2026-08-24T22:04:34.941791669Z,01M0TSZEY54T11A9AMGVA6T4ZB,2026-08-24T21:24:57.238506743Z,29,2026-08-24T21:24:57.238506743Z,false,2026-08-24T22:03:44.128637704Z,01M0TT7FNH08P86PFHWCV3NRS8,2026-08-24T22:03:43.927169173Z,,,48,2026-08-24T21:24:57.238506743Z,12,2026-08-24T21:24:57.238506743Z,training,2026-08-24T21:24:57.238506743Z,2,2026-08-24T21:24:57.238506743Z,4,2026-08-24T21:24:57.238506743Z,/tangrams/422_66.png,2026-08-24T22:04:34.968830228Z,/tangrams/422_66.png,2026-08-24T22:04:31.769806066Z,1787609071878,2026-08-24T22:04:31.761699662Z,0,2026-08-24T21:24:57.238506743Z,2,2026-08-24T21:24:57.775812896Z,true,2026-08-24T22:03:43.839767578Z,"[""/tangrams/138_405.png"",""/tangrams/422_66.png"",""/tangrams/138_339.png"",""/tangrams/279_405.png""]",2026-08-24T21:24:57.238506743Z,/tangrams/138_405.png,2026-08-24T21:24:57.238506743Z,A3,2026-08-24T21:24:57.238506743Z,5,2026-08-24T21:24:57.238506743Z,28,2026-08-24T21:24:57.238506743Z
01M0TTKDESBB1EHSTS189ZJY38,01M0TSZGJXR0N6DNTNARWRMFQ4,2026-08-24T21:25:09.721976645Z,,,,,,,,,,,"[""A3"",""C2"",""D1"",""A2""]",2026-08-24T21:25:09.721976645Z,false,2026-08-24T21:25:09.721976645Z,01M0TSZGKM72FFW193EYG47F25,2026-08-24T21:25:09.721976645Z,34,2026-08-24T21:25:09.721976645Z,,,,,,,48,2026-08-24T21:25:09.721976645Z,12,2026-08-24T21:25:09.721976645Z,training,2026-08-24T21:25:09.721976645Z,2,2026-08-24T21:25:09.721976645Z,4,2026-08-24T21:25:09.721976645Z,,,,2026-08-24T21:25:09.721976645Z,,,0,2026-08-24T21:25:09.721976645Z,2,2026-08-24T21:25:10.438052681Z,false,2026-08-24T21:25:09.721976645Z,"[""/tangrams/138_405.png"",""/tangrams/422_339.png"",""/tangrams/279_244.png"",""/tangrams/138_339.png""]",2026-08-24T21:25:09.721976645Z,/tangrams/138_339.png,2026-08-24T21:25:09.721976645Z,A2,2026-08-24T21:25:09.721976645Z,10,2026-08-24T21:25:09.721976645Z,33,2026-08-24T21:25:09.721976645Z
01M0TTKMWBBS9FZZTMW3YFDFTC,01M0TSZEX52H0PZDJFB4JNEAFW,2026-08-24T21:25:17.323823723Z,"[{""text"":""white triangle on the bottom"",""sender"":{""id"":""01M0TTF3ADJ36CYQBD8356XFNQ"",""name"":""Minu"",""avatar"":""https://api.dicebear.com/8.x/rings/svg?seed=Minu""}}]",2026-08-24T21:41:43.576514348Z,[1787607703586],2026-08-24T21:41:43.588087072Z,,,true,2026-08-24T21:41:53.028429322Z,01M0TTF3ADJ36CYQBD8356XFNQ,2026-08-24T21:41:28.070285517Z,"[""C4"",""A3"",""D2"",""B1""]",2026-08-24T21:25:17.323823723Z,true,2026-08-24T21:41:53.013523965Z,01M0TSZEY173D8F3KEP071GR06,2026-08-24T21:25:17.323823723Z,17,2026-08-24T21:25:17.323823723Z,false,2026-08-24T21:41:28.19235644Z,01M0TT55D1DRDQ3JPT1CDTT5VN,2026-08-24T21:41:28.070285517Z,,,48,2026-08-24T21:25:17.323823723Z,12,2026-08-24T21:25:17.323823723Z,training,2026-08-24T21:25:17.323823723Z,1,2026-08-24T21:25:17.323823723Z,4,2026-08-24T21:25:17.323823723Z,/tangrams/279_339.png,2026-08-24T21:41:53.028429322Z,/tangrams/279_339.png,2026-08-24T21:41:49.888054612Z,1787607709615,2026-08-24T21:41:49.869623816Z,0,2026-08-24T21:25:17.323823723Z,2,2026-08-24T21:25:17.922439698Z,true,2026-08-24T21:41:28.016299775Z,"[""/tangrams/422_66.png"",""/tangrams/138_405.png"",""/tangrams/279_339.png"",""/tangrams/366_244.png""]",2026-08-24T21:25:17.323823723Z,/tangrams/279_339.png,2026-08-24T21:25:17.323823723Z,D2,2026-08-24T21:25:17.323823723Z,5,2026-08-24T21:25:17.323823723Z,16,2026-08-24T21:25:17.323823723Z
01M0TTMQQ3KXQJ6BHVKXV2GCY6,01M0TSZV7X3D77NKMM5CDCW4Z6,2026-08-24T21:25:52.995851992Z,"[{""text"":""square (or rectangle) in middle"",""sender"":{""id"":""01M0TT4SREDP4QR1H8V4E3X5G9"",""name"":""Minu"",""avatar"":""https://api.dicebear.com/8.x/rings/svg?seed=Minu""}}]",2026-08-24T21:51:12.447354505Z,[1787608272460],2026-08-24T21:51:12.461956177Z,,,true,2026-08-24T21:51:21.108391148Z,01M0TT4SREDP4QR1H8V4E3X5G9,2026-08-24T21:51:01.088974892Z,"[""C4"",""A3"",""B1"",""D2""]",2026-08-24T21:25:52.995851992Z,true,2026-08-24T21:51:21.0835275Z,01M0TSZV8ERABP36QP2627EVMT,2026-08-24T21:25:52.995851992Z,35,2026-08-24T21:25:52.995851992Z,false,2026-08-24T21:51:01.226219414Z,01M0TT4JP6VSYSTADD58E33WM9,2026-08-24T21:51:01.088974892Z,,,48,2026-08-24T21:25:52.995851992Z,12,2026-08-24T21:25:52.995851992Z,training,2026-08-24T21:25:52.995851992Z,2,2026-08-24T21:25:52.995851992Z,4,2026-08-24T21:25:52.995851992Z,/tangrams/66_24.png,2026-08-24T21:51:21.108391148Z,/tangrams/66_24.png,2026-08-24T21:51:17.886886862Z,1787608276312,2026-08-24T21:51:17.87856788Z,1,2026-08-24T21:25:52.995851992Z,2,2026-08-24T21:25:54.10971898Z,true,2026-08-24T21:51:01.028272571Z,"[""/tangrams/202_464.png"",""/tangrams/66_24.png"",""/tangrams/348_314.png"",""/tangrams/20_441.png""]",2026-08-24T21:25:52.995851992Z,/tangrams/66_24.png,2026-08-24T21:25:52.995851992Z,A3,2026-08-24T21:25:52.995851992Z,11,2026-08-24T21:25:52.995851992Z,34,2026-08-24T21:25:52.995851992Z
01M0TTTPENYPH5JP6MR3JBSJ0Y,01M0TSZV7X3D77NKMM5CDCW4Z6,2026-08-24T21:29:08.309241277Z,,,,,,,,,,,,,true,2026-08-24T21:40:33.193195253Z,01M0TSZV8KEDQHAT4X33M1GG1C,2026-08-24T21:29:08.309241277Z,0,2026-08-24T21:29:08.309241277Z,false,2026-08-24T21:29:18.067917927Z,,,20,2026-08-24T21:29:08.309241277Z,,,,,pretest,2026-08-24T21:29:08.309241277Z,,,,,,,,2026-08-24T21:29:17.833527205Z,,,,,1,2026-08-24T21:29:08.746683412Z,true,2026-08-24T21:29:10.781805743Z,[],2026-08-24T21:29:08.309241277Z,,2026-08-24T21:29:08.309241277Z,,,,,,
01M0TTTPKWC3R3R1VQXAJ426R2,01M0TSZV7X3D77NKMM5CDCW4Z6,2026-08-24T21:29:08.476555439Z,"[{""text"":""Has a small triangle back and a very large head on the left that is wide"",""sender"":{""id"":""01M0TTBQPRE9XMJHBPDKM8GTC4"",""name"":""Minu"",""avatar"":""https://api.dicebear.com/8.x/rings/svg?seed=Minu""}}]",2026-08-24T22:07:34.741132624Z,[1787609254758],2026-08-24T22:07:34.762804896Z,,,true,2026-08-24T22:07:53.836814706Z,01M0TTBQPRE9XMJHBPDKM8GTC4,2026-08-24T22:07:08.173548062Z,"[""D3"",""C1"",""A2"",""D2""]",2026-08-24T21:29:08.476555439Z,true,2026-08-24T22:07:53.810379366Z,01M0TSZV8KEDQHAT4X33M1GG1C,2026-08-24T21:29:08.476555439Z,35,2026-08-24T21:29:08.476555439Z,false,2026-08-24T22:07:08.370211216Z,01M0TT467Q69C5HQ20GW6FRRF2,2026-08-24T22:07:08.173548062Z,,,48,2026-08-24T21:29:08.476555439Z,12,2026-08-24T21:29:08.476555439Z,training,2026-08-24T21:29:08.476555439Z,2,2026-08-24T21:29:08.476555439Z,4,2026-08-24T21:29:08.476555439Z,/tangrams/20_441.png,2026-08-24T22:07:53.836814706Z,/tangrams/20_441.png,2026-08-24T22:07:50.542351311Z,1787609267795,2026-08-24T22:07:50.533349674Z,1,2026-08-24T21:29:08.476555439Z,2,2026-08-24T21:29:10.146251975Z,true,2026-08-24T22:07:08.117915081Z,"[""/tangrams/20_24.png"",""/tangrams/202_314.png"",""/tangrams/66_441.png"",""/tangrams/20_441.png""]",2026-08-24T21:29:08.476555439Z,/tangrams/20_441.png,2026-08-24T21:29:08.476555439Z,D2,2026-08-24T21:29:08.476555439Z,11,2026-08-24T21:29:08.476555439Z,34,2026-08-24T21:29:08.476555439Z
01M0TT9KFQZ8PBQZDYEK80GEX2,01M0TSZGJXR0N6DNTNARWRMFQ4,2026-08-24T21:19:48.215535345Z,,,,,,,,,,,"[""B1"",""D2"",""A3"",""C4""]",2026-08-24T21:19:48.215535345Z,false,2026-08-24T21:19:48.215535345Z,01M0TSZGKE32G3R2H2EPQFBQNN,2026-08-24T21:19:48.215535345Z,18,2026-08-24T21:19:48.215535345Z,,,,,,,48,2026-08-24T21:19:48.215535345Z,12,2026-08-24T21:19:48.215535345Z,training,2026-08-24T21:19:48.215535345Z,1,2026-08-24T21:19:48.215535345Z,4,2026-08-24T21:19:48.215535345Z,,,,2026-08-24T21:19:48.215535345Z,,,0,2026-08-24T21:19:48.215535345Z,2,2026-08-24T21:19:48.838981338Z,false,2026-08-24T21:19:48.215535345Z,"[""/tangrams/366_244.png"",""/tangrams/279_339.png"",""/tangrams/138_405.png"",""/tangrams/422_66.png""]",2026-08-24T21:19:48.215535345Z,/tangrams/279_339.png,2026-08-24T21:19:48.215535345Z,D2,2026-08-24T21:19:48.215535345Z,6,2026-08-24T21:19:48.215535345Z,17,2026-08-24T21:19:48.215535345Z
01M0TTK18S21Q80GH0Q5PZY6NQ,01M0TSZEX52H0PZDJFB4JNEAFW,2026-08-24T21:24:57.241146575Z,"[{""text"":""lone roof"",""sender"":{""id"":""01M0TT7FNH08P86PFHWCV3NRS8"",""name"":""Repi"",""avatar"":""https://api.dicebear.com/8.x/rings/svg?seed=Repi""}}]",2026-08-24T22:04:49.231402631Z,[1787609089247],2026-08-24T22:04:49.250230068Z,1787609087715,2026-08-24T22:04:45.290145065Z,true,2026-08-24T22:05:01.09371452Z,01M0TT7FNH08P86PFHWCV3NRS8,2026-08-24T22:04:35.058905004Z,"[""C1"",""B1"",""D2"",""B4""]",2026-08-24T21:24:57.241146575Z,true,2026-08-24T22:05:01.068303472Z,01M0TSZEY54T11A9AMGVA6T4ZB,2026-08-24T21:24:57.241146575Z,30,2026-08-24T21:24:57.241146575Z,false,2026-08-24T22:04:35.251794206Z,01M0TT7ZVRQQW92P55GPN9KMMS,2026-08-24T22:04:35.058905004Z,,,48,2026-08-24T21:24:57.241146575Z,12,2026-08-24T21:24:57.241146575Z,training,2026-08-24T21:24:57.241146575Z,2,2026-08-24T21:24:57.241146575Z,4,2026-08-24T21:24:57.241146575Z,/tangrams/366_244.png,2026-08-24T22:05:01.09371452Z,/tangrams/366_244.png,2026-08-24T22:04:57.860147361Z,1787609100292,2026-08-24T22:04:57.869223893Z,0,2026-08-24T21:24:57.241146575Z,2,2026-08-24T21:24:57.788828051Z,true,2026-08-24T22:04:34.989725564Z,"[""/tangrams/422_244.png"",""/tangrams/366_244.png"",""/tangrams/279_339.png"",""/tangrams/366_66.png""]",2026-08-24T21:24:57.241146575Z,/tangrams/366_244.png,2026-08-24T21:24:57.241146575Z,B1,2026-08-24T21:24:57.241146575Z,6,2026-08-24T21:24:57.241146575Z,29,2026-08-24T21:24:57.241146575Z
01M0TTK1956TXJDDKP0BJPEB7P,01M0TSZEX52H0PZDJFB4JNEAFW,2026-08-24T21:24:57.253381464Z,"[{""text"":""2 roof house parellogram"",""sender"":{""id"":""01M0TT7ZVRQQW92P55GPN9KMMS"",""name"":""Minu"",""avatar"":""https://api.dicebear.com/8.x/rings/svg?seed=Minu""}}]",2026-08-24T22:12:37.089512256Z,[1787609557104],2026-08-24T22:12:37.106430532Z,,,true,2026-08-24T22:13:04.624630252Z,01M0TT7ZVRQQW92P55GPN9KMMS,2026-08-24T22:12:26.064624284Z,"[""B4"",""C4"",""C1"",""A3""]",2026-08-24T21:24:57.253381464Z,true,2026-08-24T22:13:04.596977911Z,01M0TSZEY54T11A9AMGVA6T4ZB,2026-08-24T21:24:57.253381464Z,45,2026-08-24T21:24:57.253381464Z,false,2026-08-24T22:12:26.250468557Z,01M0TT7FNH08P86PFHWCV3NRS8,2026-08-24T22:12:26.064624284Z,,,48,2026-08-24T21:24:57.253381464Z,12,2026-08-24T21:24:57.253381464Z,training,2026-08-24T21:24:57.253381464Z,3,2026-08-24T21:24:57.253381464Z,4,2026-08-24T21:24:57.253381464Z,/tangrams/422_66.png,2026-08-24T22:13:04.624630252Z,/tangrams/422_66.png,2026-08-24T22:13:01.34229909Z,1787609581469,2026-08-24T22:13:01.35926468Z,0,2026-08-24T21:24:57.253381464Z,2,2026-08-24T21:24:58.097205502Z,true,2026-08-24T22:12:25.990840768Z,"[""/tangrams/366_66.png"",""/tangrams/422_66.png"",""/tangrams/422_244.png"",""/tangrams/138_405.png""]",2026-08-24T21:24:57.253381464Z,/tangrams/422_66.png,2026-08-24T21:24:57.253381464Z,C4,2026-08-24T21:24:57.253381464Z,9,2026-08-24T21:24:57.253381464Z,44,2026-08-24T21:24:57.253381464Z
01M0TTKDEQ7QGNTNPY004AFSEH,01M0TSZGJXR0N6DNTNARWRMFQ4,2026-08-24T21:25:09.719848392Z,,,,,,,,,,,"[""B1"",""A4"",""D1"",""B3""]",2026-08-24T21:25:09.719848392Z,false,2026-08-24T21:25:09.719848392Z,01M0TSZGKM72FFW193EYG47F25,2026-08-24T21:25:09.719848392Z,33,2026-08-24T21:25:09.719848392Z,,,,,,,48,2026-08-24T21:25:09.719848392Z,12,2026-08-24T21:25:09.719848392Z,training,2026-08-24T21:25:09.719848392Z,2,2026-08-24T21:25:09.719848392Z,4,2026-08-24T21:25:09.719848392Z,,,,2026-08-24T21:25:09.719848392Z,,,0,2026-08-24T21:25:09.719848392Z,2,2026-08-24T21:25:10.422869035Z,false,2026-08-24T21:25:09.719848392Z,"[""/tangrams/366_244.png"",""/tangrams/138_66.png"",""/tangrams/279_244.png"",""/tangrams/366_405.png""]",2026-08-24T21:25:09.719848392Z,/tangrams/366_244.png,2026-08-24T21:25:09.719848392Z,B1,2026-08-24T21:25:09.719848392Z,9,2026-08-24T21:25:09.719848392Z,32,2026-08-24T21:25:09.719848392Z
01M0TVK9H1MJSBBJS5X7DQB712,01M0TTMTH8JPTHXWGXYEY1VFR8,2026-08-24T21:42:34.273060362Z,"[{""text"":""there is a diamond and 2 triangles on the right of it"",""sender"":{""id"":""01M0TVD4RDDZ2GPYA2W2TBJY2J"",""name"":""Minu"",""avatar"":""https://api.dicebear.com/8.x/rings/svg?seed=Minu""}}]",2026-08-24T21:50:14.961332206Z,[1787608214973],2026-08-24T21:50:14.975344565Z,,,true,2026-08-24T21:50:23.705666696Z,01M0TVD4RDDZ2GPYA2W2TBJY2J,2026-08-24T21:50:02.023748256Z,"[""A1"",""F3"",""F1"",""F4""]",2026-08-24T21:42:34.273060362Z,true,2026-08-24T21:50:23.691524855Z,01M0TTMWMG725DJ5GA5M4WD8SY,2026-08-24T21:42:34.273060362Z,7,2026-08-24T21:42:34.273060362Z,false,2026-08-24T21:50:02.245107257Z,01M0TV8YZXT0HY97VC3QNJABKN,2026-08-24T21:50:02.023748256Z,,,48,2026-08-24T21:42:34.273060362Z,12,2026-08-24T21:42:34.273060362Z,training,2026-08-24T21:42:34.273060362Z,0,2026-08-24T21:42:34.273060362Z,4,2026-08-24T21:42:34.273060362Z,/tangrams/264_176.png,2026-08-24T21:50:23.705666696Z,/tangrams/264_176.png,2026-08-24T21:50:20.522152729Z,1787608221296,2026-08-24T21:50:20.536109492Z,1,2026-08-24T21:42:34.273060362Z,2,2026-08-24T21:42:35.180334823Z,true,2026-08-24T21:50:01.927393766Z,"[""/tangrams/66_314.png"",""/tangrams/264_176.png"",""/tangrams/452_257.png"",""/tangrams/40_345.png""]",2026-08-24T21:42:34.273060362Z,/tangrams/264_176.png,2026-08-24T21:42:34.273060362Z,F3,2026-08-24T21:42:34.273060362Z,7,2026-08-24T21:42:34.273060362Z,6,2026-08-24T21:42:34.273060362Z
01M0TTK11X3TBF14YA1A2Q1Q3C,01M0TSZEX52H0PZDJFB4JNEAFW,2026-08-24T21:24:57.021118819Z,"[{""text"":""pyrimad ontop house cutout at bottom"",""sender"":{""id"":""01M0TT7ZVRQQW92P55GPN9KMMS"",""name"":""Minu"",""avatar"":""https://api.dicebear.com/8.x/rings/svg?seed=Minu""}}]",2026-08-24T21:56:31.835751733Z,[1787608591849],2026-08-24T21:56:31.851487783Z,,,false,2026-08-24T21:56:46.911676013Z,01M0TT7ZVRQQW92P55GPN9KMMS,2026-08-24T21:56:10.877710827Z,"[""A3"",""D3"",""B4"",""A2""]",2026-08-24T21:24:57.021118819Z,true,2026-08-24T21:56:46.893990678Z,01M0TSZEY54T11A9AMGVA6T4ZB,2026-08-24T21:24:57.021118819Z,19,2026-08-24T21:24:57.021118819Z,false,2026-08-24T21:56:11.082473806Z,01M0TT7FNH08P86PFHWCV3NRS8,2026-08-24T21:56:10.877710827Z,,,48,2026-08-24T21:24:57.021118819Z,12,2026-08-24T21:24:57.021118819Z,training,2026-08-24T21:24:57.021118819Z,1,2026-08-24T21:24:57.021118819Z,4,2026-08-24T21:24:57.021118819Z,/tangrams/138_339.png,2026-08-24T21:56:46.911676013Z,/tangrams/138_339.png,2026-08-24T21:56:43.613145023Z,1787608603697,2026-08-24T21:56:43.579303338Z,0,2026-08-24T21:24:57.021118819Z,2,2026-08-24T21:24:57.57761819Z,true,2026-08-24T21:56:10.808774423Z,"[""/tangrams/138_405.png"",""/tangrams/279_405.png"",""/tangrams/366_66.png"",""/tangrams/138_339.png""]",2026-08-24T21:24:57.021118819Z,/tangrams/138_405.png,2026-08-24T21:24:57.021118819Z,A3,2026-08-24T21:24:57.021118819Z,7,2026-08-24T21:24:57.021118819Z,18,2026-08-24T21:24:57.021118819Z
01M0TTKD9CBXZ9A2NYQ9RP0641,01M0TSZGJXR0N6DNTNARWRMFQ4,2026-08-24T21:25:09.548317757Z,,,,,,,,,,,"[""C2"",""A4"",""A2"",""D3""]",2026-08-24T21:25:09.548317757Z,false,2026-08-24T21:25:09.548317757Z,01M0TSZGKM72FFW193EYG47F25,2026-08-24T21:25:09.548317757Z,6,2026-08-24T21:25:09.548317757Z,,,,,,,48,2026-08-24T21:25:09.548317757Z,12,2026-08-24T21:25:09.548317757Z,training,2026-08-24T21:25:09.548317757Z,0,2026-08-24T21:25:09.548317757Z,4,2026-08-24T21:25:09.548317757Z,,,,2026-08-24T21:25:09.548317757Z,,,0,2026-08-24T21:25:09.548317757Z,2,2026-08-24T21:25:09.936549198Z,false,2026-08-24T21:25:09.548317757Z,"[""/tangrams/422_339.png"",""/tangrams/138_66.png"",""/tangrams/138_339.png"",""/tangrams/279_405.png""]",2026-08-24T21:25:09.548317757Z,/tangrams/138_339.png,2026-08-24T21:25:09.548317757Z,A2,2026-08-24T21:25:09.548317757Z,6,2026-08-24T21:25:09.548317757Z,5,2026-08-24T21:25:09.548317757Z
01M0TTNRHFS8YQADE4BCN35HTQ,01M0TSZGJXR0N6DNTNARWRMFQ4,2026-08-24T21:26:26.607923856Z,,,,,,,,,,,"[""F6"",""F5"",""F4"",""A1""]",2026-08-24T21:26:26.607923856Z,false,2026-08-24T21:26:26.607923856Z,01M0TSZGKJQW5S4GCP9150DNN9,2026-08-24T21:26:26.607923856Z,15,2026-08-24T21:26:26.607923856Z,,,,,,,48,2026-08-24T21:26:26.607923856Z,12,2026-08-24T21:26:26.607923856Z,training,2026-08-24T21:26:26.607923856Z,1,2026-08-24T21:26:26.607923856Z,4,2026-08-24T21:26:26.607923856Z,,,,2026-08-24T21:26:26.607923856Z,,,1,2026-08-24T21:26:26.607923856Z,2,2026-08-24T21:26:27.110173692Z,false,2026-08-24T21:26:26.607923856Z,"[""/tangrams/98_302.png"",""/tangrams/4_159.png"",""/tangrams/40_345.png"",""/tangrams/66_314.png""]",2026-08-24T21:26:26.607923856Z,/tangrams/98_302.png,2026-08-24T21:26:26.607923856Z,F6,2026-08-24T21:26:26.607923856Z,3,2026-08-24T21:26:26.607923856Z,14,2026-08-24T21:26:26.607923856Z
01M0TTNRJVPABY3DJT5BWSXX0J,01M0TSZGJXR0N6DNTNARWRMFQ4,2026-08-24T21:26:26.651919475Z,,,,,,,,,,,"[""F4"",""F8"",""C3"",""F3""]",2026-08-24T21:26:26.651919475Z,false,2026-08-24T21:26:26.651919475Z,01M0TSZGKJQW5S4GCP9150DNN9,2026-08-24T21:26:26.651919475Z,8,2026-08-24T21:26:26.651919475Z,,,,,,,48,2026-08-24T21:26:26.651919475Z,12,2026-08-24T21:26:26.651919475Z,training,2026-08-24T21:26:26.651919475Z,0,2026-08-24T21:26:26.651919475Z,4,2026-08-24T21:26:26.651919475Z,,,,2026-08-24T21:26:26.651919475Z,,,1,2026-08-24T21:26:26.651919475Z,2,2026-08-24T21:26:26.942087074Z,false,2026-08-24T21:26:26.651919475Z,"[""/tangrams/40_345.png"",""/tangrams/374_400.png"",""/tangrams/202_24.png"",""/tangrams/264_176.png""]",2026-08-24T21:26:26.651919475Z,/tangrams/202_24.png,2026-08-24T21:26:26.651919475Z,C3,2026-08-24T21:26:26.651919475Z,8,2026-08-24T21:26:26.651919475Z,7,2026-08-24T21:26:26.651919475Z
01M0TTTPNYC5Y2854FT0F5SW3M,01M0TSZV7X3D77NKMM5CDCW4Z6,2026-08-24T21:29:08.542522252Z,"[{""text"":""A triangle behind it an l shaped left and in the middle it looks like someone is kneeing something"",""sender"":{""id"":""01M0TTBQPRE9XMJHBPDKM8GTC4"",""name"":""Minu"",""avatar"":""https://api.dicebear.com/8.x/rings/svg?seed=Minu""}}]",2026-08-24T22:01:19.495282081Z,[1787608879510],2026-08-24T22:01:19.511972016Z,,,false,2026-08-24T22:01:41.761248784Z,01M0TTBQPRE9XMJHBPDKM8GTC4,2026-08-24T22:00:42.611830898Z,"[""C1"",""D2"",""C2"",""A3""]",2026-08-24T21:29:08.542522252Z,true,2026-08-24T22:01:41.739437413Z,01M0TSZV8KEDQHAT4X33M1GG1C,2026-08-24T21:29:08.542522252Z,27,2026-08-24T21:29:08.542522252Z,false,2026-08-24T22:00:42.822930278Z,01M0TT467Q69C5HQ20GW6FRRF2,2026-08-24T22:00:42.611830898Z,,,48,2026-08-24T21:29:08.542522252Z,12,2026-08-24T21:29:08.542522252Z,training,2026-08-24T21:29:08.542522252Z,2,2026-08-24T21:29:08.542522252Z,4,2026-08-24T21:29:08.542522252Z,/tangrams/20_441.png,2026-08-24T22:01:41.761248784Z,/tangrams/20_441.png,2026-08-24T22:01:38.566038414Z,1787608895826,2026-08-24T22:01:38.556684213Z,1,2026-08-24T21:29:08.542522252Z,2,2026-08-24T21:29:09.714365788Z,true,2026-08-24T22:00:42.532749208Z,"[""/tangrams/202_314.png"",""/tangrams/20_441.png"",""/tangrams/202_441.png"",""/tangrams/66_24.png""]",2026-08-24T21:29:08.542522252Z,/tangrams/202_441.png,2026-08-24T21:29:08.542522252Z,C2,2026-08-24T21:29:08.542522252Z,3,2026-08-24T21:29:08.542522252Z,26,2026-08-24T21:29:08.542522252Z
01M0TTKDACZQ1DCZWZXJ69MET8,01M0TSZGJXR0N6DNTNARWRMFQ4,2026-08-24T21:25:09.580889014Z,,,,,,,,,,,"[""C1"",""B4"",""D1"",""D3""]",2026-08-24T21:25:09.580889014Z,false,2026-08-24T21:25:09.580889014Z,01M0TSZGKM72FFW193EYG47F25,2026-08-24T21:25:09.580889014Z,13,2026-08-24T21:25:09.580889014Z,,,,,,,48,2026-08-24T21:25:09.580889014Z,12,2026-08-24T21:25:09.580889014Z,training,2026-08-24T21:25:09.580889014Z,1,2026-08-24T21:25:09.580889014Z,4,2026-08-24T21:25:09.580889014Z,,,,2026-08-24T21:25:09.580889014Z,,,0,2026-08-24T21:25:09.580889014Z,2,2026-08-24T21:25:10.075268504Z,false,2026-08-24T21:25:09.580889014Z,"[""/tangrams/422_244.png"",""/tangrams/366_66.png"",""/tangrams/279_244.png"",""/tangrams/279_405.png""]",2026-08-24T21:25:09.580889014Z,/tangrams/279_244.png,2026-08-24T21:25:09.580889014Z,D1,2026-08-24T21:25:09.580889014Z,1,2026-08-24T21:25:09.580889014Z,12,2026-08-24T21:25:09.580889014Z
01M0TTNRF4D16FXTAAMR7XQNAJ,01M0TSZGJXR0N6DNTNARWRMFQ4,2026-08-24T21:26:26.532904253Z,,,,,,,,,,,"[""F2"",""F1"",""F4"",""D4""]",2026-08-24T21:26:26.532904253Z,false,2026-08-24T21:26:26.532904253Z,01M0TSZGKJQW5S4GCP9150DNN9,2026-08-24T21:26:26.532904253Z,21,2026-08-24T21:26:26.532904253Z,,,,,,,48,2026-08-24T21:26:26.532904253Z,12,2026-08-24T21:26:26.532904253Z,training,2026-08-24T21:26:26.532904253Z,1,2026-08-24T21:26:26.532904253Z,4,2026-08-24T21:26:26.532904253Z,,,,2026-08-24T21:26:26.532904253Z,,,1,2026-08-24T21:26:26.532904253Z,2,2026-08-24T21:26:27.225049442Z,false,2026-08-24T21:26:26.532904253Z,"[""/tangrams/429_403.png"",""/tangrams/452_257.png"",""/tangrams/40_345.png"",""/tangrams/20_464.png""]",2026-08-24T21:26:26.532904253Z,/tangrams/452_257.png,2026-08-24T21:26:26.532904253Z,F1,2026-08-24T21:26:26.532904253Z,9,2026-08-24T21:26:26.532904253Z,20,2026-08-24T21:26:26.532904253Z
01M0TTTPJTMC7A25YTNHHH0BPF,01M0TSZV7X3D77NKMM5CDCW4Z6,2026-08-24T21:29:08.442125795Z,"[{""text"":""Looks like a spiked fish with a large L shaped head"",""sender"":{""id"":""01M0TTBQPRE9XMJHBPDKM8GTC4"",""name"":""Minu"",""avatar"":""https://api.dicebear.com/8.x/rings/svg?seed=Minu""}}]",2026-08-24T22:08:51.731754789Z,[1787609331746],2026-08-24T22:08:51.749079025Z,,,true,2026-08-24T22:09:12.359306158Z,01M0TTBQPRE9XMJHBPDKM8GTC4,2026-08-24T22:08:36.313835413Z,"[""C4"",""D3"",""A4"",""C2""]",2026-08-24T21:29:08.442125795Z,true,2026-08-24T22:09:12.336094866Z,01M0TSZV8KEDQHAT4X33M1GG1C,2026-08-24T21:29:08.442125795Z,37,2026-08-24T21:29:08.442125795Z,false,2026-08-24T22:08:36.520024585Z,01M0TT467Q69C5HQ20GW6FRRF2,2026-08-24T22:08:36.313835413Z,,,48,2026-08-24T21:29:08.442125795Z,12,2026-08-24T21:29:08.442125795Z,training,2026-08-24T21:29:08.442125795Z,3,2026-08-24T21:29:08.442125795Z,4,2026-08-24T21:29:08.442125795Z,/tangrams/202_464.png,2026-08-24T22:09:12.359306158Z,/tangrams/202_464.png,2026-08-24T22:09:09.040273682Z,1787609346292,2026-08-24T22:09:09.031705736Z,1,2026-08-24T21:29:08.442125795Z,2,2026-08-24T21:29:10.225234472Z,true,2026-08-24T22:08:36.248742442Z,"[""/tangrams/202_464.png"",""/tangrams/20_24.png"",""/tangrams/66_464.png"",""/tangrams/202_441.png""]",2026-08-24T21:29:08.442125795Z,/tangrams/202_464.png,2026-08-24T21:29:08.442125795Z,C4,2026-08-24T21:29:08.442125795Z,1,2026-08-24T21:29:08.442125795Z,36,2026-08-24T21:29:08.442125795Z
01M0TV7JP7EXYF7342M8ABQ8YV,01M0TTMTH8JPTHXWGXYEY1VFR8,2026-08-24T21:36:10.439289649Z,"[{""text"":""Looks like a 3 shape mirrored and a v shape attatched to it"",""sender"":{""id"":""01M0TV363Y2QH3CGTPHSZR512P"",""name"":""Minu"",""avatar"":""https://api.dicebear.com/8.x/rings/svg?seed=Minu""}}]",2026-08-24T21:50:05.840058841Z,[1787608205849],2026-08-24T21:50:05.850969575Z,,,true,2026-08-24T21:50:36.594573915Z,01M0TV363Y2QH3CGTPHSZR512P,2026-08-24T21:49:43.944490189Z,"[""A2"",""D1"",""B3"",""C4""]",2026-08-24T21:36:10.439289649Z,true,2026-08-24T21:50:36.581858708Z,01M0TTMWM9GSP2NP0T4CET96EB,2026-08-24T21:36:10.439289649Z,9,2026-08-24T21:36:10.439289649Z,false,2026-08-24T21:49:44.248428456Z,01M0TTRGJ55RK21NQM11GGHNRN,2026-08-24T21:49:43.944490189Z,,,48,2026-08-24T21:36:10.439289649Z,12,2026-08-24T21:36:10.439289649Z,training,2026-08-24T21:36:10.439289649Z,0,2026-08-24T21:36:10.439289649Z,4,2026-08-24T21:36:10.439289649Z,/tangrams/348_24.png,2026-08-24T21:50:36.594573915Z,/tangrams/348_24.png,2026-08-24T21:50:33.428185839Z,1787608233919,2026-08-24T21:50:33.435420571Z,1,2026-08-24T21:36:10.439289649Z,2,2026-08-24T21:36:11.164537124Z,true,2026-08-24T21:49:43.89384297Z,"[""/tangrams/66_441.png"",""/tangrams/20_314.png"",""/tangrams/348_24.png"",""/tangrams/202_464.png""]",2026-08-24T21:36:10.439289649Z,/tangrams/348_24.png,2026-08-24T21:36:10.439289649Z,B3,2026-08-24T21:36:10.439289649Z,9,2026-08-24T21:36:10.439289649Z,8,2026-08-24T21:36:10.439289649Z
01M0TVK9KF2JM3HWDWT9ZRSEST,01M0TTMTH8JPTHXWGXYEY1VFR8,2026-08-24T21:42:34.351850602Z,"[{""text"":""Boxing glove"",""sender"":{""id"":""01M0TVD4RDDZ2GPYA2W2TBJY2J"",""name"":""Minu"",""avatar"":""https://api.dicebear.com/8.x/rings/svg?seed=Minu""}}]",2026-08-24T21:53:12.822277751Z,[1787608392835],2026-08-24T21:53:12.836684307Z,,,true,2026-08-24T21:53:17.777695675Z,01M0TVD4RDDZ2GPYA2W2TBJY2J,2026-08-24T21:53:02.965576514Z,"[""D4"",""F8"",""F6"",""F1""]",2026-08-24T21:42:34.351850602Z,true,2026-08-24T21:53:17.763692369Z,01M0TTMWMG725DJ5GA5M4WD8SY,2026-08-24T21:42:34.351850602Z,15,2026-08-24T21:42:34.351850602Z,false,2026-08-24T21:53:03.227397284Z,01M0TV8YZXT0HY97VC3QNJABKN,2026-08-24T21:53:02.965576514Z,,,48,2026-08-24T21:42:34.351850602Z,12,2026-08-24T21:42:34.351850602Z,training,2026-08-24T21:42:34.351850602Z,1,2026-08-24T21:42:34.351850602Z,4,2026-08-24T21:42:34.351850602Z,/tangrams/98_302.png,2026-08-24T21:53:17.777695675Z,/tangrams/98_302.png,2026-08-24T21:53:14.600796837Z,1787608395372,2026-08-24T21:53:14.585459091Z,1,2026-08-24T21:42:34.351850602Z,2,2026-08-24T21:42:35.432028985Z,true,2026-08-24T21:53:02.912579622Z,"[""/tangrams/20_464.png"",""/tangrams/374_400.png"",""/tangrams/98_302.png"",""/tangrams/452_257.png""]",2026-08-24T21:42:34.351850602Z,/tangrams/98_302.png,2026-08-24T21:42:34.351850602Z,F6,2026-08-24T21:42:34.351850602Z,3,2026-08-24T21:42:34.351850602Z,14,2026-08-24T21:42:34.351850602Z
01M0TTA599EAT404370QMBDTVA,01M0TSZV7X3D77NKMM5CDCW4Z6,2026-08-24T21:20:06.441069855Z,"[{""text"":""looks like a big flower, skewed to the left."",""sender"":{""id"":""01M0TT3ZTTV22XQGZD0K61T6A4"",""name"":""Repi"",""avatar"":""https://api.dicebear.com/8.x/rings/svg?seed=Repi""}}]",2026-08-24T21:41:00.504092292Z,[1787607660514],2026-08-24T21:41:00.516641922Z,,,true,2026-08-24T21:41:06.727141095Z,01M0TT3ZTTV22XQGZD0K61T6A4,2026-08-24T21:40:41.372363065Z,"[""F2"",""A1"",""F4"",""B2""]",2026-08-24T21:20:06.441069855Z,true,2026-08-24T21:41:06.715284959Z,01M0TSZV8KEDQHAT4X3FNKVS2B,2026-08-24T21:20:06.441069855Z,28,2026-08-24T21:20:06.441069855Z,false,2026-08-24T21:40:41.500085246Z,01M0TT4SZRTK7MV5T48R9G1GQH,2026-08-24T21:40:41.372363065Z,,,48,2026-08-24T21:20:06.441069855Z,12,2026-08-24T21:20:06.441069855Z,training,2026-08-24T21:20:06.441069855Z,2,2026-08-24T21:20:06.441069855Z,4,2026-08-24T21:20:06.441069855Z,/tangrams/290_64.png,2026-08-24T21:41:06.727141095Z,/tangrams/290_64.png,2026-08-24T21:41:03.587896686Z,1787607663469,2026-08-24T21:41:03.595120867Z,0,2026-08-24T21:20:06.441069855Z,2,2026-08-24T21:20:07.170952247Z,true,2026-08-24T21:40:41.328138865Z,"[""/tangrams/290_64.png"",""/tangrams/138_244.png"",""/tangrams/434_227.png"",""/tangrams/366_339.png""]",2026-08-24T21:20:06.441069855Z,/tangrams/290_64.png,2026-08-24T21:20:06.441069855Z,F2,2026-08-24T21:20:06.441069855Z,4,2026-08-24T21:20:06.441069855Z,27,2026-08-24T21:20:06.441069855Z
01M0TTNRDFV6CTKSVHQJPFC2H0,01M0TSZGJXR0N6DNTNARWRMFQ4,2026-08-24T21:26:26.482083256Z,,,,,,,,,,,"[""C3"",""F1"",""F4"",""A1""]",2026-08-24T21:26:26.482083256Z,false,2026-08-24T21:26:26.482083256Z,01M0TSZGKJQW5S4GCP9150DNN9,2026-08-24T21:26:26.482083256Z,24,2026-08-24T21:26:26.482083256Z,,,,,,,48,2026-08-24T21:26:26.482083256Z,12,2026-08-24T21:26:26.482083256Z,training,2026-08-24T21:26:26.482083256Z,1,2026-08-24T21:26:26.482083256Z,4,2026-08-24T21:26:26.482083256Z,,,,2026-08-24T21:26:26.482083256Z,,,1,2026-08-24T21:26:26.482083256Z,2,2026-08-24T21:26:27.292746592Z,false,2026-08-24T21:26:26.482083256Z,"[""/tangrams/202_24.png"",""/tangrams/452_257.png"",""/tangrams/40_345.png"",""/tangrams/66_314.png""]",2026-08-24T21:26:26.482083256Z,/tangrams/202_24.png,2026-08-24T21:26:26.482083256Z,C3,2026-08-24T21:26:26.482083256Z,12,2026-08-24T21:26:26.482083256Z,23,2026-08-24T21:26:26.482083256Z
01M0TTMQVZGZCD67EWP7K8FFQE,01M0TSZV7X3D77NKMM5CDCW4Z6,2026-08-24T21:25:53.151140106Z,"[{""text"":""triangle on left side - looks like a button on top to push"",""sender"":{""id"":""01M0TT4SREDP4QR1H8V4E3X5G9"",""name"":""Minu"",""avatar"":""https://api.dicebear.com/8.x/rings/svg?seed=Minu""}}]",2026-08-24T21:47:55.175304476Z,[1787608075186],2026-08-24T21:47:55.187874964Z,1787608073603,2026-08-24T21:47:55.167768738Z,true,2026-08-24T21:48:07.872170817Z,01M0TT4SREDP4QR1H8V4E3X5G9,2026-08-24T21:47:18.613226289Z,"[""A2"",""D3"",""C1"",""B4""]",2026-08-24T21:25:53.151140106Z,true,2026-08-24T21:48:07.849167314Z,01M0TSZV8ERABP36QP2627EVMT,2026-08-24T21:25:53.151140106Z,27,2026-08-24T21:25:53.151140106Z,false,2026-08-24T21:47:18.757737889Z,01M0TT4JP6VSYSTADD58E33WM9,2026-08-24T21:47:18.613226289Z,,,48,2026-08-24T21:25:53.151140106Z,12,2026-08-24T21:25:53.151140106Z,training,2026-08-24T21:25:53.151140106Z,2,2026-08-24T21:25:53.151140106Z,4,2026-08-24T21:25:53.151140106Z,/tangrams/202_314.png,2026-08-24T21:48:07.872170817Z,/tangrams/202_314.png,2026-08-24T21:48:04.565812301Z,1787608082990,2026-08-24T21:48:04.558161347Z,1,2026-08-24T21:25:53.151140106Z,2,2026-08-24T21:25:53.951505544Z,true,2026-08-24T21:47:18.54910594Z,"[""/tangrams/66_441.png"",""/tangrams/20_24.png"",""/tangrams/202_314.png"",""/tangrams/348_464.png""]",2026-08-24T21:25:53.151140106Z,/tangrams/202_314.png,2026-08-24T21:25:53.151140106Z,C1,2026-08-24T21:25:53.151140106Z,3,2026-08-24T21:25:53.151140106Z,26,2026-08-24T21:25:53.151140106Z
01M0TTTPEVD8VTDJ3K40Y6JM1E,01M0TSZV7X3D77NKMM5CDCW4Z6,2026-08-24T21:29:08.31526065Z,"[{""text"":""Has a white rectangle on the inside with a mouth shape on the left"",""sender"":{""id"":""01M0TTBQPRE9XMJHBPDKM8GTC4"",""name"":""Minu"",""avatar"":""https://api.dicebear.com/8.x/rings/svg?seed=Minu""}}]",2026-08-24T21:41:13.07810666Z,[1787607673088],2026-08-24T21:41:13.090115267Z,1787607657370,2026-08-24T21:41:00.092028904Z,true,2026-08-24T21:41:31.346504858Z,01M0TTBQPRE9XMJHBPDKM8GTC4,2026-08-24T21:40:33.288391936Z,"[""A3"",""B4"",""D2"",""D3""]",2026-08-24T21:29:08.31526065Z,true,2026-08-24T21:41:31.328868784Z,01M0TSZV8KEDQHAT4X33M1GG1C,2026-08-24T21:29:08.31526065Z,1,2026-08-24T21:29:08.31526065Z,false,2026-08-24T21:40:33.516974211Z,01M0TT467Q69C5HQ20GW6FRRF2,2026-08-24T21:40:33.288391936Z,,,48,2026-08-24T21:29:08.31526065Z,12,2026-08-24T21:29:08.31526065Z,training,2026-08-24T21:29:08.31526065Z,0,2026-08-24T21:29:08.31526065Z,4,2026-08-24T21:29:08.31526065Z,/tangrams/20_24.png,2026-08-24T21:41:31.346504858Z,/tangrams/20_24.png,2026-08-24T21:41:28.198830663Z,1787607685453,2026-08-24T21:41:28.186322999Z,1,2026-08-24T21:29:08.31526065Z,2,2026-08-24T21:29:08.78054123Z,true,2026-08-24T21:40:33.221664991Z,"[""/tangrams/66_24.png"",""/tangrams/348_464.png"",""/tangrams/20_441.png"",""/tangrams/20_24.png""]",2026-08-24T21:29:08.31526065Z,/tangrams/20_24.png,2026-08-24T21:29:08.31526065Z,D3,2026-08-24T21:29:08.31526065Z,1,2026-08-24T21:29:08.31526065Z,0,2026-08-24T21:29:08.31526065Z
01M0TVK9JPBB2BD0WVTYMB4EE1,01M0TTMTH8JPTHXWGXYEY1VFR8,2026-08-24T21:42:34.326284498Z,"[{""text"":""diamond with 2 triangles on the right"",""sender"":{""id"":""01M0TVD4RDDZ2GPYA2W2TBJY2J"",""name"":""Minu"",""avatar"":""https://api.dicebear.com/8.x/rings/svg?seed=Minu""}}]",2026-08-24T21:52:43.003210523Z,[1787608363015],2026-08-24T21:52:43.017463861Z,,,true,2026-08-24T21:52:49.020004138Z,01M0TVD4RDDZ2GPYA2W2TBJY2J,2026-08-24T21:52:30.622637264Z,"[""D4"",""F3"",""B2"",""C3""]",2026-08-24T21:42:34.326284498Z,true,2026-08-24T21:52:49.003036403Z,01M0TTMWMG725DJ5GA5M4WD8SY,2026-08-24T21:42:34.326284498Z,13,2026-08-24T21:42:34.326284498Z,false,2026-08-24T21:52:30.787033683Z,01M0TV8YZXT0HY97VC3QNJABKN,2026-08-24T21:52:30.622637264Z,,,48,2026-08-24T21:42:34.326284498Z,12,2026-08-24T21:42:34.326284498Z,training,2026-08-24T21:42:34.326284498Z,1,2026-08-24T21:42:34.326284498Z,4,2026-08-24T21:42:34.326284498Z,/tangrams/264_176.png,2026-08-24T21:52:49.020004138Z,/tangrams/264_176.png,2026-08-24T21:52:45.841786009Z,1787608366628,2026-08-24T21:52:45.857633842Z,1,2026-08-24T21:42:34.326284498Z,2,2026-08-24T21:42:35.370553241Z,true,2026-08-24T21:52:30.568668526Z,"[""/tangrams/20_464.png"",""/tangrams/264_176.png"",""/tangrams/348_441.png"",""/tangrams/202_24.png""]",2026-08-24T21:42:34.326284498Z,/tangrams/264_176.png,2026-08-24T21:42:34.326284498Z,F3,2026-08-24T21:42:34.326284498Z,1,2026-08-24T21:42:34.326284498Z,12,2026-08-24T21:42:34.326284498Z
01M0TTKDEHQVYRFQECSE8FNHPE,01M0TSZGJXR0N6DNTNARWRMFQ4,2026-08-24T21:25:09.713126351Z,,,,,,,,,,,"[""A4"",""B1"",""D1"",""D3""]",2026-08-24T21:25:09.713126351Z,false,2026-08-24T21:25:09.713126351Z,01M0TSZGKM72FFW193EYG47F25,2026-08-24T21:25:09.713126351Z,29,2026-08-24T21:25:09.713126351Z,,,,,,,48,2026-08-24T21:25:09.713126351Z,12,2026-08-24T21:25:09.713126351Z,training,2026-08-24T21:25:09.713126351Z,2,2026-08-24T21:25:09.713126351Z,4,2026-08-24T21:25:09.713126351Z,,,,2026-08-24T21:25:09.713126351Z,,,0,2026-08-24T21:25:09.713126351Z,2,2026-08-24T21:25:10.357597093Z,false,2026-08-24T21:25:09.713126351Z,"[""/tangrams/138_66.png"",""/tangrams/366_244.png"",""/tangrams/279_244.png"",""/tangrams/279_405.png""]",2026-08-24T21:25:09.713126351Z,/tangrams/279_244.png,2026-08-24T21:25:09.713126351Z,D1,2026-08-24T21:25:09.713126351Z,5,2026-08-24T21:25:09.713126351Z,28,2026-08-24T21:25:09.713126351Z
01M0TTKN0Q50W9H411RD7NS4AZ,01M0TSZEX52H0PZDJFB4JNEAFW,2026-08-24T21:25:17.463476392Z,"[{""text"":""pizza hut shape with white rectangle inside"",""sender"":{""id"":""01M0TTF3ADJ36CYQBD8356XFNQ"",""name"":""Minu"",""avatar"":""https://api.dicebear.com/8.x/rings/svg?seed=Minu""}}]",2026-08-24T21:47:24.335637376Z,[1787608044347],2026-08-24T21:47:24.34917472Z,,,true,2026-08-24T21:47:36.063301649Z,01M0TTF3ADJ36CYQBD8356XFNQ,2026-08-24T21:47:01.435816628Z,"[""A4"",""D3"",""C2"",""B1""]",2026-08-24T21:25:17.463476392Z,true,2026-08-24T21:47:36.044294583Z,01M0TSZEY173D8F3KEP071GR06,2026-08-24T21:25:17.463476392Z,31,2026-08-24T21:25:17.463476392Z,false,2026-08-24T21:47:01.565605187Z,01M0TT55D1DRDQ3JPT1CDTT5VN,2026-08-24T21:47:01.435816628Z,,,48,2026-08-24T21:25:17.463476392Z,12,2026-08-24T21:25:17.463476392Z,training,2026-08-24T21:25:17.463476392Z,2,2026-08-24T21:25:17.463476392Z,4,2026-08-24T21:25:17.463476392Z,/tangrams/422_339.png,2026-08-24T21:47:36.063301649Z,/tangrams/422_339.png,2026-08-24T21:47:32.891601974Z,1787608052630,2026-08-24T21:47:32.877484582Z,0,2026-08-24T21:25:17.463476392Z,2,2026-08-24T21:25:18.19245631Z,true,2026-08-24T21:47:01.384977713Z,"[""/tangrams/138_66.png"",""/tangrams/279_405.png"",""/tangrams/422_339.png"",""/tangrams/366_244.png""]",2026-08-24T21:25:17.463476392Z,/tangrams/422_339.png,2026-08-24T21:25:17.463476392Z,C2,2026-08-24T21:25:17.463476392Z,7,2026-08-24T21:25:17.463476392Z,30,2026-08-24T21:25:17.463476392Z
01M0TTTPRT0KJ8VKW180HK0X4Q,01M0TSZV7X3D77NKMM5CDCW4Z6,2026-08-24T21:29:08.635036585Z,"[{""text"":""stopsign with triangle missing on the left and a rectangle inside"",""sender"":{""id"":""01M0TT467Q69C5HQ20GW6FRRF2"",""name"":""Repi"",""avatar"":""https://api.dicebear.com/8.x/rings/svg?seed=Repi""}}]",2026-08-24T21:59:18.135912282Z,[1787608758219],2026-08-24T21:59:18.221328763Z,,,true,2026-08-24T21:59:31.085698754Z,01M0TT467Q69C5HQ20GW6FRRF2,2026-08-24T21:58:47.204033034Z,"[""D1"",""D3"",""A3"",""B4""]",2026-08-24T21:29:08.635036585Z,true,2026-08-24T21:59:31.059621495Z,01M0TSZV8KEDQHAT4X33M1GG1C,2026-08-24T21:29:08.635036585Z,24,2026-08-24T21:29:08.635036585Z,false,2026-08-24T21:58:47.401246819Z,01M0TTBQPRE9XMJHBPDKM8GTC4,2026-08-24T21:58:47.204033034Z,,,48,2026-08-24T21:29:08.635036585Z,12,2026-08-24T21:29:08.635036585Z,training,2026-08-24T21:29:08.635036585Z,1,2026-08-24T21:29:08.635036585Z,4,2026-08-24T21:29:08.635036585Z,/tangrams/20_24.png,2026-08-24T21:59:31.085698754Z,/tangrams/20_24.png,2026-08-24T21:59:27.852477325Z,1787608766107,2026-08-24T21:59:27.835100736Z,1,2026-08-24T21:29:08.635036585Z,2,2026-08-24T21:29:09.608578749Z,true,2026-08-24T21:58:47.132923367Z,"[""/tangrams/20_314.png"",""/tangrams/20_24.png"",""/tangrams/66_24.png"",""/tangrams/348_464.png""]",2026-08-24T21:29:08.635036585Z,/tangrams/20_24.png,2026-08-24T21:29:08.635036585Z,D3,2026-08-24T21:29:08.635036585Z,12,2026-08-24T21:29:08.635036585Z,23,2026-08-24T21:29:08.635036585Z
01M0TTEY34HWQBR9JMXVTS92B0,01M0TSZEX52H0PZDJFB4JNEAFW,2026-08-24T21:22:42.917019041Z,"[{""text"":""House running away"",""sender"":{""id"":""01M0TT9XXJBBQAZ4WANFPESF7T"",""name"":""Minu"",""avatar"":""https://api.dicebear.com/8.x/rings/svg?seed=Minu""}}]",2026-08-24T21:52:28.62618333Z,[1787608348639],2026-08-24T21:52:28.640956198Z,,,true,2026-08-24T21:52:34.674364924Z,01M0TT9XXJBBQAZ4WANFPESF7T,2026-08-24T21:52:21.425192898Z,"[""C3"",""F3"",""F2"",""A1""]",2026-08-24T21:22:42.917019041Z,true,2026-08-24T21:52:34.656511383Z,01M0TSZEY44B7XSP574QH2WQPJ,2026-08-24T21:22:42.917019041Z,37,2026-08-24T21:22:42.917019041Z,false,2026-08-24T21:52:21.607093143Z,01M0TT49QHQY8JQV8C5T94HHYZ,2026-08-24T21:52:21.425192898Z,,,48,2026-08-24T21:22:42.917019041Z,12,2026-08-24T21:22:42.917019041Z,training,2026-08-24T21:22:42.917019041Z,3,2026-08-24T21:22:42.917019041Z,4,2026-08-24T21:22:42.917019041Z,/tangrams/422_405.png,2026-08-24T21:52:34.674364924Z,/tangrams/422_405.png,2026-08-24T21:52:31.473785485Z,1787608351369,2026-08-24T21:52:31.465884644Z,0,2026-08-24T21:22:42.917019041Z,2,2026-08-24T21:22:43.784752101Z,true,2026-08-24T21:52:21.361905806Z,"[""/tangrams/422_405.png"",""/tangrams/170_154.png"",""/tangrams/290_64.png"",""/tangrams/138_244.png""]",2026-08-24T21:22:42.917019041Z,/tangrams/422_405.png,2026-08-24T21:22:42.917019041Z,C3,2026-08-24T21:22:42.917019041Z,1,2026-08-24T21:22:42.917019041Z,36,2026-08-24T21:22:42.917019041Z
01M0TTTPQRG11F4CTAXEMKP04G,01M0TSZV7X3D77NKMM5CDCW4Z6,2026-08-24T21:29:08.60057305Z,"[{""text"":""left side looks like a spiky sword hilt and the right has an upside down L"",""sender"":{""id"":""01M0TT467Q69C5HQ20GW6FRRF2"",""name"":""Repi"",""avatar"":""https://api.dicebear.com/8.x/rings/svg?seed=Repi""}}]",2026-08-24T22:00:30.950615377Z,[1787608830966],2026-08-24T22:00:30.967808543Z,,,true,2026-08-24T22:00:42.499602581Z,01M0TT467Q69C5HQ20GW6FRRF2,2026-08-24T22:00:06.26705512Z,"[""B4"",""C4"",""C2"",""D3""]",2026-08-24T21:29:08.60057305Z,true,2026-08-24T22:00:42.475424398Z,01M0TSZV8KEDQHAT4X33M1GG1C,2026-08-24T21:29:08.60057305Z,26,2026-08-24T21:29:08.60057305Z,false,2026-08-24T22:00:06.475164556Z,01M0TTBQPRE9XMJHBPDKM8GTC4,2026-08-24T22:00:06.26705512Z,,,48,2026-08-24T21:29:08.60057305Z,12,2026-08-24T21:29:08.60057305Z,training,2026-08-24T21:29:08.60057305Z,2,2026-08-24T21:29:08.60057305Z,4,2026-08-24T21:29:08.60057305Z,/tangrams/202_464.png,2026-08-24T22:00:42.499602581Z,/tangrams/202_464.png,2026-08-24T22:00:39.290619699Z,1787608837540,2026-08-24T22:00:39.28057132Z,1,2026-08-24T21:29:08.60057305Z,2,2026-08-24T21:29:09.668675813Z,true,2026-08-24T22:00:06.197333484Z,"[""/tangrams/348_464.png"",""/tangrams/202_464.png"",""/tangrams/202_441.png"",""/tangrams/20_24.png""]",2026-08-24T21:29:08.60057305Z,/tangrams/202_464.png,2026-08-24T21:29:08.60057305Z,C4,2026-08-24T21:29:08.60057305Z,2,2026-08-24T21:29:08.60057305Z,25,2026-08-24T21:29:08.60057305Z
01M0TTEY3YDSH1CAC1K16BH2BC,01M0TSZEX52H0PZDJFB4JNEAFW,2026-08-24T21:22:42.942194564Z,"[{""text"":""Flower with the spikes"",""sender"":{""id"":""01M0TT49QHQY8JQV8C5T94HHYZ"",""name"":""Repi"",""avatar"":""https://api.dicebear.com/8.x/rings/svg?seed=Repi""}}]",2026-08-24T21:48:22.067868329Z,[1787608102125],2026-08-24T21:48:22.126408306Z,,,true,2026-08-24T21:48:28.206725801Z,01M0TT49QHQY8JQV8C5T94HHYZ,2026-08-24T21:48:10.029707168Z,"[""C3"",""D4"",""F2"",""F8""]",2026-08-24T21:22:42.942194564Z,true,2026-08-24T21:48:28.189424521Z,01M0TSZEY44B7XSP574QH2WQPJ,2026-08-24T21:22:42.942194564Z,30,2026-08-24T21:22:42.942194564Z,false,2026-08-24T21:48:10.218327207Z,01M0TT9XXJBBQAZ4WANFPESF7T,2026-08-24T21:48:10.029707168Z,,,48,2026-08-24T21:22:42.942194564Z,12,2026-08-24T21:22:42.942194564Z,training,2026-08-24T21:22:42.942194564Z,2,2026-08-24T21:22:42.942194564Z,4,2026-08-24T21:22:42.942194564Z,/tangrams/290_64.png,2026-08-24T21:48:28.206725801Z,/tangrams/290_64.png,2026-08-24T21:48:24.930949799Z,1787608104556,2026-08-24T21:48:24.923196804Z,0,2026-08-24T21:22:42.942194564Z,2,2026-08-24T21:22:43.682244532Z,true,2026-08-24T21:48:09.970925583Z,"[""/tangrams/422_405.png"",""/tangrams/279_66.png"",""/tangrams/290_64.png"",""/tangrams/37_144.png""]",2026-08-24T21:22:42.942194564Z,/tangrams/290_64.png,2026-08-24T21:22:42.942194564Z,F2,2026-08-24T21:22:42.942194564Z,6,2026-08-24T21:22:42.942194564Z,29,2026-08-24T21:22:42.942194564Z
01M0TT9KMBQ9CH1QB65NJ5EQDV,01M0TSZGJXR0N6DNTNARWRMFQ4,2026-08-24T21:19:48.363252044Z,,,,,,,,,,,"[""A4"",""B3"",""D1"",""C2""]",2026-08-24T21:19:48.363252044Z,false,2026-08-24T21:19:48.363252044Z,01M0TSZGKE32G3R2H2EPQFBQNN,2026-08-24T21:19:48.363252044Z,28,2026-08-24T21:19:48.363252044Z,,,,,,,48,2026-08-24T21:19:48.363252044Z,12,2026-08-24T21:19:48.363252044Z,training,2026-08-24T21:19:48.363252044Z,2,2026-08-24T21:19:48.363252044Z,4,2026-08-24T21:19:48.363252044Z,,,,2026-08-24T21:19:48.363252044Z,,,0,2026-08-24T21:19:48.363252044Z,2,2026-08-24T21:19:49.033607249Z,false,2026-08-24T21:19:48.363252044Z,"[""/tangrams/138_66.png"",""/tangrams/366_405.png"",""/tangrams/279_244.png"",""/tangrams/422_339.png""]",2026-08-24T21:19:48.363252044Z,/tangrams/279_244.png,2026-08-24T21:19:48.363252044Z,D1,2026-08-24T21:19:48.363252044Z,4,2026-08-24T21:19:48.363252044Z,27,2026-08-24T21:19:48.363252044Z
01M0TTA5ET0VQ8679ZXD4S0ZVZ,01M0TSZV7X3D77NKMM5CDCW4Z6,2026-08-24T21:20:06.618773529Z,"[{""text"":""timed out and site went offline... you still there?"",""sender"":{""id"":""01M0TT3ZTTV22XQGZD0K61T6A4"",""name"":""Repi"",""avatar"":""https://api.dicebear.com/8.x/rings/svg?seed=Repi""}},{""text"":""Yep Im back"",""sender"":{""id"":""01M0TT4SZRTK7MV5T48R9G1GQH"",""name"":""Minu"",""avatar"":""https://api.dicebear.com/8.x/rings/svg?seed=Minu""}},{""text"":""Same thing happened to me"",""sender"":{""id"":""01M0TT4SZRTK7MV5T48R9G1GQH"",""name"":""Minu"",""avatar"":""https://api.dicebear.com/8.x/rings/svg?seed=Minu""}},{""text"":""if so, blocky smiley face at bottom. turtle with legs out at top"",""sender"":{""id"":""01M0TT3ZTTV22XQGZD0K61T6A4"",""name"":""Repi"",""avatar"":""https://api.dicebear.com/8.x/rings/svg?seed=Repi""}}]",2026-08-24T21:28:15.446541523Z,"[1787606864562,1787606880689,1787606887010,1787606895453]",2026-08-24T21:28:15.456903209Z,,,true,2026-08-24T21:28:25.715646336Z,01M0TT3ZTTV22XQGZD0K61T6A4,2026-08-24T21:26:24.658709421Z,"[""F3"",""C3"",""F4"",""F5""]",2026-08-24T21:20:06.618773529Z,true,2026-08-24T21:28:25.7007699Z,01M0TSZV8KEDQHAT4X3FNKVS2B,2026-08-24T21:20:06.618773529Z,6,2026-08-24T21:20:06.618773529Z,false,2026-08-24T21:26:24.766698475Z,01M0TT4SZRTK7MV5T48R9G1GQH,2026-08-24T21:26:24.658709421Z,,,48,2026-08-24T21:20:06.618773529Z,12,2026-08-24T21:20:06.618773529Z,training,2026-08-24T21:20:06.618773529Z,0,2026-08-24T21:20:06.618773529Z,4,2026-08-24T21:20:06.618773529Z,/tangrams/170_154.png,2026-08-24T21:28:25.715646336Z,/tangrams/170_154.png,2026-08-24T21:28:22.488773259Z,1787606902376,2026-08-24T21:28:22.484613801Z,0,2026-08-24T21:20:06.618773529Z,2,2026-08-24T21:20:06.770289058Z,true,2026-08-24T21:26:24.625076608Z,"[""/tangrams/170_154.png"",""/tangrams/422_405.png"",""/tangrams/434_227.png"",""/tangrams/456_48.png""]",2026-08-24T21:20:06.618773529Z,/tangrams/170_154.png,2026-08-24T21:20:06.618773529Z,F3,2026-08-24T21:20:06.618773529Z,6,2026-08-24T21:20:06.618773529Z,5,2026-08-24T21:20:06.618773529Z
01M0TTKDEYB03WKG54SG66MXRY,01M0TSZGJXR0N6DNTNARWRMFQ4,2026-08-24T21:25:09.726780311Z,,,,,,,,,,,"[""B3"",""C4"",""B1"",""A3""]",2026-08-24T21:25:09.726780311Z,false,2026-08-24T21:25:09.726780311Z,01M0TSZGKM72FFW193EYG47F25,2026-08-24T21:25:09.726780311Z,37,2026-08-24T21:25:09.726780311Z,,,,,,,48,2026-08-24T21:25:09.726780311Z,12,2026-08-24T21:25:09.726780311Z,training,2026-08-24T21:25:09.726780311Z,3,2026-08-24T21:25:09.726780311Z,4,2026-08-24T21:25:09.726780311Z,,,,2026-08-24T21:25:09.726780311Z,,,0,2026-08-24T21:25:09.726780311Z,2,2026-08-24T21:25:10.490629103Z,false,2026-08-24T21:25:09.726780311Z,"[""/tangrams/366_405.png"",""/tangrams/422_66.png"",""/tangrams/366_244.png"",""/tangrams/138_405.png""]",2026-08-24T21:25:09.726780311Z,/tangrams/366_405.png,2026-08-24T21:25:09.726780311Z,B3,2026-08-24T21:25:09.726780311Z,1,2026-08-24T21:25:09.726780311Z,36,2026-08-24T21:25:09.726780311Z
01M0TV7JV7SPHHVBEGRZ84DTBT,01M0TTMTH8JPTHXWGXYEY1VFR8,2026-08-24T21:36:10.599038957Z,"[{""text"":""white rectangle"",""sender"":{""id"":""01M0TTRGJ55RK21NQM11GGHNRN"",""name"":""Repi"",""avatar"":""https://api.dicebear.com/8.x/rings/svg?seed=Repi""}}]",2026-08-24T22:03:15.175371795Z,[1787608995190],2026-08-24T22:03:15.192064211Z,,,true,2026-08-24T22:03:20.378879336Z,01M0TTRGJ55RK21NQM11GGHNRN,2026-08-24T22:03:06.987988631Z,"[""A3"",""B1"",""D2"",""C4""]",2026-08-24T21:36:10.599038957Z,true,2026-08-24T22:03:20.36121426Z,01M0TTMWM9GSP2NP0T4CET96EB,2026-08-24T21:36:10.599038957Z,44,2026-08-24T21:36:10.599038957Z,false,2026-08-24T22:03:07.251708491Z,01M0TV363Y2QH3CGTPHSZR512P,2026-08-24T22:03:06.987988631Z,,,48,2026-08-24T21:36:10.599038957Z,12,2026-08-24T21:36:10.599038957Z,training,2026-08-24T21:36:10.599038957Z,3,2026-08-24T21:36:10.599038957Z,4,2026-08-24T21:36:10.599038957Z,/tangrams/66_24.png,2026-08-24T22:03:20.378879336Z,/tangrams/66_24.png,2026-08-24T22:03:17.161483086Z,1787608995348,2026-08-24T22:03:17.152505067Z,1,2026-08-24T21:36:10.599038957Z,2,2026-08-24T21:36:12.22836625Z,true,2026-08-24T22:03:06.916429006Z,"[""/tangrams/66_24.png"",""/tangrams/348_314.png"",""/tangrams/20_441.png"",""/tangrams/202_464.png""]",2026-08-24T21:36:10.599038957Z,/tangrams/66_24.png,2026-08-24T21:36:10.599038957Z,A3,2026-08-24T21:36:10.599038957Z,8,2026-08-24T21:36:10.599038957Z,43,2026-08-24T21:36:10.599038957Z
01M0TT9KJXDZ9RTR7WSS1FKRXS,01M0TSZGJXR0N6DNTNARWRMFQ4,2026-08-24T21:19:48.317198473Z,,,,,,,,,,,"[""D2"",""A3"",""C4"",""B1""]",2026-08-24T21:19:48.317198473Z,false,2026-08-24T21:19:48.317198473Z,01M0TSZGKE32G3R2H2EPQFBQNN,2026-08-24T21:19:48.317198473Z,16,2026-08-24T21:19:48.317198473Z,,,,,,,48,2026-08-24T21:19:48.317198473Z,12,2026-08-24T21:19:48.317198473Z,training,2026-08-24T21:19:48.317198473Z,1,2026-08-24T21:19:48.317198473Z,4,2026-08-24T21:19:48.317198473Z,,,,2026-08-24T21:19:48.317198473Z,,,0,2026-08-24T21:19:48.317198473Z,2,2026-08-24T21:19:48.795063495Z,false,2026-08-24T21:19:48.317198473Z,"[""/tangrams/279_339.png"",""/tangrams/138_405.png"",""/tangrams/422_66.png"",""/tangrams/366_244.png""]",2026-08-24T21:19:48.317198473Z,/tangrams/138_405.png,2026-08-24T21:19:48.317198473Z,A3,2026-08-24T21:19:48.317198473Z,4,2026-08-24T21:19:48.317198473Z,15,2026-08-24T21:19:48.317198473Z
01M0TTK16KQYT2X97TRZWMF19X,01M0TSZEX52H0PZDJFB4JNEAFW,2026-08-24T21:24:57.171764533Z,"[{""text"":""triangle ontop house imprint on bottom"",""sender"":{""id"":""01M0TT7ZVRQQW92P55GPN9KMMS"",""name"":""Minu"",""avatar"":""https://api.dicebear.com/8.x/rings/svg?seed=Minu""}},{""text"":""triangle imprint ontop"",""sender"":{""id"":""01M0TT7ZVRQQW92P55GPN9KMMS"",""name"":""Minu"",""avatar"":""https://api.dicebear.com/8.x/rings/svg?seed=Minu""}},{""text"":""cut out"",""sender"":{""id"":""01M0TT7ZVRQQW92P55GPN9KMMS"",""name"":""Minu"",""avatar"":""https://api.dicebear.com/8.x/rings/svg?seed=Minu""}}]",2026-08-24T22:01:11.102714479Z,"[1787608849853,1787608865780,1787608871117]",2026-08-24T22:01:11.119351834Z,,,false,2026-08-24T22:01:21.172194014Z,01M0TT7ZVRQQW92P55GPN9KMMS,2026-08-24T22:00:24.330209725Z,"[""D2"",""C1"",""D3"",""B3""]",2026-08-24T21:24:57.171764533Z,true,2026-08-24T22:01:21.152739661Z,01M0TSZEY54T11A9AMGVA6T4ZB,2026-08-24T21:24:57.171764533Z,25,2026-08-24T21:24:57.171764533Z,false,2026-08-24T22:00:24.538904932Z,01M0TT7FNH08P86PFHWCV3NRS8,2026-08-24T22:00:24.330209725Z,,,48,2026-08-24T21:24:57.171764533Z,12,2026-08-24T21:24:57.171764533Z,training,2026-08-24T21:24:57.171764533Z,2,2026-08-24T21:24:57.171764533Z,4,2026-08-24T21:24:57.171764533Z,/tangrams/366_405.png,2026-08-24T22:01:21.172194014Z,/tangrams/366_405.png,2026-08-24T22:01:17.96459159Z,1787608878065,2026-08-24T22:01:17.938003235Z,0,2026-08-24T21:24:57.171764533Z,2,2026-08-24T21:24:57.70594998Z,true,2026-08-24T22:00:24.246745167Z,"[""/tangrams/279_339.png"",""/tangrams/422_244.png"",""/tangrams/279_405.png"",""/tangrams/366_405.png""]",2026-08-24T21:24:57.171764533Z,/tangrams/279_405.png,2026-08-24T21:24:57.171764533Z,D3,2026-08-24T21:24:57.171764533Z,1,2026-08-24T21:24:57.171764533Z,24,2026-08-24T21:24:57.171764533Z
01M0TTKMV77SDSB47S8N7QH2GR,01M0TSZEX52H0PZDJFB4JNEAFW,2026-08-24T21:25:17.287102712Z,"[{""text"":""house shape with white house in the middle with triangle and diamond below"",""sender"":{""id"":""01M0TTF3ADJ36CYQBD8356XFNQ"",""name"":""Minu"",""avatar"":""https://api.dicebear.com/8.x/rings/svg?seed=Minu""}}]",2026-08-24T21:34:58.380562735Z,[1787607298406],2026-08-24T21:34:58.407604892Z,,,true,2026-08-24T21:35:16.093409114Z,01M0TTF3ADJ36CYQBD8356XFNQ,2026-08-24T21:34:39.254510169Z,"[""D2"",""C4"",""A3"",""B1""]",2026-08-24T21:25:17.287102712Z,true,2026-08-24T21:35:16.080437758Z,01M0TSZEY173D8F3KEP071GR06,2026-08-24T21:25:17.287102712Z,1,2026-08-24T21:25:17.287102712Z,false,2026-08-24T21:34:39.40709165Z,01M0TT55D1DRDQ3JPT1CDTT5VN,2026-08-24T21:34:39.254510169Z,,,48,2026-08-24T21:25:17.287102712Z,12,2026-08-24T21:25:17.287102712Z,training,2026-08-24T21:25:17.287102712Z,0,2026-08-24T21:25:17.287102712Z,4,2026-08-24T21:25:17.287102712Z,/tangrams/366_244.png,2026-08-24T21:35:16.093409114Z,/tangrams/366_244.png,2026-08-24T21:35:12.942792037Z,1787607312658,2026-08-24T21:35:12.922453257Z,0,2026-08-24T21:25:17.287102712Z,2,2026-08-24T21:25:17.615137927Z,true,2026-08-24T21:34:39.207482408Z,"[""/tangrams/279_339.png"",""/tangrams/422_66.png"",""/tangrams/138_405.png"",""/tangrams/366_244.png""]",2026-08-24T21:25:17.287102712Z,/tangrams/366_244.png,2026-08-24T21:25:17.287102712Z,B1,2026-08-24T21:25:17.287102712Z,1,2026-08-24T21:25:17.287102712Z,0,2026-08-24T21:25:17.287102712Z
01M0TTTPSPS4JY62EVQBG2VN38,01M0TSZV7X3D77NKMM5CDCW4Z6,2026-08-24T21:29:08.663009259Z,"[{""text"":""birdlike head with a protruding partial crystal on the back of the head"",""sender"":{""id"":""01M0TT467Q69C5HQ20GW6FRRF2"",""name"":""Repi"",""avatar"":""https://api.dicebear.com/8.x/rings/svg?seed=Repi""}}]",2026-08-24T22:02:20.213700552Z,[1787608940229],2026-08-24T22:02:20.230830528Z,,,true,2026-08-24T22:02:42.675532696Z,01M0TT467Q69C5HQ20GW6FRRF2,2026-08-24T22:01:41.847396983Z,"[""A2"",""B1"",""C4"",""C1""]",2026-08-24T21:29:08.663009259Z,true,2026-08-24T22:02:42.653690167Z,01M0TSZV8KEDQHAT4X33M1GG1C,2026-08-24T21:29:08.663009259Z,28,2026-08-24T21:29:08.663009259Z,false,2026-08-24T22:01:42.049000636Z,01M0TTBQPRE9XMJHBPDKM8GTC4,2026-08-24T22:01:41.847396983Z,,,48,2026-08-24T21:29:08.663009259Z,12,2026-08-24T21:29:08.663009259Z,training,2026-08-24T21:29:08.663009259Z,2,2026-08-24T21:29:08.663009259Z,4,2026-08-24T21:29:08.663009259Z,/tangrams/202_314.png,2026-08-24T22:02:42.675532696Z,/tangrams/202_314.png,2026-08-24T22:02:39.43429993Z,1787608957686,2026-08-24T22:02:39.443755721Z,1,2026-08-24T21:29:08.663009259Z,2,2026-08-24T21:29:09.749500617Z,true,2026-08-24T22:01:41.7847409Z,"[""/tangrams/66_441.png"",""/tangrams/348_314.png"",""/tangrams/202_464.png"",""/tangrams/202_314.png""]",2026-08-24T21:29:08.663009259Z,/tangrams/202_314.png,2026-08-24T21:29:08.663009259Z,C1,2026-08-24T21:29:08.663009259Z,4,2026-08-24T21:29:08.663009259Z,27,2026-08-24T21:29:08.663009259Z
01M0TTYQHPEYFF8ZYDZ2D2M1RN,01M0TTMTH8JPTHXWGXYEY1VFR8,2026-08-24T21:31:20.502080864Z,,,,,,,,,,,"[""A4"",""A2"",""C2"",""B3""]",2026-08-24T21:31:20.502080864Z,false,2026-08-24T21:31:20.502080864Z,01M0TTMWMDPGAHQRDA7BZJ8FEZ,2026-08-24T21:31:20.502080864Z,22,2026-08-24T21:31:20.502080864Z,,,,,,,48,2026-08-24T21:31:20.502080864Z,12,2026-08-24T21:31:20.502080864Z,training,2026-08-24T21:31:20.502080864Z,1,2026-08-24T21:31:20.502080864Z,4,2026-08-24T21:31:20.502080864Z,,,,2026-08-24T21:31:20.502080864Z,,,1,2026-08-24T21:31:20.502080864Z,2,2026-08-24T21:31:21.507899261Z,false,2026-08-24T21:31:20.502080864Z,"[""/tangrams/66_464.png"",""/tangrams/66_441.png"",""/tangrams/202_441.png"",""/tangrams/348_24.png""]",2026-08-24T21:31:20.502080864Z,/tangrams/66_441.png,2026-08-24T21:31:20.502080864Z,A2,2026-08-24T21:31:20.502080864Z,10,2026-08-24T21:31:20.502080864Z,21,2026-08-24T21:31:20.502080864Z
01M0TT9KFGX37CJCRGMHHJC9JX,01M0TSZGJXR0N6DNTNARWRMFQ4,2026-08-24T21:19:48.208542142Z,,,,,,,,,,,"[""D2"",""A4"",""B3"",""C1""]",2026-08-24T21:19:48.208542142Z,false,2026-08-24T21:19:48.208542142Z,01M0TSZGKE32G3R2H2EPQFBQNN,2026-08-24T21:19:48.208542142Z,22,2026-08-24T21:19:48.208542142Z,,,,,,,48,2026-08-24T21:19:48.208542142Z,12,2026-08-24T21:19:48.208542142Z,training,2026-08-24T21:19:48.208542142Z,1,2026-08-24T21:19:48.208542142Z,4,2026-08-24T21:19:48.208542142Z,,,,2026-08-24T21:19:48.208542142Z,,,0,2026-08-24T21:19:48.208542142Z,2,2026-08-24T21:19:48.917005178Z,false,2026-08-24T21:19:48.208542142Z,"[""/tangrams/279_339.png"",""/tangrams/138_66.png"",""/tangrams/366_405.png"",""/tangrams/422_244.png""]",2026-08-24T21:19:48.208542142Z,/tangrams/366_405.png,2026-08-24T21:19:48.208542142Z,B3,2026-08-24T21:19:48.208542142Z,10,2026-08-24T21:19:48.208542142Z,21,2026-08-24T21:19:48.208542142Z
01M0TT9KKJWWW4KMM10DG4S5JM,01M0TSZGJXR0N6DNTNARWRMFQ4,2026-08-24T21:19:48.338459407Z,,,,,,,,,,,"[""C1"",""D3"",""A2"",""B4""]",2026-08-24T21:19:48.338459407Z,false,2026-08-24T21:19:48.338459407Z,01M0TSZGKE32G3R2H2EPQFBQNN,2026-08-24T21:19:48.338459407Z,31,2026-08-24T21:19:48.338459407Z,,,,,,,48,2026-08-24T21:19:48.338459407Z,12,2026-08-24T21:19:48.338459407Z,training,2026-08-24T21:19:48.338459407Z,2,2026-08-24T21:19:48.338459407Z,4,2026-08-24T21:19:48.338459407Z,,,,2026-08-24T21:19:48.338459407Z,,,0,2026-08-24T21:19:48.338459407Z,2,2026-08-24T21:19:49.119372988Z,false,2026-08-24T21:19:48.338459407Z,"[""/tangrams/422_244.png"",""/tangrams/279_405.png"",""/tangrams/138_339.png"",""/tangrams/366_66.png""]",2026-08-24T21:19:48.338459407Z,/tangrams/366_66.png,2026-08-24T21:19:48.338459407Z,B4,2026-08-24T21:19:48.338459407Z,7,2026-08-24T21:19:48.338459407Z,30,2026-08-24T21:19:48.338459407Z
01M0TTTPFT16T9WEVSRXNCR931,01M0TSZV7X3D77NKMM5CDCW4Z6,2026-08-24T21:29:08.346844021Z,"[{""text"":""Looks like a reverse 3 with a human head shape on the right"",""sender"":{""id"":""01M0TTBQPRE9XMJHBPDKM8GTC4"",""name"":""Minu"",""avatar"":""https://api.dicebear.com/8.x/rings/svg?seed=Minu""}}]",2026-08-24T21:42:54.979059593Z,[1787607774990],2026-08-24T21:42:54.991695501Z,,,false,2026-08-24T21:43:22.341040906Z,01M0TTBQPRE9XMJHBPDKM8GTC4,2026-08-24T21:42:32.651958643Z,"[""D2"",""B3"",""B4"",""A3""]",2026-08-24T21:29:08.346844021Z,true,2026-08-24T21:43:22.323916475Z,01M0TSZV8KEDQHAT4X33M1GG1C,2026-08-24T21:29:08.346844021Z,3,2026-08-24T21:29:08.346844021Z,false,2026-08-24T21:42:32.818036159Z,01M0TT467Q69C5HQ20GW6FRRF2,2026-08-24T21:42:32.651958643Z,,,48,2026-08-24T21:29:08.346844021Z,12,2026-08-24T21:29:08.346844021Z,training,2026-08-24T21:29:08.346844021Z,0,2026-08-24T21:29:08.346844021Z,4,2026-08-24T21:29:08.346844021Z,/tangrams/66_24.png,2026-08-24T21:43:22.341040906Z,/tangrams/66_24.png,2026-08-24T21:43:19.18697636Z,1787607796448,2026-08-24T21:43:19.172614985Z,1,2026-08-24T21:29:08.346844021Z,2,2026-08-24T21:29:08.846539212Z,true,2026-08-24T21:42:32.601935267Z,"[""/tangrams/20_441.png"",""/tangrams/348_24.png"",""/tangrams/348_464.png"",""/tangrams/66_24.png""]",2026-08-24T21:29:08.346844021Z,/tangrams/348_24.png,2026-08-24T21:29:08.346844021Z,B3,2026-08-24T21:29:08.346844021Z,3,2026-08-24T21:29:08.346844021Z,2,2026-08-24T21:29:08.346844021Z
01M0TTTPJETWQPZZX8MCH68X7G,01M0TSZV7X3D77NKMM5CDCW4Z6,2026-08-24T21:29:08.430805728Z,"[{""text"":""left has a small triangle for a tail with a small half stopsign head"",""sender"":{""id"":""01M0TT467Q69C5HQ20GW6FRRF2"",""name"":""Repi"",""avatar"":""https://api.dicebear.com/8.x/rings/svg?seed=Repi""}}]",2026-08-24T21:55:11.849464441Z,[1787608511863],2026-08-24T21:55:11.864859399Z,,,false,2026-08-24T21:55:25.002415176Z,01M0TT467Q69C5HQ20GW6FRRF2,2026-08-24T21:54:40.638845014Z,"[""D2"",""A2"",""A4"",""B3""]",2026-08-24T21:29:08.430805728Z,true,2026-08-24T21:55:24.978015606Z,01M0TSZV8KEDQHAT4X33M1GG1C,2026-08-24T21:29:08.430805728Z,18,2026-08-24T21:29:08.430805728Z,false,2026-08-24T21:54:40.822889927Z,01M0TTBQPRE9XMJHBPDKM8GTC4,2026-08-24T21:54:40.638845014Z,,,48,2026-08-24T21:29:08.430805728Z,12,2026-08-24T21:29:08.430805728Z,training,2026-08-24T21:29:08.430805728Z,1,2026-08-24T21:29:08.430805728Z,4,2026-08-24T21:29:08.430805728Z,/tangrams/20_441.png,2026-08-24T21:55:25.002415176Z,/tangrams/20_441.png,2026-08-24T21:55:21.786863824Z,1787608520052,2026-08-24T21:55:21.777929568Z,1,2026-08-24T21:29:08.430805728Z,2,2026-08-24T21:29:09.388805767Z,true,2026-08-24T21:54:40.563059938Z,"[""/tangrams/20_441.png"",""/tangrams/66_441.png"",""/tangrams/66_464.png"",""/tangrams/348_24.png""]",2026-08-24T21:29:08.430805728Z,/tangrams/66_441.png,2026-08-24T21:29:08.430805728Z,A2,2026-08-24T21:29:08.430805728Z,6,2026-08-24T21:29:08.430805728Z,17,2026-08-24T21:29:08.430805728Z
01M0TTYQHYS3PMRW8GS7J3C6MM,01M0TTMTH8JPTHXWGXYEY1VFR8,2026-08-24T21:31:20.510342711Z,,,,,,,,,,,"[""D3"",""B4"",""C4"",""C1""]",2026-08-24T21:31:20.510342711Z,false,2026-08-24T21:31:20.510342711Z,01M0TTMWMDPGAHQRDA7BZJ8FEZ,2026-08-24T21:31:20.510342711Z,21,2026-08-24T21:31:20.510342711Z,,,,,,,48,2026-08-24T21:31:20.510342711Z,12,2026-08-24T21:31:20.510342711Z,training,2026-08-24T21:31:20.510342711Z,1,2026-08-24T21:31:20.510342711Z,4,2026-08-24T21:31:20.510342711Z,,,,2026-08-24T21:31:20.510342711Z,,,1,2026-08-24T21:31:20.510342711Z,2,2026-08-24T21:31:21.469869869Z,false,2026-08-24T21:31:20.510342711Z,"[""/tangrams/20_24.png"",""/tangrams/348_464.png"",""/tangrams/202_464.png"",""/tangrams/202_314.png""]",2026-08-24T21:31:20.510342711Z,/tangrams/202_464.png,2026-08-24T21:31:20.510342711Z,C4,2026-08-24T21:31:20.510342711Z,9,2026-08-24T21:31:20.510342711Z,20,2026-08-24T21:31:20.510342711Z
01M0TTEY4282EQG3ZE34S6C2RS,01M0TSZEX52H0PZDJFB4JNEAFW,2026-08-24T21:22:42.946877827Z,"[{""text"":""The white house inside the black shape with legs on the bottom"",""sender"":{""id"":""01M0TT49QHQY8JQV8C5T94HHYZ"",""name"":""Repi"",""avatar"":""https://api.dicebear.com/8.x/rings/svg?seed=Repi""}}]",2026-08-24T21:47:10.104145217Z,[1787608030115],2026-08-24T21:47:10.117570407Z,,,true,2026-08-24T21:47:20.494348702Z,01M0TT49QHQY8JQV8C5T94HHYZ,2026-08-24T21:46:41.06887131Z,"[""B2"",""F3"",""F7"",""D4""]",2026-08-24T21:22:42.946877827Z,true,2026-08-24T21:47:20.4767287Z,01M0TSZEY44B7XSP574QH2WQPJ,2026-08-24T21:22:42.946877827Z,28,2026-08-24T21:22:42.946877827Z,false,2026-08-24T21:46:41.268727725Z,01M0TT9XXJBBQAZ4WANFPESF7T,2026-08-24T21:46:41.06887131Z,,,48,2026-08-24T21:22:42.946877827Z,12,2026-08-24T21:22:42.946877827Z,training,2026-08-24T21:22:42.946877827Z,2,2026-08-24T21:22:42.946877827Z,4,2026-08-24T21:22:42.946877827Z,/tangrams/366_339.png,2026-08-24T21:47:20.494348702Z,/tangrams/366_339.png,2026-08-24T21:47:17.326615805Z,1787608037012,2026-08-24T21:47:17.31915147Z,0,2026-08-24T21:22:42.946877827Z,2,2026-08-24T21:22:43.654688079Z,true,2026-08-24T21:46:40.998944181Z,"[""/tangrams/366_339.png"",""/tangrams/170_154.png"",""/tangrams/411_352.png"",""/tangrams/279_66.png""]",2026-08-24T21:22:42.946877827Z,/tangrams/366_339.png,2026-08-24T21:22:42.946877827Z,B2,2026-08-24T21:22:42.946877827Z,4,2026-08-24T21:22:42.946877827Z,27,2026-08-24T21:22:42.946877827Z
01M0TTKMTT2RM8BRPPZ9B0062C,01M0TSZEX52H0PZDJFB4JNEAFW,2026-08-24T21:25:17.274887168Z,"[{""text"":""TRIANGLE POINTING UPWARDS ON TOP"",""sender"":{""id"":""01M0TT55D1DRDQ3JPT1CDTT5VN"",""name"":""Repi"",""avatar"":""https://api.dicebear.com/8.x/rings/svg?seed=Repi""}}]",2026-08-24T21:39:27.468808728Z,[1787607567478],2026-08-24T21:39:27.480508434Z,,,true,2026-08-24T21:39:39.378501157Z,01M0TT55D1DRDQ3JPT1CDTT5VN,2026-08-24T21:39:02.242380957Z,"[""C1"",""B4"",""D3"",""A2""]",2026-08-24T21:25:17.274887168Z,true,2026-08-24T21:39:39.367607924Z,01M0TSZEY173D8F3KEP071GR06,2026-08-24T21:25:17.274887168Z,12,2026-08-24T21:25:17.274887168Z,false,2026-08-24T21:39:02.36102224Z,01M0TTF3ADJ36CYQBD8356XFNQ,2026-08-24T21:39:02.242380957Z,,,48,2026-08-24T21:25:17.274887168Z,12,2026-08-24T21:25:17.274887168Z,training,2026-08-24T21:25:17.274887168Z,0,2026-08-24T21:25:17.274887168Z,4,2026-08-24T21:25:17.274887168Z,/tangrams/366_66.png,2026-08-24T21:39:39.378501157Z,/tangrams/366_66.png,2026-08-24T21:39:36.182540155Z,1787607575792,2026-08-24T21:39:36.192614149Z,0,2026-08-24T21:25:17.274887168Z,2,2026-08-24T21:25:17.82602926Z,true,2026-08-24T21:39:02.207136185Z,"[""/tangrams/422_244.png"",""/tangrams/366_66.png"",""/tangrams/279_405.png"",""/tangrams/138_339.png""]",2026-08-24T21:25:17.274887168Z,/tangrams/366_66.png,2026-08-24T21:25:17.274887168Z,B4,2026-08-24T21:25:17.274887168Z,12,2026-08-24T21:25:17.274887168Z,11,2026-08-24T21:25:17.274887168Z
01M0TTNRKWSNVEDBHRMWJMR96W,01M0TSZGJXR0N6DNTNARWRMFQ4,2026-08-24T21:26:26.684072043Z,"[{""text"":""Hi, which one?"",""sender"":{""id"":""01M0TT4TXD8SRXYDAE6TW71C0D"",""name"":""Repi"",""avatar"":""https://api.dicebear.com/8.x/rings/svg?seed=Repi""}}]",2026-08-24T22:29:32.162601868Z,[1787610572176],2026-08-24T22:29:32.179333939Z,1787610551552,2026-08-24T22:30:13.036605225Z,false,2026-08-24T22:30:20.663296097Z,01M0TTDMH9245RXEPX9F07PB9V,2026-08-24T22:29:17.387387326Z,"[""D4"",""F1"",""B2"",""F2""]",2026-08-24T21:26:26.684072043Z,true,2026-08-24T22:30:20.640840657Z,01M0TSZGKJQW5S4GCP9150DNN9,2026-08-24T21:26:26.684072043Z,5,2026-08-24T21:26:26.684072043Z,false,2026-08-24T22:29:17.54401555Z,01M0TT4TXD8SRXYDAE6TW71C0D,2026-08-24T22:29:17.387387326Z,,,48,2026-08-24T21:26:26.684072043Z,12,2026-08-24T21:26:26.684072043Z,training,2026-08-24T21:26:26.684072043Z,0,2026-08-24T21:26:26.684072043Z,4,2026-08-24T21:26:26.684072043Z,,2026-08-24T22:30:20.663296097Z,,2026-08-24T21:26:26.684072043Z,,,1,2026-08-24T21:26:26.684072043Z,2,2026-08-24T21:26:26.873742311Z,true,2026-08-24T22:29:17.329163549Z,"[""/tangrams/20_464.png"",""/tangrams/452_257.png"",""/tangrams/348_441.png"",""/tangrams/429_403.png""]",2026-08-24T21:26:26.684072043Z,/tangrams/348_441.png,2026-08-24T21:26:26.684072043Z,B2,2026-08-24T21:26:26.684072043Z,5,2026-08-24T21:26:26.684072043Z,4,2026-08-24T21:26:26.684072043Z
01M0TTTPN187QJEH8TKWVPMBKW,01M0TSZV7X3D77NKMM5CDCW4Z6,2026-08-24T21:29:08.513235264Z,"[{""text"":""Looks like a spiky fish with a L shape head"",""sender"":{""id"":""01M0TTBQPRE9XMJHBPDKM8GTC4"",""name"":""Minu"",""avatar"":""https://api.dicebear.com/8.x/rings/svg?seed=Minu""}}]",2026-08-24T21:51:56.01782392Z,[1787608316031],2026-08-24T21:51:56.032451682Z,,,true,2026-08-24T21:52:03.849138739Z,01M0TTBQPRE9XMJHBPDKM8GTC4,2026-08-24T21:51:32.826255535Z,"[""C1"",""D2"",""C4"",""A4""]",2026-08-24T21:29:08.513235264Z,true,2026-08-24T21:52:03.830054539Z,01M0TSZV8KEDQHAT4X33M1GG1C,2026-08-24T21:29:08.513235264Z,13,2026-08-24T21:29:08.513235264Z,false,2026-08-24T21:51:33.003926042Z,01M0TT467Q69C5HQ20GW6FRRF2,2026-08-24T21:51:32.826255535Z,,,48,2026-08-24T21:29:08.513235264Z,12,2026-08-24T21:29:08.513235264Z,training,2026-08-24T21:29:08.513235264Z,1,2026-08-24T21:29:08.513235264Z,4,2026-08-24T21:29:08.513235264Z,/tangrams/202_464.png,2026-08-24T21:52:03.849138739Z,/tangrams/202_464.png,2026-08-24T21:52:00.650707012Z,1787608317919,2026-08-24T21:52:00.659103863Z,1,2026-08-24T21:29:08.513235264Z,2,2026-08-24T21:29:09.21686312Z,true,2026-08-24T21:51:32.768695909Z,"[""/tangrams/202_314.png"",""/tangrams/20_441.png"",""/tangrams/202_464.png"",""/tangrams/66_464.png""]",2026-08-24T21:29:08.513235264Z,/tangrams/202_464.png,2026-08-24T21:29:08.513235264Z,C4,2026-08-24T21:29:08.513235264Z,1,2026-08-24T21:29:08.513235264Z,12,2026-08-24T21:29:08.513235264Z
01M0TTYQ4J33TAP4R67Z3HWZ3B,01M0TTMTH8JPTHXWGXYEY1VFR8,2026-08-24T21:31:20.082754958Z,,,,,,,,,,,"[""D2"",""A4"",""C1"",""A2""]",2026-08-24T21:31:20.082754958Z,false,2026-08-24T21:31:20.082754958Z,01M0TTMWMDPGAHQRDA7BZJ8FEZ,2026-08-24T21:31:20.082754958Z,44,2026-08-24T21:31:20.082754958Z,,,,,,,48,2026-08-24T21:31:20.082754958Z,12,2026-08-24T21:31:20.082754958Z,training,2026-08-24T21:31:20.082754958Z,3,2026-08-24T21:31:20.082754958Z,4,2026-08-24T21:31:20.082754958Z,,,,2026-08-24T21:31:20.082754958Z,,,1,2026-08-24T21:31:20.082754958Z,2,2026-08-24T21:31:22.412358294Z,false,2026-08-24T21:31:20.082754958Z,"[""/tangrams/20_441.png"",""/tangrams/66_464.png"",""/tangrams/202_314.png"",""/tangrams/66_441.png""]",2026-08-24T21:31:20.082754958Z,/tangrams/66_441.png,2026-08-24T21:31:20.082754958Z,A2,2026-08-24T21:31:20.082754958Z,8,2026-08-24T21:31:20.082754958Z,43,2026-08-24T21:31:20.082754958Z
01M0TTYQBRV5ACJNARS41R3SRD,01M0TTMTH8JPTHXWGXYEY1VFR8,2026-08-24T21:31:20.313053365Z,,,,,,,,,,,"[""C2"",""D1"",""C4"",""B4""]",2026-08-24T21:31:20.313053365Z,false,2026-08-24T21:31:20.313053365Z,01M0TTMWMDPGAHQRDA7BZJ8FEZ,2026-08-24T21:31:20.313053365Z,32,2026-08-24T21:31:20.313053365Z,,,,,,,48,2026-08-24T21:31:20.313053365Z,12,2026-08-24T21:31:20.313053365Z,training,2026-08-24T21:31:20.313053365Z,2,2026-08-24T21:31:20.313053365Z,4,2026-08-24T21:31:20.313053365Z,,,,2026-08-24T21:31:20.313053365Z,,,1,2026-08-24T21:31:20.313053365Z,2,2026-08-24T21:31:21.924805962Z,false,2026-08-24T21:31:20.313053365Z,"[""/tangrams/202_441.png"",""/tangrams/20_314.png"",""/tangrams/202_464.png"",""/tangrams/348_464.png""]",2026-08-24T21:31:20.313053365Z,/tangrams/202_464.png,2026-08-24T21:31:20.313053365Z,C4,2026-08-24T21:31:20.313053365Z,8,2026-08-24T21:31:20.313053365Z,31,2026-08-24T21:31:20.313053365Z
01M0TT9KGNV61WBG8M6WSMPQE2,01M0TSZGJXR0N6DNTNARWRMFQ4,2026-08-24T21:19:48.245688064Z,,,,,,,,,,,"[""C1"",""A3"",""B4"",""D2""]",2026-08-24T21:19:48.245688064Z,false,2026-08-24T21:19:48.245688064Z,01M0TSZGKE32G3R2H2EPQFBQNN,2026-08-24T21:19:48.245688064Z,27,2026-08-24T21:19:48.245688064Z,,,,,,,48,2026-08-24T21:19:48.245688064Z,12,2026-08-24T21:19:48.245688064Z,training,2026-08-24T21:19:48.245688064Z,2,2026-08-24T21:19:48.245688064Z,4,2026-08-24T21:19:48.245688064Z,,,,2026-08-24T21:19:48.245688064Z,,,0,2026-08-24T21:19:48.245688064Z,2,2026-08-24T21:19:49.00995288Z,false,2026-08-24T21:19:48.245688064Z,"[""/tangrams/422_244.png"",""/tangrams/138_405.png"",""/tangrams/366_66.png"",""/tangrams/279_339.png""]",2026-08-24T21:19:48.245688064Z,/tangrams/422_244.png,2026-08-24T21:19:48.245688064Z,C1,2026-08-24T21:19:48.245688064Z,3,2026-08-24T21:19:48.245688064Z,26,2026-08-24T21:19:48.245688064Z
01M0TTNRJF84CXT8D9DPQT03AP,01M0TSZGJXR0N6DNTNARWRMFQ4,2026-08-24T21:26:26.639856694Z,,,,,,,,,,,"[""F5"",""F7"",""F8"",""F6""]",2026-08-24T21:26:26.639856694Z,false,2026-08-24T21:26:26.639856694Z,01M0TSZGKJQW5S4GCP9150DNN9,2026-08-24T21:26:26.639856694Z,11,2026-08-24T21:26:26.639856694Z,,,,,,,48,2026-08-24T21:26:26.639856694Z,12,2026-08-24T21:26:26.639856694Z,training,2026-08-24T21:26:26.639856694Z,0,2026-08-24T21:26:26.639856694Z,4,2026-08-24T21:26:26.639856694Z,,,,2026-08-24T21:26:26.639856694Z,,,1,2026-08-24T21:26:26.639856694Z,2,2026-08-24T21:26:27.012344008Z,false,2026-08-24T21:26:26.639856694Z,"[""/tangrams/4_159.png"",""/tangrams/157_426.png"",""/tangrams/374_400.png"",""/tangrams/98_302.png""]",2026-08-24T21:26:26.639856694Z,/tangrams/4_159.png,2026-08-24T21:26:26.639856694Z,F5,2026-08-24T21:26:26.639856694Z,11,2026-08-24T21:26:26.639856694Z,10,2026-08-24T21:26:26.639856694Z
01M0TTEY5XFSBD5KHXJ0E3EV59,01M0TSZEX52H0PZDJFB4JNEAFW,2026-08-24T21:22:43.00563901Z,"[{""text"":""The two horns on top that looks like a transformer"",""sender"":{""id"":""01M0TT49QHQY8JQV8C5T94HHYZ"",""name"":""Repi"",""avatar"":""https://api.dicebear.com/8.x/rings/svg?seed=Repi""}}]",2026-08-24T21:55:56.852964872Z,[1787608556870],2026-08-24T21:55:56.872238225Z,,,true,2026-08-24T21:56:04.385331679Z,01M0TT49QHQY8JQV8C5T94HHYZ,2026-08-24T21:55:33.238106162Z,"[""F5"",""F1"",""F7"",""D4""]",2026-08-24T21:22:43.00563901Z,true,2026-08-24T21:56:04.261650075Z,01M0TSZEY44B7XSP574QH2WQPJ,2026-08-24T21:22:43.00563901Z,44,2026-08-24T21:22:43.00563901Z,false,2026-08-24T21:55:33.431025678Z,01M0TT9XXJBBQAZ4WANFPESF7T,2026-08-24T21:55:33.238106162Z,,,48,2026-08-24T21:22:43.00563901Z,12,2026-08-24T21:22:43.00563901Z,training,2026-08-24T21:22:43.00563901Z,3,2026-08-24T21:22:43.00563901Z,4,2026-08-24T21:22:43.00563901Z,/tangrams/279_66.png,2026-08-24T21:56:04.385331679Z,/tangrams/279_66.png,2026-08-24T21:56:00.841514692Z,1787608560332,2026-08-24T21:56:00.850622283Z,0,2026-08-24T21:22:43.00563901Z,2,2026-08-24T21:22:43.879369372Z,true,2026-08-24T21:55:33.167756961Z,"[""/tangrams/456_48.png"",""/tangrams/119_182.png"",""/tangrams/411_352.png"",""/tangrams/279_66.png""]",2026-08-24T21:22:43.00563901Z,/tangrams/279_66.png,2026-08-24T21:22:43.00563901Z,D4,2026-08-24T21:22:43.00563901Z,8,2026-08-24T21:22:43.00563901Z,43,2026-08-24T21:22:43.00563901Z
01M0TV7K1SBQ74A0QB45R2FX5M,01M0TTMTH8JPTHXWGXYEY1VFR8,2026-08-24T21:36:10.809279884Z,"[{""text"":""tree"",""sender"":{""id"":""01M0TTRGJ55RK21NQM11GGHNRN"",""name"":""Repi"",""avatar"":""https://api.dicebear.com/8.x/rings/svg?seed=Repi""}}]",2026-08-24T21:53:24.75842354Z,[1787608404771],2026-08-24T21:53:24.772835792Z,,,true,2026-08-24T21:53:31.736912092Z,01M0TTRGJ55RK21NQM11GGHNRN,2026-08-24T21:53:21.401059662Z,"[""C2"",""B1"",""A4"",""D3""]",2026-08-24T21:36:10.809279884Z,true,2026-08-24T21:53:31.71658039Z,01M0TTMWM9GSP2NP0T4CET96EB,2026-08-24T21:36:10.809279884Z,16,2026-08-24T21:36:10.809279884Z,false,2026-08-24T21:53:21.685351426Z,01M0TV363Y2QH3CGTPHSZR512P,2026-08-24T21:53:21.401059662Z,,,48,2026-08-24T21:36:10.809279884Z,12,2026-08-24T21:36:10.809279884Z,training,2026-08-24T21:36:10.809279884Z,1,2026-08-24T21:36:10.809279884Z,4,2026-08-24T21:36:10.809279884Z,/tangrams/66_464.png,2026-08-24T21:53:31.736912092Z,/tangrams/66_464.png,2026-08-24T21:53:28.566888742Z,1787608406756,2026-08-24T21:53:28.558596864Z,1,2026-08-24T21:36:10.809279884Z,2,2026-08-24T21:36:11.364020891Z,true,2026-08-24T21:53:21.335349437Z,"[""/tangrams/202_441.png"",""/tangrams/348_314.png"",""/tangrams/66_464.png"",""/tangrams/20_24.png""]",2026-08-24T21:36:10.809279884Z,/tangrams/66_464.png,2026-08-24T21:36:10.809279884Z,A4,2026-08-24T21:36:10.809279884Z,4,2026-08-24T21:36:10.809279884Z,15,2026-08-24T21:36:10.809279884Z
01M0TTTPGX76JCZ549AFR7WFR3,01M0TSZV7X3D77NKMM5CDCW4Z6,2026-08-24T21:29:08.381113491Z,"[{""text"":""Looks like a 3 with a human head next to it"",""sender"":{""id"":""01M0TTBQPRE9XMJHBPDKM8GTC4"",""name"":""Minu"",""avatar"":""https://api.dicebear.com/8.x/rings/svg?seed=Minu""}}]",2026-08-24T21:55:46.334883576Z,[1787608546349],2026-08-24T21:55:46.351210289Z,,,true,2026-08-24T21:55:54.602914525Z,01M0TTBQPRE9XMJHBPDKM8GTC4,2026-08-24T21:55:25.091992391Z,"[""C1"",""B3"",""A3"",""B4""]",2026-08-24T21:29:08.381113491Z,true,2026-08-24T21:55:54.568681221Z,01M0TSZV8KEDQHAT4X33M1GG1C,2026-08-24T21:29:08.381113491Z,19,2026-08-24T21:29:08.381113491Z,false,2026-08-24T21:55:25.559151055Z,01M0TT467Q69C5HQ20GW6FRRF2,2026-08-24T21:55:25.091992391Z,,,48,2026-08-24T21:29:08.381113491Z,12,2026-08-24T21:29:08.381113491Z,training,2026-08-24T21:29:08.381113491Z,1,2026-08-24T21:29:08.381113491Z,4,2026-08-24T21:29:08.381113491Z,/tangrams/348_24.png,2026-08-24T21:55:54.602914525Z,/tangrams/348_24.png,2026-08-24T21:55:51.367012321Z,1787608548605,2026-08-24T21:55:51.358192312Z,1,2026-08-24T21:29:08.381113491Z,2,2026-08-24T21:29:09.423645085Z,true,2026-08-24T21:55:25.020790921Z,"[""/tangrams/202_314.png"",""/tangrams/348_24.png"",""/tangrams/66_24.png"",""/tangrams/348_464.png""]",2026-08-24T21:29:08.381113491Z,/tangrams/348_24.png,2026-08-24T21:29:08.381113491Z,B3,2026-08-24T21:29:08.381113491Z,7,2026-08-24T21:29:08.381113491Z,18,2026-08-24T21:29:08.381113491Z
01M0TTYQGYJETM0ZJXQZQFSNCW,01M0TTMTH8JPTHXWGXYEY1VFR8,2026-08-24T21:31:20.478975337Z,,,,,,,,,,,"[""A4"",""C2"",""D2"",""C1""]",2026-08-24T21:31:20.478975337Z,false,2026-08-24T21:31:20.478975337Z,01M0TTMWMDPGAHQRDA7BZJ8FEZ,2026-08-24T21:31:20.478975337Z,24,2026-08-24T21:31:20.478975337Z,,,,,,,48,2026-08-24T21:31:20.478975337Z,12,2026-08-24T21:31:20.478975337Z,training,2026-08-24T21:31:20.478975337Z,1,2026-08-24T21:31:20.478975337Z,4,2026-08-24T21:31:20.478975337Z,,,,2026-08-24T21:31:20.478975337Z,,,1,2026-08-24T21:31:20.478975337Z,2,2026-08-24T21:31:21.583171699Z,false,2026-08-24T21:31:20.478975337Z,"[""/tangrams/66_464.png"",""/tangrams/202_441.png"",""/tangrams/20_441.png"",""/tangrams/202_314.png""]",2026-08-24T21:31:20.478975337Z,/tangrams/202_441.png,2026-08-24T21:31:20.478975337Z,C2,2026-08-24T21:31:20.478975337Z,12,2026-08-24T21:31:20.478975337Z,23,2026-08-24T21:31:20.478975337Z
01M0TTK12T6T9H3N73NE4SXN10,01M0TSZEX52H0PZDJFB4JNEAFW,2026-08-24T21:24:57.050222302Z,"[{""text"":""up hollow arrow running lege under"",""sender"":{""id"":""01M0TT7FNH08P86PFHWCV3NRS8"",""name"":""Repi"",""avatar"":""https://api.dicebear.com/8.x/rings/svg?seed=Repi""}},{""text"":""legs"",""sender"":{""id"":""01M0TT7FNH08P86PFHWCV3NRS8"",""name"":""Repi"",""avatar"":""https://api.dicebear.com/8.x/rings/svg?seed=Repi""}}]",2026-08-24T22:10:10.841790114Z,"[1787609403757,1787609410860]",2026-08-24T22:10:10.861938566Z,,,false,2026-08-24T22:10:23.92987427Z,01M0TT7FNH08P86PFHWCV3NRS8,2026-08-24T22:09:43.319453966Z,"[""A3"",""B4"",""D1"",""B3""]",2026-08-24T21:24:57.050222302Z,true,2026-08-24T22:10:23.902695682Z,01M0TSZEY54T11A9AMGVA6T4ZB,2026-08-24T21:24:57.050222302Z,40,2026-08-24T21:24:57.050222302Z,false,2026-08-24T22:09:43.546305677Z,01M0TT7ZVRQQW92P55GPN9KMMS,2026-08-24T22:09:43.319453966Z,,,48,2026-08-24T21:24:57.050222302Z,12,2026-08-24T21:24:57.050222302Z,training,2026-08-24T21:24:57.050222302Z,3,2026-08-24T21:24:57.050222302Z,4,2026-08-24T21:24:57.050222302Z,/tangrams/279_244.png,2026-08-24T22:10:23.92987427Z,/tangrams/279_244.png,2026-08-24T22:10:20.641250241Z,1787609423061,2026-08-24T22:10:20.631753448Z,0,2026-08-24T21:24:57.050222302Z,2,2026-08-24T21:24:57.98292908Z,true,2026-08-24T22:09:43.236212687Z,"[""/tangrams/138_405.png"",""/tangrams/366_66.png"",""/tangrams/279_244.png"",""/tangrams/366_405.png""]",2026-08-24T21:24:57.050222302Z,/tangrams/366_405.png,2026-08-24T21:24:57.050222302Z,B3,2026-08-24T21:24:57.050222302Z,4,2026-08-24T21:24:57.050222302Z,39,2026-08-24T21:24:57.050222302Z
01M0TTK16V1T83W9TX1F86NYR1,01M0TSZEX52H0PZDJFB4JNEAFW,2026-08-24T21:24:57.179703524Z,"[{""text"":""2 story house parellogram ontop"",""sender"":{""id"":""01M0TT7ZVRQQW92P55GPN9KMMS"",""name"":""Minu"",""avatar"":""https://api.dicebear.com/8.x/rings/svg?seed=Minu""}},{""text"":""nothing on bottom"",""sender"":{""id"":""01M0TT7ZVRQQW92P55GPN9KMMS"",""name"":""Minu"",""avatar"":""https://api.dicebear.com/8.x/rings/svg?seed=Minu""}},{""text"":""cutout?"",""sender"":{""id"":""01M0TT7FNH08P86PFHWCV3NRS8"",""name"":""Repi"",""avatar"":""https://api.dicebear.com/8.x/rings/svg?seed=Repi""}},{""text"":""no"",""sender"":{""id"":""01M0TT7ZVRQQW92P55GPN9KMMS"",""name"":""Minu"",""avatar"":""https://api.dicebear.com/8.x/rings/svg?seed=Minu""}}]",2026-08-24T22:02:39.689263267Z,"[1787608938788,1787608947282,1787608955900,1787608959704]",2026-08-24T22:02:39.705994125Z,,,true,2026-08-24T22:02:46.046208069Z,01M0TT7ZVRQQW92P55GPN9KMMS,2026-08-24T22:01:59.962660837Z,"[""A4"",""C2"",""C4"",""D3""]",2026-08-24T21:24:57.179703524Z,true,2026-08-24T22:02:46.019509886Z,01M0TSZEY54T11A9AMGVA6T4ZB,2026-08-24T21:24:57.179703524Z,27,2026-08-24T21:24:57.179703524Z,false,2026-08-24T22:02:00.162888423Z,01M0TT7FNH08P86PFHWCV3NRS8,2026-08-24T22:01:59.962660837Z,,,48,2026-08-24T21:24:57.179703524Z,12,2026-08-24T21:24:57.179703524Z,training,2026-08-24T21:24:57.179703524Z,2,2026-08-24T21:24:57.179703524Z,4,2026-08-24T21:24:57.179703524Z,/tangrams/422_66.png,2026-08-24T22:02:46.046208069Z,/tangrams/422_66.png,2026-08-24T22:02:42.606936597Z,1787608962726,2026-08-24T22:02:42.600293289Z,0,2026-08-24T21:24:57.179703524Z,2,2026-08-24T21:24:57.743329883Z,true,2026-08-24T22:01:59.905115135Z,"[""/tangrams/138_66.png"",""/tangrams/422_339.png"",""/tangrams/422_66.png"",""/tangrams/279_405.png""]",2026-08-24T21:24:57.179703524Z,/tangrams/422_66.png,2026-08-24T21:24:57.179703524Z,C4,2026-08-24T21:24:57.179703524Z,3,2026-08-24T21:24:57.179703524Z,26,2026-08-24T21:24:57.179703524Z
01M0TTMQQBTCTCF3S8GTFMB3C1,01M0TSZV7X3D77NKMM5CDCW4Z6,2026-08-24T21:25:53.003593243Z,"[{""text"":""top and bottom"",""sender"":{""id"":""01M0TT4JP6VSYSTADD58E33WM9"",""name"":""Repi"",""avatar"":""https://api.dicebear.com/8.x/rings/svg?seed=Repi""}}]",2026-08-24T21:52:21.57657958Z,[1787608341590],2026-08-24T21:52:21.591567017Z,,,true,2026-08-24T21:52:27.848321096Z,01M0TT4JP6VSYSTADD58E33WM9,2026-08-24T21:52:11.512176713Z,"[""C1"",""A2"",""B4"",""D3""]",2026-08-24T21:25:53.003593243Z,true,2026-08-24T21:52:27.824526931Z,01M0TSZV8ERABP36QP2627EVMT,2026-08-24T21:25:53.003593243Z,38,2026-08-24T21:25:53.003593243Z,false,2026-08-24T21:52:11.658992555Z,01M0TT4SREDP4QR1H8V4E3X5G9,2026-08-24T21:52:11.512176713Z,,,48,2026-08-24T21:25:53.003593243Z,12,2026-08-24T21:25:53.003593243Z,training,2026-08-24T21:25:53.003593243Z,3,2026-08-24T21:25:53.003593243Z,4,2026-08-24T21:25:53.003593243Z,/tangrams/348_464.png,2026-08-24T21:52:27.848321096Z,/tangrams/348_464.png,2026-08-24T21:52:24.654162881Z,1787608343705,2026-08-24T21:52:24.645468398Z,1,2026-08-24T21:25:53.003593243Z,2,2026-08-24T21:25:54.163692355Z,true,2026-08-24T21:52:11.455891067Z,"[""/tangrams/202_314.png"",""/tangrams/66_441.png"",""/tangrams/348_464.png"",""/tangrams/20_24.png""]",2026-08-24T21:25:53.003593243Z,/tangrams/348_464.png,2026-08-24T21:25:53.003593243Z,B4,2026-08-24T21:25:53.003593243Z,2,2026-08-24T21:25:53.003593243Z,37,2026-08-24T21:25:53.003593243Z
01M0TTEY2ND8D7AR82ERCK88PV,01M0TSZEX52H0PZDJFB4JNEAFW,2026-08-24T21:22:42.901791774Z,"[{""text"":""awww sorry"",""sender"":{""id"":""01M0TT9XXJBBQAZ4WANFPESF7T"",""name"":""Minu"",""avatar"":""https://api.dicebear.com/8.x/rings/svg?seed=Minu""}},{""text"":""Its ok!"",""sender"":{""id"":""01M0TT49QHQY8JQV8C5T94HHYZ"",""name"":""Repi"",""avatar"":""https://api.dicebear.com/8.x/rings/svg?seed=Repi""}},{""text"":""Two horn looking things on top of large object with no holes in it"",""sender"":{""id"":""01M0TT9XXJBBQAZ4WANFPESF7T"",""name"":""Minu"",""avatar"":""https://api.dicebear.com/8.x/rings/svg?seed=Minu""}}]",2026-08-24T21:34:52.704760792Z,"[1787607253042,1787607258722,1787607292712]",2026-08-24T21:34:52.714362224Z,,,true,2026-08-24T21:35:01.583536778Z,01M0TT9XXJBBQAZ4WANFPESF7T,2026-08-24T21:34:07.934524968Z,"[""D4"",""A1"",""B2"",""F5""]",2026-08-24T21:22:42.901791774Z,true,2026-08-24T21:35:01.559674167Z,01M0TSZEY44B7XSP574QH2WQPJ,2026-08-24T21:22:42.901791774Z,9,2026-08-24T21:22:42.901791774Z,false,2026-08-24T21:34:08.14488846Z,01M0TT49QHQY8JQV8C5T94HHYZ,2026-08-24T21:34:07.934524968Z,,,48,2026-08-24T21:22:42.901791774Z,12,2026-08-24T21:22:42.901791774Z,training,2026-08-24T21:22:42.901791774Z,0,2026-08-24T21:22:42.901791774Z,4,2026-08-24T21:22:42.901791774Z,/tangrams/279_66.png,2026-08-24T21:35:01.583536778Z,/tangrams/279_66.png,2026-08-24T21:34:58.293676694Z,1787607298198,2026-08-24T21:34:58.278933607Z,0,2026-08-24T21:22:42.901791774Z,2,2026-08-24T21:22:43.308575585Z,true,2026-08-24T21:34:07.880832819Z,"[""/tangrams/279_66.png"",""/tangrams/138_244.png"",""/tangrams/366_339.png"",""/tangrams/456_48.png""]",2026-08-24T21:22:42.901791774Z,/tangrams/279_66.png,2026-08-24T21:22:42.901791774Z,D4,2026-08-24T21:22:42.901791774Z,9,2026-08-24T21:22:42.901791774Z,8,2026-08-24T21:22:42.901791774Z
01M0TTKDFF1ADFN4MK0SWMW35P,01M0TSZGJXR0N6DNTNARWRMFQ4,2026-08-24T21:25:09.744013223Z,,,,,,,,,,,"[""B4"",""C1"",""B1"",""D3""]",2026-08-24T21:25:09.744013223Z,false,2026-08-24T21:25:09.744013223Z,01M0TSZGKM72FFW193EYG47F25,2026-08-24T21:25:09.744013223Z,42,2026-08-24T21:25:09.744013223Z,,,,,,,48,2026-08-24T21:25:09.744013223Z,12,2026-08-24T21:25:09.744013223Z,training,2026-08-24T21:25:09.744013223Z,3,2026-08-24T21:25:09.744013223Z,4,2026-08-24T21:25:09.744013223Z,,,,2026-08-24T21:25:09.744013223Z,,,0,2026-08-24T21:25:09.744013223Z,2,2026-08-24T21:25:10.584974025Z,false,2026-08-24T21:25:09.744013223Z,"[""/tangrams/366_66.png"",""/tangrams/422_244.png"",""/tangrams/366_244.png"",""/tangrams/279_405.png""]",2026-08-24T21:25:09.744013223Z,/tangrams/366_244.png,2026-08-24T21:25:09.744013223Z,B1,2026-08-24T21:25:09.744013223Z,6,2026-08-24T21:25:09.744013223Z,41,2026-08-24T21:25:09.744013223Z
01M0TTK13YS192MBN783R85EAM,01M0TSZEX52H0PZDJFB4JNEAFW,2026-08-24T21:24:57.086108473Z,"[{""text"":""detached house"",""sender"":{""id"":""01M0TT7ZVRQQW92P55GPN9KMMS"",""name"":""Minu"",""avatar"":""https://api.dicebear.com/8.x/rings/svg?seed=Minu""}}]",2026-08-24T21:58:00.730417266Z,[1787608680745],2026-08-24T21:58:00.747191538Z,,,false,2026-08-24T21:58:12.301554779Z,01M0TT7ZVRQQW92P55GPN9KMMS,2026-08-24T21:57:47.416927966Z,"[""D3"",""B3"",""A2"",""B4""]",2026-08-24T21:24:57.086108473Z,true,2026-08-24T21:58:12.273810563Z,01M0TSZEY54T11A9AMGVA6T4ZB,2026-08-24T21:24:57.086108473Z,21,2026-08-24T21:24:57.086108473Z,false,2026-08-24T21:57:47.625105827Z,01M0TT7FNH08P86PFHWCV3NRS8,2026-08-24T21:57:47.416927966Z,,,48,2026-08-24T21:24:57.086108473Z,12,2026-08-24T21:24:57.086108473Z,training,2026-08-24T21:24:57.086108473Z,1,2026-08-24T21:24:57.086108473Z,4,2026-08-24T21:24:57.086108473Z,/tangrams/366_66.png,2026-08-24T21:58:12.301554779Z,/tangrams/366_66.png,2026-08-24T21:58:09.074349135Z,1787608689202,2026-08-24T21:58:09.083567415Z,0,2026-08-24T21:24:57.086108473Z,2,2026-08-24T21:24:57.609328388Z,true,2026-08-24T21:57:47.344363369Z,"[""/tangrams/279_405.png"",""/tangrams/366_405.png"",""/tangrams/138_339.png"",""/tangrams/366_66.png""]",2026-08-24T21:24:57.086108473Z,/tangrams/366_405.png,2026-08-24T21:24:57.086108473Z,B3,2026-08-24T21:24:57.086108473Z,9,2026-08-24T21:24:57.086108473Z,20,2026-08-24T21:24:57.086108473Z
01M0TTNRJZNM0YCJXVEJ9TT3A8,01M0TSZGJXR0N6DNTNARWRMFQ4,2026-08-24T21:26:26.655918572Z,,,,,,,,,,,"[""D4"",""F3"",""F8"",""F4""]",2026-08-24T21:26:26.655918572Z,false,2026-08-24T21:26:26.655918572Z,01M0TSZGKJQW5S4GCP9150DNN9,2026-08-24T21:26:26.655918572Z,7,2026-08-24T21:26:26.655918572Z,,,,,,,48,2026-08-24T21:26:26.655918572Z,12,2026-08-24T21:26:26.655918572Z,training,2026-08-24T21:26:26.655918572Z,0,2026-08-24T21:26:26.655918572Z,4,2026-08-24T21:26:26.655918572Z,,,,2026-08-24T21:26:26.655918572Z,,,1,2026-08-24T21:26:26.655918572Z,2,2026-08-24T21:26:26.918148479Z,false,2026-08-24T21:26:26.655918572Z,"[""/tangrams/20_464.png"",""/tangrams/264_176.png"",""/tangrams/374_400.png"",""/tangrams/40_345.png""]",2026-08-24T21:26:26.655918572Z,/tangrams/264_176.png,2026-08-24T21:26:26.655918572Z,F3,2026-08-24T21:26:26.655918572Z,7,2026-08-24T21:26:26.655918572Z,6,2026-08-24T21:26:26.655918572Z
01M0TTTPHX0CMGRHJRSH2N3VD7,01M0TSZV7X3D77NKMM5CDCW4Z6,2026-08-24T21:29:08.41325386Z,"[{""text"":""small triangle tail with a partial stopsign head"",""sender"":{""id"":""01M0TT467Q69C5HQ20GW6FRRF2"",""name"":""Repi"",""avatar"":""https://api.dicebear.com/8.x/rings/svg?seed=Repi""}}]",2026-08-24T22:13:12.140008251Z,[1787609592155],2026-08-24T22:13:12.157721785Z,,,true,2026-08-24T22:13:22.332380739Z,01M0TT467Q69C5HQ20GW6FRRF2,2026-08-24T22:12:50.645321204Z,"[""A2"",""C2"",""B3"",""A4""]",2026-08-24T21:29:08.41325386Z,true,2026-08-24T22:13:22.312451831Z,01M0TSZV8KEDQHAT4X33M1GG1C,2026-08-24T21:29:08.41325386Z,44,2026-08-24T21:29:08.41325386Z,false,2026-08-24T22:12:50.888353464Z,01M0TTBQPRE9XMJHBPDKM8GTC4,2026-08-24T22:12:50.645321204Z,,,48,2026-08-24T21:29:08.41325386Z,12,2026-08-24T21:29:08.41325386Z,training,2026-08-24T21:29:08.41325386Z,3,2026-08-24T21:29:08.41325386Z,4,2026-08-24T21:29:08.41325386Z,/tangrams/66_441.png,2026-08-24T22:13:22.332380739Z,/tangrams/66_441.png,2026-08-24T22:13:19.077233987Z,1787609597350,2026-08-24T22:13:19.086356017Z,1,2026-08-24T21:29:08.41325386Z,2,2026-08-24T21:29:10.497284299Z,true,2026-08-24T22:12:50.566360454Z,"[""/tangrams/66_441.png"",""/tangrams/202_441.png"",""/tangrams/348_24.png"",""/tangrams/66_464.png""]",2026-08-24T21:29:08.41325386Z,/tangrams/66_441.png,2026-08-24T21:29:08.41325386Z,A2,2026-08-24T21:29:08.41325386Z,8,2026-08-24T21:29:08.41325386Z,43,2026-08-24T21:29:08.41325386Z
01M0TTTPP92J1ZE2QRE2PBKE0N,01M0TSZV7X3D77NKMM5CDCW4Z6,2026-08-24T21:29:08.553588879Z,"[{""text"":""left side looks like a spiky sword hilt right is an upside down L"",""sender"":{""id"":""01M0TT467Q69C5HQ20GW6FRRF2"",""name"":""Repi"",""avatar"":""https://api.dicebear.com/8.x/rings/svg?seed=Repi""}}]",2026-08-24T21:49:40.371035774Z,[1787608180383],2026-08-24T21:49:40.385231049Z,,,true,2026-08-24T21:49:56.493486395Z,01M0TT467Q69C5HQ20GW6FRRF2,2026-08-24T21:49:02.686241132Z,"[""D1"",""B4"",""C2"",""C4""]",2026-08-24T21:29:08.553588879Z,true,2026-08-24T21:49:56.47384513Z,01M0TSZV8KEDQHAT4X33M1GG1C,2026-08-24T21:29:08.553588879Z,10,2026-08-24T21:29:08.553588879Z,false,2026-08-24T21:49:02.894370672Z,01M0TTBQPRE9XMJHBPDKM8GTC4,2026-08-24T21:49:02.686241132Z,,,48,2026-08-24T21:29:08.553588879Z,12,2026-08-24T21:29:08.553588879Z,training,2026-08-24T21:29:08.553588879Z,0,2026-08-24T21:29:08.553588879Z,4,2026-08-24T21:29:08.553588879Z,/tangrams/202_464.png,2026-08-24T21:49:56.493486395Z,/tangrams/202_464.png,2026-08-24T21:49:53.319660626Z,1787608191474,2026-08-24T21:49:53.327575572Z,1,2026-08-24T21:29:08.553588879Z,2,2026-08-24T21:29:09.096329109Z,true,2026-08-24T21:49:02.630835445Z,"[""/tangrams/20_314.png"",""/tangrams/348_464.png"",""/tangrams/202_441.png"",""/tangrams/202_464.png""]",2026-08-24T21:29:08.553588879Z,/tangrams/202_464.png,2026-08-24T21:29:08.553588879Z,C4,2026-08-24T21:29:08.553588879Z,10,2026-08-24T21:29:08.553588879Z,9,2026-08-24T21:29:08.553588879Z
01M0TTA5BSCDB9GAG40B9X1Z5T,01M0TSZV7X3D77NKMM5CDCW4Z6,2026-08-24T21:20:06.521991337Z,"[{""text"":""This is the house looking thing with what looks like two legs at the bottom"",""sender"":{""id"":""01M0TT4SZRTK7MV5T48R9G1GQH"",""name"":""Minu"",""avatar"":""https://api.dicebear.com/8.x/rings/svg?seed=Minu""}}]",2026-08-24T21:37:50.054593768Z,[1787607470063],2026-08-24T21:37:50.065406955Z,,,true,2026-08-24T21:37:57.39211453Z,01M0TT4SZRTK7MV5T48R9G1GQH,2026-08-24T21:37:37.648328854Z,"[""A1"",""C3"",""F4"",""B2""]",2026-08-24T21:20:06.521991337Z,true,2026-08-24T21:37:57.380197898Z,01M0TSZV8KEDQHAT4X3FNKVS2B,2026-08-24T21:20:06.521991337Z,21,2026-08-24T21:20:06.521991337Z,false,2026-08-24T21:37:37.785281791Z,01M0TT3ZTTV22XQGZD0K61T6A4,2026-08-24T21:37:37.648328854Z,,,48,2026-08-24T21:20:06.521991337Z,12,2026-08-24T21:20:06.521991337Z,training,2026-08-24T21:20:06.521991337Z,1,2026-08-24T21:20:06.521991337Z,4,2026-08-24T21:20:06.521991337Z,/tangrams/422_405.png,2026-08-24T21:37:57.39211453Z,/tangrams/422_405.png,2026-08-24T21:37:54.235667187Z,1787607474158,2026-08-24T21:37:54.252141682Z,0,2026-08-24T21:20:06.521991337Z,2,2026-08-24T21:20:07.038476662Z,true,2026-08-24T21:37:37.608444135Z,"[""/tangrams/138_244.png"",""/tangrams/422_405.png"",""/tangrams/434_227.png"",""/tangrams/366_339.png""]",2026-08-24T21:20:06.521991337Z,/tangrams/422_405.png,2026-08-24T21:20:06.521991337Z,C3,2026-08-24T21:20:06.521991337Z,9,2026-08-24T21:20:06.521991337Z,20,2026-08-24T21:20:06.521991337Z
01M0TTEY3C1FA6J1X6YFGMS52G,01M0TSZEX52H0PZDJFB4JNEAFW,2026-08-24T21:22:42.924071335Z,"[{""text"":""looks like a smile underneath a hat with horns"",""sender"":{""id"":""01M0TT49QHQY8JQV8C5T94HHYZ"",""name"":""Repi"",""avatar"":""https://api.dicebear.com/8.x/rings/svg?seed=Repi""}}]",2026-08-24T21:36:52.099236792Z,[1787607412108],2026-08-24T21:36:52.10985394Z,,,true,2026-08-24T21:36:58.564734911Z,01M0TT49QHQY8JQV8C5T94HHYZ,2026-08-24T21:36:21.810380485Z,"[""B2"",""F1"",""F3"",""F4""]",2026-08-24T21:22:42.924071335Z,true,2026-08-24T21:36:58.544209795Z,01M0TSZEY44B7XSP574QH2WQPJ,2026-08-24T21:22:42.924071335Z,12,2026-08-24T21:22:42.924071335Z,false,2026-08-24T21:36:21.969145618Z,01M0TT9XXJBBQAZ4WANFPESF7T,2026-08-24T21:36:21.810380485Z,,,48,2026-08-24T21:22:42.924071335Z,12,2026-08-24T21:22:42.924071335Z,training,2026-08-24T21:22:42.924071335Z,0,2026-08-24T21:22:42.924071335Z,4,2026-08-24T21:22:42.924071335Z,/tangrams/170_154.png,2026-08-24T21:36:58.564734911Z,/tangrams/170_154.png,2026-08-24T21:36:55.409010475Z,1787607415108,2026-08-24T21:36:55.402967257Z,0,2026-08-24T21:22:42.924071335Z,2,2026-08-24T21:22:43.360041932Z,true,2026-08-24T21:36:21.765205667Z,"[""/tangrams/366_339.png"",""/tangrams/119_182.png"",""/tangrams/170_154.png"",""/tangrams/434_227.png""]",2026-08-24T21:22:42.924071335Z,/tangrams/170_154.png,2026-08-24T21:22:42.924071335Z,F3,2026-08-24T21:22:42.924071335Z,12,2026-08-24T21:22:42.924071335Z,11,2026-08-24T21:22:42.924071335Z
01M0TTNRJQXVJJ8GBQK8CGZH70,01M0TSZGJXR0N6DNTNARWRMFQ4,2026-08-24T21:26:26.647841742Z,,,,,,,,,,,"[""F1"",""F6"",""F3"",""F7""]",2026-08-24T21:26:26.647841742Z,false,2026-08-24T21:26:26.647841742Z,01M0TSZGKJQW5S4GCP9150DNN9,2026-08-24T21:26:26.647841742Z,9,2026-08-24T21:26:26.647841742Z,,,,,,,48,2026-08-24T21:26:26.647841742Z,12,2026-08-24T21:26:26.647841742Z,training,2026-08-24T21:26:26.647841742Z,0,2026-08-24T21:26:26.647841742Z,4,2026-08-24T21:26:26.647841742Z,,,,2026-08-24T21:26:26.647841742Z,,,1,2026-08-24T21:26:26.647841742Z,2,2026-08-24T21:26:26.967888592Z,false,2026-08-24T21:26:26.647841742Z,"[""/tangrams/452_257.png"",""/tangrams/98_302.png"",""/tangrams/264_176.png"",""/tangrams/157_426.png""]",2026-08-24T21:26:26.647841742Z,/tangrams/98_302.png,2026-08-24T21:26:26.647841742Z,F6,2026-08-24T21:26:26.647841742Z,9,2026-08-24T21:26:26.647841742Z,8,2026-08-24T21:26:26.647841742Z
01M0TVK9S95NPWF977S0J9G1JX,01M0TTMTH8JPTHXWGXYEY1VFR8,2026-08-24T21:42:34.537596567Z,"[{""text"":""cross"",""sender"":{""id"":""01M0TV8YZXT0HY97VC3QNJABKN"",""name"":""Repi"",""avatar"":""https://api.dicebear.com/8.x/rings/svg?seed=Repi""}}]",2026-08-24T21:57:51.649930651Z,[1787608671663],2026-08-24T21:57:51.665347545Z,,,true,2026-08-24T21:58:00.815719986Z,01M0TV8YZXT0HY97VC3QNJABKN,2026-08-24T21:57:47.94729741Z,"[""F3"",""F5"",""F1"",""F8""]",2026-08-24T21:42:34.537596567Z,true,2026-08-24T21:58:00.79399581Z,01M0TTMWMG725DJ5GA5M4WD8SY,2026-08-24T21:42:34.537596567Z,34,2026-08-24T21:42:34.537596567Z,false,2026-08-24T21:57:48.146429644Z,01M0TVD4RDDZ2GPYA2W2TBJY2J,2026-08-24T21:57:47.94729741Z,,,48,2026-08-24T21:42:34.537596567Z,12,2026-08-24T21:42:34.537596567Z,training,2026-08-24T21:42:34.537596567Z,2,2026-08-24T21:42:34.537596567Z,4,2026-08-24T21:42:34.537596567Z,/tangrams/4_159.png,2026-08-24T21:58:00.815719986Z,/tangrams/4_159.png,2026-08-24T21:57:57.640494031Z,1787608677546,2026-08-24T21:57:57.616315853Z,1,2026-08-24T21:42:34.537596567Z,2,2026-08-24T21:42:36.037397852Z,true,2026-08-24T21:57:47.895573188Z,"[""/tangrams/264_176.png"",""/tangrams/4_159.png"",""/tangrams/452_257.png"",""/tangrams/374_400.png""]",2026-08-24T21:42:34.537596567Z,/tangrams/4_159.png,2026-08-24T21:42:34.537596567Z,F5,2026-08-24T21:42:34.537596567Z,10,2026-08-24T21:42:34.537596567Z,33,2026-08-24T21:42:34.537596567Z
01M0TVKA1X8QWR5F038J62EWM7,01M0TTMTH8JPTHXWGXYEY1VFR8,2026-08-24T21:42:34.813788245Z,"[{""text"":""boxing glove"",""sender"":{""id"":""01M0TVD4RDDZ2GPYA2W2TBJY2J"",""name"":""Minu"",""avatar"":""https://api.dicebear.com/8.x/rings/svg?seed=Minu""}}]",2026-08-24T22:00:19.738428693Z,[1787608819753],2026-08-24T22:00:19.754859055Z,,,true,2026-08-24T22:00:26.385590238Z,01M0TVD4RDDZ2GPYA2W2TBJY2J,2026-08-24T22:00:14.66408889Z,"[""F6"",""F8"",""F3"",""F7""]",2026-08-24T21:42:34.813788245Z,true,2026-08-24T22:00:26.362732297Z,01M0TTMWMG725DJ5GA5M4WD8SY,2026-08-24T21:42:34.813788245Z,45,2026-08-24T21:42:34.813788245Z,false,2026-08-24T22:00:14.843426233Z,01M0TV8YZXT0HY97VC3QNJABKN,2026-08-24T22:00:14.66408889Z,,,48,2026-08-24T21:42:34.813788245Z,12,2026-08-24T21:42:34.813788245Z,training,2026-08-24T21:42:34.813788245Z,3,2026-08-24T21:42:34.813788245Z,4,2026-08-24T21:42:34.813788245Z,/tangrams/98_302.png,2026-08-24T22:00:26.385590238Z,/tangrams/98_302.png,2026-08-24T22:00:23.146251705Z,1787608823930,2026-08-24T22:00:23.137082584Z,1,2026-08-24T21:42:34.813788245Z,2,2026-08-24T21:42:36.369328193Z,true,2026-08-24T22:00:14.596699304Z,"[""/tangrams/98_302.png"",""/tangrams/374_400.png"",""/tangrams/264_176.png"",""/tangrams/157_426.png""]",2026-08-24T21:42:34.813788245Z,/tangrams/98_302.png,2026-08-24T21:42:34.813788245Z,F6,2026-08-24T21:42:34.813788245Z,9,2026-08-24T21:42:34.813788245Z,44,2026-08-24T21:42:34.813788245Z
01M0TT9KM80SA1WC7QVVBNYTM2,01M0TSZGJXR0N6DNTNARWRMFQ4,2026-08-24T21:19:48.360927733Z,,,,,,,,,,,"[""A2"",""C4"",""D1"",""B3""]",2026-08-24T21:19:48.360927733Z,false,2026-08-24T21:19:48.360927733Z,01M0TSZGKE32G3R2H2EPQFBQNN,2026-08-24T21:19:48.360927733Z,29,2026-08-24T21:19:48.360927733Z,,,,,,,48,2026-08-24T21:19:48.360927733Z,12,2026-08-24T21:19:48.360927733Z,training,2026-08-24T21:19:48.360927733Z,2,2026-08-24T21:19:48.360927733Z,4,2026-08-24T21:19:48.360927733Z,,,,2026-08-24T21:19:48.360927733Z,,,0,2026-08-24T21:19:48.360927733Z,2,2026-08-24T21:19:49.052352801Z,false,2026-08-24T21:19:48.360927733Z,"[""/tangrams/138_339.png"",""/tangrams/422_66.png"",""/tangrams/279_244.png"",""/tangrams/366_405.png""]",2026-08-24T21:19:48.360927733Z,/tangrams/366_405.png,2026-08-24T21:19:48.360927733Z,B3,2026-08-24T21:19:48.360927733Z,5,2026-08-24T21:19:48.360927733Z,28,2026-08-24T21:19:48.360927733Z
01M0TTKMV3NZDGCVSD4HY2E0ZQ,01M0TSZEX52H0PZDJFB4JNEAFW,2026-08-24T21:25:17.283551538Z,"[{""text"":""RUNNIG LEGS BELOW"",""sender"":{""id"":""01M0TT55D1DRDQ3JPT1CDTT5VN"",""name"":""Repi"",""avatar"":""https://api.dicebear.com/8.x/rings/svg?seed=Repi""}}]",2026-08-24T21:36:19.973539792Z,[1787607379982],2026-08-24T21:36:19.984162195Z,,,true,2026-08-24T21:36:26.286936109Z,01M0TT55D1DRDQ3JPT1CDTT5VN,2026-08-24T21:36:05.804595556Z,"[""B4"",""D3"",""A2"",""C1""]",2026-08-24T21:25:17.283551538Z,true,2026-08-24T21:36:26.261554255Z,01M0TSZEY173D8F3KEP071GR06,2026-08-24T21:25:17.283551538Z,4,2026-08-24T21:25:17.283551538Z,false,2026-08-24T21:36:05.910753545Z,01M0TTF3ADJ36CYQBD8356XFNQ,2026-08-24T21:36:05.804595556Z,,,48,2026-08-24T21:25:17.283551538Z,12,2026-08-24T21:25:17.283551538Z,training,2026-08-24T21:25:17.283551538Z,0,2026-08-24T21:25:17.283551538Z,4,2026-08-24T21:25:17.283551538Z,/tangrams/279_405.png,2026-08-24T21:36:26.286936109Z,/tangrams/279_405.png,2026-08-24T21:36:23.050733023Z,1787607382652,2026-08-24T21:36:23.056133548Z,0,2026-08-24T21:25:17.283551538Z,2,2026-08-24T21:25:17.673782684Z,true,2026-08-24T21:36:05.772611306Z,"[""/tangrams/366_66.png"",""/tangrams/279_405.png"",""/tangrams/138_339.png"",""/tangrams/422_244.png""]",2026-08-24T21:25:17.283551538Z,/tangrams/279_405.png,2026-08-24T21:25:17.283551538Z,D3,2026-08-24T21:25:17.283551538Z,4,2026-08-24T21:25:17.283551538Z,3,2026-08-24T21:25:17.283551538Z
01M0TTMQZ0059VEGB2Z80KVV69,01M0TSZV7X3D77NKMM5CDCW4Z6,2026-08-24T21:25:53.248817344Z,"[{""text"":""box in it"",""sender"":{""id"":""01M0TT4JP6VSYSTADD58E33WM9"",""name"":""Repi"",""avatar"":""https://api.dicebear.com/8.x/rings/svg?seed=Repi""}}]",2026-08-24T21:54:42.321011566Z,[1787608482335],2026-08-24T21:54:42.336564823Z,,,true,2026-08-24T21:54:47.948555255Z,01M0TT4JP6VSYSTADD58E33WM9,2026-08-24T21:54:36.524340625Z,"[""C4"",""A3"",""B1"",""D2""]",2026-08-24T21:25:53.248817344Z,true,2026-08-24T21:54:47.928680135Z,01M0TSZV8ERABP36QP2627EVMT,2026-08-24T21:25:53.248817344Z,46,2026-08-24T21:25:53.248817344Z,false,2026-08-24T21:54:36.683661318Z,01M0TT4SREDP4QR1H8V4E3X5G9,2026-08-24T21:54:36.524340625Z,,,48,2026-08-24T21:25:53.248817344Z,12,2026-08-24T21:25:53.248817344Z,training,2026-08-24T21:25:53.248817344Z,3,2026-08-24T21:25:53.248817344Z,4,2026-08-24T21:25:53.248817344Z,/tangrams/66_24.png,2026-08-24T21:54:47.948555255Z,/tangrams/66_24.png,2026-08-24T21:54:44.767094332Z,1787608483799,2026-08-24T21:54:44.741977311Z,1,2026-08-24T21:25:53.248817344Z,2,2026-08-24T21:25:54.306165639Z,true,2026-08-24T21:54:36.455644493Z,"[""/tangrams/202_464.png"",""/tangrams/66_24.png"",""/tangrams/348_314.png"",""/tangrams/20_441.png""]",2026-08-24T21:25:53.248817344Z,/tangrams/66_24.png,2026-08-24T21:25:53.248817344Z,A3,2026-08-24T21:25:53.248817344Z,10,2026-08-24T21:25:53.248817344Z,45,2026-08-24T21:25:53.248817344Z
01M0TVK9RPNX2GWSZ0MC61W2SW,01M0TTMTH8JPTHXWGXYEY1VFR8,2026-08-24T21:42:34.518474871Z,"[{""text"":""boxing"",""sender"":{""id"":""01M0TV8YZXT0HY97VC3QNJABKN"",""name"":""Repi"",""avatar"":""https://api.dicebear.com/8.x/rings/svg?seed=Repi""}}]",2026-08-24T21:57:28.186667031Z,[1787608648199],2026-08-24T21:57:28.200683982Z,,,true,2026-08-24T21:57:34.034662778Z,01M0TV8YZXT0HY97VC3QNJABKN,2026-08-24T21:57:24.261727111Z,"[""F6"",""F4"",""D4"",""F2""]",2026-08-24T21:42:34.518474871Z,true,2026-08-24T21:57:34.019711005Z,01M0TTMWMG725DJ5GA5M4WD8SY,2026-08-24T21:42:34.518474871Z,32,2026-08-24T21:42:34.518474871Z,false,2026-08-24T21:57:24.439517077Z,01M0TVD4RDDZ2GPYA2W2TBJY2J,2026-08-24T21:57:24.261727111Z,,,48,2026-08-24T21:42:34.518474871Z,12,2026-08-24T21:42:34.518474871Z,training,2026-08-24T21:42:34.518474871Z,2,2026-08-24T21:42:34.518474871Z,4,2026-08-24T21:42:34.518474871Z,/tangrams/98_302.png,2026-08-24T21:57:34.034662778Z,/tangrams/98_302.png,2026-08-24T21:57:30.818954329Z,1787608650714,2026-08-24T21:57:30.793303469Z,1,2026-08-24T21:42:34.518474871Z,2,2026-08-24T21:42:35.973829222Z,true,2026-08-24T21:57:24.203838407Z,"[""/tangrams/98_302.png"",""/tangrams/40_345.png"",""/tangrams/20_464.png"",""/tangrams/429_403.png""]",2026-08-24T21:42:34.518474871Z,/tangrams/98_302.png,2026-08-24T21:42:34.518474871Z,F6,2026-08-24T21:42:34.518474871Z,8,2026-08-24T21:42:34.518474871Z,31,2026-08-24T21:42:34.518474871Z
01M0TTA59SYWG90NRXET9WSKZ3,01M0TSZV7X3D77NKMM5CDCW4Z6,2026-08-24T21:20:06.457696408Z,"[{""text"":""Small diamond at the top, completely flat on the bottom (not the graduation cap one)"",""sender"":{""id"":""01M0TT4SZRTK7MV5T48R9G1GQH"",""name"":""Minu"",""avatar"":""https://api.dicebear.com/8.x/rings/svg?seed=Minu""}}]",2026-08-24T21:39:03.096788272Z,[1787607543105],2026-08-24T21:39:03.10741511Z,,,true,2026-08-24T21:39:12.639593148Z,01M0TT4SZRTK7MV5T48R9G1GQH,2026-08-24T21:38:36.668087571Z,"[""C3"",""F6"",""F5"",""F8""]",2026-08-24T21:20:06.457696408Z,true,2026-08-24T21:39:12.628706124Z,01M0TSZV8KEDQHAT4X3FNKVS2B,2026-08-24T21:20:06.457696408Z,23,2026-08-24T21:20:06.457696408Z,false,2026-08-24T21:38:36.79961287Z,01M0TT3ZTTV22XQGZD0K61T6A4,2026-08-24T21:38:36.668087571Z,,,48,2026-08-24T21:20:06.457696408Z,12,2026-08-24T21:20:06.457696408Z,training,2026-08-24T21:20:06.457696408Z,1,2026-08-24T21:20:06.457696408Z,4,2026-08-24T21:20:06.457696408Z,/tangrams/134_125.png,2026-08-24T21:39:12.639593148Z,/tangrams/134_125.png,2026-08-24T21:39:09.492324154Z,1787607549414,2026-08-24T21:39:09.503869086Z,0,2026-08-24T21:20:06.457696408Z,2,2026-08-24T21:20:07.08670942Z,true,2026-08-24T21:38:36.62385897Z,"[""/tangrams/422_405.png"",""/tangrams/134_125.png"",""/tangrams/456_48.png"",""/tangrams/37_144.png""]",2026-08-24T21:20:06.457696408Z,/tangrams/134_125.png,2026-08-24T21:20:06.457696408Z,F6,2026-08-24T21:20:06.457696408Z,11,2026-08-24T21:20:06.457696408Z,22,2026-08-24T21:20:06.457696408Z
01M0TTA5ED49FD5EF2R37GW7CN,01M0TSZV7X3D77NKMM5CDCW4Z6,2026-08-24T21:20:06.60539351Z,"[{""text"":""This one has a white rectangle in the middle of it, if you managed to refresh"",""sender"":{""id"":""01M0TT4SZRTK7MV5T48R9G1GQH"",""name"":""Minu"",""avatar"":""https://api.dicebear.com/8.x/rings/svg?seed=Minu""}}]",2026-08-24T21:30:41.081154687Z,[1787607041089],2026-08-24T21:30:41.091617903Z,,,true,2026-08-24T21:30:50.249061704Z,01M0TT4SZRTK7MV5T48R9G1GQH,2026-08-24T21:30:10.405629568Z,"[""F5"",""F8"",""A1"",""B2""]",2026-08-24T21:20:06.60539351Z,true,2026-08-24T21:30:50.235355822Z,01M0TSZV8KEDQHAT4X3FNKVS2B,2026-08-24T21:20:06.60539351Z,9,2026-08-24T21:20:06.60539351Z,false,2026-08-24T21:30:10.551886963Z,01M0TT3ZTTV22XQGZD0K61T6A4,2026-08-24T21:30:10.405629568Z,,,48,2026-08-24T21:20:06.60539351Z,12,2026-08-24T21:20:06.60539351Z,training,2026-08-24T21:20:06.60539351Z,0,2026-08-24T21:20:06.60539351Z,4,2026-08-24T21:20:06.60539351Z,/tangrams/37_144.png,2026-08-24T21:30:50.249061704Z,/tangrams/37_144.png,2026-08-24T21:30:47.070371617Z,1787607046958,2026-08-24T21:30:47.065279619Z,0,2026-08-24T21:20:06.60539351Z,2,2026-08-24T21:20:06.826279938Z,true,2026-08-24T21:30:10.355052474Z,"[""/tangrams/456_48.png"",""/tangrams/37_144.png"",""/tangrams/138_244.png"",""/tangrams/366_339.png""]",2026-08-24T21:20:06.60539351Z,/tangrams/37_144.png,2026-08-24T21:20:06.60539351Z,F8,2026-08-24T21:20:06.60539351Z,9,2026-08-24T21:20:06.60539351Z,8,2026-08-24T21:20:06.60539351Z
01M0TTNRC6PRAX90X87R2VXVWB,01M0TSZGJXR0N6DNTNARWRMFQ4,2026-08-24T21:26:26.438927508Z,,,,,,,,,,,"[""F7"",""F5"",""F4"",""F3""]",2026-08-24T21:26:26.438927508Z,false,2026-08-24T21:26:26.438927508Z,01M0TSZGKJQW5S4GCP9150DNN9,2026-08-24T21:26:26.438927508Z,41,2026-08-24T21:26:26.438927508Z,,,,,,,48,2026-08-24T21:26:26.438927508Z,12,2026-08-24T21:26:26.438927508Z,training,2026-08-24T21:26:26.438927508Z,3,2026-08-24T21:26:26.438927508Z,4,2026-08-24T21:26:26.438927508Z,,,,2026-08-24T21:26:26.438927508Z,,,1,2026-08-24T21:26:26.438927508Z,2,2026-08-24T21:26:27.680732781Z,false,2026-08-24T21:26:26.438927508Z,"[""/tangrams/157_426.png"",""/tangrams/4_159.png"",""/tangrams/40_345.png"",""/tangrams/264_176.png""]",2026-08-24T21:26:26.438927508Z,/tangrams/4_159.png,2026-08-24T21:26:26.438927508Z,F5,2026-08-24T21:26:26.438927508Z,5,2026-08-24T21:26:26.438927508Z,40,2026-08-24T21:26:26.438927508Z
01M0TTNRMABP1WE91S8WNKF4KB,01M0TSZGJXR0N6DNTNARWRMFQ4,2026-08-24T21:26:26.698794113Z,,,,,,,,,,,"[""F8"",""F2"",""F7"",""D4""]",2026-08-24T21:26:26.698794113Z,false,2026-08-24T21:26:26.698794113Z,01M0TSZGKJQW5S4GCP9150DNN9,2026-08-24T21:26:26.698794113Z,31,2026-08-24T21:26:26.698794113Z,,,,,,,48,2026-08-24T21:26:26.698794113Z,12,2026-08-24T21:26:26.698794113Z,training,2026-08-24T21:26:26.698794113Z,2,2026-08-24T21:26:26.698794113Z,4,2026-08-24T21:26:26.698794113Z,,,,2026-08-24T21:26:26.698794113Z,,,1,2026-08-24T21:26:26.698794113Z,2,2026-08-24T21:26:27.465977795Z,false,2026-08-24T21:26:26.698794113Z,"[""/tangrams/374_400.png"",""/tangrams/429_403.png"",""/tangrams/157_426.png"",""/tangrams/20_464.png""]",2026-08-24T21:26:26.698794113Z,/tangrams/374_400.png,2026-08-24T21:26:26.698794113Z,F8,2026-08-24T21:26:26.698794113Z,7,2026-08-24T21:26:26.698794113Z,30,2026-08-24T21:26:26.698794113Z
01M0TTTPR87JX4X74108CPPSQ5,01M0TSZV7X3D77NKMM5CDCW4Z6,2026-08-24T21:29:08.616478533Z,"[{""text"":""3 like shape with a human like head on the side"",""sender"":{""id"":""01M0TTBQPRE9XMJHBPDKM8GTC4"",""name"":""Minu"",""avatar"":""https://api.dicebear.com/8.x/rings/svg?seed=Minu""}}]",2026-08-24T22:11:24.877354412Z,[1787609484894],2026-08-24T22:11:24.89615045Z,,,false,2026-08-24T22:11:31.558659582Z,01M0TTBQPRE9XMJHBPDKM8GTC4,2026-08-24T22:11:07.549881295Z,"[""B4"",""C1"",""D3"",""B3""]",2026-08-24T21:29:08.616478533Z,true,2026-08-24T22:11:31.530201665Z,01M0TSZV8KEDQHAT4X33M1GG1C,2026-08-24T21:29:08.616478533Z,41,2026-08-24T21:29:08.616478533Z,false,2026-08-24T22:11:07.746095913Z,01M0TT467Q69C5HQ20GW6FRRF2,2026-08-24T22:11:07.549881295Z,,,48,2026-08-24T21:29:08.616478533Z,12,2026-08-24T21:29:08.616478533Z,training,2026-08-24T21:29:08.616478533Z,3,2026-08-24T21:29:08.616478533Z,4,2026-08-24T21:29:08.616478533Z,/tangrams/20_24.png,2026-08-24T22:11:31.558659582Z,/tangrams/20_24.png,2026-08-24T22:11:28.334470621Z,1787609485579,2026-08-24T22:11:28.326726435Z,1,2026-08-24T21:29:08.616478533Z,2,2026-08-24T21:29:10.394460886Z,true,2026-08-24T22:11:07.46286411Z,"[""/tangrams/348_464.png"",""/tangrams/202_314.png"",""/tangrams/20_24.png"",""/tangrams/348_24.png""]",2026-08-24T21:29:08.616478533Z,/tangrams/348_24.png,2026-08-24T21:29:08.616478533Z,B3,2026-08-24T21:29:08.616478533Z,5,2026-08-24T21:29:08.616478533Z,40,2026-08-24T21:29:08.616478533Z
01M0TTYPY88G0NC885VAQBA547,01M0TTMTH8JPTHXWGXYEY1VFR8,2026-08-24T21:31:19.880238499Z,,,,,,,,,,,,,true,2026-08-24T21:45:14.317632284Z,01M0TTMWMDPGAHQRDA7BZJ8FEZ,2026-08-24T21:31:19.880238499Z,0,2026-08-24T21:31:19.880238499Z,false,2026-08-24T21:31:30.3056229Z,,,20,2026-08-24T21:31:19.880238499Z,,,,,pretest,2026-08-24T21:31:19.880238499Z,,,,,,,,2026-08-24T21:31:30.092430749Z,,,,,1,2026-08-24T21:31:20.568643798Z,true,2026-08-24T21:31:23.372344243Z,[],2026-08-24T21:31:19.880238499Z,,2026-08-24T21:31:19.880238499Z,,,,,,
01M0TV7K00E7H18KNHGPC9NM8M,01M0TTMTH8JPTHXWGXYEY1VFR8,2026-08-24T21:36:10.752177656Z,"[{""text"":""white rectangle"",""sender"":{""id"":""01M0TTRGJ55RK21NQM11GGHNRN"",""name"":""Repi"",""avatar"":""https://api.dicebear.com/8.x/rings/svg?seed=Repi""}}]",2026-08-24T21:58:40.062173695Z,[1787608720076],2026-08-24T21:58:40.078260868Z,,,true,2026-08-24T21:58:45.401520603Z,01M0TTRGJ55RK21NQM11GGHNRN,2026-08-24T21:58:34.728094799Z,"[""A2"",""B4"",""D3"",""C1""]",2026-08-24T21:36:10.752177656Z,true,2026-08-24T21:58:45.38109147Z,01M0TTMWM9GSP2NP0T4CET96EB,2026-08-24T21:36:10.752177656Z,28,2026-08-24T21:36:10.752177656Z,false,2026-08-24T21:58:35.001904872Z,01M0TV363Y2QH3CGTPHSZR512P,2026-08-24T21:58:34.728094799Z,,,48,2026-08-24T21:36:10.752177656Z,12,2026-08-24T21:36:10.752177656Z,training,2026-08-24T21:36:10.752177656Z,2,2026-08-24T21:36:10.752177656Z,4,2026-08-24T21:36:10.752177656Z,/tangrams/20_24.png,2026-08-24T21:58:45.401520603Z,/tangrams/20_24.png,2026-08-24T21:58:42.226117023Z,1787608720415,2026-08-24T21:58:42.209187416Z,1,2026-08-24T21:36:10.752177656Z,2,2026-08-24T21:36:11.733549182Z,true,2026-08-24T21:58:34.666525438Z,"[""/tangrams/66_441.png"",""/tangrams/348_464.png"",""/tangrams/20_24.png"",""/tangrams/202_314.png""]",2026-08-24T21:36:10.752177656Z,/tangrams/20_24.png,2026-08-24T21:36:10.752177656Z,D3,2026-08-24T21:36:10.752177656Z,4,2026-08-24T21:36:10.752177656Z,27,2026-08-24T21:36:10.752177656Z
01M0TTK18DRK0TE1A05TXGSK3F,01M0TSZEX52H0PZDJFB4JNEAFW,2026-08-24T21:24:57.22973257Z,"[{""text"":""trainsge cut o bottom, arms reaching up"",""sender"":{""id"":""01M0TT7FNH08P86PFHWCV3NRS8"",""name"":""Repi"",""avatar"":""https://api.dicebear.com/8.x/rings/svg?seed=Repi""}}]",2026-08-24T22:03:23.200817296Z,[1787609003215],2026-08-24T22:03:23.217319634Z,,,true,2026-08-24T22:03:43.817360916Z,01M0TT7FNH08P86PFHWCV3NRS8,2026-08-24T22:02:46.139183326Z,"[""A4"",""D2"",""C2"",""D1""]",2026-08-24T21:24:57.22973257Z,true,2026-08-24T22:03:43.79672409Z,01M0TSZEY54T11A9AMGVA6T4ZB,2026-08-24T21:24:57.22973257Z,28,2026-08-24T21:24:57.22973257Z,false,2026-08-24T22:02:46.33664089Z,01M0TT7ZVRQQW92P55GPN9KMMS,2026-08-24T22:02:46.139183326Z,,,48,2026-08-24T21:24:57.22973257Z,12,2026-08-24T21:24:57.22973257Z,training,2026-08-24T21:24:57.22973257Z,2,2026-08-24T21:24:57.22973257Z,4,2026-08-24T21:24:57.22973257Z,/tangrams/279_339.png,2026-08-24T22:03:43.817360916Z,/tangrams/279_339.png,2026-08-24T22:03:40.557269398Z,1787609022987,2026-08-24T22:03:40.585296625Z,0,2026-08-24T21:24:57.22973257Z,2,2026-08-24T21:24:57.759884338Z,true,2026-08-24T22:02:46.068090079Z,"[""/tangrams/138_66.png"",""/tangrams/279_339.png"",""/tangrams/422_339.png"",""/tangrams/279_244.png""]",2026-08-24T21:24:57.22973257Z,/tangrams/279_339.png,2026-08-24T21:24:57.22973257Z,D2,2026-08-24T21:24:57.22973257Z,4,2026-08-24T21:24:57.22973257Z,27,2026-08-24T21:24:57.22973257Z
01M0TTNRBP7XGCMRWSC1MKR933,01M0TSZGJXR0N6DNTNARWRMFQ4,2026-08-24T21:26:26.422756955Z,"[{""text"":""It has a one triangle on the left and one open side on the right like a bird tail"",""sender"":{""id"":""01M0TT4TXD8SRXYDAE6TW71C0D"",""name"":""Repi"",""avatar"":""https://api.dicebear.com/8.x/rings/svg?seed=Repi""}}]",2026-08-24T22:29:11.496461895Z,[1787610551510],2026-08-24T22:29:11.514038029Z,,,false,2026-08-24T22:29:17.311967182Z,01M0TT4TXD8SRXYDAE6TW71C0D,2026-08-24T22:28:14.019677558Z,"[""F7"",""A1"",""F1"",""F3""]",2026-08-24T21:26:26.422756955Z,true,2026-08-24T22:29:17.294407702Z,01M0TSZGKJQW5S4GCP9150DNN9,2026-08-24T21:26:26.422756955Z,4,2026-08-24T21:26:26.422756955Z,false,2026-08-24T22:28:14.195512345Z,01M0TTDMH9245RXEPX9F07PB9V,2026-08-24T22:28:14.019677558Z,,,48,2026-08-24T21:26:26.422756955Z,12,2026-08-24T21:26:26.422756955Z,training,2026-08-24T21:26:26.422756955Z,0,2026-08-24T21:26:26.422756955Z,4,2026-08-24T21:26:26.422756955Z,,2026-08-24T22:29:17.311967182Z,,2026-08-24T21:26:26.422756955Z,,,1,2026-08-24T21:26:26.422756955Z,2,2026-08-24T21:26:26.852327827Z,true,2026-08-24T22:28:13.958086622Z,"[""/tangrams/157_426.png"",""/tangrams/66_314.png"",""/tangrams/452_257.png"",""/tangrams/264_176.png""]",2026-08-24T21:26:26.422756955Z,/tangrams/157_426.png,2026-08-24T21:26:26.422756955Z,F7,2026-08-24T21:26:26.422756955Z,4,2026-08-24T21:26:26.422756955Z,3,2026-08-24T21:26:26.422756955Z
01M0TTNREP7E6Q3M5J755G1PGP,01M0TSZGJXR0N6DNTNARWRMFQ4,2026-08-24T21:26:26.518686787Z,,,,,,,,,,,"[""F8"",""F3"",""A1"",""D4""]",2026-08-24T21:26:26.518686787Z,false,2026-08-24T21:26:26.518686787Z,01M0TSZGKJQW5S4GCP9150DNN9,2026-08-24T21:26:26.518686787Z,22,2026-08-24T21:26:26.518686787Z,,,,,,,48,2026-08-24T21:26:26.518686787Z,12,2026-08-24T21:26:26.518686787Z,training,2026-08-24T21:26:26.518686787Z,1,2026-08-24T21:26:26.518686787Z,4,2026-08-24T21:26:26.518686787Z,,,,2026-08-24T21:26:26.518686787Z,,,1,2026-08-24T21:26:26.518686787Z,2,2026-08-24T21:26:27.247708328Z,false,2026-08-24T21:26:26.518686787Z,"[""/tangrams/374_400.png"",""/tangrams/264_176.png"",""/tangrams/66_314.png"",""/tangrams/20_464.png""]",2026-08-24T21:26:26.518686787Z,/tangrams/66_314.png,2026-08-24T21:26:26.518686787Z,A1,2026-08-24T21:26:26.518686787Z,10,2026-08-24T21:26:26.518686787Z,21,2026-08-24T21:26:26.518686787Z
01M0TVK9WYZJN8B1KCS43DN6MT,01M0TTMTH8JPTHXWGXYEY1VFR8,2026-08-24T21:42:34.654831081Z,"[{""text"":""triangles to the left"",""sender"":{""id"":""01M0TVD4RDDZ2GPYA2W2TBJY2J"",""name"":""Minu"",""avatar"":""https://api.dicebear.com/8.x/rings/svg?seed=Minu""}}]",2026-08-24T21:59:06.057340606Z,[1787608746071],2026-08-24T21:59:06.073345618Z,,,true,2026-08-24T21:59:11.190172941Z,01M0TVD4RDDZ2GPYA2W2TBJY2J,2026-08-24T21:58:50.141423967Z,"[""C3"",""F4"",""A1"",""F6""]",2026-08-24T21:42:34.654831081Z,true,2026-08-24T21:59:11.17394109Z,01M0TTMWMG725DJ5GA5M4WD8SY,2026-08-24T21:42:34.654831081Z,39,2026-08-24T21:42:34.654831081Z,false,2026-08-24T21:58:50.306278755Z,01M0TV8YZXT0HY97VC3QNJABKN,2026-08-24T21:58:50.141423967Z,,,48,2026-08-24T21:42:34.654831081Z,12,2026-08-24T21:42:34.654831081Z,training,2026-08-24T21:42:34.654831081Z,3,2026-08-24T21:42:34.654831081Z,4,2026-08-24T21:42:34.654831081Z,/tangrams/66_314.png,2026-08-24T21:59:11.190172941Z,/tangrams/66_314.png,2026-08-24T21:59:07.84554272Z,1787608748628,2026-08-24T21:59:07.836703426Z,1,2026-08-24T21:42:34.654831081Z,2,2026-08-24T21:42:36.187136992Z,true,2026-08-24T21:58:50.078747409Z,"[""/tangrams/202_24.png"",""/tangrams/40_345.png"",""/tangrams/66_314.png"",""/tangrams/98_302.png""]",2026-08-24T21:42:34.654831081Z,/tangrams/66_314.png,2026-08-24T21:42:34.654831081Z,A1,2026-08-24T21:42:34.654831081Z,3,2026-08-24T21:42:34.654831081Z,38,2026-08-24T21:42:34.654831081Z
01M0TTK13S1N82XAZKSKFXA4RK,01M0TSZEX52H0PZDJFB4JNEAFW,2026-08-24T21:24:57.082011834Z,"[{""text"":""diamond on top 2 floors soiid"",""sender"":{""id"":""01M0TT7FNH08P86PFHWCV3NRS8"",""name"":""Repi"",""avatar"":""https://api.dicebear.com/8.x/rings/svg?seed=Repi""}}]",2026-08-24T22:06:56.035178193Z,[1787609216051],2026-08-24T22:06:56.053138872Z,,,true,2026-08-24T22:07:06.973433471Z,01M0TT7FNH08P86PFHWCV3NRS8,2026-08-24T22:06:38.04116222Z,"[""B4"",""D3"",""A4"",""A2""]",2026-08-24T21:24:57.082011834Z,true,2026-08-24T22:07:06.896688594Z,01M0TSZEY54T11A9AMGVA6T4ZB,2026-08-24T21:24:57.082011834Z,34,2026-08-24T21:24:57.082011834Z,false,2026-08-24T22:06:38.262770174Z,01M0TT7ZVRQQW92P55GPN9KMMS,2026-08-24T22:06:38.04116222Z,,,48,2026-08-24T21:24:57.082011834Z,12,2026-08-24T21:24:57.082011834Z,training,2026-08-24T21:24:57.082011834Z,2,2026-08-24T21:24:57.082011834Z,4,2026-08-24T21:24:57.082011834Z,/tangrams/138_66.png,2026-08-24T22:07:06.973433471Z,/tangrams/138_66.png,2026-08-24T22:07:03.644955927Z,1787609226054,2026-08-24T22:07:03.620930412Z,0,2026-08-24T21:24:57.082011834Z,2,2026-08-24T21:24:57.866499261Z,true,2026-08-24T22:06:37.984471002Z,"[""/tangrams/366_66.png"",""/tangrams/279_405.png"",""/tangrams/138_66.png"",""/tangrams/138_339.png""]",2026-08-24T21:24:57.082011834Z,/tangrams/138_66.png,2026-08-24T21:24:57.082011834Z,A4,2026-08-24T21:24:57.082011834Z,10,2026-08-24T21:24:57.082011834Z,33,2026-08-24T21:24:57.082011834Z
01M0TTNRCYE9ARGXM7X2BADZ0V,01M0TSZGJXR0N6DNTNARWRMFQ4,2026-08-24T21:26:26.46289827Z,,,,,,,,,,,"[""D4"",""F8"",""F5"",""F6""]",2026-08-24T21:26:26.46289827Z,false,2026-08-24T21:26:26.46289827Z,01M0TSZGKJQW5S4GCP9150DNN9,2026-08-24T21:26:26.46289827Z,23,2026-08-24T21:26:26.46289827Z,,,,,,,48,2026-08-24T21:26:26.46289827Z,12,2026-08-24T21:26:26.46289827Z,training,2026-08-24T21:26:26.46289827Z,1,2026-08-24T21:26:26.46289827Z,4,2026-08-24T21:26:26.46289827Z,,,,2026-08-24T21:26:26.46289827Z,,,1,2026-08-24T21:26:26.46289827Z,2,2026-08-24T21:26:27.268570273Z,false,2026-08-24T21:26:26.46289827Z,"[""/tangrams/20_464.png"",""/tangrams/374_400.png"",""/tangrams/4_159.png"",""/tangrams/98_302.png""]",2026-08-24T21:26:26.46289827Z,/tangrams/4_159.png,2026-08-24T21:26:26.46289827Z,F5,2026-08-24T21:26:26.46289827Z,11,2026-08-24T21:26:26.46289827Z,22,2026-08-24T21:26:26.46289827Z
01M0TTTPPEWEKCQHD5TGYBT480,01M0TSZV7X3D77NKMM5CDCW4Z6,2026-08-24T21:29:08.558040789Z,"[{""text"":""Has a spikey triangle back with a L shaped body"",""sender"":{""id"":""01M0TTBQPRE9XMJHBPDKM8GTC4"",""name"":""Minu"",""avatar"":""https://api.dicebear.com/8.x/rings/svg?seed=Minu""}}]",2026-08-24T21:48:45.090424557Z,[1787608125102],2026-08-24T21:48:45.10406598Z,,,true,2026-08-24T21:49:02.612095091Z,01M0TTBQPRE9XMJHBPDKM8GTC4,2026-08-24T21:48:10.724296303Z,"[""C1"",""A3"",""C4"",""B1""]",2026-08-24T21:29:08.558040789Z,true,2026-08-24T21:49:02.591224624Z,01M0TSZV8KEDQHAT4X33M1GG1C,2026-08-24T21:29:08.558040789Z,9,2026-08-24T21:29:08.558040789Z,false,2026-08-24T21:48:10.964638971Z,01M0TT467Q69C5HQ20GW6FRRF2,2026-08-24T21:48:10.724296303Z,,,48,2026-08-24T21:29:08.558040789Z,12,2026-08-24T21:29:08.558040789Z,training,2026-08-24T21:29:08.558040789Z,0,2026-08-24T21:29:08.558040789Z,4,2026-08-24T21:29:08.558040789Z,/tangrams/202_314.png,2026-08-24T21:49:02.612095091Z,/tangrams/202_314.png,2026-08-24T21:48:59.45336044Z,1787608136701,2026-08-24T21:48:59.446660166Z,1,2026-08-24T21:29:08.558040789Z,2,2026-08-24T21:29:09.054857912Z,true,2026-08-24T21:48:10.615623033Z,"[""/tangrams/202_314.png"",""/tangrams/66_24.png"",""/tangrams/202_464.png"",""/tangrams/348_314.png""]",2026-08-24T21:29:08.558040789Z,/tangrams/202_314.png,2026-08-24T21:29:08.558040789Z,C1,2026-08-24T21:29:08.558040789Z,9,2026-08-24T21:29:08.558040789Z,8,2026-08-24T21:29:08.558040789Z
01M0TT9KJGX3SAXR55VJQX3E4J,01M0TSZGJXR0N6DNTNARWRMFQ4,2026-08-24T21:19:48.304970604Z,,,,,,,,,,,"[""C2"",""D3"",""A4"",""B1""]",2026-08-24T21:19:48.304970604Z,false,2026-08-24T21:19:48.304970604Z,01M0TSZGKE32G3R2H2EPQFBQNN,2026-08-24T21:19:48.304970604Z,43,2026-08-24T21:19:48.304970604Z,,,,,,,48,2026-08-24T21:19:48.304970604Z,12,2026-08-24T21:19:48.304970604Z,training,2026-08-24T21:19:48.304970604Z,3,2026-08-24T21:19:48.304970604Z,4,2026-08-24T21:19:48.304970604Z,,,,2026-08-24T21:19:48.304970604Z,,,0,2026-08-24T21:19:48.304970604Z,2,2026-08-24T21:19:49.32830028Z,false,2026-08-24T21:19:48.304970604Z,"[""/tangrams/422_339.png"",""/tangrams/279_405.png"",""/tangrams/138_66.png"",""/tangrams/366_244.png""]",2026-08-24T21:19:48.304970604Z,/tangrams/138_66.png,2026-08-24T21:19:48.304970604Z,A4,2026-08-24T21:19:48.304970604Z,7,2026-08-24T21:19:48.304970604Z,42,2026-08-24T21:19:48.304970604Z
01M0TTA57MCSVB8JHRVY1356P2,01M0TSZV7X3D77NKMM5CDCW4Z6,2026-08-24T21:20:06.388977757Z,"[{""text"":""This has legs running to the left at bottom.  Looks like the top is a house or a pizza hut.  white skewed rectangle in the middle"",""sender"":{""id"":""01M0TT3ZTTV22XQGZD0K61T6A4"",""name"":""Repi"",""avatar"":""https://api.dicebear.com/8.x/rings/svg?seed=Repi""}}]",2026-08-24T21:25:25.726047647Z,[1787606725730],2026-08-24T21:25:25.732348447Z,,,true,2026-08-24T21:25:32.958547719Z,01M0TT3ZTTV22XQGZD0K61T6A4,2026-08-24T21:24:51.467921835Z,"[""F5"",""F4"",""F7"",""C3""]",2026-08-24T21:20:06.388977757Z,true,2026-08-24T21:25:32.952664255Z,01M0TSZV8KEDQHAT4X3FNKVS2B,2026-08-24T21:20:06.388977757Z,4,2026-08-24T21:20:06.388977757Z,false,2026-08-24T21:24:51.568388495Z,01M0TT4SZRTK7MV5T48R9G1GQH,2026-08-24T21:24:51.467921835Z,,,48,2026-08-24T21:20:06.388977757Z,12,2026-08-24T21:20:06.388977757Z,training,2026-08-24T21:20:06.388977757Z,0,2026-08-24T21:20:06.388977757Z,4,2026-08-24T21:20:06.388977757Z,/tangrams/422_405.png,2026-08-24T21:25:32.958547719Z,/tangrams/422_405.png,2026-08-24T21:25:29.881960211Z,1787606729768,2026-08-24T21:25:29.878769823Z,0,2026-08-24T21:20:06.388977757Z,2,2026-08-24T21:20:06.735435449Z,true,2026-08-24T21:24:51.433517528Z,"[""/tangrams/456_48.png"",""/tangrams/434_227.png"",""/tangrams/411_352.png"",""/tangrams/422_405.png""]",2026-08-24T21:20:06.388977757Z,/tangrams/422_405.png,2026-08-24T21:20:06.388977757Z,C3,2026-08-24T21:20:06.388977757Z,4,2026-08-24T21:20:06.388977757Z,3,2026-08-24T21:20:06.388977757Z
01M0TTKN3TTM05YTK7HXQVQD3J,01M0TSZEX52H0PZDJFB4JNEAFW,2026-08-24T21:25:17.562054852Z,"[{""text"":""white triangle below"",""sender"":{""id"":""01M0TTF3ADJ36CYQBD8356XFNQ"",""name"":""Minu"",""avatar"":""https://api.dicebear.com/8.x/rings/svg?seed=Minu""}}]",2026-08-24T21:53:39.367435596Z,[1787608419378],2026-08-24T21:53:39.38004294Z,,,true,2026-08-24T21:53:48.849571578Z,01M0TTF3ADJ36CYQBD8356XFNQ,2026-08-24T21:53:23.601145168Z,"[""B1"",""C4"",""D2"",""A3""]",2026-08-24T21:25:17.562054852Z,true,2026-08-24T21:53:48.827982716Z,01M0TSZEY173D8F3KEP071GR06,2026-08-24T21:25:17.562054852Z,45,2026-08-24T21:25:17.562054852Z,false,2026-08-24T21:53:23.766206922Z,01M0TT55D1DRDQ3JPT1CDTT5VN,2026-08-24T21:53:23.601145168Z,,,48,2026-08-24T21:25:17.562054852Z,12,2026-08-24T21:25:17.562054852Z,training,2026-08-24T21:25:17.562054852Z,3,2026-08-24T21:25:17.562054852Z,4,2026-08-24T21:25:17.562054852Z,/tangrams/279_339.png,2026-08-24T21:53:48.849571578Z,/tangrams/279_339.png,2026-08-24T21:53:45.661780167Z,1787608425413,2026-08-24T21:53:45.653561396Z,0,2026-08-24T21:25:17.562054852Z,2,2026-08-24T21:25:18.462359433Z,true,2026-08-24T21:53:23.542683905Z,"[""/tangrams/366_244.png"",""/tangrams/422_66.png"",""/tangrams/279_339.png"",""/tangrams/138_405.png""]",2026-08-24T21:25:17.562054852Z,/tangrams/279_339.png,2026-08-24T21:25:17.562054852Z,D2,2026-08-24T21:25:17.562054852Z,9,2026-08-24T21:25:17.562054852Z,44,2026-08-24T21:25:17.562054852Z
01M0TV7JXBKSPSNDP6R5ZNS5GM,01M0TTMTH8JPTHXWGXYEY1VFR8,2026-08-24T21:36:10.667048552Z,"[{""text"":""2 arrows pointing left 1 small arrow"",""sender"":{""id"":""01M0TV363Y2QH3CGTPHSZR512P"",""name"":""Minu"",""avatar"":""https://api.dicebear.com/8.x/rings/svg?seed=Minu""}}]",2026-08-24T22:01:19.30516641Z,[1787608879320],2026-08-24T22:01:19.323475712Z,,,true,2026-08-24T22:01:26.354043529Z,01M0TV363Y2QH3CGTPHSZR512P,2026-08-24T22:01:10.164886642Z,"[""D1"",""C4"",""A2"",""B3""]",2026-08-24T21:36:10.667048552Z,true,2026-08-24T22:01:26.338132588Z,01M0TTMWM9GSP2NP0T4CET96EB,2026-08-24T21:36:10.667048552Z,37,2026-08-24T21:36:10.667048552Z,false,2026-08-24T22:01:10.445945315Z,01M0TTRGJ55RK21NQM11GGHNRN,2026-08-24T22:01:10.164886642Z,,,48,2026-08-24T21:36:10.667048552Z,12,2026-08-24T21:36:10.667048552Z,training,2026-08-24T21:36:10.667048552Z,3,2026-08-24T21:36:10.667048552Z,4,2026-08-24T21:36:10.667048552Z,/tangrams/20_314.png,2026-08-24T22:01:26.354043529Z,/tangrams/20_314.png,2026-08-24T22:01:23.173696448Z,1787608883650,2026-08-24T22:01:23.148714634Z,1,2026-08-24T21:36:10.667048552Z,2,2026-08-24T21:36:12.014699102Z,true,2026-08-24T22:01:10.103570581Z,"[""/tangrams/20_314.png"",""/tangrams/202_464.png"",""/tangrams/66_441.png"",""/tangrams/348_24.png""]",2026-08-24T21:36:10.667048552Z,/tangrams/20_314.png,2026-08-24T21:36:10.667048552Z,D1,2026-08-24T21:36:10.667048552Z,1,2026-08-24T21:36:10.667048552Z,36,2026-08-24T21:36:10.667048552Z
01M0TVK9HN0NW907SE8JRHRPP8,01M0TTMTH8JPTHXWGXYEY1VFR8,2026-08-24T21:42:34.293103197Z,"[{""text"":""4 spikes at the top"",""sender"":{""id"":""01M0TVD4RDDZ2GPYA2W2TBJY2J"",""name"":""Minu"",""avatar"":""https://api.dicebear.com/8.x/rings/svg?seed=Minu""}}]",2026-08-24T21:51:04.816490357Z,[1787608264827],2026-08-24T21:51:04.82914567Z,,,true,2026-08-24T21:51:10.272035038Z,01M0TVD4RDDZ2GPYA2W2TBJY2J,2026-08-24T21:50:51.007946147Z,"[""C3"",""F5"",""F6"",""B2""]",2026-08-24T21:42:34.293103197Z,true,2026-08-24T21:51:10.257547323Z,01M0TTMWMG725DJ5GA5M4WD8SY,2026-08-24T21:42:34.293103197Z,9,2026-08-24T21:42:34.293103197Z,false,2026-08-24T21:50:51.172893557Z,01M0TV8YZXT0HY97VC3QNJABKN,2026-08-24T21:50:51.007946147Z,,,48,2026-08-24T21:42:34.293103197Z,12,2026-08-24T21:42:34.293103197Z,training,2026-08-24T21:42:34.293103197Z,0,2026-08-24T21:42:34.293103197Z,4,2026-08-24T21:42:34.293103197Z,/tangrams/348_441.png,2026-08-24T21:51:10.272035038Z,/tangrams/348_441.png,2026-08-24T21:51:07.100274226Z,1787608267884,2026-08-24T21:51:07.11575895Z,1,2026-08-24T21:42:34.293103197Z,2,2026-08-24T21:42:35.252659231Z,true,2026-08-24T21:50:50.953593447Z,"[""/tangrams/202_24.png"",""/tangrams/4_159.png"",""/tangrams/98_302.png"",""/tangrams/348_441.png""]",2026-08-24T21:42:34.293103197Z,/tangrams/348_441.png,2026-08-24T21:42:34.293103197Z,B2,2026-08-24T21:42:34.293103197Z,9,2026-08-24T21:42:34.293103197Z,8,2026-08-24T21:42:34.293103197Z
01M0TVK9Z7TNT3XK2YF9F7F9V9,01M0TTMTH8JPTHXWGXYEY1VFR8,2026-08-24T21:42:34.727088895Z,"[{""text"":""swan"",""sender"":{""id"":""01M0TV8YZXT0HY97VC3QNJABKN"",""name"":""Repi"",""avatar"":""https://api.dicebear.com/8.x/rings/svg?seed=Repi""}}]",2026-08-24T21:59:15.913802746Z,[1787608755928],2026-08-24T21:59:15.930071967Z,,,true,2026-08-24T21:59:21.273309153Z,01M0TV8YZXT0HY97VC3QNJABKN,2026-08-24T21:59:11.269598886Z,"[""D4"",""F1"",""F7"",""F4""]",2026-08-24T21:42:34.727088895Z,true,2026-08-24T21:59:21.248949673Z,01M0TTMWMG725DJ5GA5M4WD8SY,2026-08-24T21:42:34.727088895Z,40,2026-08-24T21:42:34.727088895Z,false,2026-08-24T21:59:11.428520719Z,01M0TVD4RDDZ2GPYA2W2TBJY2J,2026-08-24T21:59:11.269598886Z,,,48,2026-08-24T21:42:34.727088895Z,12,2026-08-24T21:42:34.727088895Z,training,2026-08-24T21:42:34.727088895Z,3,2026-08-24T21:42:34.727088895Z,4,2026-08-24T21:42:34.727088895Z,/tangrams/40_345.png,2026-08-24T21:59:21.273309153Z,/tangrams/40_345.png,2026-08-24T21:59:18.040026679Z,1787608757964,2026-08-24T21:59:18.049344154Z,1,2026-08-24T21:42:34.727088895Z,2,2026-08-24T21:42:36.217316755Z,true,2026-08-24T21:59:11.207577306Z,"[""/tangrams/20_464.png"",""/tangrams/452_257.png"",""/tangrams/157_426.png"",""/tangrams/40_345.png""]",2026-08-24T21:42:34.727088895Z,/tangrams/40_345.png,2026-08-24T21:42:34.727088895Z,F4,2026-08-24T21:42:34.727088895Z,4,2026-08-24T21:42:34.727088895Z,39,2026-08-24T21:42:34.727088895Z
01M0TTK10QQ6H2NYEEFZ8V0EVP,01M0TSZEX52H0PZDJFB4JNEAFW,2026-08-24T21:24:56.983258705Z,"[{""text"":""yo"",""sender"":{""id"":""01M0TT7FNH08P86PFHWCV3NRS8"",""name"":""Repi"",""avatar"":""https://api.dicebear.com/8.x/rings/svg?seed=Repi""}},{""text"":""triangle and pyramid thing at the bottom with cutout triangle ontop"",""sender"":{""id"":""01M0TT7ZVRQQW92P55GPN9KMMS"",""name"":""Minu"",""avatar"":""https://api.dicebear.com/8.x/rings/svg?seed=Minu""}}]",2026-08-24T21:47:10.423852519Z,"[1787608007999,1787608030435]",2026-08-24T21:47:10.43718918Z,,,true,2026-08-24T21:47:33.22303741Z,01M0TT7ZVRQQW92P55GPN9KMMS,2026-08-24T21:46:40.832480287Z,"[""A4"",""D1"",""D3"",""C1""]",2026-08-24T21:24:56.983258705Z,true,2026-08-24T21:47:33.20249315Z,01M0TSZEY54T11A9AMGVA6T4ZB,2026-08-24T21:24:56.983258705Z,7,2026-08-24T21:24:56.983258705Z,false,2026-08-24T21:46:41.049137133Z,01M0TT7FNH08P86PFHWCV3NRS8,2026-08-24T21:46:40.832480287Z,,,48,2026-08-24T21:24:56.983258705Z,12,2026-08-24T21:24:56.983258705Z,training,2026-08-24T21:24:56.983258705Z,0,2026-08-24T21:24:56.983258705Z,4,2026-08-24T21:24:56.983258705Z,/tangrams/279_244.png,2026-08-24T21:47:33.22303741Z,/tangrams/279_244.png,2026-08-24T21:47:30.03441815Z,1787608050157,2026-08-24T21:47:30.023414226Z,0,2026-08-24T21:24:56.983258705Z,2,2026-08-24T21:24:57.391193059Z,true,2026-08-24T21:46:40.774494658Z,"[""/tangrams/138_66.png"",""/tangrams/279_244.png"",""/tangrams/279_405.png"",""/tangrams/422_244.png""]",2026-08-24T21:24:56.983258705Z,/tangrams/279_244.png,2026-08-24T21:24:56.983258705Z,D1,2026-08-24T21:24:56.983258705Z,7,2026-08-24T21:24:56.983258705Z,6,2026-08-24T21:24:56.983258705Z
01M0TTK1719AC9SEZEMCP580NP,01M0TSZEX52H0PZDJFB4JNEAFW,2026-08-24T21:24:57.185305653Z,"[{""text"":""house bottom pyamid top"",""sender"":{""id"":""01M0TT7ZVRQQW92P55GPN9KMMS"",""name"":""Minu"",""avatar"":""https://api.dicebear.com/8.x/rings/svg?seed=Minu""}}]",2026-08-24T22:11:35.007047832Z,[1787609495022],2026-08-24T22:11:35.024369791Z,,,false,2026-08-24T22:11:57.097942179Z,01M0TT7ZVRQQW92P55GPN9KMMS,2026-08-24T22:11:21.937232762Z,"[""A3"",""C1"",""A2"",""D3""]",2026-08-24T21:24:57.185305653Z,true,2026-08-24T22:11:57.074356935Z,01M0TSZEY54T11A9AMGVA6T4ZB,2026-08-24T21:24:57.185305653Z,43,2026-08-24T21:24:57.185305653Z,false,2026-08-24T22:11:22.183306487Z,01M0TT7FNH08P86PFHWCV3NRS8,2026-08-24T22:11:21.937232762Z,,,48,2026-08-24T21:24:57.185305653Z,12,2026-08-24T21:24:57.185305653Z,training,2026-08-24T21:24:57.185305653Z,3,2026-08-24T21:24:57.185305653Z,4,2026-08-24T21:24:57.185305653Z,/tangrams/138_339.png,2026-08-24T22:11:57.097942179Z,/tangrams/138_339.png,2026-08-24T22:11:53.848539073Z,1787609513982,2026-08-24T22:11:53.857154929Z,0,2026-08-24T21:24:57.185305653Z,2,2026-08-24T21:24:58.040318758Z,true,2026-08-24T22:11:21.750827338Z,"[""/tangrams/138_405.png"",""/tangrams/422_244.png"",""/tangrams/138_339.png"",""/tangrams/279_405.png""]",2026-08-24T21:24:57.185305653Z,/tangrams/138_405.png,2026-08-24T21:24:57.185305653Z,A3,2026-08-24T21:24:57.185305653Z,7,2026-08-24T21:24:57.185305653Z,42,2026-08-24T21:24:57.185305653Z
01M0TTEY4A2YK32WC0RY8QM5QC,01M0TSZEX52H0PZDJFB4JNEAFW,2026-08-24T21:22:42.954360381Z,"[{""text"":""Diamond on the bottom triangle on top"",""sender"":{""id"":""01M0TT49QHQY8JQV8C5T94HHYZ"",""name"":""Repi"",""avatar"":""https://api.dicebear.com/8.x/rings/svg?seed=Repi""}}]",2026-08-24T21:35:33.669651523Z,[1787607333677],2026-08-24T21:35:33.680743829Z,,,true,2026-08-24T21:35:42.465474413Z,01M0TT49QHQY8JQV8C5T94HHYZ,2026-08-24T21:35:01.655541365Z,"[""F8"",""F3"",""F7"",""A1""]",2026-08-24T21:22:42.954360381Z,true,2026-08-24T21:35:42.451064577Z,01M0TSZEY44B7XSP574QH2WQPJ,2026-08-24T21:22:42.954360381Z,10,2026-08-24T21:22:42.954360381Z,false,2026-08-24T21:35:01.808714219Z,01M0TT9XXJBBQAZ4WANFPESF7T,2026-08-24T21:35:01.655541365Z,,,48,2026-08-24T21:22:42.954360381Z,12,2026-08-24T21:22:42.954360381Z,training,2026-08-24T21:22:42.954360381Z,0,2026-08-24T21:22:42.954360381Z,4,2026-08-24T21:22:42.954360381Z,/tangrams/411_352.png,2026-08-24T21:35:42.465474413Z,/tangrams/411_352.png,2026-08-24T21:35:39.307297014Z,1787607339012,2026-08-24T21:35:39.29877695Z,0,2026-08-24T21:22:42.954360381Z,2,2026-08-24T21:22:43.32554843Z,true,2026-08-24T21:35:01.607156034Z,"[""/tangrams/37_144.png"",""/tangrams/170_154.png"",""/tangrams/411_352.png"",""/tangrams/138_244.png""]",2026-08-24T21:22:42.954360381Z,/tangrams/411_352.png,2026-08-24T21:22:42.954360381Z,F7,2026-08-24T21:22:42.954360381Z,10,2026-08-24T21:22:42.954360381Z,9,2026-08-24T21:22:42.954360381Z
01M0TV7JZDEZ70Z0YYWQWBZX09,01M0TTMTH8JPTHXWGXYEY1VFR8,2026-08-24T21:36:10.733796673Z,"[{""text"":""little triangle bottom lefy"",""sender"":{""id"":""01M0TTRGJ55RK21NQM11GGHNRN"",""name"":""Repi"",""avatar"":""https://api.dicebear.com/8.x/rings/svg?seed=Repi""}}]",2026-08-24T21:59:03.23005719Z,[1787608743244],2026-08-24T21:59:03.246300981Z,,,true,2026-08-24T21:59:09.882432634Z,01M0TTRGJ55RK21NQM11GGHNRN,2026-08-24T21:58:55.243120467Z,"[""A3"",""B4"",""D1"",""C2""]",2026-08-24T21:36:10.733796673Z,true,2026-08-24T21:59:09.861439873Z,01M0TTMWM9GSP2NP0T4CET96EB,2026-08-24T21:36:10.733796673Z,30,2026-08-24T21:36:10.733796673Z,false,2026-08-24T21:58:55.521070982Z,01M0TV363Y2QH3CGTPHSZR512P,2026-08-24T21:58:55.243120467Z,,,48,2026-08-24T21:36:10.733796673Z,12,2026-08-24T21:36:10.733796673Z,training,2026-08-24T21:36:10.733796673Z,2,2026-08-24T21:36:10.733796673Z,4,2026-08-24T21:36:10.733796673Z,/tangrams/202_441.png,2026-08-24T21:59:09.882432634Z,/tangrams/202_441.png,2026-08-24T21:59:06.676745742Z,1787608744870,2026-08-24T21:59:06.667897656Z,1,2026-08-24T21:36:10.733796673Z,2,2026-08-24T21:36:11.798276494Z,true,2026-08-24T21:58:55.176208402Z,"[""/tangrams/66_24.png"",""/tangrams/348_464.png"",""/tangrams/20_314.png"",""/tangrams/202_441.png""]",2026-08-24T21:36:10.733796673Z,/tangrams/202_441.png,2026-08-24T21:36:10.733796673Z,C2,2026-08-24T21:36:10.733796673Z,6,2026-08-24T21:36:10.733796673Z,29,2026-08-24T21:36:10.733796673Z
01M0TTTPF12VBZQJFBWM56A7KJ,01M0TSZV7X3D77NKMM5CDCW4Z6,2026-08-24T21:29:08.321080365Z,"[{""text"":""spined doglike figure with its head looking down"",""sender"":{""id"":""01M0TT467Q69C5HQ20GW6FRRF2"",""name"":""Repi"",""avatar"":""https://api.dicebear.com/8.x/rings/svg?seed=Repi""}}]",2026-08-24T21:42:17.494071917Z,[1787607737503],2026-08-24T21:42:17.505356197Z,,,true,2026-08-24T21:42:32.582349508Z,01M0TT467Q69C5HQ20GW6FRRF2,2026-08-24T21:41:31.449346364Z,"[""B3"",""D2"",""B4"",""C4""]",2026-08-24T21:29:08.321080365Z,true,2026-08-24T21:42:32.57154952Z,01M0TSZV8KEDQHAT4X33M1GG1C,2026-08-24T21:29:08.321080365Z,2,2026-08-24T21:29:08.321080365Z,false,2026-08-24T21:41:31.676340104Z,01M0TTBQPRE9XMJHBPDKM8GTC4,2026-08-24T21:41:31.449346364Z,,,48,2026-08-24T21:29:08.321080365Z,12,2026-08-24T21:29:08.321080365Z,training,2026-08-24T21:29:08.321080365Z,0,2026-08-24T21:29:08.321080365Z,4,2026-08-24T21:29:08.321080365Z,/tangrams/348_464.png,2026-08-24T21:42:32.582349508Z,/tangrams/348_464.png,2026-08-24T21:42:29.451108672Z,1787607747693,2026-08-24T21:42:29.438690868Z,1,2026-08-24T21:29:08.321080365Z,2,2026-08-24T21:29:08.815499929Z,true,2026-08-24T21:41:31.362466407Z,"[""/tangrams/348_24.png"",""/tangrams/20_441.png"",""/tangrams/348_464.png"",""/tangrams/202_464.png""]",2026-08-24T21:29:08.321080365Z,/tangrams/348_464.png,2026-08-24T21:29:08.321080365Z,B4,2026-08-24T21:29:08.321080365Z,2,2026-08-24T21:29:08.321080365Z,1,2026-08-24T21:29:08.321080365Z
01M0TTYPYGZDYWHA5J93E4YJ54,01M0TTMTH8JPTHXWGXYEY1VFR8,2026-08-24T21:31:19.888958604Z,"[{""text"":""Can i have description"",""sender"":{""id"":""01M0TTENRE0ZSC234N2S1BW8ZS"",""name"":""Repi"",""avatar"":""https://api.dicebear.com/8.x/rings/svg?seed=Repi""}},{""text"":""ok"",""sender"":{""id"":""01M0TTJT0T1FXWVGTP027BYENQ"",""name"":""Minu"",""avatar"":""https://api.dicebear.com/8.x/rings/svg?seed=Minu""}}]",2026-08-24T21:46:02.982698067Z,"[1787607954029,1787607962993]",2026-08-24T21:46:02.995505634Z,,,false,2026-08-24T21:46:17.655920649Z,01M0TTJT0T1FXWVGTP027BYENQ,2026-08-24T21:45:14.38963886Z,"[""B4"",""A4"",""C1"",""B3""]",2026-08-24T21:31:19.888958604Z,true,2026-08-24T21:46:17.635382219Z,01M0TTMWMDPGAHQRDA7BZJ8FEZ,2026-08-24T21:31:19.888958604Z,1,2026-08-24T21:31:19.888958604Z,false,2026-08-24T21:45:14.542988461Z,01M0TTENRE0ZSC234N2S1BW8ZS,2026-08-24T21:45:14.38963886Z,,,48,2026-08-24T21:31:19.888958604Z,12,2026-08-24T21:31:19.888958604Z,training,2026-08-24T21:31:19.888958604Z,0,2026-08-24T21:31:19.888958604Z,4,2026-08-24T21:31:19.888958604Z,,2026-08-24T21:46:17.655920649Z,,2026-08-24T21:31:19.888958604Z,,,1,2026-08-24T21:31:19.888958604Z,2,2026-08-24T21:31:20.655574696Z,true,2026-08-24T21:45:14.3469478Z,"[""/tangrams/348_464.png"",""/tangrams/66_464.png"",""/tangrams/202_314.png"",""/tangrams/348_24.png""]",2026-08-24T21:31:19.888958604Z,/tangrams/348_464.png,2026-08-24T21:31:19.888958604Z,B4,2026-08-24T21:31:19.888958604Z,1,2026-08-24T21:31:19.888958604Z,0,2026-08-24T21:31:19.888958604Z
01M0TV7JVFNGHYY9RV7G35757F,01M0TTMTH8JPTHXWGXYEY1VFR8,2026-08-24T21:36:10.607137366Z,"[{""text"":""small black arrow pointing right in left bottom corner"",""sender"":{""id"":""01M0TV363Y2QH3CGTPHSZR512P"",""name"":""Minu"",""avatar"":""https://api.dicebear.com/8.x/rings/svg?seed=Minu""}}]",2026-08-24T22:02:58.755596087Z,[1787608978769],2026-08-24T22:02:58.771241084Z,,,true,2026-08-24T22:03:06.891586294Z,01M0TV363Y2QH3CGTPHSZR512P,2026-08-24T22:02:42.152458851Z,"[""C2"",""B4"",""D1"",""A3""]",2026-08-24T21:36:10.607137366Z,true,2026-08-24T22:03:06.869127422Z,01M0TTMWM9GSP2NP0T4CET96EB,2026-08-24T21:36:10.607137366Z,43,2026-08-24T21:36:10.607137366Z,false,2026-08-24T22:02:42.433211766Z,01M0TTRGJ55RK21NQM11GGHNRN,2026-08-24T22:02:42.152458851Z,,,48,2026-08-24T21:36:10.607137366Z,12,2026-08-24T21:36:10.607137366Z,training,2026-08-24T21:36:10.607137366Z,3,2026-08-24T21:36:10.607137366Z,4,2026-08-24T21:36:10.607137366Z,/tangrams/202_441.png,2026-08-24T22:03:06.891586294Z,/tangrams/202_441.png,2026-08-24T22:03:03.682455208Z,1787608984167,2026-08-24T22:03:03.690441715Z,1,2026-08-24T21:36:10.607137366Z,2,2026-08-24T21:36:12.197875279Z,true,2026-08-24T22:02:42.079285342Z,"[""/tangrams/202_441.png"",""/tangrams/348_464.png"",""/tangrams/20_314.png"",""/tangrams/66_24.png""]",2026-08-24T21:36:10.607137366Z,/tangrams/202_441.png,2026-08-24T21:36:10.607137366Z,C2,2026-08-24T21:36:10.607137366Z,7,2026-08-24T21:36:10.607137366Z,42,2026-08-24T21:36:10.607137366Z
01M0TVK9NNQZZE8RDB14FJCEFQ,01M0TTMTH8JPTHXWGXYEY1VFR8,2026-08-24T21:42:34.421934234Z,"[{""text"":""fat fishbone"",""sender"":{""id"":""01M0TV8YZXT0HY97VC3QNJABKN"",""name"":""Repi"",""avatar"":""https://api.dicebear.com/8.x/rings/svg?seed=Repi""}}]",2026-08-24T21:55:00.091968191Z,[1787608500105],2026-08-24T21:55:00.107254366Z,,,true,2026-08-24T21:55:06.772160055Z,01M0TV8YZXT0HY97VC3QNJABKN,2026-08-24T21:54:51.450911138Z,"[""F2"",""D4"",""C3"",""F3""]",2026-08-24T21:42:34.421934234Z,true,2026-08-24T21:55:06.751974663Z,01M0TTMWMG725DJ5GA5M4WD8SY,2026-08-24T21:42:34.421934234Z,22,2026-08-24T21:42:34.421934234Z,false,2026-08-24T21:54:51.615321203Z,01M0TVD4RDDZ2GPYA2W2TBJY2J,2026-08-24T21:54:51.450911138Z,,,48,2026-08-24T21:42:34.421934234Z,12,2026-08-24T21:42:34.421934234Z,training,2026-08-24T21:42:34.421934234Z,1,2026-08-24T21:42:34.421934234Z,4,2026-08-24T21:42:34.421934234Z,/tangrams/20_464.png,2026-08-24T21:55:06.772160055Z,/tangrams/20_464.png,2026-08-24T21:55:03.293812642Z,1787608503212,2026-08-24T21:55:03.330049428Z,1,2026-08-24T21:42:34.421934234Z,2,2026-08-24T21:42:35.652752014Z,true,2026-08-24T21:54:51.387246737Z,"[""/tangrams/429_403.png"",""/tangrams/20_464.png"",""/tangrams/202_24.png"",""/tangrams/264_176.png""]",2026-08-24T21:42:34.421934234Z,/tangrams/20_464.png,2026-08-24T21:42:34.421934234Z,D4,2026-08-24T21:42:34.421934234Z,10,2026-08-24T21:42:34.421934234Z,21,2026-08-24T21:42:34.421934234Z
01M0TT9KKECZTRQ60X0Z04ZJF7,01M0TSZGJXR0N6DNTNARWRMFQ4,2026-08-24T21:19:48.334167558Z,,,,,,,,,,,"[""A3"",""B1"",""D2"",""C4""]",2026-08-24T21:19:48.334167558Z,false,2026-08-24T21:19:48.334167558Z,01M0TSZGKE32G3R2H2EPQFBQNN,2026-08-24T21:19:48.334167558Z,23,2026-08-24T21:19:48.334167558Z,,,,,,,48,2026-08-24T21:19:48.334167558Z,12,2026-08-24T21:19:48.334167558Z,training,2026-08-24T21:19:48.334167558Z,1,2026-08-24T21:19:48.334167558Z,4,2026-08-24T21:19:48.334167558Z,,,,2026-08-24T21:19:48.334167558Z,,,0,2026-08-24T21:19:48.334167558Z,2,2026-08-24T21:19:48.935203047Z,false,2026-08-24T21:19:48.334167558Z,"[""/tangrams/138_405.png"",""/tangrams/366_244.png"",""/tangrams/279_339.png"",""/tangrams/422_66.png""]",2026-08-24T21:19:48.334167558Z,/tangrams/422_66.png,2026-08-24T21:19:48.334167558Z,C4,2026-08-24T21:19:48.334167558Z,11,2026-08-24T21:19:48.334167558Z,22,2026-08-24T21:19:48.334167558Z
01M0TTEY4MMS5E1JT7FRV7HKEP,01M0TSZEX52H0PZDJFB4JNEAFW,2026-08-24T21:22:42.964969644Z,"[{""text"":""Lokos like a side profile of a bird wearing a hat"",""sender"":{""id"":""01M0TT49QHQY8JQV8C5T94HHYZ"",""name"":""Repi"",""avatar"":""https://api.dicebear.com/8.x/rings/svg?seed=Repi""}}]",2026-08-24T21:33:53.210928456Z,[1787607233218],2026-08-24T21:33:53.221226775Z,,,false,2026-08-24T21:34:07.857530172Z,01M0TT49QHQY8JQV8C5T94HHYZ,2026-08-24T21:33:25.628390658Z,"[""F2"",""F8"",""F1"",""A1""]",2026-08-24T21:22:42.964969644Z,true,2026-08-24T21:34:07.84154027Z,01M0TSZEY44B7XSP574QH2WQPJ,2026-08-24T21:22:42.964969644Z,8,2026-08-24T21:22:42.964969644Z,false,2026-08-24T21:33:25.803829203Z,01M0TT9XXJBBQAZ4WANFPESF7T,2026-08-24T21:33:25.628390658Z,,,48,2026-08-24T21:22:42.964969644Z,12,2026-08-24T21:22:42.964969644Z,training,2026-08-24T21:22:42.964969644Z,0,2026-08-24T21:22:42.964969644Z,4,2026-08-24T21:22:42.964969644Z,/tangrams/37_144.png,2026-08-24T21:34:07.857530172Z,/tangrams/37_144.png,2026-08-24T21:34:04.704166299Z,1787607244404,2026-08-24T21:34:04.698777756Z,0,2026-08-24T21:22:42.964969644Z,2,2026-08-24T21:22:43.290917941Z,true,2026-08-24T21:33:25.582225718Z,"[""/tangrams/290_64.png"",""/tangrams/37_144.png"",""/tangrams/119_182.png"",""/tangrams/138_244.png""]",2026-08-24T21:22:42.964969644Z,/tangrams/138_244.png,2026-08-24T21:22:42.964969644Z,A1,2026-08-24T21:22:42.964969644Z,8,2026-08-24T21:22:42.964969644Z,7,2026-08-24T21:22:42.964969644Z
01M0TVKA11KK99AQSZNG4JVFW2,01M0TTMTH8JPTHXWGXYEY1VFR8,2026-08-24T21:42:34.785279935Z,"[{""text"":""butterfly"",""sender"":{""id"":""01M0TV8YZXT0HY97VC3QNJABKN"",""name"":""Repi"",""avatar"":""https://api.dicebear.com/8.x/rings/svg?seed=Repi""}}]",2026-08-24T22:00:10.112303768Z,[1787608810126],2026-08-24T22:00:10.128527079Z,,,true,2026-08-24T22:00:14.573018155Z,01M0TV8YZXT0HY97VC3QNJABKN,2026-08-24T22:00:04.844604324Z,"[""C3"",""F7"",""D4"",""F8""]",2026-08-24T21:42:34.785279935Z,true,2026-08-24T22:00:14.549659352Z,01M0TTMWMG725DJ5GA5M4WD8SY,2026-08-24T21:42:34.785279935Z,44,2026-08-24T21:42:34.785279935Z,false,2026-08-24T22:00:05.013964218Z,01M0TVD4RDDZ2GPYA2W2TBJY2J,2026-08-24T22:00:04.844604324Z,,,48,2026-08-24T21:42:34.785279935Z,12,2026-08-24T21:42:34.785279935Z,training,2026-08-24T21:42:34.785279935Z,3,2026-08-24T21:42:34.785279935Z,4,2026-08-24T21:42:34.785279935Z,/tangrams/157_426.png,2026-08-24T22:00:14.573018155Z,/tangrams/157_426.png,2026-08-24T22:00:11.358155488Z,1787608811281,2026-08-24T22:00:11.384535116Z,1,2026-08-24T21:42:34.785279935Z,2,2026-08-24T21:42:36.340604757Z,true,2026-08-24T22:00:04.778017682Z,"[""/tangrams/202_24.png"",""/tangrams/157_426.png"",""/tangrams/20_464.png"",""/tangrams/374_400.png""]",2026-08-24T21:42:34.785279935Z,/tangrams/157_426.png,2026-08-24T21:42:34.785279935Z,F7,2026-08-24T21:42:34.785279935Z,8,2026-08-24T21:42:34.785279935Z,43,2026-08-24T21:42:34.785279935Z
01M0TTA58DZTS9K231QJJR5H66,01M0TSZV7X3D77NKMM5CDCW4Z6,2026-08-24T21:20:06.413480023Z,"[{""text"":""small diamond at top.  flat wide bottom"",""sender"":{""id"":""01M0TT3ZTTV22XQGZD0K61T6A4"",""name"":""Repi"",""avatar"":""https://api.dicebear.com/8.x/rings/svg?seed=Repi""}}]",2026-08-24T21:45:44.416886678Z,[1787607944428],2026-08-24T21:45:44.430378415Z,,,true,2026-08-24T21:45:52.589767327Z,01M0TT3ZTTV22XQGZD0K61T6A4,2026-08-24T21:45:30.327258223Z,"[""D4"",""F6"",""F1"",""F2""]",2026-08-24T21:20:06.413480023Z,true,2026-08-24T21:45:52.570740161Z,01M0TSZV8KEDQHAT4X3FNKVS2B,2026-08-24T21:20:06.413480023Z,40,2026-08-24T21:20:06.413480023Z,false,2026-08-24T21:45:30.472321483Z,01M0TT4SZRTK7MV5T48R9G1GQH,2026-08-24T21:45:30.327258223Z,,,48,2026-08-24T21:20:06.413480023Z,12,2026-08-24T21:20:06.413480023Z,training,2026-08-24T21:20:06.413480023Z,3,2026-08-24T21:20:06.413480023Z,4,2026-08-24T21:20:06.413480023Z,/tangrams/134_125.png,2026-08-24T21:45:52.589767327Z,/tangrams/134_125.png,2026-08-24T21:45:49.438965303Z,1787607949323,2026-08-24T21:45:49.445296952Z,0,2026-08-24T21:20:06.413480023Z,2,2026-08-24T21:20:07.370270068Z,true,2026-08-24T21:45:30.267315523Z,"[""/tangrams/279_66.png"",""/tangrams/134_125.png"",""/tangrams/119_182.png"",""/tangrams/290_64.png""]",2026-08-24T21:20:06.413480023Z,/tangrams/134_125.png,2026-08-24T21:20:06.413480023Z,F6,2026-08-24T21:20:06.413480023Z,4,2026-08-24T21:20:06.413480023Z,39,2026-08-24T21:20:06.413480023Z
01M0TTEY5FAFEW0CN0HP8K7CAR,01M0TSZEX52H0PZDJFB4JNEAFW,2026-08-24T21:22:42.991863479Z,"[{""text"":""Looks like a rhino looking to the right side. Rectangle, square and triangle on top"",""sender"":{""id"":""01M0TT49QHQY8JQV8C5T94HHYZ"",""name"":""Repi"",""avatar"":""https://api.dicebear.com/8.x/rings/svg?seed=Repi""}}]",2026-08-24T21:42:43.761666375Z,[1787607763772],2026-08-24T21:42:43.773794898Z,,,true,2026-08-24T21:42:57.90956164Z,01M0TT49QHQY8JQV8C5T94HHYZ,2026-08-24T21:42:06.347957869Z,"[""F2"",""B2"",""F6"",""F4""]",2026-08-24T21:22:42.991863479Z,true,2026-08-24T21:42:57.892207662Z,01M0TSZEY44B7XSP574QH2WQPJ,2026-08-24T21:22:42.991863479Z,20,2026-08-24T21:22:42.991863479Z,false,2026-08-24T21:42:06.513805403Z,01M0TT9XXJBBQAZ4WANFPESF7T,2026-08-24T21:42:06.347957869Z,,,48,2026-08-24T21:22:42.991863479Z,12,2026-08-24T21:22:42.991863479Z,training,2026-08-24T21:22:42.991863479Z,1,2026-08-24T21:22:42.991863479Z,4,2026-08-24T21:22:42.991863479Z,/tangrams/434_227.png,2026-08-24T21:42:57.90956164Z,/tangrams/434_227.png,2026-08-24T21:42:54.757210036Z,1787607774404,2026-08-24T21:42:54.764216348Z,0,2026-08-24T21:22:42.991863479Z,2,2026-08-24T21:22:43.48608609Z,true,2026-08-24T21:42:06.293081202Z,"[""/tangrams/290_64.png"",""/tangrams/366_339.png"",""/tangrams/134_125.png"",""/tangrams/434_227.png""]",2026-08-24T21:22:42.991863479Z,/tangrams/434_227.png,2026-08-24T21:22:42.991863479Z,F4,2026-08-24T21:22:42.991863479Z,8,2026-08-24T21:22:42.991863479Z,19,2026-08-24T21:22:42.991863479Z
01M0TTMQSV9DGPZMHN55KM3GSA,01M0TSZV7X3D77NKMM5CDCW4Z6,2026-08-24T21:25:53.083745562Z,"[{""text"":""2 big triangles to left side kinda a v shape up the middle"",""sender"":{""id"":""01M0TT4JP6VSYSTADD58E33WM9"",""name"":""Repi"",""avatar"":""https://api.dicebear.com/8.x/rings/svg?seed=Repi""}}]",2026-08-24T21:40:12.477008418Z,[1787607612486],2026-08-24T21:40:12.488061242Z,,,false,2026-08-24T21:40:28.411859261Z,01M0TT4JP6VSYSTADD58E33WM9,2026-08-24T21:39:34.469729689Z,"[""A4"",""C2"",""D3"",""B1""]",2026-08-24T21:25:53.083745562Z,true,2026-08-24T21:40:28.384638092Z,01M0TSZV8ERABP36QP2627EVMT,2026-08-24T21:25:53.083745562Z,12,2026-08-24T21:25:53.083745562Z,false,2026-08-24T21:39:34.597055959Z,01M0TT4SREDP4QR1H8V4E3X5G9,2026-08-24T21:39:34.469729689Z,,,48,2026-08-24T21:25:53.083745562Z,12,2026-08-24T21:25:53.083745562Z,training,2026-08-24T21:25:53.083745562Z,0,2026-08-24T21:25:53.083745562Z,4,2026-08-24T21:25:53.083745562Z,/tangrams/66_464.png,2026-08-24T21:40:28.411859261Z,/tangrams/66_464.png,2026-08-24T21:40:25.215443608Z,1787607624283,2026-08-24T21:40:25.221095701Z,1,2026-08-24T21:25:53.083745562Z,2,2026-08-24T21:25:53.59380132Z,true,2026-08-24T21:39:34.424988732Z,"[""/tangrams/66_464.png"",""/tangrams/202_441.png"",""/tangrams/20_24.png"",""/tangrams/348_314.png""]",2026-08-24T21:25:53.083745562Z,/tangrams/348_314.png,2026-08-24T21:25:53.083745562Z,B1,2026-08-24T21:25:53.083745562Z,12,2026-08-24T21:25:53.083745562Z,11,2026-08-24T21:25:53.083745562Z
01M0TTYQ9A413RGBAYZXM4SDN0,01M0TTMTH8JPTHXWGXYEY1VFR8,2026-08-24T21:31:20.234887414Z,"[{""text"":""Tw arrows upside down"",""sender"":{""id"":""01M0TTENRE0ZSC234N2S1BW8ZS"",""name"":""Repi"",""avatar"":""https://api.dicebear.com/8.x/rings/svg?seed=Repi""}},{""text"":""With round body"",""sender"":{""id"":""01M0TTENRE0ZSC234N2S1BW8ZS"",""name"":""Repi"",""avatar"":""https://api.dicebear.com/8.x/rings/svg?seed=Repi""}},{""text"":""right side slightly round"",""sender"":{""id"":""01M0TTENRE0ZSC234N2S1BW8ZS"",""name"":""Repi"",""avatar"":""https://api.dicebear.com/8.x/rings/svg?seed=Repi""}}]",2026-08-24T21:55:53.102481755Z,"[1787608523538,1787608531346,1787608553116]",2026-08-24T21:55:53.118005408Z,,,false,2026-08-24T21:56:06.458121741Z,01M0TTENRE0ZSC234N2S1BW8ZS,2026-08-24T21:55:03.110191489Z,"[""B1"",""D1"",""D3"",""A4""]",2026-08-24T21:31:20.234887414Z,true,2026-08-24T21:56:06.432722322Z,01M0TTMWMDPGAHQRDA7BZJ8FEZ,2026-08-24T21:31:20.234887414Z,12,2026-08-24T21:31:20.234887414Z,false,2026-08-24T21:55:03.311098336Z,01M0TTJT0T1FXWVGTP027BYENQ,2026-08-24T21:55:03.110191489Z,,,48,2026-08-24T21:31:20.234887414Z,12,2026-08-24T21:31:20.234887414Z,training,2026-08-24T21:31:20.234887414Z,0,2026-08-24T21:31:20.234887414Z,4,2026-08-24T21:31:20.234887414Z,,2026-08-24T21:56:06.458121741Z,,2026-08-24T21:31:20.234887414Z,,,1,2026-08-24T21:31:20.234887414Z,2,2026-08-24T21:31:21.107638181Z,true,2026-08-24T21:55:03.04350143Z,"[""/tangrams/348_314.png"",""/tangrams/20_314.png"",""/tangrams/20_24.png"",""/tangrams/66_464.png""]",2026-08-24T21:31:20.234887414Z,/tangrams/20_314.png,2026-08-24T21:31:20.234887414Z,D1,2026-08-24T21:31:20.234887414Z,12,2026-08-24T21:31:20.234887414Z,11,2026-08-24T21:31:20.234887414Z
01M0TTYQC04FM93XYFK5FHADWD,01M0TTMTH8JPTHXWGXYEY1VFR8,2026-08-24T21:31:20.320226953Z,,,,,,,,,,,"[""C4"",""A4"",""A3"",""D1""]",2026-08-24T21:31:20.320226953Z,false,2026-08-24T21:31:20.320226953Z,01M0TTMWMDPGAHQRDA7BZJ8FEZ,2026-08-24T21:31:20.320226953Z,31,2026-08-24T21:31:20.320226953Z,,,,,,,48,2026-08-24T21:31:20.320226953Z,12,2026-08-24T21:31:20.320226953Z,training,2026-08-24T21:31:20.320226953Z,2,2026-08-24T21:31:20.320226953Z,4,2026-08-24T21:31:20.320226953Z,,,,2026-08-24T21:31:20.320226953Z,,,1,2026-08-24T21:31:20.320226953Z,2,2026-08-24T21:31:21.884521326Z,false,2026-08-24T21:31:20.320226953Z,"[""/tangrams/202_464.png"",""/tangrams/66_464.png"",""/tangrams/66_24.png"",""/tangrams/20_314.png""]",2026-08-24T21:31:20.320226953Z,/tangrams/66_464.png,2026-08-24T21:31:20.320226953Z,A4,2026-08-24T21:31:20.320226953Z,7,2026-08-24T21:31:20.320226953Z,30,2026-08-24T21:31:20.320226953Z
01M0TV7K0HCRYF141G2KXVZ51V,01M0TTMTH8JPTHXWGXYEY1VFR8,2026-08-24T21:36:10.769801475Z,"[{""text"":""2 traingles on left side facing left"",""sender"":{""id"":""01M0TTRGJ55RK21NQM11GGHNRN"",""name"":""Repi"",""avatar"":""https://api.dicebear.com/8.x/rings/svg?seed=Repi""}}]",2026-08-24T21:57:49.965447387Z,[1787608669979],2026-08-24T21:57:49.981021803Z,,,true,2026-08-24T21:58:06.260491109Z,01M0TTRGJ55RK21NQM11GGHNRN,2026-08-24T21:57:30.580022657Z,"[""A3"",""C4"",""D2"",""B1""]",2026-08-24T21:36:10.769801475Z,true,2026-08-24T21:58:06.23783176Z,01M0TTMWM9GSP2NP0T4CET96EB,2026-08-24T21:36:10.769801475Z,26,2026-08-24T21:36:10.769801475Z,false,2026-08-24T21:57:30.860722882Z,01M0TV363Y2QH3CGTPHSZR512P,2026-08-24T21:57:30.580022657Z,,,48,2026-08-24T21:36:10.769801475Z,12,2026-08-24T21:36:10.769801475Z,training,2026-08-24T21:36:10.769801475Z,2,2026-08-24T21:36:10.769801475Z,4,2026-08-24T21:36:10.769801475Z,/tangrams/348_314.png,2026-08-24T21:58:06.260491109Z,/tangrams/348_314.png,2026-08-24T21:58:03.070746322Z,1787608681257,2026-08-24T21:58:03.061274661Z,1,2026-08-24T21:36:10.769801475Z,2,2026-08-24T21:36:11.642901866Z,true,2026-08-24T21:57:30.516706573Z,"[""/tangrams/66_24.png"",""/tangrams/202_464.png"",""/tangrams/20_441.png"",""/tangrams/348_314.png""]",2026-08-24T21:36:10.769801475Z,/tangrams/348_314.png,2026-08-24T21:36:10.769801475Z,B1,2026-08-24T21:36:10.769801475Z,2,2026-08-24T21:36:10.769801475Z,25,2026-08-24T21:36:10.769801475Z
01M0TTKN0V89GWR7GYH66FJG8R,01M0TSZEX52H0PZDJFB4JNEAFW,2026-08-24T21:25:17.467233545Z,"[{""text"":""PIZZA HUT HAT AT TOP"",""sender"":{""id"":""01M0TT55D1DRDQ3JPT1CDTT5VN"",""name"":""Repi"",""avatar"":""https://api.dicebear.com/8.x/rings/svg?seed=Repi""}}]",2026-08-24T21:47:57.787229467Z,[1787608077799],2026-08-24T21:47:57.800725028Z,,,true,2026-08-24T21:48:03.865761688Z,01M0TT55D1DRDQ3JPT1CDTT5VN,2026-08-24T21:47:36.138507316Z,"[""B1"",""C4"",""D2"",""A3""]",2026-08-24T21:25:17.467233545Z,true,2026-08-24T21:48:03.845608995Z,01M0TSZEY173D8F3KEP071GR06,2026-08-24T21:25:17.467233545Z,32,2026-08-24T21:25:17.467233545Z,false,2026-08-24T21:47:36.267980416Z,01M0TTF3ADJ36CYQBD8356XFNQ,2026-08-24T21:47:36.138507316Z,,,48,2026-08-24T21:25:17.467233545Z,12,2026-08-24T21:25:17.467233545Z,training,2026-08-24T21:25:17.467233545Z,2,2026-08-24T21:25:17.467233545Z,4,2026-08-24T21:25:17.467233545Z,/tangrams/422_66.png,2026-08-24T21:48:03.865761688Z,/tangrams/422_66.png,2026-08-24T21:48:00.696002153Z,1787608080327,2026-08-24T21:48:00.673560002Z,0,2026-08-24T21:25:17.467233545Z,2,2026-08-24T21:25:18.209987427Z,true,2026-08-24T21:47:36.081033622Z,"[""/tangrams/366_244.png"",""/tangrams/422_66.png"",""/tangrams/279_339.png"",""/tangrams/138_405.png""]",2026-08-24T21:25:17.467233545Z,/tangrams/422_66.png,2026-08-24T21:25:17.467233545Z,C4,2026-08-24T21:25:17.467233545Z,8,2026-08-24T21:25:17.467233545Z,31,2026-08-24T21:25:17.467233545Z
01M0TTMQQP1XK9H5ATQ48KCW6T,01M0TSZV7X3D77NKMM5CDCW4Z6,2026-08-24T21:25:53.015011388Z,"[{""text"":""triangle bottom left"",""sender"":{""id"":""01M0TT4SREDP4QR1H8V4E3X5G9"",""name"":""Minu"",""avatar"":""https://api.dicebear.com/8.x/rings/svg?seed=Minu""}}]",2026-08-24T21:53:17.65545375Z,[1787608397669],2026-08-24T21:53:17.670487834Z,,,true,2026-08-24T21:53:27.542277782Z,01M0TT4SREDP4QR1H8V4E3X5G9,2026-08-24T21:53:06.850582447Z,"[""C4"",""B3"",""A2"",""D1""]",2026-08-24T21:25:53.015011388Z,true,2026-08-24T21:53:27.527179633Z,01M0TSZV8ERABP36QP2627EVMT,2026-08-24T21:25:53.015011388Z,41,2026-08-24T21:25:53.015011388Z,false,2026-08-24T21:53:07.001630226Z,01M0TT4JP6VSYSTADD58E33WM9,2026-08-24T21:53:06.850582447Z,,,48,2026-08-24T21:25:53.015011388Z,12,2026-08-24T21:25:53.015011388Z,training,2026-08-24T21:25:53.015011388Z,3,2026-08-24T21:25:53.015011388Z,4,2026-08-24T21:25:53.015011388Z,/tangrams/66_441.png,2026-08-24T21:53:27.542277782Z,/tangrams/66_441.png,2026-08-24T21:53:24.348589868Z,1787608402781,2026-08-24T21:53:24.359083968Z,1,2026-08-24T21:25:53.015011388Z,2,2026-08-24T21:25:54.211734619Z,true,2026-08-24T21:53:06.783032655Z,"[""/tangrams/202_464.png"",""/tangrams/348_24.png"",""/tangrams/66_441.png"",""/tangrams/20_314.png""]",2026-08-24T21:25:53.015011388Z,/tangrams/66_441.png,2026-08-24T21:25:53.015011388Z,A2,2026-08-24T21:25:53.015011388Z,5,2026-08-24T21:25:53.015011388Z,40,2026-08-24T21:25:53.015011388Z
01M0TTKDE9FVRXTAN8VKCWVSEG,01M0TSZGJXR0N6DNTNARWRMFQ4,2026-08-24T21:25:09.705268556Z,,,,,,,,,,,"[""C2"",""B3"",""A3"",""B4""]",2026-08-24T21:25:09.705268556Z,false,2026-08-24T21:25:09.705268556Z,01M0TSZGKM72FFW193EYG47F25,2026-08-24T21:25:09.705268556Z,28,2026-08-24T21:25:09.705268556Z,,,,,,,48,2026-08-24T21:25:09.705268556Z,12,2026-08-24T21:25:09.705268556Z,training,2026-08-24T21:25:09.705268556Z,2,2026-08-24T21:25:09.705268556Z,4,2026-08-24T21:25:09.705268556Z,,,,2026-08-24T21:25:09.705268556Z,,,0,2026-08-24T21:25:09.705268556Z,2,2026-08-24T21:25:10.340621006Z,false,2026-08-24T21:25:09.705268556Z,"[""/tangrams/422_339.png"",""/tangrams/366_405.png"",""/tangrams/138_405.png"",""/tangrams/366_66.png""]",2026-08-24T21:25:09.705268556Z,/tangrams/366_405.png,2026-08-24T21:25:09.705268556Z,B3,2026-08-24T21:25:09.705268556Z,4,2026-08-24T21:25:09.705268556Z,27,2026-08-24T21:25:09.705268556Z
01M0TTTPJ2YS8STJCVP4DMGMTK,01M0TSZV7X3D77NKMM5CDCW4Z6,2026-08-24T21:29:08.418110216Z,"[{""text"":""small triangle back with an L shape head"",""sender"":{""id"":""01M0TTBQPRE9XMJHBPDKM8GTC4"",""name"":""Minu"",""avatar"":""https://api.dicebear.com/8.x/rings/svg?seed=Minu""}}]",2026-08-24T22:13:40.509174545Z,[1787609620525],2026-08-24T22:13:40.529046651Z,,,false,2026-08-24T22:13:47.288785303Z,01M0TTBQPRE9XMJHBPDKM8GTC4,2026-08-24T22:13:22.445343512Z,"[""A2"",""B3"",""C2"",""C4""]",2026-08-24T21:29:08.418110216Z,true,2026-08-24T22:13:47.260363145Z,01M0TSZV8KEDQHAT4X33M1GG1C,2026-08-24T21:29:08.418110216Z,45,2026-08-24T21:29:08.418110216Z,false,2026-08-24T22:13:22.658449994Z,01M0TT467Q69C5HQ20GW6FRRF2,2026-08-24T22:13:22.445343512Z,,,48,2026-08-24T21:29:08.418110216Z,12,2026-08-24T21:29:08.418110216Z,training,2026-08-24T21:29:08.418110216Z,3,2026-08-24T21:29:08.418110216Z,4,2026-08-24T21:29:08.418110216Z,/tangrams/202_464.png,2026-08-24T22:13:47.288785303Z,/tangrams/202_464.png,2026-08-24T22:13:44.060891154Z,1787609621305,2026-08-24T22:13:44.036892539Z,1,2026-08-24T21:29:08.418110216Z,2,2026-08-24T21:29:10.538328486Z,true,2026-08-24T22:13:22.364290386Z,"[""/tangrams/66_441.png"",""/tangrams/348_24.png"",""/tangrams/202_441.png"",""/tangrams/202_464.png""]",2026-08-24T21:29:08.418110216Z,/tangrams/202_441.png,2026-08-24T21:29:08.418110216Z,C2,2026-08-24T21:29:08.418110216Z,9,2026-08-24T21:29:08.418110216Z,44,2026-08-24T21:29:08.418110216Z
01M0TTTPQ38RXCE2NEDW3YKNP4,01M0TSZV7X3D77NKMM5CDCW4Z6,2026-08-24T21:29:08.579107211Z,"[{""text"":""fishlike shape with a small partial stopsign head"",""sender"":{""id"":""01M0TT467Q69C5HQ20GW6FRRF2"",""name"":""Repi"",""avatar"":""https://api.dicebear.com/8.x/rings/svg?seed=Repi""}}]",2026-08-24T21:46:05.460608451Z,[1787607965471],2026-08-24T21:46:05.47351944Z,,,false,2026-08-24T21:46:28.304182855Z,01M0TT467Q69C5HQ20GW6FRRF2,2026-08-24T21:45:27.569444233Z,"[""C4"",""D2"",""A3"",""A2""]",2026-08-24T21:29:08.579107211Z,true,2026-08-24T21:46:28.289189692Z,01M0TSZV8KEDQHAT4X33M1GG1C,2026-08-24T21:29:08.579107211Z,6,2026-08-24T21:29:08.579107211Z,false,2026-08-24T21:45:27.760512269Z,01M0TTBQPRE9XMJHBPDKM8GTC4,2026-08-24T21:45:27.569444233Z,,,48,2026-08-24T21:29:08.579107211Z,12,2026-08-24T21:29:08.579107211Z,training,2026-08-24T21:29:08.579107211Z,0,2026-08-24T21:29:08.579107211Z,4,2026-08-24T21:29:08.579107211Z,/tangrams/20_441.png,2026-08-24T21:46:28.304182855Z,/tangrams/20_441.png,2026-08-24T21:46:25.071841865Z,1787607983337,2026-08-24T21:46:25.078923935Z,1,2026-08-24T21:29:08.579107211Z,2,2026-08-24T21:29:08.948908711Z,true,2026-08-24T21:45:27.523259481Z,"[""/tangrams/202_464.png"",""/tangrams/20_441.png"",""/tangrams/66_24.png"",""/tangrams/66_441.png""]",2026-08-24T21:29:08.579107211Z,/tangrams/66_441.png,2026-08-24T21:29:08.579107211Z,A2,2026-08-24T21:29:08.579107211Z,6,2026-08-24T21:29:08.579107211Z,5,2026-08-24T21:29:08.579107211Z
01M0TV7JQ4XZRZ4426YX16EKDW,01M0TTMTH8JPTHXWGXYEY1VFR8,2026-08-24T21:36:10.468493359Z,"[{""text"":""There is a triangle bottom left pointing right"",""sender"":{""id"":""01M0TV363Y2QH3CGTPHSZR512P"",""name"":""Minu"",""avatar"":""https://api.dicebear.com/8.x/rings/svg?seed=Minu""}}]",2026-08-24T21:47:42.450197041Z,[1787608062502],2026-08-24T21:47:42.504090014Z,,,true,2026-08-24T21:48:04.877644934Z,01M0TV363Y2QH3CGTPHSZR512P,2026-08-24T21:47:24.976620667Z,"[""B4"",""A3"",""D2"",""C1""]",2026-08-24T21:36:10.468493359Z,true,2026-08-24T21:48:04.864464551Z,01M0TTMWM9GSP2NP0T4CET96EB,2026-08-24T21:36:10.468493359Z,5,2026-08-24T21:36:10.468493359Z,false,2026-08-24T21:47:25.281183283Z,01M0TTRGJ55RK21NQM11GGHNRN,2026-08-24T21:47:24.976620667Z,,,48,2026-08-24T21:36:10.468493359Z,12,2026-08-24T21:36:10.468493359Z,training,2026-08-24T21:36:10.468493359Z,0,2026-08-24T21:36:10.468493359Z,4,2026-08-24T21:36:10.468493359Z,/tangrams/20_441.png,2026-08-24T21:48:04.877644934Z,/tangrams/20_441.png,2026-08-24T21:48:01.688227337Z,1787608082182,2026-08-24T21:48:01.695041795Z,1,2026-08-24T21:36:10.468493359Z,2,2026-08-24T21:36:11.044134793Z,true,2026-08-24T21:47:24.923385718Z,"[""/tangrams/348_464.png"",""/tangrams/66_24.png"",""/tangrams/20_441.png"",""/tangrams/202_314.png""]",2026-08-24T21:36:10.468493359Z,/tangrams/20_441.png,2026-08-24T21:36:10.468493359Z,D2,2026-08-24T21:36:10.468493359Z,5,2026-08-24T21:36:10.468493359Z,4,2026-08-24T21:36:10.468493359Z
01M0TVK9GQNJ65PEK13QKGFCQM,01M0TTMTH8JPTHXWGXYEY1VFR8,2026-08-24T21:42:34.263476917Z,"[{""text"":""looks like a boxing glove"",""sender"":{""id"":""01M0TV8YZXT0HY97VC3QNJABKN"",""name"":""Repi"",""avatar"":""https://api.dicebear.com/8.x/rings/svg?seed=Repi""}}]",2026-08-24T21:49:54.476247486Z,[1787608194488],2026-08-24T21:49:54.489615863Z,,,true,2026-08-24T21:50:01.877510576Z,01M0TV8YZXT0HY97VC3QNJABKN,2026-08-24T21:49:43.350289041Z,"[""F2"",""F7"",""F3"",""F6""]",2026-08-24T21:42:34.263476917Z,true,2026-08-24T21:50:01.854535376Z,01M0TTMWMG725DJ5GA5M4WD8SY,2026-08-24T21:42:34.263476917Z,6,2026-08-24T21:42:34.263476917Z,false,2026-08-24T21:49:43.49204349Z,01M0TVD4RDDZ2GPYA2W2TBJY2J,2026-08-24T21:49:43.350289041Z,,,48,2026-08-24T21:42:34.263476917Z,12,2026-08-24T21:42:34.263476917Z,training,2026-08-24T21:42:34.263476917Z,0,2026-08-24T21:42:34.263476917Z,4,2026-08-24T21:42:34.263476917Z,/tangrams/98_302.png,2026-08-24T21:50:01.877510576Z,/tangrams/98_302.png,2026-08-24T21:49:58.665128843Z,1787608198536,2026-08-24T21:49:58.657362423Z,1,2026-08-24T21:42:34.263476917Z,2,2026-08-24T21:42:35.14478178Z,true,2026-08-24T21:49:43.299839068Z,"[""/tangrams/429_403.png"",""/tangrams/157_426.png"",""/tangrams/264_176.png"",""/tangrams/98_302.png""]",2026-08-24T21:42:34.263476917Z,/tangrams/98_302.png,2026-08-24T21:42:34.263476917Z,F6,2026-08-24T21:42:34.263476917Z,6,2026-08-24T21:42:34.263476917Z,5,2026-08-24T21:42:34.263476917Z
01M0TTK1181Z9Y9Q8F4N6VGC91,01M0TSZEX52H0PZDJFB4JNEAFW,2026-08-24T21:24:57.00048433Z,"[{""text"":""housecut out ontop"",""sender"":{""id"":""01M0TT7ZVRQQW92P55GPN9KMMS"",""name"":""Minu"",""avatar"":""https://api.dicebear.com/8.x/rings/svg?seed=Minu""}},{""text"":""in a shampe of a house also"",""sender"":{""id"":""01M0TT7ZVRQQW92P55GPN9KMMS"",""name"":""Minu"",""avatar"":""https://api.dicebear.com/8.x/rings/svg?seed=Minu""}},{""text"":""squared bottom?"",""sender"":{""id"":""01M0TT7FNH08P86PFHWCV3NRS8"",""name"":""Repi"",""avatar"":""https://api.dicebear.com/8.x/rings/svg?seed=Repi""}},{""text"":""yes"",""sender"":{""id"":""01M0TT7ZVRQQW92P55GPN9KMMS"",""name"":""Minu"",""avatar"":""https://api.dicebear.com/8.x/rings/svg?seed=Minu""}}]",2026-08-24T21:52:15.046221885Z,"[1787608305414,1787608323103,1787608327054,1787608335059]",2026-08-24T21:52:15.060736947Z,,,true,2026-08-24T21:52:20.780910442Z,01M0TT7ZVRQQW92P55GPN9KMMS,2026-08-24T21:51:28.678721833Z,"[""A4"",""D1"",""B3"",""B4""]",2026-08-24T21:24:57.00048433Z,true,2026-08-24T21:52:20.760750453Z,01M0TSZEY54T11A9AMGVA6T4ZB,2026-08-24T21:24:57.00048433Z,13,2026-08-24T21:24:57.00048433Z,false,2026-08-24T21:51:28.846735537Z,01M0TT7FNH08P86PFHWCV3NRS8,2026-08-24T21:51:28.678721833Z,,,48,2026-08-24T21:24:57.00048433Z,12,2026-08-24T21:24:57.00048433Z,training,2026-08-24T21:24:57.00048433Z,1,2026-08-24T21:24:57.00048433Z,4,2026-08-24T21:24:57.00048433Z,/tangrams/366_66.png,2026-08-24T21:52:20.780910442Z,/tangrams/366_66.png,2026-08-24T21:52:17.573628262Z,1787608337689,2026-08-24T21:52:17.589132723Z,0,2026-08-24T21:24:57.00048433Z,2,2026-08-24T21:24:57.485039596Z,true,2026-08-24T21:51:28.619144226Z,"[""/tangrams/138_66.png"",""/tangrams/279_244.png"",""/tangrams/366_405.png"",""/tangrams/366_66.png""]",2026-08-24T21:24:57.00048433Z,/tangrams/366_66.png,2026-08-24T21:24:57.00048433Z,B4,2026-08-24T21:24:57.00048433Z,1,2026-08-24T21:24:57.00048433Z,12,2026-08-24T21:24:57.00048433Z
01M0TTK11VDA6FRJY1RC7AAWBX,01M0TSZEX52H0PZDJFB4JNEAFW,2026-08-24T21:24:57.019413241Z,"[{""text"":""lets do these quick plz"",""sender"":{""id"":""01M0TT7ZVRQQW92P55GPN9KMMS"",""name"":""Minu"",""avatar"":""https://api.dicebear.com/8.x/rings/svg?seed=Minu""}},{""text"":""running legs under arms upward"",""sender"":{""id"":""01M0TT7FNH08P86PFHWCV3NRS8"",""name"":""Repi"",""avatar"":""https://api.dicebear.com/8.x/rings/svg?seed=Repi""}}]",2026-08-24T21:54:29.925041647Z,"[1787608461703,1787608469939]",2026-08-24T21:54:29.941130671Z,,,true,2026-08-24T21:54:49.186638697Z,01M0TT7FNH08P86PFHWCV3NRS8,2026-08-24T21:54:03.516360599Z,"[""D3"",""C2"",""B3"",""D1""]",2026-08-24T21:24:57.019413241Z,true,2026-08-24T21:54:49.165231939Z,01M0TSZEY54T11A9AMGVA6T4ZB,2026-08-24T21:24:57.019413241Z,16,2026-08-24T21:24:57.019413241Z,false,2026-08-24T21:54:03.829499334Z,01M0TT7ZVRQQW92P55GPN9KMMS,2026-08-24T21:54:03.516360599Z,,,48,2026-08-24T21:24:57.019413241Z,12,2026-08-24T21:24:57.019413241Z,training,2026-08-24T21:24:57.019413241Z,1,2026-08-24T21:24:57.019413241Z,4,2026-08-24T21:24:57.019413241Z,/tangrams/279_405.png,2026-08-24T21:54:49.186638697Z,/tangrams/279_405.png,2026-08-24T21:54:46.002855592Z,1787608488417,2026-08-24T21:54:45.985735276Z,0,2026-08-24T21:24:57.019413241Z,2,2026-08-24T21:24:57.535420696Z,true,2026-08-24T21:54:03.450225734Z,"[""/tangrams/279_405.png"",""/tangrams/422_339.png"",""/tangrams/366_405.png"",""/tangrams/279_244.png""]",2026-08-24T21:24:57.019413241Z,/tangrams/279_405.png,2026-08-24T21:24:57.019413241Z,D3,2026-08-24T21:24:57.019413241Z,4,2026-08-24T21:24:57.019413241Z,15,2026-08-24T21:24:57.019413241Z
01M0TTKD9AXGFJ9VSFK210YRM9,01M0TSZGJXR0N6DNTNARWRMFQ4,2026-08-24T21:25:09.546317072Z,,,,,,,,,,,"[""D1"",""B3"",""C4"",""B1""]",2026-08-24T21:25:09.546317072Z,false,2026-08-24T21:25:09.546317072Z,01M0TSZGKM72FFW193EYG47F25,2026-08-24T21:25:09.546317072Z,5,2026-08-24T21:25:09.546317072Z,,,,,,,48,2026-08-24T21:25:09.546317072Z,12,2026-08-24T21:25:09.546317072Z,training,2026-08-24T21:25:09.546317072Z,0,2026-08-24T21:25:09.546317072Z,4,2026-08-24T21:25:09.546317072Z,,,,2026-08-24T21:25:09.546317072Z,,,0,2026-08-24T21:25:09.546317072Z,2,2026-08-24T21:25:09.919454576Z,false,2026-08-24T21:25:09.546317072Z,"[""/tangrams/279_244.png"",""/tangrams/366_405.png"",""/tangrams/422_66.png"",""/tangrams/366_244.png""]",2026-08-24T21:25:09.546317072Z,/tangrams/366_244.png,2026-08-24T21:25:09.546317072Z,B1,2026-08-24T21:25:09.546317072Z,5,2026-08-24T21:25:09.546317072Z,4,2026-08-24T21:25:09.546317072Z
01M0TTKDDH98432XR7R5JJ0DAT,01M0TSZGJXR0N6DNTNARWRMFQ4,2026-08-24T21:25:09.682016982Z,,,,,,,,,,,"[""A4"",""B3"",""C2"",""B4""]",2026-08-24T21:25:09.682016982Z,false,2026-08-24T21:25:09.682016982Z,01M0TSZGKM72FFW193EYG47F25,2026-08-24T21:25:09.682016982Z,22,2026-08-24T21:25:09.682016982Z,,,,,,,48,2026-08-24T21:25:09.682016982Z,12,2026-08-24T21:25:09.682016982Z,training,2026-08-24T21:25:09.682016982Z,1,2026-08-24T21:25:09.682016982Z,4,2026-08-24T21:25:09.682016982Z,,,,2026-08-24T21:25:09.682016982Z,,,0,2026-08-24T21:25:09.682016982Z,2,2026-08-24T21:25:10.234051829Z,false,2026-08-24T21:25:09.682016982Z,"[""/tangrams/138_66.png"",""/tangrams/366_405.png"",""/tangrams/422_339.png"",""/tangrams/366_66.png""]",2026-08-24T21:25:09.682016982Z,/tangrams/366_66.png,2026-08-24T21:25:09.682016982Z,B4,2026-08-24T21:25:09.682016982Z,10,2026-08-24T21:25:09.682016982Z,21,2026-08-24T21:25:09.682016982Z
01M0TV7JYWRCW347VN39XTFNXG,01M0TTMTH8JPTHXWGXYEY1VFR8,2026-08-24T21:36:10.716113245Z,"[{""text"":""Tree on its side with a house on top of it"",""sender"":{""id"":""01M0TV363Y2QH3CGTPHSZR512P"",""name"":""Minu"",""avatar"":""https://api.dicebear.com/8.x/rings/svg?seed=Minu""}}]",2026-08-24T21:59:19.131350672Z,[1787608759146],2026-08-24T21:59:19.148064265Z,,,true,2026-08-24T21:59:26.384711642Z,01M0TV363Y2QH3CGTPHSZR512P,2026-08-24T21:59:09.97360999Z,"[""C2"",""B3"",""D1"",""A4""]",2026-08-24T21:36:10.716113245Z,true,2026-08-24T21:59:26.359884782Z,01M0TTMWM9GSP2NP0T4CET96EB,2026-08-24T21:36:10.716113245Z,31,2026-08-24T21:36:10.716113245Z,false,2026-08-24T21:59:10.245608017Z,01M0TTRGJ55RK21NQM11GGHNRN,2026-08-24T21:59:09.97360999Z,,,48,2026-08-24T21:36:10.716113245Z,12,2026-08-24T21:36:10.716113245Z,training,2026-08-24T21:36:10.716113245Z,2,2026-08-24T21:36:10.716113245Z,4,2026-08-24T21:36:10.716113245Z,/tangrams/66_464.png,2026-08-24T21:59:26.384711642Z,/tangrams/66_464.png,2026-08-24T21:59:23.171280171Z,1787608763675,2026-08-24T21:59:23.188772791Z,1,2026-08-24T21:36:10.716113245Z,2,2026-08-24T21:36:11.833471494Z,true,2026-08-24T21:59:09.907311876Z,"[""/tangrams/202_441.png"",""/tangrams/348_24.png"",""/tangrams/20_314.png"",""/tangrams/66_464.png""]",2026-08-24T21:36:10.716113245Z,/tangrams/66_464.png,2026-08-24T21:36:10.716113245Z,A4,2026-08-24T21:36:10.716113245Z,7,2026-08-24T21:36:10.716113245Z,30,2026-08-24T21:36:10.716113245Z
01M0TVK9JG0PNSF4H58Z4ZFA8F,01M0TTMTH8JPTHXWGXYEY1VFR8,2026-08-24T21:42:34.32018287Z,"[{""text"":""We're doing great!"",""sender"":{""id"":""01M0TVD4RDDZ2GPYA2W2TBJY2J"",""name"":""Minu"",""avatar"":""https://api.dicebear.com/8.x/rings/svg?seed=Minu""}},{""text"":""kinda like a deformed swan"",""sender"":{""id"":""01M0TV8YZXT0HY97VC3QNJABKN"",""name"":""Repi"",""avatar"":""https://api.dicebear.com/8.x/rings/svg?seed=Repi""}}]",2026-08-24T21:52:24.494782389Z,"[1787608333899,1787608344507]",2026-08-24T21:52:24.510437943Z,,,true,2026-08-24T21:52:30.543511807Z,01M0TV8YZXT0HY97VC3QNJABKN,2026-08-24T21:52:05.295586012Z,"[""F6"",""F1"",""F4"",""F5""]",2026-08-24T21:42:34.32018287Z,true,2026-08-24T21:52:30.523003937Z,01M0TTMWMG725DJ5GA5M4WD8SY,2026-08-24T21:42:34.32018287Z,12,2026-08-24T21:42:34.32018287Z,false,2026-08-24T21:52:05.449343491Z,01M0TVD4RDDZ2GPYA2W2TBJY2J,2026-08-24T21:52:05.295586012Z,,,48,2026-08-24T21:42:34.32018287Z,12,2026-08-24T21:42:34.32018287Z,training,2026-08-24T21:42:34.32018287Z,0,2026-08-24T21:42:34.32018287Z,4,2026-08-24T21:42:34.32018287Z,/tangrams/40_345.png,2026-08-24T21:52:30.543511807Z,/tangrams/40_345.png,2026-08-24T21:52:27.378392384Z,1787608347252,2026-08-24T21:52:27.370238588Z,1,2026-08-24T21:42:34.32018287Z,2,2026-08-24T21:42:35.343018741Z,true,2026-08-24T21:52:05.245174093Z,"[""/tangrams/98_302.png"",""/tangrams/452_257.png"",""/tangrams/40_345.png"",""/tangrams/4_159.png""]",2026-08-24T21:42:34.32018287Z,/tangrams/40_345.png,2026-08-24T21:42:34.32018287Z,F4,2026-08-24T21:42:34.32018287Z,12,2026-08-24T21:42:34.32018287Z,11,2026-08-24T21:42:34.32018287Z
01M0TVK9MJZJ4DQ9ZXN0020MVD,01M0TTMTH8JPTHXWGXYEY1VFR8,2026-08-24T21:42:34.386260401Z,"[{""text"":""triangles pointing to the left"",""sender"":{""id"":""01M0TVD4RDDZ2GPYA2W2TBJY2J"",""name"":""Minu"",""avatar"":""https://api.dicebear.com/8.x/rings/svg?seed=Minu""}}]",2026-08-24T21:54:11.541271801Z,[1787608451554],2026-08-24T21:54:11.555713077Z,,,true,2026-08-24T21:54:17.1424822Z,01M0TVD4RDDZ2GPYA2W2TBJY2J,2026-08-24T21:54:00.032541202Z,"[""F6"",""D4"",""F8"",""A1""]",2026-08-24T21:42:34.386260401Z,true,2026-08-24T21:54:17.124562516Z,01M0TTMWMG725DJ5GA5M4WD8SY,2026-08-24T21:42:34.386260401Z,19,2026-08-24T21:42:34.386260401Z,false,2026-08-24T21:54:00.192383274Z,01M0TV8YZXT0HY97VC3QNJABKN,2026-08-24T21:54:00.032541202Z,,,48,2026-08-24T21:42:34.386260401Z,12,2026-08-24T21:42:34.386260401Z,training,2026-08-24T21:42:34.386260401Z,1,2026-08-24T21:42:34.386260401Z,4,2026-08-24T21:42:34.386260401Z,/tangrams/66_314.png,2026-08-24T21:54:17.1424822Z,/tangrams/66_314.png,2026-08-24T21:54:13.934491005Z,1787608454712,2026-08-24T21:54:13.945356701Z,1,2026-08-24T21:42:34.386260401Z,2,2026-08-24T21:42:35.552430534Z,true,2026-08-24T21:53:59.967233235Z,"[""/tangrams/98_302.png"",""/tangrams/20_464.png"",""/tangrams/374_400.png"",""/tangrams/66_314.png""]",2026-08-24T21:42:34.386260401Z,/tangrams/66_314.png,2026-08-24T21:42:34.386260401Z,A1,2026-08-24T21:42:34.386260401Z,7,2026-08-24T21:42:34.386260401Z,18,2026-08-24T21:42:34.386260401Z
01M0TVKA0VQCS9JPC904MSK715,01M0TTMTH8JPTHXWGXYEY1VFR8,2026-08-24T21:42:34.779157373Z,"[{""text"":""4 spikes up top"",""sender"":{""id"":""01M0TVD4RDDZ2GPYA2W2TBJY2J"",""name"":""Minu"",""avatar"":""https://api.dicebear.com/8.x/rings/svg?seed=Minu""}}]",2026-08-24T21:59:59.332151214Z,[1787608799346],2026-08-24T21:59:59.349182973Z,,,true,2026-08-24T22:00:04.760534662Z,01M0TVD4RDDZ2GPYA2W2TBJY2J,2026-08-24T21:59:49.921613833Z,"[""F2"",""C3"",""B2"",""F8""]",2026-08-24T21:42:34.779157373Z,true,2026-08-24T22:00:04.744613876Z,01M0TTMWMG725DJ5GA5M4WD8SY,2026-08-24T21:42:34.779157373Z,43,2026-08-24T21:42:34.779157373Z,false,2026-08-24T21:59:50.085413393Z,01M0TV8YZXT0HY97VC3QNJABKN,2026-08-24T21:59:49.921613833Z,,,48,2026-08-24T21:42:34.779157373Z,12,2026-08-24T21:42:34.779157373Z,training,2026-08-24T21:42:34.779157373Z,3,2026-08-24T21:42:34.779157373Z,4,2026-08-24T21:42:34.779157373Z,/tangrams/348_441.png,2026-08-24T22:00:04.760534662Z,/tangrams/348_441.png,2026-08-24T22:00:01.444465223Z,1787608802196,2026-08-24T22:00:01.403600041Z,1,2026-08-24T21:42:34.779157373Z,2,2026-08-24T21:42:36.309840865Z,true,2026-08-24T21:59:49.859954362Z,"[""/tangrams/429_403.png"",""/tangrams/202_24.png"",""/tangrams/348_441.png"",""/tangrams/374_400.png""]",2026-08-24T21:42:34.779157373Z,/tangrams/348_441.png,2026-08-24T21:42:34.779157373Z,B2,2026-08-24T21:42:34.779157373Z,7,2026-08-24T21:42:34.779157373Z,42,2026-08-24T21:42:34.779157373Z
01M0TT9KGJ6K2AWWR3RJB23GS6,01M0TSZGJXR0N6DNTNARWRMFQ4,2026-08-24T21:19:48.242631459Z,,,,,,,,,,,"[""B4"",""A3"",""D1"",""C2""]",2026-08-24T21:19:48.242631459Z,false,2026-08-24T21:19:48.242631459Z,01M0TSZGKE32G3R2H2EPQFBQNN,2026-08-24T21:19:48.242631459Z,39,2026-08-24T21:19:48.242631459Z,,,,,,,48,2026-08-24T21:19:48.242631459Z,12,2026-08-24T21:19:48.242631459Z,training,2026-08-24T21:19:48.242631459Z,3,2026-08-24T21:19:48.242631459Z,4,2026-08-24T21:19:48.242631459Z,,,,2026-08-24T21:19:48.242631459Z,,,0,2026-08-24T21:19:48.242631459Z,2,2026-08-24T21:19:49.240844113Z,false,2026-08-24T21:19:48.242631459Z,"[""/tangrams/366_66.png"",""/tangrams/138_405.png"",""/tangrams/279_244.png"",""/tangrams/422_339.png""]",2026-08-24T21:19:48.242631459Z,/tangrams/366_66.png,2026-08-24T21:19:48.242631459Z,B4,2026-08-24T21:19:48.242631459Z,3,2026-08-24T21:19:48.242631459Z,38,2026-08-24T21:19:48.242631459Z
01M0TTEY62ZXQJEEP7G4RFQYVE,01M0TSZEX52H0PZDJFB4JNEAFW,2026-08-24T21:22:43.010340665Z,"[{""text"":""Diamond on top of house that looks like it is popping out of a cardboard box"",""sender"":{""id"":""01M0TT49QHQY8JQV8C5T94HHYZ"",""name"":""Repi"",""avatar"":""https://api.dicebear.com/8.x/rings/svg?seed=Repi""}}]",2026-08-24T21:54:54.113405891Z,[1787608494132],2026-08-24T21:54:54.134021371Z,,,true,2026-08-24T21:55:03.345327492Z,01M0TT49QHQY8JQV8C5T94HHYZ,2026-08-24T21:54:23.841001101Z,"[""F5"",""F2"",""F1"",""F4""]",2026-08-24T21:22:43.010340665Z,true,2026-08-24T21:55:03.284630234Z,01M0TSZEY44B7XSP574QH2WQPJ,2026-08-24T21:22:43.010340665Z,42,2026-08-24T21:22:43.010340665Z,false,2026-08-24T21:54:24.029632371Z,01M0TT9XXJBBQAZ4WANFPESF7T,2026-08-24T21:54:23.841001101Z,,,48,2026-08-24T21:22:43.010340665Z,12,2026-08-24T21:22:43.010340665Z,training,2026-08-24T21:22:43.010340665Z,3,2026-08-24T21:22:43.010340665Z,4,2026-08-24T21:22:43.010340665Z,/tangrams/456_48.png,2026-08-24T21:55:03.345327492Z,/tangrams/456_48.png,2026-08-24T21:55:00.067757929Z,1787608499732,2026-08-24T21:55:00.058063373Z,0,2026-08-24T21:22:43.010340665Z,2,2026-08-24T21:22:43.853123024Z,true,2026-08-24T21:54:23.768129444Z,"[""/tangrams/456_48.png"",""/tangrams/290_64.png"",""/tangrams/119_182.png"",""/tangrams/434_227.png""]",2026-08-24T21:22:43.010340665Z,/tangrams/456_48.png,2026-08-24T21:22:43.010340665Z,F5,2026-08-24T21:22:43.010340665Z,6,2026-08-24T21:22:43.010340665Z,41,2026-08-24T21:22:43.010340665Z
01M0TTEY4F0PVGF4J8KA9FTKY3,01M0TSZEX52H0PZDJFB4JNEAFW,2026-08-24T21:22:42.959097813Z,"[{""text"":""Diamond on top of black and white British flag"",""sender"":{""id"":""01M0TT9XXJBBQAZ4WANFPESF7T"",""name"":""Minu"",""avatar"":""https://api.dicebear.com/8.x/rings/svg?seed=Minu""}}]",2026-08-24T21:48:53.51198148Z,[1787608133524],2026-08-24T21:48:53.525799247Z,,,true,2026-08-24T21:49:02.124025131Z,01M0TT9XXJBBQAZ4WANFPESF7T,2026-08-24T21:48:28.280979438Z,"[""B2"",""C3"",""F6"",""F2""]",2026-08-24T21:22:42.959097813Z,true,2026-08-24T21:49:02.099433926Z,01M0TSZEY44B7XSP574QH2WQPJ,2026-08-24T21:22:42.959097813Z,31,2026-08-24T21:22:42.959097813Z,false,2026-08-24T21:48:28.460774279Z,01M0TT49QHQY8JQV8C5T94HHYZ,2026-08-24T21:48:28.280979438Z,,,48,2026-08-24T21:22:42.959097813Z,12,2026-08-24T21:22:42.959097813Z,training,2026-08-24T21:22:42.959097813Z,2,2026-08-24T21:22:42.959097813Z,4,2026-08-24T21:22:42.959097813Z,/tangrams/134_125.png,2026-08-24T21:49:02.124025131Z,/tangrams/134_125.png,2026-08-24T21:48:58.921186718Z,1787608138828,2026-08-24T21:48:58.913118284Z,0,2026-08-24T21:22:42.959097813Z,2,2026-08-24T21:22:43.695314996Z,true,2026-08-24T21:48:28.228389915Z,"[""/tangrams/366_339.png"",""/tangrams/422_405.png"",""/tangrams/134_125.png"",""/tangrams/290_64.png""]",2026-08-24T21:22:42.959097813Z,/tangrams/134_125.png,2026-08-24T21:22:42.959097813Z,F6,2026-08-24T21:22:42.959097813Z,7,2026-08-24T21:22:42.959097813Z,30,2026-08-24T21:22:42.959097813Z
01M0TTKMY7YQ0RTW1NP9QN6E0X,01M0TSZEX52H0PZDJFB4JNEAFW,2026-08-24T21:25:17.383200867Z,"[{""text"":""DIAMOND ON TOP"",""sender"":{""id"":""01M0TT55D1DRDQ3JPT1CDTT5VN"",""name"":""Repi"",""avatar"":""https://api.dicebear.com/8.x/rings/svg?seed=Repi""}}]",2026-08-24T21:45:37.233166273Z,[1787607937244],2026-08-24T21:45:37.246021478Z,,,true,2026-08-24T21:45:43.608109436Z,01M0TT55D1DRDQ3JPT1CDTT5VN,2026-08-24T21:45:25.575111941Z,"[""B4"",""C1"",""D3"",""A2""]",2026-08-24T21:25:17.383200867Z,true,2026-08-24T21:45:43.59354877Z,01M0TSZEY173D8F3KEP071GR06,2026-08-24T21:25:17.383200867Z,26,2026-08-24T21:25:17.383200867Z,false,2026-08-24T21:45:25.692017138Z,01M0TTF3ADJ36CYQBD8356XFNQ,2026-08-24T21:45:25.575111941Z,,,48,2026-08-24T21:25:17.383200867Z,12,2026-08-24T21:25:17.383200867Z,training,2026-08-24T21:25:17.383200867Z,2,2026-08-24T21:25:17.383200867Z,4,2026-08-24T21:25:17.383200867Z,/tangrams/138_339.png,2026-08-24T21:45:43.608109436Z,/tangrams/138_339.png,2026-08-24T21:45:40.435861634Z,1787607940069,2026-08-24T21:45:40.422274977Z,0,2026-08-24T21:25:17.383200867Z,2,2026-08-24T21:25:18.092579704Z,true,2026-08-24T21:45:25.53369199Z,"[""/tangrams/366_66.png"",""/tangrams/422_244.png"",""/tangrams/279_405.png"",""/tangrams/138_339.png""]",2026-08-24T21:25:17.383200867Z,/tangrams/138_339.png,2026-08-24T21:25:17.383200867Z,A2,2026-08-24T21:25:17.383200867Z,2,2026-08-24T21:25:17.383200867Z,25,2026-08-24T21:25:17.383200867Z
01M0TVK9RA1ST8FS64EAZNK5JF,01M0TTMTH8JPTHXWGXYEY1VFR8,2026-08-24T21:42:34.506851701Z,"[{""text"":""the claw"",""sender"":{""id"":""01M0TVD4RDDZ2GPYA2W2TBJY2J"",""name"":""Minu"",""avatar"":""https://api.dicebear.com/8.x/rings/svg?seed=Minu""}}]",2026-08-24T21:57:18.859664144Z,[1787608638873],2026-08-24T21:57:18.875414295Z,,,true,2026-08-24T21:57:24.185592594Z,01M0TVD4RDDZ2GPYA2W2TBJY2J,2026-08-24T21:57:12.384826508Z,"[""F8"",""F1"",""F3"",""A1""]",2026-08-24T21:42:34.506851701Z,true,2026-08-24T21:57:24.167451653Z,01M0TTMWMG725DJ5GA5M4WD8SY,2026-08-24T21:42:34.506851701Z,31,2026-08-24T21:42:34.506851701Z,false,2026-08-24T21:57:12.557915438Z,01M0TV8YZXT0HY97VC3QNJABKN,2026-08-24T21:57:12.384826508Z,,,48,2026-08-24T21:42:34.506851701Z,12,2026-08-24T21:42:34.506851701Z,training,2026-08-24T21:42:34.506851701Z,2,2026-08-24T21:42:34.506851701Z,4,2026-08-24T21:42:34.506851701Z,/tangrams/374_400.png,2026-08-24T21:57:24.185592594Z,/tangrams/374_400.png,2026-08-24T21:57:20.991566794Z,1787608641772,2026-08-24T21:57:20.982679787Z,1,2026-08-24T21:42:34.506851701Z,2,2026-08-24T21:42:35.950077651Z,true,2026-08-24T21:57:12.325744744Z,"[""/tangrams/374_400.png"",""/tangrams/452_257.png"",""/tangrams/264_176.png"",""/tangrams/66_314.png""]",2026-08-24T21:42:34.506851701Z,/tangrams/374_400.png,2026-08-24T21:42:34.506851701Z,F8,2026-08-24T21:42:34.506851701Z,7,2026-08-24T21:42:34.506851701Z,30,2026-08-24T21:42:34.506851701Z
01M0TTNRN893GR48G1S6HQGDYK,01M0TSZGJXR0N6DNTNARWRMFQ4,2026-08-24T21:26:26.728285705Z,,,,,,,,,,,"[""F7"",""B2"",""F5"",""F4""]",2026-08-24T21:26:26.728285705Z,false,2026-08-24T21:26:26.728285705Z,01M0TSZGKJQW5S4GCP9150DNN9,2026-08-24T21:26:26.728285705Z,28,2026-08-24T21:26:26.728285705Z,,,,,,,48,2026-08-24T21:26:26.728285705Z,12,2026-08-24T21:26:26.728285705Z,training,2026-08-24T21:26:26.728285705Z,2,2026-08-24T21:26:26.728285705Z,4,2026-08-24T21:26:26.728285705Z,,,,2026-08-24T21:26:26.728285705Z,,,1,2026-08-24T21:26:26.728285705Z,2,2026-08-24T21:26:27.393939788Z,false,2026-08-24T21:26:26.728285705Z,"[""/tangrams/157_426.png"",""/tangrams/348_441.png"",""/tangrams/4_159.png"",""/tangrams/40_345.png""]",2026-08-24T21:26:26.728285705Z,/tangrams/40_345.png,2026-08-24T21:26:26.728285705Z,F4,2026-08-24T21:26:26.728285705Z,4,2026-08-24T21:26:26.728285705Z,27,2026-08-24T21:26:26.728285705Z
01M0TTYQDB3W52FFT8RWBW1E81,01M0TTMTH8JPTHXWGXYEY1VFR8,2026-08-24T21:31:20.3631246Z,,,,,,,,,,,"[""B3"",""D2"",""C1"",""B1""]",2026-08-24T21:31:20.3631246Z,false,2026-08-24T21:31:20.3631246Z,01M0TTMWMDPGAHQRDA7BZJ8FEZ,2026-08-24T21:31:20.3631246Z,29,2026-08-24T21:31:20.3631246Z,,,,,,,48,2026-08-24T21:31:20.3631246Z,12,2026-08-24T21:31:20.3631246Z,training,2026-08-24T21:31:20.3631246Z,2,2026-08-24T21:31:20.3631246Z,4,2026-08-24T21:31:20.3631246Z,,,,2026-08-24T21:31:20.3631246Z,,,1,2026-08-24T21:31:20.3631246Z,2,2026-08-24T21:31:21.799657391Z,false,2026-08-24T21:31:20.3631246Z,"[""/tangrams/348_24.png"",""/tangrams/20_441.png"",""/tangrams/202_314.png"",""/tangrams/348_314.png""]",2026-08-24T21:31:20.3631246Z,/tangrams/348_314.png,2026-08-24T21:31:20.3631246Z,B1,2026-08-24T21:31:20.3631246Z,5,2026-08-24T21:31:20.3631246Z,28,2026-08-24T21:31:20.3631246Z
01M0TTYQ2GY9DVZDHX5ZA7FF3R,01M0TTMTH8JPTHXWGXYEY1VFR8,2026-08-24T21:31:20.016983275Z,"[{""text"":""?"",""sender"":{""id"":""01M0TTENRE0ZSC234N2S1BW8ZS"",""name"":""Repi"",""avatar"":""https://api.dicebear.com/8.x/rings/svg?seed=Repi""}},{""text"":""spiral like"",""sender"":{""id"":""01M0TTJT0T1FXWVGTP027BYENQ"",""name"":""Minu"",""avatar"":""https://api.dicebear.com/8.x/rings/svg?seed=Minu""}},{""text"":""there are two which one"",""sender"":{""id"":""01M0TTENRE0ZSC234N2S1BW8ZS"",""name"":""Repi"",""avatar"":""https://api.dicebear.com/8.x/rings/svg?seed=Repi""}}]",2026-08-24T21:49:17.699888696Z,"[1787608129669,1787608143722,1787608157711]",2026-08-24T21:49:17.713402752Z,,,true,2026-08-24T21:49:28.378542065Z,01M0TTJT0T1FXWVGTP027BYENQ,2026-08-24T21:48:45.78428418Z,"[""D1"",""A4"",""C4"",""A2""]",2026-08-24T21:31:20.016983275Z,true,2026-08-24T21:49:28.354242165Z,01M0TTMWMDPGAHQRDA7BZJ8FEZ,2026-08-24T21:31:20.016983275Z,5,2026-08-24T21:31:20.016983275Z,false,2026-08-24T21:48:45.972013068Z,01M0TTENRE0ZSC234N2S1BW8ZS,2026-08-24T21:48:45.78428418Z,,,48,2026-08-24T21:31:20.016983275Z,12,2026-08-24T21:31:20.016983275Z,training,2026-08-24T21:31:20.016983275Z,0,2026-08-24T21:31:20.016983275Z,4,2026-08-24T21:31:20.016983275Z,/tangrams/66_464.png,2026-08-24T21:49:28.378542065Z,/tangrams/66_464.png,2026-08-24T21:49:25.130228221Z,1787608164932,2026-08-24T21:49:25.137953356Z,1,2026-08-24T21:31:20.016983275Z,2,2026-08-24T21:31:20.816182561Z,true,2026-08-24T21:48:45.735550719Z,"[""/tangrams/20_314.png"",""/tangrams/66_464.png"",""/tangrams/202_464.png"",""/tangrams/66_441.png""]",2026-08-24T21:31:20.016983275Z,/tangrams/66_464.png,2026-08-24T21:31:20.016983275Z,A4,2026-08-24T21:31:20.016983275Z,5,2026-08-24T21:31:20.016983275Z,4,2026-08-24T21:31:20.016983275Z
01M0TTYQ3H8C16362NQTSW34D6,01M0TTMTH8JPTHXWGXYEY1VFR8,2026-08-24T21:31:20.049566087Z,,,,,,,,,,,"[""A3"",""B1"",""B3"",""C4""]",2026-08-24T21:31:20.049566087Z,false,2026-08-24T21:31:20.049566087Z,01M0TTMWMDPGAHQRDA7BZJ8FEZ,2026-08-24T21:31:20.049566087Z,46,2026-08-24T21:31:20.049566087Z,,,,,,,48,2026-08-24T21:31:20.049566087Z,12,2026-08-24T21:31:20.049566087Z,training,2026-08-24T21:31:20.049566087Z,3,2026-08-24T21:31:20.049566087Z,4,2026-08-24T21:31:20.049566087Z,,,,2026-08-24T21:31:20.049566087Z,,,1,2026-08-24T21:31:20.049566087Z,2,2026-08-24T21:31:22.490614084Z,false,2026-08-24T21:31:20.049566087Z,"[""/tangrams/66_24.png"",""/tangrams/348_314.png"",""/tangrams/348_24.png"",""/tangrams/202_464.png""]",2026-08-24T21:31:20.049566087Z,/tangrams/348_24.png,2026-08-24T21:31:20.049566087Z,B3,2026-08-24T21:31:20.049566087Z,10,2026-08-24T21:31:20.049566087Z,45,2026-08-24T21:31:20.049566087Z
01M0TTYQB2ZM0CY9NGSF3P2N44,01M0TTMTH8JPTHXWGXYEY1VFR8,2026-08-24T21:31:20.290945033Z,,,,,,,,,,,"[""D3"",""D2"",""C1"",""A2""]",2026-08-24T21:31:20.290945033Z,false,2026-08-24T21:31:20.290945033Z,01M0TTMWMDPGAHQRDA7BZJ8FEZ,2026-08-24T21:31:20.290945033Z,33,2026-08-24T21:31:20.290945033Z,,,,,,,48,2026-08-24T21:31:20.290945033Z,12,2026-08-24T21:31:20.290945033Z,training,2026-08-24T21:31:20.290945033Z,2,2026-08-24T21:31:20.290945033Z,4,2026-08-24T21:31:20.290945033Z,,,,2026-08-24T21:31:20.290945033Z,,,1,2026-08-24T21:31:20.290945033Z,2,2026-08-24T21:31:21.970426724Z,false,2026-08-24T21:31:20.290945033Z,"[""/tangrams/20_24.png"",""/tangrams/20_441.png"",""/tangrams/202_314.png"",""/tangrams/66_441.png""]",2026-08-24T21:31:20.290945033Z,/tangrams/20_441.png,2026-08-24T21:31:20.290945033Z,D2,2026-08-24T21:31:20.290945033Z,9,2026-08-24T21:31:20.290945033Z,32,2026-08-24T21:31:20.290945033Z
01M0TV7JPHS2238CXFN0DK659X,01M0TTMTH8JPTHXWGXYEY1VFR8,2026-08-24T21:36:10.44986507Z,"[{""text"":""two big arrows pointing left 1 little pointing left"",""sender"":{""id"":""01M0TTRGJ55RK21NQM11GGHNRN"",""name"":""Repi"",""avatar"":""https://api.dicebear.com/8.x/rings/svg?seed=Repi""}}]",2026-08-24T22:04:26.285055711Z,[1787609066300],2026-08-24T22:04:26.302069726Z,,,true,2026-08-24T22:04:32.606226018Z,01M0TTRGJ55RK21NQM11GGHNRN,2026-08-24T22:04:13.745721546Z,"[""D2"",""A4"",""B3"",""C1""]",2026-08-24T21:36:10.44986507Z,true,2026-08-24T22:04:32.590042674Z,01M0TTMWM9GSP2NP0T4CET96EB,2026-08-24T21:36:10.44986507Z,48,2026-08-24T21:36:10.44986507Z,false,2026-08-24T22:04:14.048039147Z,01M0TV363Y2QH3CGTPHSZR512P,2026-08-24T22:04:13.745721546Z,,,48,2026-08-24T21:36:10.44986507Z,12,2026-08-24T21:36:10.44986507Z,training,2026-08-24T21:36:10.44986507Z,3,2026-08-24T21:36:10.44986507Z,4,2026-08-24T21:36:10.44986507Z,/tangrams/202_314.png,2026-08-24T22:04:32.606226018Z,/tangrams/202_314.png,2026-08-24T22:04:29.386776438Z,1787609067567,2026-08-24T22:04:29.367773418Z,1,2026-08-24T21:36:10.44986507Z,2,2026-08-24T21:36:12.350028046Z,true,2026-08-24T22:04:13.668711883Z,"[""/tangrams/20_441.png"",""/tangrams/66_464.png"",""/tangrams/348_24.png"",""/tangrams/202_314.png""]",2026-08-24T21:36:10.44986507Z,/tangrams/202_314.png,2026-08-24T21:36:10.44986507Z,C1,2026-08-24T21:36:10.44986507Z,12,2026-08-24T21:36:10.44986507Z,47,2026-08-24T21:36:10.44986507Z
01M0TTK13A2BYWETS4ZNAF4VY4,01M0TSZEX52H0PZDJFB4JNEAFW,2026-08-24T21:24:57.066853441Z,"[{""text"":""triangle diamond under parrallel whatever"",""sender"":{""id"":""01M0TT7FNH08P86PFHWCV3NRS8"",""name"":""Repi"",""avatar"":""https://api.dicebear.com/8.x/rings/svg?seed=Repi""}}]",2026-08-24T22:05:44.647161387Z,[1787609144663],2026-08-24T22:05:44.668005148Z,1787609144475,2026-08-24T22:05:42.042054061Z,false,2026-08-24T22:05:59.329018178Z,01M0TT7FNH08P86PFHWCV3NRS8,2026-08-24T22:05:17.995890384Z,"[""C4"",""C1"",""D2"",""B1""]",2026-08-24T21:24:57.066853441Z,true,2026-08-24T22:05:59.308044822Z,01M0TSZEY54T11A9AMGVA6T4ZB,2026-08-24T21:24:57.066853441Z,32,2026-08-24T21:24:57.066853441Z,false,2026-08-24T22:05:18.193114022Z,01M0TT7ZVRQQW92P55GPN9KMMS,2026-08-24T22:05:17.995890384Z,,,48,2026-08-24T21:24:57.066853441Z,12,2026-08-24T21:24:57.066853441Z,training,2026-08-24T21:24:57.066853441Z,2,2026-08-24T21:24:57.066853441Z,4,2026-08-24T21:24:57.066853441Z,/tangrams/366_244.png,2026-08-24T22:05:59.329018178Z,/tangrams/366_244.png,2026-08-24T22:05:56.073437248Z,1787609158495,2026-08-24T22:05:56.064470108Z,0,2026-08-24T21:24:57.066853441Z,2,2026-08-24T21:24:57.823099981Z,true,2026-08-24T22:05:17.926967851Z,"[""/tangrams/422_66.png"",""/tangrams/422_244.png"",""/tangrams/279_339.png"",""/tangrams/366_244.png""]",2026-08-24T21:24:57.066853441Z,/tangrams/422_244.png,2026-08-24T21:24:57.066853441Z,C1,2026-08-24T21:24:57.066853441Z,8,2026-08-24T21:24:57.066853441Z,31,2026-08-24T21:24:57.066853441Z
01M0TTTPNFDS8REY4F4VRQAYGS,01M0TSZV7X3D77NKMM5CDCW4Z6,2026-08-24T21:29:08.527159924Z,"[{""text"":""left side has 2 large triangles and one small one right side looks like the dog head"",""sender"":{""id"":""01M0TT467Q69C5HQ20GW6FRRF2"",""name"":""Repi"",""avatar"":""https://api.dicebear.com/8.x/rings/svg?seed=Repi""}}]",2026-08-24T22:04:48.019241061Z,[1787609088034],2026-08-24T22:04:48.038414397Z,,,false,2026-08-24T22:05:20.214670795Z,01M0TT467Q69C5HQ20GW6FRRF2,2026-08-24T22:04:22.272814163Z,"[""B1"",""B3"",""D1"",""C4""]",2026-08-24T21:29:08.527159924Z,true,2026-08-24T22:05:20.197033225Z,01M0TSZV8KEDQHAT4X33M1GG1C,2026-08-24T21:29:08.527159924Z,32,2026-08-24T21:29:08.527159924Z,false,2026-08-24T22:04:22.483902379Z,01M0TTBQPRE9XMJHBPDKM8GTC4,2026-08-24T22:04:22.272814163Z,,,48,2026-08-24T21:29:08.527159924Z,12,2026-08-24T21:29:08.527159924Z,training,2026-08-24T21:29:08.527159924Z,2,2026-08-24T21:29:08.527159924Z,4,2026-08-24T21:29:08.527159924Z,/tangrams/202_464.png,2026-08-24T22:05:20.214670795Z,/tangrams/202_464.png,2026-08-24T22:05:16.974593393Z,1787609115103,2026-08-24T22:05:17.003115645Z,1,2026-08-24T21:29:08.527159924Z,2,2026-08-24T21:29:09.974172673Z,true,2026-08-24T22:04:22.20414934Z,"[""/tangrams/348_314.png"",""/tangrams/348_24.png"",""/tangrams/20_314.png"",""/tangrams/202_464.png""]",2026-08-24T21:29:08.527159924Z,/tangrams/348_314.png,2026-08-24T21:29:08.527159924Z,B1,2026-08-24T21:29:08.527159924Z,8,2026-08-24T21:29:08.527159924Z,31,2026-08-24T21:29:08.527159924Z
01M0TTKD93MT9XZJ8NEPRRVN4K,01M0TSZGJXR0N6DNTNARWRMFQ4,2026-08-24T21:25:09.539608236Z,,,,,,,,,,,"[""C4"",""D1"",""A4"",""C2""]",2026-08-24T21:25:09.539608236Z,false,2026-08-24T21:25:09.539608236Z,01M0TSZGKM72FFW193EYG47F25,2026-08-24T21:25:09.539608236Z,1,2026-08-24T21:25:09.539608236Z,,,,,,,48,2026-08-24T21:25:09.539608236Z,12,2026-08-24T21:25:09.539608236Z,training,2026-08-24T21:25:09.539608236Z,0,2026-08-24T21:25:09.539608236Z,4,2026-08-24T21:25:09.539608236Z,,,,2026-08-24T21:25:09.539608236Z,,,0,2026-08-24T21:25:09.539608236Z,2,2026-08-24T21:25:09.856522098Z,false,2026-08-24T21:25:09.539608236Z,"[""/tangrams/422_66.png"",""/tangrams/279_244.png"",""/tangrams/138_66.png"",""/tangrams/422_339.png""]",2026-08-24T21:25:09.539608236Z,/tangrams/422_66.png,2026-08-24T21:25:09.539608236Z,C4,2026-08-24T21:25:09.539608236Z,1,2026-08-24T21:25:09.539608236Z,0,2026-08-24T21:25:09.539608236Z
01M0TTMQSC1M05T41EF7EEBKDM,01M0TSZV7X3D77NKMM5CDCW4Z6,2026-08-24T21:25:53.068123695Z,"[{""text"":""triangle bottom left"",""sender"":{""id"":""01M0TT4JP6VSYSTADD58E33WM9"",""name"":""Repi"",""avatar"":""https://api.dicebear.com/8.x/rings/svg?seed=Repi""}}]",2026-08-24T21:39:07.255208935Z,[1787607547265],2026-08-24T21:39:07.266644129Z,,,true,2026-08-24T21:39:14.087176743Z,01M0TT4JP6VSYSTADD58E33WM9,2026-08-24T21:38:59.873416882Z,"[""C1"",""D3"",""A2"",""B4""]",2026-08-24T21:25:53.068123695Z,true,2026-08-24T21:39:14.075888376Z,01M0TSZV8ERABP36QP2627EVMT,2026-08-24T21:25:53.068123695Z,10,2026-08-24T21:25:53.068123695Z,false,2026-08-24T21:39:00.037352337Z,01M0TT4SREDP4QR1H8V4E3X5G9,2026-08-24T21:38:59.873416882Z,,,48,2026-08-24T21:25:53.068123695Z,12,2026-08-24T21:25:53.068123695Z,training,2026-08-24T21:25:53.068123695Z,0,2026-08-24T21:25:53.068123695Z,4,2026-08-24T21:25:53.068123695Z,/tangrams/66_441.png,2026-08-24T21:39:14.087176743Z,/tangrams/66_441.png,2026-08-24T21:39:10.928162248Z,1787607550001,2026-08-24T21:39:10.934364923Z,1,2026-08-24T21:25:53.068123695Z,2,2026-08-24T21:25:53.555915583Z,true,2026-08-24T21:38:59.824708906Z,"[""/tangrams/202_314.png"",""/tangrams/20_24.png"",""/tangrams/66_441.png"",""/tangrams/348_464.png""]",2026-08-24T21:25:53.068123695Z,/tangrams/66_441.png,2026-08-24T21:25:53.068123695Z,A2,2026-08-24T21:25:53.068123695Z,10,2026-08-24T21:25:53.068123695Z,9,2026-08-24T21:25:53.068123695Z
01M0TTNRK3ZQ2XDVD2B1Q9AZY6,01M0TSZGJXR0N6DNTNARWRMFQ4,2026-08-24T21:26:26.659860843Z,,,,,,,,,,,"[""B2"",""D4"",""F6"",""F1""]",2026-08-24T21:26:26.659860843Z,false,2026-08-24T21:26:26.659860843Z,01M0TSZGKJQW5S4GCP9150DNN9,2026-08-24T21:26:26.659860843Z,6,2026-08-24T21:26:26.659860843Z,,,,,,,48,2026-08-24T21:26:26.659860843Z,12,2026-08-24T21:26:26.659860843Z,training,2026-08-24T21:26:26.659860843Z,0,2026-08-24T21:26:26.659860843Z,4,2026-08-24T21:26:26.659860843Z,,,,2026-08-24T21:26:26.659860843Z,,,1,2026-08-24T21:26:26.659860843Z,2,2026-08-24T21:26:26.896214847Z,false,2026-08-24T21:26:26.659860843Z,"[""/tangrams/348_441.png"",""/tangrams/20_464.png"",""/tangrams/98_302.png"",""/tangrams/452_257.png""]",2026-08-24T21:26:26.659860843Z,/tangrams/452_257.png,2026-08-24T21:26:26.659860843Z,F1,2026-08-24T21:26:26.659860843Z,6,2026-08-24T21:26:26.659860843Z,5,2026-08-24T21:26:26.659860843Z
01M0TTEY670WKR9VHZW128Y6K8,01M0TSZEX52H0PZDJFB4JNEAFW,2026-08-24T21:22:43.015747638Z,"[{""text"":""Triangle and diamond on bottom, Diamond on top"",""sender"":{""id"":""01M0TT9XXJBBQAZ4WANFPESF7T"",""name"":""Minu"",""avatar"":""https://api.dicebear.com/8.x/rings/svg?seed=Minu""}}]",2026-08-24T21:53:26.569287635Z,[1787608406582],2026-08-24T21:53:26.584587108Z,,,true,2026-08-24T21:53:37.409121967Z,01M0TT9XXJBBQAZ4WANFPESF7T,2026-08-24T21:53:01.290982644Z,"[""A1"",""F3"",""F1"",""F5""]",2026-08-24T21:22:43.015747638Z,true,2026-08-24T21:53:37.385304443Z,01M0TSZEY44B7XSP574QH2WQPJ,2026-08-24T21:22:43.015747638Z,39,2026-08-24T21:22:43.015747638Z,false,2026-08-24T21:53:01.478139012Z,01M0TT49QHQY8JQV8C5T94HHYZ,2026-08-24T21:53:01.290982644Z,,,48,2026-08-24T21:22:43.015747638Z,12,2026-08-24T21:22:43.015747638Z,training,2026-08-24T21:22:43.015747638Z,3,2026-08-24T21:22:43.015747638Z,4,2026-08-24T21:22:43.015747638Z,/tangrams/138_244.png,2026-08-24T21:53:37.409121967Z,/tangrams/138_244.png,2026-08-24T21:53:34.169636911Z,1787608414084,2026-08-24T21:53:34.177444997Z,0,2026-08-24T21:22:43.015747638Z,2,2026-08-24T21:22:43.812290572Z,true,2026-08-24T21:53:01.219785408Z,"[""/tangrams/138_244.png"",""/tangrams/170_154.png"",""/tangrams/119_182.png"",""/tangrams/456_48.png""]",2026-08-24T21:22:43.015747638Z,/tangrams/138_244.png,2026-08-24T21:22:43.015747638Z,A1,2026-08-24T21:22:43.015747638Z,3,2026-08-24T21:22:43.015747638Z,38,2026-08-24T21:22:43.015747638Z
01M0TTK18V8SH2RGW2M08ZA4AE,01M0TSZEX52H0PZDJFB4JNEAFW,2026-08-24T21:24:57.243478693Z,"[{""text"":""loose roof tri/dia under"",""sender"":{""id"":""01M0TT7FNH08P86PFHWCV3NRS8"",""name"":""Repi"",""avatar"":""https://api.dicebear.com/8.x/rings/svg?seed=Repi""}}]",2026-08-24T22:12:15.720251555Z,[1787609535735],2026-08-24T22:12:15.737912167Z,,,false,2026-08-24T22:12:25.916052863Z,01M0TT7FNH08P86PFHWCV3NRS8,2026-08-24T22:11:57.189883969Z,"[""B1"",""B3"",""A4"",""D1""]",2026-08-24T21:24:57.243478693Z,true,2026-08-24T22:12:25.792123326Z,01M0TSZEY54T11A9AMGVA6T4ZB,2026-08-24T21:24:57.243478693Z,44,2026-08-24T21:24:57.243478693Z,false,2026-08-24T22:11:57.381454998Z,01M0TT7ZVRQQW92P55GPN9KMMS,2026-08-24T22:11:57.189883969Z,,,48,2026-08-24T21:24:57.243478693Z,12,2026-08-24T21:24:57.243478693Z,training,2026-08-24T21:24:57.243478693Z,3,2026-08-24T21:24:57.243478693Z,4,2026-08-24T21:24:57.243478693Z,/tangrams/279_244.png,2026-08-24T22:12:25.916052863Z,/tangrams/279_244.png,2026-08-24T22:12:22.620048301Z,1787609545033,2026-08-24T22:12:22.626998406Z,0,2026-08-24T21:24:57.243478693Z,2,2026-08-24T21:24:58.057103082Z,true,2026-08-24T22:11:57.11603264Z,"[""/tangrams/366_244.png"",""/tangrams/366_405.png"",""/tangrams/138_66.png"",""/tangrams/279_244.png""]",2026-08-24T21:24:57.243478693Z,/tangrams/366_244.png,2026-08-24T21:24:57.243478693Z,B1,2026-08-24T21:24:57.243478693Z,8,2026-08-24T21:24:57.243478693Z,43,2026-08-24T21:24:57.243478693Z
01M0TTYQ2P14MT6MS7SFM5VT29,01M0TTMTH8JPTHXWGXYEY1VFR8,2026-08-24T21:31:20.022947452Z,"[{""text"":""do you have anything in mind"",""sender"":{""id"":""01M0TTJT0T1FXWVGTP027BYENQ"",""name"":""Minu"",""avatar"":""https://api.dicebear.com/8.x/rings/svg?seed=Minu""}},{""text"":""Alphabet B but big one"",""sender"":{""id"":""01M0TTENRE0ZSC234N2S1BW8ZS"",""name"":""Repi"",""avatar"":""https://api.dicebear.com/8.x/rings/svg?seed=Repi""}},{""text"":""Tilted other side"",""sender"":{""id"":""01M0TTENRE0ZSC234N2S1BW8ZS"",""name"":""Repi"",""avatar"":""https://api.dicebear.com/8.x/rings/svg?seed=Repi""}},{""text"":""oh yeah"",""sender"":{""id"":""01M0TTJT0T1FXWVGTP027BYENQ"",""name"":""Minu"",""avatar"":""https://api.dicebear.com/8.x/rings/svg?seed=Minu""}},{""text"":""Got it /"",""sender"":{""id"":""01M0TTENRE0ZSC234N2S1BW8ZS"",""name"":""Repi"",""avatar"":""https://api.dicebear.com/8.x/rings/svg?seed=Repi""}},{""text"":""?"",""sender"":{""id"":""01M0TTENRE0ZSC234N2S1BW8ZS"",""name"":""Repi"",""avatar"":""https://api.dicebear.com/8.x/rings/svg?seed=Repi""}}]",2026-08-24T21:48:41.377279405Z,"[1787608078768,1787608079375,1787608097285,1787608103079,1787608119163,1787608121389]",2026-08-24T21:48:41.390552227Z,,,false,2026-08-24T21:48:45.710184244Z,01M0TTENRE0ZSC234N2S1BW8ZS,2026-08-24T21:47:42.470967476Z,"[""B4"",""D2"",""D3"",""A3""]",2026-08-24T21:31:20.022947452Z,true,2026-08-24T21:48:45.697143254Z,01M0TTMWMDPGAHQRDA7BZJ8FEZ,2026-08-24T21:31:20.022947452Z,4,2026-08-24T21:31:20.022947452Z,false,2026-08-24T21:47:42.610945131Z,01M0TTJT0T1FXWVGTP027BYENQ,2026-08-24T21:47:42.470967476Z,,,48,2026-08-24T21:31:20.022947452Z,12,2026-08-24T21:31:20.022947452Z,training,2026-08-24T21:31:20.022947452Z,0,2026-08-24T21:31:20.022947452Z,4,2026-08-24T21:31:20.022947452Z,,2026-08-24T21:48:45.710184244Z,,2026-08-24T21:31:20.022947452Z,,,1,2026-08-24T21:31:20.022947452Z,2,2026-08-24T21:31:20.772331972Z,true,2026-08-24T21:47:42.406512262Z,"[""/tangrams/348_464.png"",""/tangrams/20_441.png"",""/tangrams/20_24.png"",""/tangrams/66_24.png""]",2026-08-24T21:31:20.022947452Z,/tangrams/20_24.png,2026-08-24T21:31:20.022947452Z,D3,2026-08-24T21:31:20.022947452Z,4,2026-08-24T21:31:20.022947452Z,3,2026-08-24T21:31:20.022947452Z
01M0TTEY3A4G691HFTAYDSE54E,01M0TSZEX52H0PZDJFB4JNEAFW,2026-08-24T21:22:42.922640715Z,"[{""text"":""The same house running away from the scene of the crime"",""sender"":{""id"":""01M0TT9XXJBBQAZ4WANFPESF7T"",""name"":""Minu"",""avatar"":""https://api.dicebear.com/8.x/rings/svg?seed=Minu""}}]",2026-08-24T21:37:15.766270063Z,[1787607435775],2026-08-24T21:37:15.776927534Z,,,true,2026-08-24T21:37:22.33333967Z,01M0TT9XXJBBQAZ4WANFPESF7T,2026-08-24T21:36:58.630188539Z,"[""A1"",""B2"",""C3"",""F8""]",2026-08-24T21:22:42.922640715Z,true,2026-08-24T21:37:22.314536975Z,01M0TSZEY44B7XSP574QH2WQPJ,2026-08-24T21:22:42.922640715Z,13,2026-08-24T21:22:42.922640715Z,false,2026-08-24T21:36:58.800891591Z,01M0TT49QHQY8JQV8C5T94HHYZ,2026-08-24T21:36:58.630188539Z,,,48,2026-08-24T21:22:42.922640715Z,12,2026-08-24T21:22:42.922640715Z,training,2026-08-24T21:22:42.922640715Z,1,2026-08-24T21:22:42.922640715Z,4,2026-08-24T21:22:42.922640715Z,/tangrams/422_405.png,2026-08-24T21:37:22.33333967Z,/tangrams/422_405.png,2026-08-24T21:37:19.17397349Z,1787607439088,2026-08-24T21:37:19.191292419Z,0,2026-08-24T21:22:42.922640715Z,2,2026-08-24T21:22:43.377408469Z,true,2026-08-24T21:36:58.581784614Z,"[""/tangrams/138_244.png"",""/tangrams/366_339.png"",""/tangrams/422_405.png"",""/tangrams/37_144.png""]",2026-08-24T21:22:42.922640715Z,/tangrams/422_405.png,2026-08-24T21:22:42.922640715Z,C3,2026-08-24T21:22:42.922640715Z,1,2026-08-24T21:22:42.922640715Z,12,2026-08-24T21:22:42.922640715Z
01M0TTKMTKT89C51PEHZGSBVY7,01M0TSZEX52H0PZDJFB4JNEAFW,2026-08-24T21:25:17.267476441Z,"[{""text"":""well done, partner"",""sender"":{""id"":""01M0TTF3ADJ36CYQBD8356XFNQ"",""name"":""Minu"",""avatar"":""https://api.dicebear.com/8.x/rings/svg?seed=Minu""}},{""text"":""TRIANGLE POINTING UP WITH WHITE TRIANGLE INSIDE"",""sender"":{""id"":""01M0TT55D1DRDQ3JPT1CDTT5VN"",""name"":""Repi"",""avatar"":""https://api.dicebear.com/8.x/rings/svg?seed=Repi""}}]",2026-08-24T21:54:59.202448542Z,"[1787608470979,1787608499216]",2026-08-24T21:54:59.218492512Z,,,true,2026-08-24T21:55:05.283806943Z,01M0TT55D1DRDQ3JPT1CDTT5VN,2026-08-24T21:54:23.495715758Z,"[""B4"",""C1"",""A2"",""D3""]",2026-08-24T21:25:17.267476441Z,true,2026-08-24T21:55:05.267620365Z,01M0TSZEY173D8F3KEP071GR06,2026-08-24T21:25:17.267476441Z,48,2026-08-24T21:25:17.267476441Z,false,2026-08-24T21:54:23.682138186Z,01M0TTF3ADJ36CYQBD8356XFNQ,2026-08-24T21:54:23.495715758Z,,,48,2026-08-24T21:25:17.267476441Z,12,2026-08-24T21:25:17.267476441Z,training,2026-08-24T21:25:17.267476441Z,3,2026-08-24T21:25:17.267476441Z,4,2026-08-24T21:25:17.267476441Z,/tangrams/366_66.png,2026-08-24T21:55:05.283806943Z,/tangrams/366_66.png,2026-08-24T21:55:02.08170074Z,1787608501753,2026-08-24T21:55:02.097463471Z,0,2026-08-24T21:25:17.267476441Z,2,2026-08-24T21:25:18.524760442Z,true,2026-08-24T21:54:23.365859947Z,"[""/tangrams/366_66.png"",""/tangrams/422_244.png"",""/tangrams/138_339.png"",""/tangrams/279_405.png""]",2026-08-24T21:25:17.267476441Z,/tangrams/366_66.png,2026-08-24T21:25:17.267476441Z,B4,2026-08-24T21:25:17.267476441Z,12,2026-08-24T21:25:17.267476441Z,47,2026-08-24T21:25:17.267476441Z
01M0TVK9HYQH8A3FRM7PD9RKAQ,01M0TTMTH8JPTHXWGXYEY1VFR8,2026-08-24T21:42:34.302751013Z,"[{""text"":""looks like a fatheaded fishbone"",""sender"":{""id"":""01M0TV8YZXT0HY97VC3QNJABKN"",""name"":""Repi"",""avatar"":""https://api.dicebear.com/8.x/rings/svg?seed=Repi""}}]",2026-08-24T21:51:23.380991506Z,[1787608283393],2026-08-24T21:51:23.394836712Z,,,true,2026-08-24T21:51:29.897802507Z,01M0TV8YZXT0HY97VC3QNJABKN,2026-08-24T21:51:10.346725812Z,"[""F6"",""D4"",""F1"",""F8""]",2026-08-24T21:42:34.302751013Z,true,2026-08-24T21:51:29.879006804Z,01M0TTMWMG725DJ5GA5M4WD8SY,2026-08-24T21:42:34.302751013Z,10,2026-08-24T21:42:34.302751013Z,false,2026-08-24T21:51:10.495130444Z,01M0TVD4RDDZ2GPYA2W2TBJY2J,2026-08-24T21:51:10.346725812Z,,,48,2026-08-24T21:42:34.302751013Z,12,2026-08-24T21:42:34.302751013Z,training,2026-08-24T21:42:34.302751013Z,0,2026-08-24T21:42:34.302751013Z,4,2026-08-24T21:42:34.302751013Z,/tangrams/20_464.png,2026-08-24T21:51:29.897802507Z,/tangrams/20_464.png,2026-08-24T21:51:26.723030165Z,1787608286601,2026-08-24T21:51:26.731080859Z,1,2026-08-24T21:42:34.302751013Z,2,2026-08-24T21:42:35.286188669Z,true,2026-08-24T21:51:10.292434624Z,"[""/tangrams/98_302.png"",""/tangrams/20_464.png"",""/tangrams/452_257.png"",""/tangrams/374_400.png""]",2026-08-24T21:42:34.302751013Z,/tangrams/20_464.png,2026-08-24T21:42:34.302751013Z,D4,2026-08-24T21:42:34.302751013Z,10,2026-08-24T21:42:34.302751013Z,9,2026-08-24T21:42:34.302751013Z
01M0TVK9SP4ZCYCYBR3ZFY92KZ,01M0TTMTH8JPTHXWGXYEY1VFR8,2026-08-24T21:42:34.550663387Z,"[{""text"":""swan"",""sender"":{""id"":""01M0TV8YZXT0HY97VC3QNJABKN"",""name"":""Repi"",""avatar"":""https://api.dicebear.com/8.x/rings/svg?seed=Repi""}}]",2026-08-24T21:58:19.548518339Z,[1787608699563],2026-08-24T21:58:19.56473992Z,,,true,2026-08-24T21:58:25.727070262Z,01M0TV8YZXT0HY97VC3QNJABKN,2026-08-24T21:58:15.85627151Z,"[""F5"",""A1"",""F8"",""F4""]",2026-08-24T21:42:34.550663387Z,true,2026-08-24T21:58:25.705642556Z,01M0TTMWMG725DJ5GA5M4WD8SY,2026-08-24T21:42:34.550663387Z,36,2026-08-24T21:42:34.550663387Z,false,2026-08-24T21:58:16.027299199Z,01M0TVD4RDDZ2GPYA2W2TBJY2J,2026-08-24T21:58:15.85627151Z,,,48,2026-08-24T21:42:34.550663387Z,12,2026-08-24T21:42:34.550663387Z,training,2026-08-24T21:42:34.550663387Z,2,2026-08-24T21:42:34.550663387Z,4,2026-08-24T21:42:34.550663387Z,/tangrams/40_345.png,2026-08-24T21:58:25.727070262Z,/tangrams/40_345.png,2026-08-24T21:58:22.548277169Z,1787608702447,2026-08-24T21:58:22.53140782Z,1,2026-08-24T21:42:34.550663387Z,2,2026-08-24T21:42:36.097504349Z,true,2026-08-24T21:58:15.794560123Z,"[""/tangrams/4_159.png"",""/tangrams/66_314.png"",""/tangrams/374_400.png"",""/tangrams/40_345.png""]",2026-08-24T21:42:34.550663387Z,/tangrams/40_345.png,2026-08-24T21:42:34.550663387Z,F4,2026-08-24T21:42:34.550663387Z,12,2026-08-24T21:42:34.550663387Z,35,2026-08-24T21:42:34.550663387Z
01M0TTEY5NCZPR995J1P3D6GA4,01M0TSZEX52H0PZDJFB4JNEAFW,2026-08-24T21:22:42.997933734Z,"[{""text"":""Triangle on top"",""sender"":{""id"":""01M0TT9XXJBBQAZ4WANFPESF7T"",""name"":""Minu"",""avatar"":""https://api.dicebear.com/8.x/rings/svg?seed=Minu""}}]",2026-08-24T21:28:24.656061287Z,[1787606904662],2026-08-24T21:28:24.664807028Z,,,true,2026-08-24T21:28:31.012208063Z,01M0TT9XXJBBQAZ4WANFPESF7T,2026-08-24T21:27:39.273886872Z,"[""F1"",""F8"",""D4"",""C3""]",2026-08-24T21:22:42.997933734Z,true,2026-08-24T21:28:30.991372733Z,01M0TSZEY44B7XSP574QH2WQPJ,2026-08-24T21:22:42.997933734Z,1,2026-08-24T21:22:42.997933734Z,false,2026-08-24T21:27:44.435071331Z,01M0TT49QHQY8JQV8C5T94HHYZ,2026-08-24T21:27:39.273886872Z,,,48,2026-08-24T21:22:42.997933734Z,12,2026-08-24T21:22:42.997933734Z,training,2026-08-24T21:22:42.997933734Z,0,2026-08-24T21:22:42.997933734Z,4,2026-08-24T21:22:42.997933734Z,/tangrams/119_182.png,2026-08-24T21:28:31.012208063Z,/tangrams/119_182.png,2026-08-24T21:28:27.868325787Z,1787606907768,2026-08-24T21:28:27.860653043Z,0,2026-08-24T21:22:42.997933734Z,2,2026-08-24T21:22:43.167770994Z,true,2026-08-24T21:27:39.218019739Z,"[""/tangrams/119_182.png"",""/tangrams/37_144.png"",""/tangrams/279_66.png"",""/tangrams/422_405.png""]",2026-08-24T21:22:42.997933734Z,/tangrams/119_182.png,2026-08-24T21:22:42.997933734Z,F1,2026-08-24T21:22:42.997933734Z,1,2026-08-24T21:22:42.997933734Z,0,2026-08-24T21:22:42.997933734Z
01M0TTKN24NJX9HW2XWH1KQ8FR,01M0TSZEX52H0PZDJFB4JNEAFW,2026-08-24T21:25:17.508992886Z,"[{""text"":""house shape with white house inside"",""sender"":{""id"":""01M0TTF3ADJ36CYQBD8356XFNQ"",""name"":""Minu"",""avatar"":""https://api.dicebear.com/8.x/rings/svg?seed=Minu""}}]",2026-08-24T21:49:37.402550587Z,[1787608177415],2026-08-24T21:49:37.417115807Z,,,true,2026-08-24T21:49:45.582191378Z,01M0TTF3ADJ36CYQBD8356XFNQ,2026-08-24T21:49:25.541697376Z,"[""B4"",""A3"",""D1"",""C2""]",2026-08-24T21:25:17.508992886Z,true,2026-08-24T21:49:45.562238075Z,01M0TSZEY173D8F3KEP071GR06,2026-08-24T21:25:17.508992886Z,35,2026-08-24T21:25:17.508992886Z,false,2026-08-24T21:49:25.687353162Z,01M0TT55D1DRDQ3JPT1CDTT5VN,2026-08-24T21:49:25.541697376Z,,,48,2026-08-24T21:25:17.508992886Z,12,2026-08-24T21:25:17.508992886Z,training,2026-08-24T21:25:17.508992886Z,2,2026-08-24T21:25:17.508992886Z,4,2026-08-24T21:25:17.508992886Z,/tangrams/366_66.png,2026-08-24T21:49:45.582191378Z,/tangrams/366_66.png,2026-08-24T21:49:42.394917012Z,1787608182139,2026-08-24T21:49:42.408601128Z,0,2026-08-24T21:25:17.508992886Z,2,2026-08-24T21:25:18.268786054Z,true,2026-08-24T21:49:25.421147188Z,"[""/tangrams/366_66.png"",""/tangrams/138_405.png"",""/tangrams/279_244.png"",""/tangrams/422_339.png""]",2026-08-24T21:25:17.508992886Z,/tangrams/366_66.png,2026-08-24T21:25:17.508992886Z,B4,2026-08-24T21:25:17.508992886Z,11,2026-08-24T21:25:17.508992886Z,34,2026-08-24T21:25:17.508992886Z
01M0TTK11A6ZJBDMNWCN0RRPFY,01M0TSZEX52H0PZDJFB4JNEAFW,2026-08-24T21:24:57.00204193Z,"[{""text"":""triangle cutout bottom and top"",""sender"":{""id"":""01M0TT7ZVRQQW92P55GPN9KMMS"",""name"":""Minu"",""avatar"":""https://api.dicebear.com/8.x/rings/svg?seed=Minu""}}]",2026-08-24T21:55:00.810081756Z,[1787608500823],2026-08-24T21:55:00.825484299Z,,,true,2026-08-24T21:55:11.404309825Z,01M0TT7ZVRQQW92P55GPN9KMMS,2026-08-24T21:54:49.273799766Z,"[""D2"",""B1"",""C2"",""D3""]",2026-08-24T21:24:57.00204193Z,true,2026-08-24T21:55:11.388219193Z,01M0TSZEY54T11A9AMGVA6T4ZB,2026-08-24T21:24:57.00204193Z,17,2026-08-24T21:24:57.00204193Z,false,2026-08-24T21:54:49.451076139Z,01M0TT7FNH08P86PFHWCV3NRS8,2026-08-24T21:54:49.273799766Z,,,48,2026-08-24T21:24:57.00204193Z,12,2026-08-24T21:24:57.00204193Z,training,2026-08-24T21:24:57.00204193Z,1,2026-08-24T21:24:57.00204193Z,4,2026-08-24T21:24:57.00204193Z,/tangrams/279_339.png,2026-08-24T21:55:11.404309825Z,/tangrams/279_339.png,2026-08-24T21:55:08.204577904Z,1787608508329,2026-08-24T21:55:08.213076673Z,0,2026-08-24T21:24:57.00204193Z,2,2026-08-24T21:24:57.548248809Z,true,2026-08-24T21:54:49.205936088Z,"[""/tangrams/279_339.png"",""/tangrams/366_244.png"",""/tangrams/422_339.png"",""/tangrams/279_405.png""]",2026-08-24T21:24:57.00204193Z,/tangrams/279_339.png,2026-08-24T21:24:57.00204193Z,D2,2026-08-24T21:24:57.00204193Z,5,2026-08-24T21:24:57.00204193Z,16,2026-08-24T21:24:57.00204193Z
01M0TTNRC0052ZHZ6D8NAY45VC,01M0TSZGJXR0N6DNTNARWRMFQ4,2026-08-24T21:26:26.432937842Z,"[{""text"":""hi"",""sender"":{""id"":""01M0TT4TXD8SRXYDAE6TW71C0D"",""name"":""Repi"",""avatar"":""https://api.dicebear.com/8.x/rings/svg?seed=Repi""}}]",2026-08-24T22:27:56.955409061Z,[1787610476970],2026-08-24T22:27:56.973026854Z,,,false,2026-08-24T22:28:13.935851263Z,01M0TTDMH9245RXEPX9F07PB9V,2026-08-24T22:27:10.615810633Z,"[""F4"",""D4"",""F5"",""C3""]",2026-08-24T21:26:26.432937842Z,true,2026-08-24T22:28:13.917516795Z,01M0TSZGKJQW5S4GCP9150DNN9,2026-08-24T21:26:26.432937842Z,3,2026-08-24T21:26:26.432937842Z,false,2026-08-24T22:27:10.792008213Z,01M0TT4TXD8SRXYDAE6TW71C0D,2026-08-24T22:27:10.615810633Z,,,48,2026-08-24T21:26:26.432937842Z,12,2026-08-24T21:26:26.432937842Z,training,2026-08-24T21:26:26.432937842Z,0,2026-08-24T21:26:26.432937842Z,4,2026-08-24T21:26:26.432937842Z,,2026-08-24T22:28:13.935851263Z,,2026-08-24T21:26:26.432937842Z,,,1,2026-08-24T21:26:26.432937842Z,2,2026-08-24T21:26:26.833268417Z,true,2026-08-24T22:27:10.550934927Z,"[""/tangrams/40_345.png"",""/tangrams/20_464.png"",""/tangrams/4_159.png"",""/tangrams/202_24.png""]",2026-08-24T21:26:26.432937842Z,/tangrams/40_345.png,2026-08-24T21:26:26.432937842Z,F4,2026-08-24T21:26:26.432937842Z,3,2026-08-24T21:26:26.432937842Z,2,2026-08-24T21:26:26.432937842Z
01M0TTTPM2Y4D6ESC7FTP4M4XG,01M0TSZV7X3D77NKMM5CDCW4Z6,2026-08-24T21:29:08.482198868Z,"[{""text"":""left side has a small triangle for a tail right side has half a stopsign shape"",""sender"":{""id"":""01M0TT467Q69C5HQ20GW6FRRF2"",""name"":""Repi"",""avatar"":""https://api.dicebear.com/8.x/rings/svg?seed=Repi""}}]",2026-08-24T22:06:52.120041848Z,[1787609212135],2026-08-24T22:06:52.138736315Z,,,true,2026-08-24T22:07:08.085311095Z,01M0TT467Q69C5HQ20GW6FRRF2,2026-08-24T22:06:12.104351664Z,"[""A2"",""C2"",""D1"",""A3""]",2026-08-24T21:29:08.482198868Z,true,2026-08-24T22:07:08.06210371Z,01M0TSZV8KEDQHAT4X33M1GG1C,2026-08-24T21:29:08.482198868Z,34,2026-08-24T21:29:08.482198868Z,false,2026-08-24T22:06:12.486023328Z,01M0TTBQPRE9XMJHBPDKM8GTC4,2026-08-24T22:06:12.104351664Z,,,48,2026-08-24T21:29:08.482198868Z,12,2026-08-24T21:29:08.482198868Z,training,2026-08-24T21:29:08.482198868Z,2,2026-08-24T21:29:08.482198868Z,4,2026-08-24T21:29:08.482198868Z,/tangrams/66_441.png,2026-08-24T22:07:08.085311095Z,/tangrams/66_441.png,2026-08-24T22:07:04.883664004Z,1787609223140,2026-08-24T22:07:04.891434162Z,1,2026-08-24T21:29:08.482198868Z,2,2026-08-24T21:29:10.095674209Z,true,2026-08-24T22:06:12.024866859Z,"[""/tangrams/66_441.png"",""/tangrams/202_441.png"",""/tangrams/20_314.png"",""/tangrams/66_24.png""]",2026-08-24T21:29:08.482198868Z,/tangrams/66_441.png,2026-08-24T21:29:08.482198868Z,A2,2026-08-24T21:29:08.482198868Z,10,2026-08-24T21:29:08.482198868Z,33,2026-08-24T21:29:08.482198868Z
01M0TTTPS7K0H2SN8HCS08WX4F,01M0TSZV7X3D77NKMM5CDCW4Z6,2026-08-24T21:29:08.647711332Z,"[{""text"":""Looks like a dogn leaning over to eat something off the ground"",""sender"":{""id"":""01M0TT467Q69C5HQ20GW6FRRF2"",""name"":""Repi"",""avatar"":""https://api.dicebear.com/8.x/rings/svg?seed=Repi""}}]",2026-08-24T22:03:45.925412913Z,[1787609025940],2026-08-24T22:03:45.941849821Z,,,true,2026-08-24T22:03:55.180888602Z,01M0TT467Q69C5HQ20GW6FRRF2,2026-08-24T22:03:24.002641343Z,"[""B4"",""A4"",""B1"",""D2""]",2026-08-24T21:29:08.647711332Z,true,2026-08-24T22:03:55.160833787Z,01M0TSZV8KEDQHAT4X33M1GG1C,2026-08-24T21:29:08.647711332Z,30,2026-08-24T21:29:08.647711332Z,false,2026-08-24T22:03:24.281777795Z,01M0TTBQPRE9XMJHBPDKM8GTC4,2026-08-24T22:03:24.002641343Z,,,48,2026-08-24T21:29:08.647711332Z,12,2026-08-24T21:29:08.647711332Z,training,2026-08-24T21:29:08.647711332Z,2,2026-08-24T21:29:08.647711332Z,4,2026-08-24T21:29:08.647711332Z,/tangrams/348_464.png,2026-08-24T22:03:55.180888602Z,/tangrams/348_464.png,2026-08-24T22:03:51.940957756Z,1787609030195,2026-08-24T22:03:51.932435582Z,1,2026-08-24T21:29:08.647711332Z,2,2026-08-24T21:29:09.844528525Z,true,2026-08-24T22:03:23.936952029Z,"[""/tangrams/348_464.png"",""/tangrams/66_464.png"",""/tangrams/348_314.png"",""/tangrams/20_441.png""]",2026-08-24T21:29:08.647711332Z,/tangrams/348_464.png,2026-08-24T21:29:08.647711332Z,B4,2026-08-24T21:29:08.647711332Z,6,2026-08-24T21:29:08.647711332Z,29,2026-08-24T21:29:08.647711332Z
01M0TTTPVCBKQZRQZN9J9GHT95,01M0TSZV7X3D77NKMM5CDCW4Z6,2026-08-24T21:29:08.717027795Z,"[{""text"":""left side has 2 large triangles and right side looks like a dog leaning over to eat something from the ground"",""sender"":{""id"":""01M0TT467Q69C5HQ20GW6FRRF2"",""name"":""Repi"",""avatar"":""https://api.dicebear.com/8.x/rings/svg?seed=Repi""}}]",2026-08-24T22:14:21.359477927Z,[1787609661377],2026-08-24T22:14:21.381954122Z,,,true,2026-08-24T22:14:35.524006837Z,01M0TT467Q69C5HQ20GW6FRRF2,2026-08-24T22:13:47.381350317Z,"[""D1"",""B1"",""A3"",""B4""]",2026-08-24T21:29:08.717027795Z,true,2026-08-24T22:14:35.492212666Z,01M0TSZV8KEDQHAT4X33M1GG1C,2026-08-24T21:29:08.717027795Z,46,2026-08-24T21:29:08.717027795Z,false,2026-08-24T22:13:47.640070942Z,01M0TTBQPRE9XMJHBPDKM8GTC4,2026-08-24T22:13:47.381350317Z,,,48,2026-08-24T21:29:08.717027795Z,12,2026-08-24T21:29:08.717027795Z,training,2026-08-24T21:29:08.717027795Z,3,2026-08-24T21:29:08.717027795Z,4,2026-08-24T21:29:08.717027795Z,/tangrams/348_314.png,2026-08-24T22:14:35.524006837Z,/tangrams/348_314.png,2026-08-24T22:14:32.19090195Z,1787609670407,2026-08-24T22:14:32.134410882Z,1,2026-08-24T21:29:08.717027795Z,2,2026-08-24T21:29:10.572964922Z,true,2026-08-24T22:13:47.30613093Z,"[""/tangrams/20_314.png"",""/tangrams/348_314.png"",""/tangrams/66_24.png"",""/tangrams/348_464.png""]",2026-08-24T21:29:08.717027795Z,/tangrams/348_314.png,2026-08-24T21:29:08.717027795Z,B1,2026-08-24T21:29:08.717027795Z,10,2026-08-24T21:29:08.717027795Z,45,2026-08-24T21:29:08.717027795Z
01M0TV7JQJKSXTB3WWZANJ82HR,01M0TTMTH8JPTHXWGXYEY1VFR8,2026-08-24T21:36:10.482854757Z,"[{""text"":""theres a triangle bottom left pointing right"",""sender"":{""id"":""01M0TTRGJ55RK21NQM11GGHNRN"",""name"":""Repi"",""avatar"":""https://api.dicebear.com/8.x/rings/svg?seed=Repi""}}]",2026-08-24T21:47:14.334597589Z,[1787608034344],2026-08-24T21:47:14.346421897Z,,,true,2026-08-24T21:47:24.908099611Z,01M0TTRGJ55RK21NQM11GGHNRN,2026-08-24T21:46:51.99269595Z,"[""D1"",""C2"",""B3"",""A4""]",2026-08-24T21:36:10.482854757Z,true,2026-08-24T21:47:24.891137411Z,01M0TTMWM9GSP2NP0T4CET96EB,2026-08-24T21:36:10.482854757Z,4,2026-08-24T21:36:10.482854757Z,false,2026-08-24T21:46:52.296785947Z,01M0TV363Y2QH3CGTPHSZR512P,2026-08-24T21:46:51.99269595Z,,,48,2026-08-24T21:36:10.482854757Z,12,2026-08-24T21:36:10.482854757Z,training,2026-08-24T21:36:10.482854757Z,0,2026-08-24T21:36:10.482854757Z,4,2026-08-24T21:36:10.482854757Z,/tangrams/202_441.png,2026-08-24T21:47:24.908099611Z,/tangrams/202_441.png,2026-08-24T21:47:21.75783928Z,1787608039951,2026-08-24T21:47:21.750352053Z,1,2026-08-24T21:36:10.482854757Z,2,2026-08-24T21:36:11.014325468Z,true,2026-08-24T21:46:51.944641326Z,"[""/tangrams/20_314.png"",""/tangrams/202_441.png"",""/tangrams/348_24.png"",""/tangrams/66_464.png""]",2026-08-24T21:36:10.482854757Z,/tangrams/202_441.png,2026-08-24T21:36:10.482854757Z,C2,2026-08-24T21:36:10.482854757Z,4,2026-08-24T21:36:10.482854757Z,3,2026-08-24T21:36:10.482854757Z
01M0TT9KHRMC2D3TMA8HK0NRVB,01M0TSZGJXR0N6DNTNARWRMFQ4,2026-08-24T21:19:48.280917534Z,,,,,,,,,,,"[""A2"",""B4"",""C1"",""D3""]",2026-08-24T21:19:48.280917534Z,false,2026-08-24T21:19:48.280917534Z,01M0TSZGKE32G3R2H2EPQFBQNN,2026-08-24T21:19:48.280917534Z,5,2026-08-24T21:19:48.280917534Z,,,,,,,48,2026-08-24T21:19:48.280917534Z,12,2026-08-24T21:19:48.280917534Z,training,2026-08-24T21:19:48.280917534Z,0,2026-08-24T21:19:48.280917534Z,4,2026-08-24T21:19:48.280917534Z,,,,2026-08-24T21:19:48.280917534Z,,,0,2026-08-24T21:19:48.280917534Z,2,2026-08-24T21:19:48.518393672Z,false,2026-08-24T21:19:48.280917534Z,"[""/tangrams/138_339.png"",""/tangrams/366_66.png"",""/tangrams/422_244.png"",""/tangrams/279_405.png""]",2026-08-24T21:19:48.280917534Z,/tangrams/279_405.png,2026-08-24T21:19:48.280917534Z,D3,2026-08-24T21:19:48.280917534Z,5,2026-08-24T21:19:48.280917534Z,4,2026-08-24T21:19:48.280917534Z
01M0TT9KJZNAW68RQM0RM81X8P,01M0TSZGJXR0N6DNTNARWRMFQ4,2026-08-24T21:19:48.319527222Z,,,,,,,,,,,"[""A2"",""D3"",""B4"",""C1""]",2026-08-24T21:19:48.319527222Z,false,2026-08-24T21:19:48.319527222Z,01M0TSZGKE32G3R2H2EPQFBQNN,2026-08-24T21:19:48.319527222Z,37,2026-08-24T21:19:48.319527222Z,,,,,,,48,2026-08-24T21:19:48.319527222Z,12,2026-08-24T21:19:48.319527222Z,training,2026-08-24T21:19:48.319527222Z,3,2026-08-24T21:19:48.319527222Z,4,2026-08-24T21:19:48.319527222Z,,,,2026-08-24T21:19:48.319527222Z,,,0,2026-08-24T21:19:48.319527222Z,2,2026-08-24T21:19:49.212466962Z,false,2026-08-24T21:19:48.319527222Z,"[""/tangrams/138_339.png"",""/tangrams/279_405.png"",""/tangrams/366_66.png"",""/tangrams/422_244.png""]",2026-08-24T21:19:48.319527222Z,/tangrams/138_339.png,2026-08-24T21:19:48.319527222Z,A2,2026-08-24T21:19:48.319527222Z,1,2026-08-24T21:19:48.319527222Z,36,2026-08-24T21:19:48.319527222Z
01M0TTKDFH4B0Z8EW26D39WSC9,01M0TSZGJXR0N6DNTNARWRMFQ4,2026-08-24T21:25:09.74562373Z,,,,,,,,,,,"[""D3"",""B1"",""A2"",""D1""]",2026-08-24T21:25:09.74562373Z,false,2026-08-24T21:25:09.74562373Z,01M0TSZGKM72FFW193EYG47F25,2026-08-24T21:25:09.74562373Z,43,2026-08-24T21:25:09.74562373Z,,,,,,,48,2026-08-24T21:25:09.74562373Z,12,2026-08-24T21:25:09.74562373Z,training,2026-08-24T21:25:09.74562373Z,3,2026-08-24T21:25:09.74562373Z,4,2026-08-24T21:25:09.74562373Z,,,,2026-08-24T21:25:09.74562373Z,,,0,2026-08-24T21:25:09.74562373Z,2,2026-08-24T21:25:10.60469061Z,false,2026-08-24T21:25:09.74562373Z,"[""/tangrams/279_405.png"",""/tangrams/366_244.png"",""/tangrams/138_339.png"",""/tangrams/279_244.png""]",2026-08-24T21:25:09.74562373Z,/tangrams/279_244.png,2026-08-24T21:25:09.74562373Z,D1,2026-08-24T21:25:09.74562373Z,7,2026-08-24T21:25:09.74562373Z,42,2026-08-24T21:25:09.74562373Z
01M0TTMQY3KB70QWAD9TG93PRN,01M0TSZV7X3D77NKMM5CDCW4Z6,2026-08-24T21:25:53.219572961Z,"[{""text"":""box in it"",""sender"":{""id"":""01M0TT4JP6VSYSTADD58E33WM9"",""name"":""Repi"",""avatar"":""https://api.dicebear.com/8.x/rings/svg?seed=Repi""}}]",2026-08-24T21:54:07.438056483Z,[1787608447452],2026-08-24T21:54:07.453911055Z,,,true,2026-08-24T21:54:13.045020235Z,01M0TT4JP6VSYSTADD58E33WM9,2026-08-24T21:54:01.541633588Z,"[""B1"",""A2"",""D3"",""C4""]",2026-08-24T21:25:53.219572961Z,true,2026-08-24T21:54:13.026649402Z,01M0TSZV8ERABP36QP2627EVMT,2026-08-24T21:25:53.219572961Z,44,2026-08-24T21:25:53.219572961Z,false,2026-08-24T21:54:01.704025601Z,01M0TT4SREDP4QR1H8V4E3X5G9,2026-08-24T21:54:01.541633588Z,,,48,2026-08-24T21:25:53.219572961Z,12,2026-08-24T21:25:53.219572961Z,training,2026-08-24T21:25:53.219572961Z,3,2026-08-24T21:25:53.219572961Z,4,2026-08-24T21:25:53.219572961Z,/tangrams/20_24.png,2026-08-24T21:54:13.045020235Z,/tangrams/20_24.png,2026-08-24T21:54:09.867511035Z,1787608448901,2026-08-24T21:54:09.842665971Z,1,2026-08-24T21:25:53.219572961Z,2,2026-08-24T21:25:54.271175632Z,true,2026-08-24T21:54:01.483340922Z,"[""/tangrams/348_314.png"",""/tangrams/66_441.png"",""/tangrams/20_24.png"",""/tangrams/202_464.png""]",2026-08-24T21:25:53.219572961Z,/tangrams/20_24.png,2026-08-24T21:25:53.219572961Z,D3,2026-08-24T21:25:53.219572961Z,8,2026-08-24T21:25:53.219572961Z,43,2026-08-24T21:25:53.219572961Z
01M0TV7JW1WFYP9M7JT4159R8G,01M0TTMTH8JPTHXWGXYEY1VFR8,2026-08-24T21:36:10.625324365Z,"[{""text"":""Tree"",""sender"":{""id"":""01M0TV363Y2QH3CGTPHSZR512P"",""name"":""Minu"",""avatar"":""https://api.dicebear.com/8.x/rings/svg?seed=Minu""}}]",2026-08-24T22:02:23.305479524Z,[1787608943320],2026-08-24T22:02:23.322779785Z,,,true,2026-08-24T22:02:31.35369897Z,01M0TV363Y2QH3CGTPHSZR512P,2026-08-24T22:02:16.848969308Z,"[""D1"",""C2"",""A3"",""B4""]",2026-08-24T21:36:10.625324365Z,true,2026-08-24T22:02:31.329716722Z,01M0TTMWM9GSP2NP0T4CET96EB,2026-08-24T21:36:10.625324365Z,41,2026-08-24T21:36:10.625324365Z,false,2026-08-24T22:02:17.118515219Z,01M0TTRGJ55RK21NQM11GGHNRN,2026-08-24T22:02:16.848969308Z,,,48,2026-08-24T21:36:10.625324365Z,12,2026-08-24T21:36:10.625324365Z,training,2026-08-24T21:36:10.625324365Z,3,2026-08-24T21:36:10.625324365Z,4,2026-08-24T21:36:10.625324365Z,/tangrams/348_464.png,2026-08-24T22:02:31.35369897Z,/tangrams/348_464.png,2026-08-24T22:02:28.142136177Z,1787608948620,2026-08-24T22:02:28.151530583Z,1,2026-08-24T21:36:10.625324365Z,2,2026-08-24T21:36:12.137509934Z,true,2026-08-24T22:02:16.779624941Z,"[""/tangrams/20_314.png"",""/tangrams/202_441.png"",""/tangrams/66_24.png"",""/tangrams/348_464.png""]",2026-08-24T21:36:10.625324365Z,/tangrams/348_464.png,2026-08-24T21:36:10.625324365Z,B4,2026-08-24T21:36:10.625324365Z,5,2026-08-24T21:36:10.625324365Z,40,2026-08-24T21:36:10.625324365Z
01M0TT9KK5RBRE6T1ZYSFR3TVA,01M0TSZGJXR0N6DNTNARWRMFQ4,2026-08-24T21:19:48.325712875Z,,,,,,,,,,,"[""A2"",""C4"",""D1"",""B3""]",2026-08-24T21:19:48.325712875Z,false,2026-08-24T21:19:48.325712875Z,01M0TSZGKE32G3R2H2EPQFBQNN,2026-08-24T21:19:48.325712875Z,33,2026-08-24T21:19:48.325712875Z,,,,,,,48,2026-08-24T21:19:48.325712875Z,12,2026-08-24T21:19:48.325712875Z,training,2026-08-24T21:19:48.325712875Z,2,2026-08-24T21:19:48.325712875Z,4,2026-08-24T21:19:48.325712875Z,,,,2026-08-24T21:19:48.325712875Z,,,0,2026-08-24T21:19:48.325712875Z,2,2026-08-24T21:19:49.152324409Z,false,2026-08-24T21:19:48.325712875Z,"[""/tangrams/138_339.png"",""/tangrams/422_66.png"",""/tangrams/279_244.png"",""/tangrams/366_405.png""]",2026-08-24T21:19:48.325712875Z,/tangrams/422_66.png,2026-08-24T21:19:48.325712875Z,C4,2026-08-24T21:19:48.325712875Z,9,2026-08-24T21:19:48.325712875Z,32,2026-08-24T21:19:48.325712875Z
01M0TTA5BZQHKCWYDNHB3BT1C9,01M0TSZV7X3D77NKMM5CDCW4Z6,2026-08-24T21:20:06.527995072Z,"[{""text"":""working hard for the money :-)"",""sender"":{""id"":""01M0TT3ZTTV22XQGZD0K61T6A4"",""name"":""Repi"",""avatar"":""https://api.dicebear.com/8.x/rings/svg?seed=Repi""}},{""text"":""The house shape, with a triangle cutout at the bottom in white, and a triangle with square bottom cutout in white in the middle of it"",""sender"":{""id"":""01M0TT4SZRTK7MV5T48R9G1GQH"",""name"":""Minu"",""avatar"":""https://api.dicebear.com/8.x/rings/svg?seed=Minu""}}]",2026-08-24T21:36:49.430637059Z,"[1787607391012,1787607409440]",2026-08-24T21:36:49.441958767Z,,,true,2026-08-24T21:37:04.056706679Z,01M0TT4SZRTK7MV5T48R9G1GQH,2026-08-24T21:36:18.647841451Z,"[""F2"",""B2"",""D4"",""F4""]",2026-08-24T21:20:06.527995072Z,true,2026-08-24T21:37:04.042057948Z,01M0TSZV8KEDQHAT4X3FNKVS2B,2026-08-24T21:20:06.527995072Z,19,2026-08-24T21:20:06.527995072Z,false,2026-08-24T21:36:18.827228872Z,01M0TT3ZTTV22XQGZD0K61T6A4,2026-08-24T21:36:18.647841451Z,,,48,2026-08-24T21:20:06.527995072Z,12,2026-08-24T21:20:06.527995072Z,training,2026-08-24T21:20:06.527995072Z,1,2026-08-24T21:20:06.527995072Z,4,2026-08-24T21:20:06.527995072Z,/tangrams/366_339.png,2026-08-24T21:37:04.056706679Z,/tangrams/366_339.png,2026-08-24T21:37:00.917939603Z,1787607420838,2026-08-24T21:37:00.933233669Z,0,2026-08-24T21:20:06.527995072Z,2,2026-08-24T21:20:06.999630757Z,true,2026-08-24T21:36:18.57481396Z,"[""/tangrams/290_64.png"",""/tangrams/366_339.png"",""/tangrams/279_66.png"",""/tangrams/434_227.png""]",2026-08-24T21:20:06.527995072Z,/tangrams/366_339.png,2026-08-24T21:20:06.527995072Z,B2,2026-08-24T21:20:06.527995072Z,7,2026-08-24T21:20:06.527995072Z,18,2026-08-24T21:20:06.527995072Z
01M0TTKMTXC146RW0950DANKEG,01M0TSZEX52H0PZDJFB4JNEAFW,2026-08-24T21:25:17.27724612Z,"[{""text"":""pizza hut shape on top with white rectangle inside"",""sender"":{""id"":""01M0TTF3ADJ36CYQBD8356XFNQ"",""name"":""Minu"",""avatar"":""https://api.dicebear.com/8.x/rings/svg?seed=Minu""}}]",2026-08-24T21:40:03.222082324Z,[1787607603231],2026-08-24T21:40:03.233678197Z,,,true,2026-08-24T21:40:12.206393203Z,01M0TTF3ADJ36CYQBD8356XFNQ,2026-08-24T21:39:39.447201476Z,"[""C4"",""D1"",""B3"",""A2""]",2026-08-24T21:25:17.27724612Z,true,2026-08-24T21:40:12.192756871Z,01M0TSZEY173D8F3KEP071GR06,2026-08-24T21:25:17.27724612Z,13,2026-08-24T21:25:17.27724612Z,false,2026-08-24T21:39:39.612782251Z,01M0TT55D1DRDQ3JPT1CDTT5VN,2026-08-24T21:39:39.447201476Z,,,48,2026-08-24T21:25:17.27724612Z,12,2026-08-24T21:25:17.27724612Z,training,2026-08-24T21:25:17.27724612Z,1,2026-08-24T21:25:17.27724612Z,4,2026-08-24T21:25:17.27724612Z,/tangrams/422_66.png,2026-08-24T21:40:12.206393203Z,/tangrams/422_66.png,2026-08-24T21:40:09.055098759Z,1787607608738,2026-08-24T21:40:09.040744402Z,0,2026-08-24T21:25:17.27724612Z,2,2026-08-24T21:25:17.842533045Z,true,2026-08-24T21:39:39.401599498Z,"[""/tangrams/422_66.png"",""/tangrams/279_244.png"",""/tangrams/366_405.png"",""/tangrams/138_339.png""]",2026-08-24T21:25:17.27724612Z,/tangrams/422_66.png,2026-08-24T21:25:17.27724612Z,C4,2026-08-24T21:25:17.27724612Z,1,2026-08-24T21:25:17.27724612Z,12,2026-08-24T21:25:17.27724612Z
01M0TTMQPD2YWF5PYTK023N83A,01M0TSZV7X3D77NKMM5CDCW4Z6,2026-08-24T21:25:52.973676756Z,,,,,,,,,,,,,true,2026-08-24T21:32:41.776295966Z,01M0TSZV8ERABP36QP2627EVMT,2026-08-24T21:25:52.973676756Z,0,2026-08-24T21:25:52.973676756Z,false,2026-08-24T21:25:58.13705757Z,,,20,2026-08-24T21:25:52.973676756Z,,,,,pretest,2026-08-24T21:25:52.973676756Z,,,,,,,,2026-08-24T21:25:57.989080623Z,,,,,1,2026-08-24T21:25:53.307279825Z,true,2026-08-24T21:25:55.50117729Z,[],2026-08-24T21:25:52.973676756Z,,2026-08-24T21:25:52.973676756Z,,,,,,
01M0TV7JYPJ9C4CPFXCBGQ6BEV,01M0TTMTH8JPTHXWGXYEY1VFR8,2026-08-24T21:36:10.710525454Z,"[{""text"":""tree fell over"",""sender"":{""id"":""01M0TTRGJ55RK21NQM11GGHNRN"",""name"":""Repi"",""avatar"":""https://api.dicebear.com/8.x/rings/svg?seed=Repi""}}]",2026-08-24T21:59:35.628313185Z,[1787608775642],2026-08-24T21:59:35.644097023Z,,,true,2026-08-24T21:59:44.811365947Z,01M0TTRGJ55RK21NQM11GGHNRN,2026-08-24T21:59:26.482599282Z,"[""D3"",""A2"",""C1"",""B4""]",2026-08-24T21:36:10.710525454Z,true,2026-08-24T21:59:44.793954459Z,01M0TTMWM9GSP2NP0T4CET96EB,2026-08-24T21:36:10.710525454Z,32,2026-08-24T21:36:10.710525454Z,false,2026-08-24T21:59:26.742090124Z,01M0TV363Y2QH3CGTPHSZR512P,2026-08-24T21:59:26.482599282Z,,,48,2026-08-24T21:36:10.710525454Z,12,2026-08-24T21:36:10.710525454Z,training,2026-08-24T21:36:10.710525454Z,2,2026-08-24T21:36:10.710525454Z,4,2026-08-24T21:36:10.710525454Z,/tangrams/348_464.png,2026-08-24T21:59:44.811365947Z,/tangrams/348_464.png,2026-08-24T21:59:41.620323198Z,1787608779810,2026-08-24T21:59:41.61091048Z,1,2026-08-24T21:36:10.710525454Z,2,2026-08-24T21:36:11.86263356Z,true,2026-08-24T21:59:26.406802763Z,"[""/tangrams/20_24.png"",""/tangrams/66_441.png"",""/tangrams/202_314.png"",""/tangrams/348_464.png""]",2026-08-24T21:36:10.710525454Z,/tangrams/348_464.png,2026-08-24T21:36:10.710525454Z,B4,2026-08-24T21:36:10.710525454Z,8,2026-08-24T21:36:10.710525454Z,31,2026-08-24T21:36:10.710525454Z
01M0TT9KFS7M1X3BEW6QGG6SET,01M0TSZGJXR0N6DNTNARWRMFQ4,2026-08-24T21:19:48.217103178Z,,,,,,,,,,,"[""A2"",""C1"",""B4"",""D3""]",2026-08-24T21:19:48.217103178Z,false,2026-08-24T21:19:48.217103178Z,01M0TSZGKE32G3R2H2EPQFBQNN,2026-08-24T21:19:48.217103178Z,19,2026-08-24T21:19:48.217103178Z,,,,,,,48,2026-08-24T21:19:48.217103178Z,12,2026-08-24T21:19:48.217103178Z,training,2026-08-24T21:19:48.217103178Z,1,2026-08-24T21:19:48.217103178Z,4,2026-08-24T21:19:48.217103178Z,,,,2026-08-24T21:19:48.217103178Z,,,0,2026-08-24T21:19:48.217103178Z,2,2026-08-24T21:19:48.865829394Z,false,2026-08-24T21:19:48.217103178Z,"[""/tangrams/138_339.png"",""/tangrams/422_244.png"",""/tangrams/366_66.png"",""/tangrams/279_405.png""]",2026-08-24T21:19:48.217103178Z,/tangrams/422_244.png,2026-08-24T21:19:48.217103178Z,C1,2026-08-24T21:19:48.217103178Z,7,2026-08-24T21:19:48.217103178Z,18,2026-08-24T21:19:48.217103178Z
01M0TTA5CGRVRSQADMNYDVN910,01M0TSZV7X3D77NKMM5CDCW4Z6,2026-08-24T21:20:06.54460617Z,"[{""text"":""arrow down on bottom.  arrow up on top"",""sender"":{""id"":""01M0TT3ZTTV22XQGZD0K61T6A4"",""name"":""Repi"",""avatar"":""https://api.dicebear.com/8.x/rings/svg?seed=Repi""}}]",2026-08-24T21:40:19.323060338Z,[1787607619332],2026-08-24T21:40:19.334999248Z,,,true,2026-08-24T21:40:26.729857678Z,01M0TT3ZTTV22XQGZD0K61T6A4,2026-08-24T21:40:05.152984567Z,"[""F4"",""B2"",""F7"",""F1""]",2026-08-24T21:20:06.54460617Z,true,2026-08-24T21:40:26.716795023Z,01M0TSZV8KEDQHAT4X3FNKVS2B,2026-08-24T21:20:06.54460617Z,26,2026-08-24T21:20:06.54460617Z,false,2026-08-24T21:40:05.314181902Z,01M0TT4SZRTK7MV5T48R9G1GQH,2026-08-24T21:40:05.152984567Z,,,48,2026-08-24T21:20:06.54460617Z,12,2026-08-24T21:20:06.54460617Z,training,2026-08-24T21:20:06.54460617Z,2,2026-08-24T21:20:06.54460617Z,4,2026-08-24T21:20:06.54460617Z,/tangrams/119_182.png,2026-08-24T21:40:26.729857678Z,/tangrams/119_182.png,2026-08-24T21:40:23.572587597Z,1787607623465,2026-08-24T21:40:23.566292155Z,0,2026-08-24T21:20:06.54460617Z,2,2026-08-24T21:20:07.135914567Z,true,2026-08-24T21:40:05.099368165Z,"[""/tangrams/434_227.png"",""/tangrams/366_339.png"",""/tangrams/411_352.png"",""/tangrams/119_182.png""]",2026-08-24T21:20:06.54460617Z,/tangrams/119_182.png,2026-08-24T21:20:06.54460617Z,F1,2026-08-24T21:20:06.54460617Z,2,2026-08-24T21:20:06.54460617Z,25,2026-08-24T21:20:06.54460617Z
01M0TTKDAEV8K0P9D80F70BCWR,01M0TSZGJXR0N6DNTNARWRMFQ4,2026-08-24T21:25:09.582569494Z,,,,,,,,,,,"[""B3"",""D1"",""D2"",""C1""]",2026-08-24T21:25:09.582569494Z,false,2026-08-24T21:25:09.582569494Z,01M0TSZGKM72FFW193EYG47F25,2026-08-24T21:25:09.582569494Z,2,2026-08-24T21:25:09.582569494Z,,,,,,,48,2026-08-24T21:25:09.582569494Z,12,2026-08-24T21:25:09.582569494Z,training,2026-08-24T21:25:09.582569494Z,0,2026-08-24T21:25:09.582569494Z,4,2026-08-24T21:25:09.582569494Z,,,,2026-08-24T21:25:09.582569494Z,,,0,2026-08-24T21:25:09.582569494Z,2,2026-08-24T21:25:09.870772805Z,false,2026-08-24T21:25:09.582569494Z,"[""/tangrams/366_405.png"",""/tangrams/279_244.png"",""/tangrams/279_339.png"",""/tangrams/422_244.png""]",2026-08-24T21:25:09.582569494Z,/tangrams/279_244.png,2026-08-24T21:25:09.582569494Z,D1,2026-08-24T21:25:09.582569494Z,2,2026-08-24T21:25:09.582569494Z,1,2026-08-24T21:25:09.582569494Z
01M0TTMQQYKF38FQ514C3D9KW9,01M0TSZV7X3D77NKMM5CDCW4Z6,2026-08-24T21:25:53.022256812Z,"[{""text"":""triangle bottom left"",""sender"":{""id"":""01M0TT4SREDP4QR1H8V4E3X5G9"",""name"":""Minu"",""avatar"":""https://api.dicebear.com/8.x/rings/svg?seed=Minu""}}]",2026-08-24T21:54:54.10484452Z,[1787608494120],2026-08-24T21:54:54.123153222Z,,,true,2026-08-24T21:55:01.566771565Z,01M0TT4SREDP4QR1H8V4E3X5G9,2026-08-24T21:54:48.061076566Z,"[""D2"",""B4"",""C1"",""A3""]",2026-08-24T21:25:53.022256812Z,true,2026-08-24T21:55:01.5412337Z,01M0TSZV8ERABP36QP2627EVMT,2026-08-24T21:25:53.022256812Z,47,2026-08-24T21:25:53.022256812Z,false,2026-08-24T21:54:48.237102874Z,01M0TT4JP6VSYSTADD58E33WM9,2026-08-24T21:54:48.061076566Z,,,48,2026-08-24T21:25:53.022256812Z,12,2026-08-24T21:25:53.022256812Z,training,2026-08-24T21:25:53.022256812Z,3,2026-08-24T21:25:53.022256812Z,4,2026-08-24T21:25:53.022256812Z,/tangrams/20_441.png,2026-08-24T21:55:01.566771565Z,/tangrams/20_441.png,2026-08-24T21:54:58.356958031Z,1787608496784,2026-08-24T21:54:58.365860839Z,1,2026-08-24T21:25:53.022256812Z,2,2026-08-24T21:25:54.324800883Z,true,2026-08-24T21:54:47.969988839Z,"[""/tangrams/20_441.png"",""/tangrams/348_464.png"",""/tangrams/202_314.png"",""/tangrams/66_24.png""]",2026-08-24T21:25:53.022256812Z,/tangrams/20_441.png,2026-08-24T21:25:53.022256812Z,D2,2026-08-24T21:25:53.022256812Z,11,2026-08-24T21:25:53.022256812Z,46,2026-08-24T21:25:53.022256812Z
01M0TT9KJ5QEEBHCKM27ZWDBPE,01M0TSZGJXR0N6DNTNARWRMFQ4,2026-08-24T21:19:48.294003859Z,,,,,,,,,,,"[""D2"",""A4"",""B3"",""C1""]",2026-08-24T21:19:48.294003859Z,false,2026-08-24T21:19:48.294003859Z,01M0TSZGKE32G3R2H2EPQFBQNN,2026-08-24T21:19:48.294003859Z,45,2026-08-24T21:19:48.294003859Z,,,,,,,48,2026-08-24T21:19:48.294003859Z,12,2026-08-24T21:19:48.294003859Z,training,2026-08-24T21:19:48.294003859Z,3,2026-08-24T21:19:48.294003859Z,4,2026-08-24T21:19:48.294003859Z,,,,2026-08-24T21:19:48.294003859Z,,,0,2026-08-24T21:19:48.294003859Z,2,2026-08-24T21:19:49.358632501Z,false,2026-08-24T21:19:48.294003859Z,"[""/tangrams/279_339.png"",""/tangrams/138_66.png"",""/tangrams/366_405.png"",""/tangrams/422_244.png""]",2026-08-24T21:19:48.294003859Z,/tangrams/422_244.png,2026-08-24T21:19:48.294003859Z,C1,2026-08-24T21:19:48.294003859Z,9,2026-08-24T21:19:48.294003859Z,44,2026-08-24T21:19:48.294003859Z
01M0TTA5ATM7240H019YJV4N91,01M0TSZV7X3D77NKMM5CDCW4Z6,2026-08-24T21:20:06.490792143Z,"[{""text"":""smiley at bottom.  squashed turtle.  Take care!"",""sender"":{""id"":""01M0TT3ZTTV22XQGZD0K61T6A4"",""name"":""Repi"",""avatar"":""https://api.dicebear.com/8.x/rings/svg?seed=Repi""}},{""text"":""You too!"",""sender"":{""id"":""01M0TT4SZRTK7MV5T48R9G1GQH"",""name"":""Minu"",""avatar"":""https://api.dicebear.com/8.x/rings/svg?seed=Minu""}}]",2026-08-24T21:49:19.71215828Z,"[1787608151147,1787608159724]",2026-08-24T21:49:19.726008018Z,,,true,2026-08-24T21:49:24.907454095Z,01M0TT3ZTTV22XQGZD0K61T6A4,2026-08-24T21:48:51.301724696Z,"[""A1"",""F3"",""D4"",""F1""]",2026-08-24T21:20:06.490792143Z,true,2026-08-24T21:49:24.887277673Z,01M0TSZV8KEDQHAT4X3FNKVS2B,2026-08-24T21:20:06.490792143Z,48,2026-08-24T21:20:06.490792143Z,false,2026-08-24T21:48:51.454409943Z,01M0TT4SZRTK7MV5T48R9G1GQH,2026-08-24T21:48:51.301724696Z,,,48,2026-08-24T21:20:06.490792143Z,12,2026-08-24T21:20:06.490792143Z,training,2026-08-24T21:20:06.490792143Z,3,2026-08-24T21:20:06.490792143Z,4,2026-08-24T21:20:06.490792143Z,/tangrams/170_154.png,2026-08-24T21:49:24.907454095Z,/tangrams/170_154.png,2026-08-24T21:49:21.747898343Z,1787608161632,2026-08-24T21:49:21.754791456Z,0,2026-08-24T21:20:06.490792143Z,2,2026-08-24T21:20:07.528184205Z,true,2026-08-24T21:48:51.235749259Z,"[""/tangrams/138_244.png"",""/tangrams/170_154.png"",""/tangrams/279_66.png"",""/tangrams/119_182.png""]",2026-08-24T21:20:06.490792143Z,/tangrams/170_154.png,2026-08-24T21:20:06.490792143Z,F3,2026-08-24T21:20:06.490792143Z,12,2026-08-24T21:20:06.490792143Z,47,2026-08-24T21:20:06.490792143Z
01M0TTMQRGQVPV7Y6EZ7VKJX36,01M0TSZV7X3D77NKMM5CDCW4Z6,2026-08-24T21:25:53.040487282Z,"[{""text"":""square in middle"",""sender"":{""id"":""01M0TT4SREDP4QR1H8V4E3X5G9"",""name"":""Minu"",""avatar"":""https://api.dicebear.com/8.x/rings/svg?seed=Minu""}}]",2026-08-24T21:34:33.575653588Z,[1787607273583],2026-08-24T21:34:33.585893305Z,,,true,2026-08-24T21:34:51.710487867Z,01M0TT4SREDP4QR1H8V4E3X5G9,2026-08-24T21:34:25.806130982Z,"[""D1"",""A3"",""C2"",""B4""]",2026-08-24T21:25:53.040487282Z,true,2026-08-24T21:34:51.69884424Z,01M0TSZV8ERABP36QP2627EVMT,2026-08-24T21:25:53.040487282Z,3,2026-08-24T21:25:53.040487282Z,false,2026-08-24T21:34:25.93042279Z,01M0TT4JP6VSYSTADD58E33WM9,2026-08-24T21:34:25.806130982Z,,,48,2026-08-24T21:25:53.040487282Z,12,2026-08-24T21:25:53.040487282Z,training,2026-08-24T21:25:53.040487282Z,0,2026-08-24T21:25:53.040487282Z,4,2026-08-24T21:25:53.040487282Z,/tangrams/66_24.png,2026-08-24T21:34:51.710487867Z,/tangrams/66_24.png,2026-08-24T21:34:48.550855795Z,1787607286973,2026-08-24T21:34:48.555589517Z,1,2026-08-24T21:25:53.040487282Z,2,2026-08-24T21:25:53.410227523Z,true,2026-08-24T21:34:25.758307207Z,"[""/tangrams/20_314.png"",""/tangrams/66_24.png"",""/tangrams/202_441.png"",""/tangrams/348_464.png""]",2026-08-24T21:25:53.040487282Z,/tangrams/66_24.png,2026-08-24T21:25:53.040487282Z,A3,2026-08-24T21:25:53.040487282Z,3,2026-08-24T21:25:53.040487282Z,2,2026-08-24T21:25:53.040487282Z
01M0TT9KGQ6KZX88Y2EST3J2KB,01M0TSZGJXR0N6DNTNARWRMFQ4,2026-08-24T21:19:48.247088301Z,,,,,,,,,,,"[""C2"",""D1"",""B3"",""A4""]",2026-08-24T21:19:48.247088301Z,false,2026-08-24T21:19:48.247088301Z,01M0TSZGKE32G3R2H2EPQFBQNN,2026-08-24T21:19:48.247088301Z,8,2026-08-24T21:19:48.247088301Z,,,,,,,48,2026-08-24T21:19:48.247088301Z,12,2026-08-24T21:19:48.247088301Z,training,2026-08-24T21:19:48.247088301Z,0,2026-08-24T21:19:48.247088301Z,4,2026-08-24T21:19:48.247088301Z,,,,2026-08-24T21:19:48.247088301Z,,,0,2026-08-24T21:19:48.247088301Z,2,2026-08-24T21:19:48.605597849Z,false,2026-08-24T21:19:48.247088301Z,"[""/tangrams/422_339.png"",""/tangrams/279_244.png"",""/tangrams/366_405.png"",""/tangrams/138_66.png""]",2026-08-24T21:19:48.247088301Z,/tangrams/366_405.png,2026-08-24T21:19:48.247088301Z,B3,2026-08-24T21:19:48.247088301Z,8,2026-08-24T21:19:48.247088301Z,7,2026-08-24T21:19:48.247088301Z
01M0TTK1623V9W51H3M59G5KX6,01M0TSZEX52H0PZDJFB4JNEAFW,2026-08-24T21:24:57.154677023Z,"[{""text"":""diamond top"",""sender"":{""id"":""01M0TT7ZVRQQW92P55GPN9KMMS"",""name"":""Minu"",""avatar"":""https://api.dicebear.com/8.x/rings/svg?seed=Minu""}},{""text"":""house"",""sender"":{""id"":""01M0TT7ZVRQQW92P55GPN9KMMS"",""name"":""Minu"",""avatar"":""https://api.dicebear.com/8.x/rings/svg?seed=Minu""}},{""text"":""looks like a box"",""sender"":{""id"":""01M0TT7ZVRQQW92P55GPN9KMMS"",""name"":""Minu"",""avatar"":""https://api.dicebear.com/8.x/rings/svg?seed=Minu""}}]",2026-08-24T22:09:37.388181318Z,"[1787609366634,1787609369835,1787609377403]",2026-08-24T22:09:37.406983039Z,,,true,2026-08-24T22:09:43.211311661Z,01M0TT7ZVRQQW92P55GPN9KMMS,2026-08-24T22:09:18.107062447Z,"[""A4"",""C4"",""A2"",""D1""]",2026-08-24T21:24:57.154677023Z,true,2026-08-24T22:09:43.183116178Z,01M0TSZEY54T11A9AMGVA6T4ZB,2026-08-24T21:24:57.154677023Z,39,2026-08-24T21:24:57.154677023Z,false,2026-08-24T22:09:18.298989672Z,01M0TT7FNH08P86PFHWCV3NRS8,2026-08-24T22:09:18.107062447Z,,,48,2026-08-24T21:24:57.154677023Z,12,2026-08-24T21:24:57.154677023Z,training,2026-08-24T21:24:57.154677023Z,3,2026-08-24T21:24:57.154677023Z,4,2026-08-24T21:24:57.154677023Z,/tangrams/138_66.png,2026-08-24T22:09:43.211311661Z,/tangrams/138_66.png,2026-08-24T22:09:39.960523029Z,1787609380091,2026-08-24T22:09:39.969572674Z,0,2026-08-24T21:24:57.154677023Z,2,2026-08-24T21:24:57.962864554Z,true,2026-08-24T22:09:18.041421893Z,"[""/tangrams/138_66.png"",""/tangrams/422_66.png"",""/tangrams/138_339.png"",""/tangrams/279_244.png""]",2026-08-24T21:24:57.154677023Z,/tangrams/138_66.png,2026-08-24T21:24:57.154677023Z,A4,2026-08-24T21:24:57.154677023Z,3,2026-08-24T21:24:57.154677023Z,38,2026-08-24T21:24:57.154677023Z
01M0TV7JPYV60WKC5G63QXA88H,01M0TTMTH8JPTHXWGXYEY1VFR8,2026-08-24T21:36:10.46253715Z,"[{""text"":""tree rotated 90 deg"",""sender"":{""id"":""01M0TTRGJ55RK21NQM11GGHNRN"",""name"":""Repi"",""avatar"":""https://api.dicebear.com/8.x/rings/svg?seed=Repi""}}]",2026-08-24T21:48:19.987212358Z,[1787608099999],2026-08-24T21:48:20.000648594Z,,,true,2026-08-24T21:48:29.961419017Z,01M0TTRGJ55RK21NQM11GGHNRN,2026-08-24T21:48:04.947579693Z,"[""A2"",""C4"",""B1"",""D3""]",2026-08-24T21:36:10.46253715Z,true,2026-08-24T21:48:29.946929468Z,01M0TTMWM9GSP2NP0T4CET96EB,2026-08-24T21:36:10.46253715Z,6,2026-08-24T21:36:10.46253715Z,false,2026-08-24T21:48:05.223375231Z,01M0TV363Y2QH3CGTPHSZR512P,2026-08-24T21:48:04.947579693Z,,,48,2026-08-24T21:36:10.46253715Z,12,2026-08-24T21:36:10.46253715Z,training,2026-08-24T21:36:10.46253715Z,0,2026-08-24T21:36:10.46253715Z,4,2026-08-24T21:36:10.46253715Z,/tangrams/202_464.png,2026-08-24T21:48:29.961419017Z,/tangrams/202_464.png,2026-08-24T21:48:26.805744708Z,1787608104991,2026-08-24T21:48:26.798250032Z,1,2026-08-24T21:36:10.46253715Z,2,2026-08-24T21:36:11.073915754Z,true,2026-08-24T21:48:04.896559975Z,"[""/tangrams/66_441.png"",""/tangrams/202_464.png"",""/tangrams/348_314.png"",""/tangrams/20_24.png""]",2026-08-24T21:36:10.46253715Z,/tangrams/202_464.png,2026-08-24T21:36:10.46253715Z,C4,2026-08-24T21:36:10.46253715Z,6,2026-08-24T21:36:10.46253715Z,5,2026-08-24T21:36:10.46253715Z
01M0TTKMXDKZA2RWCK7K9YQTQK,01M0TSZEX52H0PZDJFB4JNEAFW,2026-08-24T21:25:17.357299526Z,"[{""text"":""house shape with white house shape inside"",""sender"":{""id"":""01M0TTF3ADJ36CYQBD8356XFNQ"",""name"":""Minu"",""avatar"":""https://api.dicebear.com/8.x/rings/svg?seed=Minu""}},{""text"":""?"",""sender"":{""id"":""01M0TT55D1DRDQ3JPT1CDTT5VN"",""name"":""Repi"",""avatar"":""https://api.dicebear.com/8.x/rings/svg?seed=Repi""}}]",2026-08-24T21:44:19.573133351Z,"[1787607839430,1787607859584]",2026-08-24T21:44:19.586238045Z,,,true,2026-08-24T21:44:33.000028916Z,01M0TTF3ADJ36CYQBD8356XFNQ,2026-08-24T21:43:39.926733902Z,"[""B4"",""A3"",""D2"",""C1""]",2026-08-24T21:25:17.357299526Z,true,2026-08-24T21:44:32.983969149Z,01M0TSZEY173D8F3KEP071GR06,2026-08-24T21:25:17.357299526Z,23,2026-08-24T21:25:17.357299526Z,false,2026-08-24T21:43:40.057246046Z,01M0TT55D1DRDQ3JPT1CDTT5VN,2026-08-24T21:43:39.926733902Z,,,48,2026-08-24T21:25:17.357299526Z,12,2026-08-24T21:25:17.357299526Z,training,2026-08-24T21:25:17.357299526Z,1,2026-08-24T21:25:17.357299526Z,4,2026-08-24T21:25:17.357299526Z,/tangrams/366_66.png,2026-08-24T21:44:33.000028916Z,/tangrams/366_66.png,2026-08-24T21:44:29.839362045Z,1787607869467,2026-08-24T21:44:29.720431456Z,0,2026-08-24T21:25:17.357299526Z,2,2026-08-24T21:25:18.034527348Z,true,2026-08-24T21:43:39.871677491Z,"[""/tangrams/366_66.png"",""/tangrams/138_405.png"",""/tangrams/279_339.png"",""/tangrams/422_244.png""]",2026-08-24T21:25:17.357299526Z,/tangrams/366_66.png,2026-08-24T21:25:17.357299526Z,B4,2026-08-24T21:25:17.357299526Z,11,2026-08-24T21:25:17.357299526Z,22,2026-08-24T21:25:17.357299526Z
01M0TTTPQJQPN7TD9DE8N9H0T6,01M0TSZV7X3D77NKMM5CDCW4Z6,2026-08-24T21:29:08.594265766Z,"[{""text"":""left looks like a sword hilt right has a stopsign shape"",""sender"":{""id"":""01M0TT467Q69C5HQ20GW6FRRF2"",""name"":""Repi"",""avatar"":""https://api.dicebear.com/8.x/rings/svg?seed=Repi""}}]",2026-08-24T21:44:16.284552914Z,[1787607856295],2026-08-24T21:44:16.297404427Z,,,true,2026-08-24T21:44:24.121034209Z,01M0TT467Q69C5HQ20GW6FRRF2,2026-08-24T21:43:22.400485923Z,"[""C4"",""A4"",""A2"",""D3""]",2026-08-24T21:29:08.594265766Z,true,2026-08-24T21:44:24.100500673Z,01M0TSZV8KEDQHAT4X33M1GG1C,2026-08-24T21:29:08.594265766Z,4,2026-08-24T21:29:08.594265766Z,false,2026-08-24T21:43:22.583866579Z,01M0TTBQPRE9XMJHBPDKM8GTC4,2026-08-24T21:43:22.400485923Z,,,48,2026-08-24T21:29:08.594265766Z,12,2026-08-24T21:29:08.594265766Z,training,2026-08-24T21:29:08.594265766Z,0,2026-08-24T21:29:08.594265766Z,4,2026-08-24T21:29:08.594265766Z,/tangrams/66_464.png,2026-08-24T21:44:24.121034209Z,/tangrams/66_464.png,2026-08-24T21:44:20.955375446Z,1787607859205,2026-08-24T21:44:20.934909555Z,1,2026-08-24T21:29:08.594265766Z,2,2026-08-24T21:29:08.883199479Z,true,2026-08-24T21:43:22.354011085Z,"[""/tangrams/202_464.png"",""/tangrams/66_464.png"",""/tangrams/66_441.png"",""/tangrams/20_24.png""]",2026-08-24T21:29:08.594265766Z,/tangrams/66_464.png,2026-08-24T21:29:08.594265766Z,A4,2026-08-24T21:29:08.594265766Z,4,2026-08-24T21:29:08.594265766Z,3,2026-08-24T21:29:08.594265766Z
01M0TTYQA5H8SKKASNVMBCT5F8,01M0TTMTH8JPTHXWGXYEY1VFR8,2026-08-24T21:31:20.261846791Z,,,,,,,,,,,"[""D1"",""A3"",""D2"",""B1""]",2026-08-24T21:31:20.261846791Z,false,2026-08-24T21:31:20.261846791Z,01M0TTMWMDPGAHQRDA7BZJ8FEZ,2026-08-24T21:31:20.261846791Z,35,2026-08-24T21:31:20.261846791Z,,,,,,,48,2026-08-24T21:31:20.261846791Z,12,2026-08-24T21:31:20.261846791Z,training,2026-08-24T21:31:20.261846791Z,2,2026-08-24T21:31:20.261846791Z,4,2026-08-24T21:31:20.261846791Z,,,,2026-08-24T21:31:20.261846791Z,,,1,2026-08-24T21:31:20.261846791Z,2,2026-08-24T21:31:22.066117566Z,false,2026-08-24T21:31:20.261846791Z,"[""/tangrams/20_314.png"",""/tangrams/66_24.png"",""/tangrams/20_441.png"",""/tangrams/348_314.png""]",2026-08-24T21:31:20.261846791Z,/tangrams/20_314.png,2026-08-24T21:31:20.261846791Z,D1,2026-08-24T21:31:20.261846791Z,11,2026-08-24T21:31:20.261846791Z,34,2026-08-24T21:31:20.261846791Z
01M0TVK9PRTXH8T1DVMHTFBGJ6,01M0TTMTH8JPTHXWGXYEY1VFR8,2026-08-24T21:42:34.456281069Z,"[{""text"":""the one with the pole and spike"",""sender"":{""id"":""01M0TVD4RDDZ2GPYA2W2TBJY2J"",""name"":""Minu"",""avatar"":""https://api.dicebear.com/8.x/rings/svg?seed=Minu""}}]",2026-08-24T21:56:28.32463147Z,[1787608588338],2026-08-24T21:56:28.34017066Z,,,true,2026-08-24T21:56:34.182105654Z,01M0TVD4RDDZ2GPYA2W2TBJY2J,2026-08-24T21:56:16.996681524Z,"[""F3"",""F1"",""F2"",""F6""]",2026-08-24T21:42:34.456281069Z,true,2026-08-24T21:56:34.167406761Z,01M0TTMWMG725DJ5GA5M4WD8SY,2026-08-24T21:42:34.456281069Z,27,2026-08-24T21:42:34.456281069Z,false,2026-08-24T21:56:17.161094524Z,01M0TV8YZXT0HY97VC3QNJABKN,2026-08-24T21:56:16.996681524Z,,,48,2026-08-24T21:42:34.456281069Z,12,2026-08-24T21:42:34.456281069Z,training,2026-08-24T21:42:34.456281069Z,2,2026-08-24T21:42:34.456281069Z,4,2026-08-24T21:42:34.456281069Z,/tangrams/429_403.png,2026-08-24T21:56:34.182105654Z,/tangrams/429_403.png,2026-08-24T21:56:30.97758117Z,1787608591766,2026-08-24T21:56:31.001863434Z,1,2026-08-24T21:42:34.456281069Z,2,2026-08-24T21:42:35.824361306Z,true,2026-08-24T21:56:16.939104149Z,"[""/tangrams/264_176.png"",""/tangrams/452_257.png"",""/tangrams/429_403.png"",""/tangrams/98_302.png""]",2026-08-24T21:42:34.456281069Z,/tangrams/429_403.png,2026-08-24T21:42:34.456281069Z,F2,2026-08-24T21:42:34.456281069Z,3,2026-08-24T21:42:34.456281069Z,26,2026-08-24T21:42:34.456281069Z
01M0TTEY36425R43JP73CX24RP,01M0TSZEX52H0PZDJFB4JNEAFW,2026-08-24T21:22:42.918319063Z,"[{""text"":""Totem pole with triangle on top, then diamond, upside trianglle two rectangles and base"",""sender"":{""id"":""01M0TT49QHQY8JQV8C5T94HHYZ"",""name"":""Repi"",""avatar"":""https://api.dicebear.com/8.x/rings/svg?seed=Repi""}}]",2026-08-24T21:39:30.641702024Z,[1787607570650],2026-08-24T21:39:30.652922813Z,,,false,2026-08-24T21:39:37.110141395Z,01M0TT49QHQY8JQV8C5T94HHYZ,2026-08-24T21:38:44.951115428Z,"[""B2"",""F7"",""C3"",""F1""]",2026-08-24T21:22:42.918319063Z,true,2026-08-24T21:39:37.097419673Z,01M0TSZEY44B7XSP574QH2WQPJ,2026-08-24T21:22:42.918319063Z,16,2026-08-24T21:22:42.918319063Z,false,2026-08-24T21:38:45.119402965Z,01M0TT9XXJBBQAZ4WANFPESF7T,2026-08-24T21:38:44.951115428Z,,,48,2026-08-24T21:22:42.918319063Z,12,2026-08-24T21:22:42.918319063Z,training,2026-08-24T21:22:42.918319063Z,1,2026-08-24T21:22:42.918319063Z,4,2026-08-24T21:22:42.918319063Z,/tangrams/411_352.png,2026-08-24T21:39:37.110141395Z,/tangrams/411_352.png,2026-08-24T21:39:33.948175845Z,1787607573635,2026-08-24T21:39:33.937776123Z,0,2026-08-24T21:22:42.918319063Z,2,2026-08-24T21:22:43.426044442Z,true,2026-08-24T21:38:44.903852089Z,"[""/tangrams/366_339.png"",""/tangrams/411_352.png"",""/tangrams/422_405.png"",""/tangrams/119_182.png""]",2026-08-24T21:22:42.918319063Z,/tangrams/119_182.png,2026-08-24T21:22:42.918319063Z,F1,2026-08-24T21:22:42.918319063Z,4,2026-08-24T21:22:42.918319063Z,15,2026-08-24T21:22:42.918319063Z
01M0TTMQTF3ZWA74MSF56AEFJA,01M0TSZV7X3D77NKMM5CDCW4Z6,2026-08-24T21:25:53.103801294Z,"[{""text"":""square (or rectangle) in middle"",""sender"":{""id"":""01M0TT4SREDP4QR1H8V4E3X5G9"",""name"":""Minu"",""avatar"":""https://api.dicebear.com/8.x/rings/svg?seed=Minu""}}]",2026-08-24T21:43:00.088785212Z,[1787607780099],2026-08-24T21:43:00.101425889Z,,,true,2026-08-24T21:43:10.104439127Z,01M0TT4SREDP4QR1H8V4E3X5G9,2026-08-24T21:42:46.275462896Z,"[""A2"",""D1"",""B3"",""C4""]",2026-08-24T21:25:53.103801294Z,true,2026-08-24T21:43:10.088162522Z,01M0TSZV8ERABP36QP2627EVMT,2026-08-24T21:25:53.103801294Z,17,2026-08-24T21:25:53.103801294Z,false,2026-08-24T21:42:46.407645987Z,01M0TT4JP6VSYSTADD58E33WM9,2026-08-24T21:42:46.275462896Z,,,48,2026-08-24T21:25:53.103801294Z,12,2026-08-24T21:25:53.103801294Z,training,2026-08-24T21:25:53.103801294Z,1,2026-08-24T21:25:53.103801294Z,4,2026-08-24T21:25:53.103801294Z,/tangrams/348_24.png,2026-08-24T21:43:10.104439127Z,/tangrams/348_24.png,2026-08-24T21:43:06.940174304Z,1787607785360,2026-08-24T21:43:06.958671925Z,1,2026-08-24T21:25:53.103801294Z,2,2026-08-24T21:25:53.685502293Z,true,2026-08-24T21:42:46.220247079Z,"[""/tangrams/66_441.png"",""/tangrams/20_314.png"",""/tangrams/348_24.png"",""/tangrams/202_464.png""]",2026-08-24T21:25:53.103801294Z,/tangrams/348_24.png,2026-08-24T21:25:53.103801294Z,B3,2026-08-24T21:25:53.103801294Z,5,2026-08-24T21:25:53.103801294Z,16,2026-08-24T21:25:53.103801294Z
01M0TTTPN9WYQTRYKGN01YB111,01M0TSZV7X3D77NKMM5CDCW4Z6,2026-08-24T21:29:08.521713568Z,"[{""text"":""looks like a bird head/beak"",""sender"":{""id"":""01M0TT467Q69C5HQ20GW6FRRF2"",""name"":""Repi"",""avatar"":""https://api.dicebear.com/8.x/rings/svg?seed=Repi""}}]",2026-08-24T21:51:20.350460922Z,[1787608280363],2026-08-24T21:51:20.365148181Z,,,true,2026-08-24T21:51:32.752473894Z,01M0TT467Q69C5HQ20GW6FRRF2,2026-08-24T21:50:59.412960353Z,"[""A3"",""D1"",""C1"",""D2""]",2026-08-24T21:29:08.521713568Z,true,2026-08-24T21:51:32.736247849Z,01M0TSZV8KEDQHAT4X33M1GG1C,2026-08-24T21:29:08.521713568Z,12,2026-08-24T21:29:08.521713568Z,false,2026-08-24T21:50:59.591547871Z,01M0TTBQPRE9XMJHBPDKM8GTC4,2026-08-24T21:50:59.412960353Z,,,48,2026-08-24T21:29:08.521713568Z,12,2026-08-24T21:29:08.521713568Z,training,2026-08-24T21:29:08.521713568Z,0,2026-08-24T21:29:08.521713568Z,4,2026-08-24T21:29:08.521713568Z,/tangrams/20_314.png,2026-08-24T21:51:32.752473894Z,/tangrams/20_314.png,2026-08-24T21:51:29.568398198Z,1787608287822,2026-08-24T21:51:29.57676702Z,1,2026-08-24T21:29:08.521713568Z,2,2026-08-24T21:29:09.177481669Z,true,2026-08-24T21:50:59.351622782Z,"[""/tangrams/66_24.png"",""/tangrams/20_314.png"",""/tangrams/202_314.png"",""/tangrams/20_441.png""]",2026-08-24T21:29:08.521713568Z,/tangrams/20_314.png,2026-08-24T21:29:08.521713568Z,D1,2026-08-24T21:29:08.521713568Z,12,2026-08-24T21:29:08.521713568Z,11,2026-08-24T21:29:08.521713568Z
01M0TT9KKB37T5D4HT8PDQE6NF,01M0TSZGJXR0N6DNTNARWRMFQ4,2026-08-24T21:19:48.331743015Z,,,,,,,,,,,"[""C4"",""B1"",""D3"",""A2""]",2026-08-24T21:19:48.331743015Z,false,2026-08-24T21:19:48.331743015Z,01M0TSZGKE32G3R2H2EPQFBQNN,2026-08-24T21:19:48.331743015Z,24,2026-08-24T21:19:48.331743015Z,,,,,,,48,2026-08-24T21:19:48.331743015Z,12,2026-08-24T21:19:48.331743015Z,training,2026-08-24T21:19:48.331743015Z,1,2026-08-24T21:19:48.331743015Z,4,2026-08-24T21:19:48.331743015Z,,,,2026-08-24T21:19:48.331743015Z,,,0,2026-08-24T21:19:48.331743015Z,2,2026-08-24T21:19:48.95458725Z,false,2026-08-24T21:19:48.331743015Z,"[""/tangrams/422_66.png"",""/tangrams/366_244.png"",""/tangrams/279_405.png"",""/tangrams/138_339.png""]",2026-08-24T21:19:48.331743015Z,/tangrams/279_405.png,2026-08-24T21:19:48.331743015Z,D3,2026-08-24T21:19:48.331743015Z,12,2026-08-24T21:19:48.331743015Z,23,2026-08-24T21:19:48.331743015Z
01M0TV7JSZAXRR3QSM5JXEYEGR,01M0TTMTH8JPTHXWGXYEY1VFR8,2026-08-24T21:36:10.559138695Z,"[{""text"":""It is mostly black with a > shape on the left of it and a white rectangle in the middle"",""sender"":{""id"":""01M0TV363Y2QH3CGTPHSZR512P"",""name"":""Minu"",""avatar"":""https://api.dicebear.com/8.x/rings/svg?seed=Minu""}}]",2026-08-24T21:46:31.769682536Z,[1787607991780],2026-08-24T21:46:31.782624548Z,,,true,2026-08-24T21:46:51.928689097Z,01M0TV363Y2QH3CGTPHSZR512P,2026-08-24T21:46:05.078489892Z,"[""D3"",""B1"",""C4"",""A2""]",2026-08-24T21:36:10.559138695Z,true,2026-08-24T21:46:51.910695462Z,01M0TTMWM9GSP2NP0T4CET96EB,2026-08-24T21:36:10.559138695Z,3,2026-08-24T21:36:10.559138695Z,false,2026-08-24T21:46:05.50831443Z,01M0TTRGJ55RK21NQM11GGHNRN,2026-08-24T21:46:05.078489892Z,,,48,2026-08-24T21:36:10.559138695Z,12,2026-08-24T21:36:10.559138695Z,training,2026-08-24T21:36:10.559138695Z,0,2026-08-24T21:36:10.559138695Z,4,2026-08-24T21:36:10.559138695Z,/tangrams/20_24.png,2026-08-24T21:46:51.928689097Z,/tangrams/20_24.png,2026-08-24T21:46:48.673810174Z,1787608009184,2026-08-24T21:46:48.681151313Z,1,2026-08-24T21:36:10.559138695Z,2,2026-08-24T21:36:10.987196869Z,true,2026-08-24T21:46:05.031136785Z,"[""/tangrams/20_24.png"",""/tangrams/348_314.png"",""/tangrams/202_464.png"",""/tangrams/66_441.png""]",2026-08-24T21:36:10.559138695Z,/tangrams/20_24.png,2026-08-24T21:36:10.559138695Z,D3,2026-08-24T21:36:10.559138695Z,3,2026-08-24T21:36:10.559138695Z,2,2026-08-24T21:36:10.559138695Z
01M0TTNRGWRJYHFP3AMHFJ3C8Y,01M0TSZGJXR0N6DNTNARWRMFQ4,2026-08-24T21:26:26.588160734Z,,,,,,,,,,,"[""F1"",""F8"",""F5"",""C3""]",2026-08-24T21:26:26.588160734Z,false,2026-08-24T21:26:26.588160734Z,01M0TSZGKJQW5S4GCP9150DNN9,2026-08-24T21:26:26.588160734Z,17,2026-08-24T21:26:26.588160734Z,,,,,,,48,2026-08-24T21:26:26.588160734Z,12,2026-08-24T21:26:26.588160734Z,training,2026-08-24T21:26:26.588160734Z,1,2026-08-24T21:26:26.588160734Z,4,2026-08-24T21:26:26.588160734Z,,,,2026-08-24T21:26:26.588160734Z,,,1,2026-08-24T21:26:26.588160734Z,2,2026-08-24T21:26:27.149763234Z,false,2026-08-24T21:26:26.588160734Z,"[""/tangrams/452_257.png"",""/tangrams/374_400.png"",""/tangrams/4_159.png"",""/tangrams/202_24.png""]",2026-08-24T21:26:26.588160734Z,/tangrams/374_400.png,2026-08-24T21:26:26.588160734Z,F8,2026-08-24T21:26:26.588160734Z,5,2026-08-24T21:26:26.588160734Z,16,2026-08-24T21:26:26.588160734Z
01M0TTTPTV6F12YC6XJT82EBKW,01M0TSZV7X3D77NKMM5CDCW4Z6,2026-08-24T21:29:08.699828723Z,"[{""text"":""looks like the bird head with a crystal structure on its head"",""sender"":{""id"":""01M0TT467Q69C5HQ20GW6FRRF2"",""name"":""Repi"",""avatar"":""https://api.dicebear.com/8.x/rings/svg?seed=Repi""}}]",2026-08-24T22:15:34.554153815Z,[1787609734570],2026-08-24T22:15:34.573802516Z,,,false,2026-08-24T22:15:45.313390511Z,01M0TT467Q69C5HQ20GW6FRRF2,2026-08-24T22:15:10.926431436Z,"[""D1"",""C4"",""A2"",""C1""]",2026-08-24T21:29:08.699828723Z,true,2026-08-24T22:15:45.292771294Z,01M0TSZV8KEDQHAT4X33M1GG1C,2026-08-24T21:29:08.699828723Z,48,2026-08-24T21:29:08.699828723Z,false,2026-08-24T22:15:11.219914262Z,01M0TTBQPRE9XMJHBPDKM8GTC4,2026-08-24T22:15:10.926431436Z,,,48,2026-08-24T21:29:08.699828723Z,12,2026-08-24T21:29:08.699828723Z,training,2026-08-24T21:29:08.699828723Z,3,2026-08-24T21:29:08.699828723Z,4,2026-08-24T21:29:08.699828723Z,/tangrams/20_314.png,2026-08-24T22:15:45.313390511Z,/tangrams/20_314.png,2026-08-24T22:15:42.071724132Z,1787609740300,2026-08-24T22:15:42.062478064Z,1,2026-08-24T21:29:08.699828723Z,2,2026-08-24T21:29:10.637240261Z,true,2026-08-24T22:15:10.838529234Z,"[""/tangrams/20_314.png"",""/tangrams/202_464.png"",""/tangrams/66_441.png"",""/tangrams/202_314.png""]",2026-08-24T21:29:08.699828723Z,/tangrams/202_314.png,2026-08-24T21:29:08.699828723Z,C1,2026-08-24T21:29:08.699828723Z,12,2026-08-24T21:29:08.699828723Z,47,2026-08-24T21:29:08.699828723Z
01M0TTYQCB4HHYEFM5E8B8V5VE,01M0TTMTH8JPTHXWGXYEY1VFR8,2026-08-24T21:31:20.331583531Z,,,,,,,,,,,"[""B4"",""D2"",""A4"",""B3""]",2026-08-24T21:31:20.331583531Z,false,2026-08-24T21:31:20.331583531Z,01M0TTMWMDPGAHQRDA7BZJ8FEZ,2026-08-24T21:31:20.331583531Z,30,2026-08-24T21:31:20.331583531Z,,,,,,,48,2026-08-24T21:31:20.331583531Z,12,2026-08-24T21:31:20.331583531Z,training,2026-08-24T21:31:20.331583531Z,2,2026-08-24T21:31:20.331583531Z,4,2026-08-24T21:31:20.331583531Z,,,,2026-08-24T21:31:20.331583531Z,,,1,2026-08-24T21:31:20.331583531Z,2,2026-08-24T21:31:21.847167632Z,false,2026-08-24T21:31:20.331583531Z,"[""/tangrams/348_464.png"",""/tangrams/20_441.png"",""/tangrams/66_464.png"",""/tangrams/348_24.png""]",2026-08-24T21:31:20.331583531Z,/tangrams/348_464.png,2026-08-24T21:31:20.331583531Z,B4,2026-08-24T21:31:20.331583531Z,6,2026-08-24T21:31:20.331583531Z,29,2026-08-24T21:31:20.331583531Z
01M0TV7K1YSN0AA973WX8MN22R,01M0TTMTH8JPTHXWGXYEY1VFR8,2026-08-24T21:36:10.814538254Z,"[{""text"":""White rectangle"",""sender"":{""id"":""01M0TV363Y2QH3CGTPHSZR512P"",""name"":""Minu"",""avatar"":""https://api.dicebear.com/8.x/rings/svg?seed=Minu""}}]",2026-08-24T21:53:14.348496003Z,[1787608394361],2026-08-24T21:53:14.363253847Z,,,true,2026-08-24T21:53:21.31672056Z,01M0TV363Y2QH3CGTPHSZR512P,2026-08-24T21:53:03.765691906Z,"[""B1"",""D3"",""C2"",""A4""]",2026-08-24T21:36:10.814538254Z,true,2026-08-24T21:53:21.297704148Z,01M0TTMWM9GSP2NP0T4CET96EB,2026-08-24T21:36:10.814538254Z,15,2026-08-24T21:36:10.814538254Z,false,2026-08-24T21:53:03.995531893Z,01M0TTRGJ55RK21NQM11GGHNRN,2026-08-24T21:53:03.765691906Z,,,48,2026-08-24T21:36:10.814538254Z,12,2026-08-24T21:36:10.814538254Z,training,2026-08-24T21:36:10.814538254Z,1,2026-08-24T21:36:10.814538254Z,4,2026-08-24T21:36:10.814538254Z,/tangrams/20_24.png,2026-08-24T21:53:21.31672056Z,/tangrams/20_24.png,2026-08-24T21:53:18.165827004Z,1787608398656,2026-08-24T21:53:18.172988347Z,1,2026-08-24T21:36:10.814538254Z,2,2026-08-24T21:36:11.341347879Z,true,2026-08-24T21:53:03.641934853Z,"[""/tangrams/348_314.png"",""/tangrams/20_24.png"",""/tangrams/202_441.png"",""/tangrams/66_464.png""]",2026-08-24T21:36:10.814538254Z,/tangrams/20_24.png,2026-08-24T21:36:10.814538254Z,D3,2026-08-24T21:36:10.814538254Z,3,2026-08-24T21:36:10.814538254Z,14,2026-08-24T21:36:10.814538254Z
01M0TTEY4K96A52Q2J50DKP2N7,01M0TSZEX52H0PZDJFB4JNEAFW,2026-08-24T21:22:42.964019657Z,"[{""text"":""Do your best :)"",""sender"":{""id"":""01M0TT9XXJBBQAZ4WANFPESF7T"",""name"":""Minu"",""avatar"":""https://api.dicebear.com/8.x/rings/svg?seed=Minu""}},{""text"":""Two squares and a triangle on top"",""sender"":{""id"":""01M0TT49QHQY8JQV8C5T94HHYZ"",""name"":""Repi"",""avatar"":""https://api.dicebear.com/8.x/rings/svg?seed=Repi""}}]",2026-08-24T21:29:05.579340189Z,"[1787606941543,1787606945586]",2026-08-24T21:29:05.5898964Z,,,false,2026-08-24T21:29:21.209843279Z,01M0TT49QHQY8JQV8C5T94HHYZ,2026-08-24T21:28:31.080910392Z,"[""F4"",""D4"",""A1"",""F8""]",2026-08-24T21:22:42.964019657Z,true,2026-08-24T21:29:21.186680235Z,01M0TSZEY44B7XSP574QH2WQPJ,2026-08-24T21:22:42.964019657Z,2,2026-08-24T21:22:42.964019657Z,false,2026-08-24T21:28:31.261344045Z,01M0TT9XXJBBQAZ4WANFPESF7T,2026-08-24T21:28:31.080910392Z,,,48,2026-08-24T21:22:42.964019657Z,12,2026-08-24T21:22:42.964019657Z,training,2026-08-24T21:22:42.964019657Z,0,2026-08-24T21:22:42.964019657Z,4,2026-08-24T21:22:42.964019657Z,/tangrams/138_244.png,2026-08-24T21:29:21.209843279Z,/tangrams/138_244.png,2026-08-24T21:29:09.821450706Z,1787606956603,2026-08-24T21:29:16.887913408Z,0,2026-08-24T21:22:42.964019657Z,2,2026-08-24T21:22:43.183956576Z,true,2026-08-24T21:28:31.03719203Z,"[""/tangrams/434_227.png"",""/tangrams/279_66.png"",""/tangrams/138_244.png"",""/tangrams/37_144.png""]",2026-08-24T21:22:42.964019657Z,/tangrams/434_227.png,2026-08-24T21:22:42.964019657Z,F4,2026-08-24T21:22:42.964019657Z,2,2026-08-24T21:22:42.964019657Z,1,2026-08-24T21:22:42.964019657Z
01M0TTNRBDTNTD0C633CC9M08A,01M0TSZGJXR0N6DNTNARWRMFQ4,2026-08-24T21:26:26.413736115Z,"[{""text"":""Hi"",""sender"":{""id"":""01M0TT4TXD8SRXYDAE6TW71C0D"",""name"":""Repi"",""avatar"":""https://api.dicebear.com/8.x/rings/svg?seed=Repi""}}]",2026-08-24T22:25:20.009580895Z,[1787610320023],2026-08-24T22:25:20.028496223Z,1787610298016,2026-08-24T22:25:59.486900109Z,false,2026-08-24T22:26:07.14946514Z,01M0TTDMH9245RXEPX9F07PB9V,2026-08-24T22:25:03.69182698Z,"[""F4"",""F3"",""F1"",""F2""]",2026-08-24T21:26:26.413736115Z,true,2026-08-24T22:26:07.131064445Z,01M0TSZGKJQW5S4GCP9150DNN9,2026-08-24T21:26:26.413736115Z,1,2026-08-24T21:26:26.413736115Z,false,2026-08-24T22:25:04.059744037Z,01M0TT4TXD8SRXYDAE6TW71C0D,2026-08-24T22:25:03.69182698Z,,,48,2026-08-24T21:26:26.413736115Z,12,2026-08-24T21:26:26.413736115Z,training,2026-08-24T21:26:26.413736115Z,0,2026-08-24T21:26:26.413736115Z,4,2026-08-24T21:26:26.413736115Z,,2026-08-24T22:26:07.14946514Z,,2026-08-24T21:26:26.413736115Z,,,1,2026-08-24T21:26:26.413736115Z,2,2026-08-24T21:26:26.788136546Z,true,2026-08-24T22:25:03.629095441Z,"[""/tangrams/40_345.png"",""/tangrams/264_176.png"",""/tangrams/452_257.png"",""/tangrams/429_403.png""]",2026-08-24T21:26:26.413736115Z,/tangrams/429_403.png,2026-08-24T21:26:26.413736115Z,F2,2026-08-24T21:26:26.413736115Z,1,2026-08-24T21:26:26.413736115Z,0,2026-08-24T21:26:26.413736115Z
01M0TTKDEJSAA46A61DQ6D60SY,01M0TSZGJXR0N6DNTNARWRMFQ4,2026-08-24T21:25:09.714845134Z,,,,,,,,,,,"[""D1"",""C1"",""B3"",""C4""]",2026-08-24T21:25:09.714845134Z,false,2026-08-24T21:25:09.714845134Z,01M0TSZGKM72FFW193EYG47F25,2026-08-24T21:25:09.714845134Z,30,2026-08-24T21:25:09.714845134Z,,,,,,,48,2026-08-24T21:25:09.714845134Z,12,2026-08-24T21:25:09.714845134Z,training,2026-08-24T21:25:09.714845134Z,2,2026-08-24T21:25:09.714845134Z,4,2026-08-24T21:25:09.714845134Z,,,,2026-08-24T21:25:09.714845134Z,,,0,2026-08-24T21:25:09.714845134Z,2,2026-08-24T21:25:10.375202545Z,false,2026-08-24T21:25:09.714845134Z,"[""/tangrams/279_244.png"",""/tangrams/422_244.png"",""/tangrams/366_405.png"",""/tangrams/422_66.png""]",2026-08-24T21:25:09.714845134Z,/tangrams/422_244.png,2026-08-24T21:25:09.714845134Z,C1,2026-08-24T21:25:09.714845134Z,6,2026-08-24T21:25:09.714845134Z,29,2026-08-24T21:25:09.714845134Z
01M0TV7JWCFAAHDZVQV9TA198R,01M0TTMTH8JPTHXWGXYEY1VFR8,2026-08-24T21:36:10.636473597Z,"[{""text"":""tree"",""sender"":{""id"":""01M0TTRGJ55RK21NQM11GGHNRN"",""name"":""Repi"",""avatar"":""https://api.dicebear.com/8.x/rings/svg?seed=Repi""}}]",2026-08-24T22:02:11.266266417Z,[1787608931281],2026-08-24T22:02:11.283940539Z,,,true,2026-08-24T22:02:16.759947141Z,01M0TTRGJ55RK21NQM11GGHNRN,2026-08-24T22:02:04.588866606Z,"[""B1"",""A3"",""C4"",""D2""]",2026-08-24T21:36:10.636473597Z,true,2026-08-24T22:02:16.741663626Z,01M0TTMWM9GSP2NP0T4CET96EB,2026-08-24T21:36:10.636473597Z,40,2026-08-24T21:36:10.636473597Z,false,2026-08-24T22:02:04.865506504Z,01M0TV363Y2QH3CGTPHSZR512P,2026-08-24T22:02:04.588866606Z,,,48,2026-08-24T21:36:10.636473597Z,12,2026-08-24T21:36:10.636473597Z,training,2026-08-24T21:36:10.636473597Z,3,2026-08-24T21:36:10.636473597Z,4,2026-08-24T21:36:10.636473597Z,/tangrams/202_464.png,2026-08-24T22:02:16.759947141Z,/tangrams/202_464.png,2026-08-24T22:02:13.553444144Z,1787608931728,2026-08-24T22:02:13.526948766Z,1,2026-08-24T21:36:10.636473597Z,2,2026-08-24T21:36:12.106031216Z,true,2026-08-24T22:02:04.523609584Z,"[""/tangrams/348_314.png"",""/tangrams/66_24.png"",""/tangrams/202_464.png"",""/tangrams/20_441.png""]",2026-08-24T21:36:10.636473597Z,/tangrams/202_464.png,2026-08-24T21:36:10.636473597Z,C4,2026-08-24T21:36:10.636473597Z,4,2026-08-24T21:36:10.636473597Z,39,2026-08-24T21:36:10.636473597Z
01M0TTA58WTW677E6JA0N198K9,01M0TSZV7X3D77NKMM5CDCW4Z6,2026-08-24T21:20:06.428298248Z,"[{""text"":""Diamond balanced on top, with a completely flat bottom"",""sender"":{""id"":""01M0TT4SZRTK7MV5T48R9G1GQH"",""name"":""Minu"",""avatar"":""https://api.dicebear.com/8.x/rings/svg?seed=Minu""}}]",2026-08-24T21:43:30.798655905Z,[1787607810809],2026-08-24T21:43:30.812010246Z,,,true,2026-08-24T21:43:37.990346047Z,01M0TT4SZRTK7MV5T48R9G1GQH,2026-08-24T21:43:18.754290012Z,"[""B2"",""F4"",""F3"",""F6""]",2026-08-24T21:20:06.428298248Z,true,2026-08-24T21:43:37.977425536Z,01M0TSZV8KEDQHAT4X3FNKVS2B,2026-08-24T21:20:06.428298248Z,35,2026-08-24T21:20:06.428298248Z,false,2026-08-24T21:43:18.893289603Z,01M0TT3ZTTV22XQGZD0K61T6A4,2026-08-24T21:43:18.754290012Z,,,48,2026-08-24T21:20:06.428298248Z,12,2026-08-24T21:20:06.428298248Z,training,2026-08-24T21:20:06.428298248Z,2,2026-08-24T21:20:06.428298248Z,4,2026-08-24T21:20:06.428298248Z,/tangrams/134_125.png,2026-08-24T21:43:37.990346047Z,/tangrams/134_125.png,2026-08-24T21:43:34.821396547Z,1787607814734,2026-08-24T21:43:34.814105243Z,0,2026-08-24T21:20:06.428298248Z,2,2026-08-24T21:20:07.2863391Z,true,2026-08-24T21:43:18.698781044Z,"[""/tangrams/366_339.png"",""/tangrams/434_227.png"",""/tangrams/170_154.png"",""/tangrams/134_125.png""]",2026-08-24T21:20:06.428298248Z,/tangrams/134_125.png,2026-08-24T21:20:06.428298248Z,F6,2026-08-24T21:20:06.428298248Z,11,2026-08-24T21:20:06.428298248Z,34,2026-08-24T21:20:06.428298248Z
01M0TTA5953ADTEWHGMW1MW2SJ,01M0TSZV7X3D77NKMM5CDCW4Z6,2026-08-24T21:20:06.437068281Z,"[{""text"":""box.  rabbit or raised arms emerging"",""sender"":{""id"":""01M0TT3ZTTV22XQGZD0K61T6A4"",""name"":""Repi"",""avatar"":""https://api.dicebear.com/8.x/rings/svg?seed=Repi""}}]",2026-08-24T21:42:16.726301359Z,[1787607736736],2026-08-24T21:42:16.737942073Z,,,true,2026-08-24T21:42:22.945772329Z,01M0TT3ZTTV22XQGZD0K61T6A4,2026-08-24T21:42:05.68426697Z,"[""D4"",""F4"",""F8"",""A1""]",2026-08-24T21:20:06.437068281Z,true,2026-08-24T21:42:22.933355339Z,01M0TSZV8KEDQHAT4X3FNKVS2B,2026-08-24T21:20:06.437068281Z,32,2026-08-24T21:20:06.437068281Z,false,2026-08-24T21:42:05.807837245Z,01M0TT4SZRTK7MV5T48R9G1GQH,2026-08-24T21:42:05.68426697Z,,,48,2026-08-24T21:20:06.437068281Z,12,2026-08-24T21:20:06.437068281Z,training,2026-08-24T21:20:06.437068281Z,2,2026-08-24T21:20:06.437068281Z,4,2026-08-24T21:20:06.437068281Z,/tangrams/279_66.png,2026-08-24T21:42:22.945772329Z,/tangrams/279_66.png,2026-08-24T21:42:19.799152258Z,1787607739696,2026-08-24T21:42:19.816361057Z,0,2026-08-24T21:20:06.437068281Z,2,2026-08-24T21:20:07.237201341Z,true,2026-08-24T21:42:05.648697581Z,"[""/tangrams/279_66.png"",""/tangrams/434_227.png"",""/tangrams/37_144.png"",""/tangrams/138_244.png""]",2026-08-24T21:20:06.437068281Z,/tangrams/279_66.png,2026-08-24T21:20:06.437068281Z,D4,2026-08-24T21:20:06.437068281Z,8,2026-08-24T21:20:06.437068281Z,31,2026-08-24T21:20:06.437068281Z
01M0TTKDAZ62EAFTYHTEY7S4R4,01M0TSZGJXR0N6DNTNARWRMFQ4,2026-08-24T21:25:09.599394331Z,,,,,,,,,,,"[""C1"",""C4"",""B4"",""D2""]",2026-08-24T21:25:09.599394331Z,false,2026-08-24T21:25:09.599394331Z,01M0TSZGKM72FFW193EYG47F25,2026-08-24T21:25:09.599394331Z,19,2026-08-24T21:25:09.599394331Z,,,,,,,48,2026-08-24T21:25:09.599394331Z,12,2026-08-24T21:25:09.599394331Z,training,2026-08-24T21:25:09.599394331Z,1,2026-08-24T21:25:09.599394331Z,4,2026-08-24T21:25:09.599394331Z,,,,2026-08-24T21:25:09.599394331Z,,,0,2026-08-24T21:25:09.599394331Z,2,2026-08-24T21:25:10.182289595Z,false,2026-08-24T21:25:09.599394331Z,"[""/tangrams/422_244.png"",""/tangrams/422_66.png"",""/tangrams/366_66.png"",""/tangrams/279_339.png""]",2026-08-24T21:25:09.599394331Z,/tangrams/422_66.png,2026-08-24T21:25:09.599394331Z,C4,2026-08-24T21:25:09.599394331Z,7,2026-08-24T21:25:09.599394331Z,18,2026-08-24T21:25:09.599394331Z
01M0TTMQXKSDHAZTVXM75E4R5D,01M0TSZV7X3D77NKMM5CDCW4Z6,2026-08-24T21:25:53.203571088Z,"[{""text"":""mountains top and bottom"",""sender"":{""id"":""01M0TT4JP6VSYSTADD58E33WM9"",""name"":""Repi"",""avatar"":""https://api.dicebear.com/8.x/rings/svg?seed=Repi""}}]",2026-08-24T21:50:14.167860107Z,[1787608214180],2026-08-24T21:50:14.182732489Z,,,true,2026-08-24T21:50:22.043366792Z,01M0TT4JP6VSYSTADD58E33WM9,2026-08-24T21:49:54.202745356Z,"[""B4"",""C2"",""D1"",""A3""]",2026-08-24T21:25:53.203571088Z,true,2026-08-24T21:50:22.020394511Z,01M0TSZV8ERABP36QP2627EVMT,2026-08-24T21:25:53.203571088Z,32,2026-08-24T21:25:53.203571088Z,false,2026-08-24T21:49:54.346784306Z,01M0TT4SREDP4QR1H8V4E3X5G9,2026-08-24T21:49:54.202745356Z,,,48,2026-08-24T21:25:53.203571088Z,12,2026-08-24T21:25:53.203571088Z,training,2026-08-24T21:25:53.203571088Z,2,2026-08-24T21:25:53.203571088Z,4,2026-08-24T21:25:53.203571088Z,/tangrams/348_464.png,2026-08-24T21:50:22.043366792Z,/tangrams/348_464.png,2026-08-24T21:50:18.854944159Z,1787608217919,2026-08-24T21:50:18.863336406Z,1,2026-08-24T21:25:53.203571088Z,2,2026-08-24T21:25:54.046666566Z,true,2026-08-24T21:49:54.144556345Z,"[""/tangrams/348_464.png"",""/tangrams/202_441.png"",""/tangrams/20_314.png"",""/tangrams/66_24.png""]",2026-08-24T21:25:53.203571088Z,/tangrams/348_464.png,2026-08-24T21:25:53.203571088Z,B4,2026-08-24T21:25:53.203571088Z,8,2026-08-24T21:25:53.203571088Z,31,2026-08-24T21:25:53.203571088Z
01M0TTNRBV4MQH0FYA4XHK2CQY,01M0TSZGJXR0N6DNTNARWRMFQ4,2026-08-24T21:26:26.427086704Z,"[{""text"":""Looks like bolt with head and 2 sharp sides on the right"",""sender"":{""id"":""01M0TT4TXD8SRXYDAE6TW71C0D"",""name"":""Repi"",""avatar"":""https://api.dicebear.com/8.x/rings/svg?seed=Repi""}}]",2026-08-24T22:26:48.757433939Z,[1787610408771],2026-08-24T22:26:48.77673641Z,,,false,2026-08-24T22:27:10.532777706Z,01M0TT4TXD8SRXYDAE6TW71C0D,2026-08-24T22:26:07.233405937Z,"[""F8"",""D4"",""F3"",""F7""]",2026-08-24T21:26:26.427086704Z,true,2026-08-24T22:27:10.512464272Z,01M0TSZGKJQW5S4GCP9150DNN9,2026-08-24T21:26:26.427086704Z,2,2026-08-24T21:26:26.427086704Z,false,2026-08-24T22:26:07.401959376Z,01M0TTDMH9245RXEPX9F07PB9V,2026-08-24T22:26:07.233405937Z,,,48,2026-08-24T21:26:26.427086704Z,12,2026-08-24T21:26:26.427086704Z,training,2026-08-24T21:26:26.427086704Z,0,2026-08-24T21:26:26.427086704Z,4,2026-08-24T21:26:26.427086704Z,,2026-08-24T22:27:10.532777706Z,,2026-08-24T21:26:26.427086704Z,,,1,2026-08-24T21:26:26.427086704Z,2,2026-08-24T21:26:26.810744052Z,true,2026-08-24T22:26:07.165869999Z,"[""/tangrams/374_400.png"",""/tangrams/20_464.png"",""/tangrams/264_176.png"",""/tangrams/157_426.png""]",2026-08-24T21:26:26.427086704Z,/tangrams/20_464.png,2026-08-24T21:26:26.427086704Z,D4,2026-08-24T21:26:26.427086704Z,2,2026-08-24T21:26:26.427086704Z,1,2026-08-24T21:26:26.427086704Z
01M0TVK9ZWJ3B016695H3XCC6B,01M0TTMTH8JPTHXWGXYEY1VFR8,2026-08-24T21:42:34.748510881Z,"[{""text"":""pole and spike"",""sender"":{""id"":""01M0TVD4RDDZ2GPYA2W2TBJY2J"",""name"":""Minu"",""avatar"":""https://api.dicebear.com/8.x/rings/svg?seed=Minu""}}]",2026-08-24T21:59:29.055166833Z,[1787608769069],2026-08-24T21:59:29.070943825Z,,,true,2026-08-24T21:59:33.940573111Z,01M0TVD4RDDZ2GPYA2W2TBJY2J,2026-08-24T21:59:21.35333224Z,"[""C3"",""F2"",""F4"",""F7""]",2026-08-24T21:42:34.748510881Z,true,2026-08-24T21:59:33.925678472Z,01M0TTMWMG725DJ5GA5M4WD8SY,2026-08-24T21:42:34.748510881Z,41,2026-08-24T21:42:34.748510881Z,false,2026-08-24T21:59:21.512186809Z,01M0TV8YZXT0HY97VC3QNJABKN,2026-08-24T21:59:21.35333224Z,,,48,2026-08-24T21:42:34.748510881Z,12,2026-08-24T21:42:34.748510881Z,training,2026-08-24T21:42:34.748510881Z,3,2026-08-24T21:42:34.748510881Z,4,2026-08-24T21:42:34.748510881Z,/tangrams/429_403.png,2026-08-24T21:59:33.940573111Z,/tangrams/429_403.png,2026-08-24T21:59:30.730549318Z,1787608771503,2026-08-24T21:59:30.711743531Z,1,2026-08-24T21:42:34.748510881Z,2,2026-08-24T21:42:36.248778858Z,true,2026-08-24T21:59:21.294110464Z,"[""/tangrams/202_24.png"",""/tangrams/429_403.png"",""/tangrams/40_345.png"",""/tangrams/157_426.png""]",2026-08-24T21:42:34.748510881Z,/tangrams/429_403.png,2026-08-24T21:42:34.748510881Z,F2,2026-08-24T21:42:34.748510881Z,5,2026-08-24T21:42:34.748510881Z,40,2026-08-24T21:42:34.748510881Z
01M0TTA5ARN7Z84S1GBMGKAPTZ,01M0TSZV7X3D77NKMM5CDCW4Z6,2026-08-24T21:20:06.488112577Z,"[{""text"":""small diamond at bottom. triangle up top.  lots between"",""sender"":{""id"":""01M0TT3ZTTV22XQGZD0K61T6A4"",""name"":""Repi"",""avatar"":""https://api.dicebear.com/8.x/rings/svg?seed=Repi""}}]",2026-08-24T21:38:24.285713623Z,[1787607504294],2026-08-24T21:38:24.296380201Z,,,true,2026-08-24T21:38:36.603503385Z,01M0TT3ZTTV22XQGZD0K61T6A4,2026-08-24T21:37:57.44909916Z,"[""F6"",""C3"",""F7"",""F4""]",2026-08-24T21:20:06.488112577Z,true,2026-08-24T21:38:36.587000348Z,01M0TSZV8KEDQHAT4X3FNKVS2B,2026-08-24T21:20:06.488112577Z,22,2026-08-24T21:20:06.488112577Z,false,2026-08-24T21:37:57.598074671Z,01M0TT4SZRTK7MV5T48R9G1GQH,2026-08-24T21:37:57.44909916Z,,,48,2026-08-24T21:20:06.488112577Z,12,2026-08-24T21:20:06.488112577Z,training,2026-08-24T21:20:06.488112577Z,1,2026-08-24T21:20:06.488112577Z,4,2026-08-24T21:20:06.488112577Z,/tangrams/411_352.png,2026-08-24T21:38:36.603503385Z,/tangrams/411_352.png,2026-08-24T21:38:33.471372406Z,1787607513362,2026-08-24T21:38:33.481195266Z,0,2026-08-24T21:20:06.488112577Z,2,2026-08-24T21:20:07.068515772Z,true,2026-08-24T21:37:57.411752667Z,"[""/tangrams/134_125.png"",""/tangrams/422_405.png"",""/tangrams/411_352.png"",""/tangrams/434_227.png""]",2026-08-24T21:20:06.488112577Z,/tangrams/411_352.png,2026-08-24T21:20:06.488112577Z,F7,2026-08-24T21:20:06.488112577Z,10,2026-08-24T21:20:06.488112577Z,21,2026-08-24T21:20:06.488112577Z
01M0TTK19CJB29FM7RC0K3R03D,01M0TSZEX52H0PZDJFB4JNEAFW,2026-08-24T21:24:57.260182589Z,"[{""text"":""loose roof triangle pyramid under"",""sender"":{""id"":""01M0TT7FNH08P86PFHWCV3NRS8"",""name"":""Repi"",""avatar"":""https://api.dicebear.com/8.x/rings/svg?seed=Repi""}}]",2026-08-24T22:00:11.673310154Z,[1787608811688],2026-08-24T22:00:11.69031669Z,,,false,2026-08-24T22:00:24.227615306Z,01M0TT7FNH08P86PFHWCV3NRS8,2026-08-24T21:59:33.444804253Z,"[""A2"",""D1"",""B4"",""B1""]",2026-08-24T21:24:57.260182589Z,true,2026-08-24T22:00:24.202542471Z,01M0TSZEY54T11A9AMGVA6T4ZB,2026-08-24T21:24:57.260182589Z,24,2026-08-24T21:24:57.260182589Z,false,2026-08-24T21:59:33.629083553Z,01M0TT7ZVRQQW92P55GPN9KMMS,2026-08-24T21:59:33.444804253Z,,,48,2026-08-24T21:24:57.260182589Z,12,2026-08-24T21:24:57.260182589Z,training,2026-08-24T21:24:57.260182589Z,1,2026-08-24T21:24:57.260182589Z,4,2026-08-24T21:24:57.260182589Z,/tangrams/279_244.png,2026-08-24T22:00:24.227615306Z,/tangrams/279_244.png,2026-08-24T22:00:21.00618985Z,1787608823412,2026-08-24T22:00:20.987931841Z,0,2026-08-24T21:24:57.260182589Z,2,2026-08-24T21:24:57.68813789Z,true,2026-08-24T21:59:33.383371315Z,"[""/tangrams/138_339.png"",""/tangrams/279_244.png"",""/tangrams/366_66.png"",""/tangrams/366_244.png""]",2026-08-24T21:24:57.260182589Z,/tangrams/366_244.png,2026-08-24T21:24:57.260182589Z,B1,2026-08-24T21:24:57.260182589Z,12,2026-08-24T21:24:57.260182589Z,23,2026-08-24T21:24:57.260182589Z
01M0TTKDG6C5PKFTSV7J4CNFAC,01M0TSZGJXR0N6DNTNARWRMFQ4,2026-08-24T21:25:09.76663074Z,,,,,,,,,,,"[""B3"",""C4"",""A2"",""C2""]",2026-08-24T21:25:09.76663074Z,false,2026-08-24T21:25:09.76663074Z,01M0TSZGKM72FFW193EYG47F25,2026-08-24T21:25:09.76663074Z,47,2026-08-24T21:25:09.76663074Z,,,,,,,48,2026-08-24T21:25:09.76663074Z,12,2026-08-24T21:25:09.76663074Z,training,2026-08-24T21:25:09.76663074Z,3,2026-08-24T21:25:09.76663074Z,4,2026-08-24T21:25:09.76663074Z,,,,2026-08-24T21:25:09.76663074Z,,,0,2026-08-24T21:25:09.76663074Z,2,2026-08-24T21:25:10.753625037Z,false,2026-08-24T21:25:09.76663074Z,"[""/tangrams/366_405.png"",""/tangrams/422_66.png"",""/tangrams/138_339.png"",""/tangrams/422_339.png""]",2026-08-24T21:25:09.76663074Z,/tangrams/422_339.png,2026-08-24T21:25:09.76663074Z,C2,2026-08-24T21:25:09.76663074Z,11,2026-08-24T21:25:09.76663074Z,46,2026-08-24T21:25:09.76663074Z
01M0TTKN2H6RT12G2PVW78R4FR,01M0TSZEX52H0PZDJFB4JNEAFW,2026-08-24T21:25:17.521623389Z,"[{""text"":""RUNNING LEGSS"",""sender"":{""id"":""01M0TT55D1DRDQ3JPT1CDTT5VN"",""name"":""Repi"",""avatar"":""https://api.dicebear.com/8.x/rings/svg?seed=Repi""}}]",2026-08-24T21:50:33.702592604Z,[1787608233715],2026-08-24T21:50:33.717828858Z,,,true,2026-08-24T21:50:41.990953154Z,01M0TT55D1DRDQ3JPT1CDTT5VN,2026-08-24T21:50:23.436645991Z,"[""C4"",""A2"",""B3"",""D1""]",2026-08-24T21:25:17.521623389Z,true,2026-08-24T21:50:41.971567249Z,01M0TSZEY173D8F3KEP071GR06,2026-08-24T21:25:17.521623389Z,38,2026-08-24T21:25:17.521623389Z,false,2026-08-24T21:50:23.574529026Z,01M0TTF3ADJ36CYQBD8356XFNQ,2026-08-24T21:50:23.436645991Z,,,48,2026-08-24T21:25:17.521623389Z,12,2026-08-24T21:25:17.521623389Z,training,2026-08-24T21:25:17.521623389Z,3,2026-08-24T21:25:17.521623389Z,4,2026-08-24T21:25:17.521623389Z,/tangrams/366_405.png,2026-08-24T21:50:41.990953154Z,/tangrams/366_405.png,2026-08-24T21:50:38.834388381Z,1787608238485,2026-08-24T21:50:38.827287056Z,0,2026-08-24T21:25:17.521623389Z,2,2026-08-24T21:25:18.324880466Z,true,2026-08-24T21:50:23.382180698Z,"[""/tangrams/422_66.png"",""/tangrams/138_339.png"",""/tangrams/366_405.png"",""/tangrams/279_244.png""]",2026-08-24T21:25:17.521623389Z,/tangrams/366_405.png,2026-08-24T21:25:17.521623389Z,B3,2026-08-24T21:25:17.521623389Z,2,2026-08-24T21:25:17.521623389Z,37,2026-08-24T21:25:17.521623389Z
01M0TTNRFKMVA1J82CFPR55SF8,01M0TSZGJXR0N6DNTNARWRMFQ4,2026-08-24T21:26:26.54716391Z,,,,,,,,,,,"[""F7"",""B2"",""F2"",""C3""]",2026-08-24T21:26:26.54716391Z,false,2026-08-24T21:26:26.54716391Z,01M0TSZGKJQW5S4GCP9150DNN9,2026-08-24T21:26:26.54716391Z,37,2026-08-24T21:26:26.54716391Z,,,,,,,48,2026-08-24T21:26:26.54716391Z,12,2026-08-24T21:26:26.54716391Z,training,2026-08-24T21:26:26.54716391Z,3,2026-08-24T21:26:26.54716391Z,4,2026-08-24T21:26:26.54716391Z,,,,2026-08-24T21:26:26.54716391Z,,,1,2026-08-24T21:26:26.54716391Z,2,2026-08-24T21:26:27.598789899Z,false,2026-08-24T21:26:26.54716391Z,"[""/tangrams/157_426.png"",""/tangrams/348_441.png"",""/tangrams/429_403.png"",""/tangrams/202_24.png""]",2026-08-24T21:26:26.54716391Z,/tangrams/429_403.png,2026-08-24T21:26:26.54716391Z,F2,2026-08-24T21:26:26.54716391Z,1,2026-08-24T21:26:26.54716391Z,36,2026-08-24T21:26:26.54716391Z
01M0TV7JRZ22YG5H7EJKAYKKSA,01M0TTMTH8JPTHXWGXYEY1VFR8,2026-08-24T21:36:10.527344186Z,"[{""text"":""white rectangle"",""sender"":{""id"":""01M0TV363Y2QH3CGTPHSZR512P"",""name"":""Minu"",""avatar"":""https://api.dicebear.com/8.x/rings/svg?seed=Minu""}}]",2026-08-24T22:04:08.514941279Z,[1787609048530],2026-08-24T22:04:08.531870824Z,,,true,2026-08-24T22:04:13.647571425Z,01M0TV363Y2QH3CGTPHSZR512P,2026-08-24T22:04:02.191191241Z,"[""B1"",""D3"",""A4"",""C2""]",2026-08-24T21:36:10.527344186Z,true,2026-08-24T22:04:13.631768052Z,01M0TTMWM9GSP2NP0T4CET96EB,2026-08-24T21:36:10.527344186Z,47,2026-08-24T21:36:10.527344186Z,false,2026-08-24T22:04:02.455710414Z,01M0TTRGJ55RK21NQM11GGHNRN,2026-08-24T22:04:02.191191241Z,,,48,2026-08-24T21:36:10.527344186Z,12,2026-08-24T21:36:10.527344186Z,training,2026-08-24T21:36:10.527344186Z,3,2026-08-24T21:36:10.527344186Z,4,2026-08-24T21:36:10.527344186Z,/tangrams/20_24.png,2026-08-24T22:04:13.647571425Z,/tangrams/20_24.png,2026-08-24T22:04:10.404010622Z,1787609050905,2026-08-24T22:04:10.412671988Z,1,2026-08-24T21:36:10.527344186Z,2,2026-08-24T21:36:12.322111101Z,true,2026-08-24T22:04:02.128367492Z,"[""/tangrams/348_314.png"",""/tangrams/20_24.png"",""/tangrams/66_464.png"",""/tangrams/202_441.png""]",2026-08-24T21:36:10.527344186Z,/tangrams/20_24.png,2026-08-24T21:36:10.527344186Z,D3,2026-08-24T21:36:10.527344186Z,11,2026-08-24T21:36:10.527344186Z,46,2026-08-24T21:36:10.527344186Z
01M0TTA57Y7VCTCEJ68H134ERM,01M0TSZV7X3D77NKMM5CDCW4Z6,2026-08-24T21:20:06.398096814Z,"[{""text"":""I was going to say the same, nice to have a partner who's competent and doesnt dissapear lol"",""sender"":{""id"":""01M0TT4SZRTK7MV5T48R9G1GQH"",""name"":""Minu"",""avatar"":""https://api.dicebear.com/8.x/rings/svg?seed=Minu""}},{""text"":""This one has a diamond at the top, and a diamond and triangle at the bottom"",""sender"":{""id"":""01M0TT4SZRTK7MV5T48R9G1GQH"",""name"":""Minu"",""avatar"":""https://api.dicebear.com/8.x/rings/svg?seed=Minu""}}]",2026-08-24T21:47:58.056421871Z,"[1787608067102,1787608078068]",2026-08-24T21:47:58.069842614Z,,,true,2026-08-24T21:48:05.734519296Z,01M0TT4SZRTK7MV5T48R9G1GQH,2026-08-24T21:47:33.983033075Z,"[""A1"",""F5"",""F8"",""F7""]",2026-08-24T21:20:06.398096814Z,true,2026-08-24T21:48:05.716992066Z,01M0TSZV8KEDQHAT4X3FNKVS2B,2026-08-24T21:20:06.398096814Z,45,2026-08-24T21:20:06.398096814Z,false,2026-08-24T21:47:34.124470379Z,01M0TT3ZTTV22XQGZD0K61T6A4,2026-08-24T21:47:33.983033075Z,,,48,2026-08-24T21:20:06.398096814Z,12,2026-08-24T21:20:06.398096814Z,training,2026-08-24T21:20:06.398096814Z,3,2026-08-24T21:20:06.398096814Z,4,2026-08-24T21:20:06.398096814Z,/tangrams/138_244.png,2026-08-24T21:48:05.734519296Z,/tangrams/138_244.png,2026-08-24T21:48:02.575012974Z,1787608082494,2026-08-24T21:48:02.582713533Z,0,2026-08-24T21:20:06.398096814Z,2,2026-08-24T21:20:07.468693158Z,true,2026-08-24T21:47:33.922746348Z,"[""/tangrams/138_244.png"",""/tangrams/456_48.png"",""/tangrams/37_144.png"",""/tangrams/411_352.png""]",2026-08-24T21:20:06.398096814Z,/tangrams/138_244.png,2026-08-24T21:20:06.398096814Z,A1,2026-08-24T21:20:06.398096814Z,9,2026-08-24T21:20:06.398096814Z,44,2026-08-24T21:20:06.398096814Z
01M0TTK10HA19NJ6QJKNK83M7B,01M0TSZEX52H0PZDJFB4JNEAFW,2026-08-24T21:24:56.977364746Z,"[{""text"":""running guy with arms outstretched"",""sender"":{""id"":""01M0TT7FNH08P86PFHWCV3NRS8"",""name"":""Repi"",""avatar"":""https://api.dicebear.com/8.x/rings/svg?seed=Repi""}},{""text"":""diamond on top"",""sender"":{""id"":""01M0TT7FNH08P86PFHWCV3NRS8"",""name"":""Repi"",""avatar"":""https://api.dicebear.com/8.x/rings/svg?seed=Repi""}}]",2026-08-24T21:44:51.073869816Z,"[1787607876709,1787607891085]",2026-08-24T21:44:51.100781786Z,,,true,2026-08-24T21:44:57.080117083Z,01M0TT7FNH08P86PFHWCV3NRS8,2026-08-24T21:44:08.724215499Z,"[""A3"",""B1"",""A2"",""D3""]",2026-08-24T21:24:56.977364746Z,true,2026-08-24T21:44:57.060396776Z,01M0TSZEY54T11A9AMGVA6T4ZB,2026-08-24T21:24:56.977364746Z,4,2026-08-24T21:24:56.977364746Z,false,2026-08-24T21:44:08.906589137Z,01M0TT7ZVRQQW92P55GPN9KMMS,2026-08-24T21:44:08.724215499Z,,,48,2026-08-24T21:24:56.977364746Z,12,2026-08-24T21:24:56.977364746Z,training,2026-08-24T21:24:56.977364746Z,0,2026-08-24T21:24:56.977364746Z,4,2026-08-24T21:24:56.977364746Z,/tangrams/138_405.png,2026-08-24T21:44:57.080117083Z,/tangrams/138_405.png,2026-08-24T21:44:53.906848035Z,1787607896330,2026-08-24T21:44:53.899602697Z,0,2026-08-24T21:24:56.977364746Z,2,2026-08-24T21:24:57.33922061Z,true,2026-08-24T21:44:08.67346104Z,"[""/tangrams/138_405.png"",""/tangrams/366_244.png"",""/tangrams/138_339.png"",""/tangrams/279_405.png""]",2026-08-24T21:24:56.977364746Z,/tangrams/138_405.png,2026-08-24T21:24:56.977364746Z,A3,2026-08-24T21:24:56.977364746Z,4,2026-08-24T21:24:56.977364746Z,3,2026-08-24T21:24:56.977364746Z
01M0TVK9T1V3PNDTPVEEMJPGAA,01M0TTMTH8JPTHXWGXYEY1VFR8,2026-08-24T21:42:34.561859738Z,"[{""text"":""cross"",""sender"":{""id"":""01M0TV8YZXT0HY97VC3QNJABKN"",""name"":""Repi"",""avatar"":""https://api.dicebear.com/8.x/rings/svg?seed=Repi""}}]",2026-08-24T21:58:44.20613836Z,[1787608724220],2026-08-24T21:58:44.222383448Z,,,true,2026-08-24T21:58:50.060022486Z,01M0TV8YZXT0HY97VC3QNJABKN,2026-08-24T21:58:37.074314157Z,"[""C3"",""F5"",""F7"",""F1""]",2026-08-24T21:42:34.561859738Z,true,2026-08-24T21:58:50.04303871Z,01M0TTMWMG725DJ5GA5M4WD8SY,2026-08-24T21:42:34.561859738Z,38,2026-08-24T21:42:34.561859738Z,false,2026-08-24T21:58:37.240955356Z,01M0TVD4RDDZ2GPYA2W2TBJY2J,2026-08-24T21:58:37.074314157Z,,,48,2026-08-24T21:42:34.561859738Z,12,2026-08-24T21:42:34.561859738Z,training,2026-08-24T21:42:34.561859738Z,3,2026-08-24T21:42:34.561859738Z,4,2026-08-24T21:42:34.561859738Z,/tangrams/4_159.png,2026-08-24T21:58:50.060022486Z,/tangrams/4_159.png,2026-08-24T21:58:46.865146323Z,1787608726797,2026-08-24T21:58:46.873908487Z,1,2026-08-24T21:42:34.561859738Z,2,2026-08-24T21:42:36.156327923Z,true,2026-08-24T21:58:37.005030594Z,"[""/tangrams/202_24.png"",""/tangrams/4_159.png"",""/tangrams/157_426.png"",""/tangrams/452_257.png""]",2026-08-24T21:42:34.561859738Z,/tangrams/4_159.png,2026-08-24T21:42:34.561859738Z,F5,2026-08-24T21:42:34.561859738Z,2,2026-08-24T21:42:34.561859738Z,37,2026-08-24T21:42:34.561859738Z
01M0TTEY3S2N0VPS91FD40Y0B8,01M0TSZEX52H0PZDJFB4JNEAFW,2026-08-24T21:22:42.937265773Z,"[{""text"":""Two horns on top, almost looks like a Transformer"",""sender"":{""id"":""01M0TT9XXJBBQAZ4WANFPESF7T"",""name"":""Minu"",""avatar"":""https://api.dicebear.com/8.x/rings/svg?seed=Minu""}}]",2026-08-24T21:50:23.306964672Z,[1787608223325],2026-08-24T21:50:23.326678494Z,,,true,2026-08-24T21:50:31.528991379Z,01M0TT9XXJBBQAZ4WANFPESF7T,2026-08-24T21:49:57.12938918Z,"[""F1"",""B2"",""F4"",""D4""]",2026-08-24T21:22:42.937265773Z,true,2026-08-24T21:50:31.507903355Z,01M0TSZEY44B7XSP574QH2WQPJ,2026-08-24T21:22:42.937265773Z,33,2026-08-24T21:22:42.937265773Z,false,2026-08-24T21:49:57.315432122Z,01M0TT49QHQY8JQV8C5T94HHYZ,2026-08-24T21:49:57.12938918Z,,,48,2026-08-24T21:22:42.937265773Z,12,2026-08-24T21:22:42.937265773Z,training,2026-08-24T21:22:42.937265773Z,2,2026-08-24T21:22:42.937265773Z,4,2026-08-24T21:22:42.937265773Z,/tangrams/279_66.png,2026-08-24T21:50:31.528991379Z,/tangrams/279_66.png,2026-08-24T21:50:28.346964974Z,1787608228249,2026-08-24T21:50:28.33094952Z,0,2026-08-24T21:22:42.937265773Z,2,2026-08-24T21:22:43.728697776Z,true,2026-08-24T21:49:57.068204244Z,"[""/tangrams/119_182.png"",""/tangrams/366_339.png"",""/tangrams/434_227.png"",""/tangrams/279_66.png""]",2026-08-24T21:22:42.937265773Z,/tangrams/279_66.png,2026-08-24T21:22:42.937265773Z,D4,2026-08-24T21:22:42.937265773Z,9,2026-08-24T21:22:42.937265773Z,32,2026-08-24T21:22:42.937265773Z
01M0TTTPG6W1DYMGG4SAQZTRQJ,01M0TSZV7X3D77NKMM5CDCW4Z6,2026-08-24T21:29:08.358602164Z,"[{""text"":""2 large triangles on its back and looks like it is leaning over to eat"",""sender"":{""id"":""01M0TT467Q69C5HQ20GW6FRRF2"",""name"":""Repi"",""avatar"":""https://api.dicebear.com/8.x/rings/svg?seed=Repi""}}]",2026-08-24T21:56:27.738379438Z,[1787608587753],2026-08-24T21:56:27.755236635Z,,,true,2026-08-24T21:56:42.25320367Z,01M0TT467Q69C5HQ20GW6FRRF2,2026-08-24T21:55:54.690272Z,"[""C1"",""A2"",""B1"",""B4""]",2026-08-24T21:29:08.358602164Z,true,2026-08-24T21:56:42.235284795Z,01M0TSZV8KEDQHAT4X33M1GG1C,2026-08-24T21:29:08.358602164Z,20,2026-08-24T21:29:08.358602164Z,false,2026-08-24T21:55:54.890369365Z,01M0TTBQPRE9XMJHBPDKM8GTC4,2026-08-24T21:55:54.690272Z,,,48,2026-08-24T21:29:08.358602164Z,12,2026-08-24T21:29:08.358602164Z,training,2026-08-24T21:29:08.358602164Z,1,2026-08-24T21:29:08.358602164Z,4,2026-08-24T21:29:08.358602164Z,/tangrams/348_314.png,2026-08-24T21:56:42.25320367Z,/tangrams/348_314.png,2026-08-24T21:56:39.005577791Z,1787608597275,2026-08-24T21:56:39.014544092Z,1,2026-08-24T21:29:08.358602164Z,2,2026-08-24T21:29:09.465788981Z,true,2026-08-24T21:55:54.622998442Z,"[""/tangrams/202_314.png"",""/tangrams/66_441.png"",""/tangrams/348_314.png"",""/tangrams/348_464.png""]",2026-08-24T21:29:08.358602164Z,/tangrams/348_314.png,2026-08-24T21:29:08.358602164Z,B1,2026-08-24T21:29:08.358602164Z,8,2026-08-24T21:29:08.358602164Z,19,2026-08-24T21:29:08.358602164Z
01M0TTTPHD05RP9QK8GPBME752,01M0TSZV7X3D77NKMM5CDCW4Z6,2026-08-24T21:29:08.397831275Z,"[{""text"":""Looks like a  key has a 3 like shape"",""sender"":{""id"":""01M0TTBQPRE9XMJHBPDKM8GTC4"",""name"":""Minu"",""avatar"":""https://api.dicebear.com/8.x/rings/svg?seed=Minu""}}]",2026-08-24T22:10:09.180901794Z,[1787609409195],2026-08-24T22:10:09.197915586Z,,,true,2026-08-24T22:10:24.209868417Z,01M0TTBQPRE9XMJHBPDKM8GTC4,2026-08-24T22:09:54.756188909Z,"[""C4"",""A3"",""D3"",""A2""]",2026-08-24T21:29:08.397831275Z,true,2026-08-24T22:10:24.187875731Z,01M0TSZV8KEDQHAT4X33M1GG1C,2026-08-24T21:29:08.397831275Z,39,2026-08-24T21:29:08.397831275Z,false,2026-08-24T22:09:54.94555621Z,01M0TT467Q69C5HQ20GW6FRRF2,2026-08-24T22:09:54.756188909Z,,,48,2026-08-24T21:29:08.397831275Z,12,2026-08-24T21:29:08.397831275Z,training,2026-08-24T21:29:08.397831275Z,3,2026-08-24T21:29:08.397831275Z,4,2026-08-24T21:29:08.397831275Z,/tangrams/66_24.png,2026-08-24T22:10:24.209868417Z,/tangrams/66_24.png,2026-08-24T22:10:20.846366303Z,1787609418083,2026-08-24T22:10:20.820857454Z,1,2026-08-24T21:29:08.397831275Z,2,2026-08-24T21:29:10.303413349Z,true,2026-08-24T22:09:54.6895541Z,"[""/tangrams/202_464.png"",""/tangrams/66_24.png"",""/tangrams/20_24.png"",""/tangrams/66_441.png""]",2026-08-24T21:29:08.397831275Z,/tangrams/66_24.png,2026-08-24T21:29:08.397831275Z,A3,2026-08-24T21:29:08.397831275Z,3,2026-08-24T21:29:08.397831275Z,38,2026-08-24T21:29:08.397831275Z
01M0TTTPMHDVPW2W59Q2M5JPMT,01M0TSZV7X3D77NKMM5CDCW4Z6,2026-08-24T21:29:08.497519855Z,"[{""text"":""looks like a dog lowering its head"",""sender"":{""id"":""01M0TT467Q69C5HQ20GW6FRRF2"",""name"":""Repi"",""avatar"":""https://api.dicebear.com/8.x/rings/svg?seed=Repi""}}]",2026-08-24T21:52:19.903591451Z,[1787608339920],2026-08-24T21:52:19.921625721Z,,,true,2026-08-24T21:52:35.359512757Z,01M0TT467Q69C5HQ20GW6FRRF2,2026-08-24T21:52:03.920187328Z,"[""C4"",""B3"",""B4"",""A2""]",2026-08-24T21:29:08.497519855Z,true,2026-08-24T21:52:35.338034822Z,01M0TSZV8KEDQHAT4X33M1GG1C,2026-08-24T21:29:08.497519855Z,14,2026-08-24T21:29:08.497519855Z,false,2026-08-24T21:52:04.084303486Z,01M0TTBQPRE9XMJHBPDKM8GTC4,2026-08-24T21:52:03.920187328Z,,,48,2026-08-24T21:29:08.497519855Z,12,2026-08-24T21:29:08.497519855Z,training,2026-08-24T21:29:08.497519855Z,1,2026-08-24T21:29:08.497519855Z,4,2026-08-24T21:29:08.497519855Z,/tangrams/348_464.png,2026-08-24T21:52:35.359512757Z,/tangrams/348_464.png,2026-08-24T21:52:32.913289191Z,1787608350417,2026-08-24T21:52:32.153351719Z,1,2026-08-24T21:29:08.497519855Z,2,2026-08-24T21:29:09.251654466Z,true,2026-08-24T21:52:03.873044476Z,"[""/tangrams/202_464.png"",""/tangrams/348_24.png"",""/tangrams/348_464.png"",""/tangrams/66_441.png""]",2026-08-24T21:29:08.497519855Z,/tangrams/348_464.png,2026-08-24T21:29:08.497519855Z,B4,2026-08-24T21:29:08.497519855Z,2,2026-08-24T21:29:08.497519855Z,13,2026-08-24T21:29:08.497519855Z
01M0TVK9KZSDVV46732Y57QC50,01M0TTMTH8JPTHXWGXYEY1VFR8,2026-08-24T21:42:34.367785455Z,"[{""text"":""2 letters"",""sender"":{""id"":""01M0TVD4RDDZ2GPYA2W2TBJY2J"",""name"":""Minu"",""avatar"":""https://api.dicebear.com/8.x/rings/svg?seed=Minu""}}]",2026-08-24T21:53:40.620450618Z,[1787608420633],2026-08-24T21:53:40.634897316Z,,,true,2026-08-24T21:53:45.976198706Z,01M0TVD4RDDZ2GPYA2W2TBJY2J,2026-08-24T21:53:34.058996942Z,"[""F1"",""F5"",""F7"",""F2""]",2026-08-24T21:42:34.367785455Z,true,2026-08-24T21:53:45.958067794Z,01M0TTMWMG725DJ5GA5M4WD8SY,2026-08-24T21:42:34.367785455Z,17,2026-08-24T21:42:34.367785455Z,false,2026-08-24T21:53:34.236572398Z,01M0TV8YZXT0HY97VC3QNJABKN,2026-08-24T21:53:34.058996942Z,,,48,2026-08-24T21:42:34.367785455Z,12,2026-08-24T21:42:34.367785455Z,training,2026-08-24T21:42:34.367785455Z,1,2026-08-24T21:42:34.367785455Z,4,2026-08-24T21:42:34.367785455Z,/tangrams/452_257.png,2026-08-24T21:53:45.976198706Z,/tangrams/452_257.png,2026-08-24T21:53:42.668379134Z,1787608423455,2026-08-24T21:53:42.684029612Z,1,2026-08-24T21:42:34.367785455Z,2,2026-08-24T21:42:35.493266491Z,true,2026-08-24T21:53:34.008469017Z,"[""/tangrams/452_257.png"",""/tangrams/4_159.png"",""/tangrams/157_426.png"",""/tangrams/429_403.png""]",2026-08-24T21:42:34.367785455Z,/tangrams/452_257.png,2026-08-24T21:42:34.367785455Z,F1,2026-08-24T21:42:34.367785455Z,5,2026-08-24T21:42:34.367785455Z,16,2026-08-24T21:42:34.367785455Z
01M0TTEY3F6FQ84GR89F7WDK38,01M0TSZEX52H0PZDJFB4JNEAFW,2026-08-24T21:22:42.927130267Z,"[{""text"":""Diamond on the bottom"",""sender"":{""id"":""01M0TT49QHQY8JQV8C5T94HHYZ"",""name"":""Repi"",""avatar"":""https://api.dicebear.com/8.x/rings/svg?seed=Repi""}}]",2026-08-24T21:52:14.629907947Z,[1787608334643],2026-08-24T21:52:14.644920442Z,,,true,2026-08-24T21:52:21.344726667Z,01M0TT49QHQY8JQV8C5T94HHYZ,2026-08-24T21:51:59.827344513Z,"[""C3"",""D4"",""F7"",""F5""]",2026-08-24T21:22:42.927130267Z,true,2026-08-24T21:52:21.326796186Z,01M0TSZEY44B7XSP574QH2WQPJ,2026-08-24T21:22:42.927130267Z,36,2026-08-24T21:22:42.927130267Z,false,2026-08-24T21:52:00.114032403Z,01M0TT9XXJBBQAZ4WANFPESF7T,2026-08-24T21:51:59.827344513Z,,,48,2026-08-24T21:22:42.927130267Z,12,2026-08-24T21:22:42.927130267Z,training,2026-08-24T21:22:42.927130267Z,2,2026-08-24T21:22:42.927130267Z,4,2026-08-24T21:22:42.927130267Z,/tangrams/411_352.png,2026-08-24T21:52:21.344726667Z,/tangrams/411_352.png,2026-08-24T21:52:18.16165318Z,1787608337820,2026-08-24T21:52:18.177428138Z,0,2026-08-24T21:22:42.927130267Z,2,2026-08-24T21:22:43.770899107Z,true,2026-08-24T21:51:59.75816292Z,"[""/tangrams/422_405.png"",""/tangrams/279_66.png"",""/tangrams/411_352.png"",""/tangrams/456_48.png""]",2026-08-24T21:22:42.927130267Z,/tangrams/411_352.png,2026-08-24T21:22:42.927130267Z,F7,2026-08-24T21:22:42.927130267Z,12,2026-08-24T21:22:42.927130267Z,35,2026-08-24T21:22:42.927130267Z
01M0TTKMVC7VC72KXQHDQG1Q4E,01M0TSZEX52H0PZDJFB4JNEAFW,2026-08-24T21:25:17.292646054Z,"[{""text"":""DIAMOND AND TRIANGLE AT THE BOTTOM"",""sender"":{""id"":""01M0TT55D1DRDQ3JPT1CDTT5VN"",""name"":""Repi"",""avatar"":""https://api.dicebear.com/8.x/rings/svg?seed=Repi""}}]",2026-08-24T21:41:22.367733919Z,[1787607682377],2026-08-24T21:41:22.378590734Z,,,true,2026-08-24T21:41:27.999075794Z,01M0TT55D1DRDQ3JPT1CDTT5VN,2026-08-24T21:41:03.269598702Z,"[""C2"",""A3"",""B4"",""D1""]",2026-08-24T21:25:17.292646054Z,true,2026-08-24T21:41:27.984944734Z,01M0TSZEY173D8F3KEP071GR06,2026-08-24T21:25:17.292646054Z,16,2026-08-24T21:25:17.292646054Z,false,2026-08-24T21:41:03.386451378Z,01M0TTF3ADJ36CYQBD8356XFNQ,2026-08-24T21:41:03.269598702Z,,,48,2026-08-24T21:25:17.292646054Z,12,2026-08-24T21:25:17.292646054Z,training,2026-08-24T21:25:17.292646054Z,1,2026-08-24T21:25:17.292646054Z,4,2026-08-24T21:25:17.292646054Z,/tangrams/279_244.png,2026-08-24T21:41:27.999075794Z,/tangrams/279_244.png,2026-08-24T21:41:24.798659978Z,1787607684406,2026-08-24T21:41:24.793624315Z,0,2026-08-24T21:25:17.292646054Z,2,2026-08-24T21:25:17.903465812Z,true,2026-08-24T21:41:03.227292297Z,"[""/tangrams/422_339.png"",""/tangrams/138_405.png"",""/tangrams/366_66.png"",""/tangrams/279_244.png""]",2026-08-24T21:25:17.292646054Z,/tangrams/279_244.png,2026-08-24T21:25:17.292646054Z,D1,2026-08-24T21:25:17.292646054Z,4,2026-08-24T21:25:17.292646054Z,15,2026-08-24T21:25:17.292646054Z
01M0TTYQ28CBGV6JE2PQ3W2D78,01M0TTMTH8JPTHXWGXYEY1VFR8,2026-08-24T21:31:20.008193268Z,"[{""text"":""?"",""sender"":{""id"":""01M0TTJT0T1FXWVGTP027BYENQ"",""name"":""Minu"",""avatar"":""https://api.dicebear.com/8.x/rings/svg?seed=Minu""}},{""text"":""A mountain potrait vertically lying"",""sender"":{""id"":""01M0TTENRE0ZSC234N2S1BW8ZS"",""name"":""Repi"",""avatar"":""https://api.dicebear.com/8.x/rings/svg?seed=Repi""}},{""text"":""Threee strikes image"",""sender"":{""id"":""01M0TTENRE0ZSC234N2S1BW8ZS"",""name"":""Repi"",""avatar"":""https://api.dicebear.com/8.x/rings/svg?seed=Repi""}},{""text"":""which one"",""sender"":{""id"":""01M0TTJT0T1FXWVGTP027BYENQ"",""name"":""Minu"",""avatar"":""https://api.dicebear.com/8.x/rings/svg?seed=Minu""}},{""text"":""With no strike on side"",""sender"":{""id"":""01M0TTENRE0ZSC234N2S1BW8ZS"",""name"":""Repi"",""avatar"":""https://api.dicebear.com/8.x/rings/svg?seed=Repi""}},{""text"":""oh yeah"",""sender"":{""id"":""01M0TTJT0T1FXWVGTP027BYENQ"",""name"":""Minu"",""avatar"":""https://api.dicebear.com/8.x/rings/svg?seed=Minu""}}]",2026-08-24T21:50:27.749420586Z,"[1787608181090,1787608185851,1787608205672,1787608205832,1787608218787,1787608227761]",2026-08-24T21:50:27.763349432Z,,,false,2026-08-24T21:50:31.82518512Z,01M0TTENRE0ZSC234N2S1BW8ZS,2026-08-24T21:49:28.551723453Z,"[""C4"",""D3"",""B1"",""C1""]",2026-08-24T21:31:20.008193268Z,true,2026-08-24T21:50:31.803093992Z,01M0TTMWMDPGAHQRDA7BZJ8FEZ,2026-08-24T21:31:20.008193268Z,6,2026-08-24T21:31:20.008193268Z,false,2026-08-24T21:49:28.704745846Z,01M0TTJT0T1FXWVGTP027BYENQ,2026-08-24T21:49:28.551723453Z,,,48,2026-08-24T21:31:20.008193268Z,12,2026-08-24T21:31:20.008193268Z,training,2026-08-24T21:31:20.008193268Z,0,2026-08-24T21:31:20.008193268Z,4,2026-08-24T21:31:20.008193268Z,,2026-08-24T21:50:31.82518512Z,,2026-08-24T21:31:20.008193268Z,,,1,2026-08-24T21:31:20.008193268Z,2,2026-08-24T21:31:20.855211186Z,true,2026-08-24T21:49:28.435739914Z,"[""/tangrams/202_464.png"",""/tangrams/20_24.png"",""/tangrams/348_314.png"",""/tangrams/202_314.png""]",2026-08-24T21:31:20.008193268Z,/tangrams/202_314.png,2026-08-24T21:31:20.008193268Z,C1,2026-08-24T21:31:20.008193268Z,6,2026-08-24T21:31:20.008193268Z,5,2026-08-24T21:31:20.008193268Z
01M0TTYQ5MXBSJWTFVCVMSKW43,01M0TTMTH8JPTHXWGXYEY1VFR8,2026-08-24T21:31:20.11699754Z,,,,,,,,,,,"[""C2"",""B4"",""B1"",""D1""]",2026-08-24T21:31:20.11699754Z,false,2026-08-24T21:31:20.11699754Z,01M0TTMWMDPGAHQRDA7BZJ8FEZ,2026-08-24T21:31:20.11699754Z,41,2026-08-24T21:31:20.11699754Z,,,,,,,48,2026-08-24T21:31:20.11699754Z,12,2026-08-24T21:31:20.11699754Z,training,2026-08-24T21:31:20.11699754Z,3,2026-08-24T21:31:20.11699754Z,4,2026-08-24T21:31:20.11699754Z,,,,2026-08-24T21:31:20.11699754Z,,,1,2026-08-24T21:31:20.11699754Z,2,2026-08-24T21:31:22.296155178Z,false,2026-08-24T21:31:20.11699754Z,"[""/tangrams/202_441.png"",""/tangrams/348_464.png"",""/tangrams/348_314.png"",""/tangrams/20_314.png""]",2026-08-24T21:31:20.11699754Z,/tangrams/348_314.png,2026-08-24T21:31:20.11699754Z,B1,2026-08-24T21:31:20.11699754Z,5,2026-08-24T21:31:20.11699754Z,40,2026-08-24T21:31:20.11699754Z
01M0TTKMT6SENPRWDNEFVYRDVQ,01M0TSZEX52H0PZDJFB4JNEAFW,2026-08-24T21:25:17.254746867Z,"[{""text"":""PIZZA HUT HAT ON TOP"",""sender"":{""id"":""01M0TT55D1DRDQ3JPT1CDTT5VN"",""name"":""Repi"",""avatar"":""https://api.dicebear.com/8.x/rings/svg?seed=Repi""}}]",2026-08-24T21:37:52.163620342Z,[1787607472172],2026-08-24T21:37:52.174095315Z,,,true,2026-08-24T21:37:58.305830316Z,01M0TT55D1DRDQ3JPT1CDTT5VN,2026-08-24T21:37:32.918226023Z,"[""D1"",""C2"",""B4"",""A3""]",2026-08-24T21:25:17.254746867Z,true,2026-08-24T21:37:58.290253877Z,01M0TSZEY173D8F3KEP071GR06,2026-08-24T21:25:17.254746867Z,8,2026-08-24T21:25:17.254746867Z,false,2026-08-24T21:37:33.030447523Z,01M0TTF3ADJ36CYQBD8356XFNQ,2026-08-24T21:37:32.918226023Z,,,48,2026-08-24T21:25:17.254746867Z,12,2026-08-24T21:25:17.254746867Z,training,2026-08-24T21:25:17.254746867Z,0,2026-08-24T21:25:17.254746867Z,4,2026-08-24T21:25:17.254746867Z,/tangrams/422_339.png,2026-08-24T21:37:58.305830316Z,/tangrams/422_339.png,2026-08-24T21:37:55.16467357Z,1787607474770,2026-08-24T21:37:55.170519669Z,0,2026-08-24T21:25:17.254746867Z,2,2026-08-24T21:25:17.755988723Z,true,2026-08-24T21:37:32.870665433Z,"[""/tangrams/279_244.png"",""/tangrams/422_339.png"",""/tangrams/366_66.png"",""/tangrams/138_405.png""]",2026-08-24T21:25:17.254746867Z,/tangrams/422_339.png,2026-08-24T21:25:17.254746867Z,C2,2026-08-24T21:25:17.254746867Z,8,2026-08-24T21:25:17.254746867Z,7,2026-08-24T21:25:17.254746867Z
01M0TTKMV192DKPMV1BM3AVXYY,01M0TSZEX52H0PZDJFB4JNEAFW,2026-08-24T21:25:17.281931337Z,"[{""text"":""DIAMOND ON TOP"",""sender"":{""id"":""01M0TT55D1DRDQ3JPT1CDTT5VN"",""name"":""Repi"",""avatar"":""https://api.dicebear.com/8.x/rings/svg?seed=Repi""}}]",2026-08-24T21:35:34.768839339Z,[1787607334777],2026-08-24T21:35:34.779234656Z,,,true,2026-08-24T21:35:41.287113199Z,01M0TT55D1DRDQ3JPT1CDTT5VN,2026-08-24T21:35:16.144031077Z,"[""A4"",""B3"",""D2"",""C1""]",2026-08-24T21:25:17.281931337Z,true,2026-08-24T21:35:41.275641037Z,01M0TSZEY173D8F3KEP071GR06,2026-08-24T21:25:17.281931337Z,2,2026-08-24T21:25:17.281931337Z,false,2026-08-24T21:35:16.373234727Z,01M0TTF3ADJ36CYQBD8356XFNQ,2026-08-24T21:35:16.144031077Z,,,48,2026-08-24T21:25:17.281931337Z,12,2026-08-24T21:25:17.281931337Z,training,2026-08-24T21:25:17.281931337Z,0,2026-08-24T21:25:17.281931337Z,4,2026-08-24T21:25:17.281931337Z,/tangrams/138_66.png,2026-08-24T21:35:41.287113199Z,/tangrams/138_66.png,2026-08-24T21:35:38.000865537Z,1787607337589,2026-08-24T21:35:37.995725922Z,0,2026-08-24T21:25:17.281931337Z,2,2026-08-24T21:25:17.633579522Z,true,2026-08-24T21:35:16.108184478Z,"[""/tangrams/138_66.png"",""/tangrams/366_405.png"",""/tangrams/279_339.png"",""/tangrams/422_244.png""]",2026-08-24T21:25:17.281931337Z,/tangrams/138_66.png,2026-08-24T21:25:17.281931337Z,A4,2026-08-24T21:25:17.281931337Z,2,2026-08-24T21:25:17.281931337Z,1,2026-08-24T21:25:17.281931337Z
01M0TTMQR7WT8RVVVAVBNPBP5B,01M0TSZV7X3D77NKMM5CDCW4Z6,2026-08-24T21:25:53.031129084Z,"[{""text"":""Sideways triangle facing right - 2 of them with pole down the middle"",""sender"":{""id"":""01M0TT4SREDP4QR1H8V4E3X5G9"",""name"":""Minu"",""avatar"":""https://api.dicebear.com/8.x/rings/svg?seed=Minu""}}]",2026-08-24T21:36:09.878567049Z,[1787607369902],2026-08-24T21:36:09.904365157Z,,,false,2026-08-24T21:36:29.277401012Z,01M0TT4SREDP4QR1H8V4E3X5G9,2026-08-24T21:35:26.06706023Z,"[""B1"",""C4"",""A3"",""D2""]",2026-08-24T21:25:53.031129084Z,true,2026-08-24T21:36:29.266791027Z,01M0TSZV8ERABP36QP2627EVMT,2026-08-24T21:25:53.031129084Z,5,2026-08-24T21:25:53.031129084Z,false,2026-08-24T21:35:26.184802872Z,01M0TT4JP6VSYSTADD58E33WM9,2026-08-24T21:35:26.06706023Z,,,48,2026-08-24T21:25:53.031129084Z,12,2026-08-24T21:25:53.031129084Z,training,2026-08-24T21:25:53.031129084Z,0,2026-08-24T21:25:53.031129084Z,4,2026-08-24T21:25:53.031129084Z,,2026-08-24T21:36:29.277401012Z,,2026-08-24T21:25:53.031129084Z,,,1,2026-08-24T21:25:53.031129084Z,2,2026-08-24T21:25:53.453314565Z,true,2026-08-24T21:35:26.014352004Z,"[""/tangrams/348_314.png"",""/tangrams/202_464.png"",""/tangrams/66_24.png"",""/tangrams/20_441.png""]",2026-08-24T21:25:53.031129084Z,/tangrams/202_464.png,2026-08-24T21:25:53.031129084Z,C4,2026-08-24T21:25:53.031129084Z,5,2026-08-24T21:25:53.031129084Z,4,2026-08-24T21:25:53.031129084Z
01M0TTTPKNZ2ZXVD8JR5TDDNBG,01M0TSZV7X3D77NKMM5CDCW4Z6,2026-08-24T21:29:08.469675641Z,"[{""text"":""Looks like a tiny person with a giamt head and small body and legs"",""sender"":{""id"":""01M0TTBQPRE9XMJHBPDKM8GTC4"",""name"":""Minu"",""avatar"":""https://api.dicebear.com/8.x/rings/svg?seed=Minu""}}]",2026-08-24T21:53:05.860371363Z,[1787608385873],2026-08-24T21:53:05.875392331Z,,,false,2026-08-24T21:53:26.901883615Z,01M0TTBQPRE9XMJHBPDKM8GTC4,2026-08-24T21:52:35.437433706Z,"[""D1"",""A2"",""B4"",""D2""]",2026-08-24T21:29:08.469675641Z,true,2026-08-24T21:53:26.881777893Z,01M0TSZV8KEDQHAT4X33M1GG1C,2026-08-24T21:29:08.469675641Z,15,2026-08-24T21:29:08.469675641Z,false,2026-08-24T21:52:35.616518264Z,01M0TT467Q69C5HQ20GW6FRRF2,2026-08-24T21:52:35.437433706Z,,,48,2026-08-24T21:29:08.469675641Z,12,2026-08-24T21:29:08.469675641Z,training,2026-08-24T21:29:08.469675641Z,1,2026-08-24T21:29:08.469675641Z,4,2026-08-24T21:29:08.469675641Z,/tangrams/348_464.png,2026-08-24T21:53:26.901883615Z,/tangrams/348_464.png,2026-08-24T21:53:23.67747362Z,1787608400910,2026-08-24T21:53:23.641592123Z,1,2026-08-24T21:29:08.469675641Z,2,2026-08-24T21:29:09.288161704Z,true,2026-08-24T21:52:35.37669822Z,"[""/tangrams/20_314.png"",""/tangrams/66_441.png"",""/tangrams/348_464.png"",""/tangrams/20_441.png""]",2026-08-24T21:29:08.469675641Z,/tangrams/20_441.png,2026-08-24T21:29:08.469675641Z,D2,2026-08-24T21:29:08.469675641Z,3,2026-08-24T21:29:08.469675641Z,14,2026-08-24T21:29:08.469675641Z
01M0TTTPV426FRCXCMNSFC5QKF,01M0TSZV7X3D77NKMM5CDCW4Z6,2026-08-24T21:29:08.708441032Z,"[{""text"":""Looks like a spikey dog looking for something on the ground"",""sender"":{""id"":""01M0TTBQPRE9XMJHBPDKM8GTC4"",""name"":""Minu"",""avatar"":""https://api.dicebear.com/8.x/rings/svg?seed=Minu""}}]",2026-08-24T22:15:04.480187541Z,[1787609704496],2026-08-24T22:15:04.499919338Z,,,true,2026-08-24T22:15:10.814813863Z,01M0TTBQPRE9XMJHBPDKM8GTC4,2026-08-24T22:14:35.636067624Z,"[""C2"",""B1"",""B4"",""A4""]",2026-08-24T21:29:08.708441032Z,true,2026-08-24T22:15:10.79022096Z,01M0TSZV8KEDQHAT4X33M1GG1C,2026-08-24T21:29:08.708441032Z,47,2026-08-24T21:29:08.708441032Z,false,2026-08-24T22:14:35.874378629Z,01M0TT467Q69C5HQ20GW6FRRF2,2026-08-24T22:14:35.636067624Z,,,48,2026-08-24T21:29:08.708441032Z,12,2026-08-24T21:29:08.708441032Z,training,2026-08-24T21:29:08.708441032Z,3,2026-08-24T21:29:08.708441032Z,4,2026-08-24T21:29:08.708441032Z,/tangrams/348_464.png,2026-08-24T22:15:10.814813863Z,/tangrams/348_464.png,2026-08-24T22:15:07.515621718Z,1787609704772,2026-08-24T22:15:07.504223736Z,1,2026-08-24T21:29:08.708441032Z,2,2026-08-24T21:29:10.602996491Z,true,2026-08-24T22:14:35.546510975Z,"[""/tangrams/202_441.png"",""/tangrams/348_314.png"",""/tangrams/348_464.png"",""/tangrams/66_464.png""]",2026-08-24T21:29:08.708441032Z,/tangrams/348_464.png,2026-08-24T21:29:08.708441032Z,B4,2026-08-24T21:29:08.708441032Z,11,2026-08-24T21:29:08.708441032Z,46,2026-08-24T21:29:08.708441032Z
01M0TV7JN29JDARFCVYKKM8G04,01M0TTMTH8JPTHXWGXYEY1VFR8,2026-08-24T21:36:10.402117032Z,,,,,,,,,,,,,true,2026-08-24T21:44:41.156767584Z,01M0TTMWM9GSP2NP0T4CET96EB,2026-08-24T21:36:10.402117032Z,0,2026-08-24T21:36:10.402117032Z,false,2026-08-24T21:36:18.780071005Z,,,20,2026-08-24T21:36:10.402117032Z,,,,,pretest,2026-08-24T21:36:10.402117032Z,,,,,,,,2026-08-24T21:36:18.464781991Z,,,,,1,2026-08-24T21:36:10.851950041Z,true,2026-08-24T21:36:14.236656279Z,[],2026-08-24T21:36:10.402117032Z,,2026-08-24T21:36:10.402117032Z,,,,,,
01M0TT9KHTFJM8XSAZNJDNNB6T,01M0TSZGJXR0N6DNTNARWRMFQ4,2026-08-24T21:19:48.282428108Z,,,,,,,,,,,"[""A2"",""C4"",""B1"",""D3""]",2026-08-24T21:19:48.282428108Z,false,2026-08-24T21:19:48.282428108Z,01M0TSZGKE32G3R2H2EPQFBQNN,2026-08-24T21:19:48.282428108Z,3,2026-08-24T21:19:48.282428108Z,,,,,,,48,2026-08-24T21:19:48.282428108Z,12,2026-08-24T21:19:48.282428108Z,training,2026-08-24T21:19:48.282428108Z,0,2026-08-24T21:19:48.282428108Z,4,2026-08-24T21:19:48.282428108Z,,,,2026-08-24T21:19:48.282428108Z,,,0,2026-08-24T21:19:48.282428108Z,2,2026-08-24T21:19:48.48227552Z,false,2026-08-24T21:19:48.282428108Z,"[""/tangrams/138_339.png"",""/tangrams/422_66.png"",""/tangrams/366_244.png"",""/tangrams/279_405.png""]",2026-08-24T21:19:48.282428108Z,/tangrams/138_339.png,2026-08-24T21:19:48.282428108Z,A2,2026-08-24T21:19:48.282428108Z,3,2026-08-24T21:19:48.282428108Z,2,2026-08-24T21:19:48.282428108Z
01M0TT9KJ02RQJDN752DG8RRCB,01M0TSZGJXR0N6DNTNARWRMFQ4,2026-08-24T21:19:48.288561358Z,,,,,,,,,,,"[""D2"",""B4"",""A3"",""C1""]",2026-08-24T21:19:48.288561358Z,false,2026-08-24T21:19:48.288561358Z,01M0TSZGKE32G3R2H2EPQFBQNN,2026-08-24T21:19:48.288561358Z,48,2026-08-24T21:19:48.288561358Z,,,,,,,48,2026-08-24T21:19:48.288561358Z,12,2026-08-24T21:19:48.288561358Z,training,2026-08-24T21:19:48.288561358Z,3,2026-08-24T21:19:48.288561358Z,4,2026-08-24T21:19:48.288561358Z,,,,2026-08-24T21:19:48.288561358Z,,,0,2026-08-24T21:19:48.288561358Z,2,2026-08-24T21:19:49.409212708Z,false,2026-08-24T21:19:48.288561358Z,"[""/tangrams/279_339.png"",""/tangrams/366_66.png"",""/tangrams/138_405.png"",""/tangrams/422_244.png""]",2026-08-24T21:19:48.288561358Z,/tangrams/138_405.png,2026-08-24T21:19:48.288561358Z,A3,2026-08-24T21:19:48.288561358Z,12,2026-08-24T21:19:48.288561358Z,47,2026-08-24T21:19:48.288561358Z
01M0TTKMZYGJFNBD3YP4QBS86E,01M0TSZEX52H0PZDJFB4JNEAFW,2026-08-24T21:25:17.438906942Z,"[{""text"":""RUNNING LEGS"",""sender"":{""id"":""01M0TT55D1DRDQ3JPT1CDTT5VN"",""name"":""Repi"",""avatar"":""https://api.dicebear.com/8.x/rings/svg?seed=Repi""}}]",2026-08-24T21:46:51.735473807Z,[1787608011747],2026-08-24T21:46:51.748700772Z,,,true,2026-08-24T21:47:01.366349559Z,01M0TT55D1DRDQ3JPT1CDTT5VN,2026-08-24T21:46:43.188168216Z,"[""B1"",""D3"",""A2"",""C4""]",2026-08-24T21:25:17.438906942Z,true,2026-08-24T21:47:01.35247489Z,01M0TSZEY173D8F3KEP071GR06,2026-08-24T21:25:17.438906942Z,30,2026-08-24T21:25:17.438906942Z,false,2026-08-24T21:46:43.310959616Z,01M0TTF3ADJ36CYQBD8356XFNQ,2026-08-24T21:46:43.188168216Z,,,48,2026-08-24T21:25:17.438906942Z,12,2026-08-24T21:25:17.438906942Z,training,2026-08-24T21:25:17.438906942Z,2,2026-08-24T21:25:17.438906942Z,4,2026-08-24T21:25:17.438906942Z,/tangrams/279_405.png,2026-08-24T21:47:01.366349559Z,/tangrams/279_405.png,2026-08-24T21:46:58.206819684Z,1787608017850,2026-08-24T21:46:58.199563084Z,0,2026-08-24T21:25:17.438906942Z,2,2026-08-24T21:25:18.172721963Z,true,2026-08-24T21:46:43.130324919Z,"[""/tangrams/366_244.png"",""/tangrams/279_405.png"",""/tangrams/138_339.png"",""/tangrams/422_66.png""]",2026-08-24T21:25:17.438906942Z,/tangrams/279_405.png,2026-08-24T21:25:17.438906942Z,D3,2026-08-24T21:25:17.438906942Z,6,2026-08-24T21:25:17.438906942Z,29,2026-08-24T21:25:17.438906942Z
01M0TTTPP4FNKNN4EA4BYKM227,01M0TSZV7X3D77NKMM5CDCW4Z6,2026-08-24T21:29:08.548921593Z,"[{""text"":""Giant head on the left small body with a triangle on the side"",""sender"":{""id"":""01M0TTBQPRE9XMJHBPDKM8GTC4"",""name"":""Minu"",""avatar"":""https://api.dicebear.com/8.x/rings/svg?seed=Minu""}}]",2026-08-24T21:50:37.427795431Z,[1787608237553],2026-08-24T21:50:37.555156315Z,,,true,2026-08-24T21:50:59.335116453Z,01M0TTBQPRE9XMJHBPDKM8GTC4,2026-08-24T21:49:56.57117133Z,"[""A2"",""D3"",""D2"",""B4""]",2026-08-24T21:29:08.548921593Z,true,2026-08-24T21:50:59.320438721Z,01M0TSZV8KEDQHAT4X33M1GG1C,2026-08-24T21:29:08.548921593Z,11,2026-08-24T21:29:08.548921593Z,false,2026-08-24T21:49:56.746593672Z,01M0TT467Q69C5HQ20GW6FRRF2,2026-08-24T21:49:56.57117133Z,,,48,2026-08-24T21:29:08.548921593Z,12,2026-08-24T21:29:08.548921593Z,training,2026-08-24T21:29:08.548921593Z,0,2026-08-24T21:29:08.548921593Z,4,2026-08-24T21:29:08.548921593Z,/tangrams/20_441.png,2026-08-24T21:50:59.335116453Z,/tangrams/20_441.png,2026-08-24T21:50:56.007770852Z,1787608253247,2026-08-24T21:50:56.000474247Z,1,2026-08-24T21:29:08.548921593Z,2,2026-08-24T21:29:09.136188874Z,true,2026-08-24T21:49:56.523848806Z,"[""/tangrams/66_441.png"",""/tangrams/20_24.png"",""/tangrams/20_441.png"",""/tangrams/348_464.png""]",2026-08-24T21:29:08.548921593Z,/tangrams/20_441.png,2026-08-24T21:29:08.548921593Z,D2,2026-08-24T21:29:08.548921593Z,11,2026-08-24T21:29:08.548921593Z,10,2026-08-24T21:29:08.548921593Z
01M0TTA59AFMAPNZE2PF10TCXT,01M0TSZV7X3D77NKMM5CDCW4Z6,2026-08-24T21:20:06.442481153Z,"[{""text"":""An arrow pointing up and an arrow pointing down"",""sender"":{""id"":""01M0TT4SZRTK7MV5T48R9G1GQH"",""name"":""Minu"",""avatar"":""https://api.dicebear.com/8.x/rings/svg?seed=Minu""}}]",2026-08-24T21:48:44.158725866Z,[1787608124170],2026-08-24T21:48:44.172245977Z,,,true,2026-08-24T21:48:51.222278195Z,01M0TT4SZRTK7MV5T48R9G1GQH,2026-08-24T21:48:29.456704718Z,"[""F3"",""A1"",""F8"",""F1""]",2026-08-24T21:20:06.442481153Z,true,2026-08-24T21:48:51.20970792Z,01M0TSZV8KEDQHAT4X3FNKVS2B,2026-08-24T21:20:06.442481153Z,47,2026-08-24T21:20:06.442481153Z,false,2026-08-24T21:48:29.601052835Z,01M0TT3ZTTV22XQGZD0K61T6A4,2026-08-24T21:48:29.456704718Z,,,48,2026-08-24T21:20:06.442481153Z,12,2026-08-24T21:20:06.442481153Z,training,2026-08-24T21:20:06.442481153Z,3,2026-08-24T21:20:06.442481153Z,4,2026-08-24T21:20:06.442481153Z,/tangrams/119_182.png,2026-08-24T21:48:51.222278195Z,/tangrams/119_182.png,2026-08-24T21:48:48.054244092Z,1787608127966,2026-08-24T21:48:48.0464611Z,0,2026-08-24T21:20:06.442481153Z,2,2026-08-24T21:20:07.511860233Z,true,2026-08-24T21:48:29.401047852Z,"[""/tangrams/170_154.png"",""/tangrams/138_244.png"",""/tangrams/37_144.png"",""/tangrams/119_182.png""]",2026-08-24T21:20:06.442481153Z,/tangrams/119_182.png,2026-08-24T21:20:06.442481153Z,F1,2026-08-24T21:20:06.442481153Z,11,2026-08-24T21:20:06.442481153Z,46,2026-08-24T21:20:06.442481153Z
01M0TTEY77NYYMD539AVZM0WBY,01M0TSZEX52H0PZDJFB4JNEAFW,2026-08-24T21:22:43.047511372Z,"[{""text"":""Looks like a rhino with the rectangle square and triangle on top"",""sender"":{""id"":""01M0TT49QHQY8JQV8C5T94HHYZ"",""name"":""Repi"",""avatar"":""https://api.dicebear.com/8.x/rings/svg?seed=Repi""}}]",2026-08-24T21:57:10.595354288Z,[1787608630609],2026-08-24T21:57:10.611482243Z,,,true,2026-08-24T21:57:18.935613033Z,01M0TT49QHQY8JQV8C5T94HHYZ,2026-08-24T21:56:42.630155894Z,"[""F4"",""F7"",""B2"",""D4""]",2026-08-24T21:22:43.047511372Z,true,2026-08-24T21:57:18.917297683Z,01M0TSZEY44B7XSP574QH2WQPJ,2026-08-24T21:22:43.047511372Z,46,2026-08-24T21:22:43.047511372Z,false,2026-08-24T21:56:42.827066775Z,01M0TT9XXJBBQAZ4WANFPESF7T,2026-08-24T21:56:42.630155894Z,,,48,2026-08-24T21:22:43.047511372Z,12,2026-08-24T21:22:43.047511372Z,training,2026-08-24T21:22:43.047511372Z,3,2026-08-24T21:22:43.047511372Z,4,2026-08-24T21:22:43.047511372Z,/tangrams/434_227.png,2026-08-24T21:57:18.935613033Z,/tangrams/434_227.png,2026-08-24T21:57:15.704540686Z,1787608635348,2026-08-24T21:57:15.697141489Z,0,2026-08-24T21:22:43.047511372Z,2,2026-08-24T21:22:43.960027421Z,true,2026-08-24T21:56:42.545098033Z,"[""/tangrams/434_227.png"",""/tangrams/411_352.png"",""/tangrams/366_339.png"",""/tangrams/279_66.png""]",2026-08-24T21:22:43.047511372Z,/tangrams/434_227.png,2026-08-24T21:22:43.047511372Z,F4,2026-08-24T21:22:43.047511372Z,10,2026-08-24T21:22:43.047511372Z,45,2026-08-24T21:22:43.047511372Z
01M0TTNRF9MH74F3YKFY0MN28M,01M0TSZGJXR0N6DNTNARWRMFQ4,2026-08-24T21:26:26.53798624Z,,,,,,,,,,,"[""F7"",""F8"",""F2"",""F3""]",2026-08-24T21:26:26.53798624Z,false,2026-08-24T21:26:26.53798624Z,01M0TSZGKJQW5S4GCP9150DNN9,2026-08-24T21:26:26.53798624Z,20,2026-08-24T21:26:26.53798624Z,,,,,,,48,2026-08-24T21:26:26.53798624Z,12,2026-08-24T21:26:26.53798624Z,training,2026-08-24T21:26:26.53798624Z,1,2026-08-24T21:26:26.53798624Z,4,2026-08-24T21:26:26.53798624Z,,,,2026-08-24T21:26:26.53798624Z,,,1,2026-08-24T21:26:26.53798624Z,2,2026-08-24T21:26:27.208377807Z,false,2026-08-24T21:26:26.53798624Z,"[""/tangrams/157_426.png"",""/tangrams/374_400.png"",""/tangrams/429_403.png"",""/tangrams/264_176.png""]",2026-08-24T21:26:26.53798624Z,/tangrams/157_426.png,2026-08-24T21:26:26.53798624Z,F7,2026-08-24T21:26:26.53798624Z,8,2026-08-24T21:26:26.53798624Z,19,2026-08-24T21:26:26.53798624Z
01M0TTK15BMPVJH5GGXJ7X11FN,01M0TSZEX52H0PZDJFB4JNEAFW,2026-08-24T21:24:57.132946823Z,"[{""text"":""arms up tri/diam under"",""sender"":{""id"":""01M0TT7FNH08P86PFHWCV3NRS8"",""name"":""Repi"",""avatar"":""https://api.dicebear.com/8.x/rings/svg?seed=Repi""}}]",2026-08-24T22:09:01.08196517Z,[1787609341097],2026-08-24T22:09:01.100547108Z,,,true,2026-08-24T22:09:18.012062398Z,01M0TT7FNH08P86PFHWCV3NRS8,2026-08-24T22:08:43.980658305Z,"[""D3"",""D1"",""B1"",""A4""]",2026-08-24T21:24:57.132946823Z,true,2026-08-24T22:09:17.986657797Z,01M0TSZEY54T11A9AMGVA6T4ZB,2026-08-24T21:24:57.132946823Z,38,2026-08-24T21:24:57.132946823Z,false,2026-08-24T22:08:44.196521321Z,01M0TT7ZVRQQW92P55GPN9KMMS,2026-08-24T22:08:43.980658305Z,,,48,2026-08-24T21:24:57.132946823Z,12,2026-08-24T21:24:57.132946823Z,training,2026-08-24T21:24:57.132946823Z,3,2026-08-24T21:24:57.132946823Z,4,2026-08-24T21:24:57.132946823Z,/tangrams/279_244.png,2026-08-24T22:09:18.012062398Z,/tangrams/279_244.png,2026-08-24T22:09:14.789182671Z,1787609357203,2026-08-24T22:09:14.796467037Z,0,2026-08-24T21:24:57.132946823Z,2,2026-08-24T21:24:57.944074757Z,true,2026-08-24T22:08:43.920724354Z,"[""/tangrams/279_405.png"",""/tangrams/279_244.png"",""/tangrams/366_244.png"",""/tangrams/138_66.png""]",2026-08-24T21:24:57.132946823Z,/tangrams/279_244.png,2026-08-24T21:24:57.132946823Z,D1,2026-08-24T21:24:57.132946823Z,2,2026-08-24T21:24:57.132946823Z,37,2026-08-24T21:24:57.132946823Z
01M0TTKMVAXEH6G7KS70HHN6RV,01M0TSZEX52H0PZDJFB4JNEAFW,2026-08-24T21:25:17.290975175Z,"[{""text"":""pizza hut shape with white rectangle inside"",""sender"":{""id"":""01M0TTF3ADJ36CYQBD8356XFNQ"",""name"":""Minu"",""avatar"":""https://api.dicebear.com/8.x/rings/svg?seed=Minu""}}]",2026-08-24T21:40:56.167816821Z,[1787607656177],2026-08-24T21:40:56.179205081Z,,,true,2026-08-24T21:41:03.21188523Z,01M0TTF3ADJ36CYQBD8356XFNQ,2026-08-24T21:40:36.469574846Z,"[""C2"",""D1"",""B3"",""A4""]",2026-08-24T21:25:17.290975175Z,true,2026-08-24T21:41:03.200633274Z,01M0TSZEY173D8F3KEP071GR06,2026-08-24T21:25:17.290975175Z,15,2026-08-24T21:25:17.290975175Z,false,2026-08-24T21:40:36.579646354Z,01M0TT55D1DRDQ3JPT1CDTT5VN,2026-08-24T21:40:36.469574846Z,,,48,2026-08-24T21:25:17.290975175Z,12,2026-08-24T21:25:17.290975175Z,training,2026-08-24T21:25:17.290975175Z,1,2026-08-24T21:25:17.290975175Z,4,2026-08-24T21:25:17.290975175Z,/tangrams/422_339.png,2026-08-24T21:41:03.21188523Z,/tangrams/422_339.png,2026-08-24T21:41:00.061365244Z,1787607659792,2026-08-24T21:41:00.044455669Z,0,2026-08-24T21:25:17.290975175Z,2,2026-08-24T21:25:17.882124859Z,true,2026-08-24T21:40:36.425230535Z,"[""/tangrams/422_339.png"",""/tangrams/279_244.png"",""/tangrams/366_405.png"",""/tangrams/138_66.png""]",2026-08-24T21:25:17.290975175Z,/tangrams/422_339.png,2026-08-24T21:25:17.290975175Z,C2,2026-08-24T21:25:17.290975175Z,3,2026-08-24T21:25:17.290975175Z,14,2026-08-24T21:25:17.290975175Z
01M0TTK138H8Z38WR2VJ7XEBJY,01M0TSZEX52H0PZDJFB4JNEAFW,2026-08-24T21:24:57.064785955Z,"[{""text"":""house triangle"",""sender"":{""id"":""01M0TT7ZVRQQW92P55GPN9KMMS"",""name"":""Minu"",""avatar"":""https://api.dicebear.com/8.x/rings/svg?seed=Minu""}}]",2026-08-24T22:05:07.18703836Z,[1787609107202],2026-08-24T22:05:07.204967201Z,,,true,2026-08-24T22:05:17.904271578Z,01M0TT7ZVRQQW92P55GPN9KMMS,2026-08-24T22:05:01.188354939Z,"[""A4"",""C1"",""B3"",""B4""]",2026-08-24T21:24:57.064785955Z,true,2026-08-24T22:05:17.884738495Z,01M0TSZEY54T11A9AMGVA6T4ZB,2026-08-24T21:24:57.064785955Z,31,2026-08-24T21:24:57.064785955Z,false,2026-08-24T22:05:01.380140759Z,01M0TT7FNH08P86PFHWCV3NRS8,2026-08-24T22:05:01.188354939Z,,,48,2026-08-24T21:24:57.064785955Z,12,2026-08-24T21:24:57.064785955Z,training,2026-08-24T21:24:57.064785955Z,2,2026-08-24T21:24:57.064785955Z,4,2026-08-24T21:24:57.064785955Z,/tangrams/366_66.png,2026-08-24T22:05:17.904271578Z,/tangrams/366_66.png,2026-08-24T22:05:14.689320029Z,1787609114810,2026-08-24T22:05:14.679445203Z,0,2026-08-24T21:24:57.064785955Z,2,2026-08-24T21:24:57.809328504Z,true,2026-08-24T22:05:01.125963748Z,"[""/tangrams/138_66.png"",""/tangrams/422_244.png"",""/tangrams/366_405.png"",""/tangrams/366_66.png""]",2026-08-24T21:24:57.064785955Z,/tangrams/366_66.png,2026-08-24T21:24:57.064785955Z,B4,2026-08-24T21:24:57.064785955Z,7,2026-08-24T21:24:57.064785955Z,30,2026-08-24T21:24:57.064785955Z
01M0TVK9PHMTZX3KC292RW7FFN,01M0TTMTH8JPTHXWGXYEY1VFR8,2026-08-24T21:42:34.449357477Z,"[{""text"":""fat fishbone"",""sender"":{""id"":""01M0TV8YZXT0HY97VC3QNJABKN"",""name"":""Repi"",""avatar"":""https://api.dicebear.com/8.x/rings/svg?seed=Repi""}}]",2026-08-24T21:56:11.137009466Z,[1787608571155],2026-08-24T21:56:11.162019544Z,,,true,2026-08-24T21:56:16.922417712Z,01M0TV8YZXT0HY97VC3QNJABKN,2026-08-24T21:56:04.213361514Z,"[""F7"",""D4"",""F1"",""C3""]",2026-08-24T21:42:34.449357477Z,true,2026-08-24T21:56:16.906677414Z,01M0TTMWMG725DJ5GA5M4WD8SY,2026-08-24T21:42:34.449357477Z,26,2026-08-24T21:42:34.449357477Z,false,2026-08-24T21:56:04.417324448Z,01M0TVD4RDDZ2GPYA2W2TBJY2J,2026-08-24T21:56:04.213361514Z,,,48,2026-08-24T21:42:34.449357477Z,12,2026-08-24T21:42:34.449357477Z,training,2026-08-24T21:42:34.449357477Z,2,2026-08-24T21:42:34.449357477Z,4,2026-08-24T21:42:34.449357477Z,/tangrams/20_464.png,2026-08-24T21:56:16.922417712Z,/tangrams/20_464.png,2026-08-24T21:56:13.725285596Z,1787608573646,2026-08-24T21:56:13.734189474Z,1,2026-08-24T21:42:34.449357477Z,2,2026-08-24T21:42:35.79344561Z,true,2026-08-24T21:56:04.142099686Z,"[""/tangrams/157_426.png"",""/tangrams/20_464.png"",""/tangrams/452_257.png"",""/tangrams/202_24.png""]",2026-08-24T21:42:34.449357477Z,/tangrams/20_464.png,2026-08-24T21:42:34.449357477Z,D4,2026-08-24T21:42:34.449357477Z,2,2026-08-24T21:42:34.449357477Z,25,2026-08-24T21:42:34.449357477Z
01M0TTA59P1C6S977KMQ7MZP4H,01M0TSZV7X3D77NKMM5CDCW4Z6,2026-08-24T21:20:06.454713444Z,"[{""text"":""opening box.  something emerging, the raised arms or rabbit"",""sender"":{""id"":""01M0TT3ZTTV22XQGZD0K61T6A4"",""name"":""Repi"",""avatar"":""https://api.dicebear.com/8.x/rings/svg?seed=Repi""}}]",2026-08-24T21:39:32.394952816Z,[1787607572404],2026-08-24T21:39:32.406318048Z,,,true,2026-08-24T21:39:39.207210625Z,01M0TT3ZTTV22XQGZD0K61T6A4,2026-08-24T21:39:12.701480148Z,"[""F1"",""F3"",""F6"",""D4""]",2026-08-24T21:20:06.454713444Z,true,2026-08-24T21:39:39.196565812Z,01M0TSZV8KEDQHAT4X3FNKVS2B,2026-08-24T21:20:06.454713444Z,24,2026-08-24T21:20:06.454713444Z,false,2026-08-24T21:39:12.809310052Z,01M0TT4SZRTK7MV5T48R9G1GQH,2026-08-24T21:39:12.701480148Z,,,48,2026-08-24T21:20:06.454713444Z,12,2026-08-24T21:20:06.454713444Z,training,2026-08-24T21:20:06.454713444Z,1,2026-08-24T21:20:06.454713444Z,4,2026-08-24T21:20:06.454713444Z,/tangrams/279_66.png,2026-08-24T21:39:39.207210625Z,/tangrams/279_66.png,2026-08-24T21:39:36.069599936Z,1787607575958,2026-08-24T21:39:36.06370489Z,0,2026-08-24T21:20:06.454713444Z,2,2026-08-24T21:20:07.10586116Z,true,2026-08-24T21:39:12.655901378Z,"[""/tangrams/119_182.png"",""/tangrams/170_154.png"",""/tangrams/134_125.png"",""/tangrams/279_66.png""]",2026-08-24T21:20:06.454713444Z,/tangrams/279_66.png,2026-08-24T21:20:06.454713444Z,D4,2026-08-24T21:20:06.454713444Z,12,2026-08-24T21:20:06.454713444Z,23,2026-08-24T21:20:06.454713444Z
01M0TTNRFZ4EN6MVXYVJHY4JDD,01M0TSZGJXR0N6DNTNARWRMFQ4,2026-08-24T21:26:26.559467945Z,,,,,,,,,,,"[""F1"",""B2"",""F7"",""F8""]",2026-08-24T21:26:26.559467945Z,false,2026-08-24T21:26:26.559467945Z,01M0TSZGKJQW5S4GCP9150DNN9,2026-08-24T21:26:26.559467945Z,18,2026-08-24T21:26:26.559467945Z,,,,,,,48,2026-08-24T21:26:26.559467945Z,12,2026-08-24T21:26:26.559467945Z,training,2026-08-24T21:26:26.559467945Z,1,2026-08-24T21:26:26.559467945Z,4,2026-08-24T21:26:26.559467945Z,,,,2026-08-24T21:26:26.559467945Z,,,1,2026-08-24T21:26:26.559467945Z,2,2026-08-24T21:26:27.169883306Z,false,2026-08-24T21:26:26.559467945Z,"[""/tangrams/452_257.png"",""/tangrams/348_441.png"",""/tangrams/157_426.png"",""/tangrams/374_400.png""]",2026-08-24T21:26:26.559467945Z,/tangrams/348_441.png,2026-08-24T21:26:26.559467945Z,B2,2026-08-24T21:26:26.559467945Z,6,2026-08-24T21:26:26.559467945Z,17,2026-08-24T21:26:26.559467945Z
01M0TV7JM2CXPRGVK159AYJ6HQ,01M0TTMTH8JPTHXWGXYEY1VFR8,2026-08-24T21:36:10.370614654Z,"[{""text"":""Looks like a house on its side small triangle on the left bottom"",""sender"":{""id"":""01M0TV363Y2QH3CGTPHSZR512P"",""name"":""Minu"",""avatar"":""https://api.dicebear.com/8.x/rings/svg?seed=Minu""}}]",2026-08-24T21:56:34.872842452Z,[1787608594886],2026-08-24T21:56:34.888104542Z,,,true,2026-08-24T21:56:48.658201434Z,01M0TV363Y2QH3CGTPHSZR512P,2026-08-24T21:56:06.804863343Z,"[""A3"",""D2"",""C4"",""B1""]",2026-08-24T21:36:10.370614654Z,true,2026-08-24T21:56:48.634139228Z,01M0TTMWM9GSP2NP0T4CET96EB,2026-08-24T21:36:10.370614654Z,23,2026-08-24T21:36:10.370614654Z,false,2026-08-24T21:56:07.098888396Z,01M0TTRGJ55RK21NQM11GGHNRN,2026-08-24T21:56:06.804863343Z,,,48,2026-08-24T21:36:10.370614654Z,12,2026-08-24T21:36:10.370614654Z,training,2026-08-24T21:36:10.370614654Z,1,2026-08-24T21:36:10.370614654Z,4,2026-08-24T21:36:10.370614654Z,/tangrams/20_441.png,2026-08-24T21:56:48.658201434Z,/tangrams/20_441.png,2026-08-24T21:56:45.445825666Z,1787608605933,2026-08-24T21:56:45.453487425Z,1,2026-08-24T21:36:10.370614654Z,2,2026-08-24T21:36:11.555144145Z,true,2026-08-24T21:56:06.741191056Z,"[""/tangrams/66_24.png"",""/tangrams/20_441.png"",""/tangrams/202_464.png"",""/tangrams/348_314.png""]",2026-08-24T21:36:10.370614654Z,/tangrams/20_441.png,2026-08-24T21:36:10.370614654Z,D2,2026-08-24T21:36:10.370614654Z,11,2026-08-24T21:36:10.370614654Z,22,2026-08-24T21:36:10.370614654Z
01M0TVKA2BF1SZXMAKV0KK2F8A,01M0TTMTH8JPTHXWGXYEY1VFR8,2026-08-24T21:42:34.827148485Z,"[{""text"":""fat fishbone"",""sender"":{""id"":""01M0TV8YZXT0HY97VC3QNJABKN"",""name"":""Repi"",""avatar"":""https://api.dicebear.com/8.x/rings/svg?seed=Repi""}}]",2026-08-24T22:00:31.762849334Z,[1787608831777],2026-08-24T22:00:31.779278104Z,,,true,2026-08-24T22:00:36.567459154Z,01M0TV8YZXT0HY97VC3QNJABKN,2026-08-24T22:00:26.472065212Z,"[""D4"",""B2"",""F4"",""F8""]",2026-08-24T21:42:34.827148485Z,true,2026-08-24T22:00:36.552136265Z,01M0TTMWMG725DJ5GA5M4WD8SY,2026-08-24T21:42:34.827148485Z,46,2026-08-24T21:42:34.827148485Z,false,2026-08-24T22:00:26.646759387Z,01M0TVD4RDDZ2GPYA2W2TBJY2J,2026-08-24T22:00:26.472065212Z,,,48,2026-08-24T21:42:34.827148485Z,12,2026-08-24T21:42:34.827148485Z,training,2026-08-24T21:42:34.827148485Z,3,2026-08-24T21:42:34.827148485Z,4,2026-08-24T21:42:34.827148485Z,/tangrams/20_464.png,2026-08-24T22:00:36.567459154Z,/tangrams/20_464.png,2026-08-24T22:00:33.354740292Z,1787608833248,2026-08-24T22:00:33.33563325Z,1,2026-08-24T21:42:34.827148485Z,2,2026-08-24T21:42:36.400329476Z,true,2026-08-24T22:00:26.40419805Z,"[""/tangrams/20_464.png"",""/tangrams/348_441.png"",""/tangrams/40_345.png"",""/tangrams/374_400.png""]",2026-08-24T21:42:34.827148485Z,/tangrams/20_464.png,2026-08-24T21:42:34.827148485Z,D4,2026-08-24T21:42:34.827148485Z,10,2026-08-24T21:42:34.827148485Z,45,2026-08-24T21:42:34.827148485Z
01M0TTA57RWSA4M61RXN9MVA8P,01M0TSZV7X3D77NKMM5CDCW4Z6,2026-08-24T21:20:06.39301412Z,"[{""text"":""This one has a point on the right side sticking up. There's a small square in the middle and a slight white line cutting through part of it on the left"",""sender"":{""id"":""01M0TT4SZRTK7MV5T48R9G1GQH"",""name"":""Minu"",""avatar"":""https://api.dicebear.com/8.x/rings/svg?seed=Minu""}}]",2026-08-24T21:24:41.179274507Z,[1787606681182],2026-08-24T21:24:41.18521916Z,,,true,2026-08-24T21:24:51.426284431Z,01M0TT4SZRTK7MV5T48R9G1GQH,2026-08-24T21:24:12.295856653Z,"[""F4"",""F8"",""F1"",""F5""]",2026-08-24T21:20:06.39301412Z,true,2026-08-24T21:24:51.414089316Z,01M0TSZV8KEDQHAT4X3FNKVS2B,2026-08-24T21:20:06.39301412Z,3,2026-08-24T21:20:06.39301412Z,false,2026-08-24T21:24:12.37922938Z,01M0TT3ZTTV22XQGZD0K61T6A4,2026-08-24T21:24:12.295856653Z,,,48,2026-08-24T21:20:06.39301412Z,12,2026-08-24T21:20:06.39301412Z,training,2026-08-24T21:20:06.39301412Z,0,2026-08-24T21:20:06.39301412Z,4,2026-08-24T21:20:06.39301412Z,/tangrams/434_227.png,2026-08-24T21:24:51.426284431Z,/tangrams/434_227.png,2026-08-24T21:24:48.349111434Z,1787606688270,2026-08-24T21:24:48.342059574Z,0,2026-08-24T21:20:06.39301412Z,2,2026-08-24T21:20:06.706320802Z,true,2026-08-24T21:24:12.277175943Z,"[""/tangrams/434_227.png"",""/tangrams/37_144.png"",""/tangrams/119_182.png"",""/tangrams/456_48.png""]",2026-08-24T21:20:06.39301412Z,/tangrams/434_227.png,2026-08-24T21:20:06.39301412Z,F4,2026-08-24T21:20:06.39301412Z,3,2026-08-24T21:20:06.39301412Z,2,2026-08-24T21:20:06.39301412Z
01M0TTA58ZHAWC8QYFPWEZR7BQ,01M0TSZV7X3D77NKMM5CDCW4Z6,2026-08-24T21:20:06.431201606Z,"[{""text"":""small diamond at bottom.  triangle pointing up at top.  lots between"",""sender"":{""id"":""01M0TT3ZTTV22XQGZD0K61T6A4"",""name"":""Repi"",""avatar"":""https://api.dicebear.com/8.x/rings/svg?seed=Repi""}}]",2026-08-24T21:43:07.358916885Z,[1787607787369],2026-08-24T21:43:07.371369091Z,,,true,2026-08-24T21:43:18.682515477Z,01M0TT3ZTTV22XQGZD0K61T6A4,2026-08-24T21:42:46.075180385Z,"[""F4"",""F3"",""C3"",""F7""]",2026-08-24T21:20:06.431201606Z,true,2026-08-24T21:43:18.666472842Z,01M0TSZV8KEDQHAT4X3FNKVS2B,2026-08-24T21:20:06.431201606Z,34,2026-08-24T21:20:06.431201606Z,false,2026-08-24T21:42:46.226323753Z,01M0TT4SZRTK7MV5T48R9G1GQH,2026-08-24T21:42:46.075180385Z,,,48,2026-08-24T21:20:06.431201606Z,12,2026-08-24T21:20:06.431201606Z,training,2026-08-24T21:20:06.431201606Z,2,2026-08-24T21:20:06.431201606Z,4,2026-08-24T21:20:06.431201606Z,/tangrams/411_352.png,2026-08-24T21:43:18.682515477Z,/tangrams/411_352.png,2026-08-24T21:43:15.53246849Z,1787607795416,2026-08-24T21:43:15.544334643Z,0,2026-08-24T21:20:06.431201606Z,2,2026-08-24T21:20:07.266463277Z,true,2026-08-24T21:42:46.028670083Z,"[""/tangrams/434_227.png"",""/tangrams/170_154.png"",""/tangrams/422_405.png"",""/tangrams/411_352.png""]",2026-08-24T21:20:06.431201606Z,/tangrams/411_352.png,2026-08-24T21:20:06.431201606Z,F7,2026-08-24T21:20:06.431201606Z,10,2026-08-24T21:20:06.431201606Z,33,2026-08-24T21:20:06.431201606Z
01M0TTKD973BER25Q8P2PKX3N2,01M0TSZGJXR0N6DNTNARWRMFQ4,2026-08-24T21:25:09.54395626Z,,,,,,,,,,,"[""C4"",""A3"",""D3"",""D2""]",2026-08-24T21:25:09.54395626Z,false,2026-08-24T21:25:09.54395626Z,01M0TSZGKM72FFW193EYG47F25,2026-08-24T21:25:09.54395626Z,4,2026-08-24T21:25:09.54395626Z,,,,,,,48,2026-08-24T21:25:09.54395626Z,12,2026-08-24T21:25:09.54395626Z,training,2026-08-24T21:25:09.54395626Z,0,2026-08-24T21:25:09.54395626Z,4,2026-08-24T21:25:09.54395626Z,,,,2026-08-24T21:25:09.54395626Z,,,0,2026-08-24T21:25:09.54395626Z,2,2026-08-24T21:25:09.903855474Z,false,2026-08-24T21:25:09.54395626Z,"[""/tangrams/422_66.png"",""/tangrams/138_405.png"",""/tangrams/279_405.png"",""/tangrams/279_339.png""]",2026-08-24T21:25:09.54395626Z,/tangrams/279_405.png,2026-08-24T21:25:09.54395626Z,D3,2026-08-24T21:25:09.54395626Z,4,2026-08-24T21:25:09.54395626Z,3,2026-08-24T21:25:09.54395626Z
01M0TTKDAA4G8EM2EZHG965CDH,01M0TSZGJXR0N6DNTNARWRMFQ4,2026-08-24T21:25:09.578745997Z,,,,,,,,,,,"[""C2"",""D1"",""A3"",""D2""]",2026-08-24T21:25:09.578745997Z,false,2026-08-24T21:25:09.578745997Z,01M0TSZGKM72FFW193EYG47F25,2026-08-24T21:25:09.578745997Z,16,2026-08-24T21:25:09.578745997Z,,,,,,,48,2026-08-24T21:25:09.578745997Z,12,2026-08-24T21:25:09.578745997Z,training,2026-08-24T21:25:09.578745997Z,1,2026-08-24T21:25:09.578745997Z,4,2026-08-24T21:25:09.578745997Z,,,,2026-08-24T21:25:09.578745997Z,,,0,2026-08-24T21:25:09.578745997Z,2,2026-08-24T21:25:10.12584406Z,false,2026-08-24T21:25:09.578745997Z,"[""/tangrams/422_339.png"",""/tangrams/279_244.png"",""/tangrams/138_405.png"",""/tangrams/279_339.png""]",2026-08-24T21:25:09.578745997Z,/tangrams/279_339.png,2026-08-24T21:25:09.578745997Z,D2,2026-08-24T21:25:09.578745997Z,4,2026-08-24T21:25:09.578745997Z,15,2026-08-24T21:25:09.578745997Z
01M0TTKN27XKJNZDAJ4Q5K47AD,01M0TSZEX52H0PZDJFB4JNEAFW,2026-08-24T21:25:17.511519729Z,"[{""text"":""DIAMOND AND TRIANGLE BELOW"",""sender"":{""id"":""01M0TT55D1DRDQ3JPT1CDTT5VN"",""name"":""Repi"",""avatar"":""https://api.dicebear.com/8.x/rings/svg?seed=Repi""}}]",2026-08-24T21:50:02.350379696Z,[1787608202368],2026-08-24T21:50:02.370751319Z,,,true,2026-08-24T21:50:07.586929931Z,01M0TT55D1DRDQ3JPT1CDTT5VN,2026-08-24T21:49:45.662384888Z,"[""A2"",""C4"",""B3"",""D1""]",2026-08-24T21:25:17.511519729Z,true,2026-08-24T21:50:07.570376756Z,01M0TSZEY173D8F3KEP071GR06,2026-08-24T21:25:17.511519729Z,36,2026-08-24T21:25:17.511519729Z,false,2026-08-24T21:49:45.788328506Z,01M0TTF3ADJ36CYQBD8356XFNQ,2026-08-24T21:49:45.662384888Z,,,48,2026-08-24T21:25:17.511519729Z,12,2026-08-24T21:25:17.511519729Z,training,2026-08-24T21:25:17.511519729Z,2,2026-08-24T21:25:17.511519729Z,4,2026-08-24T21:25:17.511519729Z,/tangrams/279_244.png,2026-08-24T21:50:07.586929931Z,/tangrams/279_244.png,2026-08-24T21:50:04.402639632Z,1787608204064,2026-08-24T21:50:04.410366221Z,0,2026-08-24T21:25:17.511519729Z,2,2026-08-24T21:25:18.285030549Z,true,2026-08-24T21:49:45.605225013Z,"[""/tangrams/138_339.png"",""/tangrams/422_66.png"",""/tangrams/366_405.png"",""/tangrams/279_244.png""]",2026-08-24T21:25:17.511519729Z,/tangrams/279_244.png,2026-08-24T21:25:17.511519729Z,D1,2026-08-24T21:25:17.511519729Z,12,2026-08-24T21:25:17.511519729Z,35,2026-08-24T21:25:17.511519729Z
01M0TTKN40E7PRPB5F352Q7PDJ,01M0TSZEX52H0PZDJFB4JNEAFW,2026-08-24T21:25:17.568298171Z,"[{""text"":""running legs"",""sender"":{""id"":""01M0TTF3ADJ36CYQBD8356XFNQ"",""name"":""Minu"",""avatar"":""https://api.dicebear.com/8.x/rings/svg?seed=Minu""}}]",2026-08-24T21:54:13.415224426Z,[1787608453427],2026-08-24T21:54:13.429340541Z,,,true,2026-08-24T21:54:23.347226915Z,01M0TTF3ADJ36CYQBD8356XFNQ,2026-08-24T21:54:07.645507232Z,"[""C1"",""D3"",""A2"",""B4""]",2026-08-24T21:25:17.568298171Z,true,2026-08-24T21:54:23.32767907Z,01M0TSZEY173D8F3KEP071GR06,2026-08-24T21:25:17.568298171Z,47,2026-08-24T21:25:17.568298171Z,false,2026-08-24T21:54:07.796115171Z,01M0TT55D1DRDQ3JPT1CDTT5VN,2026-08-24T21:54:07.645507232Z,,,48,2026-08-24T21:25:17.568298171Z,12,2026-08-24T21:25:17.568298171Z,training,2026-08-24T21:25:17.568298171Z,3,2026-08-24T21:25:17.568298171Z,4,2026-08-24T21:25:17.568298171Z,/tangrams/279_405.png,2026-08-24T21:54:23.347226915Z,/tangrams/279_405.png,2026-08-24T21:54:20.167292519Z,1787608459900,2026-08-24T21:54:20.141507792Z,0,2026-08-24T21:25:17.568298171Z,2,2026-08-24T21:25:18.50382956Z,true,2026-08-24T21:54:07.585364195Z,"[""/tangrams/422_244.png"",""/tangrams/279_405.png"",""/tangrams/138_339.png"",""/tangrams/366_66.png""]",2026-08-24T21:25:17.568298171Z,/tangrams/279_405.png,2026-08-24T21:25:17.568298171Z,D3,2026-08-24T21:25:17.568298171Z,11,2026-08-24T21:25:17.568298171Z,46,2026-08-24T21:25:17.568298171Z
01M0TTMQYQX5YZ6ZYV2VKS15F8,01M0TSZV7X3D77NKMM5CDCW4Z6,2026-08-24T21:25:53.239528844Z,"[{""text"":""square or rectangle in middle"",""sender"":{""id"":""01M0TT4SREDP4QR1H8V4E3X5G9"",""name"":""Minu"",""avatar"":""https://api.dicebear.com/8.x/rings/svg?seed=Minu""}}]",2026-08-24T21:54:27.81120807Z,[1787608467836],2026-08-24T21:54:27.838154189Z,,,true,2026-08-24T21:54:36.434148746Z,01M0TT4SREDP4QR1H8V4E3X5G9,2026-08-24T21:54:13.138402068Z,"[""C2"",""D1"",""B3"",""A4""]",2026-08-24T21:25:53.239528844Z,true,2026-08-24T21:54:36.415993218Z,01M0TSZV8ERABP36QP2627EVMT,2026-08-24T21:25:53.239528844Z,45,2026-08-24T21:25:53.239528844Z,false,2026-08-24T21:54:13.285089924Z,01M0TT4JP6VSYSTADD58E33WM9,2026-08-24T21:54:13.138402068Z,,,48,2026-08-24T21:25:53.239528844Z,12,2026-08-24T21:25:53.239528844Z,training,2026-08-24T21:25:53.239528844Z,3,2026-08-24T21:25:53.239528844Z,4,2026-08-24T21:25:53.239528844Z,/tangrams/348_24.png,2026-08-24T21:54:36.434148746Z,/tangrams/348_24.png,2026-08-24T21:54:33.213906226Z,1787608471630,2026-08-24T21:54:33.204923696Z,1,2026-08-24T21:25:53.239528844Z,2,2026-08-24T21:25:54.290082787Z,true,2026-08-24T21:54:13.064570874Z,"[""/tangrams/202_441.png"",""/tangrams/20_314.png"",""/tangrams/348_24.png"",""/tangrams/66_464.png""]",2026-08-24T21:25:53.239528844Z,/tangrams/348_24.png,2026-08-24T21:25:53.239528844Z,B3,2026-08-24T21:25:53.239528844Z,9,2026-08-24T21:25:53.239528844Z,44,2026-08-24T21:25:53.239528844Z
01M0TVK9JZ1QX299MABKQFBHP4,01M0TTMTH8JPTHXWGXYEY1VFR8,2026-08-24T21:42:34.335489931Z,"[{""text"":""4 up spikes"",""sender"":{""id"":""01M0TV8YZXT0HY97VC3QNJABKN"",""name"":""Repi"",""avatar"":""https://api.dicebear.com/8.x/rings/svg?seed=Repi""}}]",2026-08-24T21:52:56.846406254Z,[1787608376859],2026-08-24T21:52:56.860557392Z,,,true,2026-08-24T21:53:02.892317854Z,01M0TV8YZXT0HY97VC3QNJABKN,2026-08-24T21:52:49.112642472Z,"[""F7"",""D4"",""B2"",""F5""]",2026-08-24T21:42:34.335489931Z,true,2026-08-24T21:53:02.878121605Z,01M0TTMWMG725DJ5GA5M4WD8SY,2026-08-24T21:42:34.335489931Z,14,2026-08-24T21:42:34.335489931Z,false,2026-08-24T21:52:49.266964965Z,01M0TVD4RDDZ2GPYA2W2TBJY2J,2026-08-24T21:52:49.112642472Z,,,48,2026-08-24T21:42:34.335489931Z,12,2026-08-24T21:42:34.335489931Z,training,2026-08-24T21:42:34.335489931Z,1,2026-08-24T21:42:34.335489931Z,4,2026-08-24T21:42:34.335489931Z,/tangrams/348_441.png,2026-08-24T21:53:02.892317854Z,/tangrams/348_441.png,2026-08-24T21:52:59.710011156Z,1787608379597,2026-08-24T21:52:59.718083247Z,1,2026-08-24T21:42:34.335489931Z,2,2026-08-24T21:42:35.40172106Z,true,2026-08-24T21:52:49.036513599Z,"[""/tangrams/157_426.png"",""/tangrams/20_464.png"",""/tangrams/348_441.png"",""/tangrams/4_159.png""]",2026-08-24T21:42:34.335489931Z,/tangrams/348_441.png,2026-08-24T21:42:34.335489931Z,B2,2026-08-24T21:42:34.335489931Z,2,2026-08-24T21:42:34.335489931Z,13,2026-08-24T21:42:34.335489931Z
01M0TTA5DA4TFF03VWQWQW7W59,01M0TSZV7X3D77NKMM5CDCW4Z6,2026-08-24T21:20:06.570955759Z,"[{""text"":""This has a bunch of shapes, most prominent is an arrow pointing directly up and a diamond at the bottom"",""sender"":{""id"":""01M0TT4SZRTK7MV5T48R9G1GQH"",""name"":""Minu"",""avatar"":""https://api.dicebear.com/8.x/rings/svg?seed=Minu""}}]",2026-08-24T21:31:50.318117909Z,[1787607110328],2026-08-24T21:31:50.333657888Z,,,true,2026-08-24T21:31:59.193796281Z,01M0TT4SZRTK7MV5T48R9G1GQH,2026-08-24T21:31:33.402945739Z,"[""F7"",""B2"",""F4"",""F5""]",2026-08-24T21:20:06.570955759Z,true,2026-08-24T21:31:59.180528267Z,01M0TSZV8KEDQHAT4X3FNKVS2B,2026-08-24T21:20:06.570955759Z,11,2026-08-24T21:20:06.570955759Z,false,2026-08-24T21:31:33.549071051Z,01M0TT3ZTTV22XQGZD0K61T6A4,2026-08-24T21:31:33.402945739Z,,,48,2026-08-24T21:20:06.570955759Z,12,2026-08-24T21:20:06.570955759Z,training,2026-08-24T21:20:06.570955759Z,0,2026-08-24T21:20:06.570955759Z,4,2026-08-24T21:20:06.570955759Z,/tangrams/411_352.png,2026-08-24T21:31:59.193796281Z,/tangrams/411_352.png,2026-08-24T21:31:56.050831028Z,1787607115958,2026-08-24T21:31:56.045201156Z,0,2026-08-24T21:20:06.570955759Z,2,2026-08-24T21:20:06.861562842Z,true,2026-08-24T21:31:33.354482401Z,"[""/tangrams/411_352.png"",""/tangrams/366_339.png"",""/tangrams/434_227.png"",""/tangrams/456_48.png""]",2026-08-24T21:20:06.570955759Z,/tangrams/411_352.png,2026-08-24T21:20:06.570955759Z,F7,2026-08-24T21:20:06.570955759Z,11,2026-08-24T21:20:06.570955759Z,10,2026-08-24T21:20:06.570955759Z
01M0TTA5EW8PGMPV60X1JTE405,01M0TSZV7X3D77NKMM5CDCW4Z6,2026-08-24T21:20:06.620991264Z,"[{""text"":""This has what looks like a box being opened at the bottom. Then there's a house shape balanced on that and a diamond balanced at the very top. The box shape is centered at the bottom of the frame"",""sender"":{""id"":""01M0TT4SZRTK7MV5T48R9G1GQH"",""name"":""Minu"",""avatar"":""https://api.dicebear.com/8.x/rings/svg?seed=Minu""}}]",2026-08-24T21:26:09.953639361Z,[1787606769959],2026-08-24T21:26:09.961697066Z,,,true,2026-08-24T21:26:24.61208715Z,01M0TT4SZRTK7MV5T48R9G1GQH,2026-08-24T21:25:32.998210862Z,"[""F5"",""F7"",""A1"",""F6""]",2026-08-24T21:20:06.620991264Z,true,2026-08-24T21:26:24.602190263Z,01M0TSZV8KEDQHAT4X3FNKVS2B,2026-08-24T21:20:06.620991264Z,5,2026-08-24T21:20:06.620991264Z,false,2026-08-24T21:25:33.087365667Z,01M0TT3ZTTV22XQGZD0K61T6A4,2026-08-24T21:25:32.998210862Z,,,48,2026-08-24T21:20:06.620991264Z,12,2026-08-24T21:20:06.620991264Z,training,2026-08-24T21:20:06.620991264Z,0,2026-08-24T21:20:06.620991264Z,4,2026-08-24T21:20:06.620991264Z,/tangrams/456_48.png,2026-08-24T21:26:24.61208715Z,/tangrams/456_48.png,2026-08-24T21:26:21.503679706Z,1787606781431,2026-08-24T21:26:21.506866752Z,0,2026-08-24T21:20:06.620991264Z,2,2026-08-24T21:20:06.752514463Z,true,2026-08-24T21:25:32.96651332Z,"[""/tangrams/456_48.png"",""/tangrams/411_352.png"",""/tangrams/138_244.png"",""/tangrams/134_125.png""]",2026-08-24T21:20:06.620991264Z,/tangrams/456_48.png,2026-08-24T21:20:06.620991264Z,F5,2026-08-24T21:20:06.620991264Z,5,2026-08-24T21:20:06.620991264Z,4,2026-08-24T21:20:06.620991264Z
01M0TVK9QKH9RNX8NGNB9GYDZY,01M0TTMTH8JPTHXWGXYEY1VFR8,2026-08-24T21:42:34.483507902Z,"[{""text"":""hole"",""sender"":{""id"":""01M0TV8YZXT0HY97VC3QNJABKN"",""name"":""Repi"",""avatar"":""https://api.dicebear.com/8.x/rings/svg?seed=Repi""}}]",2026-08-24T21:56:38.200772862Z,[1787608598214],2026-08-24T21:56:38.216086877Z,,,true,2026-08-24T21:56:43.51737818Z,01M0TV8YZXT0HY97VC3QNJABKN,2026-08-24T21:56:34.262879538Z,"[""F4"",""F8"",""C3"",""F2""]",2026-08-24T21:42:34.483507902Z,true,2026-08-24T21:56:43.497752543Z,01M0TTMWMG725DJ5GA5M4WD8SY,2026-08-24T21:42:34.483507902Z,28,2026-08-24T21:42:34.483507902Z,false,2026-08-24T21:56:34.437099518Z,01M0TVD4RDDZ2GPYA2W2TBJY2J,2026-08-24T21:56:34.262879538Z,,,48,2026-08-24T21:42:34.483507902Z,12,2026-08-24T21:42:34.483507902Z,training,2026-08-24T21:42:34.483507902Z,2,2026-08-24T21:42:34.483507902Z,4,2026-08-24T21:42:34.483507902Z,/tangrams/202_24.png,2026-08-24T21:56:43.51737818Z,/tangrams/202_24.png,2026-08-24T21:56:40.326886979Z,1787608600247,2026-08-24T21:56:40.318118376Z,1,2026-08-24T21:42:34.483507902Z,2,2026-08-24T21:42:35.85416671Z,true,2026-08-24T21:56:34.204712624Z,"[""/tangrams/40_345.png"",""/tangrams/374_400.png"",""/tangrams/202_24.png"",""/tangrams/429_403.png""]",2026-08-24T21:42:34.483507902Z,/tangrams/202_24.png,2026-08-24T21:42:34.483507902Z,C3,2026-08-24T21:42:34.483507902Z,4,2026-08-24T21:42:34.483507902Z,27,2026-08-24T21:42:34.483507902Z
01M0TTNREK8ESCB1CJNJ1YVZ2S,01M0TSZGJXR0N6DNTNARWRMFQ4,2026-08-24T21:26:26.516026539Z,,,,,,,,,,,"[""B2"",""F1"",""F7"",""F6""]",2026-08-24T21:26:26.516026539Z,false,2026-08-24T21:26:26.516026539Z,01M0TSZGKJQW5S4GCP9150DNN9,2026-08-24T21:26:26.516026539Z,40,2026-08-24T21:26:26.516026539Z,,,,,,,48,2026-08-24T21:26:26.516026539Z,12,2026-08-24T21:26:26.516026539Z,training,2026-08-24T21:26:26.516026539Z,3,2026-08-24T21:26:26.516026539Z,4,2026-08-24T21:26:26.516026539Z,,,,2026-08-24T21:26:26.516026539Z,,,1,2026-08-24T21:26:26.516026539Z,2,2026-08-24T21:26:27.660815096Z,false,2026-08-24T21:26:26.516026539Z,"[""/tangrams/348_441.png"",""/tangrams/452_257.png"",""/tangrams/157_426.png"",""/tangrams/98_302.png""]",2026-08-24T21:26:26.516026539Z,/tangrams/157_426.png,2026-08-24T21:26:26.516026539Z,F7,2026-08-24T21:26:26.516026539Z,4,2026-08-24T21:26:26.516026539Z,39,2026-08-24T21:26:26.516026539Z
01M0TTNRJBY35V1V7SGKC29P7S,01M0TSZGJXR0N6DNTNARWRMFQ4,2026-08-24T21:26:26.63596121Z,,,,,,,,,,,"[""A1"",""F3"",""F6"",""F4""]",2026-08-24T21:26:26.63596121Z,false,2026-08-24T21:26:26.63596121Z,01M0TSZGKJQW5S4GCP9150DNN9,2026-08-24T21:26:26.63596121Z,12,2026-08-24T21:26:26.63596121Z,,,,,,,48,2026-08-24T21:26:26.63596121Z,12,2026-08-24T21:26:26.63596121Z,training,2026-08-24T21:26:26.63596121Z,0,2026-08-24T21:26:26.63596121Z,4,2026-08-24T21:26:26.63596121Z,,,,2026-08-24T21:26:26.63596121Z,,,1,2026-08-24T21:26:26.63596121Z,2,2026-08-24T21:26:27.036367356Z,false,2026-08-24T21:26:26.63596121Z,"[""/tangrams/66_314.png"",""/tangrams/264_176.png"",""/tangrams/98_302.png"",""/tangrams/40_345.png""]",2026-08-24T21:26:26.63596121Z,/tangrams/66_314.png,2026-08-24T21:26:26.63596121Z,A1,2026-08-24T21:26:26.63596121Z,12,2026-08-24T21:26:26.63596121Z,11,2026-08-24T21:26:26.63596121Z
01M0TTNRJKRYNPC050XJXAY9YC,01M0TSZGJXR0N6DNTNARWRMFQ4,2026-08-24T21:26:26.643766676Z,,,,,,,,,,,"[""F8"",""F7"",""A1"",""D4""]",2026-08-24T21:26:26.643766676Z,false,2026-08-24T21:26:26.643766676Z,01M0TSZGKJQW5S4GCP9150DNN9,2026-08-24T21:26:26.643766676Z,10,2026-08-24T21:26:26.643766676Z,,,,,,,48,2026-08-24T21:26:26.643766676Z,12,2026-08-24T21:26:26.643766676Z,training,2026-08-24T21:26:26.643766676Z,0,2026-08-24T21:26:26.643766676Z,4,2026-08-24T21:26:26.643766676Z,,,,2026-08-24T21:26:26.643766676Z,,,1,2026-08-24T21:26:26.643766676Z,2,2026-08-24T21:26:26.989298908Z,false,2026-08-24T21:26:26.643766676Z,"[""/tangrams/374_400.png"",""/tangrams/157_426.png"",""/tangrams/66_314.png"",""/tangrams/20_464.png""]",2026-08-24T21:26:26.643766676Z,/tangrams/374_400.png,2026-08-24T21:26:26.643766676Z,F8,2026-08-24T21:26:26.643766676Z,10,2026-08-24T21:26:26.643766676Z,9,2026-08-24T21:26:26.643766676Z
01M0TTYPZW4YDD5MQJ3M8RGB0S,01M0TTMTH8JPTHXWGXYEY1VFR8,2026-08-24T21:31:19.932501247Z,,,,,,,,,,,"[""D2"",""B3"",""C2"",""C4""]",2026-08-24T21:31:19.932501247Z,false,2026-08-24T21:31:19.932501247Z,01M0TTMWMDPGAHQRDA7BZJ8FEZ,2026-08-24T21:31:19.932501247Z,45,2026-08-24T21:31:19.932501247Z,,,,,,,48,2026-08-24T21:31:19.932501247Z,12,2026-08-24T21:31:19.932501247Z,training,2026-08-24T21:31:19.932501247Z,3,2026-08-24T21:31:19.932501247Z,4,2026-08-24T21:31:19.932501247Z,,,,2026-08-24T21:31:19.932501247Z,,,1,2026-08-24T21:31:19.932501247Z,2,2026-08-24T21:31:22.453197414Z,false,2026-08-24T21:31:19.932501247Z,"[""/tangrams/20_441.png"",""/tangrams/348_24.png"",""/tangrams/202_441.png"",""/tangrams/202_464.png""]",2026-08-24T21:31:19.932501247Z,/tangrams/202_441.png,2026-08-24T21:31:19.932501247Z,C2,2026-08-24T21:31:19.932501247Z,9,2026-08-24T21:31:19.932501247Z,44,2026-08-24T21:31:19.932501247Z
01M0TV7JN788T2FC87PHF2HDEM,01M0TTMTH8JPTHXWGXYEY1VFR8,2026-08-24T21:36:10.407552902Z,"[{""text"":""2 triangles pointing left"",""sender"":{""id"":""01M0TTRGJ55RK21NQM11GGHNRN"",""name"":""Repi"",""avatar"":""https://api.dicebear.com/8.x/rings/svg?seed=Repi""}}]",2026-08-24T21:52:57.406127563Z,[1787608377418],2026-08-24T21:52:57.419833511Z,,,true,2026-08-24T21:53:03.622017033Z,01M0TTRGJ55RK21NQM11GGHNRN,2026-08-24T21:52:48.77803241Z,"[""C4"",""A2"",""B3"",""D1""]",2026-08-24T21:36:10.407552902Z,true,2026-08-24T21:53:03.578977607Z,01M0TTMWM9GSP2NP0T4CET96EB,2026-08-24T21:36:10.407552902Z,14,2026-08-24T21:36:10.407552902Z,false,2026-08-24T21:52:49.085841739Z,01M0TV363Y2QH3CGTPHSZR512P,2026-08-24T21:52:48.77803241Z,,,48,2026-08-24T21:36:10.407552902Z,12,2026-08-24T21:36:10.407552902Z,training,2026-08-24T21:36:10.407552902Z,1,2026-08-24T21:36:10.407552902Z,4,2026-08-24T21:36:10.407552902Z,/tangrams/20_314.png,2026-08-24T21:53:03.622017033Z,/tangrams/20_314.png,2026-08-24T21:53:00.370909905Z,1787608378558,2026-08-24T21:53:00.362478595Z,1,2026-08-24T21:36:10.407552902Z,2,2026-08-24T21:36:11.312816057Z,true,2026-08-24T21:52:48.730736408Z,"[""/tangrams/202_464.png"",""/tangrams/66_441.png"",""/tangrams/348_24.png"",""/tangrams/20_314.png""]",2026-08-24T21:36:10.407552902Z,/tangrams/20_314.png,2026-08-24T21:36:10.407552902Z,D1,2026-08-24T21:36:10.407552902Z,2,2026-08-24T21:36:10.407552902Z,13,2026-08-24T21:36:10.407552902Z
01M0TTA5D4CKV25RMJVT9H7M77,01M0TSZV7X3D77NKMM5CDCW4Z6,2026-08-24T21:20:06.564068551Z,"[{""text"":""This is the one with the thin white line.  Also looks like a rhino looking right"",""sender"":{""id"":""01M0TT3ZTTV22XQGZD0K61T6A4"",""name"":""Repi"",""avatar"":""https://api.dicebear.com/8.x/rings/svg?seed=Repi""}}]",2026-08-24T21:33:33.154662436Z,[1787607213162],2026-08-24T21:33:33.165953461Z,,,true,2026-08-24T21:33:42.275747673Z,01M0TT3ZTTV22XQGZD0K61T6A4,2026-08-24T21:33:14.525571566Z,"[""D4"",""F6"",""F4"",""C3""]",2026-08-24T21:20:06.564068551Z,true,2026-08-24T21:33:42.263331475Z,01M0TSZV8KEDQHAT4X3FNKVS2B,2026-08-24T21:20:06.564068551Z,14,2026-08-24T21:20:06.564068551Z,false,2026-08-24T21:33:14.680491657Z,01M0TT4SZRTK7MV5T48R9G1GQH,2026-08-24T21:33:14.525571566Z,,,48,2026-08-24T21:20:06.564068551Z,12,2026-08-24T21:20:06.564068551Z,training,2026-08-24T21:20:06.564068551Z,1,2026-08-24T21:20:06.564068551Z,4,2026-08-24T21:20:06.564068551Z,/tangrams/434_227.png,2026-08-24T21:33:42.275747673Z,/tangrams/434_227.png,2026-08-24T21:33:39.114578837Z,1787607219011,2026-08-24T21:33:39.119571698Z,0,2026-08-24T21:20:06.564068551Z,2,2026-08-24T21:20:06.906630018Z,true,2026-08-24T21:33:14.471059396Z,"[""/tangrams/279_66.png"",""/tangrams/134_125.png"",""/tangrams/434_227.png"",""/tangrams/422_405.png""]",2026-08-24T21:20:06.564068551Z,/tangrams/434_227.png,2026-08-24T21:20:06.564068551Z,F4,2026-08-24T21:20:06.564068551Z,2,2026-08-24T21:20:06.564068551Z,13,2026-08-24T21:20:06.564068551Z
01M0TTEY3H2W5H3HD78RHDPKND,01M0TSZEX52H0PZDJFB4JNEAFW,2026-08-24T21:22:42.929609986Z,"[{""text"":""Two horns on top, with smiley face"",""sender"":{""id"":""01M0TT9XXJBBQAZ4WANFPESF7T"",""name"":""Minu"",""avatar"":""https://api.dicebear.com/8.x/rings/svg?seed=Minu""}}]",2026-08-24T21:51:48.354917621Z,[1787608308367],2026-08-24T21:51:48.369389123Z,,,true,2026-08-24T21:51:59.742078854Z,01M0TT9XXJBBQAZ4WANFPESF7T,2026-08-24T21:51:27.336793895Z,"[""A1"",""F4"",""F3"",""F6""]",2026-08-24T21:22:42.929609986Z,true,2026-08-24T21:51:59.718775314Z,01M0TSZEY44B7XSP574QH2WQPJ,2026-08-24T21:22:42.929609986Z,35,2026-08-24T21:22:42.929609986Z,false,2026-08-24T21:51:27.517957438Z,01M0TT49QHQY8JQV8C5T94HHYZ,2026-08-24T21:51:27.336793895Z,,,48,2026-08-24T21:22:42.929609986Z,12,2026-08-24T21:22:42.929609986Z,training,2026-08-24T21:22:42.929609986Z,2,2026-08-24T21:22:42.929609986Z,4,2026-08-24T21:22:42.929609986Z,/tangrams/170_154.png,2026-08-24T21:51:59.742078854Z,/tangrams/170_154.png,2026-08-24T21:51:56.555419635Z,1787608316457,2026-08-24T21:51:56.539046801Z,0,2026-08-24T21:22:42.929609986Z,2,2026-08-24T21:22:43.757861098Z,true,2026-08-24T21:51:27.275628493Z,"[""/tangrams/138_244.png"",""/tangrams/434_227.png"",""/tangrams/170_154.png"",""/tangrams/134_125.png""]",2026-08-24T21:22:42.929609986Z,/tangrams/170_154.png,2026-08-24T21:22:42.929609986Z,F3,2026-08-24T21:22:42.929609986Z,11,2026-08-24T21:22:42.929609986Z,34,2026-08-24T21:22:42.929609986Z
01M0TTKMXJAEA1Z033SWQFCAA7,01M0TSZEX52H0PZDJFB4JNEAFW,2026-08-24T21:25:17.362794605Z,"[{""text"":""diamond and triangle below"",""sender"":{""id"":""01M0TTF3ADJ36CYQBD8356XFNQ"",""name"":""Minu"",""avatar"":""https://api.dicebear.com/8.x/rings/svg?seed=Minu""}}]",2026-08-24T21:45:16.861385741Z,[1787607916872],2026-08-24T21:45:16.87425167Z,,,true,2026-08-24T21:45:25.509530516Z,01M0TTF3ADJ36CYQBD8356XFNQ,2026-08-24T21:45:05.009476993Z,"[""C2"",""D3"",""B1"",""A4""]",2026-08-24T21:25:17.362794605Z,true,2026-08-24T21:45:25.483058111Z,01M0TSZEY173D8F3KEP071GR06,2026-08-24T21:25:17.362794605Z,25,2026-08-24T21:25:17.362794605Z,false,2026-08-24T21:45:05.137398662Z,01M0TT55D1DRDQ3JPT1CDTT5VN,2026-08-24T21:45:05.009476993Z,,,48,2026-08-24T21:25:17.362794605Z,12,2026-08-24T21:25:17.362794605Z,training,2026-08-24T21:25:17.362794605Z,2,2026-08-24T21:25:17.362794605Z,4,2026-08-24T21:25:17.362794605Z,/tangrams/366_244.png,2026-08-24T21:45:25.509530516Z,/tangrams/366_244.png,2026-08-24T21:45:22.322567807Z,1787607922065,2026-08-24T21:45:22.315547871Z,0,2026-08-24T21:25:17.362794605Z,2,2026-08-24T21:25:18.073178894Z,true,2026-08-24T21:45:04.964617326Z,"[""/tangrams/422_339.png"",""/tangrams/279_405.png"",""/tangrams/366_244.png"",""/tangrams/138_66.png""]",2026-08-24T21:25:17.362794605Z,/tangrams/366_244.png,2026-08-24T21:25:17.362794605Z,B1,2026-08-24T21:25:17.362794605Z,1,2026-08-24T21:25:17.362794605Z,24,2026-08-24T21:25:17.362794605Z
01M0TTMQQVARMPC05WDKBGE8KW,01M0TSZV7X3D77NKMM5CDCW4Z6,2026-08-24T21:25:53.020014712Z,"[{""text"":""Hi"",""sender"":{""id"":""01M0TT4SREDP4QR1H8V4E3X5G9"",""name"":""Minu"",""avatar"":""https://api.dicebear.com/8.x/rings/svg?seed=Minu""}},{""text"":""clear vertical box"",""sender"":{""id"":""01M0TT4JP6VSYSTADD58E33WM9"",""name"":""Repi"",""avatar"":""https://api.dicebear.com/8.x/rings/svg?seed=Repi""}}]",2026-08-24T21:34:17.348002534Z,"[1787607252797,1787607257355]",2026-08-24T21:34:17.357618804Z,,,true,2026-08-24T21:34:25.73754328Z,01M0TT4JP6VSYSTADD58E33WM9,2026-08-24T21:33:39.694566422Z,"[""A4"",""D3"",""C2"",""B1""]",2026-08-24T21:25:53.020014712Z,true,2026-08-24T21:34:25.724746651Z,01M0TSZV8ERABP36QP2627EVMT,2026-08-24T21:25:53.020014712Z,2,2026-08-24T21:25:53.020014712Z,false,2026-08-24T21:33:39.828736621Z,01M0TT4SREDP4QR1H8V4E3X5G9,2026-08-24T21:33:39.694566422Z,,,48,2026-08-24T21:25:53.020014712Z,12,2026-08-24T21:25:53.020014712Z,training,2026-08-24T21:25:53.020014712Z,0,2026-08-24T21:25:53.020014712Z,4,2026-08-24T21:25:53.020014712Z,/tangrams/20_24.png,2026-08-24T21:34:25.73754328Z,/tangrams/20_24.png,2026-08-24T21:34:22.563771354Z,1787607261638,2026-08-24T21:34:22.568070001Z,1,2026-08-24T21:25:53.020014712Z,2,2026-08-24T21:25:53.387580609Z,true,2026-08-24T21:33:39.652736198Z,"[""/tangrams/66_464.png"",""/tangrams/20_24.png"",""/tangrams/202_441.png"",""/tangrams/348_314.png""]",2026-08-24T21:25:53.020014712Z,/tangrams/20_24.png,2026-08-24T21:25:53.020014712Z,D3,2026-08-24T21:25:53.020014712Z,2,2026-08-24T21:25:53.020014712Z,1,2026-08-24T21:25:53.020014712Z
01M0TTMQV40H8WT6AF3NHEX32Z,01M0TSZV7X3D77NKMM5CDCW4Z6,2026-08-24T21:25:53.124520092Z,"[{""text"":""same"",""sender"":{""id"":""01M0TT4JP6VSYSTADD58E33WM9"",""name"":""Repi"",""avatar"":""https://api.dicebear.com/8.x/rings/svg?seed=Repi""}}]",2026-08-24T21:45:22.069710869Z,[1787607922081],2026-08-24T21:45:22.08308325Z,,,true,2026-08-24T21:45:27.826518945Z,01M0TT4JP6VSYSTADD58E33WM9,2026-08-24T21:45:10.596748667Z,"[""B4"",""D2"",""C1"",""A3""]",2026-08-24T21:25:53.124520092Z,true,2026-08-24T21:45:27.809183353Z,01M0TSZV8ERABP36QP2627EVMT,2026-08-24T21:25:53.124520092Z,22,2026-08-24T21:25:53.124520092Z,false,2026-08-24T21:45:10.768996379Z,01M0TT4SREDP4QR1H8V4E3X5G9,2026-08-24T21:45:10.596748667Z,,,48,2026-08-24T21:25:53.124520092Z,12,2026-08-24T21:25:53.124520092Z,training,2026-08-24T21:25:53.124520092Z,1,2026-08-24T21:25:53.124520092Z,4,2026-08-24T21:25:53.124520092Z,/tangrams/66_24.png,2026-08-24T21:45:27.826518945Z,/tangrams/66_24.png,2026-08-24T21:45:24.510482762Z,1787607923573,2026-08-24T21:45:24.503424187Z,1,2026-08-24T21:25:53.124520092Z,2,2026-08-24T21:25:53.793449069Z,true,2026-08-24T21:45:10.538445412Z,"[""/tangrams/348_464.png"",""/tangrams/20_441.png"",""/tangrams/202_314.png"",""/tangrams/66_24.png""]",2026-08-24T21:25:53.124520092Z,/tangrams/66_24.png,2026-08-24T21:25:53.124520092Z,A3,2026-08-24T21:25:53.124520092Z,10,2026-08-24T21:25:53.124520092Z,21,2026-08-24T21:25:53.124520092Z
01M0TV7JM9ZTGCGRK87E8K8MB1,01M0TTMTH8JPTHXWGXYEY1VFR8,2026-08-24T21:36:10.377615084Z,"[{""text"":""white ectangle"",""sender"":{""id"":""01M0TTRGJ55RK21NQM11GGHNRN"",""name"":""Repi"",""avatar"":""https://api.dicebear.com/8.x/rings/svg?seed=Repi""}}]",2026-08-24T21:55:57.045502386Z,[1787608557059],2026-08-24T21:55:57.06103916Z,,,true,2026-08-24T21:56:06.723417396Z,01M0TTRGJ55RK21NQM11GGHNRN,2026-08-24T21:55:50.113142334Z,"[""D1"",""A3"",""C2"",""B4""]",2026-08-24T21:36:10.377615084Z,true,2026-08-24T21:56:06.696680148Z,01M0TTMWM9GSP2NP0T4CET96EB,2026-08-24T21:36:10.377615084Z,22,2026-08-24T21:36:10.377615084Z,false,2026-08-24T21:55:50.375399557Z,01M0TV363Y2QH3CGTPHSZR512P,2026-08-24T21:55:50.113142334Z,,,48,2026-08-24T21:36:10.377615084Z,12,2026-08-24T21:36:10.377615084Z,training,2026-08-24T21:36:10.377615084Z,1,2026-08-24T21:36:10.377615084Z,4,2026-08-24T21:36:10.377615084Z,/tangrams/66_24.png,2026-08-24T21:56:06.723417396Z,/tangrams/66_24.png,2026-08-24T21:56:03.372806216Z,1787608561527,2026-08-24T21:56:03.342875634Z,1,2026-08-24T21:36:10.377615084Z,2,2026-08-24T21:36:11.525102761Z,true,2026-08-24T21:55:50.049940259Z,"[""/tangrams/20_314.png"",""/tangrams/66_24.png"",""/tangrams/202_441.png"",""/tangrams/348_464.png""]",2026-08-24T21:36:10.377615084Z,/tangrams/66_24.png,2026-08-24T21:36:10.377615084Z,A3,2026-08-24T21:36:10.377615084Z,10,2026-08-24T21:36:10.377615084Z,21,2026-08-24T21:36:10.377615084Z
01M0TTA5BYD24MYRGRNJQNK40N,01M0TSZV7X3D77NKMM5CDCW4Z6,2026-08-24T21:20:06.52605131Z,"[{""text"":""The one with the white rectangle inside the black area"",""sender"":{""id"":""01M0TT4SZRTK7MV5T48R9G1GQH"",""name"":""Minu"",""avatar"":""https://api.dicebear.com/8.x/rings/svg?seed=Minu""}}]",2026-08-24T21:41:17.896750399Z,[1787607677906],2026-08-24T21:41:17.907809435Z,,,true,2026-08-24T21:41:24.710765882Z,01M0TT4SZRTK7MV5T48R9G1GQH,2026-08-24T21:41:06.78342973Z,"[""F6"",""F8"",""F7"",""B2""]",2026-08-24T21:20:06.52605131Z,true,2026-08-24T21:41:24.698641706Z,01M0TSZV8KEDQHAT4X3FNKVS2B,2026-08-24T21:20:06.52605131Z,29,2026-08-24T21:20:06.52605131Z,false,2026-08-24T21:41:06.922568157Z,01M0TT3ZTTV22XQGZD0K61T6A4,2026-08-24T21:41:06.78342973Z,,,48,2026-08-24T21:20:06.52605131Z,12,2026-08-24T21:20:06.52605131Z,training,2026-08-24T21:20:06.52605131Z,2,2026-08-24T21:20:06.52605131Z,4,2026-08-24T21:20:06.52605131Z,/tangrams/37_144.png,2026-08-24T21:41:24.710765882Z,/tangrams/37_144.png,2026-08-24T21:41:21.588425096Z,1787607681494,2026-08-24T21:41:21.583604045Z,0,2026-08-24T21:20:06.52605131Z,2,2026-08-24T21:20:07.187079382Z,true,2026-08-24T21:41:06.747781911Z,"[""/tangrams/134_125.png"",""/tangrams/37_144.png"",""/tangrams/411_352.png"",""/tangrams/366_339.png""]",2026-08-24T21:20:06.52605131Z,/tangrams/37_144.png,2026-08-24T21:20:06.52605131Z,F8,2026-08-24T21:20:06.52605131Z,5,2026-08-24T21:20:06.52605131Z,28,2026-08-24T21:20:06.52605131Z
01M0TTEY4QJ24Y5Z8RRWY2AY9N,01M0TSZEX52H0PZDJFB4JNEAFW,2026-08-24T21:22:42.967296656Z,"[{""text"":""bird with diamond on top"",""sender"":{""id"":""01M0TT49QHQY8JQV8C5T94HHYZ"",""name"":""Repi"",""avatar"":""https://api.dicebear.com/8.x/rings/svg?seed=Repi""}}]",2026-08-24T21:44:54.615511901Z,[1787607894626],2026-08-24T21:44:54.628384656Z,,,true,2026-08-24T21:45:11.004202093Z,01M0TT49QHQY8JQV8C5T94HHYZ,2026-08-24T21:44:40.860113425Z,"[""F2"",""F4"",""B2"",""A1""]",2026-08-24T21:22:42.967296656Z,true,2026-08-24T21:45:10.98953069Z,01M0TSZEY44B7XSP574QH2WQPJ,2026-08-24T21:22:42.967296656Z,24,2026-08-24T21:22:42.967296656Z,false,2026-08-24T21:44:41.025080255Z,01M0TT9XXJBBQAZ4WANFPESF7T,2026-08-24T21:44:40.860113425Z,,,48,2026-08-24T21:22:42.967296656Z,12,2026-08-24T21:22:42.967296656Z,training,2026-08-24T21:22:42.967296656Z,1,2026-08-24T21:22:42.967296656Z,4,2026-08-24T21:22:42.967296656Z,/tangrams/138_244.png,2026-08-24T21:45:11.004202093Z,/tangrams/138_244.png,2026-08-24T21:45:07.834977326Z,1787607907523,2026-08-24T21:45:07.828098159Z,0,2026-08-24T21:22:42.967296656Z,2,2026-08-24T21:22:43.567907243Z,true,2026-08-24T21:44:40.804805089Z,"[""/tangrams/290_64.png"",""/tangrams/434_227.png"",""/tangrams/366_339.png"",""/tangrams/138_244.png""]",2026-08-24T21:22:42.967296656Z,/tangrams/138_244.png,2026-08-24T21:22:42.967296656Z,A1,2026-08-24T21:22:42.967296656Z,12,2026-08-24T21:22:42.967296656Z,23,2026-08-24T21:22:42.967296656Z
01M0TTMQW57TG20BXEBXWCBQWB,01M0TSZV7X3D77NKMM5CDCW4Z6,2026-08-24T21:25:53.158018015Z,"[{""text"":""box in it"",""sender"":{""id"":""01M0TT4JP6VSYSTADD58E33WM9"",""name"":""Repi"",""avatar"":""https://api.dicebear.com/8.x/rings/svg?seed=Repi""}}]",2026-08-24T21:48:18.636772982Z,[1787608098648],2026-08-24T21:48:18.650394789Z,,,true,2026-08-24T21:48:23.817329219Z,01M0TT4JP6VSYSTADD58E33WM9,2026-08-24T21:48:07.949488652Z,"[""D3"",""C1"",""B4"",""A2""]",2026-08-24T21:25:53.158018015Z,true,2026-08-24T21:48:23.794734807Z,01M0TSZV8ERABP36QP2627EVMT,2026-08-24T21:25:53.158018015Z,28,2026-08-24T21:25:53.158018015Z,false,2026-08-24T21:48:08.092711482Z,01M0TT4SREDP4QR1H8V4E3X5G9,2026-08-24T21:48:07.949488652Z,,,48,2026-08-24T21:25:53.158018015Z,12,2026-08-24T21:25:53.158018015Z,training,2026-08-24T21:25:53.158018015Z,2,2026-08-24T21:25:53.158018015Z,4,2026-08-24T21:25:53.158018015Z,/tangrams/20_24.png,2026-08-24T21:48:23.817329219Z,/tangrams/20_24.png,2026-08-24T21:48:20.632690031Z,1787608099701,2026-08-24T21:48:20.655129535Z,1,2026-08-24T21:25:53.158018015Z,2,2026-08-24T21:25:53.971615839Z,true,2026-08-24T21:48:07.887424747Z,"[""/tangrams/20_24.png"",""/tangrams/202_314.png"",""/tangrams/348_464.png"",""/tangrams/66_441.png""]",2026-08-24T21:25:53.158018015Z,/tangrams/20_24.png,2026-08-24T21:25:53.158018015Z,D3,2026-08-24T21:25:53.158018015Z,4,2026-08-24T21:25:53.158018015Z,27,2026-08-24T21:25:53.158018015Z
01M0TTYQ5YZKED7BYZXVMWECXP,01M0TTMTH8JPTHXWGXYEY1VFR8,2026-08-24T21:31:20.126605485Z,,,,,,,,,,,"[""A4"",""B3"",""C4"",""C1""]",2026-08-24T21:31:20.126605485Z,false,2026-08-24T21:31:20.126605485Z,01M0TTMWMDPGAHQRDA7BZJ8FEZ,2026-08-24T21:31:20.126605485Z,40,2026-08-24T21:31:20.126605485Z,,,,,,,48,2026-08-24T21:31:20.126605485Z,12,2026-08-24T21:31:20.126605485Z,training,2026-08-24T21:31:20.126605485Z,3,2026-08-24T21:31:20.126605485Z,4,2026-08-24T21:31:20.126605485Z,,,,2026-08-24T21:31:20.126605485Z,,,1,2026-08-24T21:31:20.126605485Z,2,2026-08-24T21:31:22.257579698Z,false,2026-08-24T21:31:20.126605485Z,"[""/tangrams/66_464.png"",""/tangrams/348_24.png"",""/tangrams/202_464.png"",""/tangrams/202_314.png""]",2026-08-24T21:31:20.126605485Z,/tangrams/202_464.png,2026-08-24T21:31:20.126605485Z,C4,2026-08-24T21:31:20.126605485Z,4,2026-08-24T21:31:20.126605485Z,39,2026-08-24T21:31:20.126605485Z
01M0TTK16DVC0HFKAE7AM9Y15K,01M0TSZEX52H0PZDJFB4JNEAFW,2026-08-24T21:24:57.165774004Z,"[{""text"":""pyramid top triangle bottom"",""sender"":{""id"":""01M0TT7ZVRQQW92P55GPN9KMMS"",""name"":""Minu"",""avatar"":""https://api.dicebear.com/8.x/rings/svg?seed=Minu""}}]",2026-08-24T22:10:35.496818399Z,[1787609435511],2026-08-24T22:10:35.514245634Z,,,true,2026-08-24T22:10:47.310592718Z,01M0TT7ZVRQQW92P55GPN9KMMS,2026-08-24T22:10:24.036219619Z,"[""A2"",""D2"",""C1"",""A4""]",2026-08-24T21:24:57.165774004Z,true,2026-08-24T22:10:47.283774348Z,01M0TSZEY54T11A9AMGVA6T4ZB,2026-08-24T21:24:57.165774004Z,41,2026-08-24T21:24:57.165774004Z,false,2026-08-24T22:10:24.260258756Z,01M0TT7FNH08P86PFHWCV3NRS8,2026-08-24T22:10:24.036219619Z,,,48,2026-08-24T21:24:57.165774004Z,12,2026-08-24T21:24:57.165774004Z,training,2026-08-24T21:24:57.165774004Z,3,2026-08-24T21:24:57.165774004Z,4,2026-08-24T21:24:57.165774004Z,/tangrams/138_339.png,2026-08-24T22:10:47.310592718Z,/tangrams/138_339.png,2026-08-24T22:10:44.09095668Z,1787609444195,2026-08-24T22:10:44.067108415Z,0,2026-08-24T21:24:57.165774004Z,2,2026-08-24T21:24:58.001738401Z,true,2026-08-24T22:10:23.952946035Z,"[""/tangrams/138_339.png"",""/tangrams/279_339.png"",""/tangrams/422_244.png"",""/tangrams/138_66.png""]",2026-08-24T21:24:57.165774004Z,/tangrams/138_339.png,2026-08-24T21:24:57.165774004Z,A2,2026-08-24T21:24:57.165774004Z,5,2026-08-24T21:24:57.165774004Z,40,2026-08-24T21:24:57.165774004Z
01M0TTKMV051QENXBRKHEFT6SY,01M0TSZEX52H0PZDJFB4JNEAFW,2026-08-24T21:25:17.280302784Z,"[{""text"":""Triangle and diamond below"",""sender"":{""id"":""01M0TTF3ADJ36CYQBD8356XFNQ"",""name"":""Minu"",""avatar"":""https://api.dicebear.com/8.x/rings/svg?seed=Minu""}}]",2026-08-24T21:35:54.337278128Z,[1787607354345],2026-08-24T21:35:54.347882462Z,,,true,2026-08-24T21:36:05.746374082Z,01M0TTF3ADJ36CYQBD8356XFNQ,2026-08-24T21:35:41.347281731Z,"[""A3"",""B4"",""C1"",""D2""]",2026-08-24T21:25:17.280302784Z,true,2026-08-24T21:36:05.728671683Z,01M0TSZEY173D8F3KEP071GR06,2026-08-24T21:25:17.280302784Z,3,2026-08-24T21:25:17.280302784Z,false,2026-08-24T21:35:41.459974738Z,01M0TT55D1DRDQ3JPT1CDTT5VN,2026-08-24T21:35:41.347281731Z,,,48,2026-08-24T21:25:17.280302784Z,12,2026-08-24T21:25:17.280302784Z,training,2026-08-24T21:25:17.280302784Z,0,2026-08-24T21:25:17.280302784Z,4,2026-08-24T21:25:17.280302784Z,/tangrams/422_244.png,2026-08-24T21:36:05.746374082Z,/tangrams/422_244.png,2026-08-24T21:36:02.591792209Z,1787607362328,2026-08-24T21:36:02.586449534Z,0,2026-08-24T21:25:17.280302784Z,2,2026-08-24T21:25:17.655360225Z,true,2026-08-24T21:35:41.301229387Z,"[""/tangrams/138_405.png"",""/tangrams/366_66.png"",""/tangrams/422_244.png"",""/tangrams/279_339.png""]",2026-08-24T21:25:17.280302784Z,/tangrams/422_244.png,2026-08-24T21:25:17.280302784Z,C1,2026-08-24T21:25:17.280302784Z,3,2026-08-24T21:25:17.280302784Z,2,2026-08-24T21:25:17.280302784Z
01M0TTNREESGZPRAQ58EHMQTXM,01M0TSZGJXR0N6DNTNARWRMFQ4,2026-08-24T21:26:26.510599133Z,,,,,,,,,,,"[""C3"",""F8"",""B2"",""D4""]",2026-08-24T21:26:26.510599133Z,false,2026-08-24T21:26:26.510599133Z,01M0TSZGKJQW5S4GCP9150DNN9,2026-08-24T21:26:26.510599133Z,43,2026-08-24T21:26:26.510599133Z,,,,,,,48,2026-08-24T21:26:26.510599133Z,12,2026-08-24T21:26:26.510599133Z,training,2026-08-24T21:26:26.510599133Z,3,2026-08-24T21:26:26.510599133Z,4,2026-08-24T21:26:26.510599133Z,,,,2026-08-24T21:26:26.510599133Z,,,1,2026-08-24T21:26:26.510599133Z,2,2026-08-24T21:26:27.723160072Z,false,2026-08-24T21:26:26.510599133Z,"[""/tangrams/202_24.png"",""/tangrams/374_400.png"",""/tangrams/348_441.png"",""/tangrams/20_464.png""]",2026-08-24T21:26:26.510599133Z,/tangrams/20_464.png,2026-08-24T21:26:26.510599133Z,D4,2026-08-24T21:26:26.510599133Z,7,2026-08-24T21:26:26.510599133Z,42,2026-08-24T21:26:26.510599133Z
01M0TTYQ4YEHK3343DAPN9CV6B,01M0TTMTH8JPTHXWGXYEY1VFR8,2026-08-24T21:31:20.096174008Z,,,,,,,,,,,"[""A4"",""A3"",""C2"",""B3""]",2026-08-24T21:31:20.096174008Z,false,2026-08-24T21:31:20.096174008Z,01M0TTMWMDPGAHQRDA7BZJ8FEZ,2026-08-24T21:31:20.096174008Z,43,2026-08-24T21:31:20.096174008Z,,,,,,,48,2026-08-24T21:31:20.096174008Z,12,2026-08-24T21:31:20.096174008Z,training,2026-08-24T21:31:20.096174008Z,3,2026-08-24T21:31:20.096174008Z,4,2026-08-24T21:31:20.096174008Z,,,,2026-08-24T21:31:20.096174008Z,,,1,2026-08-24T21:31:20.096174008Z,2,2026-08-24T21:31:22.372661029Z,false,2026-08-24T21:31:20.096174008Z,"[""/tangrams/66_464.png"",""/tangrams/66_24.png"",""/tangrams/202_441.png"",""/tangrams/348_24.png""]",2026-08-24T21:31:20.096174008Z,/tangrams/66_24.png,2026-08-24T21:31:20.096174008Z,A3,2026-08-24T21:31:20.096174008Z,7,2026-08-24T21:31:20.096174008Z,42,2026-08-24T21:31:20.096174008Z
01M0TTK109J40M56MKS6JSAWY1,01M0TSZEX52H0PZDJFB4JNEAFW,2026-08-24T21:24:56.969308771Z,"[{""text"":""hi there"",""sender"":{""id"":""01M0TT7FNH08P86PFHWCV3NRS8"",""name"":""Repi"",""avatar"":""https://api.dicebear.com/8.x/rings/svg?seed=Repi""}},{""text"":""hi"",""sender"":{""id"":""01M0TT7ZVRQQW92P55GPN9KMMS"",""name"":""Minu"",""avatar"":""https://api.dicebear.com/8.x/rings/svg?seed=Minu""}},{""text"":""its the shape in the top corner of the screen that looks like boxes stacked together"",""sender"":{""id"":""01M0TT7ZVRQQW92P55GPN9KMMS"",""name"":""Minu"",""avatar"":""https://api.dicebear.com/8.x/rings/svg?seed=Minu""}}]",2026-08-24T21:42:09.002693398Z,"[1787607695479,1787607700611,1787607729012]",2026-08-24T21:42:09.014149355Z,,,true,2026-08-24T21:42:20.287414717Z,01M0TT7ZVRQQW92P55GPN9KMMS,2026-08-24T21:41:21.494682908Z,"[""C2"",""B4"",""D1"",""C4""]",2026-08-24T21:24:56.969308771Z,true,2026-08-24T21:42:20.272791404Z,01M0TSZEY54T11A9AMGVA6T4ZB,2026-08-24T21:24:56.969308771Z,1,2026-08-24T21:24:56.969308771Z,false,2026-08-24T21:41:21.72942674Z,01M0TT7FNH08P86PFHWCV3NRS8,2026-08-24T21:41:21.494682908Z,,,48,2026-08-24T21:24:56.969308771Z,12,2026-08-24T21:24:56.969308771Z,training,2026-08-24T21:24:56.969308771Z,0,2026-08-24T21:24:56.969308771Z,4,2026-08-24T21:24:56.969308771Z,/tangrams/422_66.png,2026-08-24T21:42:20.287414717Z,/tangrams/422_66.png,2026-08-24T21:42:17.127696409Z,1787607737248,2026-08-24T21:42:17.140662152Z,0,2026-08-24T21:24:56.969308771Z,2,2026-08-24T21:24:57.294003986Z,true,2026-08-24T21:41:21.45517539Z,"[""/tangrams/422_339.png"",""/tangrams/366_66.png"",""/tangrams/279_244.png"",""/tangrams/422_66.png""]",2026-08-24T21:24:56.969308771Z,/tangrams/422_66.png,2026-08-24T21:24:56.969308771Z,C4,2026-08-24T21:24:56.969308771Z,1,2026-08-24T21:24:56.969308771Z,0,2026-08-24T21:24:56.969308771Z
01M0TTKMWPNRG4TD2WNAWARTKN,01M0TSZEX52H0PZDJFB4JNEAFW,2026-08-24T21:25:17.334604043Z,"[{""text"":""small diamond on top"",""sender"":{""id"":""01M0TTF3ADJ36CYQBD8356XFNQ"",""name"":""Minu"",""avatar"":""https://api.dicebear.com/8.x/rings/svg?seed=Minu""}}]",2026-08-24T21:42:28.586296385Z,[1787607748596],2026-08-24T21:42:28.597476185Z,,,true,2026-08-24T21:42:42.771540126Z,01M0TTF3ADJ36CYQBD8356XFNQ,2026-08-24T21:42:17.957077325Z,"[""B3"",""C2"",""D1"",""A4""]",2026-08-24T21:25:17.334604043Z,true,2026-08-24T21:42:42.741921953Z,01M0TSZEY173D8F3KEP071GR06,2026-08-24T21:25:17.334604043Z,19,2026-08-24T21:25:17.334604043Z,false,2026-08-24T21:42:18.075042131Z,01M0TT55D1DRDQ3JPT1CDTT5VN,2026-08-24T21:42:17.957077325Z,,,48,2026-08-24T21:25:17.334604043Z,12,2026-08-24T21:25:17.334604043Z,training,2026-08-24T21:25:17.334604043Z,1,2026-08-24T21:25:17.334604043Z,4,2026-08-24T21:25:17.334604043Z,/tangrams/138_66.png,2026-08-24T21:42:42.771540126Z,/tangrams/138_66.png,2026-08-24T21:42:32.42508286Z,1787607752166,2026-08-24T21:42:32.418563611Z,0,2026-08-24T21:25:17.334604043Z,2,2026-08-24T21:25:17.95821415Z,true,2026-08-24T21:42:17.912848815Z,"[""/tangrams/366_405.png"",""/tangrams/422_339.png"",""/tangrams/279_244.png"",""/tangrams/138_66.png""]",2026-08-24T21:25:17.334604043Z,/tangrams/138_66.png,2026-08-24T21:25:17.334604043Z,A4,2026-08-24T21:25:17.334604043Z,7,2026-08-24T21:25:17.334604043Z,18,2026-08-24T21:25:17.334604043Z
01M0TTYQ8TTGMPN0B5KNG5JJS9,01M0TTMTH8JPTHXWGXYEY1VFR8,2026-08-24T21:31:20.218929976Z,"[{""text"":""?"",""sender"":{""id"":""01M0TTENRE0ZSC234N2S1BW8ZS"",""name"":""Repi"",""avatar"":""https://api.dicebear.com/8.x/rings/svg?seed=Repi""}},{""text"":""sharp edge"",""sender"":{""id"":""01M0TTJT0T1FXWVGTP027BYENQ"",""name"":""Minu"",""avatar"":""https://api.dicebear.com/8.x/rings/svg?seed=Minu""}},{""text"":""A triangle on left corner ?"",""sender"":{""id"":""01M0TTENRE0ZSC234N2S1BW8ZS"",""name"":""Repi"",""avatar"":""https://api.dicebear.com/8.x/rings/svg?seed=Repi""}},{""text"":""at the middle"",""sender"":{""id"":""01M0TTJT0T1FXWVGTP027BYENQ"",""name"":""Minu"",""avatar"":""https://api.dicebear.com/8.x/rings/svg?seed=Minu""}},{""text"":""yes"",""sender"":{""id"":""01M0TTJT0T1FXWVGTP027BYENQ"",""name"":""Minu"",""avatar"":""https://api.dicebear.com/8.x/rings/svg?seed=Minu""}}]",2026-08-24T21:57:02.617205578Z,"[1787608582054,1787608589140,1787608606138,1787608607703,1787608622630]",2026-08-24T21:57:02.633184242Z,,,false,2026-08-24T21:57:09.842443893Z,01M0TTJT0T1FXWVGTP027BYENQ,2026-08-24T21:56:06.546138087Z,"[""A4"",""A3"",""C4"",""D2""]",2026-08-24T21:31:20.218929976Z,true,2026-08-24T21:57:09.820018874Z,01M0TTMWMDPGAHQRDA7BZJ8FEZ,2026-08-24T21:31:20.218929976Z,13,2026-08-24T21:31:20.218929976Z,false,2026-08-24T21:56:06.705464211Z,01M0TTENRE0ZSC234N2S1BW8ZS,2026-08-24T21:56:06.546138087Z,,,48,2026-08-24T21:31:20.218929976Z,12,2026-08-24T21:31:20.218929976Z,training,2026-08-24T21:31:20.218929976Z,1,2026-08-24T21:31:20.218929976Z,4,2026-08-24T21:31:20.218929976Z,,2026-08-24T21:57:09.842443893Z,,2026-08-24T21:31:20.218929976Z,,,1,2026-08-24T21:31:20.218929976Z,2,2026-08-24T21:31:21.145609365Z,true,2026-08-24T21:56:06.480871249Z,"[""/tangrams/66_464.png"",""/tangrams/66_24.png"",""/tangrams/202_464.png"",""/tangrams/20_441.png""]",2026-08-24T21:31:20.218929976Z,/tangrams/66_464.png,2026-08-24T21:31:20.218929976Z,A4,2026-08-24T21:31:20.218929976Z,1,2026-08-24T21:31:20.218929976Z,12,2026-08-24T21:31:20.218929976Z
01M0TTA5D10PQY43N8EWEAJGBP,01M0TSZV7X3D77NKMM5CDCW4Z6,2026-08-24T21:20:06.561875735Z,"[{""text"":""The one with the white rectangle in the middle, and piece sticking to the top left"",""sender"":{""id"":""01M0TT4SZRTK7MV5T48R9G1GQH"",""name"":""Minu"",""avatar"":""https://api.dicebear.com/8.x/rings/svg?seed=Minu""}}]",2026-08-24T21:34:01.858492371Z,[1787607241866],2026-08-24T21:34:01.869600612Z,,,true,2026-08-24T21:34:09.171026471Z,01M0TT4SZRTK7MV5T48R9G1GQH,2026-08-24T21:33:42.338200814Z,"[""F8"",""F2"",""A1"",""F6""]",2026-08-24T21:20:06.561875735Z,true,2026-08-24T21:34:09.15392522Z,01M0TSZV8KEDQHAT4X3FNKVS2B,2026-08-24T21:20:06.561875735Z,15,2026-08-24T21:20:06.561875735Z,false,2026-08-24T21:33:42.492832718Z,01M0TT3ZTTV22XQGZD0K61T6A4,2026-08-24T21:33:42.338200814Z,,,48,2026-08-24T21:20:06.561875735Z,12,2026-08-24T21:20:06.561875735Z,training,2026-08-24T21:20:06.561875735Z,1,2026-08-24T21:20:06.561875735Z,4,2026-08-24T21:20:06.561875735Z,/tangrams/37_144.png,2026-08-24T21:34:09.171026471Z,/tangrams/37_144.png,2026-08-24T21:34:06.040024303Z,1787607245950,2026-08-24T21:34:06.035840202Z,0,2026-08-24T21:20:06.561875735Z,2,2026-08-24T21:20:06.921999506Z,true,2026-08-24T21:33:42.292740473Z,"[""/tangrams/37_144.png"",""/tangrams/290_64.png"",""/tangrams/138_244.png"",""/tangrams/134_125.png""]",2026-08-24T21:20:06.561875735Z,/tangrams/37_144.png,2026-08-24T21:20:06.561875735Z,F8,2026-08-24T21:20:06.561875735Z,3,2026-08-24T21:20:06.561875735Z,14,2026-08-24T21:20:06.561875735Z
01M0TTEY4J1SQN9D2M7C92B3AB,01M0TSZEX52H0PZDJFB4JNEAFW,2026-08-24T21:22:42.962992146Z,"[{""text"":""Pointy thing coming out of the top left, lond rectangle on bottom"",""sender"":{""id"":""01M0TT9XXJBBQAZ4WANFPESF7T"",""name"":""Minu"",""avatar"":""https://api.dicebear.com/8.x/rings/svg?seed=Minu""}}]",2026-08-24T21:56:34.503634235Z,[1787608594514],2026-08-24T21:56:34.515661298Z,,,true,2026-08-24T21:56:42.515238667Z,01M0TT9XXJBBQAZ4WANFPESF7T,2026-08-24T21:56:04.538056281Z,"[""F8"",""D4"",""F2"",""F7""]",2026-08-24T21:22:42.962992146Z,true,2026-08-24T21:56:42.499023271Z,01M0TSZEY44B7XSP574QH2WQPJ,2026-08-24T21:22:42.962992146Z,45,2026-08-24T21:22:42.962992146Z,false,2026-08-24T21:56:04.736697496Z,01M0TT49QHQY8JQV8C5T94HHYZ,2026-08-24T21:56:04.538056281Z,,,48,2026-08-24T21:22:42.962992146Z,12,2026-08-24T21:22:42.962992146Z,training,2026-08-24T21:22:42.962992146Z,3,2026-08-24T21:22:42.962992146Z,4,2026-08-24T21:22:42.962992146Z,/tangrams/37_144.png,2026-08-24T21:56:42.515238667Z,/tangrams/37_144.png,2026-08-24T21:56:39.117285904Z,1787608598982,2026-08-24T21:56:39.072992701Z,0,2026-08-24T21:22:42.962992146Z,2,2026-08-24T21:22:43.914952013Z,true,2026-08-24T21:56:04.448074883Z,"[""/tangrams/37_144.png"",""/tangrams/279_66.png"",""/tangrams/290_64.png"",""/tangrams/411_352.png""]",2026-08-24T21:22:42.962992146Z,/tangrams/37_144.png,2026-08-24T21:22:42.962992146Z,F8,2026-08-24T21:22:42.962992146Z,9,2026-08-24T21:22:42.962992146Z,44,2026-08-24T21:22:42.962992146Z
01M0TVK9RXV0XQG5FZ9W1DQ4WT,01M0TTMTH8JPTHXWGXYEY1VFR8,2026-08-24T21:42:34.525342935Z,"[{""text"":""weird butterfly"",""sender"":{""id"":""01M0TVD4RDDZ2GPYA2W2TBJY2J"",""name"":""Minu"",""avatar"":""https://api.dicebear.com/8.x/rings/svg?seed=Minu""}}]",2026-08-24T21:57:43.281615363Z,[1787608663295],2026-08-24T21:57:43.298164742Z,,,true,2026-08-24T21:57:47.867447111Z,01M0TVD4RDDZ2GPYA2W2TBJY2J,2026-08-24T21:57:34.155369498Z,"[""D4"",""F8"",""F5"",""F7""]",2026-08-24T21:42:34.525342935Z,true,2026-08-24T21:57:47.846991491Z,01M0TTMWMG725DJ5GA5M4WD8SY,2026-08-24T21:42:34.525342935Z,33,2026-08-24T21:42:34.525342935Z,false,2026-08-24T21:57:34.402272918Z,01M0TV8YZXT0HY97VC3QNJABKN,2026-08-24T21:57:34.155369498Z,,,48,2026-08-24T21:42:34.525342935Z,12,2026-08-24T21:42:34.525342935Z,training,2026-08-24T21:42:34.525342935Z,2,2026-08-24T21:42:34.525342935Z,4,2026-08-24T21:42:34.525342935Z,/tangrams/157_426.png,2026-08-24T21:57:47.867447111Z,/tangrams/157_426.png,2026-08-24T21:57:44.680384249Z,1787608665462,2026-08-24T21:57:44.671763376Z,1,2026-08-24T21:42:34.525342935Z,2,2026-08-24T21:42:36.007009622Z,true,2026-08-24T21:57:34.053545476Z,"[""/tangrams/20_464.png"",""/tangrams/374_400.png"",""/tangrams/4_159.png"",""/tangrams/157_426.png""]",2026-08-24T21:42:34.525342935Z,/tangrams/157_426.png,2026-08-24T21:42:34.525342935Z,F7,2026-08-24T21:42:34.525342935Z,9,2026-08-24T21:42:34.525342935Z,32,2026-08-24T21:42:34.525342935Z
01M0TTK197RJ0QTB45EKEDE998,01M0TSZEX52H0PZDJFB4JNEAFW,2026-08-24T21:24:57.255664869Z,"[{""text"":""arms up over running legs"",""sender"":{""id"":""01M0TT7FNH08P86PFHWCV3NRS8"",""name"":""Repi"",""avatar"":""https://api.dicebear.com/8.x/rings/svg?seed=Repi""}}]",2026-08-24T22:11:11.878284095Z,[1787609471894],2026-08-24T22:11:11.896600307Z,,,false,2026-08-24T22:11:21.725226387Z,01M0TT7FNH08P86PFHWCV3NRS8,2026-08-24T22:10:47.413308556Z,"[""A3"",""D3"",""C4"",""D2""]",2026-08-24T21:24:57.255664869Z,true,2026-08-24T22:11:21.700722951Z,01M0TSZEY54T11A9AMGVA6T4ZB,2026-08-24T21:24:57.255664869Z,42,2026-08-24T21:24:57.255664869Z,false,2026-08-24T22:10:47.623250072Z,01M0TT7ZVRQQW92P55GPN9KMMS,2026-08-24T22:10:47.413308556Z,,,48,2026-08-24T21:24:57.255664869Z,12,2026-08-24T21:24:57.255664869Z,training,2026-08-24T21:24:57.255664869Z,3,2026-08-24T21:24:57.255664869Z,4,2026-08-24T21:24:57.255664869Z,/tangrams/138_405.png,2026-08-24T22:11:21.725226387Z,/tangrams/138_405.png,2026-08-24T22:11:18.474609958Z,1787609480898,2026-08-24T22:11:18.464895962Z,0,2026-08-24T21:24:57.255664869Z,2,2026-08-24T21:24:58.023743838Z,true,2026-08-24T22:10:47.337555395Z,"[""/tangrams/138_405.png"",""/tangrams/279_405.png"",""/tangrams/422_66.png"",""/tangrams/279_339.png""]",2026-08-24T21:24:57.255664869Z,/tangrams/279_405.png,2026-08-24T21:24:57.255664869Z,D3,2026-08-24T21:24:57.255664869Z,6,2026-08-24T21:24:57.255664869Z,41,2026-08-24T21:24:57.255664869Z
01M0TTKD8V8G4NNYE0N7Y147XY,01M0TSZGJXR0N6DNTNARWRMFQ4,2026-08-24T21:25:09.531175156Z,,,,,,,,,,,,,false,2026-08-24T21:25:09.531175156Z,01M0TSZGKM72FFW193EYG47F25,2026-08-24T21:25:09.531175156Z,0,2026-08-24T21:25:09.531175156Z,false,2026-08-24T21:25:14.053889133Z,,,20,2026-08-24T21:25:09.531175156Z,,,,,pretest,2026-08-24T21:25:09.531175156Z,,,,,,,,2026-08-24T21:25:13.85770078Z,,,,,1,2026-08-24T21:25:09.805993257Z,true,2026-08-24T21:25:11.726771646Z,[],2026-08-24T21:25:09.531175156Z,,2026-08-24T21:25:09.531175156Z,,,,,,
01M0TTNRH7E86XY854TFWMSENG,01M0TSZGJXR0N6DNTNARWRMFQ4,2026-08-24T21:26:26.599697521Z,,,,,,,,,,,"[""F1"",""D4"",""F2"",""B2""]",2026-08-24T21:26:26.599697521Z,false,2026-08-24T21:26:26.599697521Z,01M0TSZGKJQW5S4GCP9150DNN9,2026-08-24T21:26:26.599697521Z,35,2026-08-24T21:26:26.599697521Z,,,,,,,48,2026-08-24T21:26:26.599697521Z,12,2026-08-24T21:26:26.599697521Z,training,2026-08-24T21:26:26.599697521Z,2,2026-08-24T21:26:26.599697521Z,4,2026-08-24T21:26:26.599697521Z,,,,2026-08-24T21:26:26.599697521Z,,,1,2026-08-24T21:26:26.599697521Z,2,2026-08-24T21:26:27.558069596Z,false,2026-08-24T21:26:26.599697521Z,"[""/tangrams/452_257.png"",""/tangrams/20_464.png"",""/tangrams/429_403.png"",""/tangrams/348_441.png""]",2026-08-24T21:26:26.599697521Z,/tangrams/348_441.png,2026-08-24T21:26:26.599697521Z,B2,2026-08-24T21:26:26.599697521Z,11,2026-08-24T21:26:26.599697521Z,34,2026-08-24T21:26:26.599697521Z
01M0TVK9FP30X5F2BS2MAYY5JE,01M0TTMTH8JPTHXWGXYEY1VFR8,2026-08-24T21:42:34.230893353Z,"[{""text"":""hello?"",""sender"":{""id"":""01M0TV8YZXT0HY97VC3QNJABKN"",""name"":""Repi"",""avatar"":""https://api.dicebear.com/8.x/rings/svg?seed=Repi""}},{""text"":""It looks like 2 letters"",""sender"":{""id"":""01M0TVD4RDDZ2GPYA2W2TBJY2J"",""name"":""Minu"",""avatar"":""https://api.dicebear.com/8.x/rings/svg?seed=Minu""}},{""text"":""Hello :)"",""sender"":{""id"":""01M0TVD4RDDZ2GPYA2W2TBJY2J"",""name"":""Minu"",""avatar"":""https://api.dicebear.com/8.x/rings/svg?seed=Minu""}},{""text"":""XE?"",""sender"":{""id"":""01M0TV8YZXT0HY97VC3QNJABKN"",""name"":""Repi"",""avatar"":""https://api.dicebear.com/8.x/rings/svg?seed=Repi""}},{""text"":""Yes"",""sender"":{""id"":""01M0TVD4RDDZ2GPYA2W2TBJY2J"",""name"":""Minu"",""avatar"":""https://api.dicebear.com/8.x/rings/svg?seed=Minu""}}]",2026-08-24T21:47:52.228266476Z,"[1787608060944,1787608063381,1787608068228,1787608069331,1787608072239]",2026-08-24T21:47:52.24110865Z,,,true,2026-08-24T21:47:57.175892887Z,01M0TVD4RDDZ2GPYA2W2TBJY2J,2026-08-24T21:47:20.908905943Z,"[""F4"",""F6"",""F7"",""F1""]",2026-08-24T21:42:34.230893353Z,true,2026-08-24T21:47:57.159178647Z,01M0TTMWMG725DJ5GA5M4WD8SY,2026-08-24T21:42:34.230893353Z,1,2026-08-24T21:42:34.230893353Z,false,2026-08-24T21:47:21.117100706Z,01M0TV8YZXT0HY97VC3QNJABKN,2026-08-24T21:47:20.908905943Z,,,48,2026-08-24T21:42:34.230893353Z,12,2026-08-24T21:42:34.230893353Z,training,2026-08-24T21:42:34.230893353Z,0,2026-08-24T21:42:34.230893353Z,4,2026-08-24T21:42:34.230893353Z,/tangrams/452_257.png,2026-08-24T21:47:57.175892887Z,/tangrams/452_257.png,2026-08-24T21:47:54.029924924Z,1787608074789,2026-08-24T21:47:54.017441491Z,1,2026-08-24T21:42:34.230893353Z,2,2026-08-24T21:42:34.997557768Z,true,2026-08-24T21:47:20.867604809Z,"[""/tangrams/40_345.png"",""/tangrams/98_302.png"",""/tangrams/157_426.png"",""/tangrams/452_257.png""]",2026-08-24T21:42:34.230893353Z,/tangrams/452_257.png,2026-08-24T21:42:34.230893353Z,F1,2026-08-24T21:42:34.230893353Z,1,2026-08-24T21:42:34.230893353Z,0,2026-08-24T21:42:34.230893353Z
01M0TTA57ZCTVJE3JTBFRNBPAC,01M0TSZV7X3D77NKMM5CDCW4Z6,2026-08-24T21:20:06.399669522Z,"[{""text"":""great job on this btw, thank you"",""sender"":{""id"":""01M0TT3ZTTV22XQGZD0K61T6A4"",""name"":""Repi"",""avatar"":""https://api.dicebear.com/8.x/rings/svg?seed=Repi""}},{""text"":""rhino / thin white line"",""sender"":{""id"":""01M0TT3ZTTV22XQGZD0K61T6A4"",""name"":""Repi"",""avatar"":""https://api.dicebear.com/8.x/rings/svg?seed=Repi""}}]",2026-08-24T21:47:27.724636833Z,"[1787608043404,1787608047736]",2026-08-24T21:47:27.738377788Z,,,true,2026-08-24T21:47:33.901999474Z,01M0TT3ZTTV22XQGZD0K61T6A4,2026-08-24T21:47:11.255723302Z,"[""F4"",""A1"",""F5"",""F3""]",2026-08-24T21:20:06.399669522Z,true,2026-08-24T21:47:33.882726379Z,01M0TSZV8KEDQHAT4X3FNKVS2B,2026-08-24T21:20:06.399669522Z,44,2026-08-24T21:20:06.399669522Z,false,2026-08-24T21:47:11.384239491Z,01M0TT4SZRTK7MV5T48R9G1GQH,2026-08-24T21:47:11.255723302Z,,,48,2026-08-24T21:20:06.399669522Z,12,2026-08-24T21:20:06.399669522Z,training,2026-08-24T21:20:06.399669522Z,3,2026-08-24T21:20:06.399669522Z,4,2026-08-24T21:20:06.399669522Z,/tangrams/434_227.png,2026-08-24T21:47:33.901999474Z,/tangrams/434_227.png,2026-08-24T21:47:30.595418069Z,1787608050482,2026-08-24T21:47:30.609119869Z,0,2026-08-24T21:20:06.399669522Z,2,2026-08-24T21:20:07.45264996Z,true,2026-08-24T21:47:11.204707803Z,"[""/tangrams/434_227.png"",""/tangrams/138_244.png"",""/tangrams/456_48.png"",""/tangrams/170_154.png""]",2026-08-24T21:20:06.399669522Z,/tangrams/434_227.png,2026-08-24T21:20:06.399669522Z,F4,2026-08-24T21:20:06.399669522Z,8,2026-08-24T21:20:06.399669522Z,43,2026-08-24T21:20:06.399669522Z
01M0TTKDFPQV5233H2118NRXT2,01M0TSZGJXR0N6DNTNARWRMFQ4,2026-08-24T21:25:09.750417046Z,,,,,,,,,,,"[""C4"",""A2"",""D1"",""A4""]",2026-08-24T21:25:09.750417046Z,false,2026-08-24T21:25:09.750417046Z,01M0TSZGKM72FFW193EYG47F25,2026-08-24T21:25:09.750417046Z,46,2026-08-24T21:25:09.750417046Z,,,,,,,48,2026-08-24T21:25:09.750417046Z,12,2026-08-24T21:25:09.750417046Z,training,2026-08-24T21:25:09.750417046Z,3,2026-08-24T21:25:09.750417046Z,4,2026-08-24T21:25:09.750417046Z,,,,2026-08-24T21:25:09.750417046Z,,,0,2026-08-24T21:25:09.750417046Z,2,2026-08-24T21:25:10.717797929Z,false,2026-08-24T21:25:09.750417046Z,"[""/tangrams/422_66.png"",""/tangrams/138_339.png"",""/tangrams/279_244.png"",""/tangrams/138_66.png""]",2026-08-24T21:25:09.750417046Z,/tangrams/138_66.png,2026-08-24T21:25:09.750417046Z,A4,2026-08-24T21:25:09.750417046Z,10,2026-08-24T21:25:09.750417046Z,45,2026-08-24T21:25:09.750417046Z
01M0TV7K0A8RQ87T4VQTXGTEJD,01M0TTMTH8JPTHXWGXYEY1VFR8,2026-08-24T21:36:10.762864911Z,"[{""text"":""small black triangle facingg right in the bottom left corner"",""sender"":{""id"":""01M0TV363Y2QH3CGTPHSZR512P"",""name"":""Minu"",""avatar"":""https://api.dicebear.com/8.x/rings/svg?seed=Minu""}}]",2026-08-24T21:58:26.355840875Z,[1787608706370],2026-08-24T21:58:26.371773211Z,,,true,2026-08-24T21:58:34.640614142Z,01M0TV363Y2QH3CGTPHSZR512P,2026-08-24T21:58:06.355599171Z,"[""B3"",""C1"",""A4"",""D2""]",2026-08-24T21:36:10.762864911Z,true,2026-08-24T21:58:34.617536678Z,01M0TTMWM9GSP2NP0T4CET96EB,2026-08-24T21:36:10.762864911Z,27,2026-08-24T21:36:10.762864911Z,false,2026-08-24T21:58:06.622270429Z,01M0TTRGJ55RK21NQM11GGHNRN,2026-08-24T21:58:06.355599171Z,,,48,2026-08-24T21:36:10.762864911Z,12,2026-08-24T21:36:10.762864911Z,training,2026-08-24T21:36:10.762864911Z,2,2026-08-24T21:36:10.762864911Z,4,2026-08-24T21:36:10.762864911Z,/tangrams/20_441.png,2026-08-24T21:58:34.640614142Z,/tangrams/20_441.png,2026-08-24T21:58:31.448632207Z,1787608711943,2026-08-24T21:58:31.465916549Z,1,2026-08-24T21:36:10.762864911Z,2,2026-08-24T21:36:11.677934255Z,true,2026-08-24T21:58:06.282864656Z,"[""/tangrams/348_24.png"",""/tangrams/202_314.png"",""/tangrams/66_464.png"",""/tangrams/20_441.png""]",2026-08-24T21:36:10.762864911Z,/tangrams/20_441.png,2026-08-24T21:36:10.762864911Z,D2,2026-08-24T21:36:10.762864911Z,3,2026-08-24T21:36:10.762864911Z,26,2026-08-24T21:36:10.762864911Z
01M0TTA5BW78749BBR8QW86C1E,01M0TSZV7X3D77NKMM5CDCW4Z6,2026-08-24T21:20:06.524146034Z,"[{""text"":""This has a smiley looking thing at bottom and the sqaushed turtle at top"",""sender"":{""id"":""01M0TT3ZTTV22XQGZD0K61T6A4"",""name"":""Repi"",""avatar"":""https://api.dicebear.com/8.x/rings/svg?seed=Repi""}}]",2026-08-24T21:37:29.888023552Z,[1787607449899],2026-08-24T21:37:29.908790532Z,,,true,2026-08-24T21:37:37.585181347Z,01M0TT3ZTTV22XQGZD0K61T6A4,2026-08-24T21:37:04.114928727Z,"[""F8"",""F2"",""F3"",""C3""]",2026-08-24T21:20:06.524146034Z,true,2026-08-24T21:37:37.568492745Z,01M0TSZV8KEDQHAT4X3FNKVS2B,2026-08-24T21:20:06.524146034Z,20,2026-08-24T21:20:06.524146034Z,false,2026-08-24T21:37:04.218743384Z,01M0TT4SZRTK7MV5T48R9G1GQH,2026-08-24T21:37:04.114928727Z,,,48,2026-08-24T21:20:06.524146034Z,12,2026-08-24T21:20:06.524146034Z,training,2026-08-24T21:20:06.524146034Z,1,2026-08-24T21:20:06.524146034Z,4,2026-08-24T21:20:06.524146034Z,/tangrams/170_154.png,2026-08-24T21:37:37.585181347Z,/tangrams/170_154.png,2026-08-24T21:37:34.375808656Z,1787607454272,2026-08-24T21:37:34.381445448Z,0,2026-08-24T21:20:06.524146034Z,2,2026-08-24T21:20:07.017981977Z,true,2026-08-24T21:37:04.077220444Z,"[""/tangrams/37_144.png"",""/tangrams/290_64.png"",""/tangrams/170_154.png"",""/tangrams/422_405.png""]",2026-08-24T21:20:06.524146034Z,/tangrams/170_154.png,2026-08-24T21:20:06.524146034Z,F3,2026-08-24T21:20:06.524146034Z,8,2026-08-24T21:20:06.524146034Z,19,2026-08-24T21:20:06.524146034Z
01M0TV7JWQRXENS6MRNBMVK5E6,01M0TTMTH8JPTHXWGXYEY1VFR8,2026-08-24T21:36:10.647923979Z,"[{""text"":""Fish"",""sender"":{""id"":""01M0TV363Y2QH3CGTPHSZR512P"",""name"":""Minu"",""avatar"":""https://api.dicebear.com/8.x/rings/svg?seed=Minu""}}]",2026-08-24T22:01:47.30334298Z,[1787608907318],2026-08-24T22:01:47.3200108Z,,,true,2026-08-24T22:02:04.502498482Z,01M0TV363Y2QH3CGTPHSZR512P,2026-08-24T22:01:40.380084059Z,"[""A2"",""B3"",""C4"",""D1""]",2026-08-24T21:36:10.647923979Z,true,2026-08-24T22:02:04.481765959Z,01M0TTMWM9GSP2NP0T4CET96EB,2026-08-24T21:36:10.647923979Z,39,2026-08-24T21:36:10.647923979Z,false,2026-08-24T22:01:40.66173798Z,01M0TTRGJ55RK21NQM11GGHNRN,2026-08-24T22:01:40.380084059Z,,,48,2026-08-24T21:36:10.647923979Z,12,2026-08-24T21:36:10.647923979Z,training,2026-08-24T21:36:10.647923979Z,3,2026-08-24T21:36:10.647923979Z,4,2026-08-24T21:36:10.647923979Z,/tangrams/66_441.png,2026-08-24T22:02:04.502498482Z,/tangrams/66_441.png,2026-08-24T22:02:01.281442776Z,1787608921774,2026-08-24T22:02:01.301560804Z,1,2026-08-24T21:36:10.647923979Z,2,2026-08-24T21:36:12.076956535Z,true,2026-08-24T22:01:40.313810463Z,"[""/tangrams/66_441.png"",""/tangrams/348_24.png"",""/tangrams/202_464.png"",""/tangrams/20_314.png""]",2026-08-24T21:36:10.647923979Z,/tangrams/66_441.png,2026-08-24T21:36:10.647923979Z,A2,2026-08-24T21:36:10.647923979Z,3,2026-08-24T21:36:10.647923979Z,38,2026-08-24T21:36:10.647923979Z
01M0TTMQTJ88XEK4SWQ86NECYY,01M0TSZV7X3D77NKMM5CDCW4Z6,2026-08-24T21:25:53.106127703Z,"[{""text"":""3 triangles left side"",""sender"":{""id"":""01M0TT4JP6VSYSTADD58E33WM9"",""name"":""Repi"",""avatar"":""https://api.dicebear.com/8.x/rings/svg?seed=Repi""}}]",2026-08-24T21:43:31.693476454Z,[1787607811704],2026-08-24T21:43:31.706470964Z,,,false,2026-08-24T21:44:09.113455169Z,01M0TT4JP6VSYSTADD58E33WM9,2026-08-24T21:43:10.175539915Z,"[""D3"",""B1"",""C4"",""A2""]",2026-08-24T21:25:53.106127703Z,true,2026-08-24T21:44:09.100809956Z,01M0TSZV8ERABP36QP2627EVMT,2026-08-24T21:25:53.106127703Z,18,2026-08-24T21:25:53.106127703Z,false,2026-08-24T21:43:10.320474278Z,01M0TT4SREDP4QR1H8V4E3X5G9,2026-08-24T21:43:10.175539915Z,,,48,2026-08-24T21:25:53.106127703Z,12,2026-08-24T21:25:53.106127703Z,training,2026-08-24T21:25:53.106127703Z,1,2026-08-24T21:25:53.106127703Z,4,2026-08-24T21:25:53.106127703Z,/tangrams/202_464.png,2026-08-24T21:44:09.113455169Z,/tangrams/202_464.png,2026-08-24T21:44:05.960981459Z,1787607845011,2026-08-24T21:44:05.94204654Z,1,2026-08-24T21:25:53.106127703Z,2,2026-08-24T21:25:53.704919826Z,true,2026-08-24T21:43:10.122227191Z,"[""/tangrams/20_24.png"",""/tangrams/348_314.png"",""/tangrams/202_464.png"",""/tangrams/66_441.png""]",2026-08-24T21:25:53.106127703Z,/tangrams/348_314.png,2026-08-24T21:25:53.106127703Z,B1,2026-08-24T21:25:53.106127703Z,6,2026-08-24T21:25:53.106127703Z,17,2026-08-24T21:25:53.106127703Z
01M0TVK9QXJQMWGDZW5ZRM9P71,01M0TTMTH8JPTHXWGXYEY1VFR8,2026-08-24T21:42:34.493355228Z,"[{""text"":""the 2 letters"",""sender"":{""id"":""01M0TVD4RDDZ2GPYA2W2TBJY2J"",""name"":""Minu"",""avatar"":""https://api.dicebear.com/8.x/rings/svg?seed=Minu""}}]",2026-08-24T21:56:50.729438968Z,[1787608610743],2026-08-24T21:56:50.747388094Z,,,true,2026-08-24T21:56:56.226226835Z,01M0TVD4RDDZ2GPYA2W2TBJY2J,2026-08-24T21:56:43.622126166Z,"[""F1"",""D4"",""A1"",""F4""]",2026-08-24T21:42:34.493355228Z,true,2026-08-24T21:56:56.204853617Z,01M0TTMWMG725DJ5GA5M4WD8SY,2026-08-24T21:42:34.493355228Z,29,2026-08-24T21:42:34.493355228Z,false,2026-08-24T21:56:43.811296775Z,01M0TV8YZXT0HY97VC3QNJABKN,2026-08-24T21:56:43.622126166Z,,,48,2026-08-24T21:42:34.493355228Z,12,2026-08-24T21:42:34.493355228Z,training,2026-08-24T21:42:34.493355228Z,2,2026-08-24T21:42:34.493355228Z,4,2026-08-24T21:42:34.493355228Z,/tangrams/452_257.png,2026-08-24T21:56:56.226226835Z,/tangrams/452_257.png,2026-08-24T21:56:53.044098878Z,1787608613816,2026-08-24T21:56:53.03585779Z,1,2026-08-24T21:42:34.493355228Z,2,2026-08-24T21:42:35.884914592Z,true,2026-08-24T21:56:43.53733847Z,"[""/tangrams/452_257.png"",""/tangrams/20_464.png"",""/tangrams/66_314.png"",""/tangrams/40_345.png""]",2026-08-24T21:42:34.493355228Z,/tangrams/452_257.png,2026-08-24T21:42:34.493355228Z,F1,2026-08-24T21:42:34.493355228Z,5,2026-08-24T21:42:34.493355228Z,28,2026-08-24T21:42:34.493355228Z
01M0TT9KK18BF0PG7PPS0HWQJ6,01M0TSZGJXR0N6DNTNARWRMFQ4,2026-08-24T21:19:48.321423408Z,,,,,,,,,,,"[""C1"",""A3"",""D2"",""B4""]",2026-08-24T21:19:48.321423408Z,false,2026-08-24T21:19:48.321423408Z,01M0TSZGKE32G3R2H2EPQFBQNN,2026-08-24T21:19:48.321423408Z,36,2026-08-24T21:19:48.321423408Z,,,,,,,48,2026-08-24T21:19:48.321423408Z,12,2026-08-24T21:19:48.321423408Z,training,2026-08-24T21:19:48.321423408Z,2,2026-08-24T21:19:48.321423408Z,4,2026-08-24T21:19:48.321423408Z,,,,2026-08-24T21:19:48.321423408Z,,,0,2026-08-24T21:19:48.321423408Z,2,2026-08-24T21:19:49.198422359Z,false,2026-08-24T21:19:48.321423408Z,"[""/tangrams/422_244.png"",""/tangrams/138_405.png"",""/tangrams/279_339.png"",""/tangrams/366_66.png""]",2026-08-24T21:19:48.321423408Z,/tangrams/279_339.png,2026-08-24T21:19:48.321423408Z,D2,2026-08-24T21:19:48.321423408Z,12,2026-08-24T21:19:48.321423408Z,35,2026-08-24T21:19:48.321423408Z
01M0TVK9N08W67NXC1GMWKNZAA,01M0TTMTH8JPTHXWGXYEY1VFR8,2026-08-24T21:42:34.400998972Z,"[{""text"":""2 letters, thanks for the game"",""sender"":{""id"":""01M0TV8YZXT0HY97VC3QNJABKN"",""name"":""Repi"",""avatar"":""https://api.dicebear.com/8.x/rings/svg?seed=Repi""}}]",2026-08-24T22:00:59.506570585Z,[1787608859521],2026-08-24T22:00:59.523530643Z,,,true,2026-08-24T22:01:05.277708983Z,01M0TV8YZXT0HY97VC3QNJABKN,2026-08-24T22:00:48.536550637Z,"[""D4"",""F1"",""F4"",""F8""]",2026-08-24T21:42:34.400998972Z,true,2026-08-24T22:01:05.260254339Z,01M0TTMWMG725DJ5GA5M4WD8SY,2026-08-24T21:42:34.400998972Z,48,2026-08-24T21:42:34.400998972Z,false,2026-08-24T22:00:48.704445555Z,01M0TVD4RDDZ2GPYA2W2TBJY2J,2026-08-24T22:00:48.536550637Z,,,48,2026-08-24T21:42:34.400998972Z,12,2026-08-24T21:42:34.400998972Z,training,2026-08-24T21:42:34.400998972Z,3,2026-08-24T21:42:34.400998972Z,4,2026-08-24T21:42:34.400998972Z,/tangrams/452_257.png,2026-08-24T22:01:05.277708983Z,/tangrams/452_257.png,2026-08-24T22:01:02.070233122Z,1787608861998,2026-08-24T22:01:02.079681002Z,1,2026-08-24T21:42:34.400998972Z,2,2026-08-24T21:42:36.460512014Z,true,2026-08-24T22:00:48.467066737Z,"[""/tangrams/20_464.png"",""/tangrams/452_257.png"",""/tangrams/40_345.png"",""/tangrams/374_400.png""]",2026-08-24T21:42:34.400998972Z,/tangrams/452_257.png,2026-08-24T21:42:34.400998972Z,F1,2026-08-24T21:42:34.400998972Z,12,2026-08-24T21:42:34.400998972Z,47,2026-08-24T21:42:34.400998972Z
01M0TTEY486YE4H016KHGE261T,01M0TSZEX52H0PZDJFB4JNEAFW,2026-08-24T21:22:42.952674891Z,"[{""text"":""The rhino with the the rectangle, square and triangle on top"",""sender"":{""id"":""01M0TT49QHQY8JQV8C5T94HHYZ"",""name"":""Repi"",""avatar"":""https://api.dicebear.com/8.x/rings/svg?seed=Repi""}}]",2026-08-24T21:46:12.048972509Z,[1787607972060],2026-08-24T21:46:12.06201675Z,,,true,2026-08-24T21:46:19.675695977Z,01M0TT49QHQY8JQV8C5T94HHYZ,2026-08-24T21:45:42.139039083Z,"[""F3"",""F1"",""F4"",""D4""]",2026-08-24T21:22:42.952674891Z,true,2026-08-24T21:46:19.649469248Z,01M0TSZEY44B7XSP574QH2WQPJ,2026-08-24T21:22:42.952674891Z,26,2026-08-24T21:22:42.952674891Z,false,2026-08-24T21:45:42.392953213Z,01M0TT9XXJBBQAZ4WANFPESF7T,2026-08-24T21:45:42.139039083Z,,,48,2026-08-24T21:22:42.952674891Z,12,2026-08-24T21:22:42.952674891Z,training,2026-08-24T21:22:42.952674891Z,2,2026-08-24T21:22:42.952674891Z,4,2026-08-24T21:22:42.952674891Z,/tangrams/434_227.png,2026-08-24T21:46:19.675695977Z,/tangrams/434_227.png,2026-08-24T21:46:16.503005405Z,1787607976100,2026-08-24T21:46:16.495415962Z,0,2026-08-24T21:22:42.952674891Z,2,2026-08-24T21:22:43.626678789Z,true,2026-08-24T21:45:42.078485656Z,"[""/tangrams/170_154.png"",""/tangrams/119_182.png"",""/tangrams/434_227.png"",""/tangrams/279_66.png""]",2026-08-24T21:22:42.952674891Z,/tangrams/434_227.png,2026-08-24T21:22:42.952674891Z,F4,2026-08-24T21:22:42.952674891Z,2,2026-08-24T21:22:42.952674891Z,25,2026-08-24T21:22:42.952674891Z
01M0TTKMXGQXNQTSGF6TR630G5,01M0TSZEX52H0PZDJFB4JNEAFW,2026-08-24T21:25:17.360377809Z,"[{""text"":""DIAMOND AND TRIANGE BELOW"",""sender"":{""id"":""01M0TT55D1DRDQ3JPT1CDTT5VN"",""name"":""Repi"",""avatar"":""https://api.dicebear.com/8.x/rings/svg?seed=Repi""}}]",2026-08-24T21:44:59.444931122Z,[1787607899453],2026-08-24T21:44:59.45536901Z,,,true,2026-08-24T21:45:04.942092756Z,01M0TT55D1DRDQ3JPT1CDTT5VN,2026-08-24T21:44:33.075457799Z,"[""D2"",""C1"",""B3"",""A4""]",2026-08-24T21:25:17.360377809Z,true,2026-08-24T21:45:04.92847883Z,01M0TSZEY173D8F3KEP071GR06,2026-08-24T21:25:17.360377809Z,24,2026-08-24T21:25:17.360377809Z,false,2026-08-24T21:44:33.204037014Z,01M0TTF3ADJ36CYQBD8356XFNQ,2026-08-24T21:44:33.075457799Z,,,48,2026-08-24T21:25:17.360377809Z,12,2026-08-24T21:25:17.360377809Z,training,2026-08-24T21:25:17.360377809Z,1,2026-08-24T21:25:17.360377809Z,4,2026-08-24T21:25:17.360377809Z,/tangrams/422_244.png,2026-08-24T21:45:04.942092756Z,/tangrams/422_244.png,2026-08-24T21:45:01.793510833Z,1787607901416,2026-08-24T21:45:01.78708203Z,0,2026-08-24T21:25:17.360377809Z,2,2026-08-24T21:25:18.053629136Z,true,2026-08-24T21:44:33.020787063Z,"[""/tangrams/279_339.png"",""/tangrams/422_244.png"",""/tangrams/366_405.png"",""/tangrams/138_66.png""]",2026-08-24T21:25:17.360377809Z,/tangrams/422_244.png,2026-08-24T21:25:17.360377809Z,C1,2026-08-24T21:25:17.360377809Z,12,2026-08-24T21:25:17.360377809Z,23,2026-08-24T21:25:17.360377809Z
01M0TTTPJ7CX6VQNFM2V7V3NS3,01M0TSZV7X3D77NKMM5CDCW4Z6,2026-08-24T21:29:08.423632452Z,"[{""text"":""birdlike head with a small notch cut out from the bottom"",""sender"":{""id"":""01M0TT467Q69C5HQ20GW6FRRF2"",""name"":""Repi"",""avatar"":""https://api.dicebear.com/8.x/rings/svg?seed=Repi""}}]",2026-08-24T22:10:49.922936348Z,[1787609449942],2026-08-24T22:10:49.944478077Z,,,true,2026-08-24T22:11:07.437189756Z,01M0TT467Q69C5HQ20GW6FRRF2,2026-08-24T22:10:24.322059531Z,"[""D3"",""C2"",""D1"",""B1""]",2026-08-24T21:29:08.423632452Z,true,2026-08-24T22:11:07.408975017Z,01M0TSZV8KEDQHAT4X33M1GG1C,2026-08-24T21:29:08.423632452Z,40,2026-08-24T21:29:08.423632452Z,false,2026-08-24T22:10:24.531666584Z,01M0TTBQPRE9XMJHBPDKM8GTC4,2026-08-24T22:10:24.322059531Z,,,48,2026-08-24T21:29:08.423632452Z,12,2026-08-24T21:29:08.423632452Z,training,2026-08-24T21:29:08.423632452Z,3,2026-08-24T21:29:08.423632452Z,4,2026-08-24T21:29:08.423632452Z,/tangrams/20_314.png,2026-08-24T22:11:07.437189756Z,/tangrams/20_314.png,2026-08-24T22:11:04.166191824Z,1787609462430,2026-08-24T22:11:04.157011076Z,1,2026-08-24T21:29:08.423632452Z,2,2026-08-24T21:29:10.354365286Z,true,2026-08-24T22:10:24.23974985Z,"[""/tangrams/20_24.png"",""/tangrams/202_441.png"",""/tangrams/20_314.png"",""/tangrams/348_314.png""]",2026-08-24T21:29:08.423632452Z,/tangrams/20_314.png,2026-08-24T21:29:08.423632452Z,D1,2026-08-24T21:29:08.423632452Z,4,2026-08-24T21:29:08.423632452Z,39,2026-08-24T21:29:08.423632452Z
01M0TTTPPN8HNEJE9PSW70CADJ,01M0TSZV7X3D77NKMM5CDCW4Z6,2026-08-24T21:29:08.565140514Z,"[{""text"":""small key like shape with a reqtange inside it"",""sender"":{""id"":""01M0TT467Q69C5HQ20GW6FRRF2"",""name"":""Repi"",""avatar"":""https://api.dicebear.com/8.x/rings/svg?seed=Repi""}}]",2026-08-24T21:47:57.474393915Z,[1787608077486],2026-08-24T21:47:57.487612838Z,,,true,2026-08-24T21:48:10.574538073Z,01M0TT467Q69C5HQ20GW6FRRF2,2026-08-24T21:47:31.670172742Z,"[""B1"",""A2"",""D3"",""A3""]",2026-08-24T21:29:08.565140514Z,true,2026-08-24T21:48:10.539150579Z,01M0TSZV8KEDQHAT4X33M1GG1C,2026-08-24T21:29:08.565140514Z,8,2026-08-24T21:29:08.565140514Z,false,2026-08-24T21:47:32.135800206Z,01M0TTBQPRE9XMJHBPDKM8GTC4,2026-08-24T21:47:31.670172742Z,,,48,2026-08-24T21:29:08.565140514Z,12,2026-08-24T21:29:08.565140514Z,training,2026-08-24T21:29:08.565140514Z,0,2026-08-24T21:29:08.565140514Z,4,2026-08-24T21:29:08.565140514Z,/tangrams/66_24.png,2026-08-24T21:48:10.574538073Z,/tangrams/66_24.png,2026-08-24T21:48:07.323392229Z,1787608085585,2026-08-24T21:48:07.315869543Z,1,2026-08-24T21:29:08.565140514Z,2,2026-08-24T21:29:09.016821571Z,true,2026-08-24T21:47:31.621527049Z,"[""/tangrams/348_314.png"",""/tangrams/66_441.png"",""/tangrams/20_24.png"",""/tangrams/66_24.png""]",2026-08-24T21:29:08.565140514Z,/tangrams/66_24.png,2026-08-24T21:29:08.565140514Z,A3,2026-08-24T21:29:08.565140514Z,8,2026-08-24T21:29:08.565140514Z,7,2026-08-24T21:29:08.565140514Z
01M0TTTPPVKGPJR7SCVG4AHTP9,01M0TSZV7X3D77NKMM5CDCW4Z6,2026-08-24T21:29:08.571263839Z,"[{""text"":""Has one triangle on the left and a L shape on the left"",""sender"":{""id"":""01M0TTBQPRE9XMJHBPDKM8GTC4"",""name"":""Minu"",""avatar"":""https://api.dicebear.com/8.x/rings/svg?seed=Minu""}}]",2026-08-24T21:47:14.29966046Z,[1787608034311],2026-08-24T21:47:14.313264186Z,,,false,2026-08-24T21:47:31.607535232Z,01M0TTBQPRE9XMJHBPDKM8GTC4,2026-08-24T21:46:28.379743641Z,"[""C2"",""A2"",""C1"",""D3""]",2026-08-24T21:29:08.571263839Z,true,2026-08-24T21:47:31.590019504Z,01M0TSZV8KEDQHAT4X33M1GG1C,2026-08-24T21:29:08.571263839Z,7,2026-08-24T21:29:08.571263839Z,false,2026-08-24T21:46:28.568969645Z,01M0TT467Q69C5HQ20GW6FRRF2,2026-08-24T21:46:28.379743641Z,,,48,2026-08-24T21:29:08.571263839Z,12,2026-08-24T21:29:08.571263839Z,training,2026-08-24T21:29:08.571263839Z,0,2026-08-24T21:29:08.571263839Z,4,2026-08-24T21:29:08.571263839Z,,2026-08-24T21:47:31.607535232Z,,2026-08-24T21:29:08.571263839Z,,,1,2026-08-24T21:29:08.571263839Z,2,2026-08-24T21:29:08.983386585Z,true,2026-08-24T21:46:28.324724484Z,"[""/tangrams/202_441.png"",""/tangrams/66_441.png"",""/tangrams/202_314.png"",""/tangrams/20_24.png""]",2026-08-24T21:29:08.571263839Z,/tangrams/202_441.png,2026-08-24T21:29:08.571263839Z,C2,2026-08-24T21:29:08.571263839Z,7,2026-08-24T21:29:08.571263839Z,6,2026-08-24T21:29:08.571263839Z
01M0TT9KE8J3XXY5CY4CAH58M2,01M0TSZGJXR0N6DNTNARWRMFQ4,2026-08-24T21:19:48.168832851Z,,,,,,,,,,,,,false,2026-08-24T21:19:48.168832851Z,01M0TSZGKE32G3R2H2EPQFBQNN,2026-08-24T21:19:48.168832851Z,0,2026-08-24T21:19:48.168832851Z,false,2026-08-24T21:19:52.587722259Z,,,20,2026-08-24T21:19:48.168832851Z,,,,,pretest,2026-08-24T21:19:48.168832851Z,,,,,,,,2026-08-24T21:19:52.443648777Z,,,,,1,2026-08-24T21:19:48.408935874Z,true,2026-08-24T21:19:50.444952468Z,[],2026-08-24T21:19:48.168832851Z,,2026-08-24T21:19:48.168832851Z,,,,,,
01M0TT9KHQMY5S3WJFWXA4C9F9,01M0TSZGJXR0N6DNTNARWRMFQ4,2026-08-24T21:19:48.279368147Z,,,,,,,,,,,"[""B3"",""D1"",""A2"",""C4""]",2026-08-24T21:19:48.279368147Z,false,2026-08-24T21:19:48.279368147Z,01M0TSZGKE32G3R2H2EPQFBQNN,2026-08-24T21:19:48.279368147Z,13,2026-08-24T21:19:48.279368147Z,,,,,,,48,2026-08-24T21:19:48.279368147Z,12,2026-08-24T21:19:48.279368147Z,training,2026-08-24T21:19:48.279368147Z,1,2026-08-24T21:19:48.279368147Z,4,2026-08-24T21:19:48.279368147Z,,,,2026-08-24T21:19:48.279368147Z,,,0,2026-08-24T21:19:48.279368147Z,2,2026-08-24T21:19:48.696874303Z,false,2026-08-24T21:19:48.279368147Z,"[""/tangrams/366_405.png"",""/tangrams/279_244.png"",""/tangrams/138_339.png"",""/tangrams/422_66.png""]",2026-08-24T21:19:48.279368147Z,/tangrams/138_339.png,2026-08-24T21:19:48.279368147Z,A2,2026-08-24T21:19:48.279368147Z,1,2026-08-24T21:19:48.279368147Z,12,2026-08-24T21:19:48.279368147Z
01M0TTEY37SM4PVFYR7WQGF0EE,01M0TSZEX52H0PZDJFB4JNEAFW,2026-08-24T21:22:42.919763925Z,"[{""text"":""House with cutout of another house in it"",""sender"":{""id"":""01M0TT9XXJBBQAZ4WANFPESF7T"",""name"":""Minu"",""avatar"":""https://api.dicebear.com/8.x/rings/svg?seed=Minu""}}]",2026-08-24T21:38:36.819440404Z,[1787607516828],2026-08-24T21:38:36.830344678Z,,,true,2026-08-24T21:38:44.888243447Z,01M0TT9XXJBBQAZ4WANFPESF7T,2026-08-24T21:38:02.644787496Z,"[""B2"",""F2"",""F4"",""F7""]",2026-08-24T21:22:42.919763925Z,true,2026-08-24T21:38:44.86871815Z,01M0TSZEY44B7XSP574QH2WQPJ,2026-08-24T21:22:42.919763925Z,15,2026-08-24T21:22:42.919763925Z,false,2026-08-24T21:38:02.912644928Z,01M0TT49QHQY8JQV8C5T94HHYZ,2026-08-24T21:38:02.644787496Z,,,48,2026-08-24T21:22:42.919763925Z,12,2026-08-24T21:22:42.919763925Z,training,2026-08-24T21:22:42.919763925Z,1,2026-08-24T21:22:42.919763925Z,4,2026-08-24T21:22:42.919763925Z,/tangrams/366_339.png,2026-08-24T21:38:44.888243447Z,/tangrams/366_339.png,2026-08-24T21:38:41.731157124Z,1787607521642,2026-08-24T21:38:41.723857184Z,0,2026-08-24T21:22:42.919763925Z,2,2026-08-24T21:22:43.409069241Z,true,2026-08-24T21:38:02.583772604Z,"[""/tangrams/366_339.png"",""/tangrams/290_64.png"",""/tangrams/434_227.png"",""/tangrams/411_352.png""]",2026-08-24T21:22:42.919763925Z,/tangrams/366_339.png,2026-08-24T21:22:42.919763925Z,B2,2026-08-24T21:22:42.919763925Z,3,2026-08-24T21:22:42.919763925Z,14,2026-08-24T21:22:42.919763925Z
01M0TTTPK6Z594SHZVHCMFV86W,01M0TSZV7X3D77NKMM5CDCW4Z6,2026-08-24T21:29:08.454654157Z,"[{""text"":""left side is a sword hilt shape and right is a small stopsign shape"",""sender"":{""id"":""01M0TT467Q69C5HQ20GW6FRRF2"",""name"":""Repi"",""avatar"":""https://api.dicebear.com/8.x/rings/svg?seed=Repi""}}]",2026-08-24T22:08:18.819481345Z,[1787609298834],2026-08-24T22:08:18.836124682Z,,,true,2026-08-24T22:08:36.225557783Z,01M0TT467Q69C5HQ20GW6FRRF2,2026-08-24T22:07:53.936012267Z,"[""B4"",""A2"",""D3"",""A4""]",2026-08-24T21:29:08.454654157Z,true,2026-08-24T22:08:36.207236279Z,01M0TSZV8KEDQHAT4X33M1GG1C,2026-08-24T21:29:08.454654157Z,36,2026-08-24T21:29:08.454654157Z,false,2026-08-24T22:07:54.135711672Z,01M0TTBQPRE9XMJHBPDKM8GTC4,2026-08-24T22:07:53.936012267Z,,,48,2026-08-24T21:29:08.454654157Z,12,2026-08-24T21:29:08.454654157Z,training,2026-08-24T21:29:08.454654157Z,2,2026-08-24T21:29:08.454654157Z,4,2026-08-24T21:29:08.454654157Z,/tangrams/66_464.png,2026-08-24T22:08:36.225557783Z,/tangrams/66_464.png,2026-08-24T22:08:32.996103137Z,1787609311272,2026-08-24T22:08:33.005041649Z,1,2026-08-24T21:29:08.454654157Z,2,2026-08-24T21:29:10.186370169Z,true,2026-08-24T22:07:53.868755641Z,"[""/tangrams/348_464.png"",""/tangrams/66_441.png"",""/tangrams/20_24.png"",""/tangrams/66_464.png""]",2026-08-24T21:29:08.454654157Z,/tangrams/66_464.png,2026-08-24T21:29:08.454654157Z,A4,2026-08-24T21:29:08.454654157Z,12,2026-08-24T21:29:08.454654157Z,35,2026-08-24T21:29:08.454654157Z
01M0TTMQT5JRJRVW2VZ2RYY4VE,01M0TSZV7X3D77NKMM5CDCW4Z6,2026-08-24T21:25:53.093330818Z,"[{""text"":""triangle bottom left"",""sender"":{""id"":""01M0TT4JP6VSYSTADD58E33WM9"",""name"":""Repi"",""avatar"":""https://api.dicebear.com/8.x/rings/svg?seed=Repi""}}]",2026-08-24T21:41:21.98848608Z,[1787607681998],2026-08-24T21:41:21.99984802Z,,,true,2026-08-24T21:41:28.547450886Z,01M0TT4JP6VSYSTADD58E33WM9,2026-08-24T21:41:07.893899071Z,"[""B4"",""D1"",""C2"",""A3""]",2026-08-24T21:25:53.093330818Z,true,2026-08-24T21:41:28.528160007Z,01M0TSZV8ERABP36QP2627EVMT,2026-08-24T21:25:53.093330818Z,14,2026-08-24T21:25:53.093330818Z,false,2026-08-24T21:41:08.031064982Z,01M0TT4SREDP4QR1H8V4E3X5G9,2026-08-24T21:41:07.893899071Z,,,48,2026-08-24T21:25:53.093330818Z,12,2026-08-24T21:25:53.093330818Z,training,2026-08-24T21:25:53.093330818Z,1,2026-08-24T21:25:53.093330818Z,4,2026-08-24T21:25:53.093330818Z,/tangrams/202_441.png,2026-08-24T21:41:28.547450886Z,/tangrams/202_441.png,2026-08-24T21:41:25.415334101Z,1787607684467,2026-08-24T21:41:25.396380541Z,1,2026-08-24T21:25:53.093330818Z,2,2026-08-24T21:25:53.631082074Z,true,2026-08-24T21:41:07.855842456Z,"[""/tangrams/348_464.png"",""/tangrams/20_314.png"",""/tangrams/202_441.png"",""/tangrams/66_24.png""]",2026-08-24T21:25:53.093330818Z,/tangrams/202_441.png,2026-08-24T21:25:53.093330818Z,C2,2026-08-24T21:25:53.093330818Z,2,2026-08-24T21:25:53.093330818Z,13,2026-08-24T21:25:53.093330818Z
01M0TTTPSTXJGVQNV20B1QXN9G,01M0TSZV7X3D77NKMM5CDCW4Z6,2026-08-24T21:29:08.666875525Z,"[{""text"":""spiked fish with a almost diamond shape for a head"",""sender"":{""id"":""01M0TTBQPRE9XMJHBPDKM8GTC4"",""name"":""Minu"",""avatar"":""https://api.dicebear.com/8.x/rings/svg?seed=Minu""}}]",2026-08-24T21:58:36.906236914Z,[1787608716920],2026-08-24T21:58:36.922765339Z,,,true,2026-08-24T21:58:47.115252882Z,01M0TTBQPRE9XMJHBPDKM8GTC4,2026-08-24T21:58:11.998423171Z,"[""B3"",""C4"",""A2"",""A4""]",2026-08-24T21:29:08.666875525Z,true,2026-08-24T21:58:47.100665445Z,01M0TSZV8KEDQHAT4X33M1GG1C,2026-08-24T21:29:08.666875525Z,23,2026-08-24T21:29:08.666875525Z,false,2026-08-24T21:58:12.198563836Z,01M0TT467Q69C5HQ20GW6FRRF2,2026-08-24T21:58:11.998423171Z,,,48,2026-08-24T21:29:08.666875525Z,12,2026-08-24T21:29:08.666875525Z,training,2026-08-24T21:29:08.666875525Z,1,2026-08-24T21:29:08.666875525Z,4,2026-08-24T21:29:08.666875525Z,/tangrams/66_464.png,2026-08-24T21:58:47.115252882Z,/tangrams/66_464.png,2026-08-24T21:58:43.906686285Z,1787608721170,2026-08-24T21:58:43.915931552Z,1,2026-08-24T21:29:08.666875525Z,2,2026-08-24T21:29:09.575674004Z,true,2026-08-24T21:58:11.931472359Z,"[""/tangrams/348_24.png"",""/tangrams/202_464.png"",""/tangrams/66_441.png"",""/tangrams/66_464.png""]",2026-08-24T21:29:08.666875525Z,/tangrams/66_464.png,2026-08-24T21:29:08.666875525Z,A4,2026-08-24T21:29:08.666875525Z,11,2026-08-24T21:29:08.666875525Z,22,2026-08-24T21:29:08.666875525Z
01M0TTMQRAPS9EVG7DRKW0A9J9,01M0TSZV7X3D77NKMM5CDCW4Z6,2026-08-24T21:25:53.034239514Z,"[{""text"":""box"",""sender"":{""id"":""01M0TT4JP6VSYSTADD58E33WM9"",""name"":""Repi"",""avatar"":""https://api.dicebear.com/8.x/rings/svg?seed=Repi""}}]",2026-08-24T21:36:48.487984588Z,[1787607408497],2026-08-24T21:36:48.499582925Z,,,true,2026-08-24T21:37:10.64216952Z,01M0TT4JP6VSYSTADD58E33WM9,2026-08-24T21:36:29.336493032Z,"[""B3"",""A4"",""D1"",""C2""]",2026-08-24T21:25:53.034239514Z,true,2026-08-24T21:37:10.621487987Z,01M0TSZV8ERABP36QP2627EVMT,2026-08-24T21:25:53.034239514Z,6,2026-08-24T21:25:53.034239514Z,false,2026-08-24T21:36:29.466945516Z,01M0TT4SREDP4QR1H8V4E3X5G9,2026-08-24T21:36:29.336493032Z,,,48,2026-08-24T21:25:53.034239514Z,12,2026-08-24T21:25:53.034239514Z,training,2026-08-24T21:25:53.034239514Z,0,2026-08-24T21:25:53.034239514Z,4,2026-08-24T21:25:53.034239514Z,/tangrams/348_24.png,2026-08-24T21:37:10.64216952Z,/tangrams/348_24.png,2026-08-24T21:37:07.489638498Z,1787607426559,2026-08-24T21:37:07.483606502Z,1,2026-08-24T21:25:53.034239514Z,2,2026-08-24T21:25:53.474080436Z,true,2026-08-24T21:36:29.292693917Z,"[""/tangrams/348_24.png"",""/tangrams/66_464.png"",""/tangrams/20_314.png"",""/tangrams/202_441.png""]",2026-08-24T21:25:53.034239514Z,/tangrams/348_24.png,2026-08-24T21:25:53.034239514Z,B3,2026-08-24T21:25:53.034239514Z,6,2026-08-24T21:25:53.034239514Z,5,2026-08-24T21:25:53.034239514Z
01M0TTMQSMKA0RRFMK38QGYSS7,01M0TSZV7X3D77NKMM5CDCW4Z6,2026-08-24T21:25:53.076717787Z,"[{""text"":""triangle bottom left - same one"",""sender"":{""id"":""01M0TT4SREDP4QR1H8V4E3X5G9"",""name"":""Minu"",""avatar"":""https://api.dicebear.com/8.x/rings/svg?seed=Minu""}}]",2026-08-24T21:39:28.159203061Z,[1787607568168],2026-08-24T21:39:28.170197266Z,,,true,2026-08-24T21:39:34.399813289Z,01M0TT4SREDP4QR1H8V4E3X5G9,2026-08-24T21:39:14.186775263Z,"[""C1"",""A3"",""D2"",""B4""]",2026-08-24T21:25:53.076717787Z,true,2026-08-24T21:39:34.380112455Z,01M0TSZV8ERABP36QP2627EVMT,2026-08-24T21:25:53.076717787Z,11,2026-08-24T21:25:53.076717787Z,false,2026-08-24T21:39:14.397155221Z,01M0TT4JP6VSYSTADD58E33WM9,2026-08-24T21:39:14.186775263Z,,,48,2026-08-24T21:25:53.076717787Z,12,2026-08-24T21:25:53.076717787Z,training,2026-08-24T21:25:53.076717787Z,0,2026-08-24T21:25:53.076717787Z,4,2026-08-24T21:25:53.076717787Z,/tangrams/20_441.png,2026-08-24T21:39:34.399813289Z,/tangrams/20_441.png,2026-08-24T21:39:31.235727129Z,1787607569664,2026-08-24T21:39:31.252183851Z,1,2026-08-24T21:25:53.076717787Z,2,2026-08-24T21:25:53.573628375Z,true,2026-08-24T21:39:14.101279769Z,"[""/tangrams/202_314.png"",""/tangrams/66_24.png"",""/tangrams/20_441.png"",""/tangrams/348_464.png""]",2026-08-24T21:25:53.076717787Z,/tangrams/20_441.png,2026-08-24T21:25:53.076717787Z,D2,2026-08-24T21:25:53.076717787Z,11,2026-08-24T21:25:53.076717787Z,10,2026-08-24T21:25:53.076717787Z
01M0TTEY4HXTJAJSYR59SG705X,01M0TSZEX52H0PZDJFB4JNEAFW,2026-08-24T21:22:42.961629867Z,"[{""text"":""Long rectangle on bottom with pointed thing on left at the top"",""sender"":{""id"":""01M0TT9XXJBBQAZ4WANFPESF7T"",""name"":""Minu"",""avatar"":""https://api.dicebear.com/8.x/rings/svg?seed=Minu""}}]",2026-08-24T21:29:51.429850897Z,[1787606991436],2026-08-24T21:29:51.439229526Z,,,true,2026-08-24T21:30:00.724480688Z,01M0TT9XXJBBQAZ4WANFPESF7T,2026-08-24T21:29:21.29819836Z,"[""F6"",""C3"",""F3"",""F8""]",2026-08-24T21:22:42.961629867Z,true,2026-08-24T21:30:00.695872569Z,01M0TSZEY44B7XSP574QH2WQPJ,2026-08-24T21:22:42.961629867Z,3,2026-08-24T21:22:42.961629867Z,false,2026-08-24T21:29:21.516031048Z,01M0TT49QHQY8JQV8C5T94HHYZ,2026-08-24T21:29:21.29819836Z,,,48,2026-08-24T21:22:42.961629867Z,12,2026-08-24T21:22:42.961629867Z,training,2026-08-24T21:22:42.961629867Z,0,2026-08-24T21:22:42.961629867Z,4,2026-08-24T21:22:42.961629867Z,/tangrams/37_144.png,2026-08-24T21:30:00.724480688Z,/tangrams/37_144.png,2026-08-24T21:29:57.522784771Z,1787606997436,2026-08-24T21:29:57.527438477Z,0,2026-08-24T21:22:42.961629867Z,2,2026-08-24T21:22:43.203690973Z,true,2026-08-24T21:29:21.225803879Z,"[""/tangrams/134_125.png"",""/tangrams/422_405.png"",""/tangrams/170_154.png"",""/tangrams/37_144.png""]",2026-08-24T21:22:42.961629867Z,/tangrams/37_144.png,2026-08-24T21:22:42.961629867Z,F8,2026-08-24T21:22:42.961629867Z,3,2026-08-24T21:22:42.961629867Z,2,2026-08-24T21:22:42.961629867Z
01M0TTKD95WSFHBSV1H76EAWNR,01M0TSZGJXR0N6DNTNARWRMFQ4,2026-08-24T21:25:09.541947946Z,,,,,,,,,,,"[""D1"",""A4"",""A3"",""B3""]",2026-08-24T21:25:09.541947946Z,false,2026-08-24T21:25:09.541947946Z,01M0TSZGKM72FFW193EYG47F25,2026-08-24T21:25:09.541947946Z,3,2026-08-24T21:25:09.541947946Z,,,,,,,48,2026-08-24T21:25:09.541947946Z,12,2026-08-24T21:25:09.541947946Z,training,2026-08-24T21:25:09.541947946Z,0,2026-08-24T21:25:09.541947946Z,4,2026-08-24T21:25:09.541947946Z,,,,2026-08-24T21:25:09.541947946Z,,,0,2026-08-24T21:25:09.541947946Z,2,2026-08-24T21:25:09.885368432Z,false,2026-08-24T21:25:09.541947946Z,"[""/tangrams/279_244.png"",""/tangrams/138_66.png"",""/tangrams/138_405.png"",""/tangrams/366_405.png""]",2026-08-24T21:25:09.541947946Z,/tangrams/138_405.png,2026-08-24T21:25:09.541947946Z,A3,2026-08-24T21:25:09.541947946Z,3,2026-08-24T21:25:09.541947946Z,2,2026-08-24T21:25:09.541947946Z
01M0TTKMTRGTB0YY2BEY7258GK,01M0TSZEX52H0PZDJFB4JNEAFW,2026-08-24T21:25:17.272588057Z,"[{""text"":""running legs"",""sender"":{""id"":""01M0TTF3ADJ36CYQBD8356XFNQ"",""name"":""Minu"",""avatar"":""https://api.dicebear.com/8.x/rings/svg?seed=Minu""}}]",2026-08-24T21:38:55.957729846Z,[1787607535966],2026-08-24T21:38:55.969032762Z,,,true,2026-08-24T21:39:02.182716707Z,01M0TTF3ADJ36CYQBD8356XFNQ,2026-08-24T21:38:46.492853509Z,"[""B3"",""A4"",""D1"",""C2""]",2026-08-24T21:25:17.272588057Z,true,2026-08-24T21:39:02.168733223Z,01M0TSZEY173D8F3KEP071GR06,2026-08-24T21:25:17.272588057Z,11,2026-08-24T21:25:17.272588057Z,false,2026-08-24T21:38:46.70126552Z,01M0TT55D1DRDQ3JPT1CDTT5VN,2026-08-24T21:38:46.492853509Z,,,48,2026-08-24T21:25:17.272588057Z,12,2026-08-24T21:25:17.272588057Z,training,2026-08-24T21:25:17.272588057Z,0,2026-08-24T21:25:17.272588057Z,4,2026-08-24T21:25:17.272588057Z,/tangrams/366_405.png,2026-08-24T21:39:02.182716707Z,/tangrams/366_405.png,2026-08-24T21:38:59.034686595Z,1787607538779,2026-08-24T21:38:59.040365915Z,0,2026-08-24T21:25:17.272588057Z,2,2026-08-24T21:25:17.807293781Z,true,2026-08-24T21:38:46.454157217Z,"[""/tangrams/366_405.png"",""/tangrams/138_66.png"",""/tangrams/279_244.png"",""/tangrams/422_339.png""]",2026-08-24T21:25:17.272588057Z,/tangrams/366_405.png,2026-08-24T21:25:17.272588057Z,B3,2026-08-24T21:25:17.272588057Z,11,2026-08-24T21:25:17.272588057Z,10,2026-08-24T21:25:17.272588057Z
01M0TTMQSYVETY363BTRBKAFRF,01M0TSZV7X3D77NKMM5CDCW4Z6,2026-08-24T21:25:53.086834522Z,"[{""text"":""2 mini mountains on the bottom"",""sender"":{""id"":""01M0TT4SREDP4QR1H8V4E3X5G9"",""name"":""Minu"",""avatar"":""https://api.dicebear.com/8.x/rings/svg?seed=Minu""}}]",2026-08-24T21:40:54.173958659Z,[1787607654183],2026-08-24T21:40:54.185781015Z,,,true,2026-08-24T21:41:07.827340511Z,01M0TT4SREDP4QR1H8V4E3X5G9,2026-08-24T21:40:28.540684004Z,"[""D1"",""B3"",""C4"",""A2""]",2026-08-24T21:25:53.086834522Z,true,2026-08-24T21:41:07.805541745Z,01M0TSZV8ERABP36QP2627EVMT,2026-08-24T21:25:53.086834522Z,13,2026-08-24T21:25:53.086834522Z,false,2026-08-24T21:40:28.66596902Z,01M0TT4JP6VSYSTADD58E33WM9,2026-08-24T21:40:28.540684004Z,,,48,2026-08-24T21:25:53.086834522Z,12,2026-08-24T21:25:53.086834522Z,training,2026-08-24T21:25:53.086834522Z,1,2026-08-24T21:25:53.086834522Z,4,2026-08-24T21:25:53.086834522Z,/tangrams/202_464.png,2026-08-24T21:41:07.827340511Z,/tangrams/202_464.png,2026-08-24T21:41:04.650249525Z,1787607663065,2026-08-24T21:41:04.643639629Z,1,2026-08-24T21:25:53.086834522Z,2,2026-08-24T21:25:53.611634418Z,true,2026-08-24T21:40:28.453611587Z,"[""/tangrams/20_314.png"",""/tangrams/348_24.png"",""/tangrams/202_464.png"",""/tangrams/66_441.png""]",2026-08-24T21:25:53.086834522Z,/tangrams/202_464.png,2026-08-24T21:25:53.086834522Z,C4,2026-08-24T21:25:53.086834522Z,1,2026-08-24T21:25:53.086834522Z,12,2026-08-24T21:25:53.086834522Z
01M0TTMQT8G6D857ENBCX0XKB1,01M0TSZV7X3D77NKMM5CDCW4Z6,2026-08-24T21:25:53.096863481Z,"[{""text"":""3 mini mountains on the bottom"",""sender"":{""id"":""01M0TT4SREDP4QR1H8V4E3X5G9"",""name"":""Minu"",""avatar"":""https://api.dicebear.com/8.x/rings/svg?seed=Minu""}}]",2026-08-24T21:41:40.499558959Z,[1787607700509],2026-08-24T21:41:40.511092858Z,,,true,2026-08-24T21:41:52.532124351Z,01M0TT4SREDP4QR1H8V4E3X5G9,2026-08-24T21:41:28.613548498Z,"[""A3"",""D2"",""C1"",""B4""]",2026-08-24T21:25:53.096863481Z,true,2026-08-24T21:41:52.518076306Z,01M0TSZV8ERABP36QP2627EVMT,2026-08-24T21:25:53.096863481Z,15,2026-08-24T21:25:53.096863481Z,false,2026-08-24T21:41:28.740224511Z,01M0TT4JP6VSYSTADD58E33WM9,2026-08-24T21:41:28.613548498Z,,,48,2026-08-24T21:25:53.096863481Z,12,2026-08-24T21:25:53.096863481Z,training,2026-08-24T21:25:53.096863481Z,1,2026-08-24T21:25:53.096863481Z,4,2026-08-24T21:25:53.096863481Z,/tangrams/348_464.png,2026-08-24T21:41:52.532124351Z,/tangrams/348_464.png,2026-08-24T21:41:49.357800424Z,1787607707783,2026-08-24T21:41:49.351258526Z,1,2026-08-24T21:25:53.096863481Z,2,2026-08-24T21:25:53.649867534Z,true,2026-08-24T21:41:28.561239524Z,"[""/tangrams/66_24.png"",""/tangrams/20_441.png"",""/tangrams/202_314.png"",""/tangrams/348_464.png""]",2026-08-24T21:25:53.096863481Z,/tangrams/348_464.png,2026-08-24T21:25:53.096863481Z,B4,2026-08-24T21:25:53.096863481Z,3,2026-08-24T21:25:53.096863481Z,14,2026-08-24T21:25:53.096863481Z
01M0TTNRNGBXXGDEN8K3AM05B8,01M0TSZGJXR0N6DNTNARWRMFQ4,2026-08-24T21:26:26.736881327Z,,,,,,,,,,,"[""F5"",""C3"",""F7"",""F1""]",2026-08-24T21:26:26.736881327Z,false,2026-08-24T21:26:26.736881327Z,01M0TSZGKJQW5S4GCP9150DNN9,2026-08-24T21:26:26.736881327Z,25,2026-08-24T21:26:26.736881327Z,,,,,,,48,2026-08-24T21:26:26.736881327Z,12,2026-08-24T21:26:26.736881327Z,training,2026-08-24T21:26:26.736881327Z,2,2026-08-24T21:26:26.736881327Z,4,2026-08-24T21:26:26.736881327Z,,,,2026-08-24T21:26:26.736881327Z,,,1,2026-08-24T21:26:26.736881327Z,2,2026-08-24T21:26:27.320493367Z,false,2026-08-24T21:26:26.736881327Z,"[""/tangrams/4_159.png"",""/tangrams/202_24.png"",""/tangrams/157_426.png"",""/tangrams/452_257.png""]",2026-08-24T21:26:26.736881327Z,/tangrams/157_426.png,2026-08-24T21:26:26.736881327Z,F7,2026-08-24T21:26:26.736881327Z,1,2026-08-24T21:26:26.736881327Z,24,2026-08-24T21:26:26.736881327Z
01M0TT9KK753MK1FGKWZ7A1W6S,01M0TSZGJXR0N6DNTNARWRMFQ4,2026-08-24T21:19:48.327374914Z,,,,,,,,,,,"[""B3"",""C2"",""D1"",""A4""]",2026-08-24T21:19:48.327374914Z,false,2026-08-24T21:19:48.327374914Z,01M0TSZGKE32G3R2H2EPQFBQNN,2026-08-24T21:19:48.327374914Z,25,2026-08-24T21:19:48.327374914Z,,,,,,,48,2026-08-24T21:19:48.327374914Z,12,2026-08-24T21:19:48.327374914Z,training,2026-08-24T21:19:48.327374914Z,2,2026-08-24T21:19:48.327374914Z,4,2026-08-24T21:19:48.327374914Z,,,,2026-08-24T21:19:48.327374914Z,,,0,2026-08-24T21:19:48.327374914Z,2,2026-08-24T21:19:48.975856852Z,false,2026-08-24T21:19:48.327374914Z,"[""/tangrams/366_405.png"",""/tangrams/422_339.png"",""/tangrams/279_244.png"",""/tangrams/138_66.png""]",2026-08-24T21:19:48.327374914Z,/tangrams/422_339.png,2026-08-24T21:19:48.327374914Z,C2,2026-08-24T21:19:48.327374914Z,1,2026-08-24T21:19:48.327374914Z,24,2026-08-24T21:19:48.327374914Z
01M0TTA5CFWV31STWE94B0GVRR,01M0TSZV7X3D77NKMM5CDCW4Z6,2026-08-24T21:20:06.54355014Z,"[{""text"":""The 3 cents is a bit less than I was hoping seeing how many we're getting lol"",""sender"":{""id"":""01M0TT4SZRTK7MV5T48R9G1GQH"",""name"":""Minu"",""avatar"":""https://api.dicebear.com/8.x/rings/svg?seed=Minu""}},{""text"":""Many rows here.  The one with the arrow pointing down at bottom and triangle up at top."",""sender"":{""id"":""01M0TT3ZTTV22XQGZD0K61T6A4"",""name"":""Repi"",""avatar"":""https://api.dicebear.com/8.x/rings/svg?seed=Repi""}}]",2026-08-24T21:36:03.987323548Z,"[1787607354903,1787607363995]",2026-08-24T21:36:03.997949278Z,,,true,2026-08-24T21:36:18.562936867Z,01M0TT3ZTTV22XQGZD0K61T6A4,2026-08-24T21:35:38.095714269Z,"[""C3"",""F1"",""F2"",""F4""]",2026-08-24T21:20:06.54355014Z,true,2026-08-24T21:36:18.501329465Z,01M0TSZV8KEDQHAT4X3FNKVS2B,2026-08-24T21:20:06.54355014Z,18,2026-08-24T21:20:06.54355014Z,false,2026-08-24T21:35:38.263218651Z,01M0TT4SZRTK7MV5T48R9G1GQH,2026-08-24T21:35:38.095714269Z,,,48,2026-08-24T21:20:06.54355014Z,12,2026-08-24T21:20:06.54355014Z,training,2026-08-24T21:20:06.54355014Z,1,2026-08-24T21:20:06.54355014Z,4,2026-08-24T21:20:06.54355014Z,/tangrams/119_182.png,2026-08-24T21:36:18.562936867Z,/tangrams/119_182.png,2026-08-24T21:36:09.764692852Z,1787607369665,2026-08-24T21:36:09.770045155Z,0,2026-08-24T21:20:06.54355014Z,2,2026-08-24T21:20:06.979945634Z,true,2026-08-24T21:35:38.047565717Z,"[""/tangrams/422_405.png"",""/tangrams/119_182.png"",""/tangrams/290_64.png"",""/tangrams/434_227.png""]",2026-08-24T21:20:06.54355014Z,/tangrams/119_182.png,2026-08-24T21:20:06.54355014Z,F1,2026-08-24T21:20:06.54355014Z,6,2026-08-24T21:20:06.54355014Z,17,2026-08-24T21:20:06.54355014Z
01M0TV7JTQHFPTFZ7PAPRX646E,01M0TTMTH8JPTHXWGXYEY1VFR8,2026-08-24T21:36:10.583866837Z,"[{""text"":""2 black arrow pointing left 1 small arrow"",""sender"":{""id"":""01M0TV363Y2QH3CGTPHSZR512P"",""name"":""Minu"",""avatar"":""https://api.dicebear.com/8.x/rings/svg?seed=Minu""}}]",2026-08-24T22:03:30.597878812Z,[1787609010612],2026-08-24T22:03:30.614256882Z,,,true,2026-08-24T22:03:38.582381307Z,01M0TV363Y2QH3CGTPHSZR512P,2026-08-24T22:03:20.498767612Z,"[""B1"",""D3"",""A4"",""C2""]",2026-08-24T21:36:10.583866837Z,true,2026-08-24T22:03:38.566590461Z,01M0TTMWM9GSP2NP0T4CET96EB,2026-08-24T21:36:10.583866837Z,45,2026-08-24T21:36:10.583866837Z,false,2026-08-24T22:03:20.739640349Z,01M0TTRGJ55RK21NQM11GGHNRN,2026-08-24T22:03:20.498767612Z,,,48,2026-08-24T21:36:10.583866837Z,12,2026-08-24T21:36:10.583866837Z,training,2026-08-24T21:36:10.583866837Z,3,2026-08-24T21:36:10.583866837Z,4,2026-08-24T21:36:10.583866837Z,/tangrams/348_314.png,2026-08-24T22:03:38.582381307Z,/tangrams/348_314.png,2026-08-24T22:03:35.372866401Z,1787609015849,2026-08-24T22:03:35.356736804Z,1,2026-08-24T21:36:10.583866837Z,2,2026-08-24T21:36:12.258948665Z,true,2026-08-24T22:03:20.403683286Z,"[""/tangrams/348_314.png"",""/tangrams/20_24.png"",""/tangrams/66_464.png"",""/tangrams/202_441.png""]",2026-08-24T21:36:10.583866837Z,/tangrams/348_314.png,2026-08-24T21:36:10.583866837Z,B1,2026-08-24T21:36:10.583866837Z,9,2026-08-24T21:36:10.583866837Z,44,2026-08-24T21:36:10.583866837Z
01M0TV7JXYXBQS3YJVBYDMB1JH,01M0TTMTH8JPTHXWGXYEY1VFR8,2026-08-24T21:36:10.686743862Z,"[{""text"":""2 arrows pointing left opne small arrow pointing left"",""sender"":{""id"":""01M0TV363Y2QH3CGTPHSZR512P"",""name"":""Minu"",""avatar"":""https://api.dicebear.com/8.x/rings/svg?seed=Minu""}}]",2026-08-24T22:00:36.196300406Z,[1787608836210],2026-08-24T22:00:36.212362589Z,,,true,2026-08-24T22:00:55.387656137Z,01M0TV363Y2QH3CGTPHSZR512P,2026-08-24T22:00:22.382343765Z,"[""C2"",""A3"",""D1"",""B4""]",2026-08-24T21:36:10.686743862Z,true,2026-08-24T22:00:55.369838999Z,01M0TTMWM9GSP2NP0T4CET96EB,2026-08-24T21:36:10.686743862Z,35,2026-08-24T21:36:10.686743862Z,false,2026-08-24T22:00:22.654654482Z,01M0TTRGJ55RK21NQM11GGHNRN,2026-08-24T22:00:22.382343765Z,,,48,2026-08-24T21:36:10.686743862Z,12,2026-08-24T21:36:10.686743862Z,training,2026-08-24T21:36:10.686743862Z,2,2026-08-24T21:36:10.686743862Z,4,2026-08-24T21:36:10.686743862Z,/tangrams/20_314.png,2026-08-24T22:00:55.387656137Z,/tangrams/20_314.png,2026-08-24T22:00:52.189382844Z,1787608852674,2026-08-24T22:00:52.197816291Z,1,2026-08-24T21:36:10.686743862Z,2,2026-08-24T21:36:11.95533941Z,true,2026-08-24T22:00:22.317105641Z,"[""/tangrams/202_441.png"",""/tangrams/66_24.png"",""/tangrams/20_314.png"",""/tangrams/348_464.png""]",2026-08-24T21:36:10.686743862Z,/tangrams/20_314.png,2026-08-24T21:36:10.686743862Z,D1,2026-08-24T21:36:10.686743862Z,11,2026-08-24T21:36:10.686743862Z,34,2026-08-24T21:36:10.686743862Z
01M0TTTPK1SCDNKPDH281T7RSD,01M0TSZV7X3D77NKMM5CDCW4Z6,2026-08-24T21:29:08.449524542Z,"[{""text"":""Looks like a 3 or looks like a key"",""sender"":{""id"":""01M0TTBQPRE9XMJHBPDKM8GTC4"",""name"":""Minu"",""avatar"":""https://api.dicebear.com/8.x/rings/svg?seed=Minu""}}]",2026-08-24T21:54:30.905616292Z,[1787608470919],2026-08-24T21:54:30.921199609Z,,,true,2026-08-24T21:54:40.542921898Z,01M0TTBQPRE9XMJHBPDKM8GTC4,2026-08-24T21:54:00.8324413Z,"[""D3"",""B1"",""A3"",""A4""]",2026-08-24T21:29:08.449524542Z,true,2026-08-24T21:54:40.524974529Z,01M0TSZV8KEDQHAT4X33M1GG1C,2026-08-24T21:29:08.449524542Z,17,2026-08-24T21:29:08.449524542Z,false,2026-08-24T21:54:01.006591104Z,01M0TT467Q69C5HQ20GW6FRRF2,2026-08-24T21:54:00.8324413Z,,,48,2026-08-24T21:29:08.449524542Z,12,2026-08-24T21:29:08.449524542Z,training,2026-08-24T21:29:08.449524542Z,1,2026-08-24T21:29:08.449524542Z,4,2026-08-24T21:29:08.449524542Z,/tangrams/66_24.png,2026-08-24T21:54:40.542921898Z,/tangrams/66_24.png,2026-08-24T21:54:37.344865176Z,1787608474580,2026-08-24T21:54:37.336160485Z,1,2026-08-24T21:29:08.449524542Z,2,2026-08-24T21:29:09.353730543Z,true,2026-08-24T21:54:00.760326594Z,"[""/tangrams/20_24.png"",""/tangrams/348_314.png"",""/tangrams/66_24.png"",""/tangrams/66_464.png""]",2026-08-24T21:29:08.449524542Z,/tangrams/66_24.png,2026-08-24T21:29:08.449524542Z,A3,2026-08-24T21:29:08.449524542Z,5,2026-08-24T21:29:08.449524542Z,16,2026-08-24T21:29:08.449524542Z
01M0TTYQ6XNWKD43N7HJMTDGJG,01M0TTMTH8JPTHXWGXYEY1VFR8,2026-08-24T21:31:20.157616205Z,"[{""text"":""?"",""sender"":{""id"":""01M0TTENRE0ZSC234N2S1BW8ZS"",""name"":""Repi"",""avatar"":""https://api.dicebear.com/8.x/rings/svg?seed=Repi""}},{""text"":""3"",""sender"":{""id"":""01M0TTJT0T1FXWVGTP027BYENQ"",""name"":""Minu"",""avatar"":""https://api.dicebear.com/8.x/rings/svg?seed=Minu""}}]",2026-08-24T21:59:01.338614192Z,"[1787608735014,1787608741353]",2026-08-24T21:59:01.356077954Z,,,false,2026-08-24T21:59:13.272975546Z,01M0TTJT0T1FXWVGTP027BYENQ,2026-08-24T21:58:13.308020836Z,"[""C2"",""B3"",""D1"",""C1""]",2026-08-24T21:31:20.157616205Z,true,2026-08-24T21:59:13.238455319Z,01M0TTMWMDPGAHQRDA7BZJ8FEZ,2026-08-24T21:31:20.157616205Z,15,2026-08-24T21:31:20.157616205Z,false,2026-08-24T21:58:13.458041043Z,01M0TTENRE0ZSC234N2S1BW8ZS,2026-08-24T21:58:13.308020836Z,,,48,2026-08-24T21:31:20.157616205Z,12,2026-08-24T21:31:20.157616205Z,training,2026-08-24T21:31:20.157616205Z,1,2026-08-24T21:31:20.157616205Z,4,2026-08-24T21:31:20.157616205Z,/tangrams/348_24.png,2026-08-24T21:59:13.272975546Z,/tangrams/348_24.png,2026-08-24T21:59:10.009173395Z,1787608749761,2026-08-24T21:59:09.965483226Z,1,2026-08-24T21:31:20.157616205Z,2,2026-08-24T21:31:21.226552383Z,true,2026-08-24T21:58:13.232919128Z,"[""/tangrams/202_441.png"",""/tangrams/348_24.png"",""/tangrams/20_314.png"",""/tangrams/202_314.png""]",2026-08-24T21:31:20.157616205Z,/tangrams/202_314.png,2026-08-24T21:31:20.157616205Z,C1,2026-08-24T21:31:20.157616205Z,3,2026-08-24T21:31:20.157616205Z,14,2026-08-24T21:31:20.157616205Z
01M0TTMQVNHW8XB3306AFD2862,01M0TSZV7X3D77NKMM5CDCW4Z6,2026-08-24T21:25:53.141877377Z,"[{""text"":""triangle bottom left"",""sender"":{""id"":""01M0TT4SREDP4QR1H8V4E3X5G9"",""name"":""Minu"",""avatar"":""https://api.dicebear.com/8.x/rings/svg?seed=Minu""}}]",2026-08-24T21:46:52.486155209Z,[1787608012498],2026-08-24T21:46:52.499593999Z,,,true,2026-08-24T21:47:00.009138701Z,01M0TT4SREDP4QR1H8V4E3X5G9,2026-08-24T21:46:41.312105976Z,"[""A4"",""B3"",""D1"",""C2""]",2026-08-24T21:25:53.141877377Z,true,2026-08-24T21:46:59.994712872Z,01M0TSZV8ERABP36QP2627EVMT,2026-08-24T21:25:53.141877377Z,25,2026-08-24T21:25:53.141877377Z,false,2026-08-24T21:46:41.452443521Z,01M0TT4JP6VSYSTADD58E33WM9,2026-08-24T21:46:41.312105976Z,,,48,2026-08-24T21:25:53.141877377Z,12,2026-08-24T21:25:53.141877377Z,training,2026-08-24T21:25:53.141877377Z,2,2026-08-24T21:25:53.141877377Z,4,2026-08-24T21:25:53.141877377Z,/tangrams/202_441.png,2026-08-24T21:47:00.009138701Z,/tangrams/202_441.png,2026-08-24T21:46:56.720371892Z,1787608015144,2026-08-24T21:46:56.712552764Z,1,2026-08-24T21:25:53.141877377Z,2,2026-08-24T21:25:53.916391846Z,true,2026-08-24T21:46:41.252256921Z,"[""/tangrams/66_464.png"",""/tangrams/348_24.png"",""/tangrams/20_314.png"",""/tangrams/202_441.png""]",2026-08-24T21:25:53.141877377Z,/tangrams/202_441.png,2026-08-24T21:25:53.141877377Z,C2,2026-08-24T21:25:53.141877377Z,1,2026-08-24T21:25:53.141877377Z,24,2026-08-24T21:25:53.141877377Z
01M0TTEY631PY9Q3YK285DG6G1,01M0TSZEX52H0PZDJFB4JNEAFW,2026-08-24T21:22:43.011321713Z,"[{""text"":""Large triangle on top"",""sender"":{""id"":""01M0TT9XXJBBQAZ4WANFPESF7T"",""name"":""Minu"",""avatar"":""https://api.dicebear.com/8.x/rings/svg?seed=Minu""}}]",2026-08-24T21:54:16.587166914Z,[1787608456601],2026-08-24T21:54:16.602771379Z,,,true,2026-08-24T21:54:23.747588656Z,01M0TT9XXJBBQAZ4WANFPESF7T,2026-08-24T21:53:54.048650071Z,"[""F6"",""C3"",""F1"",""A1""]",2026-08-24T21:22:43.011321713Z,true,2026-08-24T21:54:23.723550078Z,01M0TSZEY44B7XSP574QH2WQPJ,2026-08-24T21:22:43.011321713Z,41,2026-08-24T21:22:43.011321713Z,false,2026-08-24T21:53:54.218955034Z,01M0TT49QHQY8JQV8C5T94HHYZ,2026-08-24T21:53:54.048650071Z,,,48,2026-08-24T21:22:43.011321713Z,12,2026-08-24T21:22:43.011321713Z,training,2026-08-24T21:22:43.011321713Z,3,2026-08-24T21:22:43.011321713Z,4,2026-08-24T21:22:43.011321713Z,/tangrams/119_182.png,2026-08-24T21:54:23.747588656Z,/tangrams/119_182.png,2026-08-24T21:54:20.519160469Z,1787608460432,2026-08-24T21:54:20.537698177Z,0,2026-08-24T21:22:43.011321713Z,2,2026-08-24T21:22:43.839642071Z,true,2026-08-24T21:53:53.976523491Z,"[""/tangrams/134_125.png"",""/tangrams/422_405.png"",""/tangrams/119_182.png"",""/tangrams/138_244.png""]",2026-08-24T21:22:43.011321713Z,/tangrams/119_182.png,2026-08-24T21:22:43.011321713Z,F1,2026-08-24T21:22:43.011321713Z,5,2026-08-24T21:22:43.011321713Z,40,2026-08-24T21:22:43.011321713Z
01M0TTMQTDH8E5Y74FZE7TXST3,01M0TSZV7X3D77NKMM5CDCW4Z6,2026-08-24T21:25:53.101087987Z,"[{""text"":""2 triangles left side not with vertical box"",""sender"":{""id"":""01M0TT4JP6VSYSTADD58E33WM9"",""name"":""Repi"",""avatar"":""https://api.dicebear.com/8.x/rings/svg?seed=Repi""}}]",2026-08-24T21:42:22.628441158Z,[1787607742638],2026-08-24T21:42:22.639753946Z,,,false,2026-08-24T21:42:46.188350048Z,01M0TT4JP6VSYSTADD58E33WM9,2026-08-24T21:41:52.610549374Z,"[""A4"",""B3"",""D1"",""C2""]",2026-08-24T21:25:53.101087987Z,true,2026-08-24T21:42:46.170740289Z,01M0TSZV8ERABP36QP2627EVMT,2026-08-24T21:25:53.101087987Z,16,2026-08-24T21:25:53.101087987Z,false,2026-08-24T21:41:52.756230697Z,01M0TT4SREDP4QR1H8V4E3X5G9,2026-08-24T21:41:52.610549374Z,,,48,2026-08-24T21:25:53.101087987Z,12,2026-08-24T21:25:53.101087987Z,training,2026-08-24T21:25:53.101087987Z,1,2026-08-24T21:25:53.101087987Z,4,2026-08-24T21:25:53.101087987Z,/tangrams/66_464.png,2026-08-24T21:42:46.188350048Z,/tangrams/66_464.png,2026-08-24T21:42:42.206868188Z,1787607761279,2026-08-24T21:42:42.21448411Z,1,2026-08-24T21:25:53.101087987Z,2,2026-08-24T21:25:53.665800983Z,true,2026-08-24T21:41:52.55928019Z,"[""/tangrams/66_464.png"",""/tangrams/348_24.png"",""/tangrams/20_314.png"",""/tangrams/202_441.png""]",2026-08-24T21:25:53.101087987Z,/tangrams/20_314.png,2026-08-24T21:25:53.101087987Z,D1,2026-08-24T21:25:53.101087987Z,4,2026-08-24T21:25:53.101087987Z,15,2026-08-24T21:25:53.101087987Z
01M0TTK1073HV5B8SSZAHEFFXE,01M0TSZEX52H0PZDJFB4JNEAFW,2026-08-24T21:24:56.967116313Z,,,,,,,,,,,,,true,2026-08-24T21:41:21.424530178Z,01M0TSZEY54T11A9AMGVA6T4ZB,2026-08-24T21:24:56.967116313Z,0,2026-08-24T21:24:56.967116313Z,false,2026-08-24T21:25:01.521789742Z,,,20,2026-08-24T21:24:56.967116313Z,,,,,pretest,2026-08-24T21:24:56.967116313Z,,,,,,,,2026-08-24T21:25:01.316778759Z,,,,,1,2026-08-24T21:24:57.182931448Z,true,2026-08-24T21:24:58.869058736Z,[],2026-08-24T21:24:56.967116313Z,,2026-08-24T21:24:56.967116313Z,,,,,,
01M0TTK10R84A9NKPWJ8S3Y33W,01M0TSZEX52H0PZDJFB4JNEAFW,2026-08-24T21:24:56.985008098Z,"[{""text"":""closed house shape cutout inside top"",""sender"":{""id"":""01M0TT7FNH08P86PFHWCV3NRS8"",""name"":""Repi"",""avatar"":""https://api.dicebear.com/8.x/rings/svg?seed=Repi""}}]",2026-08-24T21:47:55.511417063Z,[1787608075523],2026-08-24T21:47:55.524835346Z,,,true,2026-08-24T21:48:11.82178936Z,01M0TT7FNH08P86PFHWCV3NRS8,2026-08-24T21:47:33.370321966Z,"[""B4"",""B3"",""A4"",""D2""]",2026-08-24T21:24:56.985008098Z,true,2026-08-24T21:48:11.800738511Z,01M0TSZEY54T11A9AMGVA6T4ZB,2026-08-24T21:24:56.985008098Z,8,2026-08-24T21:24:56.985008098Z,false,2026-08-24T21:47:33.590579551Z,01M0TT7ZVRQQW92P55GPN9KMMS,2026-08-24T21:47:33.370321966Z,,,48,2026-08-24T21:24:56.985008098Z,12,2026-08-24T21:24:56.985008098Z,training,2026-08-24T21:24:56.985008098Z,0,2026-08-24T21:24:56.985008098Z,4,2026-08-24T21:24:56.985008098Z,/tangrams/366_66.png,2026-08-24T21:48:11.82178936Z,/tangrams/366_66.png,2026-08-24T21:48:08.669473785Z,1787608091066,2026-08-24T21:48:08.648160675Z,0,2026-08-24T21:24:56.985008098Z,2,2026-08-24T21:24:57.40467945Z,true,2026-08-24T21:47:33.260788888Z,"[""/tangrams/366_66.png"",""/tangrams/366_405.png"",""/tangrams/138_66.png"",""/tangrams/279_339.png""]",2026-08-24T21:24:56.985008098Z,/tangrams/366_66.png,2026-08-24T21:24:56.985008098Z,B4,2026-08-24T21:24:56.985008098Z,8,2026-08-24T21:24:56.985008098Z,7,2026-08-24T21:24:56.985008098Z
01M0TTNRM0KD12VFWZ94Q3NAQF,01M0TSZGJXR0N6DNTNARWRMFQ4,2026-08-24T21:26:26.688134736Z,,,,,,,,,,,"[""C3"",""F8"",""F2"",""F6""]",2026-08-24T21:26:26.688134736Z,false,2026-08-24T21:26:26.688134736Z,01M0TSZGKJQW5S4GCP9150DNN9,2026-08-24T21:26:26.688134736Z,33,2026-08-24T21:26:26.688134736Z,,,,,,,48,2026-08-24T21:26:26.688134736Z,12,2026-08-24T21:26:26.688134736Z,training,2026-08-24T21:26:26.688134736Z,2,2026-08-24T21:26:26.688134736Z,4,2026-08-24T21:26:26.688134736Z,,,,2026-08-24T21:26:26.688134736Z,,,1,2026-08-24T21:26:26.688134736Z,2,2026-08-24T21:26:27.512147706Z,false,2026-08-24T21:26:26.688134736Z,"[""/tangrams/202_24.png"",""/tangrams/374_400.png"",""/tangrams/429_403.png"",""/tangrams/98_302.png""]",2026-08-24T21:26:26.688134736Z,/tangrams/202_24.png,2026-08-24T21:26:26.688134736Z,C3,2026-08-24T21:26:26.688134736Z,9,2026-08-24T21:26:26.688134736Z,32,2026-08-24T21:26:26.688134736Z
01M0TV7JZKTW5ZC5V1V142XFCA,01M0TTMTH8JPTHXWGXYEY1VFR8,2026-08-24T21:36:10.739604567Z,"[{""text"":""white rectangle"",""sender"":{""id"":""01M0TV363Y2QH3CGTPHSZR512P"",""name"":""Minu"",""avatar"":""https://api.dicebear.com/8.x/rings/svg?seed=Minu""}}]",2026-08-24T21:58:50.625927014Z,[1787608730640],2026-08-24T21:58:50.642375692Z,,,true,2026-08-24T21:58:55.15906779Z,01M0TV363Y2QH3CGTPHSZR512P,2026-08-24T21:58:45.487126625Z,"[""C2"",""A4"",""D1"",""B3""]",2026-08-24T21:36:10.739604567Z,true,2026-08-24T21:58:55.143459195Z,01M0TTMWM9GSP2NP0T4CET96EB,2026-08-24T21:36:10.739604567Z,29,2026-08-24T21:36:10.739604567Z,false,2026-08-24T21:58:45.773621932Z,01M0TTRGJ55RK21NQM11GGHNRN,2026-08-24T21:58:45.487126625Z,,,48,2026-08-24T21:36:10.739604567Z,12,2026-08-24T21:36:10.739604567Z,training,2026-08-24T21:36:10.739604567Z,2,2026-08-24T21:36:10.739604567Z,4,2026-08-24T21:36:10.739604567Z,/tangrams/348_24.png,2026-08-24T21:58:55.15906779Z,/tangrams/348_24.png,2026-08-24T21:58:51.931046569Z,1787608732435,2026-08-24T21:58:51.949049532Z,1,2026-08-24T21:36:10.739604567Z,2,2026-08-24T21:36:11.768770432Z,true,2026-08-24T21:58:45.424510738Z,"[""/tangrams/202_441.png"",""/tangrams/66_464.png"",""/tangrams/20_314.png"",""/tangrams/348_24.png""]",2026-08-24T21:36:10.739604567Z,/tangrams/348_24.png,2026-08-24T21:36:10.739604567Z,B3,2026-08-24T21:36:10.739604567Z,5,2026-08-24T21:36:10.739604567Z,28,2026-08-24T21:36:10.739604567Z
01M0TVK9GG6Q73MEPYSF0ZC5NT,01M0TTMTH8JPTHXWGXYEY1VFR8,2026-08-24T21:42:34.256661922Z,"[{""text"":""it looks kind of like a cross or t on the left side of it"",""sender"":{""id"":""01M0TVD4RDDZ2GPYA2W2TBJY2J"",""name"":""Minu"",""avatar"":""https://api.dicebear.com/8.x/rings/svg?seed=Minu""}}]",2026-08-24T21:49:37.029188425Z,[1787608177041],2026-08-24T21:49:37.042565306Z,,,true,2026-08-24T21:49:43.282706177Z,01M0TVD4RDDZ2GPYA2W2TBJY2J,2026-08-24T21:49:19.168159865Z,"[""F8"",""F1"",""F5"",""A1""]",2026-08-24T21:42:34.256661922Z,true,2026-08-24T21:49:43.26964678Z,01M0TTMWMG725DJ5GA5M4WD8SY,2026-08-24T21:42:34.256661922Z,5,2026-08-24T21:42:34.256661922Z,false,2026-08-24T21:49:19.316845057Z,01M0TV8YZXT0HY97VC3QNJABKN,2026-08-24T21:49:19.168159865Z,,,48,2026-08-24T21:42:34.256661922Z,12,2026-08-24T21:42:34.256661922Z,training,2026-08-24T21:42:34.256661922Z,0,2026-08-24T21:42:34.256661922Z,4,2026-08-24T21:42:34.256661922Z,/tangrams/4_159.png,2026-08-24T21:49:43.282706177Z,/tangrams/4_159.png,2026-08-24T21:49:40.120397259Z,1787608180902,2026-08-24T21:49:40.141234791Z,1,2026-08-24T21:42:34.256661922Z,2,2026-08-24T21:42:35.113771021Z,true,2026-08-24T21:49:19.117115901Z,"[""/tangrams/374_400.png"",""/tangrams/452_257.png"",""/tangrams/4_159.png"",""/tangrams/66_314.png""]",2026-08-24T21:42:34.256661922Z,/tangrams/4_159.png,2026-08-24T21:42:34.256661922Z,F5,2026-08-24T21:42:34.256661922Z,5,2026-08-24T21:42:34.256661922Z,4,2026-08-24T21:42:34.256661922Z
01M0TT9KFY70RJJH8TPHD47TCA,01M0TSZGJXR0N6DNTNARWRMFQ4,2026-08-24T21:19:48.222109271Z,,,,,,,,,,,"[""C1"",""A3"",""D2"",""B4""]",2026-08-24T21:19:48.222109271Z,false,2026-08-24T21:19:48.222109271Z,01M0TSZGKE32G3R2H2EPQFBQNN,2026-08-24T21:19:48.222109271Z,17,2026-08-24T21:19:48.222109271Z,,,,,,,48,2026-08-24T21:19:48.222109271Z,12,2026-08-24T21:19:48.222109271Z,training,2026-08-24T21:19:48.222109271Z,1,2026-08-24T21:19:48.222109271Z,4,2026-08-24T21:19:48.222109271Z,,,,2026-08-24T21:19:48.222109271Z,,,0,2026-08-24T21:19:48.222109271Z,2,2026-08-24T21:19:48.811161172Z,false,2026-08-24T21:19:48.222109271Z,"[""/tangrams/422_244.png"",""/tangrams/138_405.png"",""/tangrams/279_339.png"",""/tangrams/366_66.png""]",2026-08-24T21:19:48.222109271Z,/tangrams/366_66.png,2026-08-24T21:19:48.222109271Z,B4,2026-08-24T21:19:48.222109271Z,5,2026-08-24T21:19:48.222109271Z,16,2026-08-24T21:19:48.222109271Z
01M0TT9KJM9XP9SYF7RXAK7WYJ,01M0TSZGJXR0N6DNTNARWRMFQ4,2026-08-24T21:19:48.3083976Z,,,,,,,,,,,"[""B4"",""D1"",""A3"",""C2""]",2026-08-24T21:19:48.3083976Z,false,2026-08-24T21:19:48.3083976Z,01M0TSZGKE32G3R2H2EPQFBQNN,2026-08-24T21:19:48.3083976Z,41,2026-08-24T21:19:48.3083976Z,,,,,,,48,2026-08-24T21:19:48.3083976Z,12,2026-08-24T21:19:48.3083976Z,training,2026-08-24T21:19:48.3083976Z,3,2026-08-24T21:19:48.3083976Z,4,2026-08-24T21:19:48.3083976Z,,,,2026-08-24T21:19:48.3083976Z,,,0,2026-08-24T21:19:48.3083976Z,2,2026-08-24T21:19:49.282602173Z,false,2026-08-24T21:19:48.3083976Z,"[""/tangrams/366_66.png"",""/tangrams/279_244.png"",""/tangrams/138_405.png"",""/tangrams/422_339.png""]",2026-08-24T21:19:48.3083976Z,/tangrams/279_244.png,2026-08-24T21:19:48.3083976Z,D1,2026-08-24T21:19:48.3083976Z,5,2026-08-24T21:19:48.3083976Z,40,2026-08-24T21:19:48.3083976Z
01M0TTKN2K7FCSN70E4PAFHCYC,01M0TSZEX52H0PZDJFB4JNEAFW,2026-08-24T21:25:17.523555269Z,"[{""text"":""small diamond on top"",""sender"":{""id"":""01M0TTF3ADJ36CYQBD8356XFNQ"",""name"":""Minu"",""avatar"":""https://api.dicebear.com/8.x/rings/svg?seed=Minu""}}]",2026-08-24T21:50:52.755627282Z,[1787608252768],2026-08-24T21:50:52.77009149Z,,,true,2026-08-24T21:50:58.766099772Z,01M0TTF3ADJ36CYQBD8356XFNQ,2026-08-24T21:50:42.073636788Z,"[""A4"",""B3"",""C1"",""D2""]",2026-08-24T21:25:17.523555269Z,true,2026-08-24T21:50:58.74358515Z,01M0TSZEY173D8F3KEP071GR06,2026-08-24T21:25:17.523555269Z,39,2026-08-24T21:25:17.523555269Z,false,2026-08-24T21:50:42.222143182Z,01M0TT55D1DRDQ3JPT1CDTT5VN,2026-08-24T21:50:42.073636788Z,,,48,2026-08-24T21:25:17.523555269Z,12,2026-08-24T21:25:17.523555269Z,training,2026-08-24T21:25:17.523555269Z,3,2026-08-24T21:25:17.523555269Z,4,2026-08-24T21:25:17.523555269Z,/tangrams/138_66.png,2026-08-24T21:50:58.766099772Z,/tangrams/138_66.png,2026-08-24T21:50:55.567152585Z,1787608255321,2026-08-24T21:50:55.582577726Z,0,2026-08-24T21:25:17.523555269Z,2,2026-08-24T21:25:18.343885087Z,true,2026-08-24T21:50:42.019692347Z,"[""/tangrams/138_66.png"",""/tangrams/366_405.png"",""/tangrams/422_244.png"",""/tangrams/279_339.png""]",2026-08-24T21:25:17.523555269Z,/tangrams/138_66.png,2026-08-24T21:25:17.523555269Z,A4,2026-08-24T21:25:17.523555269Z,3,2026-08-24T21:25:17.523555269Z,38,2026-08-24T21:25:17.523555269Z
01M0TTEY4N04YRQ830FXC3MK2E,01M0TSZEX52H0PZDJFB4JNEAFW,2026-08-24T21:22:42.96577939Z,"[{""text"":""House running away"",""sender"":{""id"":""01M0TT9XXJBBQAZ4WANFPESF7T"",""name"":""Minu"",""avatar"":""https://api.dicebear.com/8.x/rings/svg?seed=Minu""}}]",2026-08-24T21:45:26.181260605Z,[1787607926192],2026-08-24T21:45:26.194167016Z,,,true,2026-08-24T21:45:42.059209656Z,01M0TT9XXJBBQAZ4WANFPESF7T,2026-08-24T21:45:11.077974494Z,"[""F2"",""F8"",""C3"",""B2""]",2026-08-24T21:22:42.96577939Z,true,2026-08-24T21:45:42.046008361Z,01M0TSZEY44B7XSP574QH2WQPJ,2026-08-24T21:22:42.96577939Z,25,2026-08-24T21:22:42.96577939Z,false,2026-08-24T21:45:11.249261312Z,01M0TT49QHQY8JQV8C5T94HHYZ,2026-08-24T21:45:11.077974494Z,,,48,2026-08-24T21:22:42.96577939Z,12,2026-08-24T21:22:42.96577939Z,training,2026-08-24T21:22:42.96577939Z,2,2026-08-24T21:22:42.96577939Z,4,2026-08-24T21:22:42.96577939Z,/tangrams/422_405.png,2026-08-24T21:45:42.059209656Z,/tangrams/422_405.png,2026-08-24T21:45:38.895814343Z,1787607938790,2026-08-24T21:45:38.882901574Z,0,2026-08-24T21:22:42.96577939Z,2,2026-08-24T21:22:43.606646941Z,true,2026-08-24T21:45:11.031411278Z,"[""/tangrams/290_64.png"",""/tangrams/37_144.png"",""/tangrams/422_405.png"",""/tangrams/366_339.png""]",2026-08-24T21:22:42.96577939Z,/tangrams/422_405.png,2026-08-24T21:22:42.96577939Z,C3,2026-08-24T21:22:42.96577939Z,1,2026-08-24T21:22:42.96577939Z,24,2026-08-24T21:22:42.96577939Z
01M0TTK14D39HVCNYPVKNER1YX,01M0TSZEX52H0PZDJFB4JNEAFW,2026-08-24T21:24:57.101447954Z,"[{""text"":""you down right?"",""sender"":{""id"":""01M0TT7ZVRQQW92P55GPN9KMMS"",""name"":""Minu"",""avatar"":""https://api.dicebear.com/8.x/rings/svg?seed=Minu""}},{""text"":""thing on horizontal bar with triange and diamon below"",""sender"":{""id"":""01M0TT7FNH08P86PFHWCV3NRS8"",""name"":""Repi"",""avatar"":""https://api.dicebear.com/8.x/rings/svg?seed=Repi""}},{""text"":""theres 2 with that"",""sender"":{""id"":""01M0TT7ZVRQQW92P55GPN9KMMS"",""name"":""Minu"",""avatar"":""https://api.dicebear.com/8.x/rings/svg?seed=Minu""}},{""text"":""open top"",""sender"":{""id"":""01M0TT7FNH08P86PFHWCV3NRS8"",""name"":""Repi"",""avatar"":""https://api.dicebear.com/8.x/rings/svg?seed=Repi""}}]",2026-08-24T21:59:03.861549441Z,"[1787608703048,1787608717852,1787608734726,1787608743876]",2026-08-24T21:59:03.877766847Z,,,true,2026-08-24T21:59:10.300744202Z,01M0TT7FNH08P86PFHWCV3NRS8,2026-08-24T21:58:12.450993852Z,"[""D1"",""D2"",""C1"",""A4""]",2026-08-24T21:24:57.101447954Z,true,2026-08-24T21:59:10.278241279Z,01M0TSZEY54T11A9AMGVA6T4ZB,2026-08-24T21:24:57.101447954Z,22,2026-08-24T21:24:57.101447954Z,false,2026-08-24T21:58:12.65930466Z,01M0TT7ZVRQQW92P55GPN9KMMS,2026-08-24T21:58:12.450993852Z,,,48,2026-08-24T21:24:57.101447954Z,12,2026-08-24T21:24:57.101447954Z,training,2026-08-24T21:24:57.101447954Z,1,2026-08-24T21:24:57.101447954Z,4,2026-08-24T21:24:57.101447954Z,/tangrams/279_244.png,2026-08-24T21:59:10.300744202Z,/tangrams/279_244.png,2026-08-24T21:59:06.96321023Z,1787608749386,2026-08-24T21:59:06.953982926Z,0,2026-08-24T21:24:57.101447954Z,2,2026-08-24T21:24:57.625002457Z,true,2026-08-24T21:58:12.370710548Z,"[""/tangrams/279_244.png"",""/tangrams/279_339.png"",""/tangrams/422_244.png"",""/tangrams/138_66.png""]",2026-08-24T21:24:57.101447954Z,/tangrams/279_244.png,2026-08-24T21:24:57.101447954Z,D1,2026-08-24T21:24:57.101447954Z,10,2026-08-24T21:24:57.101447954Z,21,2026-08-24T21:24:57.101447954Z
01M0TTA581ZCYX8KCJBG1MQX0S,01M0TSZV7X3D77NKMM5CDCW4Z6,2026-08-24T21:20:06.401224704Z,"[{""text"":""Arrow pointing up at the top and a diamond at the bottom with lots in between. No arrow/triangle at the bottom"",""sender"":{""id"":""01M0TT4SZRTK7MV5T48R9G1GQH"",""name"":""Minu"",""avatar"":""https://api.dicebear.com/8.x/rings/svg?seed=Minu""}}]",2026-08-24T21:47:04.442300436Z,[1787608024457],2026-08-24T21:47:04.458651328Z,,,true,2026-08-24T21:47:11.182111208Z,01M0TT4SZRTK7MV5T48R9G1GQH,2026-08-24T21:46:38.295694511Z,"[""F7"",""F1"",""F8"",""B2""]",2026-08-24T21:20:06.401224704Z,true,2026-08-24T21:47:11.16813825Z,01M0TSZV8KEDQHAT4X3FNKVS2B,2026-08-24T21:20:06.401224704Z,43,2026-08-24T21:20:06.401224704Z,false,2026-08-24T21:46:38.431531475Z,01M0TT3ZTTV22XQGZD0K61T6A4,2026-08-24T21:46:38.295694511Z,,,48,2026-08-24T21:20:06.401224704Z,12,2026-08-24T21:20:06.401224704Z,training,2026-08-24T21:20:06.401224704Z,3,2026-08-24T21:20:06.401224704Z,4,2026-08-24T21:20:06.401224704Z,/tangrams/411_352.png,2026-08-24T21:47:11.182111208Z,/tangrams/411_352.png,2026-08-24T21:47:08.014961076Z,1787608027934,2026-08-24T21:47:08.022542997Z,0,2026-08-24T21:20:06.401224704Z,2,2026-08-24T21:20:07.433522262Z,true,2026-08-24T21:46:38.242584675Z,"[""/tangrams/411_352.png"",""/tangrams/119_182.png"",""/tangrams/37_144.png"",""/tangrams/366_339.png""]",2026-08-24T21:20:06.401224704Z,/tangrams/411_352.png,2026-08-24T21:20:06.401224704Z,F7,2026-08-24T21:20:06.401224704Z,7,2026-08-24T21:20:06.401224704Z,42,2026-08-24T21:20:06.401224704Z
01M0TTA5CDX4NSDVC9DFTS295R,01M0TSZV7X3D77NKMM5CDCW4Z6,2026-08-24T21:20:06.541245334Z,"[{""text"":""too bad this is not $3 per correct answer.  we'd be rich."",""sender"":{""id"":""01M0TT3ZTTV22XQGZD0K61T6A4"",""name"":""Repi"",""avatar"":""https://api.dicebear.com/8.x/rings/svg?seed=Repi""}},{""text"":""This has a flower sort of shape at the top left, with three points sticking up there. There are three points on the right side too, pointing right"",""sender"":{""id"":""01M0TT4SZRTK7MV5T48R9G1GQH"",""name"":""Minu"",""avatar"":""https://api.dicebear.com/8.x/rings/svg?seed=Minu""}}]",2026-08-24T21:35:27.555628907Z,"[1787607318915,1787607327563]",2026-08-24T21:35:27.565534709Z,,,true,2026-08-24T21:35:38.033934562Z,01M0TT4SZRTK7MV5T48R9G1GQH,2026-08-24T21:35:01.452513254Z,"[""F1"",""F2"",""B2"",""F7""]",2026-08-24T21:20:06.541245334Z,true,2026-08-24T21:35:38.017776125Z,01M0TSZV8KEDQHAT4X3FNKVS2B,2026-08-24T21:20:06.541245334Z,17,2026-08-24T21:20:06.541245334Z,false,2026-08-24T21:35:01.577390236Z,01M0TT3ZTTV22XQGZD0K61T6A4,2026-08-24T21:35:01.452513254Z,,,48,2026-08-24T21:20:06.541245334Z,12,2026-08-24T21:20:06.541245334Z,training,2026-08-24T21:20:06.541245334Z,1,2026-08-24T21:20:06.541245334Z,4,2026-08-24T21:20:06.541245334Z,/tangrams/290_64.png,2026-08-24T21:35:38.033934562Z,/tangrams/290_64.png,2026-08-24T21:35:34.879618158Z,1787607334798,2026-08-24T21:35:34.874573833Z,0,2026-08-24T21:20:06.541245334Z,2,2026-08-24T21:20:06.960937139Z,true,2026-08-24T21:35:01.408416419Z,"[""/tangrams/119_182.png"",""/tangrams/290_64.png"",""/tangrams/366_339.png"",""/tangrams/411_352.png""]",2026-08-24T21:20:06.541245334Z,/tangrams/290_64.png,2026-08-24T21:20:06.541245334Z,F2,2026-08-24T21:20:06.541245334Z,5,2026-08-24T21:20:06.541245334Z,16,2026-08-24T21:20:06.541245334Z
01M0TTK11BVQCDYFBSDZNSKRPS,01M0TSZEX52H0PZDJFB4JNEAFW,2026-08-24T21:24:57.003711138Z,"[{""text"":""2 floor house"",""sender"":{""id"":""01M0TT7FNH08P86PFHWCV3NRS8"",""name"":""Repi"",""avatar"":""https://api.dicebear.com/8.x/rings/svg?seed=Repi""}},{""text"":""top right"",""sender"":{""id"":""01M0TT7ZVRQQW92P55GPN9KMMS"",""name"":""Minu"",""avatar"":""https://api.dicebear.com/8.x/rings/svg?seed=Minu""}},{""text"":""or bottom left"",""sender"":{""id"":""01M0TT7ZVRQQW92P55GPN9KMMS"",""name"":""Minu"",""avatar"":""https://api.dicebear.com/8.x/rings/svg?seed=Minu""}},{""text"":""hit it"",""sender"":{""id"":""01M0TT7FNH08P86PFHWCV3NRS8"",""name"":""Repi"",""avatar"":""https://api.dicebear.com/8.x/rings/svg?seed=Repi""}}]",2026-08-24T21:56:03.971356115Z,"[1787608529891,1787608541755,1787608561177,1787608563985]",2026-08-24T21:56:03.988006333Z,,,false,2026-08-24T21:56:10.792982246Z,01M0TT7FNH08P86PFHWCV3NRS8,2026-08-24T21:55:11.494129668Z,"[""C1"",""B4"",""C4"",""D3""]",2026-08-24T21:24:57.003711138Z,true,2026-08-24T21:56:10.76893995Z,01M0TSZEY54T11A9AMGVA6T4ZB,2026-08-24T21:24:57.003711138Z,18,2026-08-24T21:24:57.003711138Z,false,2026-08-24T21:55:11.680213301Z,01M0TT7ZVRQQW92P55GPN9KMMS,2026-08-24T21:55:11.494129668Z,,,48,2026-08-24T21:24:57.003711138Z,12,2026-08-24T21:24:57.003711138Z,training,2026-08-24T21:24:57.003711138Z,1,2026-08-24T21:24:57.003711138Z,4,2026-08-24T21:24:57.003711138Z,/tangrams/366_66.png,2026-08-24T21:56:10.792982246Z,/tangrams/366_66.png,2026-08-24T21:56:07.602592256Z,1787608570022,2026-08-24T21:56:07.593581789Z,0,2026-08-24T21:24:57.003711138Z,2,2026-08-24T21:24:57.563552939Z,true,2026-08-24T21:55:11.436806065Z,"[""/tangrams/422_244.png"",""/tangrams/366_66.png"",""/tangrams/422_66.png"",""/tangrams/279_405.png""]",2026-08-24T21:24:57.003711138Z,/tangrams/422_66.png,2026-08-24T21:24:57.003711138Z,C4,2026-08-24T21:24:57.003711138Z,6,2026-08-24T21:24:57.003711138Z,17,2026-08-24T21:24:57.003711138Z
01M0TTKN29EX3G7KK3QV3N9QA6,01M0TSZEX52H0PZDJFB4JNEAFW,2026-08-24T21:25:17.513410024Z,"[{""text"":""diamond and triangle below"",""sender"":{""id"":""01M0TTF3ADJ36CYQBD8356XFNQ"",""name"":""Minu"",""avatar"":""https://api.dicebear.com/8.x/rings/svg?seed=Minu""}}]",2026-08-24T21:50:16.771363994Z,[1787608216784],2026-08-24T21:50:16.786108628Z,,,true,2026-08-24T21:50:23.365230611Z,01M0TTF3ADJ36CYQBD8356XFNQ,2026-08-24T21:50:07.658420814Z,"[""B1"",""A3"",""C4"",""D2""]",2026-08-24T21:25:17.513410024Z,true,2026-08-24T21:50:23.346766903Z,01M0TSZEY173D8F3KEP071GR06,2026-08-24T21:25:17.513410024Z,37,2026-08-24T21:25:17.513410024Z,false,2026-08-24T21:50:07.794007135Z,01M0TT55D1DRDQ3JPT1CDTT5VN,2026-08-24T21:50:07.658420814Z,,,48,2026-08-24T21:25:17.513410024Z,12,2026-08-24T21:25:17.513410024Z,training,2026-08-24T21:25:17.513410024Z,3,2026-08-24T21:25:17.513410024Z,4,2026-08-24T21:25:17.513410024Z,/tangrams/366_244.png,2026-08-24T21:50:23.365230611Z,/tangrams/366_244.png,2026-08-24T21:50:20.175689385Z,1787608219866,2026-08-24T21:50:20.167539808Z,0,2026-08-24T21:25:17.513410024Z,2,2026-08-24T21:25:18.305069066Z,true,2026-08-24T21:50:07.606744825Z,"[""/tangrams/366_244.png"",""/tangrams/138_405.png"",""/tangrams/422_66.png"",""/tangrams/279_339.png""]",2026-08-24T21:25:17.513410024Z,/tangrams/366_244.png,2026-08-24T21:25:17.513410024Z,B1,2026-08-24T21:25:17.513410024Z,1,2026-08-24T21:25:17.513410024Z,36,2026-08-24T21:25:17.513410024Z
01M0TTTPQX9WBG7KGWW53TDTJV,01M0TSZV7X3D77NKMM5CDCW4Z6,2026-08-24T21:29:08.605997262Z,"[{""text"":""A bird face with a diamond like shape for a head"",""sender"":{""id"":""01M0TTBQPRE9XMJHBPDKM8GTC4"",""name"":""Minu"",""avatar"":""https://api.dicebear.com/8.x/rings/svg?seed=Minu""}}]",2026-08-24T21:59:54.420267537Z,[1787608794435],2026-08-24T21:59:54.436948982Z,,,false,2026-08-24T22:00:06.180593796Z,01M0TTBQPRE9XMJHBPDKM8GTC4,2026-08-24T21:59:31.173909047Z,"[""A2"",""C1"",""D3"",""D1""]",2026-08-24T21:29:08.605997262Z,true,2026-08-24T22:00:06.159322555Z,01M0TSZV8KEDQHAT4X33M1GG1C,2026-08-24T21:29:08.605997262Z,25,2026-08-24T21:29:08.605997262Z,false,2026-08-24T21:59:31.374455177Z,01M0TT467Q69C5HQ20GW6FRRF2,2026-08-24T21:59:31.173909047Z,,,48,2026-08-24T21:29:08.605997262Z,12,2026-08-24T21:29:08.605997262Z,training,2026-08-24T21:29:08.605997262Z,2,2026-08-24T21:29:08.605997262Z,4,2026-08-24T21:29:08.605997262Z,/tangrams/66_441.png,2026-08-24T22:00:06.180593796Z,/tangrams/66_441.png,2026-08-24T22:00:02.968960697Z,1787608800206,2026-08-24T22:00:02.959504149Z,1,2026-08-24T21:29:08.605997262Z,2,2026-08-24T21:29:09.63857559Z,true,2026-08-24T21:59:31.104099649Z,"[""/tangrams/66_441.png"",""/tangrams/202_314.png"",""/tangrams/20_24.png"",""/tangrams/20_314.png""]",2026-08-24T21:29:08.605997262Z,/tangrams/20_314.png,2026-08-24T21:29:08.605997262Z,D1,2026-08-24T21:29:08.605997262Z,1,2026-08-24T21:29:08.605997262Z,24,2026-08-24T21:29:08.605997262Z
01M0TT9KJ35Q4935R1ZKN7RKHA,01M0TSZGJXR0N6DNTNARWRMFQ4,2026-08-24T21:19:48.291649268Z,,,,,,,,,,,"[""D3"",""A2"",""B4"",""C1""]",2026-08-24T21:19:48.291649268Z,false,2026-08-24T21:19:48.291649268Z,01M0TSZGKE32G3R2H2EPQFBQNN,2026-08-24T21:19:48.291649268Z,46,2026-08-24T21:19:48.291649268Z,,,,,,,48,2026-08-24T21:19:48.291649268Z,12,2026-08-24T21:19:48.291649268Z,training,2026-08-24T21:19:48.291649268Z,3,2026-08-24T21:19:48.291649268Z,4,2026-08-24T21:19:48.291649268Z,,,,2026-08-24T21:19:48.291649268Z,,,0,2026-08-24T21:19:48.291649268Z,2,2026-08-24T21:19:49.374534843Z,false,2026-08-24T21:19:48.291649268Z,"[""/tangrams/279_405.png"",""/tangrams/138_339.png"",""/tangrams/366_66.png"",""/tangrams/422_244.png""]",2026-08-24T21:19:48.291649268Z,/tangrams/279_405.png,2026-08-24T21:19:48.291649268Z,D3,2026-08-24T21:19:48.291649268Z,10,2026-08-24T21:19:48.291649268Z,45,2026-08-24T21:19:48.291649268Z
01M0TT9KK99X4VBVW87YT5TRAE,01M0TSZGJXR0N6DNTNARWRMFQ4,2026-08-24T21:19:48.329054318Z,,,,,,,,,,,"[""D3"",""A2"",""B4"",""C1""]",2026-08-24T21:19:48.329054318Z,false,2026-08-24T21:19:48.329054318Z,01M0TSZGKE32G3R2H2EPQFBQNN,2026-08-24T21:19:48.329054318Z,32,2026-08-24T21:19:48.329054318Z,,,,,,,48,2026-08-24T21:19:48.329054318Z,12,2026-08-24T21:19:48.329054318Z,training,2026-08-24T21:19:48.329054318Z,2,2026-08-24T21:19:48.329054318Z,4,2026-08-24T21:19:48.329054318Z,,,,2026-08-24T21:19:48.329054318Z,,,0,2026-08-24T21:19:48.329054318Z,2,2026-08-24T21:19:49.134875691Z,false,2026-08-24T21:19:48.329054318Z,"[""/tangrams/279_405.png"",""/tangrams/138_339.png"",""/tangrams/366_66.png"",""/tangrams/422_244.png""]",2026-08-24T21:19:48.329054318Z,/tangrams/138_339.png,2026-08-24T21:19:48.329054318Z,A2,2026-08-24T21:19:48.329054318Z,8,2026-08-24T21:19:48.329054318Z,31,2026-08-24T21:19:48.329054318Z
01M0TTYQ5BP8HDRT8B34E2366Y,01M0TTMTH8JPTHXWGXYEY1VFR8,2026-08-24T21:31:20.10734947Z,,,,,,,,,,,"[""D3"",""A2"",""C1"",""D1""]",2026-08-24T21:31:20.10734947Z,false,2026-08-24T21:31:20.10734947Z,01M0TTMWMDPGAHQRDA7BZJ8FEZ,2026-08-24T21:31:20.10734947Z,42,2026-08-24T21:31:20.10734947Z,,,,,,,48,2026-08-24T21:31:20.10734947Z,12,2026-08-24T21:31:20.10734947Z,training,2026-08-24T21:31:20.10734947Z,3,2026-08-24T21:31:20.10734947Z,4,2026-08-24T21:31:20.10734947Z,,,,2026-08-24T21:31:20.10734947Z,,,1,2026-08-24T21:31:20.10734947Z,2,2026-08-24T21:31:22.331745832Z,false,2026-08-24T21:31:20.10734947Z,"[""/tangrams/20_24.png"",""/tangrams/66_441.png"",""/tangrams/202_314.png"",""/tangrams/20_314.png""]",2026-08-24T21:31:20.10734947Z,/tangrams/20_314.png,2026-08-24T21:31:20.10734947Z,D1,2026-08-24T21:31:20.10734947Z,6,2026-08-24T21:31:20.10734947Z,41,2026-08-24T21:31:20.10734947Z
01M0TV7JMESYCP2HMS3NN08X9V,01M0TTMTH8JPTHXWGXYEY1VFR8,2026-08-24T21:36:10.389901417Z,"[{""text"":""Big chunky arrow pointing right looks like a house on its side"",""sender"":{""id"":""01M0TV363Y2QH3CGTPHSZR512P"",""name"":""Minu"",""avatar"":""https://api.dicebear.com/8.x/rings/svg?seed=Minu""}}]",2026-08-24T21:55:40.74955856Z,[1787608540834],2026-08-24T21:55:40.835636666Z,,,true,2026-08-24T21:55:50.029164955Z,01M0TV363Y2QH3CGTPHSZR512P,2026-08-24T21:55:23.895451281Z,"[""A2"",""D1"",""C4"",""B3""]",2026-08-24T21:36:10.389901417Z,true,2026-08-24T21:55:50.005227008Z,01M0TTMWM9GSP2NP0T4CET96EB,2026-08-24T21:36:10.389901417Z,21,2026-08-24T21:36:10.389901417Z,false,2026-08-24T21:55:24.181855052Z,01M0TTRGJ55RK21NQM11GGHNRN,2026-08-24T21:55:23.895451281Z,,,48,2026-08-24T21:36:10.389901417Z,12,2026-08-24T21:36:10.389901417Z,training,2026-08-24T21:36:10.389901417Z,1,2026-08-24T21:36:10.389901417Z,4,2026-08-24T21:36:10.389901417Z,/tangrams/66_441.png,2026-08-24T21:55:50.029164955Z,/tangrams/66_441.png,2026-08-24T21:55:46.838277829Z,1787608547327,2026-08-24T21:55:46.845841866Z,1,2026-08-24T21:36:10.389901417Z,2,2026-08-24T21:36:11.495128481Z,true,2026-08-24T21:55:23.82970095Z,"[""/tangrams/66_441.png"",""/tangrams/20_314.png"",""/tangrams/202_464.png"",""/tangrams/348_24.png""]",2026-08-24T21:36:10.389901417Z,/tangrams/66_441.png,2026-08-24T21:36:10.389901417Z,A2,2026-08-24T21:36:10.389901417Z,9,2026-08-24T21:36:10.389901417Z,20,2026-08-24T21:36:10.389901417Z
01M0TTKD91R2Q585TVMH4X45DJ,01M0TSZGJXR0N6DNTNARWRMFQ4,2026-08-24T21:25:09.537374973Z,,,,,,,,,,,"[""A2"",""A3"",""B4"",""C2""]",2026-08-24T21:25:09.537374973Z,false,2026-08-24T21:25:09.537374973Z,01M0TSZGKM72FFW193EYG47F25,2026-08-24T21:25:09.537374973Z,48,2026-08-24T21:25:09.537374973Z,,,,,,,48,2026-08-24T21:25:09.537374973Z,12,2026-08-24T21:25:09.537374973Z,training,2026-08-24T21:25:09.537374973Z,3,2026-08-24T21:25:09.537374973Z,4,2026-08-24T21:25:09.537374973Z,,,,2026-08-24T21:25:09.537374973Z,,,0,2026-08-24T21:25:09.537374973Z,2,2026-08-24T21:25:10.773951347Z,false,2026-08-24T21:25:09.537374973Z,"[""/tangrams/138_339.png"",""/tangrams/138_405.png"",""/tangrams/366_66.png"",""/tangrams/422_339.png""]",2026-08-24T21:25:09.537374973Z,/tangrams/138_339.png,2026-08-24T21:25:09.537374973Z,A2,2026-08-24T21:25:09.537374973Z,12,2026-08-24T21:25:09.537374973Z,47,2026-08-24T21:25:09.537374973Z
01M0TTMQXVANE21X4NVVPKWBMZ,01M0TSZV7X3D77NKMM5CDCW4Z6,2026-08-24T21:25:53.211085503Z,"[{""text"":""triangle bottom left"",""sender"":{""id"":""01M0TT4SREDP4QR1H8V4E3X5G9"",""name"":""Minu"",""avatar"":""https://api.dicebear.com/8.x/rings/svg?seed=Minu""}}]",2026-08-24T21:50:28.889395191Z,[1787608228902],2026-08-24T21:50:28.90355119Z,,,true,2026-08-24T21:50:37.273882915Z,01M0TT4SREDP4QR1H8V4E3X5G9,2026-08-24T21:50:22.130487821Z,"[""C4"",""A3"",""B1"",""D2""]",2026-08-24T21:25:53.211085503Z,true,2026-08-24T21:50:37.251470385Z,01M0TSZV8ERABP36QP2627EVMT,2026-08-24T21:25:53.211085503Z,33,2026-08-24T21:25:53.211085503Z,false,2026-08-24T21:50:22.281318581Z,01M0TT4JP6VSYSTADD58E33WM9,2026-08-24T21:50:22.130487821Z,,,48,2026-08-24T21:25:53.211085503Z,12,2026-08-24T21:25:53.211085503Z,training,2026-08-24T21:25:53.211085503Z,2,2026-08-24T21:25:53.211085503Z,4,2026-08-24T21:25:53.211085503Z,/tangrams/20_441.png,2026-08-24T21:50:37.273882915Z,/tangrams/20_441.png,2026-08-24T21:50:34.096438924Z,1787608232518,2026-08-24T21:50:34.088719875Z,1,2026-08-24T21:25:53.211085503Z,2,2026-08-24T21:25:54.06810835Z,true,2026-08-24T21:50:22.064861143Z,"[""/tangrams/202_464.png"",""/tangrams/66_24.png"",""/tangrams/348_314.png"",""/tangrams/20_441.png""]",2026-08-24T21:25:53.211085503Z,/tangrams/20_441.png,2026-08-24T21:25:53.211085503Z,D2,2026-08-24T21:25:53.211085503Z,9,2026-08-24T21:25:53.211085503Z,32,2026-08-24T21:25:53.211085503Z
01M0TTMQVFK2TWJW2E1D4CWJA4,01M0TSZV7X3D77NKMM5CDCW4Z6,2026-08-24T21:25:53.135595274Z,"[{""text"":""2 mountains left side no box in it"",""sender"":{""id"":""01M0TT4JP6VSYSTADD58E33WM9"",""name"":""Repi"",""avatar"":""https://api.dicebear.com/8.x/rings/svg?seed=Repi""}}]",2026-08-24T21:46:14.121458516Z,[1787607974133],2026-08-24T21:46:14.134659719Z,,,true,2026-08-24T21:46:41.222089754Z,01M0TT4JP6VSYSTADD58E33WM9,2026-08-24T21:45:50.517382596Z,"[""B4"",""C1"",""A3"",""D2""]",2026-08-24T21:25:53.135595274Z,true,2026-08-24T21:46:41.208373084Z,01M0TSZV8ERABP36QP2627EVMT,2026-08-24T21:25:53.135595274Z,24,2026-08-24T21:25:53.135595274Z,false,2026-08-24T21:45:50.718201886Z,01M0TT4SREDP4QR1H8V4E3X5G9,2026-08-24T21:45:50.517382596Z,,,48,2026-08-24T21:25:53.135595274Z,12,2026-08-24T21:25:53.135595274Z,training,2026-08-24T21:25:53.135595274Z,1,2026-08-24T21:25:53.135595274Z,4,2026-08-24T21:25:53.135595274Z,/tangrams/202_314.png,2026-08-24T21:46:41.222089754Z,/tangrams/202_314.png,2026-08-24T21:46:37.937853305Z,1787607996985,2026-08-24T21:46:37.931572995Z,1,2026-08-24T21:25:53.135595274Z,2,2026-08-24T21:25:53.893472383Z,true,2026-08-24T21:45:50.374002909Z,"[""/tangrams/348_464.png"",""/tangrams/202_314.png"",""/tangrams/66_24.png"",""/tangrams/20_441.png""]",2026-08-24T21:25:53.135595274Z,/tangrams/202_314.png,2026-08-24T21:25:53.135595274Z,C1,2026-08-24T21:25:53.135595274Z,12,2026-08-24T21:25:53.135595274Z,23,2026-08-24T21:25:53.135595274Z
01M0TV7K0SH0YWD0PCFWXCP4T8,01M0TTMTH8JPTHXWGXYEY1VFR8,2026-08-24T21:36:10.777895735Z,"[{""text"":""white rectangle"",""sender"":{""id"":""01M0TV363Y2QH3CGTPHSZR512P"",""name"":""Minu"",""avatar"":""https://api.dicebear.com/8.x/rings/svg?seed=Minu""}}]",2026-08-24T21:57:21.841645035Z,[1787608641870],2026-08-24T21:57:21.87215475Z,,,true,2026-08-24T21:57:30.492621663Z,01M0TV363Y2QH3CGTPHSZR512P,2026-08-24T21:57:15.155984987Z,"[""B1"",""A3"",""D2"",""C4""]",2026-08-24T21:36:10.777895735Z,true,2026-08-24T21:57:30.472720569Z,01M0TTMWM9GSP2NP0T4CET96EB,2026-08-24T21:36:10.777895735Z,25,2026-08-24T21:36:10.777895735Z,false,2026-08-24T21:57:15.43504355Z,01M0TTRGJ55RK21NQM11GGHNRN,2026-08-24T21:57:15.155984987Z,,,48,2026-08-24T21:36:10.777895735Z,12,2026-08-24T21:36:10.777895735Z,training,2026-08-24T21:36:10.777895735Z,2,2026-08-24T21:36:10.777895735Z,4,2026-08-24T21:36:10.777895735Z,/tangrams/66_24.png,2026-08-24T21:57:30.492621663Z,/tangrams/66_24.png,2026-08-24T21:57:27.301792926Z,1787608647788,2026-08-24T21:57:27.309653488Z,1,2026-08-24T21:36:10.777895735Z,2,2026-08-24T21:36:11.615254374Z,true,2026-08-24T21:57:15.094274689Z,"[""/tangrams/348_314.png"",""/tangrams/66_24.png"",""/tangrams/20_441.png"",""/tangrams/202_464.png""]",2026-08-24T21:36:10.777895735Z,/tangrams/66_24.png,2026-08-24T21:36:10.777895735Z,A3,2026-08-24T21:36:10.777895735Z,1,2026-08-24T21:36:10.777895735Z,24,2026-08-24T21:36:10.777895735Z
01M0TTK10PNVC42JJQDKQ51ZNS,01M0TSZEX52H0PZDJFB4JNEAFW,2026-08-24T21:24:56.982170015Z,"[{""text"":""loose roof"",""sender"":{""id"":""01M0TT7FNH08P86PFHWCV3NRS8"",""name"":""Repi"",""avatar"":""https://api.dicebear.com/8.x/rings/svg?seed=Repi""}}]",2026-08-24T22:14:25.477604337Z,[1787609665498],2026-08-24T22:14:25.501954974Z,,,false,2026-08-24T22:14:37.842257465Z,01M0TT7FNH08P86PFHWCV3NRS8,2026-08-24T22:14:10.658655993Z,"[""A4"",""B4"",""B1"",""D2""]",2026-08-24T21:24:56.982170015Z,true,2026-08-24T22:14:37.81058529Z,01M0TSZEY54T11A9AMGVA6T4ZB,2026-08-24T21:24:56.982170015Z,48,2026-08-24T21:24:56.982170015Z,false,2026-08-24T22:14:10.857572653Z,01M0TT7ZVRQQW92P55GPN9KMMS,2026-08-24T22:14:10.658655993Z,,,48,2026-08-24T21:24:56.982170015Z,12,2026-08-24T21:24:56.982170015Z,training,2026-08-24T21:24:56.982170015Z,3,2026-08-24T21:24:56.982170015Z,4,2026-08-24T21:24:56.982170015Z,/tangrams/366_244.png,2026-08-24T22:14:37.842257465Z,/tangrams/366_244.png,2026-08-24T22:14:34.509052046Z,1787609676911,2026-08-24T22:14:34.479920026Z,0,2026-08-24T21:24:56.982170015Z,2,2026-08-24T21:24:58.180881514Z,true,2026-08-24T22:14:10.575693532Z,"[""/tangrams/138_66.png"",""/tangrams/366_66.png"",""/tangrams/366_244.png"",""/tangrams/279_339.png""]",2026-08-24T21:24:56.982170015Z,/tangrams/366_66.png,2026-08-24T21:24:56.982170015Z,B4,2026-08-24T21:24:56.982170015Z,12,2026-08-24T21:24:56.982170015Z,47,2026-08-24T21:24:56.982170015Z
01M0TTK10ZCMSPREAG8TVE7V4Q,01M0TSZEX52H0PZDJFB4JNEAFW,2026-08-24T21:24:56.991713615Z,"[{""text"":""loose roof top triangle w/ cutout and diamond hanging on botton"",""sender"":{""id"":""01M0TT7FNH08P86PFHWCV3NRS8"",""name"":""Repi"",""avatar"":""https://api.dicebear.com/8.x/rings/svg?seed=Repi""}}]",2026-08-24T21:49:56.627141036Z,[1787608196676],2026-08-24T21:49:56.67736226Z,,,false,2026-08-24T21:50:06.469578577Z,01M0TT7FNH08P86PFHWCV3NRS8,2026-08-24T21:49:12.55069964Z,"[""C1"",""B3"",""B1"",""A4""]",2026-08-24T21:24:56.991713615Z,true,2026-08-24T21:50:06.453807314Z,01M0TSZEY54T11A9AMGVA6T4ZB,2026-08-24T21:24:56.991713615Z,10,2026-08-24T21:24:56.991713615Z,false,2026-08-24T21:49:12.730845738Z,01M0TT7ZVRQQW92P55GPN9KMMS,2026-08-24T21:49:12.55069964Z,,,48,2026-08-24T21:24:56.991713615Z,12,2026-08-24T21:24:56.991713615Z,training,2026-08-24T21:24:56.991713615Z,0,2026-08-24T21:24:56.991713615Z,4,2026-08-24T21:24:56.991713615Z,/tangrams/366_405.png,2026-08-24T21:50:06.469578577Z,/tangrams/366_405.png,2026-08-24T21:50:03.274050862Z,1787608205666,2026-08-24T21:50:03.282244886Z,0,2026-08-24T21:24:56.991713615Z,2,2026-08-24T21:24:57.438013522Z,true,2026-08-24T21:49:12.483494794Z,"[""/tangrams/422_244.png"",""/tangrams/366_405.png"",""/tangrams/366_244.png"",""/tangrams/138_66.png""]",2026-08-24T21:24:56.991713615Z,/tangrams/366_244.png,2026-08-24T21:24:56.991713615Z,B1,2026-08-24T21:24:56.991713615Z,10,2026-08-24T21:24:56.991713615Z,9,2026-08-24T21:24:56.991713615Z
01M0TTEY4SGFP888K4GT3E2DPS,01M0TSZEX52H0PZDJFB4JNEAFW,2026-08-24T21:22:42.990593511Z,"[{""text"":""Triangle on top, 3 pointy edges coming out of right side"",""sender"":{""id"":""01M0TT9XXJBBQAZ4WANFPESF7T"",""name"":""Minu"",""avatar"":""https://api.dicebear.com/8.x/rings/svg?seed=Minu""}}]",2026-08-24T21:43:39.972012092Z,[1787607820015],2026-08-24T21:43:40.017197045Z,,,true,2026-08-24T21:43:52.667619007Z,01M0TT9XXJBBQAZ4WANFPESF7T,2026-08-24T21:42:57.979830178Z,"[""F7"",""F3"",""F8"",""F5""]",2026-08-24T21:22:42.990593511Z,true,2026-08-24T21:43:52.647615164Z,01M0TSZEY44B7XSP574QH2WQPJ,2026-08-24T21:22:42.990593511Z,21,2026-08-24T21:22:42.990593511Z,false,2026-08-24T21:42:58.136317366Z,01M0TT49QHQY8JQV8C5T94HHYZ,2026-08-24T21:42:57.979830178Z,,,48,2026-08-24T21:22:42.990593511Z,12,2026-08-24T21:22:42.990593511Z,training,2026-08-24T21:22:42.990593511Z,1,2026-08-24T21:22:42.990593511Z,4,2026-08-24T21:22:42.990593511Z,/tangrams/411_352.png,2026-08-24T21:43:52.667619007Z,/tangrams/411_352.png,2026-08-24T21:43:49.493093285Z,1787607829398,2026-08-24T21:43:49.499656077Z,0,2026-08-24T21:22:42.990593511Z,2,2026-08-24T21:22:43.50483276Z,true,2026-08-24T21:42:57.927598844Z,"[""/tangrams/411_352.png"",""/tangrams/170_154.png"",""/tangrams/37_144.png"",""/tangrams/456_48.png""]",2026-08-24T21:22:42.990593511Z,/tangrams/411_352.png,2026-08-24T21:22:42.990593511Z,F7,2026-08-24T21:22:42.990593511Z,9,2026-08-24T21:22:42.990593511Z,20,2026-08-24T21:22:42.990593511Z
01M0TTNREBJKF4K4R2BRYH0BSB,01M0TSZGJXR0N6DNTNARWRMFQ4,2026-08-24T21:26:26.508027123Z,,,,,,,,,,,"[""A1"",""F6"",""B2"",""F4""]",2026-08-24T21:26:26.508027123Z,false,2026-08-24T21:26:26.508027123Z,01M0TSZGKJQW5S4GCP9150DNN9,2026-08-24T21:26:26.508027123Z,44,2026-08-24T21:26:26.508027123Z,,,,,,,48,2026-08-24T21:26:26.508027123Z,12,2026-08-24T21:26:26.508027123Z,training,2026-08-24T21:26:26.508027123Z,3,2026-08-24T21:26:26.508027123Z,4,2026-08-24T21:26:26.508027123Z,,,,2026-08-24T21:26:26.508027123Z,,,1,2026-08-24T21:26:26.508027123Z,2,2026-08-24T21:26:27.744648967Z,false,2026-08-24T21:26:26.508027123Z,"[""/tangrams/66_314.png"",""/tangrams/98_302.png"",""/tangrams/348_441.png"",""/tangrams/40_345.png""]",2026-08-24T21:26:26.508027123Z,/tangrams/66_314.png,2026-08-24T21:26:26.508027123Z,A1,2026-08-24T21:26:26.508027123Z,8,2026-08-24T21:26:26.508027123Z,43,2026-08-24T21:26:26.508027123Z
01M0TV7JNR1T9J63G7H07N8PNB,01M0TTMTH8JPTHXWGXYEY1VFR8,2026-08-24T21:36:10.424962451Z,"[{""text"":""a really big cchunky arrow pointing right"",""sender"":{""id"":""01M0TV363Y2QH3CGTPHSZR512P"",""name"":""Minu"",""avatar"":""https://api.dicebear.com/8.x/rings/svg?seed=Minu""}}]",2026-08-24T21:51:24.267497606Z,[1787608284279],2026-08-24T21:51:24.280574996Z,,,true,2026-08-24T21:51:45.802493687Z,01M0TV363Y2QH3CGTPHSZR512P,2026-08-24T21:50:56.104290116Z,"[""D3"",""B4"",""A2"",""C1""]",2026-08-24T21:36:10.424962451Z,true,2026-08-24T21:51:45.783600822Z,01M0TTMWM9GSP2NP0T4CET96EB,2026-08-24T21:36:10.424962451Z,11,2026-08-24T21:36:10.424962451Z,false,2026-08-24T21:50:56.37734587Z,01M0TTRGJ55RK21NQM11GGHNRN,2026-08-24T21:50:56.104290116Z,,,48,2026-08-24T21:36:10.424962451Z,12,2026-08-24T21:36:10.424962451Z,training,2026-08-24T21:36:10.424962451Z,0,2026-08-24T21:36:10.424962451Z,4,2026-08-24T21:36:10.424962451Z,/tangrams/66_441.png,2026-08-24T21:51:45.802493687Z,/tangrams/66_441.png,2026-08-24T21:51:42.651683725Z,1787608303143,2026-08-24T21:51:42.658636534Z,1,2026-08-24T21:36:10.424962451Z,2,2026-08-24T21:36:11.22616724Z,true,2026-08-24T21:50:56.048460365Z,"[""/tangrams/20_24.png"",""/tangrams/348_464.png"",""/tangrams/66_441.png"",""/tangrams/202_314.png""]",2026-08-24T21:36:10.424962451Z,/tangrams/66_441.png,2026-08-24T21:36:10.424962451Z,A2,2026-08-24T21:36:10.424962451Z,11,2026-08-24T21:36:10.424962451Z,10,2026-08-24T21:36:10.424962451Z
01M0TVK9KSN64GN8K4NSTBEPV0,01M0TTMTH8JPTHXWGXYEY1VFR8,2026-08-24T21:42:34.361401502Z,"[{""text"":""kinda like a claw"",""sender"":{""id"":""01M0TV8YZXT0HY97VC3QNJABKN"",""name"":""Repi"",""avatar"":""https://api.dicebear.com/8.x/rings/svg?seed=Repi""}}]",2026-08-24T21:53:27.244482527Z,[1787608407257],2026-08-24T21:53:27.258532753Z,,,true,2026-08-24T21:53:33.987912862Z,01M0TV8YZXT0HY97VC3QNJABKN,2026-08-24T21:53:17.849593504Z,"[""D4"",""F8"",""B2"",""F5""]",2026-08-24T21:42:34.361401502Z,true,2026-08-24T21:53:33.968532082Z,01M0TTMWMG725DJ5GA5M4WD8SY,2026-08-24T21:42:34.361401502Z,16,2026-08-24T21:42:34.361401502Z,false,2026-08-24T21:53:18.01037989Z,01M0TVD4RDDZ2GPYA2W2TBJY2J,2026-08-24T21:53:17.849593504Z,,,48,2026-08-24T21:42:34.361401502Z,12,2026-08-24T21:42:34.361401502Z,training,2026-08-24T21:42:34.361401502Z,1,2026-08-24T21:42:34.361401502Z,4,2026-08-24T21:42:34.361401502Z,/tangrams/374_400.png,2026-08-24T21:53:33.987912862Z,/tangrams/374_400.png,2026-08-24T21:53:30.812697952Z,1787608410721,2026-08-24T21:53:30.804067112Z,1,2026-08-24T21:42:34.361401502Z,2,2026-08-24T21:42:35.459478739Z,true,2026-08-24T21:53:17.800447783Z,"[""/tangrams/20_464.png"",""/tangrams/374_400.png"",""/tangrams/348_441.png"",""/tangrams/4_159.png""]",2026-08-24T21:42:34.361401502Z,/tangrams/374_400.png,2026-08-24T21:42:34.361401502Z,F8,2026-08-24T21:42:34.361401502Z,4,2026-08-24T21:42:34.361401502Z,15,2026-08-24T21:42:34.361401502Z
01M0TVK9NB7PM3WXW55YWAV3D2,01M0TTMTH8JPTHXWGXYEY1VFR8,2026-08-24T21:42:34.411373544Z,"[{""text"":""hole"",""sender"":{""id"":""01M0TV8YZXT0HY97VC3QNJABKN"",""name"":""Repi"",""avatar"":""https://api.dicebear.com/8.x/rings/svg?seed=Repi""}}]",2026-08-24T21:54:22.300527047Z,[1787608462313],2026-08-24T21:54:22.314818717Z,,,true,2026-08-24T21:54:27.298262082Z,01M0TV8YZXT0HY97VC3QNJABKN,2026-08-24T21:54:17.22401826Z,"[""F8"",""F4"",""C3"",""D4""]",2026-08-24T21:42:34.411373544Z,true,2026-08-24T21:54:27.272679091Z,01M0TTMWMG725DJ5GA5M4WD8SY,2026-08-24T21:42:34.411373544Z,20,2026-08-24T21:42:34.411373544Z,false,2026-08-24T21:54:17.401544486Z,01M0TVD4RDDZ2GPYA2W2TBJY2J,2026-08-24T21:54:17.22401826Z,,,48,2026-08-24T21:42:34.411373544Z,12,2026-08-24T21:42:34.411373544Z,training,2026-08-24T21:42:34.411373544Z,1,2026-08-24T21:42:34.411373544Z,4,2026-08-24T21:42:34.411373544Z,/tangrams/202_24.png,2026-08-24T21:54:27.298262082Z,/tangrams/202_24.png,2026-08-24T21:54:24.059262274Z,1787608463979,2026-08-24T21:54:24.051127679Z,1,2026-08-24T21:42:34.411373544Z,2,2026-08-24T21:42:35.58372604Z,true,2026-08-24T21:54:17.159890202Z,"[""/tangrams/374_400.png"",""/tangrams/40_345.png"",""/tangrams/202_24.png"",""/tangrams/20_464.png""]",2026-08-24T21:42:34.411373544Z,/tangrams/202_24.png,2026-08-24T21:42:34.411373544Z,C3,2026-08-24T21:42:34.411373544Z,8,2026-08-24T21:42:34.411373544Z,19,2026-08-24T21:42:34.411373544Z
01M0TVK9Q7GX75E794JT5H3XSB,01M0TTMTH8JPTHXWGXYEY1VFR8,2026-08-24T21:42:34.471642532Z,"[{""text"":""looks like a weird butterfly"",""sender"":{""id"":""01M0TV8YZXT0HY97VC3QNJABKN"",""name"":""Repi"",""avatar"":""https://api.dicebear.com/8.x/rings/svg?seed=Repi""}}]",2026-08-24T21:55:33.744579938Z,[1787608533758],2026-08-24T21:55:33.759818742Z,,,true,2026-08-24T21:55:40.627389536Z,01M0TV8YZXT0HY97VC3QNJABKN,2026-08-24T21:55:22.306279815Z,"[""F7"",""A1"",""F8"",""F4""]",2026-08-24T21:42:34.471642532Z,true,2026-08-24T21:55:40.605081387Z,01M0TTMWMG725DJ5GA5M4WD8SY,2026-08-24T21:42:34.471642532Z,24,2026-08-24T21:42:34.471642532Z,false,2026-08-24T21:55:22.498463354Z,01M0TVD4RDDZ2GPYA2W2TBJY2J,2026-08-24T21:55:22.306279815Z,,,48,2026-08-24T21:42:34.471642532Z,12,2026-08-24T21:42:34.471642532Z,training,2026-08-24T21:42:34.471642532Z,1,2026-08-24T21:42:34.471642532Z,4,2026-08-24T21:42:34.471642532Z,/tangrams/157_426.png,2026-08-24T21:55:40.627389536Z,/tangrams/157_426.png,2026-08-24T21:55:37.443253294Z,1787608537362,2026-08-24T21:55:37.434470356Z,1,2026-08-24T21:42:34.471642532Z,2,2026-08-24T21:42:35.728026387Z,true,2026-08-24T21:55:22.244394565Z,"[""/tangrams/157_426.png"",""/tangrams/66_314.png"",""/tangrams/374_400.png"",""/tangrams/40_345.png""]",2026-08-24T21:42:34.471642532Z,/tangrams/157_426.png,2026-08-24T21:42:34.471642532Z,F7,2026-08-24T21:42:34.471642532Z,12,2026-08-24T21:42:34.471642532Z,23,2026-08-24T21:42:34.471642532Z
01M0TTA5757XQVVXF9FJ98YGAT,01M0TSZV7X3D77NKMM5CDCW4Z6,2026-08-24T21:20:06.37381461Z,,,,,,,,,,,,,true,2026-08-24T21:22:57.170229617Z,01M0TSZV8KEDQHAT4X3FNKVS2B,2026-08-24T21:20:06.37381461Z,0,2026-08-24T21:20:06.37381461Z,false,2026-08-24T21:20:10.659599244Z,,,8,2026-08-24T21:20:06.37381461Z,,,,,pretest,2026-08-24T21:20:06.37381461Z,,,,,,,,2026-08-24T21:20:10.539602286Z,,,,,1,2026-08-24T21:20:06.639299077Z,true,2026-08-24T21:20:07.851082454Z,[],2026-08-24T21:20:06.37381461Z,,2026-08-24T21:20:06.37381461Z,,,,,,
01M0TTEY2RD7JP52P8H0GFRMZ9,01M0TSZEX52H0PZDJFB4JNEAFW,2026-08-24T21:22:42.904982352Z,"[{""text"":""Looks like a flower with two triangles poking out of the right side"",""sender"":{""id"":""01M0TT49QHQY8JQV8C5T94HHYZ"",""name"":""Repi"",""avatar"":""https://api.dicebear.com/8.x/rings/svg?seed=Repi""}}]",2026-08-24T21:32:33.765087024Z,[1787607153773],2026-08-24T21:32:33.775995669Z,,,true,2026-08-24T21:32:41.428219307Z,01M0TT49QHQY8JQV8C5T94HHYZ,2026-08-24T21:31:50.122750728Z,"[""F7"",""F2"",""F4"",""F3""]",2026-08-24T21:22:42.904982352Z,true,2026-08-24T21:32:41.412253634Z,01M0TSZEY44B7XSP574QH2WQPJ,2026-08-24T21:22:42.904982352Z,6,2026-08-24T21:22:42.904982352Z,false,2026-08-24T21:31:50.296797256Z,01M0TT9XXJBBQAZ4WANFPESF7T,2026-08-24T21:31:50.122750728Z,,,48,2026-08-24T21:22:42.904982352Z,12,2026-08-24T21:22:42.904982352Z,training,2026-08-24T21:22:42.904982352Z,0,2026-08-24T21:22:42.904982352Z,4,2026-08-24T21:22:42.904982352Z,/tangrams/290_64.png,2026-08-24T21:32:41.428219307Z,/tangrams/290_64.png,2026-08-24T21:32:38.25981479Z,1787607157964,2026-08-24T21:32:38.248771862Z,0,2026-08-24T21:22:42.904982352Z,2,2026-08-24T21:22:43.262574538Z,true,2026-08-24T21:31:50.063173821Z,"[""/tangrams/411_352.png"",""/tangrams/290_64.png"",""/tangrams/434_227.png"",""/tangrams/170_154.png""]",2026-08-24T21:22:42.904982352Z,/tangrams/290_64.png,2026-08-24T21:22:42.904982352Z,F2,2026-08-24T21:22:42.904982352Z,6,2026-08-24T21:22:42.904982352Z,5,2026-08-24T21:22:42.904982352Z
01M0TTNRE2X8FMPFKM0R8X9986,01M0TSZGJXR0N6DNTNARWRMFQ4,2026-08-24T21:26:26.498911431Z,,,,,,,,,,,"[""F6"",""F7"",""A1"",""B2""]",2026-08-24T21:26:26.498911431Z,false,2026-08-24T21:26:26.498911431Z,01M0TSZGKJQW5S4GCP9150DNN9,2026-08-24T21:26:26.498911431Z,46,2026-08-24T21:26:26.498911431Z,,,,,,,48,2026-08-24T21:26:26.498911431Z,12,2026-08-24T21:26:26.498911431Z,training,2026-08-24T21:26:26.498911431Z,3,2026-08-24T21:26:26.498911431Z,4,2026-08-24T21:26:26.498911431Z,,,,2026-08-24T21:26:26.498911431Z,,,1,2026-08-24T21:26:26.498911431Z,2,2026-08-24T21:26:27.791260249Z,false,2026-08-24T21:26:26.498911431Z,"[""/tangrams/98_302.png"",""/tangrams/157_426.png"",""/tangrams/66_314.png"",""/tangrams/348_441.png""]",2026-08-24T21:26:26.498911431Z,/tangrams/348_441.png,2026-08-24T21:26:26.498911431Z,B2,2026-08-24T21:26:26.498911431Z,10,2026-08-24T21:26:26.498911431Z,45,2026-08-24T21:26:26.498911431Z
01M0TT9KFW9ZF119QQYP6EY6JJ,01M0TSZGJXR0N6DNTNARWRMFQ4,2026-08-24T21:19:48.220491592Z,,,,,,,,,,,"[""D2"",""A4"",""C1"",""B3""]",2026-08-24T21:19:48.220491592Z,false,2026-08-24T21:19:48.220491592Z,01M0TSZGKE32G3R2H2EPQFBQNN,2026-08-24T21:19:48.220491592Z,11,2026-08-24T21:19:48.220491592Z,,,,,,,48,2026-08-24T21:19:48.220491592Z,12,2026-08-24T21:19:48.220491592Z,training,2026-08-24T21:19:48.220491592Z,0,2026-08-24T21:19:48.220491592Z,4,2026-08-24T21:19:48.220491592Z,,,,2026-08-24T21:19:48.220491592Z,,,0,2026-08-24T21:19:48.220491592Z,2,2026-08-24T21:19:48.664805349Z,false,2026-08-24T21:19:48.220491592Z,"[""/tangrams/279_339.png"",""/tangrams/138_66.png"",""/tangrams/422_244.png"",""/tangrams/366_405.png""]",2026-08-24T21:19:48.220491592Z,/tangrams/422_244.png,2026-08-24T21:19:48.220491592Z,C1,2026-08-24T21:19:48.220491592Z,11,2026-08-24T21:19:48.220491592Z,10,2026-08-24T21:19:48.220491592Z
01M0TT9KKWJ8Z1KGEH8MTEHWTT,01M0TSZGJXR0N6DNTNARWRMFQ4,2026-08-24T21:19:48.348677118Z,,,,,,,,,,,"[""C1"",""D2"",""B4"",""A3""]",2026-08-24T21:19:48.348677118Z,false,2026-08-24T21:19:48.348677118Z,01M0TSZGKE32G3R2H2EPQFBQNN,2026-08-24T21:19:48.348677118Z,30,2026-08-24T21:19:48.348677118Z,,,,,,,48,2026-08-24T21:19:48.348677118Z,12,2026-08-24T21:19:48.348677118Z,training,2026-08-24T21:19:48.348677118Z,2,2026-08-24T21:19:48.348677118Z,4,2026-08-24T21:19:48.348677118Z,,,,2026-08-24T21:19:48.348677118Z,,,0,2026-08-24T21:19:48.348677118Z,2,2026-08-24T21:19:49.067220574Z,false,2026-08-24T21:19:48.348677118Z,"[""/tangrams/422_244.png"",""/tangrams/279_339.png"",""/tangrams/366_66.png"",""/tangrams/138_405.png""]",2026-08-24T21:19:48.348677118Z,/tangrams/138_405.png,2026-08-24T21:19:48.348677118Z,A3,2026-08-24T21:19:48.348677118Z,6,2026-08-24T21:19:48.348677118Z,29,2026-08-24T21:19:48.348677118Z
01M0TTKDE76XV6AW7004KMN31B,01M0TSZGJXR0N6DNTNARWRMFQ4,2026-08-24T21:25:09.703422311Z,,,,,,,,,,,"[""A3"",""C2"",""C4"",""D2""]",2026-08-24T21:25:09.703422311Z,false,2026-08-24T21:25:09.703422311Z,01M0TSZGKM72FFW193EYG47F25,2026-08-24T21:25:09.703422311Z,27,2026-08-24T21:25:09.703422311Z,,,,,,,48,2026-08-24T21:25:09.703422311Z,12,2026-08-24T21:25:09.703422311Z,training,2026-08-24T21:25:09.703422311Z,2,2026-08-24T21:25:09.703422311Z,4,2026-08-24T21:25:09.703422311Z,,,,2026-08-24T21:25:09.703422311Z,,,0,2026-08-24T21:25:09.703422311Z,2,2026-08-24T21:25:10.321760435Z,false,2026-08-24T21:25:09.703422311Z,"[""/tangrams/138_405.png"",""/tangrams/422_339.png"",""/tangrams/422_66.png"",""/tangrams/279_339.png""]",2026-08-24T21:25:09.703422311Z,/tangrams/422_339.png,2026-08-24T21:25:09.703422311Z,C2,2026-08-24T21:25:09.703422311Z,3,2026-08-24T21:25:09.703422311Z,26,2026-08-24T21:25:09.703422311Z
01M0TV7JP096BB2X1PV5ASKK97,01M0TTMTH8JPTHXWGXYEY1VFR8,2026-08-24T21:36:10.432420117Z,"[{""text"":""white rectangle"",""sender"":{""id"":""01M0TTRGJ55RK21NQM11GGHNRN"",""name"":""Repi"",""avatar"":""https://api.dicebear.com/8.x/rings/svg?seed=Repi""}}]",2026-08-24T21:50:45.113041392Z,[1787608245125],2026-08-24T21:50:45.127001423Z,,,true,2026-08-24T21:50:56.014907014Z,01M0TTRGJ55RK21NQM11GGHNRN,2026-08-24T21:50:36.669927663Z,"[""C1"",""D2"",""B4"",""A3""]",2026-08-24T21:36:10.432420117Z,true,2026-08-24T21:50:55.991011489Z,01M0TTMWM9GSP2NP0T4CET96EB,2026-08-24T21:36:10.432420117Z,10,2026-08-24T21:36:10.432420117Z,false,2026-08-24T21:50:36.986399515Z,01M0TV363Y2QH3CGTPHSZR512P,2026-08-24T21:50:36.669927663Z,,,48,2026-08-24T21:36:10.432420117Z,12,2026-08-24T21:36:10.432420117Z,training,2026-08-24T21:36:10.432420117Z,0,2026-08-24T21:36:10.432420117Z,4,2026-08-24T21:36:10.432420117Z,/tangrams/66_24.png,2026-08-24T21:50:56.014907014Z,/tangrams/66_24.png,2026-08-24T21:50:52.854507448Z,1787608251044,2026-08-24T21:50:52.846581027Z,1,2026-08-24T21:36:10.432420117Z,2,2026-08-24T21:36:11.197612782Z,true,2026-08-24T21:50:36.614725152Z,"[""/tangrams/202_314.png"",""/tangrams/20_441.png"",""/tangrams/348_464.png"",""/tangrams/66_24.png""]",2026-08-24T21:36:10.432420117Z,/tangrams/66_24.png,2026-08-24T21:36:10.432420117Z,A3,2026-08-24T21:36:10.432420117Z,10,2026-08-24T21:36:10.432420117Z,9,2026-08-24T21:36:10.432420117Z
01M0TV7JX18ANZFVC4574ERN49,01M0TTMTH8JPTHXWGXYEY1VFR8,2026-08-24T21:36:10.657445717Z,"[{""text"":""tree fell"",""sender"":{""id"":""01M0TTRGJ55RK21NQM11GGHNRN"",""name"":""Repi"",""avatar"":""https://api.dicebear.com/8.x/rings/svg?seed=Repi""}}]",2026-08-24T22:01:32.015732192Z,[1787608892031],2026-08-24T22:01:32.033374835Z,,,true,2026-08-24T22:01:40.29317476Z,01M0TTRGJ55RK21NQM11GGHNRN,2026-08-24T22:01:26.433324433Z,"[""A4"",""B3"",""C1"",""D2""]",2026-08-24T21:36:10.657445717Z,true,2026-08-24T22:01:40.266427315Z,01M0TTMWM9GSP2NP0T4CET96EB,2026-08-24T21:36:10.657445717Z,38,2026-08-24T21:36:10.657445717Z,false,2026-08-24T22:01:26.700815253Z,01M0TV363Y2QH3CGTPHSZR512P,2026-08-24T22:01:26.433324433Z,,,48,2026-08-24T21:36:10.657445717Z,12,2026-08-24T21:36:10.657445717Z,training,2026-08-24T21:36:10.657445717Z,3,2026-08-24T21:36:10.657445717Z,4,2026-08-24T21:36:10.657445717Z,/tangrams/66_464.png,2026-08-24T22:01:40.29317476Z,/tangrams/66_464.png,2026-08-24T22:01:37.084223492Z,1787608895278,2026-08-24T22:01:37.075126677Z,1,2026-08-24T21:36:10.657445717Z,2,2026-08-24T21:36:12.043796462Z,true,2026-08-24T22:01:26.371247322Z,"[""/tangrams/66_464.png"",""/tangrams/348_24.png"",""/tangrams/202_314.png"",""/tangrams/20_441.png""]",2026-08-24T21:36:10.657445717Z,/tangrams/66_464.png,2026-08-24T21:36:10.657445717Z,A4,2026-08-24T21:36:10.657445717Z,2,2026-08-24T21:36:10.657445717Z,37,2026-08-24T21:36:10.657445717Z
01M0TTEY4SGFP888K4FS0WW8C6,01M0TSZEX52H0PZDJFB4JNEAFW,2026-08-24T21:22:42.96903885Z,"[{""text"":""The one with the smile"",""sender"":{""id"":""01M0TT49QHQY8JQV8C5T94HHYZ"",""name"":""Repi"",""avatar"":""https://api.dicebear.com/8.x/rings/svg?seed=Repi""}}]",2026-08-24T21:44:12.487290326Z,[1787607852498],2026-08-24T21:44:12.499903225Z,,,true,2026-08-24T21:44:17.782741441Z,01M0TT49QHQY8JQV8C5T94HHYZ,2026-08-24T21:43:52.73540084Z,"[""B2"",""F2"",""F3"",""F6""]",2026-08-24T21:22:42.96903885Z,true,2026-08-24T21:44:17.770364762Z,01M0TSZEY44B7XSP574QH2WQPJ,2026-08-24T21:22:42.96903885Z,22,2026-08-24T21:22:42.96903885Z,false,2026-08-24T21:43:52.938880866Z,01M0TT9XXJBBQAZ4WANFPESF7T,2026-08-24T21:43:52.73540084Z,,,48,2026-08-24T21:22:42.96903885Z,12,2026-08-24T21:22:42.96903885Z,training,2026-08-24T21:22:42.96903885Z,1,2026-08-24T21:22:42.96903885Z,4,2026-08-24T21:22:42.96903885Z,/tangrams/170_154.png,2026-08-24T21:44:17.782741441Z,/tangrams/170_154.png,2026-08-24T21:44:14.614875278Z,1787607854204,2026-08-24T21:44:14.606023365Z,0,2026-08-24T21:22:42.96903885Z,2,2026-08-24T21:22:43.531327247Z,true,2026-08-24T21:43:52.689458332Z,"[""/tangrams/366_339.png"",""/tangrams/290_64.png"",""/tangrams/170_154.png"",""/tangrams/134_125.png""]",2026-08-24T21:22:42.96903885Z,/tangrams/170_154.png,2026-08-24T21:22:42.96903885Z,F3,2026-08-24T21:22:42.96903885Z,10,2026-08-24T21:22:42.96903885Z,21,2026-08-24T21:22:42.96903885Z
01M0TTKD9SKBCFS210A2F45H73,01M0TSZGJXR0N6DNTNARWRMFQ4,2026-08-24T21:25:09.561754894Z,,,,,,,,,,,"[""A4"",""B3"",""B1"",""D3""]",2026-08-24T21:25:09.561754894Z,false,2026-08-24T21:25:09.561754894Z,01M0TSZGKM72FFW193EYG47F25,2026-08-24T21:25:09.561754894Z,10,2026-08-24T21:25:09.561754894Z,,,,,,,48,2026-08-24T21:25:09.561754894Z,12,2026-08-24T21:25:09.561754894Z,training,2026-08-24T21:25:09.561754894Z,0,2026-08-24T21:25:09.561754894Z,4,2026-08-24T21:25:09.561754894Z,,,,2026-08-24T21:25:09.561754894Z,,,0,2026-08-24T21:25:09.561754894Z,2,2026-08-24T21:25:10.021958417Z,false,2026-08-24T21:25:09.561754894Z,"[""/tangrams/138_66.png"",""/tangrams/366_405.png"",""/tangrams/366_244.png"",""/tangrams/279_405.png""]",2026-08-24T21:25:09.561754894Z,/tangrams/366_405.png,2026-08-24T21:25:09.561754894Z,B3,2026-08-24T21:25:09.561754894Z,10,2026-08-24T21:25:09.561754894Z,9,2026-08-24T21:25:09.561754894Z
01M0TTMQS87BVS9AY0K570MGBQ,01M0TSZV7X3D77NKMM5CDCW4Z6,2026-08-24T21:25:53.064928741Z,"[{""text"":""same one you just described"",""sender"":{""id"":""01M0TT4SREDP4QR1H8V4E3X5G9"",""name"":""Minu"",""avatar"":""https://api.dicebear.com/8.x/rings/svg?seed=Minu""}}]",2026-08-24T21:38:50.224708541Z,[1787607530234],2026-08-24T21:38:50.235964941Z,,,true,2026-08-24T21:38:59.808990375Z,01M0TT4SREDP4QR1H8V4E3X5G9,2026-08-24T21:38:35.874723672Z,"[""C1"",""D2"",""B3"",""A4""]",2026-08-24T21:25:53.064928741Z,true,2026-08-24T21:38:59.792797936Z,01M0TSZV8ERABP36QP2627EVMT,2026-08-24T21:25:53.064928741Z,9,2026-08-24T21:25:53.064928741Z,false,2026-08-24T21:38:36.029791546Z,01M0TT4JP6VSYSTADD58E33WM9,2026-08-24T21:38:35.874723672Z,,,48,2026-08-24T21:25:53.064928741Z,12,2026-08-24T21:25:53.064928741Z,training,2026-08-24T21:25:53.064928741Z,0,2026-08-24T21:25:53.064928741Z,4,2026-08-24T21:25:53.064928741Z,/tangrams/202_314.png,2026-08-24T21:38:59.808990375Z,/tangrams/202_314.png,2026-08-24T21:38:56.64923646Z,1787607535067,2026-08-24T21:38:56.665739163Z,1,2026-08-24T21:25:53.064928741Z,2,2026-08-24T21:25:53.536939082Z,true,2026-08-24T21:38:35.83359037Z,"[""/tangrams/202_314.png"",""/tangrams/20_441.png"",""/tangrams/348_24.png"",""/tangrams/66_464.png""]",2026-08-24T21:25:53.064928741Z,/tangrams/202_314.png,2026-08-24T21:25:53.064928741Z,C1,2026-08-24T21:25:53.064928741Z,9,2026-08-24T21:25:53.064928741Z,8,2026-08-24T21:25:53.064928741Z
01M0TV7JS7955894M0GKRCQAS6,01M0TTMTH8JPTHXWGXYEY1VFR8,2026-08-24T21:36:10.535789858Z,"[{""text"":""fish"",""sender"":{""id"":""01M0TTRGJ55RK21NQM11GGHNRN"",""name"":""Repi"",""avatar"":""https://api.dicebear.com/8.x/rings/svg?seed=Repi""}}]",2026-08-24T22:03:54.760758664Z,[1787609034775],2026-08-24T22:03:54.776879481Z,,,true,2026-08-24T22:04:02.100588171Z,01M0TTRGJ55RK21NQM11GGHNRN,2026-08-24T22:03:38.669839451Z,"[""C4"",""D2"",""B1"",""A3""]",2026-08-24T21:36:10.535789858Z,true,2026-08-24T22:04:02.082020927Z,01M0TTMWM9GSP2NP0T4CET96EB,2026-08-24T21:36:10.535789858Z,46,2026-08-24T21:36:10.535789858Z,false,2026-08-24T22:03:38.942838234Z,01M0TV363Y2QH3CGTPHSZR512P,2026-08-24T22:03:38.669839451Z,,,48,2026-08-24T21:36:10.535789858Z,12,2026-08-24T21:36:10.535789858Z,training,2026-08-24T21:36:10.535789858Z,3,2026-08-24T21:36:10.535789858Z,4,2026-08-24T21:36:10.535789858Z,/tangrams/20_441.png,2026-08-24T22:04:02.100588171Z,/tangrams/20_441.png,2026-08-24T22:03:58.886100506Z,1787609037062,2026-08-24T22:03:58.869441909Z,1,2026-08-24T21:36:10.535789858Z,2,2026-08-24T21:36:12.287767366Z,true,2026-08-24T22:03:38.607212251Z,"[""/tangrams/202_464.png"",""/tangrams/20_441.png"",""/tangrams/348_314.png"",""/tangrams/66_24.png""]",2026-08-24T21:36:10.535789858Z,/tangrams/20_441.png,2026-08-24T21:36:10.535789858Z,D2,2026-08-24T21:36:10.535789858Z,10,2026-08-24T21:36:10.535789858Z,45,2026-08-24T21:36:10.535789858Z
01M0TVK9R4417DC55B8Z6RWFZ2,01M0TTMTH8JPTHXWGXYEY1VFR8,2026-08-24T21:42:34.500985751Z,"[{""text"":""2 triangles pointing left"",""sender"":{""id"":""01M0TV8YZXT0HY97VC3QNJABKN"",""name"":""Repi"",""avatar"":""https://api.dicebear.com/8.x/rings/svg?seed=Repi""}}]",2026-08-24T21:57:05.63317782Z,[1787608625647],2026-08-24T21:57:05.648801242Z,,,true,2026-08-24T21:57:12.297189658Z,01M0TV8YZXT0HY97VC3QNJABKN,2026-08-24T21:56:56.302737706Z,"[""F3"",""B2"",""C3"",""A1""]",2026-08-24T21:42:34.500985751Z,true,2026-08-24T21:57:12.275055674Z,01M0TTMWMG725DJ5GA5M4WD8SY,2026-08-24T21:42:34.500985751Z,30,2026-08-24T21:42:34.500985751Z,false,2026-08-24T21:56:56.459069707Z,01M0TVD4RDDZ2GPYA2W2TBJY2J,2026-08-24T21:56:56.302737706Z,,,48,2026-08-24T21:42:34.500985751Z,12,2026-08-24T21:42:34.500985751Z,training,2026-08-24T21:42:34.500985751Z,2,2026-08-24T21:42:34.500985751Z,4,2026-08-24T21:42:34.500985751Z,/tangrams/66_314.png,2026-08-24T21:57:12.297189658Z,/tangrams/66_314.png,2026-08-24T21:57:09.101140422Z,1787608629030,2026-08-24T21:57:09.110096776Z,1,2026-08-24T21:42:34.500985751Z,2,2026-08-24T21:42:35.917477836Z,true,2026-08-24T21:56:56.246695445Z,"[""/tangrams/264_176.png"",""/tangrams/348_441.png"",""/tangrams/202_24.png"",""/tangrams/66_314.png""]",2026-08-24T21:42:34.500985751Z,/tangrams/66_314.png,2026-08-24T21:42:34.500985751Z,A1,2026-08-24T21:42:34.500985751Z,6,2026-08-24T21:42:34.500985751Z,29,2026-08-24T21:42:34.500985751Z
01M0TTKD9FPRJQFR3R35DR9J1S,01M0TSZGJXR0N6DNTNARWRMFQ4,2026-08-24T21:25:09.551701156Z,,,,,,,,,,,"[""C4"",""A2"",""D3"",""C2""]",2026-08-24T21:25:09.551701156Z,false,2026-08-24T21:25:09.551701156Z,01M0TSZGKM72FFW193EYG47F25,2026-08-24T21:25:09.551701156Z,7,2026-08-24T21:25:09.551701156Z,,,,,,,48,2026-08-24T21:25:09.551701156Z,12,2026-08-24T21:25:09.551701156Z,training,2026-08-24T21:25:09.551701156Z,0,2026-08-24T21:25:09.551701156Z,4,2026-08-24T21:25:09.551701156Z,,,,2026-08-24T21:25:09.551701156Z,,,0,2026-08-24T21:25:09.551701156Z,2,2026-08-24T21:25:09.959891506Z,false,2026-08-24T21:25:09.551701156Z,"[""/tangrams/422_66.png"",""/tangrams/138_339.png"",""/tangrams/279_405.png"",""/tangrams/422_339.png""]",2026-08-24T21:25:09.551701156Z,/tangrams/422_339.png,2026-08-24T21:25:09.551701156Z,C2,2026-08-24T21:25:09.551701156Z,7,2026-08-24T21:25:09.551701156Z,6,2026-08-24T21:25:09.551701156Z
01M0TTKMY9T220HDP75161FGA1,01M0TSZEX52H0PZDJFB4JNEAFW,2026-08-24T21:25:17.385668166Z,"[{""text"":""diamond and triangle below"",""sender"":{""id"":""01M0TTF3ADJ36CYQBD8356XFNQ"",""name"":""Minu"",""avatar"":""https://api.dicebear.com/8.x/rings/svg?seed=Minu""}}]",2026-08-24T21:45:54.533872157Z,[1787607954545],2026-08-24T21:45:54.546661812Z,,,true,2026-08-24T21:46:00.678634425Z,01M0TTF3ADJ36CYQBD8356XFNQ,2026-08-24T21:45:43.678623913Z,"[""D3"",""C1"",""A2"",""B4""]",2026-08-24T21:25:17.385668166Z,true,2026-08-24T21:46:00.66236898Z,01M0TSZEY173D8F3KEP071GR06,2026-08-24T21:25:17.385668166Z,27,2026-08-24T21:25:17.385668166Z,false,2026-08-24T21:45:43.800311524Z,01M0TT55D1DRDQ3JPT1CDTT5VN,2026-08-24T21:45:43.678623913Z,,,48,2026-08-24T21:25:17.385668166Z,12,2026-08-24T21:25:17.385668166Z,training,2026-08-24T21:25:17.385668166Z,2,2026-08-24T21:25:17.385668166Z,4,2026-08-24T21:25:17.385668166Z,/tangrams/422_244.png,2026-08-24T21:46:00.678634425Z,/tangrams/422_244.png,2026-08-24T21:45:57.512768447Z,1787607957257,2026-08-24T21:45:57.505308527Z,0,2026-08-24T21:25:17.385668166Z,2,2026-08-24T21:25:18.110578925Z,true,2026-08-24T21:45:43.623223502Z,"[""/tangrams/279_405.png"",""/tangrams/422_244.png"",""/tangrams/138_339.png"",""/tangrams/366_66.png""]",2026-08-24T21:25:17.385668166Z,/tangrams/422_244.png,2026-08-24T21:25:17.385668166Z,C1,2026-08-24T21:25:17.385668166Z,3,2026-08-24T21:25:17.385668166Z,26,2026-08-24T21:25:17.385668166Z
01M0TTK14776DAT11J2G1JGZS5,01M0TSZEX52H0PZDJFB4JNEAFW,2026-08-24T21:24:57.095515382Z,"[{""text"":""arms up tri /iam below"",""sender"":{""id"":""01M0TT7FNH08P86PFHWCV3NRS8"",""name"":""Repi"",""avatar"":""https://api.dicebear.com/8.x/rings/svg?seed=Repi""}}]",2026-08-24T22:08:04.029382966Z,[1787609284044],2026-08-24T22:08:04.047009809Z,,,false,2026-08-24T22:08:16.74483042Z,01M0TT7FNH08P86PFHWCV3NRS8,2026-08-24T22:07:38.386494213Z,"[""D2"",""C1"",""D1"",""B3""]",2026-08-24T21:24:57.095515382Z,true,2026-08-24T22:08:16.716825261Z,01M0TSZEY54T11A9AMGVA6T4ZB,2026-08-24T21:24:57.095515382Z,36,2026-08-24T21:24:57.095515382Z,false,2026-08-24T22:07:38.625125387Z,01M0TT7ZVRQQW92P55GPN9KMMS,2026-08-24T22:07:38.386494213Z,,,48,2026-08-24T21:24:57.095515382Z,12,2026-08-24T21:24:57.095515382Z,training,2026-08-24T21:24:57.095515382Z,2,2026-08-24T21:24:57.095515382Z,4,2026-08-24T21:24:57.095515382Z,/tangrams/279_339.png,2026-08-24T22:08:16.74483042Z,/tangrams/279_339.png,2026-08-24T22:08:13.503279162Z,1787609295804,2026-08-24T22:08:13.511233098Z,0,2026-08-24T21:24:57.095515382Z,2,2026-08-24T21:24:57.902447962Z,true,2026-08-24T22:07:38.325808511Z,"[""/tangrams/279_339.png"",""/tangrams/422_244.png"",""/tangrams/279_244.png"",""/tangrams/366_405.png""]",2026-08-24T21:24:57.095515382Z,/tangrams/279_244.png,2026-08-24T21:24:57.095515382Z,D1,2026-08-24T21:24:57.095515382Z,12,2026-08-24T21:24:57.095515382Z,35,2026-08-24T21:24:57.095515382Z
01M0TTKD9M2VH6H4X4M25ET4C8,01M0TSZGJXR0N6DNTNARWRMFQ4,2026-08-24T21:25:09.556972991Z,,,,,,,,,,,"[""B1"",""A4"",""D2"",""B4""]",2026-08-24T21:25:09.556972991Z,false,2026-08-24T21:25:09.556972991Z,01M0TSZGKM72FFW193EYG47F25,2026-08-24T21:25:09.556972991Z,9,2026-08-24T21:25:09.556972991Z,,,,,,,48,2026-08-24T21:25:09.556972991Z,12,2026-08-24T21:25:09.556972991Z,training,2026-08-24T21:25:09.556972991Z,0,2026-08-24T21:25:09.556972991Z,4,2026-08-24T21:25:09.556972991Z,,,,2026-08-24T21:25:09.556972991Z,,,0,2026-08-24T21:25:09.556972991Z,2,2026-08-24T21:25:09.999997078Z,false,2026-08-24T21:25:09.556972991Z,"[""/tangrams/366_244.png"",""/tangrams/138_66.png"",""/tangrams/279_339.png"",""/tangrams/366_66.png""]",2026-08-24T21:25:09.556972991Z,/tangrams/366_66.png,2026-08-24T21:25:09.556972991Z,B4,2026-08-24T21:25:09.556972991Z,9,2026-08-24T21:25:09.556972991Z,8,2026-08-24T21:25:09.556972991Z
01M0TTNRF24ZMYGCQYYTSTJYQV,01M0TSZGJXR0N6DNTNARWRMFQ4,2026-08-24T21:26:26.530162357Z,,,,,,,,,,,"[""F2"",""F1"",""F3"",""F5""]",2026-08-24T21:26:26.530162357Z,false,2026-08-24T21:26:26.530162357Z,01M0TSZGKJQW5S4GCP9150DNN9,2026-08-24T21:26:26.530162357Z,39,2026-08-24T21:26:26.530162357Z,,,,,,,48,2026-08-24T21:26:26.530162357Z,12,2026-08-24T21:26:26.530162357Z,training,2026-08-24T21:26:26.530162357Z,3,2026-08-24T21:26:26.530162357Z,4,2026-08-24T21:26:26.530162357Z,,,,2026-08-24T21:26:26.530162357Z,,,1,2026-08-24T21:26:26.530162357Z,2,2026-08-24T21:26:27.636754148Z,false,2026-08-24T21:26:26.530162357Z,"[""/tangrams/429_403.png"",""/tangrams/452_257.png"",""/tangrams/264_176.png"",""/tangrams/4_159.png""]",2026-08-24T21:26:26.530162357Z,/tangrams/452_257.png,2026-08-24T21:26:26.530162357Z,F1,2026-08-24T21:26:26.530162357Z,3,2026-08-24T21:26:26.530162357Z,38,2026-08-24T21:26:26.530162357Z
01M0TTYQ69J6F2C8DNTKMK8BBV,01M0TTMTH8JPTHXWGXYEY1VFR8,2026-08-24T21:31:20.137601451Z,"[{""text"":""multiple arrows on left side"",""sender"":{""id"":""01M0TTENRE0ZSC234N2S1BW8ZS"",""name"":""Repi"",""avatar"":""https://api.dicebear.com/8.x/rings/svg?seed=Repi""}},{""text"":""and right arm is stricky"",""sender"":{""id"":""01M0TTENRE0ZSC234N2S1BW8ZS"",""name"":""Repi"",""avatar"":""https://api.dicebear.com/8.x/rings/svg?seed=Repi""}},{""text"":""Like A alphabet with strikes"",""sender"":{""id"":""01M0TTENRE0ZSC234N2S1BW8ZS"",""name"":""Repi"",""avatar"":""https://api.dicebear.com/8.x/rings/svg?seed=Repi""}}]",2026-08-24T22:00:01.350689413Z,"[1787608771834,1787608781978,1787608801371]",2026-08-24T22:00:01.373580273Z,,,false,2026-08-24T22:00:16.678009833Z,01M0TTENRE0ZSC234N2S1BW8ZS,2026-08-24T21:59:13.367490976Z,"[""C1"",""A4"",""B3"",""B1""]",2026-08-24T21:31:20.137601451Z,true,2026-08-24T22:00:16.656742591Z,01M0TTMWMDPGAHQRDA7BZJ8FEZ,2026-08-24T21:31:20.137601451Z,16,2026-08-24T21:31:20.137601451Z,false,2026-08-24T21:59:13.53484954Z,01M0TTJT0T1FXWVGTP027BYENQ,2026-08-24T21:59:13.367490976Z,,,48,2026-08-24T21:31:20.137601451Z,12,2026-08-24T21:31:20.137601451Z,training,2026-08-24T21:31:20.137601451Z,1,2026-08-24T21:31:20.137601451Z,4,2026-08-24T21:31:20.137601451Z,,2026-08-24T22:00:16.678009833Z,,2026-08-24T21:31:20.137601451Z,,,1,2026-08-24T21:31:20.137601451Z,2,2026-08-24T21:31:21.274720192Z,true,2026-08-24T21:59:13.293031186Z,"[""/tangrams/202_314.png"",""/tangrams/66_464.png"",""/tangrams/348_24.png"",""/tangrams/348_314.png""]",2026-08-24T21:31:20.137601451Z,/tangrams/348_314.png,2026-08-24T21:31:20.137601451Z,B1,2026-08-24T21:31:20.137601451Z,4,2026-08-24T21:31:20.137601451Z,15,2026-08-24T21:31:20.137601451Z
01M0TVK9SW1KQJ7XQQFXR2RX8R,01M0TTMTH8JPTHXWGXYEY1VFR8,2026-08-24T21:42:34.556287428Z,"[{""text"":""hole"",""sender"":{""id"":""01M0TVD4RDDZ2GPYA2W2TBJY2J"",""name"":""Minu"",""avatar"":""https://api.dicebear.com/8.x/rings/svg?seed=Minu""}}]",2026-08-24T21:58:32.231076533Z,[1787608712246],2026-08-24T21:58:32.247636267Z,,,true,2026-08-24T21:58:36.985213516Z,01M0TVD4RDDZ2GPYA2W2TBJY2J,2026-08-24T21:58:25.81513566Z,"[""F3"",""C3"",""F4"",""F7""]",2026-08-24T21:42:34.556287428Z,true,2026-08-24T21:58:36.964046857Z,01M0TTMWMG725DJ5GA5M4WD8SY,2026-08-24T21:42:34.556287428Z,37,2026-08-24T21:42:34.556287428Z,false,2026-08-24T21:58:25.992201026Z,01M0TV8YZXT0HY97VC3QNJABKN,2026-08-24T21:58:25.81513566Z,,,48,2026-08-24T21:42:34.556287428Z,12,2026-08-24T21:42:34.556287428Z,training,2026-08-24T21:42:34.556287428Z,3,2026-08-24T21:42:34.556287428Z,4,2026-08-24T21:42:34.556287428Z,/tangrams/202_24.png,2026-08-24T21:58:36.985213516Z,/tangrams/202_24.png,2026-08-24T21:58:33.76224459Z,1787608714546,2026-08-24T21:58:33.754720946Z,1,2026-08-24T21:42:34.556287428Z,2,2026-08-24T21:42:36.126494255Z,true,2026-08-24T21:58:25.746266662Z,"[""/tangrams/264_176.png"",""/tangrams/202_24.png"",""/tangrams/40_345.png"",""/tangrams/157_426.png""]",2026-08-24T21:42:34.556287428Z,/tangrams/202_24.png,2026-08-24T21:42:34.556287428Z,C3,2026-08-24T21:42:34.556287428Z,1,2026-08-24T21:42:34.556287428Z,36,2026-08-24T21:42:34.556287428Z
01M0TT9KJ2DV00W2S7P9H13T00,01M0TSZGJXR0N6DNTNARWRMFQ4,2026-08-24T21:19:48.290102088Z,,,,,,,,,,,"[""D2"",""A3"",""C4"",""B1""]",2026-08-24T21:19:48.290102088Z,false,2026-08-24T21:19:48.290102088Z,01M0TSZGKE32G3R2H2EPQFBQNN,2026-08-24T21:19:48.290102088Z,47,2026-08-24T21:19:48.290102088Z,,,,,,,48,2026-08-24T21:19:48.290102088Z,12,2026-08-24T21:19:48.290102088Z,training,2026-08-24T21:19:48.290102088Z,3,2026-08-24T21:19:48.290102088Z,4,2026-08-24T21:19:48.290102088Z,,,,2026-08-24T21:19:48.290102088Z,,,0,2026-08-24T21:19:48.290102088Z,2,2026-08-24T21:19:49.394159735Z,false,2026-08-24T21:19:48.290102088Z,"[""/tangrams/279_339.png"",""/tangrams/138_405.png"",""/tangrams/422_66.png"",""/tangrams/366_244.png""]",2026-08-24T21:19:48.290102088Z,/tangrams/366_244.png,2026-08-24T21:19:48.290102088Z,B1,2026-08-24T21:19:48.290102088Z,11,2026-08-24T21:19:48.290102088Z,46,2026-08-24T21:19:48.290102088Z
01M0TTEY4CT19ZWNV08N3SWGA9,01M0TSZEX52H0PZDJFB4JNEAFW,2026-08-24T21:22:42.95654655Z,"[{""text"":""Diamond on top of what almost looks like the British flag"",""sender"":{""id"":""01M0TT9XXJBBQAZ4WANFPESF7T"",""name"":""Minu"",""avatar"":""https://api.dicebear.com/8.x/rings/svg?seed=Minu""}}]",2026-08-24T21:33:14.062629554Z,[1787607194071],2026-08-24T21:33:14.074456561Z,,,true,2026-08-24T21:33:25.554708868Z,01M0TT9XXJBBQAZ4WANFPESF7T,2026-08-24T21:32:41.510285886Z,"[""C3"",""F3"",""F6"",""B2""]",2026-08-24T21:22:42.95654655Z,true,2026-08-24T21:33:25.538687641Z,01M0TSZEY44B7XSP574QH2WQPJ,2026-08-24T21:22:42.95654655Z,7,2026-08-24T21:22:42.95654655Z,false,2026-08-24T21:32:41.679135727Z,01M0TT49QHQY8JQV8C5T94HHYZ,2026-08-24T21:32:41.510285886Z,,,48,2026-08-24T21:22:42.95654655Z,12,2026-08-24T21:22:42.95654655Z,training,2026-08-24T21:22:42.95654655Z,0,2026-08-24T21:22:42.95654655Z,4,2026-08-24T21:22:42.95654655Z,/tangrams/134_125.png,2026-08-24T21:33:25.554708868Z,/tangrams/134_125.png,2026-08-24T21:33:22.349329924Z,1787607202258,2026-08-24T21:33:22.362655924Z,0,2026-08-24T21:22:42.95654655Z,2,2026-08-24T21:22:43.277861417Z,true,2026-08-24T21:32:41.445145793Z,"[""/tangrams/422_405.png"",""/tangrams/170_154.png"",""/tangrams/134_125.png"",""/tangrams/366_339.png""]",2026-08-24T21:22:42.95654655Z,/tangrams/134_125.png,2026-08-24T21:22:42.95654655Z,F6,2026-08-24T21:22:42.95654655Z,7,2026-08-24T21:22:42.95654655Z,6,2026-08-24T21:22:42.95654655Z
01M0TTMQVV21CWGBNDDBAEXJ7S,01M0TSZV7X3D77NKMM5CDCW4Z6,2026-08-24T21:25:53.147643802Z,"[{""text"":""box in it"",""sender"":{""id"":""01M0TT4JP6VSYSTADD58E33WM9"",""name"":""Repi"",""avatar"":""https://api.dicebear.com/8.x/rings/svg?seed=Repi""}}]",2026-08-24T21:47:12.039382992Z,[1787608032051],2026-08-24T21:47:12.05312854Z,,,true,2026-08-24T21:47:18.530750914Z,01M0TT4JP6VSYSTADD58E33WM9,2026-08-24T21:47:00.08991051Z,"[""B3"",""D2"",""A4"",""C1""]",2026-08-24T21:25:53.147643802Z,true,2026-08-24T21:47:18.509889146Z,01M0TSZV8ERABP36QP2627EVMT,2026-08-24T21:25:53.147643802Z,26,2026-08-24T21:25:53.147643802Z,false,2026-08-24T21:47:00.226103158Z,01M0TT4SREDP4QR1H8V4E3X5G9,2026-08-24T21:47:00.08991051Z,,,48,2026-08-24T21:25:53.147643802Z,12,2026-08-24T21:25:53.147643802Z,training,2026-08-24T21:25:53.147643802Z,2,2026-08-24T21:25:53.147643802Z,4,2026-08-24T21:25:53.147643802Z,/tangrams/348_24.png,2026-08-24T21:47:18.530750914Z,/tangrams/348_24.png,2026-08-24T21:47:15.339962779Z,1787608034407,2026-08-24T21:47:15.34756536Z,1,2026-08-24T21:25:53.147643802Z,2,2026-08-24T21:25:53.933958869Z,true,2026-08-24T21:47:00.028064633Z,"[""/tangrams/348_24.png"",""/tangrams/20_441.png"",""/tangrams/66_464.png"",""/tangrams/202_314.png""]",2026-08-24T21:25:53.147643802Z,/tangrams/348_24.png,2026-08-24T21:25:53.147643802Z,B3,2026-08-24T21:25:53.147643802Z,2,2026-08-24T21:25:53.147643802Z,25,2026-08-24T21:25:53.147643802Z
01M0TTTPSFNNGV7Y68MSG624QV,01M0TSZV7X3D77NKMM5CDCW4Z6,2026-08-24T21:29:08.655317602Z,"[{""text"":""Looks like a key has a 3 like shape with a house shape on the right"",""sender"":{""id"":""01M0TTBQPRE9XMJHBPDKM8GTC4"",""name"":""Minu"",""avatar"":""https://api.dicebear.com/8.x/rings/svg?seed=Minu""}}]",2026-08-24T22:03:07.552041991Z,[1787608987566],2026-08-24T22:03:07.568617564Z,,,true,2026-08-24T22:03:23.909282231Z,01M0TTBQPRE9XMJHBPDKM8GTC4,2026-08-24T22:02:42.776676579Z,"[""D3"",""C1"",""A4"",""A3""]",2026-08-24T21:29:08.655317602Z,true,2026-08-24T22:03:23.88869649Z,01M0TSZV8KEDQHAT4X33M1GG1C,2026-08-24T21:29:08.655317602Z,29,2026-08-24T21:29:08.655317602Z,false,2026-08-24T22:02:43.027889702Z,01M0TT467Q69C5HQ20GW6FRRF2,2026-08-24T22:02:42.776676579Z,,,48,2026-08-24T21:29:08.655317602Z,12,2026-08-24T21:29:08.655317602Z,training,2026-08-24T21:29:08.655317602Z,2,2026-08-24T21:29:08.655317602Z,4,2026-08-24T21:29:08.655317602Z,/tangrams/66_24.png,2026-08-24T22:03:23.909282231Z,/tangrams/66_24.png,2026-08-24T22:03:20.4254199Z,1787608997666,2026-08-24T22:03:20.394365659Z,1,2026-08-24T21:29:08.655317602Z,2,2026-08-24T21:29:09.787114338Z,true,2026-08-24T22:02:42.696220644Z,"[""/tangrams/20_24.png"",""/tangrams/202_314.png"",""/tangrams/66_464.png"",""/tangrams/66_24.png""]",2026-08-24T21:29:08.655317602Z,/tangrams/66_24.png,2026-08-24T21:29:08.655317602Z,A3,2026-08-24T21:29:08.655317602Z,5,2026-08-24T21:29:08.655317602Z,28,2026-08-24T21:29:08.655317602Z
01M0TTK12JE0B99VPDKXGZ19NQ,01M0TSZEX52H0PZDJFB4JNEAFW,2026-08-24T21:24:57.042775442Z,"[{""text"":""2 nmore to go"",""sender"":{""id"":""01M0TT7FNH08P86PFHWCV3NRS8"",""name"":""Repi"",""avatar"":""https://api.dicebear.com/8.x/rings/svg?seed=Repi""}},{""text"":""triangle top and bottom"",""sender"":{""id"":""01M0TT7ZVRQQW92P55GPN9KMMS"",""name"":""Minu"",""avatar"":""https://api.dicebear.com/8.x/rings/svg?seed=Minu""}}]",2026-08-24T22:14:01.040936144Z,"[1787609640746,1787609641057]",2026-08-24T22:14:01.05960281Z,,,false,2026-08-24T22:14:10.558210086Z,01M0TT7ZVRQQW92P55GPN9KMMS,2026-08-24T22:13:51.972285967Z,"[""C4"",""A2"",""D3"",""D2""]",2026-08-24T21:24:57.042775442Z,true,2026-08-24T22:14:10.524309459Z,01M0TSZEY54T11A9AMGVA6T4ZB,2026-08-24T21:24:57.042775442Z,47,2026-08-24T21:24:57.042775442Z,false,2026-08-24T22:13:52.170081766Z,01M0TT7FNH08P86PFHWCV3NRS8,2026-08-24T22:13:51.972285967Z,,,48,2026-08-24T21:24:57.042775442Z,12,2026-08-24T21:24:57.042775442Z,training,2026-08-24T21:24:57.042775442Z,3,2026-08-24T21:24:57.042775442Z,4,2026-08-24T21:24:57.042775442Z,/tangrams/138_339.png,2026-08-24T22:14:10.558210086Z,/tangrams/138_339.png,2026-08-24T22:14:07.24883607Z,1787609647370,2026-08-24T22:14:07.237793225Z,0,2026-08-24T21:24:57.042775442Z,2,2026-08-24T21:24:58.163272461Z,true,2026-08-24T22:13:51.892755427Z,"[""/tangrams/422_66.png"",""/tangrams/138_339.png"",""/tangrams/279_405.png"",""/tangrams/279_339.png""]",2026-08-24T21:24:57.042775442Z,/tangrams/279_339.png,2026-08-24T21:24:57.042775442Z,D2,2026-08-24T21:24:57.042775442Z,11,2026-08-24T21:24:57.042775442Z,46,2026-08-24T21:24:57.042775442Z
01M0TTKDEXNTPZP6X71Q8E5EFP,01M0TSZGJXR0N6DNTNARWRMFQ4,2026-08-24T21:25:09.725194168Z,,,,,,,,,,,"[""C2"",""D1"",""D2"",""A4""]",2026-08-24T21:25:09.725194168Z,false,2026-08-24T21:25:09.725194168Z,01M0TSZGKM72FFW193EYG47F25,2026-08-24T21:25:09.725194168Z,36,2026-08-24T21:25:09.725194168Z,,,,,,,48,2026-08-24T21:25:09.725194168Z,12,2026-08-24T21:25:09.725194168Z,training,2026-08-24T21:25:09.725194168Z,2,2026-08-24T21:25:09.725194168Z,4,2026-08-24T21:25:09.725194168Z,,,,2026-08-24T21:25:09.725194168Z,,,0,2026-08-24T21:25:09.725194168Z,2,2026-08-24T21:25:10.475931372Z,false,2026-08-24T21:25:09.725194168Z,"[""/tangrams/422_339.png"",""/tangrams/279_244.png"",""/tangrams/279_339.png"",""/tangrams/138_66.png""]",2026-08-24T21:25:09.725194168Z,/tangrams/279_339.png,2026-08-24T21:25:09.725194168Z,D2,2026-08-24T21:25:09.725194168Z,12,2026-08-24T21:25:09.725194168Z,35,2026-08-24T21:25:09.725194168Z
01M0TTA596Z6AT5M344ZG8HHA8,01M0TSZV7X3D77NKMM5CDCW4Z6,2026-08-24T21:20:06.438592166Z,"[{""text"":""White triangle at the bottom, white triangle/square cutout in the middle"",""sender"":{""id"":""01M0TT4SZRTK7MV5T48R9G1GQH"",""name"":""Minu"",""avatar"":""https://api.dicebear.com/8.x/rings/svg?seed=Minu""}}]",2026-08-24T21:41:57.121330429Z,[1787607717131],2026-08-24T21:41:57.132904554Z,,,true,2026-08-24T21:42:05.625931064Z,01M0TT4SZRTK7MV5T48R9G1GQH,2026-08-24T21:41:39.500824262Z,"[""F6"",""F2"",""B2"",""A1""]",2026-08-24T21:20:06.438592166Z,true,2026-08-24T21:42:05.607441351Z,01M0TSZV8KEDQHAT4X3FNKVS2B,2026-08-24T21:20:06.438592166Z,31,2026-08-24T21:20:06.438592166Z,false,2026-08-24T21:41:39.642212275Z,01M0TT3ZTTV22XQGZD0K61T6A4,2026-08-24T21:41:39.500824262Z,,,48,2026-08-24T21:20:06.438592166Z,12,2026-08-24T21:20:06.438592166Z,training,2026-08-24T21:20:06.438592166Z,2,2026-08-24T21:20:06.438592166Z,4,2026-08-24T21:20:06.438592166Z,/tangrams/366_339.png,2026-08-24T21:42:05.625931064Z,/tangrams/366_339.png,2026-08-24T21:42:02.466135376Z,1787607722375,2026-08-24T21:42:02.471110815Z,0,2026-08-24T21:20:06.438592166Z,2,2026-08-24T21:20:07.217811256Z,true,2026-08-24T21:41:39.456938477Z,"[""/tangrams/134_125.png"",""/tangrams/290_64.png"",""/tangrams/366_339.png"",""/tangrams/138_244.png""]",2026-08-24T21:20:06.438592166Z,/tangrams/366_339.png,2026-08-24T21:20:06.438592166Z,B2,2026-08-24T21:20:06.438592166Z,7,2026-08-24T21:20:06.438592166Z,30,2026-08-24T21:20:06.438592166Z
01M0TTKMWKT0N697PT0WAWYHB9,01M0TSZEX52H0PZDJFB4JNEAFW,2026-08-24T21:25:17.331631988Z,"[{""text"":""DIAMOND AND TRIANGLE ON THE BOTTOM"",""sender"":{""id"":""01M0TT55D1DRDQ3JPT1CDTT5VN"",""name"":""Repi"",""avatar"":""https://api.dicebear.com/8.x/rings/svg?seed=Repi""}}]",2026-08-24T21:42:12.022705384Z,[1787607732032],2026-08-24T21:42:12.03436425Z,,,true,2026-08-24T21:42:17.891518026Z,01M0TT55D1DRDQ3JPT1CDTT5VN,2026-08-24T21:41:53.090763667Z,"[""D3"",""A2"",""C4"",""B1""]",2026-08-24T21:25:17.331631988Z,true,2026-08-24T21:42:17.87940297Z,01M0TSZEY173D8F3KEP071GR06,2026-08-24T21:25:17.331631988Z,18,2026-08-24T21:25:17.331631988Z,false,2026-08-24T21:41:53.204824748Z,01M0TTF3ADJ36CYQBD8356XFNQ,2026-08-24T21:41:53.090763667Z,,,48,2026-08-24T21:25:17.331631988Z,12,2026-08-24T21:25:17.331631988Z,training,2026-08-24T21:25:17.331631988Z,1,2026-08-24T21:25:17.331631988Z,4,2026-08-24T21:25:17.331631988Z,/tangrams/366_244.png,2026-08-24T21:42:17.891518026Z,/tangrams/366_244.png,2026-08-24T21:42:14.744615045Z,1787607734366,2026-08-24T21:42:14.737726854Z,0,2026-08-24T21:25:17.331631988Z,2,2026-08-24T21:25:17.938866072Z,true,2026-08-24T21:41:53.045776737Z,"[""/tangrams/279_405.png"",""/tangrams/138_339.png"",""/tangrams/422_66.png"",""/tangrams/366_244.png""]",2026-08-24T21:25:17.331631988Z,/tangrams/366_244.png,2026-08-24T21:25:17.331631988Z,B1,2026-08-24T21:25:17.331631988Z,6,2026-08-24T21:25:17.331631988Z,17,2026-08-24T21:25:17.331631988Z
01M0TTKN3QG65GC1YCDH8SFN5K,01M0TSZEX52H0PZDJFB4JNEAFW,2026-08-24T21:25:17.559606743Z,"[{""text"":""PIZZA HUT ON TOP"",""sender"":{""id"":""01M0TT55D1DRDQ3JPT1CDTT5VN"",""name"":""Repi"",""avatar"":""https://api.dicebear.com/8.x/rings/svg?seed=Repi""}}]",2026-08-24T21:53:17.293237586Z,[1787608397306],2026-08-24T21:53:17.308007455Z,,,true,2026-08-24T21:53:23.525834942Z,01M0TT55D1DRDQ3JPT1CDTT5VN,2026-08-24T21:53:06.483266466Z,"[""B3"",""D1"",""C2"",""A4""]",2026-08-24T21:25:17.559606743Z,true,2026-08-24T21:53:23.51047659Z,01M0TSZEY173D8F3KEP071GR06,2026-08-24T21:25:17.559606743Z,44,2026-08-24T21:25:17.559606743Z,false,2026-08-24T21:53:06.624948073Z,01M0TTF3ADJ36CYQBD8356XFNQ,2026-08-24T21:53:06.483266466Z,,,48,2026-08-24T21:25:17.559606743Z,12,2026-08-24T21:25:17.559606743Z,training,2026-08-24T21:25:17.559606743Z,3,2026-08-24T21:25:17.559606743Z,4,2026-08-24T21:25:17.559606743Z,/tangrams/422_339.png,2026-08-24T21:53:23.525834942Z,/tangrams/422_339.png,2026-08-24T21:53:20.345803986Z,1787608400007,2026-08-24T21:53:20.361347697Z,0,2026-08-24T21:25:17.559606743Z,2,2026-08-24T21:25:18.442250464Z,true,2026-08-24T21:53:06.42026619Z,"[""/tangrams/366_405.png"",""/tangrams/279_244.png"",""/tangrams/422_339.png"",""/tangrams/138_66.png""]",2026-08-24T21:25:17.559606743Z,/tangrams/422_339.png,2026-08-24T21:25:17.559606743Z,C2,2026-08-24T21:25:17.559606743Z,8,2026-08-24T21:25:17.559606743Z,43,2026-08-24T21:25:17.559606743Z
01M0TTNRFW98WPR6BHH30KKS9Y,01M0TSZGJXR0N6DNTNARWRMFQ4,2026-08-24T21:26:26.556147705Z,,,,,,,,,,,"[""F5"",""D4"",""B2"",""C3""]",2026-08-24T21:26:26.556147705Z,false,2026-08-24T21:26:26.556147705Z,01M0TSZGKJQW5S4GCP9150DNN9,2026-08-24T21:26:26.556147705Z,36,2026-08-24T21:26:26.556147705Z,,,,,,,48,2026-08-24T21:26:26.556147705Z,12,2026-08-24T21:26:26.556147705Z,training,2026-08-24T21:26:26.556147705Z,2,2026-08-24T21:26:26.556147705Z,4,2026-08-24T21:26:26.556147705Z,,,,2026-08-24T21:26:26.556147705Z,,,1,2026-08-24T21:26:26.556147705Z,2,2026-08-24T21:26:27.578884998Z,false,2026-08-24T21:26:26.556147705Z,"[""/tangrams/4_159.png"",""/tangrams/20_464.png"",""/tangrams/348_441.png"",""/tangrams/202_24.png""]",2026-08-24T21:26:26.556147705Z,/tangrams/4_159.png,2026-08-24T21:26:26.556147705Z,F5,2026-08-24T21:26:26.556147705Z,12,2026-08-24T21:26:26.556147705Z,35,2026-08-24T21:26:26.556147705Z
01M0TV7JY9S26C1KK358SFDASN,01M0TTMTH8JPTHXWGXYEY1VFR8,2026-08-24T21:36:10.697649529Z,"[{""text"":""fish"",""sender"":{""id"":""01M0TTRGJ55RK21NQM11GGHNRN"",""name"":""Repi"",""avatar"":""https://api.dicebear.com/8.x/rings/svg?seed=Repi""}}]",2026-08-24T22:00:13.292490771Z,[1787608813306],2026-08-24T22:00:13.309590729Z,,,true,2026-08-24T22:00:22.300093901Z,01M0TTRGJ55RK21NQM11GGHNRN,2026-08-24T22:00:09.074820483Z,"[""B1"",""A2"",""D3"",""C4""]",2026-08-24T21:36:10.697649529Z,true,2026-08-24T22:00:22.282494025Z,01M0TTMWM9GSP2NP0T4CET96EB,2026-08-24T21:36:10.697649529Z,34,2026-08-24T21:36:10.697649529Z,false,2026-08-24T22:00:09.354615077Z,01M0TV363Y2QH3CGTPHSZR512P,2026-08-24T22:00:09.074820483Z,,,48,2026-08-24T21:36:10.697649529Z,12,2026-08-24T21:36:10.697649529Z,training,2026-08-24T21:36:10.697649529Z,2,2026-08-24T21:36:10.697649529Z,4,2026-08-24T21:36:10.697649529Z,/tangrams/66_441.png,2026-08-24T22:00:22.300093901Z,/tangrams/66_441.png,2026-08-24T22:00:19.098111437Z,1787608817285,2026-08-24T22:00:19.08006618Z,1,2026-08-24T21:36:10.697649529Z,2,2026-08-24T21:36:11.925979584Z,true,2026-08-24T22:00:09.016027468Z,"[""/tangrams/348_314.png"",""/tangrams/66_441.png"",""/tangrams/20_24.png"",""/tangrams/202_464.png""]",2026-08-24T21:36:10.697649529Z,/tangrams/66_441.png,2026-08-24T21:36:10.697649529Z,A2,2026-08-24T21:36:10.697649529Z,10,2026-08-24T21:36:10.697649529Z,33,2026-08-24T21:36:10.697649529Z
01M0TT9KJ7S4YTHKK3C1YVDVVA,01M0TSZGJXR0N6DNTNARWRMFQ4,2026-08-24T21:19:48.295741385Z,,,,,,,,,,,"[""D3"",""A2"",""B1"",""C4""]",2026-08-24T21:19:48.295741385Z,false,2026-08-24T21:19:48.295741385Z,01M0TSZGKE32G3R2H2EPQFBQNN,2026-08-24T21:19:48.295741385Z,44,2026-08-24T21:19:48.295741385Z,,,,,,,48,2026-08-24T21:19:48.295741385Z,12,2026-08-24T21:19:48.295741385Z,training,2026-08-24T21:19:48.295741385Z,3,2026-08-24T21:19:48.295741385Z,4,2026-08-24T21:19:48.295741385Z,,,,2026-08-24T21:19:48.295741385Z,,,0,2026-08-24T21:19:48.295741385Z,2,2026-08-24T21:19:49.343387716Z,false,2026-08-24T21:19:48.295741385Z,"[""/tangrams/279_405.png"",""/tangrams/138_339.png"",""/tangrams/366_244.png"",""/tangrams/422_66.png""]",2026-08-24T21:19:48.295741385Z,/tangrams/422_66.png,2026-08-24T21:19:48.295741385Z,C4,2026-08-24T21:19:48.295741385Z,8,2026-08-24T21:19:48.295741385Z,43,2026-08-24T21:19:48.295741385Z
01M0TTA584R4H41N0028JTJYXK,01M0TSZV7X3D77NKMM5CDCW4Z6,2026-08-24T21:20:06.404175027Z,"[{""text"":""House running away with two legs at the bottom"",""sender"":{""id"":""01M0TT4SZRTK7MV5T48R9G1GQH"",""name"":""Minu"",""avatar"":""https://api.dicebear.com/8.x/rings/svg?seed=Minu""}}]",2026-08-24T21:46:02.154063105Z,[1787607962165],2026-08-24T21:46:02.167228946Z,,,true,2026-08-24T21:46:07.985842517Z,01M0TT4SZRTK7MV5T48R9G1GQH,2026-08-24T21:45:52.658168186Z,"[""F1"",""C3"",""F7"",""F3""]",2026-08-24T21:20:06.404175027Z,true,2026-08-24T21:46:07.970269463Z,01M0TSZV8KEDQHAT4X3FNKVS2B,2026-08-24T21:20:06.404175027Z,41,2026-08-24T21:20:06.404175027Z,false,2026-08-24T21:45:52.797318665Z,01M0TT3ZTTV22XQGZD0K61T6A4,2026-08-24T21:45:52.658168186Z,,,48,2026-08-24T21:20:06.404175027Z,12,2026-08-24T21:20:06.404175027Z,training,2026-08-24T21:20:06.404175027Z,3,2026-08-24T21:20:06.404175027Z,4,2026-08-24T21:20:06.404175027Z,/tangrams/422_405.png,2026-08-24T21:46:07.985842517Z,/tangrams/422_405.png,2026-08-24T21:46:04.819904791Z,1787607964734,2026-08-24T21:46:04.812793315Z,0,2026-08-24T21:20:06.404175027Z,2,2026-08-24T21:20:07.399100307Z,true,2026-08-24T21:45:52.60574353Z,"[""/tangrams/119_182.png"",""/tangrams/422_405.png"",""/tangrams/411_352.png"",""/tangrams/170_154.png""]",2026-08-24T21:20:06.404175027Z,/tangrams/422_405.png,2026-08-24T21:20:06.404175027Z,C3,2026-08-24T21:20:06.404175027Z,5,2026-08-24T21:20:06.404175027Z,40,2026-08-24T21:20:06.404175027Z
01M0TV7JVS83NAZDS7NGE9W3E5,01M0TTMTH8JPTHXWGXYEY1VFR8,2026-08-24T21:36:10.6179797Z,"[{""text"":""white rectangle"",""sender"":{""id"":""01M0TTRGJ55RK21NQM11GGHNRN"",""name"":""Repi"",""avatar"":""https://api.dicebear.com/8.x/rings/svg?seed=Repi""}}]",2026-08-24T22:02:36.372523124Z,[1787608956387],2026-08-24T22:02:36.388974208Z,,,true,2026-08-24T22:02:42.060624819Z,01M0TTRGJ55RK21NQM11GGHNRN,2026-08-24T22:02:31.445204182Z,"[""A4"",""C2"",""D1"",""B3""]",2026-08-24T21:36:10.6179797Z,true,2026-08-24T22:02:42.043582231Z,01M0TTMWM9GSP2NP0T4CET96EB,2026-08-24T21:36:10.6179797Z,42,2026-08-24T21:36:10.6179797Z,false,2026-08-24T22:02:31.719367609Z,01M0TV363Y2QH3CGTPHSZR512P,2026-08-24T22:02:31.445204182Z,,,48,2026-08-24T21:36:10.6179797Z,12,2026-08-24T21:36:10.6179797Z,training,2026-08-24T21:36:10.6179797Z,3,2026-08-24T21:36:10.6179797Z,4,2026-08-24T21:36:10.6179797Z,/tangrams/348_24.png,2026-08-24T22:02:42.060624819Z,/tangrams/348_24.png,2026-08-24T22:02:38.858542528Z,1787608957046,2026-08-24T22:02:38.849246909Z,1,2026-08-24T21:36:10.6179797Z,2,2026-08-24T21:36:12.165834606Z,true,2026-08-24T22:02:31.384433094Z,"[""/tangrams/66_464.png"",""/tangrams/202_441.png"",""/tangrams/20_314.png"",""/tangrams/348_24.png""]",2026-08-24T21:36:10.6179797Z,/tangrams/348_24.png,2026-08-24T21:36:10.6179797Z,B3,2026-08-24T21:36:10.6179797Z,6,2026-08-24T21:36:10.6179797Z,41,2026-08-24T21:36:10.6179797Z
01M0TVK9J8E8FNRC8P0F4ESQTK,01M0TTMTH8JPTHXWGXYEY1VFR8,2026-08-24T21:42:34.312729267Z,"[{""text"":""lol"",""sender"":{""id"":""01M0TV8YZXT0HY97VC3QNJABKN"",""name"":""Repi"",""avatar"":""https://api.dicebear.com/8.x/rings/svg?seed=Repi""}},{""text"":""one spike and almost a pipe looking shape"",""sender"":{""id"":""01M0TVD4RDDZ2GPYA2W2TBJY2J"",""name"":""Minu"",""avatar"":""https://api.dicebear.com/8.x/rings/svg?seed=Minu""}}]",2026-08-24T21:51:55.773088138Z,"[1787608294778,1787608315785]",2026-08-24T21:51:55.786767108Z,,,true,2026-08-24T21:52:05.222494964Z,01M0TVD4RDDZ2GPYA2W2TBJY2J,2026-08-24T21:51:29.965987105Z,"[""F2"",""F8"",""F1"",""C3""]",2026-08-24T21:42:34.312729267Z,true,2026-08-24T21:52:05.209216702Z,01M0TTMWMG725DJ5GA5M4WD8SY,2026-08-24T21:42:34.312729267Z,11,2026-08-24T21:42:34.312729267Z,false,2026-08-24T21:51:30.122206572Z,01M0TV8YZXT0HY97VC3QNJABKN,2026-08-24T21:51:29.965987105Z,,,48,2026-08-24T21:42:34.312729267Z,12,2026-08-24T21:42:34.312729267Z,training,2026-08-24T21:42:34.312729267Z,0,2026-08-24T21:42:34.312729267Z,4,2026-08-24T21:42:34.312729267Z,/tangrams/429_403.png,2026-08-24T21:52:05.222494964Z,/tangrams/429_403.png,2026-08-24T21:52:02.076286776Z,1787608322839,2026-08-24T21:52:02.053996606Z,1,2026-08-24T21:42:34.312729267Z,2,2026-08-24T21:42:35.313977022Z,true,2026-08-24T21:51:29.913919115Z,"[""/tangrams/429_403.png"",""/tangrams/374_400.png"",""/tangrams/452_257.png"",""/tangrams/202_24.png""]",2026-08-24T21:42:34.312729267Z,/tangrams/429_403.png,2026-08-24T21:42:34.312729267Z,F2,2026-08-24T21:42:34.312729267Z,11,2026-08-24T21:42:34.312729267Z,10,2026-08-24T21:42:34.312729267Z
01M0TVK9NX5M7V2RJ4HR4BQ3E0,01M0TTMTH8JPTHXWGXYEY1VFR8,2026-08-24T21:42:34.429672406Z,"[{""text"":""swan lol"",""sender"":{""id"":""01M0TVD4RDDZ2GPYA2W2TBJY2J"",""name"":""Minu"",""avatar"":""https://api.dicebear.com/8.x/rings/svg?seed=Minu""}}]",2026-08-24T21:55:16.276261755Z,[1787608516290],2026-08-24T21:55:16.291611474Z,,,true,2026-08-24T21:55:22.224885328Z,01M0TVD4RDDZ2GPYA2W2TBJY2J,2026-08-24T21:55:06.844189801Z,"[""F2"",""B2"",""F4"",""F7""]",2026-08-24T21:42:34.429672406Z,true,2026-08-24T21:55:22.200297833Z,01M0TTMWMG725DJ5GA5M4WD8SY,2026-08-24T21:42:34.429672406Z,23,2026-08-24T21:42:34.429672406Z,false,2026-08-24T21:55:07.008023176Z,01M0TV8YZXT0HY97VC3QNJABKN,2026-08-24T21:55:06.844189801Z,,,48,2026-08-24T21:42:34.429672406Z,12,2026-08-24T21:42:34.429672406Z,training,2026-08-24T21:42:34.429672406Z,1,2026-08-24T21:42:34.429672406Z,4,2026-08-24T21:42:34.429672406Z,/tangrams/40_345.png,2026-08-24T21:55:22.224885328Z,/tangrams/40_345.png,2026-08-24T21:55:19.036590638Z,1787608519808,2026-08-24T21:55:19.020110998Z,1,2026-08-24T21:42:34.429672406Z,2,2026-08-24T21:42:35.692620166Z,true,2026-08-24T21:55:06.794168034Z,"[""/tangrams/429_403.png"",""/tangrams/348_441.png"",""/tangrams/40_345.png"",""/tangrams/157_426.png""]",2026-08-24T21:42:34.429672406Z,/tangrams/40_345.png,2026-08-24T21:42:34.429672406Z,F4,2026-08-24T21:42:34.429672406Z,11,2026-08-24T21:42:34.429672406Z,22,2026-08-24T21:42:34.429672406Z
01M0TTKMX07DEQJ8TNQY7VCN5K,01M0TSZEX52H0PZDJFB4JNEAFW,2026-08-24T21:25:17.344378185Z,"[{""text"":""RUNNING LEGS"",""sender"":{""id"":""01M0TT55D1DRDQ3JPT1CDTT5VN"",""name"":""Repi"",""avatar"":""https://api.dicebear.com/8.x/rings/svg?seed=Repi""}}]",2026-08-24T21:43:33.90040041Z,[1787607813911],2026-08-24T21:43:33.912650126Z,,,true,2026-08-24T21:43:39.856896937Z,01M0TT55D1DRDQ3JPT1CDTT5VN,2026-08-24T21:43:23.554517812Z,"[""C2"",""A4"",""D3"",""B1""]",2026-08-24T21:25:17.344378185Z,true,2026-08-24T21:43:39.844700666Z,01M0TSZEY173D8F3KEP071GR06,2026-08-24T21:25:17.344378185Z,22,2026-08-24T21:25:17.344378185Z,false,2026-08-24T21:43:23.673850225Z,01M0TTF3ADJ36CYQBD8356XFNQ,2026-08-24T21:43:23.554517812Z,,,48,2026-08-24T21:25:17.344378185Z,12,2026-08-24T21:25:17.344378185Z,training,2026-08-24T21:25:17.344378185Z,1,2026-08-24T21:25:17.344378185Z,4,2026-08-24T21:25:17.344378185Z,/tangrams/279_405.png,2026-08-24T21:43:39.856896937Z,/tangrams/279_405.png,2026-08-24T21:43:36.725964224Z,1787607816347,2026-08-24T21:43:36.714222851Z,0,2026-08-24T21:25:17.344378185Z,2,2026-08-24T21:25:18.014820037Z,true,2026-08-24T21:43:23.50470496Z,"[""/tangrams/422_339.png"",""/tangrams/138_66.png"",""/tangrams/279_405.png"",""/tangrams/366_244.png""]",2026-08-24T21:25:17.344378185Z,/tangrams/279_405.png,2026-08-24T21:25:17.344378185Z,D3,2026-08-24T21:25:17.344378185Z,10,2026-08-24T21:25:17.344378185Z,21,2026-08-24T21:25:17.344378185Z
01M0TTTPKC0TFQARWHZAQ9EPA2,01M0TSZV7X3D77NKMM5CDCW4Z6,2026-08-24T21:29:08.460558244Z,"[{""text"":""looks like a bird head/beak with a small cutout underneath"",""sender"":{""id"":""01M0TT467Q69C5HQ20GW6FRRF2"",""name"":""Repi"",""avatar"":""https://api.dicebear.com/8.x/rings/svg?seed=Repi""}}]",2026-08-24T21:53:50.647260745Z,[1787608430661],2026-08-24T21:53:50.662694517Z,,,true,2026-08-24T21:54:00.739074329Z,01M0TT467Q69C5HQ20GW6FRRF2,2026-08-24T21:53:26.970454354Z,"[""D2"",""B1"",""D1"",""C4""]",2026-08-24T21:29:08.460558244Z,true,2026-08-24T21:54:00.713564337Z,01M0TSZV8KEDQHAT4X33M1GG1C,2026-08-24T21:29:08.460558244Z,16,2026-08-24T21:29:08.460558244Z,false,2026-08-24T21:53:27.150582839Z,01M0TTBQPRE9XMJHBPDKM8GTC4,2026-08-24T21:53:26.970454354Z,,,48,2026-08-24T21:29:08.460558244Z,12,2026-08-24T21:29:08.460558244Z,training,2026-08-24T21:29:08.460558244Z,1,2026-08-24T21:29:08.460558244Z,4,2026-08-24T21:29:08.460558244Z,/tangrams/20_314.png,2026-08-24T21:54:00.739074329Z,/tangrams/20_314.png,2026-08-24T21:53:57.536146435Z,1787608435804,2026-08-24T21:53:57.544325237Z,1,2026-08-24T21:29:08.460558244Z,2,2026-08-24T21:29:09.319832078Z,true,2026-08-24T21:53:26.916114918Z,"[""/tangrams/20_441.png"",""/tangrams/348_314.png"",""/tangrams/20_314.png"",""/tangrams/202_464.png""]",2026-08-24T21:29:08.460558244Z,/tangrams/20_314.png,2026-08-24T21:29:08.460558244Z,D1,2026-08-24T21:29:08.460558244Z,4,2026-08-24T21:29:08.460558244Z,15,2026-08-24T21:29:08.460558244Z
01M0TT9KHHEK8XDKFXFKDESVGH,01M0TSZGJXR0N6DNTNARWRMFQ4,2026-08-24T21:19:48.273568428Z,,,,,,,,,,,"[""B3"",""D2"",""A4"",""C1""]",2026-08-24T21:19:48.273568428Z,false,2026-08-24T21:19:48.273568428Z,01M0TSZGKE32G3R2H2EPQFBQNN,2026-08-24T21:19:48.273568428Z,7,2026-08-24T21:19:48.273568428Z,,,,,,,48,2026-08-24T21:19:48.273568428Z,12,2026-08-24T21:19:48.273568428Z,training,2026-08-24T21:19:48.273568428Z,0,2026-08-24T21:19:48.273568428Z,4,2026-08-24T21:19:48.273568428Z,,,,2026-08-24T21:19:48.273568428Z,,,0,2026-08-24T21:19:48.273568428Z,2,2026-08-24T21:19:48.58540063Z,false,2026-08-24T21:19:48.273568428Z,"[""/tangrams/366_405.png"",""/tangrams/279_339.png"",""/tangrams/138_66.png"",""/tangrams/422_244.png""]",2026-08-24T21:19:48.273568428Z,/tangrams/279_339.png,2026-08-24T21:19:48.273568428Z,D2,2026-08-24T21:19:48.273568428Z,7,2026-08-24T21:19:48.273568428Z,6,2026-08-24T21:19:48.273568428Z
01M0TT9KFH3Q5DMBAY8TCTXFP1,01M0TSZGJXR0N6DNTNARWRMFQ4,2026-08-24T21:19:48.209435261Z,,,,,,,,,,,"[""D3"",""A4"",""C2"",""B1""]",2026-08-24T21:19:48.209435261Z,false,2026-08-24T21:19:48.209435261Z,01M0TSZGKE32G3R2H2EPQFBQNN,2026-08-24T21:19:48.209435261Z,20,2026-08-24T21:19:48.209435261Z,,,,,,,48,2026-08-24T21:19:48.209435261Z,12,2026-08-24T21:19:48.209435261Z,training,2026-08-24T21:19:48.209435261Z,1,2026-08-24T21:19:48.209435261Z,4,2026-08-24T21:19:48.209435261Z,,,,2026-08-24T21:19:48.209435261Z,,,0,2026-08-24T21:19:48.209435261Z,2,2026-08-24T21:19:48.879544498Z,false,2026-08-24T21:19:48.209435261Z,"[""/tangrams/279_405.png"",""/tangrams/138_66.png"",""/tangrams/422_339.png"",""/tangrams/366_244.png""]",2026-08-24T21:19:48.209435261Z,/tangrams/422_339.png,2026-08-24T21:19:48.209435261Z,C2,2026-08-24T21:19:48.209435261Z,8,2026-08-24T21:19:48.209435261Z,19,2026-08-24T21:19:48.209435261Z
01M0TV7JNMW9Y5HBJ623AST949,01M0TTMTH8JPTHXWGXYEY1VFR8,2026-08-24T21:36:10.420139374Z,"[{""text"":""two traingles on the left pointing left"",""sender"":{""id"":""01M0TTRGJ55RK21NQM11GGHNRN"",""name"":""Repi"",""avatar"":""https://api.dicebear.com/8.x/rings/svg?seed=Repi""}}]",2026-08-24T21:52:02.261101168Z,[1787608322273],2026-08-24T21:52:02.275073962Z,,,true,2026-08-24T21:52:09.84935012Z,01M0TTRGJ55RK21NQM11GGHNRN,2026-08-24T21:51:45.86743066Z,"[""D1"",""B3"",""A4"",""C2""]",2026-08-24T21:36:10.420139374Z,true,2026-08-24T21:52:09.830655211Z,01M0TTMWM9GSP2NP0T4CET96EB,2026-08-24T21:36:10.420139374Z,12,2026-08-24T21:36:10.420139374Z,false,2026-08-24T21:51:46.171641735Z,01M0TV363Y2QH3CGTPHSZR512P,2026-08-24T21:51:45.86743066Z,,,48,2026-08-24T21:36:10.420139374Z,12,2026-08-24T21:36:10.420139374Z,training,2026-08-24T21:36:10.420139374Z,0,2026-08-24T21:36:10.420139374Z,4,2026-08-24T21:36:10.420139374Z,/tangrams/20_314.png,2026-08-24T21:52:09.84935012Z,/tangrams/20_314.png,2026-08-24T21:52:06.674602963Z,1787608324881,2026-08-24T21:52:06.682762525Z,1,2026-08-24T21:36:10.420139374Z,2,2026-08-24T21:36:11.253577333Z,true,2026-08-24T21:51:45.824423625Z,"[""/tangrams/20_314.png"",""/tangrams/348_24.png"",""/tangrams/66_464.png"",""/tangrams/202_441.png""]",2026-08-24T21:36:10.420139374Z,/tangrams/20_314.png,2026-08-24T21:36:10.420139374Z,D1,2026-08-24T21:36:10.420139374Z,12,2026-08-24T21:36:10.420139374Z,11,2026-08-24T21:36:10.420139374Z
01M0TTMQQ9450TH39A4Z6XJ0BZ,01M0TSZV7X3D77NKMM5CDCW4Z6,2026-08-24T21:25:53.001053779Z,"[{""text"":""2 mini mountains on bottom"",""sender"":{""id"":""01M0TT4SREDP4QR1H8V4E3X5G9"",""name"":""Minu"",""avatar"":""https://api.dicebear.com/8.x/rings/svg?seed=Minu""}}]",2026-08-24T21:52:03.06970498Z,[1787608323083],2026-08-24T21:52:03.084601381Z,,,true,2026-08-24T21:52:11.43115804Z,01M0TT4SREDP4QR1H8V4E3X5G9,2026-08-24T21:51:52.523115267Z,"[""D1"",""C2"",""B3"",""A4""]",2026-08-24T21:25:53.001053779Z,true,2026-08-24T21:52:11.407408087Z,01M0TSZV8ERABP36QP2627EVMT,2026-08-24T21:25:53.001053779Z,37,2026-08-24T21:25:53.001053779Z,false,2026-08-24T21:51:52.688797661Z,01M0TT4JP6VSYSTADD58E33WM9,2026-08-24T21:51:52.523115267Z,,,48,2026-08-24T21:25:53.001053779Z,12,2026-08-24T21:25:53.001053779Z,training,2026-08-24T21:25:53.001053779Z,3,2026-08-24T21:25:53.001053779Z,4,2026-08-24T21:25:53.001053779Z,/tangrams/66_464.png,2026-08-24T21:52:11.43115804Z,/tangrams/66_464.png,2026-08-24T21:52:08.244097331Z,1787608326664,2026-08-24T21:52:08.235566923Z,1,2026-08-24T21:25:53.001053779Z,2,2026-08-24T21:25:54.143829263Z,true,2026-08-24T21:51:52.460169324Z,"[""/tangrams/20_314.png"",""/tangrams/202_441.png"",""/tangrams/348_24.png"",""/tangrams/66_464.png""]",2026-08-24T21:25:53.001053779Z,/tangrams/66_464.png,2026-08-24T21:25:53.001053779Z,A4,2026-08-24T21:25:53.001053779Z,1,2026-08-24T21:25:53.001053779Z,36,2026-08-24T21:25:53.001053779Z
01M0TTNRJ73MZ427CDH29X9WGA,01M0TSZGJXR0N6DNTNARWRMFQ4,2026-08-24T21:26:26.631099221Z,,,,,,,,,,,"[""B2"",""F1"",""F7"",""D4""]",2026-08-24T21:26:26.631099221Z,false,2026-08-24T21:26:26.631099221Z,01M0TSZGKJQW5S4GCP9150DNN9,2026-08-24T21:26:26.631099221Z,13,2026-08-24T21:26:26.631099221Z,,,,,,,48,2026-08-24T21:26:26.631099221Z,12,2026-08-24T21:26:26.631099221Z,training,2026-08-24T21:26:26.631099221Z,1,2026-08-24T21:26:26.631099221Z,4,2026-08-24T21:26:26.631099221Z,,,,2026-08-24T21:26:26.631099221Z,,,1,2026-08-24T21:26:26.631099221Z,2,2026-08-24T21:26:27.067334373Z,false,2026-08-24T21:26:26.631099221Z,"[""/tangrams/348_441.png"",""/tangrams/452_257.png"",""/tangrams/157_426.png"",""/tangrams/20_464.png""]",2026-08-24T21:26:26.631099221Z,/tangrams/20_464.png,2026-08-24T21:26:26.631099221Z,D4,2026-08-24T21:26:26.631099221Z,1,2026-08-24T21:26:26.631099221Z,12,2026-08-24T21:26:26.631099221Z
01M0TTTPQA1036T75NNCNFQRR6,01M0TSZV7X3D77NKMM5CDCW4Z6,2026-08-24T21:29:08.586511027Z,"[{""text"":""Has two triangles on the left with a human head on the left with a triangle nose and triangle hair"",""sender"":{""id"":""01M0TTBQPRE9XMJHBPDKM8GTC4"",""name"":""Minu"",""avatar"":""https://api.dicebear.com/8.x/rings/svg?seed=Minu""}}]",2026-08-24T21:45:05.823838385Z,[1787607905834],2026-08-24T21:45:05.836455538Z,1787607877946,2026-08-24T21:44:40.67477285Z,false,2026-08-24T21:45:27.500797292Z,01M0TTBQPRE9XMJHBPDKM8GTC4,2026-08-24T21:44:24.18979002Z,"[""B1"",""B4"",""D2"",""C1""]",2026-08-24T21:29:08.586511027Z,true,2026-08-24T21:45:27.485669839Z,01M0TSZV8KEDQHAT4X33M1GG1C,2026-08-24T21:29:08.586511027Z,5,2026-08-24T21:29:08.586511027Z,false,2026-08-24T21:44:24.394994601Z,01M0TT467Q69C5HQ20GW6FRRF2,2026-08-24T21:44:24.18979002Z,,,48,2026-08-24T21:29:08.586511027Z,12,2026-08-24T21:29:08.586511027Z,training,2026-08-24T21:29:08.586511027Z,0,2026-08-24T21:29:08.586511027Z,4,2026-08-24T21:29:08.586511027Z,,2026-08-24T21:45:27.500797292Z,,2026-08-24T21:29:08.586511027Z,,,1,2026-08-24T21:29:08.586511027Z,2,2026-08-24T21:29:08.917040073Z,true,2026-08-24T21:44:24.144336823Z,"[""/tangrams/348_314.png"",""/tangrams/348_464.png"",""/tangrams/20_441.png"",""/tangrams/202_314.png""]",2026-08-24T21:29:08.586511027Z,/tangrams/348_314.png,2026-08-24T21:29:08.586511027Z,B1,2026-08-24T21:29:08.586511027Z,5,2026-08-24T21:29:08.586511027Z,4,2026-08-24T21:29:08.586511027Z
01M0TVK9HAY2EHTGHETJSGXSR9,01M0TTMTH8JPTHXWGXYEY1VFR8,2026-08-24T21:42:34.282184465Z,"[{""text"":""to big triangles at the back pointing left"",""sender"":{""id"":""01M0TV8YZXT0HY97VC3QNJABKN"",""name"":""Repi"",""avatar"":""https://api.dicebear.com/8.x/rings/svg?seed=Repi""}}]",2026-08-24T21:50:42.082852459Z,[1787608242113],2026-08-24T21:50:42.11457384Z,,,true,2026-08-24T21:50:50.937942702Z,01M0TV8YZXT0HY97VC3QNJABKN,2026-08-24T21:50:23.790228818Z,"[""B2"",""D4"",""A1"",""F8""]",2026-08-24T21:42:34.282184465Z,true,2026-08-24T21:50:50.924491661Z,01M0TTMWMG725DJ5GA5M4WD8SY,2026-08-24T21:42:34.282184465Z,8,2026-08-24T21:42:34.282184465Z,false,2026-08-24T21:50:23.94108418Z,01M0TVD4RDDZ2GPYA2W2TBJY2J,2026-08-24T21:50:23.790228818Z,,,48,2026-08-24T21:42:34.282184465Z,12,2026-08-24T21:42:34.282184465Z,training,2026-08-24T21:42:34.282184465Z,0,2026-08-24T21:42:34.282184465Z,4,2026-08-24T21:42:34.282184465Z,/tangrams/66_314.png,2026-08-24T21:50:50.937942702Z,/tangrams/66_314.png,2026-08-24T21:50:47.769328156Z,1787608247652,2026-08-24T21:50:47.777632414Z,1,2026-08-24T21:42:34.282184465Z,2,2026-08-24T21:42:35.221009202Z,true,2026-08-24T21:50:23.721345666Z,"[""/tangrams/348_441.png"",""/tangrams/20_464.png"",""/tangrams/66_314.png"",""/tangrams/374_400.png""]",2026-08-24T21:42:34.282184465Z,/tangrams/66_314.png,2026-08-24T21:42:34.282184465Z,A1,2026-08-24T21:42:34.282184465Z,8,2026-08-24T21:42:34.282184465Z,7,2026-08-24T21:42:34.282184465Z
01M0TTA5EFAY4PJEQJ0EDNCNAR,01M0TSZV7X3D77NKMM5CDCW4Z6,2026-08-24T21:20:06.60787337Z,"[{""text"":""had to click 3 times that time ..."",""sender"":{""id"":""01M0TT3ZTTV22XQGZD0K61T6A4"",""name"":""Repi"",""avatar"":""https://api.dicebear.com/8.x/rings/svg?seed=Repi""}},{""text"":""anyway..."",""sender"":{""id"":""01M0TT3ZTTV22XQGZD0K61T6A4"",""name"":""Repi"",""avatar"":""https://api.dicebear.com/8.x/rings/svg?seed=Repi""}},{""text"":""this looks like a black house with a white window up top.  small triangle sticking out on lefft"",""sender"":{""id"":""01M0TT3ZTTV22XQGZD0K61T6A4"",""name"":""Repi"",""avatar"":""https://api.dicebear.com/8.x/rings/svg?seed=Repi""}}]",2026-08-24T21:30:01.262293396Z,"[1787606968899,1787606970285,1787607001276]",2026-08-24T21:30:01.279626167Z,,,true,2026-08-24T21:30:10.33412094Z,01M0TT3ZTTV22XQGZD0K61T6A4,2026-08-24T21:29:21.509938828Z,"[""C3"",""F2"",""B2"",""A1""]",2026-08-24T21:20:06.60787337Z,true,2026-08-24T21:30:10.315739613Z,01M0TSZV8KEDQHAT4X3FNKVS2B,2026-08-24T21:20:06.60787337Z,8,2026-08-24T21:20:06.60787337Z,false,2026-08-24T21:29:21.66985339Z,01M0TT4SZRTK7MV5T48R9G1GQH,2026-08-24T21:29:21.509938828Z,,,48,2026-08-24T21:20:06.60787337Z,12,2026-08-24T21:20:06.60787337Z,training,2026-08-24T21:20:06.60787337Z,0,2026-08-24T21:20:06.60787337Z,4,2026-08-24T21:20:06.60787337Z,/tangrams/366_339.png,2026-08-24T21:30:10.33412094Z,/tangrams/366_339.png,2026-08-24T21:30:07.149746489Z,1787607007030,2026-08-24T21:30:07.144488564Z,0,2026-08-24T21:20:06.60787337Z,2,2026-08-24T21:20:06.803914709Z,true,2026-08-24T21:29:21.451506152Z,"[""/tangrams/422_405.png"",""/tangrams/290_64.png"",""/tangrams/366_339.png"",""/tangrams/138_244.png""]",2026-08-24T21:20:06.60787337Z,/tangrams/366_339.png,2026-08-24T21:20:06.60787337Z,B2,2026-08-24T21:20:06.60787337Z,8,2026-08-24T21:20:06.60787337Z,7,2026-08-24T21:20:06.60787337Z
01M0TTKMSS9W4T8PKSH5YQQME7,01M0TSZEX52H0PZDJFB4JNEAFW,2026-08-24T21:25:17.24189256Z,"[{""text"":""PIZZA HUT HAT ON TOP"",""sender"":{""id"":""01M0TT55D1DRDQ3JPT1CDTT5VN"",""name"":""Repi"",""avatar"":""https://api.dicebear.com/8.x/rings/svg?seed=Repi""}}]",2026-08-24T21:36:58.095500894Z,[1787607418104],2026-08-24T21:36:58.105621046Z,,,true,2026-08-24T21:37:17.168925379Z,01M0TT55D1DRDQ3JPT1CDTT5VN,2026-08-24T21:36:41.804871123Z,"[""D3"",""C4"",""B1"",""A2""]",2026-08-24T21:25:17.24189256Z,true,2026-08-24T21:37:17.158188065Z,01M0TSZEY173D8F3KEP071GR06,2026-08-24T21:25:17.24189256Z,6,2026-08-24T21:25:17.24189256Z,false,2026-08-24T21:36:41.920781564Z,01M0TTF3ADJ36CYQBD8356XFNQ,2026-08-24T21:36:41.804871123Z,,,48,2026-08-24T21:25:17.24189256Z,12,2026-08-24T21:25:17.24189256Z,training,2026-08-24T21:25:17.24189256Z,0,2026-08-24T21:25:17.24189256Z,4,2026-08-24T21:25:17.24189256Z,/tangrams/422_66.png,2026-08-24T21:37:17.168925379Z,/tangrams/422_66.png,2026-08-24T21:37:14.019821725Z,1787607433620,2026-08-24T21:37:14.03082625Z,0,2026-08-24T21:25:17.24189256Z,2,2026-08-24T21:25:17.713665101Z,true,2026-08-24T21:36:41.756716119Z,"[""/tangrams/279_405.png"",""/tangrams/422_66.png"",""/tangrams/366_244.png"",""/tangrams/138_339.png""]",2026-08-24T21:25:17.24189256Z,/tangrams/422_66.png,2026-08-24T21:25:17.24189256Z,C4,2026-08-24T21:25:17.24189256Z,6,2026-08-24T21:25:17.24189256Z,5,2026-08-24T21:25:17.24189256Z
01M0TTYQ6KG80S5XGE9SN2QX2R,01M0TTMTH8JPTHXWGXYEY1VFR8,2026-08-24T21:31:20.147763315Z,,,,,,,,,,,"[""A4"",""A2"",""C1"",""B4""]",2026-08-24T21:31:20.147763315Z,false,2026-08-24T21:31:20.147763315Z,01M0TTMWMDPGAHQRDA7BZJ8FEZ,2026-08-24T21:31:20.147763315Z,39,2026-08-24T21:31:20.147763315Z,,,,,,,48,2026-08-24T21:31:20.147763315Z,12,2026-08-24T21:31:20.147763315Z,training,2026-08-24T21:31:20.147763315Z,3,2026-08-24T21:31:20.147763315Z,4,2026-08-24T21:31:20.147763315Z,,,,2026-08-24T21:31:20.147763315Z,,,1,2026-08-24T21:31:20.147763315Z,2,2026-08-24T21:31:22.217960695Z,false,2026-08-24T21:31:20.147763315Z,"[""/tangrams/66_464.png"",""/tangrams/66_441.png"",""/tangrams/202_314.png"",""/tangrams/348_464.png""]",2026-08-24T21:31:20.147763315Z,/tangrams/66_464.png,2026-08-24T21:31:20.147763315Z,A4,2026-08-24T21:31:20.147763315Z,3,2026-08-24T21:31:20.147763315Z,38,2026-08-24T21:31:20.147763315Z
01M0TTMQTM7PBSZAZGKGAVP4SP,01M0TSZV7X3D77NKMM5CDCW4Z6,2026-08-24T21:25:53.108469962Z,"[{""text"":""triangle bottom left"",""sender"":{""id"":""01M0TT4SREDP4QR1H8V4E3X5G9"",""name"":""Minu"",""avatar"":""https://api.dicebear.com/8.x/rings/svg?seed=Minu""}}]",2026-08-24T21:44:21.865753276Z,[1787607861891],2026-08-24T21:44:21.892293324Z,,,true,2026-08-24T21:44:29.596096152Z,01M0TT4SREDP4QR1H8V4E3X5G9,2026-08-24T21:44:09.182324603Z,"[""D3"",""A2"",""C4"",""B1""]",2026-08-24T21:25:53.108469962Z,true,2026-08-24T21:44:29.58076203Z,01M0TSZV8ERABP36QP2627EVMT,2026-08-24T21:25:53.108469962Z,19,2026-08-24T21:25:53.108469962Z,false,2026-08-24T21:44:09.302399802Z,01M0TT4JP6VSYSTADD58E33WM9,2026-08-24T21:44:09.182324603Z,,,48,2026-08-24T21:25:53.108469962Z,12,2026-08-24T21:25:53.108469962Z,training,2026-08-24T21:25:53.108469962Z,1,2026-08-24T21:25:53.108469962Z,4,2026-08-24T21:25:53.108469962Z,/tangrams/66_441.png,2026-08-24T21:44:29.596096152Z,/tangrams/66_441.png,2026-08-24T21:44:26.418278946Z,1787607864837,2026-08-24T21:44:26.424381362Z,1,2026-08-24T21:25:53.108469962Z,2,2026-08-24T21:25:53.725120162Z,true,2026-08-24T21:44:09.125554041Z,"[""/tangrams/20_24.png"",""/tangrams/66_441.png"",""/tangrams/202_464.png"",""/tangrams/348_314.png""]",2026-08-24T21:25:53.108469962Z,/tangrams/66_441.png,2026-08-24T21:25:53.108469962Z,A2,2026-08-24T21:25:53.108469962Z,7,2026-08-24T21:25:53.108469962Z,18,2026-08-24T21:25:53.108469962Z
01M0TTYQ0K466PHSHX8Z280YB3,01M0TTMTH8JPTHXWGXYEY1VFR8,2026-08-24T21:31:19.955254729Z,"[{""text"":""?"",""sender"":{""id"":""01M0TTJT0T1FXWVGTP027BYENQ"",""name"":""Minu"",""avatar"":""https://api.dicebear.com/8.x/rings/svg?seed=Minu""}},{""text"":""$ strikes on left"",""sender"":{""id"":""01M0TTENRE0ZSC234N2S1BW8ZS"",""name"":""Repi"",""avatar"":""https://api.dicebear.com/8.x/rings/svg?seed=Repi""}},{""text"":""arm with tree strikes"",""sender"":{""id"":""01M0TTENRE0ZSC234N2S1BW8ZS"",""name"":""Repi"",""avatar"":""https://api.dicebear.com/8.x/rings/svg?seed=Repi""}},{""text"":""ok"",""sender"":{""id"":""01M0TTJT0T1FXWVGTP027BYENQ"",""name"":""Minu"",""avatar"":""https://api.dicebear.com/8.x/rings/svg?seed=Minu""}},{""text"":""seen"",""sender"":{""id"":""01M0TTJT0T1FXWVGTP027BYENQ"",""name"":""Minu"",""avatar"":""https://api.dicebear.com/8.x/rings/svg?seed=Minu""}},{""text"":""A stricky image with stricky arm"",""sender"":{""id"":""01M0TTENRE0ZSC234N2S1BW8ZS"",""name"":""Repi"",""avatar"":""https://api.dicebear.com/8.x/rings/svg?seed=Repi""}}]",2026-08-24T21:54:07.49254568Z,"[1787608400496,1787608409725,1787608419355,1787608436499,1787608445859,1787608447504]",2026-08-24T21:54:07.506252486Z,,,false,2026-08-24T21:54:14.934430166Z,01M0TTENRE0ZSC234N2S1BW8ZS,2026-08-24T21:53:11.650326385Z,"[""B4"",""B1"",""D3"",""C1""]",2026-08-24T21:31:19.955254729Z,true,2026-08-24T21:54:14.915295373Z,01M0TTMWMDPGAHQRDA7BZJ8FEZ,2026-08-24T21:31:19.955254729Z,10,2026-08-24T21:31:19.955254729Z,false,2026-08-24T21:53:11.801966459Z,01M0TTJT0T1FXWVGTP027BYENQ,2026-08-24T21:53:11.650326385Z,,,48,2026-08-24T21:31:19.955254729Z,12,2026-08-24T21:31:19.955254729Z,training,2026-08-24T21:31:19.955254729Z,0,2026-08-24T21:31:19.955254729Z,4,2026-08-24T21:31:19.955254729Z,,2026-08-24T21:54:14.934430166Z,,2026-08-24T21:31:19.955254729Z,,,1,2026-08-24T21:31:19.955254729Z,2,2026-08-24T21:31:21.016858359Z,true,2026-08-24T21:53:11.58073234Z,"[""/tangrams/348_464.png"",""/tangrams/348_314.png"",""/tangrams/20_24.png"",""/tangrams/202_314.png""]",2026-08-24T21:31:19.955254729Z,/tangrams/348_314.png,2026-08-24T21:31:19.955254729Z,B1,2026-08-24T21:31:19.955254729Z,10,2026-08-24T21:31:19.955254729Z,9,2026-08-24T21:31:19.955254729Z
01M0TTKDFEPZV867JD61DV0GN6,01M0TSZGJXR0N6DNTNARWRMFQ4,2026-08-24T21:25:09.742290244Z,,,,,,,,,,,"[""D2"",""A4"",""D3"",""B3""]",2026-08-24T21:25:09.742290244Z,false,2026-08-24T21:25:09.742290244Z,01M0TSZGKM72FFW193EYG47F25,2026-08-24T21:25:09.742290244Z,41,2026-08-24T21:25:09.742290244Z,,,,,,,48,2026-08-24T21:25:09.742290244Z,12,2026-08-24T21:25:09.742290244Z,training,2026-08-24T21:25:09.742290244Z,3,2026-08-24T21:25:09.742290244Z,4,2026-08-24T21:25:09.742290244Z,,,,2026-08-24T21:25:09.742290244Z,,,0,2026-08-24T21:25:09.742290244Z,2,2026-08-24T21:25:10.566503967Z,false,2026-08-24T21:25:09.742290244Z,"[""/tangrams/279_339.png"",""/tangrams/138_66.png"",""/tangrams/279_405.png"",""/tangrams/366_405.png""]",2026-08-24T21:25:09.742290244Z,/tangrams/279_405.png,2026-08-24T21:25:09.742290244Z,D3,2026-08-24T21:25:09.742290244Z,5,2026-08-24T21:25:09.742290244Z,40,2026-08-24T21:25:09.742290244Z
01M0TTKMSXWZHJGTQYDDZWN2WD,01M0TSZEX52H0PZDJFB4JNEAFW,2026-08-24T21:25:17.246003928Z,"[{""text"":""triangle and diamond below"",""sender"":{""id"":""01M0TTF3ADJ36CYQBD8356XFNQ"",""name"":""Minu"",""avatar"":""https://api.dicebear.com/8.x/rings/svg?seed=Minu""}}]",2026-08-24T21:37:26.404228519Z,[1787607446413],2026-08-24T21:37:26.414995894Z,,,true,2026-08-24T21:37:32.856060075Z,01M0TTF3ADJ36CYQBD8356XFNQ,2026-08-24T21:37:17.228874369Z,"[""B3"",""C2"",""D1"",""A4""]",2026-08-24T21:25:17.246003928Z,true,2026-08-24T21:37:32.844731321Z,01M0TSZEY173D8F3KEP071GR06,2026-08-24T21:25:17.246003928Z,7,2026-08-24T21:25:17.246003928Z,false,2026-08-24T21:37:17.37678594Z,01M0TT55D1DRDQ3JPT1CDTT5VN,2026-08-24T21:37:17.228874369Z,,,48,2026-08-24T21:25:17.246003928Z,12,2026-08-24T21:25:17.246003928Z,training,2026-08-24T21:25:17.246003928Z,0,2026-08-24T21:25:17.246003928Z,4,2026-08-24T21:25:17.246003928Z,/tangrams/279_244.png,2026-08-24T21:37:32.856060075Z,/tangrams/279_244.png,2026-08-24T21:37:29.718487695Z,1787607449462,2026-08-24T21:37:29.724504304Z,0,2026-08-24T21:25:17.246003928Z,2,2026-08-24T21:25:17.735675688Z,true,2026-08-24T21:37:17.183938822Z,"[""/tangrams/366_405.png"",""/tangrams/422_339.png"",""/tangrams/279_244.png"",""/tangrams/138_66.png""]",2026-08-24T21:25:17.246003928Z,/tangrams/279_244.png,2026-08-24T21:25:17.246003928Z,D1,2026-08-24T21:25:17.246003928Z,7,2026-08-24T21:25:17.246003928Z,6,2026-08-24T21:25:17.246003928Z
01M0TV7K151C3A9EBSKKE9GGFA,01M0TTMTH8JPTHXWGXYEY1VFR8,2026-08-24T21:36:10.789981883Z,"[{""text"":""white rectangle"",""sender"":{""id"":""01M0TV363Y2QH3CGTPHSZR512P"",""name"":""Minu"",""avatar"":""https://api.dicebear.com/8.x/rings/svg?seed=Minu""}}]",2026-08-24T21:55:02.377811334Z,[1787608502391],2026-08-24T21:55:02.392802201Z,,,true,2026-08-24T21:55:08.937496274Z,01M0TV363Y2QH3CGTPHSZR512P,2026-08-24T21:54:54.954342383Z,"[""A4"",""D2"",""C1"",""B3""]",2026-08-24T21:36:10.789981883Z,true,2026-08-24T21:55:08.914865512Z,01M0TTMWM9GSP2NP0T4CET96EB,2026-08-24T21:36:10.789981883Z,19,2026-08-24T21:36:10.789981883Z,false,2026-08-24T21:54:55.237688866Z,01M0TTRGJ55RK21NQM11GGHNRN,2026-08-24T21:54:54.954342383Z,,,48,2026-08-24T21:36:10.789981883Z,12,2026-08-24T21:36:10.789981883Z,training,2026-08-24T21:36:10.789981883Z,1,2026-08-24T21:36:10.789981883Z,4,2026-08-24T21:36:10.789981883Z,/tangrams/348_24.png,2026-08-24T21:55:08.937496274Z,/tangrams/348_24.png,2026-08-24T21:55:05.742878359Z,1787608506230,2026-08-24T21:55:05.751566459Z,1,2026-08-24T21:36:10.789981883Z,2,2026-08-24T21:36:11.440393506Z,true,2026-08-24T21:54:54.900127374Z,"[""/tangrams/66_464.png"",""/tangrams/20_441.png"",""/tangrams/202_314.png"",""/tangrams/348_24.png""]",2026-08-24T21:36:10.789981883Z,/tangrams/348_24.png,2026-08-24T21:36:10.789981883Z,B3,2026-08-24T21:36:10.789981883Z,7,2026-08-24T21:36:10.789981883Z,18,2026-08-24T21:36:10.789981883Z
01M0TT9KG5CQTXFNBQC55S9KSB,01M0TSZGJXR0N6DNTNARWRMFQ4,2026-08-24T21:19:48.229692804Z,,,,,,,,,,,"[""A2"",""D1"",""C4"",""B3""]",2026-08-24T21:19:48.229692804Z,false,2026-08-24T21:19:48.229692804Z,01M0TSZGKE32G3R2H2EPQFBQNN,2026-08-24T21:19:48.229692804Z,40,2026-08-24T21:19:48.229692804Z,,,,,,,48,2026-08-24T21:19:48.229692804Z,12,2026-08-24T21:19:48.229692804Z,training,2026-08-24T21:19:48.229692804Z,3,2026-08-24T21:19:48.229692804Z,4,2026-08-24T21:19:48.229692804Z,,,,2026-08-24T21:19:48.229692804Z,,,0,2026-08-24T21:19:48.229692804Z,2,2026-08-24T21:19:49.261332617Z,false,2026-08-24T21:19:48.229692804Z,"[""/tangrams/138_339.png"",""/tangrams/279_244.png"",""/tangrams/422_66.png"",""/tangrams/366_405.png""]",2026-08-24T21:19:48.229692804Z,/tangrams/366_405.png,2026-08-24T21:19:48.229692804Z,B3,2026-08-24T21:19:48.229692804Z,4,2026-08-24T21:19:48.229692804Z,39,2026-08-24T21:19:48.229692804Z
01M0TT9KHM4EEPZS4T0X9RNFZB,01M0TSZGJXR0N6DNTNARWRMFQ4,2026-08-24T21:19:48.276170042Z,,,,,,,,,,,"[""D1"",""C2"",""B4"",""A3""]",2026-08-24T21:19:48.276170042Z,false,2026-08-24T21:19:48.276170042Z,01M0TSZGKE32G3R2H2EPQFBQNN,2026-08-24T21:19:48.276170042Z,6,2026-08-24T21:19:48.276170042Z,,,,,,,48,2026-08-24T21:19:48.276170042Z,12,2026-08-24T21:19:48.276170042Z,training,2026-08-24T21:19:48.276170042Z,0,2026-08-24T21:19:48.276170042Z,4,2026-08-24T21:19:48.276170042Z,,,,2026-08-24T21:19:48.276170042Z,,,0,2026-08-24T21:19:48.276170042Z,2,2026-08-24T21:19:48.56058528Z,false,2026-08-24T21:19:48.276170042Z,"[""/tangrams/279_244.png"",""/tangrams/422_339.png"",""/tangrams/366_66.png"",""/tangrams/138_405.png""]",2026-08-24T21:19:48.276170042Z,/tangrams/366_66.png,2026-08-24T21:19:48.276170042Z,B4,2026-08-24T21:19:48.276170042Z,6,2026-08-24T21:19:48.276170042Z,5,2026-08-24T21:19:48.276170042Z
01M0TTKDEV6HNXH6SRWXYF66XD,01M0TSZGJXR0N6DNTNARWRMFQ4,2026-08-24T21:25:09.723623006Z,,,,,,,,,,,"[""C4"",""C2"",""B3"",""A4""]",2026-08-24T21:25:09.723623006Z,false,2026-08-24T21:25:09.723623006Z,01M0TSZGKM72FFW193EYG47F25,2026-08-24T21:25:09.723623006Z,35,2026-08-24T21:25:09.723623006Z,,,,,,,48,2026-08-24T21:25:09.723623006Z,12,2026-08-24T21:25:09.723623006Z,training,2026-08-24T21:25:09.723623006Z,2,2026-08-24T21:25:09.723623006Z,4,2026-08-24T21:25:09.723623006Z,,,,2026-08-24T21:25:09.723623006Z,,,0,2026-08-24T21:25:09.723623006Z,2,2026-08-24T21:25:10.458006595Z,false,2026-08-24T21:25:09.723623006Z,"[""/tangrams/422_66.png"",""/tangrams/422_339.png"",""/tangrams/366_405.png"",""/tangrams/138_66.png""]",2026-08-24T21:25:09.723623006Z,/tangrams/422_66.png,2026-08-24T21:25:09.723623006Z,C4,2026-08-24T21:25:09.723623006Z,11,2026-08-24T21:25:09.723623006Z,34,2026-08-24T21:25:09.723623006Z
01M0TTKDFKGMN5AB1B3C807P6S,01M0TSZGJXR0N6DNTNARWRMFQ4,2026-08-24T21:25:09.747128452Z,,,,,,,,,,,"[""C1"",""D3"",""B1"",""C4""]",2026-08-24T21:25:09.747128452Z,false,2026-08-24T21:25:09.747128452Z,01M0TSZGKM72FFW193EYG47F25,2026-08-24T21:25:09.747128452Z,44,2026-08-24T21:25:09.747128452Z,,,,,,,48,2026-08-24T21:25:09.747128452Z,12,2026-08-24T21:25:09.747128452Z,training,2026-08-24T21:25:09.747128452Z,3,2026-08-24T21:25:09.747128452Z,4,2026-08-24T21:25:09.747128452Z,,,,2026-08-24T21:25:09.747128452Z,,,0,2026-08-24T21:25:09.747128452Z,2,2026-08-24T21:25:10.625445791Z,false,2026-08-24T21:25:09.747128452Z,"[""/tangrams/422_244.png"",""/tangrams/279_405.png"",""/tangrams/366_244.png"",""/tangrams/422_66.png""]",2026-08-24T21:25:09.747128452Z,/tangrams/422_244.png,2026-08-24T21:25:09.747128452Z,C1,2026-08-24T21:25:09.747128452Z,8,2026-08-24T21:25:09.747128452Z,43,2026-08-24T21:25:09.747128452Z
01M0TTTPG157HQF7RG88P997FK,01M0TSZV7X3D77NKMM5CDCW4Z6,2026-08-24T21:29:08.35314869Z,"[{""text"":""A triangle on the back with a large L shaped head and small body"",""sender"":{""id"":""01M0TTBQPRE9XMJHBPDKM8GTC4"",""name"":""Minu"",""avatar"":""https://api.dicebear.com/8.x/rings/svg?seed=Minu""}}]",2026-08-24T21:57:10.160913815Z,[1787608630175],2026-08-24T21:57:10.176667551Z,,,false,2026-08-24T21:57:21.741332538Z,01M0TTBQPRE9XMJHBPDKM8GTC4,2026-08-24T21:56:42.343668897Z,"[""D1"",""C2"",""A2"",""C4""]",2026-08-24T21:29:08.35314869Z,true,2026-08-24T21:57:21.720692367Z,01M0TSZV8KEDQHAT4X33M1GG1C,2026-08-24T21:29:08.35314869Z,21,2026-08-24T21:29:08.35314869Z,false,2026-08-24T21:56:42.567021111Z,01M0TT467Q69C5HQ20GW6FRRF2,2026-08-24T21:56:42.343668897Z,,,48,2026-08-24T21:29:08.35314869Z,12,2026-08-24T21:29:08.35314869Z,training,2026-08-24T21:29:08.35314869Z,1,2026-08-24T21:29:08.35314869Z,4,2026-08-24T21:29:08.35314869Z,/tangrams/202_464.png,2026-08-24T21:57:21.741332538Z,/tangrams/202_464.png,2026-08-24T21:57:18.519836612Z,1787608635763,2026-08-24T21:57:18.511118695Z,1,2026-08-24T21:29:08.35314869Z,2,2026-08-24T21:29:09.500318868Z,true,2026-08-24T21:56:42.27826496Z,"[""/tangrams/20_314.png"",""/tangrams/202_441.png"",""/tangrams/66_441.png"",""/tangrams/202_464.png""]",2026-08-24T21:29:08.35314869Z,/tangrams/202_441.png,2026-08-24T21:29:08.35314869Z,C2,2026-08-24T21:29:08.35314869Z,9,2026-08-24T21:29:08.35314869Z,20,2026-08-24T21:29:08.35314869Z
01M0TTYQ80DW10MHDK6W4BSDCS,01M0TTMTH8JPTHXWGXYEY1VFR8,2026-08-24T21:31:20.192735234Z,"[{""text"":""Alphabet B smaller one other side"",""sender"":{""id"":""01M0TTENRE0ZSC234N2S1BW8ZS"",""name"":""Repi"",""avatar"":""https://api.dicebear.com/8.x/rings/svg?seed=Repi""}},{""text"":""which side"",""sender"":{""id"":""01M0TTJT0T1FXWVGTP027BYENQ"",""name"":""Minu"",""avatar"":""https://api.dicebear.com/8.x/rings/svg?seed=Minu""}},{""text"":""B is tilted other side"",""sender"":{""id"":""01M0TTENRE0ZSC234N2S1BW8ZS"",""name"":""Repi"",""avatar"":""https://api.dicebear.com/8.x/rings/svg?seed=Repi""}},{""text"":""B on left side"",""sender"":{""id"":""01M0TTENRE0ZSC234N2S1BW8ZS"",""name"":""Repi"",""avatar"":""https://api.dicebear.com/8.x/rings/svg?seed=Repi""}}]",2026-08-24T21:58:04.5674349Z,"[1787608649706,1787608676013,1787608676479,1787608684582]",2026-08-24T21:58:04.583568535Z,,,false,2026-08-24T21:58:13.213177712Z,01M0TTENRE0ZSC234N2S1BW8ZS,2026-08-24T21:57:09.930222272Z,"[""D3"",""C2"",""A3"",""A4""]",2026-08-24T21:31:20.192735234Z,true,2026-08-24T21:58:13.186281109Z,01M0TTMWMDPGAHQRDA7BZJ8FEZ,2026-08-24T21:31:20.192735234Z,14,2026-08-24T21:31:20.192735234Z,false,2026-08-24T21:57:10.093026681Z,01M0TTJT0T1FXWVGTP027BYENQ,2026-08-24T21:57:09.930222272Z,,,48,2026-08-24T21:31:20.192735234Z,12,2026-08-24T21:31:20.192735234Z,training,2026-08-24T21:31:20.192735234Z,1,2026-08-24T21:31:20.192735234Z,4,2026-08-24T21:31:20.192735234Z,,2026-08-24T21:58:13.213177712Z,,2026-08-24T21:31:20.192735234Z,,,1,2026-08-24T21:31:20.192735234Z,2,2026-08-24T21:31:21.183952252Z,true,2026-08-24T21:57:09.861086503Z,"[""/tangrams/20_24.png"",""/tangrams/202_441.png"",""/tangrams/66_24.png"",""/tangrams/66_464.png""]",2026-08-24T21:31:20.192735234Z,/tangrams/66_24.png,2026-08-24T21:31:20.192735234Z,A3,2026-08-24T21:31:20.192735234Z,2,2026-08-24T21:31:20.192735234Z,13,2026-08-24T21:31:20.192735234Z
01M0TTYQHC08RSX8ACZJK66TDD,01M0TTMTH8JPTHXWGXYEY1VFR8,2026-08-24T21:31:20.49212309Z,,,,,,,,,,,"[""D1"",""C4"",""D3"",""A3""]",2026-08-24T21:31:20.49212309Z,false,2026-08-24T21:31:20.49212309Z,01M0TTMWMDPGAHQRDA7BZJ8FEZ,2026-08-24T21:31:20.49212309Z,23,2026-08-24T21:31:20.49212309Z,,,,,,,48,2026-08-24T21:31:20.49212309Z,12,2026-08-24T21:31:20.49212309Z,training,2026-08-24T21:31:20.49212309Z,1,2026-08-24T21:31:20.49212309Z,4,2026-08-24T21:31:20.49212309Z,,,,2026-08-24T21:31:20.49212309Z,,,1,2026-08-24T21:31:20.49212309Z,2,2026-08-24T21:31:21.544862799Z,false,2026-08-24T21:31:20.49212309Z,"[""/tangrams/20_314.png"",""/tangrams/202_464.png"",""/tangrams/20_24.png"",""/tangrams/66_24.png""]",2026-08-24T21:31:20.49212309Z,/tangrams/20_24.png,2026-08-24T21:31:20.49212309Z,D3,2026-08-24T21:31:20.49212309Z,11,2026-08-24T21:31:20.49212309Z,22,2026-08-24T21:31:20.49212309Z
01M0TV7JPSDGH57Z5EVVBZNGD5,01M0TTMTH8JPTHXWGXYEY1VFR8,2026-08-24T21:36:10.457140201Z,"[{""text"":""Two big arrows  1  little arrow pointing left"",""sender"":{""id"":""01M0TV363Y2QH3CGTPHSZR512P"",""name"":""Minu"",""avatar"":""https://api.dicebear.com/8.x/rings/svg?seed=Minu""}}]",2026-08-24T21:48:50.704259085Z,[1787608130716],2026-08-24T21:48:50.717637634Z,,,true,2026-08-24T21:49:23.60607345Z,01M0TV363Y2QH3CGTPHSZR512P,2026-08-24T21:48:30.031898765Z,"[""D2"",""B3"",""C1"",""A4""]",2026-08-24T21:36:10.457140201Z,true,2026-08-24T21:49:23.588464038Z,01M0TTMWM9GSP2NP0T4CET96EB,2026-08-24T21:36:10.457140201Z,7,2026-08-24T21:36:10.457140201Z,false,2026-08-24T21:48:30.312388312Z,01M0TTRGJ55RK21NQM11GGHNRN,2026-08-24T21:48:30.031898765Z,,,48,2026-08-24T21:36:10.457140201Z,12,2026-08-24T21:36:10.457140201Z,training,2026-08-24T21:36:10.457140201Z,0,2026-08-24T21:36:10.457140201Z,4,2026-08-24T21:36:10.457140201Z,/tangrams/202_314.png,2026-08-24T21:49:23.60607345Z,/tangrams/202_314.png,2026-08-24T21:49:20.439877319Z,1787608160932,2026-08-24T21:49:20.44871833Z,1,2026-08-24T21:36:10.457140201Z,2,2026-08-24T21:36:11.102455896Z,true,2026-08-24T21:48:29.979358808Z,"[""/tangrams/20_441.png"",""/tangrams/348_24.png"",""/tangrams/202_314.png"",""/tangrams/66_464.png""]",2026-08-24T21:36:10.457140201Z,/tangrams/202_314.png,2026-08-24T21:36:10.457140201Z,C1,2026-08-24T21:36:10.457140201Z,7,2026-08-24T21:36:10.457140201Z,6,2026-08-24T21:36:10.457140201Z
01M0TTA5AETT2RY51EE3T995G1,01M0TSZV7X3D77NKMM5CDCW4Z6,2026-08-24T21:20:06.478294413Z,"[{""text"":""rhino.  thin white line"",""sender"":{""id"":""01M0TT3ZTTV22XQGZD0K61T6A4"",""name"":""Repi"",""avatar"":""https://api.dicebear.com/8.x/rings/svg?seed=Repi""}}]",2026-08-24T21:41:33.000142858Z,[1787607693009],2026-08-24T21:41:33.011450683Z,,,true,2026-08-24T21:41:39.437620642Z,01M0TT3ZTTV22XQGZD0K61T6A4,2026-08-24T21:41:24.768458601Z,"[""A1"",""F4"",""F1"",""F7""]",2026-08-24T21:20:06.478294413Z,true,2026-08-24T21:41:39.421833991Z,01M0TSZV8KEDQHAT4X3FNKVS2B,2026-08-24T21:20:06.478294413Z,30,2026-08-24T21:20:06.478294413Z,false,2026-08-24T21:41:24.928762885Z,01M0TT4SZRTK7MV5T48R9G1GQH,2026-08-24T21:41:24.768458601Z,,,48,2026-08-24T21:20:06.478294413Z,12,2026-08-24T21:20:06.478294413Z,training,2026-08-24T21:20:06.478294413Z,2,2026-08-24T21:20:06.478294413Z,4,2026-08-24T21:20:06.478294413Z,/tangrams/434_227.png,2026-08-24T21:41:39.437620642Z,/tangrams/434_227.png,2026-08-24T21:41:36.290534074Z,1787607696187,2026-08-24T21:41:36.307786468Z,0,2026-08-24T21:20:06.478294413Z,2,2026-08-24T21:20:07.200182208Z,true,2026-08-24T21:41:24.725872146Z,"[""/tangrams/138_244.png"",""/tangrams/434_227.png"",""/tangrams/119_182.png"",""/tangrams/411_352.png""]",2026-08-24T21:20:06.478294413Z,/tangrams/434_227.png,2026-08-24T21:20:06.478294413Z,F4,2026-08-24T21:20:06.478294413Z,6,2026-08-24T21:20:06.478294413Z,29,2026-08-24T21:20:06.478294413Z
01M0TTA5ERQ1ZPDRRR67HJSMXN,01M0TSZV7X3D77NKMM5CDCW4Z6,2026-08-24T21:20:06.616399074Z,"[{""text"":""good job refreshing and making it back."",""sender"":{""id"":""01M0TT3ZTTV22XQGZD0K61T6A4"",""name"":""Repi"",""avatar"":""https://api.dicebear.com/8.x/rings/svg?seed=Repi""}},{""text"":""Has a large flower shape at the top left, opening to the top. On the right there are three points sticking out, two triangles at the top and an equilaterla triangle at the bottom"",""sender"":{""id"":""01M0TT4SZRTK7MV5T48R9G1GQH"",""name"":""Minu"",""avatar"":""https://api.dicebear.com/8.x/rings/svg?seed=Minu""}},{""text"":""Thanks, you too. I'll refresh again if it happens"",""sender"":{""id"":""01M0TT4SZRTK7MV5T48R9G1GQH"",""name"":""Minu"",""avatar"":""https://api.dicebear.com/8.x/rings/svg?seed=Minu""}}]",2026-08-24T21:29:16.353007357Z,"[1787606925903,1787606947420,1787606957872]",2026-08-24T21:29:17.873848945Z,,,true,2026-08-24T21:29:21.436103095Z,01M0TT4SZRTK7MV5T48R9G1GQH,2026-08-24T21:28:25.775022304Z,"[""F2"",""F8"",""F1"",""F5""]",2026-08-24T21:20:06.616399074Z,true,2026-08-24T21:29:21.347136186Z,01M0TSZV8KEDQHAT4X3FNKVS2B,2026-08-24T21:20:06.616399074Z,7,2026-08-24T21:20:06.616399074Z,false,2026-08-24T21:28:25.927071226Z,01M0TT3ZTTV22XQGZD0K61T6A4,2026-08-24T21:28:25.775022304Z,,,48,2026-08-24T21:20:06.616399074Z,12,2026-08-24T21:20:06.616399074Z,training,2026-08-24T21:20:06.616399074Z,0,2026-08-24T21:20:06.616399074Z,4,2026-08-24T21:20:06.616399074Z,/tangrams/290_64.png,2026-08-24T21:29:21.436103095Z,/tangrams/290_64.png,2026-08-24T21:29:13.275052728Z,1787606955085,2026-08-24T21:29:15.163464227Z,0,2026-08-24T21:20:06.616399074Z,2,2026-08-24T21:20:06.783463835Z,true,2026-08-24T21:28:25.732204019Z,"[""/tangrams/290_64.png"",""/tangrams/37_144.png"",""/tangrams/119_182.png"",""/tangrams/456_48.png""]",2026-08-24T21:20:06.616399074Z,/tangrams/290_64.png,2026-08-24T21:20:06.616399074Z,F2,2026-08-24T21:20:06.616399074Z,7,2026-08-24T21:20:06.616399074Z,6,2026-08-24T21:20:06.616399074Z
01M0TV7JYGHG6C39P11FHD4FHP,01M0TTMTH8JPTHXWGXYEY1VFR8,2026-08-24T21:36:10.70421039Z,"[{""text"":""2 arrows pointing left with a small arrow pointing left above"",""sender"":{""id"":""01M0TV363Y2QH3CGTPHSZR512P"",""name"":""Minu"",""avatar"":""https://api.dicebear.com/8.x/rings/svg?seed=Minu""}}]",2026-08-24T22:00:00.574026226Z,[1787608800595],2026-08-24T22:00:00.597173757Z,,,true,2026-08-24T22:00:08.991132014Z,01M0TV363Y2QH3CGTPHSZR512P,2026-08-24T21:59:44.919158497Z,"[""C1"",""D3"",""B4"",""A2""]",2026-08-24T21:36:10.70421039Z,true,2026-08-24T22:00:08.975809096Z,01M0TTMWM9GSP2NP0T4CET96EB,2026-08-24T21:36:10.70421039Z,33,2026-08-24T21:36:10.70421039Z,false,2026-08-24T21:59:45.226962058Z,01M0TTRGJ55RK21NQM11GGHNRN,2026-08-24T21:59:44.919158497Z,,,48,2026-08-24T21:36:10.70421039Z,12,2026-08-24T21:36:10.70421039Z,training,2026-08-24T21:36:10.70421039Z,2,2026-08-24T21:36:10.70421039Z,4,2026-08-24T21:36:10.70421039Z,/tangrams/202_314.png,2026-08-24T22:00:08.991132014Z,/tangrams/202_314.png,2026-08-24T22:00:05.801460614Z,1787608806305,2026-08-24T22:00:05.827325283Z,1,2026-08-24T21:36:10.70421039Z,2,2026-08-24T21:36:11.895344734Z,true,2026-08-24T21:59:44.842320217Z,"[""/tangrams/202_314.png"",""/tangrams/20_24.png"",""/tangrams/348_464.png"",""/tangrams/66_441.png""]",2026-08-24T21:36:10.70421039Z,/tangrams/202_314.png,2026-08-24T21:36:10.70421039Z,C1,2026-08-24T21:36:10.70421039Z,9,2026-08-24T21:36:10.70421039Z,32,2026-08-24T21:36:10.70421039Z
01M0TTKDEMZ7047V07AP8BV1GK,01M0TSZGJXR0N6DNTNARWRMFQ4,2026-08-24T21:25:09.716367717Z,,,,,,,,,,,"[""B4"",""C1"",""A4"",""B3""]",2026-08-24T21:25:09.716367717Z,false,2026-08-24T21:25:09.716367717Z,01M0TSZGKM72FFW193EYG47F25,2026-08-24T21:25:09.716367717Z,31,2026-08-24T21:25:09.716367717Z,,,,,,,48,2026-08-24T21:25:09.716367717Z,12,2026-08-24T21:25:09.716367717Z,training,2026-08-24T21:25:09.716367717Z,2,2026-08-24T21:25:09.716367717Z,4,2026-08-24T21:25:09.716367717Z,,,,2026-08-24T21:25:09.716367717Z,,,0,2026-08-24T21:25:09.716367717Z,2,2026-08-24T21:25:10.393143914Z,false,2026-08-24T21:25:09.716367717Z,"[""/tangrams/366_66.png"",""/tangrams/422_244.png"",""/tangrams/138_66.png"",""/tangrams/366_405.png""]",2026-08-24T21:25:09.716367717Z,/tangrams/366_66.png,2026-08-24T21:25:09.716367717Z,B4,2026-08-24T21:25:09.716367717Z,7,2026-08-24T21:25:09.716367717Z,30,2026-08-24T21:25:09.716367717Z
01M0TTMQWWY5QZPJ584F5E43GE,01M0TSZV7X3D77NKMM5CDCW4Z6,2026-08-24T21:25:53.180998898Z,"[{""text"":""3 mountains left side\\"",""sender"":{""id"":""01M0TT4JP6VSYSTADD58E33WM9"",""name"":""Repi"",""avatar"":""https://api.dicebear.com/8.x/rings/svg?seed=Repi""}}]",2026-08-24T21:49:06.430738243Z,[1787608146443],2026-08-24T21:49:06.445179053Z,,,true,2026-08-24T21:49:28.718747511Z,01M0TT4JP6VSYSTADD58E33WM9,2026-08-24T21:48:38.107917801Z,"[""D1"",""B3"",""A2"",""C4""]",2026-08-24T21:25:53.180998898Z,true,2026-08-24T21:49:28.696948367Z,01M0TSZV8ERABP36QP2627EVMT,2026-08-24T21:25:53.180998898Z,30,2026-08-24T21:25:53.180998898Z,false,2026-08-24T21:48:38.247187159Z,01M0TT4SREDP4QR1H8V4E3X5G9,2026-08-24T21:48:38.107917801Z,,,48,2026-08-24T21:25:53.180998898Z,12,2026-08-24T21:25:53.180998898Z,training,2026-08-24T21:25:53.180998898Z,2,2026-08-24T21:25:53.180998898Z,4,2026-08-24T21:25:53.180998898Z,/tangrams/20_314.png,2026-08-24T21:49:28.718747511Z,/tangrams/20_314.png,2026-08-24T21:49:25.254540606Z,1787608164307,2026-08-24T21:49:25.285510523Z,1,2026-08-24T21:25:53.180998898Z,2,2026-08-24T21:25:54.010602151Z,true,2026-08-24T21:48:38.04369557Z,"[""/tangrams/20_314.png"",""/tangrams/348_24.png"",""/tangrams/66_441.png"",""/tangrams/202_464.png""]",2026-08-24T21:25:53.180998898Z,/tangrams/20_314.png,2026-08-24T21:25:53.180998898Z,D1,2026-08-24T21:25:53.180998898Z,6,2026-08-24T21:25:53.180998898Z,29,2026-08-24T21:25:53.180998898Z
01M0TTK10F0KSBZFT3DKWD15C9,01M0TSZEX52H0PZDJFB4JNEAFW,2026-08-24T21:24:56.97567109Z,"[{""text"":""keep em coming.."",""sender"":{""id"":""01M0TT7FNH08P86PFHWCV3NRS8"",""name"":""Repi"",""avatar"":""https://api.dicebear.com/8.x/rings/svg?seed=Repi""}},{""text"":""Its the house with a cutout triangle at the bottom"",""sender"":{""id"":""01M0TT7ZVRQQW92P55GPN9KMMS"",""name"":""Minu"",""avatar"":""https://api.dicebear.com/8.x/rings/svg?seed=Minu""}},{""text"":""two have  that"",""sender"":{""id"":""01M0TT7FNH08P86PFHWCV3NRS8"",""name"":""Repi"",""avatar"":""https://api.dicebear.com/8.x/rings/svg?seed=Repi""}},{""text"":""parellelogram thing at the top"",""sender"":{""id"":""01M0TT7ZVRQQW92P55GPN9KMMS"",""name"":""Minu"",""avatar"":""https://api.dicebear.com/8.x/rings/svg?seed=Minu""}}]",2026-08-24T21:43:56.705002992Z,"[1787607811357,1787607816005,1787607834183,1787607836715]",2026-08-24T21:43:56.717224718Z,,,true,2026-08-24T21:44:08.657157672Z,01M0TT7ZVRQQW92P55GPN9KMMS,2026-08-24T21:43:15.285684117Z,"[""D2"",""C2"",""B4"",""C1""]",2026-08-24T21:24:56.97567109Z,true,2026-08-24T21:44:08.644943656Z,01M0TSZEY54T11A9AMGVA6T4ZB,2026-08-24T21:24:56.97567109Z,3,2026-08-24T21:24:56.97567109Z,false,2026-08-24T21:43:15.459122387Z,01M0TT7FNH08P86PFHWCV3NRS8,2026-08-24T21:43:15.285684117Z,,,48,2026-08-24T21:24:56.97567109Z,12,2026-08-24T21:24:56.97567109Z,training,2026-08-24T21:24:56.97567109Z,0,2026-08-24T21:24:56.97567109Z,4,2026-08-24T21:24:56.97567109Z,/tangrams/422_339.png,2026-08-24T21:44:08.657157672Z,/tangrams/422_339.png,2026-08-24T21:44:05.490798906Z,1787607845608,2026-08-24T21:44:05.483603699Z,0,2026-08-24T21:24:56.97567109Z,2,2026-08-24T21:24:57.322941262Z,true,2026-08-24T21:43:15.240745338Z,"[""/tangrams/279_339.png"",""/tangrams/422_339.png"",""/tangrams/366_66.png"",""/tangrams/422_244.png""]",2026-08-24T21:24:56.97567109Z,/tangrams/422_339.png,2026-08-24T21:24:56.97567109Z,C2,2026-08-24T21:24:56.97567109Z,3,2026-08-24T21:24:56.97567109Z,2,2026-08-24T21:24:56.97567109Z
01M0TTYQ9VEG79XZNPSM8DJAM6,01M0TTMTH8JPTHXWGXYEY1VFR8,2026-08-24T21:31:20.251550701Z,,,,,,,,,,,"[""C1"",""D3"",""A2"",""A3""]",2026-08-24T21:31:20.251550701Z,false,2026-08-24T21:31:20.251550701Z,01M0TTMWMDPGAHQRDA7BZJ8FEZ,2026-08-24T21:31:20.251550701Z,36,2026-08-24T21:31:20.251550701Z,,,,,,,48,2026-08-24T21:31:20.251550701Z,12,2026-08-24T21:31:20.251550701Z,training,2026-08-24T21:31:20.251550701Z,2,2026-08-24T21:31:20.251550701Z,4,2026-08-24T21:31:20.251550701Z,,,,2026-08-24T21:31:20.251550701Z,,,1,2026-08-24T21:31:20.251550701Z,2,2026-08-24T21:31:22.105825697Z,false,2026-08-24T21:31:20.251550701Z,"[""/tangrams/202_314.png"",""/tangrams/20_24.png"",""/tangrams/66_441.png"",""/tangrams/66_24.png""]",2026-08-24T21:31:20.251550701Z,/tangrams/66_24.png,2026-08-24T21:31:20.251550701Z,A3,2026-08-24T21:31:20.251550701Z,12,2026-08-24T21:31:20.251550701Z,35,2026-08-24T21:31:20.251550701Z
01M0TTYQJ8B2JG0VMYVATET5R3,01M0TTMTH8JPTHXWGXYEY1VFR8,2026-08-24T21:31:20.520346873Z,"[{""text"":""Triangle on lower left corner two strikes middle"",""sender"":{""id"":""01M0TTENRE0ZSC234N2S1BW8ZS"",""name"":""Repi"",""avatar"":""https://api.dicebear.com/8.x/rings/svg?seed=Repi""}},{""text"":""D shape body on right"",""sender"":{""id"":""01M0TTENRE0ZSC234N2S1BW8ZS"",""name"":""Repi"",""avatar"":""https://api.dicebear.com/8.x/rings/svg?seed=Repi""}}]",2026-08-24T22:04:03.286913906Z,"[1787609032570,1787609043301]",2026-08-24T22:04:03.303657908Z,,,false,2026-08-24T22:04:30.319416929Z,01M0TTENRE0ZSC234N2S1BW8ZS,2026-08-24T22:03:27.008118258Z,"[""D2"",""B3"",""C2"",""D1""]",2026-08-24T21:31:20.520346873Z,true,2026-08-24T22:04:30.299094272Z,01M0TTMWMDPGAHQRDA7BZJ8FEZ,2026-08-24T21:31:20.520346873Z,20,2026-08-24T21:31:20.520346873Z,false,2026-08-24T22:03:27.171614256Z,01M0TTJT0T1FXWVGTP027BYENQ,2026-08-24T22:03:27.008118258Z,,,48,2026-08-24T21:31:20.520346873Z,12,2026-08-24T21:31:20.520346873Z,training,2026-08-24T21:31:20.520346873Z,1,2026-08-24T21:31:20.520346873Z,4,2026-08-24T21:31:20.520346873Z,,2026-08-24T22:04:30.319416929Z,,2026-08-24T21:31:20.520346873Z,,,1,2026-08-24T21:31:20.520346873Z,2,2026-08-24T21:31:21.433368683Z,true,2026-08-24T22:03:26.945568729Z,"[""/tangrams/20_441.png"",""/tangrams/348_24.png"",""/tangrams/202_441.png"",""/tangrams/20_314.png""]",2026-08-24T21:31:20.520346873Z,/tangrams/20_441.png,2026-08-24T21:31:20.520346873Z,D2,2026-08-24T21:31:20.520346873Z,8,2026-08-24T21:31:20.520346873Z,19,2026-08-24T21:31:20.520346873Z
01M0TTA59HTX22FH7A55J2R0N7,01M0TSZV7X3D77NKMM5CDCW4Z6,2026-08-24T21:20:06.449853918Z,"[{""text"":""big flower skewed left.  ... likewise :-)"",""sender"":{""id"":""01M0TT3ZTTV22XQGZD0K61T6A4"",""name"":""Repi"",""avatar"":""https://api.dicebear.com/8.x/rings/svg?seed=Repi""}}]",2026-08-24T21:48:22.902606902Z,[1787608102914],2026-08-24T21:48:22.91604709Z,,,true,2026-08-24T21:48:29.384208935Z,01M0TT3ZTTV22XQGZD0K61T6A4,2026-08-24T21:48:05.814638288Z,"[""F2"",""F4"",""F6"",""F5""]",2026-08-24T21:20:06.449853918Z,true,2026-08-24T21:48:29.367549931Z,01M0TSZV8KEDQHAT4X3FNKVS2B,2026-08-24T21:20:06.449853918Z,46,2026-08-24T21:20:06.449853918Z,false,2026-08-24T21:48:05.962480255Z,01M0TT4SZRTK7MV5T48R9G1GQH,2026-08-24T21:48:05.814638288Z,,,48,2026-08-24T21:20:06.449853918Z,12,2026-08-24T21:20:06.449853918Z,training,2026-08-24T21:20:06.449853918Z,3,2026-08-24T21:20:06.449853918Z,4,2026-08-24T21:20:06.449853918Z,/tangrams/290_64.png,2026-08-24T21:48:29.384208935Z,/tangrams/290_64.png,2026-08-24T21:48:26.208967616Z,1787608106104,2026-08-24T21:48:26.229977675Z,0,2026-08-24T21:20:06.449853918Z,2,2026-08-24T21:20:07.49031722Z,true,2026-08-24T21:48:05.760433861Z,"[""/tangrams/290_64.png"",""/tangrams/434_227.png"",""/tangrams/134_125.png"",""/tangrams/456_48.png""]",2026-08-24T21:20:06.449853918Z,/tangrams/290_64.png,2026-08-24T21:20:06.449853918Z,F2,2026-08-24T21:20:06.449853918Z,10,2026-08-24T21:20:06.449853918Z,45,2026-08-24T21:20:06.449853918Z
01M0TTEY72PB1AHJV3H1NR7VE3,01M0TSZEX52H0PZDJFB4JNEAFW,2026-08-24T21:22:43.042625259Z,"[{""text"":""White house inside the black shape with legs"",""sender"":{""id"":""01M0TT49QHQY8JQV8C5T94HHYZ"",""name"":""Repi"",""avatar"":""https://api.dicebear.com/8.x/rings/svg?seed=Repi""}}]",2026-08-24T21:52:53.681865856Z,[1787608373695],2026-08-24T21:52:53.697494816Z,,,true,2026-08-24T21:53:01.20369274Z,01M0TT49QHQY8JQV8C5T94HHYZ,2026-08-24T21:52:34.761270053Z,"[""A1"",""B2"",""C3"",""F7""]",2026-08-24T21:22:43.042625259Z,true,2026-08-24T21:53:01.180727005Z,01M0TSZEY44B7XSP574QH2WQPJ,2026-08-24T21:22:43.042625259Z,38,2026-08-24T21:22:43.042625259Z,false,2026-08-24T21:52:34.943970148Z,01M0TT9XXJBBQAZ4WANFPESF7T,2026-08-24T21:52:34.761270053Z,,,48,2026-08-24T21:22:43.042625259Z,12,2026-08-24T21:22:43.042625259Z,training,2026-08-24T21:22:43.042625259Z,3,2026-08-24T21:22:43.042625259Z,4,2026-08-24T21:22:43.042625259Z,/tangrams/366_339.png,2026-08-24T21:53:01.20369274Z,/tangrams/366_339.png,2026-08-24T21:52:58.000889433Z,1787608377644,2026-08-24T21:52:57.985678723Z,0,2026-08-24T21:22:43.042625259Z,2,2026-08-24T21:22:43.797104192Z,true,2026-08-24T21:52:34.691901387Z,"[""/tangrams/138_244.png"",""/tangrams/366_339.png"",""/tangrams/422_405.png"",""/tangrams/411_352.png""]",2026-08-24T21:22:43.042625259Z,/tangrams/366_339.png,2026-08-24T21:22:43.042625259Z,B2,2026-08-24T21:22:43.042625259Z,2,2026-08-24T21:22:43.042625259Z,37,2026-08-24T21:22:43.042625259Z
01M0TTEY3RJ5XRAT62S5PPRC9P,01M0TSZEX52H0PZDJFB4JNEAFW,2026-08-24T21:22:42.936242871Z,"[{""text"":""Looks like two chair legs at the bottom"",""sender"":{""id"":""01M0TT49QHQY8JQV8C5T94HHYZ"",""name"":""Repi"",""avatar"":""https://api.dicebear.com/8.x/rings/svg?seed=Repi""}}]",2026-08-24T21:30:37.076901986Z,[1787607037085],2026-08-24T21:30:37.087620544Z,,,true,2026-08-24T21:30:56.16715349Z,01M0TT49QHQY8JQV8C5T94HHYZ,2026-08-24T21:30:00.870216838Z,"[""B2"",""D4"",""A1"",""F1""]",2026-08-24T21:22:42.936242871Z,true,2026-08-24T21:30:56.146489166Z,01M0TSZEY44B7XSP574QH2WQPJ,2026-08-24T21:22:42.936242871Z,4,2026-08-24T21:22:42.936242871Z,false,2026-08-24T21:30:01.111309493Z,01M0TT9XXJBBQAZ4WANFPESF7T,2026-08-24T21:30:00.870216838Z,,,48,2026-08-24T21:22:42.936242871Z,12,2026-08-24T21:22:42.936242871Z,training,2026-08-24T21:22:42.936242871Z,0,2026-08-24T21:22:42.936242871Z,4,2026-08-24T21:22:42.936242871Z,/tangrams/366_339.png,2026-08-24T21:30:56.16715349Z,/tangrams/366_339.png,2026-08-24T21:30:53.001196595Z,1787607052628,2026-08-24T21:30:52.996133353Z,0,2026-08-24T21:22:42.936242871Z,2,2026-08-24T21:22:43.224429341Z,true,2026-08-24T21:30:00.778956811Z,"[""/tangrams/366_339.png"",""/tangrams/279_66.png"",""/tangrams/138_244.png"",""/tangrams/119_182.png""]",2026-08-24T21:22:42.936242871Z,/tangrams/366_339.png,2026-08-24T21:22:42.936242871Z,B2,2026-08-24T21:22:42.936242871Z,4,2026-08-24T21:22:42.936242871Z,3,2026-08-24T21:22:42.936242871Z
01M0TTEY416KN6Y71XZSXGAFJF,01M0TSZEX52H0PZDJFB4JNEAFW,2026-08-24T21:22:42.945377385Z,"[{""text"":""Diamond on top, Triangle and diamond underneath"",""sender"":{""id"":""01M0TT9XXJBBQAZ4WANFPESF7T"",""name"":""Minu"",""avatar"":""https://api.dicebear.com/8.x/rings/svg?seed=Minu""}}]",2026-08-24T21:47:51.356904475Z,[1787608071369],2026-08-24T21:47:51.370529468Z,,,false,2026-08-24T21:48:09.943476426Z,01M0TT9XXJBBQAZ4WANFPESF7T,2026-08-24T21:47:20.582523839Z,"[""F3"",""F6"",""A1"",""F7""]",2026-08-24T21:22:42.945377385Z,true,2026-08-24T21:48:09.925495734Z,01M0TSZEY44B7XSP574QH2WQPJ,2026-08-24T21:22:42.945377385Z,29,2026-08-24T21:22:42.945377385Z,false,2026-08-24T21:47:20.757570344Z,01M0TT49QHQY8JQV8C5T94HHYZ,2026-08-24T21:47:20.582523839Z,,,48,2026-08-24T21:22:42.945377385Z,12,2026-08-24T21:22:42.945377385Z,training,2026-08-24T21:22:42.945377385Z,2,2026-08-24T21:22:42.945377385Z,4,2026-08-24T21:22:42.945377385Z,/tangrams/134_125.png,2026-08-24T21:48:09.943476426Z,/tangrams/134_125.png,2026-08-24T21:48:06.763086333Z,1787608086664,2026-08-24T21:48:06.769939008Z,0,2026-08-24T21:22:42.945377385Z,2,2026-08-24T21:22:43.670465453Z,true,2026-08-24T21:47:20.52079798Z,"[""/tangrams/170_154.png"",""/tangrams/134_125.png"",""/tangrams/138_244.png"",""/tangrams/411_352.png""]",2026-08-24T21:22:42.945377385Z,/tangrams/138_244.png,2026-08-24T21:22:42.945377385Z,A1,2026-08-24T21:22:42.945377385Z,5,2026-08-24T21:22:42.945377385Z,28,2026-08-24T21:22:42.945377385Z
01M0TTKDCZBJ3JC6CTDMGBPHVM,01M0TSZGJXR0N6DNTNARWRMFQ4,2026-08-24T21:25:09.663505879Z,,,,,,,,,,,"[""A2"",""B4"",""B1"",""C1""]",2026-08-24T21:25:09.663505879Z,false,2026-08-24T21:25:09.663505879Z,01M0TSZGKM72FFW193EYG47F25,2026-08-24T21:25:09.663505879Z,21,2026-08-24T21:25:09.663505879Z,,,,,,,48,2026-08-24T21:25:09.663505879Z,12,2026-08-24T21:25:09.663505879Z,training,2026-08-24T21:25:09.663505879Z,1,2026-08-24T21:25:09.663505879Z,4,2026-08-24T21:25:09.663505879Z,,,,2026-08-24T21:25:09.663505879Z,,,0,2026-08-24T21:25:09.663505879Z,2,2026-08-24T21:25:10.217728587Z,false,2026-08-24T21:25:09.663505879Z,"[""/tangrams/138_339.png"",""/tangrams/366_66.png"",""/tangrams/366_244.png"",""/tangrams/422_244.png""]",2026-08-24T21:25:09.663505879Z,/tangrams/366_244.png,2026-08-24T21:25:09.663505879Z,B1,2026-08-24T21:25:09.663505879Z,9,2026-08-24T21:25:09.663505879Z,20,2026-08-24T21:25:09.663505879Z
01M0TTKN2Q4ZWA8KJFJ1N0FRGN,01M0TSZEX52H0PZDJFB4JNEAFW,2026-08-24T21:25:17.527358707Z,"[{""text"":""pizza hut on top with white rectangle inside"",""sender"":{""id"":""01M0TTF3ADJ36CYQBD8356XFNQ"",""name"":""Minu"",""avatar"":""https://api.dicebear.com/8.x/rings/svg?seed=Minu""}}]",2026-08-24T21:51:50.773080695Z,[1787608310786],2026-08-24T21:51:50.78764541Z,,,true,2026-08-24T21:52:04.88090518Z,01M0TTF3ADJ36CYQBD8356XFNQ,2026-08-24T21:51:33.943381186Z,"[""C4"",""B1"",""A3"",""D2""]",2026-08-24T21:25:17.527358707Z,true,2026-08-24T21:52:04.860369233Z,01M0TSZEY173D8F3KEP071GR06,2026-08-24T21:25:17.527358707Z,41,2026-08-24T21:25:17.527358707Z,false,2026-08-24T21:51:34.081829483Z,01M0TT55D1DRDQ3JPT1CDTT5VN,2026-08-24T21:51:33.943381186Z,,,48,2026-08-24T21:25:17.527358707Z,12,2026-08-24T21:25:17.527358707Z,training,2026-08-24T21:25:17.527358707Z,3,2026-08-24T21:25:17.527358707Z,4,2026-08-24T21:25:17.527358707Z,/tangrams/422_66.png,2026-08-24T21:52:04.88090518Z,/tangrams/422_66.png,2026-08-24T21:52:01.675522631Z,1787608321431,2026-08-24T21:52:01.683929429Z,0,2026-08-24T21:25:17.527358707Z,2,2026-08-24T21:25:18.378968708Z,true,2026-08-24T21:51:33.884792994Z,"[""/tangrams/422_66.png"",""/tangrams/366_244.png"",""/tangrams/138_405.png"",""/tangrams/279_339.png""]",2026-08-24T21:25:17.527358707Z,/tangrams/422_66.png,2026-08-24T21:25:17.527358707Z,C4,2026-08-24T21:25:17.527358707Z,5,2026-08-24T21:25:17.527358707Z,40,2026-08-24T21:25:17.527358707Z
01M0TTNRNA0NN0WF3D3N3FCM6F,01M0TSZGJXR0N6DNTNARWRMFQ4,2026-08-24T21:26:26.730745784Z,,,,,,,,,,,"[""F2"",""F1"",""F8"",""F6""]",2026-08-24T21:26:26.730745784Z,false,2026-08-24T21:26:26.730745784Z,01M0TSZGKJQW5S4GCP9150DNN9,2026-08-24T21:26:26.730745784Z,27,2026-08-24T21:26:26.730745784Z,,,,,,,48,2026-08-24T21:26:26.730745784Z,12,2026-08-24T21:26:26.730745784Z,training,2026-08-24T21:26:26.730745784Z,2,2026-08-24T21:26:26.730745784Z,4,2026-08-24T21:26:26.730745784Z,,,,2026-08-24T21:26:26.730745784Z,,,1,2026-08-24T21:26:26.730745784Z,2,2026-08-24T21:26:27.375853027Z,false,2026-08-24T21:26:26.730745784Z,"[""/tangrams/429_403.png"",""/tangrams/452_257.png"",""/tangrams/374_400.png"",""/tangrams/98_302.png""]",2026-08-24T21:26:26.730745784Z,/tangrams/452_257.png,2026-08-24T21:26:26.730745784Z,F1,2026-08-24T21:26:26.730745784Z,3,2026-08-24T21:26:26.730745784Z,26,2026-08-24T21:26:26.730745784Z
01M0TTYQDV1P5NSN9KNG6ERN65,01M0TTMTH8JPTHXWGXYEY1VFR8,2026-08-24T21:31:20.379148871Z,,,,,,,,,,,"[""B1"",""C2"",""B3"",""D3""]",2026-08-24T21:31:20.379148871Z,false,2026-08-24T21:31:20.379148871Z,01M0TTMWMDPGAHQRDA7BZJ8FEZ,2026-08-24T21:31:20.379148871Z,28,2026-08-24T21:31:20.379148871Z,,,,,,,48,2026-08-24T21:31:20.379148871Z,12,2026-08-24T21:31:20.379148871Z,training,2026-08-24T21:31:20.379148871Z,2,2026-08-24T21:31:20.379148871Z,4,2026-08-24T21:31:20.379148871Z,,,,2026-08-24T21:31:20.379148871Z,,,1,2026-08-24T21:31:20.379148871Z,2,2026-08-24T21:31:21.747158734Z,false,2026-08-24T21:31:20.379148871Z,"[""/tangrams/348_314.png"",""/tangrams/202_441.png"",""/tangrams/348_24.png"",""/tangrams/20_24.png""]",2026-08-24T21:31:20.379148871Z,/tangrams/348_24.png,2026-08-24T21:31:20.379148871Z,B3,2026-08-24T21:31:20.379148871Z,4,2026-08-24T21:31:20.379148871Z,27,2026-08-24T21:31:20.379148871Z
01M0TT9KHXR2305Y2GD60JW49Z,01M0TSZGJXR0N6DNTNARWRMFQ4,2026-08-24T21:19:48.285475084Z,,,,,,,,,,,"[""B1"",""D3"",""A2"",""C4""]",2026-08-24T21:19:48.285475084Z,false,2026-08-24T21:19:48.285475084Z,01M0TSZGKE32G3R2H2EPQFBQNN,2026-08-24T21:19:48.285475084Z,4,2026-08-24T21:19:48.285475084Z,,,,,,,48,2026-08-24T21:19:48.285475084Z,12,2026-08-24T21:19:48.285475084Z,training,2026-08-24T21:19:48.285475084Z,0,2026-08-24T21:19:48.285475084Z,4,2026-08-24T21:19:48.285475084Z,,,,2026-08-24T21:19:48.285475084Z,,,0,2026-08-24T21:19:48.285475084Z,2,2026-08-24T21:19:48.497413319Z,false,2026-08-24T21:19:48.285475084Z,"[""/tangrams/366_244.png"",""/tangrams/279_405.png"",""/tangrams/138_339.png"",""/tangrams/422_66.png""]",2026-08-24T21:19:48.285475084Z,/tangrams/422_66.png,2026-08-24T21:19:48.285475084Z,C4,2026-08-24T21:19:48.285475084Z,4,2026-08-24T21:19:48.285475084Z,3,2026-08-24T21:19:48.285475084Z
01M0TTEY3271BQ0M7JANRXQGCN,01M0TSZEX52H0PZDJFB4JNEAFW,2026-08-24T21:22:42.914931014Z,"[{""text"":""Diamond at tope with house shape under it and then big black thing under that"",""sender"":{""id"":""01M0TT9XXJBBQAZ4WANFPESF7T"",""name"":""Minu"",""avatar"":""https://api.dicebear.com/8.x/rings/svg?seed=Minu""}},{""text"":""top*"",""sender"":{""id"":""01M0TT9XXJBBQAZ4WANFPESF7T"",""name"":""Minu"",""avatar"":""https://api.dicebear.com/8.x/rings/svg?seed=Minu""}}]",2026-08-24T21:31:45.945964326Z,"[1787607096171,1787607105954]",2026-08-24T21:31:45.957201713Z,,,true,2026-08-24T21:31:50.039258651Z,01M0TT9XXJBBQAZ4WANFPESF7T,2026-08-24T21:30:56.249705239Z,"[""A1"",""F8"",""F5"",""F1""]",2026-08-24T21:22:42.914931014Z,true,2026-08-24T21:31:50.020833105Z,01M0TSZEY44B7XSP574QH2WQPJ,2026-08-24T21:22:42.914931014Z,5,2026-08-24T21:22:42.914931014Z,false,2026-08-24T21:30:56.489504093Z,01M0TT49QHQY8JQV8C5T94HHYZ,2026-08-24T21:30:56.249705239Z,,,48,2026-08-24T21:22:42.914931014Z,12,2026-08-24T21:22:42.914931014Z,training,2026-08-24T21:22:42.914931014Z,0,2026-08-24T21:22:42.914931014Z,4,2026-08-24T21:22:42.914931014Z,/tangrams/456_48.png,2026-08-24T21:31:50.039258651Z,/tangrams/456_48.png,2026-08-24T21:31:46.840296159Z,1787607106748,2026-08-24T21:31:46.83465919Z,0,2026-08-24T21:22:42.914931014Z,2,2026-08-24T21:22:43.241835188Z,true,2026-08-24T21:30:56.188884027Z,"[""/tangrams/138_244.png"",""/tangrams/37_144.png"",""/tangrams/456_48.png"",""/tangrams/119_182.png""]",2026-08-24T21:22:42.914931014Z,/tangrams/456_48.png,2026-08-24T21:22:42.914931014Z,F5,2026-08-24T21:22:42.914931014Z,5,2026-08-24T21:22:42.914931014Z,4,2026-08-24T21:22:42.914931014Z
01M0TVK9FW1YJ2K9B0GWPAVQW8,01M0TTMTH8JPTHXWGXYEY1VFR8,2026-08-24T21:42:34.236524119Z,"[{""text"":""it has a rectangle at the top and 2 spokes downwards"",""sender"":{""id"":""01M0TVD4RDDZ2GPYA2W2TBJY2J"",""name"":""Minu"",""avatar"":""https://api.dicebear.com/8.x/rings/svg?seed=Minu""}}]",2026-08-24T21:48:53.794197201Z,[1787608133806],2026-08-24T21:48:53.807599593Z,,,true,2026-08-24T21:49:04.005064777Z,01M0TVD4RDDZ2GPYA2W2TBJY2J,2026-08-24T21:48:33.761703931Z,"[""F4"",""F3"",""F1"",""F8""]",2026-08-24T21:42:34.236524119Z,true,2026-08-24T21:49:03.988248185Z,01M0TTMWMG725DJ5GA5M4WD8SY,2026-08-24T21:42:34.236524119Z,3,2026-08-24T21:42:34.236524119Z,false,2026-08-24T21:48:33.910349283Z,01M0TV8YZXT0HY97VC3QNJABKN,2026-08-24T21:48:33.761703931Z,,,48,2026-08-24T21:42:34.236524119Z,12,2026-08-24T21:42:34.236524119Z,training,2026-08-24T21:42:34.236524119Z,0,2026-08-24T21:42:34.236524119Z,4,2026-08-24T21:42:34.236524119Z,/tangrams/374_400.png,2026-08-24T21:49:04.005064777Z,/tangrams/374_400.png,2026-08-24T21:49:00.854624232Z,1787608141616,2026-08-24T21:49:00.833885977Z,1,2026-08-24T21:42:34.236524119Z,2,2026-08-24T21:42:35.058230812Z,true,2026-08-24T21:48:33.711529645Z,"[""/tangrams/40_345.png"",""/tangrams/264_176.png"",""/tangrams/452_257.png"",""/tangrams/374_400.png""]",2026-08-24T21:42:34.236524119Z,/tangrams/374_400.png,2026-08-24T21:42:34.236524119Z,F8,2026-08-24T21:42:34.236524119Z,3,2026-08-24T21:42:34.236524119Z,2,2026-08-24T21:42:34.236524119Z
01M0TV7JTAA9P10W0QSQ2Q5Z36,01M0TTMTH8JPTHXWGXYEY1VFR8,2026-08-24T21:36:10.577638188Z,"[{""text"":""a tree that has been rotated 90 degrees clockwise and now it looks like a cave entrance"",""sender"":{""id"":""01M0TTRGJ55RK21NQM11GGHNRN"",""name"":""Repi"",""avatar"":""https://api.dicebear.com/8.x/rings/svg?seed=Repi""}}]",2026-08-24T21:45:46.791489659Z,[1787607946802],2026-08-24T21:45:46.804114547Z,,,true,2026-08-24T21:46:05.016537001Z,01M0TTRGJ55RK21NQM11GGHNRN,2026-08-24T21:45:24.252549479Z,"[""D1"",""A3"",""B4"",""C2""]",2026-08-24T21:36:10.577638188Z,true,2026-08-24T21:46:04.999648894Z,01M0TTMWM9GSP2NP0T4CET96EB,2026-08-24T21:36:10.577638188Z,2,2026-08-24T21:36:10.577638188Z,false,2026-08-24T21:45:24.576754194Z,01M0TV363Y2QH3CGTPHSZR512P,2026-08-24T21:45:24.252549479Z,,,48,2026-08-24T21:36:10.577638188Z,12,2026-08-24T21:36:10.577638188Z,training,2026-08-24T21:36:10.577638188Z,0,2026-08-24T21:36:10.577638188Z,4,2026-08-24T21:36:10.577638188Z,/tangrams/348_464.png,2026-08-24T21:46:05.016537001Z,/tangrams/348_464.png,2026-08-24T21:46:01.865769485Z,1787607960064,2026-08-24T21:46:01.857635514Z,1,2026-08-24T21:36:10.577638188Z,2,2026-08-24T21:36:10.960811063Z,true,2026-08-24T21:45:24.21158689Z,"[""/tangrams/20_314.png"",""/tangrams/66_24.png"",""/tangrams/348_464.png"",""/tangrams/202_441.png""]",2026-08-24T21:36:10.577638188Z,/tangrams/348_464.png,2026-08-24T21:36:10.577638188Z,B4,2026-08-24T21:36:10.577638188Z,2,2026-08-24T21:36:10.577638188Z,1,2026-08-24T21:36:10.577638188Z
01M0TTA57A3P5GSCP7H7KDT4DA,01M0TSZV7X3D77NKMM5CDCW4Z6,2026-08-24T21:20:06.378340352Z,"[{""text"":""Good luck"",""sender"":{""id"":""01M0TT3ZTTV22XQGZD0K61T6A4"",""name"":""Repi"",""avatar"":""https://api.dicebear.com/8.x/rings/svg?seed=Repi""}},{""text"":""what does it look like to you?"",""sender"":{""id"":""01M0TT3ZTTV22XQGZD0K61T6A4"",""name"":""Repi"",""avatar"":""https://api.dicebear.com/8.x/rings/svg?seed=Repi""}},{""text"":""Thanks! It looks like a triangle pointing both up and down, at the top and bottom"",""sender"":{""id"":""01M0TT4SZRTK7MV5T48R9G1GQH"",""name"":""Minu"",""avatar"":""https://api.dicebear.com/8.x/rings/svg?seed=Minu""}},{""text"":""There is a diamond below the top traingke"",""sender"":{""id"":""01M0TT4SZRTK7MV5T48R9G1GQH"",""name"":""Minu"",""avatar"":""https://api.dicebear.com/8.x/rings/svg?seed=Minu""}}]",2026-08-24T21:23:27.389570421Z,"[1787606589200,1787606596675,1787606600763,1787606607392]",2026-08-24T21:23:27.394451535Z,,,true,2026-08-24T21:23:30.672752017Z,01M0TT4SZRTK7MV5T48R9G1GQH,2026-08-24T21:22:57.205058923Z,"[""F1"",""F7"",""A1"",""F3""]",2026-08-24T21:20:06.378340352Z,true,2026-08-24T21:23:30.662190014Z,01M0TSZV8KEDQHAT4X3FNKVS2B,2026-08-24T21:20:06.378340352Z,1,2026-08-24T21:20:06.378340352Z,false,2026-08-24T21:22:57.339307266Z,01M0TT3ZTTV22XQGZD0K61T6A4,2026-08-24T21:22:57.205058923Z,,,48,2026-08-24T21:20:06.378340352Z,12,2026-08-24T21:20:06.378340352Z,training,2026-08-24T21:20:06.378340352Z,0,2026-08-24T21:20:06.378340352Z,4,2026-08-24T21:20:06.378340352Z,/tangrams/119_182.png,2026-08-24T21:23:30.672752017Z,/tangrams/119_182.png,2026-08-24T21:23:27.590888388Z,1787606607519,2026-08-24T21:23:27.589063085Z,0,2026-08-24T21:20:06.378340352Z,2,2026-08-24T21:20:06.665309316Z,true,2026-08-24T21:22:57.184743341Z,"[""/tangrams/119_182.png"",""/tangrams/411_352.png"",""/tangrams/138_244.png"",""/tangrams/170_154.png""]",2026-08-24T21:20:06.378340352Z,/tangrams/119_182.png,2026-08-24T21:20:06.378340352Z,F1,2026-08-24T21:20:06.378340352Z,1,2026-08-24T21:20:06.378340352Z,0,2026-08-24T21:20:06.378340352Z
01M0TTK10K7BJJNZGSYM0XZVS0,01M0TSZEX52H0PZDJFB4JNEAFW,2026-08-24T21:24:56.979158527Z,"[{""text"":""the box thing with diamond ontop"",""sender"":{""id"":""01M0TT7ZVRQQW92P55GPN9KMMS"",""name"":""Minu"",""avatar"":""https://api.dicebear.com/8.x/rings/svg?seed=Minu""}},{""text"":""cutout or not"",""sender"":{""id"":""01M0TT7FNH08P86PFHWCV3NRS8"",""name"":""Repi"",""avatar"":""https://api.dicebear.com/8.x/rings/svg?seed=Repi""}},{""text"":""no"",""sender"":{""id"":""01M0TT7ZVRQQW92P55GPN9KMMS"",""name"":""Minu"",""avatar"":""https://api.dicebear.com/8.x/rings/svg?seed=Minu""}}]",2026-08-24T21:45:32.746115551Z,"[1787607913470,1787607927657,1787607932757]",2026-08-24T21:45:32.759425686Z,,,true,2026-08-24T21:45:38.231117098Z,01M0TT7ZVRQQW92P55GPN9KMMS,2026-08-24T21:44:57.155253373Z,"[""C4"",""A2"",""A4"",""B3""]",2026-08-24T21:24:56.979158527Z,true,2026-08-24T21:45:38.215476451Z,01M0TSZEY54T11A9AMGVA6T4ZB,2026-08-24T21:24:56.979158527Z,5,2026-08-24T21:24:56.979158527Z,false,2026-08-24T21:44:57.323574723Z,01M0TT7FNH08P86PFHWCV3NRS8,2026-08-24T21:44:57.155253373Z,,,48,2026-08-24T21:24:56.979158527Z,12,2026-08-24T21:24:56.979158527Z,training,2026-08-24T21:24:56.979158527Z,0,2026-08-24T21:24:56.979158527Z,4,2026-08-24T21:24:56.979158527Z,/tangrams/138_66.png,2026-08-24T21:45:38.231117098Z,/tangrams/138_66.png,2026-08-24T21:45:35.056740179Z,1787607935165,2026-08-24T21:45:35.050502721Z,0,2026-08-24T21:24:56.979158527Z,2,2026-08-24T21:24:57.353603584Z,true,2026-08-24T21:44:57.103005723Z,"[""/tangrams/422_66.png"",""/tangrams/138_339.png"",""/tangrams/138_66.png"",""/tangrams/366_405.png""]",2026-08-24T21:24:56.979158527Z,/tangrams/138_66.png,2026-08-24T21:24:56.979158527Z,A4,2026-08-24T21:24:56.979158527Z,5,2026-08-24T21:24:56.979158527Z,4,2026-08-24T21:24:56.979158527Z
01M0TTKDA09V3KF2XEEQZ8MQTD,01M0TSZGJXR0N6DNTNARWRMFQ4,2026-08-24T21:25:09.568656416Z,,,,,,,,,,,"[""A2"",""A4"",""C4"",""D3""]",2026-08-24T21:25:09.568656416Z,false,2026-08-24T21:25:09.568656416Z,01M0TSZGKM72FFW193EYG47F25,2026-08-24T21:25:09.568656416Z,14,2026-08-24T21:25:09.568656416Z,,,,,,,48,2026-08-24T21:25:09.568656416Z,12,2026-08-24T21:25:09.568656416Z,training,2026-08-24T21:25:09.568656416Z,1,2026-08-24T21:25:09.568656416Z,4,2026-08-24T21:25:09.568656416Z,,,,2026-08-24T21:25:09.568656416Z,,,0,2026-08-24T21:25:09.568656416Z,2,2026-08-24T21:25:10.093142539Z,false,2026-08-24T21:25:09.568656416Z,"[""/tangrams/138_339.png"",""/tangrams/138_66.png"",""/tangrams/422_66.png"",""/tangrams/279_405.png""]",2026-08-24T21:25:09.568656416Z,/tangrams/138_66.png,2026-08-24T21:25:09.568656416Z,A4,2026-08-24T21:25:09.568656416Z,2,2026-08-24T21:25:09.568656416Z,13,2026-08-24T21:25:09.568656416Z
01M0TTKN3AHDW9W5G6MBAF6SFV,01M0TSZEX52H0PZDJFB4JNEAFW,2026-08-24T21:25:17.546421088Z,"[{""text"":""DIAMOND ON TOP"",""sender"":{""id"":""01M0TT55D1DRDQ3JPT1CDTT5VN"",""name"":""Repi"",""avatar"":""https://api.dicebear.com/8.x/rings/svg?seed=Repi""}}]",2026-08-24T21:52:16.411395487Z,[1787608336425],2026-08-24T21:52:16.426765486Z,,,true,2026-08-24T21:52:22.117871122Z,01M0TT55D1DRDQ3JPT1CDTT5VN,2026-08-24T21:52:04.962679461Z,"[""B4"",""C1"",""A2"",""D3""]",2026-08-24T21:25:17.546421088Z,true,2026-08-24T21:52:22.096741213Z,01M0TSZEY173D8F3KEP071GR06,2026-08-24T21:25:17.546421088Z,42,2026-08-24T21:25:17.546421088Z,false,2026-08-24T21:52:05.083851101Z,01M0TTF3ADJ36CYQBD8356XFNQ,2026-08-24T21:52:04.962679461Z,,,48,2026-08-24T21:25:17.546421088Z,12,2026-08-24T21:25:17.546421088Z,training,2026-08-24T21:25:17.546421088Z,3,2026-08-24T21:25:17.546421088Z,4,2026-08-24T21:25:17.546421088Z,/tangrams/138_339.png,2026-08-24T21:52:22.117871122Z,/tangrams/138_339.png,2026-08-24T21:52:18.95460662Z,1787608338594,2026-08-24T21:52:18.925577081Z,0,2026-08-24T21:25:17.546421088Z,2,2026-08-24T21:25:18.402726946Z,true,2026-08-24T21:52:04.905744962Z,"[""/tangrams/366_66.png"",""/tangrams/422_244.png"",""/tangrams/138_339.png"",""/tangrams/279_405.png""]",2026-08-24T21:25:17.546421088Z,/tangrams/138_339.png,2026-08-24T21:25:17.546421088Z,A2,2026-08-24T21:25:17.546421088Z,6,2026-08-24T21:25:17.546421088Z,41,2026-08-24T21:25:17.546421088Z
01M0TTNRHKQSTWQ86QYW0S42BW,01M0TSZGJXR0N6DNTNARWRMFQ4,2026-08-24T21:26:26.611899458Z,,,,,,,,,,,"[""D4"",""F2"",""A1"",""F8""]",2026-08-24T21:26:26.611899458Z,false,2026-08-24T21:26:26.611899458Z,01M0TSZGKJQW5S4GCP9150DNN9,2026-08-24T21:26:26.611899458Z,14,2026-08-24T21:26:26.611899458Z,,,,,,,48,2026-08-24T21:26:26.611899458Z,12,2026-08-24T21:26:26.611899458Z,training,2026-08-24T21:26:26.611899458Z,1,2026-08-24T21:26:26.611899458Z,4,2026-08-24T21:26:26.611899458Z,,,,2026-08-24T21:26:26.611899458Z,,,1,2026-08-24T21:26:26.611899458Z,2,2026-08-24T21:26:27.089593808Z,false,2026-08-24T21:26:26.611899458Z,"[""/tangrams/20_464.png"",""/tangrams/429_403.png"",""/tangrams/66_314.png"",""/tangrams/374_400.png""]",2026-08-24T21:26:26.611899458Z,/tangrams/429_403.png,2026-08-24T21:26:26.611899458Z,F2,2026-08-24T21:26:26.611899458Z,2,2026-08-24T21:26:26.611899458Z,13,2026-08-24T21:26:26.611899458Z
01M0TTNRNDZVZ3ZKE7HKHSDX17,01M0TSZGJXR0N6DNTNARWRMFQ4,2026-08-24T21:26:26.733441356Z,,,,,,,,,,,"[""F8"",""F4"",""D4"",""F7""]",2026-08-24T21:26:26.733441356Z,false,2026-08-24T21:26:26.733441356Z,01M0TSZGKJQW5S4GCP9150DNN9,2026-08-24T21:26:26.733441356Z,26,2026-08-24T21:26:26.733441356Z,,,,,,,48,2026-08-24T21:26:26.733441356Z,12,2026-08-24T21:26:26.733441356Z,training,2026-08-24T21:26:26.733441356Z,2,2026-08-24T21:26:26.733441356Z,4,2026-08-24T21:26:26.733441356Z,,,,2026-08-24T21:26:26.733441356Z,,,1,2026-08-24T21:26:26.733441356Z,2,2026-08-24T21:26:27.348317311Z,false,2026-08-24T21:26:26.733441356Z,"[""/tangrams/374_400.png"",""/tangrams/40_345.png"",""/tangrams/20_464.png"",""/tangrams/157_426.png""]",2026-08-24T21:26:26.733441356Z,/tangrams/20_464.png,2026-08-24T21:26:26.733441356Z,D4,2026-08-24T21:26:26.733441356Z,2,2026-08-24T21:26:26.733441356Z,25,2026-08-24T21:26:26.733441356Z
01M0TV7JNCAGW4ZYJPPW0997HV,01M0TTMTH8JPTHXWGXYEY1VFR8,2026-08-24T21:36:10.412871942Z,"[{""text"":""2 triangles pointing left"",""sender"":{""id"":""01M0TV363Y2QH3CGTPHSZR512P"",""name"":""Minu"",""avatar"":""https://api.dicebear.com/8.x/rings/svg?seed=Minu""}}]",2026-08-24T21:52:18.236625028Z,[1787608338313],2026-08-24T21:52:18.315132986Z,,,true,2026-08-24T21:52:48.707819954Z,01M0TV363Y2QH3CGTPHSZR512P,2026-08-24T21:52:09.924341796Z,"[""D3"",""C2"",""B1"",""A4""]",2026-08-24T21:36:10.412871942Z,true,2026-08-24T21:52:48.69124363Z,01M0TTMWM9GSP2NP0T4CET96EB,2026-08-24T21:36:10.412871942Z,13,2026-08-24T21:36:10.412871942Z,false,2026-08-24T21:52:10.223391961Z,01M0TTRGJ55RK21NQM11GGHNRN,2026-08-24T21:52:09.924341796Z,,,48,2026-08-24T21:36:10.412871942Z,12,2026-08-24T21:36:10.412871942Z,training,2026-08-24T21:36:10.412871942Z,1,2026-08-24T21:36:10.412871942Z,4,2026-08-24T21:36:10.412871942Z,/tangrams/348_314.png,2026-08-24T21:52:48.707819954Z,/tangrams/348_314.png,2026-08-24T21:52:45.534377466Z,1787608366034,2026-08-24T21:52:45.549049819Z,1,2026-08-24T21:36:10.412871942Z,2,2026-08-24T21:36:11.284552139Z,true,2026-08-24T21:52:09.869585618Z,"[""/tangrams/20_24.png"",""/tangrams/202_441.png"",""/tangrams/348_314.png"",""/tangrams/66_464.png""]",2026-08-24T21:36:10.412871942Z,/tangrams/348_314.png,2026-08-24T21:36:10.412871942Z,B1,2026-08-24T21:36:10.412871942Z,1,2026-08-24T21:36:10.412871942Z,12,2026-08-24T21:36:10.412871942Z
01M0TVK9P93ZCYQWQ2NES3HD6F,01M0TTMTH8JPTHXWGXYEY1VFR8,2026-08-24T21:42:34.441685402Z,"[{""text"":""4 spikes up top triangle on the left"",""sender"":{""id"":""01M0TVD4RDDZ2GPYA2W2TBJY2J"",""name"":""Minu"",""avatar"":""https://api.dicebear.com/8.x/rings/svg?seed=Minu""}}]",2026-08-24T21:55:56.839459347Z,[1787608556853],2026-08-24T21:55:56.860723481Z,,,true,2026-08-24T21:56:04.119970694Z,01M0TVD4RDDZ2GPYA2W2TBJY2J,2026-08-24T21:55:40.715989356Z,"[""F3"",""B2"",""F2"",""C3""]",2026-08-24T21:42:34.441685402Z,true,2026-08-24T21:56:04.098828944Z,01M0TTMWMG725DJ5GA5M4WD8SY,2026-08-24T21:42:34.441685402Z,25,2026-08-24T21:42:34.441685402Z,false,2026-08-24T21:55:40.888170838Z,01M0TV8YZXT0HY97VC3QNJABKN,2026-08-24T21:55:40.715989356Z,,,48,2026-08-24T21:42:34.441685402Z,12,2026-08-24T21:42:34.441685402Z,training,2026-08-24T21:42:34.441685402Z,2,2026-08-24T21:42:34.441685402Z,4,2026-08-24T21:42:34.441685402Z,/tangrams/348_441.png,2026-08-24T21:56:04.119970694Z,/tangrams/348_441.png,2026-08-24T21:56:00.859183648Z,1787608561621,2026-08-24T21:56:00.831958421Z,1,2026-08-24T21:42:34.441685402Z,2,2026-08-24T21:42:35.762549577Z,true,2026-08-24T21:55:40.645813031Z,"[""/tangrams/264_176.png"",""/tangrams/348_441.png"",""/tangrams/429_403.png"",""/tangrams/202_24.png""]",2026-08-24T21:42:34.441685402Z,/tangrams/348_441.png,2026-08-24T21:42:34.441685402Z,B2,2026-08-24T21:42:34.441685402Z,1,2026-08-24T21:42:34.441685402Z,24,2026-08-24T21:42:34.441685402Z
01M0TT9KHYM73GNE0Q4PABW3ZH,01M0TSZGJXR0N6DNTNARWRMFQ4,2026-08-24T21:19:48.286995459Z,,,,,,,,,,,"[""A3"",""B1"",""D2"",""C4""]",2026-08-24T21:19:48.286995459Z,false,2026-08-24T21:19:48.286995459Z,01M0TSZGKE32G3R2H2EPQFBQNN,2026-08-24T21:19:48.286995459Z,21,2026-08-24T21:19:48.286995459Z,,,,,,,48,2026-08-24T21:19:48.286995459Z,12,2026-08-24T21:19:48.286995459Z,training,2026-08-24T21:19:48.286995459Z,1,2026-08-24T21:19:48.286995459Z,4,2026-08-24T21:19:48.286995459Z,,,,2026-08-24T21:19:48.286995459Z,,,0,2026-08-24T21:19:48.286995459Z,2,2026-08-24T21:19:48.896497326Z,false,2026-08-24T21:19:48.286995459Z,"[""/tangrams/138_405.png"",""/tangrams/366_244.png"",""/tangrams/279_339.png"",""/tangrams/422_66.png""]",2026-08-24T21:19:48.286995459Z,/tangrams/366_244.png,2026-08-24T21:19:48.286995459Z,B1,2026-08-24T21:19:48.286995459Z,9,2026-08-24T21:19:48.286995459Z,20,2026-08-24T21:19:48.286995459Z
01M0TTA59FNXNKX3YNP5SEFYMY,01M0TSZV7X3D77NKMM5CDCW4Z6,2026-08-24T21:20:06.447107245Z,"[{""text"":""The smiley face with the squashed turtle type thing"",""sender"":{""id"":""01M0TT4SZRTK7MV5T48R9G1GQH"",""name"":""Minu"",""avatar"":""https://api.dicebear.com/8.x/rings/svg?seed=Minu""}}]",2026-08-24T21:39:58.356840211Z,[1787607598366],2026-08-24T21:39:58.369128922Z,,,true,2026-08-24T21:40:05.08599981Z,01M0TT4SZRTK7MV5T48R9G1GQH,2026-08-24T21:39:39.268625347Z,"[""D4"",""F2"",""F1"",""F3""]",2026-08-24T21:20:06.447107245Z,true,2026-08-24T21:40:05.073115363Z,01M0TSZV8KEDQHAT4X3FNKVS2B,2026-08-24T21:20:06.447107245Z,25,2026-08-24T21:20:06.447107245Z,false,2026-08-24T21:39:39.414514851Z,01M0TT3ZTTV22XQGZD0K61T6A4,2026-08-24T21:39:39.268625347Z,,,48,2026-08-24T21:20:06.447107245Z,12,2026-08-24T21:20:06.447107245Z,training,2026-08-24T21:20:06.447107245Z,2,2026-08-24T21:20:06.447107245Z,4,2026-08-24T21:20:06.447107245Z,/tangrams/170_154.png,2026-08-24T21:40:05.08599981Z,/tangrams/170_154.png,2026-08-24T21:40:01.846248295Z,1787607601750,2026-08-24T21:40:01.869158227Z,0,2026-08-24T21:20:06.447107245Z,2,2026-08-24T21:20:07.119312157Z,true,2026-08-24T21:39:39.223986794Z,"[""/tangrams/279_66.png"",""/tangrams/290_64.png"",""/tangrams/119_182.png"",""/tangrams/170_154.png""]",2026-08-24T21:20:06.447107245Z,/tangrams/170_154.png,2026-08-24T21:20:06.447107245Z,F3,2026-08-24T21:20:06.447107245Z,1,2026-08-24T21:20:06.447107245Z,24,2026-08-24T21:20:06.447107245Z
01M0TTK15G6637TDRDVJT4BVV7,01M0TSZEX52H0PZDJFB4JNEAFW,2026-08-24T21:24:57.136249279Z,"[{""text"":""parellogram top open bottom"",""sender"":{""id"":""01M0TT7ZVRQQW92P55GPN9KMMS"",""name"":""Minu"",""avatar"":""https://api.dicebear.com/8.x/rings/svg?seed=Minu""}}]",2026-08-24T21:59:21.735149057Z,[1787608761750],2026-08-24T21:59:21.751832348Z,,,true,2026-08-24T21:59:33.352129111Z,01M0TT7ZVRQQW92P55GPN9KMMS,2026-08-24T21:59:10.397915037Z,"[""B3"",""C2"",""D2"",""C1""]",2026-08-24T21:24:57.136249279Z,true,2026-08-24T21:59:33.329637362Z,01M0TSZEY54T11A9AMGVA6T4ZB,2026-08-24T21:24:57.136249279Z,23,2026-08-24T21:24:57.136249279Z,false,2026-08-24T21:59:10.591433716Z,01M0TT7FNH08P86PFHWCV3NRS8,2026-08-24T21:59:10.397915037Z,,,48,2026-08-24T21:24:57.136249279Z,12,2026-08-24T21:24:57.136249279Z,training,2026-08-24T21:24:57.136249279Z,1,2026-08-24T21:24:57.136249279Z,4,2026-08-24T21:24:57.136249279Z,/tangrams/422_339.png,2026-08-24T21:59:33.352129111Z,/tangrams/422_339.png,2026-08-24T21:59:30.154929032Z,1787608770273,2026-08-24T21:59:30.145755703Z,0,2026-08-24T21:24:57.136249279Z,2,2026-08-24T21:24:57.643754052Z,true,2026-08-24T21:59:10.325332902Z,"[""/tangrams/366_405.png"",""/tangrams/422_339.png"",""/tangrams/279_339.png"",""/tangrams/422_244.png""]",2026-08-24T21:24:57.136249279Z,/tangrams/422_339.png,2026-08-24T21:24:57.136249279Z,C2,2026-08-24T21:24:57.136249279Z,11,2026-08-24T21:24:57.136249279Z,22,2026-08-24T21:24:57.136249279Z
01M0TTK16NK5EHDG2XXBD4HS2X,01M0TSZEX52H0PZDJFB4JNEAFW,2026-08-24T21:24:57.1733546Z,"[{""text"":""house cutout on bottom and short roof"",""sender"":{""id"":""01M0TT7FNH08P86PFHWCV3NRS8"",""name"":""Repi"",""avatar"":""https://api.dicebear.com/8.x/rings/svg?seed=Repi""}}]",2026-08-24T22:01:44.650643101Z,[1787608904666],2026-08-24T22:01:44.667984648Z,,,false,2026-08-24T22:01:59.884461107Z,01M0TT7FNH08P86PFHWCV3NRS8,2026-08-24T22:01:21.256323787Z,"[""D2"",""C4"",""A3"",""C2""]",2026-08-24T21:24:57.1733546Z,true,2026-08-24T22:01:59.867330018Z,01M0TSZEY54T11A9AMGVA6T4ZB,2026-08-24T21:24:57.1733546Z,26,2026-08-24T21:24:57.1733546Z,false,2026-08-24T22:01:21.552542018Z,01M0TT7ZVRQQW92P55GPN9KMMS,2026-08-24T22:01:21.256323787Z,,,48,2026-08-24T21:24:57.1733546Z,12,2026-08-24T21:24:57.1733546Z,training,2026-08-24T21:24:57.1733546Z,2,2026-08-24T21:24:57.1733546Z,4,2026-08-24T21:24:57.1733546Z,/tangrams/138_405.png,2026-08-24T22:01:59.884461107Z,/tangrams/138_405.png,2026-08-24T22:01:56.689741894Z,1787608919089,2026-08-24T22:01:56.663056467Z,0,2026-08-24T21:24:57.1733546Z,2,2026-08-24T21:24:57.72162481Z,true,2026-08-24T22:01:21.195517189Z,"[""/tangrams/279_339.png"",""/tangrams/422_66.png"",""/tangrams/138_405.png"",""/tangrams/422_339.png""]",2026-08-24T21:24:57.1733546Z,/tangrams/422_339.png,2026-08-24T21:24:57.1733546Z,C2,2026-08-24T21:24:57.1733546Z,2,2026-08-24T21:24:57.1733546Z,25,2026-08-24T21:24:57.1733546Z
01M0TTKDE0KRB6Q09VGAKFXDXS,01M0TSZGJXR0N6DNTNARWRMFQ4,2026-08-24T21:25:09.696994909Z,,,,,,,,,,,"[""B1"",""A4"",""C4"",""A3""]",2026-08-24T21:25:09.696994909Z,false,2026-08-24T21:25:09.696994909Z,01M0TSZGKM72FFW193EYG47F25,2026-08-24T21:25:09.696994909Z,25,2026-08-24T21:25:09.696994909Z,,,,,,,48,2026-08-24T21:25:09.696994909Z,12,2026-08-24T21:25:09.696994909Z,training,2026-08-24T21:25:09.696994909Z,2,2026-08-24T21:25:09.696994909Z,4,2026-08-24T21:25:09.696994909Z,,,,2026-08-24T21:25:09.696994909Z,,,0,2026-08-24T21:25:09.696994909Z,2,2026-08-24T21:25:10.28738384Z,false,2026-08-24T21:25:09.696994909Z,"[""/tangrams/366_244.png"",""/tangrams/138_66.png"",""/tangrams/422_66.png"",""/tangrams/138_405.png""]",2026-08-24T21:25:09.696994909Z,/tangrams/138_66.png,2026-08-24T21:25:09.696994909Z,A4,2026-08-24T21:25:09.696994909Z,1,2026-08-24T21:25:09.696994909Z,24,2026-08-24T21:25:09.696994909Z
01M0TTKMWWW7NWG5XBYYBZFBDZ,01M0TSZEX52H0PZDJFB4JNEAFW,2026-08-24T21:25:17.340722749Z,"[{""text"":""running legs"",""sender"":{""id"":""01M0TTF3ADJ36CYQBD8356XFNQ"",""name"":""Minu"",""avatar"":""https://api.dicebear.com/8.x/rings/svg?seed=Minu""}}]",2026-08-24T21:43:16.339489983Z,[1787607796350],2026-08-24T21:43:16.352120888Z,,,true,2026-08-24T21:43:23.486877229Z,01M0TTF3ADJ36CYQBD8356XFNQ,2026-08-24T21:43:08.892959198Z,"[""C2"",""A3"",""B4"",""D1""]",2026-08-24T21:25:17.340722749Z,true,2026-08-24T21:43:23.475081648Z,01M0TSZEY173D8F3KEP071GR06,2026-08-24T21:25:17.340722749Z,21,2026-08-24T21:25:17.340722749Z,false,2026-08-24T21:43:09.064825008Z,01M0TT55D1DRDQ3JPT1CDTT5VN,2026-08-24T21:43:08.892959198Z,,,48,2026-08-24T21:25:17.340722749Z,12,2026-08-24T21:25:17.340722749Z,training,2026-08-24T21:25:17.340722749Z,1,2026-08-24T21:25:17.340722749Z,4,2026-08-24T21:25:17.340722749Z,/tangrams/138_405.png,2026-08-24T21:43:23.486877229Z,/tangrams/138_405.png,2026-08-24T21:43:20.332700275Z,1787607800069,2026-08-24T21:43:20.318359455Z,0,2026-08-24T21:25:17.340722749Z,2,2026-08-24T21:25:17.994049401Z,true,2026-08-24T21:43:08.842769138Z,"[""/tangrams/422_339.png"",""/tangrams/138_405.png"",""/tangrams/366_66.png"",""/tangrams/279_244.png""]",2026-08-24T21:25:17.340722749Z,/tangrams/138_405.png,2026-08-24T21:25:17.340722749Z,A3,2026-08-24T21:25:17.340722749Z,9,2026-08-24T21:25:17.340722749Z,20,2026-08-24T21:25:17.340722749Z
01M0TTNRB7AM24C1H0AT2WEHZ6,01M0TSZGJXR0N6DNTNARWRMFQ4,2026-08-24T21:26:26.407474449Z,,,,,,,,,,,,,true,2026-08-24T22:25:03.595475108Z,01M0TSZGKJQW5S4GCP9150DNN9,2026-08-24T21:26:26.407474449Z,0,2026-08-24T21:26:26.407474449Z,false,2026-08-24T21:27:39.281530926Z,,,8,2026-08-24T21:26:26.407474449Z,,,,,pretest,2026-08-24T21:26:26.407474449Z,,,,,,,,2026-08-24T21:26:32.273732828Z,,,,,1,2026-08-24T21:26:26.742432418Z,true,2026-08-24T21:26:29.069590489Z,[],2026-08-24T21:26:26.407474449Z,,2026-08-24T21:26:26.407474449Z,,,,,,
01M0TTYQ487RT8A2RK60KX4740,01M0TTMTH8JPTHXWGXYEY1VFR8,2026-08-24T21:31:20.072141903Z,"[{""text"":""?"",""sender"":{""id"":""01M0TTENRE0ZSC234N2S1BW8ZS"",""name"":""Repi"",""avatar"":""https://api.dicebear.com/8.x/rings/svg?seed=Repi""}}]",2026-08-24T22:00:22.225461301Z,[1787608822240],2026-08-24T22:00:22.241954221Z,1787608876681,2026-08-24T22:01:16.891230218Z,false,2026-08-24T22:01:20.096003986Z,01M0TTJT0T1FXWVGTP027BYENQ,2026-08-24T22:00:16.776840105Z,"[""B3"",""D3"",""B1"",""C4""]",2026-08-24T21:31:20.072141903Z,true,2026-08-24T22:01:20.070442317Z,01M0TTMWMDPGAHQRDA7BZJ8FEZ,2026-08-24T21:31:20.072141903Z,17,2026-08-24T21:31:20.072141903Z,false,2026-08-24T22:00:16.942162003Z,01M0TTENRE0ZSC234N2S1BW8ZS,2026-08-24T22:00:16.776840105Z,,,48,2026-08-24T21:31:20.072141903Z,12,2026-08-24T21:31:20.072141903Z,training,2026-08-24T21:31:20.072141903Z,1,2026-08-24T21:31:20.072141903Z,4,2026-08-24T21:31:20.072141903Z,,2026-08-24T22:01:20.096003986Z,,2026-08-24T21:31:20.072141903Z,,,1,2026-08-24T21:31:20.072141903Z,2,2026-08-24T21:31:21.314489244Z,true,2026-08-24T22:00:16.7126514Z,"[""/tangrams/348_24.png"",""/tangrams/20_24.png"",""/tangrams/348_314.png"",""/tangrams/202_464.png""]",2026-08-24T21:31:20.072141903Z,/tangrams/348_24.png,2026-08-24T21:31:20.072141903Z,B3,2026-08-24T21:31:20.072141903Z,5,2026-08-24T21:31:20.072141903Z,16,2026-08-24T21:31:20.072141903Z
01M0TTA58F42TH41R8M56PYCD0,01M0TSZV7X3D77NKMM5CDCW4Z6,2026-08-24T21:20:06.415499327Z,"[{""text"":""Rabbit type thing coming out of the box"",""sender"":{""id"":""01M0TT4SZRTK7MV5T48R9G1GQH"",""name"":""Minu"",""avatar"":""https://api.dicebear.com/8.x/rings/svg?seed=Minu""}}]",2026-08-24T21:45:22.470698933Z,[1787607922481],2026-08-24T21:45:22.48278704Z,,,true,2026-08-24T21:45:30.249004193Z,01M0TT4SZRTK7MV5T48R9G1GQH,2026-08-24T21:45:08.764849144Z,"[""C3"",""B2"",""D4"",""F2""]",2026-08-24T21:20:06.415499327Z,true,2026-08-24T21:45:30.235075821Z,01M0TSZV8KEDQHAT4X3FNKVS2B,2026-08-24T21:20:06.415499327Z,39,2026-08-24T21:20:06.415499327Z,false,2026-08-24T21:45:08.893749611Z,01M0TT3ZTTV22XQGZD0K61T6A4,2026-08-24T21:45:08.764849144Z,,,48,2026-08-24T21:20:06.415499327Z,12,2026-08-24T21:20:06.415499327Z,training,2026-08-24T21:20:06.415499327Z,3,2026-08-24T21:20:06.415499327Z,4,2026-08-24T21:20:06.415499327Z,/tangrams/279_66.png,2026-08-24T21:45:30.249004193Z,/tangrams/279_66.png,2026-08-24T21:45:27.070778444Z,1787607926982,2026-08-24T21:45:27.063319412Z,0,2026-08-24T21:20:06.415499327Z,2,2026-08-24T21:20:07.354280244Z,true,2026-08-24T21:45:08.713672089Z,"[""/tangrams/422_405.png"",""/tangrams/366_339.png"",""/tangrams/279_66.png"",""/tangrams/290_64.png""]",2026-08-24T21:20:06.415499327Z,/tangrams/279_66.png,2026-08-24T21:20:06.415499327Z,D4,2026-08-24T21:20:06.415499327Z,3,2026-08-24T21:20:06.415499327Z,38,2026-08-24T21:20:06.415499327Z
01M0TTK11Y5EHZFNSN7BDAGN6W,01M0TSZEX52H0PZDJFB4JNEAFW,2026-08-24T21:24:57.022765665Z,"[{""text"":""house with pyrimid on top"",""sender"":{""id"":""01M0TT7FNH08P86PFHWCV3NRS8"",""name"":""Repi"",""avatar"":""https://api.dicebear.com/8.x/rings/svg?seed=Repi""}},{""text"":""wanna just sell these on purpose 3 cents isnt much"",""sender"":{""id"":""01M0TT7ZVRQQW92P55GPN9KMMS"",""name"":""Minu"",""avatar"":""https://api.dicebear.com/8.x/rings/svg?seed=Minu""}}]",2026-08-24T21:57:22.63113653Z,"[1787608639497,1787608642645]",2026-08-24T21:57:22.64733209Z,,,true,2026-08-24T21:57:47.326342146Z,01M0TT7FNH08P86PFHWCV3NRS8,2026-08-24T21:56:46.989659068Z,"[""A4"",""B4"",""D2"",""A3""]",2026-08-24T21:24:57.022765665Z,true,2026-08-24T21:57:47.308761422Z,01M0TSZEY54T11A9AMGVA6T4ZB,2026-08-24T21:24:57.022765665Z,20,2026-08-24T21:24:57.022765665Z,false,2026-08-24T21:56:47.202912161Z,01M0TT7ZVRQQW92P55GPN9KMMS,2026-08-24T21:56:46.989659068Z,,,48,2026-08-24T21:24:57.022765665Z,12,2026-08-24T21:24:57.022765665Z,training,2026-08-24T21:24:57.022765665Z,1,2026-08-24T21:24:57.022765665Z,4,2026-08-24T21:24:57.022765665Z,/tangrams/138_66.png,2026-08-24T21:57:47.326342146Z,/tangrams/138_66.png,2026-08-24T21:57:44.138093209Z,1787608666559,2026-08-24T21:57:44.146640932Z,0,2026-08-24T21:24:57.022765665Z,2,2026-08-24T21:24:57.591769853Z,true,2026-08-24T21:56:46.928707092Z,"[""/tangrams/138_66.png"",""/tangrams/366_66.png"",""/tangrams/279_339.png"",""/tangrams/138_405.png""]",2026-08-24T21:24:57.022765665Z,/tangrams/138_66.png,2026-08-24T21:24:57.022765665Z,A4,2026-08-24T21:24:57.022765665Z,8,2026-08-24T21:24:57.022765665Z,19,2026-08-24T21:24:57.022765665Z
01M0TTYQEWGCAZDS3V9W8PJZM6,01M0TTMTH8JPTHXWGXYEY1VFR8,2026-08-24T21:31:20.412782337Z,,,,,,,,,,,"[""A4"",""B1"",""A2"",""C2""]",2026-08-24T21:31:20.412782337Z,false,2026-08-24T21:31:20.412782337Z,01M0TTMWMDPGAHQRDA7BZJ8FEZ,2026-08-24T21:31:20.412782337Z,27,2026-08-24T21:31:20.412782337Z,,,,,,,48,2026-08-24T21:31:20.412782337Z,12,2026-08-24T21:31:20.412782337Z,training,2026-08-24T21:31:20.412782337Z,2,2026-08-24T21:31:20.412782337Z,4,2026-08-24T21:31:20.412782337Z,,,,2026-08-24T21:31:20.412782337Z,,,1,2026-08-24T21:31:20.412782337Z,2,2026-08-24T21:31:21.710612252Z,false,2026-08-24T21:31:20.412782337Z,"[""/tangrams/66_464.png"",""/tangrams/348_314.png"",""/tangrams/66_441.png"",""/tangrams/202_441.png""]",2026-08-24T21:31:20.412782337Z,/tangrams/66_441.png,2026-08-24T21:31:20.412782337Z,A2,2026-08-24T21:31:20.412782337Z,3,2026-08-24T21:31:20.412782337Z,26,2026-08-24T21:31:20.412782337Z
01M0TV7JPCF9JKJH5GZHB9Y2BY,01M0TTMTH8JPTHXWGXYEY1VFR8,2026-08-24T21:36:10.444841969Z,"[{""text"":""tree 90 deg"",""sender"":{""id"":""01M0TTRGJ55RK21NQM11GGHNRN"",""name"":""Repi"",""avatar"":""https://api.dicebear.com/8.x/rings/svg?seed=Repi""}}]",2026-08-24T21:49:34.576533479Z,[1787608174588],2026-08-24T21:49:34.591086156Z,,,true,2026-08-24T21:49:43.87708788Z,01M0TTRGJ55RK21NQM11GGHNRN,2026-08-24T21:49:23.680016273Z,"[""C1"",""B3"",""D2"",""A4""]",2026-08-24T21:36:10.444841969Z,true,2026-08-24T21:49:43.863347944Z,01M0TTMWM9GSP2NP0T4CET96EB,2026-08-24T21:36:10.444841969Z,8,2026-08-24T21:36:10.444841969Z,false,2026-08-24T21:49:23.97753754Z,01M0TV363Y2QH3CGTPHSZR512P,2026-08-24T21:49:23.680016273Z,,,48,2026-08-24T21:36:10.444841969Z,12,2026-08-24T21:36:10.444841969Z,training,2026-08-24T21:36:10.444841969Z,0,2026-08-24T21:36:10.444841969Z,4,2026-08-24T21:36:10.444841969Z,/tangrams/66_464.png,2026-08-24T21:49:43.87708788Z,/tangrams/66_464.png,2026-08-24T21:49:40.696738761Z,1787608178889,2026-08-24T21:49:40.688626421Z,1,2026-08-24T21:36:10.444841969Z,2,2026-08-24T21:36:11.133663914Z,true,2026-08-24T21:49:23.621504946Z,"[""/tangrams/202_314.png"",""/tangrams/348_24.png"",""/tangrams/20_441.png"",""/tangrams/66_464.png""]",2026-08-24T21:36:10.444841969Z,/tangrams/66_464.png,2026-08-24T21:36:10.444841969Z,A4,2026-08-24T21:36:10.444841969Z,8,2026-08-24T21:36:10.444841969Z,7,2026-08-24T21:36:10.444841969Z
01M0TT9KFTJ1S066ZP3W49S4SP,01M0TSZGJXR0N6DNTNARWRMFQ4,2026-08-24T21:19:48.218810356Z,,,,,,,,,,,"[""A3"",""B4"",""D1"",""C2""]",2026-08-24T21:19:48.218810356Z,false,2026-08-24T21:19:48.218810356Z,01M0TSZGKE32G3R2H2EPQFBQNN,2026-08-24T21:19:48.218810356Z,9,2026-08-24T21:19:48.218810356Z,,,,,,,48,2026-08-24T21:19:48.218810356Z,12,2026-08-24T21:19:48.218810356Z,training,2026-08-24T21:19:48.218810356Z,0,2026-08-24T21:19:48.218810356Z,4,2026-08-24T21:19:48.218810356Z,,,,2026-08-24T21:19:48.218810356Z,,,0,2026-08-24T21:19:48.218810356Z,2,2026-08-24T21:19:48.624089822Z,false,2026-08-24T21:19:48.218810356Z,"[""/tangrams/138_405.png"",""/tangrams/366_66.png"",""/tangrams/279_244.png"",""/tangrams/422_339.png""]",2026-08-24T21:19:48.218810356Z,/tangrams/422_339.png,2026-08-24T21:19:48.218810356Z,C2,2026-08-24T21:19:48.218810356Z,9,2026-08-24T21:19:48.218810356Z,8,2026-08-24T21:19:48.218810356Z
01M0TTA5D69CAEP1C3PYVXR565,01M0TSZV7X3D77NKMM5CDCW4Z6,2026-08-24T21:20:06.566638633Z,"[{""text"":""This is the same one I believe, triangle and diamond at the bottom, and a diamond on top of a house shape"",""sender"":{""id"":""01M0TT4SZRTK7MV5T48R9G1GQH"",""name"":""Minu"",""avatar"":""https://api.dicebear.com/8.x/rings/svg?seed=Minu""}}]",2026-08-24T21:33:03.438321604Z,[1787607183447],2026-08-24T21:33:03.450878902Z,,,true,2026-08-24T21:33:14.452015133Z,01M0TT4SZRTK7MV5T48R9G1GQH,2026-08-24T21:32:43.784814732Z,"[""F1"",""F2"",""F7"",""A1""]",2026-08-24T21:20:06.566638633Z,true,2026-08-24T21:33:14.432780849Z,01M0TSZV8KEDQHAT4X3FNKVS2B,2026-08-24T21:20:06.566638633Z,13,2026-08-24T21:20:06.566638633Z,false,2026-08-24T21:32:43.916888819Z,01M0TT3ZTTV22XQGZD0K61T6A4,2026-08-24T21:32:43.784814732Z,,,48,2026-08-24T21:20:06.566638633Z,12,2026-08-24T21:20:06.566638633Z,training,2026-08-24T21:20:06.566638633Z,1,2026-08-24T21:20:06.566638633Z,4,2026-08-24T21:20:06.566638633Z,/tangrams/138_244.png,2026-08-24T21:33:14.452015133Z,/tangrams/138_244.png,2026-08-24T21:33:11.253343549Z,1787607191166,2026-08-24T21:33:11.248108906Z,0,2026-08-24T21:20:06.566638633Z,2,2026-08-24T21:20:06.889551563Z,true,2026-08-24T21:32:43.724928705Z,"[""/tangrams/119_182.png"",""/tangrams/290_64.png"",""/tangrams/411_352.png"",""/tangrams/138_244.png""]",2026-08-24T21:20:06.566638633Z,/tangrams/138_244.png,2026-08-24T21:20:06.566638633Z,A1,2026-08-24T21:20:06.566638633Z,1,2026-08-24T21:20:06.566638633Z,12,2026-08-24T21:20:06.566638633Z
01M0TTYQFC018EC7FF9E83F9Q8,01M0TTMTH8JPTHXWGXYEY1VFR8,2026-08-24T21:31:20.428539519Z,,,,,,,,,,,"[""C4"",""B1"",""C1"",""A3""]",2026-08-24T21:31:20.428539519Z,false,2026-08-24T21:31:20.428539519Z,01M0TTMWMDPGAHQRDA7BZJ8FEZ,2026-08-24T21:31:20.428539519Z,26,2026-08-24T21:31:20.428539519Z,,,,,,,48,2026-08-24T21:31:20.428539519Z,12,2026-08-24T21:31:20.428539519Z,training,2026-08-24T21:31:20.428539519Z,2,2026-08-24T21:31:20.428539519Z,4,2026-08-24T21:31:20.428539519Z,,,,2026-08-24T21:31:20.428539519Z,,,1,2026-08-24T21:31:20.428539519Z,2,2026-08-24T21:31:21.671451499Z,false,2026-08-24T21:31:20.428539519Z,"[""/tangrams/202_464.png"",""/tangrams/348_314.png"",""/tangrams/202_314.png"",""/tangrams/66_24.png""]",2026-08-24T21:31:20.428539519Z,/tangrams/202_314.png,2026-08-24T21:31:20.428539519Z,C1,2026-08-24T21:31:20.428539519Z,2,2026-08-24T21:31:20.428539519Z,25,2026-08-24T21:31:20.428539519Z
01M0TT9KJJX9VHV5YS450ZKJ7Z,01M0TSZGJXR0N6DNTNARWRMFQ4,2026-08-24T21:19:48.306774172Z,,,,,,,,,,,"[""C4"",""B1"",""A3"",""D2""]",2026-08-24T21:19:48.306774172Z,false,2026-08-24T21:19:48.306774172Z,01M0TSZGKE32G3R2H2EPQFBQNN,2026-08-24T21:19:48.306774172Z,42,2026-08-24T21:19:48.306774172Z,,,,,,,48,2026-08-24T21:19:48.306774172Z,12,2026-08-24T21:19:48.306774172Z,training,2026-08-24T21:19:48.306774172Z,3,2026-08-24T21:19:48.306774172Z,4,2026-08-24T21:19:48.306774172Z,,,,2026-08-24T21:19:48.306774172Z,,,0,2026-08-24T21:19:48.306774172Z,2,2026-08-24T21:19:49.313256176Z,false,2026-08-24T21:19:48.306774172Z,"[""/tangrams/422_66.png"",""/tangrams/366_244.png"",""/tangrams/138_405.png"",""/tangrams/279_339.png""]",2026-08-24T21:19:48.306774172Z,/tangrams/279_339.png,2026-08-24T21:19:48.306774172Z,D2,2026-08-24T21:19:48.306774172Z,6,2026-08-24T21:19:48.306774172Z,41,2026-08-24T21:19:48.306774172Z
01M0TTEY3WMK01E9KZKT9AQ57Y,01M0TSZEX52H0PZDJFB4JNEAFW,2026-08-24T21:22:42.940914332Z,"[{""text"":""Flower with the thriangles poking out of the right side"",""sender"":{""id"":""01M0TT49QHQY8JQV8C5T94HHYZ"",""name"":""Repi"",""avatar"":""https://api.dicebear.com/8.x/rings/svg?seed=Repi""}}]",2026-08-24T21:41:07.771548234Z,[1787607667784],2026-08-24T21:41:07.786672063Z,,,true,2026-08-24T21:41:16.109825146Z,01M0TT49QHQY8JQV8C5T94HHYZ,2026-08-24T21:40:40.450252319Z,"[""F2"",""F7"",""A1"",""F4""]",2026-08-24T21:22:42.940914332Z,true,2026-08-24T21:41:16.097604635Z,01M0TSZEY44B7XSP574QH2WQPJ,2026-08-24T21:22:42.940914332Z,18,2026-08-24T21:22:42.940914332Z,false,2026-08-24T21:40:40.619987359Z,01M0TT9XXJBBQAZ4WANFPESF7T,2026-08-24T21:40:40.450252319Z,,,48,2026-08-24T21:22:42.940914332Z,12,2026-08-24T21:22:42.940914332Z,training,2026-08-24T21:22:42.940914332Z,1,2026-08-24T21:22:42.940914332Z,4,2026-08-24T21:22:42.940914332Z,/tangrams/290_64.png,2026-08-24T21:41:16.109825146Z,/tangrams/290_64.png,2026-08-24T21:41:12.961793587Z,1787607672660,2026-08-24T21:41:12.955985542Z,0,2026-08-24T21:22:42.940914332Z,2,2026-08-24T21:22:43.45670971Z,true,2026-08-24T21:40:40.414823481Z,"[""/tangrams/290_64.png"",""/tangrams/411_352.png"",""/tangrams/138_244.png"",""/tangrams/434_227.png""]",2026-08-24T21:22:42.940914332Z,/tangrams/290_64.png,2026-08-24T21:22:42.940914332Z,F2,2026-08-24T21:22:42.940914332Z,6,2026-08-24T21:22:42.940914332Z,17,2026-08-24T21:22:42.940914332Z
01M0TTYQ7FVR3R18DHG7XJK7SP,01M0TTMTH8JPTHXWGXYEY1VFR8,2026-08-24T21:31:20.175597982Z,,,,,,,,,,,"[""A3"",""B4"",""B1"",""C4""]",2026-08-24T21:31:20.175597982Z,false,2026-08-24T21:31:20.175597982Z,01M0TTMWMDPGAHQRDA7BZJ8FEZ,2026-08-24T21:31:20.175597982Z,38,2026-08-24T21:31:20.175597982Z,,,,,,,48,2026-08-24T21:31:20.175597982Z,12,2026-08-24T21:31:20.175597982Z,training,2026-08-24T21:31:20.175597982Z,3,2026-08-24T21:31:20.175597982Z,4,2026-08-24T21:31:20.175597982Z,,,,2026-08-24T21:31:20.175597982Z,,,1,2026-08-24T21:31:20.175597982Z,2,2026-08-24T21:31:22.181162344Z,false,2026-08-24T21:31:20.175597982Z,"[""/tangrams/66_24.png"",""/tangrams/348_464.png"",""/tangrams/348_314.png"",""/tangrams/202_464.png""]",2026-08-24T21:31:20.175597982Z,/tangrams/348_464.png,2026-08-24T21:31:20.175597982Z,B4,2026-08-24T21:31:20.175597982Z,2,2026-08-24T21:31:20.175597982Z,37,2026-08-24T21:31:20.175597982Z
01M0TTMQWDETM62H3CBNS3MJQ2,01M0TSZV7X3D77NKMM5CDCW4Z6,2026-08-24T21:25:53.165233323Z,"[{""text"":""triangle bottom left"",""sender"":{""id"":""01M0TT4SREDP4QR1H8V4E3X5G9"",""name"":""Minu"",""avatar"":""https://api.dicebear.com/8.x/rings/svg?seed=Minu""}}]",2026-08-24T21:48:30.407511209Z,[1787608110419],2026-08-24T21:48:30.421324873Z,,,true,2026-08-24T21:48:38.026045562Z,01M0TT4SREDP4QR1H8V4E3X5G9,2026-08-24T21:48:23.89878535Z,"[""B3"",""A2"",""C4"",""D1""]",2026-08-24T21:25:53.165233323Z,true,2026-08-24T21:48:38.002446496Z,01M0TSZV8ERABP36QP2627EVMT,2026-08-24T21:25:53.165233323Z,29,2026-08-24T21:25:53.165233323Z,false,2026-08-24T21:48:24.031377196Z,01M0TT4JP6VSYSTADD58E33WM9,2026-08-24T21:48:23.89878535Z,,,48,2026-08-24T21:25:53.165233323Z,12,2026-08-24T21:25:53.165233323Z,training,2026-08-24T21:25:53.165233323Z,2,2026-08-24T21:25:53.165233323Z,4,2026-08-24T21:25:53.165233323Z,/tangrams/66_441.png,2026-08-24T21:48:38.026045562Z,/tangrams/66_441.png,2026-08-24T21:48:34.816025523Z,1787608113246,2026-08-24T21:48:34.823716387Z,1,2026-08-24T21:25:53.165233323Z,2,2026-08-24T21:25:53.994648137Z,true,2026-08-24T21:48:23.835207152Z,"[""/tangrams/348_24.png"",""/tangrams/66_441.png"",""/tangrams/202_464.png"",""/tangrams/20_314.png""]",2026-08-24T21:25:53.165233323Z,/tangrams/66_441.png,2026-08-24T21:25:53.165233323Z,A2,2026-08-24T21:25:53.165233323Z,5,2026-08-24T21:25:53.165233323Z,28,2026-08-24T21:25:53.165233323Z
01M0TTNRM4V59KE6SDDS5J1HMW,01M0TSZGJXR0N6DNTNARWRMFQ4,2026-08-24T21:26:26.692284803Z,,,,,,,,,,,"[""F6"",""F5"",""F2"",""F1""]",2026-08-24T21:26:26.692284803Z,false,2026-08-24T21:26:26.692284803Z,01M0TSZGKJQW5S4GCP9150DNN9,2026-08-24T21:26:26.692284803Z,32,2026-08-24T21:26:26.692284803Z,,,,,,,48,2026-08-24T21:26:26.692284803Z,12,2026-08-24T21:26:26.692284803Z,training,2026-08-24T21:26:26.692284803Z,2,2026-08-24T21:26:26.692284803Z,4,2026-08-24T21:26:26.692284803Z,,,,2026-08-24T21:26:26.692284803Z,,,1,2026-08-24T21:26:26.692284803Z,2,2026-08-24T21:26:27.488845626Z,false,2026-08-24T21:26:26.692284803Z,"[""/tangrams/98_302.png"",""/tangrams/4_159.png"",""/tangrams/429_403.png"",""/tangrams/452_257.png""]",2026-08-24T21:26:26.692284803Z,/tangrams/98_302.png,2026-08-24T21:26:26.692284803Z,F6,2026-08-24T21:26:26.692284803Z,8,2026-08-24T21:26:26.692284803Z,31,2026-08-24T21:26:26.692284803Z
01M0TTNRDPKMYX6RGAX8WX6K9G,01M0TSZGJXR0N6DNTNARWRMFQ4,2026-08-24T21:26:26.486977363Z,,,,,,,,,,,"[""F6"",""C3"",""F4"",""F3""]",2026-08-24T21:26:26.486977363Z,false,2026-08-24T21:26:26.486977363Z,01M0TSZGKJQW5S4GCP9150DNN9,2026-08-24T21:26:26.486977363Z,48,2026-08-24T21:26:26.486977363Z,,,,,,,48,2026-08-24T21:26:26.486977363Z,12,2026-08-24T21:26:26.486977363Z,training,2026-08-24T21:26:26.486977363Z,3,2026-08-24T21:26:26.486977363Z,4,2026-08-24T21:26:26.486977363Z,,,,2026-08-24T21:26:26.486977363Z,,,1,2026-08-24T21:26:26.486977363Z,2,2026-08-24T21:26:27.830326153Z,false,2026-08-24T21:26:26.486977363Z,"[""/tangrams/98_302.png"",""/tangrams/202_24.png"",""/tangrams/40_345.png"",""/tangrams/264_176.png""]",2026-08-24T21:26:26.486977363Z,/tangrams/40_345.png,2026-08-24T21:26:26.486977363Z,F4,2026-08-24T21:26:26.486977363Z,12,2026-08-24T21:26:26.486977363Z,47,2026-08-24T21:26:26.486977363Z
01M0TVKA0KT74JAXCGWHHA0841,01M0TTMTH8JPTHXWGXYEY1VFR8,2026-08-24T21:42:34.771712428Z,"[{""text"":""diamond and 2 triangles"",""sender"":{""id"":""01M0TV8YZXT0HY97VC3QNJABKN"",""name"":""Repi"",""avatar"":""https://api.dicebear.com/8.x/rings/svg?seed=Repi""}}]",2026-08-24T21:59:44.826448626Z,[1787608784868],2026-08-24T21:59:44.869770109Z,,,true,2026-08-24T21:59:49.840794115Z,01M0TV8YZXT0HY97VC3QNJABKN,2026-08-24T21:59:34.024933997Z,"[""F7"",""F3"",""F8"",""F1""]",2026-08-24T21:42:34.771712428Z,true,2026-08-24T21:59:49.824314939Z,01M0TTMWMG725DJ5GA5M4WD8SY,2026-08-24T21:42:34.771712428Z,42,2026-08-24T21:42:34.771712428Z,false,2026-08-24T21:59:34.186767087Z,01M0TVD4RDDZ2GPYA2W2TBJY2J,2026-08-24T21:59:34.024933997Z,,,48,2026-08-24T21:42:34.771712428Z,12,2026-08-24T21:42:34.771712428Z,training,2026-08-24T21:42:34.771712428Z,3,2026-08-24T21:42:34.771712428Z,4,2026-08-24T21:42:34.771712428Z,/tangrams/264_176.png,2026-08-24T21:59:49.840794115Z,/tangrams/264_176.png,2026-08-24T21:59:46.632818116Z,1787608786563,2026-08-24T21:59:46.641390058Z,1,2026-08-24T21:42:34.771712428Z,2,2026-08-24T21:42:36.281325985Z,true,2026-08-24T21:59:33.95803039Z,"[""/tangrams/157_426.png"",""/tangrams/264_176.png"",""/tangrams/374_400.png"",""/tangrams/452_257.png""]",2026-08-24T21:42:34.771712428Z,/tangrams/264_176.png,2026-08-24T21:42:34.771712428Z,F3,2026-08-24T21:42:34.771712428Z,6,2026-08-24T21:42:34.771712428Z,41,2026-08-24T21:42:34.771712428Z
01M0TTA58SB2E7VDAXCKMSCJZF,01M0TSZV7X3D77NKMM5CDCW4Z6,2026-08-24T21:20:06.425253479Z,"[{""text"":""blocky face with graduation cap at bottom.  squashed house in middle.  small doiaond at top"",""sender"":{""id"":""01M0TT3ZTTV22XQGZD0K61T6A4"",""name"":""Repi"",""avatar"":""https://api.dicebear.com/8.x/rings/svg?seed=Repi""}}]",2026-08-24T21:44:07.852858923Z,[1787607847863],2026-08-24T21:44:07.865098828Z,,,true,2026-08-24T21:44:21.714793354Z,01M0TT3ZTTV22XQGZD0K61T6A4,2026-08-24T21:43:38.05476665Z,"[""D4"",""F8"",""F2"",""F5""]",2026-08-24T21:20:06.425253479Z,true,2026-08-24T21:44:21.69737166Z,01M0TSZV8KEDQHAT4X3FNKVS2B,2026-08-24T21:20:06.425253479Z,36,2026-08-24T21:20:06.425253479Z,false,2026-08-24T21:43:38.18579177Z,01M0TT4SZRTK7MV5T48R9G1GQH,2026-08-24T21:43:38.05476665Z,,,48,2026-08-24T21:20:06.425253479Z,12,2026-08-24T21:20:06.425253479Z,training,2026-08-24T21:20:06.425253479Z,2,2026-08-24T21:20:06.425253479Z,4,2026-08-24T21:20:06.425253479Z,/tangrams/456_48.png,2026-08-24T21:44:21.714793354Z,/tangrams/456_48.png,2026-08-24T21:44:18.562363788Z,1787607858458,2026-08-24T21:44:18.56948599Z,0,2026-08-24T21:20:06.425253479Z,2,2026-08-24T21:20:07.302869887Z,true,2026-08-24T21:43:38.008670735Z,"[""/tangrams/279_66.png"",""/tangrams/37_144.png"",""/tangrams/290_64.png"",""/tangrams/456_48.png""]",2026-08-24T21:20:06.425253479Z,/tangrams/456_48.png,2026-08-24T21:20:06.425253479Z,F5,2026-08-24T21:20:06.425253479Z,12,2026-08-24T21:20:06.425253479Z,35,2026-08-24T21:20:06.425253479Z
01M0TTKD9Y0CBZZFRJC8RXHKYG,01M0TSZGJXR0N6DNTNARWRMFQ4,2026-08-24T21:25:09.566205451Z,,,,,,,,,,,"[""A2"",""C1"",""A4"",""B4""]",2026-08-24T21:25:09.566205451Z,false,2026-08-24T21:25:09.566205451Z,01M0TSZGKM72FFW193EYG47F25,2026-08-24T21:25:09.566205451Z,11,2026-08-24T21:25:09.566205451Z,,,,,,,48,2026-08-24T21:25:09.566205451Z,12,2026-08-24T21:25:09.566205451Z,training,2026-08-24T21:25:09.566205451Z,0,2026-08-24T21:25:09.566205451Z,4,2026-08-24T21:25:09.566205451Z,,,,2026-08-24T21:25:09.566205451Z,,,0,2026-08-24T21:25:09.566205451Z,2,2026-08-24T21:25:10.041982231Z,false,2026-08-24T21:25:09.566205451Z,"[""/tangrams/138_339.png"",""/tangrams/422_244.png"",""/tangrams/138_66.png"",""/tangrams/366_66.png""]",2026-08-24T21:25:09.566205451Z,/tangrams/138_66.png,2026-08-24T21:25:09.566205451Z,A4,2026-08-24T21:25:09.566205451Z,11,2026-08-24T21:25:09.566205451Z,10,2026-08-24T21:25:09.566205451Z
01M0TTMQQSXKCJXGJSGHDBZ3QH,01M0TSZV7X3D77NKMM5CDCW4Z6,2026-08-24T21:25:53.017920523Z,"[{""text"":""3 tris left"",""sender"":{""id"":""01M0TT4JP6VSYSTADD58E33WM9"",""name"":""Repi"",""avatar"":""https://api.dicebear.com/8.x/rings/svg?seed=Repi""}}]",2026-08-24T21:53:38.143396767Z,[1787608418156],2026-08-24T21:53:38.158305015Z,,,true,2026-08-24T21:53:47.232304049Z,01M0TT4JP6VSYSTADD58E33WM9,2026-08-24T21:53:27.671110063Z,"[""D2"",""C1"",""B4"",""A3""]",2026-08-24T21:25:53.017920523Z,true,2026-08-24T21:53:47.208952676Z,01M0TSZV8ERABP36QP2627EVMT,2026-08-24T21:25:53.017920523Z,42,2026-08-24T21:25:53.017920523Z,false,2026-08-24T21:53:27.890853459Z,01M0TT4SREDP4QR1H8V4E3X5G9,2026-08-24T21:53:27.671110063Z,,,48,2026-08-24T21:25:53.017920523Z,12,2026-08-24T21:25:53.017920523Z,training,2026-08-24T21:25:53.017920523Z,3,2026-08-24T21:25:53.017920523Z,4,2026-08-24T21:25:53.017920523Z,/tangrams/202_314.png,2026-08-24T21:53:47.232304049Z,/tangrams/202_314.png,2026-08-24T21:53:44.033177546Z,1787608423085,2026-08-24T21:53:44.048839301Z,1,2026-08-24T21:25:53.017920523Z,2,2026-08-24T21:25:54.229327954Z,true,2026-08-24T21:53:27.561943352Z,"[""/tangrams/20_441.png"",""/tangrams/202_314.png"",""/tangrams/348_464.png"",""/tangrams/66_24.png""]",2026-08-24T21:25:53.017920523Z,/tangrams/202_314.png,2026-08-24T21:25:53.017920523Z,C1,2026-08-24T21:25:53.017920523Z,6,2026-08-24T21:25:53.017920523Z,41,2026-08-24T21:25:53.017920523Z
01M0TTMQTQ72NV1XE9FEJ7MA3Z,01M0TSZV7X3D77NKMM5CDCW4Z6,2026-08-24T21:25:53.111447518Z,"[{""text"":""same"",""sender"":{""id"":""01M0TT4JP6VSYSTADD58E33WM9"",""name"":""Repi"",""avatar"":""https://api.dicebear.com/8.x/rings/svg?seed=Repi""}}]",2026-08-24T21:44:38.726973031Z,[1787607878737],2026-08-24T21:44:38.739652895Z,,,true,2026-08-24T21:44:45.197771032Z,01M0TT4JP6VSYSTADD58E33WM9,2026-08-24T21:44:29.671851045Z,"[""C1"",""B3"",""A4"",""D2""]",2026-08-24T21:25:53.111447518Z,true,2026-08-24T21:44:45.176753174Z,01M0TSZV8ERABP36QP2627EVMT,2026-08-24T21:25:53.111447518Z,20,2026-08-24T21:25:53.111447518Z,false,2026-08-24T21:44:29.812935164Z,01M0TT4SREDP4QR1H8V4E3X5G9,2026-08-24T21:44:29.671851045Z,,,48,2026-08-24T21:25:53.111447518Z,12,2026-08-24T21:25:53.111447518Z,training,2026-08-24T21:25:53.111447518Z,1,2026-08-24T21:25:53.111447518Z,4,2026-08-24T21:25:53.111447518Z,/tangrams/20_441.png,2026-08-24T21:44:45.197771032Z,/tangrams/20_441.png,2026-08-24T21:44:41.998674747Z,1787607881067,2026-08-24T21:44:42.005622439Z,1,2026-08-24T21:25:53.111447518Z,2,2026-08-24T21:25:53.742164925Z,true,2026-08-24T21:44:29.622473076Z,"[""/tangrams/202_314.png"",""/tangrams/348_24.png"",""/tangrams/66_464.png"",""/tangrams/20_441.png""]",2026-08-24T21:25:53.111447518Z,/tangrams/20_441.png,2026-08-24T21:25:53.111447518Z,D2,2026-08-24T21:25:53.111447518Z,8,2026-08-24T21:25:53.111447518Z,19,2026-08-24T21:25:53.111447518Z
01M0TVK9SGFH4A7G0X5AP3DEF3,01M0TTMTH8JPTHXWGXYEY1VFR8,2026-08-24T21:42:34.544979816Z,"[{""text"":""diamond with 2 triangles"",""sender"":{""id"":""01M0TVD4RDDZ2GPYA2W2TBJY2J"",""name"":""Minu"",""avatar"":""https://api.dicebear.com/8.x/rings/svg?seed=Minu""}}]",2026-08-24T21:58:09.990641984Z,[1787608690005],2026-08-24T21:58:10.007525082Z,,,true,2026-08-24T21:58:15.774900105Z,01M0TVD4RDDZ2GPYA2W2TBJY2J,2026-08-24T21:58:00.906017646Z,"[""B2"",""F4"",""F6"",""F3""]",2026-08-24T21:42:34.544979816Z,true,2026-08-24T21:58:15.752999857Z,01M0TTMWMG725DJ5GA5M4WD8SY,2026-08-24T21:42:34.544979816Z,35,2026-08-24T21:42:34.544979816Z,false,2026-08-24T21:58:01.076606495Z,01M0TV8YZXT0HY97VC3QNJABKN,2026-08-24T21:58:00.906017646Z,,,48,2026-08-24T21:42:34.544979816Z,12,2026-08-24T21:42:34.544979816Z,training,2026-08-24T21:42:34.544979816Z,2,2026-08-24T21:42:34.544979816Z,4,2026-08-24T21:42:34.544979816Z,/tangrams/264_176.png,2026-08-24T21:58:15.774900105Z,/tangrams/264_176.png,2026-08-24T21:58:12.352394919Z,1787608693112,2026-08-24T21:58:12.362129508Z,1,2026-08-24T21:42:34.544979816Z,2,2026-08-24T21:42:36.066704776Z,true,2026-08-24T21:58:00.836892497Z,"[""/tangrams/348_441.png"",""/tangrams/40_345.png"",""/tangrams/98_302.png"",""/tangrams/264_176.png""]",2026-08-24T21:42:34.544979816Z,/tangrams/264_176.png,2026-08-24T21:42:34.544979816Z,F3,2026-08-24T21:42:34.544979816Z,11,2026-08-24T21:42:34.544979816Z,34,2026-08-24T21:42:34.544979816Z
01M0TT9KED7D8MS29P27D35D9H,01M0TSZGJXR0N6DNTNARWRMFQ4,2026-08-24T21:19:48.173596376Z,,,,,,,,,,,"[""B1"",""A2"",""D3"",""C4""]",2026-08-24T21:19:48.173596376Z,false,2026-08-24T21:19:48.173596376Z,01M0TSZGKE32G3R2H2EPQFBQNN,2026-08-24T21:19:48.173596376Z,2,2026-08-24T21:19:48.173596376Z,,,,,,,48,2026-08-24T21:19:48.173596376Z,12,2026-08-24T21:19:48.173596376Z,training,2026-08-24T21:19:48.173596376Z,0,2026-08-24T21:19:48.173596376Z,4,2026-08-24T21:19:48.173596376Z,,,,2026-08-24T21:19:48.173596376Z,,,0,2026-08-24T21:19:48.173596376Z,2,2026-08-24T21:19:48.456268047Z,false,2026-08-24T21:19:48.173596376Z,"[""/tangrams/366_244.png"",""/tangrams/138_339.png"",""/tangrams/279_405.png"",""/tangrams/422_66.png""]",2026-08-24T21:19:48.173596376Z,/tangrams/366_244.png,2026-08-24T21:19:48.173596376Z,B1,2026-08-24T21:19:48.173596376Z,2,2026-08-24T21:19:48.173596376Z,1,2026-08-24T21:19:48.173596376Z
01M0TT9KEEZT6B3HYPY1GE2FP8,01M0TSZGJXR0N6DNTNARWRMFQ4,2026-08-24T21:19:48.174489921Z,,,,,,,,,,,"[""B4"",""A3"",""C2"",""D1""]",2026-08-24T21:19:48.174489921Z,false,2026-08-24T21:19:48.174489921Z,01M0TSZGKE32G3R2H2EPQFBQNN,2026-08-24T21:19:48.174489921Z,1,2026-08-24T21:19:48.174489921Z,,,,,,,48,2026-08-24T21:19:48.174489921Z,12,2026-08-24T21:19:48.174489921Z,training,2026-08-24T21:19:48.174489921Z,0,2026-08-24T21:19:48.174489921Z,4,2026-08-24T21:19:48.174489921Z,,,,2026-08-24T21:19:48.174489921Z,,,0,2026-08-24T21:19:48.174489921Z,2,2026-08-24T21:19:48.426480098Z,false,2026-08-24T21:19:48.174489921Z,"[""/tangrams/366_66.png"",""/tangrams/138_405.png"",""/tangrams/422_339.png"",""/tangrams/279_244.png""]",2026-08-24T21:19:48.174489921Z,/tangrams/138_405.png,2026-08-24T21:19:48.174489921Z,A3,2026-08-24T21:19:48.174489921Z,1,2026-08-24T21:19:48.174489921Z,0,2026-08-24T21:19:48.174489921Z
01M0TTKMYB98E28XP8CE3KDFER,01M0TSZEX52H0PZDJFB4JNEAFW,2026-08-24T21:25:17.387667305Z,"[{""text"":""DIAMOND ABOVE"",""sender"":{""id"":""01M0TT55D1DRDQ3JPT1CDTT5VN"",""name"":""Repi"",""avatar"":""https://api.dicebear.com/8.x/rings/svg?seed=Repi""}}]",2026-08-24T21:46:15.223638435Z,[1787607975235],2026-08-24T21:46:15.237004127Z,,,true,2026-08-24T21:46:20.646710527Z,01M0TT55D1DRDQ3JPT1CDTT5VN,2026-08-24T21:46:00.757878893Z,"[""A4"",""B1"",""D3"",""C2""]",2026-08-24T21:25:17.387667305Z,true,2026-08-24T21:46:20.625943617Z,01M0TSZEY173D8F3KEP071GR06,2026-08-24T21:25:17.387667305Z,28,2026-08-24T21:25:17.387667305Z,false,2026-08-24T21:46:00.904186119Z,01M0TTF3ADJ36CYQBD8356XFNQ,2026-08-24T21:46:00.757878893Z,,,48,2026-08-24T21:25:17.387667305Z,12,2026-08-24T21:25:17.387667305Z,training,2026-08-24T21:25:17.387667305Z,2,2026-08-24T21:25:17.387667305Z,4,2026-08-24T21:25:17.387667305Z,/tangrams/138_66.png,2026-08-24T21:46:20.646710527Z,/tangrams/138_66.png,2026-08-24T21:46:17.479106986Z,1787607977125,2026-08-24T21:46:17.486050675Z,0,2026-08-24T21:25:17.387667305Z,2,2026-08-24T21:25:18.129349314Z,true,2026-08-24T21:46:00.698372813Z,"[""/tangrams/138_66.png"",""/tangrams/366_244.png"",""/tangrams/279_405.png"",""/tangrams/422_339.png""]",2026-08-24T21:25:17.387667305Z,/tangrams/138_66.png,2026-08-24T21:25:17.387667305Z,A4,2026-08-24T21:25:17.387667305Z,4,2026-08-24T21:25:17.387667305Z,27,2026-08-24T21:25:17.387667305Z
01M0TTMQX29JXGCTE2SX5JEDE9,01M0TSZV7X3D77NKMM5CDCW4Z6,2026-08-24T21:25:53.186763865Z,"[{""text"":""2 mini mountains on bottom"",""sender"":{""id"":""01M0TT4SREDP4QR1H8V4E3X5G9"",""name"":""Minu"",""avatar"":""https://api.dicebear.com/8.x/rings/svg?seed=Minu""}}]",2026-08-24T21:49:44.503464021Z,[1787608184515],2026-08-24T21:49:44.517427384Z,,,true,2026-08-24T21:49:54.124654492Z,01M0TT4SREDP4QR1H8V4E3X5G9,2026-08-24T21:49:28.796920307Z,"[""C2"",""D1"",""A4"",""B3""]",2026-08-24T21:25:53.186763865Z,true,2026-08-24T21:49:54.102273166Z,01M0TSZV8ERABP36QP2627EVMT,2026-08-24T21:25:53.186763865Z,31,2026-08-24T21:25:53.186763865Z,false,2026-08-24T21:49:28.945041336Z,01M0TT4JP6VSYSTADD58E33WM9,2026-08-24T21:49:28.796920307Z,,,48,2026-08-24T21:25:53.186763865Z,12,2026-08-24T21:25:53.186763865Z,training,2026-08-24T21:25:53.186763865Z,2,2026-08-24T21:25:53.186763865Z,4,2026-08-24T21:25:53.186763865Z,/tangrams/66_464.png,2026-08-24T21:49:54.124654492Z,/tangrams/66_464.png,2026-08-24T21:49:50.927625187Z,1787608189345,2026-08-24T21:49:50.919365203Z,1,2026-08-24T21:25:53.186763865Z,2,2026-08-24T21:25:54.030182245Z,true,2026-08-24T21:49:28.734737891Z,"[""/tangrams/202_441.png"",""/tangrams/20_314.png"",""/tangrams/66_464.png"",""/tangrams/348_24.png""]",2026-08-24T21:25:53.186763865Z,/tangrams/66_464.png,2026-08-24T21:25:53.186763865Z,A4,2026-08-24T21:25:53.186763865Z,7,2026-08-24T21:25:53.186763865Z,30,2026-08-24T21:25:53.186763865Z
01M0TTYQKE4NBYTMC3QN9HZZAC,01M0TTMTH8JPTHXWGXYEY1VFR8,2026-08-24T21:31:20.558911191Z,"[{""text"":""Two arrows on left side"",""sender"":{""id"":""01M0TTENRE0ZSC234N2S1BW8ZS"",""name"":""Repi"",""avatar"":""https://api.dicebear.com/8.x/rings/svg?seed=Repi""}},{""text"":""Body is slightly rounded"",""sender"":{""id"":""01M0TTENRE0ZSC234N2S1BW8ZS"",""name"":""Repi"",""avatar"":""https://api.dicebear.com/8.x/rings/svg?seed=Repi""}},{""text"":""right side"",""sender"":{""id"":""01M0TTENRE0ZSC234N2S1BW8ZS"",""name"":""Repi"",""avatar"":""https://api.dicebear.com/8.x/rings/svg?seed=Repi""}}]",2026-08-24T22:01:59.974879456Z,"[1787608895387,1787608914144,1787608920006]",2026-08-24T22:02:00.007716138Z,,,false,2026-08-24T22:02:23.481698061Z,01M0TTENRE0ZSC234N2S1BW8ZS,2026-08-24T22:01:20.183793497Z,"[""D2"",""C1"",""B3"",""D1""]",2026-08-24T21:31:20.558911191Z,true,2026-08-24T22:02:23.455027384Z,01M0TTMWMDPGAHQRDA7BZJ8FEZ,2026-08-24T21:31:20.558911191Z,18,2026-08-24T21:31:20.558911191Z,false,2026-08-24T22:01:20.345597185Z,01M0TTJT0T1FXWVGTP027BYENQ,2026-08-24T22:01:20.183793497Z,,,48,2026-08-24T21:31:20.558911191Z,12,2026-08-24T21:31:20.558911191Z,training,2026-08-24T21:31:20.558911191Z,1,2026-08-24T21:31:20.558911191Z,4,2026-08-24T21:31:20.558911191Z,,2026-08-24T22:02:23.481698061Z,,2026-08-24T21:31:20.558911191Z,,,1,2026-08-24T21:31:20.558911191Z,2,2026-08-24T21:31:21.353327743Z,true,2026-08-24T22:01:20.11672157Z,"[""/tangrams/20_441.png"",""/tangrams/202_314.png"",""/tangrams/348_24.png"",""/tangrams/20_314.png""]",2026-08-24T21:31:20.558911191Z,/tangrams/20_314.png,2026-08-24T21:31:20.558911191Z,D1,2026-08-24T21:31:20.558911191Z,6,2026-08-24T21:31:20.558911191Z,17,2026-08-24T21:31:20.558911191Z
01M0TTA5CP45MHEBHBNGQ38XMR,01M0TSZV7X3D77NKMM5CDCW4Z6,2026-08-24T21:20:06.550578958Z,"[{""text"":""This has something looking like a graduate wearing their cap (no tassle) at bottome, then a medium house, then a small diamond up top."",""sender"":{""id"":""01M0TT3ZTTV22XQGZD0K61T6A4"",""name"":""Repi"",""avatar"":""https://api.dicebear.com/8.x/rings/svg?seed=Repi""}}]",2026-08-24T21:34:51.193224892Z,[1787607291201],2026-08-24T21:34:51.2031765Z,,,true,2026-08-24T21:35:01.391073534Z,01M0TT3ZTTV22XQGZD0K61T6A4,2026-08-24T21:34:09.29580943Z,"[""F7"",""F5"",""C3"",""F8""]",2026-08-24T21:20:06.550578958Z,true,2026-08-24T21:35:01.380444471Z,01M0TSZV8KEDQHAT4X3FNKVS2B,2026-08-24T21:20:06.550578958Z,16,2026-08-24T21:20:06.550578958Z,false,2026-08-24T21:34:09.449598778Z,01M0TT4SZRTK7MV5T48R9G1GQH,2026-08-24T21:34:09.29580943Z,,,48,2026-08-24T21:20:06.550578958Z,12,2026-08-24T21:20:06.550578958Z,training,2026-08-24T21:20:06.550578958Z,1,2026-08-24T21:20:06.550578958Z,4,2026-08-24T21:20:06.550578958Z,/tangrams/456_48.png,2026-08-24T21:35:01.391073534Z,/tangrams/456_48.png,2026-08-24T21:34:58.225299384Z,1787607298112,2026-08-24T21:34:58.211195087Z,0,2026-08-24T21:20:06.550578958Z,2,2026-08-24T21:20:06.942640496Z,true,2026-08-24T21:34:09.194095824Z,"[""/tangrams/411_352.png"",""/tangrams/456_48.png"",""/tangrams/422_405.png"",""/tangrams/37_144.png""]",2026-08-24T21:20:06.550578958Z,/tangrams/456_48.png,2026-08-24T21:20:06.550578958Z,F5,2026-08-24T21:20:06.550578958Z,4,2026-08-24T21:20:06.550578958Z,15,2026-08-24T21:20:06.550578958Z
01M0TTK11STER2ADREBJK28NV8,01M0TSZEX52H0PZDJFB4JNEAFW,2026-08-24T21:24:57.017198511Z,"[{""text"":""house cutout triangle bottom diamond on rop"",""sender"":{""id"":""01M0TT7FNH08P86PFHWCV3NRS8"",""name"":""Repi"",""avatar"":""https://api.dicebear.com/8.x/rings/svg?seed=Repi""}},{""text"":""top"",""sender"":{""id"":""01M0TT7FNH08P86PFHWCV3NRS8"",""name"":""Repi"",""avatar"":""https://api.dicebear.com/8.x/rings/svg?seed=Repi""}}]",2026-08-24T21:52:48.609074803Z,"[1787608365097,1787608368622]",2026-08-24T21:52:48.62366857Z,,,true,2026-08-24T21:53:07.094953926Z,01M0TT7FNH08P86PFHWCV3NRS8,2026-08-24T21:52:20.863775716Z,"[""A3"",""A2"",""C2"",""B4""]",2026-08-24T21:24:57.017198511Z,true,2026-08-24T21:53:07.075040116Z,01M0TSZEY54T11A9AMGVA6T4ZB,2026-08-24T21:24:57.017198511Z,14,2026-08-24T21:24:57.017198511Z,false,2026-08-24T21:52:21.039121716Z,01M0TT7ZVRQQW92P55GPN9KMMS,2026-08-24T21:52:20.863775716Z,,,48,2026-08-24T21:24:57.017198511Z,12,2026-08-24T21:24:57.017198511Z,training,2026-08-24T21:24:57.017198511Z,1,2026-08-24T21:24:57.017198511Z,4,2026-08-24T21:24:57.017198511Z,/tangrams/138_339.png,2026-08-24T21:53:07.094953926Z,/tangrams/138_339.png,2026-08-24T21:53:03.902422518Z,1787608386323,2026-08-24T21:53:03.895626843Z,0,2026-08-24T21:24:57.017198511Z,2,2026-08-24T21:24:57.505915395Z,true,2026-08-24T21:52:20.800467727Z,"[""/tangrams/138_405.png"",""/tangrams/138_339.png"",""/tangrams/422_339.png"",""/tangrams/366_66.png""]",2026-08-24T21:24:57.017198511Z,/tangrams/138_339.png,2026-08-24T21:24:57.017198511Z,A2,2026-08-24T21:24:57.017198511Z,2,2026-08-24T21:24:57.017198511Z,13,2026-08-24T21:24:57.017198511Z
