id,batchID,batchIDLastChangedAt,duration,durationLastChangedAt,ended,endedLastChangedAt,gameID,gameIDLastChangedAt,index,indexLastChangedAt,initialized,initializedLastChangedAt,name,nameLastChangedAt,roundID,roundIDLastChangedAt,serverStartedAt,serverStartedAtLastChangedAt,start,startLastChangedAt,started,startedLastChangedAt,timerID,timerIDLastChangedAt
01M0TTNRYJKZK07SQKHQHGQB5Y,01M0TSZGJXR0N6DNTNARWRMFQ4,2026-08-24T21:26:27.026393618Z,3,2026-08-24T21:26:27.026393618Z,false,2026-08-24T21:26:27.026393618Z,01M0TSZGKJQW5S4GCP9150DNN9,2026-08-24T21:26:27.026393618Z,1,2026-08-24T21:26:27.026393618Z,,,feedback,2026-08-24T21:26:27.026393618Z,01M0TTNRJBY35V1V7SGKC29P7S,2026-08-24T21:26:27.026393618Z,,,false,2026-08-24T21:26:27.026393618Z,,,01M0TTNRYCWB3A0DNB2FVV6D62,2026-08-24T21:26:27.026393618Z
01M0TTYSCXYKT3FMTDAG8ZJXA7,01M0TTMTH8JPTHXWGXYEY1VFR8,2026-08-24T21:31:22.397607177Z,3,2026-08-24T21:31:22.397607177Z,false,2026-08-24T21:31:22.397607177Z,01M0TTMWMDPGAHQRDA7BZJ8FEZ,2026-08-24T21:31:22.397607177Z,1,2026-08-24T21:31:22.397607177Z,,,feedback,2026-08-24T21:31:22.397607177Z,01M0TTYQ4J33TAP4R67Z3HWZ3B,2026-08-24T21:31:22.397607177Z,,,false,2026-08-24T21:31:22.397607177Z,,,01M0TTYSCHR29XV26208P7CD91,2026-08-24T21:31:22.397607177Z
01M0TTKE3JHZASVCJH9MEJ241K,01M0TSZGJXR0N6DNTNARWRMFQ4,2026-08-24T21:25:10.387077405Z,3,2026-08-24T21:25:10.387077405Z,false,2026-08-24T21:25:10.387077405Z,01M0TSZGKM72FFW193EYG47F25,2026-08-24T21:25:10.387077405Z,1,2026-08-24T21:25:10.387077405Z,,,feedback,2026-08-24T21:25:10.387077405Z,01M0TTKDEMZ7047V07AP8BV1GK,2026-08-24T21:25:10.387077405Z,,,false,2026-08-24T21:25:10.387077405Z,,,01M0TTKE3DG09FJ27G5NT55VXQ,2026-08-24T21:25:10.387077405Z
01M0TTTPX3G28PJKTZN6AW681P,01M0TSZV7X3D77NKMM5CDCW4Z6,2026-08-24T21:29:08.771245258Z,3,2026-08-24T21:29:08.771245258Z,true,2026-08-24T21:41:31.303707618Z,01M0TSZV8KEDQHAT4X33M1GG1C,2026-08-24T21:29:08.771245258Z,1,2026-08-24T21:29:08.771245258Z,true,2026-08-24T21:41:28.282083358Z,feedback,2026-08-24T21:29:08.771245258Z,01M0TTTPEVD8VTDJ3K40Y6JM1E,2026-08-24T21:29:08.771245258Z,1787607688290,2026-08-24T21:41:28.291324951Z,true,2026-08-24T21:41:28.250858834Z,true,2026-08-24T21:41:28.30065998Z,01M0TTTPWSDVT0RVW6CD0KAX9P,2026-08-24T21:29:08.771245258Z
01M0TV7KTJKJBA38XB7S6XPQQG,01M0TTMTH8JPTHXWGXYEY1VFR8,2026-08-24T21:36:11.602997811Z,3,2026-08-24T21:36:11.602997811Z,true,2026-08-24T21:57:30.442678221Z,01M0TTMWM9GSP2NP0T4CET96EB,2026-08-24T21:36:11.602997811Z,1,2026-08-24T21:36:11.602997811Z,true,2026-08-24T21:57:27.399822933Z,feedback,2026-08-24T21:36:11.602997811Z,01M0TV7K0SH0YWD0PCFWXCP4T8,2026-08-24T21:36:11.602997811Z,1787608647411,2026-08-24T21:57:27.41244388Z,true,2026-08-24T21:57:27.349548245Z,true,2026-08-24T21:57:27.427772479Z,01M0TV7KT9K2AW93VMTRF6Y782,2026-08-24T21:36:11.602997811Z
01M0TV7M4486KC8YM6YRY8HH58,01M0TTMTH8JPTHXWGXYEY1VFR8,2026-08-24T21:36:11.908584451Z,60,2026-08-24T21:36:11.908584451Z,true,2026-08-24T22:00:19.121765781Z,01M0TTMWM9GSP2NP0T4CET96EB,2026-08-24T21:36:11.908584451Z,0,2026-08-24T21:36:11.908584451Z,true,2026-08-24T22:00:09.140540792Z,selection,2026-08-24T21:36:11.908584451Z,01M0TV7JY9S26C1KK358SFDASN,2026-08-24T21:36:11.908584451Z,1787608809160,2026-08-24T22:00:09.161572376Z,true,2026-08-24T22:00:09.098687938Z,true,2026-08-24T22:00:09.178351682Z,01M0TV7M3X5387E62WRXK6XFN9,2026-08-24T21:36:11.908584451Z
01M0TT9M0XVC99GGZ3F4Q2QFC7,01M0TSZGJXR0N6DNTNARWRMFQ4,2026-08-24T21:19:48.765746928Z,3,2026-08-24T21:19:48.765746928Z,false,2026-08-24T21:19:48.765746928Z,01M0TSZGKE32G3R2H2EPQFBQNN,2026-08-24T21:19:48.765746928Z,1,2026-08-24T21:19:48.765746928Z,,,feedback,2026-08-24T21:19:48.765746928Z,01M0TT9KJXDZ9RTR7WSS1FKRXS,2026-08-24T21:19:48.765746928Z,,,false,2026-08-24T21:19:48.765746928Z,,,01M0TT9M0QJG5J149D3HZCDKZS,2026-08-24T21:19:48.765746928Z
01M0TTEZ41P2XAN43XSCJPVHYR,01M0TSZEX52H0PZDJFB4JNEAFW,2026-08-24T21:22:43.969786882Z,3,2026-08-24T21:22:43.969786882Z,true,2026-08-24T21:57:38.204635309Z,01M0TSZEY44B7XSP574QH2WQPJ,2026-08-24T21:22:43.969786882Z,1,2026-08-24T21:22:43.969786882Z,true,2026-08-24T21:57:35.172321589Z,feedback,2026-08-24T21:22:43.969786882Z,01M0TTEY75JJ7H2PWJ2880EH40,2026-08-24T21:22:43.969786882Z,1787608655186,2026-08-24T21:57:35.187617245Z,true,2026-08-24T21:57:35.123156003Z,true,2026-08-24T21:57:35.208295359Z,01M0TTEZ3Y6JJG1M05FGGMC7AC,2026-08-24T21:22:43.969786882Z
01M0TTTQPYG7AD9R5QHPQR3FBZ,01M0TSZV7X3D77NKMM5CDCW4Z6,2026-08-24T21:29:09.598974321Z,3,2026-08-24T21:29:09.598974321Z,true,2026-08-24T21:59:31.027790515Z,01M0TSZV8KEDQHAT4X33M1GG1C,2026-08-24T21:29:09.598974321Z,1,2026-08-24T21:29:09.598974321Z,true,2026-08-24T21:59:27.992571917Z,feedback,2026-08-24T21:29:09.598974321Z,01M0TTTPRT0KJ8VKW180HK0X4Q,2026-08-24T21:29:09.598974321Z,1787608768008,2026-08-24T21:59:28.009985672Z,true,2026-08-24T21:59:27.943767156Z,true,2026-08-24T21:59:28.029445977Z,01M0TTTQPNGS1PBY5F67Y8F1QQ,2026-08-24T21:29:09.598974321Z
01M0TTTRN3T4YSZT74J13ZMZKZ,01M0TSZV7X3D77NKMM5CDCW4Z6,2026-08-24T21:29:10.563692601Z,3,2026-08-24T21:29:10.563692601Z,true,2026-08-24T22:14:35.450486824Z,01M0TSZV8KEDQHAT4X33M1GG1C,2026-08-24T21:29:10.563692601Z,1,2026-08-24T21:29:10.563692601Z,true,2026-08-24T22:14:32.378800124Z,feedback,2026-08-24T21:29:10.563692601Z,01M0TTTPVCBKQZRQZN9J9GHT95,2026-08-24T21:29:10.563692601Z,1787609672410,2026-08-24T22:14:32.4129237Z,true,2026-08-24T22:14:32.302372953Z,true,2026-08-24T22:14:32.449005678Z,01M0TTTRMR18S241BRCS5A0YT2,2026-08-24T21:29:10.563692601Z
01M0TTYQNWXGCGCDQ5GRENKN2G,01M0TTMTH8JPTHXWGXYEY1VFR8,2026-08-24T21:31:20.636257976Z,60,2026-08-24T21:31:20.636257976Z,true,2026-08-24T21:46:14.488350452Z,01M0TTMWMDPGAHQRDA7BZJ8FEZ,2026-08-24T21:31:20.636257976Z,0,2026-08-24T21:31:20.636257976Z,true,2026-08-24T21:45:14.450663933Z,selection,2026-08-24T21:31:20.636257976Z,01M0TTYPYGZDYWHA5J93E4YJ54,2026-08-24T21:31:20.636257976Z,1787607914461,2026-08-24T21:45:14.463324772Z,true,2026-08-24T21:45:14.403863528Z,true,2026-08-24T21:45:14.474832275Z,01M0TTYQNMKDCWEW0YWEXK6NSV,2026-08-24T21:31:20.636257976Z
01M0TV7MFEF84XTMQC1YH1FKCJ,01M0TTMTH8JPTHXWGXYEY1VFR8,2026-08-24T21:36:12.270680059Z,60,2026-08-24T21:36:12.270680059Z,true,2026-08-24T22:03:58.910965167Z,01M0TTMWM9GSP2NP0T4CET96EB,2026-08-24T21:36:12.270680059Z,0,2026-08-24T21:36:12.270680059Z,true,2026-08-24T22:03:38.738073595Z,selection,2026-08-24T21:36:12.270680059Z,01M0TV7JS7955894M0GKRCQAS6,2026-08-24T21:36:12.270680059Z,1787609018755,2026-08-24T22:03:38.757305985Z,true,2026-08-24T22:03:38.690493776Z,true,2026-08-24T22:03:38.77049964Z,01M0TV7MFA6CMNWHXBFVQH8T3V,2026-08-24T21:36:12.270680059Z
01M0TTK1C3JX2KQYQND2VN860N,01M0TSZEX52H0PZDJFB4JNEAFW,2026-08-24T21:24:57.347390567Z,3,2026-08-24T21:24:57.347390567Z,true,2026-08-24T21:45:38.184603353Z,01M0TSZEY54T11A9AMGVA6T4ZB,2026-08-24T21:24:57.347390567Z,1,2026-08-24T21:24:57.347390567Z,true,2026-08-24T21:45:35.128059119Z,feedback,2026-08-24T21:24:57.347390567Z,01M0TTK10K7BJJNZGSYM0XZVS0,2026-08-24T21:24:57.347390567Z,1787607935148,2026-08-24T21:45:35.150789075Z,true,2026-08-24T21:45:35.090177802Z,true,2026-08-24T21:45:35.172126888Z,01M0TTK1C0JBHF66G08QP74R5V,2026-08-24T21:24:57.347390567Z
01M0TTK1Q2V7A3X2R0JYFSJ78D,01M0TSZEX52H0PZDJFB4JNEAFW,2026-08-24T21:24:57.698654445Z,60,2026-08-24T21:24:57.698654445Z,true,2026-08-24T22:01:17.981042661Z,01M0TSZEY54T11A9AMGVA6T4ZB,2026-08-24T21:24:57.698654445Z,0,2026-08-24T21:24:57.698654445Z,true,2026-08-24T22:00:24.411272864Z,selection,2026-08-24T21:24:57.698654445Z,01M0TTK16KQYT2X97TRZWMF19X,2026-08-24T21:24:57.698654445Z,1787608824425,2026-08-24T22:00:24.426491542Z,true,2026-08-24T22:00:24.349540896Z,true,2026-08-24T22:00:24.441317839Z,01M0TTK1PVB4QZ0E20ZEEJCFMT,2026-08-24T21:24:57.698654445Z
01M0TTKN57XREE9V9DPTKM0CSF,01M0TSZEX52H0PZDJFB4JNEAFW,2026-08-24T21:25:17.607223573Z,3,2026-08-24T21:25:17.607223573Z,true,2026-08-24T21:35:16.052783194Z,01M0TSZEY173D8F3KEP071GR06,2026-08-24T21:25:17.607223573Z,1,2026-08-24T21:25:17.607223573Z,true,2026-08-24T21:35:13.017102161Z,feedback,2026-08-24T21:25:17.607223573Z,01M0TTKMV77SDSB47S8N7QH2GR,2026-08-24T21:25:17.607223573Z,1787607313027,2026-08-24T21:35:13.029584627Z,true,2026-08-24T21:35:12.975907279Z,true,2026-08-24T21:35:13.0496071Z,01M0TTKN522RZE237NWHPDSPZK,2026-08-24T21:25:17.607223573Z
01M0TTKNH1ERCAZ88VJ3GJW5BG,01M0TSZEX52H0PZDJFB4JNEAFW,2026-08-24T21:25:17.985175844Z,60,2026-08-24T21:25:17.985175844Z,true,2026-08-24T21:43:20.350971544Z,01M0TSZEY173D8F3KEP071GR06,2026-08-24T21:25:17.985175844Z,0,2026-08-24T21:25:17.985175844Z,true,2026-08-24T21:43:08.962169014Z,selection,2026-08-24T21:25:17.985175844Z,01M0TTKMWWW7NWG5XBYYBZFBDZ,2026-08-24T21:25:17.985175844Z,1787607788986,2026-08-24T21:43:08.992986052Z,true,2026-08-24T21:43:08.912756009Z,true,2026-08-24T21:43:09.008350256Z,01M0TTKNGWW50RE2V55PH9A65T,2026-08-24T21:25:17.985175844Z
01M0TTEYPK9Y85FEP7T3VW09GP,01M0TSZEX52H0PZDJFB4JNEAFW,2026-08-24T21:22:43.539711749Z,60,2026-08-24T21:22:43.539711749Z,true,2026-08-24T21:44:37.563739538Z,01M0TSZEY44B7XSP574QH2WQPJ,2026-08-24T21:22:43.539711749Z,0,2026-08-24T21:22:43.539711749Z,true,2026-08-24T21:44:17.911028838Z,selection,2026-08-24T21:22:43.539711749Z,01M0TTEY4R735E1H8KBGNPQCGJ,2026-08-24T21:22:43.539711749Z,1787607857923,2026-08-24T21:44:17.925196538Z,true,2026-08-24T21:44:17.875274542Z,true,2026-08-24T21:44:17.94592747Z,01M0TTEYPEEJ5KNM3WYXM7EQWV,2026-08-24T21:22:43.539711749Z
01M0TTK1XQ94ZNH3HRFGC2ARJ6,01M0TSZEX52H0PZDJFB4JNEAFW,2026-08-24T21:24:57.912010296Z,3,2026-08-24T21:24:57.912010296Z,true,2026-08-24T22:08:43.829909619Z,01M0TSZEY54T11A9AMGVA6T4ZB,2026-08-24T21:24:57.912010296Z,1,2026-08-24T21:24:57.912010296Z,true,2026-08-24T22:08:40.787854642Z,feedback,2026-08-24T21:24:57.912010296Z,01M0TTK1993QHGATXJ96WFHF0H,2026-08-24T21:24:57.912010296Z,1787609320805,2026-08-24T22:08:40.807283103Z,true,2026-08-24T22:08:40.736804295Z,true,2026-08-24T22:08:40.831459563Z,01M0TTK1XKB0SQAFS9JJYCKPCF,2026-08-24T21:24:57.912010296Z
01M0TTKNFXB7E0BC94EG2H76EC,01M0TSZEX52H0PZDJFB4JNEAFW,2026-08-24T21:25:17.949648893Z,3,2026-08-24T21:25:17.949648893Z,true,2026-08-24T21:42:41.335130388Z,01M0TSZEY173D8F3KEP071GR06,2026-08-24T21:25:17.949648893Z,1,2026-08-24T21:25:17.949648893Z,true,2026-08-24T21:42:32.504359974Z,feedback,2026-08-24T21:25:17.949648893Z,01M0TTKMWPNRG4TD2WNAWARTKN,2026-08-24T21:25:17.949648893Z,1787607752512,2026-08-24T21:42:32.513415284Z,true,2026-08-24T21:42:32.469273214Z,true,2026-08-24T21:42:32.527382814Z,01M0TTKNFSWGY17VHRHFHZQ09X,2026-08-24T21:25:17.949648893Z
01M0TTKNGFTXMG2288E0WKHSV2,01M0TSZEX52H0PZDJFB4JNEAFW,2026-08-24T21:25:17.96716933Z,60,2026-08-24T21:25:17.96716933Z,true,2026-08-24T21:43:05.705718423Z,01M0TSZEY173D8F3KEP071GR06,2026-08-24T21:25:17.96716933Z,0,2026-08-24T21:25:17.96716933Z,true,2026-08-24T21:42:42.995222843Z,selection,2026-08-24T21:25:17.96716933Z,01M0TTKMWSRA5SKY10NAA71SN6,2026-08-24T21:25:17.96716933Z,1787607763003,2026-08-24T21:42:43.004785779Z,true,2026-08-24T21:42:42.886834385Z,true,2026-08-24T21:42:43.019125182Z,01M0TTKNGA33ZHTE5WXE981C8R,2026-08-24T21:25:17.96716933Z
01M0TTMR4AFC2R2FQNKK1P1MWE,01M0TSZV7X3D77NKMM5CDCW4Z6,2026-08-24T21:25:53.418770535Z,60,2026-08-24T21:25:53.418770535Z,true,2026-08-24T21:35:22.841972633Z,01M0TSZV8ERABP36QP2627EVMT,2026-08-24T21:25:53.418770535Z,0,2026-08-24T21:25:53.418770535Z,true,2026-08-24T21:34:51.834141875Z,selection,2026-08-24T21:25:53.418770535Z,01M0TTMQR3HQG5TX6WBJX25RHH,2026-08-24T21:25:53.418770535Z,1787607291842,2026-08-24T21:34:51.844780248Z,true,2026-08-24T21:34:51.793853202Z,true,2026-08-24T21:34:51.860073049Z,01M0TTMR468GNY2SC07DSSQYD4,2026-08-24T21:25:53.418770535Z
01M0TTMRXFG2RQJE0164EFMC5S,01M0TSZV7X3D77NKMM5CDCW4Z6,2026-08-24T21:25:54.223224524Z,3,2026-08-24T21:25:54.223224524Z,true,2026-08-24T21:53:47.177744254Z,01M0TSZV8ERABP36QP2627EVMT,2026-08-24T21:25:54.223224524Z,1,2026-08-24T21:25:54.223224524Z,true,2026-08-24T21:53:44.143277252Z,feedback,2026-08-24T21:25:54.223224524Z,01M0TTMQQSXKCJXGJSGHDBZ3QH,2026-08-24T21:25:54.223224524Z,1787608424159,2026-08-24T21:53:44.161357033Z,true,2026-08-24T21:53:44.098215238Z,true,2026-08-24T21:53:44.181472145Z,01M0TTMRXA86QRACH3MFSD798R,2026-08-24T21:25:54.223224524Z
01M0TTNRT8PRV7P6HFT6H12RQB,01M0TSZGJXR0N6DNTNARWRMFQ4,2026-08-24T21:26:26.888560468Z,3,2026-08-24T21:26:26.888560468Z,false,2026-08-24T21:26:26.888560468Z,01M0TSZGKJQW5S4GCP9150DNN9,2026-08-24T21:26:26.888560468Z,1,2026-08-24T21:26:26.888560468Z,,,feedback,2026-08-24T21:26:26.888560468Z,01M0TTNRK3ZQ2XDVD2B1Q9AZY6,2026-08-24T21:26:26.888560468Z,,,false,2026-08-24T21:26:26.888560468Z,,,01M0TTNRT1MFVXT9QBWEXKJN0R,2026-08-24T21:26:26.888560468Z
01M0TTNSQDZC8PS0GWSN7HGTJ0,01M0TSZGJXR0N6DNTNARWRMFQ4,2026-08-24T21:26:27.82134918Z,60,2026-08-24T21:26:27.82134918Z,false,2026-08-24T21:26:27.82134918Z,01M0TSZGKJQW5S4GCP9150DNN9,2026-08-24T21:26:27.82134918Z,0,2026-08-24T21:26:27.82134918Z,,,selection,2026-08-24T21:26:27.82134918Z,01M0TTNRDPKMYX6RGAX8WX6K9G,2026-08-24T21:26:27.82134918Z,,,false,2026-08-24T21:26:27.82134918Z,,,01M0TTNSQ8VT418DT486QHJACX,2026-08-24T21:26:27.82134918Z
01M0TT9M0XVC99GGZ3EF8JXSPJ,01M0TSZGJXR0N6DNTNARWRMFQ4,2026-08-24T21:19:48.765263461Z,60,2026-08-24T21:19:48.765263461Z,false,2026-08-24T21:19:48.765263461Z,01M0TSZGKE32G3R2H2EPQFBQNN,2026-08-24T21:19:48.765263461Z,0,2026-08-24T21:19:48.765263461Z,,,selection,2026-08-24T21:19:48.765263461Z,01M0TT9KJXDZ9RTR7WSS1FKRXS,2026-08-24T21:19:48.765263461Z,,,false,2026-08-24T21:19:48.765263461Z,,,01M0TT9M0F2XGJ8SRDH1VY94XH,2026-08-24T21:19:48.765263461Z
01M0TTKE17KP4B5CJF4DVA95YK,01M0TSZGJXR0N6DNTNARWRMFQ4,2026-08-24T21:25:10.311983241Z,60,2026-08-24T21:25:10.311983241Z,false,2026-08-24T21:25:10.311983241Z,01M0TSZGKM72FFW193EYG47F25,2026-08-24T21:25:10.311983241Z,0,2026-08-24T21:25:10.311983241Z,,,selection,2026-08-24T21:25:10.311983241Z,01M0TTKDE76XV6AW7004KMN31B,2026-08-24T21:25:10.311983241Z,,,false,2026-08-24T21:25:10.311983241Z,,,01M0TTKE13ATV862R4CKVEVGC4,2026-08-24T21:25:10.311983241Z
01M0TTTQT7X3JEJRN5PN1Q5VKM,01M0TSZV7X3D77NKMM5CDCW4Z6,2026-08-24T21:29:09.70339261Z,3,2026-08-24T21:29:09.70339261Z,true,2026-08-24T22:01:41.707165572Z,01M0TSZV8KEDQHAT4X33M1GG1C,2026-08-24T21:29:09.70339261Z,1,2026-08-24T21:29:09.70339261Z,true,2026-08-24T22:01:38.673587499Z,feedback,2026-08-24T21:29:09.70339261Z,01M0TTTPNYC5Y2854FT0F5SW3M,2026-08-24T21:29:09.70339261Z,1787608898687,2026-08-24T22:01:38.689243699Z,true,2026-08-24T22:01:38.62875912Z,true,2026-08-24T22:01:38.708728286Z,01M0TTTQSM45W23NVZ71Y835BR,2026-08-24T21:29:09.70339261Z
01M0TTYSDXYQ17H6HXD4P5AFVD,01M0TTMTH8JPTHXWGXYEY1VFR8,2026-08-24T21:31:22.429998907Z,60,2026-08-24T21:31:22.429998907Z,false,2026-08-24T21:31:22.429998907Z,01M0TTMWMDPGAHQRDA7BZJ8FEZ,2026-08-24T21:31:22.429998907Z,0,2026-08-24T21:31:22.429998907Z,,,selection,2026-08-24T21:31:22.429998907Z,01M0TTYPZW4YDD5MQJ3M8RGB0S,2026-08-24T21:31:22.429998907Z,,,false,2026-08-24T21:31:22.429998907Z,,,01M0TTYSDN6YT8T3D24T105MPN,2026-08-24T21:31:22.429998907Z
01M0TVKANSBXP2JSVYSTG51D5F,01M0TTMTH8JPTHXWGXYEY1VFR8,2026-08-24T21:42:35.449401601Z,3,2026-08-24T21:42:35.449401601Z,true,2026-08-24T21:53:33.940833752Z,01M0TTMWMG725DJ5GA5M4WD8SY,2026-08-24T21:42:35.449401601Z,1,2026-08-24T21:42:35.449401601Z,true,2026-08-24T21:53:30.907922969Z,feedback,2026-08-24T21:42:35.449401601Z,01M0TVK9KSN64GN8K4NSTBEPV0,2026-08-24T21:42:35.449401601Z,1787608410921,2026-08-24T21:53:30.922407923Z,true,2026-08-24T21:53:30.86439738Z,true,2026-08-24T21:53:30.936903526Z,01M0TVKANGNG590RSMYCT984NV,2026-08-24T21:42:35.449401601Z
01M0TVKBEBQ6QJ3QVJ03N8EZ0N,01M0TTMTH8JPTHXWGXYEY1VFR8,2026-08-24T21:42:36.235189789Z,3,2026-08-24T21:42:36.235189789Z,true,2026-08-24T21:59:33.889772343Z,01M0TTMWMG725DJ5GA5M4WD8SY,2026-08-24T21:42:36.235189789Z,1,2026-08-24T21:42:36.235189789Z,true,2026-08-24T21:59:30.838503982Z,feedback,2026-08-24T21:42:36.235189789Z,01M0TVK9ZWJ3B016695H3XCC6B,2026-08-24T21:42:36.235189789Z,1787608770857,2026-08-24T21:59:30.858733321Z,true,2026-08-24T21:59:30.788294075Z,true,2026-08-24T21:59:30.873678591Z,01M0TVKBE3QW6P0PH00A1E3D1A,2026-08-24T21:42:36.235189789Z
01M0TTEYAT0AAGBRK8S3W99M48,01M0TSZEX52H0PZDJFB4JNEAFW,2026-08-24T21:22:43.16256058Z,3,2026-08-24T21:22:43.16256058Z,true,2026-08-24T21:28:30.970950336Z,01M0TSZEY44B7XSP574QH2WQPJ,2026-08-24T21:22:43.16256058Z,1,2026-08-24T21:22:43.16256058Z,true,2026-08-24T21:28:27.941503728Z,feedback,2026-08-24T21:22:43.16256058Z,01M0TTEY5NCZPR995J1P3D6GA4,2026-08-24T21:22:43.16256058Z,1787606907949,2026-08-24T21:28:27.951046478Z,true,2026-08-24T21:28:27.90490263Z,true,2026-08-24T21:28:27.969952747Z,01M0TTEYAP0GKHKK6DSYSQZYA9,2026-08-24T21:22:43.16256058Z
01M0TTKNJ7YXSVPAVEJ8296XHH,01M0TSZEX52H0PZDJFB4JNEAFW,2026-08-24T21:25:18.023745879Z,60,2026-08-24T21:25:18.023745879Z,true,2026-08-24T21:44:29.864894077Z,01M0TSZEY173D8F3KEP071GR06,2026-08-24T21:25:18.023745879Z,0,2026-08-24T21:25:18.023745879Z,true,2026-08-24T21:43:39.979128536Z,selection,2026-08-24T21:25:18.023745879Z,01M0TTKMXDKZA2RWCK7K9YQTQK,2026-08-24T21:25:18.023745879Z,1787607819991,2026-08-24T21:43:39.992519247Z,true,2026-08-24T21:43:39.936814548Z,true,2026-08-24T21:43:40.003014846Z,01M0TTKNJ2W7K0CW54JPY0H8F5,2026-08-24T21:25:18.023745879Z
01M0TTEYR9D2NWD34J4PSC5PMX,01M0TSZEX52H0PZDJFB4JNEAFW,2026-08-24T21:22:43.59314394Z,60,2026-08-24T21:22:43.59314394Z,true,2026-08-24T21:45:38.908216973Z,01M0TSZEY44B7XSP574QH2WQPJ,2026-08-24T21:22:43.59314394Z,0,2026-08-24T21:22:43.59314394Z,true,2026-08-24T21:45:11.135644003Z,selection,2026-08-24T21:22:43.59314394Z,01M0TTEY4N04YRQ830FXC3MK2E,2026-08-24T21:22:43.59314394Z,1787607911145,2026-08-24T21:45:11.146518871Z,true,2026-08-24T21:45:11.095469006Z,true,2026-08-24T21:45:11.168476204Z,01M0TTEYQKX960RQMYQ55E2GT2,2026-08-24T21:22:43.59314394Z
01M0TTKNX3WTM7TK54VAD14ESW,01M0TSZEX52H0PZDJFB4JNEAFW,2026-08-24T21:25:18.371417827Z,60,2026-08-24T21:25:18.371417827Z,true,2026-08-24T21:52:01.716208359Z,01M0TSZEY173D8F3KEP071GR06,2026-08-24T21:25:18.371417827Z,0,2026-08-24T21:25:18.371417827Z,true,2026-08-24T21:51:33.993396322Z,selection,2026-08-24T21:25:18.371417827Z,01M0TTKN2Q4ZWA8KJFJ1N0FRGN,2026-08-24T21:25:18.371417827Z,1787608294004,2026-08-24T21:51:34.005778247Z,true,2026-08-24T21:51:33.954411123Z,true,2026-08-24T21:51:34.024453132Z,01M0TTKNWZ8C62JC7B4YQ71763,2026-08-24T21:25:18.371417827Z
01M0TTEYVAMXF062AEF91938CR,01M0TSZEX52H0PZDJFB4JNEAFW,2026-08-24T21:22:43.690914981Z,3,2026-08-24T21:22:43.690914981Z,true,2026-08-24T21:49:02.072006158Z,01M0TSZEY44B7XSP574QH2WQPJ,2026-08-24T21:22:43.690914981Z,1,2026-08-24T21:22:43.690914981Z,true,2026-08-24T21:48:59.025730453Z,feedback,2026-08-24T21:22:43.690914981Z,01M0TTEY4F0PVGF4J8KA9FTKY3,2026-08-24T21:22:43.690914981Z,1787608139037,2026-08-24T21:48:59.038529132Z,true,2026-08-24T21:48:58.988298723Z,true,2026-08-24T21:48:59.057316811Z,01M0TTEYV7NFNNA08T68BDJ7HQ,2026-08-24T21:22:43.690914981Z
01M0TTKNCX9ZR0PEEXPREXM848,01M0TSZEX52H0PZDJFB4JNEAFW,2026-08-24T21:25:17.853559705Z,3,2026-08-24T21:25:17.853559705Z,true,2026-08-24T21:40:36.367256134Z,01M0TSZEY173D8F3KEP071GR06,2026-08-24T21:25:17.853559705Z,1,2026-08-24T21:25:17.853559705Z,true,2026-08-24T21:40:33.332792763Z,feedback,2026-08-24T21:25:17.853559705Z,01M0TTKMV9J0KHMC7F86HQHAPF,2026-08-24T21:25:17.853559705Z,1787607633342,2026-08-24T21:40:33.343888436Z,true,2026-08-24T21:40:33.243658679Z,true,2026-08-24T21:40:33.353846148Z,01M0TTKNCR3D08XQQMBABM34FP,2026-08-24T21:25:17.853559705Z
01M0TTA63DJ50FX8RNCR5YAMKT,01M0TSZV7X3D77NKMM5CDCW4Z6,2026-08-24T21:20:07.277483099Z,60,2026-08-24T21:20:07.277483099Z,true,2026-08-24T21:43:34.846260478Z,01M0TSZV8KEDQHAT4X3FNKVS2B,2026-08-24T21:20:07.277483099Z,0,2026-08-24T21:20:07.277483099Z,true,2026-08-24T21:43:18.802251949Z,selection,2026-08-24T21:20:07.277483099Z,01M0TTA58WTW677E6JA0N198K9,2026-08-24T21:20:07.277483099Z,1787607798813,2026-08-24T21:43:18.814319011Z,true,2026-08-24T21:43:18.770329441Z,true,2026-08-24T21:43:18.827064268Z,01M0TTA636X82B8JS2V9TMECSE,2026-08-24T21:20:07.277483099Z
01M0TTYQRGKKFW4CPK82EPP272,01M0TTMTH8JPTHXWGXYEY1VFR8,2026-08-24T21:31:20.720813068Z,3,2026-08-24T21:31:20.720813068Z,true,2026-08-24T21:47:42.344262323Z,01M0TTMWMDPGAHQRDA7BZJ8FEZ,2026-08-24T21:31:20.720813068Z,1,2026-08-24T21:31:20.720813068Z,true,2026-08-24T21:47:39.305078046Z,feedback,2026-08-24T21:31:20.720813068Z,01M0TTYQ06NTJ2BRAX4W53MBV9,2026-08-24T21:31:20.720813068Z,1787608059314,2026-08-24T21:47:39.315929076Z,true,2026-08-24T21:47:39.270021056Z,true,2026-08-24T21:47:39.327248475Z,01M0TTYQR4W8X6WNNRTSRKGN7J,2026-08-24T21:31:20.720813068Z
01M0TTA67FARS0XK8HFZXV9KCE,01M0TSZV7X3D77NKMM5CDCW4Z6,2026-08-24T21:20:07.407983659Z,60,2026-08-24T21:20:07.407983659Z,true,2026-08-24T21:46:35.053925009Z,01M0TSZV8KEDQHAT4X3FNKVS2B,2026-08-24T21:20:07.407983659Z,0,2026-08-24T21:20:07.407983659Z,true,2026-08-24T21:46:08.110987263Z,selection,2026-08-24T21:20:07.407983659Z,01M0TTA582BRRBVPN2AVG5D4V2,2026-08-24T21:20:07.407983659Z,1787607968122,2026-08-24T21:46:08.12377483Z,true,2026-08-24T21:46:08.076473588Z,true,2026-08-24T21:46:08.142221619Z,01M0TTA67A1944WZX0YBY6V07D,2026-08-24T21:20:07.407983659Z
01M0TTA67GF9R7B545RABKC57K,01M0TSZV7X3D77NKMM5CDCW4Z6,2026-08-24T21:20:07.408883354Z,3,2026-08-24T21:20:07.408883354Z,true,2026-08-24T21:46:38.183388698Z,01M0TSZV8KEDQHAT4X3FNKVS2B,2026-08-24T21:20:07.408883354Z,1,2026-08-24T21:20:07.408883354Z,true,2026-08-24T21:46:35.12390776Z,feedback,2026-08-24T21:20:07.408883354Z,01M0TTA582BRRBVPN2AVG5D4V2,2026-08-24T21:20:07.408883354Z,1787607995137,2026-08-24T21:46:35.14880522Z,true,2026-08-24T21:46:35.081596976Z,true,2026-08-24T21:46:35.180194787Z,01M0TTA67CJG9FKKGTQAKQY6CF,2026-08-24T21:20:07.408883354Z
01M0TTMR51E72M1GEXQ88SM4V8,01M0TSZV7X3D77NKMM5CDCW4Z6,2026-08-24T21:25:53.441159084Z,60,2026-08-24T21:25:53.441159084Z,true,2026-08-24T21:36:26.153661097Z,01M0TSZV8ERABP36QP2627EVMT,2026-08-24T21:25:53.441159084Z,0,2026-08-24T21:25:53.441159084Z,true,2026-08-24T21:35:26.112026415Z,selection,2026-08-24T21:25:53.441159084Z,01M0TTMQR7WT8RVVVAVBNPBP5B,2026-08-24T21:25:53.441159084Z,1787607326120,2026-08-24T21:35:26.121798969Z,true,2026-08-24T21:35:26.080916867Z,true,2026-08-24T21:35:26.13856263Z,01M0TTMR4W5JRDAX6VE0GF91GB,2026-08-24T21:25:53.441159084Z
01M0TTMR8XJV23Y7HB4PGYG07D,01M0TSZV7X3D77NKMM5CDCW4Z6,2026-08-24T21:25:53.565090617Z,60,2026-08-24T21:25:53.565090617Z,true,2026-08-24T21:39:31.26333528Z,01M0TSZV8ERABP36QP2627EVMT,2026-08-24T21:25:53.565090617Z,0,2026-08-24T21:25:53.565090617Z,true,2026-08-24T21:39:14.275347227Z,selection,2026-08-24T21:25:53.565090617Z,01M0TTMQSMKA0RRFMK38QGYSS7,2026-08-24T21:25:53.565090617Z,1787607554288,2026-08-24T21:39:14.290182655Z,true,2026-08-24T21:39:14.204381629Z,true,2026-08-24T21:39:14.305549513Z,01M0TTMR8RQ5VFD0PZPJ95ADA6,2026-08-24T21:25:53.565090617Z
01M0TT9KRWM6D0ZRDPJZ151EA2,01M0TSZGJXR0N6DNTNARWRMFQ4,2026-08-24T21:19:48.509014791Z,3,2026-08-24T21:19:48.509014791Z,false,2026-08-24T21:19:48.509014791Z,01M0TSZGKE32G3R2H2EPQFBQNN,2026-08-24T21:19:48.509014791Z,1,2026-08-24T21:19:48.509014791Z,,,feedback,2026-08-24T21:19:48.509014791Z,01M0TT9KHRMC2D3TMA8HK0NRVB,2026-08-24T21:19:48.509014791Z,,,false,2026-08-24T21:19:48.509014791Z,,,01M0TT9KRR0NFGKFS0C74B5SJ5,2026-08-24T21:19:48.509014791Z
01M0TTA5GMDWTYJGJ3BSH4AX0S,01M0TSZV7X3D77NKMM5CDCW4Z6,2026-08-24T21:20:06.67662096Z,60,2026-08-24T21:20:06.67662096Z,true,2026-08-24T21:24:09.176563098Z,01M0TSZV8KEDQHAT4X3FNKVS2B,2026-08-24T21:20:06.67662096Z,0,2026-08-24T21:20:06.67662096Z,true,2026-08-24T21:23:30.735496325Z,selection,2026-08-24T21:20:06.67662096Z,01M0TTA5796WFMQCP8QWHHCX3F,2026-08-24T21:20:06.67662096Z,1787606610738,2026-08-24T21:23:30.740354668Z,true,2026-08-24T21:23:30.717103488Z,true,2026-08-24T21:23:30.748949868Z,01M0TTA5GDWJQ3GSW86J7XT4XX,2026-08-24T21:20:06.67662096Z
01M0TTKNRWAD655ZY4TT54A9S8,01M0TSZEX52H0PZDJFB4JNEAFW,2026-08-24T21:25:18.236969795Z,60,2026-08-24T21:25:18.236969795Z,true,2026-08-24T21:49:22.185523788Z,01M0TSZEY173D8F3KEP071GR06,2026-08-24T21:25:18.236969795Z,0,2026-08-24T21:25:18.236969795Z,true,2026-08-24T21:48:22.15578709Z,selection,2026-08-24T21:25:18.236969795Z,01M0TTKN1AESZD141F0C3NDB62,2026-08-24T21:25:18.236969795Z,1787608102164,2026-08-24T21:48:22.165512184Z,true,2026-08-24T21:48:22.115019274Z,true,2026-08-24T21:48:22.182543044Z,01M0TTKNRRDFBQCD3NWG4TP55P,2026-08-24T21:25:18.236969795Z
01M0TTMS0CMDTHJX7ZYR9MZ2DP,01M0TSZV7X3D77NKMM5CDCW4Z6,2026-08-24T21:25:54.316632021Z,3,2026-08-24T21:25:54.316632021Z,true,2026-08-24T21:55:01.508226212Z,01M0TSZV8ERABP36QP2627EVMT,2026-08-24T21:25:54.316632021Z,1,2026-08-24T21:25:54.316632021Z,true,2026-08-24T21:54:58.474105851Z,feedback,2026-08-24T21:25:54.316632021Z,01M0TTMQQYKF38FQ514C3D9KW9,2026-08-24T21:25:54.316632021Z,1787608498489,2026-08-24T21:54:58.490429719Z,true,2026-08-24T21:54:58.435150684Z,true,2026-08-24T21:54:58.510303014Z,01M0TTMS07QSGS0HZ4DNBEFBTC,2026-08-24T21:25:54.316632021Z
01M0TVKAVFM9TG2NGY0QJFMR54,01M0TTMTH8JPTHXWGXYEY1VFR8,2026-08-24T21:42:35.631318506Z,60,2026-08-24T21:42:35.631318506Z,true,2026-08-24T21:55:03.492083639Z,01M0TTMWMG725DJ5GA5M4WD8SY,2026-08-24T21:42:35.631318506Z,0,2026-08-24T21:42:35.631318506Z,true,2026-08-24T21:54:51.516073612Z,selection,2026-08-24T21:42:35.631318506Z,01M0TVK9NNQZZE8RDB14FJCEFQ,2026-08-24T21:42:35.631318506Z,1787608491531,2026-08-24T21:54:51.533072777Z,true,2026-08-24T21:54:51.468370864Z,true,2026-08-24T21:54:51.553975859Z,01M0TVKAVACH4BENJSF305N6HM,2026-08-24T21:42:35.631318506Z
01M0TTEYE8RBF6QA3F1YV6D1J1,01M0TSZEX52H0PZDJFB4JNEAFW,2026-08-24T21:22:43.272327555Z,60,2026-08-24T21:22:43.272327555Z,true,2026-08-24T21:33:22.379245465Z,01M0TSZEY44B7XSP574QH2WQPJ,2026-08-24T21:22:43.272327555Z,0,2026-08-24T21:22:43.272327555Z,true,2026-08-24T21:32:41.565314471Z,selection,2026-08-24T21:22:43.272327555Z,01M0TTEY4CT19ZWNV08N3SWGA9,2026-08-24T21:22:43.272327555Z,1787607161575,2026-08-24T21:32:41.577291684Z,true,2026-08-24T21:32:41.52880962Z,true,2026-08-24T21:32:41.597452052Z,01M0TTEYE1NCSDATPS3RTP4T4G,2026-08-24T21:22:43.272327555Z
01M0TTKN7QDG58263T2MXYRXP8,01M0TSZEX52H0PZDJFB4JNEAFW,2026-08-24T21:25:17.687680666Z,3,2026-08-24T21:25:17.687680666Z,true,2026-08-24T21:36:41.699936846Z,01M0TSZEY173D8F3KEP071GR06,2026-08-24T21:25:17.687680666Z,1,2026-08-24T21:25:17.687680666Z,true,2026-08-24T21:36:38.663662404Z,feedback,2026-08-24T21:25:17.687680666Z,01M0TTKMV5F2GPZT995M1JEDMB,2026-08-24T21:25:17.687680666Z,1787607398670,2026-08-24T21:36:38.671981401Z,true,2026-08-24T21:36:38.63970092Z,true,2026-08-24T21:36:38.688310557Z,01M0TTKN7K8C8JZZNSF84VZDQD,2026-08-24T21:25:17.687680666Z
01M0TTKDQ7WD7GKK0FNF48QE09,01M0TSZGJXR0N6DNTNARWRMFQ4,2026-08-24T21:25:09.991483775Z,3,2026-08-24T21:25:09.991483775Z,false,2026-08-24T21:25:09.991483775Z,01M0TSZGKM72FFW193EYG47F25,2026-08-24T21:25:09.991483775Z,1,2026-08-24T21:25:09.991483775Z,,,feedback,2026-08-24T21:25:09.991483775Z,01M0TTKD9M2VH6H4X4M25ET4C8,2026-08-24T21:25:09.991483775Z,,,false,2026-08-24T21:25:09.991483775Z,,,01M0TTKDQ2HFZBQR0GN1ZK69ZZ,2026-08-24T21:25:09.991483775Z
01M0TTKDYG5M9WJBW1TGE9G76V,01M0TSZGJXR0N6DNTNARWRMFQ4,2026-08-24T21:25:10.224852606Z,60,2026-08-24T21:25:10.224852606Z,false,2026-08-24T21:25:10.224852606Z,01M0TSZGKM72FFW193EYG47F25,2026-08-24T21:25:10.224852606Z,0,2026-08-24T21:25:10.224852606Z,,,selection,2026-08-24T21:25:10.224852606Z,01M0TTKDDH98432XR7R5JJ0DAT,2026-08-24T21:25:10.224852606Z,,,false,2026-08-24T21:25:10.224852606Z,,,01M0TTKDYCBFMAAW96J4AA3MVV,2026-08-24T21:25:10.224852606Z
01M0TTMRVZT2KWV56TF7KKN0ZB,01M0TSZV7X3D77NKMM5CDCW4Z6,2026-08-24T21:25:54.175667498Z,3,2026-08-24T21:25:54.175667498Z,true,2026-08-24T21:52:40.792369813Z,01M0TSZV8ERABP36QP2627EVMT,2026-08-24T21:25:54.175667498Z,1,2026-08-24T21:25:54.175667498Z,true,2026-08-24T21:52:37.7590613Z,feedback,2026-08-24T21:25:54.175667498Z,01M0TTMQQES8QVRTC1RZTBNDKD,2026-08-24T21:25:54.175667498Z,1787608357771,2026-08-24T21:52:37.773114469Z,true,2026-08-24T21:52:37.722423157Z,true,2026-08-24T21:52:37.796507744Z,01M0TTMRVVVRXJ18175QQ8B2TJ,2026-08-24T21:25:54.175667498Z
01M0TTNS216V2745N8VVKG3WDD,01M0TSZGJXR0N6DNTNARWRMFQ4,2026-08-24T21:26:27.137317545Z,60,2026-08-24T21:26:27.137317545Z,false,2026-08-24T21:26:27.137317545Z,01M0TSZGKJQW5S4GCP9150DNN9,2026-08-24T21:26:27.137317545Z,0,2026-08-24T21:26:27.137317545Z,,,selection,2026-08-24T21:26:27.137317545Z,01M0TTNRGWRJYHFP3AMHFJ3C8Y,2026-08-24T21:26:27.137317545Z,,,false,2026-08-24T21:26:27.137317545Z,,,01M0TTNS1WQ8GC3NBTXA0VYYEB,2026-08-24T21:26:27.137317545Z
01M0TTYRWGKH9N7FWZHVXRMSVR,01M0TTMTH8JPTHXWGXYEY1VFR8,2026-08-24T21:31:21.872391469Z,3,2026-08-24T21:31:21.872391469Z,false,2026-08-24T21:31:21.872391469Z,01M0TTMWMDPGAHQRDA7BZJ8FEZ,2026-08-24T21:31:21.872391469Z,1,2026-08-24T21:31:21.872391469Z,,,feedback,2026-08-24T21:31:21.872391469Z,01M0TTYQC04FM93XYFK5FHADWD,2026-08-24T21:31:21.872391469Z,,,false,2026-08-24T21:31:21.872391469Z,,,01M0TTYRW34R6NVZCCAME7FKEV,2026-08-24T21:31:21.872391469Z
01M0TTYS91CYW1RZX5FNWEW3N8,01M0TTMTH8JPTHXWGXYEY1VFR8,2026-08-24T21:31:22.273491887Z,60,2026-08-24T21:31:22.273491887Z,false,2026-08-24T21:31:22.273491887Z,01M0TTMWMDPGAHQRDA7BZJ8FEZ,2026-08-24T21:31:22.273491887Z,0,2026-08-24T21:31:22.273491887Z,,,selection,2026-08-24T21:31:22.273491887Z,01M0TTYQ5MXBSJWTFVCVMSKW43,2026-08-24T21:31:22.273491887Z,,,false,2026-08-24T21:31:22.273491887Z,,,01M0TTYS8S6BH50Y9RREXNBGJD,2026-08-24T21:31:22.273491887Z
01M0TTA5ZTSN06Q3KHGT2SGG8R,01M0TSZV7X3D77NKMM5CDCW4Z6,2026-08-24T21:20:07.162689406Z,60,2026-08-24T21:20:07.162689406Z,true,2026-08-24T21:41:03.606303046Z,01M0TSZV8KEDQHAT4X3FNKVS2B,2026-08-24T21:20:07.162689406Z,0,2026-08-24T21:20:07.162689406Z,true,2026-08-24T21:40:41.41431137Z,selection,2026-08-24T21:20:07.162689406Z,01M0TTA599EAT404370QMBDTVA,2026-08-24T21:20:07.162689406Z,1787607641421,2026-08-24T21:40:41.422694261Z,true,2026-08-24T21:40:41.384167446Z,true,2026-08-24T21:40:41.430884151Z,01M0TTA5ZN1MFAF9C5NR6DTW7K,2026-08-24T21:20:07.162689406Z
01M0TTK1M1QV3W5HST1831BH5F,01M0TSZEX52H0PZDJFB4JNEAFW,2026-08-24T21:24:57.601368665Z,3,2026-08-24T21:24:57.601368665Z,true,2026-08-24T21:58:12.240480958Z,01M0TSZEY54T11A9AMGVA6T4ZB,2026-08-24T21:24:57.601368665Z,1,2026-08-24T21:24:57.601368665Z,true,2026-08-24T21:58:09.19740218Z,feedback,2026-08-24T21:24:57.601368665Z,01M0TTK13YS192MBN783R85EAM,2026-08-24T21:24:57.601368665Z,1787608689214,2026-08-24T21:58:09.216117184Z,true,2026-08-24T21:58:09.149314057Z,true,2026-08-24T21:58:09.23630516Z,01M0TTK1KW7S5SDGNA5XHXN7HP,2026-08-24T21:24:57.601368665Z
01M0TV7MAQPWQVDHKYQVEM9KJP,01M0TTMTH8JPTHXWGXYEY1VFR8,2026-08-24T21:36:12.119682216Z,60,2026-08-24T21:36:12.119682216Z,true,2026-08-24T22:02:28.168116121Z,01M0TTMWM9GSP2NP0T4CET96EB,2026-08-24T21:36:12.119682216Z,0,2026-08-24T21:36:12.119682216Z,true,2026-08-24T22:02:16.923765309Z,selection,2026-08-24T21:36:12.119682216Z,01M0TV7JW1WFYP9M7JT4159R8G,2026-08-24T21:36:12.119682216Z,1787608936940,2026-08-24T22:02:16.941551546Z,true,2026-08-24T22:02:16.865646332Z,true,2026-08-24T22:02:16.966951643Z,01M0TV7MAJ4TYJ0ZKR477G9VBX,2026-08-24T21:36:12.119682216Z
01M0TTKNZMVCKH4Y07NXDQPQZR,01M0TSZEX52H0PZDJFB4JNEAFW,2026-08-24T21:25:18.452967372Z,3,2026-08-24T21:25:18.452967372Z,true,2026-08-24T21:53:48.800243373Z,01M0TSZEY173D8F3KEP071GR06,2026-08-24T21:25:18.452967372Z,1,2026-08-24T21:25:18.452967372Z,true,2026-08-24T21:53:45.766309548Z,feedback,2026-08-24T21:25:18.452967372Z,01M0TTKN3TTM05YTK7HXQVQD3J,2026-08-24T21:25:18.452967372Z,1787608425783,2026-08-24T21:53:45.784656568Z,true,2026-08-24T21:53:45.724061568Z,true,2026-08-24T21:53:45.802081956Z,01M0TTKNZG7Q1AAG352BCJCZMC,2026-08-24T21:25:18.452967372Z
01M0TV7KJWTANBEH7A8XQ8AEWC,01M0TTMTH8JPTHXWGXYEY1VFR8,2026-08-24T21:36:11.356840729Z,3,2026-08-24T21:36:11.356840729Z,true,2026-08-24T21:53:31.688791117Z,01M0TTMWM9GSP2NP0T4CET96EB,2026-08-24T21:36:11.356840729Z,1,2026-08-24T21:36:11.356840729Z,true,2026-08-24T21:53:28.658004614Z,feedback,2026-08-24T21:36:11.356840729Z,01M0TV7K1SBQ74A0QB45R2FX5M,2026-08-24T21:36:11.356840729Z,1787608408669,2026-08-24T21:53:28.671172386Z,true,2026-08-24T21:53:28.624287522Z,true,2026-08-24T21:53:28.685317101Z,01M0TV7KJMNTPRTFEA9C29WJSC,2026-08-24T21:36:11.356840729Z
01M0TTK1KKW44PGP9GQVQ7Z64H,01M0TSZEX52H0PZDJFB4JNEAFW,2026-08-24T21:24:57.587287373Z,3,2026-08-24T21:24:57.587287373Z,true,2026-08-24T21:57:47.274136895Z,01M0TSZEY54T11A9AMGVA6T4ZB,2026-08-24T21:24:57.587287373Z,1,2026-08-24T21:24:57.587287373Z,true,2026-08-24T21:57:44.240151134Z,feedback,2026-08-24T21:24:57.587287373Z,01M0TTK11Y5EHZFNSN7BDAGN6W,2026-08-24T21:24:57.587287373Z,1787608664254,2026-08-24T21:57:44.255725768Z,true,2026-08-24T21:57:44.194006888Z,true,2026-08-24T21:57:44.275274737Z,01M0TTK1KG73P04VZC50MTV4JW,2026-08-24T21:24:57.587287373Z
01M0TTKNB6MY2BWD2KVXZ2JY4K,01M0TSZEX52H0PZDJFB4JNEAFW,2026-08-24T21:25:17.798975928Z,60,2026-08-24T21:25:17.798975928Z,true,2026-08-24T21:38:59.062059751Z,01M0TSZEY173D8F3KEP071GR06,2026-08-24T21:25:17.798975928Z,0,2026-08-24T21:25:17.798975928Z,true,2026-08-24T21:38:46.628400744Z,selection,2026-08-24T21:25:17.798975928Z,01M0TTKMTRGTB0YY2BEY7258GK,2026-08-24T21:25:17.798975928Z,1787607526641,2026-08-24T21:38:46.642579371Z,true,2026-08-24T21:38:46.51268798Z,true,2026-08-24T21:38:46.653041716Z,01M0TTKNB2TDSVXBQFGST8Y2XW,2026-08-24T21:25:17.798975928Z
01M0TTEYX8TPS4ZTZ4CKHTDFCQ,01M0TSZEX52H0PZDJFB4JNEAFW,2026-08-24T21:22:43.752727524Z,60,2026-08-24T21:22:43.752727524Z,true,2026-08-24T21:51:56.577286949Z,01M0TSZEY44B7XSP574QH2WQPJ,2026-08-24T21:22:43.752727524Z,0,2026-08-24T21:22:43.752727524Z,true,2026-08-24T21:51:27.393043724Z,selection,2026-08-24T21:22:43.752727524Z,01M0TTEY3H2W5H3HD78RHDPKND,2026-08-24T21:22:43.752727524Z,1787608287409,2026-08-24T21:51:27.410979656Z,true,2026-08-24T21:51:27.359657959Z,true,2026-08-24T21:51:27.428727381Z,01M0TTEYX4EXA2MED6AZ8GTJJ5,2026-08-24T21:22:43.752727524Z
01M0TTKE6KJTER9EHJ0D5R76YP,01M0TSZGJXR0N6DNTNARWRMFQ4,2026-08-24T21:25:10.483941514Z,60,2026-08-24T21:25:10.483941514Z,false,2026-08-24T21:25:10.483941514Z,01M0TSZGKM72FFW193EYG47F25,2026-08-24T21:25:10.483941514Z,0,2026-08-24T21:25:10.483941514Z,,,selection,2026-08-24T21:25:10.483941514Z,01M0TTKDEYB03WKG54SG66MXRY,2026-08-24T21:25:10.483941514Z,,,false,2026-08-24T21:25:10.483941514Z,,,01M0TTKE6FX3KTPP7BESV64R5R,2026-08-24T21:25:10.483941514Z
01M0TT9M6GSS9N3QB5TPHHGNV5,01M0TSZGJXR0N6DNTNARWRMFQ4,2026-08-24T21:19:48.944479626Z,60,2026-08-24T21:19:48.944479626Z,false,2026-08-24T21:19:48.944479626Z,01M0TSZGKE32G3R2H2EPQFBQNN,2026-08-24T21:19:48.944479626Z,0,2026-08-24T21:19:48.944479626Z,,,selection,2026-08-24T21:19:48.944479626Z,01M0TT9KKB37T5D4HT8PDQE6NF,2026-08-24T21:19:48.944479626Z,,,false,2026-08-24T21:19:48.944479626Z,,,01M0TT9M6A1FRWGPXMDK6NG8BN,2026-08-24T21:19:48.944479626Z
01M0TTEYEP76X4JFTNC5T1GF31,01M0TSZEX52H0PZDJFB4JNEAFW,2026-08-24T21:22:43.286408182Z,3,2026-08-24T21:22:43.286408182Z,true,2026-08-24T21:34:07.816122692Z,01M0TSZEY44B7XSP574QH2WQPJ,2026-08-24T21:22:43.286408182Z,1,2026-08-24T21:22:43.286408182Z,true,2026-08-24T21:34:04.785718314Z,feedback,2026-08-24T21:22:43.286408182Z,01M0TTEY4MMS5E1JT7FRV7HKEP,2026-08-24T21:22:43.286408182Z,1787607244794,2026-08-24T21:34:04.796145212Z,true,2026-08-24T21:34:04.752767724Z,true,2026-08-24T21:34:04.818201491Z,01M0TTEYEKER23D0T664XPP85R,2026-08-24T21:22:43.286408182Z
01M0TTK22JVPS716Q82TK6570H,01M0TSZEX52H0PZDJFB4JNEAFW,2026-08-24T21:24:58.066469545Z,3,2026-08-24T21:24:58.066469545Z,true,2026-08-24T22:13:04.563951959Z,01M0TSZEY54T11A9AMGVA6T4ZB,2026-08-24T21:24:58.066469545Z,1,2026-08-24T21:24:58.066469545Z,true,2026-08-24T22:13:01.496309373Z,feedback,2026-08-24T21:24:58.066469545Z,01M0TTK1956TXJDDKP0BJPEB7P,2026-08-24T21:24:58.066469545Z,1787609581513,2026-08-24T22:13:01.5153399Z,true,2026-08-24T22:13:01.442906428Z,true,2026-08-24T22:13:01.540801449Z,01M0TTK22EBNZ0YNAPG5G4QVRS,2026-08-24T21:24:58.066469545Z
01M0TTEYK973KFFM6M8ZP6G2QX,01M0TSZEX52H0PZDJFB4JNEAFW,2026-08-24T21:22:43.433879094Z,60,2026-08-24T21:22:43.433879094Z,true,2026-08-24T21:40:37.260905839Z,01M0TSZEY44B7XSP574QH2WQPJ,2026-08-24T21:22:43.433879094Z,0,2026-08-24T21:22:43.433879094Z,true,2026-08-24T21:39:37.226472293Z,selection,2026-08-24T21:22:43.433879094Z,01M0TTEY5GZ9X3DBNPQ8EN9VCZ,2026-08-24T21:22:43.433879094Z,1787607577234,2026-08-24T21:39:37.236732982Z,true,2026-08-24T21:39:37.193282279Z,true,2026-08-24T21:39:37.257734053Z,01M0TTEYK4NJ9XPCMCF7NCTG8J,2026-08-24T21:22:43.433879094Z
01M0TTA60B4NVGVA7HFM860KN5,01M0TSZV7X3D77NKMM5CDCW4Z6,2026-08-24T21:20:07.179300383Z,60,2026-08-24T21:20:07.179300383Z,true,2026-08-24T21:41:21.603547247Z,01M0TSZV8KEDQHAT4X3FNKVS2B,2026-08-24T21:20:07.179300383Z,0,2026-08-24T21:20:07.179300383Z,true,2026-08-24T21:41:06.827331642Z,selection,2026-08-24T21:20:07.179300383Z,01M0TTA5BYD24MYRGRNJQNK40N,2026-08-24T21:20:07.179300383Z,1787607666836,2026-08-24T21:41:06.837979594Z,true,2026-08-24T21:41:06.795123647Z,true,2026-08-24T21:41:06.8523596Z,01M0TTA605SW8ETJJS5YN5GG7W,2026-08-24T21:20:07.179300383Z
01M0TTEY7PAB3RFBBVEV08DJ5E,01M0TSZEX52H0PZDJFB4JNEAFW,2026-08-24T21:22:43.062563477Z,660,2026-08-24T21:22:43.062563477Z,true,2026-08-24T21:26:32.288289288Z,01M0TSZEY44B7XSP574QH2WQPJ,2026-08-24T21:22:43.062563477Z,0,2026-08-24T21:22:43.062563477Z,true,2026-08-24T21:22:46.846255735Z,describe,2026-08-24T21:22:43.062563477Z,01M0TTEY28WHD0VKMXHMM16XDA,2026-08-24T21:22:43.062563477Z,1787606566848,2026-08-24T21:22:46.850053277Z,true,2026-08-24T21:22:46.788591786Z,true,2026-08-24T21:22:46.858059206Z,01M0TTEY5XFSBD5KHXHXEPHFVS,2026-08-24T21:22:43.062563477Z
01M0TTA5FA113MYB6NXVAQXGZ5,01M0TSZV7X3D77NKMM5CDCW4Z6,2026-08-24T21:20:06.634959243Z,660,2026-08-24T21:20:06.634959243Z,true,2026-08-24T21:22:57.160562688Z,01M0TSZV8KEDQHAT4X3FNKVS2B,2026-08-24T21:20:06.634959243Z,0,2026-08-24T21:20:06.634959243Z,true,2026-08-24T21:20:10.570011814Z,describe,2026-08-24T21:20:06.634959243Z,01M0TTA5757XQVVXF9FJ98YGAT,2026-08-24T21:20:06.634959243Z,1787606410573,2026-08-24T21:20:10.574780212Z,true,2026-08-24T21:20:10.549303577Z,true,2026-08-24T21:20:10.585218505Z,01M0TTA5F7JD8TQK6RQVHSWGEV,2026-08-24T21:20:06.634959243Z
01M0TTK1ARDC4K6KQT6NXKX4G5,01M0TSZEX52H0PZDJFB4JNEAFW,2026-08-24T21:24:57.304305763Z,3,2026-08-24T21:24:57.304305763Z,true,2026-08-24T21:43:15.175082117Z,01M0TSZEY54T11A9AMGVA6T4ZB,2026-08-24T21:24:57.304305763Z,1,2026-08-24T21:24:57.304305763Z,true,2026-08-24T21:43:12.148170991Z,feedback,2026-08-24T21:24:57.304305763Z,01M0TTK10DESAY0F2DG5BPD9GH,2026-08-24T21:24:57.304305763Z,1787607792157,2026-08-24T21:43:12.158652288Z,true,2026-08-24T21:43:12.113026336Z,true,2026-08-24T21:43:12.172674099Z,01M0TTK1AM1VHRX3M1P5EMVYG5,2026-08-24T21:24:57.304305763Z
01M0TTK1F90953VFPJWWYPEE17,01M0TSZEX52H0PZDJFB4JNEAFW,2026-08-24T21:24:57.449204167Z,3,2026-08-24T21:24:57.449204167Z,true,2026-08-24T21:50:34.365363586Z,01M0TSZEY54T11A9AMGVA6T4ZB,2026-08-24T21:24:57.449204167Z,1,2026-08-24T21:24:57.449204167Z,true,2026-08-24T21:50:31.336262377Z,feedback,2026-08-24T21:24:57.449204167Z,01M0TTK112MGP9XM2TDWT3WSB8,2026-08-24T21:24:57.449204167Z,1787608231347,2026-08-24T21:50:31.348458344Z,true,2026-08-24T21:50:31.288747037Z,true,2026-08-24T21:50:31.363365655Z,01M0TTK1F4JCPMEW2ZPETZRF66,2026-08-24T21:24:57.449204167Z
01M0TTK25WEZT09P1ZCJMAD38W,01M0TSZEX52H0PZDJFB4JNEAFW,2026-08-24T21:24:58.172774162Z,3,2026-08-24T21:24:58.172774162Z,true,2026-08-24T22:14:37.772269793Z,01M0TSZEY54T11A9AMGVA6T4ZB,2026-08-24T21:24:58.172774162Z,1,2026-08-24T21:24:58.172774162Z,true,2026-08-24T22:14:34.706598275Z,feedback,2026-08-24T21:24:58.172774162Z,01M0TTK10PNVC42JJQDKQ51ZNS,2026-08-24T21:24:58.172774162Z,1787609674730,2026-08-24T22:14:34.732873337Z,true,2026-08-24T22:14:34.613855436Z,true,2026-08-24T22:14:34.772777729Z,01M0TTK25RDH6AMQWP3MQQC2KC,2026-08-24T21:24:58.172774162Z
01M0TTKN5SZPG3SZQ6CEN12KZX,01M0TSZEX52H0PZDJFB4JNEAFW,2026-08-24T21:25:17.625614402Z,3,2026-08-24T21:25:17.625614402Z,true,2026-08-24T21:35:41.248240788Z,01M0TSZEY173D8F3KEP071GR06,2026-08-24T21:25:17.625614402Z,1,2026-08-24T21:25:17.625614402Z,true,2026-08-24T21:35:38.221782621Z,feedback,2026-08-24T21:25:17.625614402Z,01M0TTKMV192DKPMV1BM3AVXYY,2026-08-24T21:25:17.625614402Z,1787607338230,2026-08-24T21:35:38.231777063Z,true,2026-08-24T21:35:38.137067623Z,true,2026-08-24T21:35:38.248757663Z,01M0TTKN5MT4WQ5F3WZKW0AXDZ,2026-08-24T21:25:17.625614402Z
01M0TTNRR7DE160Z8VKJ296DBJ,01M0TSZGJXR0N6DNTNARWRMFQ4,2026-08-24T21:26:26.823656552Z,60,2026-08-24T21:26:26.823656552Z,true,2026-08-24T22:28:10.717244499Z,01M0TSZGKJQW5S4GCP9150DNN9,2026-08-24T21:26:26.823656552Z,0,2026-08-24T21:26:26.823656552Z,true,2026-08-24T22:27:10.676935465Z,selection,2026-08-24T21:26:26.823656552Z,01M0TTNRC0052ZHZ6D8NAY45VC,2026-08-24T21:26:26.823656552Z,1787610430693,2026-08-24T22:27:10.695037926Z,true,2026-08-24T22:27:10.634119949Z,true,2026-08-24T22:27:10.712161132Z,01M0TTNRR2X5380VW7CR4EDRN9,2026-08-24T21:26:26.823656552Z
01M0TT9ME75WRSNVBP5AXVVAH2,01M0TSZGJXR0N6DNTNARWRMFQ4,2026-08-24T21:19:49.191459051Z,3,2026-08-24T21:19:49.191459051Z,false,2026-08-24T21:19:49.191459051Z,01M0TSZGKE32G3R2H2EPQFBQNN,2026-08-24T21:19:49.191459051Z,1,2026-08-24T21:19:49.191459051Z,,,feedback,2026-08-24T21:19:49.191459051Z,01M0TT9KK18BF0PG7PPS0HWQJ6,2026-08-24T21:19:49.191459051Z,,,false,2026-08-24T21:19:49.191459051Z,,,01M0TT9ME4S60RE3SBF1MJW9CN,2026-08-24T21:19:49.191459051Z
01M0TT9MK8AKT6VGCA2QY79TW9,01M0TSZGJXR0N6DNTNARWRMFQ4,2026-08-24T21:19:49.352152542Z,60,2026-08-24T21:19:49.352152542Z,false,2026-08-24T21:19:49.352152542Z,01M0TSZGKE32G3R2H2EPQFBQNN,2026-08-24T21:19:49.352152542Z,0,2026-08-24T21:19:49.352152542Z,,,selection,2026-08-24T21:19:49.352152542Z,01M0TT9KJ5QEEBHCKM27ZWDBPE,2026-08-24T21:19:49.352152542Z,,,false,2026-08-24T21:19:49.352152542Z,,,01M0TT9MK2BMZV7NHE2WPT16DR,2026-08-24T21:19:49.352152542Z
01M0TTNSJQTWDMR6713A34C7HZ,01M0TSZGJXR0N6DNTNARWRMFQ4,2026-08-24T21:26:27.671940524Z,3,2026-08-24T21:26:27.671940524Z,false,2026-08-24T21:26:27.671940524Z,01M0TSZGKJQW5S4GCP9150DNN9,2026-08-24T21:26:27.671940524Z,1,2026-08-24T21:26:27.671940524Z,,,feedback,2026-08-24T21:26:27.671940524Z,01M0TTNRC6PRAX90X87R2VXVWB,2026-08-24T21:26:27.671940524Z,,,false,2026-08-24T21:26:27.671940524Z,,,01M0TTNSJMCMZ81HKXE84MYEF9,2026-08-24T21:26:27.671940524Z
01M0TVKAK1XE7EK1JP89S9KAXG,01M0TTMTH8JPTHXWGXYEY1VFR8,2026-08-24T21:42:35.361749631Z,3,2026-08-24T21:42:35.361749631Z,true,2026-08-24T21:52:48.978831762Z,01M0TTMWMG725DJ5GA5M4WD8SY,2026-08-24T21:42:35.361749631Z,1,2026-08-24T21:42:35.361749631Z,true,2026-08-24T21:52:45.940954067Z,feedback,2026-08-24T21:42:35.361749631Z,01M0TVK9JPBB2BD0WVTYMB4EE1,2026-08-24T21:42:35.361749631Z,1787608365949,2026-08-24T21:52:45.950864861Z,true,2026-08-24T21:52:45.898320052Z,true,2026-08-24T21:52:45.963581934Z,01M0TVKAJRKV1ZJJ6BMC1BJT53,2026-08-24T21:42:35.361749631Z
01M0TTTPZ5GFJZNEZQSHA2CDQV,01M0TSZV7X3D77NKMM5CDCW4Z6,2026-08-24T21:29:08.837080454Z,3,2026-08-24T21:29:08.837080454Z,true,2026-08-24T21:43:22.299832289Z,01M0TSZV8KEDQHAT4X33M1GG1C,2026-08-24T21:29:08.837080454Z,1,2026-08-24T21:29:08.837080454Z,true,2026-08-24T21:43:19.260030089Z,feedback,2026-08-24T21:29:08.837080454Z,01M0TTTPFT16T9WEVSRXNCR931,2026-08-24T21:29:08.837080454Z,1787607799272,2026-08-24T21:43:19.273560285Z,true,2026-08-24T21:43:19.224045219Z,true,2026-08-24T21:43:19.286456507Z,01M0TTTPYVGXJHJ220HK1T6JNV,2026-08-24T21:29:08.837080454Z
01M0TTYRM4T49P6SFP724XVWXQ,01M0TTMTH8JPTHXWGXYEY1VFR8,2026-08-24T21:31:21.604979323Z,60,2026-08-24T21:31:21.604979323Z,false,2026-08-24T21:31:21.604979323Z,01M0TTMWMDPGAHQRDA7BZJ8FEZ,2026-08-24T21:31:21.604979323Z,0,2026-08-24T21:31:21.604979323Z,,,selection,2026-08-24T21:31:21.604979323Z,01M0TTYQG3P7C1E9BXX9CG051S,2026-08-24T21:31:21.604979323Z,,,false,2026-08-24T21:31:21.604979323Z,,,01M0TTYRKRE7C3BHWHRJ2PQP5W,2026-08-24T21:31:21.604979323Z
01M0TTEYV9KYAV1AB9HT5MH98B,01M0TSZEX52H0PZDJFB4JNEAFW,2026-08-24T21:22:43.689881921Z,60,2026-08-24T21:22:43.689881921Z,true,2026-08-24T21:48:58.950731988Z,01M0TSZEY44B7XSP574QH2WQPJ,2026-08-24T21:22:43.689881921Z,0,2026-08-24T21:22:43.689881921Z,true,2026-08-24T21:48:28.342498649Z,selection,2026-08-24T21:22:43.689881921Z,01M0TTEY4F0PVGF4J8KA9FTKY3,2026-08-24T21:22:43.689881921Z,1787608108351,2026-08-24T21:48:28.353009992Z,true,2026-08-24T21:48:28.310462855Z,true,2026-08-24T21:48:28.37226045Z,01M0TTEYV5S1DWY21WJ3N4BRVQ,2026-08-24T21:22:43.689881921Z
01M0TTNSPR6KSZYDF0VXVM3D0Y,01M0TSZGJXR0N6DNTNARWRMFQ4,2026-08-24T21:26:27.800829402Z,60,2026-08-24T21:26:27.800829402Z,false,2026-08-24T21:26:27.800829402Z,01M0TSZGKJQW5S4GCP9150DNN9,2026-08-24T21:26:27.800829402Z,0,2026-08-24T21:26:27.800829402Z,,,selection,2026-08-24T21:26:27.800829402Z,01M0TTNRE0BS0GM61MEGDJ9H2C,2026-08-24T21:26:27.800829402Z,,,false,2026-08-24T21:26:27.800829402Z,,,01M0TTNSPKSJT9BA7Y81CPZ94F,2026-08-24T21:26:27.800829402Z
01M0TTTQX9K9DH2QR6WC3M9VYV,01M0TSZV7X3D77NKMM5CDCW4Z6,2026-08-24T21:29:09.801837851Z,60,2026-08-24T21:29:09.801837851Z,true,2026-08-24T22:03:51.976135047Z,01M0TSZV8KEDQHAT4X33M1GG1C,2026-08-24T21:29:09.801837851Z,0,2026-08-24T21:29:09.801837851Z,true,2026-08-24T22:03:24.07270263Z,selection,2026-08-24T21:29:09.801837851Z,01M0TTTPS7K0H2SN8HCS08WX4F,2026-08-24T21:29:09.801837851Z,1787609004084,2026-08-24T22:03:24.086303637Z,true,2026-08-24T22:03:24.029065534Z,true,2026-08-24T22:03:24.156424668Z,01M0TTTQX19ER9QY0QSTAAVCGD,2026-08-24T21:29:09.801837851Z
01M0TTTRHE3693HRKJYXSZ02J7,01M0TSZV7X3D77NKMM5CDCW4Z6,2026-08-24T21:29:10.446711138Z,60,2026-08-24T21:29:10.446711138Z,true,2026-08-24T22:12:47.339645024Z,01M0TSZV8KEDQHAT4X33M1GG1C,2026-08-24T21:29:10.446711138Z,0,2026-08-24T21:29:10.446711138Z,true,2026-08-24T22:12:20.883138489Z,selection,2026-08-24T21:29:10.446711138Z,01M0TTTPGF52Q5AKEG7QSP2T2X,2026-08-24T21:29:10.446711138Z,1787609540899,2026-08-24T22:12:20.900538863Z,true,2026-08-24T22:12:20.829297517Z,true,2026-08-24T22:12:20.921217503Z,01M0TTTRH7HRV6NTPVA6GYT4HY,2026-08-24T21:29:10.446711138Z
01M0TTK21KNE4KJB28J7QZMCAF,01M0TSZEX52H0PZDJFB4JNEAFW,2026-08-24T21:24:58.03533867Z,3,2026-08-24T21:24:58.03533867Z,true,2026-08-24T22:11:57.041791217Z,01M0TSZEY54T11A9AMGVA6T4ZB,2026-08-24T21:24:58.03533867Z,1,2026-08-24T21:24:58.03533867Z,true,2026-08-24T22:11:53.987185272Z,feedback,2026-08-24T21:24:58.03533867Z,01M0TTK1719AC9SEZEMCP580NP,2026-08-24T21:24:58.03533867Z,1787609514005,2026-08-24T22:11:54.006610836Z,true,2026-08-24T22:11:53.932499796Z,true,2026-08-24T22:11:54.028602954Z,01M0TTK21EQ6YBV6XHP685V487,2026-08-24T21:24:58.03533867Z
01M0TTKP1GZ9H20KZ22JVPMZMM,01M0TSZEX52H0PZDJFB4JNEAFW,2026-08-24T21:25:18.5127268Z,60,2026-08-24T21:25:18.5127268Z,true,2026-08-24T21:55:02.111626388Z,01M0TSZEY173D8F3KEP071GR06,2026-08-24T21:25:18.5127268Z,0,2026-08-24T21:25:18.5127268Z,true,2026-08-24T21:54:23.606203657Z,selection,2026-08-24T21:25:18.5127268Z,01M0TTKMTKT89C51PEHZGSBVY7,2026-08-24T21:25:18.5127268Z,1787608463624,2026-08-24T21:54:23.626460666Z,true,2026-08-24T21:54:23.533449148Z,true,2026-08-24T21:54:23.645936497Z,01M0TTKP1CZ4TC3R5JCFJ41ATE,2026-08-24T21:25:18.5127268Z
01M0TTK1DAMS8B6HSX1SDN24YV,01M0TSZEX52H0PZDJFB4JNEAFW,2026-08-24T21:24:57.386782206Z,3,2026-08-24T21:24:57.386782206Z,true,2026-08-24T21:47:33.178132941Z,01M0TSZEY54T11A9AMGVA6T4ZB,2026-08-24T21:24:57.386782206Z,1,2026-08-24T21:24:57.386782206Z,true,2026-08-24T21:47:30.153907139Z,feedback,2026-08-24T21:24:57.386782206Z,01M0TTK10QQ6H2NYEEFZ8V0EVP,2026-08-24T21:24:57.386782206Z,1787608050163,2026-08-24T21:47:30.165005951Z,true,2026-08-24T21:47:30.11766442Z,true,2026-08-24T21:47:30.17647887Z,01M0TTK1D7T8BQ129XHYBCGBYS,2026-08-24T21:24:57.386782206Z
01M0TTYQXK9BNV8Z6W5KGRYZP0,01M0TTMTH8JPTHXWGXYEY1VFR8,2026-08-24T21:31:20.88367694Z,3,2026-08-24T21:31:20.88367694Z,true,2026-08-24T21:51:12.475709746Z,01M0TTMWMDPGAHQRDA7BZJ8FEZ,2026-08-24T21:31:20.88367694Z,1,2026-08-24T21:31:20.88367694Z,true,2026-08-24T21:51:09.423133771Z,feedback,2026-08-24T21:31:20.88367694Z,01M0TTYQ1W7HVZR7A6DYEWETA2,2026-08-24T21:31:20.88367694Z,1787608269436,2026-08-24T21:51:09.437875762Z,true,2026-08-24T21:51:09.379059072Z,true,2026-08-24T21:51:09.452658049Z,01M0TTYQX5DNA9RSS8HWM9S2Z5,2026-08-24T21:31:20.88367694Z
01M0TTEYKS38BJM6S8XZ0TGWFD,01M0TSZEX52H0PZDJFB4JNEAFW,2026-08-24T21:22:43.449716767Z,60,2026-08-24T21:22:43.449716767Z,true,2026-08-24T21:41:12.985263416Z,01M0TSZEY44B7XSP574QH2WQPJ,2026-08-24T21:22:43.449716767Z,0,2026-08-24T21:22:43.449716767Z,true,2026-08-24T21:40:40.503423003Z,selection,2026-08-24T21:22:43.449716767Z,01M0TTEY3WMK01E9KZKT9AQ57Y,2026-08-24T21:22:43.449716767Z,1787607640512,2026-08-24T21:40:40.513282549Z,true,2026-08-24T21:40:40.475459752Z,true,2026-08-24T21:40:40.5312184Z,01M0TTEYKNCKDKN5RXFJ99SSZS,2026-08-24T21:22:43.449716767Z
01M0TTEYMQET2V8ANWG04S7H6R,01M0TSZEX52H0PZDJFB4JNEAFW,2026-08-24T21:22:43.479164803Z,3,2026-08-24T21:22:43.479164803Z,true,2026-08-24T21:42:57.8695247Z,01M0TSZEY44B7XSP574QH2WQPJ,2026-08-24T21:22:43.479164803Z,1,2026-08-24T21:22:43.479164803Z,true,2026-08-24T21:42:54.844357003Z,feedback,2026-08-24T21:22:43.479164803Z,01M0TTEY5FAFEW0CN0HP8K7CAR,2026-08-24T21:22:43.479164803Z,1787607774853,2026-08-24T21:42:54.854957365Z,true,2026-08-24T21:42:54.814028839Z,true,2026-08-24T21:42:54.872391661Z,01M0TTEYMKYJQ2H1KQA04331PS,2026-08-24T21:22:43.479164803Z
01M0TTA67ZH32YB1S1ZY9TSXJS,01M0TSZV7X3D77NKMM5CDCW4Z6,2026-08-24T21:20:07.423285738Z,60,2026-08-24T21:20:07.423285738Z,true,2026-08-24T21:47:08.04839159Z,01M0TSZV8KEDQHAT4X3FNKVS2B,2026-08-24T21:20:07.423285738Z,0,2026-08-24T21:20:07.423285738Z,true,2026-08-24T21:46:38.351729339Z,selection,2026-08-24T21:20:07.423285738Z,01M0TTA581ZCYX8KCJBG1MQX0S,2026-08-24T21:20:07.423285738Z,1787607998360,2026-08-24T21:46:38.36220067Z,true,2026-08-24T21:46:38.308036769Z,true,2026-08-24T21:46:38.376420993Z,01M0TTA67SVQJ79PS6H28RZGWN,2026-08-24T21:20:07.423285738Z
01M0TTNS4H85H62D58STVSSS8Z,01M0TSZGJXR0N6DNTNARWRMFQ4,2026-08-24T21:26:27.217848466Z,60,2026-08-24T21:26:27.217848466Z,false,2026-08-24T21:26:27.217848466Z,01M0TSZGKJQW5S4GCP9150DNN9,2026-08-24T21:26:27.217848466Z,0,2026-08-24T21:26:27.217848466Z,,,selection,2026-08-24T21:26:27.217848466Z,01M0TTNRF4D16FXTAAMR7XQNAJ,2026-08-24T21:26:27.217848466Z,,,false,2026-08-24T21:26:27.217848466Z,,,01M0TTNS4BRV2RA01DNFJBKYMP,2026-08-24T21:26:27.217848466Z
01M0TTK1DQX9WT9ZFABD0CF2PT,01M0TSZEX52H0PZDJFB4JNEAFW,2026-08-24T21:24:57.399871841Z,3,2026-08-24T21:24:57.399871841Z,true,2026-08-24T21:48:11.772599162Z,01M0TSZEY54T11A9AMGVA6T4ZB,2026-08-24T21:24:57.399871841Z,1,2026-08-24T21:24:57.399871841Z,true,2026-08-24T21:48:08.744196859Z,feedback,2026-08-24T21:24:57.399871841Z,01M0TTK10R84A9NKPWJ8S3Y33W,2026-08-24T21:24:57.399871841Z,1787608088753,2026-08-24T21:48:08.75452711Z,true,2026-08-24T21:48:08.708895838Z,true,2026-08-24T21:48:08.773797009Z,01M0TTK1DM8QADA81MY1VN5PQA,2026-08-24T21:24:57.399871841Z
01M0TV7KDABF2P7RS1VME6MD98,01M0TTMTH8JPTHXWGXYEY1VFR8,2026-08-24T21:36:11.178953279Z,60,2026-08-24T21:36:11.178953279Z,true,2026-08-24T21:50:52.881344792Z,01M0TTMWM9GSP2NP0T4CET96EB,2026-08-24T21:36:11.178953279Z,0,2026-08-24T21:36:11.178953279Z,true,2026-08-24T21:50:36.848262954Z,selection,2026-08-24T21:36:11.178953279Z,01M0TV7JP096BB2X1PV5ASKK97,2026-08-24T21:36:11.178953279Z,1787608236861,2026-08-24T21:50:36.86300017Z,true,2026-08-24T21:50:36.683664226Z,true,2026-08-24T21:50:36.876372497Z,01M0TV7KD4JPHKQBZV2EA9EG5F,2026-08-24T21:36:11.178953279Z
01M0TTK1HBSETKWCQYNN9J1JGG,01M0TSZEX52H0PZDJFB4JNEAFW,2026-08-24T21:24:57.515303536Z,60,2026-08-24T21:24:57.515303536Z,true,2026-08-24T21:54:00.247401185Z,01M0TSZEY54T11A9AMGVA6T4ZB,2026-08-24T21:24:57.515303536Z,0,2026-08-24T21:24:57.515303536Z,true,2026-08-24T21:53:07.294949995Z,selection,2026-08-24T21:24:57.515303536Z,01M0TTK11TM66PW6SJRQJ0VN9V,2026-08-24T21:24:57.515303536Z,1787608387323,2026-08-24T21:53:07.325565223Z,true,2026-08-24T21:53:07.18507701Z,true,2026-08-24T21:53:07.354290228Z,01M0TTK1H589RM9NZMC3W83R4T,2026-08-24T21:24:57.515303536Z
01M0TTKDXDAQDJF641495Q1YFX,01M0TSZGJXR0N6DNTNARWRMFQ4,2026-08-24T21:25:10.189741596Z,60,2026-08-24T21:25:10.189741596Z,false,2026-08-24T21:25:10.189741596Z,01M0TSZGKM72FFW193EYG47F25,2026-08-24T21:25:10.189741596Z,0,2026-08-24T21:25:10.189741596Z,,,selection,2026-08-24T21:25:10.189741596Z,01M0TTKDCEYY6CWSPP642Y6N9K,2026-08-24T21:25:10.189741596Z,,,false,2026-08-24T21:25:10.189741596Z,,,01M0TTKDX901Q1E83832KQD1TJ,2026-08-24T21:25:10.189741596Z
01M0TV7MFMRJJJSR7ZDRR48NN2,01M0TTMTH8JPTHXWGXYEY1VFR8,2026-08-24T21:36:12.276954748Z,3,2026-08-24T21:36:12.276954748Z,true,2026-08-24T22:04:02.042124023Z,01M0TTMWM9GSP2NP0T4CET96EB,2026-08-24T21:36:12.276954748Z,1,2026-08-24T21:36:12.276954748Z,true,2026-08-24T22:03:58.993236717Z,feedback,2026-08-24T21:36:12.276954748Z,01M0TV7JS7955894M0GKRCQAS6,2026-08-24T21:36:12.276954748Z,1787609039007,2026-08-24T22:03:59.009047731Z,true,2026-08-24T22:03:58.939655061Z,true,2026-08-24T22:03:59.028496471Z,01M0TV7MFCGH01Y8WZP12KF9E6,2026-08-24T21:36:12.276954748Z
01M0TV7MHDWPDX9RHYKXGEFCKP,01M0TTMTH8JPTHXWGXYEY1VFR8,2026-08-24T21:36:12.333189925Z,60,2026-08-24T21:36:12.333189925Z,true,2026-08-24T22:04:29.410663865Z,01M0TTMWM9GSP2NP0T4CET96EB,2026-08-24T21:36:12.333189925Z,0,2026-08-24T21:36:12.333189925Z,true,2026-08-24T22:04:13.858651633Z,selection,2026-08-24T21:36:12.333189925Z,01M0TV7JPHS2238CXFN0DK659X,2026-08-24T21:36:12.333189925Z,1787609053896,2026-08-24T22:04:13.898817826Z,true,2026-08-24T22:04:13.768767548Z,true,2026-08-24T22:04:13.941358627Z,01M0TV7MH8MFDB6MYHCJFEPQW9,2026-08-24T21:36:12.333189925Z
01M0TTEYHRTV3JT4584MY83EX9,01M0TSZEX52H0PZDJFB4JNEAFW,2026-08-24T21:22:43.384898571Z,60,2026-08-24T21:22:43.384898571Z,true,2026-08-24T21:37:59.448817837Z,01M0TSZEY44B7XSP574QH2WQPJ,2026-08-24T21:22:43.384898571Z,0,2026-08-24T21:22:43.384898571Z,true,2026-08-24T21:37:22.448038064Z,selection,2026-08-24T21:22:43.384898571Z,01M0TTEY39XDBHVH4HDJGN70C0,2026-08-24T21:22:43.384898571Z,1787607442457,2026-08-24T21:37:22.458719348Z,true,2026-08-24T21:37:22.416724728Z,true,2026-08-24T21:37:22.473067898Z,01M0TTEYHMWZ02Y77G88BXB3SD,2026-08-24T21:22:43.384898571Z
01M0TTK1ENCWJNJRVAZRB26XW3,01M0TSZEX52H0PZDJFB4JNEAFW,2026-08-24T21:24:57.429636024Z,60,2026-08-24T21:24:57.429636024Z,true,2026-08-24T21:50:03.314917078Z,01M0TSZEY54T11A9AMGVA6T4ZB,2026-08-24T21:24:57.429636024Z,0,2026-08-24T21:24:57.429636024Z,true,2026-08-24T21:49:12.622004602Z,selection,2026-08-24T21:24:57.429636024Z,01M0TTK10ZCMSPREAG8TVE7V4Q,2026-08-24T21:24:57.429636024Z,1787608152631,2026-08-24T21:49:12.633157616Z,true,2026-08-24T21:49:12.575823418Z,true,2026-08-24T21:49:12.650804912Z,01M0TTK1EHVCFK7VS8FXKCMHKW,2026-08-24T21:24:57.429636024Z
01M0TTNSQFJQP6EH14822DQG8F,01M0TSZGJXR0N6DNTNARWRMFQ4,2026-08-24T21:26:27.824002078Z,3,2026-08-24T21:26:27.824002078Z,false,2026-08-24T21:26:27.824002078Z,01M0TSZGKJQW5S4GCP9150DNN9,2026-08-24T21:26:27.824002078Z,1,2026-08-24T21:26:27.824002078Z,,,feedback,2026-08-24T21:26:27.824002078Z,01M0TTNRDPKMYX6RGAX8WX6K9G,2026-08-24T21:26:27.824002078Z,,,false,2026-08-24T21:26:27.824002078Z,,,01M0TTNSQB3CZSXVWKXJ3721AN,2026-08-24T21:26:27.824002078Z
01M0TTYQZZQ204XNGYRSN93HRQ,01M0TTMTH8JPTHXWGXYEY1VFR8,2026-08-24T21:31:20.959793167Z,3,2026-08-24T21:31:20.959793167Z,true,2026-08-24T21:53:11.506285885Z,01M0TTMWMDPGAHQRDA7BZJ8FEZ,2026-08-24T21:31:20.959793167Z,1,2026-08-24T21:31:20.959793167Z,true,2026-08-24T21:53:08.461450126Z,feedback,2026-08-24T21:31:20.959793167Z,01M0TTYQ0TA024Y986WH2YZ229,2026-08-24T21:31:20.959793167Z,1787608388472,2026-08-24T21:53:08.473624294Z,true,2026-08-24T21:53:08.41896977Z,true,2026-08-24T21:53:08.492485852Z,01M0TTYQZKZGX3H5CT8VMCAYXV,2026-08-24T21:31:20.959793167Z
01M0TV7KWJEGFT6WWJ5E5Q6K08,01M0TTMTH8JPTHXWGXYEY1VFR8,2026-08-24T21:36:11.666511911Z,3,2026-08-24T21:36:11.666511911Z,true,2026-08-24T21:58:34.586948256Z,01M0TTMWM9GSP2NP0T4CET96EB,2026-08-24T21:36:11.666511911Z,1,2026-08-24T21:36:11.666511911Z,true,2026-08-24T21:58:31.554984704Z,feedback,2026-08-24T21:36:11.666511911Z,01M0TV7K0A8RQ87T4VQTXGTEJD,2026-08-24T21:36:11.666511911Z,1787608711570,2026-08-24T21:58:31.571541354Z,true,2026-08-24T21:58:31.5097993Z,true,2026-08-24T21:58:31.586192715Z,01M0TV7KW7NYP0K3M00R815FG8,2026-08-24T21:36:11.666511911Z
01M0TTK1W21D2BQ3VQZTJ8CRZR,01M0TSZEX52H0PZDJFB4JNEAFW,2026-08-24T21:24:57.858423799Z,3,2026-08-24T21:24:57.858423799Z,true,2026-08-24T22:07:06.791607991Z,01M0TSZEY54T11A9AMGVA6T4ZB,2026-08-24T21:24:57.858423799Z,1,2026-08-24T21:24:57.858423799Z,true,2026-08-24T22:07:03.75577177Z,feedback,2026-08-24T21:24:57.858423799Z,01M0TTK13S1N82XAZKSKFXA4RK,2026-08-24T21:24:57.858423799Z,1787609223768,2026-08-24T22:07:03.769746491Z,true,2026-08-24T22:07:03.704467945Z,true,2026-08-24T22:07:03.797134989Z,01M0TTK1VX9JNDR1X4NV4MPJ2D,2026-08-24T21:24:57.858423799Z
01M0TTMR29N0J9DAW71XTZJSXK,01M0TSZV7X3D77NKMM5CDCW4Z6,2026-08-24T21:25:53.353041548Z,3,2026-08-24T21:25:53.353041548Z,true,2026-08-24T21:33:39.580074079Z,01M0TSZV8ERABP36QP2627EVMT,2026-08-24T21:25:53.353041548Z,1,2026-08-24T21:25:53.353041548Z,true,2026-08-24T21:33:36.55261499Z,feedback,2026-08-24T21:25:53.353041548Z,01M0TTMQPGB6QAM67XDTFQB10D,2026-08-24T21:25:53.353041548Z,1787607216560,2026-08-24T21:33:36.562423857Z,true,2026-08-24T21:33:36.520145905Z,true,2026-08-24T21:33:36.576740962Z,01M0TTMR22RR8W6N580D3TQRX7,2026-08-24T21:25:53.353041548Z
01M0TTK1R3ASBZPPX93PEHY5E4,01M0TSZEX52H0PZDJFB4JNEAFW,2026-08-24T21:24:57.731161478Z,60,2026-08-24T21:24:57.731161478Z,true,2026-08-24T22:02:42.7243949Z,01M0TSZEY54T11A9AMGVA6T4ZB,2026-08-24T21:24:57.731161478Z,0,2026-08-24T21:24:57.731161478Z,true,2026-08-24T22:02:00.046547286Z,selection,2026-08-24T21:24:57.731161478Z,01M0TTK16V1T83W9TX1F86NYR1,2026-08-24T21:24:57.731161478Z,1787608920061,2026-08-24T22:02:00.062816222Z,true,2026-08-24T22:01:59.984027422Z,true,2026-08-24T22:02:00.08264668Z,01M0TTK1QY2TVBTZ8K1KK6XTCZ,2026-08-24T21:24:57.731161478Z
01M0TV7KH0G3TG740BGH1CZWAN,01M0TTMTH8JPTHXWGXYEY1VFR8,2026-08-24T21:36:11.296583331Z,60,2026-08-24T21:36:11.296583331Z,true,2026-08-24T21:53:00.400607923Z,01M0TTMWM9GSP2NP0T4CET96EB,2026-08-24T21:36:11.296583331Z,0,2026-08-24T21:36:11.296583331Z,true,2026-08-24T21:52:48.831796621Z,selection,2026-08-24T21:36:11.296583331Z,01M0TV7JN788T2FC87PHF2HDEM,2026-08-24T21:36:11.296583331Z,1787608368842,2026-08-24T21:52:48.843240959Z,true,2026-08-24T21:52:48.791135734Z,true,2026-08-24T21:52:48.85741546Z,01M0TV7KGTPSCZ0SM4P2EH3A59,2026-08-24T21:36:11.296583331Z
01M0TTKE19DWY2BRH2EA3GJVGH,01M0TSZGJXR0N6DNTNARWRMFQ4,2026-08-24T21:25:10.31386484Z,3,2026-08-24T21:25:10.31386484Z,false,2026-08-24T21:25:10.31386484Z,01M0TSZGKM72FFW193EYG47F25,2026-08-24T21:25:10.31386484Z,1,2026-08-24T21:25:10.31386484Z,,,feedback,2026-08-24T21:25:10.31386484Z,01M0TTKDE76XV6AW7004KMN31B,2026-08-24T21:25:10.31386484Z,,,false,2026-08-24T21:25:10.31386484Z,,,01M0TTKE15XHVVGA55KTRFN0JB,2026-08-24T21:25:10.31386484Z
01M0TTKE2E6NAMNS2M5CASCEXV,01M0TSZGJXR0N6DNTNARWRMFQ4,2026-08-24T21:25:10.350585978Z,3,2026-08-24T21:25:10.350585978Z,false,2026-08-24T21:25:10.350585978Z,01M0TSZGKM72FFW193EYG47F25,2026-08-24T21:25:10.350585978Z,1,2026-08-24T21:25:10.350585978Z,,,feedback,2026-08-24T21:25:10.350585978Z,01M0TTKDEHQVYRFQECSE8FNHPE,2026-08-24T21:25:10.350585978Z,,,false,2026-08-24T21:25:10.350585978Z,,,01M0TTKE2AKH61AMWVPV90FBX9,2026-08-24T21:25:10.350585978Z
01M0TV7MDK8AQY5XJ02Y1R0KZQ,01M0TTMTH8JPTHXWGXYEY1VFR8,2026-08-24T21:36:12.211392594Z,60,2026-08-24T21:36:12.211392594Z,true,2026-08-24T22:03:17.198098339Z,01M0TTMWM9GSP2NP0T4CET96EB,2026-08-24T21:36:12.211392594Z,0,2026-08-24T21:36:12.211392594Z,true,2026-08-24T22:03:07.058797749Z,selection,2026-08-24T21:36:12.211392594Z,01M0TV7JV7SPHHVBEGRZ84DTBT,2026-08-24T21:36:12.211392594Z,1787608987077,2026-08-24T22:03:07.07842511Z,true,2026-08-24T22:03:07.012701224Z,true,2026-08-24T22:03:07.100665513Z,01M0TV7MDD72ATGNXBFZ9B8MYA,2026-08-24T21:36:12.211392594Z
01M0TTEZ36CCVCVDGS87T16KRN,01M0TSZEX52H0PZDJFB4JNEAFW,2026-08-24T21:22:43.94230154Z,3,2026-08-24T21:22:43.94230154Z,true,2026-08-24T21:57:18.886035301Z,01M0TSZEY44B7XSP574QH2WQPJ,2026-08-24T21:22:43.94230154Z,1,2026-08-24T21:22:43.94230154Z,true,2026-08-24T21:57:15.827600851Z,feedback,2026-08-24T21:22:43.94230154Z,01M0TTEY77NYYMD539AVZM0WBY,2026-08-24T21:22:43.94230154Z,1787608635842,2026-08-24T21:57:15.843807626Z,true,2026-08-24T21:57:15.771987289Z,true,2026-08-24T21:57:15.865757833Z,01M0TTEZ2KPP29W51V56G4CMF3,2026-08-24T21:22:43.94230154Z
01M0TTKDK9FF86PPB4CM45FFJ5,01M0TSZGJXR0N6DNTNARWRMFQ4,2026-08-24T21:25:09.865965758Z,3,2026-08-24T21:25:09.865965758Z,false,2026-08-24T21:25:09.865965758Z,01M0TSZGKM72FFW193EYG47F25,2026-08-24T21:25:09.865965758Z,1,2026-08-24T21:25:09.865965758Z,,,feedback,2026-08-24T21:25:09.865965758Z,01M0TTKDAEV8K0P9D80F70BCWR,2026-08-24T21:25:09.865965758Z,,,false,2026-08-24T21:25:09.865965758Z,,,01M0TTKDK6X9HEH55WSE51CHTW,2026-08-24T21:25:09.865965758Z
01M0TTNS39YZJ3PYRNA24WB3Z4,01M0TSZGJXR0N6DNTNARWRMFQ4,2026-08-24T21:26:27.177915197Z,60,2026-08-24T21:26:27.177915197Z,false,2026-08-24T21:26:27.177915197Z,01M0TSZGKJQW5S4GCP9150DNN9,2026-08-24T21:26:27.177915197Z,0,2026-08-24T21:26:27.177915197Z,,,selection,2026-08-24T21:26:27.177915197Z,01M0TTNRFRZXFTQKXCR3FSRKFW,2026-08-24T21:26:27.177915197Z,,,false,2026-08-24T21:26:27.177915197Z,,,01M0TTNS35D56MNKGPSF3M830G,2026-08-24T21:26:27.177915197Z
01M0TTYRPRD78J47KE4G30M0TS,01M0TTMTH8JPTHXWGXYEY1VFR8,2026-08-24T21:31:21.688120481Z,60,2026-08-24T21:31:21.688120481Z,false,2026-08-24T21:31:21.688120481Z,01M0TTMWMDPGAHQRDA7BZJ8FEZ,2026-08-24T21:31:21.688120481Z,0,2026-08-24T21:31:21.688120481Z,,,selection,2026-08-24T21:31:21.688120481Z,01M0TTYQEWGCAZDS3V9W8PJZM6,2026-08-24T21:31:21.688120481Z,,,false,2026-08-24T21:31:21.688120481Z,,,01M0TTYRPHMDJRZX2C8D9WCFJX,2026-08-24T21:31:21.688120481Z
01M0TVKB7KJFFE6C1GZ8KZ89Y1,01M0TTMTH8JPTHXWGXYEY1VFR8,2026-08-24T21:42:36.019452542Z,60,2026-08-24T21:42:36.019452542Z,true,2026-08-24T21:57:57.654002882Z,01M0TTMWMG725DJ5GA5M4WD8SY,2026-08-24T21:42:36.019452542Z,0,2026-08-24T21:42:36.019452542Z,true,2026-08-24T21:57:48.028616781Z,selection,2026-08-24T21:42:36.019452542Z,01M0TVK9S95NPWF977S0J9G1JX,2026-08-24T21:42:36.019452542Z,1787608668046,2026-08-24T21:57:48.047735875Z,true,2026-08-24T21:57:47.963030806Z,true,2026-08-24T21:57:48.063649225Z,01M0TVKB7FQEZC8P9Z45V5Z112,2026-08-24T21:42:36.019452542Z
01M0TTA5V0NXZS5WEN7ZK9CHQV,01M0TSZV7X3D77NKMM5CDCW4Z6,2026-08-24T21:20:07.00837267Z,60,2026-08-24T21:20:07.00837267Z,true,2026-08-24T21:37:34.460226133Z,01M0TSZV8KEDQHAT4X3FNKVS2B,2026-08-24T21:20:07.00837267Z,0,2026-08-24T21:20:07.00837267Z,true,2026-08-24T21:37:04.153980628Z,selection,2026-08-24T21:20:07.00837267Z,01M0TTA5BW78749BBR8QW86C1E,2026-08-24T21:20:07.00837267Z,1787607424163,2026-08-24T21:37:04.164596357Z,true,2026-08-24T21:37:04.125879084Z,true,2026-08-24T21:37:04.174458967Z,01M0TTA5TVWXPJ553EK3J7AM5M,2026-08-24T21:20:07.00837267Z
01M0TTEYCGVX52CGJK01MNBSFV,01M0TSZEX52H0PZDJFB4JNEAFW,2026-08-24T21:22:43.216744193Z,3,2026-08-24T21:22:43.216744193Z,true,2026-08-24T21:30:56.125495865Z,01M0TSZEY44B7XSP574QH2WQPJ,2026-08-24T21:22:43.216744193Z,1,2026-08-24T21:22:43.216744193Z,true,2026-08-24T21:30:53.087821116Z,feedback,2026-08-24T21:22:43.216744193Z,01M0TTEY3RJ5XRAT62S5PPRC9P,2026-08-24T21:22:43.216744193Z,1787607053101,2026-08-24T21:30:53.103893402Z,true,2026-08-24T21:30:53.046110519Z,true,2026-08-24T21:30:53.114852964Z,01M0TTEYCBQN6DVEP9WGA7XQNW,2026-08-24T21:22:43.216744193Z
01M0TVKB6SQXSC38V2ERVWDSNT,01M0TTMTH8JPTHXWGXYEY1VFR8,2026-08-24T21:42:35.995567319Z,3,2026-08-24T21:42:35.995567319Z,true,2026-08-24T21:57:47.816581331Z,01M0TTMWMG725DJ5GA5M4WD8SY,2026-08-24T21:42:35.995567319Z,1,2026-08-24T21:42:35.995567319Z,true,2026-08-24T21:57:44.782047166Z,feedback,2026-08-24T21:42:35.995567319Z,01M0TVK9RXV0XQG5FZ9W1DQ4WT,2026-08-24T21:42:35.995567319Z,1787608664797,2026-08-24T21:57:44.798526648Z,true,2026-08-24T21:57:44.74275534Z,true,2026-08-24T21:57:44.814355958Z,01M0TVKB6GZPFFYM27EJHG20Z7,2026-08-24T21:42:35.995567319Z
01M0TTMRDKKKP1PRT6KX7B1AH6,01M0TSZV7X3D77NKMM5CDCW4Z6,2026-08-24T21:25:53.715205349Z,3,2026-08-24T21:25:53.715205349Z,true,2026-08-24T21:44:29.548454493Z,01M0TSZV8ERABP36QP2627EVMT,2026-08-24T21:25:53.715205349Z,1,2026-08-24T21:25:53.715205349Z,true,2026-08-24T21:44:26.503930067Z,feedback,2026-08-24T21:25:53.715205349Z,01M0TTMQTM7PBSZAZGKGAVP4SP,2026-08-24T21:25:53.715205349Z,1787607866513,2026-08-24T21:44:26.515330237Z,true,2026-08-24T21:44:26.467432211Z,true,2026-08-24T21:44:26.529446549Z,01M0TTMRDEDSXQJYA9DGA4Y5ZE,2026-08-24T21:25:53.715205349Z
01M0TV7KFCDBM48XET5XK71W7E,01M0TTMTH8JPTHXWGXYEY1VFR8,2026-08-24T21:36:11.244767207Z,3,2026-08-24T21:36:11.244767207Z,true,2026-08-24T21:52:09.801666495Z,01M0TTMWM9GSP2NP0T4CET96EB,2026-08-24T21:36:11.244767207Z,1,2026-08-24T21:36:11.244767207Z,true,2026-08-24T21:52:06.773068101Z,feedback,2026-08-24T21:36:11.244767207Z,01M0TV7JNMW9Y5HBJ623AST949,2026-08-24T21:36:11.244767207Z,1787608326784,2026-08-24T21:52:06.785975913Z,true,2026-08-24T21:52:06.733967566Z,true,2026-08-24T21:52:06.800338774Z,01M0TV7KF3MJ40WTNFVZTC5PT5,2026-08-24T21:36:11.244767207Z
01M0TTK1HT2BXYYXBCMVZ1R0M0,01M0TSZEX52H0PZDJFB4JNEAFW,2026-08-24T21:24:57.530566796Z,3,2026-08-24T21:24:57.530566796Z,true,2026-08-24T21:54:49.136313686Z,01M0TSZEY54T11A9AMGVA6T4ZB,2026-08-24T21:24:57.530566796Z,1,2026-08-24T21:24:57.530566796Z,true,2026-08-24T21:54:46.104759402Z,feedback,2026-08-24T21:24:57.530566796Z,01M0TTK11VDA6FRJY1RC7AAWBX,2026-08-24T21:24:57.530566796Z,1787608486116,2026-08-24T21:54:46.118177226Z,true,2026-08-24T21:54:46.060792788Z,true,2026-08-24T21:54:46.135267061Z,01M0TTK1HPVEGWZSX531M338KP,2026-08-24T21:24:57.530566796Z
01M0TTTQDQZH5AJW6RF05K964M,01M0TSZV7X3D77NKMM5CDCW4Z6,2026-08-24T21:29:09.303226767Z,60,2026-08-24T21:29:09.303226767Z,true,2026-08-24T21:53:57.575512942Z,01M0TSZV8KEDQHAT4X33M1GG1C,2026-08-24T21:29:09.303226767Z,0,2026-08-24T21:29:09.303226767Z,true,2026-08-24T21:53:27.030623007Z,selection,2026-08-24T21:29:09.303226767Z,01M0TTTPKC0TFQARWHZAQ9EPA2,2026-08-24T21:29:09.303226767Z,1787608407044,2026-08-24T21:53:27.04601862Z,true,2026-08-24T21:53:26.988826805Z,true,2026-08-24T21:53:27.060021306Z,01M0TTTQDGA6CREXQ61P4GKFCN,2026-08-24T21:29:09.303226767Z
01M0TTTQRN1AP0Q79VK5S9KABF,01M0TSZV7X3D77NKMM5CDCW4Z6,2026-08-24T21:29:09.6535787Z,60,2026-08-24T21:29:09.6535787Z,true,2026-08-24T22:00:39.316951594Z,01M0TSZV8KEDQHAT4X33M1GG1C,2026-08-24T21:29:09.6535787Z,0,2026-08-24T21:29:09.6535787Z,true,2026-08-24T22:00:06.338884141Z,selection,2026-08-24T21:29:09.6535787Z,01M0TTTPQRG11F4CTAXEMKP04G,2026-08-24T21:29:09.6535787Z,1787608806351,2026-08-24T22:00:06.353426985Z,true,2026-08-24T22:00:06.286890387Z,true,2026-08-24T22:00:06.371787533Z,01M0TTTQREAYPXG95N1HXCXDEA,2026-08-24T21:29:09.6535787Z
01M0TT9MMVJ7NYTBYW6EWG60EQ,01M0TSZGJXR0N6DNTNARWRMFQ4,2026-08-24T21:19:49.403072654Z,60,2026-08-24T21:19:49.403072654Z,false,2026-08-24T21:19:49.403072654Z,01M0TSZGKE32G3R2H2EPQFBQNN,2026-08-24T21:19:49.403072654Z,0,2026-08-24T21:19:49.403072654Z,,,selection,2026-08-24T21:19:49.403072654Z,01M0TT9KJ02RQJDN752DG8RRCB,2026-08-24T21:19:49.403072654Z,,,false,2026-08-24T21:19:49.403072654Z,,,01M0TT9MMNHPSRKKCZ70DBZBQD,2026-08-24T21:19:49.403072654Z
01M0TTA5YRF5TCCYPQ5FWEXSVC,01M0TSZV7X3D77NKMM5CDCW4Z6,2026-08-24T21:20:07.128700546Z,3,2026-08-24T21:20:07.128700546Z,true,2026-08-24T21:40:26.691486248Z,01M0TSZV8KEDQHAT4X3FNKVS2B,2026-08-24T21:20:07.128700546Z,1,2026-08-24T21:20:07.128700546Z,true,2026-08-24T21:40:23.650638979Z,feedback,2026-08-24T21:20:07.128700546Z,01M0TTA5CGRVRSQADMNYDVN910,2026-08-24T21:20:07.128700546Z,1787607623659,2026-08-24T21:40:23.66117619Z,true,2026-08-24T21:40:23.61395704Z,true,2026-08-24T21:40:23.674504808Z,01M0TTA5YNAPYWN379JBSTQ81T,2026-08-24T21:20:07.128700546Z
01M0TTMRJRMRC3NQB4SJKW1G6S,01M0TSZV7X3D77NKMM5CDCW4Z6,2026-08-24T21:25:53.88084779Z,60,2026-08-24T21:25:53.88084779Z,true,2026-08-24T21:46:37.95022808Z,01M0TSZV8ERABP36QP2627EVMT,2026-08-24T21:25:53.88084779Z,0,2026-08-24T21:25:53.88084779Z,true,2026-08-24T21:45:50.622919572Z,selection,2026-08-24T21:25:53.88084779Z,01M0TTMQVFK2TWJW2E1D4CWJA4,2026-08-24T21:25:53.88084779Z,1787607950635,2026-08-24T21:45:50.636934756Z,true,2026-08-24T21:45:50.575395293Z,true,2026-08-24T21:45:50.658015208Z,01M0TTMRHRC1RWDYY6D606MC8R,2026-08-24T21:25:53.88084779Z
01M0TTMRTQ0H05PMYPWKA0FZ7R,01M0TSZV7X3D77NKMM5CDCW4Z6,2026-08-24T21:25:54.135083669Z,60,2026-08-24T21:25:54.135083669Z,true,2026-08-24T21:52:08.277166502Z,01M0TSZV8ERABP36QP2627EVMT,2026-08-24T21:25:54.135083669Z,0,2026-08-24T21:25:54.135083669Z,true,2026-08-24T21:51:52.580045483Z,selection,2026-08-24T21:25:54.135083669Z,01M0TTMQQ9450TH39A4Z6XJ0BZ,2026-08-24T21:25:54.135083669Z,1787608312590,2026-08-24T21:51:52.591732881Z,true,2026-08-24T21:51:52.537204853Z,true,2026-08-24T21:51:52.609993499Z,01M0TTMRTJ8VR6GWCG9SXNQAJJ,2026-08-24T21:25:54.135083669Z
01M0TV7KAFP89ZBG0203SW2H6A,01M0TTMTH8JPTHXWGXYEY1VFR8,2026-08-24T21:36:11.087679291Z,60,2026-08-24T21:36:11.087679291Z,true,2026-08-24T21:49:20.461574463Z,01M0TTMWM9GSP2NP0T4CET96EB,2026-08-24T21:36:11.087679291Z,0,2026-08-24T21:36:11.087679291Z,true,2026-08-24T21:48:30.090009597Z,selection,2026-08-24T21:36:11.087679291Z,01M0TV7JPSDGH57Z5EVVBZNGD5,2026-08-24T21:36:11.087679291Z,1787608110104,2026-08-24T21:48:30.106039999Z,true,2026-08-24T21:48:30.045028268Z,true,2026-08-24T21:48:30.118050879Z,01M0TV7KA8NCZCV4NGCYYPNWXV,2026-08-24T21:36:11.087679291Z
01M0TV7M7VS4CJQ79CPR7R76MW,01M0TTMTH8JPTHXWGXYEY1VFR8,2026-08-24T21:36:12.02717023Z,60,2026-08-24T21:36:12.02717023Z,true,2026-08-24T22:01:37.115533357Z,01M0TTMWM9GSP2NP0T4CET96EB,2026-08-24T21:36:12.02717023Z,0,2026-08-24T21:36:12.02717023Z,true,2026-08-24T22:01:26.495523516Z,selection,2026-08-24T21:36:12.02717023Z,01M0TV7JX18ANZFVC4574ERN49,2026-08-24T21:36:12.02717023Z,1787608886507,2026-08-24T22:01:26.508698675Z,true,2026-08-24T22:01:26.448659457Z,true,2026-08-24T22:01:26.529167654Z,01M0TV7M7PFH8RCDHYX20Y923N,2026-08-24T21:36:12.02717023Z
01M0TV7MBX1XNNF0680W6ZWV97,01M0TTMTH8JPTHXWGXYEY1VFR8,2026-08-24T21:36:12.157566894Z,3,2026-08-24T21:36:12.157566894Z,true,2026-08-24T22:02:42.008105817Z,01M0TTMWM9GSP2NP0T4CET96EB,2026-08-24T21:36:12.157566894Z,1,2026-08-24T21:36:12.157566894Z,true,2026-08-24T22:02:38.97354107Z,feedback,2026-08-24T21:36:12.157566894Z,01M0TV7JVS83NAZDS7NGE9W3E5,2026-08-24T21:36:12.157566894Z,1787608958987,2026-08-24T22:02:38.989213229Z,true,2026-08-24T22:02:38.925484273Z,true,2026-08-24T22:02:39.007555639Z,01M0TV7MBJX7SSCNVGN3B6BP7A,2026-08-24T21:36:12.157566894Z
01M0TVKAHYJK3TPJXDHKF2HQWJ,01M0TTMTH8JPTHXWGXYEY1VFR8,2026-08-24T21:42:35.327057719Z,60,2026-08-24T21:42:35.327057719Z,true,2026-08-24T21:52:27.40784906Z,01M0TTMWMG725DJ5GA5M4WD8SY,2026-08-24T21:42:35.327057719Z,0,2026-08-24T21:42:35.327057719Z,true,2026-08-24T21:52:05.352159598Z,selection,2026-08-24T21:42:35.327057719Z,01M0TVK9JG0PNSF4H58Z4ZFA8F,2026-08-24T21:42:35.327057719Z,1787608325362,2026-08-24T21:52:05.363730951Z,true,2026-08-24T21:52:05.311953015Z,true,2026-08-24T21:52:05.374289408Z,01M0TVKAHTCNSA7E9NEWY0A9VW,2026-08-24T21:42:35.327057719Z
01M0TT9M8Z1TCBWDVEJFEF5K1J,01M0TSZGJXR0N6DNTNARWRMFQ4,2026-08-24T21:19:49.023047747Z,3,2026-08-24T21:19:49.023047747Z,false,2026-08-24T21:19:49.023047747Z,01M0TSZGKE32G3R2H2EPQFBQNN,2026-08-24T21:19:49.023047747Z,1,2026-08-24T21:19:49.023047747Z,,,feedback,2026-08-24T21:19:49.023047747Z,01M0TT9KMBQ9CH1QB65NJ5EQDV,2026-08-24T21:19:49.023047747Z,,,false,2026-08-24T21:19:49.023047747Z,,,01M0TT9M8T8TPSX1S6TTKHP176,2026-08-24T21:19:49.023047747Z
01M0TTKE3FWVW1K14K43F0YRVK,01M0TSZGJXR0N6DNTNARWRMFQ4,2026-08-24T21:25:10.383621458Z,60,2026-08-24T21:25:10.383621458Z,false,2026-08-24T21:25:10.383621458Z,01M0TSZGKM72FFW193EYG47F25,2026-08-24T21:25:10.383621458Z,0,2026-08-24T21:25:10.383621458Z,,,selection,2026-08-24T21:25:10.383621458Z,01M0TTKDEMZ7047V07AP8BV1GK,2026-08-24T21:25:10.383621458Z,,,false,2026-08-24T21:25:10.383621458Z,,,01M0TTKE3BH3NB6V5MD5M8QPWE,2026-08-24T21:25:10.383621458Z
01M0TTYR46QT74QG8G72CH8FSK,01M0TTMTH8JPTHXWGXYEY1VFR8,2026-08-24T21:31:21.094430283Z,3,2026-08-24T21:31:21.094430283Z,true,2026-08-24T21:56:06.402863914Z,01M0TTMWMDPGAHQRDA7BZJ8FEZ,2026-08-24T21:31:21.094430283Z,1,2026-08-24T21:31:21.094430283Z,true,2026-08-24T21:56:03.323917911Z,feedback,2026-08-24T21:31:21.094430283Z,01M0TTYQ9A413RGBAYZXM4SDN0,2026-08-24T21:31:21.094430283Z,1787608563341,2026-08-24T21:56:03.354540945Z,true,2026-08-24T21:56:03.270930784Z,true,2026-08-24T21:56:03.399614765Z,01M0TTYR3V89256FT8YM2QHR2H,2026-08-24T21:31:21.094430283Z
01M0TTMR7P71JTW036YVW2Q8DZ,01M0TSZV7X3D77NKMM5CDCW4Z6,2026-08-24T21:25:53.526647424Z,60,2026-08-24T21:25:53.526647424Z,true,2026-08-24T21:38:56.676706412Z,01M0TSZV8ERABP36QP2627EVMT,2026-08-24T21:25:53.526647424Z,0,2026-08-24T21:25:53.526647424Z,true,2026-08-24T21:38:35.927454743Z,selection,2026-08-24T21:25:53.526647424Z,01M0TTMQS87BVS9AY0K570MGBQ,2026-08-24T21:25:53.526647424Z,1787607515936,2026-08-24T21:38:35.93807815Z,true,2026-08-24T21:38:35.89018884Z,true,2026-08-24T21:38:35.949218632Z,01M0TTMR7HE19N4ATV87Z5BVDG,2026-08-24T21:25:53.526647424Z
01M0TTNRVGHG0R2F6M8KE2FKHR,01M0TSZGJXR0N6DNTNARWRMFQ4,2026-08-24T21:26:26.928383805Z,60,2026-08-24T21:26:26.928383805Z,false,2026-08-24T21:26:26.928383805Z,01M0TSZGKJQW5S4GCP9150DNN9,2026-08-24T21:26:26.928383805Z,0,2026-08-24T21:26:26.928383805Z,,,selection,2026-08-24T21:26:26.928383805Z,01M0TTNRJVPABY3DJT5BWSXX0J,2026-08-24T21:26:26.928383805Z,,,false,2026-08-24T21:26:26.928383805Z,,,01M0TTNRVAQY22V68HXGH335FS,2026-08-24T21:26:26.928383805Z
01M0TTK1E6Y6TMFQ8GWCKETW55,01M0TSZEX52H0PZDJFB4JNEAFW,2026-08-24T21:24:57.415006274Z,3,2026-08-24T21:24:57.415006274Z,true,2026-08-24T21:49:12.419953661Z,01M0TSZEY54T11A9AMGVA6T4ZB,2026-08-24T21:24:57.415006274Z,1,2026-08-24T21:24:57.415006274Z,true,2026-08-24T21:49:09.385107912Z,feedback,2026-08-24T21:24:57.415006274Z,01M0TTK10WESK9XX1EVC2AFESQ,2026-08-24T21:24:57.415006274Z,1787608149398,2026-08-24T21:49:09.399922529Z,true,2026-08-24T21:49:09.350870515Z,true,2026-08-24T21:49:09.419104518Z,01M0TTK1E2DNJKC3WCXKE8Q4JM,2026-08-24T21:24:57.415006274Z
01M0TTKE8YT25AGYFGGHZ5DTXA,01M0TSZGJXR0N6DNTNARWRMFQ4,2026-08-24T21:25:10.558174509Z,3,2026-08-24T21:25:10.558174509Z,false,2026-08-24T21:25:10.558174509Z,01M0TSZGKM72FFW193EYG47F25,2026-08-24T21:25:10.558174509Z,1,2026-08-24T21:25:10.558174509Z,,,feedback,2026-08-24T21:25:10.558174509Z,01M0TTKDFEPZV867JD61DV0GN6,2026-08-24T21:25:10.558174509Z,,,false,2026-08-24T21:25:10.558174509Z,,,01M0TTKE8TG90H3K6S999RGV98,2026-08-24T21:25:10.558174509Z
01M0TTKECVK3QX28YGMR346SR7,01M0TSZGJXR0N6DNTNARWRMFQ4,2026-08-24T21:25:10.683102849Z,60,2026-08-24T21:25:10.683102849Z,false,2026-08-24T21:25:10.683102849Z,01M0TSZGKM72FFW193EYG47F25,2026-08-24T21:25:10.683102849Z,0,2026-08-24T21:25:10.683102849Z,,,selection,2026-08-24T21:25:10.683102849Z,01M0TTKDFPQV5233H2118NRXT2,2026-08-24T21:25:10.683102849Z,,,false,2026-08-24T21:25:10.683102849Z,,,01M0TTKECE317VA685F21EV04H,2026-08-24T21:25:10.683102849Z
01M0TTKNT79TD1PSHTQ2QADCBJ,01M0TSZEX52H0PZDJFB4JNEAFW,2026-08-24T21:25:18.279728762Z,3,2026-08-24T21:25:18.279728762Z,true,2026-08-24T21:50:07.544135783Z,01M0TSZEY173D8F3KEP071GR06,2026-08-24T21:25:18.279728762Z,1,2026-08-24T21:25:18.279728762Z,true,2026-08-24T21:50:04.509881537Z,feedback,2026-08-24T21:25:18.279728762Z,01M0TTKN27XKJNZDAJ4Q5K47AD,2026-08-24T21:25:18.279728762Z,1787608204523,2026-08-24T21:50:04.525056946Z,true,2026-08-24T21:50:04.471322146Z,true,2026-08-24T21:50:04.546194424Z,01M0TTKNT3JNTSKJC2SSSYVX9C,2026-08-24T21:25:18.279728762Z
01M0TTNRQHBKX96G8A8YSA0NK9,01M0TSZGJXR0N6DNTNARWRMFQ4,2026-08-24T21:26:26.801172313Z,3,2026-08-24T21:26:26.801172313Z,true,2026-08-24T22:27:10.48203198Z,01M0TSZGKJQW5S4GCP9150DNN9,2026-08-24T21:26:26.801172313Z,1,2026-08-24T21:26:26.801172313Z,true,2026-08-24T22:27:07.433301759Z,feedback,2026-08-24T21:26:26.801172313Z,01M0TTNRBV4MQH0FYA4XHK2CQY,2026-08-24T21:26:26.801172313Z,1787610427450,2026-08-24T22:27:07.451673596Z,true,2026-08-24T22:27:07.388773046Z,true,2026-08-24T22:27:07.469158635Z,01M0TTNRQB8WZ2KB9REH76KF5G,2026-08-24T21:26:26.801172313Z
01M0TTYRGDDR8ZX3J5FQDPTFM0,01M0TTMTH8JPTHXWGXYEY1VFR8,2026-08-24T21:31:21.48562749Z,60,2026-08-24T21:31:21.48562749Z,false,2026-08-24T21:31:21.48562749Z,01M0TTMWMDPGAHQRDA7BZJ8FEZ,2026-08-24T21:31:21.48562749Z,0,2026-08-24T21:31:21.48562749Z,,,selection,2026-08-24T21:31:21.48562749Z,01M0TTYQHPEYFF8ZYDZ2D2M1RN,2026-08-24T21:31:21.48562749Z,,,false,2026-08-24T21:31:21.48562749Z,,,01M0TTYRG77JC927K7MB7FJKV8,2026-08-24T21:31:21.48562749Z
01M0TTA5NJ836H99VFTHWK331F,01M0TSZV7X3D77NKMM5CDCW4Z6,2026-08-24T21:20:06.834940707Z,60,2026-08-24T21:20:06.834940707Z,true,2026-08-24T21:31:30.129028295Z,01M0TSZV8KEDQHAT4X3FNKVS2B,2026-08-24T21:20:06.834940707Z,0,2026-08-24T21:20:06.834940707Z,true,2026-08-24T21:30:50.390544238Z,selection,2026-08-24T21:20:06.834940707Z,01M0TTA5EAK519BNB30QS8S9R2,2026-08-24T21:20:06.834940707Z,1787607050401,2026-08-24T21:30:50.403101033Z,true,2026-08-24T21:30:50.349304009Z,true,2026-08-24T21:30:50.419238089Z,01M0TTA5NDVMC9DAMW7F99CKXY,2026-08-24T21:20:06.834940707Z
01M0TTEZ1VF7XSSFY5QPHSWQMB,01M0TSZEX52H0PZDJFB4JNEAFW,2026-08-24T21:22:43.899934294Z,3,2026-08-24T21:22:43.899934294Z,true,2026-08-24T21:56:42.38207352Z,01M0TSZEY44B7XSP574QH2WQPJ,2026-08-24T21:22:43.899934294Z,1,2026-08-24T21:22:43.899934294Z,true,2026-08-24T21:56:39.295148709Z,feedback,2026-08-24T21:22:43.899934294Z,01M0TTEY4J1SQN9D2M7C92B3AB,2026-08-24T21:22:43.899934294Z,1787608599308,2026-08-24T21:56:39.310026595Z,true,2026-08-24T21:56:39.244463806Z,true,2026-08-24T21:56:39.32604488Z,01M0TTEZ1MACAMFJCGFEXQQ32Z,2026-08-24T21:22:43.899934294Z
01M0TVKBMW10S8K5TKKP3F29SX,01M0TTMTH8JPTHXWGXYEY1VFR8,2026-08-24T21:42:36.444231346Z,60,2026-08-24T21:42:36.444231346Z,true,2026-08-24T22:01:02.113649139Z,01M0TTMWMG725DJ5GA5M4WD8SY,2026-08-24T21:42:36.444231346Z,0,2026-08-24T21:42:36.444231346Z,true,2026-08-24T22:00:48.597455015Z,selection,2026-08-24T21:42:36.444231346Z,01M0TVK9N08W67NXC1GMWKNZAA,2026-08-24T21:42:36.444231346Z,1787608848611,2026-08-24T22:00:48.612769939Z,true,2026-08-24T22:00:48.55373575Z,true,2026-08-24T22:00:48.630115995Z,01M0TVKBMQCMGDWS27P3Y8VWX3,2026-08-24T21:42:36.444231346Z
01M0TTYRHVY8SXQS6B28V9F5YK,01M0TTMTH8JPTHXWGXYEY1VFR8,2026-08-24T21:31:21.531515304Z,3,2026-08-24T21:31:21.531515304Z,false,2026-08-24T21:31:21.531515304Z,01M0TTMWMDPGAHQRDA7BZJ8FEZ,2026-08-24T21:31:21.531515304Z,1,2026-08-24T21:31:21.531515304Z,,,feedback,2026-08-24T21:31:21.531515304Z,01M0TTYQHC08RSX8ACZJK66TDD,2026-08-24T21:31:21.531515304Z,,,false,2026-08-24T21:31:21.531515304Z,,,01M0TTYRHF52AZ7KMQH473XAKE,2026-08-24T21:31:21.531515304Z
01M0TVKAYX0ZJ3AV87ASWXJAKE,01M0TTMTH8JPTHXWGXYEY1VFR8,2026-08-24T21:42:35.742011642Z,60,2026-08-24T21:42:35.742011642Z,true,2026-08-24T21:56:00.91080534Z,01M0TTMWMG725DJ5GA5M4WD8SY,2026-08-24T21:42:35.742011642Z,0,2026-08-24T21:42:35.742011642Z,true,2026-08-24T21:55:40.786007904Z,selection,2026-08-24T21:42:35.742011642Z,01M0TVK9P93ZCYQWQ2NES3HD6F,2026-08-24T21:42:35.742011642Z,1787608540802,2026-08-24T21:55:40.804201556Z,true,2026-08-24T21:55:40.738054801Z,true,2026-08-24T21:55:40.825336297Z,01M0TVKAYRZTYCD4FCF754NWQ1,2026-08-24T21:42:35.742011642Z
01M0TTMRZ7QGM8EDJ556Q599Q6,01M0TSZV7X3D77NKMM5CDCW4Z6,2026-08-24T21:25:54.279372731Z,60,2026-08-24T21:25:54.279372731Z,true,2026-08-24T21:54:33.245779965Z,01M0TSZV8ERABP36QP2627EVMT,2026-08-24T21:25:54.279372731Z,0,2026-08-24T21:25:54.279372731Z,true,2026-08-24T21:54:13.202475855Z,selection,2026-08-24T21:25:54.279372731Z,01M0TTMQYQX5YZ6ZYV2VKS15F8,2026-08-24T21:25:54.279372731Z,1787608453215,2026-08-24T21:54:13.216345132Z,true,2026-08-24T21:54:13.163861243Z,true,2026-08-24T21:54:13.241578781Z,01M0TTMRZ391HZ9JFC71V7K4D2,2026-08-24T21:25:54.279372731Z
01M0TTNRYFA98A8GZ4A59B9FX1,01M0TSZGJXR0N6DNTNARWRMFQ4,2026-08-24T21:26:27.023387351Z,60,2026-08-24T21:26:27.023387351Z,false,2026-08-24T21:26:27.023387351Z,01M0TSZGKJQW5S4GCP9150DNN9,2026-08-24T21:26:27.023387351Z,0,2026-08-24T21:26:27.023387351Z,,,selection,2026-08-24T21:26:27.023387351Z,01M0TTNRJBY35V1V7SGKC29P7S,2026-08-24T21:26:27.023387351Z,,,false,2026-08-24T21:26:27.023387351Z,,,01M0TTNRY93C4JZWQQNS1W9QMW,2026-08-24T21:26:27.023387351Z
01M0TVKABMJA7CTA4E679AN3R7,01M0TTMTH8JPTHXWGXYEY1VFR8,2026-08-24T21:42:35.124536368Z,60,2026-08-24T21:42:35.124536368Z,true,2026-08-24T21:49:58.691818991Z,01M0TTMWMG725DJ5GA5M4WD8SY,2026-08-24T21:42:35.124536368Z,0,2026-08-24T21:42:35.124536368Z,true,2026-08-24T21:49:43.402225359Z,selection,2026-08-24T21:42:35.124536368Z,01M0TVK9GQNJ65PEK13QKGFCQM,2026-08-24T21:42:35.124536368Z,1787608183411,2026-08-24T21:49:43.412916054Z,true,2026-08-24T21:49:43.370080265Z,true,2026-08-24T21:49:43.424696782Z,01M0TVKABGQ98NPRBKZD8GQR1Y,2026-08-24T21:42:35.124536368Z
01M0TTEYASK9TXSTM16NPSDP2P,01M0TSZEX52H0PZDJFB4JNEAFW,2026-08-24T21:22:43.161116438Z,60,2026-08-24T21:22:43.161116438Z,true,2026-08-24T21:28:27.883524358Z,01M0TSZEY44B7XSP574QH2WQPJ,2026-08-24T21:22:43.161116438Z,0,2026-08-24T21:22:43.161116438Z,true,2026-08-24T21:27:39.42428577Z,selection,2026-08-24T21:22:43.161116438Z,01M0TTEY5NCZPR995J1P3D6GA4,2026-08-24T21:22:43.161116438Z,1787606859431,2026-08-24T21:27:39.434593921Z,true,2026-08-24T21:27:39.30260344Z,true,2026-08-24T21:27:39.447540214Z,01M0TTEYAJTRAQE6THEA30JZRB,2026-08-24T21:22:43.161116438Z
01M0TTMRA25JDNN2M0PG9WE175,01M0TSZV7X3D77NKMM5CDCW4Z6,2026-08-24T21:25:53.602585766Z,60,2026-08-24T21:25:53.602585766Z,true,2026-08-24T21:41:04.674074765Z,01M0TSZV8ERABP36QP2627EVMT,2026-08-24T21:25:53.602585766Z,0,2026-08-24T21:25:53.602585766Z,true,2026-08-24T21:40:28.591844452Z,selection,2026-08-24T21:25:53.602585766Z,01M0TTMQSYVETY363BTRBKAFRF,2026-08-24T21:25:53.602585766Z,1787607628599,2026-08-24T21:40:28.60084782Z,true,2026-08-24T21:40:28.554349663Z,true,2026-08-24T21:40:28.619243109Z,01M0TTMR9XNF1CKPD04NDGZDVG,2026-08-24T21:25:53.602585766Z
01M0TTEYGP0YQPB7VZ283KR04J,01M0TSZEX52H0PZDJFB4JNEAFW,2026-08-24T21:22:43.350533723Z,3,2026-08-24T21:22:43.350533723Z,true,2026-08-24T21:36:58.52290925Z,01M0TSZEY44B7XSP574QH2WQPJ,2026-08-24T21:22:43.350533723Z,1,2026-08-24T21:22:43.350533723Z,true,2026-08-24T21:36:55.485857423Z,feedback,2026-08-24T21:22:43.350533723Z,01M0TTEY3C1FA6J1X6YFGMS52G,2026-08-24T21:22:43.350533723Z,1787607415496,2026-08-24T21:36:55.497519144Z,true,2026-08-24T21:36:55.456809191Z,true,2026-08-24T21:36:55.506239652Z,01M0TTEYGJ4TD8EWGXTVYAW936,2026-08-24T21:22:43.350533723Z
01M0TV7KNVXZ7N1R7G7GMWHXPV,01M0TTMTH8JPTHXWGXYEY1VFR8,2026-08-24T21:36:11.451348781Z,60,2026-08-24T21:36:11.451348781Z,true,2026-08-24T21:55:20.648064637Z,01M0TTMWM9GSP2NP0T4CET96EB,2026-08-24T21:36:11.451348781Z,0,2026-08-24T21:36:11.451348781Z,true,2026-08-24T21:55:09.082551949Z,selection,2026-08-24T21:36:11.451348781Z,01M0TV7JMV7SXYDW68X3BHREMX,2026-08-24T21:36:11.451348781Z,1787608509099,2026-08-24T21:55:09.100653455Z,true,2026-08-24T21:55:09.038854794Z,true,2026-08-24T21:55:09.119012743Z,01M0TV7KNPZRQGT8XH56AY3W0K,2026-08-24T21:36:11.451348781Z
01M0TTEZ07JF68TC1JJ679K1K6,01M0TSZEX52H0PZDJFB4JNEAFW,2026-08-24T21:22:43.847255362Z,60,2026-08-24T21:22:43.847255362Z,true,2026-08-24T21:55:00.118202907Z,01M0TSZEY44B7XSP574QH2WQPJ,2026-08-24T21:22:43.847255362Z,0,2026-08-24T21:22:43.847255362Z,true,2026-08-24T21:54:23.910046209Z,selection,2026-08-24T21:22:43.847255362Z,01M0TTEY62ZXQJEEP7G4RFQYVE,2026-08-24T21:22:43.847255362Z,1787608463924,2026-08-24T21:54:23.926212165Z,true,2026-08-24T21:54:23.866464659Z,true,2026-08-24T21:54:23.950755246Z,01M0TTEZ027XN7MAYAZF65082S,2026-08-24T21:22:43.847255362Z
01M0TTKEETJGETHN3H4GH88KT6,01M0TSZGJXR0N6DNTNARWRMFQ4,2026-08-24T21:25:10.746196866Z,3,2026-08-24T21:25:10.746196866Z,false,2026-08-24T21:25:10.746196866Z,01M0TSZGKM72FFW193EYG47F25,2026-08-24T21:25:10.746196866Z,1,2026-08-24T21:25:10.746196866Z,,,feedback,2026-08-24T21:25:10.746196866Z,01M0TTKDG6C5PKFTSV7J4CNFAC,2026-08-24T21:25:10.746196866Z,,,false,2026-08-24T21:25:10.746196866Z,,,01M0TTKEEK8YS9S6PF94XBAPE0,2026-08-24T21:25:10.746196866Z
01M0TTKNQB30BKWJ8MYKSBKTMS,01M0TSZEX52H0PZDJFB4JNEAFW,2026-08-24T21:25:18.18711319Z,3,2026-08-24T21:25:18.18711319Z,true,2026-08-24T21:47:36.018144294Z,01M0TSZEY173D8F3KEP071GR06,2026-08-24T21:25:18.18711319Z,1,2026-08-24T21:25:18.18711319Z,true,2026-08-24T21:47:32.973729899Z,feedback,2026-08-24T21:25:18.18711319Z,01M0TTKN0Q50W9H411RD7NS4AZ,2026-08-24T21:25:18.18711319Z,1787608052984,2026-08-24T21:47:32.985758882Z,true,2026-08-24T21:47:32.931379512Z,true,2026-08-24T21:47:33.003942626Z,01M0TTKNQ7AGECCCD97YXN50BM,2026-08-24T21:25:18.18711319Z
01M0TTNSE3H6KKRNRBN4X0NBJ5,01M0TSZGJXR0N6DNTNARWRMFQ4,2026-08-24T21:26:27.523206281Z,60,2026-08-24T21:26:27.523206281Z,false,2026-08-24T21:26:27.523206281Z,01M0TSZGKJQW5S4GCP9150DNN9,2026-08-24T21:26:27.523206281Z,0,2026-08-24T21:26:27.523206281Z,,,selection,2026-08-24T21:26:27.523206281Z,01M0TTNRKQQXV9DJFHFY5QCC2Z,2026-08-24T21:26:27.523206281Z,,,false,2026-08-24T21:26:27.523206281Z,,,01M0TTNSDWPTN0YMWMFEMEJ9EC,2026-08-24T21:26:27.523206281Z
01M0TTTRFCB0VVCXK0891V9ZNV,01M0TSZV7X3D77NKMM5CDCW4Z6,2026-08-24T21:29:10.380455328Z,3,2026-08-24T21:29:10.380455328Z,true,2026-08-24T22:11:31.496794097Z,01M0TSZV8KEDQHAT4X33M1GG1C,2026-08-24T21:29:10.380455328Z,1,2026-08-24T21:29:10.380455328Z,true,2026-08-24T22:11:28.451382908Z,feedback,2026-08-24T21:29:10.380455328Z,01M0TTTPR87JX4X74108CPPSQ5,2026-08-24T21:29:10.380455328Z,1787609488473,2026-08-24T22:11:28.474944452Z,true,2026-08-24T22:11:28.39881308Z,true,2026-08-24T22:11:28.495370103Z,01M0TTTREZ9NJXRF3FVQ0X46EN,2026-08-24T21:29:10.380455328Z
01M0TTYSCNKRFTJS01V1BZFAEC,01M0TTMTH8JPTHXWGXYEY1VFR8,2026-08-24T21:31:22.389216761Z,60,2026-08-24T21:31:22.389216761Z,false,2026-08-24T21:31:22.389216761Z,01M0TTMWMDPGAHQRDA7BZJ8FEZ,2026-08-24T21:31:22.389216761Z,0,2026-08-24T21:31:22.389216761Z,,,selection,2026-08-24T21:31:22.389216761Z,01M0TTYQ4J33TAP4R67Z3HWZ3B,2026-08-24T21:31:22.389216761Z,,,false,2026-08-24T21:31:22.389216761Z,,,01M0TTYSCEWSGPY7CWSNKS9987,2026-08-24T21:31:22.389216761Z
01M0TVKA83G0BX29NDGBHKDR7R,01M0TTMTH8JPTHXWGXYEY1VFR8,2026-08-24T21:42:35.011910263Z,60,2026-08-24T21:42:35.011910263Z,true,2026-08-24T21:48:30.553566264Z,01M0TTMWMG725DJ5GA5M4WD8SY,2026-08-24T21:42:35.011910263Z,0,2026-08-24T21:42:35.011910263Z,true,2026-08-24T21:47:57.296882428Z,selection,2026-08-24T21:42:35.011910263Z,01M0TVK9FH34M6BJ18Q0Y52MZ6,2026-08-24T21:42:35.011910263Z,1787608077307,2026-08-24T21:47:57.308745843Z,true,2026-08-24T21:47:57.263759391Z,true,2026-08-24T21:47:57.320176197Z,01M0TVKA7Y6NCF72P2J38Z1NEF,2026-08-24T21:42:35.011910263Z
01M0TVKARQK8A98MNAD3RGSH2T,01M0TTMTH8JPTHXWGXYEY1VFR8,2026-08-24T21:42:35.543044492Z,3,2026-08-24T21:42:35.543044492Z,true,2026-08-24T21:54:17.097625841Z,01M0TTMWMG725DJ5GA5M4WD8SY,2026-08-24T21:42:35.543044492Z,1,2026-08-24T21:42:35.543044492Z,true,2026-08-24T21:54:14.048993026Z,feedback,2026-08-24T21:42:35.543044492Z,01M0TVK9MJZJ4DQ9ZXN0020MVD,2026-08-24T21:42:35.543044492Z,1787608454064,2026-08-24T21:54:14.066062305Z,true,2026-08-24T21:54:14.004316058Z,true,2026-08-24T21:54:14.081840077Z,01M0TVKAREK6AEETAME20ENBK9,2026-08-24T21:42:35.543044492Z
01M0TT9KRWM6D0ZRDPJ3R0XJH0,01M0TSZGJXR0N6DNTNARWRMFQ4,2026-08-24T21:19:48.508557595Z,60,2026-08-24T21:19:48.508557595Z,false,2026-08-24T21:19:48.508557595Z,01M0TSZGKE32G3R2H2EPQFBQNN,2026-08-24T21:19:48.508557595Z,0,2026-08-24T21:19:48.508557595Z,,,selection,2026-08-24T21:19:48.508557595Z,01M0TT9KHRMC2D3TMA8HK0NRVB,2026-08-24T21:19:48.508557595Z,,,false,2026-08-24T21:19:48.508557595Z,,,01M0TT9KRMZZZM3BES52EF26P5,2026-08-24T21:19:48.508557595Z
01M0TTK1YHKV23NYS8378X7Z84,01M0TSZEX52H0PZDJFB4JNEAFW,2026-08-24T21:24:57.937520502Z,3,2026-08-24T21:24:57.937520502Z,true,2026-08-24T22:09:17.955027459Z,01M0TSZEY54T11A9AMGVA6T4ZB,2026-08-24T21:24:57.937520502Z,1,2026-08-24T21:24:57.937520502Z,true,2026-08-24T22:09:14.900892484Z,feedback,2026-08-24T21:24:57.937520502Z,01M0TTK15BMPVJH5GGXJ7X11FN,2026-08-24T21:24:57.937520502Z,1787609354916,2026-08-24T22:09:14.918300838Z,true,2026-08-24T22:09:14.849651414Z,true,2026-08-24T22:09:14.940708009Z,01M0TTK1Y6N3FJGFX6SYBJ8YMD,2026-08-24T21:24:57.937520502Z
01M0TTEYZT4T24K1KS4AXWFN0R,01M0TSZEX52H0PZDJFB4JNEAFW,2026-08-24T21:22:43.834779541Z,3,2026-08-24T21:22:43.834779541Z,true,2026-08-24T21:54:23.696995418Z,01M0TSZEY44B7XSP574QH2WQPJ,2026-08-24T21:22:43.834779541Z,1,2026-08-24T21:22:43.834779541Z,true,2026-08-24T21:54:20.643937619Z,feedback,2026-08-24T21:22:43.834779541Z,01M0TTEY631PY9Q3YK285DG6G1,2026-08-24T21:22:43.834779541Z,1787608460660,2026-08-24T21:54:20.661528117Z,true,2026-08-24T21:54:20.600732755Z,true,2026-08-24T21:54:20.68068962Z,01M0TTEYZQTH63MP9W8NWSCTKT,2026-08-24T21:22:43.834779541Z
01M0TTKNNBQFPRR75RXH8WKZ5X,01M0TSZEX52H0PZDJFB4JNEAFW,2026-08-24T21:25:18.123208913Z,3,2026-08-24T21:25:18.123208913Z,true,2026-08-24T21:46:20.599477595Z,01M0TSZEY173D8F3KEP071GR06,2026-08-24T21:25:18.123208913Z,1,2026-08-24T21:25:18.123208913Z,true,2026-08-24T21:46:17.570112568Z,feedback,2026-08-24T21:25:18.123208913Z,01M0TTKMYB98E28XP8CE3KDFER,2026-08-24T21:25:18.123208913Z,1787607977582,2026-08-24T21:46:17.583396604Z,true,2026-08-24T21:46:17.534663367Z,true,2026-08-24T21:46:17.601511082Z,01M0TTKNN4P408V0NAP5JN2163,2026-08-24T21:25:18.123208913Z
01M0TTMS0AQ75B7KK613W0TVQW,01M0TSZV7X3D77NKMM5CDCW4Z6,2026-08-24T21:25:54.314259861Z,60,2026-08-24T21:25:54.314259861Z,true,2026-08-24T21:54:58.398254665Z,01M0TSZV8ERABP36QP2627EVMT,2026-08-24T21:25:54.314259861Z,0,2026-08-24T21:25:54.314259861Z,true,2026-08-24T21:54:48.137711659Z,selection,2026-08-24T21:25:54.314259861Z,01M0TTMQQYKF38FQ514C3D9KW9,2026-08-24T21:25:54.314259861Z,1787608488151,2026-08-24T21:54:48.152667617Z,true,2026-08-24T21:54:48.088826276Z,true,2026-08-24T21:54:48.173068224Z,01M0TTMS0566RBCPEBBF35X7N4,2026-08-24T21:25:54.314259861Z
01M0TTNRWDY62873T88Q6MA1A7,01M0TSZGJXR0N6DNTNARWRMFQ4,2026-08-24T21:26:26.958998351Z,3,2026-08-24T21:26:26.958998351Z,false,2026-08-24T21:26:26.958998351Z,01M0TSZGKJQW5S4GCP9150DNN9,2026-08-24T21:26:26.958998351Z,1,2026-08-24T21:26:26.958998351Z,,,feedback,2026-08-24T21:26:26.958998351Z,01M0TTNRJQXVJJ8GBQK8CGZH70,2026-08-24T21:26:26.958998351Z,,,false,2026-08-24T21:26:26.958998351Z,,,01M0TTNRW7FDQB4N8PCPABXT6K,2026-08-24T21:26:26.958998351Z
01M0TTTRP1QCZ3JWS6KS0MRB3R,01M0TSZV7X3D77NKMM5CDCW4Z6,2026-08-24T21:29:10.593735064Z,3,2026-08-24T21:29:10.593735064Z,true,2026-08-24T22:15:10.751318115Z,01M0TSZV8KEDQHAT4X33M1GG1C,2026-08-24T21:29:10.593735064Z,1,2026-08-24T21:29:10.593735064Z,true,2026-08-24T22:15:07.687573044Z,feedback,2026-08-24T21:29:10.593735064Z,01M0TTTPV426FRCXCMNSFC5QKF,2026-08-24T21:29:10.593735064Z,1787609707705,2026-08-24T22:15:07.70720384Z,true,2026-08-24T22:15:07.623991138Z,true,2026-08-24T22:15:07.73034591Z,01M0TTTRNRNH0BZRRAANZAWZNN,2026-08-24T21:29:10.593735064Z
01M0TV7KRSQ0KDSAF7SW12G50P,01M0TTMTH8JPTHXWGXYEY1VFR8,2026-08-24T21:36:11.545876599Z,3,2026-08-24T21:36:11.545876599Z,true,2026-08-24T21:56:48.601930138Z,01M0TTMWM9GSP2NP0T4CET96EB,2026-08-24T21:36:11.545876599Z,1,2026-08-24T21:36:11.545876599Z,true,2026-08-24T21:56:45.544356792Z,feedback,2026-08-24T21:36:11.545876599Z,01M0TV7JM2CXPRGVK159AYJ6HQ,2026-08-24T21:36:11.545876599Z,1787608605561,2026-08-24T21:56:45.563101452Z,true,2026-08-24T21:56:45.500112229Z,true,2026-08-24T21:56:45.584049389Z,01M0TV7KRGA96XC23GFWE2BYBH,2026-08-24T21:36:11.545876599Z
01M0TTA5RJQPXW6XT1GVG2KSE0,01M0TSZV7X3D77NKMM5CDCW4Z6,2026-08-24T21:20:06.931017417Z,60,2026-08-24T21:20:06.931017417Z,true,2026-08-24T21:34:58.240177036Z,01M0TSZV8KEDQHAT4X3FNKVS2B,2026-08-24T21:20:06.931017417Z,0,2026-08-24T21:20:06.931017417Z,true,2026-08-24T21:34:09.369844315Z,selection,2026-08-24T21:20:06.931017417Z,01M0TTA5CP45MHEBHBNGQ38XMR,2026-08-24T21:20:06.931017417Z,1787607249379,2026-08-24T21:34:09.380829064Z,true,2026-08-24T21:34:09.332811716Z,true,2026-08-24T21:34:09.396988226Z,01M0TTA5RCGTZV27XVP219NMW2,2026-08-24T21:20:06.931017417Z
01M0TTA64EP0WR5TE2D8K385TA,01M0TSZV7X3D77NKMM5CDCW4Z6,2026-08-24T21:20:07.310558252Z,60,2026-08-24T21:20:07.310558252Z,true,2026-08-24T21:44:41.353205094Z,01M0TSZV8KEDQHAT4X3FNKVS2B,2026-08-24T21:20:07.310558252Z,0,2026-08-24T21:20:07.310558252Z,true,2026-08-24T21:44:21.842198107Z,selection,2026-08-24T21:20:07.310558252Z,01M0TTA58PCC23T1D0BERXGKP4,2026-08-24T21:20:07.310558252Z,1787607861854,2026-08-24T21:44:21.856565283Z,true,2026-08-24T21:44:21.808758585Z,true,2026-08-24T21:44:21.877971934Z,01M0TTA649E53GJ53MTCFW1BYF,2026-08-24T21:20:07.310558252Z
01M0TV7K7QZTQVW05GTK6T9EJ5,01M0TTMTH8JPTHXWGXYEY1VFR8,2026-08-24T21:36:10.999099141Z,60,2026-08-24T21:36:10.999099141Z,true,2026-08-24T21:47:21.784609116Z,01M0TTMWM9GSP2NP0T4CET96EB,2026-08-24T21:36:10.999099141Z,0,2026-08-24T21:36:10.999099141Z,true,2026-08-24T21:46:52.039539694Z,selection,2026-08-24T21:36:10.999099141Z,01M0TV7JQJKSXTB3WWZANJ82HR,2026-08-24T21:36:10.999099141Z,1787608012052,2026-08-24T21:46:52.053790282Z,true,2026-08-24T21:46:52.004918815Z,true,2026-08-24T21:46:52.067536352Z,01M0TV7K7J56CGC08MDV56TC8Y,2026-08-24T21:36:10.999099141Z
01M0TT9M4RVG3MXVGZXN7D7ZEH,01M0TSZGJXR0N6DNTNARWRMFQ4,2026-08-24T21:19:48.888657389Z,3,2026-08-24T21:19:48.888657389Z,false,2026-08-24T21:19:48.888657389Z,01M0TSZGKE32G3R2H2EPQFBQNN,2026-08-24T21:19:48.888657389Z,1,2026-08-24T21:19:48.888657389Z,,,feedback,2026-08-24T21:19:48.888657389Z,01M0TT9KHYM73GNE0Q4PABW3ZH,2026-08-24T21:19:48.888657389Z,,,false,2026-08-24T21:19:48.888657389Z,,,01M0TT9M4N3RC803HBA7ZBASP4,2026-08-24T21:19:48.888657389Z
01M0TTK1S748JPEGKV9BEV83SF,01M0TSZEX52H0PZDJFB4JNEAFW,2026-08-24T21:24:57.76788143Z,60,2026-08-24T21:24:57.76788143Z,true,2026-08-24T22:04:31.789787858Z,01M0TSZEY54T11A9AMGVA6T4ZB,2026-08-24T21:24:57.76788143Z,0,2026-08-24T21:24:57.76788143Z,true,2026-08-24T22:03:44.004949256Z,selection,2026-08-24T21:24:57.76788143Z,01M0TTK18PZ0PYJEA38V2Y8EBF,2026-08-24T21:24:57.76788143Z,1787609024026,2026-08-24T22:03:44.027552509Z,true,2026-08-24T22:03:43.949172827Z,true,2026-08-24T22:03:44.048258876Z,01M0TTK1S3CTT53R9W9FK0PDWZ,2026-08-24T21:24:57.76788143Z
01M0TTKDVNMMJ94D4DN7AQ2PTD,01M0TSZGJXR0N6DNTNARWRMFQ4,2026-08-24T21:25:10.13358172Z,60,2026-08-24T21:25:10.13358172Z,false,2026-08-24T21:25:10.13358172Z,01M0TSZGKM72FFW193EYG47F25,2026-08-24T21:25:10.13358172Z,0,2026-08-24T21:25:10.13358172Z,,,selection,2026-08-24T21:25:10.13358172Z,01M0TTKDAFMZ7E3HV6T635ST7C,2026-08-24T21:25:10.13358172Z,,,false,2026-08-24T21:25:10.13358172Z,,,01M0TTKDVGZZJ67GQHWQ3R40AQ,2026-08-24T21:25:10.13358172Z
01M0TTKEFAJYSX4H5W3VVMSE8Y,01M0TSZGJXR0N6DNTNARWRMFQ4,2026-08-24T21:25:10.762647008Z,60,2026-08-24T21:25:10.762647008Z,false,2026-08-24T21:25:10.762647008Z,01M0TSZGKM72FFW193EYG47F25,2026-08-24T21:25:10.762647008Z,0,2026-08-24T21:25:10.762647008Z,,,selection,2026-08-24T21:25:10.762647008Z,01M0TTKD91R2Q585TVMH4X45DJ,2026-08-24T21:25:10.762647008Z,,,false,2026-08-24T21:25:10.762647008Z,,,01M0TTKEF6AR4M0C8S08QW188J,2026-08-24T21:25:10.762647008Z
01M0TTTRMXNJED8K4BV0TXA8WY,01M0TSZV7X3D77NKMM5CDCW4Z6,2026-08-24T21:29:10.557599917Z,60,2026-08-24T21:29:10.557599917Z,true,2026-08-24T22:14:32.23637153Z,01M0TSZV8KEDQHAT4X33M1GG1C,2026-08-24T21:29:10.557599917Z,0,2026-08-24T21:29:10.557599917Z,true,2026-08-24T22:13:47.447511725Z,selection,2026-08-24T21:29:10.557599917Z,01M0TTTPVCBKQZRQZN9J9GHT95,2026-08-24T21:29:10.557599917Z,1787609627464,2026-08-24T22:13:47.465647946Z,true,2026-08-24T22:13:47.400430894Z,true,2026-08-24T22:13:47.536888311Z,01M0TTTRMKBYAN723XVE1CHMH0,2026-08-24T21:29:10.557599917Z
01M0TVKB9MVWENJ6XYG014H6TN,01M0TTMTH8JPTHXWGXYEY1VFR8,2026-08-24T21:42:36.086024257Z,3,2026-08-24T21:42:36.086024257Z,true,2026-08-24T21:58:25.674923021Z,01M0TTMWMG725DJ5GA5M4WD8SY,2026-08-24T21:42:36.086024257Z,1,2026-08-24T21:42:36.086024257Z,true,2026-08-24T21:58:22.640226944Z,feedback,2026-08-24T21:42:36.086024257Z,01M0TVK9SP4ZCYCYBR3ZFY92KZ,2026-08-24T21:42:36.086024257Z,1787608702657,2026-08-24T21:58:22.658861Z,true,2026-08-24T21:58:22.59332786Z,true,2026-08-24T21:58:22.676636958Z,01M0TVKB9B2MXT5HXYRERHH1WR,2026-08-24T21:42:36.086024257Z
01M0TTA68054ZTGJVTB9HKBP15,01M0TSZV7X3D77NKMM5CDCW4Z6,2026-08-24T21:20:07.424838538Z,3,2026-08-24T21:20:07.424838538Z,true,2026-08-24T21:47:11.138625744Z,01M0TSZV8KEDQHAT4X3FNKVS2B,2026-08-24T21:20:07.424838538Z,1,2026-08-24T21:20:07.424838538Z,true,2026-08-24T21:47:08.109196962Z,feedback,2026-08-24T21:20:07.424838538Z,01M0TTA581ZCYX8KCJBG1MQX0S,2026-08-24T21:20:07.424838538Z,1787608028122,2026-08-24T21:47:08.123814406Z,true,2026-08-24T21:47:08.077258123Z,true,2026-08-24T21:47:08.13857249Z,01M0TTA67VBW9W78ZMYAVYPJ9Y,2026-08-24T21:20:07.424838538Z
01M0TTEYD3YQGMHFYR00E888PK,01M0TSZEX52H0PZDJFB4JNEAFW,2026-08-24T21:22:43.235565831Z,60,2026-08-24T21:22:43.235565831Z,true,2026-08-24T21:31:46.867617561Z,01M0TSZEY44B7XSP574QH2WQPJ,2026-08-24T21:22:43.235565831Z,0,2026-08-24T21:22:43.235565831Z,true,2026-08-24T21:30:56.311231282Z,selection,2026-08-24T21:22:43.235565831Z,01M0TTEY3271BQ0M7JANRXQGCN,2026-08-24T21:22:43.235565831Z,1787607056323,2026-08-24T21:30:56.32586919Z,true,2026-08-24T21:30:56.274913784Z,true,2026-08-24T21:30:56.344842864Z,01M0TTEYCVD4KXGX1DGGNT38JQ,2026-08-24T21:22:43.235565831Z
01M0TTTQ6MJS6Y105XEAQSH88A,01M0TSZV7X3D77NKMM5CDCW4Z6,2026-08-24T21:29:09.076344978Z,60,2026-08-24T21:29:09.076344978Z,true,2026-08-24T21:49:53.355430321Z,01M0TSZV8KEDQHAT4X33M1GG1C,2026-08-24T21:29:09.076344978Z,0,2026-08-24T21:29:09.076344978Z,true,2026-08-24T21:49:02.737212826Z,selection,2026-08-24T21:29:09.076344978Z,01M0TTTPP92J1ZE2QRE2PBKE0N,2026-08-24T21:29:09.076344978Z,1787608142751,2026-08-24T21:49:02.753197583Z,true,2026-08-24T21:49:02.708429271Z,true,2026-08-24T21:49:02.765512098Z,01M0TTTQ6812GZ35GRMPM9DX0A,2026-08-24T21:29:09.076344978Z
01M0TTA6ADCBJ74M74WX79R764,01M0TSZV7X3D77NKMM5CDCW4Z6,2026-08-24T21:20:07.501905491Z,3,2026-08-24T21:20:07.501905491Z,true,2026-08-24T21:48:51.178642571Z,01M0TSZV8KEDQHAT4X3FNKVS2B,2026-08-24T21:20:07.501905491Z,1,2026-08-24T21:20:07.501905491Z,true,2026-08-24T21:48:48.149747321Z,feedback,2026-08-24T21:20:07.501905491Z,01M0TTA59AFMAPNZE2PF10TCXT,2026-08-24T21:20:07.501905491Z,1787608128161,2026-08-24T21:48:48.16329204Z,true,2026-08-24T21:48:48.108743595Z,true,2026-08-24T21:48:48.17668177Z,01M0TTA6A90S4SEPS83D4S4ARH,2026-08-24T21:20:07.501905491Z
01M0TTK209CMYSQMZ5GDW8MR3W,01M0TSZEX52H0PZDJFB4JNEAFW,2026-08-24T21:24:57.993884001Z,3,2026-08-24T21:24:57.993884001Z,true,2026-08-24T22:10:47.246841697Z,01M0TSZEY54T11A9AMGVA6T4ZB,2026-08-24T21:24:57.993884001Z,1,2026-08-24T21:24:57.993884001Z,true,2026-08-24T22:10:44.205476824Z,feedback,2026-08-24T21:24:57.993884001Z,01M0TTK16DVC0HFKAE7AM9Y15K,2026-08-24T21:24:57.993884001Z,1787609444224,2026-08-24T22:10:44.226164587Z,true,2026-08-24T22:10:44.156795636Z,true,2026-08-24T22:10:44.248820402Z,01M0TTK2057M7T9WHTX29398VA,2026-08-24T21:24:57.993884001Z
01M0TV7KVGTQQWWBEAJMCNE19E,01M0TTMTH8JPTHXWGXYEY1VFR8,2026-08-24T21:36:11.632503802Z,3,2026-08-24T21:36:11.632503802Z,true,2026-08-24T21:58:06.208103687Z,01M0TTMWM9GSP2NP0T4CET96EB,2026-08-24T21:36:11.632503802Z,1,2026-08-24T21:36:11.632503802Z,true,2026-08-24T21:58:03.175107967Z,feedback,2026-08-24T21:36:11.632503802Z,01M0TV7K0HCRYF141G2KXVZ51V,2026-08-24T21:36:11.632503802Z,1787608683188,2026-08-24T21:58:03.189315688Z,true,2026-08-24T21:58:03.134594234Z,true,2026-08-24T21:58:03.205213773Z,01M0TV7KV8B6512Y3XJ2865BER,2026-08-24T21:36:11.632503802Z
01M0TTA69W6FBSDR2QNJJKGC7C,01M0TSZV7X3D77NKMM5CDCW4Z6,2026-08-24T21:20:07.484248824Z,3,2026-08-24T21:20:07.484248824Z,true,2026-08-24T21:48:29.336761164Z,01M0TSZV8KEDQHAT4X3FNKVS2B,2026-08-24T21:20:07.484248824Z,1,2026-08-24T21:20:07.484248824Z,true,2026-08-24T21:48:26.309802773Z,feedback,2026-08-24T21:20:07.484248824Z,01M0TTA59HTX22FH7A55J2R0N7,2026-08-24T21:20:07.484248824Z,1787608106320,2026-08-24T21:48:26.321781013Z,true,2026-08-24T21:48:26.268753602Z,true,2026-08-24T21:48:26.33636481Z,01M0TTA69K0SE9RYH91HS14MF9,2026-08-24T21:20:07.484248824Z
01M0TTMRS29CVYVFD6F4VVJQ31,01M0TSZV7X3D77NKMM5CDCW4Z6,2026-08-24T21:25:54.082124741Z,3,2026-08-24T21:25:54.082124741Z,true,2026-08-24T21:51:00.954918527Z,01M0TSZV8ERABP36QP2627EVMT,2026-08-24T21:25:54.082124741Z,1,2026-08-24T21:25:54.082124741Z,true,2026-08-24T21:50:57.927390775Z,feedback,2026-08-24T21:25:54.082124741Z,01M0TTMQQ1B1RKA3APPBJM0A6X,2026-08-24T21:25:54.082124741Z,1787608257938,2026-08-24T21:50:57.940007963Z,true,2026-08-24T21:50:57.882129829Z,true,2026-08-24T21:50:57.95700884Z,01M0TTMRRVMJWZP7J5RR4GB35Z,2026-08-24T21:25:54.082124741Z
01M0TTNSE6J2MYN7W8B5QDVEK0,01M0TSZGJXR0N6DNTNARWRMFQ4,2026-08-24T21:26:27.527881654Z,3,2026-08-24T21:26:27.527881654Z,false,2026-08-24T21:26:27.527881654Z,01M0TSZGKJQW5S4GCP9150DNN9,2026-08-24T21:26:27.527881654Z,1,2026-08-24T21:26:27.527881654Z,,,feedback,2026-08-24T21:26:27.527881654Z,01M0TTNRKQQXV9DJFHFY5QCC2Z,2026-08-24T21:26:27.527881654Z,,,false,2026-08-24T21:26:27.527881654Z,,,01M0TTNSE03STFTJKN3Y6D734Z,2026-08-24T21:26:27.527881654Z
01M0TTYQTSAFVEJK2GCDCEXBKC,01M0TTMTH8JPTHXWGXYEY1VFR8,2026-08-24T21:31:20.793115176Z,60,2026-08-24T21:31:20.793115176Z,true,2026-08-24T21:49:25.168495531Z,01M0TTMWMDPGAHQRDA7BZJ8FEZ,2026-08-24T21:31:20.793115176Z,0,2026-08-24T21:31:20.793115176Z,true,2026-08-24T21:48:45.847935884Z,selection,2026-08-24T21:31:20.793115176Z,01M0TTYQ2GY9DVZDHX5ZA7FF3R,2026-08-24T21:31:20.793115176Z,1787608125874,2026-08-24T21:48:45.880274041Z,true,2026-08-24T21:48:45.805620256Z,true,2026-08-24T21:48:45.90651923Z,01M0TTYQTFZKVCNDQE7FXQ7JEH,2026-08-24T21:31:20.793115176Z
01M0TTYR6JY0N4RVJKCN0XX6HM,01M0TTMTH8JPTHXWGXYEY1VFR8,2026-08-24T21:31:21.170311646Z,3,2026-08-24T21:31:21.170311646Z,true,2026-08-24T21:58:13.154340311Z,01M0TTMWMDPGAHQRDA7BZJ8FEZ,2026-08-24T21:31:21.170311646Z,1,2026-08-24T21:31:21.170311646Z,true,2026-08-24T21:58:10.1220422Z,feedback,2026-08-24T21:31:21.170311646Z,01M0TTYQ80DW10MHDK6W4BSDCS,2026-08-24T21:31:21.170311646Z,1787608690135,2026-08-24T21:58:10.136698872Z,true,2026-08-24T21:58:10.076727868Z,true,2026-08-24T21:58:10.152989607Z,01M0TTYR68K49DRGSNFA58SSQ1,2026-08-24T21:31:21.170311646Z
01M0TTYRGN3ZBNV5Q7X08BBCKD,01M0TTMTH8JPTHXWGXYEY1VFR8,2026-08-24T21:31:21.49374785Z,3,2026-08-24T21:31:21.49374785Z,false,2026-08-24T21:31:21.49374785Z,01M0TTMWMDPGAHQRDA7BZJ8FEZ,2026-08-24T21:31:21.49374785Z,1,2026-08-24T21:31:21.49374785Z,,,feedback,2026-08-24T21:31:21.49374785Z,01M0TTYQHPEYFF8ZYDZ2D2M1RN,2026-08-24T21:31:21.49374785Z,,,false,2026-08-24T21:31:21.49374785Z,,,01M0TTYRGA6D4VRD3RS0KDSSWM,2026-08-24T21:31:21.49374785Z
01M0TT9M3RHXC6MSVYW2BCKTAT,01M0TSZGJXR0N6DNTNARWRMFQ4,2026-08-24T21:19:48.856214581Z,60,2026-08-24T21:19:48.856214581Z,false,2026-08-24T21:19:48.856214581Z,01M0TSZGKE32G3R2H2EPQFBQNN,2026-08-24T21:19:48.856214581Z,0,2026-08-24T21:19:48.856214581Z,,,selection,2026-08-24T21:19:48.856214581Z,01M0TT9KFS7M1X3BEW6QGG6SET,2026-08-24T21:19:48.856214581Z,,,false,2026-08-24T21:19:48.856214581Z,,,01M0TT9M3HAE75VCMHXCKZ8N9D,2026-08-24T21:19:48.856214581Z
01M0TTA5QKC9Z7C75TZHQ0NSYS,01M0TSZV7X3D77NKMM5CDCW4Z6,2026-08-24T21:20:06.899487313Z,3,2026-08-24T21:20:06.899487313Z,true,2026-08-24T21:33:42.23874875Z,01M0TSZV8KEDQHAT4X3FNKVS2B,2026-08-24T21:20:06.899487313Z,1,2026-08-24T21:20:06.899487313Z,true,2026-08-24T21:33:39.201030045Z,feedback,2026-08-24T21:20:06.899487313Z,01M0TTA5D4CKV25RMJVT9H7M77,2026-08-24T21:20:06.899487313Z,1787607219213,2026-08-24T21:33:39.215123485Z,true,2026-08-24T21:33:39.168737216Z,true,2026-08-24T21:33:39.227273943Z,01M0TTA5QF1SA8DRR5WJ5BPRZD,2026-08-24T21:20:06.899487313Z
01M0TVKB3V6WBV07CCAPGGRXST,01M0TTMTH8JPTHXWGXYEY1VFR8,2026-08-24T21:42:35.899599079Z,60,2026-08-24T21:42:35.899599079Z,true,2026-08-24T21:57:09.142397439Z,01M0TTMWMG725DJ5GA5M4WD8SY,2026-08-24T21:42:35.899599079Z,0,2026-08-24T21:42:35.899599079Z,true,2026-08-24T21:56:56.359092042Z,selection,2026-08-24T21:42:35.899599079Z,01M0TVK9R4417DC55B8Z6RWFZ2,2026-08-24T21:42:35.899599079Z,1787608616371,2026-08-24T21:56:56.372217685Z,true,2026-08-24T21:56:56.323100685Z,true,2026-08-24T21:56:56.384675875Z,01M0TVKB3N0W3BAWGBKGPYR0P4,2026-08-24T21:42:35.899599079Z
01M0TV7M1DAFCPMSZN57XE2V5Q,01M0TTMTH8JPTHXWGXYEY1VFR8,2026-08-24T21:36:11.823014964Z,3,2026-08-24T21:36:11.823014964Z,true,2026-08-24T21:59:26.32753559Z,01M0TTMWM9GSP2NP0T4CET96EB,2026-08-24T21:36:11.823014964Z,1,2026-08-24T21:36:11.823014964Z,true,2026-08-24T21:59:23.290304408Z,feedback,2026-08-24T21:36:11.823014964Z,01M0TV7JYWRCW347VN39XTFNXG,2026-08-24T21:36:11.823014964Z,1787608763303,2026-08-24T21:59:23.304824972Z,true,2026-08-24T21:59:23.240701128Z,true,2026-08-24T21:59:23.328718819Z,01M0TV7M1411GHRPZQYRYVW6K4,2026-08-24T21:36:11.823014964Z
01M0TVKABVWVE71DQ2A8THSF8H,01M0TTMTH8JPTHXWGXYEY1VFR8,2026-08-24T21:42:35.131936081Z,3,2026-08-24T21:42:35.131936081Z,true,2026-08-24T21:50:01.813212231Z,01M0TTMWMG725DJ5GA5M4WD8SY,2026-08-24T21:42:35.131936081Z,1,2026-08-24T21:42:35.131936081Z,true,2026-08-24T21:49:58.770040653Z,feedback,2026-08-24T21:42:35.131936081Z,01M0TVK9GQNJ65PEK13QKGFCQM,2026-08-24T21:42:35.131936081Z,1787608198780,2026-08-24T21:49:58.781961035Z,true,2026-08-24T21:49:58.719609307Z,true,2026-08-24T21:49:58.801923892Z,01M0TVKABJ00BYSWQ7PTM260TK,2026-08-24T21:42:35.131936081Z
01M0TTMS0Y7W58D860MJ9F5NC3,01M0TSZV7X3D77NKMM5CDCW4Z6,2026-08-24T21:25:54.33406846Z,60,2026-08-24T21:25:54.33406846Z,true,2026-08-24T21:55:18.378456307Z,01M0TSZV8ERABP36QP2627EVMT,2026-08-24T21:25:54.33406846Z,0,2026-08-24T21:25:54.33406846Z,true,2026-08-24T21:55:01.783903322Z,selection,2026-08-24T21:25:54.33406846Z,01M0TTMQR1W58442SPPYZSPSKX,2026-08-24T21:25:54.33406846Z,1787608501808,2026-08-24T21:55:01.810668867Z,true,2026-08-24T21:55:01.671248392Z,true,2026-08-24T21:55:01.860141724Z,01M0TTMS0SFNR65TGAB941G5AJ,2026-08-24T21:25:54.33406846Z
01M0TV7KXSZR9BAGKFFJV63WQJ,01M0TTMTH8JPTHXWGXYEY1VFR8,2026-08-24T21:36:11.705861183Z,3,2026-08-24T21:36:11.705861183Z,true,2026-08-24T21:58:45.351946313Z,01M0TTMWM9GSP2NP0T4CET96EB,2026-08-24T21:36:11.705861183Z,1,2026-08-24T21:36:11.705861183Z,true,2026-08-24T21:58:42.317373757Z,feedback,2026-08-24T21:36:11.705861183Z,01M0TV7K00E7H18KNHGPC9NM8M,2026-08-24T21:36:11.705861183Z,1787608722333,2026-08-24T21:58:42.335097216Z,true,2026-08-24T21:58:42.276681132Z,true,2026-08-24T21:58:42.348189259Z,01M0TV7KXECN6QZ95H8W80JARC,2026-08-24T21:36:11.705861183Z
01M0TV7M75D1E9X78YSKTM8DH7,01M0TTMTH8JPTHXWGXYEY1VFR8,2026-08-24T21:36:12.005332099Z,3,2026-08-24T21:36:12.005332099Z,true,2026-08-24T22:01:26.299779799Z,01M0TTMWM9GSP2NP0T4CET96EB,2026-08-24T21:36:12.005332099Z,1,2026-08-24T21:36:12.005332099Z,true,2026-08-24T22:01:23.260441315Z,feedback,2026-08-24T21:36:12.005332099Z,01M0TV7JXBKSPSNDP6R5ZNS5GM,2026-08-24T21:36:12.005332099Z,1787608883278,2026-08-24T22:01:23.280396947Z,true,2026-08-24T22:01:23.219936865Z,true,2026-08-24T22:01:23.299702005Z,01M0TV7M6XR6Q354WGBQ3AVBC8,2026-08-24T21:36:12.005332099Z
01M0TVKBGBP8PZBAZBPQ0WTWZP,01M0TTMTH8JPTHXWGXYEY1VFR8,2026-08-24T21:42:36.299330573Z,3,2026-08-24T21:42:36.299330573Z,true,2026-08-24T22:00:04.709543944Z,01M0TTMWMG725DJ5GA5M4WD8SY,2026-08-24T21:42:36.299330573Z,1,2026-08-24T21:42:36.299330573Z,true,2026-08-24T22:00:01.634141387Z,feedback,2026-08-24T21:42:36.299330573Z,01M0TVKA0VQCS9JPC904MSK715,2026-08-24T21:42:36.299330573Z,1787608801663,2026-08-24T22:00:01.665140945Z,true,2026-08-24T22:00:01.549435184Z,true,2026-08-24T22:00:01.710428846Z,01M0TVKBG33V3PJV62XNBH1ETC,2026-08-24T21:42:36.299330573Z
01M0TTA5S9J8QXPZVJMXQ9WHG9,01M0TSZV7X3D77NKMM5CDCW4Z6,2026-08-24T21:20:06.954519672Z,3,2026-08-24T21:20:06.954519672Z,true,2026-08-24T21:35:37.981752234Z,01M0TSZV8KEDQHAT4X3FNKVS2B,2026-08-24T21:20:06.954519672Z,1,2026-08-24T21:20:06.954519672Z,true,2026-08-24T21:35:34.955688777Z,feedback,2026-08-24T21:20:06.954519672Z,01M0TTA5CDX4NSDVC9DFTS295R,2026-08-24T21:20:06.954519672Z,1787607334965,2026-08-24T21:35:34.967630401Z,true,2026-08-24T21:35:34.922077529Z,true,2026-08-24T21:35:34.980891966Z,01M0TTA5S47ZC8GB9S6ZS3THA7,2026-08-24T21:20:06.954519672Z
01M0TTMRY2ZQ8CFBEWV2FGBGAP,01M0TSZV7X3D77NKMM5CDCW4Z6,2026-08-24T21:25:54.243496219Z,3,2026-08-24T21:25:54.243496219Z,true,2026-08-24T21:54:01.395025885Z,01M0TSZV8ERABP36QP2627EVMT,2026-08-24T21:25:54.243496219Z,1,2026-08-24T21:25:54.243496219Z,true,2026-08-24T21:53:58.358619681Z,feedback,2026-08-24T21:25:54.243496219Z,01M0TTMQRKPV365FHV1ZCZWC4F,2026-08-24T21:25:54.243496219Z,1787608438374,2026-08-24T21:53:58.37583864Z,true,2026-08-24T21:53:58.308108689Z,true,2026-08-24T21:53:58.39776709Z,01M0TTMRXXMJNG3DX7GEJHP7YG,2026-08-24T21:25:54.243496219Z
01M0TV7KQTE4NBC6156A8K6KJT,01M0TTMTH8JPTHXWGXYEY1VFR8,2026-08-24T21:36:11.514515103Z,3,2026-08-24T21:36:11.514515103Z,true,2026-08-24T21:56:06.584258871Z,01M0TTMWM9GSP2NP0T4CET96EB,2026-08-24T21:36:11.514515103Z,1,2026-08-24T21:36:11.514515103Z,true,2026-08-24T21:56:03.503302852Z,feedback,2026-08-24T21:36:11.514515103Z,01M0TV7JM9ZTGCGRK87E8K8MB1,2026-08-24T21:36:11.514515103Z,1787608563518,2026-08-24T21:56:03.519679748Z,true,2026-08-24T21:56:03.461911738Z,true,2026-08-24T21:56:03.534027067Z,01M0TV7KQGRPZF1BGXVWDMTGCW,2026-08-24T21:36:11.514515103Z
01M0TVKA91EW8WWRFSNA5WKRRA,01M0TTMTH8JPTHXWGXYEY1VFR8,2026-08-24T21:42:35.041387057Z,60,2026-08-24T21:42:35.041387057Z,true,2026-08-24T21:49:00.868603694Z,01M0TTMWMG725DJ5GA5M4WD8SY,2026-08-24T21:42:35.041387057Z,0,2026-08-24T21:42:35.041387057Z,true,2026-08-24T21:48:33.815749028Z,selection,2026-08-24T21:42:35.041387057Z,01M0TVK9FW1YJ2K9B0GWPAVQW8,2026-08-24T21:42:35.041387057Z,1787608113823,2026-08-24T21:48:33.825037463Z,true,2026-08-24T21:48:33.780821623Z,true,2026-08-24T21:48:33.83759616Z,01M0TVKA8XFFZCWSHPSSAFCASC,2026-08-24T21:42:35.041387057Z
01M0TTEYS0MENC76EY5SN4J8EM,01M0TSZEX52H0PZDJFB4JNEAFW,2026-08-24T21:22:43.616573519Z,60,2026-08-24T21:22:43.616573519Z,true,2026-08-24T21:46:16.529779085Z,01M0TSZEY44B7XSP574QH2WQPJ,2026-08-24T21:22:43.616573519Z,0,2026-08-24T21:22:43.616573519Z,true,2026-08-24T21:45:42.234813496Z,selection,2026-08-24T21:22:43.616573519Z,01M0TTEY486YE4H016KHGE261T,2026-08-24T21:22:43.616573519Z,1787607942256,2026-08-24T21:45:42.258399365Z,true,2026-08-24T21:45:42.153960983Z,true,2026-08-24T21:45:42.277907603Z,01M0TTEYRVSKM2XV8SV4YQEAJN,2026-08-24T21:22:43.616573519Z
01M0TTK1MJ7GW4J5MSSE9ZQHWW,01M0TSZEX52H0PZDJFB4JNEAFW,2026-08-24T21:24:57.618314892Z,3,2026-08-24T21:24:57.618314892Z,true,2026-08-24T21:59:10.235680903Z,01M0TSZEY54T11A9AMGVA6T4ZB,2026-08-24T21:24:57.618314892Z,1,2026-08-24T21:24:57.618314892Z,true,2026-08-24T21:59:07.161019289Z,feedback,2026-08-24T21:24:57.618314892Z,01M0TTK14D39HVCNYPVKNER1YX,2026-08-24T21:24:57.618314892Z,1787608747186,2026-08-24T21:59:07.188048174Z,true,2026-08-24T21:59:07.054652042Z,true,2026-08-24T21:59:07.234598027Z,01M0TTK1MEX5PS048EVXJPDD7F,2026-08-24T21:24:57.618314892Z
01M0TTTQ3AB9QGF6CWJQ7BV6ZC,01M0TSZV7X3D77NKMM5CDCW4Z6,2026-08-24T21:29:08.970853182Z,3,2026-08-24T21:29:08.970853182Z,true,2026-08-24T21:47:31.555381767Z,01M0TSZV8KEDQHAT4X33M1GG1C,2026-08-24T21:29:08.970853182Z,1,2026-08-24T21:29:08.970853182Z,true,2026-08-24T21:47:28.529604792Z,feedback,2026-08-24T21:29:08.970853182Z,01M0TTTPPVKGPJR7SCVG4AHTP9,2026-08-24T21:29:08.970853182Z,1787608048539,2026-08-24T21:47:28.540973562Z,true,2026-08-24T21:47:28.486691855Z,true,2026-08-24T21:47:28.554633391Z,01M0TTTQ3013HWSV5W76DBA10K,2026-08-24T21:29:08.970853182Z
01M0TT9M8ACNEJ06VVRTWAK57V,01M0TSZGJXR0N6DNTNARWRMFQ4,2026-08-24T21:19:49.002086512Z,3,2026-08-24T21:19:49.002086512Z,false,2026-08-24T21:19:49.002086512Z,01M0TSZGKE32G3R2H2EPQFBQNN,2026-08-24T21:19:49.002086512Z,1,2026-08-24T21:19:49.002086512Z,,,feedback,2026-08-24T21:19:49.002086512Z,01M0TT9KGNV61WBG8M6WSMPQE2,2026-08-24T21:19:49.002086512Z,,,false,2026-08-24T21:19:49.002086512Z,,,01M0TT9M86S4G2SSC79BZ2B5J6,2026-08-24T21:19:49.002086512Z
01M0TTEYHT94EZNY2HN4VRTPRW,01M0TSZEX52H0PZDJFB4JNEAFW,2026-08-24T21:22:43.386295731Z,3,2026-08-24T21:22:43.386295731Z,true,2026-08-24T21:38:02.532562218Z,01M0TSZEY44B7XSP574QH2WQPJ,2026-08-24T21:22:43.386295731Z,1,2026-08-24T21:22:43.386295731Z,true,2026-08-24T21:37:59.50418746Z,feedback,2026-08-24T21:22:43.386295731Z,01M0TTEY39XDBHVH4HDJGN70C0,2026-08-24T21:22:43.386295731Z,1787607479514,2026-08-24T21:37:59.515521145Z,true,2026-08-24T21:37:59.466833785Z,true,2026-08-24T21:37:59.52959288Z,01M0TTEYHP1063WQJFVKJQAZBY,2026-08-24T21:22:43.386295731Z
01M0TTNSDB2G1KZ6C74JF6YDNP,01M0TSZGJXR0N6DNTNARWRMFQ4,2026-08-24T21:26:27.499520838Z,60,2026-08-24T21:26:27.499520838Z,false,2026-08-24T21:26:27.499520838Z,01M0TSZGKJQW5S4GCP9150DNN9,2026-08-24T21:26:27.499520838Z,0,2026-08-24T21:26:27.499520838Z,,,selection,2026-08-24T21:26:27.499520838Z,01M0TTNRM0KD12VFWZ94Q3NAQF,2026-08-24T21:26:27.499520838Z,,,false,2026-08-24T21:26:27.499520838Z,,,01M0TTNSD4BHX2DND97TQARPFR,2026-08-24T21:26:27.499520838Z
01M0TTK1R4FWQDKTEM7DKK8YKM,01M0TSZEX52H0PZDJFB4JNEAFW,2026-08-24T21:24:57.732435218Z,3,2026-08-24T21:24:57.732435218Z,true,2026-08-24T22:02:45.985293469Z,01M0TSZEY54T11A9AMGVA6T4ZB,2026-08-24T21:24:57.732435218Z,1,2026-08-24T21:24:57.732435218Z,true,2026-08-24T22:02:42.950339506Z,feedback,2026-08-24T21:24:57.732435218Z,01M0TTK16V1T83W9TX1F86NYR1,2026-08-24T21:24:57.732435218Z,1787608962964,2026-08-24T22:02:42.965974195Z,true,2026-08-24T22:02:42.833683339Z,true,2026-08-24T22:02:42.992571883Z,01M0TTK1R0S9EP9TAR8QA0AH55,2026-08-24T21:24:57.732435218Z
01M0TVKAXWA03WFZMZJCMHAKPB,01M0TTMTH8JPTHXWGXYEY1VFR8,2026-08-24T21:42:35.708652359Z,60,2026-08-24T21:42:35.708652359Z,true,2026-08-24T21:55:37.472663686Z,01M0TTMWMG725DJ5GA5M4WD8SY,2026-08-24T21:42:35.708652359Z,0,2026-08-24T21:42:35.708652359Z,true,2026-08-24T21:55:22.392588861Z,selection,2026-08-24T21:42:35.708652359Z,01M0TVK9Q7GX75E794JT5H3XSB,2026-08-24T21:42:35.708652359Z,1787608522407,2026-08-24T21:55:22.409359563Z,true,2026-08-24T21:55:22.323552479Z,true,2026-08-24T21:55:22.428651828Z,01M0TVKAXN743PE35DDYZYZXKR,2026-08-24T21:42:35.708652359Z
01M0TVKB509MEK8JDMHK52EDPX,01M0TTMTH8JPTHXWGXYEY1VFR8,2026-08-24T21:42:35.937006626Z,3,2026-08-24T21:42:35.937006626Z,true,2026-08-24T21:57:24.137847189Z,01M0TTMWMG725DJ5GA5M4WD8SY,2026-08-24T21:42:35.937006626Z,1,2026-08-24T21:42:35.937006626Z,true,2026-08-24T21:57:21.105829994Z,feedback,2026-08-24T21:42:35.937006626Z,01M0TVK9RA1ST8FS64EAZNK5JF,2026-08-24T21:42:35.937006626Z,1787608641118,2026-08-24T21:57:21.120183492Z,true,2026-08-24T21:57:21.050130615Z,true,2026-08-24T21:57:21.137600885Z,01M0TVKB4PMK3V6T4NV713CQP2,2026-08-24T21:42:35.937006626Z
01M0TTEYJVP7964ZHY0P2YP5TE,01M0TSZEX52H0PZDJFB4JNEAFW,2026-08-24T21:22:43.419122049Z,3,2026-08-24T21:22:43.419122049Z,true,2026-08-24T21:39:37.066394271Z,01M0TSZEY44B7XSP574QH2WQPJ,2026-08-24T21:22:43.419122049Z,1,2026-08-24T21:22:43.419122049Z,true,2026-08-24T21:39:34.02546209Z,feedback,2026-08-24T21:22:43.419122049Z,01M0TTEY36425R43JP73CX24RP,2026-08-24T21:22:43.419122049Z,1787607574036,2026-08-24T21:39:34.037599689Z,true,2026-08-24T21:39:33.98880182Z,true,2026-08-24T21:39:34.056065733Z,01M0TTEYJP0W759A3BE302XNRQ,2026-08-24T21:22:43.419122049Z
01M0TTKE4YFT777JPFRCSPACF1,01M0TSZGJXR0N6DNTNARWRMFQ4,2026-08-24T21:25:10.430661168Z,60,2026-08-24T21:25:10.430661168Z,false,2026-08-24T21:25:10.430661168Z,01M0TSZGKM72FFW193EYG47F25,2026-08-24T21:25:10.430661168Z,0,2026-08-24T21:25:10.430661168Z,,,selection,2026-08-24T21:25:10.430661168Z,01M0TTKDESBB1EHSTS189ZJY38,2026-08-24T21:25:10.430661168Z,,,false,2026-08-24T21:25:10.430661168Z,,,01M0TTKE4TSGNGMTJFPA03F1GN,2026-08-24T21:25:10.430661168Z
01M0TTEYTX30MFQ1K4JCTFRJW6,01M0TSZEX52H0PZDJFB4JNEAFW,2026-08-24T21:22:43.677626475Z,3,2026-08-24T21:22:43.677626475Z,true,2026-08-24T21:48:28.160438374Z,01M0TSZEY44B7XSP574QH2WQPJ,2026-08-24T21:22:43.677626475Z,1,2026-08-24T21:22:43.677626475Z,true,2026-08-24T21:48:25.094157634Z,feedback,2026-08-24T21:22:43.677626475Z,01M0TTEY3YDSH1CAC1K16BH2BC,2026-08-24T21:22:43.677626475Z,1787608105113,2026-08-24T21:48:25.115596974Z,true,2026-08-24T21:48:25.01269888Z,true,2026-08-24T21:48:25.149782876Z,01M0TTEYTVAY25GMEFY2J39WPV,2026-08-24T21:22:43.677626475Z
01M0TTKDY2WAKJK1WMZBHJA9XS,01M0TSZGJXR0N6DNTNARWRMFQ4,2026-08-24T21:25:10.211048975Z,3,2026-08-24T21:25:10.211048975Z,false,2026-08-24T21:25:10.211048975Z,01M0TSZGKM72FFW193EYG47F25,2026-08-24T21:25:10.211048975Z,1,2026-08-24T21:25:10.211048975Z,,,feedback,2026-08-24T21:25:10.211048975Z,01M0TTKDCZBJ3JC6CTDMGBPHVM,2026-08-24T21:25:10.211048975Z,,,false,2026-08-24T21:25:10.211048975Z,,,01M0TTKDXYVKCNR8DGVGM4MYD5,2026-08-24T21:25:10.211048975Z
01M0TTKNB940KBM2VM3KZ9ZYTS,01M0TSZEX52H0PZDJFB4JNEAFW,2026-08-24T21:25:17.801946634Z,3,2026-08-24T21:25:17.801946634Z,true,2026-08-24T21:39:02.142839456Z,01M0TSZEY173D8F3KEP071GR06,2026-08-24T21:25:17.801946634Z,1,2026-08-24T21:25:17.801946634Z,true,2026-08-24T21:38:59.113413262Z,feedback,2026-08-24T21:25:17.801946634Z,01M0TTKMTRGTB0YY2BEY7258GK,2026-08-24T21:25:17.801946634Z,1787607539119,2026-08-24T21:38:59.120909009Z,true,2026-08-24T21:38:59.086466535Z,true,2026-08-24T21:38:59.127928148Z,01M0TTKNB49YRFGHPK9BT4CF7R,2026-08-24T21:25:17.801946634Z
01M0TTKNEQEA2QMH62RS3D4E63,01M0TSZEX52H0PZDJFB4JNEAFW,2026-08-24T21:25:17.911483225Z,60,2026-08-24T21:25:17.911483225Z,true,2026-08-24T21:41:49.902358506Z,01M0TSZEY173D8F3KEP071GR06,2026-08-24T21:25:17.911483225Z,0,2026-08-24T21:25:17.911483225Z,true,2026-08-24T21:41:28.12151238Z,selection,2026-08-24T21:25:17.911483225Z,01M0TTKMWBBS9FZZTMW3YFDFTC,2026-08-24T21:25:17.911483225Z,1787607688130,2026-08-24T21:41:28.131429683Z,true,2026-08-24T21:41:28.08459687Z,true,2026-08-24T21:41:28.145481479Z,01M0TTKNEJKT7YBT86CXHJKD89,2026-08-24T21:25:17.911483225Z
01M0TTNRRT1TC18F2ZAZMX7WZB,01M0TSZGJXR0N6DNTNARWRMFQ4,2026-08-24T21:26:26.842692031Z,60,2026-08-24T21:26:26.842692031Z,true,2026-08-24T22:29:14.133629644Z,01M0TSZGKJQW5S4GCP9150DNN9,2026-08-24T21:26:26.842692031Z,0,2026-08-24T21:26:26.842692031Z,true,2026-08-24T22:28:14.093011304Z,selection,2026-08-24T21:26:26.842692031Z,01M0TTNRBP7XGCMRWSC1MKR933,2026-08-24T21:26:26.842692031Z,1787610494110,2026-08-24T22:28:14.112095421Z,true,2026-08-24T22:28:14.04251427Z,true,2026-08-24T22:28:14.128493164Z,01M0TTNRRNFX8Y71APEP2XQ9VQ,2026-08-24T21:26:26.842692031Z
01M0TTYRD2JXZ42ZRVP7BFVMJ9,01M0TTMTH8JPTHXWGXYEY1VFR8,2026-08-24T21:31:21.378906115Z,3,2026-08-24T21:31:21.378906115Z,true,2026-08-24T22:03:26.849734945Z,01M0TTMWMDPGAHQRDA7BZJ8FEZ,2026-08-24T21:31:21.378906115Z,1,2026-08-24T21:31:21.378906115Z,true,2026-08-24T22:03:23.791661121Z,feedback,2026-08-24T21:31:21.378906115Z,01M0TTYQK1XWXZYF3X97RPEM2C,2026-08-24T21:31:21.378906115Z,1787609003810,2026-08-24T22:03:23.81175316Z,true,2026-08-24T22:03:23.744115092Z,true,2026-08-24T22:03:23.82844868Z,01M0TTYRCMMPA51RM5BK0MHC6P,2026-08-24T21:31:21.378906115Z
01M0TT9MFHTHC3MFVZJF33WX9G,01M0TSZGJXR0N6DNTNARWRMFQ4,2026-08-24T21:19:49.233480015Z,60,2026-08-24T21:19:49.233480015Z,false,2026-08-24T21:19:49.233480015Z,01M0TSZGKE32G3R2H2EPQFBQNN,2026-08-24T21:19:49.233480015Z,0,2026-08-24T21:19:49.233480015Z,,,selection,2026-08-24T21:19:49.233480015Z,01M0TT9KGJ6K2AWWR3RJB23GS6,2026-08-24T21:19:49.233480015Z,,,false,2026-08-24T21:19:49.233480015Z,,,01M0TT9MFCCVFYDF92RTS6MMJE,2026-08-24T21:19:49.233480015Z
01M0TTEYF652K4CH61R0XG9G07,01M0TSZEX52H0PZDJFB4JNEAFW,2026-08-24T21:22:43.302061249Z,3,2026-08-24T21:22:43.302061249Z,true,2026-08-24T21:35:01.533698869Z,01M0TSZEY44B7XSP574QH2WQPJ,2026-08-24T21:22:43.302061249Z,1,2026-08-24T21:22:43.302061249Z,true,2026-08-24T21:34:58.440488571Z,feedback,2026-08-24T21:22:43.302061249Z,01M0TTEY2ND8D7AR82ERCK88PV,2026-08-24T21:22:43.302061249Z,1787607298449,2026-08-24T21:34:58.451164228Z,true,2026-08-24T21:34:58.390173426Z,true,2026-08-24T21:34:58.468631605Z,01M0TTEYF0XWP8F5WEM2C1ZT3Q,2026-08-24T21:22:43.302061249Z
01M0TTYSGCS7CE8WER94581JY6,01M0TTMTH8JPTHXWGXYEY1VFR8,2026-08-24T21:31:22.508713086Z,60,2026-08-24T21:31:22.508713086Z,false,2026-08-24T21:31:22.508713086Z,01M0TTMWMDPGAHQRDA7BZJ8FEZ,2026-08-24T21:31:22.508713086Z,0,2026-08-24T21:31:22.508713086Z,,,selection,2026-08-24T21:31:22.508713086Z,01M0TTYQ395FJA2C53BEC3KBSA,2026-08-24T21:31:22.508713086Z,,,false,2026-08-24T21:31:22.508713086Z,,,01M0TTYSG4N4RPXC6R1RSF3358,2026-08-24T21:31:22.508713086Z
01M0TV7KTB42YAET4XGA96EF0H,01M0TTMTH8JPTHXWGXYEY1VFR8,2026-08-24T21:36:11.595862022Z,60,2026-08-24T21:36:11.595862022Z,true,2026-08-24T21:57:27.323994954Z,01M0TTMWM9GSP2NP0T4CET96EB,2026-08-24T21:36:11.595862022Z,0,2026-08-24T21:36:11.595862022Z,true,2026-08-24T21:57:15.224881637Z,selection,2026-08-24T21:36:11.595862022Z,01M0TV7K0SH0YWD0PCFWXCP4T8,2026-08-24T21:36:11.595862022Z,1787608635239,2026-08-24T21:57:15.241274513Z,true,2026-08-24T21:57:15.170832273Z,true,2026-08-24T21:57:15.260769744Z,01M0TV7KT7QFBXF62XC84BV323,2026-08-24T21:36:11.595862022Z
01M0TTA5TDVG4H09CDP5WYDDCW,01M0TSZV7X3D77NKMM5CDCW4Z6,2026-08-24T21:20:06.989681179Z,60,2026-08-24T21:20:06.989681179Z,true,2026-08-24T21:37:00.943870366Z,01M0TSZV8KEDQHAT4X3FNKVS2B,2026-08-24T21:20:06.989681179Z,0,2026-08-24T21:20:06.989681179Z,true,2026-08-24T21:36:18.745709778Z,selection,2026-08-24T21:20:06.989681179Z,01M0TTA5BZQHKCWYDNHB3BT1C9,2026-08-24T21:20:06.989681179Z,1787607378752,2026-08-24T21:36:18.754186316Z,true,2026-08-24T21:36:18.662374757Z,true,2026-08-24T21:36:18.775484668Z,01M0TTA5T73C4340RRQZKZH34D,2026-08-24T21:20:06.989681179Z
01M0TTKE7Q1QNHP8EYXFA0HFAK,01M0TSZGJXR0N6DNTNARWRMFQ4,2026-08-24T21:25:10.519175924Z,60,2026-08-24T21:25:10.519175924Z,false,2026-08-24T21:25:10.519175924Z,01M0TSZGKM72FFW193EYG47F25,2026-08-24T21:25:10.519175924Z,0,2026-08-24T21:25:10.519175924Z,,,selection,2026-08-24T21:25:10.519175924Z,01M0TTKDF26WFHZ4QVRA0YEZX7,2026-08-24T21:25:10.519175924Z,,,false,2026-08-24T21:25:10.519175924Z,,,01M0TTKE7HNK4TQ7KS5GN79SMD,2026-08-24T21:25:10.519175924Z
01M0TTYQP4ZHE6BQCVW9MP27XG,01M0TTMTH8JPTHXWGXYEY1VFR8,2026-08-24T21:31:20.644670704Z,3,2026-08-24T21:31:20.644670704Z,true,2026-08-24T21:46:17.610882906Z,01M0TTMWMDPGAHQRDA7BZJ8FEZ,2026-08-24T21:31:20.644670704Z,1,2026-08-24T21:31:20.644670704Z,true,2026-08-24T21:46:14.566761559Z,feedback,2026-08-24T21:31:20.644670704Z,01M0TTYPYGZDYWHA5J93E4YJ54,2026-08-24T21:31:20.644670704Z,1787607974578,2026-08-24T21:46:14.580600279Z,true,2026-08-24T21:46:14.514286391Z,true,2026-08-24T21:46:14.604309215Z,01M0TTYQNRKNYNCAKHDBNWBS80,2026-08-24T21:31:20.644670704Z
01M0TTYR5DXX3ZV2XKMJ1TRJA0,01M0TTMTH8JPTHXWGXYEY1VFR8,2026-08-24T21:31:21.133863213Z,3,2026-08-24T21:31:21.133863213Z,true,2026-08-24T21:57:09.785227781Z,01M0TTMWMDPGAHQRDA7BZJ8FEZ,2026-08-24T21:31:21.133863213Z,1,2026-08-24T21:31:21.133863213Z,true,2026-08-24T21:57:06.752099663Z,feedback,2026-08-24T21:31:21.133863213Z,01M0TTYQ8TTGMPN0B5KNG5JJS9,2026-08-24T21:31:21.133863213Z,1787608626762,2026-08-24T21:57:06.764396708Z,true,2026-08-24T21:57:06.710505091Z,true,2026-08-24T21:57:06.792869744Z,01M0TTYR518661BB4BD8SRZDZ9,2026-08-24T21:31:21.133863213Z
01M0TTYRFKHSXC41SKB80Z41AK,01M0TTMTH8JPTHXWGXYEY1VFR8,2026-08-24T21:31:21.459518781Z,3,2026-08-24T21:31:21.459518781Z,false,2026-08-24T21:31:21.459518781Z,01M0TTMWMDPGAHQRDA7BZJ8FEZ,2026-08-24T21:31:21.459518781Z,1,2026-08-24T21:31:21.459518781Z,,,feedback,2026-08-24T21:31:21.459518781Z,01M0TTYQHYS3PMRW8GS7J3C6MM,2026-08-24T21:31:21.459518781Z,,,false,2026-08-24T21:31:21.459518781Z,,,01M0TTYRF8RBC45EFAZJVWA03J,2026-08-24T21:31:21.459518781Z
01M0TVKB43V9G1RN16VHXN1TGS,01M0TTMTH8JPTHXWGXYEY1VFR8,2026-08-24T21:42:35.907106188Z,3,2026-08-24T21:42:35.907106188Z,true,2026-08-24T21:57:12.24248324Z,01M0TTMWMG725DJ5GA5M4WD8SY,2026-08-24T21:42:35.907106188Z,1,2026-08-24T21:42:35.907106188Z,true,2026-08-24T21:57:09.207349752Z,feedback,2026-08-24T21:42:35.907106188Z,01M0TVK9R4417DC55B8Z6RWFZ2,2026-08-24T21:42:35.907106188Z,1787608629222,2026-08-24T21:57:09.22367054Z,true,2026-08-24T21:57:09.169505039Z,true,2026-08-24T21:57:09.240586035Z,01M0TVKB3R6JJ1G8R0MFRRW5PF,2026-08-24T21:42:35.907106188Z
01M0TT9MF5X7C09EE44X5R58ST,01M0TSZGJXR0N6DNTNARWRMFQ4,2026-08-24T21:19:49.221496577Z,3,2026-08-24T21:19:49.221496577Z,false,2026-08-24T21:19:49.221496577Z,01M0TSZGKE32G3R2H2EPQFBQNN,2026-08-24T21:19:49.221496577Z,1,2026-08-24T21:19:49.221496577Z,,,feedback,2026-08-24T21:19:49.221496577Z,01M0TT9KJPQYZ1V156ZYS7RYYM,2026-08-24T21:19:49.221496577Z,,,false,2026-08-24T21:19:49.221496577Z,,,01M0TT9MF1DGB4M91N3YZTY3W2,2026-08-24T21:19:49.221496577Z
01M0TTEZ4D17BPRDK0E6ZS75MG,01M0TSZEX52H0PZDJFB4JNEAFW,2026-08-24T21:22:43.981715383Z,60,2026-08-24T21:22:43.981715383Z,true,2026-08-24T21:58:13.828520264Z,01M0TSZEY44B7XSP574QH2WQPJ,2026-08-24T21:22:43.981715383Z,0,2026-08-24T21:22:43.981715383Z,true,2026-08-24T21:57:38.573117944Z,selection,2026-08-24T21:22:43.981715383Z,01M0TTEY73B2A5Q44VEBX38R0N,2026-08-24T21:22:43.981715383Z,1787608658589,2026-08-24T21:57:38.590802449Z,true,2026-08-24T21:57:38.489844444Z,true,2026-08-24T21:57:38.608339194Z,01M0TTEZ49CE2WMAC703B5E3QG,2026-08-24T21:22:43.981715383Z
01M0TTK1E55MX82A6CXJ8PG7VT,01M0TSZEX52H0PZDJFB4JNEAFW,2026-08-24T21:24:57.413852897Z,60,2026-08-24T21:24:57.413852897Z,true,2026-08-24T21:49:09.324431319Z,01M0TSZEY54T11A9AMGVA6T4ZB,2026-08-24T21:24:57.413852897Z,0,2026-08-24T21:24:57.413852897Z,true,2026-08-24T21:48:11.949624861Z,selection,2026-08-24T21:24:57.413852897Z,01M0TTK10WESK9XX1EVC2AFESQ,2026-08-24T21:24:57.413852897Z,1787608091962,2026-08-24T21:48:11.964170976Z,true,2026-08-24T21:48:11.916568975Z,true,2026-08-24T21:48:11.979252719Z,01M0TTK1DZZ2C88APN0VHMEW9K,2026-08-24T21:24:57.413852897Z
01M0TTK1SQJ2V3ENGP79A72PCJ,01M0TSZEX52H0PZDJFB4JNEAFW,2026-08-24T21:24:57.78319947Z,60,2026-08-24T21:24:57.78319947Z,true,2026-08-24T22:04:57.906257189Z,01M0TSZEY54T11A9AMGVA6T4ZB,2026-08-24T21:24:57.78319947Z,0,2026-08-24T21:24:57.78319947Z,true,2026-08-24T22:04:35.136261Z,selection,2026-08-24T21:24:57.78319947Z,01M0TTK18S21Q80GH0Q5PZY6NQ,2026-08-24T21:24:57.78319947Z,1787609075151,2026-08-24T22:04:35.152882766Z,true,2026-08-24T22:04:35.080887289Z,true,2026-08-24T22:04:35.176986869Z,01M0TTK1SKH9WEWR7JC2K5YT0F,2026-08-24T21:24:57.78319947Z
01M0TTYS5QDJ13XQ1WD4TM2TD7,01M0TTMTH8JPTHXWGXYEY1VFR8,2026-08-24T21:31:22.167475777Z,3,2026-08-24T21:31:22.167475777Z,false,2026-08-24T21:31:22.167475777Z,01M0TTMWMDPGAHQRDA7BZJ8FEZ,2026-08-24T21:31:22.167475777Z,1,2026-08-24T21:31:22.167475777Z,,,feedback,2026-08-24T21:31:22.167475777Z,01M0TTYQ7FVR3R18DHG7XJK7SP,2026-08-24T21:31:22.167475777Z,,,false,2026-08-24T21:31:22.167475777Z,,,01M0TTYS5B24TDEK0N1MRASN8N,2026-08-24T21:31:22.167475777Z
01M0TVKBK4HDTQE1PQFG9NYSZB,01M0TTMTH8JPTHXWGXYEY1VFR8,2026-08-24T21:42:36.388076363Z,3,2026-08-24T21:42:36.388076363Z,true,2026-08-24T22:00:36.51820684Z,01M0TTMWMG725DJ5GA5M4WD8SY,2026-08-24T21:42:36.388076363Z,1,2026-08-24T21:42:36.388076363Z,true,2026-08-24T22:00:33.45072688Z,feedback,2026-08-24T21:42:36.388076363Z,01M0TVKA2BF1SZXMAKV0KK2F8A,2026-08-24T21:42:36.388076363Z,1787608833482,2026-08-24T22:00:33.484319646Z,true,2026-08-24T22:00:33.399176821Z,true,2026-08-24T22:00:33.518729479Z,01M0TVKBJV7N93P6VVJ2HY2BQC,2026-08-24T21:42:36.388076363Z
01M0TT9KY2SGGAP86Q5E8M87P7,01M0TSZGJXR0N6DNTNARWRMFQ4,2026-08-24T21:19:48.674846161Z,3,2026-08-24T21:19:48.674846161Z,false,2026-08-24T21:19:48.674846161Z,01M0TSZGKE32G3R2H2EPQFBQNN,2026-08-24T21:19:48.674846161Z,1,2026-08-24T21:19:48.674846161Z,,,feedback,2026-08-24T21:19:48.674846161Z,01M0TT9KHV9ZBBDTZGZM1NB4FF,2026-08-24T21:19:48.674846161Z,,,false,2026-08-24T21:19:48.674846161Z,,,01M0TT9KXZECDYR4ADRWZGJNSM,2026-08-24T21:19:48.674846161Z
01M0TTEZ122DT32GC9W1XVPGXQ,01M0TSZEX52H0PZDJFB4JNEAFW,2026-08-24T21:22:43.87441035Z,60,2026-08-24T21:22:43.87441035Z,true,2026-08-24T21:56:00.920786113Z,01M0TSZEY44B7XSP574QH2WQPJ,2026-08-24T21:22:43.87441035Z,0,2026-08-24T21:22:43.87441035Z,true,2026-08-24T21:55:33.31022065Z,selection,2026-08-24T21:22:43.87441035Z,01M0TTEY5XFSBD5KHXJ0E3EV59,2026-08-24T21:22:43.87441035Z,1787608533325,2026-08-24T21:55:33.327141357Z,true,2026-08-24T21:55:33.260812145Z,true,2026-08-24T21:55:33.348834113Z,01M0TTEZ0YD1AV9VQJGCZNWWKK,2026-08-24T21:22:43.87441035Z
01M0TT9KRC0NDETMFHRGY7PQGK,01M0TSZGJXR0N6DNTNARWRMFQ4,2026-08-24T21:19:48.492342674Z,60,2026-08-24T21:19:48.492342674Z,false,2026-08-24T21:19:48.492342674Z,01M0TSZGKE32G3R2H2EPQFBQNN,2026-08-24T21:19:48.492342674Z,0,2026-08-24T21:19:48.492342674Z,,,selection,2026-08-24T21:19:48.492342674Z,01M0TT9KHXR2305Y2GD60JW49Z,2026-08-24T21:19:48.492342674Z,,,false,2026-08-24T21:19:48.492342674Z,,,01M0TT9KR6R8X5KTWPTDCZ1FX9,2026-08-24T21:19:48.492342674Z
01M0TV7M174W9R1F5BF7XFQ1A0,01M0TTMTH8JPTHXWGXYEY1VFR8,2026-08-24T21:36:11.81580124Z,60,2026-08-24T21:36:11.81580124Z,true,2026-08-24T21:59:23.213099975Z,01M0TTMWM9GSP2NP0T4CET96EB,2026-08-24T21:36:11.81580124Z,0,2026-08-24T21:36:11.81580124Z,true,2026-08-24T21:59:10.056258149Z,selection,2026-08-24T21:36:11.81580124Z,01M0TV7JYWRCW347VN39XTFNXG,2026-08-24T21:36:11.81580124Z,1787608750071,2026-08-24T21:59:10.072301607Z,true,2026-08-24T21:59:10.016938996Z,true,2026-08-24T21:59:10.088593962Z,01M0TV7M10WF5KG7FEB7RTHX5W,2026-08-24T21:36:11.81580124Z
01M0TTA5MFQKN12DW0B3V53HMM,01M0TSZV7X3D77NKMM5CDCW4Z6,2026-08-24T21:20:06.799036785Z,3,2026-08-24T21:20:06.799036785Z,true,2026-08-24T21:30:10.292811323Z,01M0TSZV8KEDQHAT4X3FNKVS2B,2026-08-24T21:20:06.799036785Z,1,2026-08-24T21:20:06.799036785Z,true,2026-08-24T21:30:07.246882538Z,feedback,2026-08-24T21:20:06.799036785Z,01M0TTA5EFAY4PJEQJ0EDNCNAR,2026-08-24T21:20:06.799036785Z,1787607007258,2026-08-24T21:30:07.261889466Z,true,2026-08-24T21:30:07.200554175Z,true,2026-08-24T21:30:07.278355359Z,01M0TTA5M5WZF55XX3RKEF48WC,2026-08-24T21:20:06.799036785Z
01M0TTK1Z25V4NA6SWGME0A677,01M0TSZEX52H0PZDJFB4JNEAFW,2026-08-24T21:24:57.954544227Z,3,2026-08-24T21:24:57.954544227Z,true,2026-08-24T22:09:43.14694818Z,01M0TSZEY54T11A9AMGVA6T4ZB,2026-08-24T21:24:57.954544227Z,1,2026-08-24T21:24:57.954544227Z,true,2026-08-24T22:09:40.104967649Z,feedback,2026-08-24T21:24:57.954544227Z,01M0TTK1623V9W51H3M59G5KX6,2026-08-24T21:24:57.954544227Z,1787609380120,2026-08-24T22:09:40.122385962Z,true,2026-08-24T22:09:40.056432856Z,true,2026-08-24T22:09:40.144196953Z,01M0TTK1YY067B8999N8P1ET8T,2026-08-24T21:24:57.954544227Z
01M0TTNSB8JPB57FVVYFB17GG9,01M0TSZGJXR0N6DNTNARWRMFQ4,2026-08-24T21:26:27.432471884Z,60,2026-08-24T21:26:27.432471884Z,false,2026-08-24T21:26:27.432471884Z,01M0TSZGKJQW5S4GCP9150DNN9,2026-08-24T21:26:27.432471884Z,0,2026-08-24T21:26:27.432471884Z,,,selection,2026-08-24T21:26:27.432471884Z,01M0TTNRMNGADPD9VHGAKJYSTV,2026-08-24T21:26:27.432471884Z,,,false,2026-08-24T21:26:27.432471884Z,,,01M0TTNSB1358C8ZK8QAMMQTGA,2026-08-24T21:26:27.432471884Z
01M0TTYS0EV9GEA8F006FCQB9N,01M0TTMTH8JPTHXWGXYEY1VFR8,2026-08-24T21:31:21.998075795Z,60,2026-08-24T21:31:21.998075795Z,false,2026-08-24T21:31:21.998075795Z,01M0TTMWMDPGAHQRDA7BZJ8FEZ,2026-08-24T21:31:21.998075795Z,0,2026-08-24T21:31:21.998075795Z,,,selection,2026-08-24T21:31:21.998075795Z,01M0TTYQASD24ZWCMJG30M98C8,2026-08-24T21:31:21.998075795Z,,,false,2026-08-24T21:31:21.998075795Z,,,01M0TTYS03JQ554NEK7K3X0QW9,2026-08-24T21:31:21.998075795Z
01M0TV7KN5FCQMCEW7BQ5MP5KT,01M0TTMTH8JPTHXWGXYEY1VFR8,2026-08-24T21:36:11.429250604Z,60,2026-08-24T21:36:11.429250604Z,true,2026-08-24T21:55:05.765958999Z,01M0TTMWM9GSP2NP0T4CET96EB,2026-08-24T21:36:11.429250604Z,0,2026-08-24T21:36:11.429250604Z,true,2026-08-24T21:54:55.012857231Z,selection,2026-08-24T21:36:11.429250604Z,01M0TV7K151C3A9EBSKKE9GGFA,2026-08-24T21:36:11.429250604Z,1787608495026,2026-08-24T21:54:55.027758235Z,true,2026-08-24T21:54:54.975919739Z,true,2026-08-24T21:54:55.041787265Z,01M0TV7KN0V3RXDWMWY6D0C3PD,2026-08-24T21:36:11.429250604Z
01M0TV7M9R8KGAMD85MKP26FMQ,01M0TTMTH8JPTHXWGXYEY1VFR8,2026-08-24T21:36:12.088801801Z,60,2026-08-24T21:36:12.088801801Z,true,2026-08-24T22:02:13.571548957Z,01M0TTMWM9GSP2NP0T4CET96EB,2026-08-24T21:36:12.088801801Z,0,2026-08-24T21:36:12.088801801Z,true,2026-08-24T22:02:04.650025235Z,selection,2026-08-24T21:36:12.088801801Z,01M0TV7JWCFAAHDZVQV9TA198R,2026-08-24T21:36:12.088801801Z,1787608924664,2026-08-24T22:02:04.665993785Z,true,2026-08-24T22:02:04.60654934Z,true,2026-08-24T22:02:04.685096242Z,01M0TV7M9M088Z10NT1KVV9KKX,2026-08-24T21:36:12.088801801Z
01M0TT9MBNKQB2TAA7YWFZPJ7S,01M0TSZGJXR0N6DNTNARWRMFQ4,2026-08-24T21:19:49.109978571Z,3,2026-08-24T21:19:49.109978571Z,false,2026-08-24T21:19:49.109978571Z,01M0TSZGKE32G3R2H2EPQFBQNN,2026-08-24T21:19:49.109978571Z,1,2026-08-24T21:19:49.109978571Z,,,feedback,2026-08-24T21:19:49.109978571Z,01M0TT9KKJWWW4KMM10DG4S5JM,2026-08-24T21:19:49.109978571Z,,,false,2026-08-24T21:19:49.109978571Z,,,01M0TT9MB8XA9FMYRRRYGSWMJ8,2026-08-24T21:19:49.109978571Z
01M0TTA5J9JY4NJZ0JT6G6MQAH,01M0TSZV7X3D77NKMM5CDCW4Z6,2026-08-24T21:20:06.729128286Z,60,2026-08-24T21:20:06.729128286Z,true,2026-08-24T21:25:29.893324399Z,01M0TSZV8KEDQHAT4X3FNKVS2B,2026-08-24T21:20:06.729128286Z,0,2026-08-24T21:20:06.729128286Z,true,2026-08-24T21:24:51.505024769Z,selection,2026-08-24T21:20:06.729128286Z,01M0TTA57MCSVB8JHRVY1356P2,2026-08-24T21:20:06.729128286Z,1787606691508,2026-08-24T21:24:51.509798719Z,true,2026-08-24T21:24:51.481416051Z,true,2026-08-24T21:24:51.51685244Z,01M0TTA5HQVSMBD3S6WYV2VYH9,2026-08-24T21:20:06.729128286Z
01M0TTMR71AXJPZHNMA37WG62S,01M0TSZV7X3D77NKMM5CDCW4Z6,2026-08-24T21:25:53.505427873Z,60,2026-08-24T21:25:53.505427873Z,true,2026-08-24T21:38:32.631929287Z,01M0TSZV8ERABP36QP2627EVMT,2026-08-24T21:25:53.505427873Z,0,2026-08-24T21:25:53.505427873Z,true,2026-08-24T21:37:58.233526715Z,selection,2026-08-24T21:25:53.505427873Z,01M0TTMQS5Y25WY0NZHRQ4JMH9,2026-08-24T21:25:53.505427873Z,1787607478241,2026-08-24T21:37:58.242837959Z,true,2026-08-24T21:37:58.198758753Z,true,2026-08-24T21:37:58.254916965Z,01M0TTMR6VZEC302V8N63RYQR1,2026-08-24T21:25:53.505427873Z
01M0TTNRXR6TRWGXPC8Y93E74K,01M0TSZGJXR0N6DNTNARWRMFQ4,2026-08-24T21:26:27.000703931Z,60,2026-08-24T21:26:27.000703931Z,false,2026-08-24T21:26:27.000703931Z,01M0TSZGKJQW5S4GCP9150DNN9,2026-08-24T21:26:27.000703931Z,0,2026-08-24T21:26:27.000703931Z,,,selection,2026-08-24T21:26:27.000703931Z,01M0TTNRJF84CXT8D9DPQT03AP,2026-08-24T21:26:27.000703931Z,,,false,2026-08-24T21:26:27.000703931Z,,,01M0TTNRXJKKY1SNQDV1AFJBSX,2026-08-24T21:26:27.000703931Z
01M0TVKB2SR70148R6017VNSGK,01M0TTMTH8JPTHXWGXYEY1VFR8,2026-08-24T21:42:35.865624707Z,60,2026-08-24T21:42:35.865624707Z,true,2026-08-24T21:56:53.067203193Z,01M0TTMWMG725DJ5GA5M4WD8SY,2026-08-24T21:42:35.865624707Z,0,2026-08-24T21:42:35.865624707Z,true,2026-08-24T21:56:43.689185841Z,selection,2026-08-24T21:42:35.865624707Z,01M0TVK9QXJQMWGDZW5ZRM9P71,2026-08-24T21:42:35.865624707Z,1787608603702,2026-08-24T21:56:43.703983989Z,true,2026-08-24T21:56:43.641420717Z,true,2026-08-24T21:56:43.722776199Z,01M0TVKB2NTPDGD67CRGFSADBC,2026-08-24T21:42:35.865624707Z
01M0TTEYYW129CKY4MWK11NHV9,01M0TSZEX52H0PZDJFB4JNEAFW,2026-08-24T21:22:43.804696658Z,60,2026-08-24T21:22:43.804696658Z,true,2026-08-24T21:53:34.207323768Z,01M0TSZEY44B7XSP574QH2WQPJ,2026-08-24T21:22:43.804696658Z,0,2026-08-24T21:22:43.804696658Z,true,2026-08-24T21:53:01.362374287Z,selection,2026-08-24T21:22:43.804696658Z,01M0TTEY670WKR9VHZW128Y6K8,2026-08-24T21:22:43.804696658Z,1787608381375,2026-08-24T21:53:01.376990577Z,true,2026-08-24T21:53:01.308345076Z,true,2026-08-24T21:53:01.395847848Z,01M0TTEYYR90TP0JQJAYPRWPSJ,2026-08-24T21:22:43.804696658Z
01M0TTKNBR4XW35JK5XXSGZ3HV,01M0TSZEX52H0PZDJFB4JNEAFW,2026-08-24T21:25:17.816777921Z,60,2026-08-24T21:25:17.816777921Z,true,2026-08-24T21:39:36.206347924Z,01M0TSZEY173D8F3KEP071GR06,2026-08-24T21:25:17.816777921Z,0,2026-08-24T21:25:17.816777921Z,true,2026-08-24T21:39:02.292282365Z,selection,2026-08-24T21:25:17.816777921Z,01M0TTKMTT2RM8BRPPZ9B0062C,2026-08-24T21:25:17.816777921Z,1787607542300,2026-08-24T21:39:02.30155219Z,true,2026-08-24T21:39:02.260527174Z,true,2026-08-24T21:39:02.312636845Z,01M0TTKNBKW8Q5RC7VNEKJ4K6V,2026-08-24T21:25:17.816777921Z
01M0TTKE05TJ02G1Y6XQXCW02K,01M0TSZGJXR0N6DNTNARWRMFQ4,2026-08-24T21:25:10.277778846Z,60,2026-08-24T21:25:10.277778846Z,false,2026-08-24T21:25:10.277778846Z,01M0TSZGKM72FFW193EYG47F25,2026-08-24T21:25:10.277778846Z,0,2026-08-24T21:25:10.277778846Z,,,selection,2026-08-24T21:25:10.277778846Z,01M0TTKDE0KRB6Q09VGAKFXDXS,2026-08-24T21:25:10.277778846Z,,,false,2026-08-24T21:25:10.277778846Z,,,01M0TTKE00ZFQWCC64VTHNPQVC,2026-08-24T21:25:10.277778846Z
01M0TTKE8XWG9ATT6D0FPV9X9V,01M0TSZGJXR0N6DNTNARWRMFQ4,2026-08-24T21:25:10.557107047Z,60,2026-08-24T21:25:10.557107047Z,false,2026-08-24T21:25:10.557107047Z,01M0TSZGKM72FFW193EYG47F25,2026-08-24T21:25:10.557107047Z,0,2026-08-24T21:25:10.557107047Z,,,selection,2026-08-24T21:25:10.557107047Z,01M0TTKDFEPZV867JD61DV0GN6,2026-08-24T21:25:10.557107047Z,,,false,2026-08-24T21:25:10.557107047Z,,,01M0TTKE8RA9H2NQ1V3ACHSWKR,2026-08-24T21:25:10.557107047Z
01M0TTNRRYMXVT7J11G25V67JR,01M0TSZGJXR0N6DNTNARWRMFQ4,2026-08-24T21:26:26.846105493Z,3,2026-08-24T21:26:26.846105493Z,true,2026-08-24T22:29:17.26395664Z,01M0TSZGKJQW5S4GCP9150DNN9,2026-08-24T21:26:26.846105493Z,1,2026-08-24T21:26:26.846105493Z,true,2026-08-24T22:29:14.216672661Z,feedback,2026-08-24T21:26:26.846105493Z,01M0TTNRBP7XGCMRWSC1MKR933,2026-08-24T21:26:26.846105493Z,1787610554238,2026-08-24T22:29:14.240699467Z,true,2026-08-24T22:29:14.165145472Z,true,2026-08-24T22:29:14.264374351Z,01M0TTNRRRMHBG0W6J8FAJ1VWE,2026-08-24T21:26:26.846105493Z
01M0TTNSNA8MG8VGJQ82BNK72G,01M0TSZGJXR0N6DNTNARWRMFQ4,2026-08-24T21:26:27.754949228Z,60,2026-08-24T21:26:27.754949228Z,false,2026-08-24T21:26:27.754949228Z,01M0TSZGKJQW5S4GCP9150DNN9,2026-08-24T21:26:27.754949228Z,0,2026-08-24T21:26:27.754949228Z,,,selection,2026-08-24T21:26:27.754949228Z,01M0TTNRE5YEFVYMGC1X92X7SA,2026-08-24T21:26:27.754949228Z,,,false,2026-08-24T21:26:27.754949228Z,,,01M0TTNSN6QJV8SSTAXKX4SG5W,2026-08-24T21:26:27.754949228Z
01M0TV7K2QJQTACY8Z7PZEKN7N,01M0TTMTH8JPTHXWGXYEY1VFR8,2026-08-24T21:36:10.839533922Z,1200,2026-08-24T21:36:10.839533922Z,true,2026-08-24T21:44:41.131735101Z,01M0TTMWM9GSP2NP0T4CET96EB,2026-08-24T21:36:10.839533922Z,0,2026-08-24T21:36:10.839533922Z,true,2026-08-24T21:36:18.528689511Z,describe,2026-08-24T21:36:10.839533922Z,01M0TV7JN29JDARFCVYKKM8G04,2026-08-24T21:36:10.839533922Z,1787607378537,2026-08-24T21:36:18.53819993Z,true,2026-08-24T21:36:18.476955813Z,true,2026-08-24T21:36:18.546346785Z,01M0TV7K2D13GJXBXA2GHHX4HJ,2026-08-24T21:36:10.839533922Z
01M0TV7KQK8Y6EQYM2F6Z62B06,01M0TTMTH8JPTHXWGXYEY1VFR8,2026-08-24T21:36:11.507205497Z,60,2026-08-24T21:36:11.507205497Z,true,2026-08-24T21:56:03.425047605Z,01M0TTMWM9GSP2NP0T4CET96EB,2026-08-24T21:36:11.507205497Z,0,2026-08-24T21:36:11.507205497Z,true,2026-08-24T21:55:50.185567063Z,selection,2026-08-24T21:36:11.507205497Z,01M0TV7JM9ZTGCGRK87E8K8MB1,2026-08-24T21:36:11.507205497Z,1787608550201,2026-08-24T21:55:50.202667556Z,true,2026-08-24T21:55:50.133101429Z,true,2026-08-24T21:55:50.218049305Z,01M0TV7KQDPQ78AB5GPA7PJQTK,2026-08-24T21:36:11.507205497Z
01M0TTEZ34SW3RKGGDRH9E53N3,01M0TSZEX52H0PZDJFB4JNEAFW,2026-08-24T21:22:43.941022461Z,60,2026-08-24T21:22:43.941022461Z,true,2026-08-24T21:57:15.741894268Z,01M0TSZEY44B7XSP574QH2WQPJ,2026-08-24T21:22:43.941022461Z,0,2026-08-24T21:22:43.941022461Z,true,2026-08-24T21:56:42.70405085Z,selection,2026-08-24T21:22:43.941022461Z,01M0TTEY77NYYMD539AVZM0WBY,2026-08-24T21:22:43.941022461Z,1787608602720,2026-08-24T21:56:42.722204967Z,true,2026-08-24T21:56:42.655739592Z,true,2026-08-24T21:56:42.744256596Z,01M0TTEZ2GH2MM699XMHR01BH2,2026-08-24T21:22:43.941022461Z
01M0TTKDS37HBJDJH9EE0PWNNG,01M0TSZGJXR0N6DNTNARWRMFQ4,2026-08-24T21:25:10.051101715Z,3,2026-08-24T21:25:10.051101715Z,false,2026-08-24T21:25:10.051101715Z,01M0TSZGKM72FFW193EYG47F25,2026-08-24T21:25:10.051101715Z,1,2026-08-24T21:25:10.051101715Z,,,feedback,2026-08-24T21:25:10.051101715Z,01M0TTKD9WJN40G5YHQ9QB17AZ,2026-08-24T21:25:10.051101715Z,,,false,2026-08-24T21:25:10.051101715Z,,,01M0TTKDRZD6FG7YRT8ZV653X6,2026-08-24T21:25:10.051101715Z
01M0TTKE8E1JBRESPRZE267YS1,01M0TSZGJXR0N6DNTNARWRMFQ4,2026-08-24T21:25:10.543438603Z,3,2026-08-24T21:25:10.543438603Z,false,2026-08-24T21:25:10.543438603Z,01M0TSZGKM72FFW193EYG47F25,2026-08-24T21:25:10.543438603Z,1,2026-08-24T21:25:10.543438603Z,,,feedback,2026-08-24T21:25:10.543438603Z,01M0TTKDFB2CVT25YBJXERT2K9,2026-08-24T21:25:10.543438603Z,,,false,2026-08-24T21:25:10.543438603Z,,,01M0TTKE89VE9ATJMJHERAA5H0,2026-08-24T21:25:10.543438603Z
01M0TTYQQ00VBBPFM7VG7746ZX,01M0TTMTH8JPTHXWGXYEY1VFR8,2026-08-24T21:31:20.672857522Z,60,2026-08-24T21:31:20.672857522Z,true,2026-08-24T21:46:50.186578578Z,01M0TTMWMDPGAHQRDA7BZJ8FEZ,2026-08-24T21:31:20.672857522Z,0,2026-08-24T21:31:20.672857522Z,true,2026-08-24T21:46:17.792372951Z,selection,2026-08-24T21:31:20.672857522Z,01M0TTYPZBKQBG8PTS5RM4T360,2026-08-24T21:31:20.672857522Z,1787607977803,2026-08-24T21:46:17.804711501Z,true,2026-08-24T21:46:17.747722119Z,true,2026-08-24T21:46:17.823757419Z,01M0TTYQPSNETNR2MMGPHWHM51,2026-08-24T21:31:20.672857522Z
01M0TT9KVNYW60ZDXD7TYAEZ20,01M0TSZGJXR0N6DNTNARWRMFQ4,2026-08-24T21:19:48.597940567Z,3,2026-08-24T21:19:48.597940567Z,false,2026-08-24T21:19:48.597940567Z,01M0TSZGKE32G3R2H2EPQFBQNN,2026-08-24T21:19:48.597940567Z,1,2026-08-24T21:19:48.597940567Z,,,feedback,2026-08-24T21:19:48.597940567Z,01M0TT9KGQ6KZX88Y2EST3J2KB,2026-08-24T21:19:48.597940567Z,,,false,2026-08-24T21:19:48.597940567Z,,,01M0TT9KVHMG2W29AAZVEPRB1J,2026-08-24T21:19:48.597940567Z
01M0TT9M26PESV4S27P3F60X67,01M0TSZGJXR0N6DNTNARWRMFQ4,2026-08-24T21:19:48.806770691Z,3,2026-08-24T21:19:48.806770691Z,false,2026-08-24T21:19:48.806770691Z,01M0TSZGKE32G3R2H2EPQFBQNN,2026-08-24T21:19:48.806770691Z,1,2026-08-24T21:19:48.806770691Z,,,feedback,2026-08-24T21:19:48.806770691Z,01M0TT9KFY70RJJH8TPHD47TCA,2026-08-24T21:19:48.806770691Z,,,false,2026-08-24T21:19:48.806770691Z,,,01M0TT9M23KQ8M66EZG5ZEGTY3,2026-08-24T21:19:48.806770691Z
01M0TTTQEXRE949SPCGYFXVGVT,01M0TSZV7X3D77NKMM5CDCW4Z6,2026-08-24T21:29:09.341393002Z,3,2026-08-24T21:29:09.341393002Z,true,2026-08-24T21:54:40.485763649Z,01M0TSZV8KEDQHAT4X33M1GG1C,2026-08-24T21:29:09.341393002Z,1,2026-08-24T21:29:09.341393002Z,true,2026-08-24T21:54:37.441216939Z,feedback,2026-08-24T21:29:09.341393002Z,01M0TTTPK1SCDNKPDH281T7RSD,2026-08-24T21:29:09.341393002Z,1787608477454,2026-08-24T21:54:37.456059747Z,true,2026-08-24T21:54:37.39688237Z,true,2026-08-24T21:54:37.472837022Z,01M0TTTQEKM1CXZM1VZV59S3YF,2026-08-24T21:29:09.341393002Z
01M0TTTR57TQS5FS5F1760E39J,01M0TSZV7X3D77NKMM5CDCW4Z6,2026-08-24T21:29:10.055145138Z,60,2026-08-24T21:29:10.055145138Z,true,2026-08-24T22:07:04.910446018Z,01M0TSZV8KEDQHAT4X33M1GG1C,2026-08-24T21:29:10.055145138Z,0,2026-08-24T21:29:10.055145138Z,true,2026-08-24T22:06:12.278889134Z,selection,2026-08-24T21:29:10.055145138Z,01M0TTTPM2Y4D6ESC7FTP4M4XG,2026-08-24T21:29:10.055145138Z,1787609172308,2026-08-24T22:06:12.330231336Z,true,2026-08-24T22:06:12.160342969Z,true,2026-08-24T22:06:12.359109013Z,01M0TTTR4SGKG7KYFPV6BG1ZWK,2026-08-24T21:29:10.055145138Z
01M0TTYQ3X41VGM6D3726WKV5Z,01M0TTMTH8JPTHXWGXYEY1VFR8,2026-08-24T21:31:20.061276852Z,1200,2026-08-24T21:31:20.061276852Z,true,2026-08-24T21:45:14.283215362Z,01M0TTMWMDPGAHQRDA7BZJ8FEZ,2026-08-24T21:31:20.061276852Z,0,2026-08-24T21:31:20.061276852Z,true,2026-08-24T21:31:30.154606575Z,describe,2026-08-24T21:31:20.061276852Z,01M0TTYPY88G0NC885VAQBA547,2026-08-24T21:31:20.061276852Z,1787607090163,2026-08-24T21:31:30.165451828Z,true,2026-08-24T21:31:30.10454493Z,true,2026-08-24T21:31:30.191400311Z,01M0TTYPZ7PMPZZ51DEWJ0VAE3,2026-08-24T21:31:20.061276852Z
01M0TVKASK8RSB82H9MAMR2Q8D,01M0TTMTH8JPTHXWGXYEY1VFR8,2026-08-24T21:42:35.572576412Z,3,2026-08-24T21:42:35.572576412Z,true,2026-08-24T21:54:27.242584772Z,01M0TTMWMG725DJ5GA5M4WD8SY,2026-08-24T21:42:35.572576412Z,1,2026-08-24T21:42:35.572576412Z,true,2026-08-24T21:54:24.208627268Z,feedback,2026-08-24T21:42:35.572576412Z,01M0TVK9NB7PM3WXW55YWAV3D2,2026-08-24T21:42:35.572576412Z,1787608464220,2026-08-24T21:54:24.222425433Z,true,2026-08-24T21:54:24.119937786Z,true,2026-08-24T21:54:24.241070957Z,01M0TVKASAWTVWZ2BP8XESPDST,2026-08-24T21:42:35.572576412Z
01M0TTK25BE89NPZCZEQWBQ2Q4,01M0TSZEX52H0PZDJFB4JNEAFW,2026-08-24T21:24:58.156018444Z,60,2026-08-24T21:24:58.156018444Z,true,2026-08-24T22:14:07.298938582Z,01M0TSZEY54T11A9AMGVA6T4ZB,2026-08-24T21:24:58.156018444Z,0,2026-08-24T21:24:58.156018444Z,true,2026-08-24T22:13:52.064385802Z,selection,2026-08-24T21:24:58.156018444Z,01M0TTK12JE0B99VPDKXGZ19NQ,2026-08-24T21:24:58.156018444Z,1787609632080,2026-08-24T22:13:52.08186359Z,true,2026-08-24T22:13:51.993911749Z,true,2026-08-24T22:13:52.103181827Z,01M0TTK257V0SHMJN5HXE3B9QK,2026-08-24T21:24:58.156018444Z
01M0TTKNQS5XQG5RXE1S3P11NK,01M0TSZEX52H0PZDJFB4JNEAFW,2026-08-24T21:25:18.201819379Z,3,2026-08-24T21:25:18.201819379Z,true,2026-08-24T21:48:03.818763872Z,01M0TSZEY173D8F3KEP071GR06,2026-08-24T21:25:18.201819379Z,1,2026-08-24T21:25:18.201819379Z,true,2026-08-24T21:48:00.78323383Z,feedback,2026-08-24T21:25:18.201819379Z,01M0TTKN0V89GWR7GYH66FJG8R,2026-08-24T21:25:18.201819379Z,1787608080797,2026-08-24T21:48:00.798974288Z,true,2026-08-24T21:48:00.73639226Z,true,2026-08-24T21:48:00.817197518Z,01M0TTKNQNRGCAJ2R1RXY04JZX,2026-08-24T21:25:18.201819379Z
01M0TTTQV115C2VJG12VXKRGAH,01M0TSZV7X3D77NKMM5CDCW4Z6,2026-08-24T21:29:09.729491819Z,60,2026-08-24T21:29:09.729491819Z,true,2026-08-24T22:02:39.471767947Z,01M0TSZV8KEDQHAT4X33M1GG1C,2026-08-24T21:29:09.729491819Z,0,2026-08-24T21:29:09.729491819Z,true,2026-08-24T22:01:41.92030037Z,selection,2026-08-24T21:29:09.729491819Z,01M0TTTPSPS4JY62EVQBG2VN38,2026-08-24T21:29:09.729491819Z,1787608901937,2026-08-24T22:01:41.938994736Z,true,2026-08-24T22:01:41.868774352Z,true,2026-08-24T22:01:41.957932533Z,01M0TTTQTTYE2A012WM7624N0P,2026-08-24T21:29:09.729491819Z
01M0TTKE5J4QERVQ0XYBA524K1,01M0TSZGJXR0N6DNTNARWRMFQ4,2026-08-24T21:25:10.450826546Z,3,2026-08-24T21:25:10.450826546Z,false,2026-08-24T21:25:10.450826546Z,01M0TSZGKM72FFW193EYG47F25,2026-08-24T21:25:10.450826546Z,1,2026-08-24T21:25:10.450826546Z,,,feedback,2026-08-24T21:25:10.450826546Z,01M0TTKDEV6HNXH6SRWXYF66XD,2026-08-24T21:25:10.450826546Z,,,false,2026-08-24T21:25:10.450826546Z,,,01M0TTKE5EQHN5DZ7ZNZCTXQYE,2026-08-24T21:25:10.450826546Z
01M0TTKNFDKE34MZS9MZMPV9S4,01M0TSZEX52H0PZDJFB4JNEAFW,2026-08-24T21:25:17.933393071Z,3,2026-08-24T21:25:17.933393071Z,true,2026-08-24T21:42:17.851081455Z,01M0TSZEY173D8F3KEP071GR06,2026-08-24T21:25:17.933393071Z,1,2026-08-24T21:25:17.933393071Z,true,2026-08-24T21:42:14.819504529Z,feedback,2026-08-24T21:25:17.933393071Z,01M0TTKMWKT0N697PT0WAWYHB9,2026-08-24T21:25:17.933393071Z,1787607734827,2026-08-24T21:42:14.829025377Z,true,2026-08-24T21:42:14.788782851Z,true,2026-08-24T21:42:14.849764409Z,01M0TTKNF8GQQFKPNX03EXCVQ1,2026-08-24T21:25:17.933393071Z
01M0TT9M0456MQGVPBJBA8QDNZ,01M0TSZGJXR0N6DNTNARWRMFQ4,2026-08-24T21:19:48.740376523Z,60,2026-08-24T21:19:48.740376523Z,false,2026-08-24T21:19:48.740376523Z,01M0TSZGKE32G3R2H2EPQFBQNN,2026-08-24T21:19:48.740376523Z,0,2026-08-24T21:19:48.740376523Z,,,selection,2026-08-24T21:19:48.740376523Z,01M0TT9KH2BQHJN93VXRBNA385,2026-08-24T21:19:48.740376523Z,,,false,2026-08-24T21:19:48.740376523Z,,,01M0TT9KZXNXHMQ18BEWGXKMNK,2026-08-24T21:19:48.740376523Z
01M0TTA5G21PK3AFRW6MHEQ4EE,01M0TSZV7X3D77NKMM5CDCW4Z6,2026-08-24T21:20:06.658516537Z,60,2026-08-24T21:20:06.658516537Z,true,2026-08-24T21:23:27.605499778Z,01M0TSZV8KEDQHAT4X3FNKVS2B,2026-08-24T21:20:06.658516537Z,0,2026-08-24T21:20:06.658516537Z,true,2026-08-24T21:22:57.226479519Z,selection,2026-08-24T21:20:06.658516537Z,01M0TTA57A3P5GSCP7H7KDT4DA,2026-08-24T21:20:06.658516537Z,1787606577231,2026-08-24T21:22:57.232709236Z,true,2026-08-24T21:22:57.210237538Z,true,2026-08-24T21:22:57.245326584Z,01M0TTA5FVX47Z7N35HBR549AC,2026-08-24T21:20:06.658516537Z
01M0TTKE7T24CDTY3D6V1WNFA3,01M0TSZGJXR0N6DNTNARWRMFQ4,2026-08-24T21:25:10.522307217Z,3,2026-08-24T21:25:10.522307217Z,false,2026-08-24T21:25:10.522307217Z,01M0TSZGKM72FFW193EYG47F25,2026-08-24T21:25:10.522307217Z,1,2026-08-24T21:25:10.522307217Z,,,feedback,2026-08-24T21:25:10.522307217Z,01M0TTKDF26WFHZ4QVRA0YEZX7,2026-08-24T21:25:10.522307217Z,,,false,2026-08-24T21:25:10.522307217Z,,,01M0TTKE7K8BBWEK785XZRE973,2026-08-24T21:25:10.522307217Z
01M0TTYRTYHKP19SGJFZDSXK78,01M0TTMTH8JPTHXWGXYEY1VFR8,2026-08-24T21:31:21.822565419Z,60,2026-08-24T21:31:21.822565419Z,false,2026-08-24T21:31:21.822565419Z,01M0TTMWMDPGAHQRDA7BZJ8FEZ,2026-08-24T21:31:21.822565419Z,0,2026-08-24T21:31:21.822565419Z,,,selection,2026-08-24T21:31:21.822565419Z,01M0TTYQCB4HHYEFM5E8B8V5VE,2026-08-24T21:31:21.822565419Z,,,false,2026-08-24T21:31:21.822565419Z,,,01M0TTYRTN51VGTQZKJ8MXR73K,2026-08-24T21:31:21.822565419Z
01M0TVKB8QNPD69MS15D86ZA2Z,01M0TTMTH8JPTHXWGXYEY1VFR8,2026-08-24T21:42:36.055933601Z,3,2026-08-24T21:42:36.055933601Z,true,2026-08-24T21:58:15.72102848Z,01M0TTMWMG725DJ5GA5M4WD8SY,2026-08-24T21:42:36.055933601Z,1,2026-08-24T21:42:36.055933601Z,true,2026-08-24T21:58:12.64513759Z,feedback,2026-08-24T21:42:36.055933601Z,01M0TVK9SGFH4A7G0X5AP3DEF3,2026-08-24T21:42:36.055933601Z,1787608692662,2026-08-24T21:58:12.687337711Z,true,2026-08-24T21:58:12.606901991Z,true,2026-08-24T21:58:12.706740212Z,01M0TVKB8EPHP7TCY7M4WZ3JNW,2026-08-24T21:42:36.055933601Z
01M0TTA5PM2HTBB34SVSZBVTR3,01M0TSZV7X3D77NKMM5CDCW4Z6,2026-08-24T21:20:06.868988633Z,60,2026-08-24T21:20:06.868988633Z,true,2026-08-24T21:32:40.543536154Z,01M0TSZV8KEDQHAT4X3FNKVS2B,2026-08-24T21:20:06.868988633Z,0,2026-08-24T21:20:06.868988633Z,true,2026-08-24T21:31:59.313559403Z,selection,2026-08-24T21:20:06.868988633Z,01M0TTA5D893WN40HHXA95TMV6,2026-08-24T21:20:06.868988633Z,1787607119332,2026-08-24T21:31:59.333630648Z,true,2026-08-24T21:31:59.2727956Z,true,2026-08-24T21:31:59.34678049Z,01M0TTA5PG1J8Z6XN30YF00M24,2026-08-24T21:20:06.868988633Z
01M0TTA696N2QRFFJ0P6ZWBXJR,01M0TSZV7X3D77NKMM5CDCW4Z6,2026-08-24T21:20:07.46302313Z,60,2026-08-24T21:20:07.46302313Z,true,2026-08-24T21:48:02.609328549Z,01M0TSZV8KEDQHAT4X3FNKVS2B,2026-08-24T21:20:07.46302313Z,0,2026-08-24T21:20:07.46302313Z,true,2026-08-24T21:47:34.037809998Z,selection,2026-08-24T21:20:07.46302313Z,01M0TTA57Y7VCTCEJ68H134ERM,2026-08-24T21:20:07.46302313Z,1787608054048,2026-08-24T21:47:34.049939279Z,true,2026-08-24T21:47:33.997524155Z,true,2026-08-24T21:47:34.065223032Z,01M0TTA690NH8HH7PJFK3MMGDM,2026-08-24T21:20:07.46302313Z
01M0TTNSP1CMKFN3WT6FYCPWV5,01M0TSZGJXR0N6DNTNARWRMFQ4,2026-08-24T21:26:27.777654696Z,60,2026-08-24T21:26:27.777654696Z,false,2026-08-24T21:26:27.777654696Z,01M0TSZGKJQW5S4GCP9150DNN9,2026-08-24T21:26:27.777654696Z,0,2026-08-24T21:26:27.777654696Z,,,selection,2026-08-24T21:26:27.777654696Z,01M0TTNRE2X8FMPFKM0R8X9986,2026-08-24T21:26:27.777654696Z,,,false,2026-08-24T21:26:27.777654696Z,,,01M0TTNSNT52HX4G2XQ5S35SVH,2026-08-24T21:26:27.777654696Z
01M0TTA671GRSG0RNFCCTW82VK,01M0TSZV7X3D77NKMM5CDCW4Z6,2026-08-24T21:20:07.393266761Z,3,2026-08-24T21:20:07.393266761Z,true,2026-08-24T21:46:07.940322917Z,01M0TSZV8KEDQHAT4X3FNKVS2B,2026-08-24T21:20:07.393266761Z,1,2026-08-24T21:20:07.393266761Z,true,2026-08-24T21:46:04.902316509Z,feedback,2026-08-24T21:20:07.393266761Z,01M0TTA584R4H41N0028JTJYXK,2026-08-24T21:20:07.393266761Z,1787607964914,2026-08-24T21:46:04.915978714Z,true,2026-08-24T21:46:04.866854935Z,true,2026-08-24T21:46:04.929121529Z,01M0TTA66FXDHVM7KEM0061WSC,2026-08-24T21:20:07.393266761Z
01M0TTKDT6JS71Q7SXPEABY4PR,01M0TSZGJXR0N6DNTNARWRMFQ4,2026-08-24T21:25:10.086751442Z,60,2026-08-24T21:25:10.086751442Z,false,2026-08-24T21:25:10.086751442Z,01M0TSZGKM72FFW193EYG47F25,2026-08-24T21:25:10.086751442Z,0,2026-08-24T21:25:10.086751442Z,,,selection,2026-08-24T21:25:10.086751442Z,01M0TTKDA09V3KF2XEEQZ8MQTD,2026-08-24T21:25:10.086751442Z,,,false,2026-08-24T21:25:10.086751442Z,,,01M0TTKDSZ48RF2P4Y8A0RK8R1,2026-08-24T21:25:10.086751442Z
01M0TTKNHRJVG5BKAJG1EGP7NR,01M0TSZEX52H0PZDJFB4JNEAFW,2026-08-24T21:25:18.008314586Z,3,2026-08-24T21:25:18.008314586Z,true,2026-08-24T21:43:39.815706156Z,01M0TSZEY173D8F3KEP071GR06,2026-08-24T21:25:18.008314586Z,1,2026-08-24T21:25:18.008314586Z,true,2026-08-24T21:43:36.794111746Z,feedback,2026-08-24T21:25:18.008314586Z,01M0TTKMX07DEQJ8TNQY7VCN5K,2026-08-24T21:25:18.008314586Z,1787607816802,2026-08-24T21:43:36.80376266Z,true,2026-08-24T21:43:36.756992222Z,true,2026-08-24T21:43:36.814844473Z,01M0TTKNHJJJ8ANFXB2XTJ8EFW,2026-08-24T21:25:18.008314586Z
01M0TTKNNVNNX218WYAFF2QZF6,01M0TSZEX52H0PZDJFB4JNEAFW,2026-08-24T21:25:18.13959826Z,60,2026-08-24T21:25:18.13959826Z,true,2026-08-24T21:46:39.969491853Z,01M0TSZEY173D8F3KEP071GR06,2026-08-24T21:25:18.13959826Z,0,2026-08-24T21:25:18.13959826Z,true,2026-08-24T21:46:20.790403251Z,selection,2026-08-24T21:25:18.13959826Z,01M0TTKMZ7SV3M807NSRGTM6WH,2026-08-24T21:25:18.13959826Z,1787607980806,2026-08-24T21:46:20.807954166Z,true,2026-08-24T21:46:20.74555208Z,true,2026-08-24T21:46:20.825580038Z,01M0TTKNNQ9J75Z15A03VE3A7Z,2026-08-24T21:25:18.13959826Z
01M0TTNSBAX65E1YR6KZ8T77PR,01M0TSZGJXR0N6DNTNARWRMFQ4,2026-08-24T21:26:27.434854931Z,3,2026-08-24T21:26:27.434854931Z,false,2026-08-24T21:26:27.434854931Z,01M0TSZGKJQW5S4GCP9150DNN9,2026-08-24T21:26:27.434854931Z,1,2026-08-24T21:26:27.434854931Z,,,feedback,2026-08-24T21:26:27.434854931Z,01M0TTNRMNGADPD9VHGAKJYSTV,2026-08-24T21:26:27.434854931Z,,,false,2026-08-24T21:26:27.434854931Z,,,01M0TTNSB4YSSSSVHWWV13VREJ,2026-08-24T21:26:27.434854931Z
01M0TT9KW9ZNPKJ9QDP2FVDVXC,01M0TSZGJXR0N6DNTNARWRMFQ4,2026-08-24T21:19:48.617845916Z,60,2026-08-24T21:19:48.617845916Z,false,2026-08-24T21:19:48.617845916Z,01M0TSZGKE32G3R2H2EPQFBQNN,2026-08-24T21:19:48.617845916Z,0,2026-08-24T21:19:48.617845916Z,,,selection,2026-08-24T21:19:48.617845916Z,01M0TT9KFTJ1S066ZP3W49S4SP,2026-08-24T21:19:48.617845916Z,,,false,2026-08-24T21:19:48.617845916Z,,,01M0TT9KW1EV9VH476GP06ZZT1,2026-08-24T21:19:48.617845916Z
01M0TTA63EPG9R2AXBXJVB9AG1,01M0TSZV7X3D77NKMM5CDCW4Z6,2026-08-24T21:20:07.278446327Z,3,2026-08-24T21:20:07.278446327Z,true,2026-08-24T21:43:37.948879819Z,01M0TSZV8KEDQHAT4X3FNKVS2B,2026-08-24T21:20:07.278446327Z,1,2026-08-24T21:20:07.278446327Z,true,2026-08-24T21:43:34.90464501Z,feedback,2026-08-24T21:20:07.278446327Z,01M0TTA58WTW677E6JA0N198K9,2026-08-24T21:20:07.278446327Z,1787607814916,2026-08-24T21:43:34.917704525Z,true,2026-08-24T21:43:34.871862047Z,true,2026-08-24T21:43:34.938873838Z,01M0TTA63A921CXR9VW4A630YT,2026-08-24T21:20:07.278446327Z
01M0TTTRKQDNJ5NNNJ20HKY2BX,01M0TSZV7X3D77NKMM5CDCW4Z6,2026-08-24T21:29:10.519278595Z,60,2026-08-24T21:29:10.519278595Z,true,2026-08-24T22:13:44.084209627Z,01M0TSZV8KEDQHAT4X33M1GG1C,2026-08-24T21:29:10.519278595Z,0,2026-08-24T21:29:10.519278595Z,true,2026-08-24T22:13:22.528032597Z,selection,2026-08-24T21:29:10.519278595Z,01M0TTTPJ2YS8STJCVP4DMGMTK,2026-08-24T21:29:10.519278595Z,1787609602544,2026-08-24T22:13:22.546398578Z,true,2026-08-24T22:13:22.461428751Z,true,2026-08-24T22:13:22.569537588Z,01M0TTTRKAZ5Y0943YGW4RQC38,2026-08-24T21:29:10.519278595Z
01M0TTYS3CQ3P9MV5EBCKQ3K1A,01M0TTMTH8JPTHXWGXYEY1VFR8,2026-08-24T21:31:22.092146102Z,3,2026-08-24T21:31:22.092146102Z,false,2026-08-24T21:31:22.092146102Z,01M0TTMWMDPGAHQRDA7BZJ8FEZ,2026-08-24T21:31:22.092146102Z,1,2026-08-24T21:31:22.092146102Z,,,feedback,2026-08-24T21:31:22.092146102Z,01M0TTYQ9VEG79XZNPSM8DJAM6,2026-08-24T21:31:22.092146102Z,,,false,2026-08-24T21:31:22.092146102Z,,,01M0TTYS2Y37SVGKBEJRJAGVY9,2026-08-24T21:31:22.092146102Z
01M0TVKATNX6EYT8GBA22XP0TY,01M0TTMTH8JPTHXWGXYEY1VFR8,2026-08-24T21:42:35.607362912Z,3,2026-08-24T21:42:35.607362912Z,true,2026-08-24T21:54:51.320144609Z,01M0TTMWMG725DJ5GA5M4WD8SY,2026-08-24T21:42:35.607362912Z,1,2026-08-24T21:42:35.607362912Z,true,2026-08-24T21:54:48.272870745Z,feedback,2026-08-24T21:42:35.607362912Z,01M0TVK9FA6ESW43HA6M09KA5G,2026-08-24T21:42:35.607362912Z,1787608488285,2026-08-24T21:54:48.286521989Z,true,2026-08-24T21:54:48.215337917Z,true,2026-08-24T21:54:48.308022191Z,01M0TVKATBAMBY154271X3VF3F,2026-08-24T21:42:35.607362912Z
01M0TTA65M08CMQZ2KKGHCFVRC,01M0TSZV7X3D77NKMM5CDCW4Z6,2026-08-24T21:20:07.348745592Z,3,2026-08-24T21:20:07.348745592Z,true,2026-08-24T21:45:30.202132525Z,01M0TSZV8KEDQHAT4X3FNKVS2B,2026-08-24T21:20:07.348745592Z,1,2026-08-24T21:20:07.348745592Z,true,2026-08-24T21:45:27.163999296Z,feedback,2026-08-24T21:20:07.348745592Z,01M0TTA58F42TH41R8M56PYCD0,2026-08-24T21:20:07.348745592Z,1787607927176,2026-08-24T21:45:27.178084733Z,true,2026-08-24T21:45:27.122907374Z,true,2026-08-24T21:45:27.191331752Z,01M0TTA65FKPCYPW2Q7JZWY2YZ,2026-08-24T21:20:07.348745592Z
01M0TTMR2YF5EHVP331Q4DNTW3,01M0TSZV7X3D77NKMM5CDCW4Z6,2026-08-24T21:25:53.374110982Z,60,2026-08-24T21:25:53.374110982Z,true,2026-08-24T21:34:22.58622787Z,01M0TSZV8ERABP36QP2627EVMT,2026-08-24T21:25:53.374110982Z,0,2026-08-24T21:25:53.374110982Z,true,2026-08-24T21:33:39.746380264Z,selection,2026-08-24T21:25:53.374110982Z,01M0TTMQQVARMPC05WDKBGE8KW,2026-08-24T21:25:53.374110982Z,1787607219753,2026-08-24T21:33:39.755255746Z,true,2026-08-24T21:33:39.716473624Z,true,2026-08-24T21:33:39.77272087Z,01M0TTMR2SAV12D0YGVNM9HZ6C,2026-08-24T21:25:53.374110982Z
01M0TTKE1T1AGAK9GN33SWQJFN,01M0TSZGJXR0N6DNTNARWRMFQ4,2026-08-24T21:25:10.33054105Z,60,2026-08-24T21:25:10.33054105Z,false,2026-08-24T21:25:10.33054105Z,01M0TSZGKM72FFW193EYG47F25,2026-08-24T21:25:10.33054105Z,0,2026-08-24T21:25:10.33054105Z,,,selection,2026-08-24T21:25:10.33054105Z,01M0TTKDE9FVRXTAN8VKCWVSEG,2026-08-24T21:25:10.33054105Z,,,false,2026-08-24T21:25:10.33054105Z,,,01M0TTKE1NTPFC9ZVREZ5HTCB0,2026-08-24T21:25:10.33054105Z
01M0TTMRP05RKRJQH61KP6ETYN,01M0TSZV7X3D77NKMM5CDCW4Z6,2026-08-24T21:25:53.984734753Z,3,2026-08-24T21:25:53.984734753Z,true,2026-08-24T21:48:37.975274159Z,01M0TSZV8ERABP36QP2627EVMT,2026-08-24T21:25:53.984734753Z,1,2026-08-24T21:25:53.984734753Z,true,2026-08-24T21:48:34.919969371Z,feedback,2026-08-24T21:25:53.984734753Z,01M0TTMQWDETM62H3CBNS3MJQ2,2026-08-24T21:25:53.984734753Z,1787608114931,2026-08-24T21:48:34.932649092Z,true,2026-08-24T21:48:34.876803918Z,true,2026-08-24T21:48:34.955898586Z,01M0TTMRNTGV83M8232EJZSJKX,2026-08-24T21:25:53.984734753Z
01M0TV7KSF7V1C8MRSDP8D8XHH,01M0TTMTH8JPTHXWGXYEY1VFR8,2026-08-24T21:36:11.567286166Z,60,2026-08-24T21:36:11.567286166Z,true,2026-08-24T21:57:11.899590113Z,01M0TTMWM9GSP2NP0T4CET96EB,2026-08-24T21:36:11.567286166Z,0,2026-08-24T21:36:11.567286166Z,true,2026-08-24T21:56:48.81651224Z,selection,2026-08-24T21:36:11.567286166Z,01M0TV7K0ZTCV9MPPF950PZXXA,2026-08-24T21:36:11.567286166Z,1787608608830,2026-08-24T21:56:48.831503872Z,true,2026-08-24T21:56:48.768719975Z,true,2026-08-24T21:56:48.846910362Z,01M0TV7KS9X811AP6D47TRGNB0,2026-08-24T21:36:11.567286166Z
01M0TT9M8Y84F0G3XWAX532CPH,01M0TSZGJXR0N6DNTNARWRMFQ4,2026-08-24T21:19:49.022539487Z,60,2026-08-24T21:19:49.022539487Z,false,2026-08-24T21:19:49.022539487Z,01M0TSZGKE32G3R2H2EPQFBQNN,2026-08-24T21:19:49.022539487Z,0,2026-08-24T21:19:49.022539487Z,,,selection,2026-08-24T21:19:49.022539487Z,01M0TT9KMBQ9CH1QB65NJ5EQDV,2026-08-24T21:19:49.022539487Z,,,false,2026-08-24T21:19:49.022539487Z,,,01M0TT9M8QWYFF2EPDGY5537JK,2026-08-24T21:19:49.022539487Z
01M0TTA5YBT4PZK8JYYHSEY4P3,01M0TSZV7X3D77NKMM5CDCW4Z6,2026-08-24T21:20:07.115032485Z,3,2026-08-24T21:20:07.115032485Z,true,2026-08-24T21:40:05.048255708Z,01M0TSZV8KEDQHAT4X3FNKVS2B,2026-08-24T21:20:07.115032485Z,1,2026-08-24T21:20:07.115032485Z,true,2026-08-24T21:40:02.000758091Z,feedback,2026-08-24T21:20:07.115032485Z,01M0TTA59FNXNKX3YNP5SEFYMY,2026-08-24T21:20:07.115032485Z,1787607602016,2026-08-24T21:40:02.018280802Z,true,2026-08-24T21:40:01.942706619Z,true,2026-08-24T21:40:02.049694967Z,01M0TTA5Y7VQDR3NEGZ9SV9ZSY,2026-08-24T21:20:07.115032485Z
01M0TTMRGZYX45A511JABBPB9A,01M0TSZV7X3D77NKMM5CDCW4Z6,2026-08-24T21:25:53.823612218Z,3,2026-08-24T21:25:53.823612218Z,true,2026-08-24T21:45:50.30896996Z,01M0TSZV8ERABP36QP2627EVMT,2026-08-24T21:25:53.823612218Z,1,2026-08-24T21:25:53.823612218Z,true,2026-08-24T21:45:47.282480328Z,feedback,2026-08-24T21:25:53.823612218Z,01M0TTMQV99AYPGEW60RFG8SEE,2026-08-24T21:25:53.823612218Z,1787607947291,2026-08-24T21:45:47.293105616Z,true,2026-08-24T21:45:47.241753648Z,true,2026-08-24T21:45:47.311011043Z,01M0TTMRGEVQ53B58HQDYJM0K7,2026-08-24T21:25:53.823612218Z
01M0TTTR8PWFKT8GT2PPK07AZR,01M0TSZV7X3D77NKMM5CDCW4Z6,2026-08-24T21:29:10.167004739Z,60,2026-08-24T21:29:10.167004739Z,true,2026-08-24T22:08:33.042699612Z,01M0TSZV8KEDQHAT4X33M1GG1C,2026-08-24T21:29:10.167004739Z,0,2026-08-24T21:29:10.167004739Z,true,2026-08-24T22:07:54.004707411Z,selection,2026-08-24T21:29:10.167004739Z,01M0TTTPK6Z594SHZVHCMFV86W,2026-08-24T21:29:10.167004739Z,1787609274016,2026-08-24T22:07:54.018121084Z,true,2026-08-24T22:07:53.954056221Z,true,2026-08-24T22:07:54.036618921Z,01M0TTTR8DCXTNWFFY6CTPJQ96,2026-08-24T21:29:10.167004739Z
01M0TTKE2Y8PTFP55G1HM81ZGJ,01M0TSZGJXR0N6DNTNARWRMFQ4,2026-08-24T21:25:10.366412457Z,60,2026-08-24T21:25:10.366412457Z,false,2026-08-24T21:25:10.366412457Z,01M0TSZGKM72FFW193EYG47F25,2026-08-24T21:25:10.366412457Z,0,2026-08-24T21:25:10.366412457Z,,,selection,2026-08-24T21:25:10.366412457Z,01M0TTKDEJSAA46A61DQ6D60SY,2026-08-24T21:25:10.366412457Z,,,false,2026-08-24T21:25:10.366412457Z,,,01M0TTKE2R1WG78W2BATKDXZ8F,2026-08-24T21:25:10.366412457Z
01M0TTKNHNJ3SAWJ4HGA14B12D,01M0TSZEX52H0PZDJFB4JNEAFW,2026-08-24T21:25:18.005482761Z,60,2026-08-24T21:25:18.005482761Z,true,2026-08-24T21:43:36.737490618Z,01M0TSZEY173D8F3KEP071GR06,2026-08-24T21:25:18.005482761Z,0,2026-08-24T21:25:18.005482761Z,true,2026-08-24T21:43:23.600853667Z,selection,2026-08-24T21:25:18.005482761Z,01M0TTKMX07DEQJ8TNQY7VCN5K,2026-08-24T21:25:18.005482761Z,1787607803612,2026-08-24T21:43:23.613435856Z,true,2026-08-24T21:43:23.565935546Z,true,2026-08-24T21:43:23.626059987Z,01M0TTKNHDV23VCN23KWDTSAYJ,2026-08-24T21:25:18.005482761Z
01M0TTMRM58B9J2MPAK190T1DS,01M0TSZV7X3D77NKMM5CDCW4Z6,2026-08-24T21:25:53.925148929Z,60,2026-08-24T21:25:53.925148929Z,true,2026-08-24T21:47:15.375936058Z,01M0TSZV8ERABP36QP2627EVMT,2026-08-24T21:25:53.925148929Z,0,2026-08-24T21:25:53.925148929Z,true,2026-08-24T21:47:00.152758169Z,selection,2026-08-24T21:25:53.925148929Z,01M0TTMQVV21CWGBNDDBAEXJ7S,2026-08-24T21:25:53.925148929Z,1787608020162,2026-08-24T21:47:00.163693708Z,true,2026-08-24T21:47:00.106444427Z,true,2026-08-24T21:47:00.179821276Z,01M0TTMRM0XP08VHJCB91A1NCP,2026-08-24T21:25:53.925148929Z
01M0TT9KRC0NDETMFHS2SZKFBF,01M0TSZGJXR0N6DNTNARWRMFQ4,2026-08-24T21:19:48.492824533Z,3,2026-08-24T21:19:48.492824533Z,false,2026-08-24T21:19:48.492824533Z,01M0TSZGKE32G3R2H2EPQFBQNN,2026-08-24T21:19:48.492824533Z,1,2026-08-24T21:19:48.492824533Z,,,feedback,2026-08-24T21:19:48.492824533Z,01M0TT9KHXR2305Y2GD60JW49Z,2026-08-24T21:19:48.492824533Z,,,false,2026-08-24T21:19:48.492824533Z,,,01M0TT9KR9TFYKC7PJ8A1G09Z1,2026-08-24T21:19:48.492824533Z
01M0TTKP0743ZNRBZFHF67V4J4,01M0TSZEX52H0PZDJFB4JNEAFW,2026-08-24T21:25:18.471854683Z,3,2026-08-24T21:25:18.471854683Z,true,2026-08-24T21:54:07.515865247Z,01M0TSZEY173D8F3KEP071GR06,2026-08-24T21:25:18.471854683Z,1,2026-08-24T21:25:18.471854683Z,true,2026-08-24T21:54:04.464823537Z,feedback,2026-08-24T21:25:18.471854683Z,01M0TTKN3Y49RQ37GWQRGV8JF3,2026-08-24T21:25:18.471854683Z,1787608444480,2026-08-24T21:54:04.481625454Z,true,2026-08-24T21:54:04.416958424Z,true,2026-08-24T21:54:04.496113811Z,01M0TTKP03AE01HW9B6AF37QZR,2026-08-24T21:25:18.471854683Z
01M0TTMREP66GRADECY6PS06J6,01M0TSZV7X3D77NKMM5CDCW4Z6,2026-08-24T21:25:53.750141883Z,60,2026-08-24T21:25:53.750141883Z,true,2026-08-24T21:45:07.341241748Z,01M0TSZV8ERABP36QP2627EVMT,2026-08-24T21:25:53.750141883Z,0,2026-08-24T21:25:53.750141883Z,true,2026-08-24T21:44:45.326774368Z,selection,2026-08-24T21:25:53.750141883Z,01M0TTMQTX8PVY1YQYK90Q4EB5,2026-08-24T21:25:53.750141883Z,1787607885338,2026-08-24T21:44:45.339479228Z,true,2026-08-24T21:44:45.293508035Z,true,2026-08-24T21:44:45.35682231Z,01M0TTMREJ2225W0K76ZMZZYZX,2026-08-24T21:25:53.750141883Z
01M0TTNSACJDBFJ8BF8SDRV63C,01M0TSZGJXR0N6DNTNARWRMFQ4,2026-08-24T21:26:27.404129005Z,60,2026-08-24T21:26:27.404129005Z,false,2026-08-24T21:26:27.404129005Z,01M0TSZGKJQW5S4GCP9150DNN9,2026-08-24T21:26:27.404129005Z,0,2026-08-24T21:26:27.404129005Z,,,selection,2026-08-24T21:26:27.404129005Z,01M0TTNRN5PCMP0TGF2BD5ACAG,2026-08-24T21:26:27.404129005Z,,,false,2026-08-24T21:26:27.404129005Z,,,01M0TTNSA6CRRPG0KSCC6DTXJD,2026-08-24T21:26:27.404129005Z
01M0TTTRPWSSW5Z2RWHVXV5935,01M0TSZV7X3D77NKMM5CDCW4Z6,2026-08-24T21:29:10.620181082Z,60,2026-08-24T21:29:10.620181082Z,true,2026-08-24T22:15:42.110284357Z,01M0TSZV8KEDQHAT4X33M1GG1C,2026-08-24T21:29:10.620181082Z,0,2026-08-24T21:29:10.620181082Z,true,2026-08-24T22:15:11.01535268Z,selection,2026-08-24T21:29:10.620181082Z,01M0TTTPTV6F12YC6XJT82EBKW,2026-08-24T21:29:10.620181082Z,1787609711035,2026-08-24T22:15:11.03738061Z,true,2026-08-24T22:15:10.958979967Z,true,2026-08-24T22:15:11.06404386Z,01M0TTTRPNB2902K60WR487K7M,2026-08-24T21:29:10.620181082Z
01M0TTK1A9971A2VXAP36AGS17,01M0TSZEX52H0PZDJFB4JNEAFW,2026-08-24T21:24:57.289054535Z,3,2026-08-24T21:24:57.289054535Z,true,2026-08-24T21:42:20.245731005Z,01M0TSZEY54T11A9AMGVA6T4ZB,2026-08-24T21:24:57.289054535Z,1,2026-08-24T21:24:57.289054535Z,true,2026-08-24T21:42:17.213881351Z,feedback,2026-08-24T21:24:57.289054535Z,01M0TTK109J40M56MKS6JSAWY1,2026-08-24T21:24:57.289054535Z,1787607737224,2026-08-24T21:42:17.225338895Z,true,2026-08-24T21:42:17.177398464Z,true,2026-08-24T21:42:17.242061083Z,01M0TTK1A5YX6MWVZ3NP97453M,2026-08-24T21:24:57.289054535Z
01M0TTMR9EGMMET922RHHEDQTC,01M0TSZV7X3D77NKMM5CDCW4Z6,2026-08-24T21:25:53.582918348Z,60,2026-08-24T21:25:53.582918348Z,true,2026-08-24T21:40:25.239310526Z,01M0TSZV8ERABP36QP2627EVMT,2026-08-24T21:25:53.582918348Z,0,2026-08-24T21:25:53.582918348Z,true,2026-08-24T21:39:34.521505765Z,selection,2026-08-24T21:25:53.582918348Z,01M0TTMQSV9DGPZMHN55KM3GSA,2026-08-24T21:25:53.582918348Z,1787607574532,2026-08-24T21:39:34.533574623Z,true,2026-08-24T21:39:34.492564235Z,true,2026-08-24T21:39:34.549265536Z,01M0TTMR99JZVPTCSDNXAJGDY6,2026-08-24T21:25:53.582918348Z
01M0TV7MAX2186VPZ263H7B1BS,01M0TTMTH8JPTHXWGXYEY1VFR8,2026-08-24T21:36:12.127027901Z,3,2026-08-24T21:36:12.127027901Z,true,2026-08-24T22:02:31.296385949Z,01M0TTMWM9GSP2NP0T4CET96EB,2026-08-24T21:36:12.127027901Z,1,2026-08-24T21:36:12.127027901Z,true,2026-08-24T22:02:28.245815601Z,feedback,2026-08-24T21:36:12.127027901Z,01M0TV7JW1WFYP9M7JT4159R8G,2026-08-24T21:36:12.127027901Z,1787608948260,2026-08-24T22:02:28.261458664Z,true,2026-08-24T22:02:28.201982048Z,true,2026-08-24T22:02:28.28301621Z,01M0TV7MANVDPBDQZTWFWN1EHB,2026-08-24T21:36:12.127027901Z
01M0TTYS33GHXHEWXX70VDGGPM,01M0TTMTH8JPTHXWGXYEY1VFR8,2026-08-24T21:31:22.083269502Z,60,2026-08-24T21:31:22.083269502Z,false,2026-08-24T21:31:22.083269502Z,01M0TTMWMDPGAHQRDA7BZJ8FEZ,2026-08-24T21:31:22.083269502Z,0,2026-08-24T21:31:22.083269502Z,,,selection,2026-08-24T21:31:22.083269502Z,01M0TTYQ9VEG79XZNPSM8DJAM6,2026-08-24T21:31:22.083269502Z,,,false,2026-08-24T21:31:22.083269502Z,,,01M0TTYS2TMY13NKS1NPC668HQ,2026-08-24T21:31:22.083269502Z
01M0TV7KXHY7XFQA0BGBBF2YTN,01M0TTMTH8JPTHXWGXYEY1VFR8,2026-08-24T21:36:11.697912755Z,60,2026-08-24T21:36:11.697912755Z,true,2026-08-24T21:58:42.248919056Z,01M0TTMWM9GSP2NP0T4CET96EB,2026-08-24T21:36:11.697912755Z,0,2026-08-24T21:36:11.697912755Z,true,2026-08-24T21:58:34.794819765Z,selection,2026-08-24T21:36:11.697912755Z,01M0TV7K00E7H18KNHGPC9NM8M,2026-08-24T21:36:11.697912755Z,1787608714811,2026-08-24T21:58:34.813093927Z,true,2026-08-24T21:58:34.748874116Z,true,2026-08-24T21:58:34.836199086Z,01M0TV7KXB0RXSTF6T89PVKV34,2026-08-24T21:36:11.697912755Z
01M0TTMR5PNZ6EPBTVRGHHACPP,01M0TSZV7X3D77NKMM5CDCW4Z6,2026-08-24T21:25:53.462163575Z,60,2026-08-24T21:25:53.462163575Z,true,2026-08-24T21:37:07.51065078Z,01M0TSZV8ERABP36QP2627EVMT,2026-08-24T21:25:53.462163575Z,0,2026-08-24T21:25:53.462163575Z,true,2026-08-24T21:36:29.382383641Z,selection,2026-08-24T21:25:53.462163575Z,01M0TTMQRAPS9EVG7DRKW0A9J9,2026-08-24T21:25:53.462163575Z,1787607389393,2026-08-24T21:36:29.394585186Z,true,2026-08-24T21:36:29.349422391Z,true,2026-08-24T21:36:29.404597558Z,01M0TTMR5HTWGSQ3EA0D1Y3489,2026-08-24T21:25:53.462163575Z
01M0TTA5PNG5X5SC73C38YJ4WE,01M0TSZV7X3D77NKMM5CDCW4Z6,2026-08-24T21:20:06.869769416Z,3,2026-08-24T21:20:06.869769416Z,true,2026-08-24T21:32:43.666748016Z,01M0TSZV8KEDQHAT4X3FNKVS2B,2026-08-24T21:20:06.869769416Z,1,2026-08-24T21:20:06.869769416Z,true,2026-08-24T21:32:40.611652592Z,feedback,2026-08-24T21:20:06.869769416Z,01M0TTA5D893WN40HHXA95TMV6,2026-08-24T21:20:06.869769416Z,1787607160625,2026-08-24T21:32:40.627101364Z,true,2026-08-24T21:32:40.5727896Z,true,2026-08-24T21:32:40.654593944Z,01M0TTA5PJ2S9W65QHCCJ6011K,2026-08-24T21:20:06.869769416Z
01M0TTKE63QPHWDQZQJ1TQTEZZ,01M0TSZGJXR0N6DNTNARWRMFQ4,2026-08-24T21:25:10.468489266Z,3,2026-08-24T21:25:10.468489266Z,false,2026-08-24T21:25:10.468489266Z,01M0TSZGKM72FFW193EYG47F25,2026-08-24T21:25:10.468489266Z,1,2026-08-24T21:25:10.468489266Z,,,feedback,2026-08-24T21:25:10.468489266Z,01M0TTKDEXNTPZP6X71Q8E5EFP,2026-08-24T21:25:10.468489266Z,,,false,2026-08-24T21:25:10.468489266Z,,,01M0TTKE5Y8QCGSMV1MG9VWEWN,2026-08-24T21:25:10.468489266Z
01M0TTMRGTSBX1MHCN0Q7CJM0X,01M0TSZV7X3D77NKMM5CDCW4Z6,2026-08-24T21:25:53.818932024Z,60,2026-08-24T21:25:53.818932024Z,true,2026-08-24T21:45:47.219817924Z,01M0TSZV8ERABP36QP2627EVMT,2026-08-24T21:25:53.818932024Z,0,2026-08-24T21:25:53.818932024Z,true,2026-08-24T21:45:27.979524321Z,selection,2026-08-24T21:25:53.818932024Z,01M0TTMQV99AYPGEW60RFG8SEE,2026-08-24T21:25:53.818932024Z,1787607927992,2026-08-24T21:45:27.993572576Z,true,2026-08-24T21:45:27.932518425Z,true,2026-08-24T21:45:28.010754187Z,01M0TTMRG9GSCGCK35P5Z4NCKB,2026-08-24T21:25:53.818932024Z
01M0TTTRGKZM9S64HDM69PKDF3,01M0TSZV7X3D77NKMM5CDCW4Z6,2026-08-24T21:29:10.419625178Z,3,2026-08-24T21:29:10.419625178Z,true,2026-08-24T22:12:20.648538129Z,01M0TSZV8KEDQHAT4X33M1GG1C,2026-08-24T21:29:10.419625178Z,1,2026-08-24T21:29:10.419625178Z,true,2026-08-24T22:12:17.603828053Z,feedback,2026-08-24T21:29:10.419625178Z,01M0TTTPGPG9TQ8W0TD0DQ9QY5,2026-08-24T21:29:10.419625178Z,1787609537624,2026-08-24T22:12:17.626670794Z,true,2026-08-24T22:12:17.550426825Z,true,2026-08-24T22:12:17.644365057Z,01M0TTTRG869KV4M0B5A9CFW8Q,2026-08-24T21:29:10.419625178Z
01M0TTYSAAPMVAAJAT4FRPXC4S,01M0TTMTH8JPTHXWGXYEY1VFR8,2026-08-24T21:31:22.314740017Z,60,2026-08-24T21:31:22.314740017Z,false,2026-08-24T21:31:22.314740017Z,01M0TTMWMDPGAHQRDA7BZJ8FEZ,2026-08-24T21:31:22.314740017Z,0,2026-08-24T21:31:22.314740017Z,,,selection,2026-08-24T21:31:22.314740017Z,01M0TTYQ5BP8HDRT8B34E2366Y,2026-08-24T21:31:22.314740017Z,,,false,2026-08-24T21:31:22.314740017Z,,,01M0TTYSA17N6V8Z0DWD2Y77KE,2026-08-24T21:31:22.314740017Z
01M0TT9M7VAB4210HA216Q6D48,01M0TSZGJXR0N6DNTNARWRMFQ4,2026-08-24T21:19:48.987341397Z,3,2026-08-24T21:19:48.987341397Z,false,2026-08-24T21:19:48.987341397Z,01M0TSZGKE32G3R2H2EPQFBQNN,2026-08-24T21:19:48.987341397Z,1,2026-08-24T21:19:48.987341397Z,,,feedback,2026-08-24T21:19:48.987341397Z,01M0TT9KGSFM1ZBESA4190GBPN,2026-08-24T21:19:48.987341397Z,,,false,2026-08-24T21:19:48.987341397Z,,,01M0TT9M7Q06GTGVBMH9RQFHRB,2026-08-24T21:19:48.987341397Z
01M0TTKE41GCPS58H9Y8Z49WPP,01M0TSZGJXR0N6DNTNARWRMFQ4,2026-08-24T21:25:10.40106482Z,3,2026-08-24T21:25:10.40106482Z,false,2026-08-24T21:25:10.40106482Z,01M0TSZGKM72FFW193EYG47F25,2026-08-24T21:25:10.40106482Z,1,2026-08-24T21:25:10.40106482Z,,,feedback,2026-08-24T21:25:10.40106482Z,01M0TTKDEP6P9CM4EEBBK2TNAF,2026-08-24T21:25:10.40106482Z,,,false,2026-08-24T21:25:10.40106482Z,,,01M0TTKE3XVNFPKXCJFY6PG1C2,2026-08-24T21:25:10.40106482Z
01M0TTMRWY0JCFPS64KJA0ANP1,01M0TSZV7X3D77NKMM5CDCW4Z6,2026-08-24T21:25:54.20608285Z,3,2026-08-24T21:25:54.20608285Z,true,2026-08-24T21:53:27.489052359Z,01M0TSZV8ERABP36QP2627EVMT,2026-08-24T21:25:54.20608285Z,1,2026-08-24T21:25:54.20608285Z,true,2026-08-24T21:53:24.457953436Z,feedback,2026-08-24T21:25:54.20608285Z,01M0TTMQQP1XK9H5ATQ48KCW6T,2026-08-24T21:25:54.20608285Z,1787608404471,2026-08-24T21:53:24.472958015Z,true,2026-08-24T21:53:24.4193321Z,true,2026-08-24T21:53:24.484226473Z,01M0TTMRWSYRBEQ60PEAHEHZAF,2026-08-24T21:25:54.20608285Z
01M0TTNS8C5PV3RV403N66PBVQ,01M0TSZGJXR0N6DNTNARWRMFQ4,2026-08-24T21:26:27.340665819Z,3,2026-08-24T21:26:27.340665819Z,false,2026-08-24T21:26:27.340665819Z,01M0TSZGKJQW5S4GCP9150DNN9,2026-08-24T21:26:27.340665819Z,1,2026-08-24T21:26:27.340665819Z,,,feedback,2026-08-24T21:26:27.340665819Z,01M0TTNRNDZVZ3ZKE7HKHSDX17,2026-08-24T21:26:27.340665819Z,,,false,2026-08-24T21:26:27.340665819Z,,,01M0TTNS81Q6S24KC6EFHZ9N29,2026-08-24T21:26:27.340665819Z
01M0TTNSERFZ88N0NVQJGQY5Q9,01M0TSZGJXR0N6DNTNARWRMFQ4,2026-08-24T21:26:27.544798901Z,60,2026-08-24T21:26:27.544798901Z,false,2026-08-24T21:26:27.544798901Z,01M0TSZGKJQW5S4GCP9150DNN9,2026-08-24T21:26:27.544798901Z,0,2026-08-24T21:26:27.544798901Z,,,selection,2026-08-24T21:26:27.544798901Z,01M0TTNRH7E86XY854TFWMSENG,2026-08-24T21:26:27.544798901Z,,,false,2026-08-24T21:26:27.544798901Z,,,01M0TTNSEMD8RMW6J059NP13ZZ,2026-08-24T21:26:27.544798901Z
01M0TTNSG2V3BX8VWV3W0W60N1,01M0TSZGJXR0N6DNTNARWRMFQ4,2026-08-24T21:26:27.58659228Z,60,2026-08-24T21:26:27.58659228Z,false,2026-08-24T21:26:27.58659228Z,01M0TSZGKJQW5S4GCP9150DNN9,2026-08-24T21:26:27.58659228Z,0,2026-08-24T21:26:27.58659228Z,,,selection,2026-08-24T21:26:27.58659228Z,01M0TTNRFKMVA1J82CFPR55SF8,2026-08-24T21:26:27.58659228Z,,,false,2026-08-24T21:26:27.58659228Z,,,01M0TTNSFYGA55SBV80PFXM8MF,2026-08-24T21:26:27.58659228Z
01M0TTTRA3HB6PRV4Y6M2SKGW7,01M0TSZV7X3D77NKMM5CDCW4Z6,2026-08-24T21:29:10.211912628Z,3,2026-08-24T21:29:10.211912628Z,true,2026-08-24T22:09:12.305653891Z,01M0TSZV8KEDQHAT4X33M1GG1C,2026-08-24T21:29:10.211912628Z,1,2026-08-24T21:29:10.211912628Z,true,2026-08-24T22:09:09.252794379Z,feedback,2026-08-24T21:29:10.211912628Z,01M0TTTPJTMC7A25YTNHHH0BPF,2026-08-24T21:29:10.211912628Z,1787609349265,2026-08-24T22:09:09.267712133Z,true,2026-08-24T22:09:09.204796981Z,true,2026-08-24T22:09:09.288341195Z,01M0TTTR9RE730TFJWSYCQWDF7,2026-08-24T21:29:10.211912628Z
01M0TVKAAWMD7FNA12JJJM2PY5,01M0TTMTH8JPTHXWGXYEY1VFR8,2026-08-24T21:42:35.100463111Z,60,2026-08-24T21:42:35.100463111Z,true,2026-08-24T21:49:40.153205982Z,01M0TTMWMG725DJ5GA5M4WD8SY,2026-08-24T21:42:35.100463111Z,0,2026-08-24T21:42:35.100463111Z,true,2026-08-24T21:49:19.222903399Z,selection,2026-08-24T21:42:35.100463111Z,01M0TVK9GG6Q73MEPYSF0ZC5NT,2026-08-24T21:42:35.100463111Z,1787608159230,2026-08-24T21:49:19.23207259Z,true,2026-08-24T21:49:19.183643011Z,true,2026-08-24T21:49:19.247759687Z,01M0TVKAARDQNPE0SVERPRVSGQ,2026-08-24T21:42:35.100463111Z
01M0TTA62WTGWPPN7T8R6ESY6G,01M0TSZV7X3D77NKMM5CDCW4Z6,2026-08-24T21:20:07.260216088Z,60,2026-08-24T21:20:07.260216088Z,true,2026-08-24T21:43:15.555746659Z,01M0TSZV8KEDQHAT4X3FNKVS2B,2026-08-24T21:20:07.260216088Z,0,2026-08-24T21:20:07.260216088Z,true,2026-08-24T21:42:46.125601242Z,selection,2026-08-24T21:20:07.260216088Z,01M0TTA58ZHAWC8QYFPWEZR7BQ,2026-08-24T21:20:07.260216088Z,1787607766134,2026-08-24T21:42:46.13557695Z,true,2026-08-24T21:42:46.086882173Z,true,2026-08-24T21:42:46.150268725Z,01M0TTA62P979PZNP567MT92M7,2026-08-24T21:20:07.260216088Z
01M0TTEYE9TCW43N8MM30WVJFH,01M0TSZEX52H0PZDJFB4JNEAFW,2026-08-24T21:22:43.27371092Z,3,2026-08-24T21:22:43.27371092Z,true,2026-08-24T21:33:25.508464287Z,01M0TSZEY44B7XSP574QH2WQPJ,2026-08-24T21:22:43.27371092Z,1,2026-08-24T21:22:43.27371092Z,true,2026-08-24T21:33:22.454733663Z,feedback,2026-08-24T21:22:43.27371092Z,01M0TTEY4CT19ZWNV08N3SWGA9,2026-08-24T21:22:43.27371092Z,1787607202468,2026-08-24T21:33:22.470662917Z,true,2026-08-24T21:33:22.404987293Z,true,2026-08-24T21:33:22.486151234Z,01M0TTEYE5MPNQHGJ4RDS20569,2026-08-24T21:22:43.27371092Z
01M0TVKAPR0DVJGBHS3DWN9X5V,01M0TTMTH8JPTHXWGXYEY1VFR8,2026-08-24T21:42:35.480349558Z,3,2026-08-24T21:42:35.480349558Z,true,2026-08-24T21:53:45.930392944Z,01M0TTMWMG725DJ5GA5M4WD8SY,2026-08-24T21:42:35.480349558Z,1,2026-08-24T21:42:35.480349558Z,true,2026-08-24T21:53:42.896830833Z,feedback,2026-08-24T21:42:35.480349558Z,01M0TVK9KZSDVV46732Y57QC50,2026-08-24T21:42:35.480349558Z,1787608422908,2026-08-24T21:53:42.909493339Z,true,2026-08-24T21:53:42.856744028Z,true,2026-08-24T21:53:42.928890653Z,01M0TVKAPFYD6Q3BDJNAN1FHBN,2026-08-24T21:42:35.480349558Z
01M0TTK1T8GX1HD5AP0TC7FJS4,01M0TSZEX52H0PZDJFB4JNEAFW,2026-08-24T21:24:57.800154724Z,3,2026-08-24T21:24:57.800154724Z,true,2026-08-24T22:05:17.849438029Z,01M0TSZEY54T11A9AMGVA6T4ZB,2026-08-24T21:24:57.800154724Z,1,2026-08-24T21:24:57.800154724Z,true,2026-08-24T22:05:14.81705885Z,feedback,2026-08-24T21:24:57.800154724Z,01M0TTK138H8Z38WR2VJ7XEBJY,2026-08-24T21:24:57.800154724Z,1787609114828,2026-08-24T22:05:14.830375382Z,true,2026-08-24T22:05:14.77049604Z,true,2026-08-24T22:05:14.848744852Z,01M0TTK1T30Y08YYDYHJTZFR6X,2026-08-24T21:24:57.800154724Z
01M0TTKEA4AQG44D2H73D95TP8,01M0TSZGJXR0N6DNTNARWRMFQ4,2026-08-24T21:25:10.596290743Z,3,2026-08-24T21:25:10.596290743Z,false,2026-08-24T21:25:10.596290743Z,01M0TSZGKM72FFW193EYG47F25,2026-08-24T21:25:10.596290743Z,1,2026-08-24T21:25:10.596290743Z,,,feedback,2026-08-24T21:25:10.596290743Z,01M0TTKDFH4B0Z8EW26D39WSC9,2026-08-24T21:25:10.596290743Z,,,false,2026-08-24T21:25:10.596290743Z,,,01M0TTKE9ZW1GGEKH94BDGPJ43,2026-08-24T21:25:10.596290743Z
01M0TVKBFB1B2PVE6D04Y5J6Y2,01M0TTMTH8JPTHXWGXYEY1VFR8,2026-08-24T21:42:36.26750126Z,3,2026-08-24T21:42:36.26750126Z,true,2026-08-24T21:59:49.791330382Z,01M0TTMWMG725DJ5GA5M4WD8SY,2026-08-24T21:42:36.26750126Z,1,2026-08-24T21:42:36.26750126Z,true,2026-08-24T21:59:46.753793932Z,feedback,2026-08-24T21:42:36.26750126Z,01M0TVKA0KT74JAXCGWHHA0841,2026-08-24T21:42:36.26750126Z,1787608786768,2026-08-24T21:59:46.76948733Z,true,2026-08-24T21:59:46.702164523Z,true,2026-08-24T21:59:46.788672112Z,01M0TVKBF3N5778J0CKMJXXDRQ,2026-08-24T21:42:36.26750126Z
01M0TT9M5CCFRRRP11FZFHB1W5,01M0TSZGJXR0N6DNTNARWRMFQ4,2026-08-24T21:19:48.908999519Z,60,2026-08-24T21:19:48.908999519Z,false,2026-08-24T21:19:48.908999519Z,01M0TSZGKE32G3R2H2EPQFBQNN,2026-08-24T21:19:48.908999519Z,0,2026-08-24T21:19:48.908999519Z,,,selection,2026-08-24T21:19:48.908999519Z,01M0TT9KFGX37CJCRGMHHJC9JX,2026-08-24T21:19:48.908999519Z,,,false,2026-08-24T21:19:48.908999519Z,,,01M0TT9M542CRFX30MTHY8BHFX,2026-08-24T21:19:48.908999519Z
01M0TTA5XT9AA428QQM68WVNA4,01M0TSZV7X3D77NKMM5CDCW4Z6,2026-08-24T21:20:07.098055677Z,60,2026-08-24T21:20:07.098055677Z,true,2026-08-24T21:39:36.092483563Z,01M0TSZV8KEDQHAT4X3FNKVS2B,2026-08-24T21:20:07.098055677Z,0,2026-08-24T21:20:07.098055677Z,true,2026-08-24T21:39:12.745217424Z,selection,2026-08-24T21:20:07.098055677Z,01M0TTA59P1C6S977KMQ7MZP4H,2026-08-24T21:20:07.098055677Z,1787607552753,2026-08-24T21:39:12.754148776Z,true,2026-08-24T21:39:12.718373761Z,true,2026-08-24T21:39:12.768630255Z,01M0TTA5XHMEA750M6TT8GNVXX,2026-08-24T21:20:07.098055677Z
01M0TTKE8B5H0NJBKR35ZBTAA7,01M0TSZGJXR0N6DNTNARWRMFQ4,2026-08-24T21:25:10.53997086Z,60,2026-08-24T21:25:10.53997086Z,false,2026-08-24T21:25:10.53997086Z,01M0TSZGKM72FFW193EYG47F25,2026-08-24T21:25:10.53997086Z,0,2026-08-24T21:25:10.53997086Z,,,selection,2026-08-24T21:25:10.53997086Z,01M0TTKDFB2CVT25YBJXERT2K9,2026-08-24T21:25:10.53997086Z,,,false,2026-08-24T21:25:10.53997086Z,,,01M0TTKE87WBZ37N64P0KP6WMW,2026-08-24T21:25:10.53997086Z
01M0TTMRQR0YJ2BC92TKQSR7XZ,01M0TSZV7X3D77NKMM5CDCW4Z6,2026-08-24T21:25:54.04069258Z,3,2026-08-24T21:25:54.04069258Z,true,2026-08-24T21:50:21.993268923Z,01M0TSZV8ERABP36QP2627EVMT,2026-08-24T21:25:54.04069258Z,1,2026-08-24T21:25:54.04069258Z,true,2026-08-24T21:50:18.960118423Z,feedback,2026-08-24T21:25:54.04069258Z,01M0TTMQXKSDHAZTVXM75E4R5D,2026-08-24T21:25:54.04069258Z,1787608218976,2026-08-24T21:50:18.97750804Z,true,2026-08-24T21:50:18.922705156Z,true,2026-08-24T21:50:18.99580558Z,01M0TTMRQMR9B5TEGZHEF53W59,2026-08-24T21:25:54.04069258Z
01M0TTNRSESZKY34283CRZHVRN,01M0TSZGJXR0N6DNTNARWRMFQ4,2026-08-24T21:26:26.862222939Z,60,2026-08-24T21:26:26.862222939Z,true,2026-08-24T22:30:17.488649154Z,01M0TSZGKJQW5S4GCP9150DNN9,2026-08-24T21:26:26.862222939Z,0,2026-08-24T21:26:26.862222939Z,true,2026-08-24T22:29:17.451086889Z,selection,2026-08-24T21:26:26.862222939Z,01M0TTNRKWSNVEDBHRMWJMR96W,2026-08-24T21:26:26.862222939Z,1787610557468,2026-08-24T22:29:17.469524684Z,true,2026-08-24T22:29:17.403481627Z,true,2026-08-24T22:29:17.484559291Z,01M0TTNRS9YNJC8NVTFHS2XHBE,2026-08-24T21:26:26.862222939Z
01M0TTNSM0HYQKN7GZSQ9DZTQN,01M0TSZGJXR0N6DNTNARWRMFQ4,2026-08-24T21:26:27.712943937Z,3,2026-08-24T21:26:27.712943937Z,false,2026-08-24T21:26:27.712943937Z,01M0TSZGKJQW5S4GCP9150DNN9,2026-08-24T21:26:27.712943937Z,1,2026-08-24T21:26:27.712943937Z,,,feedback,2026-08-24T21:26:27.712943937Z,01M0TTNREESGZPRAQ58EHMQTXM,2026-08-24T21:26:27.712943937Z,,,false,2026-08-24T21:26:27.712943937Z,,,01M0TTNSKV9H9HYE0W2SC9990X,2026-08-24T21:26:27.712943937Z
01M0TTYR99NZF7X998QRK2TSTB,01M0TTMTH8JPTHXWGXYEY1VFR8,2026-08-24T21:31:21.257321334Z,3,2026-08-24T21:31:21.257321334Z,true,2026-08-24T22:00:16.617738392Z,01M0TTMWMDPGAHQRDA7BZJ8FEZ,2026-08-24T21:31:21.257321334Z,1,2026-08-24T21:31:21.257321334Z,true,2026-08-24T22:00:13.581922894Z,feedback,2026-08-24T21:31:21.257321334Z,01M0TTYQ69J6F2C8DNTKMK8BBV,2026-08-24T21:31:21.257321334Z,1787608813596,2026-08-24T22:00:13.598157891Z,true,2026-08-24T22:00:13.529713761Z,true,2026-08-24T22:00:13.616694636Z,01M0TTYR8VMN5VWPFQPQNCDBHH,2026-08-24T21:31:21.257321334Z
01M0TV7KPNBM2ZP2JPSP4TFHYN,01M0TTMTH8JPTHXWGXYEY1VFR8,2026-08-24T21:36:11.477616865Z,60,2026-08-24T21:36:11.477616865Z,true,2026-08-24T21:55:46.858428786Z,01M0TTMWM9GSP2NP0T4CET96EB,2026-08-24T21:36:11.477616865Z,0,2026-08-24T21:36:11.477616865Z,true,2026-08-24T21:55:23.95898184Z,selection,2026-08-24T21:36:11.477616865Z,01M0TV7JMESYCP2HMS3NN08X9V,2026-08-24T21:36:11.477616865Z,1787608523971,2026-08-24T21:55:23.973243433Z,true,2026-08-24T21:55:23.91085888Z,true,2026-08-24T21:55:23.992048704Z,01M0TV7KPGJ00J5HYPD0T8CB6D,2026-08-24T21:36:11.477616865Z
01M0TT9M056HQKXJWMKT0KYT4B,01M0TSZGJXR0N6DNTNARWRMFQ4,2026-08-24T21:19:48.741359642Z,3,2026-08-24T21:19:48.741359642Z,false,2026-08-24T21:19:48.741359642Z,01M0TSZGKE32G3R2H2EPQFBQNN,2026-08-24T21:19:48.741359642Z,1,2026-08-24T21:19:48.741359642Z,,,feedback,2026-08-24T21:19:48.741359642Z,01M0TT9KH2BQHJN93VXRBNA385,2026-08-24T21:19:48.741359642Z,,,false,2026-08-24T21:19:48.741359642Z,,,01M0TT9M002FXE1WS5R1PD6GQN,2026-08-24T21:19:48.741359642Z
01M0TTEYF42Q6CHFSX9JD56XJP,01M0TSZEX52H0PZDJFB4JNEAFW,2026-08-24T21:22:43.300860995Z,60,2026-08-24T21:22:43.300860995Z,true,2026-08-24T21:34:58.36568718Z,01M0TSZEY44B7XSP574QH2WQPJ,2026-08-24T21:22:43.300860995Z,0,2026-08-24T21:22:43.300860995Z,true,2026-08-24T21:34:08.015434046Z,selection,2026-08-24T21:22:43.300860995Z,01M0TTEY2ND8D7AR82ERCK88PV,2026-08-24T21:22:43.300860995Z,1787607248025,2026-08-24T21:34:08.027728431Z,true,2026-08-24T21:34:07.953028761Z,true,2026-08-24T21:34:08.047874909Z,01M0TTEYEY1CKH2YY918027E1G,2026-08-24T21:22:43.300860995Z
01M0TVKACR34WPFRCW630QMNXG,01M0TTMTH8JPTHXWGXYEY1VFR8,2026-08-24T21:42:35.160543639Z,60,2026-08-24T21:42:35.160543639Z,true,2026-08-24T21:50:20.549710823Z,01M0TTMWMG725DJ5GA5M4WD8SY,2026-08-24T21:42:35.160543639Z,0,2026-08-24T21:42:35.160543639Z,true,2026-08-24T21:50:02.133392326Z,selection,2026-08-24T21:42:35.160543639Z,01M0TVK9H1MJSBBJS5X7DQB712,2026-08-24T21:42:35.160543639Z,1787608202153,2026-08-24T21:50:02.155708215Z,true,2026-08-24T21:50:02.055081256Z,true,2026-08-24T21:50:02.182961362Z,01M0TVKACHW4V37HGGEC996E5G,2026-08-24T21:42:35.160543639Z
01M0TVKB6JC3RV82D8ZS3RWFEZ,01M0TTMTH8JPTHXWGXYEY1VFR8,2026-08-24T21:42:35.986744683Z,60,2026-08-24T21:42:35.986744683Z,true,2026-08-24T21:57:44.71308803Z,01M0TTMWMG725DJ5GA5M4WD8SY,2026-08-24T21:42:35.986744683Z,0,2026-08-24T21:42:35.986744683Z,true,2026-08-24T21:57:34.282334338Z,selection,2026-08-24T21:42:35.986744683Z,01M0TVK9RXV0XQG5FZ9W1DQ4WT,2026-08-24T21:42:35.986744683Z,1787608654309,2026-08-24T21:57:34.31096125Z,true,2026-08-24T21:57:34.193539836Z,true,2026-08-24T21:57:34.340695305Z,01M0TVKB6EXT0N7WAFYCTXAK45,2026-08-24T21:42:35.986744683Z
01M0TVKBM4ACF7ECNXD27963GD,01M0TTMTH8JPTHXWGXYEY1VFR8,2026-08-24T21:42:36.420671384Z,3,2026-08-24T21:42:36.420671384Z,true,2026-08-24T22:00:48.389037418Z,01M0TTMWMG725DJ5GA5M4WD8SY,2026-08-24T21:42:36.420671384Z,1,2026-08-24T21:42:36.420671384Z,true,2026-08-24T22:00:45.353904142Z,feedback,2026-08-24T21:42:36.420671384Z,01M0TVKA2MN9M5CCMM5VZB4R8A,2026-08-24T21:42:36.420671384Z,1787608845371,2026-08-24T22:00:45.372824842Z,true,2026-08-24T22:00:45.289791297Z,true,2026-08-24T22:00:45.386595436Z,01M0TVKBKTQ2D0B2MAQQFATVEX,2026-08-24T21:42:36.420671384Z
01M0TTA6ACAM5R4PV5B589AXW3,01M0TSZV7X3D77NKMM5CDCW4Z6,2026-08-24T21:20:07.500808219Z,60,2026-08-24T21:20:07.500808219Z,true,2026-08-24T21:48:48.0840842Z,01M0TSZV8KEDQHAT4X3FNKVS2B,2026-08-24T21:20:07.500808219Z,0,2026-08-24T21:20:07.500808219Z,true,2026-08-24T21:48:29.524287422Z,selection,2026-08-24T21:20:07.500808219Z,01M0TTA59AFMAPNZE2PF10TCXT,2026-08-24T21:20:07.500808219Z,1787608109534,2026-08-24T21:48:29.535920066Z,true,2026-08-24T21:48:29.473066195Z,true,2026-08-24T21:48:29.553239394Z,01M0TTA6A636Q4X544W68352ZV,2026-08-24T21:20:07.500808219Z
01M0TTYQYVZX2TW1DCT1MS83ZE,01M0TTMTH8JPTHXWGXYEY1VFR8,2026-08-24T21:31:20.923286669Z,3,2026-08-24T21:31:20.923286669Z,true,2026-08-24T21:52:15.906720111Z,01M0TTMWMDPGAHQRDA7BZJ8FEZ,2026-08-24T21:31:20.923286669Z,1,2026-08-24T21:31:20.923286669Z,true,2026-08-24T21:52:12.880160489Z,feedback,2026-08-24T21:31:20.923286669Z,01M0TTYQ1G7Z6X6EGXEN1X2SJZ,2026-08-24T21:31:20.923286669Z,1787608332890,2026-08-24T21:52:12.891942489Z,true,2026-08-24T21:52:12.834506578Z,true,2026-08-24T21:52:12.914644525Z,01M0TTYQYEEV9JG53XSRC3KWB9,2026-08-24T21:31:20.923286669Z
01M0TT9M3TT5Q1VX3HP8YV95K7,01M0TSZGJXR0N6DNTNARWRMFQ4,2026-08-24T21:19:48.858500569Z,3,2026-08-24T21:19:48.858500569Z,false,2026-08-24T21:19:48.858500569Z,01M0TSZGKE32G3R2H2EPQFBQNN,2026-08-24T21:19:48.858500569Z,1,2026-08-24T21:19:48.858500569Z,,,feedback,2026-08-24T21:19:48.858500569Z,01M0TT9KFS7M1X3BEW6QGG6SET,2026-08-24T21:19:48.858500569Z,,,false,2026-08-24T21:19:48.858500569Z,,,01M0TT9M3MCTFMNW0K4WBVXAEV,2026-08-24T21:19:48.858500569Z
01M0TTYRFDXHFYM2GT5K32CSZ2,01M0TTMTH8JPTHXWGXYEY1VFR8,2026-08-24T21:31:21.453255878Z,60,2026-08-24T21:31:21.453255878Z,false,2026-08-24T21:31:21.453255878Z,01M0TTMWMDPGAHQRDA7BZJ8FEZ,2026-08-24T21:31:21.453255878Z,0,2026-08-24T21:31:21.453255878Z,,,selection,2026-08-24T21:31:21.453255878Z,01M0TTYQHYS3PMRW8GS7J3C6MM,2026-08-24T21:31:21.453255878Z,,,false,2026-08-24T21:31:21.453255878Z,,,01M0TTYRF5ZSZ2FH1RJBGM4MT1,2026-08-24T21:31:21.453255878Z
01M0TTA5ZVWF7QZMK7D2AKDP4A,01M0TSZV7X3D77NKMM5CDCW4Z6,2026-08-24T21:20:07.163625999Z,3,2026-08-24T21:20:07.163625999Z,true,2026-08-24T21:41:06.691763553Z,01M0TSZV8KEDQHAT4X3FNKVS2B,2026-08-24T21:20:07.163625999Z,1,2026-08-24T21:20:07.163625999Z,true,2026-08-24T21:41:03.661043921Z,feedback,2026-08-24T21:20:07.163625999Z,01M0TTA599EAT404370QMBDTVA,2026-08-24T21:20:07.163625999Z,1787607663674,2026-08-24T21:41:03.677028174Z,true,2026-08-24T21:41:03.625264525Z,true,2026-08-24T21:41:03.690551775Z,01M0TTA5ZQCST741YWMW0P5E69,2026-08-24T21:20:07.163625999Z
01M0TTKE4HD5ARCH9NN4FTJ1DE,01M0TSZGJXR0N6DNTNARWRMFQ4,2026-08-24T21:25:10.417551237Z,3,2026-08-24T21:25:10.417551237Z,false,2026-08-24T21:25:10.417551237Z,01M0TSZGKM72FFW193EYG47F25,2026-08-24T21:25:10.417551237Z,1,2026-08-24T21:25:10.417551237Z,,,feedback,2026-08-24T21:25:10.417551237Z,01M0TTKDEQ7QGNTNPY004AFSEH,2026-08-24T21:25:10.417551237Z,,,false,2026-08-24T21:25:10.417551237Z,,,01M0TTKE4DTE82R4XFG4MZDKWR,2026-08-24T21:25:10.417551237Z
01M0TTKE9F69EHF6ZY926E2044,01M0TSZGJXR0N6DNTNARWRMFQ4,2026-08-24T21:25:10.575046915Z,60,2026-08-24T21:25:10.575046915Z,false,2026-08-24T21:25:10.575046915Z,01M0TSZGKM72FFW193EYG47F25,2026-08-24T21:25:10.575046915Z,0,2026-08-24T21:25:10.575046915Z,,,selection,2026-08-24T21:25:10.575046915Z,01M0TTKDFF1ADFN4MK0SWMW35P,2026-08-24T21:25:10.575046915Z,,,false,2026-08-24T21:25:10.575046915Z,,,01M0TTKE9AYA71342XC4HQH8QT,2026-08-24T21:25:10.575046915Z
01M0TTMRQ23SN2SC95M01FET95,01M0TSZV7X3D77NKMM5CDCW4Z6,2026-08-24T21:25:54.019014577Z,60,2026-08-24T21:25:54.019014577Z,true,2026-08-24T21:49:50.983810198Z,01M0TSZV8ERABP36QP2627EVMT,2026-08-24T21:25:54.019014577Z,0,2026-08-24T21:25:54.019014577Z,true,2026-08-24T21:49:28.852121998Z,selection,2026-08-24T21:25:54.019014577Z,01M0TTMQX29JXGCTE2SX5JEDE9,2026-08-24T21:25:54.019014577Z,1787608168864,2026-08-24T21:49:28.865586872Z,true,2026-08-24T21:49:28.807354117Z,true,2026-08-24T21:49:28.880668841Z,01M0TTMRPYGPZSZ2NXDHWSE4TD,2026-08-24T21:25:54.019014577Z
01M0TTTQG0AZ7P1GYVGAAHJQZS,01M0TSZV7X3D77NKMM5CDCW4Z6,2026-08-24T21:29:09.37683404Z,3,2026-08-24T21:29:09.37683404Z,true,2026-08-24T21:55:24.944848738Z,01M0TSZV8KEDQHAT4X33M1GG1C,2026-08-24T21:29:09.37683404Z,1,2026-08-24T21:29:09.37683404Z,true,2026-08-24T21:55:21.8968916Z,feedback,2026-08-24T21:29:09.37683404Z,01M0TTTPJETWQPZZX8MCH68X7G,2026-08-24T21:29:09.37683404Z,1787608521909,2026-08-24T21:55:21.911210068Z,true,2026-08-24T21:55:21.854258433Z,true,2026-08-24T21:55:21.929816668Z,01M0TTTQFNRN0S0KQYWP2AZF0J,2026-08-24T21:29:09.37683404Z
01M0TTYRQ0XABGV7C5P4NX5NY7,01M0TTMTH8JPTHXWGXYEY1VFR8,2026-08-24T21:31:21.696506944Z,3,2026-08-24T21:31:21.696506944Z,false,2026-08-24T21:31:21.696506944Z,01M0TTMWMDPGAHQRDA7BZJ8FEZ,2026-08-24T21:31:21.696506944Z,1,2026-08-24T21:31:21.696506944Z,,,feedback,2026-08-24T21:31:21.696506944Z,01M0TTYQEWGCAZDS3V9W8PJZM6,2026-08-24T21:31:21.696506944Z,,,false,2026-08-24T21:31:21.696506944Z,,,01M0TTYRPM88X7KTMWKPKAMJW0,2026-08-24T21:31:21.696506944Z
01M0TT9KZ3TYD7CNZ1XE7Q1JFB,01M0TSZGJXR0N6DNTNARWRMFQ4,2026-08-24T21:19:48.707158501Z,60,2026-08-24T21:19:48.707158501Z,false,2026-08-24T21:19:48.707158501Z,01M0TSZGKE32G3R2H2EPQFBQNN,2026-08-24T21:19:48.707158501Z,0,2026-08-24T21:19:48.707158501Z,,,selection,2026-08-24T21:19:48.707158501Z,01M0TT9KHNCXNYD2E4YA7HYMQP,2026-08-24T21:19:48.707158501Z,,,false,2026-08-24T21:19:48.707158501Z,,,01M0TT9KYXCVAJGXZ769XE6076,2026-08-24T21:19:48.707158501Z
01M0TT9M9NND1DVAXSZN7HJ7CW,01M0TSZGJXR0N6DNTNARWRMFQ4,2026-08-24T21:19:49.045389239Z,3,2026-08-24T21:19:49.045389239Z,false,2026-08-24T21:19:49.045389239Z,01M0TSZGKE32G3R2H2EPQFBQNN,2026-08-24T21:19:49.045389239Z,1,2026-08-24T21:19:49.045389239Z,,,feedback,2026-08-24T21:19:49.045389239Z,01M0TT9KM80SA1WC7QVVBNYTM2,2026-08-24T21:19:49.045389239Z,,,false,2026-08-24T21:19:49.045389239Z,,,01M0TT9M9H44WM962HZKJYMZ8H,2026-08-24T21:19:49.045389239Z
01M0TTKNJX717CGAQ2G0HF1PPY,01M0TSZEX52H0PZDJFB4JNEAFW,2026-08-24T21:25:18.04524256Z,3,2026-08-24T21:25:18.04524256Z,true,2026-08-24T21:45:04.898984187Z,01M0TSZEY173D8F3KEP071GR06,2026-08-24T21:25:18.04524256Z,1,2026-08-24T21:25:18.04524256Z,true,2026-08-24T21:45:01.865839121Z,feedback,2026-08-24T21:25:18.04524256Z,01M0TTKMXGQXNQTSGF6TR630G5,2026-08-24T21:25:18.04524256Z,1787607901873,2026-08-24T21:45:01.874634724Z,true,2026-08-24T21:45:01.829214697Z,true,2026-08-24T21:45:01.886846806Z,01M0TTKNJRNJ3JGRYCGVT953RX,2026-08-24T21:25:18.04524256Z
01M0TTTQMK1F5PNCT2T4W45B70,01M0TSZV7X3D77NKMM5CDCW4Z6,2026-08-24T21:29:09.523538729Z,3,2026-08-24T21:29:09.523538729Z,true,2026-08-24T21:58:11.856700463Z,01M0TSZV8KEDQHAT4X33M1GG1C,2026-08-24T21:29:09.523538729Z,1,2026-08-24T21:29:09.523538729Z,true,2026-08-24T21:58:08.807757022Z,feedback,2026-08-24T21:29:09.523538729Z,01M0TTTPSZMCAD172F8PMHTVB8,2026-08-24T21:29:09.523538729Z,1787608688821,2026-08-24T21:58:08.822658125Z,true,2026-08-24T21:58:08.756635396Z,true,2026-08-24T21:58:08.840696487Z,01M0TTTQMB01RV5SE2RFQT5DV3,2026-08-24T21:29:09.523538729Z
01M0TTTQXH8BVDWZTBH6NYVER1,01M0TSZV7X3D77NKMM5CDCW4Z6,2026-08-24T21:29:09.809195241Z,3,2026-08-24T21:29:09.809195241Z,true,2026-08-24T22:03:55.122359572Z,01M0TSZV8KEDQHAT4X33M1GG1C,2026-08-24T21:29:09.809195241Z,1,2026-08-24T21:29:09.809195241Z,true,2026-08-24T22:03:52.06008493Z,feedback,2026-08-24T21:29:09.809195241Z,01M0TTTPS7K0H2SN8HCS08WX4F,2026-08-24T21:29:09.809195241Z,1787609032076,2026-08-24T22:03:52.079035344Z,true,2026-08-24T22:03:52.014141659Z,true,2026-08-24T22:03:52.106167721Z,01M0TTTQX5E6MSKT4GDRWMWQJM,2026-08-24T21:29:09.809195241Z
01M0TV7KZ6FSKN2AY0WMNCN1GY,01M0TTMTH8JPTHXWGXYEY1VFR8,2026-08-24T21:36:11.750122577Z,60,2026-08-24T21:36:11.750122577Z,true,2026-08-24T21:58:51.976055644Z,01M0TTMWM9GSP2NP0T4CET96EB,2026-08-24T21:36:11.750122577Z,0,2026-08-24T21:36:11.750122577Z,true,2026-08-24T21:58:45.560668345Z,selection,2026-08-24T21:36:11.750122577Z,01M0TV7JZKTW5ZC5V1V142XFCA,2026-08-24T21:36:11.750122577Z,1787608725579,2026-08-24T21:58:45.580468334Z,true,2026-08-24T21:58:45.512459921Z,true,2026-08-24T21:58:45.596873117Z,01M0TV7KZ0FM6HREPVV8X5DQQX,2026-08-24T21:36:11.750122577Z
01M0TV7M8Z3K01AY0Q8XVSHN68,01M0TTMTH8JPTHXWGXYEY1VFR8,2026-08-24T21:36:12.063697458Z,3,2026-08-24T21:36:12.063697458Z,true,2026-08-24T22:02:04.449925709Z,01M0TTMWM9GSP2NP0T4CET96EB,2026-08-24T21:36:12.063697458Z,1,2026-08-24T21:36:12.063697458Z,true,2026-08-24T22:02:01.403065141Z,feedback,2026-08-24T21:36:12.063697458Z,01M0TV7JWQRXENS6MRNBMVK5E6,2026-08-24T21:36:12.063697458Z,1787608921423,2026-08-24T22:02:01.424390474Z,true,2026-08-24T22:02:01.353324553Z,true,2026-08-24T22:02:01.445532908Z,01M0TV7M8PS7WRYSQNSJJQQZBX,2026-08-24T21:36:12.063697458Z
01M0TV7MGBTQPWXYZ3M7AYJ52W,01M0TTMTH8JPTHXWGXYEY1VFR8,2026-08-24T21:36:12.299761192Z,60,2026-08-24T21:36:12.299761192Z,true,2026-08-24T22:04:10.448732795Z,01M0TTMWM9GSP2NP0T4CET96EB,2026-08-24T21:36:12.299761192Z,0,2026-08-24T21:36:12.299761192Z,true,2026-08-24T22:04:02.262645469Z,selection,2026-08-24T21:36:12.299761192Z,01M0TV7JRZ22YG5H7EJKAYKKSA,2026-08-24T21:36:12.299761192Z,1787609042277,2026-08-24T22:04:02.279287145Z,true,2026-08-24T22:04:02.214376725Z,true,2026-08-24T22:04:02.305710524Z,01M0TV7MG6A7F524HHGM8VPEHV,2026-08-24T21:36:12.299761192Z
01M0TTEYTGK3EEKGC7H3ZTPQ2A,01M0TSZEX52H0PZDJFB4JNEAFW,2026-08-24T21:22:43.664082342Z,3,2026-08-24T21:22:43.664082342Z,true,2026-08-24T21:48:09.895691622Z,01M0TSZEY44B7XSP574QH2WQPJ,2026-08-24T21:22:43.664082342Z,1,2026-08-24T21:22:43.664082342Z,true,2026-08-24T21:48:06.842614176Z,feedback,2026-08-24T21:22:43.664082342Z,01M0TTEY416KN6Y71XZSXGAFJF,2026-08-24T21:22:43.664082342Z,1787608086853,2026-08-24T21:48:06.85470126Z,true,2026-08-24T21:48:06.808651856Z,true,2026-08-24T21:48:06.882415516Z,01M0TTEYTCXGNYCB0J5MESAFK9,2026-08-24T21:22:43.664082342Z
01M0TTK1DPRRX5EK450K6KDMGP,01M0TSZEX52H0PZDJFB4JNEAFW,2026-08-24T21:24:57.39890506Z,60,2026-08-24T21:24:57.39890506Z,true,2026-08-24T21:48:08.683410053Z,01M0TSZEY54T11A9AMGVA6T4ZB,2026-08-24T21:24:57.39890506Z,0,2026-08-24T21:24:57.39890506Z,true,2026-08-24T21:47:33.451552521Z,selection,2026-08-24T21:24:57.39890506Z,01M0TTK10R84A9NKPWJ8S3Y33W,2026-08-24T21:24:57.39890506Z,1787608053486,2026-08-24T21:47:33.488028719Z,true,2026-08-24T21:47:33.394704397Z,true,2026-08-24T21:47:33.507888171Z,01M0TTK1DJM5WWSF28GY3C9JTH,2026-08-24T21:24:57.39890506Z
01M0TVKAY32YKJ0Y3M2MA49C15,01M0TTMTH8JPTHXWGXYEY1VFR8,2026-08-24T21:42:35.715339886Z,3,2026-08-24T21:42:35.715339886Z,true,2026-08-24T21:55:40.57388952Z,01M0TTMWMG725DJ5GA5M4WD8SY,2026-08-24T21:42:35.715339886Z,1,2026-08-24T21:42:35.715339886Z,true,2026-08-24T21:55:37.538658204Z,feedback,2026-08-24T21:42:35.715339886Z,01M0TVK9Q7GX75E794JT5H3XSB,2026-08-24T21:42:35.715339886Z,1787608537551,2026-08-24T21:55:37.552891576Z,true,2026-08-24T21:55:37.498608578Z,true,2026-08-24T21:55:37.569990905Z,01M0TVKAXR16PJ8XFXCK8FH5JG,2026-08-24T21:42:35.715339886Z
01M0TTKDQSEW0ZDK0P41C750P3,01M0TSZGJXR0N6DNTNARWRMFQ4,2026-08-24T21:25:10.009485487Z,60,2026-08-24T21:25:10.009485487Z,false,2026-08-24T21:25:10.009485487Z,01M0TSZGKM72FFW193EYG47F25,2026-08-24T21:25:10.009485487Z,0,2026-08-24T21:25:10.009485487Z,,,selection,2026-08-24T21:25:10.009485487Z,01M0TTKD9SKBCFS210A2F45H73,2026-08-24T21:25:10.009485487Z,,,false,2026-08-24T21:25:10.009485487Z,,,01M0TTKDQMD383BV5YP3NETY1H,2026-08-24T21:25:10.009485487Z
01M0TTKDZJTHFHC759GA4PDW9H,01M0TSZGJXR0N6DNTNARWRMFQ4,2026-08-24T21:25:10.258466985Z,60,2026-08-24T21:25:10.258466985Z,false,2026-08-24T21:25:10.258466985Z,01M0TSZGKM72FFW193EYG47F25,2026-08-24T21:25:10.258466985Z,0,2026-08-24T21:25:10.258466985Z,,,selection,2026-08-24T21:25:10.258466985Z,01M0TTKDDX603AKBNJ30GPP9W1,2026-08-24T21:25:10.258466985Z,,,false,2026-08-24T21:25:10.258466985Z,,,01M0TTKDZEEPW74N8PSPGSVNBE,2026-08-24T21:25:10.258466985Z
01M0TTNRX2XF5ERHS5F5WHDXN2,01M0TSZGJXR0N6DNTNARWRMFQ4,2026-08-24T21:26:26.978329534Z,60,2026-08-24T21:26:26.978329534Z,false,2026-08-24T21:26:26.978329534Z,01M0TSZGKJQW5S4GCP9150DNN9,2026-08-24T21:26:26.978329534Z,0,2026-08-24T21:26:26.978329534Z,,,selection,2026-08-24T21:26:26.978329534Z,01M0TTNRJKRYNPC050XJXAY9YC,2026-08-24T21:26:26.978329534Z,,,false,2026-08-24T21:26:26.978329534Z,,,01M0TTNRWXWE2KYR0JTQNPN99R,2026-08-24T21:26:26.978329534Z
01M0TTNRXXW3YH1TPA9EHMVNXB,01M0TSZGJXR0N6DNTNARWRMFQ4,2026-08-24T21:26:27.005590676Z,3,2026-08-24T21:26:27.005590676Z,false,2026-08-24T21:26:27.005590676Z,01M0TSZGKJQW5S4GCP9150DNN9,2026-08-24T21:26:27.005590676Z,1,2026-08-24T21:26:27.005590676Z,,,feedback,2026-08-24T21:26:27.005590676Z,01M0TTNRJF84CXT8D9DPQT03AP,2026-08-24T21:26:27.005590676Z,,,false,2026-08-24T21:26:27.005590676Z,,,01M0TTNRXNE85Z89DGPAFKY51G,2026-08-24T21:26:27.005590676Z
01M0TTA5KS45D0D7PCX41DHFGJ,01M0TSZV7X3D77NKMM5CDCW4Z6,2026-08-24T21:20:06.777645341Z,60,2026-08-24T21:20:06.777645341Z,true,2026-08-24T21:29:17.948122952Z,01M0TSZV8KEDQHAT4X3FNKVS2B,2026-08-24T21:20:06.777645341Z,0,2026-08-24T21:20:06.777645341Z,true,2026-08-24T21:28:25.82410435Z,selection,2026-08-24T21:20:06.777645341Z,01M0TTA5ERQ1ZPDRRR67HJSMXN,2026-08-24T21:20:06.777645341Z,1787606905830,2026-08-24T21:28:25.832430822Z,true,2026-08-24T21:28:25.789686404Z,true,2026-08-24T21:28:25.844399183Z,01M0TTA5KN64X9SVPD10MW8BZC,2026-08-24T21:20:06.777645341Z
01M0TTK1RR1AA2STZZS6BX3QDG,01M0TSZEX52H0PZDJFB4JNEAFW,2026-08-24T21:24:57.752514245Z,60,2026-08-24T21:24:57.752514245Z,true,2026-08-24T22:03:40.605308736Z,01M0TSZEY54T11A9AMGVA6T4ZB,2026-08-24T21:24:57.752514245Z,0,2026-08-24T21:24:57.752514245Z,true,2026-08-24T22:02:46.204043008Z,selection,2026-08-24T21:24:57.752514245Z,01M0TTK18DRK0TE1A05TXGSK3F,2026-08-24T21:24:57.752514245Z,1787608966220,2026-08-24T22:02:46.221661573Z,true,2026-08-24T22:02:46.156196116Z,true,2026-08-24T22:02:46.240226883Z,01M0TTK1RMSYGB8EGEHKB70M7P,2026-08-24T21:24:57.752514245Z
01M0TTNRTV65WXFNNS8TVTBW5Q,01M0TSZGJXR0N6DNTNARWRMFQ4,2026-08-24T21:26:26.907303139Z,60,2026-08-24T21:26:26.907303139Z,false,2026-08-24T21:26:26.907303139Z,01M0TSZGKJQW5S4GCP9150DNN9,2026-08-24T21:26:26.907303139Z,0,2026-08-24T21:26:26.907303139Z,,,selection,2026-08-24T21:26:26.907303139Z,01M0TTNRJZNM0YCJXVEJ9TT3A8,2026-08-24T21:26:26.907303139Z,,,false,2026-08-24T21:26:26.907303139Z,,,01M0TTNRTN1EMM6BC3PRGEBMM7,2026-08-24T21:26:26.907303139Z
01M0TTNRVKGXKGCBV926N8VM36,01M0TSZGJXR0N6DNTNARWRMFQ4,2026-08-24T21:26:26.933285898Z,3,2026-08-24T21:26:26.933285898Z,false,2026-08-24T21:26:26.933285898Z,01M0TSZGKJQW5S4GCP9150DNN9,2026-08-24T21:26:26.933285898Z,1,2026-08-24T21:26:26.933285898Z,,,feedback,2026-08-24T21:26:26.933285898Z,01M0TTNRJVPABY3DJT5BWSXX0J,2026-08-24T21:26:26.933285898Z,,,false,2026-08-24T21:26:26.933285898Z,,,01M0TTNRVDRH32WCC9GFY1FAJX,2026-08-24T21:26:26.933285898Z
01M0TTTQACB8EFJB3P76ES58QH,01M0TSZV7X3D77NKMM5CDCW4Z6,2026-08-24T21:29:09.196612906Z,60,2026-08-24T21:29:09.196612906Z,true,2026-08-24T21:52:00.691996292Z,01M0TSZV8KEDQHAT4X33M1GG1C,2026-08-24T21:29:09.196612906Z,0,2026-08-24T21:29:09.196612906Z,true,2026-08-24T21:51:32.8919205Z,selection,2026-08-24T21:29:09.196612906Z,01M0TTTPN187QJEH8TKWVPMBKW,2026-08-24T21:29:09.196612906Z,1787608292904,2026-08-24T21:51:32.90574636Z,true,2026-08-24T21:51:32.846741598Z,true,2026-08-24T21:51:32.925877436Z,01M0TTTQA2AM43GR5DXJHNKQRF,2026-08-24T21:29:09.196612906Z
01M0TTYQW1CQQSK3Q2ASZQ0B4Y,01M0TTMTH8JPTHXWGXYEY1VFR8,2026-08-24T21:31:20.833254281Z,60,2026-08-24T21:31:20.833254281Z,true,2026-08-24T21:50:28.662147736Z,01M0TTMWMDPGAHQRDA7BZJ8FEZ,2026-08-24T21:31:20.833254281Z,0,2026-08-24T21:31:20.833254281Z,true,2026-08-24T21:49:28.635240105Z,selection,2026-08-24T21:31:20.833254281Z,01M0TTYQ28CBGV6JE2PQ3W2D78,2026-08-24T21:31:20.833254281Z,1787608168645,2026-08-24T21:49:28.647069668Z,true,2026-08-24T21:49:28.572836526Z,true,2026-08-24T21:49:28.665841606Z,01M0TTYQVSRFHJQW5TKK7DDFK7,2026-08-24T21:31:20.833254281Z
01M0TTYRW7Q67Y9TRZKFF5WRVW,01M0TTMTH8JPTHXWGXYEY1VFR8,2026-08-24T21:31:21.863425712Z,60,2026-08-24T21:31:21.863425712Z,false,2026-08-24T21:31:21.863425712Z,01M0TTMWMDPGAHQRDA7BZJ8FEZ,2026-08-24T21:31:21.863425712Z,0,2026-08-24T21:31:21.863425712Z,,,selection,2026-08-24T21:31:21.863425712Z,01M0TTYQC04FM93XYFK5FHADWD,2026-08-24T21:31:21.863425712Z,,,false,2026-08-24T21:31:21.863425712Z,,,01M0TTYRW0W2NZC077T71QJ0C0,2026-08-24T21:31:21.863425712Z
01M0TTK1SR6XH02T50K9NESK9G,01M0TSZEX52H0PZDJFB4JNEAFW,2026-08-24T21:24:57.784463522Z,3,2026-08-24T21:24:57.784463522Z,true,2026-08-24T22:05:01.038224039Z,01M0TSZEY54T11A9AMGVA6T4ZB,2026-08-24T21:24:57.784463522Z,1,2026-08-24T21:24:57.784463522Z,true,2026-08-24T22:04:57.99886515Z,feedback,2026-08-24T21:24:57.784463522Z,01M0TTK18S21Q80GH0Q5PZY6NQ,2026-08-24T21:24:57.784463522Z,1787609098012,2026-08-24T22:04:58.014753196Z,true,2026-08-24T22:04:57.941675413Z,true,2026-08-24T22:04:58.035756516Z,01M0TTK1SMS538G0GS60AGFVCV,2026-08-24T21:24:57.784463522Z
01M0TTMR3NMGSMBXGVGMDBMENN,01M0TSZV7X3D77NKMM5CDCW4Z6,2026-08-24T21:25:53.397791004Z,60,2026-08-24T21:25:53.397791004Z,true,2026-08-24T21:34:48.578438083Z,01M0TSZV8ERABP36QP2627EVMT,2026-08-24T21:25:53.397791004Z,0,2026-08-24T21:25:53.397791004Z,true,2026-08-24T21:34:25.851946609Z,selection,2026-08-24T21:25:53.397791004Z,01M0TTMQRGQVPV7Y6EZ7VKJX36,2026-08-24T21:25:53.397791004Z,1787607265858,2026-08-24T21:34:25.859356511Z,true,2026-08-24T21:34:25.819086399Z,true,2026-08-24T21:34:25.873771709Z,01M0TTMR3G7J658G9FN2Q3363Q,2026-08-24T21:25:53.397791004Z
01M0TT9MKS1CASAPKEW2KBBXHE,01M0TSZGJXR0N6DNTNARWRMFQ4,2026-08-24T21:19:49.369457293Z,3,2026-08-24T21:19:49.369457293Z,false,2026-08-24T21:19:49.369457293Z,01M0TSZGKE32G3R2H2EPQFBQNN,2026-08-24T21:19:49.369457293Z,1,2026-08-24T21:19:49.369457293Z,,,feedback,2026-08-24T21:19:49.369457293Z,01M0TT9KJ35Q4935R1ZKN7RKHA,2026-08-24T21:19:49.369457293Z,,,false,2026-08-24T21:19:49.369457293Z,,,01M0TT9MKNTKMBJNW92QMCRCTV,2026-08-24T21:19:49.369457293Z
01M0TTNSNEQXM2F7JKJ2AP2M6V,01M0TSZGJXR0N6DNTNARWRMFQ4,2026-08-24T21:26:27.75896505Z,3,2026-08-24T21:26:27.75896505Z,false,2026-08-24T21:26:27.75896505Z,01M0TSZGKJQW5S4GCP9150DNN9,2026-08-24T21:26:27.75896505Z,1,2026-08-24T21:26:27.75896505Z,,,feedback,2026-08-24T21:26:27.75896505Z,01M0TTNRE5YEFVYMGC1X92X7SA,2026-08-24T21:26:27.75896505Z,,,false,2026-08-24T21:26:27.75896505Z,,,01M0TTNSN864WEF35P98Y416MN,2026-08-24T21:26:27.75896505Z
01M0TTKN71CXT3QHN6KACBQ56B,01M0TSZEX52H0PZDJFB4JNEAFW,2026-08-24T21:25:17.665055599Z,60,2026-08-24T21:25:17.665055599Z,true,2026-08-24T21:36:23.076492602Z,01M0TSZEY173D8F3KEP071GR06,2026-08-24T21:25:17.665055599Z,0,2026-08-24T21:25:17.665055599Z,true,2026-08-24T21:36:05.844075136Z,selection,2026-08-24T21:25:17.665055599Z,01M0TTKMV3NZDGCVSD4HY2E0ZQ,2026-08-24T21:25:17.665055599Z,1787607365852,2026-08-24T21:36:05.854172027Z,true,2026-08-24T21:36:05.812586588Z,true,2026-08-24T21:36:05.867920187Z,01M0TTKN6V8W5MYD52T6DRWT2R,2026-08-24T21:25:17.665055599Z
01M0TTMRYPF1TR36817247KMQ7,01M0TSZV7X3D77NKMM5CDCW4Z6,2026-08-24T21:25:54.26228434Z,3,2026-08-24T21:25:54.26228434Z,true,2026-08-24T21:54:12.991371708Z,01M0TSZV8ERABP36QP2627EVMT,2026-08-24T21:25:54.26228434Z,1,2026-08-24T21:25:54.26228434Z,true,2026-08-24T21:54:09.957460011Z,feedback,2026-08-24T21:25:54.26228434Z,01M0TTMQY3KB70QWAD9TG93PRN,2026-08-24T21:25:54.26228434Z,1787608449973,2026-08-24T21:54:09.974585289Z,true,2026-08-24T21:54:09.91421711Z,true,2026-08-24T21:54:09.989695487Z,01M0TTMRYHF0MH3901YK8JTVQ2,2026-08-24T21:25:54.26228434Z
01M0TTNS105G7VSR6WQHTP7B05,01M0TSZGJXR0N6DNTNARWRMFQ4,2026-08-24T21:26:27.104058901Z,3,2026-08-24T21:26:27.104058901Z,false,2026-08-24T21:26:27.104058901Z,01M0TSZGKJQW5S4GCP9150DNN9,2026-08-24T21:26:27.104058901Z,1,2026-08-24T21:26:27.104058901Z,,,feedback,2026-08-24T21:26:27.104058901Z,01M0TTNRHFS8YQADE4BCN35HTQ,2026-08-24T21:26:27.104058901Z,,,false,2026-08-24T21:26:27.104058901Z,,,01M0TTNS0TBSDYS66M18GMCT6S,2026-08-24T21:26:27.104058901Z
01M0TTA61WES9RR3SGHPN0A6PM,01M0TSZV7X3D77NKMM5CDCW4Z6,2026-08-24T21:20:07.230524463Z,3,2026-08-24T21:20:07.230524463Z,true,2026-08-24T21:42:22.909194404Z,01M0TSZV8KEDQHAT4X3FNKVS2B,2026-08-24T21:20:07.230524463Z,1,2026-08-24T21:20:07.230524463Z,true,2026-08-24T21:42:19.879544919Z,feedback,2026-08-24T21:20:07.230524463Z,01M0TTA5953ADTEWHGMW1MW2SJ,2026-08-24T21:20:07.230524463Z,1787607739890,2026-08-24T21:42:19.892196492Z,true,2026-08-24T21:42:19.84873239Z,true,2026-08-24T21:42:19.905809169Z,01M0TTA61QTNRZ5XDJNC2568GW,2026-08-24T21:20:07.230524463Z
01M0TTA662R23D8A6BDPNWA5YB,01M0TSZV7X3D77NKMM5CDCW4Z6,2026-08-24T21:20:07.362910264Z,60,2026-08-24T21:20:07.362910264Z,true,2026-08-24T21:45:49.458117637Z,01M0TSZV8KEDQHAT4X3FNKVS2B,2026-08-24T21:20:07.362910264Z,0,2026-08-24T21:20:07.362910264Z,true,2026-08-24T21:45:30.38856473Z,selection,2026-08-24T21:20:07.362910264Z,01M0TTA58DZTS9K231QJJR5H66,2026-08-24T21:20:07.362910264Z,1787607930399,2026-08-24T21:45:30.401024538Z,true,2026-08-24T21:45:30.34865255Z,true,2026-08-24T21:45:30.4185238Z,01M0TTA65XW93WYDB23213TDN2,2026-08-24T21:20:07.362910264Z
01M0TTEYBXBK7XHBMG43ZS275B,01M0TSZEX52H0PZDJFB4JNEAFW,2026-08-24T21:22:43.197245446Z,3,2026-08-24T21:22:43.197245446Z,true,2026-08-24T21:30:00.652708554Z,01M0TSZEY44B7XSP574QH2WQPJ,2026-08-24T21:22:43.197245446Z,1,2026-08-24T21:22:43.197245446Z,true,2026-08-24T21:29:57.619321868Z,feedback,2026-08-24T21:22:43.197245446Z,01M0TTEY4HXTJAJSYR59SG705X,2026-08-24T21:22:43.197245446Z,1787606997629,2026-08-24T21:29:57.631472768Z,true,2026-08-24T21:29:57.577612039Z,true,2026-08-24T21:29:57.652194233Z,01M0TTEYBR7S0NAXN0XJ0KTYQ1,2026-08-24T21:22:43.197245446Z
01M0TTK220XAZVBJQS15V7AEG9,01M0TSZEX52H0PZDJFB4JNEAFW,2026-08-24T21:24:58.048027032Z,60,2026-08-24T21:24:58.048027032Z,true,2026-08-24T22:12:22.647193905Z,01M0TSZEY54T11A9AMGVA6T4ZB,2026-08-24T21:24:58.048027032Z,0,2026-08-24T21:24:58.048027032Z,true,2026-08-24T22:11:57.259983818Z,selection,2026-08-24T21:24:58.048027032Z,01M0TTK18V8SH2RGW2M08ZA4AE,2026-08-24T21:24:58.048027032Z,1787609517276,2026-08-24T22:11:57.27820467Z,true,2026-08-24T22:11:57.205408608Z,true,2026-08-24T22:11:57.296218441Z,01M0TTK21V70A9JD9QWS613N6F,2026-08-24T21:24:58.048027032Z
01M0TTKE6NPWN98GZ87BFMZM6Y,01M0TSZGJXR0N6DNTNARWRMFQ4,2026-08-24T21:25:10.485550544Z,3,2026-08-24T21:25:10.485550544Z,false,2026-08-24T21:25:10.485550544Z,01M0TSZGKM72FFW193EYG47F25,2026-08-24T21:25:10.485550544Z,1,2026-08-24T21:25:10.485550544Z,,,feedback,2026-08-24T21:25:10.485550544Z,01M0TTKDEYB03WKG54SG66MXRY,2026-08-24T21:25:10.485550544Z,,,false,2026-08-24T21:25:10.485550544Z,,,01M0TTKE6HG08D9PM47NY2AECY,2026-08-24T21:25:10.485550544Z
01M0TTTQAK5VH31402PVWMHE7R,01M0TSZV7X3D77NKMM5CDCW4Z6,2026-08-24T21:29:09.203563192Z,3,2026-08-24T21:29:09.203563192Z,true,2026-08-24T21:52:03.8025122Z,01M0TSZV8KEDQHAT4X33M1GG1C,2026-08-24T21:29:09.203563192Z,1,2026-08-24T21:29:09.203563192Z,true,2026-08-24T21:52:00.766127518Z,feedback,2026-08-24T21:29:09.203563192Z,01M0TTTPN187QJEH8TKWVPMBKW,2026-08-24T21:29:09.203563192Z,1787608320776,2026-08-24T21:52:00.778138032Z,true,2026-08-24T21:52:00.72122074Z,true,2026-08-24T21:52:00.789550507Z,01M0TTTQA7GWZBJ4GF5X7ZB2MF,2026-08-24T21:29:09.203563192Z
01M0TV7KJ32N7K5MW2JAGMYJS0,01M0TTMTH8JPTHXWGXYEY1VFR8,2026-08-24T21:36:11.331305078Z,3,2026-08-24T21:36:11.331305078Z,true,2026-08-24T21:53:21.27040058Z,01M0TTMWM9GSP2NP0T4CET96EB,2026-08-24T21:36:11.331305078Z,1,2026-08-24T21:36:11.331305078Z,true,2026-08-24T21:53:18.242552449Z,feedback,2026-08-24T21:36:11.331305078Z,01M0TV7K1YSN0AA973WX8MN22R,2026-08-24T21:36:11.331305078Z,1787608398253,2026-08-24T21:53:18.254968481Z,true,2026-08-24T21:53:18.20576351Z,true,2026-08-24T21:53:18.267647296Z,01M0TV7KHSXY5527Q1HXP7N3TG,2026-08-24T21:36:11.331305078Z
01M0TT9KXKJMSRHW036FRGDXRH,01M0TSZGJXR0N6DNTNARWRMFQ4,2026-08-24T21:19:48.659028565Z,3,2026-08-24T21:19:48.659028565Z,false,2026-08-24T21:19:48.659028565Z,01M0TSZGKE32G3R2H2EPQFBQNN,2026-08-24T21:19:48.659028565Z,1,2026-08-24T21:19:48.659028565Z,,,feedback,2026-08-24T21:19:48.659028565Z,01M0TT9KFW9ZF119QQYP6EY6JJ,2026-08-24T21:19:48.659028565Z,,,false,2026-08-24T21:19:48.659028565Z,,,01M0TT9KXCFYTMMA4NWPVA0892,2026-08-24T21:19:48.659028565Z
01M0TTA5P5V2H67ZYRMJEG004K,01M0TSZV7X3D77NKMM5CDCW4Z6,2026-08-24T21:20:06.853915399Z,60,2026-08-24T21:20:06.853915399Z,true,2026-08-24T21:31:56.064202378Z,01M0TSZV8KEDQHAT4X3FNKVS2B,2026-08-24T21:20:06.853915399Z,0,2026-08-24T21:20:06.853915399Z,true,2026-08-24T21:31:33.466758566Z,selection,2026-08-24T21:20:06.853915399Z,01M0TTA5DA4TFF03VWQWQW7W59,2026-08-24T21:20:06.853915399Z,1787607093474,2026-08-24T21:31:33.475853562Z,true,2026-08-24T21:31:33.413881697Z,true,2026-08-24T21:31:33.486624041Z,01M0TTA5NYXR5G9DANQYV4HEHN,2026-08-24T21:20:06.853915399Z
01M0TTEYPMZK3Q999CW02X7XQE,01M0TSZEX52H0PZDJFB4JNEAFW,2026-08-24T21:22:43.540688225Z,3,2026-08-24T21:22:43.540688225Z,true,2026-08-24T21:44:40.736638428Z,01M0TSZEY44B7XSP574QH2WQPJ,2026-08-24T21:22:43.540688225Z,1,2026-08-24T21:22:43.540688225Z,true,2026-08-24T21:44:37.672534293Z,feedback,2026-08-24T21:22:43.540688225Z,01M0TTEY4R735E1H8KBGNPQCGJ,2026-08-24T21:22:43.540688225Z,1787607877703,2026-08-24T21:44:37.705323882Z,true,2026-08-24T21:44:37.589980208Z,true,2026-08-24T21:44:37.732466947Z,01M0TTEYPG6CQD4WBTN8C0FE4B,2026-08-24T21:22:43.540688225Z
01M0TTKNVCNCJ0G8Z0537GX14K,01M0TSZEX52H0PZDJFB4JNEAFW,2026-08-24T21:25:18.316854183Z,3,2026-08-24T21:25:18.316854183Z,true,2026-08-24T21:50:41.94527308Z,01M0TSZEY173D8F3KEP071GR06,2026-08-24T21:25:18.316854183Z,1,2026-08-24T21:25:18.316854183Z,true,2026-08-24T21:50:38.918635326Z,feedback,2026-08-24T21:25:18.316854183Z,01M0TTKN2H6RT12G2PVW78R4FR,2026-08-24T21:25:18.316854183Z,1787608238926,2026-08-24T21:50:38.927765987Z,true,2026-08-24T21:50:38.875347353Z,true,2026-08-24T21:50:38.945804961Z,01M0TTKNV7ZGR58M7VACQ7THGY,2026-08-24T21:25:18.316854183Z
01M0TTKNYEQEHJEVSEAKDV009D,01M0TSZEX52H0PZDJFB4JNEAFW,2026-08-24T21:25:18.41417465Z,3,2026-08-24T21:25:18.41417465Z,true,2026-08-24T21:53:06.355645711Z,01M0TSZEY173D8F3KEP071GR06,2026-08-24T21:25:18.41417465Z,1,2026-08-24T21:25:18.41417465Z,true,2026-08-24T21:53:03.305938353Z,feedback,2026-08-24T21:25:18.41417465Z,01M0TTKN3HBAY46JTB2H13W23W,2026-08-24T21:25:18.41417465Z,1787608383316,2026-08-24T21:53:03.318309502Z,true,2026-08-24T21:53:03.257213687Z,true,2026-08-24T21:53:03.332379611Z,01M0TTKNY9758RKH8TJNQJ0W45,2026-08-24T21:25:18.41417465Z
01M0TVKAKXZXTGWD6R5WKVK5KX,01M0TTMTH8JPTHXWGXYEY1VFR8,2026-08-24T21:42:35.391428062Z,3,2026-08-24T21:42:35.391428062Z,true,2026-08-24T21:53:02.847619628Z,01M0TTMWMG725DJ5GA5M4WD8SY,2026-08-24T21:42:35.391428062Z,1,2026-08-24T21:42:35.391428062Z,true,2026-08-24T21:52:59.809048247Z,feedback,2026-08-24T21:42:35.391428062Z,01M0TVK9JZ1QX299MABKQFBHP4,2026-08-24T21:42:35.391428062Z,1787608379820,2026-08-24T21:52:59.821883522Z,true,2026-08-24T21:52:59.770001772Z,true,2026-08-24T21:52:59.836430899Z,01M0TVKAKNPZA6REY3TPFFE1VW,2026-08-24T21:42:35.391428062Z
01M0TVKBCF7NE9KFSZ2KWJMXYZ,01M0TTMTH8JPTHXWGXYEY1VFR8,2026-08-24T21:42:36.17507733Z,3,2026-08-24T21:42:36.17507733Z,true,2026-08-24T21:59:11.138065285Z,01M0TTMWMG725DJ5GA5M4WD8SY,2026-08-24T21:42:36.17507733Z,1,2026-08-24T21:42:36.17507733Z,true,2026-08-24T21:59:08.099666857Z,feedback,2026-08-24T21:42:36.17507733Z,01M0TVK9WYZJN8B1KCS43DN6MT,2026-08-24T21:42:36.17507733Z,1787608748119,2026-08-24T21:59:08.120556552Z,true,2026-08-24T21:59:08.000880313Z,true,2026-08-24T21:59:08.136177995Z,01M0TVKBC6NNVPHRP18JAFGXKM,2026-08-24T21:42:36.17507733Z
01M0TTEYH902TCFRDXB32GS545,01M0TSZEX52H0PZDJFB4JNEAFW,2026-08-24T21:22:43.369321195Z,60,2026-08-24T21:22:43.369321195Z,true,2026-08-24T21:37:19.200277929Z,01M0TSZEY44B7XSP574QH2WQPJ,2026-08-24T21:22:43.369321195Z,0,2026-08-24T21:22:43.369321195Z,true,2026-08-24T21:36:58.679877172Z,selection,2026-08-24T21:22:43.369321195Z,01M0TTEY3A4G691HFTAYDSE54E,2026-08-24T21:22:43.369321195Z,1787607418687,2026-08-24T21:36:58.689340984Z,true,2026-08-24T21:36:58.642460724Z,true,2026-08-24T21:36:58.70386512Z,01M0TTEYH45CTABDCY3GPPGK9P,2026-08-24T21:22:43.369321195Z
01M0TTK1GTWWTT6ME4P4E9QGR0,01M0TSZEX52H0PZDJFB4JNEAFW,2026-08-24T21:24:57.500895175Z,3,2026-08-24T21:24:57.500895175Z,true,2026-08-24T21:53:07.041174383Z,01M0TSZEY54T11A9AMGVA6T4ZB,2026-08-24T21:24:57.500895175Z,1,2026-08-24T21:24:57.500895175Z,true,2026-08-24T21:53:04.004618698Z,feedback,2026-08-24T21:24:57.500895175Z,01M0TTK11STER2ADREBJK28NV8,2026-08-24T21:24:57.500895175Z,1787608384021,2026-08-24T21:53:04.023256732Z,true,2026-08-24T21:53:03.960709467Z,true,2026-08-24T21:53:04.037051008Z,01M0TTK1GJ1PTNCT2EFD3WTTGB,2026-08-24T21:24:57.500895175Z
01M0TTMR5R0RSYSC4KKDTKP5S8,01M0TSZV7X3D77NKMM5CDCW4Z6,2026-08-24T21:25:53.4647005Z,3,2026-08-24T21:25:53.4647005Z,true,2026-08-24T21:37:10.598564538Z,01M0TSZV8ERABP36QP2627EVMT,2026-08-24T21:25:53.4647005Z,1,2026-08-24T21:25:53.4647005Z,true,2026-08-24T21:37:07.573421227Z,feedback,2026-08-24T21:25:53.4647005Z,01M0TTMQRAPS9EVG7DRKW0A9J9,2026-08-24T21:25:53.4647005Z,1787607427582,2026-08-24T21:37:07.584206189Z,true,2026-08-24T21:37:07.542951783Z,true,2026-08-24T21:37:07.596912843Z,01M0TTMR5KVH6GTV7VN544EGFZ,2026-08-24T21:25:53.4647005Z
01M0TTK21HSSQTDM1BY381AHC9,01M0TSZEX52H0PZDJFB4JNEAFW,2026-08-24T21:24:58.033896492Z,60,2026-08-24T21:24:58.033896492Z,true,2026-08-24T22:11:53.89487697Z,01M0TSZEY54T11A9AMGVA6T4ZB,2026-08-24T21:24:58.033896492Z,0,2026-08-24T21:24:58.033896492Z,true,2026-08-24T22:11:22.061558958Z,selection,2026-08-24T21:24:58.033896492Z,01M0TTK1719AC9SEZEMCP580NP,2026-08-24T21:24:58.033896492Z,1787609482084,2026-08-24T22:11:22.086159129Z,true,2026-08-24T22:11:22.01191289Z,true,2026-08-24T22:11:22.107655617Z,01M0TTK21BDX6BTRKPP20VXGN4,2026-08-24T21:24:58.033896492Z
01M0TTKDS1M2N40XZJ1M6RR1XF,01M0TSZGJXR0N6DNTNARWRMFQ4,2026-08-24T21:25:10.049282015Z,60,2026-08-24T21:25:10.049282015Z,false,2026-08-24T21:25:10.049282015Z,01M0TSZGKM72FFW193EYG47F25,2026-08-24T21:25:10.049282015Z,0,2026-08-24T21:25:10.049282015Z,,,selection,2026-08-24T21:25:10.049282015Z,01M0TTKD9WJN40G5YHQ9QB17AZ,2026-08-24T21:25:10.049282015Z,,,false,2026-08-24T21:25:10.049282015Z,,,01M0TTKDRXWEQVEW1JEJDW7ZHT,2026-08-24T21:25:10.049282015Z
01M0TTTQKB9S03SNTHA0WPAR3M,01M0TSZV7X3D77NKMM5CDCW4Z6,2026-08-24T21:29:09.484003666Z,60,2026-08-24T21:29:09.484003666Z,true,2026-08-24T21:57:18.558225459Z,01M0TSZV8KEDQHAT4X33M1GG1C,2026-08-24T21:29:09.484003666Z,0,2026-08-24T21:29:09.484003666Z,true,2026-08-24T21:56:42.419112646Z,selection,2026-08-24T21:29:09.484003666Z,01M0TTTPG157HQF7RG88P997FK,2026-08-24T21:29:09.484003666Z,1787608602436,2026-08-24T21:56:42.438239826Z,true,2026-08-24T21:56:42.363463391Z,true,2026-08-24T21:56:42.454398564Z,01M0TTTQK1PK5NEQ1NV2HBTJYC,2026-08-24T21:29:09.484003666Z
01M0TVKBJ2G0ZA7WS6MPSMZXFY,01M0TTMTH8JPTHXWGXYEY1VFR8,2026-08-24T21:42:36.354153577Z,60,2026-08-24T21:42:36.354153577Z,true,2026-08-24T22:00:23.184535214Z,01M0TTMWMG725DJ5GA5M4WD8SY,2026-08-24T21:42:36.354153577Z,0,2026-08-24T21:42:36.354153577Z,true,2026-08-24T22:00:14.729387536Z,selection,2026-08-24T21:42:36.354153577Z,01M0TVKA1X8QWR5F038J62EWM7,2026-08-24T21:42:36.354153577Z,1787608814747,2026-08-24T22:00:14.748722766Z,true,2026-08-24T22:00:14.682759247Z,true,2026-08-24T22:00:14.759894875Z,01M0TVKBHWGEMQ2BH8DZ6WPH69,2026-08-24T21:42:36.354153577Z
01M0TTMRN7PBYYNVA2GB8GT17Y,01M0TSZV7X3D77NKMM5CDCW4Z6,2026-08-24T21:25:53.959973511Z,60,2026-08-24T21:25:53.959973511Z,true,2026-08-24T21:48:20.670683027Z,01M0TSZV8ERABP36QP2627EVMT,2026-08-24T21:25:53.959973511Z,0,2026-08-24T21:25:53.959973511Z,true,2026-08-24T21:48:08.008914729Z,selection,2026-08-24T21:25:53.959973511Z,01M0TTMQW57TG20BXEBXWCBQWB,2026-08-24T21:25:53.959973511Z,1787608088018,2026-08-24T21:48:08.019942547Z,true,2026-08-24T21:48:07.965922111Z,true,2026-08-24T21:48:08.034353169Z,01M0TTMRN3VA7JPFXG0J85M9MW,2026-08-24T21:25:53.959973511Z
01M0TTTPW1FN7PE2PBT8K2GV4H,01M0TSZV7X3D77NKMM5CDCW4Z6,2026-08-24T21:29:08.737824005Z,1200,2026-08-24T21:29:08.737824005Z,true,2026-08-24T21:40:33.173676968Z,01M0TSZV8KEDQHAT4X33M1GG1C,2026-08-24T21:29:08.737824005Z,0,2026-08-24T21:29:08.737824005Z,true,2026-08-24T21:29:17.90624229Z,describe,2026-08-24T21:29:08.737824005Z,01M0TTTPENYPH5JP6MR3JBSJ0Y,2026-08-24T21:29:08.737824005Z,1787606957915,2026-08-24T21:29:17.917597166Z,true,2026-08-24T21:29:17.854199748Z,true,2026-08-24T21:29:17.938006268Z,01M0TTTPVXXX0H0AM8P13EAYG9,2026-08-24T21:29:08.737824005Z
01M0TTTRGC4NZYWNRPD2WA9C9M,01M0TSZV7X3D77NKMM5CDCW4Z6,2026-08-24T21:29:10.412551592Z,60,2026-08-24T21:29:10.412551592Z,true,2026-08-24T22:12:17.515514899Z,01M0TSZV8KEDQHAT4X33M1GG1C,2026-08-24T21:29:10.412551592Z,0,2026-08-24T21:29:10.412551592Z,true,2026-08-24T22:11:31.736656352Z,selection,2026-08-24T21:29:10.412551592Z,01M0TTTPGPG9TQ8W0TD0DQ9QY5,2026-08-24T21:29:10.412551592Z,1787609491757,2026-08-24T22:11:31.758880592Z,true,2026-08-24T22:11:31.681664039Z,true,2026-08-24T22:11:31.781509875Z,01M0TTTRG3MC26WNN026DG364S,2026-08-24T21:29:10.412551592Z
01M0TTA5Q4T49W132D7F5R4593,01M0TSZV7X3D77NKMM5CDCW4Z6,2026-08-24T21:20:06.88408179Z,60,2026-08-24T21:20:06.88408179Z,true,2026-08-24T21:33:11.294238209Z,01M0TSZV8KEDQHAT4X3FNKVS2B,2026-08-24T21:20:06.88408179Z,0,2026-08-24T21:20:06.88408179Z,true,2026-08-24T21:32:43.833700909Z,selection,2026-08-24T21:20:06.88408179Z,01M0TTA5D69CAEP1C3PYVXR565,2026-08-24T21:20:06.88408179Z,1787607163840,2026-08-24T21:32:43.842364643Z,true,2026-08-24T21:32:43.799060348Z,true,2026-08-24T21:32:43.853316154Z,01M0TTA5PYFNQ57DKWSM3K0R8H,2026-08-24T21:20:06.88408179Z
01M0TTEYFKEYZ0M6QFRTJQQ45P,01M0TSZEX52H0PZDJFB4JNEAFW,2026-08-24T21:22:43.315876304Z,60,2026-08-24T21:22:43.315876304Z,true,2026-08-24T21:35:39.330720449Z,01M0TSZEY44B7XSP574QH2WQPJ,2026-08-24T21:22:43.315876304Z,0,2026-08-24T21:22:43.315876304Z,true,2026-08-24T21:35:01.705077056Z,selection,2026-08-24T21:22:43.315876304Z,01M0TTEY4A2YK32WC0RY8QM5QC,2026-08-24T21:22:43.315876304Z,1787607301711,2026-08-24T21:35:01.712680069Z,true,2026-08-24T21:35:01.677006559Z,true,2026-08-24T21:35:01.7285632Z,01M0TTEYFFWGFW4E694VJE0W04,2026-08-24T21:22:43.315876304Z
01M0TTMR7SZKZBF6CCRFFBQ4CQ,01M0TSZV7X3D77NKMM5CDCW4Z6,2026-08-24T21:25:53.529085563Z,3,2026-08-24T21:25:53.529085563Z,true,2026-08-24T21:38:59.764969439Z,01M0TSZV8ERABP36QP2627EVMT,2026-08-24T21:25:53.529085563Z,1,2026-08-24T21:25:53.529085563Z,true,2026-08-24T21:38:56.740373048Z,feedback,2026-08-24T21:25:53.529085563Z,01M0TTMQS87BVS9AY0K570MGBQ,2026-08-24T21:25:53.529085563Z,1787607536750,2026-08-24T21:38:56.751445735Z,true,2026-08-24T21:38:56.704679075Z,true,2026-08-24T21:38:56.761597217Z,01M0TTMR7KMV868M4WR6FMNS5X,2026-08-24T21:25:53.529085563Z
01M0TTTQW60TZ2XDZCTJEZ7G7V,01M0TSZV7X3D77NKMM5CDCW4Z6,2026-08-24T21:29:09.766937939Z,60,2026-08-24T21:29:09.766937939Z,true,2026-08-24T22:03:20.630999172Z,01M0TSZV8KEDQHAT4X33M1GG1C,2026-08-24T21:29:09.766937939Z,0,2026-08-24T21:29:09.766937939Z,true,2026-08-24T22:02:42.875833219Z,selection,2026-08-24T21:29:09.766937939Z,01M0TTTPSFNNGV7Y68MSG624QV,2026-08-24T21:29:09.766937939Z,1787608962890,2026-08-24T22:02:42.891948685Z,true,2026-08-24T22:02:42.794246721Z,true,2026-08-24T22:02:42.912577215Z,01M0TTTQVZR6772FJ4KFET5058,2026-08-24T21:29:09.766937939Z
01M0TTTR05BBANMPYTGCMVM6W9,01M0TSZV7X3D77NKMM5CDCW4Z6,2026-08-24T21:29:09.893608166Z,60,2026-08-24T21:29:09.893608166Z,true,2026-08-24T22:04:18.990650292Z,01M0TSZV8KEDQHAT4X33M1GG1C,2026-08-24T21:29:09.893608166Z,0,2026-08-24T21:29:09.893608166Z,true,2026-08-24T22:03:55.352297478Z,selection,2026-08-24T21:29:09.893608166Z,01M0TTTPS1TW34523PESZXFHY4,2026-08-24T21:29:09.893608166Z,1787609035370,2026-08-24T22:03:55.371761271Z,true,2026-08-24T22:03:55.299956609Z,true,2026-08-24T22:03:55.383047746Z,01M0TTTQZB7MKV063EEJNYM00Q,2026-08-24T21:29:09.893608166Z
01M0TTYRMAF9JCWMCW1CK582FK,01M0TTMTH8JPTHXWGXYEY1VFR8,2026-08-24T21:31:21.610952493Z,3,2026-08-24T21:31:21.610952493Z,false,2026-08-24T21:31:21.610952493Z,01M0TTMWMDPGAHQRDA7BZJ8FEZ,2026-08-24T21:31:21.610952493Z,1,2026-08-24T21:31:21.610952493Z,,,feedback,2026-08-24T21:31:21.610952493Z,01M0TTYQG3P7C1E9BXX9CG051S,2026-08-24T21:31:21.610952493Z,,,false,2026-08-24T21:31:21.610952493Z,,,01M0TTYRKXXHJ5Z3XSBR35KW4V,2026-08-24T21:31:21.610952493Z
01M0TVKAF81VR3ADF29BMCE6J3,01M0TTMTH8JPTHXWGXYEY1VFR8,2026-08-24T21:42:35.240877847Z,3,2026-08-24T21:42:35.240877847Z,true,2026-08-24T21:51:10.227387905Z,01M0TTMWMG725DJ5GA5M4WD8SY,2026-08-24T21:42:35.240877847Z,1,2026-08-24T21:42:35.240877847Z,true,2026-08-24T21:51:07.199174435Z,feedback,2026-08-24T21:42:35.240877847Z,01M0TVK9HN0NW907SE8JRHRPP8,2026-08-24T21:42:35.240877847Z,1787608267209,2026-08-24T21:51:07.210821968Z,true,2026-08-24T21:51:07.163683698Z,true,2026-08-24T21:51:07.227965093Z,01M0TVKAF0BB3NB1R6QZYN27BF,2026-08-24T21:42:35.240877847Z
01M0TVKAG9402PJ4SZX5JBMRAV,01M0TTMTH8JPTHXWGXYEY1VFR8,2026-08-24T21:42:35.274545894Z,3,2026-08-24T21:42:35.274545894Z,true,2026-08-24T21:51:29.850225633Z,01M0TTMWMG725DJ5GA5M4WD8SY,2026-08-24T21:42:35.274545894Z,1,2026-08-24T21:42:35.274545894Z,true,2026-08-24T21:51:26.821780342Z,feedback,2026-08-24T21:42:35.274545894Z,01M0TVK9HYQH8A3FRM7PD9RKAQ,2026-08-24T21:42:35.274545894Z,1787608286832,2026-08-24T21:51:26.834133777Z,true,2026-08-24T21:51:26.78906675Z,true,2026-08-24T21:51:26.847129375Z,01M0TVKAFZZ1HWPWTRG0HZ56QH,2026-08-24T21:42:35.274545894Z
01M0TTA5KTNYM1BTC9MVJ07RWD,01M0TSZV7X3D77NKMM5CDCW4Z6,2026-08-24T21:20:06.778129536Z,3,2026-08-24T21:20:06.778129536Z,true,2026-08-24T21:29:21.249291525Z,01M0TSZV8KEDQHAT4X3FNKVS2B,2026-08-24T21:20:06.778129536Z,1,2026-08-24T21:20:06.778129536Z,true,2026-08-24T21:29:18.179039067Z,feedback,2026-08-24T21:20:06.778129536Z,01M0TTA5ERQ1ZPDRRR67HJSMXN,2026-08-24T21:20:06.778129536Z,1787606958189,2026-08-24T21:29:18.190941272Z,true,2026-08-24T21:29:18.026150065Z,true,2026-08-24T21:29:18.20706036Z,01M0TTA5KQXGZ0ZA5JSKNKEV3B,2026-08-24T21:20:06.778129536Z
01M0TTKE3ZH8FZNDPRWQGNY783,01M0TSZGJXR0N6DNTNARWRMFQ4,2026-08-24T21:25:10.399678571Z,60,2026-08-24T21:25:10.399678571Z,false,2026-08-24T21:25:10.399678571Z,01M0TSZGKM72FFW193EYG47F25,2026-08-24T21:25:10.399678571Z,0,2026-08-24T21:25:10.399678571Z,,,selection,2026-08-24T21:25:10.399678571Z,01M0TTKDEP6P9CM4EEBBK2TNAF,2026-08-24T21:25:10.399678571Z,,,false,2026-08-24T21:25:10.399678571Z,,,01M0TTKE3V00JQGY7BSFWE0KTS,2026-08-24T21:25:10.399678571Z
01M0TTK1W0XXD8RCBTMXSVSF4X,01M0TSZEX52H0PZDJFB4JNEAFW,2026-08-24T21:24:57.856571827Z,60,2026-08-24T21:24:57.856571827Z,true,2026-08-24T22:07:03.669986915Z,01M0TSZEY54T11A9AMGVA6T4ZB,2026-08-24T21:24:57.856571827Z,0,2026-08-24T21:24:57.856571827Z,true,2026-08-24T22:06:38.108762275Z,selection,2026-08-24T21:24:57.856571827Z,01M0TTK13S1N82XAZKSKFXA4RK,2026-08-24T21:24:57.856571827Z,1787609198126,2026-08-24T22:06:38.132620838Z,true,2026-08-24T22:06:38.059430309Z,true,2026-08-24T22:06:38.147462527Z,01M0TTK1VTAZYAEPG4R23PBVSQ,2026-08-24T21:24:57.856571827Z
01M0TT9MC9MRZ0BF5JDN7PK6D8,01M0TSZGJXR0N6DNTNARWRMFQ4,2026-08-24T21:19:49.129998536Z,3,2026-08-24T21:19:49.129998536Z,false,2026-08-24T21:19:49.129998536Z,01M0TSZGKE32G3R2H2EPQFBQNN,2026-08-24T21:19:49.129998536Z,1,2026-08-24T21:19:49.129998536Z,,,feedback,2026-08-24T21:19:49.129998536Z,01M0TT9KK99X4VBVW87YT5TRAE,2026-08-24T21:19:49.129998536Z,,,false,2026-08-24T21:19:49.129998536Z,,,01M0TT9MC50EE1WD1W4B8JQ850,2026-08-24T21:19:49.129998536Z
01M0TTK1FRW8B86HAH0R019RSH,01M0TSZEX52H0PZDJFB4JNEAFW,2026-08-24T21:24:57.464993988Z,60,2026-08-24T21:24:57.464993988Z,true,2026-08-24T21:51:25.444580657Z,01M0TSZEY54T11A9AMGVA6T4ZB,2026-08-24T21:24:57.464993988Z,0,2026-08-24T21:24:57.464993988Z,true,2026-08-24T21:50:34.545846297Z,selection,2026-08-24T21:24:57.464993988Z,01M0TTK114CZHRC99365EEPYE1,2026-08-24T21:24:57.464993988Z,1787608234557,2026-08-24T21:50:34.558527647Z,true,2026-08-24T21:50:34.512496194Z,true,2026-08-24T21:50:34.577345748Z,01M0TTK1FKV8CBD7Z7HQH8KYVK,2026-08-24T21:24:57.464993988Z
01M0TTMRJVCPZ3A873B2GMVKAC,01M0TSZV7X3D77NKMM5CDCW4Z6,2026-08-24T21:25:53.883965588Z,3,2026-08-24T21:25:53.883965588Z,true,2026-08-24T21:46:41.112983843Z,01M0TSZV8ERABP36QP2627EVMT,2026-08-24T21:25:53.883965588Z,1,2026-08-24T21:25:53.883965588Z,true,2026-08-24T21:46:38.01159179Z,feedback,2026-08-24T21:25:53.883965588Z,01M0TTMQVFK2TWJW2E1D4CWJA4,2026-08-24T21:25:53.883965588Z,1787607998022,2026-08-24T21:46:38.023668493Z,true,2026-08-24T21:46:37.975981118Z,true,2026-08-24T21:46:38.045718649Z,01M0TTMRJCHJYYJ5VYSX55Y7MY,2026-08-24T21:25:53.883965588Z
01M0TVKAWN04444ZYF1ZQRK76R,01M0TTMTH8JPTHXWGXYEY1VFR8,2026-08-24T21:42:35.669714781Z,60,2026-08-24T21:42:35.669714781Z,true,2026-08-24T21:55:19.058227148Z,01M0TTMWMG725DJ5GA5M4WD8SY,2026-08-24T21:42:35.669714781Z,0,2026-08-24T21:42:35.669714781Z,true,2026-08-24T21:55:06.900205844Z,selection,2026-08-24T21:42:35.669714781Z,01M0TVK9NX5M7V2RJ4HR4BQ3E0,2026-08-24T21:42:35.669714781Z,1787608506912,2026-08-24T21:55:06.915135382Z,true,2026-08-24T21:55:06.864364923Z,true,2026-08-24T21:55:06.936679221Z,01M0TVKAWGSF98PHCY92QVBGDN,2026-08-24T21:42:35.669714781Z
01M0TVKBAB76RSF6N64GZG3K5P,01M0TTMTH8JPTHXWGXYEY1VFR8,2026-08-24T21:42:36.107835364Z,60,2026-08-24T21:42:36.107835364Z,true,2026-08-24T21:58:33.797940238Z,01M0TTMWMG725DJ5GA5M4WD8SY,2026-08-24T21:42:36.107835364Z,0,2026-08-24T21:42:36.107835364Z,true,2026-08-24T21:58:25.880437115Z,selection,2026-08-24T21:42:36.107835364Z,01M0TVK9SW1KQJ7XQQFXR2RX8R,2026-08-24T21:42:36.107835364Z,1787608705896,2026-08-24T21:58:25.898172138Z,true,2026-08-24T21:58:25.833788351Z,true,2026-08-24T21:58:25.915928721Z,01M0TVKBA7R4E21SGFJVSBT46G,2026-08-24T21:42:36.107835364Z
01M0TT9KV0BQQ55M8C883D155F,01M0TSZGJXR0N6DNTNARWRMFQ4,2026-08-24T21:19:48.576282062Z,60,2026-08-24T21:19:48.576282062Z,false,2026-08-24T21:19:48.576282062Z,01M0TSZGKE32G3R2H2EPQFBQNN,2026-08-24T21:19:48.576282062Z,0,2026-08-24T21:19:48.576282062Z,,,selection,2026-08-24T21:19:48.576282062Z,01M0TT9KHHEK8XDKFXFKDESVGH,2026-08-24T21:19:48.576282062Z,,,false,2026-08-24T21:19:48.576282062Z,,,01M0TT9KTMFMFPT4P81WGNEDC9,2026-08-24T21:19:48.576282062Z
01M0TT9KXGWMW5TD4SPKHZ0WQC,01M0TSZGJXR0N6DNTNARWRMFQ4,2026-08-24T21:19:48.658479146Z,60,2026-08-24T21:19:48.658479146Z,false,2026-08-24T21:19:48.658479146Z,01M0TSZGKE32G3R2H2EPQFBQNN,2026-08-24T21:19:48.658479146Z,0,2026-08-24T21:19:48.658479146Z,,,selection,2026-08-24T21:19:48.658479146Z,01M0TT9KFW9ZF119QQYP6EY6JJ,2026-08-24T21:19:48.658479146Z,,,false,2026-08-24T21:19:48.658479146Z,,,01M0TT9KX66ACYSMNA7XNRGNYW,2026-08-24T21:19:48.658479146Z
01M0TTYR2YY8VPFMF5M3MYT65R,01M0TTMTH8JPTHXWGXYEY1VFR8,2026-08-24T21:31:21.054275766Z,3,2026-08-24T21:31:21.054275766Z,true,2026-08-24T21:55:02.975624191Z,01M0TTMWMDPGAHQRDA7BZJ8FEZ,2026-08-24T21:31:21.054275766Z,1,2026-08-24T21:31:21.054275766Z,true,2026-08-24T21:54:59.882607313Z,feedback,2026-08-24T21:31:21.054275766Z,01M0TTYQ0CMGYVGRETB27VW2NK,2026-08-24T21:31:21.054275766Z,1787608499909,2026-08-24T21:54:59.911426979Z,true,2026-08-24T21:54:59.805878061Z,true,2026-08-24T21:54:59.945704698Z,01M0TTYR2GD851V0N1JKAYC3KG,2026-08-24T21:31:21.054275766Z
01M0TTYRJXP9MSYKND47MVQYE8,01M0TTMTH8JPTHXWGXYEY1VFR8,2026-08-24T21:31:21.565356521Z,60,2026-08-24T21:31:21.565356521Z,false,2026-08-24T21:31:21.565356521Z,01M0TTMWMDPGAHQRDA7BZJ8FEZ,2026-08-24T21:31:21.565356521Z,0,2026-08-24T21:31:21.565356521Z,,,selection,2026-08-24T21:31:21.565356521Z,01M0TTYQGYJETM0ZJXQZQFSNCW,2026-08-24T21:31:21.565356521Z,,,false,2026-08-24T21:31:21.565356521Z,,,01M0TTYRJNFVKQGE1Y8FJ333XZ,2026-08-24T21:31:21.565356521Z
01M0TTYS5FX6HP2M6WVMT94EZR,01M0TTMTH8JPTHXWGXYEY1VFR8,2026-08-24T21:31:22.159142171Z,60,2026-08-24T21:31:22.159142171Z,false,2026-08-24T21:31:22.159142171Z,01M0TTMWMDPGAHQRDA7BZJ8FEZ,2026-08-24T21:31:22.159142171Z,0,2026-08-24T21:31:22.159142171Z,,,selection,2026-08-24T21:31:22.159142171Z,01M0TTYQ7FVR3R18DHG7XJK7SP,2026-08-24T21:31:22.159142171Z,,,false,2026-08-24T21:31:22.159142171Z,,,01M0TTYS57KFGBACSN9CWR7S9A,2026-08-24T21:31:22.159142171Z
01M0TV7KEASAJ59BHC6YWEFSF7,01M0TTMTH8JPTHXWGXYEY1VFR8,2026-08-24T21:36:11.21039158Z,60,2026-08-24T21:36:11.21039158Z,true,2026-08-24T21:51:42.670574813Z,01M0TTMWM9GSP2NP0T4CET96EB,2026-08-24T21:36:11.21039158Z,0,2026-08-24T21:36:11.21039158Z,true,2026-08-24T21:50:56.164119262Z,selection,2026-08-24T21:36:11.21039158Z,01M0TV7JNR1T9J63G7H07N8PNB,2026-08-24T21:36:11.21039158Z,1787608256173,2026-08-24T21:50:56.175166999Z,true,2026-08-24T21:50:56.121388426Z,true,2026-08-24T21:50:56.190277051Z,01M0TV7KE51YDAEA5BJYBMDKV4,2026-08-24T21:36:11.21039158Z
01M0TTKDTNP3HA5Q329WEMJVCB,01M0TSZGJXR0N6DNTNARWRMFQ4,2026-08-24T21:25:10.101087864Z,60,2026-08-24T21:25:10.101087864Z,false,2026-08-24T21:25:10.101087864Z,01M0TSZGKM72FFW193EYG47F25,2026-08-24T21:25:10.101087864Z,0,2026-08-24T21:25:10.101087864Z,,,selection,2026-08-24T21:25:10.101087864Z,01M0TTKDA49PMFASF8GCHCKMCN,2026-08-24T21:25:10.101087864Z,,,false,2026-08-24T21:25:10.101087864Z,,,01M0TTKDTGDGX4VXX4KW470PDT,2026-08-24T21:25:10.101087864Z
01M0TTYQXA8WXWJPJQF6TYV6T0,01M0TTMTH8JPTHXWGXYEY1VFR8,2026-08-24T21:31:20.875019808Z,60,2026-08-24T21:31:20.875019808Z,true,2026-08-24T21:51:09.357082608Z,01M0TTMWMDPGAHQRDA7BZJ8FEZ,2026-08-24T21:31:20.875019808Z,0,2026-08-24T21:31:20.875019808Z,true,2026-08-24T21:50:31.948662182Z,selection,2026-08-24T21:31:20.875019808Z,01M0TTYQ1W7HVZR7A6DYEWETA2,2026-08-24T21:31:20.875019808Z,1787608231957,2026-08-24T21:50:31.959193333Z,true,2026-08-24T21:50:31.906728856Z,true,2026-08-24T21:50:31.970156871Z,01M0TTYQX1P1CGMPH34ZVSADGH,2026-08-24T21:31:20.875019808Z
01M0TTYQW9M2SHE78QSJVW784C,01M0TTMTH8JPTHXWGXYEY1VFR8,2026-08-24T21:31:20.841653829Z,3,2026-08-24T21:31:20.841653829Z,true,2026-08-24T21:50:31.766412944Z,01M0TTMWMDPGAHQRDA7BZJ8FEZ,2026-08-24T21:31:20.841653829Z,1,2026-08-24T21:31:20.841653829Z,true,2026-08-24T21:50:28.732653911Z,feedback,2026-08-24T21:31:20.841653829Z,01M0TTYQ28CBGV6JE2PQ3W2D78,2026-08-24T21:31:20.841653829Z,1787608228743,2026-08-24T21:50:28.744526387Z,true,2026-08-24T21:50:28.687236311Z,true,2026-08-24T21:50:28.755559731Z,01M0TTYQVWJVWB48RPKJZF064W,2026-08-24T21:31:20.841653829Z
01M0TTYR55GBXNYJ8DAG30G5W1,01M0TTMTH8JPTHXWGXYEY1VFR8,2026-08-24T21:31:21.125464736Z,60,2026-08-24T21:31:21.125464736Z,true,2026-08-24T21:57:06.673862413Z,01M0TTMWMDPGAHQRDA7BZJ8FEZ,2026-08-24T21:31:21.125464736Z,0,2026-08-24T21:31:21.125464736Z,true,2026-08-24T21:56:06.622016326Z,selection,2026-08-24T21:31:21.125464736Z,01M0TTYQ8TTGMPN0B5KNG5JJS9,2026-08-24T21:31:21.125464736Z,1787608566638,2026-08-24T21:56:06.643705563Z,true,2026-08-24T21:56:06.571316512Z,true,2026-08-24T21:56:06.658792424Z,01M0TTYR4XTS8XXGA55MH5GENT,2026-08-24T21:31:21.125464736Z
01M0TTYRAPD6P427EGC71WV2RD,01M0TTMTH8JPTHXWGXYEY1VFR8,2026-08-24T21:31:21.30206165Z,3,2026-08-24T21:31:21.30206165Z,true,2026-08-24T22:01:20.036391902Z,01M0TTMWMDPGAHQRDA7BZJ8FEZ,2026-08-24T21:31:21.30206165Z,1,2026-08-24T21:31:21.30206165Z,true,2026-08-24T22:01:16.991976707Z,feedback,2026-08-24T21:31:21.30206165Z,01M0TTYQ487RT8A2RK60KX4740,2026-08-24T21:31:21.30206165Z,1787608877013,2026-08-24T22:01:17.014585156Z,true,2026-08-24T22:01:16.941414249Z,true,2026-08-24T22:01:17.040231119Z,01M0TTYRAAFJ73M2YRKMSWY1NR,2026-08-24T21:31:21.30206165Z
01M0TTKDNZ1QBZY7D4CDAS1G8R,01M0TSZGJXR0N6DNTNARWRMFQ4,2026-08-24T21:25:09.951111919Z,3,2026-08-24T21:25:09.951111919Z,false,2026-08-24T21:25:09.951111919Z,01M0TSZGKM72FFW193EYG47F25,2026-08-24T21:25:09.951111919Z,1,2026-08-24T21:25:09.951111919Z,,,feedback,2026-08-24T21:25:09.951111919Z,01M0TTKD9FPRJQFR3R35DR9J1S,2026-08-24T21:25:09.951111919Z,,,false,2026-08-24T21:25:09.951111919Z,,,01M0TTKDNPQYGRP55TBMGZ49WB,2026-08-24T21:25:09.951111919Z
01M0TTNS6GSSF9HB18YWGE1TKH,01M0TSZGJXR0N6DNTNARWRMFQ4,2026-08-24T21:26:27.280618307Z,60,2026-08-24T21:26:27.280618307Z,false,2026-08-24T21:26:27.280618307Z,01M0TSZGKJQW5S4GCP9150DNN9,2026-08-24T21:26:27.280618307Z,0,2026-08-24T21:26:27.280618307Z,,,selection,2026-08-24T21:26:27.280618307Z,01M0TTNRDFV6CTKSVHQJPFC2H0,2026-08-24T21:26:27.280618307Z,,,false,2026-08-24T21:26:27.280618307Z,,,01M0TTNS6AEFMYCAQKR77SAHTE,2026-08-24T21:26:27.280618307Z
01M0TTEYX944JCV8HCKBHZF0R1,01M0TSZEX52H0PZDJFB4JNEAFW,2026-08-24T21:22:43.753291611Z,3,2026-08-24T21:22:43.753291611Z,true,2026-08-24T21:51:59.691651766Z,01M0TSZEY44B7XSP574QH2WQPJ,2026-08-24T21:22:43.753291611Z,1,2026-08-24T21:22:43.753291611Z,true,2026-08-24T21:51:56.646156982Z,feedback,2026-08-24T21:22:43.753291611Z,01M0TTEY3H2W5H3HD78RHDPKND,2026-08-24T21:22:43.753291611Z,1787608316659,2026-08-24T21:51:56.661009443Z,true,2026-08-24T21:51:56.600709068Z,true,2026-08-24T21:51:56.679128674Z,01M0TTEYX6TK2JTAE80GACJDEC,2026-08-24T21:22:43.753291611Z
01M0TTKN5QA79T4MYVBMXRYH9M,01M0TSZEX52H0PZDJFB4JNEAFW,2026-08-24T21:25:17.623226557Z,60,2026-08-24T21:25:17.623226557Z,true,2026-08-24T21:35:38.066099627Z,01M0TSZEY173D8F3KEP071GR06,2026-08-24T21:25:17.623226557Z,0,2026-08-24T21:25:17.623226557Z,true,2026-08-24T21:35:16.233088453Z,selection,2026-08-24T21:25:17.623226557Z,01M0TTKMV192DKPMV1BM3AVXYY,2026-08-24T21:25:17.623226557Z,1787607316243,2026-08-24T21:35:16.252511131Z,true,2026-08-24T21:35:16.153987223Z,true,2026-08-24T21:35:16.275511005Z,01M0TTKN5JM1AJ472MWZPJNTRX,2026-08-24T21:25:17.623226557Z
01M0TTMRKMFR6CDCVBJR7JTDWR,01M0TSZV7X3D77NKMM5CDCW4Z6,2026-08-24T21:25:53.910626188Z,3,2026-08-24T21:25:53.910626188Z,true,2026-08-24T21:46:59.95806154Z,01M0TSZV8ERABP36QP2627EVMT,2026-08-24T21:25:53.910626188Z,1,2026-08-24T21:25:53.910626188Z,true,2026-08-24T21:46:56.929855479Z,feedback,2026-08-24T21:25:53.910626188Z,01M0TTMQVNHW8XB3306AFD2862,2026-08-24T21:25:53.910626188Z,1787608016941,2026-08-24T21:46:56.942681908Z,true,2026-08-24T21:46:56.872732284Z,true,2026-08-24T21:46:56.956845454Z,01M0TTMRKF2CGV07K6XG17JVJW,2026-08-24T21:25:53.910626188Z
01M0TTTQ34CY1D7VAV1JFSB8DS,01M0TSZV7X3D77NKMM5CDCW4Z6,2026-08-24T21:29:08.964758136Z,60,2026-08-24T21:29:08.964758136Z,true,2026-08-24T21:47:28.462428622Z,01M0TSZV8KEDQHAT4X33M1GG1C,2026-08-24T21:29:08.964758136Z,0,2026-08-24T21:29:08.964758136Z,true,2026-08-24T21:46:28.434400502Z,selection,2026-08-24T21:29:08.964758136Z,01M0TTTPPVKGPJR7SCVG4AHTP9,2026-08-24T21:29:08.964758136Z,1787607988447,2026-08-24T21:46:28.448957116Z,true,2026-08-24T21:46:28.402852809Z,true,2026-08-24T21:46:28.461699321Z,01M0TTTQ2WAQV636XAWJ4BF0H0,2026-08-24T21:29:08.964758136Z
01M0TTYR3Z3VH1M0V8V1DMVGXN,01M0TTMTH8JPTHXWGXYEY1VFR8,2026-08-24T21:31:21.087312137Z,60,2026-08-24T21:31:21.087312137Z,true,2026-08-24T21:56:03.240228655Z,01M0TTMWMDPGAHQRDA7BZJ8FEZ,2026-08-24T21:31:21.087312137Z,0,2026-08-24T21:31:21.087312137Z,true,2026-08-24T21:55:03.187186155Z,selection,2026-08-24T21:31:21.087312137Z,01M0TTYQ9A413RGBAYZXM4SDN0,2026-08-24T21:31:21.087312137Z,1787608503200,2026-08-24T21:55:03.201712997Z,true,2026-08-24T21:55:03.1367603Z,true,2026-08-24T21:55:03.224049115Z,01M0TTYR3QHW90GAVMCWAJDSHY,2026-08-24T21:31:21.087312137Z
01M0TVKBC920VKYW04VBSFKXGR,01M0TTMTH8JPTHXWGXYEY1VFR8,2026-08-24T21:42:36.16919236Z,60,2026-08-24T21:42:36.16919236Z,true,2026-08-24T21:59:07.896074661Z,01M0TTMWMG725DJ5GA5M4WD8SY,2026-08-24T21:42:36.16919236Z,0,2026-08-24T21:42:36.16919236Z,true,2026-08-24T21:58:50.200709314Z,selection,2026-08-24T21:42:36.16919236Z,01M0TVK9WYZJN8B1KCS43DN6MT,2026-08-24T21:42:36.16919236Z,1787608730212,2026-08-24T21:58:50.213785917Z,true,2026-08-24T21:58:50.15584793Z,true,2026-08-24T21:58:50.22964341Z,01M0TVKBC4XC75FJ3G9881M248,2026-08-24T21:42:36.16919236Z
01M0TT9KQ1DW39RDN59ZNTEYPR,01M0TSZGJXR0N6DNTNARWRMFQ4,2026-08-24T21:19:48.449505024Z,60,2026-08-24T21:19:48.449505024Z,false,2026-08-24T21:19:48.449505024Z,01M0TSZGKE32G3R2H2EPQFBQNN,2026-08-24T21:19:48.449505024Z,0,2026-08-24T21:19:48.449505024Z,,,selection,2026-08-24T21:19:48.449505024Z,01M0TT9KED7D8MS29P27D35D9H,2026-08-24T21:19:48.449505024Z,,,false,2026-08-24T21:19:48.449505024Z,,,01M0TT9KPSPAJAHWGA05XAKDP7,2026-08-24T21:19:48.449505024Z
01M0TTA62E3AVDPP9EST6FQCTF,01M0TSZV7X3D77NKMM5CDCW4Z6,2026-08-24T21:20:07.246781887Z,3,2026-08-24T21:20:07.246781887Z,true,2026-08-24T21:42:45.970470974Z,01M0TSZV8KEDQHAT4X3FNKVS2B,2026-08-24T21:20:07.246781887Z,1,2026-08-24T21:20:07.246781887Z,true,2026-08-24T21:42:42.94351258Z,feedback,2026-08-24T21:20:07.246781887Z,01M0TTA592MXWP6YXSMDNF9JHB,2026-08-24T21:20:07.246781887Z,1787607762952,2026-08-24T21:42:42.953561177Z,true,2026-08-24T21:42:42.824708322Z,true,2026-08-24T21:42:42.969113259Z,01M0TTA62A43R0AQ72H8F4PT68,2026-08-24T21:20:07.246781887Z
01M0TTK20Y35RYMG26SBDB5GYM,01M0TSZEX52H0PZDJFB4JNEAFW,2026-08-24T21:24:58.014283864Z,60,2026-08-24T21:24:58.014283864Z,true,2026-08-24T22:11:18.517900005Z,01M0TSZEY54T11A9AMGVA6T4ZB,2026-08-24T21:24:58.014283864Z,0,2026-08-24T21:24:58.014283864Z,true,2026-08-24T22:10:47.496110451Z,selection,2026-08-24T21:24:58.014283864Z,01M0TTK197RJ0QTB45EKEDE998,2026-08-24T21:24:58.014283864Z,1787609447509,2026-08-24T22:10:47.511140939Z,true,2026-08-24T22:10:47.444798872Z,true,2026-08-24T22:10:47.528695117Z,01M0TTK20RS2MY51QKMR7EE1ZF,2026-08-24T21:24:58.014283864Z
01M0TTKDK820TACQ3VD9N2Z166,01M0TSZGJXR0N6DNTNARWRMFQ4,2026-08-24T21:25:09.864379629Z,60,2026-08-24T21:25:09.864379629Z,false,2026-08-24T21:25:09.864379629Z,01M0TSZGKM72FFW193EYG47F25,2026-08-24T21:25:09.864379629Z,0,2026-08-24T21:25:09.864379629Z,,,selection,2026-08-24T21:25:09.864379629Z,01M0TTKDAEV8K0P9D80F70BCWR,2026-08-24T21:25:09.864379629Z,,,false,2026-08-24T21:25:09.864379629Z,,,01M0TTKDK4K1GSK5TAWYZVX83C,2026-08-24T21:25:09.864379629Z
01M0TTMRWVM2RHH0TH9F1AWZ22,01M0TSZV7X3D77NKMM5CDCW4Z6,2026-08-24T21:25:54.204000293Z,60,2026-08-24T21:25:54.204000293Z,true,2026-08-24T21:53:24.391181115Z,01M0TSZV8ERABP36QP2627EVMT,2026-08-24T21:25:54.204000293Z,0,2026-08-24T21:25:54.204000293Z,true,2026-08-24T21:53:06.914857783Z,selection,2026-08-24T21:25:54.204000293Z,01M0TTMQQP1XK9H5ATQ48KCW6T,2026-08-24T21:25:54.204000293Z,1787608386924,2026-08-24T21:53:06.926037845Z,true,2026-08-24T21:53:06.871376182Z,true,2026-08-24T21:53:06.947089348Z,01M0TTMRWQQAH9D93TTK5MNN54,2026-08-24T21:25:54.204000293Z
01M0TV7K9P9F7EJ3WJEZZE8C3K,01M0TTMTH8JPTHXWGXYEY1VFR8,2026-08-24T21:36:11.062788979Z,3,2026-08-24T21:36:11.062788979Z,true,2026-08-24T21:48:29.91582096Z,01M0TTMWM9GSP2NP0T4CET96EB,2026-08-24T21:36:11.062788979Z,1,2026-08-24T21:36:11.062788979Z,true,2026-08-24T21:48:26.888246967Z,feedback,2026-08-24T21:36:11.062788979Z,01M0TV7JPYV60WKC5G63QXA88H,2026-08-24T21:36:11.062788979Z,1787608106898,2026-08-24T21:48:26.899753509Z,true,2026-08-24T21:48:26.850943918Z,true,2026-08-24T21:48:26.914053325Z,01M0TV7K9E3T9CNTDSZB50C8QZ,2026-08-24T21:36:11.062788979Z
01M0TV7KG1FE09M5702E4X4BNG,01M0TTMTH8JPTHXWGXYEY1VFR8,2026-08-24T21:36:11.265836368Z,60,2026-08-24T21:36:11.265836368Z,true,2026-08-24T21:52:45.56302973Z,01M0TTMWM9GSP2NP0T4CET96EB,2026-08-24T21:36:11.265836368Z,0,2026-08-24T21:36:11.265836368Z,true,2026-08-24T21:52:09.98173333Z,selection,2026-08-24T21:36:11.265836368Z,01M0TV7JNCAGW4ZYJPPW0997HV,2026-08-24T21:36:11.265836368Z,1787608329991,2026-08-24T21:52:09.992450078Z,true,2026-08-24T21:52:09.940599712Z,true,2026-08-24T21:52:10.007165659Z,01M0TV7KFW8Y70HZT255AYGR22,2026-08-24T21:36:11.265836368Z
01M0TTA5ZBP0FK1QXHQ09V45XP,01M0TSZV7X3D77NKMM5CDCW4Z6,2026-08-24T21:20:07.147580746Z,60,2026-08-24T21:20:07.147580746Z,true,2026-08-24T21:40:38.107898708Z,01M0TSZV8KEDQHAT4X3FNKVS2B,2026-08-24T21:20:07.147580746Z,0,2026-08-24T21:20:07.147580746Z,true,2026-08-24T21:40:26.834276414Z,selection,2026-08-24T21:20:07.147580746Z,01M0TTA5AS3RV690XS3M2SW0XS,2026-08-24T21:20:07.147580746Z,1787607626843,2026-08-24T21:40:26.844975521Z,true,2026-08-24T21:40:26.804788672Z,true,2026-08-24T21:40:26.856764291Z,01M0TTA5Z49P8BCM5DSY3CNFWJ,2026-08-24T21:20:07.147580746Z
01M0TTEYXPPJ09JP6G9Q5GDGY4,01M0TSZEX52H0PZDJFB4JNEAFW,2026-08-24T21:22:43.766568642Z,3,2026-08-24T21:22:43.766568642Z,true,2026-08-24T21:52:21.296937294Z,01M0TSZEY44B7XSP574QH2WQPJ,2026-08-24T21:22:43.766568642Z,1,2026-08-24T21:22:43.766568642Z,true,2026-08-24T21:52:18.267365186Z,feedback,2026-08-24T21:22:43.766568642Z,01M0TTEY3F6FQ84GR89F7WDK38,2026-08-24T21:22:43.766568642Z,1787608338277,2026-08-24T21:52:18.278690512Z,true,2026-08-24T21:52:18.220799536Z,true,2026-08-24T21:52:18.299501502Z,01M0TTEYXJQ1032EWFY1TWRXV1,2026-08-24T21:22:43.766568642Z
01M0TTEYW8GCMMASGD1N0RC5YD,01M0TSZEX52H0PZDJFB4JNEAFW,2026-08-24T21:22:43.720724535Z,60,2026-08-24T21:22:43.720724535Z,true,2026-08-24T21:50:28.373194661Z,01M0TSZEY44B7XSP574QH2WQPJ,2026-08-24T21:22:43.720724535Z,0,2026-08-24T21:22:43.720724535Z,true,2026-08-24T21:49:57.191438153Z,selection,2026-08-24T21:22:43.720724535Z,01M0TTEY3S2N0VPS91FD40Y0B8,2026-08-24T21:22:43.720724535Z,1787608197202,2026-08-24T21:49:57.204773763Z,true,2026-08-24T21:49:57.146326956Z,true,2026-08-24T21:49:57.227941257Z,01M0TTEYW3GZGKRSR08B773GA5,2026-08-24T21:22:43.720724535Z
01M0TTKN8BH1QEXZSNTC53CY4B,01M0TSZEX52H0PZDJFB4JNEAFW,2026-08-24T21:25:17.707457506Z,3,2026-08-24T21:25:17.707457506Z,true,2026-08-24T21:37:17.132656164Z,01M0TSZEY173D8F3KEP071GR06,2026-08-24T21:25:17.707457506Z,1,2026-08-24T21:25:17.707457506Z,true,2026-08-24T21:37:14.107121381Z,feedback,2026-08-24T21:25:17.707457506Z,01M0TTKMSS9W4T8PKSH5YQQME7,2026-08-24T21:25:17.707457506Z,1787607434118,2026-08-24T21:37:14.119847956Z,true,2026-08-24T21:37:14.072710651Z,true,2026-08-24T21:37:14.132905156Z,01M0TTKN85XZPS6VFRR2NTFGV6,2026-08-24T21:25:17.707457506Z
01M0TT9KQV9T500AMJR0Q0FF7J,01M0TSZGJXR0N6DNTNARWRMFQ4,2026-08-24T21:19:48.475176113Z,60,2026-08-24T21:19:48.475176113Z,false,2026-08-24T21:19:48.475176113Z,01M0TSZGKE32G3R2H2EPQFBQNN,2026-08-24T21:19:48.475176113Z,0,2026-08-24T21:19:48.475176113Z,,,selection,2026-08-24T21:19:48.475176113Z,01M0TT9KHTFJM8XSAZNJDNNB6T,2026-08-24T21:19:48.475176113Z,,,false,2026-08-24T21:19:48.475176113Z,,,01M0TT9KQCY6BH7HN7V0QTVKHQ,2026-08-24T21:19:48.475176113Z
01M0TTEYMP9VBTF8QZMXAM2JD4,01M0TSZEX52H0PZDJFB4JNEAFW,2026-08-24T21:22:43.478235623Z,60,2026-08-24T21:22:43.478235623Z,true,2026-08-24T21:42:54.788634679Z,01M0TSZEY44B7XSP574QH2WQPJ,2026-08-24T21:22:43.478235623Z,0,2026-08-24T21:22:43.478235623Z,true,2026-08-24T21:42:06.400264278Z,selection,2026-08-24T21:22:43.478235623Z,01M0TTEY5FAFEW0CN0HP8K7CAR,2026-08-24T21:22:43.478235623Z,1787607726409,2026-08-24T21:42:06.410366317Z,true,2026-08-24T21:42:06.36816589Z,true,2026-08-24T21:42:06.423748678Z,01M0TTEYMHH4A5D1PSKRE9NXCF,2026-08-24T21:22:43.478235623Z
01M0TTEYWTNRN2WG0HNMBNB5J1,01M0TSZEX52H0PZDJFB4JNEAFW,2026-08-24T21:22:43.738239646Z,3,2026-08-24T21:22:43.738239646Z,true,2026-08-24T21:51:27.204876437Z,01M0TSZEY44B7XSP574QH2WQPJ,2026-08-24T21:22:43.738239646Z,1,2026-08-24T21:22:43.738239646Z,true,2026-08-24T21:51:24.18007447Z,feedback,2026-08-24T21:22:43.738239646Z,01M0TTEY3MWPDQRW8TQA14RMMG,2026-08-24T21:22:43.738239646Z,1787608284188,2026-08-24T21:51:24.189465516Z,true,2026-08-24T21:51:24.144467449Z,true,2026-08-24T21:51:24.212677401Z,01M0TTEYWN5JRNYENCSVXSKWHZ,2026-08-24T21:22:43.738239646Z
01M0TTKN9HP4BW8FZ2ABXKRGBR,01M0TSZEX52H0PZDJFB4JNEAFW,2026-08-24T21:25:17.745252975Z,60,2026-08-24T21:25:17.745252975Z,true,2026-08-24T21:37:55.191778465Z,01M0TSZEY173D8F3KEP071GR06,2026-08-24T21:25:17.745252975Z,0,2026-08-24T21:25:17.745252975Z,true,2026-08-24T21:37:32.960673726Z,selection,2026-08-24T21:25:17.745252975Z,01M0TTKMT6SENPRWDNEFVYRDVQ,2026-08-24T21:25:17.745252975Z,1787607452967,2026-08-24T21:37:32.968562024Z,true,2026-08-24T21:37:32.930382481Z,true,2026-08-24T21:37:32.976782938Z,01M0TTKN9C0522FH4EYXGSSR1C,2026-08-24T21:25:17.745252975Z
01M0TTKNXRMX6TJBR8B8ZV3N6M,01M0TSZEX52H0PZDJFB4JNEAFW,2026-08-24T21:25:18.393002573Z,60,2026-08-24T21:25:18.393002573Z,true,2026-08-24T21:52:18.97466418Z,01M0TSZEY173D8F3KEP071GR06,2026-08-24T21:25:18.393002573Z,0,2026-08-24T21:25:18.393002573Z,true,2026-08-24T21:52:05.017735029Z,selection,2026-08-24T21:25:18.393002573Z,01M0TTKN3AHDW9W5G6MBAF6SFV,2026-08-24T21:25:18.393002573Z,1787608325029,2026-08-24T21:52:05.031165366Z,true,2026-08-24T21:52:04.976661664Z,true,2026-08-24T21:52:05.048096454Z,01M0TTKNXFSKN8MKQTHKQR7W8J,2026-08-24T21:25:18.393002573Z
01M0TTMRRC11EGC56DYG06R41T,01M0TSZV7X3D77NKMM5CDCW4Z6,2026-08-24T21:25:54.0602177Z,3,2026-08-24T21:25:54.0602177Z,true,2026-08-24T21:50:37.224920146Z,01M0TSZV8ERABP36QP2627EVMT,2026-08-24T21:25:54.0602177Z,1,2026-08-24T21:25:54.0602177Z,true,2026-08-24T21:50:34.186871283Z,feedback,2026-08-24T21:25:54.0602177Z,01M0TTMQXVANE21X4NVVPKWBMZ,2026-08-24T21:25:54.0602177Z,1787608234198,2026-08-24T21:50:34.199625764Z,true,2026-08-24T21:50:34.152777074Z,true,2026-08-24T21:50:34.221553195Z,01M0TTMRR78SVE7ZBC85ATJ3D2,2026-08-24T21:25:54.0602177Z
01M0TV7KRK2HJ0B5V5YGC76WE3,01M0TTMTH8JPTHXWGXYEY1VFR8,2026-08-24T21:36:11.539545814Z,60,2026-08-24T21:36:11.539545814Z,true,2026-08-24T21:56:45.468390392Z,01M0TTMWM9GSP2NP0T4CET96EB,2026-08-24T21:36:11.539545814Z,0,2026-08-24T21:36:11.539545814Z,true,2026-08-24T21:56:06.870807212Z,selection,2026-08-24T21:36:11.539545814Z,01M0TV7JM2CXPRGVK159AYJ6HQ,2026-08-24T21:36:11.539545814Z,1787608566888,2026-08-24T21:56:06.889888313Z,true,2026-08-24T21:56:06.821993117Z,true,2026-08-24T21:56:06.906622666Z,01M0TV7KREQV1Q6S0CXJWYNAGM,2026-08-24T21:36:11.539545814Z
01M0TT9M2VSBNM05SN8KZW13AW,01M0TSZGJXR0N6DNTNARWRMFQ4,2026-08-24T21:19:48.82728476Z,3,2026-08-24T21:19:48.82728476Z,false,2026-08-24T21:19:48.82728476Z,01M0TSZGKE32G3R2H2EPQFBQNN,2026-08-24T21:19:48.82728476Z,1,2026-08-24T21:19:48.82728476Z,,,feedback,2026-08-24T21:19:48.82728476Z,01M0TT9KFQZ8PBQZDYEK80GEX2,2026-08-24T21:19:48.82728476Z,,,false,2026-08-24T21:19:48.82728476Z,,,01M0TT9M2GPYWVDF2GH7WXVSR4,2026-08-24T21:19:48.82728476Z
01M0TTA5QJFGN0W25W7Q2ZDB1K,01M0TSZV7X3D77NKMM5CDCW4Z6,2026-08-24T21:20:06.898646148Z,60,2026-08-24T21:20:06.898646148Z,true,2026-08-24T21:33:39.144080609Z,01M0TSZV8KEDQHAT4X3FNKVS2B,2026-08-24T21:20:06.898646148Z,0,2026-08-24T21:20:06.898646148Z,true,2026-08-24T21:33:14.593853613Z,selection,2026-08-24T21:20:06.898646148Z,01M0TTA5D4CKV25RMJVT9H7M77,2026-08-24T21:20:06.898646148Z,1787607194602,2026-08-24T21:33:14.603831562Z,true,2026-08-24T21:33:14.549135414Z,true,2026-08-24T21:33:14.617570599Z,01M0TTA5QD2XM84APZH81C16JE,2026-08-24T21:20:06.898646148Z
01M0TTEZ4EK6WHMGQ9SRSANVXH,01M0TSZEX52H0PZDJFB4JNEAFW,2026-08-24T21:22:43.982586351Z,3,2026-08-24T21:22:43.982586351Z,true,2026-08-24T21:58:16.951688354Z,01M0TSZEY44B7XSP574QH2WQPJ,2026-08-24T21:22:43.982586351Z,1,2026-08-24T21:22:43.982586351Z,true,2026-08-24T21:58:13.912545513Z,feedback,2026-08-24T21:22:43.982586351Z,01M0TTEY73B2A5Q44VEBX38R0N,2026-08-24T21:22:43.982586351Z,1787608693925,2026-08-24T21:58:13.926503576Z,true,2026-08-24T21:58:13.853358889Z,true,2026-08-24T21:58:13.947961558Z,01M0TTEZ4B1Y5VP3NR161FZ9SS,2026-08-24T21:22:43.982586351Z
01M0TTKNE5ZB0299EVEXV4C801,01M0TSZEX52H0PZDJFB4JNEAFW,2026-08-24T21:25:17.89398687Z,3,2026-08-24T21:25:17.89398687Z,true,2026-08-24T21:41:27.959919116Z,01M0TSZEY173D8F3KEP071GR06,2026-08-24T21:25:17.89398687Z,1,2026-08-24T21:25:17.89398687Z,true,2026-08-24T21:41:24.914830433Z,feedback,2026-08-24T21:25:17.89398687Z,01M0TTKMVC7VC72KXQHDQG1Q4E,2026-08-24T21:25:17.89398687Z,1787607684925,2026-08-24T21:41:24.934199076Z,true,2026-08-24T21:41:24.880505085Z,true,2026-08-24T21:41:24.948464395Z,01M0TTKNE0EKXB46ENBRRX112P,2026-08-24T21:25:17.89398687Z
01M0TTMRE5H08Q4D7W6FQVNPE0,01M0TSZV7X3D77NKMM5CDCW4Z6,2026-08-24T21:25:53.733834849Z,60,2026-08-24T21:25:53.733834849Z,true,2026-08-24T21:44:42.032944589Z,01M0TSZV8ERABP36QP2627EVMT,2026-08-24T21:25:53.733834849Z,0,2026-08-24T21:25:53.733834849Z,true,2026-08-24T21:44:29.730673517Z,selection,2026-08-24T21:25:53.733834849Z,01M0TTMQTQ72NV1XE9FEJ7MA3Z,2026-08-24T21:25:53.733834849Z,1787607869743,2026-08-24T21:44:29.744916776Z,true,2026-08-24T21:44:29.686658078Z,true,2026-08-24T21:44:29.763292773Z,01M0TTMRE1C1D69BYGX9YSTP9A,2026-08-24T21:25:53.733834849Z
01M0TTYSBERME7T5CFRG74GG6W,01M0TTMTH8JPTHXWGXYEY1VFR8,2026-08-24T21:31:22.350503046Z,60,2026-08-24T21:31:22.350503046Z,false,2026-08-24T21:31:22.350503046Z,01M0TTMWMDPGAHQRDA7BZJ8FEZ,2026-08-24T21:31:22.350503046Z,0,2026-08-24T21:31:22.350503046Z,,,selection,2026-08-24T21:31:22.350503046Z,01M0TTYQ4YEHK3343DAPN9CV6B,2026-08-24T21:31:22.350503046Z,,,false,2026-08-24T21:31:22.350503046Z,,,01M0TTYSB6JEM28GQ3W6DS8DHD,2026-08-24T21:31:22.350503046Z
01M0TTYSHKK3VB8TG959T8G1QW,01M0TTMTH8JPTHXWGXYEY1VFR8,2026-08-24T21:31:22.547237608Z,60,2026-08-24T21:31:22.547237608Z,false,2026-08-24T21:31:22.547237608Z,01M0TTMWMDPGAHQRDA7BZJ8FEZ,2026-08-24T21:31:22.547237608Z,0,2026-08-24T21:31:22.547237608Z,,,selection,2026-08-24T21:31:22.547237608Z,01M0TTYQ2WQDW9S67SB2RAV45C,2026-08-24T21:31:22.547237608Z,,,false,2026-08-24T21:31:22.547237608Z,,,01M0TTYSHC58WJWB1R33SPZ8M2,2026-08-24T21:31:22.547237608Z
01M0TV7M80FJVDTQP911J0888R,01M0TTMTH8JPTHXWGXYEY1VFR8,2026-08-24T21:36:12.03459399Z,3,2026-08-24T21:36:12.03459399Z,true,2026-08-24T22:01:40.233979045Z,01M0TTMWM9GSP2NP0T4CET96EB,2026-08-24T21:36:12.03459399Z,1,2026-08-24T21:36:12.03459399Z,true,2026-08-24T22:01:37.191459523Z,feedback,2026-08-24T21:36:12.03459399Z,01M0TV7JX18ANZFVC4574ERN49,2026-08-24T21:36:12.03459399Z,1787608897205,2026-08-24T22:01:37.206379452Z,true,2026-08-24T22:01:37.141980337Z,true,2026-08-24T22:01:37.22006605Z,01M0TV7M7R9S9CTMGGY0JADQ2J,2026-08-24T21:36:12.03459399Z
01M0TVKBAH6JMT7164RP5V3GYV,01M0TTMTH8JPTHXWGXYEY1VFR8,2026-08-24T21:42:36.113577409Z,3,2026-08-24T21:42:36.113577409Z,true,2026-08-24T21:58:36.936119687Z,01M0TTMWMG725DJ5GA5M4WD8SY,2026-08-24T21:42:36.113577409Z,1,2026-08-24T21:42:36.113577409Z,true,2026-08-24T21:58:33.87599366Z,feedback,2026-08-24T21:42:36.113577409Z,01M0TVK9SW1KQJ7XQQFXR2RX8R,2026-08-24T21:42:36.113577409Z,1787608713892,2026-08-24T21:58:33.893694571Z,true,2026-08-24T21:58:33.828558656Z,true,2026-08-24T21:58:33.912885024Z,01M0TVKBA9B91QYXT9DY2PNJSN,2026-08-24T21:42:36.113577409Z
01M0TTA5Y9S1D3FX1SNQYV7CYZ,01M0TSZV7X3D77NKMM5CDCW4Z6,2026-08-24T21:20:07.113819007Z,60,2026-08-24T21:20:07.113819007Z,true,2026-08-24T21:40:01.902327251Z,01M0TSZV8KEDQHAT4X3FNKVS2B,2026-08-24T21:20:07.113819007Z,0,2026-08-24T21:20:07.113819007Z,true,2026-08-24T21:39:39.312987879Z,selection,2026-08-24T21:20:07.113819007Z,01M0TTA59FNXNKX3YNP5SEFYMY,2026-08-24T21:20:07.113819007Z,1787607579321,2026-08-24T21:39:39.322861589Z,true,2026-08-24T21:39:39.283265672Z,true,2026-08-24T21:39:39.334761015Z,01M0TTA5Y4X6CKZERKPZEMK94V,2026-08-24T21:20:07.113819007Z
01M0TTKDWZ8E2XZRG1VFEB68CC,01M0TSZGJXR0N6DNTNARWRMFQ4,2026-08-24T21:25:10.175429318Z,3,2026-08-24T21:25:10.175429318Z,false,2026-08-24T21:25:10.175429318Z,01M0TSZGKM72FFW193EYG47F25,2026-08-24T21:25:10.175429318Z,1,2026-08-24T21:25:10.175429318Z,,,feedback,2026-08-24T21:25:10.175429318Z,01M0TTKDAZ62EAFTYHTEY7S4R4,2026-08-24T21:25:10.175429318Z,,,false,2026-08-24T21:25:10.175429318Z,,,01M0TTKDWVE3VNNZS8M5FDFWBH,2026-08-24T21:25:10.175429318Z
01M0TTNSHASJTDW2D17HJK6KFA,01M0TSZGJXR0N6DNTNARWRMFQ4,2026-08-24T21:26:27.626450413Z,60,2026-08-24T21:26:27.626450413Z,false,2026-08-24T21:26:27.626450413Z,01M0TSZGKJQW5S4GCP9150DNN9,2026-08-24T21:26:27.626450413Z,0,2026-08-24T21:26:27.626450413Z,,,selection,2026-08-24T21:26:27.626450413Z,01M0TTNRF24ZMYGCQYYTSTJYQV,2026-08-24T21:26:27.626450413Z,,,false,2026-08-24T21:26:27.626450413Z,,,01M0TTNSH4HV2CMWADMPBDXYWY,2026-08-24T21:26:27.626450413Z
01M0TTK1K5XTZW0HZ3Y9AWN5DD,01M0TSZEX52H0PZDJFB4JNEAFW,2026-08-24T21:24:57.573312199Z,3,2026-08-24T21:24:57.573312199Z,true,2026-08-24T21:56:46.859955422Z,01M0TSZEY54T11A9AMGVA6T4ZB,2026-08-24T21:24:57.573312199Z,1,2026-08-24T21:24:57.573312199Z,true,2026-08-24T21:56:43.820364677Z,feedback,2026-08-24T21:24:57.573312199Z,01M0TTK11X3TBF14YA1A2Q1Q3C,2026-08-24T21:24:57.573312199Z,1787608603833,2026-08-24T21:56:43.844494701Z,true,2026-08-24T21:56:43.760164303Z,true,2026-08-24T21:56:43.858813334Z,01M0TTK1JZ7AXZWB8Y0PY5M4YM,2026-08-24T21:24:57.573312199Z
01M0TTK2086FFVY3EZAHM4C2SE,01M0TSZEX52H0PZDJFB4JNEAFW,2026-08-24T21:24:57.992046526Z,60,2026-08-24T21:24:57.992046526Z,true,2026-08-24T22:10:44.116599569Z,01M0TSZEY54T11A9AMGVA6T4ZB,2026-08-24T21:24:57.992046526Z,0,2026-08-24T21:24:57.992046526Z,true,2026-08-24T22:10:24.121506053Z,selection,2026-08-24T21:24:57.992046526Z,01M0TTK16DVC0HFKAE7AM9Y15K,2026-08-24T21:24:57.992046526Z,1787609424138,2026-08-24T22:10:24.139499956Z,true,2026-08-24T22:10:24.058414332Z,true,2026-08-24T22:10:24.155520906Z,01M0TTK203J8Y2RD4T2JPFBTAJ,2026-08-24T21:24:57.992046526Z
01M0TTNS79YB945BXNY893DPKM,01M0TSZGJXR0N6DNTNARWRMFQ4,2026-08-24T21:26:27.305360329Z,60,2026-08-24T21:26:27.305360329Z,false,2026-08-24T21:26:27.305360329Z,01M0TSZGKJQW5S4GCP9150DNN9,2026-08-24T21:26:27.305360329Z,0,2026-08-24T21:26:27.305360329Z,,,selection,2026-08-24T21:26:27.305360329Z,01M0TTNRNGBXXGDEN8K3AM05B8,2026-08-24T21:26:27.305360329Z,,,false,2026-08-24T21:26:27.305360329Z,,,01M0TTNS73K6YSFZXED39HY8JE,2026-08-24T21:26:27.305360329Z
01M0TTYR7ZZ5A245PPX0EBGGGB,01M0TTMTH8JPTHXWGXYEY1VFR8,2026-08-24T21:31:21.215593904Z,3,2026-08-24T21:31:21.215593904Z,true,2026-08-24T21:59:13.205796754Z,01M0TTMWMDPGAHQRDA7BZJ8FEZ,2026-08-24T21:31:21.215593904Z,1,2026-08-24T21:31:21.215593904Z,true,2026-08-24T21:59:10.173471943Z,feedback,2026-08-24T21:31:21.215593904Z,01M0TTYQ6XNWKD43N7HJMTDGJG,2026-08-24T21:31:21.215593904Z,1787608750186,2026-08-24T21:59:10.188219478Z,true,2026-08-24T21:59:10.130639392Z,true,2026-08-24T21:59:10.209402168Z,01M0TTYR7JQESK55AP1MERZ6DJ,2026-08-24T21:31:21.215593904Z
01M0TVKA31JAZ2AFKR9YVT29C5,01M0TTMTH8JPTHXWGXYEY1VFR8,2026-08-24T21:42:34.849098273Z,660,2026-08-24T21:42:34.849098273Z,true,2026-08-24T21:47:20.812148194Z,01M0TTMWMG725DJ5GA5M4WD8SY,2026-08-24T21:42:34.849098273Z,0,2026-08-24T21:42:34.849098273Z,true,2026-08-24T21:42:38.381368343Z,describe,2026-08-24T21:42:34.849098273Z,01M0TVK9EVRY3Z2GAR2AGBKJ2M,2026-08-24T21:42:34.849098273Z,1787607758387,2026-08-24T21:42:38.388271607Z,true,2026-08-24T21:42:36.843828231Z,true,2026-08-24T21:42:38.398031184Z,01M0TVKA2ABJHF06VGBK073JJY,2026-08-24T21:42:34.849098273Z
01M0TVKBJY7AK1X4RGHC2PSJY7,01M0TTMTH8JPTHXWGXYEY1VFR8,2026-08-24T21:42:36.382212358Z,60,2026-08-24T21:42:36.382212358Z,true,2026-08-24T22:00:33.371715327Z,01M0TTMWMG725DJ5GA5M4WD8SY,2026-08-24T21:42:36.382212358Z,0,2026-08-24T21:42:36.382212358Z,true,2026-08-24T22:00:26.534587956Z,selection,2026-08-24T21:42:36.382212358Z,01M0TVKA2BF1SZXMAKV0KK2F8A,2026-08-24T21:42:36.382212358Z,1787608826550,2026-08-24T22:00:26.552052112Z,true,2026-08-24T22:00:26.491855924Z,true,2026-08-24T22:00:26.566719852Z,01M0TVKBJSWYS6KM9YSJW00C6Q,2026-08-24T21:42:36.382212358Z
01M0TTMRKJYENMJ61SWAQ228TC,01M0TSZV7X3D77NKMM5CDCW4Z6,2026-08-24T21:25:53.906348151Z,60,2026-08-24T21:25:53.906348151Z,true,2026-08-24T21:46:56.768913238Z,01M0TSZV8ERABP36QP2627EVMT,2026-08-24T21:25:53.906348151Z,0,2026-08-24T21:25:53.906348151Z,true,2026-08-24T21:46:41.377461068Z,selection,2026-08-24T21:25:53.906348151Z,01M0TTMQVNHW8XB3306AFD2862,2026-08-24T21:25:53.906348151Z,1787608001389,2026-08-24T21:46:41.392515071Z,true,2026-08-24T21:46:41.331083595Z,true,2026-08-24T21:46:41.40594754Z,01M0TTMRKDZ7HNVR9DJGSPAHE4,2026-08-24T21:25:53.906348151Z
01M0TTNRSHJPJ8ZXJ3YAZ02Q2H,01M0TSZGJXR0N6DNTNARWRMFQ4,2026-08-24T21:26:26.865397609Z,3,2026-08-24T21:26:26.865397609Z,true,2026-08-24T22:30:20.6088231Z,01M0TSZGKJQW5S4GCP9150DNN9,2026-08-24T21:26:26.865397609Z,1,2026-08-24T21:26:26.865397609Z,true,2026-08-24T22:30:17.569806023Z,feedback,2026-08-24T21:26:26.865397609Z,01M0TTNRKWSNVEDBHRMWJMR96W,2026-08-24T21:26:26.865397609Z,1787610617589,2026-08-24T22:30:17.591327331Z,true,2026-08-24T22:30:17.522626432Z,true,2026-08-24T22:30:17.609094622Z,01M0TTNRSBQD4ZQ6XAP6QC0N7J,2026-08-24T21:26:26.865397609Z
01M0TTMR6EMJ6JR46F9DXN87DC,01M0TSZV7X3D77NKMM5CDCW4Z6,2026-08-24T21:25:53.486553397Z,3,2026-08-24T21:25:53.486553397Z,true,2026-08-24T21:37:58.08163975Z,01M0TSZV8ERABP36QP2627EVMT,2026-08-24T21:25:53.486553397Z,1,2026-08-24T21:25:53.486553397Z,true,2026-08-24T21:37:55.042953Z,feedback,2026-08-24T21:25:53.486553397Z,01M0TTMQRDA4RH9QEFDTP7XF4Z,2026-08-24T21:25:53.486553397Z,1787607475050,2026-08-24T21:37:55.051827594Z,true,2026-08-24T21:37:55.008751946Z,true,2026-08-24T21:37:55.068146382Z,01M0TTMR68X2SR8NNZ3Z0NREKJ,2026-08-24T21:25:53.486553397Z
01M0TTMRRXVQVTY029Q1FRK7VQ,01M0TSZV7X3D77NKMM5CDCW4Z6,2026-08-24T21:25:54.077531051Z,60,2026-08-24T21:25:54.077531051Z,true,2026-08-24T21:50:57.859498557Z,01M0TSZV8ERABP36QP2627EVMT,2026-08-24T21:25:54.077531051Z,0,2026-08-24T21:25:54.077531051Z,true,2026-08-24T21:50:37.468501608Z,selection,2026-08-24T21:25:54.077531051Z,01M0TTMQQ1B1RKA3APPBJM0A6X,2026-08-24T21:25:54.077531051Z,1787608237488,2026-08-24T21:50:37.49057111Z,true,2026-08-24T21:50:37.397337304Z,true,2026-08-24T21:50:37.529073681Z,01M0TTMRRREYRXCM9SH32GY30E,2026-08-24T21:25:54.077531051Z
01M0TTNSHEB9WCDQRNGKPPKR5X,01M0TSZGJXR0N6DNTNARWRMFQ4,2026-08-24T21:26:27.630451844Z,3,2026-08-24T21:26:27.630451844Z,false,2026-08-24T21:26:27.630451844Z,01M0TSZGKJQW5S4GCP9150DNN9,2026-08-24T21:26:27.630451844Z,1,2026-08-24T21:26:27.630451844Z,,,feedback,2026-08-24T21:26:27.630451844Z,01M0TTNRF24ZMYGCQYYTSTJYQV,2026-08-24T21:26:27.630451844Z,,,false,2026-08-24T21:26:27.630451844Z,,,01M0TTNSH7GX8PKW821VNNPSAY,2026-08-24T21:26:27.630451844Z
01M0TTYS9AEHKFJYKCJBB4D4EM,01M0TTMTH8JPTHXWGXYEY1VFR8,2026-08-24T21:31:22.282600033Z,3,2026-08-24T21:31:22.282600033Z,false,2026-08-24T21:31:22.282600033Z,01M0TTMWMDPGAHQRDA7BZJ8FEZ,2026-08-24T21:31:22.282600033Z,1,2026-08-24T21:31:22.282600033Z,,,feedback,2026-08-24T21:31:22.282600033Z,01M0TTYQ5MXBSJWTFVCVMSKW43,2026-08-24T21:31:22.282600033Z,,,false,2026-08-24T21:31:22.282600033Z,,,01M0TTYS8XACSECX1SRVHNB8G5,2026-08-24T21:31:22.282600033Z
01M0TV7KMD15YGWVC3XSSWHBWS,01M0TTMTH8JPTHXWGXYEY1VFR8,2026-08-24T21:36:11.405705845Z,60,2026-08-24T21:36:11.405705845Z,true,2026-08-24T21:54:51.730982193Z,01M0TTMWM9GSP2NP0T4CET96EB,2026-08-24T21:36:11.405705845Z,0,2026-08-24T21:36:11.405705845Z,true,2026-08-24T21:54:27.788375979Z,selection,2026-08-24T21:36:11.405705845Z,01M0TV7K1B16W2TXPZZ01NQN65,2026-08-24T21:36:11.405705845Z,1787608467802,2026-08-24T21:54:27.804092524Z,true,2026-08-24T21:54:27.742784538Z,true,2026-08-24T21:54:27.820362739Z,01M0TV7KM8A71QQS6RF3CRCGA2,2026-08-24T21:36:11.405705845Z
01M0TVKA6GM54FMC3VBZ8XXH2H,01M0TTMTH8JPTHXWGXYEY1VFR8,2026-08-24T21:42:34.960366734Z,60,2026-08-24T21:42:34.960366734Z,true,2026-08-24T21:47:54.042049959Z,01M0TTMWMG725DJ5GA5M4WD8SY,2026-08-24T21:42:34.960366734Z,0,2026-08-24T21:42:34.960366734Z,true,2026-08-24T21:47:20.960549104Z,selection,2026-08-24T21:42:34.960366734Z,01M0TVK9FP30X5F2BS2MAYY5JE,2026-08-24T21:42:34.960366734Z,1787608040969,2026-08-24T21:47:20.971174921Z,true,2026-08-24T21:47:20.925991308Z,true,2026-08-24T21:47:20.986148614Z,01M0TVKA68E7DN0HBAJE0A48JZ,2026-08-24T21:42:34.960366734Z
01M0TTA62X3VY2GKB9P0JN9HMB,01M0TSZV7X3D77NKMM5CDCW4Z6,2026-08-24T21:20:07.261035405Z,3,2026-08-24T21:20:07.261035405Z,true,2026-08-24T21:43:18.641997456Z,01M0TSZV8KEDQHAT4X3FNKVS2B,2026-08-24T21:20:07.261035405Z,1,2026-08-24T21:20:07.261035405Z,true,2026-08-24T21:43:15.614657287Z,feedback,2026-08-24T21:20:07.261035405Z,01M0TTA58ZHAWC8QYFPWEZR7BQ,2026-08-24T21:20:07.261035405Z,1787607795626,2026-08-24T21:43:15.627773638Z,true,2026-08-24T21:43:15.579348992Z,true,2026-08-24T21:43:15.641266365Z,01M0TTA62S68J4KAHZEPD6AXNF,2026-08-24T21:20:07.261035405Z
01M0TTEYZBMWJFQ9145A5D1JJY,01M0TSZEX52H0PZDJFB4JNEAFW,2026-08-24T21:22:43.819928508Z,60,2026-08-24T21:22:43.819928508Z,true,2026-08-24T21:53:50.777331801Z,01M0TSZEY44B7XSP574QH2WQPJ,2026-08-24T21:22:43.819928508Z,0,2026-08-24T21:22:43.819928508Z,true,2026-08-24T21:53:37.559264089Z,selection,2026-08-24T21:22:43.819928508Z,01M0TTEY64R7ZAJ65J7PW8RAWH,2026-08-24T21:22:43.819928508Z,1787608417571,2026-08-24T21:53:37.573364907Z,true,2026-08-24T21:53:37.51122417Z,true,2026-08-24T21:53:37.595030617Z,01M0TTEYZ7PJ6YDETM0F6KTQFY,2026-08-24T21:22:43.819928508Z
01M0TTTR9XPG80G81N1PN8Z581,01M0TSZV7X3D77NKMM5CDCW4Z6,2026-08-24T21:29:10.205436872Z,60,2026-08-24T21:29:10.205436872Z,true,2026-08-24T22:09:09.167891044Z,01M0TSZV8KEDQHAT4X33M1GG1C,2026-08-24T21:29:10.205436872Z,0,2026-08-24T21:29:10.205436872Z,true,2026-08-24T22:08:36.375429349Z,selection,2026-08-24T21:29:10.205436872Z,01M0TTTPJTMC7A25YTNHHH0BPF,2026-08-24T21:29:10.205436872Z,1787609316394,2026-08-24T22:08:36.396262873Z,true,2026-08-24T22:08:36.33542526Z,true,2026-08-24T22:08:36.42075865Z,01M0TTTR9M3YHYZJG5AG2QFEEN,2026-08-24T21:29:10.205436872Z
01M0TT9MMCV60KH1SADH8EPM3Z,01M0TSZGJXR0N6DNTNARWRMFQ4,2026-08-24T21:19:49.388233025Z,3,2026-08-24T21:19:49.388233025Z,false,2026-08-24T21:19:49.388233025Z,01M0TSZGKE32G3R2H2EPQFBQNN,2026-08-24T21:19:49.388233025Z,1,2026-08-24T21:19:49.388233025Z,,,feedback,2026-08-24T21:19:49.388233025Z,01M0TT9KJ2DV00W2S7P9H13T00,2026-08-24T21:19:49.388233025Z,,,false,2026-08-24T21:19:49.388233025Z,,,01M0TT9MM4FANW707EJ2HDTYG7,2026-08-24T21:19:49.388233025Z
01M0TTEYG5NBM9PCB9SP2PTCPA,01M0TSZEX52H0PZDJFB4JNEAFW,2026-08-24T21:22:43.333133899Z,3,2026-08-24T21:22:43.333133899Z,true,2026-08-24T21:36:21.710922982Z,01M0TSZEY44B7XSP574QH2WQPJ,2026-08-24T21:22:43.333133899Z,1,2026-08-24T21:22:43.333133899Z,true,2026-08-24T21:36:18.687670315Z,feedback,2026-08-24T21:22:43.333133899Z,01M0TTEY3D0GQVSJA5PEFTM624,2026-08-24T21:22:43.333133899Z,1787607378697,2026-08-24T21:36:18.698453667Z,true,2026-08-24T21:36:18.6105408Z,true,2026-08-24T21:36:18.710968508Z,01M0TTEYG204X3W35N961AAD2Z,2026-08-24T21:22:43.333133899Z
01M0TTNS7DTJT50HAFRPK51VV6,01M0TSZGJXR0N6DNTNARWRMFQ4,2026-08-24T21:26:27.310004132Z,3,2026-08-24T21:26:27.310004132Z,false,2026-08-24T21:26:27.310004132Z,01M0TSZGKJQW5S4GCP9150DNN9,2026-08-24T21:26:27.310004132Z,1,2026-08-24T21:26:27.310004132Z,,,feedback,2026-08-24T21:26:27.310004132Z,01M0TTNRNGBXXGDEN8K3AM05B8,2026-08-24T21:26:27.310004132Z,,,false,2026-08-24T21:26:27.310004132Z,,,01M0TTNS76DC8S84W0KFBYPCW1,2026-08-24T21:26:27.310004132Z
01M0TTYR10NV6XX9DHRPDG0GZV,01M0TTMTH8JPTHXWGXYEY1VFR8,2026-08-24T21:31:20.992184077Z,60,2026-08-24T21:31:20.992184077Z,true,2026-08-24T21:54:11.767787355Z,01M0TTMWMDPGAHQRDA7BZJ8FEZ,2026-08-24T21:31:20.992184077Z,0,2026-08-24T21:31:20.992184077Z,true,2026-08-24T21:53:11.718703188Z,selection,2026-08-24T21:31:20.992184077Z,01M0TTYQ0K466PHSHX8Z280YB3,2026-08-24T21:31:20.992184077Z,1787608391731,2026-08-24T21:53:11.733318862Z,true,2026-08-24T21:53:11.668486311Z,true,2026-08-24T21:53:11.752753674Z,01M0TTYR0R5YGCC3YGY32C2S0D,2026-08-24T21:31:20.992184077Z
01M0TVKAKQ0EKF3T3VQTEXXEC9,01M0TTMTH8JPTHXWGXYEY1VFR8,2026-08-24T21:42:35.383468159Z,60,2026-08-24T21:42:35.383468159Z,true,2026-08-24T21:52:59.748435858Z,01M0TTMWMG725DJ5GA5M4WD8SY,2026-08-24T21:42:35.383468159Z,0,2026-08-24T21:42:35.383468159Z,true,2026-08-24T21:52:49.166906069Z,selection,2026-08-24T21:42:35.383468159Z,01M0TVK9JZ1QX299MABKQFBHP4,2026-08-24T21:42:35.383468159Z,1787608369176,2026-08-24T21:52:49.178143148Z,true,2026-08-24T21:52:49.133171463Z,true,2026-08-24T21:52:49.193042422Z,01M0TVKAKJCCY1D1M3EFFMGX2W,2026-08-24T21:42:35.383468159Z
01M0TVKBG6C68ZNVY705G57PSB,01M0TTMTH8JPTHXWGXYEY1VFR8,2026-08-24T21:42:36.294379927Z,60,2026-08-24T21:42:36.294379927Z,true,2026-08-24T22:00:01.4897022Z,01M0TTMWMG725DJ5GA5M4WD8SY,2026-08-24T21:42:36.294379927Z,0,2026-08-24T21:42:36.294379927Z,true,2026-08-24T21:59:49.982073784Z,selection,2026-08-24T21:42:36.294379927Z,01M0TVKA0VQCS9JPC904MSK715,2026-08-24T21:42:36.294379927Z,1787608789993,2026-08-24T21:59:49.994252649Z,true,2026-08-24T21:59:49.938370029Z,true,2026-08-24T21:59:50.012433312Z,01M0TVKBG1YSSAPAATASD4M0BH,2026-08-24T21:42:36.294379927Z
01M0TTMRM75YNS92ED3NDAF09Q,01M0TSZV7X3D77NKMM5CDCW4Z6,2026-08-24T21:25:53.928048234Z,3,2026-08-24T21:25:53.928048234Z,true,2026-08-24T21:47:18.485081101Z,01M0TSZV8ERABP36QP2627EVMT,2026-08-24T21:25:53.928048234Z,1,2026-08-24T21:25:53.928048234Z,true,2026-08-24T21:47:15.439898059Z,feedback,2026-08-24T21:25:53.928048234Z,01M0TTMQVV21CWGBNDDBAEXJ7S,2026-08-24T21:25:53.928048234Z,1787608035452,2026-08-24T21:47:15.453716654Z,true,2026-08-24T21:47:15.407071801Z,true,2026-08-24T21:47:15.472596614Z,01M0TTMRM25BFG38JSR6MG06ZS,2026-08-24T21:25:53.928048234Z
01M0TTNS0YC625PEMRM3KF6RCJ,01M0TSZGJXR0N6DNTNARWRMFQ4,2026-08-24T21:26:27.102172153Z,60,2026-08-24T21:26:27.102172153Z,false,2026-08-24T21:26:27.102172153Z,01M0TSZGKJQW5S4GCP9150DNN9,2026-08-24T21:26:27.102172153Z,0,2026-08-24T21:26:27.102172153Z,,,selection,2026-08-24T21:26:27.102172153Z,01M0TTNRHFS8YQADE4BCN35HTQ,2026-08-24T21:26:27.102172153Z,,,false,2026-08-24T21:26:27.102172153Z,,,01M0TTNS0R8VZYEE8GYY93PR20,2026-08-24T21:26:27.102172153Z
01M0TTMRSNJ8YHAX5YDX9GVT0Z,01M0TSZV7X3D77NKMM5CDCW4Z6,2026-08-24T21:25:54.102332957Z,3,2026-08-24T21:25:54.102332957Z,true,2026-08-24T21:51:21.054615025Z,01M0TSZV8ERABP36QP2627EVMT,2026-08-24T21:25:54.102332957Z,1,2026-08-24T21:25:54.102332957Z,true,2026-08-24T21:51:17.990454128Z,feedback,2026-08-24T21:25:54.102332957Z,01M0TTMQQ3KXQJ6BHVKXV2GCY6,2026-08-24T21:25:54.102332957Z,1787608278009,2026-08-24T21:51:18.013126172Z,true,2026-08-24T21:51:17.943188494Z,true,2026-08-24T21:51:18.057712242Z,01M0TTMRSG07N0TK26EQXKB68B,2026-08-24T21:25:54.102332957Z
01M0TTK1G6TDCZSX1KGT1SVPK5,01M0TSZEX52H0PZDJFB4JNEAFW,2026-08-24T21:24:57.478755278Z,60,2026-08-24T21:24:57.478755278Z,true,2026-08-24T21:52:17.603455747Z,01M0TSZEY54T11A9AMGVA6T4ZB,2026-08-24T21:24:57.478755278Z,0,2026-08-24T21:24:57.478755278Z,true,2026-08-24T21:51:28.735862779Z,selection,2026-08-24T21:24:57.478755278Z,01M0TTK1181Z9Y9Q8F4N6VGC91,2026-08-24T21:24:57.478755278Z,1787608288746,2026-08-24T21:51:28.747854747Z,true,2026-08-24T21:51:28.692666321Z,true,2026-08-24T21:51:28.766529313Z,01M0TTK1G20XFNEXZD0KXACTSJ,2026-08-24T21:24:57.478755278Z
01M0TTKNVZ4REAXGMPEQPYYBDB,01M0TSZEX52H0PZDJFB4JNEAFW,2026-08-24T21:25:18.335856231Z,3,2026-08-24T21:25:18.335856231Z,true,2026-08-24T21:50:58.716145463Z,01M0TSZEY173D8F3KEP071GR06,2026-08-24T21:25:18.335856231Z,1,2026-08-24T21:25:18.335856231Z,true,2026-08-24T21:50:55.670355185Z,feedback,2026-08-24T21:25:18.335856231Z,01M0TTKN2K7FCSN70E4PAFHCYC,2026-08-24T21:25:18.335856231Z,1787608255683,2026-08-24T21:50:55.685122513Z,true,2026-08-24T21:50:55.63267965Z,true,2026-08-24T21:50:55.701873409Z,01M0TTKNVTCTKHS3M79RWFKWYK,2026-08-24T21:25:18.335856231Z
01M0TTMRER27Z26B4DS585BASF,01M0TSZV7X3D77NKMM5CDCW4Z6,2026-08-24T21:25:53.75257587Z,3,2026-08-24T21:25:53.75257587Z,true,2026-08-24T21:45:10.457433894Z,01M0TSZV8ERABP36QP2627EVMT,2026-08-24T21:25:53.75257587Z,1,2026-08-24T21:25:53.75257587Z,true,2026-08-24T21:45:07.412739854Z,feedback,2026-08-24T21:25:53.75257587Z,01M0TTMQTX8PVY1YQYK90Q4EB5,2026-08-24T21:25:53.75257587Z,1787607907422,2026-08-24T21:45:07.423605335Z,true,2026-08-24T21:45:07.376623888Z,true,2026-08-24T21:45:07.442413569Z,01M0TTMREKAY5FQBXY1S1XXWR3,2026-08-24T21:25:53.75257587Z
01M0TTNS3CG49JYP8WS2KSD2W6,01M0TSZGJXR0N6DNTNARWRMFQ4,2026-08-24T21:26:27.180816428Z,3,2026-08-24T21:26:27.180816428Z,false,2026-08-24T21:26:27.180816428Z,01M0TSZGKJQW5S4GCP9150DNN9,2026-08-24T21:26:27.180816428Z,1,2026-08-24T21:26:27.180816428Z,,,feedback,2026-08-24T21:26:27.180816428Z,01M0TTNRFRZXFTQKXCR3FSRKFW,2026-08-24T21:26:27.180816428Z,,,false,2026-08-24T21:26:27.180816428Z,,,01M0TTNS377K98RQYT2D1W4GQT,2026-08-24T21:26:27.180816428Z
01M0TTNSJ05JFVX6K2HSQSQMX5,01M0TSZGJXR0N6DNTNARWRMFQ4,2026-08-24T21:26:27.648522381Z,60,2026-08-24T21:26:27.648522381Z,false,2026-08-24T21:26:27.648522381Z,01M0TSZGKJQW5S4GCP9150DNN9,2026-08-24T21:26:27.648522381Z,0,2026-08-24T21:26:27.648522381Z,,,selection,2026-08-24T21:26:27.648522381Z,01M0TTNREK8ESCB1CJNJ1YVZ2S,2026-08-24T21:26:27.648522381Z,,,false,2026-08-24T21:26:27.648522381Z,,,01M0TTNSHSFSA4X3Y78J6PZBCH,2026-08-24T21:26:27.648522381Z
01M0TTYRE5TVWVD04YHJF5EPQV,01M0TTMTH8JPTHXWGXYEY1VFR8,2026-08-24T21:31:21.413846095Z,60,2026-08-24T21:31:21.413846095Z,true,2026-08-24T22:04:27.129666803Z,01M0TTMWMDPGAHQRDA7BZJ8FEZ,2026-08-24T21:31:21.413846095Z,0,2026-08-24T21:31:21.413846095Z,true,2026-08-24T22:03:27.078003075Z,selection,2026-08-24T21:31:21.413846095Z,01M0TTYQJ8B2JG0VMYVATET5R3,2026-08-24T21:31:21.413846095Z,1787609007093,2026-08-24T22:03:27.095149172Z,true,2026-08-24T22:03:27.035477473Z,true,2026-08-24T22:03:27.115307284Z,01M0TTYRDYEZA9HGEXRZCDSR6B,2026-08-24T21:31:21.413846095Z
01M0TV7M6Z9C5PBSAD0T2NAN23,01M0TTMTH8JPTHXWGXYEY1VFR8,2026-08-24T21:36:11.999966202Z,60,2026-08-24T21:36:11.999966202Z,true,2026-08-24T22:01:23.188245217Z,01M0TTMWM9GSP2NP0T4CET96EB,2026-08-24T21:36:11.999966202Z,0,2026-08-24T21:36:11.999966202Z,true,2026-08-24T22:01:10.225870709Z,selection,2026-08-24T21:36:11.999966202Z,01M0TV7JXBKSPSNDP6R5ZNS5GM,2026-08-24T21:36:11.999966202Z,1787608870238,2026-08-24T22:01:10.240223696Z,true,2026-08-24T22:01:10.184676105Z,true,2026-08-24T22:01:10.256699945Z,01M0TV7M6VRFSSGNQ3HYEAB0P9,2026-08-24T21:36:11.999966202Z
01M0TVKAWZR71NT8VWBM49198S,01M0TTMTH8JPTHXWGXYEY1VFR8,2026-08-24T21:42:35.679369603Z,3,2026-08-24T21:42:35.679369603Z,true,2026-08-24T21:55:22.166056847Z,01M0TTMWMG725DJ5GA5M4WD8SY,2026-08-24T21:42:35.679369603Z,1,2026-08-24T21:42:35.679369603Z,true,2026-08-24T21:55:19.131973728Z,feedback,2026-08-24T21:42:35.679369603Z,01M0TVK9NX5M7V2RJ4HR4BQ3E0,2026-08-24T21:42:35.679369603Z,1787608519143,2026-08-24T21:55:19.144907806Z,true,2026-08-24T21:55:19.085869975Z,true,2026-08-24T21:55:19.163971991Z,01M0TVKAWKTGZ4G3P45WW58FJE,2026-08-24T21:42:35.679369603Z
01M0TT9M777Y5FDH23M1CTEC6C,01M0TSZGJXR0N6DNTNARWRMFQ4,2026-08-24T21:19:48.968006132Z,3,2026-08-24T21:19:48.968006132Z,false,2026-08-24T21:19:48.968006132Z,01M0TSZGKE32G3R2H2EPQFBQNN,2026-08-24T21:19:48.968006132Z,1,2026-08-24T21:19:48.968006132Z,,,feedback,2026-08-24T21:19:48.968006132Z,01M0TT9KK753MK1FGKWZ7A1W6S,2026-08-24T21:19:48.968006132Z,,,false,2026-08-24T21:19:48.968006132Z,,,01M0TT9M73D387PMDFTVF0Y7TX,2026-08-24T21:19:48.968006132Z
01M0TTKN4ABKZ581PZAWQ3M860,01M0TSZEX52H0PZDJFB4JNEAFW,2026-08-24T21:25:17.578080705Z,1200,2026-08-24T21:25:17.578080705Z,true,2026-08-24T21:34:39.15799661Z,01M0TSZEY173D8F3KEP071GR06,2026-08-24T21:25:17.578080705Z,0,2026-08-24T21:25:17.578080705Z,true,2026-08-24T21:25:22.057027602Z,describe,2026-08-24T21:25:17.578080705Z,01M0TTKMTYW4RZ6DM6MXGZGA17,2026-08-24T21:25:17.578080705Z,1787606722063,2026-08-24T21:25:22.064574627Z,true,2026-08-24T21:25:22.036830727Z,true,2026-08-24T21:25:22.080602886Z,01M0TTKN42Z6BG2797G8ED66VW,2026-08-24T21:25:17.578080705Z
01M0TTMRXCXYKDMKHAPMAVV6NJ,01M0TSZV7X3D77NKMM5CDCW4Z6,2026-08-24T21:25:54.220757324Z,60,2026-08-24T21:25:54.220757324Z,true,2026-08-24T21:53:44.064360371Z,01M0TSZV8ERABP36QP2627EVMT,2026-08-24T21:25:54.220757324Z,0,2026-08-24T21:25:54.220757324Z,true,2026-08-24T21:53:27.806532248Z,selection,2026-08-24T21:25:54.220757324Z,01M0TTMQQSXKCJXGJSGHDBZ3QH,2026-08-24T21:25:54.220757324Z,1787608407821,2026-08-24T21:53:27.823016857Z,true,2026-08-24T21:53:27.719100411Z,true,2026-08-24T21:53:27.841667561Z,01M0TTMRX8JDMCARJZ17ZYNK21,2026-08-24T21:25:54.220757324Z
01M0TTA5V13DZ4T8E9D8KPADSB,01M0TSZV7X3D77NKMM5CDCW4Z6,2026-08-24T21:20:07.011165694Z,3,2026-08-24T21:20:07.011165694Z,true,2026-08-24T21:37:37.544085947Z,01M0TSZV8KEDQHAT4X3FNKVS2B,2026-08-24T21:20:07.011165694Z,1,2026-08-24T21:20:07.011165694Z,true,2026-08-24T21:37:34.514039738Z,feedback,2026-08-24T21:20:07.011165694Z,01M0TTA5BW78749BBR8QW86C1E,2026-08-24T21:20:07.011165694Z,1787607454526,2026-08-24T21:37:34.52758251Z,true,2026-08-24T21:37:34.482895456Z,true,2026-08-24T21:37:34.535597353Z,01M0TTA5TXTY6VD8HA148K6VTP,2026-08-24T21:20:07.011165694Z
01M0TTA61TXJFZ11PWPHK19ZTS,01M0TSZV7X3D77NKMM5CDCW4Z6,2026-08-24T21:20:07.226683399Z,60,2026-08-24T21:20:07.226683399Z,true,2026-08-24T21:42:19.826798571Z,01M0TSZV8KEDQHAT4X3FNKVS2B,2026-08-24T21:20:07.226683399Z,0,2026-08-24T21:20:07.226683399Z,true,2026-08-24T21:42:05.729267556Z,selection,2026-08-24T21:20:07.226683399Z,01M0TTA5953ADTEWHGMW1MW2SJ,2026-08-24T21:20:07.226683399Z,1787607725738,2026-08-24T21:42:05.739376856Z,true,2026-08-24T21:42:05.696132429Z,true,2026-08-24T21:42:05.756836804Z,01M0TTA61NF084BEMQ9RTD00WE,2026-08-24T21:20:07.226683399Z
01M0TV7M33JGMDZ6YVPEQXVV1P,01M0TTMTH8JPTHXWGXYEY1VFR8,2026-08-24T21:36:11.875378385Z,60,2026-08-24T21:36:11.875378385Z,true,2026-08-24T22:00:05.842068186Z,01M0TTMWM9GSP2NP0T4CET96EB,2026-08-24T21:36:11.875378385Z,0,2026-08-24T21:36:11.875378385Z,true,2026-08-24T21:59:45.033784715Z,selection,2026-08-24T21:36:11.875378385Z,01M0TV7JYGHG6C39P11FHD4FHP,2026-08-24T21:36:11.875378385Z,1787608785057,2026-08-24T21:59:45.067600756Z,true,2026-08-24T21:59:44.948602346Z,true,2026-08-24T21:59:45.09061141Z,01M0TV7M2XXT8144ZWKM2W96VY,2026-08-24T21:36:11.875378385Z
01M0TTK1C2237TBSH6JVDMRZ2Z,01M0TSZEX52H0PZDJFB4JNEAFW,2026-08-24T21:24:57.346301508Z,60,2026-08-24T21:24:57.346301508Z,true,2026-08-24T21:45:35.069339309Z,01M0TSZEY54T11A9AMGVA6T4ZB,2026-08-24T21:24:57.346301508Z,0,2026-08-24T21:24:57.346301508Z,true,2026-08-24T21:44:57.212664361Z,selection,2026-08-24T21:24:57.346301508Z,01M0TTK10K7BJJNZGSYM0XZVS0,2026-08-24T21:24:57.346301508Z,1787607897225,2026-08-24T21:44:57.226614114Z,true,2026-08-24T21:44:57.169768552Z,true,2026-08-24T21:44:57.238128597Z,01M0TTK1BYAYZRMGN1NT5X80WF,2026-08-24T21:24:57.346301508Z
01M0TV7K61CCPVCH0Y9E0CVG4D,01M0TTMTH8JPTHXWGXYEY1VFR8,2026-08-24T21:36:10.945795225Z,60,2026-08-24T21:36:10.945795225Z,true,2026-08-24T21:46:01.891268926Z,01M0TTMWM9GSP2NP0T4CET96EB,2026-08-24T21:36:10.945795225Z,0,2026-08-24T21:36:10.945795225Z,true,2026-08-24T21:45:24.3121494Z,selection,2026-08-24T21:36:10.945795225Z,01M0TV7JTAA9P10W0QSQ2Q5Z36,2026-08-24T21:36:10.945795225Z,1787607924324,2026-08-24T21:45:24.325514392Z,true,2026-08-24T21:45:24.273843361Z,true,2026-08-24T21:45:24.342102691Z,01M0TV7K5WZE9HMWK6PXAYKX56,2026-08-24T21:36:10.945795225Z
01M0TTA5SVVQV4RQAN1ZQ22608,01M0TSZV7X3D77NKMM5CDCW4Z6,2026-08-24T21:20:06.972897851Z,3,2026-08-24T21:20:06.972897851Z,true,2026-08-24T21:36:18.409638372Z,01M0TSZV8KEDQHAT4X3FNKVS2B,2026-08-24T21:20:06.972897851Z,1,2026-08-24T21:20:06.972897851Z,true,2026-08-24T21:36:09.847218656Z,feedback,2026-08-24T21:20:06.972897851Z,01M0TTA5CFWV31STWE94B0GVRR,2026-08-24T21:20:06.972897851Z,1787607369862,2026-08-24T21:36:09.866939396Z,true,2026-08-24T21:36:09.812760852Z,true,2026-08-24T21:36:09.883245119Z,01M0TTA5SQDW98MRZZWH48DWHW,2026-08-24T21:20:06.972897851Z
01M0TTEYT0SYGW088QA0R8QT59,01M0TSZEX52H0PZDJFB4JNEAFW,2026-08-24T21:22:43.648977305Z,3,2026-08-24T21:22:43.648977305Z,true,2026-08-24T21:47:20.447398981Z,01M0TSZEY44B7XSP574QH2WQPJ,2026-08-24T21:22:43.648977305Z,1,2026-08-24T21:22:43.648977305Z,true,2026-08-24T21:47:17.412368705Z,feedback,2026-08-24T21:22:43.648977305Z,01M0TTEY4282EQG3ZE34S6C2RS,2026-08-24T21:22:43.648977305Z,1787608037424,2026-08-24T21:47:17.425909954Z,true,2026-08-24T21:47:17.374531172Z,true,2026-08-24T21:47:17.443044784Z,01M0TTEYSY7YT5CS2PXSH7DQ39,2026-08-24T21:22:43.648977305Z
01M0TTKE4ZGW6CBX0DNTDBNQKW,01M0TSZGJXR0N6DNTNARWRMFQ4,2026-08-24T21:25:10.431656308Z,3,2026-08-24T21:25:10.431656308Z,false,2026-08-24T21:25:10.431656308Z,01M0TSZGKM72FFW193EYG47F25,2026-08-24T21:25:10.431656308Z,1,2026-08-24T21:25:10.431656308Z,,,feedback,2026-08-24T21:25:10.431656308Z,01M0TTKDESBB1EHSTS189ZJY38,2026-08-24T21:25:10.431656308Z,,,false,2026-08-24T21:25:10.431656308Z,,,01M0TTKE4WXB63EJBZ1P60BP8M,2026-08-24T21:25:10.431656308Z
01M0TTKNM2K1B7T18EJWY77S4K,01M0TSZEX52H0PZDJFB4JNEAFW,2026-08-24T21:25:18.082170921Z,60,2026-08-24T21:25:18.082170921Z,true,2026-08-24T21:45:40.473901626Z,01M0TSZEY173D8F3KEP071GR06,2026-08-24T21:25:18.082170921Z,0,2026-08-24T21:25:18.082170921Z,true,2026-08-24T21:45:25.626471965Z,selection,2026-08-24T21:25:18.082170921Z,01M0TTKMY7YQ0RTW1NP9QN6E0X,2026-08-24T21:25:18.082170921Z,1787607925637,2026-08-24T21:45:25.638369494Z,true,2026-08-24T21:45:25.593104648Z,true,2026-08-24T21:45:25.656687623Z,01M0TTKNKXFXEVPWBK7HJS5996,2026-08-24T21:25:18.082170921Z
01M0TTKP05A8Z8XQXQTJT4888Y,01M0TSZEX52H0PZDJFB4JNEAFW,2026-08-24T21:25:18.469586974Z,60,2026-08-24T21:25:18.469586974Z,true,2026-08-24T21:54:04.381203435Z,01M0TSZEY173D8F3KEP071GR06,2026-08-24T21:25:18.469586974Z,0,2026-08-24T21:25:18.469586974Z,true,2026-08-24T21:53:48.993151382Z,selection,2026-08-24T21:25:18.469586974Z,01M0TTKN3Y49RQ37GWQRGV8JF3,2026-08-24T21:25:18.469586974Z,1787608429008,2026-08-24T21:53:49.010196957Z,true,2026-08-24T21:53:48.947480381Z,true,2026-08-24T21:53:49.026466999Z,01M0TTKP013K22PYEV5QR6RP8Q,2026-08-24T21:25:18.469586974Z
01M0TTNSMRCGS2CJ06E99SB0T7,01M0TSZGJXR0N6DNTNARWRMFQ4,2026-08-24T21:26:27.737004594Z,3,2026-08-24T21:26:27.737004594Z,false,2026-08-24T21:26:27.737004594Z,01M0TSZGKJQW5S4GCP9150DNN9,2026-08-24T21:26:27.737004594Z,1,2026-08-24T21:26:27.737004594Z,,,feedback,2026-08-24T21:26:27.737004594Z,01M0TTNREBJKF4K4R2BRYH0BSB,2026-08-24T21:26:27.737004594Z,,,false,2026-08-24T21:26:27.737004594Z,,,01M0TTNSMJR39355GRH41JSVZ2,2026-08-24T21:26:27.737004594Z
01M0TT9M7TN3J9MVNGY0PG4X4F,01M0TSZGJXR0N6DNTNARWRMFQ4,2026-08-24T21:19:48.986583197Z,60,2026-08-24T21:19:48.986583197Z,false,2026-08-24T21:19:48.986583197Z,01M0TSZGKE32G3R2H2EPQFBQNN,2026-08-24T21:19:48.986583197Z,0,2026-08-24T21:19:48.986583197Z,,,selection,2026-08-24T21:19:48.986583197Z,01M0TT9KGSFM1ZBESA4190GBPN,2026-08-24T21:19:48.986583197Z,,,false,2026-08-24T21:19:48.986583197Z,,,01M0TT9M7NC8H1026QH1D7G578,2026-08-24T21:19:48.986583197Z
01M0TT9MGTEG6EDNCVWRVNTZ1N,01M0TSZGJXR0N6DNTNARWRMFQ4,2026-08-24T21:19:49.274713344Z,3,2026-08-24T21:19:49.274713344Z,false,2026-08-24T21:19:49.274713344Z,01M0TSZGKE32G3R2H2EPQFBQNN,2026-08-24T21:19:49.274713344Z,1,2026-08-24T21:19:49.274713344Z,,,feedback,2026-08-24T21:19:49.274713344Z,01M0TT9KJM9XP9SYF7RXAK7WYJ,2026-08-24T21:19:49.274713344Z,,,false,2026-08-24T21:19:49.274713344Z,,,01M0TT9MGK2V86RWC154ZMBHZV,2026-08-24T21:19:49.274713344Z
01M0TV7KSM2P1KM1KS4MHKE6WQ,01M0TTMTH8JPTHXWGXYEY1VFR8,2026-08-24T21:36:11.572148514Z,3,2026-08-24T21:36:11.572148514Z,true,2026-08-24T21:57:15.018462599Z,01M0TTMWM9GSP2NP0T4CET96EB,2026-08-24T21:36:11.572148514Z,1,2026-08-24T21:36:11.572148514Z,true,2026-08-24T21:57:11.981480621Z,feedback,2026-08-24T21:36:11.572148514Z,01M0TV7K0ZTCV9MPPF950PZXXA,2026-08-24T21:36:11.572148514Z,1787608631990,2026-08-24T21:57:11.991813018Z,true,2026-08-24T21:57:11.929118841Z,true,2026-08-24T21:57:12.014476534Z,01M0TV7KSCRRVSMRR0XF6X5YNG,2026-08-24T21:36:11.572148514Z
01M0TVKB5W82W3DV9KJ71T8GMC,01M0TTMTH8JPTHXWGXYEY1VFR8,2026-08-24T21:42:35.964470715Z,3,2026-08-24T21:42:35.964470715Z,true,2026-08-24T21:57:33.984574102Z,01M0TTMWMG725DJ5GA5M4WD8SY,2026-08-24T21:42:35.964470715Z,1,2026-08-24T21:42:35.964470715Z,true,2026-08-24T21:57:30.930079382Z,feedback,2026-08-24T21:42:35.964470715Z,01M0TVK9RPNX2GWSZ0MC61W2SW,2026-08-24T21:42:35.964470715Z,1787608650946,2026-08-24T21:57:30.959057897Z,true,2026-08-24T21:57:30.880394894Z,true,2026-08-24T21:57:30.980846262Z,01M0TVKB5NDX2C8R0FFMEESV7H,2026-08-24T21:42:35.964470715Z
01M0TTMRNXS40NZKJ405VNFRE2,01M0TSZV7X3D77NKMM5CDCW4Z6,2026-08-24T21:25:53.98123808Z,60,2026-08-24T21:25:53.98123808Z,true,2026-08-24T21:48:34.853442607Z,01M0TSZV8ERABP36QP2627EVMT,2026-08-24T21:25:53.98123808Z,0,2026-08-24T21:25:53.98123808Z,true,2026-08-24T21:48:23.957498585Z,selection,2026-08-24T21:25:53.98123808Z,01M0TTMQWDETM62H3CBNS3MJQ2,2026-08-24T21:25:53.98123808Z,1787608103967,2026-08-24T21:48:23.968447874Z,true,2026-08-24T21:48:23.914113045Z,true,2026-08-24T21:48:23.979193291Z,01M0TTMRNR7DKF4GFQ0ZF9E19R,2026-08-24T21:25:53.98123808Z
01M0TTKDJT19N2607CV6QK8HHP,01M0TSZGJXR0N6DNTNARWRMFQ4,2026-08-24T21:25:09.850527316Z,60,2026-08-24T21:25:09.850527316Z,false,2026-08-24T21:25:09.850527316Z,01M0TSZGKM72FFW193EYG47F25,2026-08-24T21:25:09.850527316Z,0,2026-08-24T21:25:09.850527316Z,,,selection,2026-08-24T21:25:09.850527316Z,01M0TTKD93MT9XZJ8NEPRRVN4K,2026-08-24T21:25:09.850527316Z,,,false,2026-08-24T21:25:09.850527316Z,,,01M0TTKDJNJ4EPJB91P9E9RM2Y,2026-08-24T21:25:09.850527316Z
01M0TTMR6BT2HF012DWK7H7MJ1,01M0TSZV7X3D77NKMM5CDCW4Z6,2026-08-24T21:25:53.483376591Z,60,2026-08-24T21:25:53.483376591Z,true,2026-08-24T21:37:54.985665499Z,01M0TSZV8ERABP36QP2627EVMT,2026-08-24T21:25:53.483376591Z,0,2026-08-24T21:25:53.483376591Z,true,2026-08-24T21:37:10.771532683Z,selection,2026-08-24T21:25:53.483376591Z,01M0TTMQRDA4RH9QEFDTP7XF4Z,2026-08-24T21:25:53.483376591Z,1787607430779,2026-08-24T21:37:10.781399169Z,true,2026-08-24T21:37:10.732797853Z,true,2026-08-24T21:37:10.796654824Z,01M0TTMR65HM6TEDECQMDJVZGY,2026-08-24T21:25:53.483376591Z
01M0TTNSGSBYVJB1TNBY7SHF2F,01M0TSZGJXR0N6DNTNARWRMFQ4,2026-08-24T21:26:27.609484445Z,3,2026-08-24T21:26:27.609484445Z,false,2026-08-24T21:26:27.609484445Z,01M0TSZGKJQW5S4GCP9150DNN9,2026-08-24T21:26:27.609484445Z,1,2026-08-24T21:26:27.609484445Z,,,feedback,2026-08-24T21:26:27.609484445Z,01M0TTNRF7NSR3Y1WBWY7ASDSR,2026-08-24T21:26:27.609484445Z,,,false,2026-08-24T21:26:27.609484445Z,,,01M0TTNSGNM9C0G5Y5V8EHZ8KY,2026-08-24T21:26:27.609484445Z
01M0TTK1T6P952JY8B4DBTZW19,01M0TSZEX52H0PZDJFB4JNEAFW,2026-08-24T21:24:57.798488313Z,60,2026-08-24T21:24:57.798488313Z,true,2026-08-24T22:05:14.726928896Z,01M0TSZEY54T11A9AMGVA6T4ZB,2026-08-24T21:24:57.798488313Z,0,2026-08-24T21:24:57.798488313Z,true,2026-08-24T22:05:01.260788565Z,selection,2026-08-24T21:24:57.798488313Z,01M0TTK138H8Z38WR2VJ7XEBJY,2026-08-24T21:24:57.798488313Z,1787609101282,2026-08-24T22:05:01.284374558Z,true,2026-08-24T22:05:01.211870293Z,true,2026-08-24T22:05:01.300618189Z,01M0TTK1SZ4KP16J2MT2520PCV,2026-08-24T21:24:57.798488313Z
01M0TTKDTPNXA0AMY8MAHJFAVA,01M0TSZGJXR0N6DNTNARWRMFQ4,2026-08-24T21:25:10.102106276Z,3,2026-08-24T21:25:10.102106276Z,false,2026-08-24T21:25:10.102106276Z,01M0TSZGKM72FFW193EYG47F25,2026-08-24T21:25:10.102106276Z,1,2026-08-24T21:25:10.102106276Z,,,feedback,2026-08-24T21:25:10.102106276Z,01M0TTKDA49PMFASF8GCHCKMCN,2026-08-24T21:25:10.102106276Z,,,false,2026-08-24T21:25:10.102106276Z,,,01M0TTKDTJCVM0Q36DP0VDH7TH,2026-08-24T21:25:10.102106276Z
01M0TTMR55J0EMT0PFDSSJM2EH,01M0TSZV7X3D77NKMM5CDCW4Z6,2026-08-24T21:25:53.445593142Z,3,2026-08-24T21:25:53.445593142Z,true,2026-08-24T21:36:29.239553265Z,01M0TSZV8ERABP36QP2627EVMT,2026-08-24T21:25:53.445593142Z,1,2026-08-24T21:25:53.445593142Z,true,2026-08-24T21:36:26.217373707Z,feedback,2026-08-24T21:25:53.445593142Z,01M0TTMQR7WT8RVVVAVBNPBP5B,2026-08-24T21:25:53.445593142Z,1787607386224,2026-08-24T21:36:26.226315933Z,true,2026-08-24T21:36:26.174411318Z,true,2026-08-24T21:36:26.241655484Z,01M0TTMR4YZT3Z9KG7Y2HQJ4W2,2026-08-24T21:25:53.445593142Z
01M0TTMRDHF493WTK0R8XPHZ00,01M0TSZV7X3D77NKMM5CDCW4Z6,2026-08-24T21:25:53.713152216Z,60,2026-08-24T21:25:53.713152216Z,true,2026-08-24T21:44:26.44515471Z,01M0TSZV8ERABP36QP2627EVMT,2026-08-24T21:25:53.713152216Z,0,2026-08-24T21:25:53.713152216Z,true,2026-08-24T21:44:09.23198899Z,selection,2026-08-24T21:25:53.713152216Z,01M0TTMQTM7PBSZAZGKGAVP4SP,2026-08-24T21:25:53.713152216Z,1787607849241,2026-08-24T21:44:09.242807653Z,true,2026-08-24T21:44:09.193002828Z,true,2026-08-24T21:44:09.258218212Z,01M0TTMRDC8K6686FX4YMD425H,2026-08-24T21:25:53.713152216Z
01M0TTYRXD2GZKSZB42A2STJD2,01M0TTMTH8JPTHXWGXYEY1VFR8,2026-08-24T21:31:21.901379057Z,60,2026-08-24T21:31:21.901379057Z,false,2026-08-24T21:31:21.901379057Z,01M0TTMWMDPGAHQRDA7BZJ8FEZ,2026-08-24T21:31:21.901379057Z,0,2026-08-24T21:31:21.901379057Z,,,selection,2026-08-24T21:31:21.901379057Z,01M0TTYQBRV5ACJNARS41R3SRD,2026-08-24T21:31:21.901379057Z,,,false,2026-08-24T21:31:21.901379057Z,,,01M0TTYRX616MXE82S6MMXQCG5,2026-08-24T21:31:21.901379057Z
01M0TVKASDNNZKAHXY3ZV1D1T5,01M0TTMTH8JPTHXWGXYEY1VFR8,2026-08-24T21:42:35.565333107Z,60,2026-08-24T21:42:35.565333107Z,true,2026-08-24T21:54:24.092212929Z,01M0TTMWMG725DJ5GA5M4WD8SY,2026-08-24T21:42:35.565333107Z,0,2026-08-24T21:42:35.565333107Z,true,2026-08-24T21:54:17.288087944Z,selection,2026-08-24T21:42:35.565333107Z,01M0TVK9NB7PM3WXW55YWAV3D2,2026-08-24T21:42:35.565333107Z,1787608457302,2026-08-24T21:54:17.304052548Z,true,2026-08-24T21:54:17.24325889Z,true,2026-08-24T21:54:17.324700404Z,01M0TVKAS8DJH2MQGWT7QYPAXN,2026-08-24T21:42:35.565333107Z
01M0TT9M777Y5FDH23KGWTPV18,01M0TSZGJXR0N6DNTNARWRMFQ4,2026-08-24T21:19:48.967449648Z,60,2026-08-24T21:19:48.967449648Z,false,2026-08-24T21:19:48.967449648Z,01M0TSZGKE32G3R2H2EPQFBQNN,2026-08-24T21:19:48.967449648Z,0,2026-08-24T21:19:48.967449648Z,,,selection,2026-08-24T21:19:48.967449648Z,01M0TT9KK753MK1FGKWZ7A1W6S,2026-08-24T21:19:48.967449648Z,,,false,2026-08-24T21:19:48.967449648Z,,,01M0TT9M708V3M7GWCFKF71E4D,2026-08-24T21:19:48.967449648Z
01M0TTEYCFQSNHBWEDQMQV5X73,01M0TSZEX52H0PZDJFB4JNEAFW,2026-08-24T21:22:43.215665784Z,60,2026-08-24T21:22:43.215665784Z,true,2026-08-24T21:30:53.024485552Z,01M0TSZEY44B7XSP574QH2WQPJ,2026-08-24T21:22:43.215665784Z,0,2026-08-24T21:22:43.215665784Z,true,2026-08-24T21:30:00.989710772Z,selection,2026-08-24T21:22:43.215665784Z,01M0TTEY3RJ5XRAT62S5PPRC9P,2026-08-24T21:22:43.215665784Z,1787607001005,2026-08-24T21:30:01.008273338Z,true,2026-08-24T21:30:00.907466005Z,true,2026-08-24T21:30:01.042026269Z,01M0TTEYC70BHDFA1VG58QN4F7,2026-08-24T21:22:43.215665784Z
01M0TTMRBVQ50VVNV2C68XM4N4,01M0TSZV7X3D77NKMM5CDCW4Z6,2026-08-24T21:25:53.659378034Z,3,2026-08-24T21:25:53.659378034Z,true,2026-08-24T21:42:46.101027074Z,01M0TSZV8ERABP36QP2627EVMT,2026-08-24T21:25:53.659378034Z,1,2026-08-24T21:25:53.659378034Z,true,2026-08-24T21:42:43.051049074Z,feedback,2026-08-24T21:25:53.659378034Z,01M0TTMQTDH8E5Y74FZE7TXST3,2026-08-24T21:25:53.659378034Z,1787607763060,2026-08-24T21:42:43.07554011Z,true,2026-08-24T21:42:42.906204975Z,true,2026-08-24T21:42:43.090757639Z,01M0TTMRBQN79H8V0GET6TJBCP,2026-08-24T21:25:53.659378034Z
01M0TTYS6MRHM4W6SAAKFQPT69,01M0TTMTH8JPTHXWGXYEY1VFR8,2026-08-24T21:31:22.196169139Z,60,2026-08-24T21:31:22.196169139Z,false,2026-08-24T21:31:22.196169139Z,01M0TTMWMDPGAHQRDA7BZJ8FEZ,2026-08-24T21:31:22.196169139Z,0,2026-08-24T21:31:22.196169139Z,,,selection,2026-08-24T21:31:22.196169139Z,01M0TTYQ6KG80S5XGE9SN2QX2R,2026-08-24T21:31:22.196169139Z,,,false,2026-08-24T21:31:22.196169139Z,,,01M0TTYS6C1ZFBJCM6F3N6ZCJJ,2026-08-24T21:31:22.196169139Z
01M0TT9KWAPCBHFQCZ10F6BC6N,01M0TSZGJXR0N6DNTNARWRMFQ4,2026-08-24T21:19:48.618153854Z,3,2026-08-24T21:19:48.618153854Z,false,2026-08-24T21:19:48.618153854Z,01M0TSZGKE32G3R2H2EPQFBQNN,2026-08-24T21:19:48.618153854Z,1,2026-08-24T21:19:48.618153854Z,,,feedback,2026-08-24T21:19:48.618153854Z,01M0TT9KFTJ1S066ZP3W49S4SP,2026-08-24T21:19:48.618153854Z,,,false,2026-08-24T21:19:48.618153854Z,,,01M0TT9KW4C8ANC7DB5DAVGWZ7,2026-08-24T21:19:48.618153854Z
01M0TTK1X62RGQ4CE54YS1NBVQ,01M0TSZEX52H0PZDJFB4JNEAFW,2026-08-24T21:24:57.894531958Z,3,2026-08-24T21:24:57.894531958Z,true,2026-08-24T22:08:16.677704519Z,01M0TSZEY54T11A9AMGVA6T4ZB,2026-08-24T21:24:57.894531958Z,1,2026-08-24T21:24:57.894531958Z,true,2026-08-24T22:08:13.634030518Z,feedback,2026-08-24T21:24:57.894531958Z,01M0TTK14776DAT11J2G1JGZS5,2026-08-24T21:24:57.894531958Z,1787609293652,2026-08-24T22:08:13.653541106Z,true,2026-08-24T22:08:13.581447944Z,true,2026-08-24T22:08:13.675230143Z,01M0TTK1X1SDQX5KKGPHGQ4J4S,2026-08-24T21:24:57.894531958Z
01M0TTEYWRY6YVR3Z0V64VXXCB,01M0TSZEX52H0PZDJFB4JNEAFW,2026-08-24T21:22:43.736812086Z,60,2026-08-24T21:22:43.736812086Z,true,2026-08-24T21:51:24.114430325Z,01M0TSZEY44B7XSP574QH2WQPJ,2026-08-24T21:22:43.736812086Z,0,2026-08-24T21:22:43.736812086Z,true,2026-08-24T21:50:31.66105995Z,selection,2026-08-24T21:22:43.736812086Z,01M0TTEY3MWPDQRW8TQA14RMMG,2026-08-24T21:22:43.736812086Z,1787608231672,2026-08-24T21:50:31.673944193Z,true,2026-08-24T21:50:31.620084172Z,true,2026-08-24T21:50:31.697289466Z,01M0TTEYWKHVF07ZTX22DEY4P1,2026-08-24T21:22:43.736812086Z
01M0TTEYXNCFY9AA21GHP6XMYY,01M0TSZEX52H0PZDJFB4JNEAFW,2026-08-24T21:22:43.765109956Z,60,2026-08-24T21:22:43.765109956Z,true,2026-08-24T21:52:18.193583783Z,01M0TSZEY44B7XSP574QH2WQPJ,2026-08-24T21:22:43.765109956Z,0,2026-08-24T21:22:43.765109956Z,true,2026-08-24T21:51:59.961114333Z,selection,2026-08-24T21:22:43.765109956Z,01M0TTEY3F6FQ84GR89F7WDK38,2026-08-24T21:22:43.765109956Z,1787608319984,2026-08-24T21:51:59.986595497Z,true,2026-08-24T21:51:59.86620275Z,true,2026-08-24T21:52:00.007055578Z,01M0TTEYXGEY8838KNBANAAK06,2026-08-24T21:22:43.765109956Z
01M0TT9M4A2SSSYT0T7SE4YQK8,01M0TSZGJXR0N6DNTNARWRMFQ4,2026-08-24T21:19:48.874481635Z,60,2026-08-24T21:19:48.874481635Z,false,2026-08-24T21:19:48.874481635Z,01M0TSZGKE32G3R2H2EPQFBQNN,2026-08-24T21:19:48.874481635Z,0,2026-08-24T21:19:48.874481635Z,,,selection,2026-08-24T21:19:48.874481635Z,01M0TT9KFH3Q5DMBAY8TCTXFP1,2026-08-24T21:19:48.874481635Z,,,false,2026-08-24T21:19:48.874481635Z,,,01M0TT9M44QYVNEV9Y0C2A595V,2026-08-24T21:19:48.874481635Z
01M0TT9MMBEXFYZAJYKABQCD5T,01M0TSZGJXR0N6DNTNARWRMFQ4,2026-08-24T21:19:49.387610558Z,60,2026-08-24T21:19:49.387610558Z,false,2026-08-24T21:19:49.387610558Z,01M0TSZGKE32G3R2H2EPQFBQNN,2026-08-24T21:19:49.387610558Z,0,2026-08-24T21:19:49.387610558Z,,,selection,2026-08-24T21:19:49.387610558Z,01M0TT9KJ2DV00W2S7P9H13T00,2026-08-24T21:19:49.387610558Z,,,false,2026-08-24T21:19:49.387610558Z,,,01M0TT9MM1FXPHPN6QQN89AA6V,2026-08-24T21:19:49.387610558Z
01M0TTTQNVW6TNHMCCJ8RZ3Q85,01M0TSZV7X3D77NKMM5CDCW4Z6,2026-08-24T21:29:09.564003395Z,3,2026-08-24T21:29:09.564003395Z,true,2026-08-24T21:58:47.067219827Z,01M0TSZV8KEDQHAT4X33M1GG1C,2026-08-24T21:29:09.564003395Z,1,2026-08-24T21:29:09.564003395Z,true,2026-08-24T21:58:44.030279429Z,feedback,2026-08-24T21:29:09.564003395Z,01M0TTTPSTXJGVQNV20B1QXN9G,2026-08-24T21:29:09.564003395Z,1787608724043,2026-08-24T21:58:44.044851227Z,true,2026-08-24T21:58:43.980235548Z,true,2026-08-24T21:58:44.064680401Z,01M0TTTQN9NN0BE7N5HZMF4SV8,2026-08-24T21:29:09.564003395Z
01M0TTTQPSA30HQE4W7TC1TVHN,01M0TSZV7X3D77NKMM5CDCW4Z6,2026-08-24T21:29:09.593347454Z,60,2026-08-24T21:29:09.593347454Z,true,2026-08-24T21:59:27.915785644Z,01M0TSZV8KEDQHAT4X33M1GG1C,2026-08-24T21:29:09.593347454Z,0,2026-08-24T21:29:09.593347454Z,true,2026-08-24T21:58:47.264654123Z,selection,2026-08-24T21:29:09.593347454Z,01M0TTTPRT0KJ8VKW180HK0X4Q,2026-08-24T21:29:09.593347454Z,1787608727276,2026-08-24T21:58:47.27823675Z,true,2026-08-24T21:58:47.226589304Z,true,2026-08-24T21:58:47.297990919Z,01M0TTTQPHXP4ZZ3DZFECJWBBZ,2026-08-24T21:29:09.593347454Z
01M0TV7K8TWVFSCY0KRZY25SQ8,01M0TTMTH8JPTHXWGXYEY1VFR8,2026-08-24T21:36:11.034610389Z,3,2026-08-24T21:36:11.034610389Z,true,2026-08-24T21:48:04.839684976Z,01M0TTMWM9GSP2NP0T4CET96EB,2026-08-24T21:36:11.034610389Z,1,2026-08-24T21:36:11.034610389Z,true,2026-08-24T21:48:01.764628011Z,feedback,2026-08-24T21:36:11.034610389Z,01M0TV7JQ4XZRZ4426YX16EKDW,2026-08-24T21:36:11.034610389Z,1787608081774,2026-08-24T21:48:01.775564452Z,true,2026-08-24T21:48:01.724772952Z,true,2026-08-24T21:48:01.789728206Z,01M0TV7K8FXFABC37FK6HRCY9C,2026-08-24T21:36:11.034610389Z
01M0TT9MBNKQB2TAA7Y05BM4X5,01M0TSZGJXR0N6DNTNARWRMFQ4,2026-08-24T21:19:49.109420719Z,60,2026-08-24T21:19:49.109420719Z,false,2026-08-24T21:19:49.109420719Z,01M0TSZGKE32G3R2H2EPQFBQNN,2026-08-24T21:19:49.109420719Z,0,2026-08-24T21:19:49.109420719Z,,,selection,2026-08-24T21:19:49.109420719Z,01M0TT9KKJWWW4KMM10DG4S5JM,2026-08-24T21:19:49.109420719Z,,,false,2026-08-24T21:19:49.109420719Z,,,01M0TT9MB4M0TJ3WSZV72DPC0G,2026-08-24T21:19:49.109420719Z
01M0TTK1WPPEBE815H9TQDXRCF,01M0TSZEX52H0PZDJFB4JNEAFW,2026-08-24T21:24:57.878105789Z,3,2026-08-24T21:24:57.878105789Z,true,2026-08-24T22:07:38.240333183Z,01M0TSZEY54T11A9AMGVA6T4ZB,2026-08-24T21:24:57.878105789Z,1,2026-08-24T21:24:57.878105789Z,true,2026-08-24T22:07:35.193777785Z,feedback,2026-08-24T21:24:57.878105789Z,01M0TTK16981VYRXVWJ54TEAB8,2026-08-24T21:24:57.878105789Z,1787609255213,2026-08-24T22:07:35.215872788Z,true,2026-08-24T22:07:35.143060619Z,true,2026-08-24T22:07:35.237346151Z,01M0TTK1WHKVK6MXMH1TGMQWX2,2026-08-24T21:24:57.878105789Z
01M0TVKB23Z65C6NTTQB5Z65M3,01M0TTMTH8JPTHXWGXYEY1VFR8,2026-08-24T21:42:35.843786332Z,3,2026-08-24T21:42:35.843786332Z,true,2026-08-24T21:56:43.465956622Z,01M0TTMWMG725DJ5GA5M4WD8SY,2026-08-24T21:42:35.843786332Z,1,2026-08-24T21:42:35.843786332Z,true,2026-08-24T21:56:40.431119379Z,feedback,2026-08-24T21:42:35.843786332Z,01M0TVK9QKH9RNX8NGNB9GYDZY,2026-08-24T21:42:35.843786332Z,1787608600443,2026-08-24T21:56:40.445001005Z,true,2026-08-24T21:56:40.382543186Z,true,2026-08-24T21:56:40.462963321Z,01M0TVKB1T66XT3Z1RSAC3AXVT,2026-08-24T21:42:35.843786332Z
01M0TTKEBFNH997WCXH1DQJCR5,01M0TSZGJXR0N6DNTNARWRMFQ4,2026-08-24T21:25:10.639368882Z,60,2026-08-24T21:25:10.639368882Z,false,2026-08-24T21:25:10.639368882Z,01M0TSZGKM72FFW193EYG47F25,2026-08-24T21:25:10.639368882Z,0,2026-08-24T21:25:10.639368882Z,,,selection,2026-08-24T21:25:10.639368882Z,01M0TTKDFMVBB86KHZHNHMN1MF,2026-08-24T21:25:10.639368882Z,,,false,2026-08-24T21:25:10.639368882Z,,,01M0TTKEB48PNXBY6AX1SZ239K,2026-08-24T21:25:10.639368882Z
01M0TTTQ146MZMQPCFBV780B21,01M0TSZV7X3D77NKMM5CDCW4Z6,2026-08-24T21:29:08.900381886Z,60,2026-08-24T21:29:08.900381886Z,true,2026-08-24T21:45:24.351546259Z,01M0TSZV8KEDQHAT4X33M1GG1C,2026-08-24T21:29:08.900381886Z,0,2026-08-24T21:29:08.900381886Z,true,2026-08-24T21:44:24.249883464Z,selection,2026-08-24T21:29:08.900381886Z,01M0TTTPQA1036T75NNCNFQRR6,2026-08-24T21:29:08.900381886Z,1787607864260,2026-08-24T21:44:24.262343443Z,true,2026-08-24T21:44:24.206489204Z,true,2026-08-24T21:44:24.274012808Z,01M0TTTQ0VGB7Q9T4T4GH68EH8,2026-08-24T21:29:08.900381886Z
01M0TTTQ26KG5MQGB6G6FJVSQV,01M0TSZV7X3D77NKMM5CDCW4Z6,2026-08-24T21:29:08.934099423Z,60,2026-08-24T21:29:08.934099423Z,true,2026-08-24T21:46:25.105848476Z,01M0TSZV8KEDQHAT4X33M1GG1C,2026-08-24T21:29:08.934099423Z,0,2026-08-24T21:29:08.934099423Z,true,2026-08-24T21:45:27.623348584Z,selection,2026-08-24T21:29:08.934099423Z,01M0TTTPQ38RXCE2NEDW3YKNP4,2026-08-24T21:29:08.934099423Z,1787607927632,2026-08-24T21:45:27.633657887Z,true,2026-08-24T21:45:27.582001315Z,true,2026-08-24T21:45:27.646617209Z,01M0TTTQ1XATB56XKZBSRRSGY6,2026-08-24T21:29:08.934099423Z
01M0TTK1CHV0JCD8B5KM5RTJW0,01M0TSZEX52H0PZDJFB4JNEAFW,2026-08-24T21:24:57.36121902Z,3,2026-08-24T21:24:57.36121902Z,true,2026-08-24T21:46:40.713604027Z,01M0TSZEY54T11A9AMGVA6T4ZB,2026-08-24T21:24:57.36121902Z,1,2026-08-24T21:24:57.36121902Z,true,2026-08-24T21:46:37.681262665Z,feedback,2026-08-24T21:24:57.36121902Z,01M0TTK10N5BD0SS5DA63HF9K7,2026-08-24T21:24:57.36121902Z,1787607997690,2026-08-24T21:46:37.692915355Z,true,2026-08-24T21:46:37.615153285Z,true,2026-08-24T21:46:37.708619001Z,01M0TTK1CDSYJHSFCGXSH4MZD1,2026-08-24T21:24:57.36121902Z
01M0TTK1Z01WX7Y6AEH5D2BYX0,01M0TSZEX52H0PZDJFB4JNEAFW,2026-08-24T21:24:57.952711871Z,60,2026-08-24T21:24:57.952711871Z,true,2026-08-24T22:09:40.012931463Z,01M0TSZEY54T11A9AMGVA6T4ZB,2026-08-24T21:24:57.952711871Z,0,2026-08-24T21:24:57.952711871Z,true,2026-08-24T22:09:18.178481597Z,selection,2026-08-24T21:24:57.952711871Z,01M0TTK1623V9W51H3M59G5KX6,2026-08-24T21:24:57.952711871Z,1787609358195,2026-08-24T22:09:18.197072271Z,true,2026-08-24T22:09:18.125416456Z,true,2026-08-24T22:09:18.218663827Z,01M0TTK1YV9X43M6WT5MMP7GNT,2026-08-24T21:24:57.952711871Z
01M0TTYS0QBF7W4R14BHT3RMDE,01M0TTMTH8JPTHXWGXYEY1VFR8,2026-08-24T21:31:22.007167476Z,3,2026-08-24T21:31:22.007167476Z,false,2026-08-24T21:31:22.007167476Z,01M0TTMWMDPGAHQRDA7BZJ8FEZ,2026-08-24T21:31:22.007167476Z,1,2026-08-24T21:31:22.007167476Z,,,feedback,2026-08-24T21:31:22.007167476Z,01M0TTYQASD24ZWCMJG30M98C8,2026-08-24T21:31:22.007167476Z,,,false,2026-08-24T21:31:22.007167476Z,,,01M0TTYS081ZFCTTCZR5D2KWDJ,2026-08-24T21:31:22.007167476Z
01M0TTK1B49V74KS2SWSGYXG5V,01M0TSZEX52H0PZDJFB4JNEAFW,2026-08-24T21:24:57.316769404Z,60,2026-08-24T21:24:57.316769404Z,true,2026-08-24T21:44:05.515651973Z,01M0TSZEY54T11A9AMGVA6T4ZB,2026-08-24T21:24:57.316769404Z,0,2026-08-24T21:24:57.316769404Z,true,2026-08-24T21:43:15.34161965Z,selection,2026-08-24T21:24:57.316769404Z,01M0TTK10F0KSBZFT3DKWD15C9,2026-08-24T21:24:57.316769404Z,1787607795352,2026-08-24T21:43:15.353697505Z,true,2026-08-24T21:43:15.311159624Z,true,2026-08-24T21:43:15.36495623Z,01M0TTK1B0BPB6FRVFG3CH306R,2026-08-24T21:24:57.316769404Z
01M0TTYQV2G680DHKYETB4VNRQ,01M0TTMTH8JPTHXWGXYEY1VFR8,2026-08-24T21:31:20.802630566Z,3,2026-08-24T21:31:20.802630566Z,true,2026-08-24T21:49:28.326110242Z,01M0TTMWMDPGAHQRDA7BZJ8FEZ,2026-08-24T21:31:20.802630566Z,1,2026-08-24T21:31:20.802630566Z,true,2026-08-24T21:49:25.242246146Z,feedback,2026-08-24T21:31:20.802630566Z,01M0TTYQ2GY9DVZDHX5ZA7FF3R,2026-08-24T21:31:20.802630566Z,1787608165261,2026-08-24T21:49:25.292482002Z,true,2026-08-24T21:49:25.191515828Z,true,2026-08-24T21:49:25.305929132Z,01M0TTYQTM33PMCGFM0M1C6GC7,2026-08-24T21:31:20.802630566Z
01M0TTTRDZVDVCMF5WTR6T8WE6,01M0TSZV7X3D77NKMM5CDCW4Z6,2026-08-24T21:29:10.335645346Z,3,2026-08-24T21:29:10.335645346Z,true,2026-08-24T22:11:07.373312134Z,01M0TSZV8KEDQHAT4X33M1GG1C,2026-08-24T21:29:10.335645346Z,1,2026-08-24T21:29:10.335645346Z,true,2026-08-24T22:11:04.298093681Z,feedback,2026-08-24T21:29:10.335645346Z,01M0TTTPJ7CX6VQNFM2V7V3NS3,2026-08-24T21:29:10.335645346Z,1787609464322,2026-08-24T22:11:04.323777556Z,true,2026-08-24T22:11:04.240730552Z,true,2026-08-24T22:11:04.382443729Z,01M0TTTRDJDVY60RKSMS42804D,2026-08-24T21:29:10.335645346Z
01M0TTKDMRTW719ND5ZBDB2P48,01M0TSZGJXR0N6DNTNARWRMFQ4,2026-08-24T21:25:09.912355369Z,60,2026-08-24T21:25:09.912355369Z,false,2026-08-24T21:25:09.912355369Z,01M0TSZGKM72FFW193EYG47F25,2026-08-24T21:25:09.912355369Z,0,2026-08-24T21:25:09.912355369Z,,,selection,2026-08-24T21:25:09.912355369Z,01M0TTKD9AXGFJ9VSFK210YRM9,2026-08-24T21:25:09.912355369Z,,,false,2026-08-24T21:25:09.912355369Z,,,01M0TTKDMKF64M9FZHK3D9YA6Y,2026-08-24T21:25:09.912355369Z
01M0TTKE1XW4CBA8B06CAXM749,01M0TSZGJXR0N6DNTNARWRMFQ4,2026-08-24T21:25:10.334752961Z,3,2026-08-24T21:25:10.334752961Z,false,2026-08-24T21:25:10.334752961Z,01M0TSZGKM72FFW193EYG47F25,2026-08-24T21:25:10.334752961Z,1,2026-08-24T21:25:10.334752961Z,,,feedback,2026-08-24T21:25:10.334752961Z,01M0TTKDE9FVRXTAN8VKCWVSEG,2026-08-24T21:25:10.334752961Z,,,false,2026-08-24T21:25:10.334752961Z,,,01M0TTKE1R65Z1DJKRD7QYAWTM,2026-08-24T21:25:10.334752961Z
01M0TTTQ90SCWT596V1SW6ZYDZ,01M0TSZV7X3D77NKMM5CDCW4Z6,2026-08-24T21:29:09.152886552Z,60,2026-08-24T21:29:09.152886552Z,true,2026-08-24T21:51:29.599769183Z,01M0TSZV8KEDQHAT4X33M1GG1C,2026-08-24T21:29:09.152886552Z,0,2026-08-24T21:29:09.152886552Z,true,2026-08-24T21:50:59.467857895Z,selection,2026-08-24T21:29:09.152886552Z,01M0TTTPN9WYQTRYKGN01YB111,2026-08-24T21:29:09.152886552Z,1787608259483,2026-08-24T21:50:59.484355943Z,true,2026-08-24T21:50:59.427072514Z,true,2026-08-24T21:50:59.500598743Z,01M0TTTQ8SR2HJY7M5XJYK4FS3,2026-08-24T21:29:09.152886552Z
01M0TVKB06E75FH40WM4EN4P83,01M0TTMTH8JPTHXWGXYEY1VFR8,2026-08-24T21:42:35.78339979Z,3,2026-08-24T21:42:35.78339979Z,true,2026-08-24T21:56:16.871060067Z,01M0TTMWMG725DJ5GA5M4WD8SY,2026-08-24T21:42:35.78339979Z,1,2026-08-24T21:42:35.78339979Z,true,2026-08-24T21:56:13.83462894Z,feedback,2026-08-24T21:42:35.78339979Z,01M0TVK9PHMTZX3KC292RW7FFN,2026-08-24T21:42:35.78339979Z,1787608573850,2026-08-24T21:56:13.851433114Z,true,2026-08-24T21:56:13.794547606Z,true,2026-08-24T21:56:13.872695095Z,01M0TVKAZW5RT7SGND66VT5444,2026-08-24T21:42:35.78339979Z
01M0TTTQBGQ5PR7FEGH0NZZMM4,01M0TSZV7X3D77NKMM5CDCW4Z6,2026-08-24T21:29:09.232845357Z,60,2026-08-24T21:29:09.232845357Z,true,2026-08-24T21:52:32.197160209Z,01M0TSZV8KEDQHAT4X33M1GG1C,2026-08-24T21:29:09.232845357Z,0,2026-08-24T21:29:09.232845357Z,true,2026-08-24T21:52:03.976660229Z,selection,2026-08-24T21:29:09.232845357Z,01M0TTTPMHDVPW2W59Q2M5JPMT,2026-08-24T21:29:09.232845357Z,1787608323987,2026-08-24T21:52:03.988589232Z,true,2026-08-24T21:52:03.94289382Z,true,2026-08-24T21:52:04.004081777Z,01M0TTTQB98DCD1H6NJ9RYNNGX,2026-08-24T21:29:09.232845357Z
01M0TTA5N2RKKWWT8E9BMSEC3E,01M0TSZV7X3D77NKMM5CDCW4Z6,2026-08-24T21:20:06.818946193Z,3,2026-08-24T21:20:06.818946193Z,true,2026-08-24T21:30:50.203182425Z,01M0TSZV8KEDQHAT4X3FNKVS2B,2026-08-24T21:20:06.818946193Z,1,2026-08-24T21:20:06.818946193Z,true,2026-08-24T21:30:47.163425769Z,feedback,2026-08-24T21:20:06.818946193Z,01M0TTA5ED49FD5EF2R37GW7CN,2026-08-24T21:20:06.818946193Z,1787607047179,2026-08-24T21:30:47.181295277Z,true,2026-08-24T21:30:47.126644544Z,true,2026-08-24T21:30:47.193404293Z,01M0TTA5MX1PFNZ4VY0ZQ1XYYW,2026-08-24T21:20:06.818946193Z
01M0TTNSKY62N4PCPDE91HS9XK,01M0TSZGJXR0N6DNTNARWRMFQ4,2026-08-24T21:26:27.710086691Z,60,2026-08-24T21:26:27.710086691Z,false,2026-08-24T21:26:27.710086691Z,01M0TSZGKJQW5S4GCP9150DNN9,2026-08-24T21:26:27.710086691Z,0,2026-08-24T21:26:27.710086691Z,,,selection,2026-08-24T21:26:27.710086691Z,01M0TTNREESGZPRAQ58EHMQTXM,2026-08-24T21:26:27.710086691Z,,,false,2026-08-24T21:26:27.710086691Z,,,01M0TTNSKSGRQY8EHASDPBHKSZ,2026-08-24T21:26:27.710086691Z
01M0TTTPZ00ZCVD6NNZ02BAAV6,01M0TSZV7X3D77NKMM5CDCW4Z6,2026-08-24T21:29:08.832145424Z,60,2026-08-24T21:29:08.832145424Z,true,2026-08-24T21:43:19.206904605Z,01M0TSZV8KEDQHAT4X33M1GG1C,2026-08-24T21:29:08.832145424Z,0,2026-08-24T21:29:08.832145424Z,true,2026-08-24T21:42:32.697687783Z,selection,2026-08-24T21:29:08.832145424Z,01M0TTTPFT16T9WEVSRXNCR931,2026-08-24T21:29:08.832145424Z,1787607752706,2026-08-24T21:42:32.707422829Z,true,2026-08-24T21:42:32.661741585Z,true,2026-08-24T21:42:32.720019637Z,01M0TTTPYQSEXB92GPHGVGNCAH,2026-08-24T21:29:08.832145424Z
01M0TT9KWV3NRPMAVJW32FFVVW,01M0TSZGJXR0N6DNTNARWRMFQ4,2026-08-24T21:19:48.635370286Z,3,2026-08-24T21:19:48.635370286Z,false,2026-08-24T21:19:48.635370286Z,01M0TSZGKE32G3R2H2EPQFBQNN,2026-08-24T21:19:48.635370286Z,1,2026-08-24T21:19:48.635370286Z,,,feedback,2026-08-24T21:19:48.635370286Z,01M0TT9KFH3Q5DMBAY9ZVYZ1AG,2026-08-24T21:19:48.635370286Z,,,false,2026-08-24T21:19:48.635370286Z,,,01M0TT9KWQ6GNMGE1P96PMZY2Q,2026-08-24T21:19:48.635370286Z
01M0TTKNRA7WKHXCYY9A2W67DQ,01M0TSZEX52H0PZDJFB4JNEAFW,2026-08-24T21:25:18.218299005Z,60,2026-08-24T21:25:18.218299005Z,true,2026-08-24T21:48:18.878329448Z,01M0TSZEY173D8F3KEP071GR06,2026-08-24T21:25:18.218299005Z,0,2026-08-24T21:25:18.218299005Z,true,2026-08-24T21:48:03.998702906Z,selection,2026-08-24T21:25:18.218299005Z,01M0TTKN17QG7F0FB7MBTZ41GD,2026-08-24T21:25:18.218299005Z,1787608084008,2026-08-24T21:48:04.009846052Z,true,2026-08-24T21:48:03.957877712Z,true,2026-08-24T21:48:04.025601796Z,01M0TTKNR5G9WPDQJMVNM16DSH,2026-08-24T21:25:18.218299005Z
01M0TTMRPMZMHT5EXQFE0VP83B,01M0TSZV7X3D77NKMM5CDCW4Z6,2026-08-24T21:25:54.004617968Z,3,2026-08-24T21:25:54.004617968Z,true,2026-08-24T21:49:28.604735843Z,01M0TSZV8ERABP36QP2627EVMT,2026-08-24T21:25:54.004617968Z,1,2026-08-24T21:25:54.004617968Z,true,2026-08-24T21:49:25.455386759Z,feedback,2026-08-24T21:25:54.004617968Z,01M0TTMQWWY5QZPJ584F5E43GE,2026-08-24T21:25:54.004617968Z,1787608165468,2026-08-24T21:49:25.469764835Z,true,2026-08-24T21:49:25.392544552Z,true,2026-08-24T21:49:25.485353364Z,01M0TTMRPH26R048HM32WMCZX2,2026-08-24T21:25:54.004617968Z
01M0TTNRRA7A6MD4G1GMMKT4YE,01M0TSZGJXR0N6DNTNARWRMFQ4,2026-08-24T21:26:26.826805259Z,3,2026-08-24T21:26:26.826805259Z,true,2026-08-24T22:28:13.882406704Z,01M0TSZGKJQW5S4GCP9150DNN9,2026-08-24T21:26:26.826805259Z,1,2026-08-24T21:26:26.826805259Z,true,2026-08-24T22:28:10.814168453Z,feedback,2026-08-24T21:26:26.826805259Z,01M0TTNRC0052ZHZ6D8NAY45VC,2026-08-24T21:26:26.826805259Z,1787610490840,2026-08-24T22:28:10.84258793Z,true,2026-08-24T22:28:10.757082414Z,true,2026-08-24T22:28:10.865019527Z,01M0TTNRR5AN6EK7TWRCTSFQMK,2026-08-24T21:26:26.826805259Z
01M0TTEYY45GCH7DTRQ78412EN,01M0TSZEX52H0PZDJFB4JNEAFW,2026-08-24T21:22:43.780443211Z,3,2026-08-24T21:22:43.780443211Z,true,2026-08-24T21:52:34.62652881Z,01M0TSZEY44B7XSP574QH2WQPJ,2026-08-24T21:22:43.780443211Z,1,2026-08-24T21:22:43.780443211Z,true,2026-08-24T21:52:31.577934538Z,feedback,2026-08-24T21:22:43.780443211Z,01M0TTEY34HWQBR9JMXVTS92B0,2026-08-24T21:22:43.780443211Z,1787608351589,2026-08-24T21:52:31.591112965Z,true,2026-08-24T21:52:31.522870847Z,true,2026-08-24T21:52:31.608739238Z,01M0TTEYY1VNESNQJHY4YSERYM,2026-08-24T21:22:43.780443211Z
01M0TTMRAMCD0NT7NS0119V3T1,01M0TSZV7X3D77NKMM5CDCW4Z6,2026-08-24T21:25:53.620643444Z,60,2026-08-24T21:25:53.620643444Z,true,2026-08-24T21:41:25.426473214Z,01M0TSZV8ERABP36QP2627EVMT,2026-08-24T21:25:53.620643444Z,0,2026-08-24T21:25:53.620643444Z,true,2026-08-24T21:41:07.951587257Z,selection,2026-08-24T21:25:53.620643444Z,01M0TTMQT5JRJRVW2VZ2RYY4VE,2026-08-24T21:25:53.620643444Z,1787607667960,2026-08-24T21:41:07.96218894Z,true,2026-08-24T21:41:07.904783423Z,true,2026-08-24T21:41:07.973830603Z,01M0TTMRAGDPFF2H6SQR5GQC87,2026-08-24T21:25:53.620643444Z
01M0TTTRBBGTQHS3E4253BW6G9,01M0TSZV7X3D77NKMM5CDCW4Z6,2026-08-24T21:29:10.251485015Z,3,2026-08-24T21:29:10.251485015Z,true,2026-08-24T22:09:54.6097082Z,01M0TSZV8KEDQHAT4X33M1GG1C,2026-08-24T21:29:10.251485015Z,1,2026-08-24T21:29:10.251485015Z,true,2026-08-24T22:09:51.570342222Z,feedback,2026-08-24T21:29:10.251485015Z,01M0TTTPHKD6DPPYPNE626NDTP,2026-08-24T21:29:10.251485015Z,1787609391585,2026-08-24T22:09:51.587268191Z,true,2026-08-24T22:09:51.520863395Z,true,2026-08-24T22:09:51.605603239Z,01M0TTTRAYY3CSKGSJ84S9WZ6E,2026-08-24T21:29:10.251485015Z
01M0TVKAH12WPSSC3ZFEN94Y9X,01M0TTMTH8JPTHXWGXYEY1VFR8,2026-08-24T21:42:35.297734204Z,60,2026-08-24T21:42:35.297734204Z,true,2026-08-24T21:52:02.088998108Z,01M0TTMWMG725DJ5GA5M4WD8SY,2026-08-24T21:42:35.297734204Z,0,2026-08-24T21:42:35.297734204Z,true,2026-08-24T21:51:30.015676841Z,selection,2026-08-24T21:42:35.297734204Z,01M0TVK9J8E8FNRC8P0F4ESQTK,2026-08-24T21:42:35.297734204Z,1787608290030,2026-08-24T21:51:30.032324125Z,true,2026-08-24T21:51:29.978363235Z,true,2026-08-24T21:51:30.044850827Z,01M0TVKAGXBSDG2AFBVJ52BVHD,2026-08-24T21:42:35.297734204Z
01M0TTK25V1XK89WKRZTVDCH4D,01M0TSZEX52H0PZDJFB4JNEAFW,2026-08-24T21:24:58.171144448Z,60,2026-08-24T21:24:58.171144448Z,true,2026-08-24T22:14:34.558034371Z,01M0TSZEY54T11A9AMGVA6T4ZB,2026-08-24T21:24:58.171144448Z,0,2026-08-24T21:24:58.171144448Z,true,2026-08-24T22:14:10.733232935Z,selection,2026-08-24T21:24:58.171144448Z,01M0TTK10PNVC42JJQDKQ51ZNS,2026-08-24T21:24:58.171144448Z,1787609650751,2026-08-24T22:14:10.752777699Z,true,2026-08-24T22:14:10.681615689Z,true,2026-08-24T22:14:10.776445422Z,01M0TTK25PR5PCRJ63SSYZMG6Q,2026-08-24T21:24:58.171144448Z
01M0TTKE76E9KB28KRFZ42MV9H,01M0TSZGJXR0N6DNTNARWRMFQ4,2026-08-24T21:25:10.502800347Z,3,2026-08-24T21:25:10.502800347Z,false,2026-08-24T21:25:10.502800347Z,01M0TSZGKM72FFW193EYG47F25,2026-08-24T21:25:10.502800347Z,1,2026-08-24T21:25:10.502800347Z,,,feedback,2026-08-24T21:25:10.502800347Z,01M0TTKDF0FWNK6N0W27RKEF6F,2026-08-24T21:25:10.502800347Z,,,false,2026-08-24T21:25:10.502800347Z,,,01M0TTKE71BZBX89VJTK6R0CEB,2026-08-24T21:25:10.502800347Z
01M0TTKDZ0WXWJ3N7BDMJ89GQ0,01M0TSZGJXR0N6DNTNARWRMFQ4,2026-08-24T21:25:10.240924141Z,60,2026-08-24T21:25:10.240924141Z,false,2026-08-24T21:25:10.240924141Z,01M0TSZGKM72FFW193EYG47F25,2026-08-24T21:25:10.240924141Z,0,2026-08-24T21:25:10.240924141Z,,,selection,2026-08-24T21:25:10.240924141Z,01M0TTKDDN6JBRG2ZTKGE45ZC7,2026-08-24T21:25:10.240924141Z,,,false,2026-08-24T21:25:10.240924141Z,,,01M0TTKDYW3RTGNREXM1R4Z7MK,2026-08-24T21:25:10.240924141Z
01M0TTKEA2A35M3NDH9AM8F5XE,01M0TSZGJXR0N6DNTNARWRMFQ4,2026-08-24T21:25:10.594084765Z,60,2026-08-24T21:25:10.594084765Z,false,2026-08-24T21:25:10.594084765Z,01M0TSZGKM72FFW193EYG47F25,2026-08-24T21:25:10.594084765Z,0,2026-08-24T21:25:10.594084765Z,,,selection,2026-08-24T21:25:10.594084765Z,01M0TTKDFH4B0Z8EW26D39WSC9,2026-08-24T21:25:10.594084765Z,,,false,2026-08-24T21:25:10.594084765Z,,,01M0TTKE9X7R5MADAB2TJ1C8KR,2026-08-24T21:25:10.594084765Z
01M0TTNSP5GNYAPE8S6B1Z68RA,01M0TSZGJXR0N6DNTNARWRMFQ4,2026-08-24T21:26:27.781208565Z,3,2026-08-24T21:26:27.781208565Z,false,2026-08-24T21:26:27.781208565Z,01M0TSZGKJQW5S4GCP9150DNN9,2026-08-24T21:26:27.781208565Z,1,2026-08-24T21:26:27.781208565Z,,,feedback,2026-08-24T21:26:27.781208565Z,01M0TTNRE2X8FMPFKM0R8X9986,2026-08-24T21:26:27.781208565Z,,,false,2026-08-24T21:26:27.781208565Z,,,01M0TTNSNZ241B7RZANQYE6QMF,2026-08-24T21:26:27.781208565Z
01M0TTEYDSQ958WYNE66F0NZZ0,01M0TSZEX52H0PZDJFB4JNEAFW,2026-08-24T21:22:43.257611043Z,3,2026-08-24T21:22:43.257611043Z,true,2026-08-24T21:32:41.381863833Z,01M0TSZEY44B7XSP574QH2WQPJ,2026-08-24T21:22:43.257611043Z,1,2026-08-24T21:22:43.257611043Z,true,2026-08-24T21:32:38.352907813Z,feedback,2026-08-24T21:22:43.257611043Z,01M0TTEY2RD7JP52P8H0GFRMZ9,2026-08-24T21:22:43.257611043Z,1787607158363,2026-08-24T21:32:38.365439999Z,true,2026-08-24T21:32:38.308979298Z,true,2026-08-24T21:32:38.386437073Z,01M0TTEYDN6PDFM6WXAFNRY6MC,2026-08-24T21:22:43.257611043Z
01M0TTKDKPQ7H965EAVPVKMZE0,01M0TSZGJXR0N6DNTNARWRMFQ4,2026-08-24T21:25:09.878958392Z,60,2026-08-24T21:25:09.878958392Z,false,2026-08-24T21:25:09.878958392Z,01M0TSZGKM72FFW193EYG47F25,2026-08-24T21:25:09.878958392Z,0,2026-08-24T21:25:09.878958392Z,,,selection,2026-08-24T21:25:09.878958392Z,01M0TTKD95WSFHBSV1H76EAWNR,2026-08-24T21:25:09.878958392Z,,,false,2026-08-24T21:25:09.878958392Z,,,01M0TTKDKJGN4687XWNZSB8YGE,2026-08-24T21:25:09.878958392Z
01M0TVKBN2AW36W98PK5A9XR6M,01M0TTMTH8JPTHXWGXYEY1VFR8,2026-08-24T21:42:36.450852518Z,3,2026-08-24T21:42:36.450852518Z,true,2026-08-24T22:01:05.226048539Z,01M0TTMWMG725DJ5GA5M4WD8SY,2026-08-24T21:42:36.450852518Z,1,2026-08-24T21:42:36.450852518Z,true,2026-08-24T22:01:02.191027807Z,feedback,2026-08-24T21:42:36.450852518Z,01M0TVK9N08W67NXC1GMWKNZAA,2026-08-24T21:42:36.450852518Z,1787608862206,2026-08-24T22:01:02.208152026Z,true,2026-08-24T22:01:02.149477196Z,true,2026-08-24T22:01:02.228808108Z,01M0TVKBMS9C2TE9Q16EMBX70M,2026-08-24T21:42:36.450852518Z
01M0TTA5NKER8EN182GC3TBQFH,01M0TSZV7X3D77NKMM5CDCW4Z6,2026-08-24T21:20:06.835626486Z,3,2026-08-24T21:20:06.835626486Z,true,2026-08-24T21:31:33.292642942Z,01M0TSZV8KEDQHAT4X3FNKVS2B,2026-08-24T21:20:06.835626486Z,1,2026-08-24T21:20:06.835626486Z,true,2026-08-24T21:31:30.256829847Z,feedback,2026-08-24T21:20:06.835626486Z,01M0TTA5EAK519BNB30QS8S9R2,2026-08-24T21:20:06.835626486Z,1787607090272,2026-08-24T21:31:30.273673152Z,true,2026-08-24T21:31:30.21423299Z,true,2026-08-24T21:31:30.289520407Z,01M0TTA5NG5J8ZFFCSGJ4STPZ2,2026-08-24T21:20:06.835626486Z
01M0TTK1N2D5SNJTKFT1WC3ZYP,01M0TSZEX52H0PZDJFB4JNEAFW,2026-08-24T21:24:57.634451398Z,60,2026-08-24T21:24:57.634451398Z,true,2026-08-24T21:59:30.189819448Z,01M0TSZEY54T11A9AMGVA6T4ZB,2026-08-24T21:24:57.634451398Z,0,2026-08-24T21:24:57.634451398Z,true,2026-08-24T21:59:10.467120515Z,selection,2026-08-24T21:24:57.634451398Z,01M0TTK15G6637TDRDVJT4BVV7,2026-08-24T21:24:57.634451398Z,1787608750481,2026-08-24T21:59:10.482673823Z,true,2026-08-24T21:59:10.420929199Z,true,2026-08-24T21:59:10.498275983Z,01M0TTK1MWF6QGPQXHXRGS9HDW,2026-08-24T21:24:57.634451398Z
01M0TTTRNWJ0BGXZM2EH256MFD,01M0TSZV7X3D77NKMM5CDCW4Z6,2026-08-24T21:29:10.588116695Z,60,2026-08-24T21:29:10.588116695Z,true,2026-08-24T22:15:07.572117211Z,01M0TSZV8KEDQHAT4X33M1GG1C,2026-08-24T21:29:10.588116695Z,0,2026-08-24T21:29:10.588116695Z,true,2026-08-24T22:14:35.723248726Z,selection,2026-08-24T21:29:10.588116695Z,01M0TTTPV426FRCXCMNSFC5QKF,2026-08-24T21:29:10.588116695Z,1787609675751,2026-08-24T22:14:35.752787766Z,true,2026-08-24T22:14:35.65804424Z,true,2026-08-24T22:14:35.768287701Z,01M0TTTRNNA9T02E6F6KXPCD98,2026-08-24T21:29:10.588116695Z
01M0TTA5W8083ZAWES52Q4F4QQ,01M0TSZV7X3D77NKMM5CDCW4Z6,2026-08-24T21:20:07.050668153Z,3,2026-08-24T21:20:07.050668153Z,true,2026-08-24T21:38:36.566330991Z,01M0TSZV8KEDQHAT4X3FNKVS2B,2026-08-24T21:20:07.050668153Z,1,2026-08-24T21:20:07.050668153Z,true,2026-08-24T21:38:33.539107169Z,feedback,2026-08-24T21:20:07.050668153Z,01M0TTA5ARN7Z84S1GBMGKAPTZ,2026-08-24T21:20:07.050668153Z,1787607513544,2026-08-24T21:38:33.546061197Z,true,2026-08-24T21:38:33.506906791Z,true,2026-08-24T21:38:33.55536348Z,01M0TTA5W4E2X8TKVABCE0FWMJ,2026-08-24T21:20:07.050668153Z
01M0TTNS2NGCNB2APQFCB647CV,01M0TSZGJXR0N6DNTNARWRMFQ4,2026-08-24T21:26:27.157773663Z,60,2026-08-24T21:26:27.157773663Z,false,2026-08-24T21:26:27.157773663Z,01M0TSZGKJQW5S4GCP9150DNN9,2026-08-24T21:26:27.157773663Z,0,2026-08-24T21:26:27.157773663Z,,,selection,2026-08-24T21:26:27.157773663Z,01M0TTNRFZ4EN6MVXYVJHY4JDD,2026-08-24T21:26:27.157773663Z,,,false,2026-08-24T21:26:27.157773663Z,,,01M0TTNS2H3ZXKSW1KPDA3MNVT,2026-08-24T21:26:27.157773663Z
01M0TTA5VMR22Y4D9J0DX8B22M,01M0TSZV7X3D77NKMM5CDCW4Z6,2026-08-24T21:20:07.028074584Z,60,2026-08-24T21:20:07.028074584Z,true,2026-08-24T21:37:54.26864155Z,01M0TSZV8KEDQHAT4X3FNKVS2B,2026-08-24T21:20:07.028074584Z,0,2026-08-24T21:20:07.028074584Z,true,2026-08-24T21:37:37.70019734Z,selection,2026-08-24T21:20:07.028074584Z,01M0TTA5BSCDB9GAG40B9X1Z5T,2026-08-24T21:20:07.028074584Z,1787607457707,2026-08-24T21:37:37.709136498Z,true,2026-08-24T21:37:37.664819747Z,true,2026-08-24T21:37:37.727364209Z,01M0TTA5VD3XBJA5QW4N89KGVN,2026-08-24T21:20:07.028074584Z
01M0TTK1D95FPVSGDY9KGX1JP5,01M0TSZEX52H0PZDJFB4JNEAFW,2026-08-24T21:24:57.385625023Z,60,2026-08-24T21:24:57.385625023Z,true,2026-08-24T21:47:30.089247923Z,01M0TSZEY54T11A9AMGVA6T4ZB,2026-08-24T21:24:57.385625023Z,0,2026-08-24T21:24:57.385625023Z,true,2026-08-24T21:46:40.903540585Z,selection,2026-08-24T21:24:57.385625023Z,01M0TTK10QQ6H2NYEEFZ8V0EVP,2026-08-24T21:24:57.385625023Z,1787608000917,2026-08-24T21:46:40.918785928Z,true,2026-08-24T21:46:40.851674235Z,true,2026-08-24T21:46:40.936200907Z,01M0TTK1D1H6SJ4AYTRS1J2QGE,2026-08-24T21:24:57.385625023Z
01M0TTKEERENGQAX4NQV6D6M6H,01M0TSZGJXR0N6DNTNARWRMFQ4,2026-08-24T21:25:10.744855374Z,60,2026-08-24T21:25:10.744855374Z,false,2026-08-24T21:25:10.744855374Z,01M0TSZGKM72FFW193EYG47F25,2026-08-24T21:25:10.744855374Z,0,2026-08-24T21:25:10.744855374Z,,,selection,2026-08-24T21:25:10.744855374Z,01M0TTKDG6C5PKFTSV7J4CNFAC,2026-08-24T21:25:10.744855374Z,,,false,2026-08-24T21:25:10.744855374Z,,,01M0TTKEEC10F5QAAZRKEP83AG,2026-08-24T21:25:10.744855374Z
01M0TTNSC12DY3Y5NKWXV93JPY,01M0TSZGJXR0N6DNTNARWRMFQ4,2026-08-24T21:26:27.457236568Z,3,2026-08-24T21:26:27.457236568Z,false,2026-08-24T21:26:27.457236568Z,01M0TSZGKJQW5S4GCP9150DNN9,2026-08-24T21:26:27.457236568Z,1,2026-08-24T21:26:27.457236568Z,,,feedback,2026-08-24T21:26:27.457236568Z,01M0TTNRMABP1WE91S8WNKF4KB,2026-08-24T21:26:27.457236568Z,,,false,2026-08-24T21:26:27.457236568Z,,,01M0TTNSBTXDX9JS32QTGYYH38,2026-08-24T21:26:27.457236568Z
01M0TTTRJHRRYZB29SSDKACBW4,01M0TSZV7X3D77NKMM5CDCW4Z6,2026-08-24T21:29:10.481210453Z,60,2026-08-24T21:29:10.481210453Z,true,2026-08-24T22:13:19.125862208Z,01M0TSZV8KEDQHAT4X33M1GG1C,2026-08-24T21:29:10.481210453Z,0,2026-08-24T21:29:10.481210453Z,true,2026-08-24T22:12:50.73096901Z,selection,2026-08-24T21:29:10.481210453Z,01M0TTTPHX0CMGRHJRSH2N3VD7,2026-08-24T21:29:10.481210453Z,1787609570745,2026-08-24T22:12:50.747151045Z,true,2026-08-24T22:12:50.676029709Z,true,2026-08-24T22:12:50.772205963Z,01M0TTTRJA93B5FYW51FBGDC5V,2026-08-24T21:29:10.481210453Z
01M0TT9KYJFWSRK037S8F2ES0G,01M0TSZGJXR0N6DNTNARWRMFQ4,2026-08-24T21:19:48.691030145Z,60,2026-08-24T21:19:48.691030145Z,false,2026-08-24T21:19:48.691030145Z,01M0TSZGKE32G3R2H2EPQFBQNN,2026-08-24T21:19:48.691030145Z,0,2026-08-24T21:19:48.691030145Z,,,selection,2026-08-24T21:19:48.691030145Z,01M0TT9KHQMY5S3WJFWXA4C9F9,2026-08-24T21:19:48.691030145Z,,,false,2026-08-24T21:19:48.691030145Z,,,01M0TT9KYBXRW7SJEH6P0ETZ9A,2026-08-24T21:19:48.691030145Z
01M0TTA5G39DAMAJN6MGPFJHWR,01M0TSZV7X3D77NKMM5CDCW4Z6,2026-08-24T21:20:06.659330361Z,3,2026-08-24T21:20:06.659330361Z,true,2026-08-24T21:23:30.649418879Z,01M0TSZV8KEDQHAT4X3FNKVS2B,2026-08-24T21:20:06.659330361Z,1,2026-08-24T21:20:06.659330361Z,true,2026-08-24T21:23:27.629391399Z,feedback,2026-08-24T21:20:06.659330361Z,01M0TTA57A3P5GSCP7H7KDT4DA,2026-08-24T21:20:06.659330361Z,1787606607633,2026-08-24T21:23:27.634306931Z,true,2026-08-24T21:23:27.616732683Z,true,2026-08-24T21:23:27.644229056Z,01M0TTA5FYZVTR2N9HR4HSBC3P,2026-08-24T21:20:06.659330361Z
01M0TTNS8Y6Z7B4N9H0ZD4YBAF,01M0TSZGJXR0N6DNTNARWRMFQ4,2026-08-24T21:26:27.358128248Z,60,2026-08-24T21:26:27.358128248Z,false,2026-08-24T21:26:27.358128248Z,01M0TSZGKJQW5S4GCP9150DNN9,2026-08-24T21:26:27.358128248Z,0,2026-08-24T21:26:27.358128248Z,,,selection,2026-08-24T21:26:27.358128248Z,01M0TTNRNA0NN0WF3D3N3FCM6F,2026-08-24T21:26:27.358128248Z,,,false,2026-08-24T21:26:27.358128248Z,,,01M0TTNS8R93XXFB6YKZK7M8KQ,2026-08-24T21:26:27.358128248Z
01M0TTYRZ10KYHDQZGNTGEX6SP,01M0TTMTH8JPTHXWGXYEY1VFR8,2026-08-24T21:31:21.95326994Z,3,2026-08-24T21:31:21.95326994Z,false,2026-08-24T21:31:21.95326994Z,01M0TTMWMDPGAHQRDA7BZJ8FEZ,2026-08-24T21:31:21.95326994Z,1,2026-08-24T21:31:21.95326994Z,,,feedback,2026-08-24T21:31:21.95326994Z,01M0TTYQB2ZM0CY9NGSF3P2N44,2026-08-24T21:31:21.95326994Z,,,false,2026-08-24T21:31:21.95326994Z,,,01M0TTYRYJDPYNPJ09XX6CAEQK,2026-08-24T21:31:21.95326994Z
01M0TVKB0XWN9EMC27H6GWKQCV,01M0TTMTH8JPTHXWGXYEY1VFR8,2026-08-24T21:42:35.805476162Z,60,2026-08-24T21:42:35.805476162Z,true,2026-08-24T21:56:31.016494084Z,01M0TTMWMG725DJ5GA5M4WD8SY,2026-08-24T21:42:35.805476162Z,0,2026-08-24T21:42:35.805476162Z,true,2026-08-24T21:56:17.05984141Z,selection,2026-08-24T21:42:35.805476162Z,01M0TVK9PRTXH8T1DVMHTFBGJ6,2026-08-24T21:42:35.805476162Z,1787608577072,2026-08-24T21:56:17.073542926Z,true,2026-08-24T21:56:17.014898253Z,true,2026-08-24T21:56:17.089652777Z,01M0TVKB0S4SF693821NDNCXY6,2026-08-24T21:42:35.805476162Z
01M0TVKB4T7F9BJB87915GD0V7,01M0TTMTH8JPTHXWGXYEY1VFR8,2026-08-24T21:42:35.930938253Z,60,2026-08-24T21:42:35.930938253Z,true,2026-08-24T21:57:21.025457254Z,01M0TTMWMG725DJ5GA5M4WD8SY,2026-08-24T21:42:35.930938253Z,0,2026-08-24T21:42:35.930938253Z,true,2026-08-24T21:57:12.451701604Z,selection,2026-08-24T21:42:35.930938253Z,01M0TVK9RA1ST8FS64EAZNK5JF,2026-08-24T21:42:35.930938253Z,1787608632465,2026-08-24T21:57:12.466678015Z,true,2026-08-24T21:57:12.412055787Z,true,2026-08-24T21:57:12.485410582Z,01M0TVKB4M0NEPMNHF0FCFNSF0,2026-08-24T21:42:35.930938253Z
01M0TTEYENTP33915ECSBH50BY,01M0TSZEX52H0PZDJFB4JNEAFW,2026-08-24T21:22:43.28550033Z,60,2026-08-24T21:22:43.28550033Z,true,2026-08-24T21:34:04.726300385Z,01M0TSZEY44B7XSP574QH2WQPJ,2026-08-24T21:22:43.28550033Z,0,2026-08-24T21:22:43.28550033Z,true,2026-08-24T21:33:25.691030693Z,selection,2026-08-24T21:22:43.28550033Z,01M0TTEY4MMS5E1JT7FRV7HKEP,2026-08-24T21:22:43.28550033Z,1787607205701,2026-08-24T21:33:25.702889014Z,true,2026-08-24T21:33:25.645037965Z,true,2026-08-24T21:33:25.717626381Z,01M0TTEYEG13NFP539HBA4EF84,2026-08-24T21:22:43.28550033Z
01M0TTKDPNAHRA9E7J97960YEB,01M0TSZGJXR0N6DNTNARWRMFQ4,2026-08-24T21:25:09.973058538Z,3,2026-08-24T21:25:09.973058538Z,false,2026-08-24T21:25:09.973058538Z,01M0TSZGKM72FFW193EYG47F25,2026-08-24T21:25:09.973058538Z,1,2026-08-24T21:25:09.973058538Z,,,feedback,2026-08-24T21:25:09.973058538Z,01M0TTKD9QKW72TZS00NN9MRBT,2026-08-24T21:25:09.973058538Z,,,false,2026-08-24T21:25:09.973058538Z,,,01M0TTKDPE6TKC4MYM23QWJJ64,2026-08-24T21:25:09.973058538Z
01M0TTKNYBMAWDDVHP8AXCBWFS,01M0TSZEX52H0PZDJFB4JNEAFW,2026-08-24T21:25:18.411905411Z,60,2026-08-24T21:25:18.411905411Z,true,2026-08-24T21:53:03.21040652Z,01M0TSZEY173D8F3KEP071GR06,2026-08-24T21:25:18.411905411Z,0,2026-08-24T21:25:18.411905411Z,true,2026-08-24T21:52:22.255930653Z,selection,2026-08-24T21:25:18.411905411Z,01M0TTKN3HBAY46JTB2H13W23W,2026-08-24T21:25:18.411905411Z,1787608342273,2026-08-24T21:52:22.276640622Z,true,2026-08-24T21:52:22.210180829Z,true,2026-08-24T21:52:22.315566312Z,01M0TTKNY7YM0RNSEP6KANMQBF,2026-08-24T21:25:18.411905411Z
01M0TTNS85GDNECQEYQ33VMT5T,01M0TSZGJXR0N6DNTNARWRMFQ4,2026-08-24T21:26:27.333374323Z,60,2026-08-24T21:26:27.333374323Z,false,2026-08-24T21:26:27.333374323Z,01M0TSZGKJQW5S4GCP9150DNN9,2026-08-24T21:26:27.333374323Z,0,2026-08-24T21:26:27.333374323Z,,,selection,2026-08-24T21:26:27.333374323Z,01M0TTNRNDZVZ3ZKE7HKHSDX17,2026-08-24T21:26:27.333374323Z,,,false,2026-08-24T21:26:27.333374323Z,,,01M0TTNS7Z1XE3F7SE3VSTA8Q5,2026-08-24T21:26:27.333374323Z
01M0TTA5N2RKKWWT8E8QXR02KB,01M0TSZV7X3D77NKMM5CDCW4Z6,2026-08-24T21:20:06.81806893Z,60,2026-08-24T21:20:06.81806893Z,true,2026-08-24T21:30:47.102427072Z,01M0TSZV8KEDQHAT4X3FNKVS2B,2026-08-24T21:20:06.81806893Z,0,2026-08-24T21:20:06.81806893Z,true,2026-08-24T21:30:10.46513653Z,selection,2026-08-24T21:20:06.81806893Z,01M0TTA5ED49FD5EF2R37GW7CN,2026-08-24T21:20:06.81806893Z,1787607010472,2026-08-24T21:30:10.473914651Z,true,2026-08-24T21:30:10.426960205Z,true,2026-08-24T21:30:10.494577788Z,01M0TTA5MSR528WS8BAFKS9EFD,2026-08-24T21:20:06.81806893Z
01M0TTKN88466DMGYT77R5RTSN,01M0TSZEX52H0PZDJFB4JNEAFW,2026-08-24T21:25:17.704481599Z,60,2026-08-24T21:25:17.704481599Z,true,2026-08-24T21:37:14.048461032Z,01M0TSZEY173D8F3KEP071GR06,2026-08-24T21:25:17.704481599Z,0,2026-08-24T21:25:17.704481599Z,true,2026-08-24T21:36:41.852173311Z,selection,2026-08-24T21:25:17.704481599Z,01M0TTKMSS9W4T8PKSH5YQQME7,2026-08-24T21:25:17.704481599Z,1787607401864,2026-08-24T21:36:41.866279812Z,true,2026-08-24T21:36:41.814508329Z,true,2026-08-24T21:36:41.876792597Z,01M0TTKN836SXGHQHP4YW27RTG,2026-08-24T21:25:17.704481599Z
01M0TTEYG4JKP55AD7GBN9RVDK,01M0TSZEX52H0PZDJFB4JNEAFW,2026-08-24T21:22:43.332215468Z,60,2026-08-24T21:22:43.332215468Z,true,2026-08-24T21:36:18.55509042Z,01M0TSZEY44B7XSP574QH2WQPJ,2026-08-24T21:22:43.332215468Z,0,2026-08-24T21:22:43.332215468Z,true,2026-08-24T21:35:42.593821568Z,selection,2026-08-24T21:22:43.332215468Z,01M0TTEY3D0GQVSJA5PEFTM624,2026-08-24T21:22:43.332215468Z,1787607342601,2026-08-24T21:35:42.603019722Z,true,2026-08-24T21:35:42.560355764Z,true,2026-08-24T21:35:42.620529492Z,01M0TTEYG00M96YC4W875FQR11,2026-08-24T21:22:43.332215468Z
01M0TTEYZCAHFBCRD1WT1DZ6D9,01M0TSZEX52H0PZDJFB4JNEAFW,2026-08-24T21:22:43.820773474Z,3,2026-08-24T21:22:43.820773474Z,true,2026-08-24T21:53:53.903874436Z,01M0TSZEY44B7XSP574QH2WQPJ,2026-08-24T21:22:43.820773474Z,1,2026-08-24T21:22:43.820773474Z,true,2026-08-24T21:53:50.852706255Z,feedback,2026-08-24T21:22:43.820773474Z,01M0TTEY64R7ZAJ65J7PW8RAWH,2026-08-24T21:22:43.820773474Z,1787608430866,2026-08-24T21:53:50.867443947Z,true,2026-08-24T21:53:50.803732063Z,true,2026-08-24T21:53:50.887921881Z,01M0TTEYZ98ZKS3QP538X86PMX,2026-08-24T21:22:43.820773474Z
01M0TTKDJVH49RJ4DEAXANV2XF,01M0TSZGJXR0N6DNTNARWRMFQ4,2026-08-24T21:25:09.851973001Z,3,2026-08-24T21:25:09.851973001Z,false,2026-08-24T21:25:09.851973001Z,01M0TSZGKM72FFW193EYG47F25,2026-08-24T21:25:09.851973001Z,1,2026-08-24T21:25:09.851973001Z,,,feedback,2026-08-24T21:25:09.851973001Z,01M0TTKD93MT9XZJ8NEPRRVN4K,2026-08-24T21:25:09.851973001Z,,,false,2026-08-24T21:25:09.851973001Z,,,01M0TTKDJRZY6FHGQ682X9H42C,2026-08-24T21:25:09.851973001Z
01M0TTKNCCMFEJGBNCN2DXJ026,01M0TSZEX52H0PZDJFB4JNEAFW,2026-08-24T21:25:17.836449101Z,3,2026-08-24T21:25:17.836449101Z,true,2026-08-24T21:40:12.166806197Z,01M0TSZEY173D8F3KEP071GR06,2026-08-24T21:25:17.836449101Z,1,2026-08-24T21:25:17.836449101Z,true,2026-08-24T21:40:09.130571447Z,feedback,2026-08-24T21:25:17.836449101Z,01M0TTKMTXC146RW0950DANKEG,2026-08-24T21:25:17.836449101Z,1787607609143,2026-08-24T21:40:09.144371199Z,true,2026-08-24T21:40:09.096924836Z,true,2026-08-24T21:40:09.156466806Z,01M0TTKNC7G7SCSYF9ZXFGWG0D,2026-08-24T21:25:17.836449101Z
01M0TT9MD9TBXHB68B4FNX165W,01M0TSZGJXR0N6DNTNARWRMFQ4,2026-08-24T21:19:49.162820784Z,3,2026-08-24T21:19:49.162820784Z,false,2026-08-24T21:19:49.162820784Z,01M0TSZGKE32G3R2H2EPQFBQNN,2026-08-24T21:19:49.162820784Z,1,2026-08-24T21:19:49.162820784Z,,,feedback,2026-08-24T21:19:49.162820784Z,01M0TT9KJVE9NCK1N0H3X8PJ85,2026-08-24T21:19:49.162820784Z,,,false,2026-08-24T21:19:49.162820784Z,,,01M0TT9MD50AWEFKCH7F6RSZT1,2026-08-24T21:19:49.162820784Z
01M0TTA5JT8N9NA2D07MJK15WD,01M0TSZV7X3D77NKMM5CDCW4Z6,2026-08-24T21:20:06.746541621Z,3,2026-08-24T21:20:06.746541621Z,true,2026-08-24T21:26:24.582468041Z,01M0TSZV8KEDQHAT4X3FNKVS2B,2026-08-24T21:20:06.746541621Z,1,2026-08-24T21:20:06.746541621Z,true,2026-08-24T21:26:21.55588745Z,feedback,2026-08-24T21:20:06.746541621Z,01M0TTA5EW8PGMPV60X1JTE405,2026-08-24T21:20:06.746541621Z,1787606781565,2026-08-24T21:26:21.566481951Z,true,2026-08-24T21:26:21.535911313Z,true,2026-08-24T21:26:21.58120997Z,01M0TTA5JNFRYJBXKBQJ7JNDX4,2026-08-24T21:20:06.746541621Z
01M0TTA618N5V29G20V06ZGCWJ,01M0TSZV7X3D77NKMM5CDCW4Z6,2026-08-24T21:20:07.208294125Z,60,2026-08-24T21:20:07.208294125Z,true,2026-08-24T21:42:02.488144936Z,01M0TSZV8KEDQHAT4X3FNKVS2B,2026-08-24T21:20:07.208294125Z,0,2026-08-24T21:20:07.208294125Z,true,2026-08-24T21:41:39.544946258Z,selection,2026-08-24T21:20:07.208294125Z,01M0TTA596Z6AT5M344ZG8HHA8,2026-08-24T21:20:07.208294125Z,1787607699558,2026-08-24T21:41:39.559369103Z,true,2026-08-24T21:41:39.520846399Z,true,2026-08-24T21:41:39.572539423Z,01M0TTA613M5TSEZW2ZHCRR9J4,2026-08-24T21:20:07.208294125Z
01M0TTEYKTNDT6YHFVPY4B4G2G,01M0TSZEX52H0PZDJFB4JNEAFW,2026-08-24T21:22:43.450252963Z,3,2026-08-24T21:22:43.450252963Z,true,2026-08-24T21:41:16.066434112Z,01M0TSZEY44B7XSP574QH2WQPJ,2026-08-24T21:22:43.450252963Z,1,2026-08-24T21:22:43.450252963Z,true,2026-08-24T21:41:13.042591159Z,feedback,2026-08-24T21:22:43.450252963Z,01M0TTEY3WMK01E9KZKT9AQ57Y,2026-08-24T21:22:43.450252963Z,1787607673052,2026-08-24T21:41:13.053535221Z,true,2026-08-24T21:41:13.008762648Z,true,2026-08-24T21:41:13.064690673Z,01M0TTEYKQVN1W4YS0KKM6VFN1,2026-08-24T21:22:43.450252963Z
01M0TTK1HCNV62RHB0PKT371F0,01M0TSZEX52H0PZDJFB4JNEAFW,2026-08-24T21:24:57.51615383Z,3,2026-08-24T21:24:57.51615383Z,true,2026-08-24T21:54:03.373506563Z,01M0TSZEY54T11A9AMGVA6T4ZB,2026-08-24T21:24:57.51615383Z,1,2026-08-24T21:24:57.51615383Z,true,2026-08-24T21:54:00.332579434Z,feedback,2026-08-24T21:24:57.51615383Z,01M0TTK11TM66PW6SJRQJ0VN9V,2026-08-24T21:24:57.51615383Z,1787608440346,2026-08-24T21:54:00.347767027Z,true,2026-08-24T21:54:00.289013129Z,true,2026-08-24T21:54:00.360610563Z,01M0TTK1H76RD9BKG16BY26J13,2026-08-24T21:24:57.51615383Z
01M0TTK1X4FYGE4Y9ER9Q68J4T,01M0TSZEX52H0PZDJFB4JNEAFW,2026-08-24T21:24:57.892485739Z,60,2026-08-24T21:24:57.892485739Z,true,2026-08-24T22:08:13.537786153Z,01M0TSZEY54T11A9AMGVA6T4ZB,2026-08-24T21:24:57.892485739Z,0,2026-08-24T21:24:57.892485739Z,true,2026-08-24T22:07:38.461011108Z,selection,2026-08-24T21:24:57.892485739Z,01M0TTK14776DAT11J2G1JGZS5,2026-08-24T21:24:57.892485739Z,1787609258480,2026-08-24T22:07:38.482167935Z,true,2026-08-24T22:07:38.418261654Z,true,2026-08-24T22:07:38.504790668Z,01M0TTK1WY546PSQX54JH66EP3,2026-08-24T21:24:57.892485739Z
01M0TTMQZXG40T1FCFN11625RR,01M0TSZV7X3D77NKMM5CDCW4Z6,2026-08-24T21:25:53.277432023Z,1200,2026-08-24T21:25:53.277432023Z,true,2026-08-24T21:32:41.751053446Z,01M0TSZV8ERABP36QP2627EVMT,2026-08-24T21:25:53.277432023Z,0,2026-08-24T21:25:53.277432023Z,true,2026-08-24T21:25:58.051961962Z,describe,2026-08-24T21:25:53.277432023Z,01M0TTMQPD2YWF5PYTK023N83A,2026-08-24T21:25:53.277432023Z,1787606758056,2026-08-24T21:25:58.057395086Z,true,2026-08-24T21:25:57.998952016Z,true,2026-08-24T21:25:58.065152851Z,01M0TTMQZAKZBRFWJ8G3MHF17A,2026-08-24T21:25:53.277432023Z
01M0TTMS10TPRJ2X1S067N2AEY,01M0TSZV7X3D77NKMM5CDCW4Z6,2026-08-24T21:25:54.3369055Z,3,2026-08-24T21:25:54.3369055Z,true,2026-08-24T21:55:21.509719093Z,01M0TSZV8ERABP36QP2627EVMT,2026-08-24T21:25:54.3369055Z,1,2026-08-24T21:25:54.3369055Z,true,2026-08-24T21:55:18.455245054Z,feedback,2026-08-24T21:25:54.3369055Z,01M0TTMQR1W58442SPPYZSPSKX,2026-08-24T21:25:54.3369055Z,1787608518472,2026-08-24T21:55:18.474000234Z,true,2026-08-24T21:55:18.408826739Z,true,2026-08-24T21:55:18.494029736Z,01M0TTMS0VR7KVZY631QP5BRHG,2026-08-24T21:25:54.3369055Z
01M0TT9M26PESV4S27NC5JGDCR,01M0TSZGJXR0N6DNTNARWRMFQ4,2026-08-24T21:19:48.806306049Z,60,2026-08-24T21:19:48.806306049Z,false,2026-08-24T21:19:48.806306049Z,01M0TSZGKE32G3R2H2EPQFBQNN,2026-08-24T21:19:48.806306049Z,0,2026-08-24T21:19:48.806306049Z,,,selection,2026-08-24T21:19:48.806306049Z,01M0TT9KFY70RJJH8TPHD47TCA,2026-08-24T21:19:48.806306049Z,,,false,2026-08-24T21:19:48.806306049Z,,,01M0TT9M20QQDT66G3ARP4G1QD,2026-08-24T21:19:48.806306049Z
01M0TT9MDS4G8Y8XKVPN4JM1GS,01M0TSZGJXR0N6DNTNARWRMFQ4,2026-08-24T21:19:49.177594183Z,3,2026-08-24T21:19:49.177594183Z,false,2026-08-24T21:19:49.177594183Z,01M0TSZGKE32G3R2H2EPQFBQNN,2026-08-24T21:19:49.177594183Z,1,2026-08-24T21:19:49.177594183Z,,,feedback,2026-08-24T21:19:49.177594183Z,01M0TT9KK3BHBVA1ZH643HE54V,2026-08-24T21:19:49.177594183Z,,,false,2026-08-24T21:19:49.177594183Z,,,01M0TT9MDPYH43SWKYA29TH0AP,2026-08-24T21:19:49.177594183Z
01M0TTTQ198FA4W42YZTZ002A3,01M0TSZV7X3D77NKMM5CDCW4Z6,2026-08-24T21:29:08.90552341Z,3,2026-08-24T21:29:08.90552341Z,true,2026-08-24T21:45:27.449218471Z,01M0TSZV8KEDQHAT4X33M1GG1C,2026-08-24T21:29:08.90552341Z,1,2026-08-24T21:29:08.90552341Z,true,2026-08-24T21:45:24.408245934Z,feedback,2026-08-24T21:29:08.90552341Z,01M0TTTPQA1036T75NNCNFQRR6,2026-08-24T21:29:08.90552341Z,1787607924418,2026-08-24T21:45:24.419981528Z,true,2026-08-24T21:45:24.375112026Z,true,2026-08-24T21:45:24.43495884Z,01M0TTTQ10EQS76WTC7ZRBPH8C,2026-08-24T21:29:08.90552341Z
01M0TVKAH8H121N0QSB11TESJQ,01M0TTMTH8JPTHXWGXYEY1VFR8,2026-08-24T21:42:35.304454681Z,3,2026-08-24T21:42:35.304454681Z,true,2026-08-24T21:52:05.17399873Z,01M0TTMWMG725DJ5GA5M4WD8SY,2026-08-24T21:42:35.304454681Z,1,2026-08-24T21:42:35.304454681Z,true,2026-08-24T21:52:02.147362418Z,feedback,2026-08-24T21:42:35.304454681Z,01M0TVK9J8E8FNRC8P0F4ESQTK,2026-08-24T21:42:35.304454681Z,1787608322155,2026-08-24T21:52:02.157026568Z,true,2026-08-24T21:52:02.112440986Z,true,2026-08-24T21:52:02.171858165Z,01M0TVKAGZ9PTMWZQ0KBPGWXEA,2026-08-24T21:42:35.304454681Z
01M0TTNS1FQK5QZHN0X664TB5C,01M0TSZGJXR0N6DNTNARWRMFQ4,2026-08-24T21:26:27.119435681Z,60,2026-08-24T21:26:27.119435681Z,false,2026-08-24T21:26:27.119435681Z,01M0TSZGKJQW5S4GCP9150DNN9,2026-08-24T21:26:27.119435681Z,0,2026-08-24T21:26:27.119435681Z,,,selection,2026-08-24T21:26:27.119435681Z,01M0TTNRHBW5SJQ753VTN9HFHF,2026-08-24T21:26:27.119435681Z,,,false,2026-08-24T21:26:27.119435681Z,,,01M0TTNS1A68C83WKY6GZVSQK7,2026-08-24T21:26:27.119435681Z
01M0TTNSGQYDBRB9TR4W05P3NC,01M0TSZGJXR0N6DNTNARWRMFQ4,2026-08-24T21:26:27.607697085Z,60,2026-08-24T21:26:27.607697085Z,false,2026-08-24T21:26:27.607697085Z,01M0TSZGKJQW5S4GCP9150DNN9,2026-08-24T21:26:27.607697085Z,0,2026-08-24T21:26:27.607697085Z,,,selection,2026-08-24T21:26:27.607697085Z,01M0TTNRF7NSR3Y1WBWY7ASDSR,2026-08-24T21:26:27.607697085Z,,,false,2026-08-24T21:26:27.607697085Z,,,01M0TTNSGK0D9NYXA3R0QY5HSJ,2026-08-24T21:26:27.607697085Z
01M0TTEYN7S3TMC2EK77A90942,01M0TSZEX52H0PZDJFB4JNEAFW,2026-08-24T21:22:43.495821779Z,60,2026-08-24T21:22:43.495821779Z,true,2026-08-24T21:43:49.521421315Z,01M0TSZEY44B7XSP574QH2WQPJ,2026-08-24T21:22:43.495821779Z,0,2026-08-24T21:22:43.495821779Z,true,2026-08-24T21:42:58.032691157Z,selection,2026-08-24T21:22:43.495821779Z,01M0TTEY4SGFP888K4GT3E2DPS,2026-08-24T21:22:43.495821779Z,1787607778043,2026-08-24T21:42:58.044568799Z,true,2026-08-24T21:42:57.991957559Z,true,2026-08-24T21:42:58.060868798Z,01M0TTEYN1NRQCWSZQ7F5ZJB3G,2026-08-24T21:22:43.495821779Z
01M0TTYRSE0TWC03ZZX2ZMC4D7,01M0TTMTH8JPTHXWGXYEY1VFR8,2026-08-24T21:31:21.774543518Z,60,2026-08-24T21:31:21.774543518Z,false,2026-08-24T21:31:21.774543518Z,01M0TTMWMDPGAHQRDA7BZJ8FEZ,2026-08-24T21:31:21.774543518Z,0,2026-08-24T21:31:21.774543518Z,,,selection,2026-08-24T21:31:21.774543518Z,01M0TTYQDB3W52FFT8RWBW1E81,2026-08-24T21:31:21.774543518Z,,,false,2026-08-24T21:31:21.774543518Z,,,01M0TTYRS1W0STKN10T9XS8TCY,2026-08-24T21:31:21.774543518Z
01M0TV7MEHXA1NVAJRERXD12EH,01M0TTMTH8JPTHXWGXYEY1VFR8,2026-08-24T21:36:12.241575579Z,60,2026-08-24T21:36:12.241575579Z,true,2026-08-24T22:03:35.394001819Z,01M0TTMWM9GSP2NP0T4CET96EB,2026-08-24T21:36:12.241575579Z,0,2026-08-24T21:36:12.241575579Z,true,2026-08-24T22:03:20.582097268Z,selection,2026-08-24T21:36:12.241575579Z,01M0TV7JTQHFPTFZ7PAPRX646E,2026-08-24T21:36:12.241575579Z,1787609000596,2026-08-24T22:03:20.598143527Z,true,2026-08-24T22:03:20.521764734Z,true,2026-08-24T22:03:20.617702782Z,01M0TV7MEBZCTJRWRPBJ1995R8,2026-08-24T21:36:12.241575579Z
01M0TVKAJ4TK3EBW0BBSP4G56F,01M0TTMTH8JPTHXWGXYEY1VFR8,2026-08-24T21:42:35.332834657Z,3,2026-08-24T21:42:35.332834657Z,true,2026-08-24T21:52:30.492642408Z,01M0TTMWMG725DJ5GA5M4WD8SY,2026-08-24T21:42:35.332834657Z,1,2026-08-24T21:42:35.332834657Z,true,2026-08-24T21:52:27.465541139Z,feedback,2026-08-24T21:42:35.332834657Z,01M0TVK9JG0PNSF4H58Z4ZFA8F,2026-08-24T21:42:35.332834657Z,1787608347476,2026-08-24T21:52:27.477660695Z,true,2026-08-24T21:52:27.428664195Z,true,2026-08-24T21:52:27.492360127Z,01M0TVKAHWVESJC9WGV6KXC3XG,2026-08-24T21:42:35.332834657Z
01M0TT9MG51S6BJ1RX2WH2AAC2,01M0TSZGJXR0N6DNTNARWRMFQ4,2026-08-24T21:19:49.253238664Z,3,2026-08-24T21:19:49.253238664Z,false,2026-08-24T21:19:49.253238664Z,01M0TSZGKE32G3R2H2EPQFBQNN,2026-08-24T21:19:49.253238664Z,1,2026-08-24T21:19:49.253238664Z,,,feedback,2026-08-24T21:19:49.253238664Z,01M0TT9KG5CQTXFNBQC55S9KSB,2026-08-24T21:19:49.253238664Z,,,false,2026-08-24T21:19:49.253238664Z,,,01M0TT9MG0PDN0V8981AQ62QKR,2026-08-24T21:19:49.253238664Z
01M0TTA69TRK2RGF4BJ5P341JQ,01M0TSZV7X3D77NKMM5CDCW4Z6,2026-08-24T21:20:07.483005686Z,60,2026-08-24T21:20:07.483005686Z,true,2026-08-24T21:48:26.242112018Z,01M0TSZV8KEDQHAT4X3FNKVS2B,2026-08-24T21:20:07.483005686Z,0,2026-08-24T21:20:07.483005686Z,true,2026-08-24T21:48:05.872054236Z,selection,2026-08-24T21:20:07.483005686Z,01M0TTA59HTX22FH7A55J2R0N7,2026-08-24T21:20:07.483005686Z,1787608085885,2026-08-24T21:48:05.887244463Z,true,2026-08-24T21:48:05.827926064Z,true,2026-08-24T21:48:05.900610359Z,01M0TTA69FSYWKM8TCBD9TV15G,2026-08-24T21:20:07.483005686Z
01M0TV7K5774WP2KMMSW4BKH31,01M0TTMTH8JPTHXWGXYEY1VFR8,2026-08-24T21:36:10.919434981Z,3,2026-08-24T21:36:10.919434981Z,true,2026-08-24T21:45:24.146567222Z,01M0TTMWM9GSP2NP0T4CET96EB,2026-08-24T21:36:10.919434981Z,1,2026-08-24T21:36:10.919434981Z,true,2026-08-24T21:45:21.120177063Z,feedback,2026-08-24T21:36:10.919434981Z,01M0TV7K25RC6BZHP7Q1MHPX1W,2026-08-24T21:36:10.919434981Z,1787607921127,2026-08-24T21:45:21.128446514Z,true,2026-08-24T21:45:21.087785992Z,true,2026-08-24T21:45:21.143603617Z,01M0TV7K4SVP6YEZBZPY688ATS,2026-08-24T21:36:10.919434981Z
01M0TTMRSJ1QF0C58D8PBKXN1W,01M0TSZV7X3D77NKMM5CDCW4Z6,2026-08-24T21:25:54.098373648Z,60,2026-08-24T21:25:54.098373648Z,true,2026-08-24T21:51:17.917501537Z,01M0TSZV8ERABP36QP2627EVMT,2026-08-24T21:25:54.098373648Z,0,2026-08-24T21:25:54.098373648Z,true,2026-08-24T21:51:01.150139271Z,selection,2026-08-24T21:25:54.098373648Z,01M0TTMQQ3KXQJ6BHVKXV2GCY6,2026-08-24T21:25:54.098373648Z,1787608261162,2026-08-24T21:51:01.163493859Z,true,2026-08-24T21:51:01.105631744Z,true,2026-08-24T21:51:01.1840038Z,01M0TTMRSEGVK30AVF617J2WQV,2026-08-24T21:25:54.098373648Z
01M0TTNS3XETH0MAAK1TNBRJCE,01M0TSZGJXR0N6DNTNARWRMFQ4,2026-08-24T21:26:27.197230742Z,60,2026-08-24T21:26:27.197230742Z,false,2026-08-24T21:26:27.197230742Z,01M0TSZGKJQW5S4GCP9150DNN9,2026-08-24T21:26:27.197230742Z,0,2026-08-24T21:26:27.197230742Z,,,selection,2026-08-24T21:26:27.197230742Z,01M0TTNRF9MH74F3YKFY0MN28M,2026-08-24T21:26:27.197230742Z,,,false,2026-08-24T21:26:27.197230742Z,,,01M0TTNS3REJWSH44K7DHE3292,2026-08-24T21:26:27.197230742Z
01M0TTTQ29F4N58AWCHBRA39XB,01M0TSZV7X3D77NKMM5CDCW4Z6,2026-08-24T21:29:08.937660214Z,3,2026-08-24T21:29:08.937660214Z,true,2026-08-24T21:46:28.257498887Z,01M0TSZV8KEDQHAT4X33M1GG1C,2026-08-24T21:29:08.937660214Z,1,2026-08-24T21:29:08.937660214Z,true,2026-08-24T21:46:25.165306209Z,feedback,2026-08-24T21:29:08.937660214Z,01M0TTTPQ38RXCE2NEDW3YKNP4,2026-08-24T21:29:08.937660214Z,1787607985194,2026-08-24T21:46:25.196665199Z,true,2026-08-24T21:46:25.132705205Z,true,2026-08-24T21:46:25.25678757Z,01M0TTTQ20NFANN69B8Z0MA3KM,2026-08-24T21:29:08.937660214Z
01M0TTA6B29QJWZ6HG7QD2E1A8,01M0TSZV7X3D77NKMM5CDCW4Z6,2026-08-24T21:20:07.522124153Z,3,2026-08-24T21:20:07.522124153Z,true,2026-08-24T21:49:24.862544089Z,01M0TSZV8KEDQHAT4X3FNKVS2B,2026-08-24T21:20:07.522124153Z,1,2026-08-24T21:20:07.522124153Z,true,2026-08-24T21:49:21.825778157Z,feedback,2026-08-24T21:20:07.522124153Z,01M0TTA5ATM7240H019YJV4N91,2026-08-24T21:20:07.522124153Z,1787608161834,2026-08-24T21:49:21.836050711Z,true,2026-08-24T21:49:21.791300148Z,true,2026-08-24T21:49:21.849957972Z,01M0TTA6AXG60K60DS5ZKF0DG2,2026-08-24T21:20:07.522124153Z
01M0TTEYW9MKWYJK1DXES77T9H,01M0TSZEX52H0PZDJFB4JNEAFW,2026-08-24T21:22:43.721668148Z,3,2026-08-24T21:22:43.721668148Z,true,2026-08-24T21:50:31.477074213Z,01M0TSZEY44B7XSP574QH2WQPJ,2026-08-24T21:22:43.721668148Z,1,2026-08-24T21:22:43.721668148Z,true,2026-08-24T21:50:28.445409659Z,feedback,2026-08-24T21:22:43.721668148Z,01M0TTEY3S2N0VPS91FD40Y0B8,2026-08-24T21:22:43.721668148Z,1787608228458,2026-08-24T21:50:28.459949566Z,true,2026-08-24T21:50:28.399265335Z,true,2026-08-24T21:50:28.474853675Z,01M0TTEYW55ZWZ6E90GSFT4SWS,2026-08-24T21:22:43.721668148Z
01M0TTKN8VD5W41HQRJEC18AAP,01M0TSZEX52H0PZDJFB4JNEAFW,2026-08-24T21:25:17.723161542Z,60,2026-08-24T21:25:17.723161542Z,true,2026-08-24T21:37:29.745453151Z,01M0TSZEY173D8F3KEP071GR06,2026-08-24T21:25:17.723161542Z,0,2026-08-24T21:25:17.723161542Z,true,2026-08-24T21:37:17.30133409Z,selection,2026-08-24T21:25:17.723161542Z,01M0TTKMSXWZHJGTQYDDZWN2WD,2026-08-24T21:25:17.723161542Z,1787607437312,2026-08-24T21:37:17.313666082Z,true,2026-08-24T21:37:17.253969202Z,true,2026-08-24T21:37:17.324619484Z,01M0TTKN8P9Z6WSWDQ835J9WX9,2026-08-24T21:25:17.723161542Z
01M0TTMRYK024F6KD1M40CD5EG,01M0TSZV7X3D77NKMM5CDCW4Z6,2026-08-24T21:25:54.259583894Z,60,2026-08-24T21:25:54.259583894Z,true,2026-08-24T21:54:09.882782222Z,01M0TSZV8ERABP36QP2627EVMT,2026-08-24T21:25:54.259583894Z,0,2026-08-24T21:25:54.259583894Z,true,2026-08-24T21:54:01.605292673Z,selection,2026-08-24T21:25:54.259583894Z,01M0TTMQY3KB70QWAD9TG93PRN,2026-08-24T21:25:54.259583894Z,1787608441616,2026-08-24T21:54:01.617898532Z,true,2026-08-24T21:54:01.555865557Z,true,2026-08-24T21:54:01.632247554Z,01M0TTMRYEYZKMS9DAGT0NS4CC,2026-08-24T21:25:54.259583894Z
01M0TTYR6C62WV7Q5HR0TJD4AJ,01M0TTMTH8JPTHXWGXYEY1VFR8,2026-08-24T21:31:21.164342495Z,60,2026-08-24T21:31:21.164342495Z,true,2026-08-24T21:58:10.044434232Z,01M0TTMWMDPGAHQRDA7BZJ8FEZ,2026-08-24T21:31:21.164342495Z,0,2026-08-24T21:31:21.164342495Z,true,2026-08-24T21:57:10.010432077Z,selection,2026-08-24T21:31:21.164342495Z,01M0TTYQ80DW10MHDK6W4BSDCS,2026-08-24T21:31:21.164342495Z,1787608630026,2026-08-24T21:57:10.028211935Z,true,2026-08-24T21:57:09.958969635Z,true,2026-08-24T21:57:10.049173038Z,01M0TTYR65KGEHSA46QJSPBR46,2026-08-24T21:31:21.164342495Z
01M0TTYRCSFPPJP5KH1TSWVNJW,01M0TTMTH8JPTHXWGXYEY1VFR8,2026-08-24T21:31:21.36910797Z,60,2026-08-24T21:31:21.36910797Z,true,2026-08-24T22:03:23.704820984Z,01M0TTMWMDPGAHQRDA7BZJ8FEZ,2026-08-24T21:31:21.36910797Z,0,2026-08-24T21:31:21.36910797Z,true,2026-08-24T22:02:23.645553824Z,selection,2026-08-24T21:31:21.36910797Z,01M0TTYQK1XWXZYF3X97RPEM2C,2026-08-24T21:31:21.36910797Z,1787608943661,2026-08-24T22:02:23.663157198Z,true,2026-08-24T22:02:23.586217012Z,true,2026-08-24T22:02:23.688295808Z,01M0TTYRCHCNYF826WN2AGZMXY,2026-08-24T21:31:21.36910797Z
01M0TV7KZBGVQBHM8T6A1P7D4D,01M0TTMTH8JPTHXWGXYEY1VFR8,2026-08-24T21:36:11.757369308Z,3,2026-08-24T21:36:11.757369308Z,true,2026-08-24T21:58:55.106556102Z,01M0TTMWM9GSP2NP0T4CET96EB,2026-08-24T21:36:11.757369308Z,1,2026-08-24T21:36:11.757369308Z,true,2026-08-24T21:58:52.054561443Z,feedback,2026-08-24T21:36:11.757369308Z,01M0TV7JZKTW5ZC5V1V142XFCA,2026-08-24T21:36:11.757369308Z,1787608732068,2026-08-24T21:58:52.069605145Z,true,2026-08-24T21:58:52.005065786Z,true,2026-08-24T21:58:52.089735116Z,01M0TV7KZ31XBCHQKKFDSNVSWG,2026-08-24T21:36:11.757369308Z
01M0TV7M23MF9E1PZPTQT6TXBD,01M0TTMTH8JPTHXWGXYEY1VFR8,2026-08-24T21:36:11.843809326Z,60,2026-08-24T21:36:11.843809326Z,true,2026-08-24T21:59:41.65330284Z,01M0TTMWM9GSP2NP0T4CET96EB,2026-08-24T21:36:11.843809326Z,0,2026-08-24T21:36:11.843809326Z,true,2026-08-24T21:59:26.544805014Z,selection,2026-08-24T21:36:11.843809326Z,01M0TV7JYPJ9C4CPFXCBGQ6BEV,2026-08-24T21:36:11.843809326Z,1787608766564,2026-08-24T21:59:26.565509082Z,true,2026-08-24T21:59:26.50952112Z,true,2026-08-24T21:59:26.58398513Z,01M0TV7M1YWBKY3JAY71JQ3YNK,2026-08-24T21:36:11.843809326Z
01M0TTK1BPXYYJGXC24NE1AH54,01M0TSZEX52H0PZDJFB4JNEAFW,2026-08-24T21:24:57.334928717Z,3,2026-08-24T21:24:57.334928717Z,true,2026-08-24T21:44:57.036260508Z,01M0TSZEY54T11A9AMGVA6T4ZB,2026-08-24T21:24:57.334928717Z,1,2026-08-24T21:24:57.334928717Z,true,2026-08-24T21:44:53.996120756Z,feedback,2026-08-24T21:24:57.334928717Z,01M0TTK10HA19NJ6QJKNK83M7B,2026-08-24T21:24:57.334928717Z,1787607894004,2026-08-24T21:44:54.006521681Z,true,2026-08-24T21:44:53.956739704Z,true,2026-08-24T21:44:54.023877228Z,01M0TTK1BKAMQPNJEW7WKRYC46,2026-08-24T21:24:57.334928717Z
01M0TTKDYJAV5VM8FH6RBFT912,01M0TSZGJXR0N6DNTNARWRMFQ4,2026-08-24T21:25:10.22785101Z,3,2026-08-24T21:25:10.22785101Z,false,2026-08-24T21:25:10.22785101Z,01M0TSZGKM72FFW193EYG47F25,2026-08-24T21:25:10.22785101Z,1,2026-08-24T21:25:10.22785101Z,,,feedback,2026-08-24T21:25:10.22785101Z,01M0TTKDDH98432XR7R5JJ0DAT,2026-08-24T21:25:10.22785101Z,,,false,2026-08-24T21:25:10.22785101Z,,,01M0TTKDYEGAQHG9WW1XCT909Q,2026-08-24T21:25:10.22785101Z
01M0TTK1FSC5KY0FCEAWK4QYVZ,01M0TSZEX52H0PZDJFB4JNEAFW,2026-08-24T21:24:57.465715752Z,3,2026-08-24T21:24:57.465715752Z,true,2026-08-24T21:51:28.54623219Z,01M0TSZEY54T11A9AMGVA6T4ZB,2026-08-24T21:24:57.465715752Z,1,2026-08-24T21:24:57.465715752Z,true,2026-08-24T21:51:25.512736338Z,feedback,2026-08-24T21:24:57.465715752Z,01M0TTK114CZHRC99365EEPYE1,2026-08-24T21:24:57.465715752Z,1787608285526,2026-08-24T21:51:25.527918382Z,true,2026-08-24T21:51:25.472723864Z,true,2026-08-24T21:51:25.54497035Z,01M0TTK1FPCAYHFAWA8Y8AAXAM,2026-08-24T21:24:57.465715752Z
01M0TTK1G7KEK3GB6V9MZYZY4R,01M0TSZEX52H0PZDJFB4JNEAFW,2026-08-24T21:24:57.479879842Z,3,2026-08-24T21:24:57.479879842Z,true,2026-08-24T21:52:20.728186337Z,01M0TSZEY54T11A9AMGVA6T4ZB,2026-08-24T21:24:57.479879842Z,1,2026-08-24T21:24:57.479879842Z,true,2026-08-24T21:52:17.67126375Z,feedback,2026-08-24T21:24:57.479879842Z,01M0TTK1181Z9Y9Q8F4N6VGC91,2026-08-24T21:24:57.479879842Z,1787608337683,2026-08-24T21:52:17.685186183Z,true,2026-08-24T21:52:17.631875097Z,true,2026-08-24T21:52:17.724677677Z,01M0TTK1G4EQ1DS80NJ3PGVMXQ,2026-08-24T21:24:57.479879842Z
01M0TTKE0Q7ME5TTFMGDDXAFN1,01M0TSZGJXR0N6DNTNARWRMFQ4,2026-08-24T21:25:10.295936122Z,3,2026-08-24T21:25:10.295936122Z,false,2026-08-24T21:25:10.295936122Z,01M0TSZGKM72FFW193EYG47F25,2026-08-24T21:25:10.295936122Z,1,2026-08-24T21:25:10.295936122Z,,,feedback,2026-08-24T21:25:10.295936122Z,01M0TTKDE4DW9P1D621WPCKCQM,2026-08-24T21:25:10.295936122Z,,,false,2026-08-24T21:25:10.295936122Z,,,01M0TTKE0MY09EENB0E0S8XGM2,2026-08-24T21:25:10.295936122Z
01M0TTKNE3TKKKR56Z9YXGV67D,01M0TSZEX52H0PZDJFB4JNEAFW,2026-08-24T21:25:17.891495417Z,60,2026-08-24T21:25:17.891495417Z,true,2026-08-24T21:41:24.866142101Z,01M0TSZEY173D8F3KEP071GR06,2026-08-24T21:25:17.891495417Z,0,2026-08-24T21:25:17.891495417Z,true,2026-08-24T21:41:03.318402767Z,selection,2026-08-24T21:25:17.891495417Z,01M0TTKMVC7VC72KXQHDQG1Q4E,2026-08-24T21:25:17.891495417Z,1787607663327,2026-08-24T21:41:03.329035015Z,true,2026-08-24T21:41:03.284523922Z,true,2026-08-24T21:41:03.337697353Z,01M0TTKNDYK5031C507ZGKE21M,2026-08-24T21:25:17.891495417Z
01M0TTKNYX9HM8XD04BSRCX6HA,01M0TSZEX52H0PZDJFB4JNEAFW,2026-08-24T21:25:18.429951205Z,60,2026-08-24T21:25:18.429951205Z,true,2026-08-24T21:53:20.376604227Z,01M0TSZEY173D8F3KEP071GR06,2026-08-24T21:25:18.429951205Z,0,2026-08-24T21:25:18.429951205Z,true,2026-08-24T21:53:06.548815529Z,selection,2026-08-24T21:25:18.429951205Z,01M0TTKN3QG65GC1YCDH8SFN5K,2026-08-24T21:25:18.429951205Z,1787608386562,2026-08-24T21:53:06.564251336Z,true,2026-08-24T21:53:06.499296366Z,true,2026-08-24T21:53:06.586539253Z,01M0TTKNYR1XB69D8K3Y8WTZ1V,2026-08-24T21:25:18.429951205Z
01M0TTMRF8J64RDACRWCKR18ZF,01M0TSZV7X3D77NKMM5CDCW4Z6,2026-08-24T21:25:53.768247145Z,3,2026-08-24T21:25:53.768247145Z,true,2026-08-24T21:45:27.781831133Z,01M0TSZV8ERABP36QP2627EVMT,2026-08-24T21:25:53.768247145Z,1,2026-08-24T21:25:53.768247145Z,true,2026-08-24T21:45:24.734411444Z,feedback,2026-08-24T21:25:53.768247145Z,01M0TTMQV40H8WT6AF3NHEX32Z,2026-08-24T21:25:53.768247145Z,1787607924749,2026-08-24T21:45:24.751500821Z,true,2026-08-24T21:45:24.702037469Z,true,2026-08-24T21:45:24.767648719Z,01M0TTMRF3DB7828YNWVSFR7WM,2026-08-24T21:25:53.768247145Z
01M0TTA5TEZ2RRW5S5QHXVB5HG,01M0TSZV7X3D77NKMM5CDCW4Z6,2026-08-24T21:20:06.992963665Z,3,2026-08-24T21:20:06.992963665Z,true,2026-08-24T21:37:04.02058475Z,01M0TSZV8KEDQHAT4X3FNKVS2B,2026-08-24T21:20:06.992963665Z,1,2026-08-24T21:20:06.992963665Z,true,2026-08-24T21:37:00.990060515Z,feedback,2026-08-24T21:20:06.992963665Z,01M0TTA5BZQHKCWYDNHB3BT1C9,2026-08-24T21:20:06.992963665Z,1787607420997,2026-08-24T21:37:00.999271057Z,true,2026-08-24T21:37:00.962998389Z,true,2026-08-24T21:37:01.010715474Z,01M0TTA5TA4ECW7592PKSV7SF5,2026-08-24T21:20:06.992963665Z
01M0TTA5VND774HREH563K1JBW,01M0TSZV7X3D77NKMM5CDCW4Z6,2026-08-24T21:20:07.029456912Z,3,2026-08-24T21:20:07.029456912Z,true,2026-08-24T21:37:57.354675929Z,01M0TSZV8KEDQHAT4X3FNKVS2B,2026-08-24T21:20:07.029456912Z,1,2026-08-24T21:20:07.029456912Z,true,2026-08-24T21:37:54.329806022Z,feedback,2026-08-24T21:20:07.029456912Z,01M0TTA5BSCDB9GAG40B9X1Z5T,2026-08-24T21:20:07.029456912Z,1787607474337,2026-08-24T21:37:54.340009807Z,true,2026-08-24T21:37:54.296835542Z,true,2026-08-24T21:37:54.356785539Z,01M0TTA5VGSN27W4KXFTA7ZQ6K,2026-08-24T21:20:07.029456912Z
01M0TTNSFEXCYP5WW79QMCZ0M1,01M0TSZGJXR0N6DNTNARWRMFQ4,2026-08-24T21:26:27.567010049Z,60,2026-08-24T21:26:27.567010049Z,false,2026-08-24T21:26:27.567010049Z,01M0TSZGKJQW5S4GCP9150DNN9,2026-08-24T21:26:27.567010049Z,0,2026-08-24T21:26:27.567010049Z,,,selection,2026-08-24T21:26:27.567010049Z,01M0TTNRFW98WPR6BHH30KKS9Y,2026-08-24T21:26:27.567010049Z,,,false,2026-08-24T21:26:27.567010049Z,,,01M0TTNSFAJ2P7Y8EA2TKGRFZR,2026-08-24T21:26:27.567010049Z
01M0TTYS4H68EDF9NZDTJNQ6EA,01M0TTMTH8JPTHXWGXYEY1VFR8,2026-08-24T21:31:22.130050417Z,3,2026-08-24T21:31:22.130050417Z,false,2026-08-24T21:31:22.130050417Z,01M0TTMWMDPGAHQRDA7BZJ8FEZ,2026-08-24T21:31:22.130050417Z,1,2026-08-24T21:31:22.130050417Z,,,feedback,2026-08-24T21:31:22.130050417Z,01M0TTYQ87WY64T143PF8FJ197,2026-08-24T21:31:22.130050417Z,,,false,2026-08-24T21:31:22.130050417Z,,,01M0TTYS47GCZM04TY71X7J42V,2026-08-24T21:31:22.130050417Z
01M0TTYRBVYF4B10V3MW7SGZNT,01M0TTMTH8JPTHXWGXYEY1VFR8,2026-08-24T21:31:21.339393488Z,3,2026-08-24T21:31:21.339393488Z,true,2026-08-24T22:02:23.425189773Z,01M0TTMWMDPGAHQRDA7BZJ8FEZ,2026-08-24T21:31:21.339393488Z,1,2026-08-24T21:31:21.339393488Z,true,2026-08-24T22:02:20.376866489Z,feedback,2026-08-24T21:31:21.339393488Z,01M0TTYQKE4NBYTMC3QN9HZZAC,2026-08-24T21:31:21.339393488Z,1787608940389,2026-08-24T22:02:20.391246482Z,true,2026-08-24T22:02:20.32830729Z,true,2026-08-24T22:02:20.408735185Z,01M0TTYRBD2470QQNS85KFZP4H,2026-08-24T21:31:21.339393488Z
01M0TTKNESE6H78YAERYY14XJ3,01M0TSZEX52H0PZDJFB4JNEAFW,2026-08-24T21:25:17.913756478Z,3,2026-08-24T21:25:17.913756478Z,true,2026-08-24T21:41:52.99076697Z,01M0TSZEY173D8F3KEP071GR06,2026-08-24T21:25:17.913756478Z,1,2026-08-24T21:25:17.913756478Z,true,2026-08-24T21:41:49.961441477Z,feedback,2026-08-24T21:25:17.913756478Z,01M0TTKMWBBS9FZZTMW3YFDFTC,2026-08-24T21:25:17.913756478Z,1787607709975,2026-08-24T21:41:49.976532308Z,true,2026-08-24T21:41:49.930082847Z,true,2026-08-24T21:41:49.990018034Z,01M0TTKNENM5VN1AVNA9SC0KZB,2026-08-24T21:25:17.913756478Z
01M0TTMRMS86ZS9SD9VXPF4V5Y,01M0TSZV7X3D77NKMM5CDCW4Z6,2026-08-24T21:25:53.945908777Z,3,2026-08-24T21:25:53.945908777Z,true,2026-08-24T21:48:07.822454066Z,01M0TSZV8ERABP36QP2627EVMT,2026-08-24T21:25:53.945908777Z,1,2026-08-24T21:25:53.945908777Z,true,2026-08-24T21:48:04.788691275Z,feedback,2026-08-24T21:25:53.945908777Z,01M0TTMQVZGZCD67EWP7K8FFQE,2026-08-24T21:25:53.945908777Z,1787608084806,2026-08-24T21:48:04.807416169Z,true,2026-08-24T21:48:04.622459837Z,true,2026-08-24T21:48:04.825251468Z,01M0TTMRMM09FZEG2NXTXP6PH8,2026-08-24T21:25:53.945908777Z
01M0TTKEAS6ACVYHKCMRCNSN8X,01M0TSZGJXR0N6DNTNARWRMFQ4,2026-08-24T21:25:10.617203634Z,3,2026-08-24T21:25:10.617203634Z,false,2026-08-24T21:25:10.617203634Z,01M0TSZGKM72FFW193EYG47F25,2026-08-24T21:25:10.617203634Z,1,2026-08-24T21:25:10.617203634Z,,,feedback,2026-08-24T21:25:10.617203634Z,01M0TTKDFKGMN5AB1B3C807P6S,2026-08-24T21:25:10.617203634Z,,,false,2026-08-24T21:25:10.617203634Z,,,01M0TTKEAK561DT5AX5XK6YVSS,2026-08-24T21:25:10.617203634Z
01M0TVKBE5YTVH8DDTM5JZ1P18,01M0TTMTH8JPTHXWGXYEY1VFR8,2026-08-24T21:42:36.229414244Z,60,2026-08-24T21:42:36.229414244Z,true,2026-08-24T21:59:30.759286884Z,01M0TTMWMG725DJ5GA5M4WD8SY,2026-08-24T21:42:36.229414244Z,0,2026-08-24T21:42:36.229414244Z,true,2026-08-24T21:59:21.406245946Z,selection,2026-08-24T21:42:36.229414244Z,01M0TVK9ZWJ3B016695H3XCC6B,2026-08-24T21:42:36.229414244Z,1787608761423,2026-08-24T21:59:21.424430513Z,true,2026-08-24T21:59:21.367874747Z,true,2026-08-24T21:59:21.436941294Z,01M0TVKBE1Q5JNZ5Z3RWJC9PK0,2026-08-24T21:42:36.229414244Z
01M0TT9KQV9T500AMJRGC8PH7H,01M0TSZGJXR0N6DNTNARWRMFQ4,2026-08-24T21:19:48.475507528Z,3,2026-08-24T21:19:48.475507528Z,false,2026-08-24T21:19:48.475507528Z,01M0TSZGKE32G3R2H2EPQFBQNN,2026-08-24T21:19:48.475507528Z,1,2026-08-24T21:19:48.475507528Z,,,feedback,2026-08-24T21:19:48.475507528Z,01M0TT9KHTFJM8XSAZNJDNNB6T,2026-08-24T21:19:48.475507528Z,,,false,2026-08-24T21:19:48.475507528Z,,,01M0TT9KQQZPSTVY36ADGNMCK5,2026-08-24T21:19:48.475507528Z
01M0TTK1A8KT0C4EJGSEVA4XZ3,01M0TSZEX52H0PZDJFB4JNEAFW,2026-08-24T21:24:57.288175523Z,60,2026-08-24T21:24:57.288175523Z,true,2026-08-24T21:42:17.158890677Z,01M0TSZEY54T11A9AMGVA6T4ZB,2026-08-24T21:24:57.288175523Z,0,2026-08-24T21:24:57.288175523Z,true,2026-08-24T21:41:21.541488226Z,selection,2026-08-24T21:24:57.288175523Z,01M0TTK109J40M56MKS6JSAWY1,2026-08-24T21:24:57.288175523Z,1787607681550,2026-08-24T21:41:21.551124206Z,true,2026-08-24T21:41:21.505362967Z,true,2026-08-24T21:41:21.5637289Z,01M0TTK19X8HWP95KG4D36A50B,2026-08-24T21:24:57.288175523Z
01M0TTMRZTHQP3WNJY5BRFPXG2,01M0TSZV7X3D77NKMM5CDCW4Z6,2026-08-24T21:25:54.298050872Z,60,2026-08-24T21:25:54.298050872Z,true,2026-08-24T21:54:44.783272113Z,01M0TSZV8ERABP36QP2627EVMT,2026-08-24T21:25:54.298050872Z,0,2026-08-24T21:25:54.298050872Z,true,2026-08-24T21:54:36.602215429Z,selection,2026-08-24T21:25:54.298050872Z,01M0TTMQZ0059VEGB2Z80KVV69,2026-08-24T21:25:54.298050872Z,1787608476614,2026-08-24T21:54:36.615995614Z,true,2026-08-24T21:54:36.554232877Z,true,2026-08-24T21:54:36.633906498Z,01M0TTMRZNWEKZ5TEQ2K7NE3W9,2026-08-24T21:25:54.298050872Z
01M0TTNSEWD2JT05DFEV1F091E,01M0TSZGJXR0N6DNTNARWRMFQ4,2026-08-24T21:26:27.548049448Z,3,2026-08-24T21:26:27.548049448Z,false,2026-08-24T21:26:27.548049448Z,01M0TSZGKJQW5S4GCP9150DNN9,2026-08-24T21:26:27.548049448Z,1,2026-08-24T21:26:27.548049448Z,,,feedback,2026-08-24T21:26:27.548049448Z,01M0TTNRH7E86XY854TFWMSENG,2026-08-24T21:26:27.548049448Z,,,false,2026-08-24T21:26:27.548049448Z,,,01M0TTNSEP3VJGZR8SQR8YRV3D,2026-08-24T21:26:27.548049448Z
01M0TVKAA4J1DB36RX305WJS1N,01M0TTMTH8JPTHXWGXYEY1VFR8,2026-08-24T21:42:35.07810486Z,3,2026-08-24T21:42:35.07810486Z,true,2026-08-24T21:49:19.059739495Z,01M0TTMWMG725DJ5GA5M4WD8SY,2026-08-24T21:42:35.07810486Z,1,2026-08-24T21:42:35.07810486Z,true,2026-08-24T21:49:16.027814004Z,feedback,2026-08-24T21:42:35.07810486Z,01M0TVK9G9EC8EYX1PA65KYAZB,2026-08-24T21:42:35.07810486Z,1787608156038,2026-08-24T21:49:16.040453196Z,true,2026-08-24T21:49:15.991147007Z,true,2026-08-24T21:49:16.060702116Z,01M0TVKA9VQMQ2QQHNQ8MYP9MK,2026-08-24T21:42:35.07810486Z
01M0TTEZ1T2WM8G92XS7H9Y6QS,01M0TSZEX52H0PZDJFB4JNEAFW,2026-08-24T21:22:43.898939191Z,60,2026-08-24T21:22:43.898939191Z,true,2026-08-24T21:56:39.208325284Z,01M0TSZEY44B7XSP574QH2WQPJ,2026-08-24T21:22:43.898939191Z,0,2026-08-24T21:22:43.898939191Z,true,2026-08-24T21:56:04.614390342Z,selection,2026-08-24T21:22:43.898939191Z,01M0TTEY4J1SQN9D2M7C92B3AB,2026-08-24T21:22:43.898939191Z,1787608564634,2026-08-24T21:56:04.635627965Z,true,2026-08-24T21:56:04.5662596Z,true,2026-08-24T21:56:04.657812126Z,01M0TTEZ1APJTS5A9TVGC3A0RW,2026-08-24T21:22:43.898939191Z
01M0TTKEBJ9R115Y84SWJA7BSQ,01M0TSZGJXR0N6DNTNARWRMFQ4,2026-08-24T21:25:10.642758804Z,3,2026-08-24T21:25:10.642758804Z,false,2026-08-24T21:25:10.642758804Z,01M0TSZGKM72FFW193EYG47F25,2026-08-24T21:25:10.642758804Z,1,2026-08-24T21:25:10.642758804Z,,,feedback,2026-08-24T21:25:10.642758804Z,01M0TTKDFMVBB86KHZHNHMN1MF,2026-08-24T21:25:10.642758804Z,,,false,2026-08-24T21:25:10.642758804Z,,,01M0TTKEBBB08V7R93N616Z7M5,2026-08-24T21:25:10.642758804Z
01M0TTA5X6NSCFEH3061W2KHFM,01M0TSZV7X3D77NKMM5CDCW4Z6,2026-08-24T21:20:07.078124732Z,60,2026-08-24T21:20:07.078124732Z,true,2026-08-24T21:39:09.521794693Z,01M0TSZV8KEDQHAT4X3FNKVS2B,2026-08-24T21:20:07.078124732Z,0,2026-08-24T21:20:07.078124732Z,true,2026-08-24T21:38:36.711426912Z,selection,2026-08-24T21:20:07.078124732Z,01M0TTA59SYWG90NRXET9WSKZ3,2026-08-24T21:20:07.078124732Z,1787607516722,2026-08-24T21:38:36.723916832Z,true,2026-08-24T21:38:36.679457634Z,true,2026-08-24T21:38:36.739956712Z,01M0TTA5WZQJD1J7EC09VN8EQ9,2026-08-24T21:20:07.078124732Z
01M0TTK1Q4AVJJW274WCJ57X28,01M0TSZEX52H0PZDJFB4JNEAFW,2026-08-24T21:24:57.700367849Z,3,2026-08-24T21:24:57.700367849Z,true,2026-08-24T22:01:21.116663884Z,01M0TSZEY54T11A9AMGVA6T4ZB,2026-08-24T21:24:57.700367849Z,1,2026-08-24T21:24:57.700367849Z,true,2026-08-24T22:01:18.063819607Z,feedback,2026-08-24T21:24:57.700367849Z,01M0TTK16KQYT2X97TRZWMF19X,2026-08-24T21:24:57.700367849Z,1787608878078,2026-08-24T22:01:18.080390585Z,true,2026-08-24T22:01:18.016752396Z,true,2026-08-24T22:01:18.099048591Z,01M0TTK1PZDT5BQV6FZ14VFAPX,2026-08-24T21:24:57.700367849Z
01M0TTKDPHAA5KQY27NY123XBH,01M0TSZGJXR0N6DNTNARWRMFQ4,2026-08-24T21:25:09.969929681Z,60,2026-08-24T21:25:09.969929681Z,false,2026-08-24T21:25:09.969929681Z,01M0TSZGKM72FFW193EYG47F25,2026-08-24T21:25:09.969929681Z,0,2026-08-24T21:25:09.969929681Z,,,selection,2026-08-24T21:25:09.969929681Z,01M0TTKD9QKW72TZS00NN9MRBT,2026-08-24T21:25:09.969929681Z,,,false,2026-08-24T21:25:09.969929681Z,,,01M0TTKDPBTFNXP6PJ92Y19Y64,2026-08-24T21:25:09.969929681Z
01M0TTNRMH4G47W3G8SB1X4FDJ,01M0TSZGJXR0N6DNTNARWRMFQ4,2026-08-24T21:26:26.705966149Z,660,2026-08-24T21:26:26.705966149Z,true,2026-08-24T22:25:03.567387876Z,01M0TSZGKJQW5S4GCP9150DNN9,2026-08-24T21:26:26.705966149Z,0,2026-08-24T21:26:26.705966149Z,true,2026-08-24T21:27:38.833525479Z,describe,2026-08-24T21:26:26.705966149Z,01M0TTNRB7AM24C1H0AT2WEHZ6,2026-08-24T21:26:26.705966149Z,1787606859117,2026-08-24T21:27:39.119892664Z,true,2026-08-24T21:26:32.283486405Z,true,2026-08-24T21:27:38.878515371Z,01M0TTNRBNJECCRDVEP95DGMBN,2026-08-24T21:26:26.705966149Z
01M0TTTQJC406WVRPG8GS7Z3H8,01M0TSZV7X3D77NKMM5CDCW4Z6,2026-08-24T21:29:09.452663993Z,3,2026-08-24T21:29:09.452663993Z,true,2026-08-24T21:56:42.199609962Z,01M0TSZV8KEDQHAT4X33M1GG1C,2026-08-24T21:29:09.452663993Z,1,2026-08-24T21:29:09.452663993Z,true,2026-08-24T21:56:39.148849423Z,feedback,2026-08-24T21:29:09.452663993Z,01M0TTTPG6W1DYMGG4SAQZTRQJ,2026-08-24T21:29:09.452663993Z,1787608599160,2026-08-24T21:56:39.16211183Z,true,2026-08-24T21:56:39.08279426Z,true,2026-08-24T21:56:39.180821844Z,01M0TTTQHWZHQRWZPN94Y4F9YE,2026-08-24T21:29:09.452663993Z
01M0TVKBH88WGTEPQPYHDJQY3H,01M0TTMTH8JPTHXWGXYEY1VFR8,2026-08-24T21:42:36.328053501Z,3,2026-08-24T21:42:36.328053501Z,true,2026-08-24T22:00:14.517726768Z,01M0TTMWMG725DJ5GA5M4WD8SY,2026-08-24T21:42:36.328053501Z,1,2026-08-24T21:42:36.328053501Z,true,2026-08-24T22:00:11.478395888Z,feedback,2026-08-24T21:42:36.328053501Z,01M0TVKA11KK99AQSZNG4JVFW2,2026-08-24T21:42:36.328053501Z,1787608811496,2026-08-24T22:00:11.497662987Z,true,2026-08-24T22:00:11.428735775Z,true,2026-08-24T22:00:11.516694288Z,01M0TVKBGZHMZP4QX1NVT6XY21,2026-08-24T21:42:36.328053501Z
01M0TT9MFJ8SF0360H51DVXVZK,01M0TSZGJXR0N6DNTNARWRMFQ4,2026-08-24T21:19:49.234418911Z,3,2026-08-24T21:19:49.234418911Z,false,2026-08-24T21:19:49.234418911Z,01M0TSZGKE32G3R2H2EPQFBQNN,2026-08-24T21:19:49.234418911Z,1,2026-08-24T21:19:49.234418911Z,,,feedback,2026-08-24T21:19:49.234418911Z,01M0TT9KGJ6K2AWWR3RJB23GS6,2026-08-24T21:19:49.234418911Z,,,false,2026-08-24T21:19:49.234418911Z,,,01M0TT9MFEGR031HPMETX3YN9W,2026-08-24T21:19:49.234418911Z
01M0TT9MGTEG6EDNCVW99ENMZW,01M0TSZGJXR0N6DNTNARWRMFQ4,2026-08-24T21:19:49.274121724Z,60,2026-08-24T21:19:49.274121724Z,false,2026-08-24T21:19:49.274121724Z,01M0TSZGKE32G3R2H2EPQFBQNN,2026-08-24T21:19:49.274121724Z,0,2026-08-24T21:19:49.274121724Z,,,selection,2026-08-24T21:19:49.274121724Z,01M0TT9KJM9XP9SYF7RXAK7WYJ,2026-08-24T21:19:49.274121724Z,,,false,2026-08-24T21:19:49.274121724Z,,,01M0TT9MGGKH2RQQM6QBPG26EA,2026-08-24T21:19:49.274121724Z
01M0TTKN5450KJ90QSGH9839V8,01M0TSZEX52H0PZDJFB4JNEAFW,2026-08-24T21:25:17.604692038Z,60,2026-08-24T21:25:17.604692038Z,true,2026-08-24T21:35:12.954956168Z,01M0TSZEY173D8F3KEP071GR06,2026-08-24T21:25:17.604692038Z,0,2026-08-24T21:25:17.604692038Z,true,2026-08-24T21:34:39.308520121Z,selection,2026-08-24T21:25:17.604692038Z,01M0TTKMV77SDSB47S8N7QH2GR,2026-08-24T21:25:17.604692038Z,1787607279316,2026-08-24T21:34:39.317890714Z,true,2026-08-24T21:34:39.269457878Z,true,2026-08-24T21:34:39.330058565Z,01M0TTKN4Z2AZ2P9VQ5F2BS9R8,2026-08-24T21:25:17.604692038Z
01M0TTKNJV2WV9WCMTD6TADJK0,01M0TSZEX52H0PZDJFB4JNEAFW,2026-08-24T21:25:18.043069345Z,60,2026-08-24T21:25:18.043069345Z,true,2026-08-24T21:45:01.806074043Z,01M0TSZEY173D8F3KEP071GR06,2026-08-24T21:25:18.043069345Z,0,2026-08-24T21:25:18.043069345Z,true,2026-08-24T21:44:33.128921718Z,selection,2026-08-24T21:25:18.043069345Z,01M0TTKMXGQXNQTSGF6TR630G5,2026-08-24T21:25:18.043069345Z,1787607873141,2026-08-24T21:44:33.142939693Z,true,2026-08-24T21:44:33.094713148Z,true,2026-08-24T21:44:33.153869953Z,01M0TTKNJNZ0DKF6PR7MK1NK4J,2026-08-24T21:25:18.043069345Z
01M0TTMR31H2KRJ6RF9NY7VRWZ,01M0TSZV7X3D77NKMM5CDCW4Z6,2026-08-24T21:25:53.377962479Z,3,2026-08-24T21:25:53.377962479Z,true,2026-08-24T21:34:25.69430917Z,01M0TSZV8ERABP36QP2627EVMT,2026-08-24T21:25:53.377962479Z,1,2026-08-24T21:25:53.377962479Z,true,2026-08-24T21:34:22.653016062Z,feedback,2026-08-24T21:25:53.377962479Z,01M0TTMQQVARMPC05WDKBGE8KW,2026-08-24T21:25:53.377962479Z,1787607262658,2026-08-24T21:34:22.665362697Z,true,2026-08-24T21:34:22.613419249Z,true,2026-08-24T21:34:22.679511894Z,01M0TTMR2V4T3FBBYGNA1D0DG8,2026-08-24T21:25:53.377962479Z
01M0TTNS08MBXQ0NC8XD1F7ZYA,01M0TSZGJXR0N6DNTNARWRMFQ4,2026-08-24T21:26:27.081683038Z,3,2026-08-24T21:26:27.081683038Z,false,2026-08-24T21:26:27.081683038Z,01M0TSZGKJQW5S4GCP9150DNN9,2026-08-24T21:26:27.081683038Z,1,2026-08-24T21:26:27.081683038Z,,,feedback,2026-08-24T21:26:27.081683038Z,01M0TTNRHKQSTWQ86QYW0S42BW,2026-08-24T21:26:27.081683038Z,,,false,2026-08-24T21:26:27.081683038Z,,,01M0TTNS02YWAGN6C2JRCSVZSN,2026-08-24T21:26:27.081683038Z
01M0TTNS9VTQSWD4008H115B76,01M0TSZGJXR0N6DNTNARWRMFQ4,2026-08-24T21:26:27.3878572Z,3,2026-08-24T21:26:27.3878572Z,false,2026-08-24T21:26:27.3878572Z,01M0TSZGKJQW5S4GCP9150DNN9,2026-08-24T21:26:27.3878572Z,1,2026-08-24T21:26:27.3878572Z,,,feedback,2026-08-24T21:26:27.3878572Z,01M0TTNRN893GR48G1S6HQGDYK,2026-08-24T21:26:27.3878572Z,,,false,2026-08-24T21:26:27.3878572Z,,,01M0TTNS9PRDDCTVBAVE32GKM1,2026-08-24T21:26:27.3878572Z
01M0TTTQFSH08DRJG87GY8QFBH,01M0TSZV7X3D77NKMM5CDCW4Z6,2026-08-24T21:29:09.369210874Z,60,2026-08-24T21:29:09.369210874Z,true,2026-08-24T21:55:21.823823587Z,01M0TSZV8KEDQHAT4X33M1GG1C,2026-08-24T21:29:09.369210874Z,0,2026-08-24T21:29:09.369210874Z,true,2026-08-24T21:54:40.709366648Z,selection,2026-08-24T21:29:09.369210874Z,01M0TTTPJETWQPZZX8MCH68X7G,2026-08-24T21:29:09.369210874Z,1787608480724,2026-08-24T21:54:40.726276361Z,true,2026-08-24T21:54:40.66148796Z,true,2026-08-24T21:54:40.744801802Z,01M0TTTQFGDXJAAG7GX6QDDK42,2026-08-24T21:29:09.369210874Z
01M0TTKDY0CEK8AHEE80C7VZJ8,01M0TSZGJXR0N6DNTNARWRMFQ4,2026-08-24T21:25:10.208881445Z,60,2026-08-24T21:25:10.208881445Z,false,2026-08-24T21:25:10.208881445Z,01M0TSZGKM72FFW193EYG47F25,2026-08-24T21:25:10.208881445Z,0,2026-08-24T21:25:10.208881445Z,,,selection,2026-08-24T21:25:10.208881445Z,01M0TTKDCZBJ3JC6CTDMGBPHVM,2026-08-24T21:25:10.208881445Z,,,false,2026-08-24T21:25:10.208881445Z,,,01M0TTKDXWNZ4BX0KJWMPQXG1D,2026-08-24T21:25:10.208881445Z
01M0TTKE0749GJMDNQ5S5Q97CG,01M0TSZGJXR0N6DNTNARWRMFQ4,2026-08-24T21:25:10.279772736Z,3,2026-08-24T21:25:10.279772736Z,false,2026-08-24T21:25:10.279772736Z,01M0TSZGKM72FFW193EYG47F25,2026-08-24T21:25:10.279772736Z,1,2026-08-24T21:25:10.279772736Z,,,feedback,2026-08-24T21:25:10.279772736Z,01M0TTKDE0KRB6Q09VGAKFXDXS,2026-08-24T21:25:10.279772736Z,,,false,2026-08-24T21:25:10.279772736Z,,,01M0TTKE031E3QMGMNAKBB8DM9,2026-08-24T21:25:10.279772736Z
01M0TTTQGX4A1C0MAJVG1T1GSE,01M0TSZV7X3D77NKMM5CDCW4Z6,2026-08-24T21:29:09.406012526Z,60,2026-08-24T21:29:09.406012526Z,true,2026-08-24T21:55:51.40172858Z,01M0TSZV8KEDQHAT4X33M1GG1C,2026-08-24T21:29:09.406012526Z,0,2026-08-24T21:29:09.406012526Z,true,2026-08-24T21:55:25.393804879Z,selection,2026-08-24T21:29:09.406012526Z,01M0TTTPGX76JCZ549AFR7WFR3,2026-08-24T21:29:09.406012526Z,1787608525411,2026-08-24T21:55:25.412688107Z,true,2026-08-24T21:55:25.189520061Z,true,2026-08-24T21:55:25.441014431Z,01M0TTTQGNT4BSEBAAAQAWBNPH,2026-08-24T21:29:09.406012526Z
01M0TTTR2AKDGZV2ZT8VR9C6WX,01M0TSZV7X3D77NKMM5CDCW4Z6,2026-08-24T21:29:09.962354133Z,3,2026-08-24T21:29:09.962354133Z,true,2026-08-24T22:05:20.160810435Z,01M0TSZV8KEDQHAT4X33M1GG1C,2026-08-24T21:29:09.962354133Z,1,2026-08-24T21:29:09.962354133Z,true,2026-08-24T22:05:17.105690348Z,feedback,2026-08-24T21:29:09.962354133Z,01M0TTTPNFDS8REY4F4VRQAYGS,2026-08-24T21:29:09.962354133Z,1787609117120,2026-08-24T22:05:17.121712544Z,true,2026-08-24T22:05:17.060137884Z,true,2026-08-24T22:05:17.142942946Z,01M0TTTR1Z3C2D621DA1E8Z4GJ,2026-08-24T21:29:09.962354133Z
01M0TTYQZQ1XS9GX9MXGYXQ9X0,01M0TTMTH8JPTHXWGXYEY1VFR8,2026-08-24T21:31:20.951443197Z,60,2026-08-24T21:31:20.951443197Z,true,2026-08-24T21:53:08.392572518Z,01M0TTMWMDPGAHQRDA7BZJ8FEZ,2026-08-24T21:31:20.951443197Z,0,2026-08-24T21:31:20.951443197Z,true,2026-08-24T21:52:16.103278263Z,selection,2026-08-24T21:31:20.951443197Z,01M0TTYQ0TA024Y986WH2YZ229,2026-08-24T21:31:20.951443197Z,1787608336114,2026-08-24T21:52:16.115970204Z,true,2026-08-24T21:52:16.058450982Z,true,2026-08-24T21:52:16.135129336Z,01M0TTYQZGYR9GSH0EYNAF9STN,2026-08-24T21:31:20.951443197Z
01M0TVKACYW4ZV0YT7YJ6AFD39,01M0TTMTH8JPTHXWGXYEY1VFR8,2026-08-24T21:42:35.168245186Z,3,2026-08-24T21:42:35.168245186Z,true,2026-08-24T21:50:23.660912933Z,01M0TTMWMG725DJ5GA5M4WD8SY,2026-08-24T21:42:35.168245186Z,1,2026-08-24T21:42:35.168245186Z,true,2026-08-24T21:50:20.615955915Z,feedback,2026-08-24T21:42:35.168245186Z,01M0TVK9H1MJSBBJS5X7DQB712,2026-08-24T21:42:35.168245186Z,1787608220629,2026-08-24T21:50:20.630493535Z,true,2026-08-24T21:50:20.572827594Z,true,2026-08-24T21:50:20.647400638Z,01M0TVKACKVZV40D0ZVPY7NBVP,2026-08-24T21:42:35.168245186Z
01M0TTK1WKM63CXHBX8J7J4S9J,01M0TSZEX52H0PZDJFB4JNEAFW,2026-08-24T21:24:57.875929897Z,60,2026-08-24T21:24:57.875929897Z,true,2026-08-24T22:07:35.097816599Z,01M0TSZEY54T11A9AMGVA6T4ZB,2026-08-24T21:24:57.875929897Z,0,2026-08-24T21:24:57.875929897Z,true,2026-08-24T22:07:07.18037865Z,selection,2026-08-24T21:24:57.875929897Z,01M0TTK16981VYRXVWJ54TEAB8,2026-08-24T21:24:57.875929897Z,1787609227196,2026-08-24T22:07:07.197617746Z,true,2026-08-24T22:07:07.132327799Z,true,2026-08-24T22:07:07.212720552Z,01M0TTK1WF2RM6HPA4JKY3Q8EP,2026-08-24T21:24:57.875929897Z
01M0TTKNWG14N1FT3ZRS428X2C,01M0TSZEX52H0PZDJFB4JNEAFW,2026-08-24T21:25:18.352743606Z,60,2026-08-24T21:25:18.352743606Z,true,2026-08-24T21:51:30.715375178Z,01M0TSZEY173D8F3KEP071GR06,2026-08-24T21:25:18.352743606Z,0,2026-08-24T21:25:18.352743606Z,true,2026-08-24T21:50:58.898155251Z,selection,2026-08-24T21:25:18.352743606Z,01M0TTKN2NRBWEZ1BKPWNM92YF,2026-08-24T21:25:18.352743606Z,1787608258910,2026-08-24T21:50:58.911948786Z,true,2026-08-24T21:50:58.852474945Z,true,2026-08-24T21:50:58.925902535Z,01M0TTKNWCF3WZEAXHXDQSQ8ZM,2026-08-24T21:25:18.352743606Z
01M0TTK1J79VFQZF148HE08C82,01M0TSZEX52H0PZDJFB4JNEAFW,2026-08-24T21:24:57.543809324Z,3,2026-08-24T21:24:57.543809324Z,true,2026-08-24T21:55:11.35789994Z,01M0TSZEY54T11A9AMGVA6T4ZB,2026-08-24T21:24:57.543809324Z,1,2026-08-24T21:24:57.543809324Z,true,2026-08-24T21:55:08.319716087Z,feedback,2026-08-24T21:24:57.543809324Z,01M0TTK11A6ZJBDMNWCN0RRPFY,2026-08-24T21:24:57.543809324Z,1787608508335,2026-08-24T21:55:08.336636988Z,true,2026-08-24T21:55:08.27232694Z,true,2026-08-24T21:55:08.354055626Z,01M0TTK1J4AZTER49DG27T765A,2026-08-24T21:24:57.543809324Z
01M0TTNS513GTP79D0TTA20FH0,01M0TSZGJXR0N6DNTNARWRMFQ4,2026-08-24T21:26:27.233964138Z,60,2026-08-24T21:26:27.233964138Z,false,2026-08-24T21:26:27.233964138Z,01M0TSZGKJQW5S4GCP9150DNN9,2026-08-24T21:26:27.233964138Z,0,2026-08-24T21:26:27.233964138Z,,,selection,2026-08-24T21:26:27.233964138Z,01M0TTNREP7E6Q3M5J755G1PGP,2026-08-24T21:26:27.233964138Z,,,false,2026-08-24T21:26:27.233964138Z,,,01M0TTNS4X4NCFEZJTH81K5DZG,2026-08-24T21:26:27.233964138Z
01M0TTTQQQQ6R93EJH4ZRS5SR2,01M0TSZV7X3D77NKMM5CDCW4Z6,2026-08-24T21:29:09.623440528Z,60,2026-08-24T21:29:09.623440528Z,true,2026-08-24T22:00:03.006001861Z,01M0TSZV8KEDQHAT4X33M1GG1C,2026-08-24T21:29:09.623440528Z,0,2026-08-24T21:29:09.623440528Z,true,2026-08-24T21:59:31.236885478Z,selection,2026-08-24T21:29:09.623440528Z,01M0TTTPQX9WBG7KGWW53TDTJV,2026-08-24T21:29:09.623440528Z,1787608771249,2026-08-24T21:59:31.250435339Z,true,2026-08-24T21:59:31.196122399Z,true,2026-08-24T21:59:31.273740214Z,01M0TTTQQGHV62Y0VHHP75TAH5,2026-08-24T21:29:09.623440528Z
01M0TT9MG4NJJRDACNYCKZZW0V,01M0TSZGJXR0N6DNTNARWRMFQ4,2026-08-24T21:19:49.252671169Z,60,2026-08-24T21:19:49.252671169Z,false,2026-08-24T21:19:49.252671169Z,01M0TSZGKE32G3R2H2EPQFBQNN,2026-08-24T21:19:49.252671169Z,0,2026-08-24T21:19:49.252671169Z,,,selection,2026-08-24T21:19:49.252671169Z,01M0TT9KG5CQTXFNBQC55S9KSB,2026-08-24T21:19:49.252671169Z,,,false,2026-08-24T21:19:49.252671169Z,,,01M0TT9MFWNP55FWGGEH4F1DS8,2026-08-24T21:19:49.252671169Z
01M0TTA64FPSJJQ4Z3KTBMQVRV,01M0TSZV7X3D77NKMM5CDCW4Z6,2026-08-24T21:20:07.311459397Z,3,2026-08-24T21:20:07.311459397Z,true,2026-08-24T21:44:44.443514765Z,01M0TSZV8KEDQHAT4X3FNKVS2B,2026-08-24T21:20:07.311459397Z,1,2026-08-24T21:20:07.311459397Z,true,2026-08-24T21:44:41.411586649Z,feedback,2026-08-24T21:20:07.311459397Z,01M0TTA58PCC23T1D0BERXGKP4,2026-08-24T21:20:07.311459397Z,1787607881419,2026-08-24T21:44:41.420697745Z,true,2026-08-24T21:44:41.375650267Z,true,2026-08-24T21:44:41.43292224Z,01M0TTA64CNVABKFZ2JM20VWZB,2026-08-24T21:20:07.311459397Z
01M0TTMRTSF7N2P51JS6PPNT05,01M0TSZV7X3D77NKMM5CDCW4Z6,2026-08-24T21:25:54.137587561Z,3,2026-08-24T21:25:54.137587561Z,true,2026-08-24T21:52:11.379101501Z,01M0TSZV8ERABP36QP2627EVMT,2026-08-24T21:25:54.137587561Z,1,2026-08-24T21:25:54.137587561Z,true,2026-08-24T21:52:08.350403744Z,feedback,2026-08-24T21:25:54.137587561Z,01M0TTMQQ9450TH39A4Z6XJ0BZ,2026-08-24T21:25:54.137587561Z,1787608328363,2026-08-24T21:52:08.365333575Z,true,2026-08-24T21:52:08.30478817Z,true,2026-08-24T21:52:08.384679168Z,01M0TTMRTMHCDQX40TV9SMBM3D,2026-08-24T21:25:54.137587561Z
01M0TTYS4BYTDEM9M8BAK3Y7P3,01M0TTMTH8JPTHXWGXYEY1VFR8,2026-08-24T21:31:22.123319236Z,60,2026-08-24T21:31:22.123319236Z,false,2026-08-24T21:31:22.123319236Z,01M0TTMWMDPGAHQRDA7BZJ8FEZ,2026-08-24T21:31:22.123319236Z,0,2026-08-24T21:31:22.123319236Z,,,selection,2026-08-24T21:31:22.123319236Z,01M0TTYQ87WY64T143PF8FJ197,2026-08-24T21:31:22.123319236Z,,,false,2026-08-24T21:31:22.123319236Z,,,01M0TTYS44X1ER8DN6K91PJTF9,2026-08-24T21:31:22.123319236Z
01M0TV7KBBK5TBJ6YT9KCVJADB,01M0TTMTH8JPTHXWGXYEY1VFR8,2026-08-24T21:36:11.115567554Z,60,2026-08-24T21:36:11.115567554Z,true,2026-08-24T21:49:40.725425657Z,01M0TTMWM9GSP2NP0T4CET96EB,2026-08-24T21:36:11.115567554Z,0,2026-08-24T21:36:11.115567554Z,true,2026-08-24T21:49:23.731947613Z,selection,2026-08-24T21:36:11.115567554Z,01M0TV7JPCF9JKJH5GZHB9Y2BY,2026-08-24T21:36:11.115567554Z,1787608163744,2026-08-24T21:49:23.745696376Z,true,2026-08-24T21:49:23.701564288Z,true,2026-08-24T21:49:23.75783981Z,01M0TV7KB6AH0SHNFZHXP85GSA,2026-08-24T21:36:11.115567554Z
01M0TTA60TNCJZMKHFQXX3AH31,01M0TSZV7X3D77NKMM5CDCW4Z6,2026-08-24T21:20:07.194752519Z,60,2026-08-24T21:20:07.194752519Z,true,2026-08-24T21:41:36.319138239Z,01M0TSZV8KEDQHAT4X3FNKVS2B,2026-08-24T21:20:07.194752519Z,0,2026-08-24T21:20:07.194752519Z,true,2026-08-24T21:41:24.835397226Z,selection,2026-08-24T21:20:07.194752519Z,01M0TTA5AETT2RY51EE3T995G1,2026-08-24T21:20:07.194752519Z,1787607684844,2026-08-24T21:41:24.845212606Z,true,2026-08-24T21:41:24.803127074Z,true,2026-08-24T21:41:24.858163976Z,01M0TTA60PVNYM92DKFBV0XS1Y,2026-08-24T21:20:07.194752519Z
01M0TTMRT620HAGQN2RJ6865AT,01M0TSZV7X3D77NKMM5CDCW4Z6,2026-08-24T21:25:54.118087665Z,60,2026-08-24T21:25:54.118087665Z,true,2026-08-24T21:51:49.163089633Z,01M0TSZV8ERABP36QP2627EVMT,2026-08-24T21:25:54.118087665Z,0,2026-08-24T21:25:54.118087665Z,true,2026-08-24T21:51:21.255439734Z,selection,2026-08-24T21:25:54.118087665Z,01M0TTMQQ6D6FCX5RTTFHF9HPD,2026-08-24T21:25:54.118087665Z,1787608281266,2026-08-24T21:51:21.267804051Z,true,2026-08-24T21:51:21.220168507Z,true,2026-08-24T21:51:21.285656787Z,01M0TTMRT1MDTYKWBZWHAF6HQ5,2026-08-24T21:25:54.118087665Z
01M0TTEZ41P2XAN43XRY1ZT46D,01M0TSZEX52H0PZDJFB4JNEAFW,2026-08-24T21:22:43.969156592Z,60,2026-08-24T21:22:43.969156592Z,true,2026-08-24T21:57:35.093283871Z,01M0TSZEY44B7XSP574QH2WQPJ,2026-08-24T21:22:43.969156592Z,0,2026-08-24T21:22:43.969156592Z,true,2026-08-24T21:57:19.098619128Z,selection,2026-08-24T21:22:43.969156592Z,01M0TTEY75JJ7H2PWJ2880EH40,2026-08-24T21:22:43.969156592Z,1787608639115,2026-08-24T21:57:19.116490342Z,true,2026-08-24T21:57:19.054575005Z,true,2026-08-24T21:57:19.140572413Z,01M0TTEZ3W6KTCZN65D5C14C0Q,2026-08-24T21:22:43.969156592Z
01M0TTKP0R644BW1QHQMXV7RZ6,01M0TSZEX52H0PZDJFB4JNEAFW,2026-08-24T21:25:18.488242802Z,60,2026-08-24T21:25:18.488242802Z,true,2026-08-24T21:54:20.183138236Z,01M0TSZEY173D8F3KEP071GR06,2026-08-24T21:25:18.488242802Z,0,2026-08-24T21:25:18.488242802Z,true,2026-08-24T21:54:07.704573633Z,selection,2026-08-24T21:25:18.488242802Z,01M0TTKN40E7PRPB5F352Q7PDJ,2026-08-24T21:25:18.488242802Z,1787608447720,2026-08-24T21:54:07.722198256Z,true,2026-08-24T21:54:07.668803434Z,true,2026-08-24T21:54:07.73368262Z,01M0TTKP0MZC0CBGEXQMMQ3NGS,2026-08-24T21:25:18.488242802Z
01M0TTTR7KTT38RRRE19RT8WCP,01M0TSZV7X3D77NKMM5CDCW4Z6,2026-08-24T21:29:10.131340359Z,60,2026-08-24T21:29:10.131340359Z,true,2026-08-24T22:07:50.657685203Z,01M0TSZV8KEDQHAT4X33M1GG1C,2026-08-24T21:29:10.131340359Z,0,2026-08-24T21:29:10.131340359Z,true,2026-08-24T22:07:08.240290485Z,selection,2026-08-24T21:29:10.131340359Z,01M0TTTPKWC3R3R1VQXAJ426R2,2026-08-24T21:29:10.131340359Z,1787609228253,2026-08-24T22:07:08.254744808Z,true,2026-08-24T22:07:08.192758447Z,true,2026-08-24T22:07:08.275414631Z,01M0TTTR7794FN7TJWGC0ZSERK,2026-08-24T21:29:10.131340359Z
01M0TTYRR7V6JQ482JWRKGS0K1,01M0TTMTH8JPTHXWGXYEY1VFR8,2026-08-24T21:31:21.735864179Z,3,2026-08-24T21:31:21.735864179Z,false,2026-08-24T21:31:21.735864179Z,01M0TTMWMDPGAHQRDA7BZJ8FEZ,2026-08-24T21:31:21.735864179Z,1,2026-08-24T21:31:21.735864179Z,,,feedback,2026-08-24T21:31:21.735864179Z,01M0TTYQDV1P5NSN9KNG6ERN65,2026-08-24T21:31:21.735864179Z,,,false,2026-08-24T21:31:21.735864179Z,,,01M0TTYRQVS8EX31DRAHKGW5P3,2026-08-24T21:31:21.735864179Z
01M0TVKANMH95WHDMSB8H6D8D0,01M0TTMTH8JPTHXWGXYEY1VFR8,2026-08-24T21:42:35.444313384Z,60,2026-08-24T21:42:35.444313384Z,true,2026-08-24T21:53:30.840538271Z,01M0TTMWMG725DJ5GA5M4WD8SY,2026-08-24T21:42:35.444313384Z,0,2026-08-24T21:42:35.444313384Z,true,2026-08-24T21:53:17.905646292Z,selection,2026-08-24T21:42:35.444313384Z,01M0TVK9KSN64GN8K4NSTBEPV0,2026-08-24T21:42:35.444313384Z,1787608397921,2026-08-24T21:53:17.922946349Z,true,2026-08-24T21:53:17.866790526Z,true,2026-08-24T21:53:17.934565106Z,01M0TVKAND4AN1DF76CC0EKV6Y,2026-08-24T21:42:35.444313384Z
01M0TTEYJSSD1N0HSYN82TMHSA,01M0TSZEX52H0PZDJFB4JNEAFW,2026-08-24T21:22:43.41797124Z,60,2026-08-24T21:22:43.41797124Z,true,2026-08-24T21:39:33.967608593Z,01M0TSZEY44B7XSP574QH2WQPJ,2026-08-24T21:22:43.41797124Z,0,2026-08-24T21:22:43.41797124Z,true,2026-08-24T21:38:45.000050751Z,selection,2026-08-24T21:22:43.41797124Z,01M0TTEY36425R43JP73CX24RP,2026-08-24T21:22:43.41797124Z,1787607525010,2026-08-24T21:38:45.011659968Z,true,2026-08-24T21:38:44.965505118Z,true,2026-08-24T21:38:45.019616706Z,01M0TTEYJKB57WHBY3F0H0TXQN,2026-08-24T21:22:43.41797124Z
01M0TTKNSMKMC4Y1DPXZRRPHRC,01M0TSZEX52H0PZDJFB4JNEAFW,2026-08-24T21:25:18.260540821Z,3,2026-08-24T21:25:18.260540821Z,true,2026-08-24T21:49:45.533283171Z,01M0TSZEY173D8F3KEP071GR06,2026-08-24T21:25:18.260540821Z,1,2026-08-24T21:25:18.260540821Z,true,2026-08-24T21:49:42.490333228Z,feedback,2026-08-24T21:25:18.260540821Z,01M0TTKN24NJX9HW2XWH1KQ8FR,2026-08-24T21:25:18.260540821Z,1787608182501,2026-08-24T21:49:42.502420563Z,true,2026-08-24T21:49:42.445900332Z,true,2026-08-24T21:49:42.517997921Z,01M0TTKNSDRS6QG6JSJG2F0GEW,2026-08-24T21:25:18.260540821Z
01M0TTMRXZPVEKF3Q55Z0ZME6G,01M0TSZV7X3D77NKMM5CDCW4Z6,2026-08-24T21:25:54.239799749Z,60,2026-08-24T21:25:54.239799749Z,true,2026-08-24T21:53:58.275852279Z,01M0TSZV8ERABP36QP2627EVMT,2026-08-24T21:25:54.239799749Z,0,2026-08-24T21:25:54.239799749Z,true,2026-08-24T21:53:47.387690316Z,selection,2026-08-24T21:25:54.239799749Z,01M0TTMQRKPV365FHV1ZCZWC4F,2026-08-24T21:25:54.239799749Z,1787608427401,2026-08-24T21:53:47.402306305Z,true,2026-08-24T21:53:47.350833916Z,true,2026-08-24T21:53:47.414642909Z,01M0TTMRXTP92X7S7AK87XGX67,2026-08-24T21:25:54.239799749Z
01M0TTEYKBQRV61A95WRJYM3FE,01M0TSZEX52H0PZDJFB4JNEAFW,2026-08-24T21:22:43.436798313Z,3,2026-08-24T21:22:43.436798313Z,true,2026-08-24T21:40:40.34810505Z,01M0TSZEY44B7XSP574QH2WQPJ,2026-08-24T21:22:43.436798313Z,1,2026-08-24T21:22:43.436798313Z,true,2026-08-24T21:40:37.322022061Z,feedback,2026-08-24T21:22:43.436798313Z,01M0TTEY5GZ9X3DBNPQ8EN9VCZ,2026-08-24T21:22:43.436798313Z,1787607637333,2026-08-24T21:40:37.334891965Z,true,2026-08-24T21:40:37.284746732Z,true,2026-08-24T21:40:37.346518559Z,01M0TTEYK6GW11V1WC8K1MZPTC,2026-08-24T21:22:43.436798313Z
01M0TTEYTF14DF5WQA437ZFKXJ,01M0TSZEX52H0PZDJFB4JNEAFW,2026-08-24T21:22:43.663135505Z,60,2026-08-24T21:22:43.663135505Z,true,2026-08-24T21:48:06.783046678Z,01M0TSZEY44B7XSP574QH2WQPJ,2026-08-24T21:22:43.663135505Z,0,2026-08-24T21:22:43.663135505Z,true,2026-08-24T21:47:20.640491227Z,selection,2026-08-24T21:22:43.663135505Z,01M0TTEY416KN6Y71XZSXGAFJF,2026-08-24T21:22:43.663135505Z,1787608040651,2026-08-24T21:47:20.653062881Z,true,2026-08-24T21:47:20.605156196Z,true,2026-08-24T21:47:20.671005077Z,01M0TTEYTARWXVVCGMZBJAS3PY,2026-08-24T21:22:43.663135505Z
01M0TTTRJQWP25ZGKYWNKYDTYA,01M0TSZV7X3D77NKMM5CDCW4Z6,2026-08-24T21:29:10.487653039Z,3,2026-08-24T21:29:10.487653039Z,true,2026-08-24T22:13:22.2677601Z,01M0TSZV8KEDQHAT4X33M1GG1C,2026-08-24T21:29:10.487653039Z,1,2026-08-24T21:29:10.487653039Z,true,2026-08-24T22:13:19.219255105Z,feedback,2026-08-24T21:29:10.487653039Z,01M0TTTPHX0CMGRHJRSH2N3VD7,2026-08-24T21:29:10.487653039Z,1787609599236,2026-08-24T22:13:19.237768929Z,true,2026-08-24T22:13:19.170353279Z,true,2026-08-24T22:13:19.25246316Z,01M0TTTRJDWCWMK76J6HSZNN9T,2026-08-24T21:29:10.487653039Z
01M0TTYQSGFB9ZH9W159493WXZ,01M0TTMTH8JPTHXWGXYEY1VFR8,2026-08-24T21:31:20.752838Z,60,2026-08-24T21:31:20.752838Z,true,2026-08-24T21:48:42.55993585Z,01M0TTMWMDPGAHQRDA7BZJ8FEZ,2026-08-24T21:31:20.752838Z,0,2026-08-24T21:31:20.752838Z,true,2026-08-24T21:47:42.535096096Z,selection,2026-08-24T21:31:20.752838Z,01M0TTYQ2P14MT6MS7SFM5VT29,2026-08-24T21:31:20.752838Z,1787608062543,2026-08-24T21:47:42.545345725Z,true,2026-08-24T21:47:42.485065749Z,true,2026-08-24T21:47:42.561163955Z,01M0TTYQS885RRZ97RAXCCNRTE,2026-08-24T21:31:20.752838Z
01M0TV7KC96BF9105W7JKJTKRM,01M0TTMTH8JPTHXWGXYEY1VFR8,2026-08-24T21:36:11.145793271Z,60,2026-08-24T21:36:11.145793271Z,true,2026-08-24T21:50:33.448534004Z,01M0TTMWM9GSP2NP0T4CET96EB,2026-08-24T21:36:11.145793271Z,0,2026-08-24T21:36:11.145793271Z,true,2026-08-24T21:49:44.002290001Z,selection,2026-08-24T21:36:11.145793271Z,01M0TV7JP7EXYF7342M8ABQ8YV,2026-08-24T21:36:11.145793271Z,1787608184010,2026-08-24T21:49:44.012133598Z,true,2026-08-24T21:49:43.964777573Z,true,2026-08-24T21:49:44.029180324Z,01M0TV7KC4DRGY0MNA9AKRG60G,2026-08-24T21:36:11.145793271Z
01M0TT9KNMQX5387XSXS2FKX7A,01M0TSZGJXR0N6DNTNARWRMFQ4,2026-08-24T21:19:48.404782872Z,1200,2026-08-24T21:19:48.404782872Z,false,2026-08-24T21:19:48.404782872Z,01M0TSZGKE32G3R2H2EPQFBQNN,2026-08-24T21:19:48.404782872Z,0,2026-08-24T21:19:48.404782872Z,true,2026-08-24T21:19:52.469594675Z,describe,2026-08-24T21:19:48.404782872Z,01M0TT9KE8J3XXY5CY4CAH58M2,2026-08-24T21:19:48.404782872Z,1787606392474,2026-08-24T21:19:52.475593833Z,true,2026-08-24T21:19:52.449346873Z,true,2026-08-24T21:19:52.480823742Z,01M0TT9KN77H3ZWHBER29RZ15S,2026-08-24T21:19:48.404782872Z
01M0TTTQ7TETHVJM76B1YQ7X05,01M0TSZV7X3D77NKMM5CDCW4Z6,2026-08-24T21:29:09.114211079Z,60,2026-08-24T21:29:09.114211079Z,true,2026-08-24T21:50:56.133043523Z,01M0TSZV8KEDQHAT4X33M1GG1C,2026-08-24T21:29:09.114211079Z,0,2026-08-24T21:29:09.114211079Z,true,2026-08-24T21:49:56.636362656Z,selection,2026-08-24T21:29:09.114211079Z,01M0TTTPP4FNKNN4EA4BYKM227,2026-08-24T21:29:09.114211079Z,1787608196650,2026-08-24T21:49:56.652313747Z,true,2026-08-24T21:49:56.590049893Z,true,2026-08-24T21:49:56.664047798Z,01M0TTTQ7HAJRF546D8Y8V9VK4,2026-08-24T21:29:09.114211079Z
01M0TTTPWXJWVM22CW4NFBJHP3,01M0TSZV7X3D77NKMM5CDCW4Z6,2026-08-24T21:29:08.766060475Z,60,2026-08-24T21:29:08.766060475Z,true,2026-08-24T21:41:28.226875351Z,01M0TSZV8KEDQHAT4X33M1GG1C,2026-08-24T21:29:08.766060475Z,0,2026-08-24T21:29:08.766060475Z,true,2026-08-24T21:40:33.38626494Z,selection,2026-08-24T21:29:08.766060475Z,01M0TTTPEVD8VTDJ3K40Y6JM1E,2026-08-24T21:29:08.766060475Z,1787607633397,2026-08-24T21:40:33.398817413Z,true,2026-08-24T21:40:33.305753835Z,true,2026-08-24T21:40:33.407997132Z,01M0TTTPWNW4B762DAFVTNV6D9,2026-08-24T21:29:08.766060475Z
01M0TTTR5FNSVW03QPCNJFSC7T,01M0TSZV7X3D77NKMM5CDCW4Z6,2026-08-24T21:29:10.063115162Z,3,2026-08-24T21:29:10.063115162Z,true,2026-08-24T22:07:08.034975644Z,01M0TSZV8KEDQHAT4X33M1GG1C,2026-08-24T21:29:10.063115162Z,1,2026-08-24T21:29:10.063115162Z,true,2026-08-24T22:07:04.983765808Z,feedback,2026-08-24T21:29:10.063115162Z,01M0TTTPM2Y4D6ESC7FTP4M4XG,2026-08-24T21:29:10.063115162Z,1787609224997,2026-08-24T22:07:04.999102961Z,true,2026-08-24T22:07:04.934466139Z,true,2026-08-24T22:07:05.017942879Z,01M0TTTR5010ZK3QHNVE6GJ3QB,2026-08-24T21:29:10.063115162Z
01M0TTK1BN1Z84R5NS9W832RQC,01M0TSZEX52H0PZDJFB4JNEAFW,2026-08-24T21:24:57.333617448Z,60,2026-08-24T21:24:57.333617448Z,true,2026-08-24T21:44:53.931768999Z,01M0TSZEY54T11A9AMGVA6T4ZB,2026-08-24T21:24:57.333617448Z,0,2026-08-24T21:24:57.333617448Z,true,2026-08-24T21:44:08.780480156Z,selection,2026-08-24T21:24:57.333617448Z,01M0TTK10HA19NJ6QJKNK83M7B,2026-08-24T21:24:57.333617448Z,1787607848792,2026-08-24T21:44:08.793945162Z,true,2026-08-24T21:44:08.744796953Z,true,2026-08-24T21:44:08.803514229Z,01M0TTK1BHD0JTNP6122RFPT52,2026-08-24T21:24:57.333617448Z
01M0TTNSCKMTK1G0NXBMPTYZK3,01M0TSZGJXR0N6DNTNARWRMFQ4,2026-08-24T21:26:27.475291341Z,60,2026-08-24T21:26:27.475291341Z,false,2026-08-24T21:26:27.475291341Z,01M0TSZGKJQW5S4GCP9150DNN9,2026-08-24T21:26:27.475291341Z,0,2026-08-24T21:26:27.475291341Z,,,selection,2026-08-24T21:26:27.475291341Z,01M0TTNRM4V59KE6SDDS5J1HMW,2026-08-24T21:26:27.475291341Z,,,false,2026-08-24T21:26:27.475291341Z,,,01M0TTNSCD4BCYGCCRE70BWVNB,2026-08-24T21:26:27.475291341Z
01M0TTMRMQCFKE0B92K2CYWJJQ,01M0TSZV7X3D77NKMM5CDCW4Z6,2026-08-24T21:25:53.943320746Z,60,2026-08-24T21:25:53.943320746Z,true,2026-08-24T21:48:04.595615174Z,01M0TSZV8ERABP36QP2627EVMT,2026-08-24T21:25:53.943320746Z,0,2026-08-24T21:25:53.943320746Z,true,2026-08-24T21:47:18.665740788Z,selection,2026-08-24T21:25:53.943320746Z,01M0TTMQVZGZCD67EWP7K8FFQE,2026-08-24T21:25:53.943320746Z,1787608038677,2026-08-24T21:47:18.679254349Z,true,2026-08-24T21:47:18.626418056Z,true,2026-08-24T21:47:18.693668393Z,01M0TTMRMJBPB2TQGDXK5NXZC9,2026-08-24T21:25:53.943320746Z
01M0TTNRW9K8PZBDG752GBQV2J,01M0TSZGJXR0N6DNTNARWRMFQ4,2026-08-24T21:26:26.953928402Z,60,2026-08-24T21:26:26.953928402Z,false,2026-08-24T21:26:26.953928402Z,01M0TSZGKJQW5S4GCP9150DNN9,2026-08-24T21:26:26.953928402Z,0,2026-08-24T21:26:26.953928402Z,,,selection,2026-08-24T21:26:26.953928402Z,01M0TTNRJQXVJJ8GBQK8CGZH70,2026-08-24T21:26:26.953928402Z,,,false,2026-08-24T21:26:26.953928402Z,,,01M0TTNRW466FWXWJJPP3BQPY9,2026-08-24T21:26:26.953928402Z
01M0TTNSKDC5TY3BFT0VE8R3P6,01M0TSZGJXR0N6DNTNARWRMFQ4,2026-08-24T21:26:27.694121584Z,3,2026-08-24T21:26:27.694121584Z,false,2026-08-24T21:26:27.694121584Z,01M0TSZGKJQW5S4GCP9150DNN9,2026-08-24T21:26:27.694121584Z,1,2026-08-24T21:26:27.694121584Z,,,feedback,2026-08-24T21:26:27.694121584Z,01M0TTNREH2MYN478MJT0BNDDE,2026-08-24T21:26:27.694121584Z,,,false,2026-08-24T21:26:27.694121584Z,,,01M0TTNSK8PGPMQ2VVTM8TA8HH,2026-08-24T21:26:27.694121584Z
01M0TV7MCJKBH341AC1PK37BQV,01M0TTMTH8JPTHXWGXYEY1VFR8,2026-08-24T21:36:12.178536217Z,60,2026-08-24T21:36:12.178536217Z,true,2026-08-24T22:03:03.707386907Z,01M0TTMWM9GSP2NP0T4CET96EB,2026-08-24T21:36:12.178536217Z,0,2026-08-24T21:36:12.178536217Z,true,2026-08-24T22:02:42.222610379Z,selection,2026-08-24T21:36:12.178536217Z,01M0TV7JVFNGHYY9RV7G35757F,2026-08-24T21:36:12.178536217Z,1787608962239,2026-08-24T22:02:42.241200223Z,true,2026-08-24T22:02:42.178382868Z,true,2026-08-24T22:02:42.261618496Z,01M0TV7MCDWEBCZJBPZY2F20CR,2026-08-24T21:36:12.178536217Z
01M0TT9ME6ZYVDYNJ3JGTJN4DK,01M0TSZGJXR0N6DNTNARWRMFQ4,2026-08-24T21:19:49.190891369Z,60,2026-08-24T21:19:49.190891369Z,false,2026-08-24T21:19:49.190891369Z,01M0TSZGKE32G3R2H2EPQFBQNN,2026-08-24T21:19:49.190891369Z,0,2026-08-24T21:19:49.190891369Z,,,selection,2026-08-24T21:19:49.190891369Z,01M0TT9KK18BF0PG7PPS0HWQJ6,2026-08-24T21:19:49.190891369Z,,,false,2026-08-24T21:19:49.190891369Z,,,01M0TT9ME19QJ8T5RD428CD4J7,2026-08-24T21:19:49.190891369Z
01M0TTKNDD8HHZG55R9YYQT7D8,01M0TSZEX52H0PZDJFB4JNEAFW,2026-08-24T21:25:17.869479424Z,60,2026-08-24T21:25:17.869479424Z,true,2026-08-24T21:41:00.076097536Z,01M0TSZEY173D8F3KEP071GR06,2026-08-24T21:25:17.869479424Z,0,2026-08-24T21:25:17.869479424Z,true,2026-08-24T21:40:36.513865961Z,selection,2026-08-24T21:25:17.869479424Z,01M0TTKMVAXEH6G7KS70HHN6RV,2026-08-24T21:25:17.869479424Z,1787607636523,2026-08-24T21:40:36.524492334Z,true,2026-08-24T21:40:36.481784877Z,true,2026-08-24T21:40:36.541183917Z,01M0TTKND8H0Y4BJ0SC3H3F5NZ,2026-08-24T21:25:17.869479424Z
01M0TTYRNSZAJKJN2750M74HRA,01M0TTMTH8JPTHXWGXYEY1VFR8,2026-08-24T21:31:21.657680619Z,3,2026-08-24T21:31:21.657680619Z,false,2026-08-24T21:31:21.657680619Z,01M0TTMWMDPGAHQRDA7BZJ8FEZ,2026-08-24T21:31:21.657680619Z,1,2026-08-24T21:31:21.657680619Z,,,feedback,2026-08-24T21:31:21.657680619Z,01M0TTYQFC018EC7FF9E83F9Q8,2026-08-24T21:31:21.657680619Z,,,false,2026-08-24T21:31:21.657680619Z,,,01M0TTYRNB60K92FWF84A219NY,2026-08-24T21:31:21.657680619Z
01M0TVKA731PJFM7TXFHDDRHMV,01M0TTMTH8JPTHXWGXYEY1VFR8,2026-08-24T21:42:34.979137802Z,3,2026-08-24T21:42:34.979137802Z,true,2026-08-24T21:47:57.133536386Z,01M0TTMWMG725DJ5GA5M4WD8SY,2026-08-24T21:42:34.979137802Z,1,2026-08-24T21:42:34.979137802Z,true,2026-08-24T21:47:54.103119914Z,feedback,2026-08-24T21:42:34.979137802Z,01M0TVK9FP30X5F2BS2MAYY5JE,2026-08-24T21:42:34.979137802Z,1787608074113,2026-08-24T21:47:54.114629593Z,true,2026-08-24T21:47:54.06913925Z,true,2026-08-24T21:47:54.130449824Z,01M0TVKA6C79G0D2Y059E6YWWZ,2026-08-24T21:42:34.979137802Z
01M0TT9MKR5CEVA7KHY51T2D3C,01M0TSZGJXR0N6DNTNARWRMFQ4,2026-08-24T21:19:49.368869686Z,60,2026-08-24T21:19:49.368869686Z,false,2026-08-24T21:19:49.368869686Z,01M0TSZGKE32G3R2H2EPQFBQNN,2026-08-24T21:19:49.368869686Z,0,2026-08-24T21:19:49.368869686Z,,,selection,2026-08-24T21:19:49.368869686Z,01M0TT9KJ35Q4935R1ZKN7RKHA,2026-08-24T21:19:49.368869686Z,,,false,2026-08-24T21:19:49.368869686Z,,,01M0TT9MKJ4CA95GS25F8T1CEA,2026-08-24T21:19:49.368869686Z
01M0TTKP0T3RPE500ETFWS48K4,01M0TSZEX52H0PZDJFB4JNEAFW,2026-08-24T21:25:18.490505307Z,3,2026-08-24T21:25:18.490505307Z,true,2026-08-24T21:54:23.296734107Z,01M0TSZEY173D8F3KEP071GR06,2026-08-24T21:25:18.490505307Z,1,2026-08-24T21:25:18.490505307Z,true,2026-08-24T21:54:20.25809911Z,feedback,2026-08-24T21:25:18.490505307Z,01M0TTKN40E7PRPB5F352Q7PDJ,2026-08-24T21:25:18.490505307Z,1787608460274,2026-08-24T21:54:20.275687983Z,true,2026-08-24T21:54:20.209415128Z,true,2026-08-24T21:54:20.297928337Z,01M0TTKP0PX89QRD4DEH8CTC3M,2026-08-24T21:25:18.490505307Z
01M0TT9MF4Y1GKW5S57B8A2VT4,01M0TSZGJXR0N6DNTNARWRMFQ4,2026-08-24T21:19:49.220533579Z,60,2026-08-24T21:19:49.220533579Z,false,2026-08-24T21:19:49.220533579Z,01M0TSZGKE32G3R2H2EPQFBQNN,2026-08-24T21:19:49.220533579Z,0,2026-08-24T21:19:49.220533579Z,,,selection,2026-08-24T21:19:49.220533579Z,01M0TT9KJPQYZ1V156ZYS7RYYM,2026-08-24T21:19:49.220533579Z,,,false,2026-08-24T21:19:49.220533579Z,,,01M0TT9MEZHJ7N72RWQ25C0X4P,2026-08-24T21:19:49.220533579Z
01M0TTNS2RDZZTZM116H2S1MFS,01M0TSZGJXR0N6DNTNARWRMFQ4,2026-08-24T21:26:27.160582271Z,3,2026-08-24T21:26:27.160582271Z,false,2026-08-24T21:26:27.160582271Z,01M0TSZGKJQW5S4GCP9150DNN9,2026-08-24T21:26:27.160582271Z,1,2026-08-24T21:26:27.160582271Z,,,feedback,2026-08-24T21:26:27.160582271Z,01M0TTNRFZ4EN6MVXYVJHY4JDD,2026-08-24T21:26:27.160582271Z,,,false,2026-08-24T21:26:27.160582271Z,,,01M0TTNS2K9N0HFSE31FMTYYJC,2026-08-24T21:26:27.160582271Z
01M0TTEZ13KZQ6JC565535BYFB,01M0TSZEX52H0PZDJFB4JNEAFW,2026-08-24T21:22:43.875172154Z,3,2026-08-24T21:22:43.875172154Z,true,2026-08-24T21:56:04.161991511Z,01M0TSZEY44B7XSP574QH2WQPJ,2026-08-24T21:22:43.875172154Z,1,2026-08-24T21:22:43.875172154Z,true,2026-08-24T21:56:01.096268024Z,feedback,2026-08-24T21:22:43.875172154Z,01M0TTEY5XFSBD5KHXJ0E3EV59,2026-08-24T21:22:43.875172154Z,1787608561108,2026-08-24T21:56:01.109975933Z,true,2026-08-24T21:56:00.982179527Z,true,2026-08-24T21:56:01.141016096Z,01M0TTEZ10KK6VEQMXB4RK9QGD,2026-08-24T21:22:43.875172154Z
01M0TTK1QHF3D6FNEGSJZ039F9,01M0TSZEX52H0PZDJFB4JNEAFW,2026-08-24T21:24:57.713745822Z,60,2026-08-24T21:24:57.713745822Z,true,2026-08-24T22:01:56.71132506Z,01M0TSZEY54T11A9AMGVA6T4ZB,2026-08-24T21:24:57.713745822Z,0,2026-08-24T21:24:57.713745822Z,true,2026-08-24T22:01:21.32614605Z,selection,2026-08-24T21:24:57.713745822Z,01M0TTK16NK5EHDG2XXBD4HS2X,2026-08-24T21:24:57.713745822Z,1787608881360,2026-08-24T22:01:21.362697452Z,true,2026-08-24T22:01:21.275924248Z,true,2026-08-24T22:01:21.439765158Z,01M0TTK1QDG17B2B788EQ1ZM6Q,2026-08-24T21:24:57.713745822Z
01M0TTKNAQM488HKS5HAQQ631Z,01M0TSZEX52H0PZDJFB4JNEAFW,2026-08-24T21:25:17.783091433Z,3,2026-08-24T21:25:17.783091433Z,true,2026-08-24T21:38:46.396621084Z,01M0TSZEY173D8F3KEP071GR06,2026-08-24T21:25:17.783091433Z,1,2026-08-24T21:25:17.783091433Z,true,2026-08-24T21:38:43.372291773Z,feedback,2026-08-24T21:25:17.783091433Z,01M0TTKMTB2BD5FYABW27NRN6H,2026-08-24T21:25:17.783091433Z,1787607523382,2026-08-24T21:38:43.383409492Z,true,2026-08-24T21:38:43.348435571Z,true,2026-08-24T21:38:43.394471957Z,01M0TTKNAJH0A9FBNA0ZEA7KQE,2026-08-24T21:25:17.783091433Z
01M0TTKNPJV2RWVN3HJ4W1Y5V9,01M0TSZEX52H0PZDJFB4JNEAFW,2026-08-24T21:25:18.162266787Z,3,2026-08-24T21:25:18.162266787Z,true,2026-08-24T21:47:01.318177376Z,01M0TSZEY173D8F3KEP071GR06,2026-08-24T21:25:18.162266787Z,1,2026-08-24T21:25:18.162266787Z,true,2026-08-24T21:46:58.29095795Z,feedback,2026-08-24T21:25:18.162266787Z,01M0TTKMZYGJFNBD3YP4QBS86E,2026-08-24T21:25:18.162266787Z,1787608018301,2026-08-24T21:46:58.3028371Z,true,2026-08-24T21:46:58.254647673Z,true,2026-08-24T21:46:58.32025334Z,01M0TTKNPBP2Y743T7XJSX3BFJ,2026-08-24T21:25:18.162266787Z
01M0TV7M28CDHVHFK8TD3DP3J6,01M0TTMTH8JPTHXWGXYEY1VFR8,2026-08-24T21:36:11.849007308Z,3,2026-08-24T21:36:11.849007308Z,true,2026-08-24T21:59:44.759583886Z,01M0TTMWM9GSP2NP0T4CET96EB,2026-08-24T21:36:11.849007308Z,1,2026-08-24T21:36:11.849007308Z,true,2026-08-24T21:59:41.726817688Z,feedback,2026-08-24T21:36:11.849007308Z,01M0TV7JYPJ9C4CPFXCBGQ6BEV,2026-08-24T21:36:11.849007308Z,1787608781743,2026-08-24T21:59:41.744799905Z,true,2026-08-24T21:59:41.684750059Z,true,2026-08-24T21:59:41.75822219Z,01M0TV7M21N0SQWGSZMJF1RBQ7,2026-08-24T21:36:11.849007308Z
01M0TTA5R3588Y1RDQ560HB313,01M0TSZV7X3D77NKMM5CDCW4Z6,2026-08-24T21:20:06.915162362Z,60,2026-08-24T21:20:06.915162362Z,true,2026-08-24T21:34:06.051864803Z,01M0TSZV8KEDQHAT4X3FNKVS2B,2026-08-24T21:20:06.915162362Z,0,2026-08-24T21:20:06.915162362Z,true,2026-08-24T21:33:42.394847997Z,selection,2026-08-24T21:20:06.915162362Z,01M0TTA5D10PQY43N8EWEAJGBP,2026-08-24T21:20:06.915162362Z,1787607222409,2026-08-24T21:33:42.416774038Z,true,2026-08-24T21:33:42.351554513Z,true,2026-08-24T21:33:42.43103121Z,01M0TTA5QXSMTC0KT96JFVWMG6,2026-08-24T21:20:06.915162362Z
01M0TTEYJAVQNS8VGXWA853P12,01M0TSZEX52H0PZDJFB4JNEAFW,2026-08-24T21:22:43.403773577Z,3,2026-08-24T21:22:43.403773577Z,true,2026-08-24T21:38:44.847769407Z,01M0TSZEY44B7XSP574QH2WQPJ,2026-08-24T21:22:43.403773577Z,1,2026-08-24T21:22:43.403773577Z,true,2026-08-24T21:38:41.809972717Z,feedback,2026-08-24T21:22:43.403773577Z,01M0TTEY37SM4PVFYR7WQGF0EE,2026-08-24T21:22:43.403773577Z,1787607521818,2026-08-24T21:38:41.819323553Z,true,2026-08-24T21:38:41.776813941Z,true,2026-08-24T21:38:41.83815752Z,01M0TTEYJ71Q6KQVW2K8XXVX9V,2026-08-24T21:22:43.403773577Z
01M0TV7KKPVJ3AZSHY128NZYAV,01M0TTMTH8JPTHXWGXYEY1VFR8,2026-08-24T21:36:11.382135687Z,3,2026-08-24T21:36:11.382135687Z,true,2026-08-24T21:54:27.429693899Z,01M0TTMWM9GSP2NP0T4CET96EB,2026-08-24T21:36:11.382135687Z,1,2026-08-24T21:36:11.382135687Z,true,2026-08-24T21:54:24.342104566Z,feedback,2026-08-24T21:36:11.382135687Z,01M0TV7K1J0GM5YP41QYZRHNY1,2026-08-24T21:36:11.382135687Z,1787608464358,2026-08-24T21:54:24.359578598Z,true,2026-08-24T21:54:24.293150032Z,true,2026-08-24T21:54:24.375282604Z,01M0TV7KKERYQ3ZFK8113RY90M,2026-08-24T21:36:11.382135687Z
01M0TV7KPTNEJJFW10JR0TXY5C,01M0TTMTH8JPTHXWGXYEY1VFR8,2026-08-24T21:36:11.484529123Z,3,2026-08-24T21:36:11.484529123Z,true,2026-08-24T21:55:49.972080611Z,01M0TTMWM9GSP2NP0T4CET96EB,2026-08-24T21:36:11.484529123Z,1,2026-08-24T21:36:11.484529123Z,true,2026-08-24T21:55:46.92896898Z,feedback,2026-08-24T21:36:11.484529123Z,01M0TV7JMESYCP2HMS3NN08X9V,2026-08-24T21:36:11.484529123Z,1787608546938,2026-08-24T21:55:46.940568547Z,true,2026-08-24T21:55:46.888612668Z,true,2026-08-24T21:55:46.957085597Z,01M0TV7KPKRMQE1MVKXS254MMP,2026-08-24T21:36:11.484529123Z
01M0TTA6642N7SHBXD0KTMQ3AH,01M0TSZV7X3D77NKMM5CDCW4Z6,2026-08-24T21:20:07.364100469Z,3,2026-08-24T21:20:07.364100469Z,true,2026-08-24T21:45:52.544688792Z,01M0TSZV8KEDQHAT4X3FNKVS2B,2026-08-24T21:20:07.364100469Z,1,2026-08-24T21:20:07.364100469Z,true,2026-08-24T21:45:49.515882151Z,feedback,2026-08-24T21:20:07.364100469Z,01M0TTA58DZTS9K231QJJR5H66,2026-08-24T21:20:07.364100469Z,1787607949527,2026-08-24T21:45:49.528787241Z,true,2026-08-24T21:45:49.482842624Z,true,2026-08-24T21:45:49.540812135Z,01M0TTA660TMQCC9C6W1NMQ5YR,2026-08-24T21:20:07.364100469Z
01M0TTTQKGD99HF7KE25BBGPM0,01M0TSZV7X3D77NKMM5CDCW4Z6,2026-08-24T21:29:09.489030811Z,3,2026-08-24T21:29:09.489030811Z,true,2026-08-24T21:57:21.682706503Z,01M0TSZV8KEDQHAT4X33M1GG1C,2026-08-24T21:29:09.489030811Z,1,2026-08-24T21:29:09.489030811Z,true,2026-08-24T21:57:18.63225563Z,feedback,2026-08-24T21:29:09.489030811Z,01M0TTTPG157HQF7RG88P997FK,2026-08-24T21:29:09.489030811Z,1787608638645,2026-08-24T21:57:18.647292103Z,true,2026-08-24T21:57:18.585590869Z,true,2026-08-24T21:57:18.668144975Z,01M0TTTQK8HRCJ7VXV0WDX8AXQ,2026-08-24T21:29:09.489030811Z
01M0TT9MHHVJJ4FK4EZCPPP8X3,01M0TSZGJXR0N6DNTNARWRMFQ4,2026-08-24T21:19:49.297730397Z,3,2026-08-24T21:19:49.297730397Z,false,2026-08-24T21:19:49.297730397Z,01M0TSZGKE32G3R2H2EPQFBQNN,2026-08-24T21:19:49.297730397Z,1,2026-08-24T21:19:49.297730397Z,,,feedback,2026-08-24T21:19:49.297730397Z,01M0TT9KJJX9VHV5YS450ZKJ7Z,2026-08-24T21:19:49.297730397Z,,,false,2026-08-24T21:19:49.297730397Z,,,01M0TT9MHEPHWFDVZA01TJZ3GZ,2026-08-24T21:19:49.297730397Z
01M0TTKDVQNQP66N2Z31ZKZRCV,01M0TSZGJXR0N6DNTNARWRMFQ4,2026-08-24T21:25:10.135747247Z,3,2026-08-24T21:25:10.135747247Z,false,2026-08-24T21:25:10.135747247Z,01M0TSZGKM72FFW193EYG47F25,2026-08-24T21:25:10.135747247Z,1,2026-08-24T21:25:10.135747247Z,,,feedback,2026-08-24T21:25:10.135747247Z,01M0TTKDAFMZ7E3HV6T635ST7C,2026-08-24T21:25:10.135747247Z,,,false,2026-08-24T21:25:10.135747247Z,,,01M0TTKDVKC5FPYNWVGX2G6PET,2026-08-24T21:25:10.135747247Z
01M0TTKNBWNBWT8V4NCMRQZR2S,01M0TSZEX52H0PZDJFB4JNEAFW,2026-08-24T21:25:17.820723167Z,3,2026-08-24T21:25:17.820723167Z,true,2026-08-24T21:39:39.346496821Z,01M0TSZEY173D8F3KEP071GR06,2026-08-24T21:25:17.820723167Z,1,2026-08-24T21:25:17.820723167Z,true,2026-08-24T21:39:36.257297151Z,feedback,2026-08-24T21:25:17.820723167Z,01M0TTKMTT2RM8BRPPZ9B0062C,2026-08-24T21:25:17.820723167Z,1787607576266,2026-08-24T21:39:36.267620529Z,true,2026-08-24T21:39:36.222187498Z,true,2026-08-24T21:39:36.282746854Z,01M0TTKNBP0EABPHKVV26TJYKQ,2026-08-24T21:25:17.820723167Z
01M0TTNS95SKRY9N04HTWB5YZC,01M0TSZGJXR0N6DNTNARWRMFQ4,2026-08-24T21:26:27.366513428Z,3,2026-08-24T21:26:27.366513428Z,false,2026-08-24T21:26:27.366513428Z,01M0TSZGKJQW5S4GCP9150DNN9,2026-08-24T21:26:27.366513428Z,1,2026-08-24T21:26:27.366513428Z,,,feedback,2026-08-24T21:26:27.366513428Z,01M0TTNRNA0NN0WF3D3N3FCM6F,2026-08-24T21:26:27.366513428Z,,,false,2026-08-24T21:26:27.366513428Z,,,01M0TTNS8VER3B900P68Z3838K,2026-08-24T21:26:27.366513428Z
01M0TVKB5QTHXJ89ETKRGZH96R,01M0TTMTH8JPTHXWGXYEY1VFR8,2026-08-24T21:42:35.959787474Z,60,2026-08-24T21:42:35.959787474Z,true,2026-08-24T21:57:30.836537603Z,01M0TTMWMG725DJ5GA5M4WD8SY,2026-08-24T21:42:35.959787474Z,0,2026-08-24T21:42:35.959787474Z,true,2026-08-24T21:57:24.328861483Z,selection,2026-08-24T21:42:35.959787474Z,01M0TVK9RPNX2GWSZ0MC61W2SW,2026-08-24T21:42:35.959787474Z,1787608644342,2026-08-24T21:57:24.344229625Z,true,2026-08-24T21:57:24.278283071Z,true,2026-08-24T21:57:24.362648318Z,01M0TVKB5K4HQ305NJJMQQ2QGZ,2026-08-24T21:42:35.959787474Z
01M0TT9M9MSDBK2GX03A78Q0SD,01M0TSZGJXR0N6DNTNARWRMFQ4,2026-08-24T21:19:49.044845394Z,60,2026-08-24T21:19:49.044845394Z,false,2026-08-24T21:19:49.044845394Z,01M0TSZGKE32G3R2H2EPQFBQNN,2026-08-24T21:19:49.044845394Z,0,2026-08-24T21:19:49.044845394Z,,,selection,2026-08-24T21:19:49.044845394Z,01M0TT9KM80SA1WC7QVVBNYTM2,2026-08-24T21:19:49.044845394Z,,,false,2026-08-24T21:19:49.044845394Z,,,01M0TT9M9E0XSDDCDE1EWC07WT,2026-08-24T21:19:49.044845394Z
01M0TT9MEN26B3W41W0A3R588F,01M0TSZGJXR0N6DNTNARWRMFQ4,2026-08-24T21:19:49.205994809Z,60,2026-08-24T21:19:49.205994809Z,false,2026-08-24T21:19:49.205994809Z,01M0TSZGKE32G3R2H2EPQFBQNN,2026-08-24T21:19:49.205994809Z,0,2026-08-24T21:19:49.205994809Z,,,selection,2026-08-24T21:19:49.205994809Z,01M0TT9KJZNAW68RQM0RM81X8P,2026-08-24T21:19:49.205994809Z,,,false,2026-08-24T21:19:49.205994809Z,,,01M0TT9MEHHSMN3KDTWF08H1HG,2026-08-24T21:19:49.205994809Z
01M0TT9M5YXATYNJ9022FEJDVA,01M0TSZGJXR0N6DNTNARWRMFQ4,2026-08-24T21:19:48.928156419Z,3,2026-08-24T21:19:48.928156419Z,false,2026-08-24T21:19:48.928156419Z,01M0TSZGKE32G3R2H2EPQFBQNN,2026-08-24T21:19:48.928156419Z,1,2026-08-24T21:19:48.928156419Z,,,feedback,2026-08-24T21:19:48.928156419Z,01M0TT9KKECZTRQ60X0Z04ZJF7,2026-08-24T21:19:48.928156419Z,,,false,2026-08-24T21:19:48.928156419Z,,,01M0TT9M5TR62STF61420YZJR4,2026-08-24T21:19:48.928156419Z
01M0TTK1F8SZT54T3H0VKXZBZM,01M0TSZEX52H0PZDJFB4JNEAFW,2026-08-24T21:24:57.448146805Z,60,2026-08-24T21:24:57.448146805Z,true,2026-08-24T21:50:31.263617557Z,01M0TSZEY54T11A9AMGVA6T4ZB,2026-08-24T21:24:57.448146805Z,0,2026-08-24T21:24:57.448146805Z,true,2026-08-24T21:50:06.785525716Z,selection,2026-08-24T21:24:57.448146805Z,01M0TTK112MGP9XM2TDWT3WSB8,2026-08-24T21:24:57.448146805Z,1787608206816,2026-08-24T21:50:06.818275862Z,true,2026-08-24T21:50:06.664761501Z,true,2026-08-24T21:50:06.833266068Z,01M0TTK1F1B4NXG9KTQHEY2E13,2026-08-24T21:24:57.448146805Z
01M0TTK1QKHBJDNX8F7DHZA6PB,01M0TSZEX52H0PZDJFB4JNEAFW,2026-08-24T21:24:57.715180201Z,3,2026-08-24T21:24:57.715180201Z,true,2026-08-24T22:01:59.828921136Z,01M0TSZEY54T11A9AMGVA6T4ZB,2026-08-24T21:24:57.715180201Z,1,2026-08-24T21:24:57.715180201Z,true,2026-08-24T22:01:56.795513422Z,feedback,2026-08-24T21:24:57.715180201Z,01M0TTK16NK5EHDG2XXBD4HS2X,2026-08-24T21:24:57.715180201Z,1787608916805,2026-08-24T22:01:56.807016511Z,true,2026-08-24T22:01:56.750488815Z,true,2026-08-24T22:01:56.824593067Z,01M0TTK1QF0RVJ1XZBN8WM6JXD,2026-08-24T21:24:57.715180201Z
01M0TTTQ970V2K6270Z5TPH9SE,01M0TSZV7X3D77NKMM5CDCW4Z6,2026-08-24T21:29:09.159469264Z,3,2026-08-24T21:29:09.159469264Z,true,2026-08-24T21:51:32.705263978Z,01M0TSZV8KEDQHAT4X33M1GG1C,2026-08-24T21:29:09.159469264Z,1,2026-08-24T21:29:09.159469264Z,true,2026-08-24T21:51:29.664059702Z,feedback,2026-08-24T21:29:09.159469264Z,01M0TTTPN9WYQTRYKGN01YB111,2026-08-24T21:29:09.159469264Z,1787608289679,2026-08-24T21:51:29.681166661Z,true,2026-08-24T21:51:29.625773315Z,true,2026-08-24T21:51:29.701513258Z,01M0TTTQ8W1P7KGN3BSC7DEE7G,2026-08-24T21:29:09.159469264Z
01M0TV7KF6C20Z70WDRBR511EG,01M0TTMTH8JPTHXWGXYEY1VFR8,2026-08-24T21:36:11.238854292Z,60,2026-08-24T21:36:11.238854292Z,true,2026-08-24T21:52:06.713149479Z,01M0TTMWM9GSP2NP0T4CET96EB,2026-08-24T21:36:11.238854292Z,0,2026-08-24T21:36:11.238854292Z,true,2026-08-24T21:51:45.920710971Z,selection,2026-08-24T21:36:11.238854292Z,01M0TV7JNMW9Y5HBJ623AST949,2026-08-24T21:36:11.238854292Z,1787608305931,2026-08-24T21:51:45.932747323Z,true,2026-08-24T21:51:45.880546078Z,true,2026-08-24T21:51:45.946172153Z,01M0TV7KF1SRT3KA6C0C22HKPE,2026-08-24T21:36:11.238854292Z
01M0TV7M8SBQZJQATT6C4B85P7,01M0TTMTH8JPTHXWGXYEY1VFR8,2026-08-24T21:36:12.057753152Z,60,2026-08-24T21:36:12.057753152Z,true,2026-08-24T22:02:01.321267203Z,01M0TTMWM9GSP2NP0T4CET96EB,2026-08-24T21:36:12.057753152Z,0,2026-08-24T21:36:12.057753152Z,true,2026-08-24T22:01:40.47947628Z,selection,2026-08-24T21:36:12.057753152Z,01M0TV7JWQRXENS6MRNBMVK5E6,2026-08-24T21:36:12.057753152Z,1787608900505,2026-08-24T22:01:40.507330375Z,true,2026-08-24T22:01:40.39761234Z,true,2026-08-24T22:01:40.546369499Z,01M0TV7M8KMRWH2Y43FVHY0QHP,2026-08-24T21:36:12.057753152Z
01M0TT9KSM4PHA6H1PMHRJ248A,01M0TSZGJXR0N6DNTNARWRMFQ4,2026-08-24T21:19:48.532424181Z,3,2026-08-24T21:19:48.532424181Z,false,2026-08-24T21:19:48.532424181Z,01M0TSZGKE32G3R2H2EPQFBQNN,2026-08-24T21:19:48.532424181Z,1,2026-08-24T21:19:48.532424181Z,,,feedback,2026-08-24T21:19:48.532424181Z,01M0TT9KHM4EEPZS4T0X9RNFZB,2026-08-24T21:19:48.532424181Z,,,false,2026-08-24T21:19:48.532424181Z,,,01M0TT9KSEX09XBH51A48PVA7V,2026-08-24T21:19:48.532424181Z
01M0TT9M2K8Q44J76PRWKWSEKH,01M0TSZGJXR0N6DNTNARWRMFQ4,2026-08-24T21:19:48.819717426Z,60,2026-08-24T21:19:48.819717426Z,false,2026-08-24T21:19:48.819717426Z,01M0TSZGKE32G3R2H2EPQFBQNN,2026-08-24T21:19:48.819717426Z,0,2026-08-24T21:19:48.819717426Z,,,selection,2026-08-24T21:19:48.819717426Z,01M0TT9KFQZ8PBQZDYEK80GEX2,2026-08-24T21:19:48.819717426Z,,,false,2026-08-24T21:19:48.819717426Z,,,01M0TT9M2E16SND29EFEJZA08S,2026-08-24T21:19:48.819717426Z
01M0TTYRHKABZGYETGAMXW9CPH,01M0TTMTH8JPTHXWGXYEY1VFR8,2026-08-24T21:31:21.523881466Z,60,2026-08-24T21:31:21.523881466Z,false,2026-08-24T21:31:21.523881466Z,01M0TTMWMDPGAHQRDA7BZJ8FEZ,2026-08-24T21:31:21.523881466Z,0,2026-08-24T21:31:21.523881466Z,,,selection,2026-08-24T21:31:21.523881466Z,01M0TTYQHC08RSX8ACZJK66TDD,2026-08-24T21:31:21.523881466Z,,,false,2026-08-24T21:31:21.523881466Z,,,01M0TTYRHAFJJDYFMBFZF6PFGK,2026-08-24T21:31:21.523881466Z
01M0TVKB1X52SVQ484GJ0TMABX,01M0TTMTH8JPTHXWGXYEY1VFR8,2026-08-24T21:42:35.837704736Z,60,2026-08-24T21:42:35.837704736Z,true,2026-08-24T21:56:40.357541853Z,01M0TTMWMG725DJ5GA5M4WD8SY,2026-08-24T21:42:35.837704736Z,0,2026-08-24T21:42:35.837704736Z,true,2026-08-24T21:56:34.326994757Z,selection,2026-08-24T21:42:35.837704736Z,01M0TVK9QKH9RNX8NGNB9GYDZY,2026-08-24T21:42:35.837704736Z,1787608594344,2026-08-24T21:56:34.345907405Z,true,2026-08-24T21:56:34.280040195Z,true,2026-08-24T21:56:34.360533304Z,01M0TVKB1QCC4RQTNE1W8R8T07,2026-08-24T21:42:35.837704736Z
01M0TT9MJSGD8SEJ66H5J6H2WQ,01M0TSZGJXR0N6DNTNARWRMFQ4,2026-08-24T21:19:49.337653719Z,3,2026-08-24T21:19:49.337653719Z,false,2026-08-24T21:19:49.337653719Z,01M0TSZGKE32G3R2H2EPQFBQNN,2026-08-24T21:19:49.337653719Z,1,2026-08-24T21:19:49.337653719Z,,,feedback,2026-08-24T21:19:49.337653719Z,01M0TT9KJ7S4YTHKK3C1YVDVVA,2026-08-24T21:19:49.337653719Z,,,false,2026-08-24T21:19:49.337653719Z,,,01M0TT9MJPA6GH80KFHDZT6G73,2026-08-24T21:19:49.337653719Z
01M0TTYRSR2RFJ78QHRYVAXW0N,01M0TTMTH8JPTHXWGXYEY1VFR8,2026-08-24T21:31:21.784494863Z,3,2026-08-24T21:31:21.784494863Z,false,2026-08-24T21:31:21.784494863Z,01M0TTMWMDPGAHQRDA7BZJ8FEZ,2026-08-24T21:31:21.784494863Z,1,2026-08-24T21:31:21.784494863Z,,,feedback,2026-08-24T21:31:21.784494863Z,01M0TTYQDB3W52FFT8RWBW1E81,2026-08-24T21:31:21.784494863Z,,,false,2026-08-24T21:31:21.784494863Z,,,01M0TTYRS6FH0YFWXV8QYT84KE,2026-08-24T21:31:21.784494863Z
01M0TV7M05YQCY12ZRZV4NJKY9,01M0TTMTH8JPTHXWGXYEY1VFR8,2026-08-24T21:36:11.781096566Z,60,2026-08-24T21:36:11.781096566Z,true,2026-08-24T21:59:06.710947869Z,01M0TTMWM9GSP2NP0T4CET96EB,2026-08-24T21:36:11.781096566Z,0,2026-08-24T21:36:11.781096566Z,true,2026-08-24T21:58:55.307958235Z,selection,2026-08-24T21:36:11.781096566Z,01M0TV7JZDEZ70Z0YYWQWBZX09,2026-08-24T21:36:11.781096566Z,1787608735324,2026-08-24T21:58:55.325514473Z,true,2026-08-24T21:58:55.259268398Z,true,2026-08-24T21:58:55.339694072Z,01M0TV7M00Q95V0XY5K2VSCR74,2026-08-24T21:36:11.781096566Z
01M0TTMR8YTCFQJRMA1KG07X3G,01M0TSZV7X3D77NKMM5CDCW4Z6,2026-08-24T21:25:53.566250287Z,3,2026-08-24T21:25:53.566250287Z,true,2026-08-24T21:39:34.356881605Z,01M0TSZV8ERABP36QP2627EVMT,2026-08-24T21:25:53.566250287Z,1,2026-08-24T21:25:53.566250287Z,true,2026-08-24T21:39:31.328249096Z,feedback,2026-08-24T21:25:53.566250287Z,01M0TTMQSMKA0RRFMK38QGYSS7,2026-08-24T21:25:53.566250287Z,1787607571340,2026-08-24T21:39:31.341764765Z,true,2026-08-24T21:39:31.293443874Z,true,2026-08-24T21:39:31.35567515Z,01M0TTMR8VNRXKJ4GQGG01MY4Q,2026-08-24T21:25:53.566250287Z
01M0TTTQ82VYDR0XB47W1MN07F,01M0TSZV7X3D77NKMM5CDCW4Z6,2026-08-24T21:29:09.122218279Z,3,2026-08-24T21:29:09.122218279Z,true,2026-08-24T21:50:59.287281738Z,01M0TSZV8KEDQHAT4X33M1GG1C,2026-08-24T21:29:09.122218279Z,1,2026-08-24T21:29:09.122218279Z,true,2026-08-24T21:50:56.253762543Z,feedback,2026-08-24T21:29:09.122218279Z,01M0TTTPP4FNKNN4EA4BYKM227,2026-08-24T21:29:09.122218279Z,1787608256268,2026-08-24T21:50:56.270251574Z,true,2026-08-24T21:50:56.219281519Z,true,2026-08-24T21:50:56.286214362Z,01M0TTTQ7NKDYRF51GAQ0VXXF5,2026-08-24T21:29:09.122218279Z
01M0TTNSFH235MKT8K38GA64WV,01M0TSZGJXR0N6DNTNARWRMFQ4,2026-08-24T21:26:27.570007507Z,3,2026-08-24T21:26:27.570007507Z,false,2026-08-24T21:26:27.570007507Z,01M0TSZGKJQW5S4GCP9150DNN9,2026-08-24T21:26:27.570007507Z,1,2026-08-24T21:26:27.570007507Z,,,feedback,2026-08-24T21:26:27.570007507Z,01M0TTNRFW98WPR6BHH30KKS9Y,2026-08-24T21:26:27.570007507Z,,,false,2026-08-24T21:26:27.570007507Z,,,01M0TTNSFCSM3RWFRE1JMB495J,2026-08-24T21:26:27.570007507Z
01M0TV7MCR28R69MPMJKSPGWS5,01M0TTMTH8JPTHXWGXYEY1VFR8,2026-08-24T21:36:12.186033222Z,3,2026-08-24T21:36:12.186033222Z,true,2026-08-24T22:03:06.836784687Z,01M0TTMWM9GSP2NP0T4CET96EB,2026-08-24T21:36:12.186033222Z,1,2026-08-24T21:36:12.186033222Z,true,2026-08-24T22:03:03.788628138Z,feedback,2026-08-24T21:36:12.186033222Z,01M0TV7JVFNGHYY9RV7G35757F,2026-08-24T21:36:12.186033222Z,1787608983802,2026-08-24T22:03:03.805294871Z,true,2026-08-24T22:03:03.741857175Z,true,2026-08-24T22:03:03.832258989Z,01M0TV7MCGHRET639W5Z92Y9BW,2026-08-24T21:36:12.186033222Z
01M0TTK1TT5T1RVCHDEQMVXW9T,01M0TSZEX52H0PZDJFB4JNEAFW,2026-08-24T21:24:57.818370219Z,3,2026-08-24T21:24:57.818370219Z,true,2026-08-24T22:05:59.271409341Z,01M0TSZEY54T11A9AMGVA6T4ZB,2026-08-24T21:24:57.818370219Z,1,2026-08-24T21:24:57.818370219Z,true,2026-08-24T22:05:56.210945216Z,feedback,2026-08-24T21:24:57.818370219Z,01M0TTK13A2BYWETS4ZNAF4VY4,2026-08-24T21:24:57.818370219Z,1787609156230,2026-08-24T22:05:56.231918673Z,true,2026-08-24T22:05:56.15674109Z,true,2026-08-24T22:05:56.254225126Z,01M0TTK1TP2QFTXFBGEKDP6CA4,2026-08-24T21:24:57.818370219Z
01M0TTKE5GV4TP77M5N15FBMZT,01M0TSZGJXR0N6DNTNARWRMFQ4,2026-08-24T21:25:10.448634122Z,60,2026-08-24T21:25:10.448634122Z,false,2026-08-24T21:25:10.448634122Z,01M0TSZGKM72FFW193EYG47F25,2026-08-24T21:25:10.448634122Z,0,2026-08-24T21:25:10.448634122Z,,,selection,2026-08-24T21:25:10.448634122Z,01M0TTKDEV6HNXH6SRWXYF66XD,2026-08-24T21:25:10.448634122Z,,,false,2026-08-24T21:25:10.448634122Z,,,01M0TTKE5C0WTT1WFYTF5ESC8J,2026-08-24T21:25:10.448634122Z
01M0TTKNMPJAT9DDCM8B62ATDY,01M0TSZEX52H0PZDJFB4JNEAFW,2026-08-24T21:25:18.102541482Z,3,2026-08-24T21:25:18.102541482Z,true,2026-08-24T21:46:00.630371754Z,01M0TSZEY173D8F3KEP071GR06,2026-08-24T21:25:18.102541482Z,1,2026-08-24T21:25:18.102541482Z,true,2026-08-24T21:45:57.59892473Z,feedback,2026-08-24T21:25:18.102541482Z,01M0TTKMY9T220HDP75161FGA1,2026-08-24T21:25:18.102541482Z,1787607957608,2026-08-24T21:45:57.609566787Z,true,2026-08-24T21:45:57.5647876Z,true,2026-08-24T21:45:57.630247281Z,01M0TTKNMHGWJ5SP4JFF5AARFH,2026-08-24T21:25:18.102541482Z
01M0TT9KP428K31SEQ9BA700CC,01M0TSZGJXR0N6DNTNARWRMFQ4,2026-08-24T21:19:48.420885257Z,60,2026-08-24T21:19:48.420885257Z,false,2026-08-24T21:19:48.420885257Z,01M0TSZGKE32G3R2H2EPQFBQNN,2026-08-24T21:19:48.420885257Z,0,2026-08-24T21:19:48.420885257Z,,,selection,2026-08-24T21:19:48.420885257Z,01M0TT9KEEZT6B3HYPY1GE2FP8,2026-08-24T21:19:48.420885257Z,,,false,2026-08-24T21:19:48.420885257Z,,,01M0TT9KNWDSFKYMMRVNV6CA81,2026-08-24T21:19:48.420885257Z
01M0TTKEAP89T3Q218HM8P6TX2,01M0TSZGJXR0N6DNTNARWRMFQ4,2026-08-24T21:25:10.614195203Z,60,2026-08-24T21:25:10.614195203Z,false,2026-08-24T21:25:10.614195203Z,01M0TSZGKM72FFW193EYG47F25,2026-08-24T21:25:10.614195203Z,0,2026-08-24T21:25:10.614195203Z,,,selection,2026-08-24T21:25:10.614195203Z,01M0TTKDFKGMN5AB1B3C807P6S,2026-08-24T21:25:10.614195203Z,,,false,2026-08-24T21:25:10.614195203Z,,,01M0TTKEAHS218VJPFPQQPV7VV,2026-08-24T21:25:10.614195203Z
01M0TT9MJB3ESCRX8EA4NBXF4Q,01M0TSZGJXR0N6DNTNARWRMFQ4,2026-08-24T21:19:49.323635033Z,3,2026-08-24T21:19:49.323635033Z,false,2026-08-24T21:19:49.323635033Z,01M0TSZGKE32G3R2H2EPQFBQNN,2026-08-24T21:19:49.323635033Z,1,2026-08-24T21:19:49.323635033Z,,,feedback,2026-08-24T21:19:49.323635033Z,01M0TT9KJGX3SAXR55VJQX3E4J,2026-08-24T21:19:49.323635033Z,,,false,2026-08-24T21:19:49.323635033Z,,,01M0TT9MJ8532TJ46BE8YSD4JV,2026-08-24T21:19:49.323635033Z
01M0TTA5X6NSCFEH306S8G809S,01M0TSZV7X3D77NKMM5CDCW4Z6,2026-08-24T21:20:07.078947673Z,3,2026-08-24T21:20:07.078947673Z,true,2026-08-24T21:39:12.600156615Z,01M0TSZV8KEDQHAT4X3FNKVS2B,2026-08-24T21:20:07.078947673Z,1,2026-08-24T21:20:07.078947673Z,true,2026-08-24T21:39:09.579046162Z,feedback,2026-08-24T21:20:07.078947673Z,01M0TTA59SYWG90NRXET9WSKZ3,2026-08-24T21:20:07.078947673Z,1787607549585,2026-08-24T21:39:09.587010839Z,true,2026-08-24T21:39:09.544748742Z,true,2026-08-24T21:39:09.60018649Z,01M0TTA5X3JEK6Q1BX8DXQ4C78,2026-08-24T21:20:07.078947673Z
01M0TTNSAF15A6RPF2C5K0VX5Y,01M0TSZGJXR0N6DNTNARWRMFQ4,2026-08-24T21:26:27.407666101Z,3,2026-08-24T21:26:27.407666101Z,false,2026-08-24T21:26:27.407666101Z,01M0TSZGKJQW5S4GCP9150DNN9,2026-08-24T21:26:27.407666101Z,1,2026-08-24T21:26:27.407666101Z,,,feedback,2026-08-24T21:26:27.407666101Z,01M0TTNRN5PCMP0TGF2BD5ACAG,2026-08-24T21:26:27.407666101Z,,,false,2026-08-24T21:26:27.407666101Z,,,01M0TTNSA80GAF0JJBWSY56B4R,2026-08-24T21:26:27.407666101Z
01M0TVKAMN0HJEJGNY9KCEZX1V,01M0TTMTH8JPTHXWGXYEY1VFR8,2026-08-24T21:42:35.41379719Z,60,2026-08-24T21:42:35.41379719Z,true,2026-08-24T21:53:14.622410049Z,01M0TTMWMG725DJ5GA5M4WD8SY,2026-08-24T21:42:35.41379719Z,0,2026-08-24T21:42:35.41379719Z,true,2026-08-24T21:53:03.071965437Z,selection,2026-08-24T21:42:35.41379719Z,01M0TVK9KF2JM3HWDWT9ZRSEST,2026-08-24T21:42:35.41379719Z,1787608383092,2026-08-24T21:53:03.094997653Z,true,2026-08-24T21:53:02.982507606Z,true,2026-08-24T21:53:03.11717156Z,01M0TVKAMHMY389N0T9VTCMP43,2026-08-24T21:42:35.41379719Z
01M0TTEYTX30MFQ1K4HKP47HT4,01M0TSZEX52H0PZDJFB4JNEAFW,2026-08-24T21:22:43.677133313Z,60,2026-08-24T21:22:43.677133313Z,true,2026-08-24T21:48:24.962953122Z,01M0TSZEY44B7XSP574QH2WQPJ,2026-08-24T21:22:43.677133313Z,0,2026-08-24T21:22:43.677133313Z,true,2026-08-24T21:48:10.106229058Z,selection,2026-08-24T21:22:43.677133313Z,01M0TTEY3YDSH1CAC1K16BH2BC,2026-08-24T21:22:43.677133313Z,1787608090115,2026-08-24T21:48:10.117098826Z,true,2026-08-24T21:48:10.068343749Z,true,2026-08-24T21:48:10.132067793Z,01M0TTEYTS703PEXGH694K4N3B,2026-08-24T21:22:43.677133313Z
01M0TTKNWJK9442N71J2MR98DR,01M0TSZEX52H0PZDJFB4JNEAFW,2026-08-24T21:25:18.354954355Z,3,2026-08-24T21:25:18.354954355Z,true,2026-08-24T21:51:33.815410706Z,01M0TSZEY173D8F3KEP071GR06,2026-08-24T21:25:18.354954355Z,1,2026-08-24T21:25:18.354954355Z,true,2026-08-24T21:51:30.783720865Z,feedback,2026-08-24T21:25:18.354954355Z,01M0TTKN2NRBWEZ1BKPWNM92YF,2026-08-24T21:25:18.354954355Z,1787608290796,2026-08-24T21:51:30.797615687Z,true,2026-08-24T21:51:30.740116331Z,true,2026-08-24T21:51:30.814974759Z,01M0TTKNWE8TA8CNTD9MJXA3YX,2026-08-24T21:25:18.354954355Z
01M0TTKE4GBAVNC5JXHP7FSFXP,01M0TSZGJXR0N6DNTNARWRMFQ4,2026-08-24T21:25:10.416102242Z,60,2026-08-24T21:25:10.416102242Z,false,2026-08-24T21:25:10.416102242Z,01M0TSZGKM72FFW193EYG47F25,2026-08-24T21:25:10.416102242Z,0,2026-08-24T21:25:10.416102242Z,,,selection,2026-08-24T21:25:10.416102242Z,01M0TTKDEQ7QGNTNPY004AFSEH,2026-08-24T21:25:10.416102242Z,,,false,2026-08-24T21:25:10.416102242Z,,,01M0TTKE4BTJ497GR0B6QZC8ZW,2026-08-24T21:25:10.416102242Z
01M0TTYQQA77DH16ZZ085ZYR5C,01M0TTMTH8JPTHXWGXYEY1VFR8,2026-08-24T21:31:20.682650037Z,3,2026-08-24T21:31:20.682650037Z,true,2026-08-24T21:46:53.278999091Z,01M0TTMWMDPGAHQRDA7BZJ8FEZ,2026-08-24T21:31:20.682650037Z,1,2026-08-24T21:31:20.682650037Z,true,2026-08-24T21:46:50.254024299Z,feedback,2026-08-24T21:31:20.682650037Z,01M0TTYPZBKQBG8PTS5RM4T360,2026-08-24T21:31:20.682650037Z,1787608010263,2026-08-24T21:46:50.264706191Z,true,2026-08-24T21:46:50.207995299Z,true,2026-08-24T21:46:50.28268436Z,01M0TTYQPX9D8GHRXX6AKWWV6B,2026-08-24T21:31:20.682650037Z
01M0TVKB9DHZ0V5X1ZEXKFDJMG,01M0TTMTH8JPTHXWGXYEY1VFR8,2026-08-24T21:42:36.07774146Z,60,2026-08-24T21:42:36.07774146Z,true,2026-08-24T21:58:22.563571461Z,01M0TTMWMG725DJ5GA5M4WD8SY,2026-08-24T21:42:36.07774146Z,0,2026-08-24T21:42:36.07774146Z,true,2026-08-24T21:58:15.919098072Z,selection,2026-08-24T21:42:36.07774146Z,01M0TVK9SP4ZCYCYBR3ZFY92KZ,2026-08-24T21:42:36.07774146Z,1787608695933,2026-08-24T21:58:15.934672032Z,true,2026-08-24T21:58:15.87814861Z,true,2026-08-24T21:58:15.952679934Z,01M0TVKB99E9AH7M9AMG4J4Q8B,2026-08-24T21:42:36.07774146Z
01M0TTEYNZ5PZM6SC9PNSD1Q96,01M0TSZEX52H0PZDJFB4JNEAFW,2026-08-24T21:22:43.519738242Z,60,2026-08-24T21:22:43.519738242Z,true,2026-08-24T21:44:14.640438619Z,01M0TSZEY44B7XSP574QH2WQPJ,2026-08-24T21:22:43.519738242Z,0,2026-08-24T21:22:43.519738242Z,true,2026-08-24T21:43:52.785190002Z,selection,2026-08-24T21:22:43.519738242Z,01M0TTEY4SGFP888K4FS0WW8C6,2026-08-24T21:22:43.519738242Z,1787607832794,2026-08-24T21:43:52.795995887Z,true,2026-08-24T21:43:52.747352282Z,true,2026-08-24T21:43:52.813919277Z,01M0TTEYNVBW7CCZFP2Z0X04JX,2026-08-24T21:22:43.519738242Z
01M0TTEZ0NH4271CJXW9R3J663,01M0TSZEX52H0PZDJFB4JNEAFW,2026-08-24T21:22:43.861914031Z,60,2026-08-24T21:22:43.861914031Z,true,2026-08-24T21:55:29.985916182Z,01M0TSZEY44B7XSP574QH2WQPJ,2026-08-24T21:22:43.861914031Z,0,2026-08-24T21:22:43.861914031Z,true,2026-08-24T21:55:03.52768539Z,selection,2026-08-24T21:22:43.861914031Z,01M0TTEY5Y7FR1T7RMNRQVVH44,2026-08-24T21:22:43.861914031Z,1787608503545,2026-08-24T21:55:03.547307427Z,true,2026-08-24T21:55:03.476784807Z,true,2026-08-24T21:55:03.570586565Z,01M0TTEZ0GM9ARN7S7HD2G3JS8,2026-08-24T21:22:43.861914031Z
01M0TVKBBA6AW60HQ5BC282KPG,01M0TTMTH8JPTHXWGXYEY1VFR8,2026-08-24T21:42:36.138339828Z,60,2026-08-24T21:42:36.138339828Z,true,2026-08-24T21:58:46.908477837Z,01M0TTMWMG725DJ5GA5M4WD8SY,2026-08-24T21:42:36.138339828Z,0,2026-08-24T21:42:36.138339828Z,true,2026-08-24T21:58:37.137502794Z,selection,2026-08-24T21:42:36.138339828Z,01M0TVK9T1V3PNDTPVEEMJPGAA,2026-08-24T21:42:36.138339828Z,1787608717152,2026-08-24T21:58:37.153564177Z,true,2026-08-24T21:58:37.088428066Z,true,2026-08-24T21:58:37.168365679Z,01M0TVKBB63R4RXE5MAQX3J1XG,2026-08-24T21:42:36.138339828Z
01M0TTKNT5A3ZP49CX113X5PBG,01M0TSZEX52H0PZDJFB4JNEAFW,2026-08-24T21:25:18.27764549Z,60,2026-08-24T21:25:18.27764549Z,true,2026-08-24T21:50:04.439815085Z,01M0TSZEY173D8F3KEP071GR06,2026-08-24T21:25:18.27764549Z,0,2026-08-24T21:25:18.27764549Z,true,2026-08-24T21:49:45.719667571Z,selection,2026-08-24T21:25:18.27764549Z,01M0TTKN27XKJNZDAJ4Q5K47AD,2026-08-24T21:25:18.27764549Z,1787608185730,2026-08-24T21:49:45.73206986Z,true,2026-08-24T21:49:45.684230877Z,true,2026-08-24T21:49:45.748053909Z,01M0TTKNT147WK0KPQV3T13677,2026-08-24T21:25:18.27764549Z
01M0TTMRVXGPSJR9AA8SF37HBK,01M0TSZV7X3D77NKMM5CDCW4Z6,2026-08-24T21:25:54.173296222Z,60,2026-08-24T21:25:54.173296222Z,true,2026-08-24T21:52:37.690957138Z,01M0TSZV8ERABP36QP2627EVMT,2026-08-24T21:25:54.173296222Z,0,2026-08-24T21:25:54.173296222Z,true,2026-08-24T21:52:27.997792486Z,selection,2026-08-24T21:25:54.173296222Z,01M0TTMQQES8QVRTC1RZTBNDKD,2026-08-24T21:25:54.173296222Z,1787608348014,2026-08-24T21:52:28.015611663Z,true,2026-08-24T21:52:27.957346472Z,true,2026-08-24T21:52:28.037040611Z,01M0TTMRVSJKXC8HN2RH3F0MXG,2026-08-24T21:25:54.173296222Z
01M0TTEYHADFZDV1HCSKJ7VA4H,01M0TSZEX52H0PZDJFB4JNEAFW,2026-08-24T21:22:43.370844787Z,3,2026-08-24T21:22:43.370844787Z,true,2026-08-24T21:37:22.292821703Z,01M0TSZEY44B7XSP574QH2WQPJ,2026-08-24T21:22:43.370844787Z,1,2026-08-24T21:22:43.370844787Z,true,2026-08-24T21:37:19.258095018Z,feedback,2026-08-24T21:22:43.370844787Z,01M0TTEY3A4G691HFTAYDSE54E,2026-08-24T21:22:43.370844787Z,1787607439265,2026-08-24T21:37:19.266371337Z,true,2026-08-24T21:37:19.227100755Z,true,2026-08-24T21:37:19.28093342Z,01M0TTEYH61EDSA0WJTE9Y06GQ,2026-08-24T21:22:43.370844787Z
01M0TTK16CM1C2D0HQGF2SDVT5,01M0TSZEX52H0PZDJFB4JNEAFW,2026-08-24T21:24:57.164508444Z,1200,2026-08-24T21:24:57.164508444Z,true,2026-08-24T21:41:21.399343542Z,01M0TSZEY54T11A9AMGVA6T4ZB,2026-08-24T21:24:57.164508444Z,0,2026-08-24T21:24:57.164508444Z,true,2026-08-24T21:25:01.415173307Z,describe,2026-08-24T21:24:57.164508444Z,01M0TTK1073HV5B8SSZAHEFFXE,2026-08-24T21:24:57.164508444Z,1787606701419,2026-08-24T21:25:01.420913261Z,true,2026-08-24T21:25:01.323083312Z,true,2026-08-24T21:25:01.427848927Z,01M0TTK12DXY48VJ88FM54R20M,2026-08-24T21:24:57.164508444Z
01M0TTKE0P4FEHESJCNW8TM66Q,01M0TSZGJXR0N6DNTNARWRMFQ4,2026-08-24T21:25:10.294325739Z,60,2026-08-24T21:25:10.294325739Z,false,2026-08-24T21:25:10.294325739Z,01M0TSZGKM72FFW193EYG47F25,2026-08-24T21:25:10.294325739Z,0,2026-08-24T21:25:10.294325739Z,,,selection,2026-08-24T21:25:10.294325739Z,01M0TTKDE4DW9P1D621WPCKCQM,2026-08-24T21:25:10.294325739Z,,,false,2026-08-24T21:25:10.294325739Z,,,01M0TTKE0J6ARY36CWMFQDBB24,2026-08-24T21:25:10.294325739Z
01M0TTKNX5NPPRSAHGPAFJH89Z,01M0TSZEX52H0PZDJFB4JNEAFW,2026-08-24T21:25:18.373439308Z,3,2026-08-24T21:25:18.373439308Z,true,2026-08-24T21:52:04.831947283Z,01M0TSZEY173D8F3KEP071GR06,2026-08-24T21:25:18.373439308Z,1,2026-08-24T21:25:18.373439308Z,true,2026-08-24T21:52:01.787816407Z,feedback,2026-08-24T21:25:18.373439308Z,01M0TTKN2Q4ZWA8KJFJ1N0FRGN,2026-08-24T21:25:18.373439308Z,1787608321799,2026-08-24T21:52:01.801203593Z,true,2026-08-24T21:52:01.742622524Z,true,2026-08-24T21:52:01.816826415Z,01M0TTKNX1YWRQ412CYHBJE6Z0,2026-08-24T21:25:18.373439308Z
01M0TT9MDS4G8Y8XKVNT40SDDX,01M0TSZGJXR0N6DNTNARWRMFQ4,2026-08-24T21:19:49.177059715Z,60,2026-08-24T21:19:49.177059715Z,false,2026-08-24T21:19:49.177059715Z,01M0TSZGKE32G3R2H2EPQFBQNN,2026-08-24T21:19:49.177059715Z,0,2026-08-24T21:19:49.177059715Z,,,selection,2026-08-24T21:19:49.177059715Z,01M0TT9KK3BHBVA1ZH643HE54V,2026-08-24T21:19:49.177059715Z,,,false,2026-08-24T21:19:49.177059715Z,,,01M0TT9MDMDJ5T76J7DVG91QRW,2026-08-24T21:19:49.177059715Z
01M0TTA61CFX5W3JGDVM6PNHXY,01M0TSZV7X3D77NKMM5CDCW4Z6,2026-08-24T21:20:07.21304199Z,3,2026-08-24T21:20:07.21304199Z,true,2026-08-24T21:42:05.583494009Z,01M0TSZV8KEDQHAT4X3FNKVS2B,2026-08-24T21:20:07.21304199Z,1,2026-08-24T21:20:07.21304199Z,true,2026-08-24T21:42:02.546042918Z,feedback,2026-08-24T21:20:07.21304199Z,01M0TTA596Z6AT5M344ZG8HHA8,2026-08-24T21:20:07.21304199Z,1787607722563,2026-08-24T21:42:02.565419974Z,true,2026-08-24T21:42:02.516449007Z,true,2026-08-24T21:42:02.594813023Z,01M0TTA615417W63ANQPF4VB2T,2026-08-24T21:20:07.21304199Z
01M0TTNRZJB24ARGPY3DQB422C,01M0TSZGJXR0N6DNTNARWRMFQ4,2026-08-24T21:26:27.059394277Z,3,2026-08-24T21:26:27.059394277Z,false,2026-08-24T21:26:27.059394277Z,01M0TSZGKJQW5S4GCP9150DNN9,2026-08-24T21:26:27.059394277Z,1,2026-08-24T21:26:27.059394277Z,,,feedback,2026-08-24T21:26:27.059394277Z,01M0TTNRJ73MZ427CDH29X9WGA,2026-08-24T21:26:27.059394277Z,,,false,2026-08-24T21:26:27.059394277Z,,,01M0TTNRZC4T3NGJV8MF3HR529,2026-08-24T21:26:27.059394277Z
01M0TVKA9YMB82MBYKZ9YQQH1D,01M0TTMTH8JPTHXWGXYEY1VFR8,2026-08-24T21:42:35.070354276Z,60,2026-08-24T21:42:35.070354276Z,true,2026-08-24T21:49:15.960650055Z,01M0TTMWMG725DJ5GA5M4WD8SY,2026-08-24T21:42:35.070354276Z,0,2026-08-24T21:42:35.070354276Z,true,2026-08-24T21:49:04.125467422Z,selection,2026-08-24T21:42:35.070354276Z,01M0TVK9G9EC8EYX1PA65KYAZB,2026-08-24T21:42:35.070354276Z,1787608144134,2026-08-24T21:49:04.136143796Z,true,2026-08-24T21:49:04.083337438Z,true,2026-08-24T21:49:04.1507012Z,01M0TVKA9SRC3TQM4HF8FNADN5,2026-08-24T21:42:35.070354276Z
01M0TT9MJR8M364KR5WWD9VEJZ,01M0TSZGJXR0N6DNTNARWRMFQ4,2026-08-24T21:19:49.336781267Z,60,2026-08-24T21:19:49.336781267Z,false,2026-08-24T21:19:49.336781267Z,01M0TSZGKE32G3R2H2EPQFBQNN,2026-08-24T21:19:49.336781267Z,0,2026-08-24T21:19:49.336781267Z,,,selection,2026-08-24T21:19:49.336781267Z,01M0TT9KJ7S4YTHKK3C1YVDVVA,2026-08-24T21:19:49.336781267Z,,,false,2026-08-24T21:19:49.336781267Z,,,01M0TT9MJKF9F9M3FXVTFJASAT,2026-08-24T21:19:49.336781267Z
01M0TTEYQ9TBW9506JTSSNNHNA,01M0TSZEX52H0PZDJFB4JNEAFW,2026-08-24T21:22:43.561905225Z,3,2026-08-24T21:22:43.561905225Z,true,2026-08-24T21:45:10.957805368Z,01M0TSZEY44B7XSP574QH2WQPJ,2026-08-24T21:22:43.561905225Z,1,2026-08-24T21:22:43.561905225Z,true,2026-08-24T21:45:07.921381171Z,feedback,2026-08-24T21:22:43.561905225Z,01M0TTEY4QJ24Y5Z8RRWY2AY9N,2026-08-24T21:22:43.561905225Z,1787607907929,2026-08-24T21:45:07.930665475Z,true,2026-08-24T21:45:07.884734989Z,true,2026-08-24T21:45:07.938670519Z,01M0TTEYQ5C0GSVCBZWXCE3HPS,2026-08-24T21:22:43.561905225Z
01M0TTYSE7FSK77ME7M05XHEY7,01M0TTMTH8JPTHXWGXYEY1VFR8,2026-08-24T21:31:22.439318308Z,3,2026-08-24T21:31:22.439318308Z,false,2026-08-24T21:31:22.439318308Z,01M0TTMWMDPGAHQRDA7BZJ8FEZ,2026-08-24T21:31:22.439318308Z,1,2026-08-24T21:31:22.439318308Z,,,feedback,2026-08-24T21:31:22.439318308Z,01M0TTYPZW4YDD5MQJ3M8RGB0S,2026-08-24T21:31:22.439318308Z,,,false,2026-08-24T21:31:22.439318308Z,,,01M0TTYSDSZRG9W0PGG2FTB79Z,2026-08-24T21:31:22.439318308Z
01M0TV7KVBP818DSYQTHTTS2PV,01M0TTMTH8JPTHXWGXYEY1VFR8,2026-08-24T21:36:11.627231467Z,60,2026-08-24T21:36:11.627231467Z,true,2026-08-24T21:58:03.105830738Z,01M0TTMWM9GSP2NP0T4CET96EB,2026-08-24T21:36:11.627231467Z,0,2026-08-24T21:36:11.627231467Z,true,2026-08-24T21:57:30.651239681Z,selection,2026-08-24T21:36:11.627231467Z,01M0TV7K0HCRYF141G2KXVZ51V,2026-08-24T21:36:11.627231467Z,1787608650667,2026-08-24T21:57:30.669465535Z,true,2026-08-24T21:57:30.597115316Z,true,2026-08-24T21:57:30.688051406Z,01M0TV7KV6TNSGE7W15101GMQQ,2026-08-24T21:36:11.627231467Z
01M0TVKBH2B5J75QXHKE4N10D0,01M0TTMTH8JPTHXWGXYEY1VFR8,2026-08-24T21:42:36.322173168Z,60,2026-08-24T21:42:36.322173168Z,true,2026-08-24T22:00:11.401700827Z,01M0TTMWMG725DJ5GA5M4WD8SY,2026-08-24T21:42:36.322173168Z,0,2026-08-24T21:42:36.322173168Z,true,2026-08-24T22:00:04.907485702Z,selection,2026-08-24T21:42:36.322173168Z,01M0TVKA11KK99AQSZNG4JVFW2,2026-08-24T21:42:36.322173168Z,1787608804919,2026-08-24T22:00:04.921144406Z,true,2026-08-24T22:00:04.859960472Z,true,2026-08-24T22:00:04.940677552Z,01M0TVKBGXT3TYKVVEFTDZN857,2026-08-24T21:42:36.322173168Z
01M0TT9KWTMQX291M76FYJ6XEF,01M0TSZGJXR0N6DNTNARWRMFQ4,2026-08-24T21:19:48.634840634Z,60,2026-08-24T21:19:48.634840634Z,false,2026-08-24T21:19:48.634840634Z,01M0TSZGKE32G3R2H2EPQFBQNN,2026-08-24T21:19:48.634840634Z,0,2026-08-24T21:19:48.634840634Z,,,selection,2026-08-24T21:19:48.634840634Z,01M0TT9KFH3Q5DMBAY9ZVYZ1AG,2026-08-24T21:19:48.634840634Z,,,false,2026-08-24T21:19:48.634840634Z,,,01M0TT9KWM5D3P5J33R2F4TC8K,2026-08-24T21:19:48.634840634Z
01M0TTMR4D4WE3T1EQR0DBMM7K,01M0TSZV7X3D77NKMM5CDCW4Z6,2026-08-24T21:25:53.421824441Z,3,2026-08-24T21:25:53.421824441Z,true,2026-08-24T21:35:25.936917027Z,01M0TSZV8ERABP36QP2627EVMT,2026-08-24T21:25:53.421824441Z,1,2026-08-24T21:25:53.421824441Z,true,2026-08-24T21:35:22.903977274Z,feedback,2026-08-24T21:25:53.421824441Z,01M0TTMQR3HQG5TX6WBJX25RHH,2026-08-24T21:25:53.421824441Z,1787607322914,2026-08-24T21:35:22.916204509Z,true,2026-08-24T21:35:22.872672806Z,true,2026-08-24T21:35:22.937280508Z,01M0TTMR48SY16DQ41RH32B6E3,2026-08-24T21:25:53.421824441Z
01M0TTK1N3K23M52X1MJ3ZNMC5,01M0TSZEX52H0PZDJFB4JNEAFW,2026-08-24T21:24:57.635578872Z,3,2026-08-24T21:24:57.635578872Z,true,2026-08-24T21:59:33.298345878Z,01M0TSZEY54T11A9AMGVA6T4ZB,2026-08-24T21:24:57.635578872Z,1,2026-08-24T21:24:57.635578872Z,true,2026-08-24T21:59:30.263417379Z,feedback,2026-08-24T21:24:57.635578872Z,01M0TTK15G6637TDRDVJT4BVV7,2026-08-24T21:24:57.635578872Z,1787608770280,2026-08-24T21:59:30.28209839Z,true,2026-08-24T21:59:30.215764731Z,true,2026-08-24T21:59:30.300686286Z,01M0TTK1N0KH8KNS7ZZH9T35XA,2026-08-24T21:24:57.635578872Z
01M0TTMR3SAN54397ZXJBQY4CW,01M0TSZV7X3D77NKMM5CDCW4Z6,2026-08-24T21:25:53.402345235Z,3,2026-08-24T21:25:53.402345235Z,true,2026-08-24T21:34:51.66590622Z,01M0TSZV8ERABP36QP2627EVMT,2026-08-24T21:25:53.402345235Z,1,2026-08-24T21:25:53.402345235Z,true,2026-08-24T21:34:48.637865022Z,feedback,2026-08-24T21:25:53.402345235Z,01M0TTMQRGQVPV7Y6EZ7VKJX36,2026-08-24T21:25:53.402345235Z,1787607288646,2026-08-24T21:34:48.648901408Z,true,2026-08-24T21:34:48.607994146Z,true,2026-08-24T21:34:48.672083631Z,01M0TTMR3JYPW3PSW3PXRVSDAP,2026-08-24T21:25:53.402345235Z
01M0TTNS55G29W44V36VV4M9RY,01M0TSZGJXR0N6DNTNARWRMFQ4,2026-08-24T21:26:27.239398093Z,3,2026-08-24T21:26:27.239398093Z,false,2026-08-24T21:26:27.239398093Z,01M0TSZGKJQW5S4GCP9150DNN9,2026-08-24T21:26:27.239398093Z,1,2026-08-24T21:26:27.239398093Z,,,feedback,2026-08-24T21:26:27.239398093Z,01M0TTNREP7E6Q3M5J755G1PGP,2026-08-24T21:26:27.239398093Z,,,false,2026-08-24T21:26:27.239398093Z,,,01M0TTNS4Z7ACSY90Z2V9ZFSY2,2026-08-24T21:26:27.239398093Z
01M0TTNSG58PKMJKK4YJ3X9G1T,01M0TSZGJXR0N6DNTNARWRMFQ4,2026-08-24T21:26:27.589206443Z,3,2026-08-24T21:26:27.589206443Z,false,2026-08-24T21:26:27.589206443Z,01M0TSZGKJQW5S4GCP9150DNN9,2026-08-24T21:26:27.589206443Z,1,2026-08-24T21:26:27.589206443Z,,,feedback,2026-08-24T21:26:27.589206443Z,01M0TTNRFKMVA1J82CFPR55SF8,2026-08-24T21:26:27.589206443Z,,,false,2026-08-24T21:26:27.589206443Z,,,01M0TTNSG0RCXB0JZ57JSFVR27,2026-08-24T21:26:27.589206443Z
01M0TTTR0ACM174YHKMRPB5PQZ,01M0TSZV7X3D77NKMM5CDCW4Z6,2026-08-24T21:29:09.898749748Z,3,2026-08-24T21:29:09.898749748Z,true,2026-08-24T22:04:22.128942447Z,01M0TSZV8KEDQHAT4X33M1GG1C,2026-08-24T21:29:09.898749748Z,1,2026-08-24T21:29:09.898749748Z,true,2026-08-24T22:04:19.087914131Z,feedback,2026-08-24T21:29:09.898749748Z,01M0TTTPS1TW34523PESZXFHY4,2026-08-24T21:29:09.898749748Z,1787609059100,2026-08-24T22:04:19.111859867Z,true,2026-08-24T22:04:19.037747286Z,true,2026-08-24T22:04:19.12835529Z,01M0TTTQZXA78GR4MAC6378FE7,2026-08-24T21:29:09.898749748Z
01M0TT9MMVJ7NYTBYW77KH7WCT,01M0TSZGJXR0N6DNTNARWRMFQ4,2026-08-24T21:19:49.403952386Z,3,2026-08-24T21:19:49.403952386Z,false,2026-08-24T21:19:49.403952386Z,01M0TSZGKE32G3R2H2EPQFBQNN,2026-08-24T21:19:49.403952386Z,1,2026-08-24T21:19:49.403952386Z,,,feedback,2026-08-24T21:19:49.403952386Z,01M0TT9KJ02RQJDN752DG8RRCB,2026-08-24T21:19:49.403952386Z,,,false,2026-08-24T21:19:49.403952386Z,,,01M0TT9MMQNR7JSN6X513M45KP,2026-08-24T21:19:49.403952386Z
01M0TTA5P6Q3DE8EK35CJNPH8A,01M0TSZV7X3D77NKMM5CDCW4Z6,2026-08-24T21:20:06.854718749Z,3,2026-08-24T21:20:06.854718749Z,true,2026-08-24T21:31:59.154503787Z,01M0TSZV8KEDQHAT4X3FNKVS2B,2026-08-24T21:20:06.854718749Z,1,2026-08-24T21:20:06.854718749Z,true,2026-08-24T21:31:56.122457604Z,feedback,2026-08-24T21:20:06.854718749Z,01M0TTA5DA4TFF03VWQWQW7W59,2026-08-24T21:20:06.854718749Z,1787607116134,2026-08-24T21:31:56.136252018Z,true,2026-08-24T21:31:56.091613467Z,true,2026-08-24T21:31:56.157878085Z,01M0TTA5P385T0N063W844CDWA,2026-08-24T21:20:06.854718749Z
01M0TTKDQW99FJ13MY8XST2G5M,01M0TSZGJXR0N6DNTNARWRMFQ4,2026-08-24T21:25:10.012526876Z,3,2026-08-24T21:25:10.012526876Z,false,2026-08-24T21:25:10.012526876Z,01M0TSZGKM72FFW193EYG47F25,2026-08-24T21:25:10.012526876Z,1,2026-08-24T21:25:10.012526876Z,,,feedback,2026-08-24T21:25:10.012526876Z,01M0TTKD9SKBCFS210A2F45H73,2026-08-24T21:25:10.012526876Z,,,false,2026-08-24T21:25:10.012526876Z,,,01M0TTKDQPMRRQQ8MME1DKRCD4,2026-08-24T21:25:10.012526876Z
01M0TTYR7RP96BPKAP6EZE9NVA,01M0TTMTH8JPTHXWGXYEY1VFR8,2026-08-24T21:31:21.208131505Z,60,2026-08-24T21:31:21.208131505Z,true,2026-08-24T21:59:10.098310957Z,01M0TTMWMDPGAHQRDA7BZJ8FEZ,2026-08-24T21:31:21.208131505Z,0,2026-08-24T21:31:21.208131505Z,true,2026-08-24T21:58:13.381061298Z,selection,2026-08-24T21:31:21.208131505Z,01M0TTYQ6XNWKD43N7HJMTDGJG,2026-08-24T21:31:21.208131505Z,1787608693397,2026-08-24T21:58:13.398455311Z,true,2026-08-24T21:58:13.324601221Z,true,2026-08-24T21:58:13.420888894Z,01M0TTYR7B91X8RG6HE7MEAYWJ,2026-08-24T21:31:21.208131505Z
01M0TV7KHXSG93N9HG0ZQCBXQR,01M0TTMTH8JPTHXWGXYEY1VFR8,2026-08-24T21:36:11.325476263Z,60,2026-08-24T21:36:11.325476263Z,true,2026-08-24T21:53:18.185487053Z,01M0TTMWM9GSP2NP0T4CET96EB,2026-08-24T21:36:11.325476263Z,0,2026-08-24T21:36:11.325476263Z,true,2026-08-24T21:53:03.826213342Z,selection,2026-08-24T21:36:11.325476263Z,01M0TV7K1YSN0AA973WX8MN22R,2026-08-24T21:36:11.325476263Z,1787608383837,2026-08-24T21:53:03.839526088Z,true,2026-08-24T21:53:03.785719647Z,true,2026-08-24T21:53:03.854622176Z,01M0TV7KHPMSZGYA10P8QGVVW0,2026-08-24T21:36:11.325476263Z
01M0TVKARGNQCTNCZFCPRYNV7G,01M0TTMTH8JPTHXWGXYEY1VFR8,2026-08-24T21:42:35.53688313Z,60,2026-08-24T21:42:35.53688313Z,true,2026-08-24T21:54:13.969980168Z,01M0TTMWMG725DJ5GA5M4WD8SY,2026-08-24T21:42:35.53688313Z,0,2026-08-24T21:42:35.53688313Z,true,2026-08-24T21:54:00.089863736Z,selection,2026-08-24T21:42:35.53688313Z,01M0TVK9MJZJ4DQ9ZXN0020MVD,2026-08-24T21:42:35.53688313Z,1787608440103,2026-08-24T21:54:00.104978697Z,true,2026-08-24T21:54:00.050718865Z,true,2026-08-24T21:54:00.117551762Z,01M0TVKARCPCJRQZ4D909DGVV4,2026-08-24T21:42:35.53688313Z
01M0TTEYRA9H7RQ4ZFZ8Z0F2WV,01M0TSZEX52H0PZDJFB4JNEAFW,2026-08-24T21:22:43.594202882Z,3,2026-08-24T21:22:43.594202882Z,true,2026-08-24T21:45:42.010953778Z,01M0TSZEY44B7XSP574QH2WQPJ,2026-08-24T21:22:43.594202882Z,1,2026-08-24T21:22:43.594202882Z,true,2026-08-24T21:45:38.972201403Z,feedback,2026-08-24T21:22:43.594202882Z,01M0TTEY4N04YRQ830FXC3MK2E,2026-08-24T21:22:43.594202882Z,1787607938980,2026-08-24T21:45:38.982313209Z,true,2026-08-24T21:45:38.932678309Z,true,2026-08-24T21:45:38.995821798Z,01M0TTEYQQW9AE3DFQF9NNW0EE,2026-08-24T21:22:43.594202882Z
01M0TTEYVP55JFX2CGE1VRYCRP,01M0TSZEX52H0PZDJFB4JNEAFW,2026-08-24T21:22:43.702406513Z,60,2026-08-24T21:22:43.702406513Z,true,2026-08-24T21:49:53.909031085Z,01M0TSZEY44B7XSP574QH2WQPJ,2026-08-24T21:22:43.702406513Z,0,2026-08-24T21:22:43.702406513Z,true,2026-08-24T21:49:02.267918872Z,selection,2026-08-24T21:22:43.702406513Z,01M0TTEY3V3GPCXRAB0KTB5A4J,2026-08-24T21:22:43.702406513Z,1787608142277,2026-08-24T21:49:02.278439215Z,true,2026-08-24T21:49:02.222611053Z,true,2026-08-24T21:49:02.298737448Z,01M0TTEYVJYRD5YFP0HZEM1J22,2026-08-24T21:22:43.702406513Z
01M0TTK1J685YKQ7ZVFGX6D6B7,01M0TSZEX52H0PZDJFB4JNEAFW,2026-08-24T21:24:57.542585565Z,60,2026-08-24T21:24:57.542585565Z,true,2026-08-24T21:55:08.246264299Z,01M0TSZEY54T11A9AMGVA6T4ZB,2026-08-24T21:24:57.542585565Z,0,2026-08-24T21:24:57.542585565Z,true,2026-08-24T21:54:49.342166945Z,selection,2026-08-24T21:24:57.542585565Z,01M0TTK11A6ZJBDMNWCN0RRPFY,2026-08-24T21:24:57.542585565Z,1787608489355,2026-08-24T21:54:49.356755806Z,true,2026-08-24T21:54:49.293155796Z,true,2026-08-24T21:54:49.385082801Z,01M0TTK1J2QFHF8A10GN0TQENF,2026-08-24T21:24:57.542585565Z
01M0TTKEFCJRGTCYJHJY2E4M1S,01M0TSZGJXR0N6DNTNARWRMFQ4,2026-08-24T21:25:10.766017189Z,3,2026-08-24T21:25:10.766017189Z,false,2026-08-24T21:25:10.766017189Z,01M0TSZGKM72FFW193EYG47F25,2026-08-24T21:25:10.766017189Z,1,2026-08-24T21:25:10.766017189Z,,,feedback,2026-08-24T21:25:10.766017189Z,01M0TTKD91R2Q585TVMH4X45DJ,2026-08-24T21:25:10.766017189Z,,,false,2026-08-24T21:25:10.766017189Z,,,01M0TTKEF87X729MXPB8GQWKGH,2026-08-24T21:25:10.766017189Z
01M0TTKNKDZBNXT5QED7HZ4T00,01M0TSZEX52H0PZDJFB4JNEAFW,2026-08-24T21:25:18.061823091Z,60,2026-08-24T21:25:18.061823091Z,true,2026-08-24T21:45:22.349511558Z,01M0TSZEY173D8F3KEP071GR06,2026-08-24T21:25:18.061823091Z,0,2026-08-24T21:25:18.061823091Z,true,2026-08-24T21:45:05.060639673Z,selection,2026-08-24T21:25:18.061823091Z,01M0TTKMXJAEA1Z033SWQFCAA7,2026-08-24T21:25:18.061823091Z,1787607905069,2026-08-24T21:45:05.070680794Z,true,2026-08-24T21:45:05.032672483Z,true,2026-08-24T21:45:05.087451011Z,01M0TTKNK878J0GH7BVDHK89KN,2026-08-24T21:25:18.061823091Z
01M0TTTQMGDTJT5M97TXS6WYEN,01M0TSZV7X3D77NKMM5CDCW4Z6,2026-08-24T21:29:09.520102258Z,60,2026-08-24T21:29:09.520102258Z,true,2026-08-24T21:58:08.72731437Z,01M0TSZV8KEDQHAT4X33M1GG1C,2026-08-24T21:29:09.520102258Z,0,2026-08-24T21:29:09.520102258Z,true,2026-08-24T21:57:21.90368434Z,selection,2026-08-24T21:29:09.520102258Z,01M0TTTPSZMCAD172F8PMHTVB8,2026-08-24T21:29:09.520102258Z,1787608641915,2026-08-24T21:57:21.916957449Z,true,2026-08-24T21:57:21.857440132Z,true,2026-08-24T21:57:21.932263914Z,01M0TTTQM6VK4QC744F34D5RZ3,2026-08-24T21:29:09.520102258Z
01M0TTTQV694YFTKWAVHYAYRXN,01M0TSZV7X3D77NKMM5CDCW4Z6,2026-08-24T21:29:09.735007759Z,3,2026-08-24T21:29:09.735007759Z,true,2026-08-24T22:02:42.586232694Z,01M0TSZV8KEDQHAT4X33M1GG1C,2026-08-24T21:29:09.735007759Z,1,2026-08-24T21:29:09.735007759Z,true,2026-08-24T22:02:39.549265203Z,feedback,2026-08-24T21:29:09.735007759Z,01M0TTTPSPS4JY62EVQBG2VN38,2026-08-24T21:29:09.735007759Z,1787608959564,2026-08-24T22:02:39.565991485Z,true,2026-08-24T22:02:39.497913428Z,true,2026-08-24T22:02:39.587385942Z,01M0TTTQTXMY8VMHME5T45X9NA,2026-08-24T21:29:09.735007759Z
01M0TTYS83V1KN3H812NJ29V2K,01M0TTMTH8JPTHXWGXYEY1VFR8,2026-08-24T21:31:22.243789258Z,3,2026-08-24T21:31:22.243789258Z,false,2026-08-24T21:31:22.243789258Z,01M0TTMWMDPGAHQRDA7BZJ8FEZ,2026-08-24T21:31:22.243789258Z,1,2026-08-24T21:31:22.243789258Z,,,feedback,2026-08-24T21:31:22.243789258Z,01M0TTYQ5YZKED7BYZXVMWECXP,2026-08-24T21:31:22.243789258Z,,,false,2026-08-24T21:31:22.243789258Z,,,01M0TTYS7NMH9YXFCQB2AQJWV4,2026-08-24T21:31:22.243789258Z
01M0TT9M6HCMBC68TC6GYHSJSV,01M0TSZGJXR0N6DNTNARWRMFQ4,2026-08-24T21:19:48.945028339Z,3,2026-08-24T21:19:48.945028339Z,false,2026-08-24T21:19:48.945028339Z,01M0TSZGKE32G3R2H2EPQFBQNN,2026-08-24T21:19:48.945028339Z,1,2026-08-24T21:19:48.945028339Z,,,feedback,2026-08-24T21:19:48.945028339Z,01M0TT9KKB37T5D4HT8PDQE6NF,2026-08-24T21:19:48.945028339Z,,,false,2026-08-24T21:19:48.945028339Z,,,01M0TT9M6DHMFMNQXCKBDBRBPZ,2026-08-24T21:19:48.945028339Z
01M0TT9M899HSMXNC1A30CWJ23,01M0TSZGJXR0N6DNTNARWRMFQ4,2026-08-24T21:19:49.001281288Z,60,2026-08-24T21:19:49.001281288Z,false,2026-08-24T21:19:49.001281288Z,01M0TSZGKE32G3R2H2EPQFBQNN,2026-08-24T21:19:49.001281288Z,0,2026-08-24T21:19:49.001281288Z,,,selection,2026-08-24T21:19:49.001281288Z,01M0TT9KGNV61WBG8M6WSMPQE2,2026-08-24T21:19:49.001281288Z,,,false,2026-08-24T21:19:49.001281288Z,,,01M0TT9M84X61W9N8MR8BVAWTK,2026-08-24T21:19:49.001281288Z
01M0TVKAPJ3A34XCS03RY7FKY9,01M0TTMTH8JPTHXWGXYEY1VFR8,2026-08-24T21:42:35.474032924Z,60,2026-08-24T21:42:35.474032924Z,true,2026-08-24T21:53:42.750998295Z,01M0TTMWMG725DJ5GA5M4WD8SY,2026-08-24T21:42:35.474032924Z,0,2026-08-24T21:42:35.474032924Z,true,2026-08-24T21:53:34.121841936Z,selection,2026-08-24T21:42:35.474032924Z,01M0TVK9KZSDVV46732Y57QC50,2026-08-24T21:42:35.474032924Z,1787608414135,2026-08-24T21:53:34.136706041Z,true,2026-08-24T21:53:34.078031961Z,true,2026-08-24T21:53:34.148714117Z,01M0TVKAPDR7PPR1WCM61BS2Y7,2026-08-24T21:42:35.474032924Z
01M0TTKDV4X4MFKRJ1P9RAYZVP,01M0TSZGJXR0N6DNTNARWRMFQ4,2026-08-24T21:25:10.116167636Z,60,2026-08-24T21:25:10.116167636Z,false,2026-08-24T21:25:10.116167636Z,01M0TSZGKM72FFW193EYG47F25,2026-08-24T21:25:10.116167636Z,0,2026-08-24T21:25:10.116167636Z,,,selection,2026-08-24T21:25:10.116167636Z,01M0TTKDAA4G8EM2EZHG965CDH,2026-08-24T21:25:10.116167636Z,,,false,2026-08-24T21:25:10.116167636Z,,,01M0TTKDTZN1F3C4JBXE1CKVCS,2026-08-24T21:25:10.116167636Z
01M0TTKNGJYZ99CCCRMTW91M6V,01M0TSZEX52H0PZDJFB4JNEAFW,2026-08-24T21:25:17.970270597Z,3,2026-08-24T21:25:17.970270597Z,true,2026-08-24T21:43:08.784240434Z,01M0TSZEY173D8F3KEP071GR06,2026-08-24T21:25:17.970270597Z,1,2026-08-24T21:25:17.970270597Z,true,2026-08-24T21:43:05.758004243Z,feedback,2026-08-24T21:25:17.970270597Z,01M0TTKMWSRA5SKY10NAA71SN6,2026-08-24T21:25:17.970270597Z,1787607785769,2026-08-24T21:43:05.770697308Z,true,2026-08-24T21:43:05.727834488Z,true,2026-08-24T21:43:05.782090406Z,01M0TTKNGCJ2F0S2Y4S1SSBZHP,2026-08-24T21:25:17.970270597Z
01M0TTKNNYE66QCXFTPAKS3S29,01M0TSZEX52H0PZDJFB4JNEAFW,2026-08-24T21:25:18.142038244Z,3,2026-08-24T21:25:18.142038244Z,true,2026-08-24T21:46:43.064497802Z,01M0TSZEY173D8F3KEP071GR06,2026-08-24T21:25:18.142038244Z,1,2026-08-24T21:25:18.142038244Z,true,2026-08-24T21:46:40.036513993Z,feedback,2026-08-24T21:25:18.142038244Z,01M0TTKMZ7SV3M807NSRGTM6WH,2026-08-24T21:25:18.142038244Z,1787608000046,2026-08-24T21:46:40.048190704Z,true,2026-08-24T21:46:39.994351192Z,true,2026-08-24T21:46:40.062557351Z,01M0TTKNNSK7GY4TZEVW0KJHY3,2026-08-24T21:25:18.142038244Z
01M0TTNS3ZH6WW5RKD92RT6FHT,01M0TSZGJXR0N6DNTNARWRMFQ4,2026-08-24T21:26:27.199982069Z,3,2026-08-24T21:26:27.199982069Z,false,2026-08-24T21:26:27.199982069Z,01M0TSZGKJQW5S4GCP9150DNN9,2026-08-24T21:26:27.199982069Z,1,2026-08-24T21:26:27.199982069Z,,,feedback,2026-08-24T21:26:27.199982069Z,01M0TTNRF9MH74F3YKFY0MN28M,2026-08-24T21:26:27.199982069Z,,,false,2026-08-24T21:26:27.199982069Z,,,01M0TTNS3V15TZK0T8WYQPX9ZP,2026-08-24T21:26:27.199982069Z
01M0TTYS1PJCBYSQH5D78WSBJB,01M0TTMTH8JPTHXWGXYEY1VFR8,2026-08-24T21:31:22.038329662Z,60,2026-08-24T21:31:22.038329662Z,false,2026-08-24T21:31:22.038329662Z,01M0TTMWMDPGAHQRDA7BZJ8FEZ,2026-08-24T21:31:22.038329662Z,0,2026-08-24T21:31:22.038329662Z,,,selection,2026-08-24T21:31:22.038329662Z,01M0TTYQA5H8SKKASNVMBCT5F8,2026-08-24T21:31:22.038329662Z,,,false,2026-08-24T21:31:22.038329662Z,,,01M0TTYS1FM6PY6P9ZNHPK96PH,2026-08-24T21:31:22.038329662Z
01M0TTYSFFWM0KRNPJMY41V1DS,01M0TTMTH8JPTHXWGXYEY1VFR8,2026-08-24T21:31:22.479877667Z,3,2026-08-24T21:31:22.479877667Z,false,2026-08-24T21:31:22.479877667Z,01M0TTMWMDPGAHQRDA7BZJ8FEZ,2026-08-24T21:31:22.479877667Z,1,2026-08-24T21:31:22.479877667Z,,,feedback,2026-08-24T21:31:22.479877667Z,01M0TTYQ3H8C16362NQTSW34D6,2026-08-24T21:31:22.479877667Z,,,false,2026-08-24T21:31:22.479877667Z,,,01M0TTYSF1XZ92HFCDYEJN7ANR,2026-08-24T21:31:22.479877667Z
01M0TTKDM5PTH47KK293EK8K1H,01M0TSZGJXR0N6DNTNARWRMFQ4,2026-08-24T21:25:09.893550788Z,60,2026-08-24T21:25:09.893550788Z,false,2026-08-24T21:25:09.893550788Z,01M0TSZGKM72FFW193EYG47F25,2026-08-24T21:25:09.893550788Z,0,2026-08-24T21:25:09.893550788Z,,,selection,2026-08-24T21:25:09.893550788Z,01M0TTKD973BER25Q8P2PKX3N2,2026-08-24T21:25:09.893550788Z,,,false,2026-08-24T21:25:09.893550788Z,,,01M0TTKDM02PK5BVS355M4H504,2026-08-24T21:25:09.893550788Z
01M0TTKDSKWKKAZB4SCNDS3W9T,01M0TSZGJXR0N6DNTNARWRMFQ4,2026-08-24T21:25:10.067524058Z,3,2026-08-24T21:25:10.067524058Z,false,2026-08-24T21:25:10.067524058Z,01M0TSZGKM72FFW193EYG47F25,2026-08-24T21:25:10.067524058Z,1,2026-08-24T21:25:10.067524058Z,,,feedback,2026-08-24T21:25:10.067524058Z,01M0TTKDACZQ1DCZWZXJ69MET8,2026-08-24T21:25:10.067524058Z,,,false,2026-08-24T21:25:10.067524058Z,,,01M0TTKDSF1A33FH60CKKM28V8,2026-08-24T21:25:10.067524058Z
01M0TVKAE7Z5DHVEK41SM805QB,01M0TTMTH8JPTHXWGXYEY1VFR8,2026-08-24T21:42:35.209376701Z,3,2026-08-24T21:42:35.209376701Z,true,2026-08-24T21:50:50.895264806Z,01M0TTMWMG725DJ5GA5M4WD8SY,2026-08-24T21:42:35.209376701Z,1,2026-08-24T21:42:35.209376701Z,true,2026-08-24T21:50:47.867344368Z,feedback,2026-08-24T21:42:35.209376701Z,01M0TVK9HAY2EHTGHETJSGXSR9,2026-08-24T21:42:35.209376701Z,1787608247876,2026-08-24T21:50:47.87742485Z,true,2026-08-24T21:50:47.832993001Z,true,2026-08-24T21:50:47.897225133Z,01M0TVKADZ699M21BGR4SV49MZ,2026-08-24T21:42:35.209376701Z
01M0TTTPXX9GKQC1VMDJ4M049Y,01M0TSZV7X3D77NKMM5CDCW4Z6,2026-08-24T21:29:08.797753409Z,60,2026-08-24T21:29:08.797753409Z,true,2026-08-24T21:42:29.47012104Z,01M0TSZV8KEDQHAT4X33M1GG1C,2026-08-24T21:29:08.797753409Z,0,2026-08-24T21:29:08.797753409Z,true,2026-08-24T21:41:31.561259245Z,selection,2026-08-24T21:29:08.797753409Z,01M0TTTPF12VBZQJFBWM56A7KJ,2026-08-24T21:29:08.797753409Z,1787607691568,2026-08-24T21:41:31.569600163Z,true,2026-08-24T21:41:31.497388279Z,true,2026-08-24T21:41:31.584677909Z,01M0TTTPXNQKCD8E83GBHG1P6D,2026-08-24T21:29:08.797753409Z
01M0TV7KMJ14XH9E7EVXJ18SFN,01M0TTMTH8JPTHXWGXYEY1VFR8,2026-08-24T21:36:11.41051564Z,3,2026-08-24T21:36:11.41051564Z,true,2026-08-24T21:54:54.822295375Z,01M0TTMWM9GSP2NP0T4CET96EB,2026-08-24T21:36:11.41051564Z,1,2026-08-24T21:36:11.41051564Z,true,2026-08-24T21:54:51.793690724Z,feedback,2026-08-24T21:36:11.41051564Z,01M0TV7K1B16W2TXPZZ01NQN65,2026-08-24T21:36:11.41051564Z,1787608491805,2026-08-24T21:54:51.806540731Z,true,2026-08-24T21:54:51.754612752Z,true,2026-08-24T21:54:51.82193047Z,01M0TV7KMB5CKQJDY6HQ7N8HMH,2026-08-24T21:36:11.41051564Z
01M0TTMRPK2QZZBC6DDJ2MEH3X,01M0TSZV7X3D77NKMM5CDCW4Z6,2026-08-24T21:25:54.003193976Z,60,2026-08-24T21:25:54.003193976Z,true,2026-08-24T21:49:25.338715314Z,01M0TSZV8ERABP36QP2627EVMT,2026-08-24T21:25:54.003193976Z,0,2026-08-24T21:25:54.003193976Z,true,2026-08-24T21:48:38.167628275Z,selection,2026-08-24T21:25:54.003193976Z,01M0TTMQWWY5QZPJ584F5E43GE,2026-08-24T21:25:54.003193976Z,1787608118180,2026-08-24T21:48:38.181797642Z,true,2026-08-24T21:48:38.133395783Z,true,2026-08-24T21:48:38.199420867Z,01M0TTMRPDHYTS5NQMS208N6Y5,2026-08-24T21:25:54.003193976Z
01M0TTTQRRQSKBR40CH95GGX76,01M0TSZV7X3D77NKMM5CDCW4Z6,2026-08-24T21:29:09.656374655Z,3,2026-08-24T21:29:09.656374655Z,true,2026-08-24T22:00:42.445370973Z,01M0TSZV8KEDQHAT4X33M1GG1C,2026-08-24T21:29:09.656374655Z,1,2026-08-24T21:29:09.656374655Z,true,2026-08-24T22:00:39.397095471Z,feedback,2026-08-24T21:29:09.656374655Z,01M0TTTPQRG11F4CTAXEMKP04G,2026-08-24T21:29:09.656374655Z,1787608839411,2026-08-24T22:00:39.412675624Z,true,2026-08-24T22:00:39.345080058Z,true,2026-08-24T22:00:39.429168709Z,01M0TTTQRJTD0H3B66F2J138A2,2026-08-24T21:29:09.656374655Z
01M0TVKA97A11662GZ1V9BFQX3,01M0TTMTH8JPTHXWGXYEY1VFR8,2026-08-24T21:42:35.047387856Z,3,2026-08-24T21:42:35.047387856Z,true,2026-08-24T21:49:03.962791935Z,01M0TTMWMG725DJ5GA5M4WD8SY,2026-08-24T21:42:35.047387856Z,1,2026-08-24T21:42:35.047387856Z,true,2026-08-24T21:49:00.927591548Z,feedback,2026-08-24T21:42:35.047387856Z,01M0TVK9FW1YJ2K9B0GWPAVQW8,2026-08-24T21:42:35.047387856Z,1787608140934,2026-08-24T21:49:00.935886285Z,true,2026-08-24T21:49:00.896032778Z,true,2026-08-24T21:49:00.952339996Z,01M0TVKA8Z17YD5YQVVH14KQJY,2026-08-24T21:42:35.047387856Z
01M0TVKB8H0RSCFXNPJFM743VD,01M0TTMTH8JPTHXWGXYEY1VFR8,2026-08-24T21:42:36.049394357Z,60,2026-08-24T21:42:36.049394357Z,true,2026-08-24T21:58:12.496794064Z,01M0TTMWMG725DJ5GA5M4WD8SY,2026-08-24T21:42:36.049394357Z,0,2026-08-24T21:42:36.049394357Z,true,2026-08-24T21:58:00.968600057Z,selection,2026-08-24T21:42:36.049394357Z,01M0TVK9SGFH4A7G0X5AP3DEF3,2026-08-24T21:42:36.049394357Z,1787608680982,2026-08-24T21:58:00.983487232Z,true,2026-08-24T21:58:00.925373002Z,true,2026-08-24T21:58:01.004336589Z,01M0TVKB8CEG0QGD6A88PZ8EB7,2026-08-24T21:42:36.049394357Z
01M0TTA5HC8ZJC6ACEGM8VQH0E,01M0TSZV7X3D77NKMM5CDCW4Z6,2026-08-24T21:20:06.700624466Z,3,2026-08-24T21:20:06.700624466Z,true,2026-08-24T21:24:51.403867894Z,01M0TSZV8KEDQHAT4X3FNKVS2B,2026-08-24T21:20:06.700624466Z,1,2026-08-24T21:20:06.700624466Z,true,2026-08-24T21:24:48.390455489Z,feedback,2026-08-24T21:20:06.700624466Z,01M0TTA57RWSA4M61RXN9MVA8P,2026-08-24T21:20:06.700624466Z,1787606688393,2026-08-24T21:24:48.395110278Z,true,2026-08-24T21:24:48.374562653Z,true,2026-08-24T21:24:48.403319397Z,01M0TTA5H7MNDYC6PWZXQCJNJ4,2026-08-24T21:20:06.700624466Z
01M0TTEYYXHE6C3TB2EF46JH3H,01M0TSZEX52H0PZDJFB4JNEAFW,2026-08-24T21:22:43.805725814Z,3,2026-08-24T21:22:43.805725814Z,true,2026-08-24T21:53:37.354819911Z,01M0TSZEY44B7XSP574QH2WQPJ,2026-08-24T21:22:43.805725814Z,1,2026-08-24T21:22:43.805725814Z,true,2026-08-24T21:53:34.318483127Z,feedback,2026-08-24T21:22:43.805725814Z,01M0TTEY670WKR9VHZW128Y6K8,2026-08-24T21:22:43.805725814Z,1787608414333,2026-08-24T21:53:34.335659001Z,true,2026-08-24T21:53:34.242353839Z,true,2026-08-24T21:53:34.351735257Z,01M0TTEYYTY0YMZS3YMWEV4VCD,2026-08-24T21:22:43.805725814Z
01M0TTK1K30FS4086S8N8DZD0G,01M0TSZEX52H0PZDJFB4JNEAFW,2026-08-24T21:24:57.571783117Z,60,2026-08-24T21:24:57.571783117Z,true,2026-08-24T21:56:43.733658526Z,01M0TSZEY54T11A9AMGVA6T4ZB,2026-08-24T21:24:57.571783117Z,0,2026-08-24T21:24:57.571783117Z,true,2026-08-24T21:56:10.950533952Z,selection,2026-08-24T21:24:57.571783117Z,01M0TTK11X3TBF14YA1A2Q1Q3C,2026-08-24T21:24:57.571783117Z,1787608570968,2026-08-24T21:56:10.96991557Z,true,2026-08-24T21:56:10.900199387Z,true,2026-08-24T21:56:10.986639245Z,01M0TTK1JXQC76S87G60H0BFGE,2026-08-24T21:24:57.571783117Z
01M0TTNSMMZHDKZQH4T04G0JS6,01M0TSZGJXR0N6DNTNARWRMFQ4,2026-08-24T21:26:27.732622884Z,60,2026-08-24T21:26:27.732622884Z,false,2026-08-24T21:26:27.732622884Z,01M0TSZGKJQW5S4GCP9150DNN9,2026-08-24T21:26:27.732622884Z,0,2026-08-24T21:26:27.732622884Z,,,selection,2026-08-24T21:26:27.732622884Z,01M0TTNREBJKF4K4R2BRYH0BSB,2026-08-24T21:26:27.732622884Z,,,false,2026-08-24T21:26:27.732622884Z,,,01M0TTNSMGPHE4V7HR6WZF8W3P,2026-08-24T21:26:27.732622884Z
01M0TVKAF2307WBKK9KH7WFCQ6,01M0TTMTH8JPTHXWGXYEY1VFR8,2026-08-24T21:42:35.234386713Z,60,2026-08-24T21:42:35.234386713Z,true,2026-08-24T21:51:07.136114386Z,01M0TTMWMG725DJ5GA5M4WD8SY,2026-08-24T21:42:35.234386713Z,0,2026-08-24T21:42:35.234386713Z,true,2026-08-24T21:50:51.06047057Z,selection,2026-08-24T21:42:35.234386713Z,01M0TVK9HN0NW907SE8JRHRPP8,2026-08-24T21:42:35.234386713Z,1787608251071,2026-08-24T21:50:51.072445758Z,true,2026-08-24T21:50:51.028044182Z,true,2026-08-24T21:50:51.088694837Z,01M0TVKAEXKRMBANM92AMS4RSP,2026-08-24T21:42:35.234386713Z
01M0TVKBDEHYPB0XSY73VE0VQ6,01M0TTMTH8JPTHXWGXYEY1VFR8,2026-08-24T21:42:36.206328435Z,3,2026-08-24T21:42:36.206328435Z,true,2026-08-24T21:59:21.217531046Z,01M0TTMWMG725DJ5GA5M4WD8SY,2026-08-24T21:42:36.206328435Z,1,2026-08-24T21:42:36.206328435Z,true,2026-08-24T21:59:18.174892056Z,feedback,2026-08-24T21:42:36.206328435Z,01M0TVK9Z7TNT3XK2YF9F7F9V9,2026-08-24T21:42:36.206328435Z,1787608758188,2026-08-24T21:59:18.190233251Z,true,2026-08-24T21:59:18.124761385Z,true,2026-08-24T21:59:18.203979575Z,01M0TVKBD5E48H63BPWSPVG46Z,2026-08-24T21:42:36.206328435Z
01M0TT9M4RVG3MXVGZWT4JED9D,01M0TSZGJXR0N6DNTNARWRMFQ4,2026-08-24T21:19:48.888105552Z,60,2026-08-24T21:19:48.888105552Z,false,2026-08-24T21:19:48.888105552Z,01M0TSZGKE32G3R2H2EPQFBQNN,2026-08-24T21:19:48.888105552Z,0,2026-08-24T21:19:48.888105552Z,,,selection,2026-08-24T21:19:48.888105552Z,01M0TT9KHYM73GNE0Q4PABW3ZH,2026-08-24T21:19:48.888105552Z,,,false,2026-08-24T21:19:48.888105552Z,,,01M0TT9M4JWGR8888B7CWJSKXE,2026-08-24T21:19:48.888105552Z
01M0TTEYMAWMTAMQEE8GD3Q6DX,01M0TSZEX52H0PZDJFB4JNEAFW,2026-08-24T21:22:43.466488442Z,3,2026-08-24T21:22:43.466488442Z,true,2026-08-24T21:42:06.241399216Z,01M0TSZEY44B7XSP574QH2WQPJ,2026-08-24T21:22:43.466488442Z,1,2026-08-24T21:22:43.466488442Z,true,2026-08-24T21:42:03.213227169Z,feedback,2026-08-24T21:22:43.466488442Z,01M0TTEY33T07QMNNEV9SCCVVV,2026-08-24T21:22:43.466488442Z,1787607723221,2026-08-24T21:42:03.222941721Z,true,2026-08-24T21:42:03.175668231Z,true,2026-08-24T21:42:03.237542299Z,01M0TTEYM647HWF41K3T3BZSF1,2026-08-24T21:22:43.466488442Z
01M0TV7M67YRBE7JNP3S0RCMED,01M0TTMTH8JPTHXWGXYEY1VFR8,2026-08-24T21:36:11.975797891Z,3,2026-08-24T21:36:11.975797891Z,true,2026-08-24T22:01:10.022136156Z,01M0TTMWM9GSP2NP0T4CET96EB,2026-08-24T21:36:11.975797891Z,1,2026-08-24T21:36:11.975797891Z,true,2026-08-24T22:01:06.973983811Z,feedback,2026-08-24T21:36:11.975797891Z,01M0TV7JXMZP9M4KPNNYF4YY09,2026-08-24T21:36:11.975797891Z,1787608866986,2026-08-24T22:01:06.987591879Z,true,2026-08-24T22:01:06.928586302Z,true,2026-08-24T22:01:07.005045182Z,01M0TV7M5YVPDK249TBY57YZB6,2026-08-24T21:36:11.975797891Z
01M0TV7M9XXYS0NZNN8A8KWVP8,01M0TTMTH8JPTHXWGXYEY1VFR8,2026-08-24T21:36:12.093996541Z,3,2026-08-24T21:36:12.093996541Z,true,2026-08-24T22:02:16.703442837Z,01M0TTMWM9GSP2NP0T4CET96EB,2026-08-24T21:36:12.093996541Z,1,2026-08-24T21:36:12.093996541Z,true,2026-08-24T22:02:13.649728207Z,feedback,2026-08-24T21:36:12.093996541Z,01M0TV7JWCFAAHDZVQV9TA198R,2026-08-24T21:36:12.093996541Z,1787608933664,2026-08-24T22:02:13.665655775Z,true,2026-08-24T22:02:13.606032017Z,true,2026-08-24T22:02:13.687043348Z,01M0TV7M9P35C7NDJ6AX2NSMFJ,2026-08-24T21:36:12.093996541Z
01M0TVKAE1PDZF0FYE6BB3QHRV,01M0TTMTH8JPTHXWGXYEY1VFR8,2026-08-24T21:42:35.201705244Z,60,2026-08-24T21:42:35.201705244Z,true,2026-08-24T21:50:47.806133043Z,01M0TTMWMG725DJ5GA5M4WD8SY,2026-08-24T21:42:35.201705244Z,0,2026-08-24T21:42:35.201705244Z,true,2026-08-24T21:50:23.840722628Z,selection,2026-08-24T21:42:35.201705244Z,01M0TVK9HAY2EHTGHETJSGXSR9,2026-08-24T21:42:35.201705244Z,1787608223851,2026-08-24T21:50:23.852781987Z,true,2026-08-24T21:50:23.802983529Z,true,2026-08-24T21:50:23.862785055Z,01M0TVKADXQ5EB4GSH6XRJA0K9,2026-08-24T21:42:35.201705244Z
01M0TTKNFBEZ179XP5NRG5CC6Q,01M0TSZEX52H0PZDJFB4JNEAFW,2026-08-24T21:25:17.93106707Z,60,2026-08-24T21:25:17.93106707Z,true,2026-08-24T21:42:14.767693484Z,01M0TSZEY173D8F3KEP071GR06,2026-08-24T21:25:17.93106707Z,0,2026-08-24T21:25:17.93106707Z,true,2026-08-24T21:41:53.142319237Z,selection,2026-08-24T21:25:17.93106707Z,01M0TTKMWKT0N697PT0WAWYHB9,2026-08-24T21:25:17.93106707Z,1787607713153,2026-08-24T21:41:53.154577555Z,true,2026-08-24T21:41:53.102173245Z,true,2026-08-24T21:41:53.169509557Z,01M0TTKNF6CD8XVK3W6NA5WA6N,2026-08-24T21:25:17.93106707Z
01M0TTNRZECNZKMF73WWF9VQD7,01M0TSZGJXR0N6DNTNARWRMFQ4,2026-08-24T21:26:27.054894611Z,60,2026-08-24T21:26:27.054894611Z,false,2026-08-24T21:26:27.054894611Z,01M0TSZGKJQW5S4GCP9150DNN9,2026-08-24T21:26:27.054894611Z,0,2026-08-24T21:26:27.054894611Z,,,selection,2026-08-24T21:26:27.054894611Z,01M0TTNRJ73MZ427CDH29X9WGA,2026-08-24T21:26:27.054894611Z,,,false,2026-08-24T21:26:27.054894611Z,,,01M0TTNRZ9W4K313W3REW8GJPX,2026-08-24T21:26:27.054894611Z
01M0TTEYSKZ71PT37Z94KTAJ76,01M0TSZEX52H0PZDJFB4JNEAFW,2026-08-24T21:22:43.635922035Z,3,2026-08-24T21:22:43.635922035Z,true,2026-08-24T21:46:40.867237584Z,01M0TSZEY44B7XSP574QH2WQPJ,2026-08-24T21:22:43.635922035Z,1,2026-08-24T21:22:43.635922035Z,true,2026-08-24T21:46:37.792289466Z,feedback,2026-08-24T21:22:43.635922035Z,01M0TTEY4473PSNZSZKKGAM5W5,2026-08-24T21:22:43.635922035Z,1787607997802,2026-08-24T21:46:37.804126494Z,true,2026-08-24T21:46:37.752712156Z,true,2026-08-24T21:46:37.818983633Z,01M0TTEYSGAZEN2NVFVNNEGEYY,2026-08-24T21:22:43.635922035Z
01M0TTKDRJAPSYP626VQHF11FP,01M0TSZGJXR0N6DNTNARWRMFQ4,2026-08-24T21:25:10.034187155Z,60,2026-08-24T21:25:10.034187155Z,false,2026-08-24T21:25:10.034187155Z,01M0TSZGKM72FFW193EYG47F25,2026-08-24T21:25:10.034187155Z,0,2026-08-24T21:25:10.034187155Z,,,selection,2026-08-24T21:25:10.034187155Z,01M0TTKD9Y0CBZZFRJC8RXHKYG,2026-08-24T21:25:10.034187155Z,,,false,2026-08-24T21:25:10.034187155Z,,,01M0TTKDRC95B9DAY2241M3Q1V,2026-08-24T21:25:10.034187155Z
01M0TTKNTPYQMQZ5T3M3XQY6XD,01M0TSZEX52H0PZDJFB4JNEAFW,2026-08-24T21:25:18.294148849Z,60,2026-08-24T21:25:18.294148849Z,true,2026-08-24T21:50:20.204923158Z,01M0TSZEY173D8F3KEP071GR06,2026-08-24T21:25:18.294148849Z,0,2026-08-24T21:25:18.294148849Z,true,2026-08-24T21:50:07.717843105Z,selection,2026-08-24T21:25:18.294148849Z,01M0TTKN29EX3G7KK3QV3N9QA6,2026-08-24T21:25:18.294148849Z,1787608207729,2026-08-24T21:50:07.731083801Z,true,2026-08-24T21:50:07.685736451Z,true,2026-08-24T21:50:07.749313887Z,01M0TTKNTG98RYP89CZDVB4169,2026-08-24T21:25:18.294148849Z
01M0TTA5K94S7P5NQW0CZEAC09,01M0TSZV7X3D77NKMM5CDCW4Z6,2026-08-24T21:20:06.761760367Z,60,2026-08-24T21:20:06.761760367Z,true,2026-08-24T21:28:22.56257306Z,01M0TSZV8KEDQHAT4X3FNKVS2B,2026-08-24T21:20:06.761760367Z,0,2026-08-24T21:20:06.761760367Z,true,2026-08-24T21:26:24.696046918Z,selection,2026-08-24T21:20:06.761760367Z,01M0TTA5ET0VQ8679ZXD4S0ZVZ,2026-08-24T21:20:06.761760367Z,1787606784703,2026-08-24T21:26:24.705045064Z,true,2026-08-24T21:26:24.669867608Z,true,2026-08-24T21:26:24.716793666Z,01M0TTA5K3THHPGTH030YC5RS7,2026-08-24T21:20:06.761760367Z
01M0TTEYS281EFH6C56YG8KJ2Y,01M0TSZEX52H0PZDJFB4JNEAFW,2026-08-24T21:22:43.618797287Z,3,2026-08-24T21:22:43.618797287Z,true,2026-08-24T21:46:19.618057069Z,01M0TSZEY44B7XSP574QH2WQPJ,2026-08-24T21:22:43.618797287Z,1,2026-08-24T21:22:43.618797287Z,true,2026-08-24T21:46:16.590425904Z,feedback,2026-08-24T21:22:43.618797287Z,01M0TTEY486YE4H016KHGE261T,2026-08-24T21:22:43.618797287Z,1787607976600,2026-08-24T21:46:16.601521605Z,true,2026-08-24T21:46:16.548285441Z,true,2026-08-24T21:46:16.619936214Z,01M0TTEYRYDSTFW9VGKCTT4P4H,2026-08-24T21:22:43.618797287Z
01M0TTKE61W5NEE793N361XY7V,01M0TSZGJXR0N6DNTNARWRMFQ4,2026-08-24T21:25:10.465407817Z,60,2026-08-24T21:25:10.465407817Z,false,2026-08-24T21:25:10.465407817Z,01M0TSZGKM72FFW193EYG47F25,2026-08-24T21:25:10.465407817Z,0,2026-08-24T21:25:10.465407817Z,,,selection,2026-08-24T21:25:10.465407817Z,01M0TTKDEXNTPZP6X71Q8E5EFP,2026-08-24T21:25:10.465407817Z,,,false,2026-08-24T21:25:10.465407817Z,,,01M0TTKE5WNA51HM07FD5RJ4YW,2026-08-24T21:25:10.465407817Z
01M0TTNS5WRMRT8D7WHKKC90GT,01M0TSZGJXR0N6DNTNARWRMFQ4,2026-08-24T21:26:27.260153699Z,3,2026-08-24T21:26:27.260153699Z,false,2026-08-24T21:26:27.260153699Z,01M0TSZGKJQW5S4GCP9150DNN9,2026-08-24T21:26:27.260153699Z,1,2026-08-24T21:26:27.260153699Z,,,feedback,2026-08-24T21:26:27.260153699Z,01M0TTNRCYE9ARGXM7X2BADZ0V,2026-08-24T21:26:27.260153699Z,,,false,2026-08-24T21:26:27.260153699Z,,,01M0TTNS5PH6A2HRKTE8Z9QGKJ,2026-08-24T21:26:27.260153699Z
01M0TTNSPV33TYNGXPK497GR6A,01M0TSZGJXR0N6DNTNARWRMFQ4,2026-08-24T21:26:27.803636204Z,3,2026-08-24T21:26:27.803636204Z,false,2026-08-24T21:26:27.803636204Z,01M0TSZGKJQW5S4GCP9150DNN9,2026-08-24T21:26:27.803636204Z,1,2026-08-24T21:26:27.803636204Z,,,feedback,2026-08-24T21:26:27.803636204Z,01M0TTNRE0BS0GM61MEGDJ9H2C,2026-08-24T21:26:27.803636204Z,,,false,2026-08-24T21:26:27.803636204Z,,,01M0TTNSPPNWXB8CHKYE5XA2EE,2026-08-24T21:26:27.803636204Z
01M0TTTQQWA572DRDSSNEK5WSP,01M0TSZV7X3D77NKMM5CDCW4Z6,2026-08-24T21:29:09.628946302Z,3,2026-08-24T21:29:09.628946302Z,true,2026-08-24T22:00:06.127640968Z,01M0TSZV8KEDQHAT4X33M1GG1C,2026-08-24T21:29:09.628946302Z,1,2026-08-24T21:29:09.628946302Z,true,2026-08-24T22:00:03.084857157Z,feedback,2026-08-24T21:29:09.628946302Z,01M0TTTPQX9WBG7KGWW53TDTJV,2026-08-24T21:29:09.628946302Z,1787608803103,2026-08-24T22:00:03.105022738Z,true,2026-08-24T22:00:03.03362116Z,true,2026-08-24T22:00:03.128754942Z,01M0TTTQQKK6E6TRPAQ6RFB7X2,2026-08-24T21:29:09.628946302Z
01M0TT9MJATH49XQETYRB4V1P9,01M0TSZGJXR0N6DNTNARWRMFQ4,2026-08-24T21:19:49.323019996Z,60,2026-08-24T21:19:49.323019996Z,false,2026-08-24T21:19:49.323019996Z,01M0TSZGKE32G3R2H2EPQFBQNN,2026-08-24T21:19:49.323019996Z,0,2026-08-24T21:19:49.323019996Z,,,selection,2026-08-24T21:19:49.323019996Z,01M0TT9KJGX3SAXR55VJQX3E4J,2026-08-24T21:19:49.323019996Z,,,false,2026-08-24T21:19:49.323019996Z,,,01M0TT9MJ5XMABWS8H41C9FMM7,2026-08-24T21:19:49.323019996Z
01M0TTA5JA1SENYZB41HMT5NMF,01M0TSZV7X3D77NKMM5CDCW4Z6,2026-08-24T21:20:06.73015755Z,3,2026-08-24T21:20:06.73015755Z,true,2026-08-24T21:25:32.936122408Z,01M0TSZV8KEDQHAT4X3FNKVS2B,2026-08-24T21:20:06.73015755Z,1,2026-08-24T21:20:06.73015755Z,true,2026-08-24T21:25:29.922553881Z,feedback,2026-08-24T21:20:06.73015755Z,01M0TTA57MCSVB8JHRVY1356P2,2026-08-24T21:20:06.73015755Z,1787606729926,2026-08-24T21:25:29.927839393Z,true,2026-08-24T21:25:29.905195465Z,true,2026-08-24T21:25:29.935104855Z,01M0TTA5HTJ0Y3HN6MPQXYC5QC,2026-08-24T21:20:06.73015755Z
01M0TTK1YC6DRWCR1AGQSVNB5B,01M0TSZEX52H0PZDJFB4JNEAFW,2026-08-24T21:24:57.932066354Z,60,2026-08-24T21:24:57.932066354Z,true,2026-08-24T22:09:14.816869604Z,01M0TSZEY54T11A9AMGVA6T4ZB,2026-08-24T21:24:57.932066354Z,0,2026-08-24T21:24:57.932066354Z,true,2026-08-24T22:08:44.052883934Z,selection,2026-08-24T21:24:57.932066354Z,01M0TTK15BMPVJH5GGXJ7X11FN,2026-08-24T21:24:57.932066354Z,1787609324068,2026-08-24T22:08:44.069962067Z,true,2026-08-24T22:08:44.001283801Z,true,2026-08-24T22:08:44.092726469Z,01M0TTK1Y44MG8NCAAVX1FEKQF,2026-08-24T21:24:57.932066354Z
01M0TTYR2M1G0W232EECGDD9F8,01M0TTMTH8JPTHXWGXYEY1VFR8,2026-08-24T21:31:21.044451044Z,60,2026-08-24T21:31:21.044451044Z,true,2026-08-24T21:54:59.757367383Z,01M0TTMWMDPGAHQRDA7BZJ8FEZ,2026-08-24T21:31:21.044451044Z,0,2026-08-24T21:31:21.044451044Z,true,2026-08-24T21:54:15.098772866Z,selection,2026-08-24T21:31:21.044451044Z,01M0TTYQ0CMGYVGRETB27VW2NK,2026-08-24T21:31:21.044451044Z,1787608455117,2026-08-24T21:54:15.118575906Z,true,2026-08-24T21:54:15.054484193Z,true,2026-08-24T21:54:15.134890087Z,01M0TTYR2CDMYMCK7QC5EF6J9D,2026-08-24T21:31:21.044451044Z
01M0TV7MHJANHTHE4Z6CB10C4R,01M0TTMTH8JPTHXWGXYEY1VFR8,2026-08-24T21:36:12.338787938Z,3,2026-08-24T21:36:12.338787938Z,true,2026-08-24T22:04:32.550991381Z,01M0TTMWM9GSP2NP0T4CET96EB,2026-08-24T21:36:12.338787938Z,1,2026-08-24T21:36:12.338787938Z,true,2026-08-24T22:04:29.49072887Z,feedback,2026-08-24T21:36:12.338787938Z,01M0TV7JPHS2238CXFN0DK659X,2026-08-24T21:36:12.338787938Z,1787609069511,2026-08-24T22:04:29.513225463Z,true,2026-08-24T22:04:29.43609211Z,true,2026-08-24T22:04:29.53169404Z,01M0TV7MHAYCF5NPT9RECSQ9NK,2026-08-24T21:36:12.338787938Z
01M0TTA5Q5ECW3Q65C77J44D71,01M0TSZV7X3D77NKMM5CDCW4Z6,2026-08-24T21:20:06.885246922Z,3,2026-08-24T21:20:06.885246922Z,true,2026-08-24T21:33:14.405182781Z,01M0TSZV8KEDQHAT4X3FNKVS2B,2026-08-24T21:20:06.885246922Z,1,2026-08-24T21:20:06.885246922Z,true,2026-08-24T21:33:11.370233129Z,feedback,2026-08-24T21:20:06.885246922Z,01M0TTA5D69CAEP1C3PYVXR565,2026-08-24T21:20:06.885246922Z,1787607191378,2026-08-24T21:33:11.380895735Z,true,2026-08-24T21:33:11.325032928Z,true,2026-08-24T21:33:11.401968729Z,01M0TTA5Q1CJPVSEKZXWAWT7BX,2026-08-24T21:20:06.885246922Z
01M0TTEYJ9636E2WTHQ1Z3YSJT,01M0TSZEX52H0PZDJFB4JNEAFW,2026-08-24T21:22:43.40172436Z,60,2026-08-24T21:22:43.40172436Z,true,2026-08-24T21:38:41.753284359Z,01M0TSZEY44B7XSP574QH2WQPJ,2026-08-24T21:22:43.40172436Z,0,2026-08-24T21:22:43.40172436Z,true,2026-08-24T21:38:02.791806341Z,selection,2026-08-24T21:22:43.40172436Z,01M0TTEY37SM4PVFYR7WQGF0EE,2026-08-24T21:22:43.40172436Z,1787607482799,2026-08-24T21:38:02.801111595Z,true,2026-08-24T21:38:02.689362948Z,true,2026-08-24T21:38:02.817860681Z,01M0TTEYJ4AF4GCTKXD1FW09Z6,2026-08-24T21:22:43.40172436Z
01M0TTKNVXK77X1AR1JFM471X8,01M0TSZEX52H0PZDJFB4JNEAFW,2026-08-24T21:25:18.333169889Z,60,2026-08-24T21:25:18.333169889Z,true,2026-08-24T21:50:55.603969076Z,01M0TSZEY173D8F3KEP071GR06,2026-08-24T21:25:18.333169889Z,0,2026-08-24T21:25:18.333169889Z,true,2026-08-24T21:50:42.147069167Z,selection,2026-08-24T21:25:18.333169889Z,01M0TTKN2K7FCSN70E4PAFHCYC,2026-08-24T21:25:18.333169889Z,1787608242156,2026-08-24T21:50:42.157249836Z,true,2026-08-24T21:50:42.097713501Z,true,2026-08-24T21:50:42.17135089Z,01M0TTKNVQCXG0CYSDKHJBXTPM,2026-08-24T21:25:18.333169889Z
01M0TV7K9HS8E8E66TH5S2E5GE,01M0TTMTH8JPTHXWGXYEY1VFR8,2026-08-24T21:36:11.057064118Z,60,2026-08-24T21:36:11.057064118Z,true,2026-08-24T21:48:26.833099665Z,01M0TTMWM9GSP2NP0T4CET96EB,2026-08-24T21:36:11.057064118Z,0,2026-08-24T21:36:11.057064118Z,true,2026-08-24T21:48:05.004357975Z,selection,2026-08-24T21:36:11.057064118Z,01M0TV7JPYV60WKC5G63QXA88H,2026-08-24T21:36:11.057064118Z,1787608085014,2026-08-24T21:48:05.015685482Z,true,2026-08-24T21:48:04.961496373Z,true,2026-08-24T21:48:05.026989432Z,01M0TV7K9CMCA0BJ3ND2D6JDB5,2026-08-24T21:36:11.057064118Z
01M0TTA60C6H40V12TKBE2MQET,01M0TSZV7X3D77NKMM5CDCW4Z6,2026-08-24T21:20:07.180175786Z,3,2026-08-24T21:20:07.180175786Z,true,2026-08-24T21:41:24.6713495Z,01M0TSZV8KEDQHAT4X3FNKVS2B,2026-08-24T21:20:07.180175786Z,1,2026-08-24T21:20:07.180175786Z,true,2026-08-24T21:41:21.646209552Z,feedback,2026-08-24T21:20:07.180175786Z,01M0TTA5BYD24MYRGRNJQNK40N,2026-08-24T21:20:07.180175786Z,1787607681654,2026-08-24T21:41:21.655426611Z,true,2026-08-24T21:41:21.620693533Z,true,2026-08-24T21:41:21.668218405Z,01M0TTA608ZRXTJ6KBGN0TS59D,2026-08-24T21:20:07.180175786Z
01M0TTEYZS8WC28NG36R3XESKJ,01M0TSZEX52H0PZDJFB4JNEAFW,2026-08-24T21:22:43.833908643Z,60,2026-08-24T21:22:43.833908643Z,true,2026-08-24T21:54:20.565572946Z,01M0TSZEY44B7XSP574QH2WQPJ,2026-08-24T21:22:43.833908643Z,0,2026-08-24T21:22:43.833908643Z,true,2026-08-24T21:53:54.115800888Z,selection,2026-08-24T21:22:43.833908643Z,01M0TTEY631PY9Q3YK285DG6G1,2026-08-24T21:22:43.833908643Z,1787608434126,2026-08-24T21:53:54.127534787Z,true,2026-08-24T21:53:54.066564449Z,true,2026-08-24T21:53:54.146601057Z,01M0TTEYZP18XRWX2RHSKMY4XA,2026-08-24T21:22:43.833908643Z
01M0TTYQYK8M7FHDACP0CQTVNX,01M0TTMTH8JPTHXWGXYEY1VFR8,2026-08-24T21:31:20.915258599Z,60,2026-08-24T21:31:20.915258599Z,true,2026-08-24T21:52:12.808503023Z,01M0TTMWMDPGAHQRDA7BZJ8FEZ,2026-08-24T21:31:20.915258599Z,0,2026-08-24T21:31:20.915258599Z,true,2026-08-24T21:51:12.78150243Z,selection,2026-08-24T21:31:20.915258599Z,01M0TTYQ1G7Z6X6EGXEN1X2SJZ,2026-08-24T21:31:20.915258599Z,1787608272793,2026-08-24T21:51:12.794311992Z,true,2026-08-24T21:51:12.745092196Z,true,2026-08-24T21:51:12.80469213Z,01M0TTYQYB1FABEQ9EW03CPG3R,2026-08-24T21:31:20.915258599Z
01M0TV7MEPT82M8QB95Z2S25ZK,01M0TTMTH8JPTHXWGXYEY1VFR8,2026-08-24T21:36:12.248631384Z,3,2026-08-24T21:36:12.248631384Z,true,2026-08-24T22:03:38.529091237Z,01M0TTMWM9GSP2NP0T4CET96EB,2026-08-24T21:36:12.248631384Z,1,2026-08-24T21:36:12.248631384Z,true,2026-08-24T22:03:35.47567415Z,feedback,2026-08-24T21:36:12.248631384Z,01M0TV7JTQHFPTFZ7PAPRX646E,2026-08-24T21:36:12.248631384Z,1787609015491,2026-08-24T22:03:35.493072285Z,true,2026-08-24T22:03:35.424798219Z,true,2026-08-24T22:03:35.515927182Z,01M0TV7MEE02AEP923FCVMVGEA,2026-08-24T21:36:12.248631384Z
01M0TVKBJ7W8SZC6GG4282XE8C,01M0TTMTH8JPTHXWGXYEY1VFR8,2026-08-24T21:42:36.359297015Z,3,2026-08-24T21:42:36.359297015Z,true,2026-08-24T22:00:26.33228797Z,01M0TTMWMG725DJ5GA5M4WD8SY,2026-08-24T21:42:36.359297015Z,1,2026-08-24T21:42:36.359297015Z,true,2026-08-24T22:00:23.260195198Z,feedback,2026-08-24T21:42:36.359297015Z,01M0TVKA1X8QWR5F038J62EWM7,2026-08-24T21:42:36.359297015Z,1787608823273,2026-08-24T22:00:23.274768012Z,true,2026-08-24T22:00:23.214317671Z,true,2026-08-24T22:00:23.328672042Z,01M0TVKBHY39NK2J2EHSHWRTKF,2026-08-24T21:42:36.359297015Z
01M0TTA68NJJGX0CYAPNDA7EWY,01M0TSZV7X3D77NKMM5CDCW4Z6,2026-08-24T21:20:07.4453038Z,3,2026-08-24T21:20:07.4453038Z,true,2026-08-24T21:47:33.856485229Z,01M0TSZV8KEDQHAT4X3FNKVS2B,2026-08-24T21:20:07.4453038Z,1,2026-08-24T21:20:07.4453038Z,true,2026-08-24T21:47:30.804941641Z,feedback,2026-08-24T21:20:07.4453038Z,01M0TTA57ZCTVJE3JTBFRNBPAC,2026-08-24T21:20:07.4453038Z,1787608050828,2026-08-24T21:47:30.830293072Z,true,2026-08-24T21:47:30.647778557Z,true,2026-08-24T21:47:30.84431222Z,01M0TTA68H5GJBZ84E2W5FRM27,2026-08-24T21:20:07.4453038Z
01M0TTKDN7KJJ2NET4ASJTCJ88,01M0TSZGJXR0N6DNTNARWRMFQ4,2026-08-24T21:25:09.927857322Z,60,2026-08-24T21:25:09.927857322Z,false,2026-08-24T21:25:09.927857322Z,01M0TSZGKM72FFW193EYG47F25,2026-08-24T21:25:09.927857322Z,0,2026-08-24T21:25:09.927857322Z,,,selection,2026-08-24T21:25:09.927857322Z,01M0TTKD9CBXZ9A2NYQ9RP0641,2026-08-24T21:25:09.927857322Z,,,false,2026-08-24T21:25:09.927857322Z,,,01M0TTKDN22JWGHTMW1EV3KV25,2026-08-24T21:25:09.927857322Z
01M0TTK24SZ0CYHJB7MXVTABBD,01M0TSZEX52H0PZDJFB4JNEAFW,2026-08-24T21:24:58.137264512Z,60,2026-08-24T21:24:58.137264512Z,true,2026-08-24T22:13:48.678741059Z,01M0TSZEY54T11A9AMGVA6T4ZB,2026-08-24T21:24:58.137264512Z,0,2026-08-24T21:24:58.137264512Z,true,2026-08-24T22:13:04.80606774Z,selection,2026-08-24T21:24:58.137264512Z,01M0TTK10A7AKK5NF8W8WR1SKC,2026-08-24T21:24:58.137264512Z,1787609584822,2026-08-24T22:13:04.824379282Z,true,2026-08-24T22:13:04.763079587Z,true,2026-08-24T22:13:04.84313488Z,01M0TTK23WW47G3NT7GRM97RWG,2026-08-24T21:24:58.137264512Z
01M0TTKE73N8PH9MCMB3XMKNXB,01M0TSZGJXR0N6DNTNARWRMFQ4,2026-08-24T21:25:10.49974362Z,60,2026-08-24T21:25:10.49974362Z,false,2026-08-24T21:25:10.49974362Z,01M0TSZGKM72FFW193EYG47F25,2026-08-24T21:25:10.49974362Z,0,2026-08-24T21:25:10.49974362Z,,,selection,2026-08-24T21:25:10.49974362Z,01M0TTKDF0FWNK6N0W27RKEF6F,2026-08-24T21:25:10.49974362Z,,,false,2026-08-24T21:25:10.49974362Z,,,01M0TTKE6YAGKDGWKQP39J9P2X,2026-08-24T21:25:10.49974362Z
01M0TTTQCM4AQA68QW9Z08AN1H,01M0TSZV7X3D77NKMM5CDCW4Z6,2026-08-24T21:29:09.26901305Z,60,2026-08-24T21:29:09.26901305Z,true,2026-08-24T21:53:23.743923259Z,01M0TSZV8KEDQHAT4X33M1GG1C,2026-08-24T21:29:09.26901305Z,0,2026-08-24T21:29:09.26901305Z,true,2026-08-24T21:52:35.496286909Z,selection,2026-08-24T21:29:09.26901305Z,01M0TTTPKNZ2ZXVD8JR5TDDNBG,2026-08-24T21:29:09.26901305Z,1787608355508,2026-08-24T21:52:35.509680038Z,true,2026-08-24T21:52:35.460427613Z,true,2026-08-24T21:52:35.527434547Z,01M0TTTQCDKKSVJ6B1V8WSYTQG,2026-08-24T21:29:09.26901305Z
01M0TTYSBPTRNAF6AJ69S9PKJC,01M0TTMTH8JPTHXWGXYEY1VFR8,2026-08-24T21:31:22.358985685Z,3,2026-08-24T21:31:22.358985685Z,false,2026-08-24T21:31:22.358985685Z,01M0TTMWMDPGAHQRDA7BZJ8FEZ,2026-08-24T21:31:22.358985685Z,1,2026-08-24T21:31:22.358985685Z,,,feedback,2026-08-24T21:31:22.358985685Z,01M0TTYQ4YEHK3343DAPN9CV6B,2026-08-24T21:31:22.358985685Z,,,false,2026-08-24T21:31:22.358985685Z,,,01M0TTYSBAVKXDMEKR30QXRFR8,2026-08-24T21:31:22.358985685Z
01M0TT9MA53A2HX9YM2TN58VRJ,01M0TSZGJXR0N6DNTNARWRMFQ4,2026-08-24T21:19:49.06147909Z,60,2026-08-24T21:19:49.06147909Z,false,2026-08-24T21:19:49.06147909Z,01M0TSZGKE32G3R2H2EPQFBQNN,2026-08-24T21:19:49.06147909Z,0,2026-08-24T21:19:49.06147909Z,,,selection,2026-08-24T21:19:49.06147909Z,01M0TT9KKWJ8Z1KGEH8MTEHWTT,2026-08-24T21:19:49.06147909Z,,,false,2026-08-24T21:19:49.06147909Z,,,01M0TT9M9ZTGCW5D5ZZZEKPA63,2026-08-24T21:19:49.06147909Z
01M0TTEYSKZ71PT37Z8DNHB06V,01M0TSZEX52H0PZDJFB4JNEAFW,2026-08-24T21:22:43.635079536Z,60,2026-08-24T21:22:43.635079536Z,true,2026-08-24T21:46:37.729466555Z,01M0TSZEY44B7XSP574QH2WQPJ,2026-08-24T21:22:43.635079536Z,0,2026-08-24T21:22:43.635079536Z,true,2026-08-24T21:46:19.816737093Z,selection,2026-08-24T21:22:43.635079536Z,01M0TTEY4473PSNZSZKKGAM5W5,2026-08-24T21:22:43.635079536Z,1787607979826,2026-08-24T21:46:19.82777765Z,true,2026-08-24T21:46:19.773500239Z,true,2026-08-24T21:46:19.838951904Z,01M0TTEYSDSZE5PNSX3BKB4SPG,2026-08-24T21:22:43.635079536Z
01M0TTNRT4X90C2V81VFZFXAY2,01M0TSZGJXR0N6DNTNARWRMFQ4,2026-08-24T21:26:26.884612977Z,60,2026-08-24T21:26:26.884612977Z,false,2026-08-24T21:26:26.884612977Z,01M0TSZGKJQW5S4GCP9150DNN9,2026-08-24T21:26:26.884612977Z,0,2026-08-24T21:26:26.884612977Z,,,selection,2026-08-24T21:26:26.884612977Z,01M0TTNRK3ZQ2XDVD2B1Q9AZY6,2026-08-24T21:26:26.884612977Z,,,false,2026-08-24T21:26:26.884612977Z,,,01M0TTNRSZVV0CZQJ3N36T14KX,2026-08-24T21:26:26.884612977Z
01M0TTMRB9T1Q87MYD452TE51K,01M0TSZV7X3D77NKMM5CDCW4Z6,2026-08-24T21:25:53.641765534Z,3,2026-08-24T21:25:53.641765534Z,true,2026-08-24T21:41:52.485133039Z,01M0TSZV8ERABP36QP2627EVMT,2026-08-24T21:25:53.641765534Z,1,2026-08-24T21:25:53.641765534Z,true,2026-08-24T21:41:49.450544682Z,feedback,2026-08-24T21:25:53.641765534Z,01M0TTMQT8G6D857ENBCX0XKB1,2026-08-24T21:25:53.641765534Z,1787607709462,2026-08-24T21:41:49.464475986Z,true,2026-08-24T21:41:49.409273014Z,true,2026-08-24T21:41:49.482380496Z,01M0TTMRB4715TYM79TPAFSA9Q,2026-08-24T21:25:53.641765534Z
01M0TTMRWCSCYZNZTA5P7H8B6M,01M0TSZV7X3D77NKMM5CDCW4Z6,2026-08-24T21:25:54.188919682Z,60,2026-08-24T21:25:54.188919682Z,true,2026-08-24T21:53:03.550028231Z,01M0TSZV8ERABP36QP2627EVMT,2026-08-24T21:25:54.188919682Z,0,2026-08-24T21:25:54.188919682Z,true,2026-08-24T21:52:40.992079448Z,selection,2026-08-24T21:25:54.188919682Z,01M0TTMQQKH4K0S2QZ5CS7DSVD,2026-08-24T21:25:54.188919682Z,1787608361002,2026-08-24T21:52:41.004069649Z,true,2026-08-24T21:52:40.946252062Z,true,2026-08-24T21:52:41.022494184Z,01M0TTMRW8JTS1NX9JZ7FA90X3,2026-08-24T21:25:54.188919682Z
01M0TTTRQ3CJJ1P1TEZ6KQY4GN,01M0TSZV7X3D77NKMM5CDCW4Z6,2026-08-24T21:29:10.627749065Z,3,2026-08-24T21:29:10.627749065Z,true,2026-08-24T22:15:45.253308028Z,01M0TSZV8KEDQHAT4X33M1GG1C,2026-08-24T21:29:10.627749065Z,1,2026-08-24T21:29:10.627749065Z,true,2026-08-24T22:15:42.194577954Z,feedback,2026-08-24T21:29:10.627749065Z,01M0TTTPTV6F12YC6XJT82EBKW,2026-08-24T21:29:10.627749065Z,1787609742210,2026-08-24T22:15:42.21180133Z,true,2026-08-24T22:15:42.144769688Z,true,2026-08-24T22:15:42.232757974Z,01M0TTTRPRD71CRTC7PJHPNKDF,2026-08-24T21:29:10.627749065Z
01M0TTA64ZQ90D8JGE6H7G5J8P,01M0TSZV7X3D77NKMM5CDCW4Z6,2026-08-24T21:20:07.327498337Z,3,2026-08-24T21:20:07.327498337Z,true,2026-08-24T21:45:08.64637431Z,01M0TSZV8KEDQHAT4X3FNKVS2B,2026-08-24T21:20:07.327498337Z,1,2026-08-24T21:20:07.327498337Z,true,2026-08-24T21:45:05.609349368Z,feedback,2026-08-24T21:20:07.327498337Z,01M0TTA58J1V5SM68HADTMV3Q3,2026-08-24T21:20:07.327498337Z,1787607905622,2026-08-24T21:45:05.624109223Z,true,2026-08-24T21:45:05.572730104Z,true,2026-08-24T21:45:05.636132673Z,01M0TTA64WT7ME8SHBDWP8SNVF,2026-08-24T21:20:07.327498337Z
01M0TTKNXWNQ4CD7K1VP0HTJ2Q,01M0TSZEX52H0PZDJFB4JNEAFW,2026-08-24T21:25:18.396207298Z,3,2026-08-24T21:25:18.396207298Z,true,2026-08-24T21:52:22.070104214Z,01M0TSZEY173D8F3KEP071GR06,2026-08-24T21:25:18.396207298Z,1,2026-08-24T21:25:18.396207298Z,true,2026-08-24T21:52:19.037335663Z,feedback,2026-08-24T21:25:18.396207298Z,01M0TTKN3AHDW9W5G6MBAF6SFV,2026-08-24T21:25:18.396207298Z,1787608339050,2026-08-24T21:52:19.052025606Z,true,2026-08-24T21:52:18.994676881Z,true,2026-08-24T21:52:19.066118332Z,01M0TTKNXN9W8DJWTE9VN997WF,2026-08-24T21:25:18.396207298Z
01M0TV7MGK40M110X5QARKFMPX,01M0TTMTH8JPTHXWGXYEY1VFR8,2026-08-24T21:36:12.308222844Z,3,2026-08-24T21:36:12.308222844Z,true,2026-08-24T22:04:13.595743788Z,01M0TTMWM9GSP2NP0T4CET96EB,2026-08-24T21:36:12.308222844Z,1,2026-08-24T21:36:12.308222844Z,true,2026-08-24T22:04:10.537671931Z,feedback,2026-08-24T21:36:12.308222844Z,01M0TV7JRZ22YG5H7EJKAYKKSA,2026-08-24T21:36:12.308222844Z,1787609050556,2026-08-24T22:04:10.557655619Z,true,2026-08-24T22:04:10.48757088Z,true,2026-08-24T22:04:10.578229261Z,01M0TV7MG9YXF0C2AXGF5FXRHF,2026-08-24T21:36:12.308222844Z
01M0TTK212Y6Y56NTYGTZJTJTM,01M0TSZEX52H0PZDJFB4JNEAFW,2026-08-24T21:24:58.018219292Z,3,2026-08-24T21:24:58.018219292Z,true,2026-08-24T22:11:21.659934568Z,01M0TSZEY54T11A9AMGVA6T4ZB,2026-08-24T21:24:58.018219292Z,1,2026-08-24T21:24:58.018219292Z,true,2026-08-24T22:11:18.61684666Z,feedback,2026-08-24T21:24:58.018219292Z,01M0TTK197RJ0QTB45EKEDE998,2026-08-24T21:24:58.018219292Z,1787609478632,2026-08-24T22:11:18.633846532Z,true,2026-08-24T22:11:18.564441702Z,true,2026-08-24T22:11:18.658258598Z,01M0TTK20V2JWNSQSE4QGYBT3F,2026-08-24T21:24:58.018219292Z
01M0TTK24VKTN53N71VRV83N01,01M0TSZEX52H0PZDJFB4JNEAFW,2026-08-24T21:24:58.139207934Z,3,2026-08-24T21:24:58.139207934Z,true,2026-08-24T22:13:51.808141377Z,01M0TSZEY54T11A9AMGVA6T4ZB,2026-08-24T21:24:58.139207934Z,1,2026-08-24T21:24:58.139207934Z,true,2026-08-24T22:13:48.757896976Z,feedback,2026-08-24T21:24:58.139207934Z,01M0TTK10A7AKK5NF8W8WR1SKC,2026-08-24T21:24:58.139207934Z,1787609628777,2026-08-24T22:13:48.778890146Z,true,2026-08-24T22:13:48.707749998Z,true,2026-08-24T22:13:48.794640172Z,01M0TTK24B3JJY9N48CXKKJN7F,2026-08-24T21:24:58.139207934Z
01M0TTNRPS7AJAFHVQW4RR22A7,01M0TSZGJXR0N6DNTNARWRMFQ4,2026-08-24T21:26:26.77748004Z,3,2026-08-24T21:26:26.77748004Z,true,2026-08-24T22:26:07.099232261Z,01M0TSZGKJQW5S4GCP9150DNN9,2026-08-24T21:26:26.77748004Z,1,2026-08-24T21:26:26.77748004Z,true,2026-08-24T22:26:04.056154237Z,feedback,2026-08-24T21:26:26.77748004Z,01M0TTNRBDTNTD0C633CC9M08A,2026-08-24T21:26:26.77748004Z,1787610364073,2026-08-24T22:26:04.075562589Z,true,2026-08-24T22:26:04.007446499Z,true,2026-08-24T22:26:04.098335921Z,01M0TTNRPJ4H53R0K1RA23FVQ1,2026-08-24T21:26:26.77748004Z
01M0TTTQ6W7VGAFRV12TG5BJKP,01M0TSZV7X3D77NKMM5CDCW4Z6,2026-08-24T21:29:09.084567773Z,3,2026-08-24T21:29:09.084567773Z,true,2026-08-24T21:49:56.447352021Z,01M0TSZV8KEDQHAT4X33M1GG1C,2026-08-24T21:29:09.084567773Z,1,2026-08-24T21:29:09.084567773Z,true,2026-08-24T21:49:53.419887648Z,feedback,2026-08-24T21:29:09.084567773Z,01M0TTTPP92J1ZE2QRE2PBKE0N,2026-08-24T21:29:09.084567773Z,1787608193427,2026-08-24T21:49:53.429298253Z,true,2026-08-24T21:49:53.380748484Z,true,2026-08-24T21:49:53.444678779Z,01M0TTTQ6G52PE4PYYB135Q5E0,2026-08-24T21:29:09.084567773Z
01M0TTTQBN5MS1XXDVA4836PZ4,01M0TSZV7X3D77NKMM5CDCW4Z6,2026-08-24T21:29:09.23773821Z,3,2026-08-24T21:29:09.23773821Z,true,2026-08-24T21:52:35.307785853Z,01M0TSZV8KEDQHAT4X33M1GG1C,2026-08-24T21:29:09.23773821Z,1,2026-08-24T21:29:09.23773821Z,true,2026-08-24T21:52:32.267363226Z,feedback,2026-08-24T21:29:09.23773821Z,01M0TTTPMHDVPW2W59Q2M5JPMT,2026-08-24T21:29:09.23773821Z,1787608352276,2026-08-24T21:52:32.277742014Z,true,2026-08-24T21:52:32.229688583Z,true,2026-08-24T21:52:32.294200112Z,01M0TTTQBCWKSZ681N0PXA8CBT,2026-08-24T21:29:09.23773821Z
01M0TTTQCTZQ1N28KD10V43AV2,01M0TSZV7X3D77NKMM5CDCW4Z6,2026-08-24T21:29:09.274454224Z,3,2026-08-24T21:29:09.274454224Z,true,2026-08-24T21:53:26.8527876Z,01M0TSZV8KEDQHAT4X33M1GG1C,2026-08-24T21:29:09.274454224Z,1,2026-08-24T21:29:09.274454224Z,true,2026-08-24T21:53:23.822470588Z,feedback,2026-08-24T21:29:09.274454224Z,01M0TTTPKNZ2ZXVD8JR5TDDNBG,2026-08-24T21:29:09.274454224Z,1787608403835,2026-08-24T21:53:23.837037424Z,true,2026-08-24T21:53:23.78100372Z,true,2026-08-24T21:53:23.851710726Z,01M0TTTQCGXTDXWJDARA4FR2SS,2026-08-24T21:29:09.274454224Z
01M0TT9MD8QSVQH448K78K4V5C,01M0TSZGJXR0N6DNTNARWRMFQ4,2026-08-24T21:19:49.160540445Z,60,2026-08-24T21:19:49.160540445Z,false,2026-08-24T21:19:49.160540445Z,01M0TSZGKE32G3R2H2EPQFBQNN,2026-08-24T21:19:49.160540445Z,0,2026-08-24T21:19:49.160540445Z,,,selection,2026-08-24T21:19:49.160540445Z,01M0TT9KJVE9NCK1N0H3X8PJ85,2026-08-24T21:19:49.160540445Z,,,false,2026-08-24T21:19:49.160540445Z,,,01M0TT9MD33T0KMY5KTK8GBZAP,2026-08-24T21:19:49.160540445Z
01M0TTK1JPNCTWV6XEDNW4EVRW,01M0TSZEX52H0PZDJFB4JNEAFW,2026-08-24T21:24:57.558841693Z,3,2026-08-24T21:24:57.558841693Z,true,2026-08-24T21:56:10.73645052Z,01M0TSZEY54T11A9AMGVA6T4ZB,2026-08-24T21:24:57.558841693Z,1,2026-08-24T21:24:57.558841693Z,true,2026-08-24T21:56:07.706157504Z,feedback,2026-08-24T21:24:57.558841693Z,01M0TTK11BVQCDYFBSDZNSKRPS,2026-08-24T21:24:57.558841693Z,1787608567717,2026-08-24T21:56:07.718443035Z,true,2026-08-24T21:56:07.661475959Z,true,2026-08-24T21:56:07.735946696Z,01M0TTK1JH3WE57KXYT4QG7TAH,2026-08-24T21:24:57.558841693Z
01M0TTYRBHW9W5T59PJ5NPJFEP,01M0TTMTH8JPTHXWGXYEY1VFR8,2026-08-24T21:31:21.32978663Z,60,2026-08-24T21:31:21.32978663Z,true,2026-08-24T22:02:20.293066985Z,01M0TTMWMDPGAHQRDA7BZJ8FEZ,2026-08-24T21:31:21.32978663Z,0,2026-08-24T21:31:21.32978663Z,true,2026-08-24T22:01:20.251673436Z,selection,2026-08-24T21:31:21.32978663Z,01M0TTYQKE4NBYTMC3QN9HZZAC,2026-08-24T21:31:21.32978663Z,1787608880269,2026-08-24T22:01:20.27075226Z,true,2026-08-24T22:01:20.211714106Z,true,2026-08-24T22:01:20.289557954Z,01M0TTYRBAFCHEND92M7FEQQP1,2026-08-24T21:31:21.32978663Z
01M0TV7KG98AVYW318WXV3N5PZ,01M0TTMTH8JPTHXWGXYEY1VFR8,2026-08-24T21:36:11.274015926Z,3,2026-08-24T21:36:11.274015926Z,true,2026-08-24T21:52:48.667493356Z,01M0TTMWM9GSP2NP0T4CET96EB,2026-08-24T21:36:11.274015926Z,1,2026-08-24T21:36:11.274015926Z,true,2026-08-24T21:52:45.629136706Z,feedback,2026-08-24T21:36:11.274015926Z,01M0TV7JNCAGW4ZYJPPW0997HV,2026-08-24T21:36:11.274015926Z,1787608365643,2026-08-24T21:52:45.645259804Z,true,2026-08-24T21:52:45.591307337Z,true,2026-08-24T21:52:45.665934267Z,01M0TV7KFZ2FQ25ZBPFB3AE1T7,2026-08-24T21:36:11.274015926Z
01M0TVKAQHGMY5304X0VYJ5XQN,01M0TTMTH8JPTHXWGXYEY1VFR8,2026-08-24T21:42:35.505906892Z,60,2026-08-24T21:42:35.505906892Z,true,2026-08-24T21:53:56.788496451Z,01M0TTMWMG725DJ5GA5M4WD8SY,2026-08-24T21:42:35.505906892Z,0,2026-08-24T21:42:35.505906892Z,true,2026-08-24T21:53:46.121793285Z,selection,2026-08-24T21:42:35.505906892Z,01M0TVK9MB4B5WVD36Z2PPVP4S,2026-08-24T21:42:35.505906892Z,1787608426134,2026-08-24T21:53:46.135778841Z,true,2026-08-24T21:53:46.079893249Z,true,2026-08-24T21:53:46.152641231Z,01M0TVKAQD2QNFXQ92YWC58E23,2026-08-24T21:42:35.505906892Z
01M0TVKB13TKDS03NVN3AH8D95,01M0TTMTH8JPTHXWGXYEY1VFR8,2026-08-24T21:42:35.811303675Z,3,2026-08-24T21:42:35.811303675Z,true,2026-08-24T21:56:34.133929315Z,01M0TTMWMG725DJ5GA5M4WD8SY,2026-08-24T21:42:35.811303675Z,1,2026-08-24T21:42:35.811303675Z,true,2026-08-24T21:56:31.092951622Z,feedback,2026-08-24T21:42:35.811303675Z,01M0TVK9PRTXH8T1DVMHTFBGJ6,2026-08-24T21:42:35.811303675Z,1787608591112,2026-08-24T21:56:31.113826716Z,true,2026-08-24T21:56:31.042314206Z,true,2026-08-24T21:56:31.136181301Z,01M0TVKB0VWV6V8FV0EPS5RB5R,2026-08-24T21:42:35.811303675Z
01M0TTA5ME5400C46EDSQ4TH3Q,01M0TSZV7X3D77NKMM5CDCW4Z6,2026-08-24T21:20:06.798266837Z,60,2026-08-24T21:20:06.798266837Z,true,2026-08-24T21:30:07.175681636Z,01M0TSZV8KEDQHAT4X3FNKVS2B,2026-08-24T21:20:06.798266837Z,0,2026-08-24T21:20:06.798266837Z,true,2026-08-24T21:29:21.589090732Z,selection,2026-08-24T21:20:06.798266837Z,01M0TTA5EFAY4PJEQJ0EDNCNAR,2026-08-24T21:20:06.798266837Z,1787606961600,2026-08-24T21:29:21.602531955Z,true,2026-08-24T21:29:21.524477962Z,true,2026-08-24T21:29:21.615657175Z,01M0TTA5M30EJH234K261CN84Y,2026-08-24T21:20:06.798266837Z
01M0TTYR90Y5MXSEP4D78NY0JD,01M0TTMTH8JPTHXWGXYEY1VFR8,2026-08-24T21:31:21.248244017Z,60,2026-08-24T21:31:21.248244017Z,true,2026-08-24T22:00:13.503940166Z,01M0TTMWMDPGAHQRDA7BZJ8FEZ,2026-08-24T21:31:21.248244017Z,0,2026-08-24T21:31:21.248244017Z,true,2026-08-24T21:59:13.458625326Z,selection,2026-08-24T21:31:21.248244017Z,01M0TTYQ69J6F2C8DNTKMK8BBV,2026-08-24T21:31:21.248244017Z,1787608753474,2026-08-24T21:59:13.475575364Z,true,2026-08-24T21:59:13.395880229Z,true,2026-08-24T21:59:13.500160254Z,01M0TTYR8M9J9DYHGH78GSRFK3,2026-08-24T21:31:21.248244017Z
01M0TT9KSJCHHRD1Q9AHGSCJN1,01M0TSZGJXR0N6DNTNARWRMFQ4,2026-08-24T21:19:48.53054781Z,60,2026-08-24T21:19:48.53054781Z,false,2026-08-24T21:19:48.53054781Z,01M0TSZGKE32G3R2H2EPQFBQNN,2026-08-24T21:19:48.53054781Z,0,2026-08-24T21:19:48.53054781Z,,,selection,2026-08-24T21:19:48.53054781Z,01M0TT9KHM4EEPZS4T0X9RNFZB,2026-08-24T21:19:48.53054781Z,,,false,2026-08-24T21:19:48.53054781Z,,,01M0TT9KSBWX2EXZKWK0RNAQGJ,2026-08-24T21:19:48.53054781Z
01M0TTKED04EG1SKXXDPBPAKKK,01M0TSZGJXR0N6DNTNARWRMFQ4,2026-08-24T21:25:10.688945453Z,3,2026-08-24T21:25:10.688945453Z,false,2026-08-24T21:25:10.688945453Z,01M0TSZGKM72FFW193EYG47F25,2026-08-24T21:25:10.688945453Z,1,2026-08-24T21:25:10.688945453Z,,,feedback,2026-08-24T21:25:10.688945453Z,01M0TTKDFPQV5233H2118NRXT2,2026-08-24T21:25:10.688945453Z,,,false,2026-08-24T21:25:10.688945453Z,,,01M0TTKECJYYBCBEME9EVAAQ1V,2026-08-24T21:25:10.688945453Z
01M0TTNRPPKG8D8JE39S2JFDGD,01M0TSZGJXR0N6DNTNARWRMFQ4,2026-08-24T21:26:26.774336623Z,60,2026-08-24T21:26:26.774336623Z,true,2026-08-24T22:26:03.960365008Z,01M0TSZGKJQW5S4GCP9150DNN9,2026-08-24T21:26:26.774336623Z,0,2026-08-24T21:26:26.774336623Z,true,2026-08-24T22:25:03.917643389Z,selection,2026-08-24T21:26:26.774336623Z,01M0TTNRBDTNTD0C633CC9M08A,2026-08-24T21:26:26.774336623Z,1787610303939,2026-08-24T22:25:03.940824365Z,true,2026-08-24T22:25:03.748801629Z,true,2026-08-24T22:25:03.958035495Z,01M0TTNRPFJ7PG48S3K2QEXGKJ,2026-08-24T21:26:26.774336623Z
01M0TTTRKWVP9A9VGDEGZ9M5VG,01M0TSZV7X3D77NKMM5CDCW4Z6,2026-08-24T21:29:10.524603Z,3,2026-08-24T21:29:10.524603Z,true,2026-08-24T22:13:47.224690737Z,01M0TSZV8KEDQHAT4X33M1GG1C,2026-08-24T21:29:10.524603Z,1,2026-08-24T21:29:10.524603Z,true,2026-08-24T22:13:44.171311632Z,feedback,2026-08-24T21:29:10.524603Z,01M0TTTPJ2YS8STJCVP4DMGMTK,2026-08-24T21:29:10.524603Z,1787609624189,2026-08-24T22:13:44.190581266Z,true,2026-08-24T22:13:44.118219696Z,true,2026-08-24T22:13:44.212065125Z,01M0TTTRKETYJ9MBRKKKT882E0,2026-08-24T21:29:10.524603Z
01M0TT9KYKMP0WV40TKTK3A586,01M0TSZGJXR0N6DNTNARWRMFQ4,2026-08-24T21:19:48.691534405Z,3,2026-08-24T21:19:48.691534405Z,false,2026-08-24T21:19:48.691534405Z,01M0TSZGKE32G3R2H2EPQFBQNN,2026-08-24T21:19:48.691534405Z,1,2026-08-24T21:19:48.691534405Z,,,feedback,2026-08-24T21:19:48.691534405Z,01M0TT9KHQMY5S3WJFWXA4C9F9,2026-08-24T21:19:48.691534405Z,,,false,2026-08-24T21:19:48.691534405Z,,,01M0TT9KYEVCCJZM915MHA8CF3,2026-08-24T21:19:48.691534405Z
01M0TTK1JKPMEMGYQE7RCFJ366,01M0TSZEX52H0PZDJFB4JNEAFW,2026-08-24T21:24:57.555643855Z,60,2026-08-24T21:24:57.555643855Z,true,2026-08-24T21:56:07.634331293Z,01M0TSZEY54T11A9AMGVA6T4ZB,2026-08-24T21:24:57.555643855Z,0,2026-08-24T21:24:57.555643855Z,true,2026-08-24T21:55:11.559709075Z,selection,2026-08-24T21:24:57.555643855Z,01M0TTK11BVQCDYFBSDZNSKRPS,2026-08-24T21:24:57.555643855Z,1787608511576,2026-08-24T21:55:11.578406902Z,true,2026-08-24T21:55:11.512050526Z,true,2026-08-24T21:55:11.59021921Z,01M0TTK1JFVT0T3ZMXKV2JVDRB,2026-08-24T21:24:57.555643855Z
01M0TTK1VECTX2ECDDZMMFMW5T,01M0TSZEX52H0PZDJFB4JNEAFW,2026-08-24T21:24:57.838099265Z,3,2026-08-24T21:24:57.838099265Z,true,2026-08-24T22:06:37.902091074Z,01M0TSZEY54T11A9AMGVA6T4ZB,2026-08-24T21:24:57.838099265Z,1,2026-08-24T21:24:57.838099265Z,true,2026-08-24T22:06:34.858433882Z,feedback,2026-08-24T21:24:57.838099265Z,01M0TTK13C985P8CWDVEJEG750,2026-08-24T21:24:57.838099265Z,1787609194874,2026-08-24T22:06:34.882785661Z,true,2026-08-24T22:06:34.815526393Z,true,2026-08-24T22:06:34.900888819Z,01M0TTK1V9KBTSE0N60PGS24PA,2026-08-24T21:24:57.838099265Z
01M0TTTR25VDEV4QSD128T8YQK,01M0TSZV7X3D77NKMM5CDCW4Z6,2026-08-24T21:29:09.957216418Z,60,2026-08-24T21:29:09.957216418Z,true,2026-08-24T22:05:17.02769187Z,01M0TSZV8KEDQHAT4X33M1GG1C,2026-08-24T21:29:09.957216418Z,0,2026-08-24T21:29:09.957216418Z,true,2026-08-24T22:04:22.34429344Z,selection,2026-08-24T21:29:09.957216418Z,01M0TTTPNFDS8REY4F4VRQAYGS,2026-08-24T21:29:09.957216418Z,1787609062359,2026-08-24T22:04:22.360787005Z,true,2026-08-24T22:04:22.30047858Z,true,2026-08-24T22:04:22.37855545Z,01M0TTTR1SVDK87ZBEA46N5PXT,2026-08-24T21:29:09.957216418Z
01M0TT9KZ3TYD7CNZ1Y1K3KFST,01M0TSZGJXR0N6DNTNARWRMFQ4,2026-08-24T21:19:48.707682199Z,3,2026-08-24T21:19:48.707682199Z,false,2026-08-24T21:19:48.707682199Z,01M0TSZGKE32G3R2H2EPQFBQNN,2026-08-24T21:19:48.707682199Z,1,2026-08-24T21:19:48.707682199Z,,,feedback,2026-08-24T21:19:48.707682199Z,01M0TT9KHNCXNYD2E4YA7HYMQP,2026-08-24T21:19:48.707682199Z,,,false,2026-08-24T21:19:48.707682199Z,,,01M0TT9KZ0W96VMGVR4QRYJ2ZS,2026-08-24T21:19:48.707682199Z
01M0TTK1MGJTH4K63CP46S12EZ,01M0TSZEX52H0PZDJFB4JNEAFW,2026-08-24T21:24:57.61671452Z,60,2026-08-24T21:24:57.61671452Z,true,2026-08-24T21:59:07.002887658Z,01M0TSZEY54T11A9AMGVA6T4ZB,2026-08-24T21:24:57.61671452Z,0,2026-08-24T21:24:57.61671452Z,true,2026-08-24T21:58:12.53843592Z,selection,2026-08-24T21:24:57.61671452Z,01M0TTK14D39HVCNYPVKNER1YX,2026-08-24T21:24:57.61671452Z,1787608692551,2026-08-24T21:58:12.553042451Z,true,2026-08-24T21:58:12.47577827Z,true,2026-08-24T21:58:12.573157817Z,01M0TTK1MC1W7GHTXZF161E2R1,2026-08-24T21:24:57.61671452Z
01M0TTKN73C0VNQQS6D9H68TGJ,01M0TSZEX52H0PZDJFB4JNEAFW,2026-08-24T21:25:17.667682265Z,3,2026-08-24T21:25:17.667682265Z,true,2026-08-24T21:36:26.193082455Z,01M0TSZEY173D8F3KEP071GR06,2026-08-24T21:25:17.667682265Z,1,2026-08-24T21:25:17.667682265Z,true,2026-08-24T21:36:23.127217105Z,feedback,2026-08-24T21:25:17.667682265Z,01M0TTKMV3NZDGCVSD4HY2E0ZQ,2026-08-24T21:25:17.667682265Z,1787607383133,2026-08-24T21:36:23.135138004Z,true,2026-08-24T21:36:23.098380175Z,true,2026-08-24T21:36:23.14875108Z,01M0TTKN6YZ6S53R87BS2VSBHB,2026-08-24T21:25:17.667682265Z
01M0TTKNN950Y5WVV5HEP5FW6Q,01M0TSZEX52H0PZDJFB4JNEAFW,2026-08-24T21:25:18.121095328Z,60,2026-08-24T21:25:18.121095328Z,true,2026-08-24T21:46:17.51192013Z,01M0TSZEY173D8F3KEP071GR06,2026-08-24T21:25:18.121095328Z,0,2026-08-24T21:25:18.121095328Z,true,2026-08-24T21:46:00.830526713Z,selection,2026-08-24T21:25:18.121095328Z,01M0TTKMYB98E28XP8CE3KDFER,2026-08-24T21:25:18.121095328Z,1787607960842,2026-08-24T21:46:00.843477464Z,true,2026-08-24T21:46:00.784490312Z,true,2026-08-24T21:46:00.859561938Z,01M0TTKNN2QJEK36QRHK3D07TV,2026-08-24T21:25:18.121095328Z
01M0TTKNQ9VV2NBJV76RTAPNF5,01M0TSZEX52H0PZDJFB4JNEAFW,2026-08-24T21:25:18.185770324Z,60,2026-08-24T21:25:18.185770324Z,true,2026-08-24T21:47:32.91190349Z,01M0TSZEY173D8F3KEP071GR06,2026-08-24T21:25:18.185770324Z,0,2026-08-24T21:25:18.185770324Z,true,2026-08-24T21:47:01.487920969Z,selection,2026-08-24T21:25:18.185770324Z,01M0TTKN0Q50W9H411RD7NS4AZ,2026-08-24T21:25:18.185770324Z,1787608021499,2026-08-24T21:47:01.500538748Z,true,2026-08-24T21:47:01.448885448Z,true,2026-08-24T21:47:01.516737632Z,01M0TTKNQ5CCKHC82H4VR5JKHF,2026-08-24T21:25:18.185770324Z
01M0TTKNVA1E1HVAYF4BA5NX4Q,01M0TSZEX52H0PZDJFB4JNEAFW,2026-08-24T21:25:18.314684133Z,60,2026-08-24T21:25:18.314684133Z,true,2026-08-24T21:50:38.855521218Z,01M0TSZEY173D8F3KEP071GR06,2026-08-24T21:25:18.314684133Z,0,2026-08-24T21:25:18.314684133Z,true,2026-08-24T21:50:23.499994758Z,selection,2026-08-24T21:25:18.314684133Z,01M0TTKN2H6RT12G2PVW78R4FR,2026-08-24T21:25:18.314684133Z,1787608223509,2026-08-24T21:50:23.510940976Z,true,2026-08-24T21:50:23.454948453Z,true,2026-08-24T21:50:23.526609302Z,01M0TTKNV5APTMCK55CQFX4X1W,2026-08-24T21:25:18.314684133Z
01M0TV7KH6PB77FS6EFDHGCXQ1,01M0TTMTH8JPTHXWGXYEY1VFR8,2026-08-24T21:36:11.302310329Z,3,2026-08-24T21:36:11.302310329Z,true,2026-08-24T21:53:03.53714683Z,01M0TTMWM9GSP2NP0T4CET96EB,2026-08-24T21:36:11.302310329Z,1,2026-08-24T21:36:11.302310329Z,true,2026-08-24T21:53:00.473592043Z,feedback,2026-08-24T21:36:11.302310329Z,01M0TV7JN788T2FC87PHF2HDEM,2026-08-24T21:36:11.302310329Z,1787608380486,2026-08-24T21:53:00.488362957Z,true,2026-08-24T21:53:00.425707068Z,true,2026-08-24T21:53:00.507110702Z,01M0TV7KGXC8JYAGXG1RZNMD1C,2026-08-24T21:36:11.302310329Z
01M0TVKAG1WDEVZER9SG6Z8EWP,01M0TTMTH8JPTHXWGXYEY1VFR8,2026-08-24T21:42:35.265800457Z,60,2026-08-24T21:42:35.265800457Z,true,2026-08-24T21:51:26.760947784Z,01M0TTMWMG725DJ5GA5M4WD8SY,2026-08-24T21:42:35.265800457Z,0,2026-08-24T21:42:35.265800457Z,true,2026-08-24T21:51:10.397999862Z,selection,2026-08-24T21:42:35.265800457Z,01M0TVK9HYQH8A3FRM7PD9RKAQ,2026-08-24T21:42:35.265800457Z,1787608270409,2026-08-24T21:51:10.411151363Z,true,2026-08-24T21:51:10.362505361Z,true,2026-08-24T21:51:10.427092056Z,01M0TVKAFW0FJ7749KQA2PAC4N,2026-08-24T21:42:35.265800457Z
01M0TTA62D9XKFJM7EGFYZ8BBC,01M0TSZV7X3D77NKMM5CDCW4Z6,2026-08-24T21:20:07.24598726Z,60,2026-08-24T21:20:07.24598726Z,true,2026-08-24T21:42:42.762471433Z,01M0TSZV8KEDQHAT4X3FNKVS2B,2026-08-24T21:20:07.24598726Z,0,2026-08-24T21:20:07.24598726Z,true,2026-08-24T21:42:23.061342269Z,selection,2026-08-24T21:20:07.24598726Z,01M0TTA592MXWP6YXSMDNF9JHB,2026-08-24T21:20:07.24598726Z,1787607743070,2026-08-24T21:42:23.071517285Z,true,2026-08-24T21:42:23.027913924Z,true,2026-08-24T21:42:23.084729149Z,01M0TTA628KKF6E111AWHWMB3N,2026-08-24T21:20:07.24598726Z
01M0TTKDSHFT0Z15STQ73WNW17,01M0TSZGJXR0N6DNTNARWRMFQ4,2026-08-24T21:25:10.065918496Z,60,2026-08-24T21:25:10.065918496Z,false,2026-08-24T21:25:10.065918496Z,01M0TSZGKM72FFW193EYG47F25,2026-08-24T21:25:10.065918496Z,0,2026-08-24T21:25:10.065918496Z,,,selection,2026-08-24T21:25:10.065918496Z,01M0TTKDACZQ1DCZWZXJ69MET8,2026-08-24T21:25:10.065918496Z,,,false,2026-08-24T21:25:10.065918496Z,,,01M0TTKDSE5278ESKKMX54NN7K,2026-08-24T21:25:10.065918496Z
01M0TT9MEPGS3EE9CPNR7H9S6P,01M0TSZGJXR0N6DNTNARWRMFQ4,2026-08-24T21:19:49.206554984Z,3,2026-08-24T21:19:49.206554984Z,false,2026-08-24T21:19:49.206554984Z,01M0TSZGKE32G3R2H2EPQFBQNN,2026-08-24T21:19:49.206554984Z,1,2026-08-24T21:19:49.206554984Z,,,feedback,2026-08-24T21:19:49.206554984Z,01M0TT9KJZNAW68RQM0RM81X8P,2026-08-24T21:19:49.206554984Z,,,false,2026-08-24T21:19:49.206554984Z,,,01M0TT9MEKXNE7ZRWW6YE1FDR9,2026-08-24T21:19:49.206554984Z
01M0TTA5R4GBZY4HCPXRDRE5S1,01M0TSZV7X3D77NKMM5CDCW4Z6,2026-08-24T21:20:06.916535508Z,3,2026-08-24T21:20:06.916535508Z,true,2026-08-24T21:34:09.131116251Z,01M0TSZV8KEDQHAT4X3FNKVS2B,2026-08-24T21:20:06.916535508Z,1,2026-08-24T21:20:06.916535508Z,true,2026-08-24T21:34:06.103891502Z,feedback,2026-08-24T21:20:06.916535508Z,01M0TTA5D10PQY43N8EWEAJGBP,2026-08-24T21:20:06.916535508Z,1787607246112,2026-08-24T21:34:06.113489982Z,true,2026-08-24T21:34:06.072607182Z,true,2026-08-24T21:34:06.121710802Z,01M0TTA5R0BRQJF32H0NPQH4PW,2026-08-24T21:20:06.916535508Z
01M0TTA68MERR9HG9CKW2Z1SHY,01M0TSZV7X3D77NKMM5CDCW4Z6,2026-08-24T21:20:07.444254308Z,60,2026-08-24T21:20:07.444254308Z,true,2026-08-24T21:47:30.623414839Z,01M0TSZV8KEDQHAT4X3FNKVS2B,2026-08-24T21:20:07.444254308Z,0,2026-08-24T21:20:07.444254308Z,true,2026-08-24T21:47:11.305268274Z,selection,2026-08-24T21:20:07.444254308Z,01M0TTA57ZCTVJE3JTBFRNBPAC,2026-08-24T21:20:07.444254308Z,1787608031317,2026-08-24T21:47:11.319042639Z,true,2026-08-24T21:47:11.26916952Z,true,2026-08-24T21:47:11.333423898Z,01M0TTA68D8WYYE0AKAVGWG4P4,2026-08-24T21:20:07.444254308Z
01M0TTEYBA48SNYZ2B889HJHWV,01M0TSZEX52H0PZDJFB4JNEAFW,2026-08-24T21:22:43.178881649Z,3,2026-08-24T21:22:43.178881649Z,true,2026-08-24T21:29:21.155500631Z,01M0TSZEY44B7XSP574QH2WQPJ,2026-08-24T21:22:43.178881649Z,1,2026-08-24T21:22:43.178881649Z,true,2026-08-24T21:29:18.097771472Z,feedback,2026-08-24T21:22:43.178881649Z,01M0TTEY4K96A52Q2J50DKP2N7,2026-08-24T21:22:43.178881649Z,1787606958115,2026-08-24T21:29:18.126056164Z,true,2026-08-24T21:29:17.97129226Z,true,2026-08-24T21:29:18.145160959Z,01M0TTEYB5TVR9T9FYXE8Q64W5,2026-08-24T21:22:43.178881649Z
01M0TTEYD4GE3P668VCE3Q5HXQ,01M0TSZEX52H0PZDJFB4JNEAFW,2026-08-24T21:22:43.236456787Z,3,2026-08-24T21:22:43.236456787Z,true,2026-08-24T21:31:49.993181178Z,01M0TSZEY44B7XSP574QH2WQPJ,2026-08-24T21:22:43.236456787Z,1,2026-08-24T21:22:43.236456787Z,true,2026-08-24T21:31:46.945402718Z,feedback,2026-08-24T21:22:43.236456787Z,01M0TTEY3271BQ0M7JANRXQGCN,2026-08-24T21:22:43.236456787Z,1787607106963,2026-08-24T21:31:46.96586122Z,true,2026-08-24T21:31:46.890636252Z,true,2026-08-24T21:31:46.980522616Z,01M0TTEYCZCMAG0DYY5NP29ZXG,2026-08-24T21:22:43.236456787Z
01M0TTK22GDZ12ZSVZCWW6GDTT,01M0TSZEX52H0PZDJFB4JNEAFW,2026-08-24T21:24:58.064951165Z,60,2026-08-24T21:24:58.064951165Z,true,2026-08-24T22:13:01.396591499Z,01M0TSZEY54T11A9AMGVA6T4ZB,2026-08-24T21:24:58.064951165Z,0,2026-08-24T21:24:58.064951165Z,true,2026-08-24T22:12:26.136869085Z,selection,2026-08-24T21:24:58.064951165Z,01M0TTK1956TXJDDKP0BJPEB7P,2026-08-24T21:24:58.064951165Z,1787609546155,2026-08-24T22:12:26.156744399Z,true,2026-08-24T22:12:26.085793819Z,true,2026-08-24T22:12:26.172125774Z,01M0TTK22C5BKKSDVFBX5YJ81X,2026-08-24T21:24:58.064951165Z
01M0TT9KY2SGGAP86Q4YX9DYY8,01M0TSZGJXR0N6DNTNARWRMFQ4,2026-08-24T21:19:48.674378596Z,60,2026-08-24T21:19:48.674378596Z,false,2026-08-24T21:19:48.674378596Z,01M0TSZGKE32G3R2H2EPQFBQNN,2026-08-24T21:19:48.674378596Z,0,2026-08-24T21:19:48.674378596Z,,,selection,2026-08-24T21:19:48.674378596Z,01M0TT9KHV9ZBBDTZGZM1NB4FF,2026-08-24T21:19:48.674378596Z,,,false,2026-08-24T21:19:48.674378596Z,,,01M0TT9KXW4VWD7YRS94QD057S,2026-08-24T21:19:48.674378596Z
01M0TT9M5X0A26D7X0MPSNZDAW,01M0TSZGJXR0N6DNTNARWRMFQ4,2026-08-24T21:19:48.92589772Z,60,2026-08-24T21:19:48.92589772Z,false,2026-08-24T21:19:48.92589772Z,01M0TSZGKE32G3R2H2EPQFBQNN,2026-08-24T21:19:48.92589772Z,0,2026-08-24T21:19:48.92589772Z,,,selection,2026-08-24T21:19:48.92589772Z,01M0TT9KKECZTRQ60X0Z04ZJF7,2026-08-24T21:19:48.92589772Z,,,false,2026-08-24T21:19:48.92589772Z,,,01M0TT9M5RS37ZACNY2KX9TD8R,2026-08-24T21:19:48.92589772Z
01M0TTYS1X41EW2R57KW5X3R2C,01M0TTMTH8JPTHXWGXYEY1VFR8,2026-08-24T21:31:22.045582786Z,3,2026-08-24T21:31:22.045582786Z,false,2026-08-24T21:31:22.045582786Z,01M0TTMWMDPGAHQRDA7BZJ8FEZ,2026-08-24T21:31:22.045582786Z,1,2026-08-24T21:31:22.045582786Z,,,feedback,2026-08-24T21:31:22.045582786Z,01M0TTYQA5H8SKKASNVMBCT5F8,2026-08-24T21:31:22.045582786Z,,,false,2026-08-24T21:31:22.045582786Z,,,01M0TTYS1JVGNDVE26JFZ4VKC2,2026-08-24T21:31:22.045582786Z
01M0TV7KKG7WSWCEJCHG2RTJPN,01M0TTMTH8JPTHXWGXYEY1VFR8,2026-08-24T21:36:11.37675545Z,60,2026-08-24T21:36:11.37675545Z,true,2026-08-24T21:54:24.263929762Z,01M0TTMWM9GSP2NP0T4CET96EB,2026-08-24T21:36:11.37675545Z,0,2026-08-24T21:36:11.37675545Z,true,2026-08-24T21:53:31.863782897Z,selection,2026-08-24T21:36:11.37675545Z,01M0TV7K1J0GM5YP41QYZRHNY1,2026-08-24T21:36:11.37675545Z,1787608411877,2026-08-24T21:53:31.879365678Z,true,2026-08-24T21:53:31.829568339Z,true,2026-08-24T21:53:31.894497673Z,01M0TV7KKBTQ9G424G4N12PA01,2026-08-24T21:36:11.37675545Z
01M0TTMRQPD1YVN40RZXH85K61,01M0TSZV7X3D77NKMM5CDCW4Z6,2026-08-24T21:25:54.038371829Z,60,2026-08-24T21:25:54.038371829Z,true,2026-08-24T21:50:18.896400227Z,01M0TSZV8ERABP36QP2627EVMT,2026-08-24T21:25:54.038371829Z,0,2026-08-24T21:25:54.038371829Z,true,2026-08-24T21:49:54.25897829Z,selection,2026-08-24T21:25:54.038371829Z,01M0TTMQXKSDHAZTVXM75E4R5D,2026-08-24T21:25:54.038371829Z,1787608194270,2026-08-24T21:49:54.271622489Z,true,2026-08-24T21:49:54.224679407Z,true,2026-08-24T21:49:54.2929897Z,01M0TTMRQJECRRHYF1Q41TDN0V,2026-08-24T21:25:54.038371829Z
01M0TTYRK334WEKVPDH4CP8A81,01M0TTMTH8JPTHXWGXYEY1VFR8,2026-08-24T21:31:21.571469425Z,3,2026-08-24T21:31:21.571469425Z,false,2026-08-24T21:31:21.571469425Z,01M0TTMWMDPGAHQRDA7BZJ8FEZ,2026-08-24T21:31:21.571469425Z,1,2026-08-24T21:31:21.571469425Z,,,feedback,2026-08-24T21:31:21.571469425Z,01M0TTYQGYJETM0ZJXQZQFSNCW,2026-08-24T21:31:21.571469425Z,,,false,2026-08-24T21:31:21.571469425Z,,,01M0TTYRJSPEGC15QR755Z5GJD,2026-08-24T21:31:21.571469425Z
01M0TTTQDWWJDP854J4Y5X9JQV,01M0TSZV7X3D77NKMM5CDCW4Z6,2026-08-24T21:29:09.308562272Z,3,2026-08-24T21:29:09.308562272Z,true,2026-08-24T21:54:00.678905293Z,01M0TSZV8KEDQHAT4X33M1GG1C,2026-08-24T21:29:09.308562272Z,1,2026-08-24T21:29:09.308562272Z,true,2026-08-24T21:53:57.645714497Z,feedback,2026-08-24T21:29:09.308562272Z,01M0TTTPKC0TFQARWHZAQ9EPA2,2026-08-24T21:29:09.308562272Z,1787608437661,2026-08-24T21:53:57.662850439Z,true,2026-08-24T21:53:57.601089147Z,true,2026-08-24T21:53:57.675686318Z,01M0TTTQDK1AZ1ZSXM7EY32Z5T,2026-08-24T21:29:09.308562272Z
01M0TTYRNFCQKPRT8KPJDJ1KSC,01M0TTMTH8JPTHXWGXYEY1VFR8,2026-08-24T21:31:21.6471705Z,60,2026-08-24T21:31:21.6471705Z,false,2026-08-24T21:31:21.6471705Z,01M0TTMWMDPGAHQRDA7BZJ8FEZ,2026-08-24T21:31:21.6471705Z,0,2026-08-24T21:31:21.6471705Z,,,selection,2026-08-24T21:31:21.6471705Z,01M0TTYQFC018EC7FF9E83F9Q8,2026-08-24T21:31:21.6471705Z,,,false,2026-08-24T21:31:21.6471705Z,,,01M0TTYRN7M5JN2RW1JAHNEF6W,2026-08-24T21:31:21.6471705Z
01M0TV7KWA0PSR8H0VHCTECFQX,01M0TTMTH8JPTHXWGXYEY1VFR8,2026-08-24T21:36:11.658824205Z,60,2026-08-24T21:36:11.658824205Z,true,2026-08-24T21:58:31.482551611Z,01M0TTMWM9GSP2NP0T4CET96EB,2026-08-24T21:36:11.658824205Z,0,2026-08-24T21:36:11.658824205Z,true,2026-08-24T21:58:06.42794993Z,selection,2026-08-24T21:36:11.658824205Z,01M0TV7K0A8RQ87T4VQTXGTEJD,2026-08-24T21:36:11.658824205Z,1787608686442,2026-08-24T21:58:06.444238521Z,true,2026-08-24T21:58:06.383980905Z,true,2026-08-24T21:58:06.458832048Z,01M0TV7KW4R6R60WW5X1THWYR1,2026-08-24T21:36:11.658824205Z
01M0TTKDQ5NVD4JG71EYGS5Y5Y,01M0TSZGJXR0N6DNTNARWRMFQ4,2026-08-24T21:25:09.989203199Z,60,2026-08-24T21:25:09.989203199Z,false,2026-08-24T21:25:09.989203199Z,01M0TSZGKM72FFW193EYG47F25,2026-08-24T21:25:09.989203199Z,0,2026-08-24T21:25:09.989203199Z,,,selection,2026-08-24T21:25:09.989203199Z,01M0TTKD9M2VH6H4X4M25ET4C8,2026-08-24T21:25:09.989203199Z,,,false,2026-08-24T21:25:09.989203199Z,,,01M0TTKDQ0R2JEQQNQR0DVXQ75,2026-08-24T21:25:09.989203199Z
01M0TTMRE8TSX5GRBXPA9QXGS2,01M0TSZV7X3D77NKMM5CDCW4Z6,2026-08-24T21:25:53.73658867Z,3,2026-08-24T21:25:53.73658867Z,true,2026-08-24T21:44:45.149572699Z,01M0TSZV8ERABP36QP2627EVMT,2026-08-24T21:25:53.73658867Z,1,2026-08-24T21:25:53.73658867Z,true,2026-08-24T21:44:42.096456175Z,feedback,2026-08-24T21:25:53.73658867Z,01M0TTMQTQ72NV1XE9FEJ7MA3Z,2026-08-24T21:25:53.73658867Z,1787607882103,2026-08-24T21:44:42.105283703Z,true,2026-08-24T21:44:42.056873594Z,true,2026-08-24T21:44:42.130903934Z,01M0TTMRE328HYXQ4CSVDT5AG5,2026-08-24T21:25:53.73658867Z
01M0TTKDRMB8PE0W31SZ83XYC2,01M0TSZGJXR0N6DNTNARWRMFQ4,2026-08-24T21:25:10.036146046Z,3,2026-08-24T21:25:10.036146046Z,false,2026-08-24T21:25:10.036146046Z,01M0TSZGKM72FFW193EYG47F25,2026-08-24T21:25:10.036146046Z,1,2026-08-24T21:25:10.036146046Z,,,feedback,2026-08-24T21:25:10.036146046Z,01M0TTKD9Y0CBZZFRJC8RXHKYG,2026-08-24T21:25:10.036146046Z,,,false,2026-08-24T21:25:10.036146046Z,,,01M0TTKDRFEGB220C98JHW5Z57,2026-08-24T21:25:10.036146046Z
01M0TTEYGN1XEJJABD3BBA0HM7,01M0TSZEX52H0PZDJFB4JNEAFW,2026-08-24T21:22:43.349611334Z,60,2026-08-24T21:22:43.349611334Z,true,2026-08-24T21:36:55.429965449Z,01M0TSZEY44B7XSP574QH2WQPJ,2026-08-24T21:22:43.349611334Z,0,2026-08-24T21:22:43.349611334Z,true,2026-08-24T21:36:21.860303939Z,selection,2026-08-24T21:22:43.349611334Z,01M0TTEY3C1FA6J1X6YFGMS52G,2026-08-24T21:22:43.349611334Z,1787607381871,2026-08-24T21:36:21.873037604Z,true,2026-08-24T21:36:21.821731323Z,true,2026-08-24T21:36:21.881484646Z,01M0TTEYGGY86F0FPADAJ9E9VS,2026-08-24T21:22:43.349611334Z
01M0TTK1APS20GCQRNA2V52GCP,01M0TSZEX52H0PZDJFB4JNEAFW,2026-08-24T21:24:57.30260796Z,60,2026-08-24T21:24:57.30260796Z,true,2026-08-24T21:43:12.088674294Z,01M0TSZEY54T11A9AMGVA6T4ZB,2026-08-24T21:24:57.30260796Z,0,2026-08-24T21:24:57.30260796Z,true,2026-08-24T21:42:20.485339711Z,selection,2026-08-24T21:24:57.30260796Z,01M0TTK10DESAY0F2DG5BPD9GH,2026-08-24T21:24:57.30260796Z,1787607740504,2026-08-24T21:42:20.506080116Z,true,2026-08-24T21:42:20.373187726Z,true,2026-08-24T21:42:20.527974466Z,01M0TTK1AJJRRK59ZHMVQVH0AS,2026-08-24T21:24:57.30260796Z
01M0TTK1EP0X75FESXRXTTHNTN,01M0TSZEX52H0PZDJFB4JNEAFW,2026-08-24T21:24:57.43223159Z,3,2026-08-24T21:24:57.43223159Z,true,2026-08-24T21:50:06.423476296Z,01M0TSZEY54T11A9AMGVA6T4ZB,2026-08-24T21:24:57.43223159Z,1,2026-08-24T21:24:57.43223159Z,true,2026-08-24T21:50:03.38870652Z,feedback,2026-08-24T21:24:57.43223159Z,01M0TTK10ZCMSPREAG8TVE7V4Q,2026-08-24T21:24:57.43223159Z,1787608203401,2026-08-24T21:50:03.403297887Z,true,2026-08-24T21:50:03.349568497Z,true,2026-08-24T21:50:03.41882405Z,01M0TTK1EKMA6WV9Z5V05FCB5Z,2026-08-24T21:24:57.43223159Z
01M0TTK1KJHASHG5PWJ5XDQ8C3,01M0TSZEX52H0PZDJFB4JNEAFW,2026-08-24T21:24:57.586221847Z,60,2026-08-24T21:24:57.586221847Z,true,2026-08-24T21:57:44.170001969Z,01M0TSZEY54T11A9AMGVA6T4ZB,2026-08-24T21:24:57.586221847Z,0,2026-08-24T21:24:57.586221847Z,true,2026-08-24T21:56:47.063842876Z,selection,2026-08-24T21:24:57.586221847Z,01M0TTK11Y5EHZFNSN7BDAGN6W,2026-08-24T21:24:57.586221847Z,1787608607078,2026-08-24T21:56:47.079443032Z,true,2026-08-24T21:56:47.007839631Z,true,2026-08-24T21:56:47.100916636Z,01M0TTK1KDAQ52C576A4T8S91P,2026-08-24T21:24:57.586221847Z
01M0TTMRB7FJZPK9H89RCZPDR2,01M0TSZV7X3D77NKMM5CDCW4Z6,2026-08-24T21:25:53.639195848Z,60,2026-08-24T21:25:53.639195848Z,true,2026-08-24T21:41:49.385715913Z,01M0TSZV8ERABP36QP2627EVMT,2026-08-24T21:25:53.639195848Z,0,2026-08-24T21:25:53.639195848Z,true,2026-08-24T21:41:28.664475456Z,selection,2026-08-24T21:25:53.639195848Z,01M0TTMQT8G6D857ENBCX0XKB1,2026-08-24T21:25:53.639195848Z,1787607688672,2026-08-24T21:41:28.674001295Z,true,2026-08-24T21:41:28.628419977Z,true,2026-08-24T21:41:28.691484929Z,01M0TTMRB3CFM52DRFYESA3M15,2026-08-24T21:25:53.639195848Z
01M0TTMRCEWSZYQPGRCP4S9CSP,01M0TSZV7X3D77NKMM5CDCW4Z6,2026-08-24T21:25:53.67811505Z,3,2026-08-24T21:25:53.67811505Z,true,2026-08-24T21:43:10.060080739Z,01M0TSZV8ERABP36QP2627EVMT,2026-08-24T21:25:53.67811505Z,1,2026-08-24T21:25:53.67811505Z,true,2026-08-24T21:43:07.03576601Z,feedback,2026-08-24T21:25:53.67811505Z,01M0TTMQTF3ZWA74MSF56AEFJA,2026-08-24T21:25:53.67811505Z,1787607787045,2026-08-24T21:43:07.04721397Z,true,2026-08-24T21:43:07.00011735Z,true,2026-08-24T21:43:07.0668911Z,01M0TTMRC7V8RYE5FVKDR2GBDY,2026-08-24T21:25:53.67811505Z
01M0TV7KANVAB7C95Z6ZE304PJ,01M0TTMTH8JPTHXWGXYEY1VFR8,2026-08-24T21:36:11.093643677Z,3,2026-08-24T21:36:11.093643677Z,true,2026-08-24T21:49:23.561196189Z,01M0TTMWM9GSP2NP0T4CET96EB,2026-08-24T21:36:11.093643677Z,1,2026-08-24T21:36:11.093643677Z,true,2026-08-24T21:49:20.520127986Z,feedback,2026-08-24T21:36:11.093643677Z,01M0TV7JPSDGH57Z5EVVBZNGD5,2026-08-24T21:36:11.093643677Z,1787608160529,2026-08-24T21:49:20.531052283Z,true,2026-08-24T21:49:20.481410383Z,true,2026-08-24T21:49:20.547216644Z,01M0TV7KAA9JVS2M43WY2V0F1S,2026-08-24T21:36:11.093643677Z
01M0TT9KV0BQQ55M8C8S5W5PCK,01M0TSZGJXR0N6DNTNARWRMFQ4,2026-08-24T21:19:48.576887921Z,3,2026-08-24T21:19:48.576887921Z,false,2026-08-24T21:19:48.576887921Z,01M0TSZGKE32G3R2H2EPQFBQNN,2026-08-24T21:19:48.576887921Z,1,2026-08-24T21:19:48.576887921Z,,,feedback,2026-08-24T21:19:48.576887921Z,01M0TT9KHHEK8XDKFXFKDESVGH,2026-08-24T21:19:48.576887921Z,,,false,2026-08-24T21:19:48.576887921Z,,,01M0TT9KTW21X07TQRB4B8KQHX,2026-08-24T21:19:48.576887921Z
01M0TTEYN8VMSMGWMT6ZZWQ58W,01M0TSZEX52H0PZDJFB4JNEAFW,2026-08-24T21:22:43.496886088Z,3,2026-08-24T21:22:43.496886088Z,true,2026-08-24T21:43:52.624749784Z,01M0TSZEY44B7XSP574QH2WQPJ,2026-08-24T21:22:43.496886088Z,1,2026-08-24T21:22:43.496886088Z,true,2026-08-24T21:43:49.58358705Z,feedback,2026-08-24T21:22:43.496886088Z,01M0TTEY4SGFP888K4GT3E2DPS,2026-08-24T21:22:43.496886088Z,1787607829595,2026-08-24T21:43:49.596684501Z,true,2026-08-24T21:43:49.544726703Z,true,2026-08-24T21:43:49.613495307Z,01M0TTEYN5GVVWCJ2G8N99QE01,2026-08-24T21:22:43.496886088Z
01M0TTKNRDY5NXD5S5VPYCT63H,01M0TSZEX52H0PZDJFB4JNEAFW,2026-08-24T21:25:18.222580654Z,3,2026-08-24T21:25:18.222580654Z,true,2026-08-24T21:48:21.968579131Z,01M0TSZEY173D8F3KEP071GR06,2026-08-24T21:25:18.222580654Z,1,2026-08-24T21:25:18.222580654Z,true,2026-08-24T21:48:18.937410668Z,feedback,2026-08-24T21:25:18.222580654Z,01M0TTKN17QG7F0FB7MBTZ41GD,2026-08-24T21:25:18.222580654Z,1787608098946,2026-08-24T21:48:18.948033437Z,true,2026-08-24T21:48:18.899451923Z,true,2026-08-24T21:48:18.96526222Z,01M0TTKNR7NS72NE45AGSPC03J,2026-08-24T21:25:18.222580654Z
01M0TTKNZ075XYQ7QF75YV44JH,01M0TSZEX52H0PZDJFB4JNEAFW,2026-08-24T21:25:18.432423523Z,3,2026-08-24T21:25:18.432423523Z,true,2026-08-24T21:53:23.476050195Z,01M0TSZEY173D8F3KEP071GR06,2026-08-24T21:25:18.432423523Z,1,2026-08-24T21:25:18.432423523Z,true,2026-08-24T21:53:20.445369414Z,feedback,2026-08-24T21:25:18.432423523Z,01M0TTKN3QG65GC1YCDH8SFN5K,2026-08-24T21:25:18.432423523Z,1787608400457,2026-08-24T21:53:20.458928627Z,true,2026-08-24T21:53:20.404330102Z,true,2026-08-24T21:53:20.487077078Z,01M0TTKNYVAXT5Z9GC3P5B9CM7,2026-08-24T21:25:18.432423523Z
01M0TTYQSQVFKF5V546ZHDVXQF,01M0TTMTH8JPTHXWGXYEY1VFR8,2026-08-24T21:31:20.759887443Z,3,2026-08-24T21:31:20.759887443Z,true,2026-08-24T21:48:45.660088592Z,01M0TTMWMDPGAHQRDA7BZJ8FEZ,2026-08-24T21:31:20.759887443Z,1,2026-08-24T21:31:20.759887443Z,true,2026-08-24T21:48:42.631035102Z,feedback,2026-08-24T21:31:20.759887443Z,01M0TTYQ2P14MT6MS7SFM5VT29,2026-08-24T21:31:20.759887443Z,1787608122643,2026-08-24T21:48:42.645201016Z,true,2026-08-24T21:48:42.592929876Z,true,2026-08-24T21:48:42.656742619Z,01M0TTYQSCGPFQJSHCNVXX1GBJ,2026-08-24T21:31:20.759887443Z
01M0TT9MC8JGFSR301SBYB8QEW,01M0TSZGJXR0N6DNTNARWRMFQ4,2026-08-24T21:19:49.128615845Z,60,2026-08-24T21:19:49.128615845Z,false,2026-08-24T21:19:49.128615845Z,01M0TSZGKE32G3R2H2EPQFBQNN,2026-08-24T21:19:49.128615845Z,0,2026-08-24T21:19:49.128615845Z,,,selection,2026-08-24T21:19:49.128615845Z,01M0TT9KK99X4VBVW87YT5TRAE,2026-08-24T21:19:49.128615845Z,,,false,2026-08-24T21:19:49.128615845Z,,,01M0TT9MC2J225C3YB9QXK6J83,2026-08-24T21:19:49.128615845Z
01M0TTK1S9ASZXP7J5SSZA2ZT3,01M0TSZEX52H0PZDJFB4JNEAFW,2026-08-24T21:24:57.769315144Z,3,2026-08-24T21:24:57.769315144Z,true,2026-08-24T22:04:34.908649924Z,01M0TSZEY54T11A9AMGVA6T4ZB,2026-08-24T21:24:57.769315144Z,1,2026-08-24T21:24:57.769315144Z,true,2026-08-24T22:04:31.870041185Z,feedback,2026-08-24T21:24:57.769315144Z,01M0TTK18PZ0PYJEA38V2Y8EBF,2026-08-24T21:24:57.769315144Z,1787609071886,2026-08-24T22:04:31.887585797Z,true,2026-08-24T22:04:31.82415719Z,true,2026-08-24T22:04:31.908749383Z,01M0TTK1S5ACNX9PEN0SQJNZXR,2026-08-24T21:24:57.769315144Z
01M0TTKDWBT9JKMERSJ0J4ARBS,01M0TSZGJXR0N6DNTNARWRMFQ4,2026-08-24T21:25:10.155918408Z,60,2026-08-24T21:25:10.155918408Z,false,2026-08-24T21:25:10.155918408Z,01M0TSZGKM72FFW193EYG47F25,2026-08-24T21:25:10.155918408Z,0,2026-08-24T21:25:10.155918408Z,,,selection,2026-08-24T21:25:10.155918408Z,01M0TTKDAXE8SPJ3HA7321D92E,2026-08-24T21:25:10.155918408Z,,,false,2026-08-24T21:25:10.155918408Z,,,01M0TTKDW587GB269E5V442E4D,2026-08-24T21:25:10.155918408Z
01M0TTK1XPTZN31P9VEFZ2V8MJ,01M0TSZEX52H0PZDJFB4JNEAFW,2026-08-24T21:24:57.910136129Z,60,2026-08-24T21:24:57.910136129Z,true,2026-08-24T22:08:40.69717986Z,01M0TSZEY54T11A9AMGVA6T4ZB,2026-08-24T21:24:57.910136129Z,0,2026-08-24T21:24:57.910136129Z,true,2026-08-24T22:08:16.906962688Z,selection,2026-08-24T21:24:57.910136129Z,01M0TTK1993QHGATXJ96WFHF0H,2026-08-24T21:24:57.910136129Z,1787609296919,2026-08-24T22:08:16.921121876Z,true,2026-08-24T22:08:16.862652286Z,true,2026-08-24T22:08:16.945503561Z,01M0TTK1XHZM3NMRE77X6KK011,2026-08-24T21:24:57.910136129Z
01M0TTKE9H76RMHWVQEW17QKM7,01M0TSZGJXR0N6DNTNARWRMFQ4,2026-08-24T21:25:10.577028879Z,3,2026-08-24T21:25:10.577028879Z,false,2026-08-24T21:25:10.577028879Z,01M0TSZGKM72FFW193EYG47F25,2026-08-24T21:25:10.577028879Z,1,2026-08-24T21:25:10.577028879Z,,,feedback,2026-08-24T21:25:10.577028879Z,01M0TTKDFF1ADFN4MK0SWMW35P,2026-08-24T21:25:10.577028879Z,,,false,2026-08-24T21:25:10.577028879Z,,,01M0TTKE9CWY2X9BVATNZNNZ1P,2026-08-24T21:25:10.577028879Z
01M0TTK1RSQ71T1K1XM9FD0W3P,01M0TSZEX52H0PZDJFB4JNEAFW,2026-08-24T21:24:57.753670135Z,3,2026-08-24T21:24:57.753670135Z,true,2026-08-24T22:03:43.755060797Z,01M0TSZEY54T11A9AMGVA6T4ZB,2026-08-24T21:24:57.753670135Z,1,2026-08-24T21:24:57.753670135Z,true,2026-08-24T22:03:40.694953265Z,feedback,2026-08-24T21:24:57.753670135Z,01M0TTK18DRK0TE1A05TXGSK3F,2026-08-24T21:24:57.753670135Z,1787609020716,2026-08-24T22:03:40.718489293Z,true,2026-08-24T22:03:40.636704357Z,true,2026-08-24T22:03:40.738833144Z,01M0TTK1RPQWXXWZRPQFJZT9XW,2026-08-24T21:24:57.753670135Z
01M0TTNSCQ414W0XC6TWZSH7CF,01M0TSZGJXR0N6DNTNARWRMFQ4,2026-08-24T21:26:27.479073221Z,3,2026-08-24T21:26:27.479073221Z,false,2026-08-24T21:26:27.479073221Z,01M0TSZGKJQW5S4GCP9150DNN9,2026-08-24T21:26:27.479073221Z,1,2026-08-24T21:26:27.479073221Z,,,feedback,2026-08-24T21:26:27.479073221Z,01M0TTNRM4V59KE6SDDS5J1HMW,2026-08-24T21:26:27.479073221Z,,,false,2026-08-24T21:26:27.479073221Z,,,01M0TTNSCGWDYNMYGC4K7JZBWS,2026-08-24T21:26:27.479073221Z
01M0TTTQ4E36VZ19HB3F3D88R9,01M0TSZV7X3D77NKMM5CDCW4Z6,2026-08-24T21:29:09.006348022Z,3,2026-08-24T21:29:09.006348022Z,true,2026-08-24T21:48:10.509026998Z,01M0TSZV8KEDQHAT4X33M1GG1C,2026-08-24T21:29:09.006348022Z,1,2026-08-24T21:29:09.006348022Z,true,2026-08-24T21:48:07.478852574Z,feedback,2026-08-24T21:29:09.006348022Z,01M0TTTPPN8HNEJE9PSW70CADJ,2026-08-24T21:29:09.006348022Z,1787608087487,2026-08-24T21:48:07.48921607Z,true,2026-08-24T21:48:07.437489157Z,true,2026-08-24T21:48:07.508688385Z,01M0TTTQ436GAM1D3619QPZK5J,2026-08-24T21:29:09.006348022Z
01M0TTTQEPQNHNHGZE1WGYS2NP,01M0TSZV7X3D77NKMM5CDCW4Z6,2026-08-24T21:29:09.335033417Z,60,2026-08-24T21:29:09.335033417Z,true,2026-08-24T21:54:37.374738913Z,01M0TSZV8KEDQHAT4X33M1GG1C,2026-08-24T21:29:09.335033417Z,0,2026-08-24T21:29:09.335033417Z,true,2026-08-24T21:54:00.893772769Z,selection,2026-08-24T21:29:09.335033417Z,01M0TTTPK1SCDNKPDH281T7RSD,2026-08-24T21:29:09.335033417Z,1787608440907,2026-08-24T21:54:00.908386706Z,true,2026-08-24T21:54:00.856650683Z,true,2026-08-24T21:54:00.926671263Z,01M0TTTQEFG8C905F28WK7GN3J,2026-08-24T21:29:09.335033417Z
01M0TT9KP53CNAA31BBSX6C6D2,01M0TSZGJXR0N6DNTNARWRMFQ4,2026-08-24T21:19:48.421328735Z,3,2026-08-24T21:19:48.421328735Z,false,2026-08-24T21:19:48.421328735Z,01M0TSZGKE32G3R2H2EPQFBQNN,2026-08-24T21:19:48.421328735Z,1,2026-08-24T21:19:48.421328735Z,,,feedback,2026-08-24T21:19:48.421328735Z,01M0TT9KEEZT6B3HYPY1GE2FP8,2026-08-24T21:19:48.421328735Z,,,false,2026-08-24T21:19:48.421328735Z,,,01M0TT9KP1ZEC8Z2ZC9EZEGSX4,2026-08-24T21:19:48.421328735Z
01M0TTA63Y0SG6VK22AWYKRXRJ,01M0TSZV7X3D77NKMM5CDCW4Z6,2026-08-24T21:20:07.2949253Z,60,2026-08-24T21:20:07.2949253Z,true,2026-08-24T21:44:18.595119278Z,01M0TSZV8KEDQHAT4X3FNKVS2B,2026-08-24T21:20:07.2949253Z,0,2026-08-24T21:20:07.2949253Z,true,2026-08-24T21:43:38.108522307Z,selection,2026-08-24T21:20:07.2949253Z,01M0TTA58SB2E7VDAXCKMSCJZF,2026-08-24T21:20:07.2949253Z,1787607818115,2026-08-24T21:43:38.117029956Z,true,2026-08-24T21:43:38.067822569Z,true,2026-08-24T21:43:38.13073267Z,01M0TTA63SWVRKF86DPJ3HX7TE,2026-08-24T21:20:07.2949253Z
01M0TTYREB7GQ33BEJG0N1GW79,01M0TTMTH8JPTHXWGXYEY1VFR8,2026-08-24T21:31:21.419728667Z,3,2026-08-24T21:31:21.419728667Z,true,2026-08-24T22:04:30.257369159Z,01M0TTMWMDPGAHQRDA7BZJ8FEZ,2026-08-24T21:31:21.419728667Z,1,2026-08-24T21:31:21.419728667Z,true,2026-08-24T22:04:27.218138982Z,feedback,2026-08-24T21:31:21.419728667Z,01M0TTYQJ8B2JG0VMYVATET5R3,2026-08-24T21:31:21.419728667Z,1787609067230,2026-08-24T22:04:27.232145216Z,true,2026-08-24T22:04:27.172887342Z,true,2026-08-24T22:04:27.254321462Z,01M0TTYRE2KFNK0Y3YFAJB52Q9,2026-08-24T21:31:21.419728667Z
01M0TTYRV8HJRZ6V6PX7XA0FRY,01M0TTMTH8JPTHXWGXYEY1VFR8,2026-08-24T21:31:21.832441472Z,3,2026-08-24T21:31:21.832441472Z,false,2026-08-24T21:31:21.832441472Z,01M0TTMWMDPGAHQRDA7BZJ8FEZ,2026-08-24T21:31:21.832441472Z,1,2026-08-24T21:31:21.832441472Z,,,feedback,2026-08-24T21:31:21.832441472Z,01M0TTYQCB4HHYEFM5E8B8V5VE,2026-08-24T21:31:21.832441472Z,,,false,2026-08-24T21:31:21.832441472Z,,,01M0TTYRTT55Y22TR3ATTD5JNY,2026-08-24T21:31:21.832441472Z
01M0TTKNPD6GMKC4D0JG48M3AE,01M0TSZEX52H0PZDJFB4JNEAFW,2026-08-24T21:25:18.157355748Z,60,2026-08-24T21:25:18.157355748Z,true,2026-08-24T21:46:58.233578684Z,01M0TSZEY173D8F3KEP071GR06,2026-08-24T21:25:18.157355748Z,0,2026-08-24T21:25:18.157355748Z,true,2026-08-24T21:46:43.247097768Z,selection,2026-08-24T21:25:18.157355748Z,01M0TTKMZYGJFNBD3YP4QBS86E,2026-08-24T21:25:18.157355748Z,1787608003256,2026-08-24T21:46:43.257829796Z,true,2026-08-24T21:46:43.201521162Z,true,2026-08-24T21:46:43.273849089Z,01M0TTKNP90FN4FH08TKXPFN9R,2026-08-24T21:25:18.157355748Z
01M0TTTQ5H0CXQWCSJQN3MJW18,01M0TSZV7X3D77NKMM5CDCW4Z6,2026-08-24T21:29:09.041615994Z,3,2026-08-24T21:29:09.041615994Z,true,2026-08-24T21:49:02.56675372Z,01M0TSZV8KEDQHAT4X33M1GG1C,2026-08-24T21:29:09.041615994Z,1,2026-08-24T21:29:09.041615994Z,true,2026-08-24T21:48:59.532780963Z,feedback,2026-08-24T21:29:09.041615994Z,01M0TTTPPEWEKCQHD5TGYBT480,2026-08-24T21:29:09.041615994Z,1787608139543,2026-08-24T21:48:59.544981584Z,true,2026-08-24T21:48:59.488948296Z,true,2026-08-24T21:48:59.558831447Z,01M0TTTQ552RHDK6T91MRJW28X,2026-08-24T21:29:09.041615994Z
01M0TTEYY3Z3EQKY9J63APNXXE,01M0TSZEX52H0PZDJFB4JNEAFW,2026-08-24T21:22:43.779349878Z,60,2026-08-24T21:22:43.779349878Z,true,2026-08-24T21:52:31.488653218Z,01M0TSZEY44B7XSP574QH2WQPJ,2026-08-24T21:22:43.779349878Z,0,2026-08-24T21:22:43.779349878Z,true,2026-08-24T21:52:21.485279154Z,selection,2026-08-24T21:22:43.779349878Z,01M0TTEY34HWQBR9JMXVTS92B0,2026-08-24T21:22:43.779349878Z,1787608341498,2026-08-24T21:52:21.499541238Z,true,2026-08-24T21:52:21.44927899Z,true,2026-08-24T21:52:21.522839259Z,01M0TTEYXZ8DHWYJRDD4XX4HH7,2026-08-24T21:22:43.779349878Z
01M0TVKAQRCG9KT0KEQM758Z60,01M0TTMTH8JPTHXWGXYEY1VFR8,2026-08-24T21:42:35.512591155Z,3,2026-08-24T21:42:35.512591155Z,true,2026-08-24T21:53:59.891579198Z,01M0TTMWMG725DJ5GA5M4WD8SY,2026-08-24T21:42:35.512591155Z,1,2026-08-24T21:42:35.512591155Z,true,2026-08-24T21:53:56.845798501Z,feedback,2026-08-24T21:42:35.512591155Z,01M0TVK9MB4B5WVD36Z2PPVP4S,2026-08-24T21:42:35.512591155Z,1787608436859,2026-08-24T21:53:56.860926749Z,true,2026-08-24T21:53:56.812785708Z,true,2026-08-24T21:53:56.879452297Z,01M0TVKAQFXZ61TNRR5956DVKZ,2026-08-24T21:42:35.512591155Z
01M0TTKN7NZSFYW6PRT8HMTBG5,01M0TSZEX52H0PZDJFB4JNEAFW,2026-08-24T21:25:17.685502819Z,60,2026-08-24T21:25:17.685502819Z,true,2026-08-24T21:36:38.612363986Z,01M0TSZEY173D8F3KEP071GR06,2026-08-24T21:25:17.685502819Z,0,2026-08-24T21:25:17.685502819Z,true,2026-08-24T21:36:26.474848397Z,selection,2026-08-24T21:25:17.685502819Z,01M0TTKMV5F2GPZT995M1JEDMB,2026-08-24T21:25:17.685502819Z,1787607386497,2026-08-24T21:36:26.498809611Z,true,2026-08-24T21:36:26.4236292Z,true,2026-08-24T21:36:26.511776096Z,01M0TTKN7F065JMA2EKWXCZ3CA,2026-08-24T21:25:17.685502819Z
01M0TTKNZJ23RF5XTX3N1JWQS4,01M0TSZEX52H0PZDJFB4JNEAFW,2026-08-24T21:25:18.450710109Z,60,2026-08-24T21:25:18.450710109Z,true,2026-08-24T21:53:45.693799082Z,01M0TSZEY173D8F3KEP071GR06,2026-08-24T21:25:18.450710109Z,0,2026-08-24T21:25:18.450710109Z,true,2026-08-24T21:53:23.692780027Z,selection,2026-08-24T21:25:18.450710109Z,01M0TTKN3TTM05YTK7HXQVQD3J,2026-08-24T21:25:18.450710109Z,1787608403703,2026-08-24T21:53:23.704707925Z,true,2026-08-24T21:53:23.621371955Z,true,2026-08-24T21:53:23.720784643Z,01M0TTKNZE2XQ2ZRR1N1S9PC0T,2026-08-24T21:25:18.450710109Z
01M0TTMRQ5P3EJQNVQGPH1AMSJ,01M0TSZV7X3D77NKMM5CDCW4Z6,2026-08-24T21:25:54.021393158Z,3,2026-08-24T21:25:54.021393158Z,true,2026-08-24T21:49:54.076111622Z,01M0TSZV8ERABP36QP2627EVMT,2026-08-24T21:25:54.021393158Z,1,2026-08-24T21:25:54.021393158Z,true,2026-08-24T21:49:51.050275809Z,feedback,2026-08-24T21:25:54.021393158Z,01M0TTMQX29JXGCTE2SX5JEDE9,2026-08-24T21:25:54.021393158Z,1787608191060,2026-08-24T21:49:51.061362344Z,true,2026-08-24T21:49:51.007913366Z,true,2026-08-24T21:49:51.081834625Z,01M0TTMRQ0TV6HZSJ6G4EAQJ0C,2026-08-24T21:25:54.021393158Z
01M0TTK1CGPWY4DHQFBJ3K9XG3,01M0TSZEX52H0PZDJFB4JNEAFW,2026-08-24T21:24:57.360052012Z,60,2026-08-24T21:24:57.360052012Z,true,2026-08-24T21:46:37.590083534Z,01M0TSZEY54T11A9AMGVA6T4ZB,2026-08-24T21:24:57.360052012Z,0,2026-08-24T21:24:57.360052012Z,true,2026-08-24T21:45:38.350410236Z,selection,2026-08-24T21:24:57.360052012Z,01M0TTK10N5BD0SS5DA63HF9K7,2026-08-24T21:24:57.360052012Z,1787607938360,2026-08-24T21:45:38.361975433Z,true,2026-08-24T21:45:38.311170282Z,true,2026-08-24T21:45:38.372666089Z,01M0TTK1CBS91HGYKJ303JDYMM,2026-08-24T21:24:57.360052012Z
01M0TTKDWDFXE719QFFHJSP09Z,01M0TSZGJXR0N6DNTNARWRMFQ4,2026-08-24T21:25:10.157732417Z,3,2026-08-24T21:25:10.157732417Z,false,2026-08-24T21:25:10.157732417Z,01M0TSZGKM72FFW193EYG47F25,2026-08-24T21:25:10.157732417Z,1,2026-08-24T21:25:10.157732417Z,,,feedback,2026-08-24T21:25:10.157732417Z,01M0TTKDAXE8SPJ3HA7321D92E,2026-08-24T21:25:10.157732417Z,,,false,2026-08-24T21:25:10.157732417Z,,,01M0TTKDW73WD1EW3FR8VKS2H9,2026-08-24T21:25:10.157732417Z
01M0TTKNTRN6VHNBJWQK6Y14B3,01M0TSZEX52H0PZDJFB4JNEAFW,2026-08-24T21:25:18.296053588Z,3,2026-08-24T21:25:18.296053588Z,true,2026-08-24T21:50:23.315109687Z,01M0TSZEY173D8F3KEP071GR06,2026-08-24T21:25:18.296053588Z,1,2026-08-24T21:25:18.296053588Z,true,2026-08-24T21:50:20.278081865Z,feedback,2026-08-24T21:25:18.296053588Z,01M0TTKN29EX3G7KK3QV3N9QA6,2026-08-24T21:25:18.296053588Z,1787608220291,2026-08-24T21:50:20.293326547Z,true,2026-08-24T21:50:20.237814023Z,true,2026-08-24T21:50:20.305538942Z,01M0TTKNTKYV7J7QRXAMCD30DV,2026-08-24T21:25:18.296053588Z
01M0TTMRBS0FE6D7Y81FVB11PA,01M0TSZV7X3D77NKMM5CDCW4Z6,2026-08-24T21:25:53.657226766Z,60,2026-08-24T21:25:53.657226766Z,true,2026-08-24T21:42:42.807032303Z,01M0TSZV8ERABP36QP2627EVMT,2026-08-24T21:25:53.657226766Z,0,2026-08-24T21:25:53.657226766Z,true,2026-08-24T21:41:52.668042107Z,selection,2026-08-24T21:25:53.657226766Z,01M0TTMQTDH8E5Y74FZE7TXST3,2026-08-24T21:25:53.657226766Z,1787607712679,2026-08-24T21:41:52.680622495Z,true,2026-08-24T21:41:52.636285973Z,true,2026-08-24T21:41:52.705919946Z,01M0TTMRBNF0JQ7KY15545KWM2,2026-08-24T21:25:53.657226766Z
01M0TTTQH5V0M5MRTATAYD3TJT,01M0TSZV7X3D77NKMM5CDCW4Z6,2026-08-24T21:29:09.413376716Z,3,2026-08-24T21:29:09.413376716Z,true,2026-08-24T21:55:54.538126876Z,01M0TSZV8KEDQHAT4X33M1GG1C,2026-08-24T21:29:09.413376716Z,1,2026-08-24T21:29:09.413376716Z,true,2026-08-24T21:55:51.482930389Z,feedback,2026-08-24T21:29:09.413376716Z,01M0TTTPGX76JCZ549AFR7WFR3,2026-08-24T21:29:09.413376716Z,1787608551495,2026-08-24T21:55:51.496768164Z,true,2026-08-24T21:55:51.430354565Z,true,2026-08-24T21:55:51.517788583Z,01M0TTTQGST28WKASJMEHQAN4P,2026-08-24T21:29:09.413376716Z
01M0TTTQNDM79NRJSZK1D920XC,01M0TSZV7X3D77NKMM5CDCW4Z6,2026-08-24T21:29:09.549157167Z,60,2026-08-24T21:29:09.549157167Z,true,2026-08-24T21:58:43.951998181Z,01M0TSZV8KEDQHAT4X33M1GG1C,2026-08-24T21:29:09.549157167Z,0,2026-08-24T21:29:09.549157167Z,true,2026-08-24T21:58:12.073067543Z,selection,2026-08-24T21:29:09.549157167Z,01M0TTTPSTXJGVQNV20B1QXN9G,2026-08-24T21:29:09.549157167Z,1787608692090,2026-08-24T21:58:12.091560139Z,true,2026-08-24T21:58:12.01599057Z,true,2026-08-24T21:58:12.108543783Z,01M0TTTQN5K4Z7T5YD1ET47B7C,2026-08-24T21:29:09.549157167Z
01M0TVKA8AJFEYEZGT13BPPX8A,01M0TTMTH8JPTHXWGXYEY1VFR8,2026-08-24T21:42:35.018352333Z,3,2026-08-24T21:42:35.018352333Z,true,2026-08-24T21:48:33.654745741Z,01M0TTMWMG725DJ5GA5M4WD8SY,2026-08-24T21:42:35.018352333Z,1,2026-08-24T21:42:35.018352333Z,true,2026-08-24T21:48:30.617487342Z,feedback,2026-08-24T21:42:35.018352333Z,01M0TVK9FH34M6BJ18Q0Y52MZ6,2026-08-24T21:42:35.018352333Z,1787608110629,2026-08-24T21:48:30.630525128Z,true,2026-08-24T21:48:30.577537402Z,true,2026-08-24T21:48:30.644145571Z,01M0TVKA818234X9F1W9ZAK49Q,2026-08-24T21:42:35.018352333Z
01M0TTEYM8TR2P7BJ98H6MHDED,01M0TSZEX52H0PZDJFB4JNEAFW,2026-08-24T21:22:43.464900343Z,60,2026-08-24T21:22:43.464900343Z,true,2026-08-24T21:42:03.156501337Z,01M0TSZEY44B7XSP574QH2WQPJ,2026-08-24T21:22:43.464900343Z,0,2026-08-24T21:22:43.464900343Z,true,2026-08-24T21:41:16.379957286Z,selection,2026-08-24T21:22:43.464900343Z,01M0TTEY33T07QMNNEV9SCCVVV,2026-08-24T21:22:43.464900343Z,1787607676397,2026-08-24T21:41:16.399302875Z,true,2026-08-24T21:41:16.251956209Z,true,2026-08-24T21:41:16.416395628Z,01M0TTEYM478Y3FWVPSFG5Z0EG,2026-08-24T21:22:43.464900343Z
01M0TTEYYGTQNGNAKXTRPDQR2G,01M0TSZEX52H0PZDJFB4JNEAFW,2026-08-24T21:22:43.792643734Z,3,2026-08-24T21:22:43.792643734Z,true,2026-08-24T21:53:01.146652713Z,01M0TSZEY44B7XSP574QH2WQPJ,2026-08-24T21:22:43.792643734Z,1,2026-08-24T21:22:43.792643734Z,true,2026-08-24T21:52:58.095826694Z,feedback,2026-08-24T21:22:43.792643734Z,01M0TTEY72PB1AHJV3H1NR7VE3,2026-08-24T21:22:43.792643734Z,1787608378109,2026-08-24T21:52:58.110760505Z,true,2026-08-24T21:52:58.052747698Z,true,2026-08-24T21:52:58.127263985Z,01M0TTEYYD7QFYPDR534WR4PNE,2026-08-24T21:22:43.792643734Z
01M0TTYSGN8S2SPGFVE43K8FA0,01M0TTMTH8JPTHXWGXYEY1VFR8,2026-08-24T21:31:22.518000269Z,3,2026-08-24T21:31:22.518000269Z,false,2026-08-24T21:31:22.518000269Z,01M0TTMWMDPGAHQRDA7BZJ8FEZ,2026-08-24T21:31:22.518000269Z,1,2026-08-24T21:31:22.518000269Z,,,feedback,2026-08-24T21:31:22.518000269Z,01M0TTYQ395FJA2C53BEC3KBSA,2026-08-24T21:31:22.518000269Z,,,false,2026-08-24T21:31:22.518000269Z,,,01M0TTYSG8YH5ZM3CHNY42056K,2026-08-24T21:31:22.518000269Z
01M0TTKDMTTJH19JZ9VYPQJJHM,01M0TSZGJXR0N6DNTNARWRMFQ4,2026-08-24T21:25:09.914038158Z,3,2026-08-24T21:25:09.914038158Z,false,2026-08-24T21:25:09.914038158Z,01M0TSZGKM72FFW193EYG47F25,2026-08-24T21:25:09.914038158Z,1,2026-08-24T21:25:09.914038158Z,,,feedback,2026-08-24T21:25:09.914038158Z,01M0TTKD9AXGFJ9VSFK210YRM9,2026-08-24T21:25:09.914038158Z,,,false,2026-08-24T21:25:09.914038158Z,,,01M0TTKDMNVDGJRHNT3PFH3GB9,2026-08-24T21:25:09.914038158Z
01M0TTTRHKXHNVAVQYBX8AVD25,01M0TSZV7X3D77NKMM5CDCW4Z6,2026-08-24T21:29:10.453778183Z,3,2026-08-24T21:29:10.453778183Z,true,2026-08-24T22:12:50.481425912Z,01M0TSZV8KEDQHAT4X33M1GG1C,2026-08-24T21:29:10.453778183Z,1,2026-08-24T21:29:10.453778183Z,true,2026-08-24T22:12:47.43486213Z,feedback,2026-08-24T21:29:10.453778183Z,01M0TTTPGF52Q5AKEG7QSP2T2X,2026-08-24T21:29:10.453778183Z,1787609567459,2026-08-24T22:12:47.460721494Z,true,2026-08-24T22:12:47.384491499Z,true,2026-08-24T22:12:47.481675036Z,01M0TTTRHAW8SRA8HEHB6DWNK9,2026-08-24T21:29:10.453778183Z
01M0TTMRCYCWEBT7901F0WVQH4,01M0TSZV7X3D77NKMM5CDCW4Z6,2026-08-24T21:25:53.694212393Z,60,2026-08-24T21:25:53.694212393Z,true,2026-08-24T21:44:05.973470872Z,01M0TSZV8ERABP36QP2627EVMT,2026-08-24T21:25:53.694212393Z,0,2026-08-24T21:25:53.694212393Z,true,2026-08-24T21:43:10.231017521Z,selection,2026-08-24T21:25:53.694212393Z,01M0TTMQTJ88XEK4SWQ86NECYY,2026-08-24T21:25:53.694212393Z,1787607790241,2026-08-24T21:43:10.243360731Z,true,2026-08-24T21:43:10.198824377Z,true,2026-08-24T21:43:10.265216066Z,01M0TTMRCSP3F651JZSQPZT0ZP,2026-08-24T21:25:53.694212393Z
01M0TTMRT7BA3A973EH27X0YAV,01M0TSZV7X3D77NKMM5CDCW4Z6,2026-08-24T21:25:54.119646495Z,3,2026-08-24T21:25:54.119646495Z,true,2026-08-24T21:51:52.390624511Z,01M0TSZV8ERABP36QP2627EVMT,2026-08-24T21:25:54.119646495Z,1,2026-08-24T21:25:54.119646495Z,true,2026-08-24T21:51:49.356113678Z,feedback,2026-08-24T21:25:54.119646495Z,01M0TTMQQ6D6FCX5RTTFHF9HPD,2026-08-24T21:25:54.119646495Z,1787608309369,2026-08-24T21:51:49.370830187Z,true,2026-08-24T21:51:49.185841359Z,true,2026-08-24T21:51:49.390445906Z,01M0TTMRT3RN66QT09C1WB27ER,2026-08-24T21:25:54.119646495Z
01M0TTMRV82AKHNBKN4DV4GDC9,01M0TSZV7X3D77NKMM5CDCW4Z6,2026-08-24T21:25:54.152963609Z,60,2026-08-24T21:25:54.152963609Z,true,2026-08-24T21:52:24.688678185Z,01M0TSZV8ERABP36QP2627EVMT,2026-08-24T21:25:54.152963609Z,0,2026-08-24T21:25:54.152963609Z,true,2026-08-24T21:52:11.578956574Z,selection,2026-08-24T21:25:54.152963609Z,01M0TTMQQBTCTCF3S8GTFMB3C1,2026-08-24T21:25:54.152963609Z,1787608331590,2026-08-24T21:52:11.59158563Z,true,2026-08-24T21:52:11.527908951Z,true,2026-08-24T21:52:11.604708296Z,01M0TTMRV3PKDW5C7RKC1RWXF4,2026-08-24T21:25:54.152963609Z
01M0TTEYBA48SNYZ2B7G7NVZWT,01M0TSZEX52H0PZDJFB4JNEAFW,2026-08-24T21:22:43.178206442Z,60,2026-08-24T21:22:43.178206442Z,true,2026-08-24T21:29:17.880875031Z,01M0TSZEY44B7XSP574QH2WQPJ,2026-08-24T21:22:43.178206442Z,0,2026-08-24T21:22:43.178206442Z,true,2026-08-24T21:28:31.131159231Z,selection,2026-08-24T21:22:43.178206442Z,01M0TTEY4K96A52Q2J50DKP2N7,2026-08-24T21:22:43.178206442Z,1787606911148,2026-08-24T21:28:31.151671681Z,true,2026-08-24T21:28:31.10172136Z,true,2026-08-24T21:28:31.175616081Z,01M0TTEYB3VCY7G7ZM5E467QN6,2026-08-24T21:22:43.178206442Z
01M0TTKNAM9NHTSBAX8GY8RZSC,01M0TSZEX52H0PZDJFB4JNEAFW,2026-08-24T21:25:17.780762815Z,60,2026-08-24T21:25:17.780762815Z,true,2026-08-24T21:38:43.323863115Z,01M0TSZEY173D8F3KEP071GR06,2026-08-24T21:25:17.780762815Z,0,2026-08-24T21:25:17.780762815Z,true,2026-08-24T21:38:22.604988729Z,selection,2026-08-24T21:25:17.780762815Z,01M0TTKMTB2BD5FYABW27NRN6H,2026-08-24T21:25:17.780762815Z,1787607502613,2026-08-24T21:38:22.614249846Z,true,2026-08-24T21:38:22.575591832Z,true,2026-08-24T21:38:22.626733661Z,01M0TTKNAGF59T7BQAQ6MFPXFF,2026-08-24T21:25:17.780762815Z
01M0TTYSAJHMA9JB1PQHD3DHD8,01M0TTMTH8JPTHXWGXYEY1VFR8,2026-08-24T21:31:22.32215417Z,3,2026-08-24T21:31:22.32215417Z,false,2026-08-24T21:31:22.32215417Z,01M0TTMWMDPGAHQRDA7BZJ8FEZ,2026-08-24T21:31:22.32215417Z,1,2026-08-24T21:31:22.32215417Z,,,feedback,2026-08-24T21:31:22.32215417Z,01M0TTYQ5BP8HDRT8B34E2366Y,2026-08-24T21:31:22.32215417Z,,,false,2026-08-24T21:31:22.32215417Z,,,01M0TTYSA41W8MRMQHEPZD77HC,2026-08-24T21:31:22.32215417Z
01M0TTA5XT9AA428QQMZ8JW6BF,01M0TSZV7X3D77NKMM5CDCW4Z6,2026-08-24T21:20:07.098895294Z,3,2026-08-24T21:20:07.098895294Z,true,2026-08-24T21:39:39.171923978Z,01M0TSZV8KEDQHAT4X3FNKVS2B,2026-08-24T21:20:07.098895294Z,1,2026-08-24T21:20:07.098895294Z,true,2026-08-24T21:39:36.149803855Z,feedback,2026-08-24T21:20:07.098895294Z,01M0TTA59P1C6S977KMQ7MZP4H,2026-08-24T21:20:07.098895294Z,1787607576158,2026-08-24T21:39:36.160065772Z,true,2026-08-24T21:39:36.113562628Z,true,2026-08-24T21:39:36.169135568Z,01M0TTA5XMRGHQB1268PGA3NCQ,2026-08-24T21:20:07.098895294Z
01M0TTKNA472A7AZXJBG4CQK49,01M0TSZEX52H0PZDJFB4JNEAFW,2026-08-24T21:25:17.764785611Z,60,2026-08-24T21:25:17.764785611Z,true,2026-08-24T21:38:19.360106487Z,01M0TSZEY173D8F3KEP071GR06,2026-08-24T21:25:17.764785611Z,0,2026-08-24T21:25:17.764785611Z,true,2026-08-24T21:37:58.423551936Z,selection,2026-08-24T21:25:17.764785611Z,01M0TTKMT9HASW94ZQQMFY4VD8,2026-08-24T21:25:17.764785611Z,1787607478432,2026-08-24T21:37:58.434008854Z,true,2026-08-24T21:37:58.391971998Z,true,2026-08-24T21:37:58.460472673Z,01M0TTKNA0VCJ9HZ84GQ3HSXFN,2026-08-24T21:25:17.764785611Z
01M0TV7K8KY2P42SEGKVHEEC5B,01M0TTMTH8JPTHXWGXYEY1VFR8,2026-08-24T21:36:11.027398267Z,60,2026-08-24T21:36:11.027398267Z,true,2026-08-24T21:48:01.706602142Z,01M0TTMWM9GSP2NP0T4CET96EB,2026-08-24T21:36:11.027398267Z,0,2026-08-24T21:36:11.027398267Z,true,2026-08-24T21:47:25.027856618Z,selection,2026-08-24T21:36:11.027398267Z,01M0TV7JQ4XZRZ4426YX16EKDW,2026-08-24T21:36:11.027398267Z,1787608045034,2026-08-24T21:47:25.035985597Z,true,2026-08-24T21:47:24.99076296Z,true,2026-08-24T21:47:25.054915283Z,01M0TV7K8D7DR4M0YQCRYDT97V,2026-08-24T21:36:11.027398267Z
01M0TVKAJVPMYRAB9AMGKBHBD5,01M0TTMTH8JPTHXWGXYEY1VFR8,2026-08-24T21:42:35.355036787Z,60,2026-08-24T21:42:35.355036787Z,true,2026-08-24T21:52:45.878124893Z,01M0TTMWMG725DJ5GA5M4WD8SY,2026-08-24T21:42:35.355036787Z,0,2026-08-24T21:42:35.355036787Z,true,2026-08-24T21:52:30.67993563Z,selection,2026-08-24T21:42:35.355036787Z,01M0TVK9JPBB2BD0WVTYMB4EE1,2026-08-24T21:42:35.355036787Z,1787608350692,2026-08-24T21:52:30.694028424Z,true,2026-08-24T21:52:30.641745647Z,true,2026-08-24T21:52:30.708589751Z,01M0TVKAJP1TW2YZR61QXGC00X,2026-08-24T21:42:35.355036787Z
01M0TTK221A83AZTQ5G4QRXAD8,01M0TSZEX52H0PZDJFB4JNEAFW,2026-08-24T21:24:58.049345347Z,3,2026-08-24T21:24:58.049345347Z,true,2026-08-24T22:12:25.761589734Z,01M0TSZEY54T11A9AMGVA6T4ZB,2026-08-24T21:24:58.049345347Z,1,2026-08-24T21:24:58.049345347Z,true,2026-08-24T22:12:22.724816757Z,feedback,2026-08-24T21:24:58.049345347Z,01M0TTK18V8SH2RGW2M08ZA4AE,2026-08-24T21:24:58.049345347Z,1787609542742,2026-08-24T22:12:22.74365604Z,true,2026-08-24T22:12:22.67356908Z,true,2026-08-24T22:12:22.760865433Z,01M0TTK21XQSK0WBRWCV9HC3CD,2026-08-24T21:24:58.049345347Z
01M0TTK25E7V6SBTJXFVMQD8R0,01M0TSZEX52H0PZDJFB4JNEAFW,2026-08-24T21:24:58.15836012Z,3,2026-08-24T21:24:58.15836012Z,true,2026-08-24T22:14:10.488522044Z,01M0TSZEY54T11A9AMGVA6T4ZB,2026-08-24T21:24:58.15836012Z,1,2026-08-24T21:24:58.15836012Z,true,2026-08-24T22:14:07.412170455Z,feedback,2026-08-24T21:24:58.15836012Z,01M0TTK12JE0B99VPDKXGZ19NQ,2026-08-24T21:24:58.15836012Z,1787609647435,2026-08-24T22:14:07.437602361Z,true,2026-08-24T22:14:07.352307653Z,true,2026-08-24T22:14:07.467336778Z,01M0TTK2592T5EN5FZVHW2TA8K,2026-08-24T21:24:58.15836012Z
01M0TV7KP0DW0RWMBDPWPGBH30,01M0TTMTH8JPTHXWGXYEY1VFR8,2026-08-24T21:36:11.458366202Z,3,2026-08-24T21:36:11.458366202Z,true,2026-08-24T21:55:23.760253853Z,01M0TTMWM9GSP2NP0T4CET96EB,2026-08-24T21:36:11.458366202Z,1,2026-08-24T21:36:11.458366202Z,true,2026-08-24T21:55:20.727158983Z,feedback,2026-08-24T21:36:11.458366202Z,01M0TV7JMV7SXYDW68X3BHREMX,2026-08-24T21:36:11.458366202Z,1787608520739,2026-08-24T21:55:20.740473992Z,true,2026-08-24T21:55:20.675401006Z,true,2026-08-24T21:55:20.756998169Z,01M0TV7KNRDKD62PJS1X8ZJYB2,2026-08-24T21:36:11.458366202Z
01M0TV7M4AFN7P2M1T7E4TXJAH,01M0TTMTH8JPTHXWGXYEY1VFR8,2026-08-24T21:36:11.915033661Z,3,2026-08-24T21:36:11.915033661Z,true,2026-08-24T22:00:22.253049415Z,01M0TTMWM9GSP2NP0T4CET96EB,2026-08-24T21:36:11.915033661Z,1,2026-08-24T21:36:11.915033661Z,true,2026-08-24T22:00:19.190047475Z,feedback,2026-08-24T21:36:11.915033661Z,01M0TV7JY9S26C1KK358SFDASN,2026-08-24T21:36:11.915033661Z,1787608819201,2026-08-24T22:00:19.203327791Z,true,2026-08-24T22:00:19.150137385Z,true,2026-08-24T22:00:19.218557132Z,01M0TV7M401B4S6S7A4A74HA1W,2026-08-24T21:36:11.915033661Z
01M0TTMRF6VH3V1PYHH55Z2KGV,01M0TSZV7X3D77NKMM5CDCW4Z6,2026-08-24T21:25:53.7662633Z,60,2026-08-24T21:25:53.7662633Z,true,2026-08-24T21:45:24.638695899Z,01M0TSZV8ERABP36QP2627EVMT,2026-08-24T21:25:53.7662633Z,0,2026-08-24T21:25:53.7662633Z,true,2026-08-24T21:45:10.664516017Z,selection,2026-08-24T21:25:53.7662633Z,01M0TTMQV40H8WT6AF3NHEX32Z,2026-08-24T21:25:53.7662633Z,1787607910674,2026-08-24T21:45:10.676251692Z,true,2026-08-24T21:45:10.618709095Z,true,2026-08-24T21:45:10.70051349Z,01M0TTMRF1HPWVY8HX7V1WVWAH,2026-08-24T21:25:53.7662633Z
01M0TV7K7WXHN96DKT7SHJHDS7,01M0TTMTH8JPTHXWGXYEY1VFR8,2026-08-24T21:36:11.00503323Z,3,2026-08-24T21:36:11.00503323Z,true,2026-08-24T21:47:24.86649112Z,01M0TTMWM9GSP2NP0T4CET96EB,2026-08-24T21:36:11.00503323Z,1,2026-08-24T21:36:11.00503323Z,true,2026-08-24T21:47:21.840655222Z,feedback,2026-08-24T21:36:11.00503323Z,01M0TV7JQJKSXTB3WWZANJ82HR,2026-08-24T21:36:11.00503323Z,1787608041850,2026-08-24T21:47:21.852147778Z,true,2026-08-24T21:47:21.802875076Z,true,2026-08-24T21:47:21.864346872Z,01M0TV7K7MZRQW2V314MMMT2M5,2026-08-24T21:36:11.00503323Z
01M0TTTQSYFH8WYPW57K0DK45W,01M0TSZV7X3D77NKMM5CDCW4Z6,2026-08-24T21:29:09.694075986Z,60,2026-08-24T21:29:09.694075986Z,true,2026-08-24T22:01:38.600247095Z,01M0TSZV8KEDQHAT4X33M1GG1C,2026-08-24T21:29:09.694075986Z,0,2026-08-24T21:29:09.694075986Z,true,2026-08-24T22:00:42.676128664Z,selection,2026-08-24T21:29:09.694075986Z,01M0TTTPNYC5Y2854FT0F5SW3M,2026-08-24T21:29:09.694075986Z,1787608842691,2026-08-24T22:00:42.693411233Z,true,2026-08-24T22:00:42.627892983Z,true,2026-08-24T22:00:42.712127935Z,01M0TTTQSFW5117RYVGQ3YZYPJ,2026-08-24T21:29:09.694075986Z
01M0TTA5JSRXFTDZ8ZQT043AF2,01M0TSZV7X3D77NKMM5CDCW4Z6,2026-08-24T21:20:06.745840931Z,60,2026-08-24T21:20:06.745840931Z,true,2026-08-24T21:26:21.521839193Z,01M0TSZV8KEDQHAT4X3FNKVS2B,2026-08-24T21:20:06.745840931Z,0,2026-08-24T21:20:06.745840931Z,true,2026-08-24T21:25:33.023260684Z,selection,2026-08-24T21:20:06.745840931Z,01M0TTA5EW8PGMPV60X1JTE405,2026-08-24T21:20:06.745840931Z,1787606733026,2026-08-24T21:25:33.027025949Z,true,2026-08-24T21:25:33.004684208Z,true,2026-08-24T21:25:33.036626218Z,01M0TTA5JKBWCA8R2J2P1F0R4A,2026-08-24T21:20:06.745840931Z
01M0TTKP1K34WD59KADEXQ28GM,01M0TSZEX52H0PZDJFB4JNEAFW,2026-08-24T21:25:18.517202964Z,3,2026-08-24T21:25:18.517202964Z,true,2026-08-24T21:55:05.235654727Z,01M0TSZEY173D8F3KEP071GR06,2026-08-24T21:25:18.517202964Z,1,2026-08-24T21:25:18.517202964Z,true,2026-08-24T21:55:02.186790282Z,feedback,2026-08-24T21:25:18.517202964Z,01M0TTKMTKT89C51PEHZGSBVY7,2026-08-24T21:25:18.517202964Z,1787608502199,2026-08-24T21:55:02.200912239Z,true,2026-08-24T21:55:02.137491655Z,true,2026-08-24T21:55:02.220830754Z,01M0TTKP1EBR9SHGWCSV0CTQYP,2026-08-24T21:25:18.517202964Z
01M0TTKDZ2DE7MYW2H87F65G32,01M0TSZGJXR0N6DNTNARWRMFQ4,2026-08-24T21:25:10.244477918Z,3,2026-08-24T21:25:10.244477918Z,false,2026-08-24T21:25:10.244477918Z,01M0TSZGKM72FFW193EYG47F25,2026-08-24T21:25:10.244477918Z,1,2026-08-24T21:25:10.244477918Z,,,feedback,2026-08-24T21:25:10.244477918Z,01M0TTKDDN6JBRG2ZTKGE45ZC7,2026-08-24T21:25:10.244477918Z,,,false,2026-08-24T21:25:10.244477918Z,,,01M0TTKDYYHT2R5AE57Y6FRWQ4,2026-08-24T21:25:10.244477918Z
01M0TTA5ZCKD4CGFZHEHXANJXM,01M0TSZV7X3D77NKMM5CDCW4Z6,2026-08-24T21:20:07.148393189Z,3,2026-08-24T21:20:07.148393189Z,true,2026-08-24T21:40:41.275752561Z,01M0TSZV8KEDQHAT4X3FNKVS2B,2026-08-24T21:20:07.148393189Z,1,2026-08-24T21:20:07.148393189Z,true,2026-08-24T21:40:38.221224088Z,feedback,2026-08-24T21:20:07.148393189Z,01M0TTA5AS3RV690XS3M2SW0XS,2026-08-24T21:20:07.148393189Z,1787607638241,2026-08-24T21:40:38.242937678Z,true,2026-08-24T21:40:38.128699721Z,true,2026-08-24T21:40:38.264193198Z,01M0TTA5Z7X7QHW1TGQCYA4N3D,2026-08-24T21:20:07.148393189Z
01M0TTK1KZFE28JF9DMFTPSZM3,01M0TSZEX52H0PZDJFB4JNEAFW,2026-08-24T21:24:57.59941598Z,60,2026-08-24T21:24:57.59941598Z,true,2026-08-24T21:58:09.118482977Z,01M0TSZEY54T11A9AMGVA6T4ZB,2026-08-24T21:24:57.59941598Z,0,2026-08-24T21:24:57.59941598Z,true,2026-08-24T21:57:47.487805225Z,selection,2026-08-24T21:24:57.59941598Z,01M0TTK13YS192MBN783R85EAM,2026-08-24T21:24:57.59941598Z,1787608667503,2026-08-24T21:57:47.504603533Z,true,2026-08-24T21:57:47.437133401Z,true,2026-08-24T21:57:47.520690713Z,01M0TTK1KTSWE594KGNSQBE6WG,2026-08-24T21:24:57.59941598Z
01M0TTNSJ37AY1P5WZJ7WK63MT,01M0TSZGJXR0N6DNTNARWRMFQ4,2026-08-24T21:26:27.651566002Z,3,2026-08-24T21:26:27.651566002Z,false,2026-08-24T21:26:27.651566002Z,01M0TSZGKJQW5S4GCP9150DNN9,2026-08-24T21:26:27.651566002Z,1,2026-08-24T21:26:27.651566002Z,,,feedback,2026-08-24T21:26:27.651566002Z,01M0TTNREK8ESCB1CJNJ1YVZ2S,2026-08-24T21:26:27.651566002Z,,,false,2026-08-24T21:26:27.651566002Z,,,01M0TTNSHYP2ZE0507AMMJZGYE,2026-08-24T21:26:27.651566002Z
01M0TVKAMVC2KDHCGZQNYAJY9H,01M0TTMTH8JPTHXWGXYEY1VFR8,2026-08-24T21:42:35.420564677Z,3,2026-08-24T21:42:35.420564677Z,true,2026-08-24T21:53:17.732107986Z,01M0TTMWMG725DJ5GA5M4WD8SY,2026-08-24T21:42:35.420564677Z,1,2026-08-24T21:42:35.420564677Z,true,2026-08-24T21:53:14.692573096Z,feedback,2026-08-24T21:42:35.420564677Z,01M0TVK9KF2JM3HWDWT9ZRSEST,2026-08-24T21:42:35.420564677Z,1787608394703,2026-08-24T21:53:14.704983856Z,true,2026-08-24T21:53:14.647506107Z,true,2026-08-24T21:53:14.720988911Z,01M0TVKAMKJFYE09T23K25W1GR,2026-08-24T21:42:35.420564677Z
01M0TTMRA4EX5A2QDKR2007YWM,01M0TSZV7X3D77NKMM5CDCW4Z6,2026-08-24T21:25:53.605002685Z,3,2026-08-24T21:25:53.605002685Z,true,2026-08-24T21:41:07.779004078Z,01M0TSZV8ERABP36QP2627EVMT,2026-08-24T21:25:53.605002685Z,1,2026-08-24T21:25:53.605002685Z,true,2026-08-24T21:41:04.735748813Z,feedback,2026-08-24T21:25:53.605002685Z,01M0TTMQSYVETY363BTRBKAFRF,2026-08-24T21:25:53.605002685Z,1787607664747,2026-08-24T21:41:04.748627763Z,true,2026-08-24T21:41:04.694549763Z,true,2026-08-24T21:41:04.762557008Z,01M0TTMR9ZTAQMXH4T2A4GG5CH,2026-08-24T21:25:53.605002685Z
01M0TTMRWF8YCH9EHZDS854KGD,01M0TSZV7X3D77NKMM5CDCW4Z6,2026-08-24T21:25:54.191139747Z,3,2026-08-24T21:25:54.191139747Z,true,2026-08-24T21:53:06.714148375Z,01M0TSZV8ERABP36QP2627EVMT,2026-08-24T21:25:54.191139747Z,1,2026-08-24T21:25:54.191139747Z,true,2026-08-24T21:53:03.682895515Z,feedback,2026-08-24T21:25:54.191139747Z,01M0TTMQQKH4K0S2QZ5CS7DSVD,2026-08-24T21:25:54.191139747Z,1787608383697,2026-08-24T21:53:03.699227054Z,true,2026-08-24T21:53:03.601527365Z,true,2026-08-24T21:53:03.711877673Z,01M0TTMRWAJTR38WMB3GN48J8C,2026-08-24T21:25:54.191139747Z
01M0TTTQ5A57K558WBJAKBEK6W,01M0TSZV7X3D77NKMM5CDCW4Z6,2026-08-24T21:29:09.034510722Z,60,2026-08-24T21:29:09.034510722Z,true,2026-08-24T21:48:59.466856652Z,01M0TSZV8KEDQHAT4X33M1GG1C,2026-08-24T21:29:09.034510722Z,0,2026-08-24T21:29:09.034510722Z,true,2026-08-24T21:48:10.83527563Z,selection,2026-08-24T21:29:09.034510722Z,01M0TTTPPEWEKCQHD5TGYBT480,2026-08-24T21:29:09.034510722Z,1787608090849,2026-08-24T21:48:10.853488007Z,true,2026-08-24T21:48:10.767090357Z,true,2026-08-24T21:48:10.876335072Z,01M0TTTQ51KFSTYMX6337TFA9G,2026-08-24T21:29:09.034510722Z
01M0TT9MK8AKT6VGCA3C79SRMX,01M0TSZGJXR0N6DNTNARWRMFQ4,2026-08-24T21:19:49.352833733Z,3,2026-08-24T21:19:49.352833733Z,false,2026-08-24T21:19:49.352833733Z,01M0TSZGKE32G3R2H2EPQFBQNN,2026-08-24T21:19:49.352833733Z,1,2026-08-24T21:19:49.352833733Z,,,feedback,2026-08-24T21:19:49.352833733Z,01M0TT9KJ5QEEBHCKM27ZWDBPE,2026-08-24T21:19:49.352833733Z,,,false,2026-08-24T21:19:49.352833733Z,,,01M0TT9MK4MFP8YM9YCW9CPK1D,2026-08-24T21:19:49.352833733Z
01M0TTKE2CG5WSQE8WEQXQQ0F4,01M0TSZGJXR0N6DNTNARWRMFQ4,2026-08-24T21:25:10.348574121Z,60,2026-08-24T21:25:10.348574121Z,false,2026-08-24T21:25:10.348574121Z,01M0TSZGKM72FFW193EYG47F25,2026-08-24T21:25:10.348574121Z,0,2026-08-24T21:25:10.348574121Z,,,selection,2026-08-24T21:25:10.348574121Z,01M0TTKDEHQVYRFQECSE8FNHPE,2026-08-24T21:25:10.348574121Z,,,false,2026-08-24T21:25:10.348574121Z,,,01M0TTKE283CWFWSJ5TKE6XA0K,2026-08-24T21:25:10.348574121Z
01M0TV7K6737WWV2F8XWD7GZSS,01M0TTMTH8JPTHXWGXYEY1VFR8,2026-08-24T21:36:10.951687903Z,3,2026-08-24T21:36:10.951687903Z,true,2026-08-24T21:46:04.976843937Z,01M0TTMWM9GSP2NP0T4CET96EB,2026-08-24T21:36:10.951687903Z,1,2026-08-24T21:36:10.951687903Z,true,2026-08-24T21:46:01.949952911Z,feedback,2026-08-24T21:36:10.951687903Z,01M0TV7JTAA9P10W0QSQ2Q5Z36,2026-08-24T21:36:10.951687903Z,1787607961962,2026-08-24T21:46:01.963902228Z,true,2026-08-24T21:46:01.912062705Z,true,2026-08-24T21:46:01.975555741Z,01M0TV7K5ZXSJ4Q3ZDSVE8ZDZF,2026-08-24T21:36:10.951687903Z
01M0TTA5GN0QQN50NZR7QRRW04,01M0TSZV7X3D77NKMM5CDCW4Z6,2026-08-24T21:20:06.677409514Z,3,2026-08-24T21:20:06.677409514Z,true,2026-08-24T21:24:12.242689544Z,01M0TSZV8KEDQHAT4X3FNKVS2B,2026-08-24T21:20:06.677409514Z,1,2026-08-24T21:20:06.677409514Z,true,2026-08-24T21:24:09.218599946Z,feedback,2026-08-24T21:20:06.677409514Z,01M0TTA5796WFMQCP8QWHHCX3F,2026-08-24T21:20:06.677409514Z,1787606649222,2026-08-24T21:24:09.225036688Z,true,2026-08-24T21:24:09.196752755Z,true,2026-08-24T21:24:09.236287915Z,01M0TTA5GGD20RPEP0FP5ZTC9X,2026-08-24T21:20:06.677409514Z
01M0TTA5KATDC9R4F53KE5CH50,01M0TSZV7X3D77NKMM5CDCW4Z6,2026-08-24T21:20:06.764235243Z,3,2026-08-24T21:20:06.764235243Z,true,2026-08-24T21:28:25.667115946Z,01M0TSZV8KEDQHAT4X3FNKVS2B,2026-08-24T21:20:06.764235243Z,1,2026-08-24T21:20:06.764235243Z,true,2026-08-24T21:28:22.627959547Z,feedback,2026-08-24T21:20:06.764235243Z,01M0TTA5ET0VQ8679ZXD4S0ZVZ,2026-08-24T21:20:06.764235243Z,1787606902637,2026-08-24T21:28:22.639718941Z,true,2026-08-24T21:28:22.593362838Z,true,2026-08-24T21:28:22.656935423Z,01M0TTA5K66V2PY865QRW1RB4N,2026-08-24T21:20:06.764235243Z
01M0TTKN6BRV2C26FVW1WSSZA0,01M0TSZEX52H0PZDJFB4JNEAFW,2026-08-24T21:25:17.64383971Z,60,2026-08-24T21:25:17.64383971Z,true,2026-08-24T21:36:02.612866268Z,01M0TSZEY173D8F3KEP071GR06,2026-08-24T21:25:17.64383971Z,0,2026-08-24T21:25:17.64383971Z,true,2026-08-24T21:35:41.389063333Z,selection,2026-08-24T21:25:17.64383971Z,01M0TTKMV051QENXBRKHEFT6SY,2026-08-24T21:25:17.64383971Z,1787607341397,2026-08-24T21:35:41.399003154Z,true,2026-08-24T21:35:41.35810845Z,true,2026-08-24T21:35:41.410037877Z,01M0TTKN66B4MG3GWADZM91STD,2026-08-24T21:25:17.64383971Z
01M0TTKNMKCE9M9ANHCCVFEHVT,01M0TSZEX52H0PZDJFB4JNEAFW,2026-08-24T21:25:18.09997467Z,60,2026-08-24T21:25:18.09997467Z,true,2026-08-24T21:45:57.539180411Z,01M0TSZEY173D8F3KEP071GR06,2026-08-24T21:25:18.09997467Z,0,2026-08-24T21:25:18.09997467Z,true,2026-08-24T21:45:43.728914336Z,selection,2026-08-24T21:25:18.09997467Z,01M0TTKMY9T220HDP75161FGA1,2026-08-24T21:25:18.09997467Z,1787607943740,2026-08-24T21:45:43.741566743Z,true,2026-08-24T21:45:43.691896906Z,true,2026-08-24T21:45:43.752322833Z,01M0TTKNMFRK7D80DN5N361VF0,2026-08-24T21:25:18.09997467Z
01M0TTKNS0Q0R6P8NKD6CVGS1T,01M0TSZEX52H0PZDJFB4JNEAFW,2026-08-24T21:25:18.240029761Z,3,2026-08-24T21:25:18.240029761Z,true,2026-08-24T21:49:25.329469699Z,01M0TSZEY173D8F3KEP071GR06,2026-08-24T21:25:18.240029761Z,1,2026-08-24T21:25:18.240029761Z,true,2026-08-24T21:49:22.254644513Z,feedback,2026-08-24T21:25:18.240029761Z,01M0TTKN1AESZD141F0C3NDB62,2026-08-24T21:25:18.240029761Z,1787608162269,2026-08-24T21:49:22.270451998Z,true,2026-08-24T21:49:22.215668792Z,true,2026-08-24T21:49:22.292392205Z,01M0TTKNRTJW19VGEJ3MRJTVD9,2026-08-24T21:25:18.240029761Z
01M0TTMRZA5FZHQJVFDVE92BBE,01M0TSZV7X3D77NKMM5CDCW4Z6,2026-08-24T21:25:54.282067019Z,3,2026-08-24T21:25:54.282067019Z,true,2026-08-24T21:54:36.381811299Z,01M0TSZV8ERABP36QP2627EVMT,2026-08-24T21:25:54.282067019Z,1,2026-08-24T21:25:54.282067019Z,true,2026-08-24T21:54:33.331366476Z,feedback,2026-08-24T21:25:54.282067019Z,01M0TTMQYQX5YZ6ZYV2VKS15F8,2026-08-24T21:25:54.282067019Z,1787608473343,2026-08-24T21:54:33.345382573Z,true,2026-08-24T21:54:33.276692502Z,true,2026-08-24T21:54:33.361603703Z,01M0TTMRZ5P1A1WQS64AZY74N9,2026-08-24T21:25:54.282067019Z
01M0TTYS7SGHXG5QJ91CKAT7VF,01M0TTMTH8JPTHXWGXYEY1VFR8,2026-08-24T21:31:22.233892218Z,60,2026-08-24T21:31:22.233892218Z,false,2026-08-24T21:31:22.233892218Z,01M0TTMWMDPGAHQRDA7BZJ8FEZ,2026-08-24T21:31:22.233892218Z,0,2026-08-24T21:31:22.233892218Z,,,selection,2026-08-24T21:31:22.233892218Z,01M0TTYQ5YZKED7BYZXVMWECXP,2026-08-24T21:31:22.233892218Z,,,false,2026-08-24T21:31:22.233892218Z,,,01M0TTYS7JC24W5EJ0E39TG9K1,2026-08-24T21:31:22.233892218Z
01M0TTK1PHNTPWC2X2ZEXKDRDV,01M0TSZEX52H0PZDJFB4JNEAFW,2026-08-24T21:24:57.681763973Z,3,2026-08-24T21:24:57.681763973Z,true,2026-08-24T22:00:24.171641611Z,01M0TSZEY54T11A9AMGVA6T4ZB,2026-08-24T21:24:57.681763973Z,1,2026-08-24T21:24:57.681763973Z,true,2026-08-24T22:00:21.114825645Z,feedback,2026-08-24T21:24:57.681763973Z,01M0TTK19CJB29FM7RC0K3R03D,2026-08-24T21:24:57.681763973Z,1787608821132,2026-08-24T22:00:21.134000617Z,true,2026-08-24T22:00:21.065506823Z,true,2026-08-24T22:00:21.151944818Z,01M0TTK1P30TCMYVT7C2F7ZN8A,2026-08-24T21:24:57.681763973Z
01M0TTKE30DJH3M3APCKXD198M,01M0TSZGJXR0N6DNTNARWRMFQ4,2026-08-24T21:25:10.36808929Z,3,2026-08-24T21:25:10.36808929Z,false,2026-08-24T21:25:10.36808929Z,01M0TSZGKM72FFW193EYG47F25,2026-08-24T21:25:10.36808929Z,1,2026-08-24T21:25:10.36808929Z,,,feedback,2026-08-24T21:25:10.36808929Z,01M0TTKDEJSAA46A61DQ6D60SY,2026-08-24T21:25:10.36808929Z,,,false,2026-08-24T21:25:10.36808929Z,,,01M0TTKE2V06DK038M65BAHDCF,2026-08-24T21:25:10.36808929Z
01M0TTEYDRF8T5NRCZZ7W3ACSV,01M0TSZEX52H0PZDJFB4JNEAFW,2026-08-24T21:22:43.256925882Z,60,2026-08-24T21:22:43.256925882Z,true,2026-08-24T21:32:38.285001728Z,01M0TSZEY44B7XSP574QH2WQPJ,2026-08-24T21:22:43.256925882Z,0,2026-08-24T21:22:43.256925882Z,true,2026-08-24T21:31:50.187258654Z,selection,2026-08-24T21:22:43.256925882Z,01M0TTEY2RD7JP52P8H0GFRMZ9,2026-08-24T21:22:43.256925882Z,1787607110199,2026-08-24T21:31:50.200703325Z,true,2026-08-24T21:31:50.144846864Z,true,2026-08-24T21:31:50.223623805Z,01M0TTEYDGKS16K7XWK95MY8QR,2026-08-24T21:22:43.256925882Z
01M0TV7KDGTVR5YBWYTDX2CHF5,01M0TTMTH8JPTHXWGXYEY1VFR8,2026-08-24T21:36:11.184237267Z,3,2026-08-24T21:36:11.184237267Z,true,2026-08-24T21:50:55.961851257Z,01M0TTMWM9GSP2NP0T4CET96EB,2026-08-24T21:36:11.184237267Z,1,2026-08-24T21:36:11.184237267Z,true,2026-08-24T21:50:52.935464129Z,feedback,2026-08-24T21:36:11.184237267Z,01M0TV7JP096BB2X1PV5ASKK97,2026-08-24T21:36:11.184237267Z,1787608252948,2026-08-24T21:50:52.949267719Z,true,2026-08-24T21:50:52.903049336Z,true,2026-08-24T21:50:52.962944632Z,01M0TV7KD7G99C8RYGE8796Q8E,2026-08-24T21:36:11.184237267Z
01M0TTNSBX6GXRZCBHGHT0BBZA,01M0TSZGJXR0N6DNTNARWRMFQ4,2026-08-24T21:26:27.453058872Z,60,2026-08-24T21:26:27.453058872Z,false,2026-08-24T21:26:27.453058872Z,01M0TSZGKJQW5S4GCP9150DNN9,2026-08-24T21:26:27.453058872Z,0,2026-08-24T21:26:27.453058872Z,,,selection,2026-08-24T21:26:27.453058872Z,01M0TTNRMABP1WE91S8WNKF4KB,2026-08-24T21:26:27.453058872Z,,,false,2026-08-24T21:26:27.453058872Z,,,01M0TTNSBQ5Q1QWSXGKGNS53T7,2026-08-24T21:26:27.453058872Z
01M0TTYRXNQ7488KAB02SNDB0G,01M0TTMTH8JPTHXWGXYEY1VFR8,2026-08-24T21:31:21.909883898Z,3,2026-08-24T21:31:21.909883898Z,false,2026-08-24T21:31:21.909883898Z,01M0TTMWMDPGAHQRDA7BZJ8FEZ,2026-08-24T21:31:21.909883898Z,1,2026-08-24T21:31:21.909883898Z,,,feedback,2026-08-24T21:31:21.909883898Z,01M0TTYQBRV5ACJNARS41R3SRD,2026-08-24T21:31:21.909883898Z,,,false,2026-08-24T21:31:21.909883898Z,,,01M0TTYRX9QKYXTEA5BDXNEN8T,2026-08-24T21:31:21.909883898Z
01M0TTKDNWDXCQ1HRC4RYED4V3,01M0TSZGJXR0N6DNTNARWRMFQ4,2026-08-24T21:25:09.948486499Z,60,2026-08-24T21:25:09.948486499Z,false,2026-08-24T21:25:09.948486499Z,01M0TSZGKM72FFW193EYG47F25,2026-08-24T21:25:09.948486499Z,0,2026-08-24T21:25:09.948486499Z,,,selection,2026-08-24T21:25:09.948486499Z,01M0TTKD9FPRJQFR3R35DR9J1S,2026-08-24T21:25:09.948486499Z,,,false,2026-08-24T21:25:09.948486499Z,,,01M0TTKDNMWXGMD7Y6VFE7V250,2026-08-24T21:25:09.948486499Z
01M0TTKDZKFK6RPFG880WYBT60,01M0TSZGJXR0N6DNTNARWRMFQ4,2026-08-24T21:25:10.259935943Z,3,2026-08-24T21:25:10.259935943Z,false,2026-08-24T21:25:10.259935943Z,01M0TSZGKM72FFW193EYG47F25,2026-08-24T21:25:10.259935943Z,1,2026-08-24T21:25:10.259935943Z,,,feedback,2026-08-24T21:25:10.259935943Z,01M0TTKDDX603AKBNJ30GPP9W1,2026-08-24T21:25:10.259935943Z,,,false,2026-08-24T21:25:10.259935943Z,,,01M0TTKDZG516YAFK786FXPZ78,2026-08-24T21:25:10.259935943Z
01M0TTKDKRDNXGZY0BX3GFJDX9,01M0TSZGJXR0N6DNTNARWRMFQ4,2026-08-24T21:25:09.880509024Z,3,2026-08-24T21:25:09.880509024Z,false,2026-08-24T21:25:09.880509024Z,01M0TSZGKM72FFW193EYG47F25,2026-08-24T21:25:09.880509024Z,1,2026-08-24T21:25:09.880509024Z,,,feedback,2026-08-24T21:25:09.880509024Z,01M0TTKD95WSFHBSV1H76EAWNR,2026-08-24T21:25:09.880509024Z,,,false,2026-08-24T21:25:09.880509024Z,,,01M0TTKDKMBW885A4503KW2TQ2,2026-08-24T21:25:09.880509024Z
01M0TTYRAEMQ14KN2VHTV2H4GR,01M0TTMTH8JPTHXWGXYEY1VFR8,2026-08-24T21:31:21.294504146Z,60,2026-08-24T21:31:21.294504146Z,true,2026-08-24T22:01:16.909555813Z,01M0TTMWMDPGAHQRDA7BZJ8FEZ,2026-08-24T21:31:21.294504146Z,0,2026-08-24T21:31:21.294504146Z,true,2026-08-24T22:00:16.847500506Z,selection,2026-08-24T21:31:21.294504146Z,01M0TTYQ487RT8A2RK60KX4740,2026-08-24T21:31:21.294504146Z,1787608816860,2026-08-24T22:00:16.86178578Z,true,2026-08-24T22:00:16.805635193Z,true,2026-08-24T22:00:16.88004436Z,01M0TTYRA5JN6KV0W817HC71W2,2026-08-24T21:31:21.294504146Z
01M0TTKDH7MP5HS34VTQPRVRRX,01M0TSZGJXR0N6DNTNARWRMFQ4,2026-08-24T21:25:09.799532004Z,1200,2026-08-24T21:25:09.799532004Z,false,2026-08-24T21:25:09.799532004Z,01M0TSZGKM72FFW193EYG47F25,2026-08-24T21:25:09.799532004Z,0,2026-08-24T21:25:09.799532004Z,true,2026-08-24T21:25:13.879259278Z,describe,2026-08-24T21:25:09.799532004Z,01M0TTKD8V8G4NNYE0N7Y147XY,2026-08-24T21:25:09.799532004Z,1787606713882,2026-08-24T21:25:13.883432846Z,true,2026-08-24T21:25:13.862097645Z,true,2026-08-24T21:25:13.888776753Z,01M0TTKDGPX3RA5NCTVE9AX13K,2026-08-24T21:25:09.799532004Z
01M0TTKNCVJQFC8ENRJYX1KQA7,01M0TSZEX52H0PZDJFB4JNEAFW,2026-08-24T21:25:17.851087851Z,60,2026-08-24T21:25:17.851087851Z,true,2026-08-24T21:40:33.205752581Z,01M0TSZEY173D8F3KEP071GR06,2026-08-24T21:25:17.851087851Z,0,2026-08-24T21:25:17.851087851Z,true,2026-08-24T21:40:12.325480248Z,selection,2026-08-24T21:25:17.851087851Z,01M0TTKMV9J0KHMC7F86HQHAPF,2026-08-24T21:25:17.851087851Z,1787607612333,2026-08-24T21:40:12.334382027Z,true,2026-08-24T21:40:12.289027856Z,true,2026-08-24T21:40:12.343004699Z,01M0TTKNCPQNC6H0TSDKTGBXMC,2026-08-24T21:25:17.851087851Z
01M0TTNS248BGZREWRCKTFMFFH,01M0TSZGJXR0N6DNTNARWRMFQ4,2026-08-24T21:26:27.140931948Z,3,2026-08-24T21:26:27.140931948Z,false,2026-08-24T21:26:27.140931948Z,01M0TSZGKJQW5S4GCP9150DNN9,2026-08-24T21:26:27.140931948Z,1,2026-08-24T21:26:27.140931948Z,,,feedback,2026-08-24T21:26:27.140931948Z,01M0TTNRGWRJYHFP3AMHFJ3C8Y,2026-08-24T21:26:27.140931948Z,,,false,2026-08-24T21:26:27.140931948Z,,,01M0TTNS1YQ5ME0SKV05GHE5K5,2026-08-24T21:26:27.140931948Z
01M0TTTR3SZ71RPPE4DRJVC8H8,01M0TSZV7X3D77NKMM5CDCW4Z6,2026-08-24T21:29:10.009895721Z,3,2026-08-24T21:29:10.009895721Z,true,2026-08-24T22:06:11.942402444Z,01M0TSZV8KEDQHAT4X33M1GG1C,2026-08-24T21:29:10.009895721Z,1,2026-08-24T21:29:10.009895721Z,true,2026-08-24T22:06:08.89815106Z,feedback,2026-08-24T21:29:10.009895721Z,01M0TTTPMR5HCH21N45VXXC8DS,2026-08-24T21:29:10.009895721Z,1787609168910,2026-08-24T22:06:08.911964455Z,true,2026-08-24T22:06:08.853464005Z,true,2026-08-24T22:06:08.92402977Z,01M0TTTR3DK4GS76XZZ288ZMBJ,2026-08-24T21:29:10.009895721Z
01M0TTTR8YNNGTVV28RGEQQ6KQ,01M0TSZV7X3D77NKMM5CDCW4Z6,2026-08-24T21:29:10.174606973Z,3,2026-08-24T21:29:10.174606973Z,true,2026-08-24T22:08:36.170501456Z,01M0TSZV8KEDQHAT4X33M1GG1C,2026-08-24T21:29:10.174606973Z,1,2026-08-24T21:29:10.174606973Z,true,2026-08-24T22:08:33.129811978Z,feedback,2026-08-24T21:29:10.174606973Z,01M0TTTPK6Z594SHZVHCMFV86W,2026-08-24T21:29:10.174606973Z,1787609313145,2026-08-24T22:08:33.146802907Z,true,2026-08-24T22:08:33.073622798Z,true,2026-08-24T22:08:33.171083821Z,01M0TTTR8HYG765KZJ53NC8J2F,2026-08-24T21:29:10.174606973Z
01M0TTA5SSKRPZH5DC8TJ3R9DG,01M0TSZV7X3D77NKMM5CDCW4Z6,2026-08-24T21:20:06.969896614Z,60,2026-08-24T21:20:06.969896614Z,true,2026-08-24T21:36:09.789892445Z,01M0TSZV8KEDQHAT4X3FNKVS2B,2026-08-24T21:20:06.969896614Z,0,2026-08-24T21:20:06.969896614Z,true,2026-08-24T21:35:38.169960052Z,selection,2026-08-24T21:20:06.969896614Z,01M0TTA5CFWV31STWE94B0GVRR,2026-08-24T21:20:06.969896614Z,1787607338177,2026-08-24T21:35:38.17976079Z,true,2026-08-24T21:35:38.108816237Z,true,2026-08-24T21:35:38.19670346Z,01M0TTA5SMH0T0QTJGF3KVWZCS,2026-08-24T21:20:06.969896614Z
01M0TTEZ0P09NRGX776ZHY766J,01M0TSZEX52H0PZDJFB4JNEAFW,2026-08-24T21:22:43.862812285Z,3,2026-08-24T21:22:43.862812285Z,true,2026-08-24T21:55:33.096851407Z,01M0TSZEY44B7XSP574QH2WQPJ,2026-08-24T21:22:43.862812285Z,1,2026-08-24T21:22:43.862812285Z,true,2026-08-24T21:55:30.063743602Z,feedback,2026-08-24T21:22:43.862812285Z,01M0TTEY5Y7FR1T7RMNRQVVH44,2026-08-24T21:22:43.862812285Z,1787608530078,2026-08-24T21:55:30.079336661Z,true,2026-08-24T21:55:30.020750853Z,true,2026-08-24T21:55:30.101334078Z,01M0TTEZ0KFN6EK84M8P3DAKBP,2026-08-24T21:22:43.862812285Z
01M0TTYSF8FM121FZXAD1781W4,01M0TTMTH8JPTHXWGXYEY1VFR8,2026-08-24T21:31:22.4723593Z,60,2026-08-24T21:31:22.4723593Z,false,2026-08-24T21:31:22.4723593Z,01M0TTMWMDPGAHQRDA7BZJ8FEZ,2026-08-24T21:31:22.4723593Z,0,2026-08-24T21:31:22.4723593Z,,,selection,2026-08-24T21:31:22.4723593Z,01M0TTYQ3H8C16362NQTSW34D6,2026-08-24T21:31:22.4723593Z,,,false,2026-08-24T21:31:22.4723593Z,,,01M0TTYSEYRD3H6DDVMT37C301,2026-08-24T21:31:22.4723593Z
01M0TTA5RNB43VMQCA325C76PW,01M0TSZV7X3D77NKMM5CDCW4Z6,2026-08-24T21:20:06.933414466Z,3,2026-08-24T21:20:06.933414466Z,true,2026-08-24T21:35:01.345768319Z,01M0TSZV8KEDQHAT4X3FNKVS2B,2026-08-24T21:20:06.933414466Z,1,2026-08-24T21:20:06.933414466Z,true,2026-08-24T21:34:58.318017583Z,feedback,2026-08-24T21:20:06.933414466Z,01M0TTA5CP45MHEBHBNGQ38XMR,2026-08-24T21:20:06.933414466Z,1787607298325,2026-08-24T21:34:58.326639097Z,true,2026-08-24T21:34:58.264835543Z,true,2026-08-24T21:34:58.347150696Z,01M0TTA5RFRCTRZNETXY3ZRPG8,2026-08-24T21:20:06.933414466Z
01M0TTKDXF6WJW7NX3BHHB8GGS,01M0TSZGJXR0N6DNTNARWRMFQ4,2026-08-24T21:25:10.191388297Z,3,2026-08-24T21:25:10.191388297Z,false,2026-08-24T21:25:10.191388297Z,01M0TSZGKM72FFW193EYG47F25,2026-08-24T21:25:10.191388297Z,1,2026-08-24T21:25:10.191388297Z,,,feedback,2026-08-24T21:25:10.191388297Z,01M0TTKDCEYY6CWSPP642Y6N9K,2026-08-24T21:25:10.191388297Z,,,false,2026-08-24T21:25:10.191388297Z,,,01M0TTKDXB11NB6904ZTAVSN98,2026-08-24T21:25:10.191388297Z
01M0TTKDWX8EP922WHRR94M2B8,01M0TSZGJXR0N6DNTNARWRMFQ4,2026-08-24T21:25:10.173722329Z,60,2026-08-24T21:25:10.173722329Z,false,2026-08-24T21:25:10.173722329Z,01M0TSZGKM72FFW193EYG47F25,2026-08-24T21:25:10.173722329Z,0,2026-08-24T21:25:10.173722329Z,,,selection,2026-08-24T21:25:10.173722329Z,01M0TTKDAZ62EAFTYHTEY7S4R4,2026-08-24T21:25:10.173722329Z,,,false,2026-08-24T21:25:10.173722329Z,,,01M0TTKDWSX28PNG8X9ERFCEJM,2026-08-24T21:25:10.173722329Z
01M0TTNS04FG89P9R7TQWBFSFA,01M0TSZGJXR0N6DNTNARWRMFQ4,2026-08-24T21:26:27.076970704Z,60,2026-08-24T21:26:27.076970704Z,false,2026-08-24T21:26:27.076970704Z,01M0TSZGKJQW5S4GCP9150DNN9,2026-08-24T21:26:27.076970704Z,0,2026-08-24T21:26:27.076970704Z,,,selection,2026-08-24T21:26:27.076970704Z,01M0TTNRHKQSTWQ86QYW0S42BW,2026-08-24T21:26:27.076970704Z,,,false,2026-08-24T21:26:27.076970704Z,,,01M0TTNS0090J7NQPKYKDJ20YN,2026-08-24T21:26:27.076970704Z
01M0TTEYFNN9GM4GZZCZB88HAV,01M0TSZEX52H0PZDJFB4JNEAFW,2026-08-24T21:22:43.317352628Z,3,2026-08-24T21:22:43.317352628Z,true,2026-08-24T21:35:42.428737178Z,01M0TSZEY44B7XSP574QH2WQPJ,2026-08-24T21:22:43.317352628Z,1,2026-08-24T21:22:43.317352628Z,true,2026-08-24T21:35:39.39336944Z,feedback,2026-08-24T21:22:43.317352628Z,01M0TTEY4A2YK32WC0RY8QM5QC,2026-08-24T21:22:43.317352628Z,1787607339403,2026-08-24T21:35:39.405127474Z,true,2026-08-24T21:35:39.352766755Z,true,2026-08-24T21:35:39.417743855Z,01M0TTEYFHFSS0K6W7S7BNZZGM,2026-08-24T21:22:43.317352628Z
01M0TTK1ZKR25EJR22F62J9209,01M0TSZEX52H0PZDJFB4JNEAFW,2026-08-24T21:24:57.971621798Z,60,2026-08-24T21:24:57.971621798Z,true,2026-08-24T22:10:20.684597375Z,01M0TSZEY54T11A9AMGVA6T4ZB,2026-08-24T21:24:57.971621798Z,0,2026-08-24T21:24:57.971621798Z,true,2026-08-24T22:09:43.40582145Z,selection,2026-08-24T21:24:57.971621798Z,01M0TTK12T6T9H3N73NE4SXN10,2026-08-24T21:24:57.971621798Z,1787609383415,2026-08-24T22:09:43.417285505Z,true,2026-08-24T22:09:43.348760995Z,true,2026-08-24T22:09:43.431597514Z,01M0TTK1ZE35T4BKXP0WZB18QK,2026-08-24T21:24:57.971621798Z
01M0TTEYYFHDRGPPH73CG8J3EC,01M0TSZEX52H0PZDJFB4JNEAFW,2026-08-24T21:22:43.791616961Z,60,2026-08-24T21:22:43.791616961Z,true,2026-08-24T21:52:58.022995349Z,01M0TSZEY44B7XSP574QH2WQPJ,2026-08-24T21:22:43.791616961Z,0,2026-08-24T21:22:43.791616961Z,true,2026-08-24T21:52:34.82793123Z,selection,2026-08-24T21:22:43.791616961Z,01M0TTEY72PB1AHJV3H1NR7VE3,2026-08-24T21:22:43.791616961Z,1787608354841,2026-08-24T21:52:34.843258315Z,true,2026-08-24T21:52:34.793800536Z,true,2026-08-24T21:52:34.860320922Z,01M0TTEYYBT4762D8WSYJ2K10E,2026-08-24T21:22:43.791616961Z
01M0TTNS1JPN4FZ0Y7QC4JQAB1,01M0TSZGJXR0N6DNTNARWRMFQ4,2026-08-24T21:26:27.12258539Z,3,2026-08-24T21:26:27.12258539Z,false,2026-08-24T21:26:27.12258539Z,01M0TSZGKJQW5S4GCP9150DNN9,2026-08-24T21:26:27.12258539Z,1,2026-08-24T21:26:27.12258539Z,,,feedback,2026-08-24T21:26:27.12258539Z,01M0TTNRHBW5SJQ753VTN9HFHF,2026-08-24T21:26:27.12258539Z,,,false,2026-08-24T21:26:27.12258539Z,,,01M0TTNS1D8PTBRN89XXDCG68Q,2026-08-24T21:26:27.12258539Z
01M0TV7KCF2TX3FDMBK80Q81JH,01M0TTMTH8JPTHXWGXYEY1VFR8,2026-08-24T21:36:11.1533991Z,3,2026-08-24T21:36:11.1533991Z,true,2026-08-24T21:50:36.551428438Z,01M0TTMWM9GSP2NP0T4CET96EB,2026-08-24T21:36:11.1533991Z,1,2026-08-24T21:36:11.1533991Z,true,2026-08-24T21:50:33.507741026Z,feedback,2026-08-24T21:36:11.1533991Z,01M0TV7JP7EXYF7342M8ABQ8YV,2026-08-24T21:36:11.1533991Z,1787608233519,2026-08-24T21:50:33.521178355Z,true,2026-08-24T21:50:33.468929158Z,true,2026-08-24T21:50:33.536049341Z,01M0TV7KC7Q89W7TKEPEQ4D751,2026-08-24T21:36:11.1533991Z
01M0TT9KQ1DW39RDN5ATC70KH9,01M0TSZGJXR0N6DNTNARWRMFQ4,2026-08-24T21:19:48.449929068Z,3,2026-08-24T21:19:48.449929068Z,false,2026-08-24T21:19:48.449929068Z,01M0TSZGKE32G3R2H2EPQFBQNN,2026-08-24T21:19:48.449929068Z,1,2026-08-24T21:19:48.449929068Z,,,feedback,2026-08-24T21:19:48.449929068Z,01M0TT9KED7D8MS29P27D35D9H,2026-08-24T21:19:48.449929068Z,,,false,2026-08-24T21:19:48.449929068Z,,,01M0TT9KPWZG4CMK1DJRB8RDYR,2026-08-24T21:19:48.449929068Z
01M0TTA670JT6QBJE79PC89910,01M0TSZV7X3D77NKMM5CDCW4Z6,2026-08-24T21:20:07.392231353Z,60,2026-08-24T21:20:07.392231353Z,true,2026-08-24T21:46:04.845689093Z,01M0TSZV8KEDQHAT4X3FNKVS2B,2026-08-24T21:20:07.392231353Z,0,2026-08-24T21:20:07.392231353Z,true,2026-08-24T21:45:52.717033667Z,selection,2026-08-24T21:20:07.392231353Z,01M0TTA584R4H41N0028JTJYXK,2026-08-24T21:20:07.392231353Z,1787607952726,2026-08-24T21:45:52.727410612Z,true,2026-08-24T21:45:52.674328192Z,true,2026-08-24T21:45:52.740634239Z,01M0TTA66DAV5707ZQVAQ7XEJP,2026-08-24T21:20:07.392231353Z
01M0TVKB7SP0N1BPJYEJZ2897P,01M0TTMTH8JPTHXWGXYEY1VFR8,2026-08-24T21:42:36.026120244Z,3,2026-08-24T21:42:36.026120244Z,true,2026-08-24T21:58:00.764823233Z,01M0TTMWMG725DJ5GA5M4WD8SY,2026-08-24T21:42:36.026120244Z,1,2026-08-24T21:42:36.026120244Z,true,2026-08-24T21:57:57.726670756Z,feedback,2026-08-24T21:42:36.026120244Z,01M0TVK9S95NPWF977S0J9G1JX,2026-08-24T21:42:36.026120244Z,1787608677738,2026-08-24T21:57:57.739564978Z,true,2026-08-24T21:57:57.680989591Z,true,2026-08-24T21:57:57.759441556Z,01M0TVKB7H194DGYX03SXNN1JY,2026-08-24T21:42:36.026120244Z
01M0TTKNCAJT3TXMW6ZYNGMMX5,01M0TSZEX52H0PZDJFB4JNEAFW,2026-08-24T21:25:17.834338977Z,60,2026-08-24T21:25:17.834338977Z,true,2026-08-24T21:40:09.075401436Z,01M0TSZEY173D8F3KEP071GR06,2026-08-24T21:25:17.834338977Z,0,2026-08-24T21:25:17.834338977Z,true,2026-08-24T21:39:39.497912995Z,selection,2026-08-24T21:25:17.834338977Z,01M0TTKMTXC146RW0950DANKEG,2026-08-24T21:25:17.834338977Z,1787607579534,2026-08-24T21:39:39.545343064Z,true,2026-08-24T21:39:39.459633565Z,true,2026-08-24T21:39:39.59300106Z,01M0TTKNC5E221CFVZT1BPB46F,2026-08-24T21:25:17.834338977Z
01M0TTNS5SAT7QTKPPEXESC0CK,01M0TSZGJXR0N6DNTNARWRMFQ4,2026-08-24T21:26:27.257540154Z,60,2026-08-24T21:26:27.257540154Z,false,2026-08-24T21:26:27.257540154Z,01M0TSZGKJQW5S4GCP9150DNN9,2026-08-24T21:26:27.257540154Z,0,2026-08-24T21:26:27.257540154Z,,,selection,2026-08-24T21:26:27.257540154Z,01M0TTNRCYE9ARGXM7X2BADZ0V,2026-08-24T21:26:27.257540154Z,,,false,2026-08-24T21:26:27.257540154Z,,,01M0TTNS5KX77K8ZMYW23XVNN5,2026-08-24T21:26:27.257540154Z
01M0TTNSDF4AD78JNV7HFC2QVG,01M0TSZGJXR0N6DNTNARWRMFQ4,2026-08-24T21:26:27.504692182Z,3,2026-08-24T21:26:27.504692182Z,false,2026-08-24T21:26:27.504692182Z,01M0TSZGKJQW5S4GCP9150DNN9,2026-08-24T21:26:27.504692182Z,1,2026-08-24T21:26:27.504692182Z,,,feedback,2026-08-24T21:26:27.504692182Z,01M0TTNRM0KD12VFWZ94Q3NAQF,2026-08-24T21:26:27.504692182Z,,,false,2026-08-24T21:26:27.504692182Z,,,01M0TTNSD8EPACCHDC2V2DMMFE,2026-08-24T21:26:27.504692182Z
01M0TV7M3A88DY7JXZMQFWAFAV,01M0TTMTH8JPTHXWGXYEY1VFR8,2026-08-24T21:36:11.884192138Z,3,2026-08-24T21:36:11.884192138Z,true,2026-08-24T22:00:08.94064641Z,01M0TTMWM9GSP2NP0T4CET96EB,2026-08-24T21:36:11.884192138Z,1,2026-08-24T21:36:11.884192138Z,true,2026-08-24T22:00:05.905926782Z,feedback,2026-08-24T21:36:11.884192138Z,01M0TV7JYGHG6C39P11FHD4FHP,2026-08-24T21:36:11.884192138Z,1787608805920,2026-08-24T22:00:05.921981979Z,true,2026-08-24T22:00:05.864704677Z,true,2026-08-24T22:00:05.939584413Z,01M0TV7M30KRA16JT8Z07P0PH0,2026-08-24T21:36:11.884192138Z
01M0TTKN9KCK0K9HS6SZVSFQ8V,01M0TSZEX52H0PZDJFB4JNEAFW,2026-08-24T21:25:17.747698015Z,3,2026-08-24T21:25:17.747698015Z,true,2026-08-24T21:37:58.27258517Z,01M0TSZEY173D8F3KEP071GR06,2026-08-24T21:25:17.747698015Z,1,2026-08-24T21:25:17.747698015Z,true,2026-08-24T21:37:55.238230748Z,feedback,2026-08-24T21:25:17.747698015Z,01M0TTKMT6SENPRWDNEFVYRDVQ,2026-08-24T21:25:17.747698015Z,1787607475246,2026-08-24T21:37:55.248136042Z,true,2026-08-24T21:37:55.208740411Z,true,2026-08-24T21:37:55.258873203Z,01M0TTKN9EY5BBA4TMK5QMR2M4,2026-08-24T21:25:17.747698015Z
01M0TTKNA6W979QBN2YR0QKDYS,01M0TSZEX52H0PZDJFB4JNEAFW,2026-08-24T21:25:17.766765065Z,3,2026-08-24T21:25:17.766765065Z,true,2026-08-24T21:38:22.445823081Z,01M0TSZEY173D8F3KEP071GR06,2026-08-24T21:25:17.766765065Z,1,2026-08-24T21:25:17.766765065Z,true,2026-08-24T21:38:19.420575506Z,feedback,2026-08-24T21:25:17.766765065Z,01M0TTKMT9HASW94ZQQMFY4VD8,2026-08-24T21:25:17.766765065Z,1787607499427,2026-08-24T21:38:19.429188237Z,true,2026-08-24T21:38:19.381598449Z,true,2026-08-24T21:38:19.443616829Z,01M0TTKNA2B3MZDYNV0E1HE7M9,2026-08-24T21:25:17.766765065Z
01M0TV7K71183HTPCADVQE4QF5,01M0TTMTH8JPTHXWGXYEY1VFR8,2026-08-24T21:36:10.977754606Z,3,2026-08-24T21:36:10.977754606Z,true,2026-08-24T21:46:51.884769872Z,01M0TTMWM9GSP2NP0T4CET96EB,2026-08-24T21:36:10.977754606Z,1,2026-08-24T21:36:10.977754606Z,true,2026-08-24T21:46:48.861434295Z,feedback,2026-08-24T21:36:10.977754606Z,01M0TV7JSZAXRR3QSM5JXEYEGR,2026-08-24T21:36:10.977754606Z,1787608008868,2026-08-24T21:46:48.869969174Z,true,2026-08-24T21:46:48.828929728Z,true,2026-08-24T21:46:48.885078566Z,01M0TV7K6RXM29SEGYHSS15GG5,2026-08-24T21:36:10.977754606Z
01M0TT9M5DE352VK10M62YG42G,01M0TSZGJXR0N6DNTNARWRMFQ4,2026-08-24T21:19:48.909542366Z,3,2026-08-24T21:19:48.909542366Z,false,2026-08-24T21:19:48.909542366Z,01M0TSZGKE32G3R2H2EPQFBQNN,2026-08-24T21:19:48.909542366Z,1,2026-08-24T21:19:48.909542366Z,,,feedback,2026-08-24T21:19:48.909542366Z,01M0TT9KFGX37CJCRGMHHJC9JX,2026-08-24T21:19:48.909542366Z,,,false,2026-08-24T21:19:48.909542366Z,,,01M0TT9M59WZ06GJ90CYTTT102,2026-08-24T21:19:48.909542366Z
01M0TTKN6E7W10AHV780GGDZEF,01M0TSZEX52H0PZDJFB4JNEAFW,2026-08-24T21:25:17.646404865Z,3,2026-08-24T21:25:17.646404865Z,true,2026-08-24T21:36:05.706073052Z,01M0TSZEY173D8F3KEP071GR06,2026-08-24T21:25:17.646404865Z,1,2026-08-24T21:25:17.646404865Z,true,2026-08-24T21:36:02.674326071Z,feedback,2026-08-24T21:25:17.646404865Z,01M0TTKMV051QENXBRKHEFT6SY,2026-08-24T21:25:17.646404865Z,1787607362684,2026-08-24T21:36:02.68636631Z,true,2026-08-24T21:36:02.636774576Z,true,2026-08-24T21:36:02.704493865Z,01M0TTKN68R4J14JKTRGY99AFA,2026-08-24T21:25:17.646404865Z
01M0TT9MCR263J6H8R62AQKNN7,01M0TSZGJXR0N6DNTNARWRMFQ4,2026-08-24T21:19:49.14439148Z,3,2026-08-24T21:19:49.14439148Z,false,2026-08-24T21:19:49.14439148Z,01M0TSZGKE32G3R2H2EPQFBQNN,2026-08-24T21:19:49.14439148Z,1,2026-08-24T21:19:49.14439148Z,,,feedback,2026-08-24T21:19:49.14439148Z,01M0TT9KK5RBRE6T1ZYSFR3TVA,2026-08-24T21:19:49.14439148Z,,,false,2026-08-24T21:19:49.14439148Z,,,01M0TT9MCM9WHZA3J4AW57Y2ZR,2026-08-24T21:19:49.14439148Z
01M0TTEYP0E2C0CS349BCSDPH5,01M0TSZEX52H0PZDJFB4JNEAFW,2026-08-24T21:22:43.520847245Z,3,2026-08-24T21:22:43.520847245Z,true,2026-08-24T21:44:17.737223421Z,01M0TSZEY44B7XSP574QH2WQPJ,2026-08-24T21:22:43.520847245Z,1,2026-08-24T21:22:43.520847245Z,true,2026-08-24T21:44:14.698046956Z,feedback,2026-08-24T21:22:43.520847245Z,01M0TTEY4SGFP888K4FS0WW8C6,2026-08-24T21:22:43.520847245Z,1787607854708,2026-08-24T21:44:14.710486142Z,true,2026-08-24T21:44:14.662685441Z,true,2026-08-24T21:44:14.725757758Z,01M0TTEYNXRH62YC6X4YRW2X3Q,2026-08-24T21:22:43.520847245Z
01M0TTMRZWJA3KYDA20XMDBGCX,01M0TSZV7X3D77NKMM5CDCW4Z6,2026-08-24T21:25:54.300283029Z,3,2026-08-24T21:25:54.300283029Z,true,2026-08-24T21:54:47.893964944Z,01M0TSZV8ERABP36QP2627EVMT,2026-08-24T21:25:54.300283029Z,1,2026-08-24T21:25:54.300283029Z,true,2026-08-24T21:54:44.862873942Z,feedback,2026-08-24T21:25:54.300283029Z,01M0TTMQZ0059VEGB2Z80KVV69,2026-08-24T21:25:54.300283029Z,1787608484875,2026-08-24T21:54:44.877352216Z,true,2026-08-24T21:54:44.817080998Z,true,2026-08-24T21:54:44.895346674Z,01M0TTMRZQVRG9H3ZS1TYFXJ4J,2026-08-24T21:25:54.300283029Z
01M0TTNS4K362MF4XKXTQJ3N2Y,01M0TSZGJXR0N6DNTNARWRMFQ4,2026-08-24T21:26:27.219714273Z,3,2026-08-24T21:26:27.219714273Z,false,2026-08-24T21:26:27.219714273Z,01M0TSZGKJQW5S4GCP9150DNN9,2026-08-24T21:26:27.219714273Z,1,2026-08-24T21:26:27.219714273Z,,,feedback,2026-08-24T21:26:27.219714273Z,01M0TTNRF4D16FXTAAMR7XQNAJ,2026-08-24T21:26:27.219714273Z,,,false,2026-08-24T21:26:27.219714273Z,,,01M0TTNS4D241CCPZS9VTTKZVB,2026-08-24T21:26:27.219714273Z
01M0TTNS9RENW5D03GMZH2D79V,01M0TSZGJXR0N6DNTNARWRMFQ4,2026-08-24T21:26:27.384881208Z,60,2026-08-24T21:26:27.384881208Z,false,2026-08-24T21:26:27.384881208Z,01M0TSZGKJQW5S4GCP9150DNN9,2026-08-24T21:26:27.384881208Z,0,2026-08-24T21:26:27.384881208Z,,,selection,2026-08-24T21:26:27.384881208Z,01M0TTNRN893GR48G1S6HQGDYK,2026-08-24T21:26:27.384881208Z,,,false,2026-08-24T21:26:27.384881208Z,,,01M0TTNS9M5HMNSJGBW4RCTMX0,2026-08-24T21:26:27.384881208Z
01M0TTTR3NYN1EQZ6AHRD0JHR1,01M0TSZV7X3D77NKMM5CDCW4Z6,2026-08-24T21:29:10.005084235Z,60,2026-08-24T21:29:10.005084235Z,true,2026-08-24T22:06:08.811446378Z,01M0TSZV8KEDQHAT4X33M1GG1C,2026-08-24T21:29:10.005084235Z,0,2026-08-24T21:29:10.005084235Z,true,2026-08-24T22:05:20.372795181Z,selection,2026-08-24T21:29:10.005084235Z,01M0TTTPMR5HCH21N45VXXC8DS,2026-08-24T21:29:10.005084235Z,1787609120388,2026-08-24T22:05:20.390176869Z,true,2026-08-24T22:05:20.319135529Z,true,2026-08-24T22:05:20.403606924Z,01M0TTTR3630RGHTX8X0B52B2D,2026-08-24T21:29:10.005084235Z
01M0TTTRF4BKT47CB43DFSZGFR,01M0TSZV7X3D77NKMM5CDCW4Z6,2026-08-24T21:29:10.372755732Z,60,2026-08-24T21:29:10.372755732Z,true,2026-08-24T22:11:28.363675892Z,01M0TSZV8KEDQHAT4X33M1GG1C,2026-08-24T21:29:10.372755732Z,0,2026-08-24T21:29:10.372755732Z,true,2026-08-24T22:11:07.621044287Z,selection,2026-08-24T21:29:10.372755732Z,01M0TTTPR87JX4X74108CPPSQ5,2026-08-24T21:29:10.372755732Z,1787609467638,2026-08-24T22:11:07.640106042Z,true,2026-08-24T22:11:07.578278399Z,true,2026-08-24T22:11:07.657324407Z,01M0TTTREV9V1VTDF3X8FCWTT0,2026-08-24T21:29:10.372755732Z
01M0TV7K6V128F0QGY4GPKRZD9,01M0TTMTH8JPTHXWGXYEY1VFR8,2026-08-24T21:36:10.971528179Z,60,2026-08-24T21:36:10.971528179Z,true,2026-08-24T21:46:48.801960208Z,01M0TTMWM9GSP2NP0T4CET96EB,2026-08-24T21:36:10.971528179Z,0,2026-08-24T21:36:10.971528179Z,true,2026-08-24T21:46:05.125720333Z,selection,2026-08-24T21:36:10.971528179Z,01M0TV7JSZAXRR3QSM5JXEYEGR,2026-08-24T21:36:10.971528179Z,1787607965137,2026-08-24T21:46:05.138205679Z,true,2026-08-24T21:46:05.098839528Z,true,2026-08-24T21:46:05.150196626Z,01M0TV7K6P4EFD0Z258P2ZM26E,2026-08-24T21:36:10.971528179Z
01M0TTKNDGWFVZ1DQY7VZD3TMV,01M0TSZEX52H0PZDJFB4JNEAFW,2026-08-24T21:25:17.874259871Z,3,2026-08-24T21:25:17.874259871Z,true,2026-08-24T21:41:03.173030562Z,01M0TSZEY173D8F3KEP071GR06,2026-08-24T21:25:17.874259871Z,1,2026-08-24T21:25:17.874259871Z,true,2026-08-24T21:41:00.141242406Z,feedback,2026-08-24T21:25:17.874259871Z,01M0TTKMVAXEH6G7KS70HHN6RV,2026-08-24T21:25:17.874259871Z,1787607660149,2026-08-24T21:41:00.151131369Z,true,2026-08-24T21:41:00.104142978Z,true,2026-08-24T21:41:00.171870021Z,01M0TTKNDAZCA2T2ZX60YKNQQM,2026-08-24T21:25:17.874259871Z
01M0TTMRAPWYFGVMBTTA7ESDXX,01M0TSZV7X3D77NKMM5CDCW4Z6,2026-08-24T21:25:53.622976596Z,3,2026-08-24T21:25:53.622976596Z,true,2026-08-24T21:41:28.508244678Z,01M0TSZV8ERABP36QP2627EVMT,2026-08-24T21:25:53.622976596Z,1,2026-08-24T21:25:53.622976596Z,true,2026-08-24T21:41:25.481715321Z,feedback,2026-08-24T21:25:53.622976596Z,01M0TTMQT5JRJRVW2VZ2RYY4VE,2026-08-24T21:25:53.622976596Z,1787607685490,2026-08-24T21:41:25.492117366Z,true,2026-08-24T21:41:25.445251652Z,true,2026-08-24T21:41:25.504639505Z,01M0TTMRAJKTBKR6Q5YPA7RYXX,2026-08-24T21:25:53.622976596Z
01M0TV7M612PG5CRY83TX90FYC,01M0TTMTH8JPTHXWGXYEY1VFR8,2026-08-24T21:36:11.969499326Z,60,2026-08-24T21:36:11.969499326Z,true,2026-08-24T22:01:06.902183647Z,01M0TTMWM9GSP2NP0T4CET96EB,2026-08-24T21:36:11.969499326Z,0,2026-08-24T21:36:11.969499326Z,true,2026-08-24T22:00:55.539997479Z,selection,2026-08-24T21:36:11.969499326Z,01M0TV7JXMZP9M4KPNNYF4YY09,2026-08-24T21:36:11.969499326Z,1787608855552,2026-08-24T22:00:55.553671033Z,true,2026-08-24T22:00:55.486113365Z,true,2026-08-24T22:00:55.569986041Z,01M0TV7M5TR1S8DRSMXQ17QC72,2026-08-24T21:36:11.969499326Z
01M0TVKBD8V69A7JY5WGMYJ9N7,01M0TTMTH8JPTHXWGXYEY1VFR8,2026-08-24T21:42:36.200120036Z,60,2026-08-24T21:42:36.200120036Z,true,2026-08-24T21:59:18.088468569Z,01M0TTMWMG725DJ5GA5M4WD8SY,2026-08-24T21:42:36.200120036Z,0,2026-08-24T21:42:36.200120036Z,true,2026-08-24T21:59:11.327310725Z,selection,2026-08-24T21:42:36.200120036Z,01M0TVK9Z7TNT3XK2YF9F7F9V9,2026-08-24T21:42:36.200120036Z,1787608751345,2026-08-24T21:59:11.346407964Z,true,2026-08-24T21:59:11.285836699Z,true,2026-08-24T21:59:11.362403805Z,01M0TVKBD30R3H1XRSETZ64PQV,2026-08-24T21:42:36.200120036Z
01M0TTA64YVPNDBA2K1DMWGWQB,01M0TSZV7X3D77NKMM5CDCW4Z6,2026-08-24T21:20:07.326666661Z,60,2026-08-24T21:20:07.326666661Z,true,2026-08-24T21:45:05.54551831Z,01M0TSZV8KEDQHAT4X3FNKVS2B,2026-08-24T21:20:07.326666661Z,0,2026-08-24T21:20:07.326666661Z,true,2026-08-24T21:44:44.612185256Z,selection,2026-08-24T21:20:07.326666661Z,01M0TTA58J1V5SM68HADTMV3Q3,2026-08-24T21:20:07.326666661Z,1787607884619,2026-08-24T21:44:44.620926531Z,true,2026-08-24T21:44:44.577525163Z,true,2026-08-24T21:44:44.636756605Z,01M0TTA64SC54ED2SEQCJXBXW9,2026-08-24T21:20:07.326666661Z
01M0TTYR17S6MR2M2MFK59W0XA,01M0TTMTH8JPTHXWGXYEY1VFR8,2026-08-24T21:31:20.99983944Z,3,2026-08-24T21:31:20.99983944Z,true,2026-08-24T21:54:14.880563564Z,01M0TTMWMDPGAHQRDA7BZJ8FEZ,2026-08-24T21:31:20.99983944Z,1,2026-08-24T21:31:20.99983944Z,true,2026-08-24T21:54:11.849263417Z,feedback,2026-08-24T21:31:20.99983944Z,01M0TTYQ0K466PHSHX8Z280YB3,2026-08-24T21:31:20.99983944Z,1787608451862,2026-08-24T21:54:11.863454427Z,true,2026-08-24T21:54:11.801413283Z,true,2026-08-24T21:54:11.884560619Z,01M0TTYR0VD55SNTEKTE9YGVRB,2026-08-24T21:31:20.99983944Z
01M0TTTQ48P7Z3GHECQ0G75TS5,01M0TSZV7X3D77NKMM5CDCW4Z6,2026-08-24T21:29:09.000343528Z,60,2026-08-24T21:29:09.000343528Z,true,2026-08-24T21:48:07.412188505Z,01M0TSZV8KEDQHAT4X33M1GG1C,2026-08-24T21:29:09.000343528Z,0,2026-08-24T21:29:09.000343528Z,true,2026-08-24T21:47:31.732889242Z,selection,2026-08-24T21:29:09.000343528Z,01M0TTTPPN8HNEJE9PSW70CADJ,2026-08-24T21:29:09.000343528Z,1787608051745,2026-08-24T21:47:31.746474999Z,true,2026-08-24T21:47:31.689803677Z,true,2026-08-24T21:47:31.762294Z,01M0TTTQ3ZTSM6RS08DDHPTN99,2026-08-24T21:29:09.000343528Z
01M0TV7KEFFVZGJBE6ER1DBSWV,01M0TTMTH8JPTHXWGXYEY1VFR8,2026-08-24T21:36:11.217156527Z,3,2026-08-24T21:36:11.217156527Z,true,2026-08-24T21:51:45.757062458Z,01M0TTMWM9GSP2NP0T4CET96EB,2026-08-24T21:36:11.217156527Z,1,2026-08-24T21:36:11.217156527Z,true,2026-08-24T21:51:42.729030297Z,feedback,2026-08-24T21:36:11.217156527Z,01M0TV7JNR1T9J63G7H07N8PNB,2026-08-24T21:36:11.217156527Z,1787608302739,2026-08-24T21:51:42.740996514Z,true,2026-08-24T21:51:42.692488589Z,true,2026-08-24T21:51:42.753011507Z,01M0TV7KE7QWH43B9VZPZ0011M,2026-08-24T21:36:11.217156527Z
01M0TVKAVR8SD3APXT9J1K2673,01M0TTMTH8JPTHXWGXYEY1VFR8,2026-08-24T21:42:35.640541562Z,3,2026-08-24T21:42:35.640541562Z,true,2026-08-24T21:55:06.721510367Z,01M0TTMWMG725DJ5GA5M4WD8SY,2026-08-24T21:42:35.640541562Z,1,2026-08-24T21:42:35.640541562Z,true,2026-08-24T21:55:03.6637313Z,feedback,2026-08-24T21:42:35.640541562Z,01M0TVK9NNQZZE8RDB14FJCEFQ,2026-08-24T21:42:35.640541562Z,1787608503675,2026-08-24T21:55:03.687864576Z,true,2026-08-24T21:55:03.604667673Z,true,2026-08-24T21:55:03.703837659Z,01M0TVKAVC0TWJWXBGZG4RN8BX,2026-08-24T21:42:35.640541562Z
01M0TTTQ02XZNJPKF2MWV3TAD3,01M0TSZV7X3D77NKMM5CDCW4Z6,2026-08-24T21:29:08.866405192Z,60,2026-08-24T21:29:08.866405192Z,true,2026-08-24T21:44:20.96978366Z,01M0TSZV8KEDQHAT4X33M1GG1C,2026-08-24T21:29:08.866405192Z,0,2026-08-24T21:29:08.866405192Z,true,2026-08-24T21:43:22.451898382Z,selection,2026-08-24T21:29:08.866405192Z,01M0TTTPQJQPN7TD9DE8N9H0T6,2026-08-24T21:29:08.866405192Z,1787607802459,2026-08-24T21:43:22.460620071Z,true,2026-08-24T21:43:22.424320681Z,true,2026-08-24T21:43:22.475384702Z,01M0TTTPZQXQQ91S22R2EGVX2B,2026-08-24T21:29:08.866405192Z
01M0TTTQ09DPW9P074F55VR0JP,01M0TSZV7X3D77NKMM5CDCW4Z6,2026-08-24T21:29:08.873636618Z,3,2026-08-24T21:29:08.873636618Z,true,2026-08-24T21:44:24.0752265Z,01M0TSZV8KEDQHAT4X33M1GG1C,2026-08-24T21:29:08.873636618Z,1,2026-08-24T21:29:08.873636618Z,true,2026-08-24T21:44:21.036055294Z,feedback,2026-08-24T21:29:08.873636618Z,01M0TTTPQJQPN7TD9DE8N9H0T6,2026-08-24T21:29:08.873636618Z,1787607861045,2026-08-24T21:44:21.04728301Z,true,2026-08-24T21:44:20.993175212Z,true,2026-08-24T21:44:21.062172142Z,01M0TTTPZXTJQ910CR8CDQTEEV,2026-08-24T21:29:08.873636618Z
01M0TTYRQZ13JPW4P1K5P9NGMD,01M0TTMTH8JPTHXWGXYEY1VFR8,2026-08-24T21:31:21.727641395Z,60,2026-08-24T21:31:21.727641395Z,false,2026-08-24T21:31:21.727641395Z,01M0TTMWMDPGAHQRDA7BZJ8FEZ,2026-08-24T21:31:21.727641395Z,0,2026-08-24T21:31:21.727641395Z,,,selection,2026-08-24T21:31:21.727641395Z,01M0TTYQDV1P5NSN9KNG6ERN65,2026-08-24T21:31:21.727641395Z,,,false,2026-08-24T21:31:21.727641395Z,,,01M0TTYRQRHSDACV4T0SBEMAQ3,2026-08-24T21:31:21.727641395Z
01M0TTKNSHN2TNS8G3SKPS877A,01M0TSZEX52H0PZDJFB4JNEAFW,2026-08-24T21:25:18.257875758Z,60,2026-08-24T21:25:18.257875758Z,true,2026-08-24T21:49:42.42253429Z,01M0TSZEY173D8F3KEP071GR06,2026-08-24T21:25:18.257875758Z,0,2026-08-24T21:25:18.257875758Z,true,2026-08-24T21:49:25.599755179Z,selection,2026-08-24T21:25:18.257875758Z,01M0TTKN24NJX9HW2XWH1KQ8FR,2026-08-24T21:25:18.257875758Z,1787608165613,2026-08-24T21:49:25.616335906Z,true,2026-08-24T21:49:25.555308502Z,true,2026-08-24T21:49:25.652472301Z,01M0TTKNSBM0CF0A3YZFJ047KP,2026-08-24T21:25:18.257875758Z
01M0TTNSJPWPHNQW5HS81E0XZZ,01M0TSZGJXR0N6DNTNARWRMFQ4,2026-08-24T21:26:27.670182224Z,60,2026-08-24T21:26:27.670182224Z,false,2026-08-24T21:26:27.670182224Z,01M0TSZGKJQW5S4GCP9150DNN9,2026-08-24T21:26:27.670182224Z,0,2026-08-24T21:26:27.670182224Z,,,selection,2026-08-24T21:26:27.670182224Z,01M0TTNRC6PRAX90X87R2VXVWB,2026-08-24T21:26:27.670182224Z,,,false,2026-08-24T21:26:27.670182224Z,,,01M0TTNSJJKGJM5G3JK4W0F746,2026-08-24T21:26:27.670182224Z
01M0TTA63ZJCSY5XZK1A87AV3B,01M0TSZV7X3D77NKMM5CDCW4Z6,2026-08-24T21:20:07.295853011Z,3,2026-08-24T21:20:07.295853011Z,true,2026-08-24T21:44:21.671587898Z,01M0TSZV8KEDQHAT4X3FNKVS2B,2026-08-24T21:20:07.295853011Z,1,2026-08-24T21:20:07.295853011Z,true,2026-08-24T21:44:18.647691526Z,feedback,2026-08-24T21:20:07.295853011Z,01M0TTA58SB2E7VDAXCKMSCJZF,2026-08-24T21:20:07.295853011Z,1787607858656,2026-08-24T21:44:18.657592657Z,true,2026-08-24T21:44:18.614517259Z,true,2026-08-24T21:44:18.66778445Z,01M0TTA63WW4X19CQ1PEHTJVZY,2026-08-24T21:20:07.295853011Z
01M0TTKN8YQVMSWKNRRB4ESVH4,01M0TSZEX52H0PZDJFB4JNEAFW,2026-08-24T21:25:17.727997676Z,3,2026-08-24T21:25:17.727997676Z,true,2026-08-24T21:37:32.817180468Z,01M0TSZEY173D8F3KEP071GR06,2026-08-24T21:25:17.727997676Z,1,2026-08-24T21:25:17.727997676Z,true,2026-08-24T21:37:29.79332383Z,feedback,2026-08-24T21:25:17.727997676Z,01M0TTKMSXWZHJGTQYDDZWN2WD,2026-08-24T21:25:17.727997676Z,1787607449803,2026-08-24T21:37:29.804426699Z,true,2026-08-24T21:37:29.766563329Z,true,2026-08-24T21:37:29.829366242Z,01M0TTKN8R4TQ6ZHJSWFM27MKN,2026-08-24T21:25:17.727997676Z
01M0TTMR9H8H65JXYG9WKX2AEV,01M0TSZV7X3D77NKMM5CDCW4Z6,2026-08-24T21:25:53.585369415Z,3,2026-08-24T21:25:53.585369415Z,true,2026-08-24T21:40:28.33736904Z,01M0TSZV8ERABP36QP2627EVMT,2026-08-24T21:25:53.585369415Z,1,2026-08-24T21:25:53.585369415Z,true,2026-08-24T21:40:25.297685911Z,feedback,2026-08-24T21:25:53.585369415Z,01M0TTMQSV9DGPZMHN55KM3GSA,2026-08-24T21:25:53.585369415Z,1787607625307,2026-08-24T21:40:25.309269771Z,true,2026-08-24T21:40:25.268133791Z,true,2026-08-24T21:40:25.321010053Z,01M0TTMR9C02VK1Y1K51ZYGWKH,2026-08-24T21:25:53.585369415Z
01M0TTMRVBNET2X7C6E4DS01T8,01M0TSZV7X3D77NKMM5CDCW4Z6,2026-08-24T21:25:54.156208421Z,3,2026-08-24T21:25:54.156208421Z,true,2026-08-24T21:52:27.7957457Z,01M0TSZV8ERABP36QP2627EVMT,2026-08-24T21:25:54.156208421Z,1,2026-08-24T21:25:54.156208421Z,true,2026-08-24T21:52:24.763175792Z,feedback,2026-08-24T21:25:54.156208421Z,01M0TTMQQBTCTCF3S8GTFMB3C1,2026-08-24T21:25:54.156208421Z,1787608344776,2026-08-24T21:52:24.778067361Z,true,2026-08-24T21:52:24.716178937Z,true,2026-08-24T21:52:24.796622673Z,01M0TTMRV6AQKNV0597AN7W580,2026-08-24T21:25:54.156208421Z
01M0TT9M4BX5WX9Z0NKSPVP53R,01M0TSZGJXR0N6DNTNARWRMFQ4,2026-08-24T21:19:48.875059319Z,3,2026-08-24T21:19:48.875059319Z,false,2026-08-24T21:19:48.875059319Z,01M0TSZGKE32G3R2H2EPQFBQNN,2026-08-24T21:19:48.875059319Z,1,2026-08-24T21:19:48.875059319Z,,,feedback,2026-08-24T21:19:48.875059319Z,01M0TT9KFH3Q5DMBAY8TCTXFP1,2026-08-24T21:19:48.875059319Z,,,false,2026-08-24T21:19:48.875059319Z,,,01M0TT9M4737WK0KYRS6HM84F7,2026-08-24T21:19:48.875059319Z
01M0TTEYVQGYJ9X102G3QJSJVX,01M0TSZEX52H0PZDJFB4JNEAFW,2026-08-24T21:22:43.703453103Z,3,2026-08-24T21:22:43.703453103Z,true,2026-08-24T21:49:57.002242874Z,01M0TSZEY44B7XSP574QH2WQPJ,2026-08-24T21:22:43.703453103Z,1,2026-08-24T21:22:43.703453103Z,true,2026-08-24T21:49:53.977689626Z,feedback,2026-08-24T21:22:43.703453103Z,01M0TTEY3V3GPCXRAB0KTB5A4J,2026-08-24T21:22:43.703453103Z,1787608193985,2026-08-24T21:49:53.986661622Z,true,2026-08-24T21:49:53.938944749Z,true,2026-08-24T21:49:54.001739803Z,01M0TTEYVMQZWED8RSRZBE2D90,2026-08-24T21:22:43.703453103Z
01M0TTNRTZAGXAY56R1DXSACTW,01M0TSZGJXR0N6DNTNARWRMFQ4,2026-08-24T21:26:26.91127454Z,3,2026-08-24T21:26:26.91127454Z,false,2026-08-24T21:26:26.91127454Z,01M0TSZGKJQW5S4GCP9150DNN9,2026-08-24T21:26:26.91127454Z,1,2026-08-24T21:26:26.91127454Z,,,feedback,2026-08-24T21:26:26.91127454Z,01M0TTNRJZNM0YCJXVEJ9TT3A8,2026-08-24T21:26:26.91127454Z,,,false,2026-08-24T21:26:26.91127454Z,,,01M0TTNRTRMC53V2RMYMA5N447,2026-08-24T21:26:26.91127454Z
01M0TTKNH4AYYDHRF376TJRM4G,01M0TSZEX52H0PZDJFB4JNEAFW,2026-08-24T21:25:17.988555897Z,3,2026-08-24T21:25:17.988555897Z,true,2026-08-24T21:43:23.444943517Z,01M0TSZEY173D8F3KEP071GR06,2026-08-24T21:25:17.988555897Z,1,2026-08-24T21:25:17.988555897Z,true,2026-08-24T21:43:20.40788706Z,feedback,2026-08-24T21:25:17.988555897Z,01M0TTKMWWW7NWG5XBYYBZFBDZ,2026-08-24T21:25:17.988555897Z,1787607800418,2026-08-24T21:43:20.420300853Z,true,2026-08-24T21:43:20.376036109Z,true,2026-08-24T21:43:20.430779368Z,01M0TTKNGYXVPH8RHXW56RHFYA,2026-08-24T21:25:17.988555897Z
01M0TTKNKG9DQ0XZ9GD5T4R10D,01M0TSZEX52H0PZDJFB4JNEAFW,2026-08-24T21:25:18.064546425Z,3,2026-08-24T21:25:18.064546425Z,true,2026-08-24T21:45:25.433591713Z,01M0TSZEY173D8F3KEP071GR06,2026-08-24T21:25:18.064546425Z,1,2026-08-24T21:25:18.064546425Z,true,2026-08-24T21:45:22.406245246Z,feedback,2026-08-24T21:25:18.064546425Z,01M0TTKMXJAEA1Z033SWQFCAA7,2026-08-24T21:25:18.064546425Z,1787607922415,2026-08-24T21:45:22.416585138Z,true,2026-08-24T21:45:22.366743507Z,true,2026-08-24T21:45:22.439069264Z,01M0TTKNKB0ATJPFTK5HN1732N,2026-08-24T21:25:18.064546425Z
01M0TTTQHZB9NP1TMRX69SFRJ1,01M0TSZV7X3D77NKMM5CDCW4Z6,2026-08-24T21:29:09.439869125Z,60,2026-08-24T21:29:09.439869125Z,true,2026-08-24T21:56:39.047491933Z,01M0TSZV8KEDQHAT4X33M1GG1C,2026-08-24T21:29:09.439869125Z,0,2026-08-24T21:29:09.439869125Z,true,2026-08-24T21:55:54.757235283Z,selection,2026-08-24T21:29:09.439869125Z,01M0TTTPG6W1DYMGG4SAQZTRQJ,2026-08-24T21:29:09.439869125Z,1787608554776,2026-08-24T21:55:54.77747318Z,true,2026-08-24T21:55:54.709691584Z,true,2026-08-24T21:55:54.794395264Z,01M0TTTQHRQ8BW5HW4G2367RZK,2026-08-24T21:29:09.439869125Z
01M0TV7KN8H8JAAJ5QHF35H45X,01M0TTMTH8JPTHXWGXYEY1VFR8,2026-08-24T21:36:11.432612179Z,3,2026-08-24T21:36:11.432612179Z,true,2026-08-24T21:55:08.882714084Z,01M0TTMWM9GSP2NP0T4CET96EB,2026-08-24T21:36:11.432612179Z,1,2026-08-24T21:36:11.432612179Z,true,2026-08-24T21:55:05.835736011Z,feedback,2026-08-24T21:36:11.432612179Z,01M0TV7K151C3A9EBSKKE9GGFA,2026-08-24T21:36:11.432612179Z,1787608505851,2026-08-24T21:55:05.852431481Z,true,2026-08-24T21:55:05.79215358Z,true,2026-08-24T21:55:05.86790097Z,01M0TV7KN2GDAZAF5BX0D06E6M,2026-08-24T21:36:11.432612179Z
01M0TV7MBQK0R5T3VGT46ZSRCT,01M0TTMTH8JPTHXWGXYEY1VFR8,2026-08-24T21:36:12.151759718Z,60,2026-08-24T21:36:12.151759718Z,true,2026-08-24T22:02:38.893247217Z,01M0TTMWM9GSP2NP0T4CET96EB,2026-08-24T21:36:12.151759718Z,0,2026-08-24T21:36:12.151759718Z,true,2026-08-24T22:02:31.516459859Z,selection,2026-08-24T21:36:12.151759718Z,01M0TV7JVS83NAZDS7NGE9W3E5,2026-08-24T21:36:12.151759718Z,1787608951532,2026-08-24T22:02:31.533787513Z,true,2026-08-24T22:02:31.467039988Z,true,2026-08-24T22:02:31.550657936Z,01M0TV7MBGBQYHE40XY1PRWC37,2026-08-24T21:36:12.151759718Z
01M0TTA698RC61212XKCGS1SVG,01M0TSZV7X3D77NKMM5CDCW4Z6,2026-08-24T21:20:07.464256716Z,3,2026-08-24T21:20:07.464256716Z,true,2026-08-24T21:48:05.692897982Z,01M0TSZV8KEDQHAT4X3FNKVS2B,2026-08-24T21:20:07.464256716Z,1,2026-08-24T21:20:07.464256716Z,true,2026-08-24T21:48:02.666908958Z,feedback,2026-08-24T21:20:07.464256716Z,01M0TTA57Y7VCTCEJ68H134ERM,2026-08-24T21:20:07.464256716Z,1787608082674,2026-08-24T21:48:02.675888984Z,true,2026-08-24T21:48:02.633075499Z,true,2026-08-24T21:48:02.68887289Z,01M0TTA694WGFZAXR5ZFXVKSTY,2026-08-24T21:20:07.464256716Z
01M0TTKDN9GY52VFR8D8T6BQPS,01M0TSZGJXR0N6DNTNARWRMFQ4,2026-08-24T21:25:09.929512962Z,3,2026-08-24T21:25:09.929512962Z,false,2026-08-24T21:25:09.929512962Z,01M0TSZGKM72FFW193EYG47F25,2026-08-24T21:25:09.929512962Z,1,2026-08-24T21:25:09.929512962Z,,,feedback,2026-08-24T21:25:09.929512962Z,01M0TTKD9CBXZ9A2NYQ9RP0641,2026-08-24T21:25:09.929512962Z,,,false,2026-08-24T21:25:09.929512962Z,,,01M0TTKDN42FYXCTRGTBFCWJZS,2026-08-24T21:25:09.929512962Z
01M0TTKDV6WTJC5507GSBZ0YYH,01M0TSZGJXR0N6DNTNARWRMFQ4,2026-08-24T21:25:10.120353215Z,3,2026-08-24T21:25:10.120353215Z,false,2026-08-24T21:25:10.120353215Z,01M0TSZGKM72FFW193EYG47F25,2026-08-24T21:25:10.120353215Z,1,2026-08-24T21:25:10.120353215Z,,,feedback,2026-08-24T21:25:10.120353215Z,01M0TTKDAA4G8EM2EZHG965CDH,2026-08-24T21:25:10.120353215Z,,,false,2026-08-24T21:25:10.120353215Z,,,01M0TTKDV11GZGHY881XN9G2GV,2026-08-24T21:25:10.120353215Z
01M0TTMRD0SZDDMHYKXXQYD93Q,01M0TSZV7X3D77NKMM5CDCW4Z6,2026-08-24T21:25:53.696653534Z,3,2026-08-24T21:25:53.696653534Z,true,2026-08-24T21:44:09.06785445Z,01M0TSZV8ERABP36QP2627EVMT,2026-08-24T21:25:53.696653534Z,1,2026-08-24T21:25:53.696653534Z,true,2026-08-24T21:44:06.038391223Z,feedback,2026-08-24T21:25:53.696653534Z,01M0TTMQTJ88XEK4SWQ86NECYY,2026-08-24T21:25:53.696653534Z,1787607846049,2026-08-24T21:44:06.051107633Z,true,2026-08-24T21:44:05.99894954Z,true,2026-08-24T21:44:06.067402763Z,01M0TTMRCVNDGGPMMH734TVAN7,2026-08-24T21:25:53.696653534Z
01M0TV7M520P7NSQ7J2R9HZD4R,01M0TTMTH8JPTHXWGXYEY1VFR8,2026-08-24T21:36:11.938659653Z,60,2026-08-24T21:36:11.938659653Z,true,2026-08-24T22:00:52.213610305Z,01M0TTMWM9GSP2NP0T4CET96EB,2026-08-24T21:36:11.938659653Z,0,2026-08-24T21:36:11.938659653Z,true,2026-08-24T22:00:22.444190311Z,selection,2026-08-24T21:36:11.938659653Z,01M0TV7JXYXBQS3YJVBYDMB1JH,2026-08-24T21:36:11.938659653Z,1787608822456,2026-08-24T22:00:22.457647414Z,true,2026-08-24T22:00:22.401902832Z,true,2026-08-24T22:00:22.474438479Z,01M0TV7M4XXQR0QJ04CX0BTCEJ,2026-08-24T21:36:11.938659653Z
01M0TTK1PEWMGF3CGPVR9GH9KF,01M0TSZEX52H0PZDJFB4JNEAFW,2026-08-24T21:24:57.678349427Z,60,2026-08-24T21:24:57.678349427Z,true,2026-08-24T22:00:21.032254282Z,01M0TSZEY54T11A9AMGVA6T4ZB,2026-08-24T21:24:57.678349427Z,0,2026-08-24T21:24:57.678349427Z,true,2026-08-24T21:59:33.51159689Z,selection,2026-08-24T21:24:57.678349427Z,01M0TTK19CJB29FM7RC0K3R03D,2026-08-24T21:24:57.678349427Z,1787608773524,2026-08-24T21:59:33.526388982Z,true,2026-08-24T21:59:33.464323774Z,true,2026-08-24T21:59:33.544230205Z,01M0TTK1NNX83B8P5RTN0814AG,2026-08-24T21:24:57.678349427Z
01M0TTKDT74JXTVB3RC70NBM80,01M0TSZGJXR0N6DNTNARWRMFQ4,2026-08-24T21:25:10.087809404Z,3,2026-08-24T21:25:10.087809404Z,false,2026-08-24T21:25:10.087809404Z,01M0TSZGKM72FFW193EYG47F25,2026-08-24T21:25:10.087809404Z,1,2026-08-24T21:25:10.087809404Z,,,feedback,2026-08-24T21:25:10.087809404Z,01M0TTKDA09V3KF2XEEQZ8MQTD,2026-08-24T21:25:10.087809404Z,,,false,2026-08-24T21:25:10.087809404Z,,,01M0TTKDT4751EGW1H6NGN8AX6,2026-08-24T21:25:10.087809404Z
01M0TT9MHGBJ9MCZCDME0VG6SG,01M0TSZGJXR0N6DNTNARWRMFQ4,2026-08-24T21:19:49.296702851Z,60,2026-08-24T21:19:49.296702851Z,false,2026-08-24T21:19:49.296702851Z,01M0TSZGKE32G3R2H2EPQFBQNN,2026-08-24T21:19:49.296702851Z,0,2026-08-24T21:19:49.296702851Z,,,selection,2026-08-24T21:19:49.296702851Z,01M0TT9KJJX9VHV5YS450ZKJ7Z,2026-08-24T21:19:49.296702851Z,,,false,2026-08-24T21:19:49.296702851Z,,,01M0TT9MH6EZZBPCY67ZHC87MD,2026-08-24T21:19:49.296702851Z
01M0TTEYT0SYGW088Q97FNQVS6,01M0TSZEX52H0PZDJFB4JNEAFW,2026-08-24T21:22:43.648214198Z,60,2026-08-24T21:22:43.648214198Z,true,2026-08-24T21:47:17.354437298Z,01M0TSZEY44B7XSP574QH2WQPJ,2026-08-24T21:22:43.648214198Z,0,2026-08-24T21:22:43.648214198Z,true,2026-08-24T21:46:41.141151516Z,selection,2026-08-24T21:22:43.648214198Z,01M0TTEY4282EQG3ZE34S6C2RS,2026-08-24T21:22:43.648214198Z,1787608001153,2026-08-24T21:46:41.155322215Z,true,2026-08-24T21:46:41.081956405Z,true,2026-08-24T21:46:41.176220329Z,01M0TTEYSV68GWKV0HRJNNNVH1,2026-08-24T21:22:43.648214198Z
01M0TVKAZYM4CX2NSW2TA2A05X,01M0TTMTH8JPTHXWGXYEY1VFR8,2026-08-24T21:42:35.774880271Z,60,2026-08-24T21:42:35.774880271Z,true,2026-08-24T21:56:13.76471662Z,01M0TTMWMG725DJ5GA5M4WD8SY,2026-08-24T21:42:35.774880271Z,0,2026-08-24T21:42:35.774880271Z,true,2026-08-24T21:56:04.310886707Z,selection,2026-08-24T21:42:35.774880271Z,01M0TVK9PHMTZX3KC292RW7FFN,2026-08-24T21:42:35.774880271Z,1787608564321,2026-08-24T21:56:04.323225659Z,true,2026-08-24T21:56:04.231917801Z,true,2026-08-24T21:56:04.350710875Z,01M0TVKAZSPRXRV5HDZRH69CEY,2026-08-24T21:42:35.774880271Z
01M0TT9KVNYW60ZDXD78FG1056,01M0TSZGJXR0N6DNTNARWRMFQ4,2026-08-24T21:19:48.597474552Z,60,2026-08-24T21:19:48.597474552Z,false,2026-08-24T21:19:48.597474552Z,01M0TSZGKE32G3R2H2EPQFBQNN,2026-08-24T21:19:48.597474552Z,0,2026-08-24T21:19:48.597474552Z,,,selection,2026-08-24T21:19:48.597474552Z,01M0TT9KGQ6KZX88Y2EST3J2KB,2026-08-24T21:19:48.597474552Z,,,false,2026-08-24T21:19:48.597474552Z,,,01M0TT9KVDG6H45CCZN99XXYVF,2026-08-24T21:19:48.597474552Z
01M0TTTRCF8Y133X6161QJWHE1,01M0TSZV7X3D77NKMM5CDCW4Z6,2026-08-24T21:29:10.28788454Z,3,2026-08-24T21:29:10.28788454Z,true,2026-08-24T22:10:24.082248032Z,01M0TSZV8KEDQHAT4X33M1GG1C,2026-08-24T21:29:10.28788454Z,1,2026-08-24T21:29:10.28788454Z,true,2026-08-24T22:10:20.98461574Z,feedback,2026-08-24T21:29:10.28788454Z,01M0TTTPHD05RP9QK8GPBME752,2026-08-24T21:29:10.28788454Z,1787609421003,2026-08-24T22:10:21.004804154Z,true,2026-08-24T22:10:20.925130198Z,true,2026-08-24T22:10:21.020597257Z,01M0TTTRC6R9HDM8CY9EY2DYAB,2026-08-24T21:29:10.28788454Z
01M0TTNS6N2WZ34F4GDP55QZFP,01M0TSZGJXR0N6DNTNARWRMFQ4,2026-08-24T21:26:27.285607712Z,3,2026-08-24T21:26:27.285607712Z,false,2026-08-24T21:26:27.285607712Z,01M0TSZGKJQW5S4GCP9150DNN9,2026-08-24T21:26:27.285607712Z,1,2026-08-24T21:26:27.285607712Z,,,feedback,2026-08-24T21:26:27.285607712Z,01M0TTNRDFV6CTKSVHQJPFC2H0,2026-08-24T21:26:27.285607712Z,,,false,2026-08-24T21:26:27.285607712Z,,,01M0TTNS6D6JSBN99DS5QKC3DR,2026-08-24T21:26:27.285607712Z
01M0TTYSHWQ54WX0EWN1HX36DK,01M0TTMTH8JPTHXWGXYEY1VFR8,2026-08-24T21:31:22.556600797Z,3,2026-08-24T21:31:22.556600797Z,false,2026-08-24T21:31:22.556600797Z,01M0TTMWMDPGAHQRDA7BZJ8FEZ,2026-08-24T21:31:22.556600797Z,1,2026-08-24T21:31:22.556600797Z,,,feedback,2026-08-24T21:31:22.556600797Z,01M0TTYQ2WQDW9S67SB2RAV45C,2026-08-24T21:31:22.556600797Z,,,false,2026-08-24T21:31:22.556600797Z,,,01M0TTYSHF6VA1TG3XHVSZXN8H,2026-08-24T21:31:22.556600797Z
01M0TTKNQQ9982YE6Z3Q2RC0NM,01M0TSZEX52H0PZDJFB4JNEAFW,2026-08-24T21:25:18.199948946Z,60,2026-08-24T21:25:18.199948946Z,true,2026-08-24T21:48:00.711143639Z,01M0TSZEY173D8F3KEP071GR06,2026-08-24T21:25:18.199948946Z,0,2026-08-24T21:25:18.199948946Z,true,2026-08-24T21:47:36.188476798Z,selection,2026-08-24T21:25:18.199948946Z,01M0TTKN0V89GWR7GYH66FJG8R,2026-08-24T21:25:18.199948946Z,1787608056200,2026-08-24T21:47:36.201521626Z,true,2026-08-24T21:47:36.151604923Z,true,2026-08-24T21:47:36.217519642Z,01M0TTKNQKF8ZP6JC8VFQCS3T2,2026-08-24T21:25:18.199948946Z
01M0TTMR25A44QM3B020W8QMQZ,01M0TSZV7X3D77NKMM5CDCW4Z6,2026-08-24T21:25:53.34969715Z,60,2026-08-24T21:25:53.34969715Z,true,2026-08-24T21:33:36.485728837Z,01M0TSZV8ERABP36QP2627EVMT,2026-08-24T21:25:53.34969715Z,0,2026-08-24T21:25:53.34969715Z,true,2026-08-24T21:32:41.908131462Z,selection,2026-08-24T21:25:53.34969715Z,01M0TTMQPGB6QAM67XDTFQB10D,2026-08-24T21:25:53.34969715Z,1787607161917,2026-08-24T21:32:41.918884155Z,true,2026-08-24T21:32:41.868823746Z,true,2026-08-24T21:32:41.933457858Z,01M0TTMR1ZH8S6SQCTR1D1W24G,2026-08-24T21:25:53.34969715Z
01M0TTTRDQDK70497HT2BRAX3Z,01M0TSZV7X3D77NKMM5CDCW4Z6,2026-08-24T21:29:10.327712099Z,60,2026-08-24T21:29:10.327712099Z,true,2026-08-24T22:11:04.201730153Z,01M0TSZV8KEDQHAT4X33M1GG1C,2026-08-24T21:29:10.327712099Z,0,2026-08-24T21:29:10.327712099Z,true,2026-08-24T22:10:24.391204221Z,selection,2026-08-24T21:29:10.327712099Z,01M0TTTPJ7CX6VQNFM2V7V3NS3,2026-08-24T21:29:10.327712099Z,1787609424409,2026-08-24T22:10:24.410745666Z,true,2026-08-24T22:10:24.341644642Z,true,2026-08-24T22:10:24.425219021Z,01M0TTTRDDVBAQNFGMZ1Z7HWTH,2026-08-24T21:29:10.327712099Z
01M0TTKNJ95J1R2RDY1HEV8552,01M0TSZEX52H0PZDJFB4JNEAFW,2026-08-24T21:25:18.025993915Z,3,2026-08-24T21:25:18.025993915Z,true,2026-08-24T21:44:32.954728075Z,01M0TSZEY173D8F3KEP071GR06,2026-08-24T21:25:18.025993915Z,1,2026-08-24T21:25:18.025993915Z,true,2026-08-24T21:44:29.918484338Z,feedback,2026-08-24T21:25:18.025993915Z,01M0TTKMXDKZA2RWCK7K9YQTQK,2026-08-24T21:25:18.025993915Z,1787607869927,2026-08-24T21:44:29.928987129Z,true,2026-08-24T21:44:29.884688675Z,true,2026-08-24T21:44:29.942124371Z,01M0TTKNJ5QRZEXZ471D8NNZRT,2026-08-24T21:25:18.025993915Z
01M0TTMRNCJ42K6FAFVB0X690P,01M0TSZV7X3D77NKMM5CDCW4Z6,2026-08-24T21:25:53.964196436Z,3,2026-08-24T21:25:53.964196436Z,true,2026-08-24T21:48:23.76891648Z,01M0TSZV8ERABP36QP2627EVMT,2026-08-24T21:25:53.964196436Z,1,2026-08-24T21:25:53.964196436Z,true,2026-08-24T21:48:20.738910896Z,feedback,2026-08-24T21:25:53.964196436Z,01M0TTMQW57TG20BXEBXWCBQWB,2026-08-24T21:25:53.964196436Z,1787608100749,2026-08-24T21:48:20.751338141Z,true,2026-08-24T21:48:20.694776047Z,true,2026-08-24T21:48:20.76361077Z,01M0TTMRN5SA3PDPWJWAVH11BN,2026-08-24T21:25:53.964196436Z
01M0TTTQWEXQ6WSQDEXNA35AV1,01M0TSZV7X3D77NKMM5CDCW4Z6,2026-08-24T21:29:09.774930534Z,3,2026-08-24T21:29:09.774930534Z,true,2026-08-24T22:03:23.848905376Z,01M0TSZV8KEDQHAT4X33M1GG1C,2026-08-24T21:29:09.774930534Z,1,2026-08-24T21:29:09.774930534Z,true,2026-08-24T22:03:20.721637865Z,feedback,2026-08-24T21:29:09.774930534Z,01M0TTTPSFNNGV7Y68MSG624QV,2026-08-24T21:29:09.774930534Z,1787609000738,2026-08-24T22:03:20.752271708Z,true,2026-08-24T22:03:20.664716695Z,true,2026-08-24T22:03:20.775912352Z,01M0TTTQW2917GVD13HVS0T2K0,2026-08-24T21:29:09.774930534Z
01M0TTTRB2X28MRFFCJNKMANEZ,01M0TSZV7X3D77NKMM5CDCW4Z6,2026-08-24T21:29:10.24282883Z,60,2026-08-24T21:29:10.24282883Z,true,2026-08-24T22:09:51.484575624Z,01M0TSZV8KEDQHAT4X33M1GG1C,2026-08-24T21:29:10.24282883Z,0,2026-08-24T21:29:10.24282883Z,true,2026-08-24T22:09:12.508464772Z,selection,2026-08-24T21:29:10.24282883Z,01M0TTTPHKD6DPPYPNE626NDTP,2026-08-24T21:29:10.24282883Z,1787609352522,2026-08-24T22:09:12.523576804Z,true,2026-08-24T22:09:12.467470186Z,true,2026-08-24T22:09:12.543857064Z,01M0TTTRAVJS6A68571SA8PT64,2026-08-24T21:29:10.24282883Z
01M0TTYQR84BKVJ4MZ2CC9QY0X,01M0TTMTH8JPTHXWGXYEY1VFR8,2026-08-24T21:31:20.713042334Z,60,2026-08-24T21:31:20.713042334Z,true,2026-08-24T21:47:39.243559695Z,01M0TTMWMDPGAHQRDA7BZJ8FEZ,2026-08-24T21:31:20.713042334Z,0,2026-08-24T21:31:20.713042334Z,true,2026-08-24T21:46:53.45301116Z,selection,2026-08-24T21:31:20.713042334Z,01M0TTYQ06NTJ2BRAX4W53MBV9,2026-08-24T21:31:20.713042334Z,1787608013465,2026-08-24T21:46:53.468233142Z,true,2026-08-24T21:46:53.410810062Z,true,2026-08-24T21:46:53.492388056Z,01M0TTYQR0RPPZM0T0EMD4J80X,2026-08-24T21:31:20.713042334Z
01M0TV7M0AEW9DY28PEY7GXBKA,01M0TTMTH8JPTHXWGXYEY1VFR8,2026-08-24T21:36:11.787407244Z,3,2026-08-24T21:36:11.787407244Z,true,2026-08-24T21:59:09.830789147Z,01M0TTMWM9GSP2NP0T4CET96EB,2026-08-24T21:36:11.787407244Z,1,2026-08-24T21:36:11.787407244Z,true,2026-08-24T21:59:06.793187575Z,feedback,2026-08-24T21:36:11.787407244Z,01M0TV7JZDEZ70Z0YYWQWBZX09,2026-08-24T21:36:11.787407244Z,1787608746810,2026-08-24T21:59:06.81174265Z,true,2026-08-24T21:59:06.748781867Z,true,2026-08-24T21:59:06.830709062Z,01M0TV7M02V649RM0E4B293W3C,2026-08-24T21:36:11.787407244Z
01M0TTA65JNXW90HW74516RYC7,01M0TSZV7X3D77NKMM5CDCW4Z6,2026-08-24T21:20:07.346997325Z,60,2026-08-24T21:20:07.346997325Z,true,2026-08-24T21:45:27.097018236Z,01M0TSZV8KEDQHAT4X3FNKVS2B,2026-08-24T21:20:07.346997325Z,0,2026-08-24T21:20:07.346997325Z,true,2026-08-24T21:45:08.820178809Z,selection,2026-08-24T21:20:07.346997325Z,01M0TTA58F42TH41R8M56PYCD0,2026-08-24T21:20:07.346997325Z,1787607908827,2026-08-24T21:45:08.828824998Z,true,2026-08-24T21:45:08.788441668Z,true,2026-08-24T21:45:08.847877877Z,01M0TTA65DA7CG4F7T047SYRR4,2026-08-24T21:20:07.346997325Z
01M0TTKNFVPZ4KQ1E0KAR58W2J,01M0TSZEX52H0PZDJFB4JNEAFW,2026-08-24T21:25:17.947274419Z,60,2026-08-24T21:25:17.947274419Z,true,2026-08-24T21:42:32.447079443Z,01M0TSZEY173D8F3KEP071GR06,2026-08-24T21:25:17.947274419Z,0,2026-08-24T21:25:17.947274419Z,true,2026-08-24T21:42:18.005787125Z,selection,2026-08-24T21:25:17.947274419Z,01M0TTKMWPNRG4TD2WNAWARTKN,2026-08-24T21:25:17.947274419Z,1787607738013,2026-08-24T21:42:18.015142395Z,true,2026-08-24T21:42:17.973462362Z,true,2026-08-24T21:42:18.028023051Z,01M0TTKNFPRGZZJN7QXJZB2M9C,2026-08-24T21:25:17.947274419Z
01M0TTNRQEVFR2977KYXVDK5G8,01M0TSZGJXR0N6DNTNARWRMFQ4,2026-08-24T21:26:26.798409651Z,60,2026-08-24T21:26:26.798409651Z,true,2026-08-24T22:27:07.355200492Z,01M0TSZGKJQW5S4GCP9150DNN9,2026-08-24T21:26:26.798409651Z,0,2026-08-24T21:26:26.798409651Z,true,2026-08-24T22:26:07.307848046Z,selection,2026-08-24T21:26:26.798409651Z,01M0TTNRBV4MQH0FYA4XHK2CQY,2026-08-24T21:26:26.798409651Z,1787610367325,2026-08-24T22:26:07.326870141Z,true,2026-08-24T22:26:07.251230003Z,true,2026-08-24T22:26:07.344279447Z,01M0TTNRQ86GH95ZSNRM24ZQGP,2026-08-24T21:26:26.798409651Z
01M0TTYRYQ99SFFPM5BM2RRJ9B,01M0TTMTH8JPTHXWGXYEY1VFR8,2026-08-24T21:31:21.943163098Z,60,2026-08-24T21:31:21.943163098Z,false,2026-08-24T21:31:21.943163098Z,01M0TTMWMDPGAHQRDA7BZJ8FEZ,2026-08-24T21:31:21.943163098Z,0,2026-08-24T21:31:21.943163098Z,,,selection,2026-08-24T21:31:21.943163098Z,01M0TTYQB2ZM0CY9NGSF3P2N44,2026-08-24T21:31:21.943163098Z,,,false,2026-08-24T21:31:21.943163098Z,,,01M0TTYRYEW33VQV1E5XEJSCGK,2026-08-24T21:31:21.943163098Z
01M0TVKBBF2NPMAN6XTTXVJW0W,01M0TTMTH8JPTHXWGXYEY1VFR8,2026-08-24T21:42:36.143727658Z,3,2026-08-24T21:42:36.143727658Z,true,2026-08-24T21:58:50.007974552Z,01M0TTMWMG725DJ5GA5M4WD8SY,2026-08-24T21:42:36.143727658Z,1,2026-08-24T21:42:36.143727658Z,true,2026-08-24T21:58:46.979206952Z,feedback,2026-08-24T21:42:36.143727658Z,01M0TVK9T1V3PNDTPVEEMJPGAA,2026-08-24T21:42:36.143727658Z,1787608726990,2026-08-24T21:58:46.991504213Z,true,2026-08-24T21:58:46.939660502Z,true,2026-08-24T21:58:47.005116529Z,01M0TVKBB8KVDYTXMEVRGXWKV8,2026-08-24T21:42:36.143727658Z
01M0TTKNM4T0GARF1DJDNXFFK3,01M0TSZEX52H0PZDJFB4JNEAFW,2026-08-24T21:25:18.086146596Z,3,2026-08-24T21:25:18.086146596Z,true,2026-08-24T21:45:43.564123657Z,01M0TSZEY173D8F3KEP071GR06,2026-08-24T21:25:18.086146596Z,1,2026-08-24T21:25:18.086146596Z,true,2026-08-24T21:45:40.53711727Z,feedback,2026-08-24T21:25:18.086146596Z,01M0TTKMY7YQ0RTW1NP9QN6E0X,2026-08-24T21:25:18.086146596Z,1787607940547,2026-08-24T21:45:40.548552848Z,true,2026-08-24T21:45:40.496558529Z,true,2026-08-24T21:45:40.562732857Z,01M0TTKNKZVAEF6QGQ0RHS1EGH,2026-08-24T21:25:18.086146596Z
01M0TTMRCARVM9CYTKEYTS77DX,01M0TSZV7X3D77NKMM5CDCW4Z6,2026-08-24T21:25:53.674049325Z,60,2026-08-24T21:25:53.674049325Z,true,2026-08-24T21:43:06.974968763Z,01M0TSZV8ERABP36QP2627EVMT,2026-08-24T21:25:53.674049325Z,0,2026-08-24T21:25:53.674049325Z,true,2026-08-24T21:42:46.329364176Z,selection,2026-08-24T21:25:53.674049325Z,01M0TTMQTF3ZWA74MSF56AEFJA,2026-08-24T21:25:53.674049325Z,1787607766341,2026-08-24T21:42:46.342694777Z,true,2026-08-24T21:42:46.300643933Z,true,2026-08-24T21:42:46.35267538Z,01M0TTMRC5FHEPNMAPM2550ZA5,2026-08-24T21:25:53.674049325Z
01M0TTMRR9QCH3R0RMPK2NZS33,01M0TSZV7X3D77NKMM5CDCW4Z6,2026-08-24T21:25:54.057987169Z,60,2026-08-24T21:25:54.057987169Z,true,2026-08-24T21:50:34.126584009Z,01M0TSZV8ERABP36QP2627EVMT,2026-08-24T21:25:54.057987169Z,0,2026-08-24T21:25:54.057987169Z,true,2026-08-24T21:50:22.196114502Z,selection,2026-08-24T21:25:54.057987169Z,01M0TTMQXVANE21X4NVVPKWBMZ,2026-08-24T21:25:54.057987169Z,1787608222207,2026-08-24T21:50:22.208678343Z,true,2026-08-24T21:50:22.152433342Z,true,2026-08-24T21:50:22.2273929Z,01M0TTMRR2T4PR1WZBF1175Y6K,2026-08-24T21:25:54.057987169Z
01M0TTNRX5EY0WV7141XZ7G9MA,01M0TSZGJXR0N6DNTNARWRMFQ4,2026-08-24T21:26:26.981210389Z,3,2026-08-24T21:26:26.981210389Z,false,2026-08-24T21:26:26.981210389Z,01M0TSZGKJQW5S4GCP9150DNN9,2026-08-24T21:26:26.981210389Z,1,2026-08-24T21:26:26.981210389Z,,,feedback,2026-08-24T21:26:26.981210389Z,01M0TTNRJKRYNPC050XJXAY9YC,2026-08-24T21:26:26.981210389Z,,,false,2026-08-24T21:26:26.981210389Z,,,01M0TTNRWZNDKFY2X6QTVCHJDW,2026-08-24T21:26:26.981210389Z
01M0TTK1VCCN28P8509HF2BKAA,01M0TSZEX52H0PZDJFB4JNEAFW,2026-08-24T21:24:57.836296028Z,60,2026-08-24T21:24:57.836296028Z,true,2026-08-24T22:06:34.772912037Z,01M0TSZEY54T11A9AMGVA6T4ZB,2026-08-24T21:24:57.836296028Z,0,2026-08-24T21:24:57.836296028Z,true,2026-08-24T22:05:59.506317366Z,selection,2026-08-24T21:24:57.836296028Z,01M0TTK13C985P8CWDVEJEG750,2026-08-24T21:24:57.836296028Z,1787609159524,2026-08-24T22:05:59.526181164Z,true,2026-08-24T22:05:59.44772431Z,true,2026-08-24T22:05:59.548042Z,01M0TTK1V76RQTWCHM60XKPE9J,2026-08-24T21:24:57.836296028Z
01M0TTMR896R9RRXEV1NDFKXJ4,01M0TSZV7X3D77NKMM5CDCW4Z6,2026-08-24T21:25:53.545478238Z,60,2026-08-24T21:25:53.545478238Z,true,2026-08-24T21:39:10.958597995Z,01M0TSZV8ERABP36QP2627EVMT,2026-08-24T21:25:53.545478238Z,0,2026-08-24T21:25:53.545478238Z,true,2026-08-24T21:38:59.929916436Z,selection,2026-08-24T21:25:53.545478238Z,01M0TTMQSC1M05T41EF7EEBKDM,2026-08-24T21:25:53.545478238Z,1787607539939,2026-08-24T21:38:59.940676284Z,true,2026-08-24T21:38:59.885903081Z,true,2026-08-24T21:38:59.95861136Z,01M0TTMR85KK677NXNWNX3C3J7,2026-08-24T21:25:53.545478238Z
01M0TTTR7QQC2TVSKE7NE8PP83,01M0TSZV7X3D77NKMM5CDCW4Z6,2026-08-24T21:29:10.135785355Z,3,2026-08-24T21:29:10.135785355Z,true,2026-08-24T22:07:53.776579629Z,01M0TSZV8KEDQHAT4X33M1GG1C,2026-08-24T21:29:10.135785355Z,1,2026-08-24T21:29:10.135785355Z,true,2026-08-24T22:07:50.740037295Z,feedback,2026-08-24T21:29:10.135785355Z,01M0TTTPKWC3R3R1VQXAJ426R2,2026-08-24T21:29:10.135785355Z,1787609270754,2026-08-24T22:07:50.755705624Z,true,2026-08-24T22:07:50.692893619Z,true,2026-08-24T22:07:50.780876313Z,01M0TTTR7F2YWJM94C5NZPYJSS,2026-08-24T21:29:10.135785355Z
01M0TTA5W7HQJKSVXCADTAXBFH,01M0TSZV7X3D77NKMM5CDCW4Z6,2026-08-24T21:20:07.047307324Z,60,2026-08-24T21:20:07.047307324Z,true,2026-08-24T21:38:33.492178614Z,01M0TSZV8KEDQHAT4X3FNKVS2B,2026-08-24T21:20:07.047307324Z,0,2026-08-24T21:20:07.047307324Z,true,2026-08-24T21:37:57.500284128Z,selection,2026-08-24T21:20:07.047307324Z,01M0TTA5ARN7Z84S1GBMGKAPTZ,2026-08-24T21:20:07.047307324Z,1787607477512,2026-08-24T21:37:57.513887498Z,true,2026-08-24T21:37:57.463959486Z,true,2026-08-24T21:37:57.522444665Z,01M0TTA5W2C8T3SP1S8X26PQPJ,2026-08-24T21:20:07.047307324Z
01M0TTMR742HPE0JXBYBKFK8YN,01M0TSZV7X3D77NKMM5CDCW4Z6,2026-08-24T21:25:53.508083149Z,3,2026-08-24T21:25:53.508083149Z,true,2026-08-24T21:38:35.767977013Z,01M0TSZV8ERABP36QP2627EVMT,2026-08-24T21:25:53.508083149Z,1,2026-08-24T21:25:53.508083149Z,true,2026-08-24T21:38:32.711771826Z,feedback,2026-08-24T21:25:53.508083149Z,01M0TTMQS5Y25WY0NZHRQ4JMH9,2026-08-24T21:25:53.508083149Z,1787607512741,2026-08-24T21:38:32.74354588Z,true,2026-08-24T21:38:32.659641401Z,true,2026-08-24T21:38:32.767428981Z,01M0TTMR6Y9565RPES4337E2BY,2026-08-24T21:25:53.508083149Z
01M0TTTRCADB57YB3VKDGVRRBJ,01M0TSZV7X3D77NKMM5CDCW4Z6,2026-08-24T21:29:10.282289858Z,60,2026-08-24T21:29:10.282289858Z,true,2026-08-24T22:10:20.896850485Z,01M0TSZV8KEDQHAT4X33M1GG1C,2026-08-24T21:29:10.282289858Z,0,2026-08-24T21:29:10.282289858Z,true,2026-08-24T22:09:54.817007146Z,selection,2026-08-24T21:29:10.282289858Z,01M0TTTPHD05RP9QK8GPBME752,2026-08-24T21:29:10.282289858Z,1787609394827,2026-08-24T22:09:54.829154778Z,true,2026-08-24T22:09:54.773140061Z,true,2026-08-24T22:09:54.85018992Z,01M0TTTRC2JZF8W3KKNT3VQR0R,2026-08-24T21:29:10.282289858Z
01M0TVKBF5Z3EPHE5QQPKMYQ46,01M0TTMTH8JPTHXWGXYEY1VFR8,2026-08-24T21:42:36.261618023Z,60,2026-08-24T21:42:36.261618023Z,true,2026-08-24T21:59:46.672490447Z,01M0TTMWMG725DJ5GA5M4WD8SY,2026-08-24T21:42:36.261618023Z,0,2026-08-24T21:42:36.261618023Z,true,2026-08-24T21:59:34.085017551Z,selection,2026-08-24T21:42:36.261618023Z,01M0TVKA0KT74JAXCGWHHA0841,2026-08-24T21:42:36.261618023Z,1787608774097,2026-08-24T21:59:34.09891679Z,true,2026-08-24T21:59:34.040474498Z,true,2026-08-24T21:59:34.113426035Z,01M0TVKBF1D8VJSNH4XD89B5Z2,2026-08-24T21:42:36.261618023Z
01M0TTA5HBH64N9G9HFA5X81Y0,01M0TSZV7X3D77NKMM5CDCW4Z6,2026-08-24T21:20:06.699660972Z,60,2026-08-24T21:20:06.699660972Z,true,2026-08-24T21:24:48.355741295Z,01M0TSZV8KEDQHAT4X3FNKVS2B,2026-08-24T21:20:06.699660972Z,0,2026-08-24T21:20:06.699660972Z,true,2026-08-24T21:24:12.317429935Z,selection,2026-08-24T21:20:06.699660972Z,01M0TTA57RWSA4M61RXN9MVA8P,2026-08-24T21:20:06.699660972Z,1787606652320,2026-08-24T21:24:12.321719446Z,true,2026-08-24T21:24:12.302348036Z,true,2026-08-24T21:24:12.327673655Z,01M0TTA5H09EHR1NZ7F0MHREGR,2026-08-24T21:20:06.699660972Z
01M0TTNSKABGVHJKYT44T7ZD7F,01M0TSZGJXR0N6DNTNARWRMFQ4,2026-08-24T21:26:27.690489016Z,60,2026-08-24T21:26:27.690489016Z,false,2026-08-24T21:26:27.690489016Z,01M0TSZGKJQW5S4GCP9150DNN9,2026-08-24T21:26:27.690489016Z,0,2026-08-24T21:26:27.690489016Z,,,selection,2026-08-24T21:26:27.690489016Z,01M0TTNREH2MYN478MJT0BNDDE,2026-08-24T21:26:27.690489016Z,,,false,2026-08-24T21:26:27.690489016Z,,,01M0TTNSK5GAHWYEA76T88TEHZ,2026-08-24T21:26:27.690489016Z
01M0TV7M57K0DFD0V90ZTXA2Q9,01M0TTMTH8JPTHXWGXYEY1VFR8,2026-08-24T21:36:11.943898635Z,3,2026-08-24T21:36:11.943898635Z,true,2026-08-24T22:00:55.337778261Z,01M0TTMWM9GSP2NP0T4CET96EB,2026-08-24T21:36:11.943898635Z,1,2026-08-24T21:36:11.943898635Z,true,2026-08-24T22:00:52.29223331Z,feedback,2026-08-24T21:36:11.943898635Z,01M0TV7JXYXBQS3YJVBYDMB1JH,2026-08-24T21:36:11.943898635Z,1787608852305,2026-08-24T22:00:52.306998436Z,true,2026-08-24T22:00:52.240501323Z,true,2026-08-24T22:00:52.323853984Z,01M0TV7M50H0AT7JZMSKXAHTQK,2026-08-24T21:36:11.943898635Z
01M0TTEYBW3KG9QK3V7CYRZX8Z,01M0TSZEX52H0PZDJFB4JNEAFW,2026-08-24T21:22:43.196169939Z,60,2026-08-24T21:22:43.196169939Z,true,2026-08-24T21:29:57.553768792Z,01M0TSZEY44B7XSP574QH2WQPJ,2026-08-24T21:22:43.196169939Z,0,2026-08-24T21:22:43.196169939Z,true,2026-08-24T21:29:21.384156802Z,selection,2026-08-24T21:22:43.196169939Z,01M0TTEY4HXTJAJSYR59SG705X,2026-08-24T21:22:43.196169939Z,1787606961397,2026-08-24T21:29:21.399886989Z,true,2026-08-24T21:29:21.314740622Z,true,2026-08-24T21:29:21.414042399Z,01M0TTEYBK6R85CWBNXKG1RGXS,2026-08-24T21:22:43.196169939Z
01M0TTEZ08XMEB7KEEZ8VY19F7,01M0TSZEX52H0PZDJFB4JNEAFW,2026-08-24T21:22:43.848204156Z,3,2026-08-24T21:22:43.848204156Z,true,2026-08-24T21:55:03.245172149Z,01M0TSZEY44B7XSP574QH2WQPJ,2026-08-24T21:22:43.848204156Z,1,2026-08-24T21:22:43.848204156Z,true,2026-08-24T21:55:00.193682965Z,feedback,2026-08-24T21:22:43.848204156Z,01M0TTEY62ZXQJEEP7G4RFQYVE,2026-08-24T21:22:43.848204156Z,1787608500211,2026-08-24T21:55:00.212788088Z,true,2026-08-24T21:55:00.14057029Z,true,2026-08-24T21:55:00.225829189Z,01M0TTEZ05B1YZY0Q2CWAVWM5G,2026-08-24T21:22:43.848204156Z
01M0TV7MDTVMG3YRKY8E39YCKB,01M0TTMTH8JPTHXWGXYEY1VFR8,2026-08-24T21:36:12.218292043Z,3,2026-08-24T21:36:12.218292043Z,true,2026-08-24T22:03:20.324371528Z,01M0TTMWM9GSP2NP0T4CET96EB,2026-08-24T21:36:12.218292043Z,1,2026-08-24T21:36:12.218292043Z,true,2026-08-24T22:03:17.284907138Z,feedback,2026-08-24T21:36:12.218292043Z,01M0TV7JV7SPHHVBEGRZ84DTBT,2026-08-24T21:36:12.218292043Z,1787608997304,2026-08-24T22:03:17.305914584Z,true,2026-08-24T22:03:17.23665878Z,true,2026-08-24T22:03:17.321126697Z,01M0TV7MDGQ6VXMHK29K7T916H,2026-08-24T21:36:12.218292043Z
01M0TVKATESVMXV0R6RM2C3S6K,01M0TTMTH8JPTHXWGXYEY1VFR8,2026-08-24T21:42:35.598163121Z,60,2026-08-24T21:42:35.598163121Z,true,2026-08-24T21:54:48.187183562Z,01M0TTMWMG725DJ5GA5M4WD8SY,2026-08-24T21:42:35.598163121Z,0,2026-08-24T21:42:35.598163121Z,true,2026-08-24T21:54:27.480537808Z,selection,2026-08-24T21:42:35.598163121Z,01M0TVK9FA6ESW43HA6M09KA5G,2026-08-24T21:42:35.598163121Z,1787608467503,2026-08-24T21:54:27.50562397Z,true,2026-08-24T21:54:27.413511404Z,true,2026-08-24T21:54:27.531509441Z,01M0TVKAT9RJJ89AT91ADVM8CH,2026-08-24T21:42:35.598163121Z
01M0TVKAZ5FJ9AJCPSKF9ZZAC9,01M0TTMTH8JPTHXWGXYEY1VFR8,2026-08-24T21:42:35.750064594Z,3,2026-08-24T21:42:35.750064594Z,true,2026-08-24T21:56:04.068196665Z,01M0TTMWMG725DJ5GA5M4WD8SY,2026-08-24T21:42:35.750064594Z,1,2026-08-24T21:42:35.750064594Z,true,2026-08-24T21:56:01.021402697Z,feedback,2026-08-24T21:42:35.750064594Z,01M0TVK9P93ZCYQWQ2NES3HD6F,2026-08-24T21:42:35.750064594Z,1787608561033,2026-08-24T21:56:01.034814362Z,true,2026-08-24T21:56:00.948773821Z,true,2026-08-24T21:56:01.052399827Z,01M0TVKAYVNW3S6S72Z7QBJW6X,2026-08-24T21:42:35.750064594Z
01M0TT9MCQH2DAGM4DVV5VKJSF,01M0TSZGJXR0N6DNTNARWRMFQ4,2026-08-24T21:19:49.143749434Z,60,2026-08-24T21:19:49.143749434Z,false,2026-08-24T21:19:49.143749434Z,01M0TSZGKE32G3R2H2EPQFBQNN,2026-08-24T21:19:49.143749434Z,0,2026-08-24T21:19:49.143749434Z,,,selection,2026-08-24T21:19:49.143749434Z,01M0TT9KK5RBRE6T1ZYSFR3TVA,2026-08-24T21:19:49.143749434Z,,,false,2026-08-24T21:19:49.143749434Z,,,01M0TT9MCJXMMSAS2QK1ASJF8A,2026-08-24T21:19:49.143749434Z
01M0TTA60VFTF8W3SWMQMGP8W1,01M0TSZV7X3D77NKMM5CDCW4Z6,2026-08-24T21:20:07.195276882Z,3,2026-08-24T21:20:07.195276882Z,true,2026-08-24T21:41:39.397710683Z,01M0TSZV8KEDQHAT4X3FNKVS2B,2026-08-24T21:20:07.195276882Z,1,2026-08-24T21:20:07.195276882Z,true,2026-08-24T21:41:36.36900469Z,feedback,2026-08-24T21:20:07.195276882Z,01M0TTA5AETT2RY51EE3T995G1,2026-08-24T21:20:07.195276882Z,1787607696378,2026-08-24T21:41:36.379809843Z,true,2026-08-24T21:41:36.339849061Z,true,2026-08-24T21:41:36.393272321Z,01M0TTA60RFYRTKJCK8784YDB4,2026-08-24T21:20:07.195276882Z
01M0TTK1HSF24E4947HNE7H6AP,01M0TSZEX52H0PZDJFB4JNEAFW,2026-08-24T21:24:57.529359549Z,60,2026-08-24T21:24:57.529359549Z,true,2026-08-24T21:54:46.028901191Z,01M0TSZEY54T11A9AMGVA6T4ZB,2026-08-24T21:24:57.529359549Z,0,2026-08-24T21:24:57.529359549Z,true,2026-08-24T21:54:03.711617302Z,selection,2026-08-24T21:24:57.529359549Z,01M0TTK11VDA6FRJY1RC7AAWBX,2026-08-24T21:24:57.529359549Z,1787608443727,2026-08-24T21:54:03.729040998Z,true,2026-08-24T21:54:03.575631327Z,true,2026-08-24T21:54:03.74867081Z,01M0TTK1HM3K3J6PDA2W7Z67Y6,2026-08-24T21:24:57.529359549Z
01M0TVKAAZK2T3K5H83K5F9WRM,01M0TTMTH8JPTHXWGXYEY1VFR8,2026-08-24T21:42:35.103977196Z,3,2026-08-24T21:42:35.103977196Z,true,2026-08-24T21:49:43.239256313Z,01M0TTMWMG725DJ5GA5M4WD8SY,2026-08-24T21:42:35.103977196Z,1,2026-08-24T21:42:35.103977196Z,true,2026-08-24T21:49:40.205206937Z,feedback,2026-08-24T21:42:35.103977196Z,01M0TVK9GG6Q73MEPYSF0ZC5NT,2026-08-24T21:42:35.103977196Z,1787608180216,2026-08-24T21:49:40.217279707Z,true,2026-08-24T21:49:40.175564801Z,true,2026-08-24T21:49:40.22802673Z,01M0TVKAATB71A4M2NAYEE801V,2026-08-24T21:42:35.103977196Z
01M0TTA5S7JNEW2YTD6278KFQF,01M0TSZV7X3D77NKMM5CDCW4Z6,2026-08-24T21:20:06.951456521Z,60,2026-08-24T21:20:06.951456521Z,true,2026-08-24T21:35:34.900662305Z,01M0TSZV8KEDQHAT4X3FNKVS2B,2026-08-24T21:20:06.951456521Z,0,2026-08-24T21:20:06.951456521Z,true,2026-08-24T21:35:01.501503984Z,selection,2026-08-24T21:20:06.951456521Z,01M0TTA5CDX4NSDVC9DFTS295R,2026-08-24T21:20:06.951456521Z,1787607301509,2026-08-24T21:35:01.510693588Z,true,2026-08-24T21:35:01.472919192Z,true,2026-08-24T21:35:01.524126139Z,01M0TTA5S2VJAF51GR6Q2EJ9Z8,2026-08-24T21:20:06.951456521Z
01M0TVKBKX3JZ885NVZE7HV8MD,01M0TTMTH8JPTHXWGXYEY1VFR8,2026-08-24T21:42:36.413389028Z,60,2026-08-24T21:42:36.413389028Z,true,2026-08-24T22:00:45.258254138Z,01M0TTMWMG725DJ5GA5M4WD8SY,2026-08-24T21:42:36.413389028Z,0,2026-08-24T21:42:36.413389028Z,true,2026-08-24T22:00:36.705417512Z,selection,2026-08-24T21:42:36.413389028Z,01M0TVKA2MN9M5CCMM5VZB4R8A,2026-08-24T21:42:36.413389028Z,1787608836719,2026-08-24T22:00:36.721075395Z,true,2026-08-24T22:00:36.662244263Z,true,2026-08-24T22:00:36.737235483Z,01M0TVKBKRTB0XQ1VBPVS9K5DF,2026-08-24T21:42:36.413389028Z
01M0TTK1ZNZEAPW3DGGN807J49,01M0TSZEX52H0PZDJFB4JNEAFW,2026-08-24T21:24:57.973634834Z,3,2026-08-24T21:24:57.973634834Z,true,2026-08-24T22:10:23.871113163Z,01M0TSZEY54T11A9AMGVA6T4ZB,2026-08-24T21:24:57.973634834Z,1,2026-08-24T21:24:57.973634834Z,true,2026-08-24T22:10:20.78522127Z,feedback,2026-08-24T21:24:57.973634834Z,01M0TTK12T6T9H3N73NE4SXN10,2026-08-24T21:24:57.973634834Z,1787609420801,2026-08-24T22:10:20.803024023Z,true,2026-08-24T22:10:20.730547758Z,true,2026-08-24T22:10:20.866552578Z,01M0TTK1ZHMEVHYTFQ1WP2R0Y4,2026-08-24T21:24:57.973634834Z
01M0TV7KJQKG1DSXHNYQA69C3N,01M0TTMTH8JPTHXWGXYEY1VFR8,2026-08-24T21:36:11.351230365Z,60,2026-08-24T21:36:11.351230365Z,true,2026-08-24T21:53:28.595224064Z,01M0TTMWM9GSP2NP0T4CET96EB,2026-08-24T21:36:11.351230365Z,0,2026-08-24T21:36:11.351230365Z,true,2026-08-24T21:53:21.463811184Z,selection,2026-08-24T21:36:11.351230365Z,01M0TV7K1SBQ74A0QB45R2FX5M,2026-08-24T21:36:11.351230365Z,1787608401478,2026-08-24T21:53:21.479992368Z,true,2026-08-24T21:53:21.421050501Z,true,2026-08-24T21:53:21.495490348Z,01M0TV7KJJJ412ZRC448FG79M1,2026-08-24T21:36:11.351230365Z
01M0TTYS6WBTSKNV86B6AE8CV8,01M0TTMTH8JPTHXWGXYEY1VFR8,2026-08-24T21:31:22.204359164Z,3,2026-08-24T21:31:22.204359164Z,false,2026-08-24T21:31:22.204359164Z,01M0TTMWMDPGAHQRDA7BZJ8FEZ,2026-08-24T21:31:22.204359164Z,1,2026-08-24T21:31:22.204359164Z,,,feedback,2026-08-24T21:31:22.204359164Z,01M0TTYQ6KG80S5XGE9SN2QX2R,2026-08-24T21:31:22.204359164Z,,,false,2026-08-24T21:31:22.204359164Z,,,01M0TTYS6G0856ARW9KYXGRR18,2026-08-24T21:31:22.204359164Z
01M0TV7K51NPF7E2ZN3WHZZCBD,01M0TTMTH8JPTHXWGXYEY1VFR8,2026-08-24T21:36:10.913137705Z,60,2026-08-24T21:36:10.913137705Z,true,2026-08-24T21:45:21.061761306Z,01M0TTMWM9GSP2NP0T4CET96EB,2026-08-24T21:36:10.913137705Z,0,2026-08-24T21:36:10.913137705Z,true,2026-08-24T21:44:41.317639246Z,selection,2026-08-24T21:36:10.913137705Z,01M0TV7K25RC6BZHP7Q1MHPX1W,2026-08-24T21:36:10.913137705Z,1787607881326,2026-08-24T21:44:41.327810683Z,true,2026-08-24T21:44:41.271702961Z,true,2026-08-24T21:44:41.344403127Z,01M0TV7K4PSM9KA4DBXM7NAKJJ,2026-08-24T21:36:10.913137705Z
01M0TV7KBH8Q148WGF1B0G00TS,01M0TTMTH8JPTHXWGXYEY1VFR8,2026-08-24T21:36:11.122768626Z,3,2026-08-24T21:36:11.122768626Z,true,2026-08-24T21:49:43.832432394Z,01M0TTMWM9GSP2NP0T4CET96EB,2026-08-24T21:36:11.122768626Z,1,2026-08-24T21:36:11.122768626Z,true,2026-08-24T21:49:40.790414871Z,feedback,2026-08-24T21:36:11.122768626Z,01M0TV7JPCF9JKJH5GZHB9Y2BY,2026-08-24T21:36:11.122768626Z,1787608180802,2026-08-24T21:49:40.803651359Z,true,2026-08-24T21:49:40.748555053Z,true,2026-08-24T21:49:40.815305455Z,01M0TV7KB8FCS0W3R8SNR29630,2026-08-24T21:36:11.122768626Z
01M0TTA5YQGJKYHSTXF360E8CT,01M0TSZV7X3D77NKMM5CDCW4Z6,2026-08-24T21:20:07.127836409Z,60,2026-08-24T21:20:07.127836409Z,true,2026-08-24T21:40:23.595636553Z,01M0TSZV8KEDQHAT4X3FNKVS2B,2026-08-24T21:20:07.127836409Z,0,2026-08-24T21:20:07.127836409Z,true,2026-08-24T21:40:05.213502449Z,selection,2026-08-24T21:20:07.127836409Z,01M0TTA5CGRVRSQADMNYDVN910,2026-08-24T21:20:07.127836409Z,1787607605222,2026-08-24T21:40:05.224052143Z,true,2026-08-24T21:40:05.166851519Z,true,2026-08-24T21:40:05.239501334Z,01M0TTA5YJKSVEMZ49QMM5ASZK,2026-08-24T21:20:07.127836409Z
01M0TTK1B6N1SWWFREXJTZ033W,01M0TSZEX52H0PZDJFB4JNEAFW,2026-08-24T21:24:57.318160348Z,3,2026-08-24T21:24:57.318160348Z,true,2026-08-24T21:44:08.614947792Z,01M0TSZEY54T11A9AMGVA6T4ZB,2026-08-24T21:24:57.318160348Z,1,2026-08-24T21:24:57.318160348Z,true,2026-08-24T21:44:05.576057881Z,feedback,2026-08-24T21:24:57.318160348Z,01M0TTK10F0KSBZFT3DKWD15C9,2026-08-24T21:24:57.318160348Z,1787607845585,2026-08-24T21:44:05.586365559Z,true,2026-08-24T21:44:05.539935223Z,true,2026-08-24T21:44:05.598395278Z,01M0TTK1B2PKKVHNJCWCQZ79DV,2026-08-24T21:24:57.318160348Z
01M0TTEYQ8M6A30WHDJPS2R58D,01M0TSZEX52H0PZDJFB4JNEAFW,2026-08-24T21:22:43.560781757Z,60,2026-08-24T21:22:43.560781757Z,true,2026-08-24T21:45:07.862675301Z,01M0TSZEY44B7XSP574QH2WQPJ,2026-08-24T21:22:43.560781757Z,0,2026-08-24T21:22:43.560781757Z,true,2026-08-24T21:44:40.91588834Z,selection,2026-08-24T21:22:43.560781757Z,01M0TTEY4QJ24Y5Z8RRWY2AY9N,2026-08-24T21:22:43.560781757Z,1787607880928,2026-08-24T21:44:40.929939371Z,true,2026-08-24T21:44:40.874763454Z,true,2026-08-24T21:44:40.948058557Z,01M0TTEYQ3V5376KMNTX58529M,2026-08-24T21:22:43.560781757Z
01M0TTK1GS7B5VC1NJ6XJSZVWV,01M0TSZEX52H0PZDJFB4JNEAFW,2026-08-24T21:24:57.497161905Z,60,2026-08-24T21:24:57.497161905Z,true,2026-08-24T21:53:03.934249532Z,01M0TSZEY54T11A9AMGVA6T4ZB,2026-08-24T21:24:57.497161905Z,0,2026-08-24T21:24:57.497161905Z,true,2026-08-24T21:52:20.926635014Z,selection,2026-08-24T21:24:57.497161905Z,01M0TTK11STER2ADREBJK28NV8,2026-08-24T21:24:57.497161905Z,1787608340936,2026-08-24T21:52:20.937432461Z,true,2026-08-24T21:52:20.877811907Z,true,2026-08-24T21:52:20.954471426Z,01M0TTK1GGQTFGKH22CT8N1SC2,2026-08-24T21:24:57.497161905Z
01M0TTK1TS1QJGNW2ADJAVGR36,01M0TSZEX52H0PZDJFB4JNEAFW,2026-08-24T21:24:57.817155334Z,60,2026-08-24T21:24:57.817155334Z,true,2026-08-24T22:05:56.113073794Z,01M0TSZEY54T11A9AMGVA6T4ZB,2026-08-24T21:24:57.817155334Z,0,2026-08-24T21:24:57.817155334Z,true,2026-08-24T22:05:18.064576337Z,selection,2026-08-24T21:24:57.817155334Z,01M0TTK13A2BYWETS4ZNAF4VY4,2026-08-24T21:24:57.817155334Z,1787609118078,2026-08-24T22:05:18.080159172Z,true,2026-08-24T22:05:18.021313427Z,true,2026-08-24T22:05:18.100770024Z,01M0TTK1TMDFX66N5SNF6BCRY3,2026-08-24T21:24:57.817155334Z
01M0TTKDM74FFW85JYHJ2QKHDR,01M0TSZGJXR0N6DNTNARWRMFQ4,2026-08-24T21:25:09.89583512Z,3,2026-08-24T21:25:09.89583512Z,false,2026-08-24T21:25:09.89583512Z,01M0TSZGKM72FFW193EYG47F25,2026-08-24T21:25:09.89583512Z,1,2026-08-24T21:25:09.89583512Z,,,feedback,2026-08-24T21:25:09.89583512Z,01M0TTKD973BER25Q8P2PKX3N2,2026-08-24T21:25:09.89583512Z,,,false,2026-08-24T21:25:09.89583512Z,,,01M0TTKDM3VAJ6BGHN01Q9VGMD,2026-08-24T21:25:09.89583512Z
01M0TTMR8C29WWZSRNQNY5BNZA,01M0TSZV7X3D77NKMM5CDCW4Z6,2026-08-24T21:25:53.548944946Z,3,2026-08-24T21:25:53.548944946Z,true,2026-08-24T21:39:14.046630252Z,01M0TSZV8ERABP36QP2627EVMT,2026-08-24T21:25:53.548944946Z,1,2026-08-24T21:25:53.548944946Z,true,2026-08-24T21:39:11.020602632Z,feedback,2026-08-24T21:25:53.548944946Z,01M0TTMQSC1M05T41EF7EEBKDM,2026-08-24T21:25:53.548944946Z,1787607551030,2026-08-24T21:39:11.031981939Z,true,2026-08-24T21:39:10.988963683Z,true,2026-08-24T21:39:11.049469275Z,01M0TTMR87C6ZS7BR9CVQYZ840,2026-08-24T21:25:53.548944946Z
01M0TTTPY4Y75SH6672KT5KDY4,01M0TSZV7X3D77NKMM5CDCW4Z6,2026-08-24T21:29:08.80451988Z,3,2026-08-24T21:29:08.80451988Z,true,2026-08-24T21:42:32.54800725Z,01M0TSZV8KEDQHAT4X33M1GG1C,2026-08-24T21:29:08.80451988Z,1,2026-08-24T21:29:08.80451988Z,true,2026-08-24T21:42:29.519606762Z,feedback,2026-08-24T21:29:08.80451988Z,01M0TTTPF12VBZQJFBWM56A7KJ,2026-08-24T21:29:08.80451988Z,1787607749530,2026-08-24T21:42:29.531656442Z,true,2026-08-24T21:42:29.487450791Z,true,2026-08-24T21:42:29.542670817Z,01M0TTTPXS2PW5W6Z7JD669ZN3,2026-08-24T21:29:08.80451988Z
01M0TT9MA6V2FN0GG266KPPNK4,01M0TSZGJXR0N6DNTNARWRMFQ4,2026-08-24T21:19:49.062066446Z,3,2026-08-24T21:19:49.062066446Z,false,2026-08-24T21:19:49.062066446Z,01M0TSZGKE32G3R2H2EPQFBQNN,2026-08-24T21:19:49.062066446Z,1,2026-08-24T21:19:49.062066446Z,,,feedback,2026-08-24T21:19:49.062066446Z,01M0TT9KKWJ8Z1KGEH8MTEHWTT,2026-08-24T21:19:49.062066446Z,,,false,2026-08-24T21:19:49.062066446Z,,,01M0TT9MA24R5DBFCC48HD20P0,2026-08-24T21:19:49.062066446Z
01M0TTA6B1NQ5QDWJ4X31BZASN,01M0TSZV7X3D77NKMM5CDCW4Z6,2026-08-24T21:20:07.521168974Z,60,2026-08-24T21:20:07.521168974Z,true,2026-08-24T21:49:21.767372386Z,01M0TSZV8KEDQHAT4X3FNKVS2B,2026-08-24T21:20:07.521168974Z,0,2026-08-24T21:20:07.521168974Z,true,2026-08-24T21:48:51.361244832Z,selection,2026-08-24T21:20:07.521168974Z,01M0TTA5ATM7240H019YJV4N91,2026-08-24T21:20:07.521168974Z,1787608131372,2026-08-24T21:48:51.37351738Z,true,2026-08-24T21:48:51.317859868Z,true,2026-08-24T21:48:51.384632071Z,01M0TTA6AVAX0R4ZS7TV3XZ3JQ,2026-08-24T21:20:07.521168974Z
01M0TVKB2ZN9Z7FPSD9XJ149FR,01M0TTMTH8JPTHXWGXYEY1VFR8,2026-08-24T21:42:35.873444032Z,3,2026-08-24T21:42:35.873444032Z,true,2026-08-24T21:56:56.174848089Z,01M0TTMWMG725DJ5GA5M4WD8SY,2026-08-24T21:42:35.873444032Z,1,2026-08-24T21:42:35.873444032Z,true,2026-08-24T21:56:53.139054244Z,feedback,2026-08-24T21:42:35.873444032Z,01M0TVK9QXJQMWGDZW5ZRM9P71,2026-08-24T21:42:35.873444032Z,1787608613156,2026-08-24T21:56:53.157597759Z,true,2026-08-24T21:56:53.09374862Z,true,2026-08-24T21:56:53.171812251Z,01M0TVKB2QR1K56F1RJHNYPQ6X,2026-08-24T21:42:35.873444032Z
