playerID,gameID,contextStructure,setId,setReplicate,phase,order,image,label,cell,top,bottom,text,shownAt,submittedAt,rt_sec,autoSubmitted
01M0WX0T78NE9YVPZSCJ5NTGX1,01M0WWQ74ND1AHANTF309RNWJE,comp-within,0,0,pretest,0,138_448.png,A5,familiar_top_novel_bottom,138,448,"The top has 4 corners, narrow and horizontal.",1787676891524,1787676951554,60.03,TRUE
01M0WX0T78NE9YVPZSCJ5NTGX1,01M0WWQ74ND1AHANTF309RNWJE,comp-within,0,0,pretest,1,422_364.png,C7,familiar_top_novel_bottom,422,364,The top pizza hut and charlie brown shi,1787676951556,1787677011565,60.009,TRUE
01M0WX0T78NE9YVPZSCJ5NTGX1,01M0WWQ74ND1AHANTF309RNWJE,comp-within,0,0,pretest,2,260_405.png,G3,novel_top_familiar_bottom,260,405,Spiky with rectangular legs,1787677011566,1787677059457,47.891,FALSE
01M0WX0T78NE9YVPZSCJ5NTGX1,01M0WWQ74ND1AHANTF309RNWJE,comp-within,0,0,pretest,3,279_25.png,D8,familiar_top_novel_bottom,279,25,Beatle with pointy ends,1787677059462,1787677100509,41.047,FALSE
01M0WX0T78NE9YVPZSCJ5NTGX1,01M0WWQ74ND1AHANTF309RNWJE,comp-within,0,0,pretest,4,366_339.png,B2,novel_combination,366,339,Small house inside a  collapsed house,1787677100515,1787677154241,53.726,FALSE
01M0WX0T78NE9YVPZSCJ5NTGX1,01M0WWQ74ND1AHANTF309RNWJE,comp-within,0,0,pretest,5,162_66.png,H4,novel_top_familiar_bottom,162,66,Two open boxes stacked,1787677154248,1787677190018,35.77,FALSE
01M0WX0T78NE9YVPZSCJ5NTGX1,01M0WWQ74ND1AHANTF309RNWJE,comp-within,0,0,pretest,6,138_244.png,A1,novel_combination,138,244,Box spilled over on shelf,1787677190023,1787677244816,54.793,FALSE
01M0WX0T78NE9YVPZSCJ5NTGX1,01M0WWQ74ND1AHANTF309RNWJE,comp-within,0,0,pretest,7,422_405.png,C3,novel_combination,422,405,A house with running legs,1787677244821,1787677288332,43.511,FALSE
01M0WX0T78NE9YVPZSCJ5NTGX1,01M0WWQ74ND1AHANTF309RNWJE,comp-within,0,0,pretest,8,444_1.png,L12,entirely_held_out,444,1,A house with a sloping roof in,1787677288337,1787677348300,59.963,FALSE
01M0WX0T78NE9YVPZSCJ5NTGX1,01M0WWQ74ND1AHANTF309RNWJE,comp-within,0,0,pretest,9,366_333.png,B6,familiar_top_novel_bottom,366,333,A giliga alien,1787677348305,1787677386904,38.599,FALSE
01M0WX0T78NE9YVPZSCJ5NTGX1,01M0WWQ74ND1AHANTF309RNWJE,comp-within,0,0,pretest,10,279_66.png,D4,novel_combination,279,66,two  boxes,1787677386909,1787677437132,50.223,FALSE
01M0WX0T78NE9YVPZSCJ5NTGX1,01M0WWQ74ND1AHANTF309RNWJE,comp-within,0,0,pretest,11,138_339.png,A2,trained_distribution,138,339,box on a home,1787677437137,1787677461215,24.078,FALSE
01M0WX0T78NE9YVPZSCJ5NTGX1,01M0WWQ74ND1AHANTF309RNWJE,comp-within,0,0,pretest,12,452_244.png,E1,novel_top_familiar_bottom,452,244,broken horizon pieces,1787677461221,1787677492285,31.064,FALSE
01M0WX0T78NE9YVPZSCJ5NTGX1,01M0WWQ74ND1AHANTF309RNWJE,comp-within,0,0,pretest,13,239_32.png,K11,entirely_held_out,239,32,stacked sheets,1787677492290,1787677521150,28.86,FALSE
01M0WX0T78NE9YVPZSCJ5NTGX1,01M0WWQ74ND1AHANTF309RNWJE,comp-within,0,0,pretest,14,366_405.png,B3,trained_distribution,366,405,running triangle,1787677521155,1787677545300,24.145,FALSE
01M0WX0T78NE9YVPZSCJ5NTGX1,01M0WWQ74ND1AHANTF309RNWJE,comp-within,0,0,pretest,15,422_66.png,C4,trained_distribution,422,66,house on open box,1787677545304,1787677571928,26.624,FALSE
01M0WX0T78NE9YVPZSCJ5NTGX1,01M0WWQ74ND1AHANTF309RNWJE,comp-within,0,0,pretest,16,120_339.png,F2,novel_top_familiar_bottom,120,339,m on house,1787677571932,1787677629395,57.463,FALSE
01M0WX0T78NE9YVPZSCJ5NTGX1,01M0WWQ74ND1AHANTF309RNWJE,comp-within,0,0,pretest,17,279_244.png,D1,trained_distribution,279,244,broken box on shelf,1787677629400,1787677659419,30.019,FALSE
01M0WX0T78NE9YVPZSCJ5NTGX1,01M0WWQ74ND1AHANTF309RNWJE,comp-within,0,0,pretest,18,150_24.png,I9,entirely_held_out,150,24,man with lasers,1787677659423,1787677682580,23.157,FALSE
01M0WX0T78NE9YVPZSCJ5NTGX1,01M0WWQ74ND1AHANTF309RNWJE,comp-within,0,0,pretest,19,401_126.png,J10,entirely_held_out,401,126,diamond on box,1787677682595,1787677722411,39.816,FALSE
01M0WXSYNRXCYGT80QAR430CBD,01M0WWQAZPP7VBJF1WXDE2YKFW,comp-within,1,0,pretest,0,33_60.png,J10,entirely_held_out,33,60,"A large triangle pointing to the right, with a ""body"" and a ""tail"" coming off the right side. The ""tail"" points upward.",1787677693165,1787677744098,50.933,FALSE
01M0WXSYNRXCYGT80QAR430CBD,01M0WWQAZPP7VBJF1WXDE2YKFW,comp-within,1,0,pretest,1,66_138.png,A5,familiar_top_novel_bottom,66,138,A large black blob with a triangular point on the top and the bottom. The left side squares off and has a small diamond attached to it. The Right side is large and shaped like a hexagon.,1787677744100,1787677804102,60.002,TRUE
01M0WXSYNRXCYGT80QAR430CBD,01M0WWQAZPP7VBJF1WXDE2YKFW,comp-within,1,0,pretest,2,348_24.png,B3,trained_distribution,348,24,"Two black shapes combined. The shape on the left looks like a solid, angular backward 'B'. It has a white rectangle inside it. The shape on the right is tilted and pointy at the top. It looks like its leaning against the 'B' shape.",1787677804102,1787677860109,56.007,FALSE
01M0WXSYNRXCYGT80QAR430CBD,01M0WWQAZPP7VBJF1WXDE2YKFW,comp-within,1,0,pretest,3,202_464.png,C4,trained_distribution,202,464,It almost looks like a weird fish. The far left looks like a pointy fish tail and then there are more sharp points on the top and bottom while moving right. The 'head' of the fish is a big black blob that almost takes up the entire right half of the screen.,1787677860112,1787677917814,57.702,FALSE
01M0WXSYNRXCYGT80QAR430CBD,01M0WWQAZPP7VBJF1WXDE2YKFW,comp-within,1,0,pretest,4,20_314.png,D1,trained_distribution,20,314,It kind of looks like a person's head looking to the left. The right side of the shape is somewhat rounded. The left side of the shape is all point triangles that lay on their side and point left.,1787677917816,1787677959392,41.576,FALSE
01M0WXSYNRXCYGT80QAR430CBD,01M0WWQAZPP7VBJF1WXDE2YKFW,comp-within,1,0,pretest,5,261_161.png,L12,entirely_held_out,261,161,"There is a long thin rectangle in the center. It almost looks like a person, with a diamond head and a triangle foot standing to the right of the rectangle. There is a fat rectangle connected to the left of the tall thin rectangle.",1787677959393,1787678019400,60.007,TRUE
01M0WXSYNRXCYGT80QAR430CBD,01M0WWQAZPP7VBJF1WXDE2YKFW,comp-within,1,0,pretest,6,66_441.png,A2,trained_distribution,66,441,On the right side is a big fat half of a hexagon. Then the left side is a bunch of sharp jagged points. There are three jagged points in the upper left corner. There is a triangle pointing to the right in the bottom left corner.,1787678019401,1787678074644,55.243,FALSE
01M0WXSYNRXCYGT80QAR430CBD,01M0WWQAZPP7VBJF1WXDE2YKFW,comp-within,1,0,pretest,7,348_130.png,B6,familiar_top_novel_bottom,348,130,"The shape kind of looks like half of the letter 'N'. On the left side, there is a rectangle standing upright, with pointy triangles pointing left at the top and bottom of the rectangle.",1787678074645,1787678132762,58.117,FALSE
01M0WXSYNRXCYGT80QAR430CBD,01M0WWQAZPP7VBJF1WXDE2YKFW,comp-within,1,0,pretest,8,313_396.png,I9,entirely_held_out,313,396,It looks like a very fat backward 'K'. It's two fat solid black shapes touching. The one on the right has three pointy triangles at the bottom of it.,1787678132763,1787678167964,35.201,FALSE
01M0WXSYNRXCYGT80QAR430CBD,01M0WWQAZPP7VBJF1WXDE2YKFW,comp-within,1,0,pretest,9,20_63.png,D8,familiar_top_novel_bottom,20,63,"It looks like a very fat, squat arrow pointing to the left. The shape on the right side is solid and thick. Then there is a fat thick triangle on the left side pointing to the left.",1787678167965,1787678206371,38.406,FALSE
01M0WXSYNRXCYGT80QAR430CBD,01M0WWQAZPP7VBJF1WXDE2YKFW,comp-within,1,0,pretest,10,411_314.png,E1,novel_top_familiar_bottom,411,314,"This is a mess of triangles. There is a defined arrow pointing to the right. Then, on the other side of the arrow, there are a bunch of overlapping triangles pointing to the left.",1787678206373,1787678245525,39.152,FALSE
01M0WXSYNRXCYGT80QAR430CBD,01M0WWQAZPP7VBJF1WXDE2YKFW,comp-within,1,0,pretest,11,72_24.png,G3,novel_top_familiar_bottom,72,24,The shape on the left looks like a fat solid backwards,1787678245527,1787678259432,13.905,FALSE
01M0WXSYNRXCYGT80QAR430CBD,01M0WWQAZPP7VBJF1WXDE2YKFW,comp-within,1,0,pretest,12,348_441.png,B2,novel_combination,348,441,"The shape is very jagged and pointy. The top of the shape has four pointy triangles. There is a triangle laying on its side in the bottom left corner, pointing right.",1787678259433,1787678310330,50.897,FALSE
01M0WXSYNRXCYGT80QAR430CBD,01M0WWQAZPP7VBJF1WXDE2YKFW,comp-within,1,0,pretest,13,202_76.png,C7,familiar_top_novel_bottom,202,76,"The shape almost fills the box. There is a diamond on the left side, with thick black lines running through it. On the right side is a thick fat upright rectangle that angles to the top right.",1787678310332,1787678366458,56.126,FALSE
01M0WXSYNRXCYGT80QAR430CBD,01M0WWQAZPP7VBJF1WXDE2YKFW,comp-within,1,0,pretest,14,20_464.png,D4,novel_combination,20,464,"There is a large solid partial octagon on the right side. A rectangle pokes out from the left side. This rectangle has triangular spikes on it, two on the top and two on the bottom.",1787678366459,1787678417454,50.995,FALSE
01M0WXSYNRXCYGT80QAR430CBD,01M0WWQAZPP7VBJF1WXDE2YKFW,comp-within,1,0,pretest,15,467_218.png,K11,entirely_held_out,467,218,"It looks like three overlapping rectangles. One in the bottom right corner, one upright on top of it, and one distorted one overlapping both. There is a sideways diamond in the middle left.",1787678417456,1787678470292,52.836,FALSE
01M0WXSYNRXCYGT80QAR430CBD,01M0WWQAZPP7VBJF1WXDE2YKFW,comp-within,1,0,pretest,16,66_314.png,A1,novel_combination,66,314,There is half a hexagon on the right side. The left side is multiple sideways triangles pointing left.,1787678470294,1787678499728,29.434,FALSE
01M0WXSYNRXCYGT80QAR430CBD,01M0WWQAZPP7VBJF1WXDE2YKFW,comp-within,1,0,pretest,17,250_441.png,F2,novel_top_familiar_bottom,250,441,"The far right is a long thin rectangle. A fatter rectangle is attached to the right side of it. Then that rectangle has a bunch of jagged edges, with three points at the top. There is a sideways triangle pointing right in the bottom left corner",1787678499729,1787678558309,58.58,FALSE
01M0WXSYNRXCYGT80QAR430CBD,01M0WWQAZPP7VBJF1WXDE2YKFW,comp-within,1,0,pretest,18,202_24.png,C3,novel_combination,202,24,"There is a white rectangle in the center of the screen. The left of the shape looks like a angular, fat backwards 'B'.",1787678558312,1787678586382,28.07,FALSE
01M0WXSYNRXCYGT80QAR430CBD,01M0WWQAZPP7VBJF1WXDE2YKFW,comp-within,1,0,pretest,19,392_464.png,H4,novel_top_familiar_bottom,392,464,"On the left, there is a rectangle with two sharp points on the top and bottom of it. On the right is a shape that kind of looks like a hammerhead shark. It has a little single jagged shape sticking off the front of it.",1787678586384,1787678641813,55.429,FALSE
01M0WY0C090AZDG2K9X542KKDB,01M0WWQ9XVXJV1JR4118CY5W09,noncomp,0,0,pretest,0,401_126.png,J10,entirely_held_out,401,126,A black silhouette of a figure that looks like a robot or table lamp.,1787677550132,1787677600708,50.576,FALSE
01M0WY0C090AZDG2K9X542KKDB,01M0WWQ9XVXJV1JR4118CY5W09,noncomp,0,0,pretest,1,138_244.png,A1,trained_distribution,138,244,Looks like a black sihouette comprising individual shapes like diamond and triangle,1787677600710,1787677656852,56.142,FALSE
01M0WY0C090AZDG2K9X542KKDB,01M0WWQ9XVXJV1JR4118CY5W09,noncomp,0,0,pretest,2,279_66.png,D4,trained_distribution,279,66,Looks like an object comprising of pentagon,1787677656853,1787677706587,49.734,FALSE
01M0WY0C090AZDG2K9X542KKDB,01M0WWQ9XVXJV1JR4118CY5W09,noncomp,0,0,pretest,3,366_339.png,B2,trained_distribution,366,339,"An object that looks like a small house, comprising of triangle shape",1787677706589,1787677761652,55.063,FALSE
01M0WY0C090AZDG2K9X542KKDB,01M0WWQ9XVXJV1JR4118CY5W09,noncomp,0,0,pretest,4,444_1.png,L12,entirely_held_out,444,1,an object that looks like a solid rectangle sitting horizontally with sharp edges,1787677761653,1787677817102,55.449,FALSE
01M0WY0C090AZDG2K9X542KKDB,01M0WWQ9XVXJV1JR4118CY5W09,noncomp,0,0,pretest,5,150_24.png,I9,entirely_held_out,150,24,an object that comprises of v-cut bottom edge with floating rectangles,1787677817103,1787677872424,55.321,FALSE
01M0WY0C090AZDG2K9X542KKDB,01M0WWQ9XVXJV1JR4118CY5W09,noncomp,0,0,pretest,6,239_32.png,K11,entirely_held_out,239,32,an object comprising of a diamond edge at the base with a parallelogram at the middle.,1787677872427,1787677930751,58.324,FALSE
01M0WY0C090AZDG2K9X542KKDB,01M0WWQ9XVXJV1JR4118CY5W09,noncomp,0,0,pretest,7,422_405.png,C3,trained_distribution,422,405,an object that looks like a house with shapes like rectangle beneath,1787677930752,1787677987870,57.118,FALSE
01M0WYD27PCMGYRRX23HHYX14S,01M0WWQAZRRWZPK3N7VE24RFV2,comp-between,1,0,pretest,0,348_441.png,B2,novel_combination,348,441,It looks like a spiky anime haircut on top of a teepee shaped arch with a fish tail coming off the left side.,1787677863605,1787677914608,51.003,FALSE
01M0WYD27PCMGYRRX23HHYX14S,01M0WWQAZRRWZPK3N7VE24RFV2,comp-between,1,0,pretest,1,33_60.png,J10,entirely_held_out,33,60,I looks a combination of an arrow and a fish pointing right.,1787677914612,1787677934327,19.715,FALSE
01M0WYD27PCMGYRRX23HHYX14S,01M0WWQAZRRWZPK3N7VE24RFV2,comp-between,1,0,pretest,2,20_464.png,D4,novel_combination,20,464,It looks like one half a dumbbell with two fish tails along the middle and bottom of the bar.,1787677934329,1787677973536,39.207,FALSE
01M0WYD27PCMGYRRX23HHYX14S,01M0WWQAZRRWZPK3N7VE24RFV2,comp-between,1,0,pretest,3,66_138.png,A5,familiar_top_novel_bottom,66,138,It looks like a famous cartoon goblin on it's side wearing a turban.,1787677973540,1787678033835,60.295,TRUE
01M0WYD27PCMGYRRX23HHYX14S,01M0WWQAZRRWZPK3N7VE24RFV2,comp-between,1,0,pretest,4,202_24.png,C3,novel_combination,202,24,It looks like the outline of a rabbit head with a white door in the middle.,1787678033837,1787678087391,53.554,FALSE
01M0WYD27PCMGYRRX23HHYX14S,01M0WWQAZRRWZPK3N7VE24RFV2,comp-between,1,0,pretest,5,250_441.png,F2,novel_top_familiar_bottom,250,441,It looks like a coffee table on its side on top of a jagged dome corner with a fish tail coming offit.,1787678087393,1787678147744,60.351,TRUE
01M0WYD27PCMGYRRX23HHYX14S,01M0WWQAZRRWZPK3N7VE24RFV2,comp-between,1,0,pretest,6,411_314.png,E1,novel_top_familiar_bottom,411,314,"I looks like an arrow on its side on top of a bunch of random, jagged shapes.",1787678147745,1787678190484,42.739,FALSE
01M0WYD27PCMGYRRX23HHYX14S,01M0WWQAZRRWZPK3N7VE24RFV2,comp-between,1,0,pretest,7,20_63.png,D8,familiar_top_novel_bottom,20,63,It looks like a diamond on its left side with a white triangle in the bottom centre.,1787678190486,1787678247487,57.001,FALSE
01M0WYD27PCMGYRRX23HHYX14S,01M0WWQAZRRWZPK3N7VE24RFV2,comp-between,1,0,pretest,8,467_218.png,K11,entirely_held_out,467,218,"It looks like a tall rectangle, shorter rectangle and and ribbon end all combined together.",1787678247489,1787678297951,50.462,FALSE
01M0WYD27PCMGYRRX23HHYX14S,01M0WWQAZRRWZPK3N7VE24RFV2,comp-between,1,0,pretest,9,348_24.png,B3,trained_distribution,348,24,It looks like a pair of sunglasses on its side and a knife leaning on it.,1787678297953,1787678353896,55.943,FALSE
01M0WYD27PCMGYRRX23HHYX14S,01M0WWQAZRRWZPK3N7VE24RFV2,comp-between,1,0,pretest,10,66_441.png,A2,trained_distribution,66,441,It looks like a bowler hat on top of a jagged dome corner with a fish tail coming off the left side.,1787678353898,1787678401623,47.725,FALSE
01M0WYD27PCMGYRRX23HHYX14S,01M0WWQAZRRWZPK3N7VE24RFV2,comp-between,1,0,pretest,11,202_464.png,C4,trained_distribution,202,464,It looks like a dumbbell with two fish tails and an arrow tip coming off the top right corner.,1787678401627,1787678452091,50.464,FALSE
01M0WYD27PCMGYRRX23HHYX14S,01M0WWQAZRRWZPK3N7VE24RFV2,comp-between,1,0,pretest,12,20_314.png,D1,trained_distribution,20,314,It looks like an old monument head with an extra chin.,1787678452095,1787678494419,42.324,FALSE
01M0WYD27PCMGYRRX23HHYX14S,01M0WWQAZRRWZPK3N7VE24RFV2,comp-between,1,0,pretest,13,313_396.png,I9,entirely_held_out,313,396,It looks like a bunch of random jagged shapes thrown together.,1787678494420,1787678529540,35.12,FALSE
01M0WYD27PCMGYRRX23HHYX14S,01M0WWQAZRRWZPK3N7VE24RFV2,comp-between,1,0,pretest,14,72_24.png,G3,novel_top_familiar_bottom,72,24,It looks like a pair of sunglasses with a tent peg on top and a white rectangle in the middle.,1787678529543,1787678587007,57.464,FALSE
01M0WYD27PCMGYRRX23HHYX14S,01M0WWQAZRRWZPK3N7VE24RFV2,comp-between,1,0,pretest,15,348_130.png,B6,familiar_top_novel_bottom,348,130,It looks like a table on its side with knife leaning on it.,1787678587013,1787678636951,49.938,FALSE
01M0WYD27PCMGYRRX23HHYX14S,01M0WWQAZRRWZPK3N7VE24RFV2,comp-between,1,0,pretest,16,392_464.png,H4,novel_top_familiar_bottom,392,464,It looks like a dumbbell on its side with two fish tails and a knife tip coming off the top left corner.,1787678636954,1787678693162,56.208,FALSE
01M0WYD27PCMGYRRX23HHYX14S,01M0WWQAZRRWZPK3N7VE24RFV2,comp-between,1,0,pretest,17,66_314.png,A1,novel_combination,66,314,It looks like a bunch of random shapes thrown together.,1787678693164,1787678725670,32.506,FALSE
01M0WYD27PCMGYRRX23HHYX14S,01M0WWQAZRRWZPK3N7VE24RFV2,comp-between,1,0,pretest,18,261_161.png,L12,entirely_held_out,261,161,It looks like a man next to a table on its side with a small spike coming off the big central leg.,1787678725672,1787678774986,49.314,FALSE
01M0WYD27PCMGYRRX23HHYX14S,01M0WWQAZRRWZPK3N7VE24RFV2,comp-between,1,0,pretest,19,202_76.png,C7,familiar_top_novel_bottom,202,76,It looks like a bunch of random shapes thrown together.,1787678774988,1787678806887,31.899,FALSE
01M0WWVKKHKMSSWB9WS1N6GRNZ,01M0WWQ74ND1AHANTF309RNWJE,comp-within,0,0,pretest,0,366_339.png,B2,novel_combination,366,339,a little tent in a black shape,1787676887707,1787676908720,21.013,FALSE
01M0WWVKKHKMSSWB9WS1N6GRNZ,01M0WWQ74ND1AHANTF309RNWJE,comp-within,0,0,pretest,1,279_25.png,D8,familiar_top_novel_bottom,279,25,almost a crab like shape,1787676908723,1787676920610,11.887,FALSE
01M0WWVKKHKMSSWB9WS1N6GRNZ,01M0WWQ74ND1AHANTF309RNWJE,comp-within,0,0,pretest,2,260_405.png,G3,novel_top_familiar_bottom,260,405,two horns on a 4 sided shape with legs,1787676920616,1787676941889,21.273,FALSE
01M0WWVKKHKMSSWB9WS1N6GRNZ,01M0WWQ74ND1AHANTF309RNWJE,comp-within,0,0,pretest,3,162_66.png,H4,novel_top_familiar_bottom,162,66,a tower with spikes coming out of it,1787676941892,1787676953455,11.563,FALSE
01M0WWVKKHKMSSWB9WS1N6GRNZ,01M0WWQ74ND1AHANTF309RNWJE,comp-within,0,0,pretest,4,444_1.png,L12,entirely_held_out,444,1,"a large black shape, looks a bit like a boat",1787676953457,1787676971154,17.697,FALSE
01M0WWVKKHKMSSWB9WS1N6GRNZ,01M0WWQ74ND1AHANTF309RNWJE,comp-within,0,0,pretest,5,366_333.png,B6,familiar_top_novel_bottom,366,333,a little tent in a spaceship,1787676971157,1787676982748,11.591,FALSE
01M0WWVKKHKMSSWB9WS1N6GRNZ,01M0WWQ74ND1AHANTF309RNWJE,comp-within,0,0,pretest,6,138_244.png,A1,novel_combination,138,244,traigles and diamonds,1787676982750,1787676997263,14.513,FALSE
01M0WWVKKHKMSSWB9WS1N6GRNZ,01M0WWQ74ND1AHANTF309RNWJE,comp-within,0,0,pretest,7,422_364.png,C7,familiar_top_novel_bottom,422,364,a big black wave with a house on top,1787676997266,1787677015893,18.627,FALSE
01M0WWVKKHKMSSWB9WS1N6GRNZ,01M0WWQ74ND1AHANTF309RNWJE,comp-within,0,0,pretest,8,150_24.png,I9,entirely_held_out,150,24,a white rectangle in a balck shape with 3 lines coming out of it,1787677015895,1787677042268,26.373,FALSE
01M0WWVKKHKMSSWB9WS1N6GRNZ,01M0WWQ74ND1AHANTF309RNWJE,comp-within,0,0,pretest,9,120_339.png,F2,novel_top_familiar_bottom,120,339,tiny triangle in the middle of black,1787677042273,1787677059715,17.442,FALSE
01M0WWVKKHKMSSWB9WS1N6GRNZ,01M0WWQ74ND1AHANTF309RNWJE,comp-within,0,0,pretest,10,366_405.png,B3,trained_distribution,366,405,an arch over some legs,1787677059718,1787677076651,16.933,FALSE
01M0WWVKKHKMSSWB9WS1N6GRNZ,01M0WWQ74ND1AHANTF309RNWJE,comp-within,0,0,pretest,11,279_244.png,D1,trained_distribution,279,244,and trinagle and diamond at the bottom,1787677076654,1787677089332,12.678,FALSE
01M0WWVKKHKMSSWB9WS1N6GRNZ,01M0WWQ74ND1AHANTF309RNWJE,comp-within,0,0,pretest,12,422_66.png,C4,trained_distribution,422,66,and tower like shape with a rectangle hite shape in the middle,1787677089335,1787677102855,13.52,FALSE
01M0WWVKKHKMSSWB9WS1N6GRNZ,01M0WWQ74ND1AHANTF309RNWJE,comp-within,0,0,pretest,13,239_32.png,K11,entirely_held_out,239,32,two squares and a rectangle on top of each other,1787677102860,1787677122799,19.939,FALSE
01M0WWVKKHKMSSWB9WS1N6GRNZ,01M0WWQ74ND1AHANTF309RNWJE,comp-within,0,0,pretest,14,138_339.png,A2,trained_distribution,138,339,white triangle at the bottom,1787677122805,1787677131293,8.488,FALSE
01M0WWVKKHKMSSWB9WS1N6GRNZ,01M0WWQ74ND1AHANTF309RNWJE,comp-within,0,0,pretest,15,401_126.png,J10,entirely_held_out,401,126,white triange in the middle with a black diamond at the top,1787677131295,1787677153975,22.68,FALSE
01M0WWVKKHKMSSWB9WS1N6GRNZ,01M0WWQ74ND1AHANTF309RNWJE,comp-within,0,0,pretest,16,452_244.png,E1,novel_top_familiar_bottom,452,244,triangle and diamond at the bottom,1787677153977,1787677166333,12.356,FALSE
01M0WWVKKHKMSSWB9WS1N6GRNZ,01M0WWQ74ND1AHANTF309RNWJE,comp-within,0,0,pretest,17,422_405.png,C3,novel_combination,422,405,a house with legs and a white rectangle in the middle,1787677166336,1787677176692,10.356,FALSE
01M0WWVKKHKMSSWB9WS1N6GRNZ,01M0WWQ74ND1AHANTF309RNWJE,comp-within,0,0,pretest,18,279_66.png,D4,novel_combination,279,66,a box,1787677176697,1787677190278,13.581,FALSE
01M0WWVKKHKMSSWB9WS1N6GRNZ,01M0WWQ74ND1AHANTF309RNWJE,comp-within,0,0,pretest,19,138_448.png,A5,familiar_top_novel_bottom,138,448,a diamond at the top and take s up most the sceen,1787677190284,1787677203500,13.216,FALSE
01M0WX9MXH1SX7Q50079HW9F7E,01M0WWQ74H7CSGCPAHPDSCJ0PV,comp-between,0,0,pretest,0,279_66.png,D4,novel_combination,279,66,It looks like a packaging box with a balloon popping out of it it looks like it may be a devil with horns,1787676773048,1787676792028,18.98,FALSE
01M0WX9MXH1SX7Q50079HW9F7E,01M0WWQ74H7CSGCPAHPDSCJ0PV,comp-between,0,0,pretest,1,366_333.png,B6,familiar_top_novel_bottom,366,333,It looks like a spaceship or a rocket it's kind of triangular shaped with three small triangles underneath,1787676792031,1787676805416,13.385,FALSE
01M0WX9MXH1SX7Q50079HW9F7E,01M0WWQ74H7CSGCPAHPDSCJ0PV,comp-between,0,0,pretest,2,452_244.png,E1,novel_top_familiar_bottom,452,244,It looks like a series of rectangles with three peaks maybe like a set of office buildings in an underground there is a triangle facing left and a diamond shape on its side,1787676805418,1787676827864,22.446,FALSE
01M0WX9MXH1SX7Q50079HW9F7E,01M0WWQ74H7CSGCPAHPDSCJ0PV,comp-between,0,0,pretest,3,138_448.png,A5,familiar_top_novel_bottom,138,448,Right at the top there's a diamond and then below the diamond there is a rectangle and then below the rectangle they're just a bunch of other weird shapes it kinda looks like a man facing towards the right,1787676827866,1787676845828,17.962,FALSE
01M0WX9MXH1SX7Q50079HW9F7E,01M0WWQ74H7CSGCPAHPDSCJ0PV,comp-between,0,0,pretest,4,422_405.png,C3,novel_combination,422,405,This one kind of looks like a man wearing a hat running towards the left-hand side kind of has a flat rectangle at the top with a triangle below,1787676845830,1787676859653,13.823,FALSE
01M0WX9MXH1SX7Q50079HW9F7E,01M0WWQ74H7CSGCPAHPDSCJ0PV,comp-between,0,0,pretest,5,401_126.png,J10,entirely_held_out,401,126,Looks a bit like a house there is a flat diamond at the top and underneath on the very bottom there is a triangle,1787676859657,1787676870177,10.52,FALSE
01M0WX9MXH1SX7Q50079HW9F7E,01M0WWQ74H7CSGCPAHPDSCJ0PV,comp-between,0,0,pretest,6,444_1.png,L12,entirely_held_out,444,1,Right at the bottom of this there is a large rectangle and then on top there are a few other shapes it kind of looks a bit like a boat I guess,1787676870180,1787676885351,15.171,FALSE
01M0WX9MXH1SX7Q50079HW9F7E,01M0WWQ74H7CSGCPAHPDSCJ0PV,comp-between,0,0,pretest,7,279_244.png,D1,trained_distribution,279,244,This looks like an image with horns there's a triangle on the bottom left facing towards the left and then there is a flat diamond shape to the right of it above that there is a rectangle,1787676885354,1787676908181,22.827,FALSE
01M0WX9MXH1SX7Q50079HW9F7E,01M0WWQ74H7CSGCPAHPDSCJ0PV,comp-between,0,0,pretest,8,138_339.png,A2,trained_distribution,138,339,This one kind of looks like a person facing slightly towards the right,1787676908183,1787676916016,7.833,FALSE
01M0WX9MXH1SX7Q50079HW9F7E,01M0WWQ74H7CSGCPAHPDSCJ0PV,comp-between,0,0,pretest,9,366_405.png,B3,trained_distribution,366,405,I'm looks a bit like a pair of legs facing towards the left with her come triangle on top with a hollow triangle inside,1787676916019,1787676928389,12.37,FALSE
01M0WX9MXH1SX7Q50079HW9F7E,01M0WWQ74H7CSGCPAHPDSCJ0PV,comp-between,0,0,pretest,10,422_364.png,C7,familiar_top_novel_bottom,422,364,"This one looks like a top hat with a zigzag at the bottom, looks like a W",1787676928392,1787676939562,11.17,FALSE
01M0WX9MXH1SX7Q50079HW9F7E,01M0WWQ74H7CSGCPAHPDSCJ0PV,comp-between,0,0,pretest,11,162_66.png,H4,novel_top_familiar_bottom,162,66,it looks like two boxes stacked on top of each other the box on the top looks like it has a big piece of cardboard of paper poking out of it,1787676939565,1787676952517,12.952,FALSE
01M0WX9MXH1SX7Q50079HW9F7E,01M0WWQ74H7CSGCPAHPDSCJ0PV,comp-between,0,0,pretest,12,150_24.png,I9,entirely_held_out,150,24,This one looks a bit like a robot head with the spikes last week it's poking out at the top maybe a bit like a world is helmet look like a rectangular white circle in the middle,1787676952520,1787676969779,17.259,FALSE
01M0WX9MXH1SX7Q50079HW9F7E,01M0WWQ74H7CSGCPAHPDSCJ0PV,comp-between,0,0,pretest,13,120_339.png,F2,novel_top_familiar_bottom,120,339,This one looks kind of like a W on top of another kind of bunch of shapes with a hollow white triangle at the bottom,1787676969782,1787676982050,12.268,FALSE
01M0WX9MXH1SX7Q50079HW9F7E,01M0WWQ74H7CSGCPAHPDSCJ0PV,comp-between,0,0,pretest,14,260_405.png,G3,novel_top_familiar_bottom,260,405,This one looks like kind of a hat with horns as two spiky bits at the top and then it kind of looks like a pair of legs underneath facing towards the left the legs look like they're running towards the left-hand side of the screen,1787676982053,1787676998024,15.971,FALSE
01M0WX9MXH1SX7Q50079HW9F7E,01M0WWQ74H7CSGCPAHPDSCJ0PV,comp-between,0,0,pretest,15,239_32.png,K11,entirely_held_out,239,32,Just looks like a pile of diamonds at the bottom there are two diamonds maybe like a pile of boxes maybe,1787676998026,1787677009329,11.303,FALSE
01M0WX9MXH1SX7Q50079HW9F7E,01M0WWQ74H7CSGCPAHPDSCJ0PV,comp-between,0,0,pretest,16,138_244.png,A1,novel_combination,138,244,Has a flat time is at the top and the bottom right there is a backspace actually on the bottom left there's a triangle face in towards the left next to that triangle is a diamond kind of us black diamond there's also a flat time and right at the top as well,1787677009332,1787677031559,22.227,FALSE
01M0WX9MXH1SX7Q50079HW9F7E,01M0WWQ74H7CSGCPAHPDSCJ0PV,comp-between,0,0,pretest,17,422_66.png,C4,trained_distribution,422,66,This one kinda looks like a house with a kind of blank space in between and maybe looks like two cardboard boxes on top of each other with a blank space in between Apple Inc. spaces car then maybe like tilted kinda like a parallelogram,1787677031562,1787677049116,17.554,FALSE
01M0WX9MXH1SX7Q50079HW9F7E,01M0WWQ74H7CSGCPAHPDSCJ0PV,comp-between,0,0,pretest,18,366_339.png,B2,novel_combination,366,339,This one has a white triangle at the bottom of a kind of a black block I don't want to talk this kind of her black triangle with a another white triangle kind of house shape cut out of it,1787677049119,1787677067609,18.49,FALSE
01M0WX9MXH1SX7Q50079HW9F7E,01M0WWQ74H7CSGCPAHPDSCJ0PV,comp-between,0,0,pretest,19,279_25.png,D8,familiar_top_novel_bottom,279,25,Looks like a crab it kind of looks like a crab two legs and then maybe there's like a upsidedown triangle on the top with qubits poking out of it,1787677067611,1787677079548,11.937,FALSE
01M0WXR5QX7RT0467EJCPJ9Y2Y,01M0WWQ9XW83PGVA4HF3WT9HVR,comp-within,0,0,pretest,0,279_25.png,D8,familiar_top_novel_bottom,279,25,looks like a crab from birdseye view with short claws at the top and longer ones at the bottom,1787677643248,1787677684177,40.929,FALSE
01M0WXR5QX7RT0467EJCPJ9Y2Y,01M0WWQ9XW83PGVA4HF3WT9HVR,comp-within,0,0,pretest,1,120_339.png,F2,novel_top_familiar_bottom,120,339,two triangles pointing outwards at the top. the bottom is mainly black with white triangle,1787677684180,1787677744183,60.003,TRUE
01M0WXR5QX7RT0467EJCPJ9Y2Y,01M0WWQ9XW83PGVA4HF3WT9HVR,comp-within,0,0,pretest,2,138_448.png,A5,familiar_top_novel_bottom,138,448,diamond on the top of a rectangle. top half kind of looks like a hat. bottom part slopes downwards to the right,1787677744184,1787677786208,42.024,FALSE
01M0WXR5QX7RT0467EJCPJ9Y2Y,01M0WWQ9XW83PGVA4HF3WT9HVR,comp-within,0,0,pretest,3,239_32.png,K11,entirely_held_out,239,32,bottom made up of two diamond shapes on top of each other. looks like graduation caps on top of each other. top half looks like it has a sideways house with roof pointing,1787677786211,1787677846213,60.002,TRUE
01M0WXR5QX7RT0467EJCPJ9Y2Y,01M0WWQ9XW83PGVA4HF3WT9HVR,comp-within,0,0,pretest,4,422_364.png,C7,familiar_top_novel_bottom,422,364,"wide ""w"" at the bottom top looks like a house with ahat on with a white distorted diamond inside",1787677846215,1787677882137,35.922,FALSE
01M0WXR5QX7RT0467EJCPJ9Y2Y,01M0WWQ9XW83PGVA4HF3WT9HVR,comp-within,0,0,pretest,5,279_244.png,D1,trained_distribution,279,244,top looks like a diamondwith a bit cut out in the shape of half a traingle. bottom half has a triangle pointng left and a diamond shapeattavhed to it,1787677882140,1787677920397,38.257,FALSE
01M0WXR5QX7RT0467EJCPJ9Y2Y,01M0WWQ9XW83PGVA4HF3WT9HVR,comp-within,0,0,pretest,6,366_405.png,B3,trained_distribution,366,405,half a triangle with outline of what looks like a house in white. bottom has,1787677920400,1787677980402,60.002,TRUE
01M0WXR5QX7RT0467EJCPJ9Y2Y,01M0WWQ9XW83PGVA4HF3WT9HVR,comp-within,0,0,pretest,7,138_339.png,A2,trained_distribution,138,339,diamond on the top of arectangle. triangle pointing to the left. big white triangle missing out the bottom outline in white,1787677980403,1787678024760,44.357,FALSE
01M0WXR5QX7RT0467EJCPJ9Y2Y,01M0WWQ9XW83PGVA4HF3WT9HVR,comp-within,0,0,pretest,8,150_24.png,I9,entirely_held_out,150,24,looks like a mask you would wear when using machinery. rectangle cut out in the middle. three points,1787678024764,1787678056469,31.705,FALSE
01M0WXR5QX7RT0467EJCPJ9Y2Y,01M0WWQ9XW83PGVA4HF3WT9HVR,comp-within,0,0,pretest,9,422_66.png,C4,trained_distribution,422,66,looks like a house with a rectangle on the top. distorted shape diamond in white . looks like it has wings,1787678056472,1787678098764,42.292,FALSE
01M0WXR5QX7RT0467EJCPJ9Y2Y,01M0WWQ9XW83PGVA4HF3WT9HVR,comp-within,0,0,pretest,10,452_244.png,E1,novel_top_familiar_bottom,452,244,two trinagles at bottom pointing left. above is rectangle with 3 points.,1787678098767,1787678142393,43.626,FALSE
01M0WXR5QX7RT0467EJCPJ9Y2Y,01M0WWQ9XW83PGVA4HF3WT9HVR,comp-within,0,0,pretest,11,366_333.png,B6,familiar_top_novel_bottom,366,333,looks like a spaceship. 3 traingluar points on the bottom. one big traingle pointing upwards,1787678142397,1787678170100,27.703,FALSE
01M0WXR5QX7RT0467EJCPJ9Y2Y,01M0WWQ9XW83PGVA4HF3WT9HVR,comp-within,0,0,pretest,12,401_126.png,J10,entirely_held_out,401,126,"house shaped with.a diamond shape sideways right on the point at the top. inside the black there is a long white triangle and at the bottom there is a triangle facing upwards touching the bottom od the ""house""",1787678170104,1787678214881,44.777,FALSE
01M0WXR5QX7RT0467EJCPJ9Y2Y,01M0WWQ9XW83PGVA4HF3WT9HVR,comp-within,0,0,pretest,13,260_405.png,G3,novel_top_familiar_bottom,260,405,two points at the top that are spikes. bottom left shows what looks like steps. symettrical at the top but not at the bottom,1787678214886,1787678261826,46.94,FALSE
01M0WXR5QX7RT0467EJCPJ9Y2Y,01M0WWQ9XW83PGVA4HF3WT9HVR,comp-within,0,0,pretest,14,279_66.png,D4,novel_combination,279,66,bottom hlalf looks like an open box. top looks like a diamond with a triangle missing out of it,1787678261830,1787678290469,28.639,FALSE
01M0WXR5QX7RT0467EJCPJ9Y2Y,01M0WWQ9XW83PGVA4HF3WT9HVR,comp-within,0,0,pretest,15,138_244.png,A1,novel_combination,138,244,sideways diamond at the top. bottom has triangle pointing to the left with sideways diamond attached. middle sort of looks like a house but right side doesnt have the roof,1787678290473,1787678330831,40.358,FALSE
01M0WXR5QX7RT0467EJCPJ9Y2Y,01M0WWQ9XW83PGVA4HF3WT9HVR,comp-within,0,0,pretest,16,366_339.png,B2,novel_combination,366,339,a distorted house with two white triangles. one in the top which makes the outline and one which is at the bottom that doesnt have a bottom on it,1787678330833,1787678364740,33.907,FALSE
01M0WXR5QX7RT0467EJCPJ9Y2Y,01M0WWQ9XW83PGVA4HF3WT9HVR,comp-within,0,0,pretest,17,444_1.png,L12,entirely_held_out,444,1,bottom fully black up to about halfway up and theres a rectangle at the left with a sidways shape on it pointing north east,1787678364744,1787678397800,33.056,FALSE
01M0WXR5QX7RT0467EJCPJ9Y2Y,01M0WWQ9XW83PGVA4HF3WT9HVR,comp-within,0,0,pretest,18,422_405.png,C3,novel_combination,422,405,looks like a house at the top with a rectangle on the top. inside the house is a disorted diamond shape. bottom left has what looks like stairs bottom right looks likea. boot,1787678397803,1787678441786,43.983,FALSE
01M0WXR5QX7RT0467EJCPJ9Y2Y,01M0WWQ9XW83PGVA4HF3WT9HVR,comp-within,0,0,pretest,19,162_66.png,H4,novel_top_familiar_bottom,162,66,two open boxes on top of each other with something sticking out of the top box,1787678441788,1787678456289,14.501,FALSE
01M0WY1FH5WQS14DQ3V446M8AM,01M0WWQ9XT2Q7RF2RHNCTTRDNK,comp-between,0,0,pretest,0,422_364.png,C7,familiar_top_novel_bottom,422,364,looks like a person wearing a hat,1787677712787,1787677751019,38.232,FALSE
01M0WY1FH5WQS14DQ3V446M8AM,01M0WWQ9XT2Q7RF2RHNCTTRDNK,comp-between,0,0,pretest,1,279_244.png,D1,trained_distribution,279,244,kind of as horns shaped like a bull.,1787677751023,1787677769433,18.41,FALSE
01M0WY1FH5WQS14DQ3V446M8AM,01M0WWQ9XT2Q7RF2RHNCTTRDNK,comp-between,0,0,pretest,2,366_405.png,B3,trained_distribution,366,405,looks like a pair of legs walking with arms,1787677769437,1787677792042,22.605,FALSE
01M0WY1FH5WQS14DQ3V446M8AM,01M0WWQ9XT2Q7RF2RHNCTTRDNK,comp-between,0,0,pretest,3,162_66.png,H4,novel_top_familiar_bottom,162,66,looks like a pair of boxes stacked on each other,1787677792047,1787677810644,18.597,FALSE
01M0WY1FH5WQS14DQ3V446M8AM,01M0WWQ9XT2Q7RF2RHNCTTRDNK,comp-between,0,0,pretest,4,444_1.png,L12,entirely_held_out,444,1,rectangular box with a chimney on top,1787677810649,1787677829503,18.854,FALSE
01M0WY1FH5WQS14DQ3V446M8AM,01M0WWQ9XT2Q7RF2RHNCTTRDNK,comp-between,0,0,pretest,5,120_339.png,F2,novel_top_familiar_bottom,120,339,a bat like shape with two pointed wings spread up at the top,1787677829507,1787677866540,37.033,FALSE
01M0WY1FH5WQS14DQ3V446M8AM,01M0WWQ9XT2Q7RF2RHNCTTRDNK,comp-between,0,0,pretest,6,138_448.png,A5,familiar_top_novel_bottom,138,448,ia blocky figure with a diamond on top with a wide body and jagged staricase,1787677866545,1787677924487,57.942,FALSE
01M0WY1FH5WQS14DQ3V446M8AM,01M0WWQ9XT2Q7RF2RHNCTTRDNK,comp-between,0,0,pretest,7,422_405.png,C3,novel_combination,422,405,its looks like a pair of legs walking with a rectangular house shaped on top with a white parellogram in the middle,1787677924490,1787677979777,55.287,FALSE
01M0WY1FH5WQS14DQ3V446M8AM,01M0WWQ9XT2Q7RF2RHNCTTRDNK,comp-between,0,0,pretest,8,366_333.png,B6,familiar_top_novel_bottom,366,333,"it looks like.a rocket ship, with 3 points at the bottom, and a white triangle in middle",1787677979782,1787678004816,25.034,FALSE
01M0WY1FH5WQS14DQ3V446M8AM,01M0WWQ9XT2Q7RF2RHNCTTRDNK,comp-between,0,0,pretest,9,150_24.png,I9,entirely_held_out,150,24,"a crown shaped head, 3 points sticking out on top with a rectangle in middle white",1787678004820,1787678064821,60.001,TRUE
01M0WY1FH5WQS14DQ3V446M8AM,01M0WWQ9XT2Q7RF2RHNCTTRDNK,comp-between,0,0,pretest,10,239_32.png,K11,entirely_held_out,239,32,"it looks like a bunch of square stacked on each other like Tetris, with a pentagon shape on the top",1787678064822,1787678098730,33.908,FALSE
01M0WY1FH5WQS14DQ3V446M8AM,01M0WWQ9XT2Q7RF2RHNCTTRDNK,comp-between,0,0,pretest,11,138_339.png,A2,trained_distribution,138,339,"A person shaped with a diamond hat on top, a square neck and head, and wide shoulders with leg spread apart",1787678098735,1787678153062,54.327,FALSE
01M0WY1FH5WQS14DQ3V446M8AM,01M0WWQ9XT2Q7RF2RHNCTTRDNK,comp-between,0,0,pretest,12,279_66.png,D4,novel_combination,279,66,"it look like a bull with 2 horns coming out of a box, with a white triangle in the middle.",1787678153066,1787678178514,25.448,FALSE
01M0WY1FH5WQS14DQ3V446M8AM,01M0WWQ9XT2Q7RF2RHNCTTRDNK,comp-between,0,0,pretest,13,401_126.png,J10,entirely_held_out,401,126,"a house shaped picture, balanced on a triangle with a white triangle in the middle with black diamond on top of the house",1787678178519,1787678221474,42.955,FALSE
01M0WY1FH5WQS14DQ3V446M8AM,01M0WWQ9XT2Q7RF2RHNCTTRDNK,comp-between,0,0,pretest,14,452_244.png,E1,novel_top_familiar_bottom,452,244,"it looks like a W, with a triangle and diamond under the left side",1787678221478,1787678262683,41.205,FALSE
01M0WY1FH5WQS14DQ3V446M8AM,01M0WWQ9XT2Q7RF2RHNCTTRDNK,comp-between,0,0,pretest,15,260_405.png,G3,novel_top_familiar_bottom,260,405,"it looks like a person person walking with two legs, on top of that a trapezoid shape with two hors sticking out.",1787678262688,1787678307529,44.841,FALSE
01M0WY1FH5WQS14DQ3V446M8AM,01M0WWQ9XT2Q7RF2RHNCTTRDNK,comp-between,0,0,pretest,16,366_339.png,B2,novel_combination,366,339,"looks like a person with just there legs missing the upper body, a white triangle in the middle. with a white gap at the bottom , triangle looking",1787678307533,1787678366946,59.413,FALSE
01M0WY1FH5WQS14DQ3V446M8AM,01M0WWQ9XT2Q7RF2RHNCTTRDNK,comp-between,0,0,pretest,17,279_25.png,D8,familiar_top_novel_bottom,279,25,"this looks like a crab on the four with all its legs out, 4 legs, black.",1787678366951,1787678401298,34.347,FALSE
01M0WY1FH5WQS14DQ3V446M8AM,01M0WWQ9XT2Q7RF2RHNCTTRDNK,comp-between,0,0,pretest,18,422_66.png,C4,trained_distribution,422,66,this looks like two boxes stacked on each other with a white rectangle in the top half. looks like a pot,1787678401302,1787678435419,34.117,FALSE
01M0WY1FH5WQS14DQ3V446M8AM,01M0WWQ9XT2Q7RF2RHNCTTRDNK,comp-between,0,0,pretest,19,138_244.png,A1,novel_combination,138,244,looks like a hat with a diamond shape on top and a triangle and diamond shape on the left bottom.,1787678435424,1787678472568,37.144,FALSE
01M0WY0YPE1FGB7GNWHKCY08ZN,01M0WWQAZTRSENW9JN2FSQ4BA7,noncomp,0,0,pretest,0,150_24.png,I9,entirely_held_out,150,24,Upside down house on stilts,1787677682475,1787677709017,26.542,FALSE
01M0WY0YPE1FGB7GNWHKCY08ZN,01M0WWQAZTRSENW9JN2FSQ4BA7,noncomp,0,0,pretest,1,239_32.png,K11,entirely_held_out,239,32,person wearing a layered skirt,1787677709020,1787677742379,33.359,FALSE
01M0WY0YPE1FGB7GNWHKCY08ZN,01M0WWQAZTRSENW9JN2FSQ4BA7,noncomp,0,0,pretest,2,401_126.png,J10,entirely_held_out,401,126,house with diamond on top,1787677742381,1787677761003,18.622,FALSE
01M0WY0YPE1FGB7GNWHKCY08ZN,01M0WWQAZTRSENW9JN2FSQ4BA7,noncomp,0,0,pretest,3,444_1.png,L12,entirely_held_out,444,1,chimney,1787677761005,1787677766914,5.909,FALSE
01M0WY0YPE1FGB7GNWHKCY08ZN,01M0WWQAZTRSENW9JN2FSQ4BA7,noncomp,0,0,pretest,4,366_339.png,B2,trained_distribution,366,339,house with an attic cut out and triangle door,1787677766917,1787677782210,15.293,FALSE
01M0WY0YPE1FGB7GNWHKCY08ZN,01M0WWQAZTRSENW9JN2FSQ4BA7,noncomp,0,0,pretest,5,138_244.png,A1,trained_distribution,138,244,warehouse building with diamond on top,1787677782213,1787677812956,30.743,FALSE
01M0WY0YPE1FGB7GNWHKCY08ZN,01M0WWQAZTRSENW9JN2FSQ4BA7,noncomp,0,0,pretest,6,422_405.png,C3,trained_distribution,422,405,"house with legs, walking",1787677812959,1787677823003,10.044,FALSE
01M0WY0YPE1FGB7GNWHKCY08ZN,01M0WWQAZTRSENW9JN2FSQ4BA7,noncomp,0,0,pretest,7,279_66.png,D4,trained_distribution,279,66,box with diamond (partly cut off) coming out of it,1787677823006,1787677848372,25.366,FALSE
01M0WY09KXZQGZCXQXZTYFDW8C,01M0WWQAZTRSENW9JN2FSQ4BA7,noncomp,0,0,pretest,0,444_1.png,L12,entirely_held_out,444,1,a building with a slanted roof,1787677682215,1787677700508,18.293,FALSE
01M0WY09KXZQGZCXQXZTYFDW8C,01M0WWQAZTRSENW9JN2FSQ4BA7,noncomp,0,0,pretest,1,239_32.png,K11,entirely_held_out,239,32,object stacked on top of each other,1787677700512,1787677721986,21.474,FALSE
01M0WY09KXZQGZCXQXZTYFDW8C,01M0WWQAZTRSENW9JN2FSQ4BA7,noncomp,0,0,pretest,2,150_24.png,I9,entirely_held_out,150,24,robot,1787677721989,1787677733212,11.223,FALSE
01M0WY09KXZQGZCXQXZTYFDW8C,01M0WWQAZTRSENW9JN2FSQ4BA7,noncomp,0,0,pretest,3,401_126.png,J10,entirely_held_out,401,126,triangle legs diamond headpiece,1787677733216,1787677756961,23.745,FALSE
01M0WY09KXZQGZCXQXZTYFDW8C,01M0WWQAZTRSENW9JN2FSQ4BA7,noncomp,0,0,pretest,4,279_66.png,D4,trained_distribution,279,66,horns and a collar,1787677756964,1787677769233,12.269,FALSE
01M0WY09KXZQGZCXQXZTYFDW8C,01M0WWQAZTRSENW9JN2FSQ4BA7,noncomp,0,0,pretest,5,366_339.png,B2,trained_distribution,366,339,pointing to the left,1787677769235,1787677785213,15.978,FALSE
01M0WY09KXZQGZCXQXZTYFDW8C,01M0WWQAZTRSENW9JN2FSQ4BA7,noncomp,0,0,pretest,6,138_244.png,A1,trained_distribution,138,244,avant garde armchair,1787677785215,1787677811597,26.382,FALSE
01M0WY09KXZQGZCXQXZTYFDW8C,01M0WWQAZTRSENW9JN2FSQ4BA7,noncomp,0,0,pretest,7,422_405.png,C3,trained_distribution,422,405,it looks like its walking,1787677811601,1787677821285,9.684,FALSE
01M0WY1V9QET0HYE5N0547967Y,01M0WWQ9XT2Q7RF2RHNCTTRDNK,comp-between,0,0,pretest,0,279_66.png,D4,novel_combination,279,66,hezagon,1787677730851,1787677743941,13.09,FALSE
01M0WY1V9QET0HYE5N0547967Y,01M0WWQ9XT2Q7RF2RHNCTTRDNK,comp-between,0,0,pretest,1,366_339.png,B2,novel_combination,366,339,triangle,1787677743944,1787677758089,14.145,FALSE
01M0WY1V9QET0HYE5N0547967Y,01M0WWQ9XT2Q7RF2RHNCTTRDNK,comp-between,0,0,pretest,2,422_364.png,C7,familiar_top_novel_bottom,422,364,hezagon,1787677758092,1787677768357,10.265,FALSE
01M0WY1V9QET0HYE5N0547967Y,01M0WWQ9XT2Q7RF2RHNCTTRDNK,comp-between,0,0,pretest,3,452_244.png,E1,novel_top_familiar_bottom,452,244,rectangle,1787677768360,1787677783152,14.792,FALSE
01M0WY1V9QET0HYE5N0547967Y,01M0WWQ9XT2Q7RF2RHNCTTRDNK,comp-between,0,0,pretest,4,260_405.png,G3,novel_top_familiar_bottom,260,405,,1787677783156,1787677843161,60.005,TRUE
01M0WY1V9QET0HYE5N0547967Y,01M0WWQ9XT2Q7RF2RHNCTTRDNK,comp-between,0,0,pretest,5,162_66.png,H4,novel_top_familiar_bottom,162,66,hat,1787677843163,1787677850713,7.55,FALSE
01M0WY1V9QET0HYE5N0547967Y,01M0WWQ9XT2Q7RF2RHNCTTRDNK,comp-between,0,0,pretest,6,366_333.png,B6,familiar_top_novel_bottom,366,333,triangle,1787677850715,1787677858016,7.301,FALSE
01M0WY1V9QET0HYE5N0547967Y,01M0WWQ9XT2Q7RF2RHNCTTRDNK,comp-between,0,0,pretest,7,138_339.png,A2,trained_distribution,138,339,truser shape,1787677858018,1787677894422,36.404,FALSE
01M0WY1V9QET0HYE5N0547967Y,01M0WWQ9XT2Q7RF2RHNCTTRDNK,comp-between,0,0,pretest,8,444_1.png,L12,entirely_held_out,444,1,rectangle,1787677894425,1787677904950,10.525,FALSE
01M0WY1V9QET0HYE5N0547967Y,01M0WWQ9XT2Q7RF2RHNCTTRDNK,comp-between,0,0,pretest,9,239_32.png,K11,entirely_held_out,239,32,altar,1787677904953,1787677921972,17.019,FALSE
01M0WY1V9QET0HYE5N0547967Y,01M0WWQ9XT2Q7RF2RHNCTTRDNK,comp-between,0,0,pretest,10,422_66.png,C4,trained_distribution,422,66,furnace,1787677921974,1787677935890,13.916,FALSE
01M0WY1V9QET0HYE5N0547967Y,01M0WWQ9XT2Q7RF2RHNCTTRDNK,comp-between,0,0,pretest,11,279_244.png,D1,trained_distribution,279,244,mask,1787677935893,1787677941738,5.845,FALSE
01M0WY1V9QET0HYE5N0547967Y,01M0WWQ9XT2Q7RF2RHNCTTRDNK,comp-between,0,0,pretest,12,120_339.png,F2,novel_top_familiar_bottom,120,339,mask,1787677941741,1787677948078,6.337,FALSE
01M0WY1V9QET0HYE5N0547967Y,01M0WWQ9XT2Q7RF2RHNCTTRDNK,comp-between,0,0,pretest,13,138_448.png,A5,familiar_top_novel_bottom,138,448,hat,1787677948081,1787677953561,5.48,FALSE
01M0WY1V9QET0HYE5N0547967Y,01M0WWQ9XT2Q7RF2RHNCTTRDNK,comp-between,0,0,pretest,14,366_405.png,B3,trained_distribution,366,405,hat triangle,1787677953563,1787677979190,25.627,FALSE
01M0WY1V9QET0HYE5N0547967Y,01M0WWQ9XT2Q7RF2RHNCTTRDNK,comp-between,0,0,pretest,15,401_126.png,J10,entirely_held_out,401,126,diagonal,1787677979192,1787677988400,9.208,FALSE
01M0WY1V9QET0HYE5N0547967Y,01M0WWQ9XT2Q7RF2RHNCTTRDNK,comp-between,0,0,pretest,16,279_25.png,D8,familiar_top_novel_bottom,279,25,triangle,1787677988403,1787677997912,9.509,FALSE
01M0WY1V9QET0HYE5N0547967Y,01M0WWQ9XT2Q7RF2RHNCTTRDNK,comp-between,0,0,pretest,17,150_24.png,I9,entirely_held_out,150,24,mask,1787677997915,1787678006143,8.228,FALSE
01M0WY1V9QET0HYE5N0547967Y,01M0WWQ9XT2Q7RF2RHNCTTRDNK,comp-between,0,0,pretest,18,138_244.png,A1,novel_combination,138,244,diagnal,1787678006146,1787678017606,11.46,FALSE
01M0WY1V9QET0HYE5N0547967Y,01M0WWQ9XT2Q7RF2RHNCTTRDNK,comp-between,0,0,pretest,19,422_405.png,C3,novel_combination,422,405,hat man,1787678017609,1787678034617,17.008,FALSE
01M0WWZBDJ6CA985ZGF4JYT3P6,01M0WWQ74M3NWYAJGQB0ESKAD2,noncomp,0,0,pretest,0,366_339.png,B2,trained_distribution,366,339,Almost a shape of a house. Triangle at shape cut out at the bottom,1787676810572,1787676840579,30.007,FALSE
01M0WWZBDJ6CA985ZGF4JYT3P6,01M0WWQ74M3NWYAJGQB0ESKAD2,noncomp,0,0,pretest,1,138_244.png,A1,trained_distribution,138,244,"Sidewase diamond shapes, large triangle attatched to bottom diamond.",1787676840582,1787676895135,54.553,FALSE
01M0WWZBDJ6CA985ZGF4JYT3P6,01M0WWQ74M3NWYAJGQB0ESKAD2,noncomp,0,0,pretest,2,150_24.png,I9,entirely_held_out,150,24,Rectangle cut out in the middle of abstract shape with three pillars coming out the top,1787676895138,1787676928342,33.204,FALSE
01M0WWZBDJ6CA985ZGF4JYT3P6,01M0WWQ74M3NWYAJGQB0ESKAD2,noncomp,0,0,pretest,3,422_405.png,C3,trained_distribution,422,405,Looks kinda like a house with legs. One long back leg and one zigzag leg,1787676928347,1787676969520,41.173,FALSE
01M0WWZBDJ6CA985ZGF4JYT3P6,01M0WWQ74M3NWYAJGQB0ESKAD2,noncomp,0,0,pretest,4,444_1.png,L12,entirely_held_out,444,1,Most of the bottom of the screen is covered with black. On the left hand side of the image there is what looks a little like a wonky house.,1787676969523,1787677016060,46.537,FALSE
01M0WWZBDJ6CA985ZGF4JYT3P6,01M0WWQ74M3NWYAJGQB0ESKAD2,noncomp,0,0,pretest,5,401_126.png,J10,entirely_held_out,401,126,"Diamond shape ontop, abstract shape in the middle with a triangle cut out. Triangle on the bottom.",1787677016063,1787677057685,41.622,FALSE
01M0WWZBDJ6CA985ZGF4JYT3P6,01M0WWQ74M3NWYAJGQB0ESKAD2,noncomp,0,0,pretest,6,239_32.png,K11,entirely_held_out,239,32,Two diamond shapes on the bottom. Large and flat rectangle in the middle. Lobsided house shape on top,1787677057688,1787677100155,42.467,FALSE
01M0WWZBDJ6CA985ZGF4JYT3P6,01M0WWQ74M3NWYAJGQB0ESKAD2,noncomp,0,0,pretest,7,279_66.png,D4,trained_distribution,279,66,Looks like a man climbing into a box. Imagine his little legs poking out the top of the box as hes climbing in.,1787677100159,1787677142660,42.501,FALSE
01M0WX667JRE4461924BYZ6YJ1,01M0WWQ74H7CSGCPAHPDSCJ0PV,comp-between,0,0,pretest,0,422_405.png,C3,novel_combination,422,405,The shape looks like a house with legs walking and a white bent rectangle in the middle,1787676693070,1787676753080,60.01,TRUE
01M0WX667JRE4461924BYZ6YJ1,01M0WWQ74H7CSGCPAHPDSCJ0PV,comp-between,0,0,pretest,1,366_333.png,B6,familiar_top_novel_bottom,366,333,looks like a atriangle but with sharp edges under and another triangle in the middle under . them a white void of the same shape in the middle,1787676753081,1787676813087,60.006,TRUE
01M0WX667JRE4461924BYZ6YJ1,01M0WWQ74H7CSGCPAHPDSCJ0PV,comp-between,0,0,pretest,2,138_339.png,A2,trained_distribution,138,339,a diamond at the peak . a white void of triangle under and it looks like it has 2 levels the under is wider than the top,1787676813088,1787676873097,60.009,TRUE
01M0WX667JRE4461924BYZ6YJ1,01M0WWQ74H7CSGCPAHPDSCJ0PV,comp-between,0,0,pretest,3,279_66.png,D4,novel_combination,279,66,Look like a box but there is a shape triying to fit in the opened box . there is a white void in the moddle of it with an opening on top,1787676873097,1787676933102,60.005,TRUE
01M0WX667JRE4461924BYZ6YJ1,01M0WWQ74H7CSGCPAHPDSCJ0PV,comp-between,0,0,pretest,4,452_244.png,E1,novel_top_familiar_bottom,452,244,there is a triangle facing the wrong way attached to a diamond at the mottom of the image and the same itself has two high points and the mid,1787676933102,1787676993108,60.006,TRUE
01M0WX667JRE4461924BYZ6YJ1,01M0WWQ74H7CSGCPAHPDSCJ0PV,comp-between,0,0,pretest,5,239_32.png,K11,entirely_held_out,239,32,two diamonds under directly on each other connected to a bent rectangle with like a pillar,1787676993109,1787677053125,60.016,TRUE
01M0WX667JRE4461924BYZ6YJ1,01M0WWQ74H7CSGCPAHPDSCJ0PV,comp-between,0,0,pretest,6,366_405.png,B3,trained_distribution,366,405,A traingle at the top with a void in the middle them another shape almost connecting to it with like a pillar and to the left has like sikes ad the right is flat,1787677053126,1787677113137,60.011,TRUE
01M0WX667JRE4461924BYZ6YJ1,01M0WWQ74H7CSGCPAHPDSCJ0PV,comp-between,0,0,pretest,7,138_448.png,A5,familiar_top_novel_bottom,138,448,a diamond on top conected to the pillar that goes to like a roof like structure under it and the base is slanted around the left side,1787677113137,1787677173154,60.017,TRUE
01M0WX667JRE4461924BYZ6YJ1,01M0WWQ74H7CSGCPAHPDSCJ0PV,comp-between,0,0,pretest,8,279_25.png,D8,familiar_top_novel_bottom,279,25,it looks like a crab in a way like with legs but at the top there is an empty space or coid that looks like an incomplete triangle at the middle,1787677173155,1787677233161,60.006,TRUE
01M0WX667JRE4461924BYZ6YJ1,01M0WWQ74H7CSGCPAHPDSCJ0PV,comp-between,0,0,pretest,9,422_66.png,C4,trained_distribution,422,66,it looks like a house trying to fit in a box with a slanted rectangle in the middle of the house on top,1787677233162,1787677293168,60.006,TRUE
01M0WX667JRE4461924BYZ6YJ1,01M0WWQ74H7CSGCPAHPDSCJ0PV,comp-between,0,0,pretest,10,120_339.png,F2,novel_top_familiar_bottom,120,339,at the top the shape kind of spells w with the space in the middle and there is an open triangle at the bottom,1787677293168,1787677333615,40.447,FALSE
01M0WX667JRE4461924BYZ6YJ1,01M0WWQ74H7CSGCPAHPDSCJ0PV,comp-between,0,0,pretest,11,444_1.png,L12,entirely_held_out,444,1,the base is a solid rectangle taking up all the space and at the left of the top there is a pillar with a slanted roof,1787677333618,1787677375044,41.426,FALSE
01M0WX667JRE4461924BYZ6YJ1,01M0WWQ74H7CSGCPAHPDSCJ0PV,comp-between,0,0,pretest,12,138_244.png,A1,novel_combination,138,244,a diamond at the peak then a thick pillar connected to a house then at the bottom a ttriagle  facing the worng direction witha diamond attached under it,1787677375047,1787677433382,58.335,FALSE
01M0WX667JRE4461924BYZ6YJ1,01M0WWQ74H7CSGCPAHPDSCJ0PV,comp-between,0,0,pretest,13,150_24.png,I9,entirely_held_out,150,24,there is a perfect rectangle space in the middle and the bottom of te structure is a triangle void / space and the top has 3 pillaars left right and center,1787677433384,1787677481228,47.844,FALSE
01M0WX667JRE4461924BYZ6YJ1,01M0WWQ74H7CSGCPAHPDSCJ0PV,comp-between,0,0,pretest,14,422_364.png,C7,familiar_top_novel_bottom,422,364,a house with a slanted rectangle space in the middle .. them under a structure that looks like w,1787677481230,1787677507197,25.967,FALSE
01M0WX667JRE4461924BYZ6YJ1,01M0WWQ74H7CSGCPAHPDSCJ0PV,comp-between,0,0,pretest,15,366_339.png,B2,novel_combination,366,339,looks like a big pentagon / triangle like with a void of triangle space uder around the right middle,1787677507199,1787677550368,43.169,FALSE
01M0WX667JRE4461924BYZ6YJ1,01M0WWQ74H7CSGCPAHPDSCJ0PV,comp-between,0,0,pretest,16,162_66.png,H4,novel_top_familiar_bottom,162,66,a box trying to enter a box with a slanted rectangle in the top box,1787677550371,1787677583584,33.213,FALSE
01M0WX667JRE4461924BYZ6YJ1,01M0WWQ74H7CSGCPAHPDSCJ0PV,comp-between,0,0,pretest,17,279_244.png,D1,trained_distribution,279,244,a triangle facing the wrong direction with a diamond under and above it is a thing straight rectangle and at the top the space in the middle to the top looks like a triagle,1787677583586,1787677643591,60.005,TRUE
01M0WX667JRE4461924BYZ6YJ1,01M0WWQ74H7CSGCPAHPDSCJ0PV,comp-between,0,0,pretest,18,260_405.png,G3,novel_top_familiar_bottom,260,405,a flat rectangle with horns at the top and legs below walkin,1787677643592,1787677671788,28.196,FALSE
01M0WX667JRE4461924BYZ6YJ1,01M0WWQ74H7CSGCPAHPDSCJ0PV,comp-between,0,0,pretest,19,401_126.png,J10,entirely_held_out,401,126,a diamond at the peak of a roof like structure with a triangle space in the middle and a black triangle under everything,1787677671791,1787677716028,44.237,FALSE
01M0WX6P9Z1RRJ4EYT8244HGBW,01M0WWQ74M3NWYAJGQB0ESKAD2,noncomp,0,0,pretest,0,444_1.png,L12,entirely_held_out,444,1,looks like a chimney on top of a home,1787676816681,1787676854274,37.593,FALSE
01M0WX6P9Z1RRJ4EYT8244HGBW,01M0WWQ74M3NWYAJGQB0ESKAD2,noncomp,0,0,pretest,1,150_24.png,I9,entirely_held_out,150,24,looks like two upside down houses and driveways,1787676854278,1787676908634,54.356,FALSE
01M0WX6P9Z1RRJ4EYT8244HGBW,01M0WWQ74M3NWYAJGQB0ESKAD2,noncomp,0,0,pretest,2,366_339.png,B2,trained_distribution,366,339,triangular shape in the middle and at the bottom right corner,1787676908639,1787676931926,23.287,FALSE
01M0WX6P9Z1RRJ4EYT8244HGBW,01M0WWQ74M3NWYAJGQB0ESKAD2,noncomp,0,0,pretest,3,138_244.png,A1,trained_distribution,138,244,"triangle on its side pointing to the left at the bottom left side of the image, sideways diamond at top of shape",1787676931930,1787676985396,53.466,FALSE
01M0WX6P9Z1RRJ4EYT8244HGBW,01M0WWQ74M3NWYAJGQB0ESKAD2,noncomp,0,0,pretest,4,279_66.png,D4,trained_distribution,279,66,a moving box with,1787676985399,1787677034262,48.863,FALSE
01M0WX6P9Z1RRJ4EYT8244HGBW,01M0WWQ74M3NWYAJGQB0ESKAD2,noncomp,0,0,pretest,5,422_405.png,C3,trained_distribution,422,405,a walking house,1787677034265,1787677041954,7.689,FALSE
01M0WX6P9Z1RRJ4EYT8244HGBW,01M0WWQ74M3NWYAJGQB0ESKAD2,noncomp,0,0,pretest,6,239_32.png,K11,entirely_held_out,239,32,platforms with a house tilted to the left,1787677041958,1787677061006,19.048,FALSE
01M0WX6P9Z1RRJ4EYT8244HGBW,01M0WWQ74M3NWYAJGQB0ESKAD2,noncomp,0,0,pretest,7,401_126.png,J10,entirely_held_out,401,126,sideways diamond at the top with a house shape at the bottom,1787677061009,1787677095740,34.731,FALSE
01M0WY0ECEQWZG8FEZD72ENETD,01M0WWQ9XW83PGVA4HF3WT9HVR,comp-within,0,0,pretest,0,422_405.png,C3,novel_combination,422,405,A solid black square.,1787677652685,1787677681194,28.509,FALSE
01M0WY0ECEQWZG8FEZD72ENETD,01M0WWQ9XW83PGVA4HF3WT9HVR,comp-within,0,0,pretest,1,279_25.png,D8,familiar_top_novel_bottom,279,25,A solid black square with a shape or wings,1787677681199,1787677714273,33.074,FALSE
01M0WY0ECEQWZG8FEZD72ENETD,01M0WWQ9XW83PGVA4HF3WT9HVR,comp-within,0,0,pretest,2,444_1.png,L12,entirely_held_out,444,1,a solid black square,1787677714277,1787677753743,39.466,FALSE
01M0WY0ECEQWZG8FEZD72ENETD,01M0WWQ9XW83PGVA4HF3WT9HVR,comp-within,0,0,pretest,3,366_333.png,B6,familiar_top_novel_bottom,366,333,a solid black square with four equal sides and four sharp corner,1787677753747,1787677813756,60.009,TRUE
01M0WY0ECEQWZG8FEZD72ENETD,01M0WWQ9XW83PGVA4HF3WT9HVR,comp-within,0,0,pretest,4,150_24.png,I9,entirely_held_out,150,24,a solid black square with four equal sides and four sharp corners around it,1787677813757,1787677848918,35.161,FALSE
01M0WY0ECEQWZG8FEZD72ENETD,01M0WWQ9XW83PGVA4HF3WT9HVR,comp-within,0,0,pretest,5,120_339.png,F2,novel_top_familiar_bottom,120,339,"a plain, filled in black block with a box like shape",1787677848922,1787677895576,46.654,FALSE
01M0WY0ECEQWZG8FEZD72ENETD,01M0WWQ9XW83PGVA4HF3WT9HVR,comp-within,0,0,pretest,6,279_66.png,D4,novel_combination,279,66,a simple evenly proportioned black box with a clean straight edged outline,1787677895581,1787677925810,30.229,FALSE
01M0WY0ECEQWZG8FEZD72ENETD,01M0WWQ9XW83PGVA4HF3WT9HVR,comp-within,0,0,pretest,7,260_405.png,G3,novel_top_familiar_bottom,260,405,"A dark, solid four-cornered shape resembling a small black tile.",1787677925815,1787677940413,14.598,FALSE
01M0WY0ECEQWZG8FEZD72ENETD,01M0WWQ9XW83PGVA4HF3WT9HVR,comp-within,0,0,pretest,8,138_448.png,A5,familiar_top_novel_bottom,138,448,"A compact, solid black square, like a flat tile with straight edges.",1787677940417,1787677958085,17.668,FALSE
01M0WY0ECEQWZG8FEZD72ENETD,01M0WWQ9XW83PGVA4HF3WT9HVR,comp-within,0,0,pretest,9,452_244.png,E1,novel_top_familiar_bottom,452,244,a small solid black square with clean straight sides and four corners,1787677958089,1787677981682,23.593,FALSE
01M0WY0ECEQWZG8FEZD72ENETD,01M0WWQ9XW83PGVA4HF3WT9HVR,comp-within,0,0,pretest,10,239_32.png,K11,entirely_held_out,239,32,a uniformly filled black shape with a neat box like outline and four straight sides.,1787677981687,1787678012168,30.481,FALSE
01M0WY0ECEQWZG8FEZD72ENETD,01M0WWQ9XW83PGVA4HF3WT9HVR,comp-within,0,0,pretest,11,422_66.png,C4,trained_distribution,422,66,a solid symmetrical black tile with a simple four sided shape,1787678012172,1787678036854,24.682,FALSE
01M0WY0ECEQWZG8FEZD72ENETD,01M0WWQ9XW83PGVA4HF3WT9HVR,comp-within,0,0,pretest,12,366_405.png,B3,trained_distribution,366,405,a solid black square centered and evenly shaped like a simple tile,1787678036857,1787678062852,25.995,FALSE
01M0WY0ECEQWZG8FEZD72ENETD,01M0WWQ9XW83PGVA4HF3WT9HVR,comp-within,0,0,pretest,13,138_339.png,A2,trained_distribution,138,339,"A featureless black block, perfectly balanced with straight horizontal and vertical edges.",1787678062857,1787678084382,21.525,FALSE
01M0WY0ECEQWZG8FEZD72ENETD,01M0WWQ9XW83PGVA4HF3WT9HVR,comp-within,0,0,pretest,14,279_244.png,D1,trained_distribution,279,244,"A plain, solid black square with a clean, uniform shape and four straight edges.",1787678084386,1787678099640,15.254,FALSE
01M0WY0ECEQWZG8FEZD72ENETD,01M0WWQ9XW83PGVA4HF3WT9HVR,comp-within,0,0,pretest,15,401_126.png,J10,entirely_held_out,401,126,"A solid black square with a simple, compact shape and four straight sides.",1787678099644,1787678116970,17.326,FALSE
01M0WY0ECEQWZG8FEZD72ENETD,01M0WWQ9XW83PGVA4HF3WT9HVR,comp-within,0,0,pretest,16,162_66.png,H4,novel_top_familiar_bottom,162,66,"A plain black square, like a small solid block with four equal sides.",1787678116974,1787678133302,16.328,FALSE
01M0WY0ECEQWZG8FEZD72ENETD,01M0WWQ9XW83PGVA4HF3WT9HVR,comp-within,0,0,pretest,17,422_364.png,C7,familiar_top_novel_bottom,422,364,"A small, solid black tile with four straight edges and evenly matched corners.",1787678133307,1787678168308,35.001,FALSE
01M0WY0ECEQWZG8FEZD72ENETD,01M0WWQ9XW83PGVA4HF3WT9HVR,comp-within,0,0,pretest,18,366_339.png,B2,novel_combination,366,339,"A bold, solid black square resembling a flat, evenly proportioned tile.",1787678168312,1787678190468,22.156,FALSE
01M0WY0ECEQWZG8FEZD72ENETD,01M0WWQ9XW83PGVA4HF3WT9HVR,comp-within,0,0,pretest,19,138_244.png,A1,novel_combination,138,244,"A bold, solid black square resembling a flat, evenly proportioned tile",1787678190472,1787678203179,12.707,FALSE
01M0WY2T8PBZPVGKC7BWFHJ59J,01M0WWQAZPP7VBJF1WXDE2YKFW,comp-within,1,0,pretest,0,66_138.png,A5,familiar_top_novel_bottom,66,138,There is a small diamond on the left of the shape. There a 2 sided box shape with a triangle top and botto,1787677694705,1787677754710,60.005,TRUE
01M0WY2T8PBZPVGKC7BWFHJ59J,01M0WWQAZPP7VBJF1WXDE2YKFW,comp-within,1,0,pretest,1,348_24.png,B3,trained_distribution,348,24,on the left side it looks like a mountain that is on it's side. On the right it looks like a boat that is resting on the bottom of the mountain.,1787677754711,1787677801599,46.888,FALSE
01M0WY2T8PBZPVGKC7BWFHJ59J,01M0WWQAZPP7VBJF1WXDE2YKFW,comp-within,1,0,pretest,2,20_63.png,D8,familiar_top_novel_bottom,20,63,"on the left is a triangle with a hole on the middle, next to it is a 5 sided shape",1787677801603,1787677842568,40.965,FALSE
01M0WY2T8PBZPVGKC7BWFHJ59J,01M0WWQAZPP7VBJF1WXDE2YKFW,comp-within,1,0,pretest,3,202_76.png,C7,familiar_top_novel_bottom,202,76,"left there is a W & M on top of each other, next to it is a rectangle with a point facing the top right corner",1787677842570,1787677884159,41.589,FALSE
01M0WY2T8PBZPVGKC7BWFHJ59J,01M0WWQAZPP7VBJF1WXDE2YKFW,comp-within,1,0,pretest,4,33_60.png,J10,entirely_held_out,33,60,"A large triangle facing right, with a little tail shape pointing to top left",1787677884161,1787677911286,27.125,FALSE
01M0WY2T8PBZPVGKC7BWFHJ59J,01M0WWQAZPP7VBJF1WXDE2YKFW,comp-within,1,0,pretest,5,66_314.png,A1,novel_combination,66,314,"A mountain on its side facing left, with a 4 sided shape to the right of it",1787677911288,1787677938029,26.741,FALSE
01M0WY2T8PBZPVGKC7BWFHJ59J,01M0WWQAZPP7VBJF1WXDE2YKFW,comp-within,1,0,pretest,6,348_441.png,B2,novel_combination,348,441,"4 points at the top of the shape, bottom left there;s a small triangle facing right, with a ship on its side",1787677938032,1787677976863,38.831,FALSE
01M0WY2T8PBZPVGKC7BWFHJ59J,01M0WWQAZPP7VBJF1WXDE2YKFW,comp-within,1,0,pretest,7,72_24.png,G3,novel_top_familiar_bottom,72,24,"left side there is a 2 pointed shape pointing left, right there is a square with triangles pointing to top and also bottom",1787677976865,1787678020242,43.377,FALSE
01M0WY2T8PBZPVGKC7BWFHJ59J,01M0WWQAZPP7VBJF1WXDE2YKFW,comp-within,1,0,pretest,8,202_464.png,C4,trained_distribution,202,464,facing top right corner is a triangle joined onto a rectangle. There is the some some spikes facing top and bottom,1787678020245,1787678070950,50.705,FALSE
01M0WY2T8PBZPVGKC7BWFHJ59J,01M0WWQAZPP7VBJF1WXDE2YKFW,comp-within,1,0,pretest,9,261_161.png,L12,entirely_held_out,261,161,A person on the right who is leaning against a table on the left,1787678070953,1787678091812,20.859,FALSE
01M0WY2T8PBZPVGKC7BWFHJ59J,01M0WWQAZPP7VBJF1WXDE2YKFW,comp-within,1,0,pretest,10,20_314.png,D1,trained_distribution,20,314,"2 triangles pointing left, ontop of a 5 sided shape",1787678091815,1787678121911,30.096,FALSE
01M0WY2T8PBZPVGKC7BWFHJ59J,01M0WWQAZPP7VBJF1WXDE2YKFW,comp-within,1,0,pretest,11,348_130.png,B6,familiar_top_novel_bottom,348,130,"A boat on its side to the right, on its side, against a rectangle with top and bottom extra points",1787678121914,1787678168079,46.165,FALSE
01M0WY2T8PBZPVGKC7BWFHJ59J,01M0WWQAZPP7VBJF1WXDE2YKFW,comp-within,1,0,pretest,12,66_441.png,A2,trained_distribution,66,441,"a small triangle bottom left that is pointing right, on the right is a top hat",1787678168082,1787678203603,35.521,FALSE
01M0WY2T8PBZPVGKC7BWFHJ59J,01M0WWQAZPP7VBJF1WXDE2YKFW,comp-within,1,0,pretest,13,202_24.png,C3,novel_combination,202,24,"2 conjoined triangls facing left, with a blank recatangle in the middle",1787678203605,1787678240264,36.659,FALSE
01M0WY2T8PBZPVGKC7BWFHJ59J,01M0WWQAZPP7VBJF1WXDE2YKFW,comp-within,1,0,pretest,14,392_464.png,H4,novel_top_familiar_bottom,392,464,"looks like a tree on its side, with the trunk on the left and the bush part facing right",1787678240266,1787678268234,27.968,FALSE
01M0WY2T8PBZPVGKC7BWFHJ59J,01M0WWQAZPP7VBJF1WXDE2YKFW,comp-within,1,0,pretest,15,313_396.png,I9,entirely_held_out,313,396,"crocodile teeth on the right, bottom left there is a triangle shape facing the corner",1787678268236,1787678298986,30.75,FALSE
01M0WY2T8PBZPVGKC7BWFHJ59J,01M0WWQAZPP7VBJF1WXDE2YKFW,comp-within,1,0,pretest,16,411_314.png,E1,novel_top_familiar_bottom,411,314,"a block arrow pointing to mid right, conjoined onto a tree image",1787678298988,1787678327098,28.11,FALSE
01M0WY2T8PBZPVGKC7BWFHJ59J,01M0WWQAZPP7VBJF1WXDE2YKFW,comp-within,1,0,pretest,17,250_441.png,F2,novel_top_familiar_bottom,250,441,"a strurdy rectangle base on the right side, bottom left has an arrow facing right",1787678327101,1787678361223,34.122,FALSE
01M0WY2T8PBZPVGKC7BWFHJ59J,01M0WWQAZPP7VBJF1WXDE2YKFW,comp-within,1,0,pretest,18,467_218.png,K11,entirely_held_out,467,218,"bottom right is a rectangles, mid left is a diamond, there is also a rectangle in the middle",1787678361226,1787678407297,46.071,FALSE
01M0WY2T8PBZPVGKC7BWFHJ59J,01M0WWQAZPP7VBJF1WXDE2YKFW,comp-within,1,0,pretest,19,20_464.png,D4,novel_combination,20,464,"a tree on its side, with the trunk on the left, branches in the middle and a bush on the right side",1787678407300,1787678436423,29.123,FALSE
01M0WY0ENCGBGZ9MKY7CZKA71D,01M0WWQ9XVXJV1JR4118CY5W09,noncomp,0,0,pretest,0,138_244.png,A1,trained_distribution,138,244,"triangle bottom left, two whole diamonds on stheir side house looking shope in middle",1787677531816,1787677591822,60.006,TRUE
01M0WY0ENCGBGZ9MKY7CZKA71D,01M0WWQ9XVXJV1JR4118CY5W09,noncomp,0,0,pretest,1,239_32.png,K11,entirely_held_out,239,32,"arrow pointing down-ish two merged diamonds at bottom, rhombus at the top t shape in middle",1787677591823,1787677650329,58.506,FALSE
01M0WY0ENCGBGZ9MKY7CZKA71D,01M0WWQ9XVXJV1JR4118CY5W09,noncomp,0,0,pretest,2,422_405.png,C3,trained_distribution,422,405,looks like a house walking with legs,1787677650337,1787677706176,55.839,FALSE
01M0WY0ENCGBGZ9MKY7CZKA71D,01M0WWQ9XVXJV1JR4118CY5W09,noncomp,0,0,pretest,3,401_126.png,J10,entirely_held_out,401,126,house shape with a triangle at the bottom and diamond at the top,1787677706183,1787677727965,21.782,FALSE
01M0WY0ENCGBGZ9MKY7CZKA71D,01M0WWQ9XVXJV1JR4118CY5W09,noncomp,0,0,pretest,4,279_66.png,D4,trained_distribution,279,66,looks like a mask with horns,1787677727972,1787677749893,21.921,FALSE
01M0WY0ENCGBGZ9MKY7CZKA71D,01M0WWQ9XVXJV1JR4118CY5W09,noncomp,0,0,pretest,5,150_24.png,I9,entirely_held_out,150,24,looks like a mask with a single eye hole,1787677749900,1787677763514,13.614,FALSE
01M0WY0ENCGBGZ9MKY7CZKA71D,01M0WWQ9XVXJV1JR4118CY5W09,noncomp,0,0,pretest,6,444_1.png,L12,entirely_held_out,444,1,L shape - slanted in top left,1787677763521,1787677806303,42.782,FALSE
01M0WY0ENCGBGZ9MKY7CZKA71D,01M0WWQ9XVXJV1JR4118CY5W09,noncomp,0,0,pretest,7,366_339.png,B2,trained_distribution,366,339,looks a little bit like a frog 5 sided shape in the middle,1787677806311,1787677828347,22.036,FALSE
01M0WXSYNRXCYGT80QAR430CBD,01M0WWQAZPP7VBJF1WXDE2YKFW,comp-within,1,0,posttest,0,20_314.png,D1,trained_distribution,20,314,Multiple large triangles pointing to the left. A large solid shape on the right with the corners cut away.,1787680529464,1787680553442,23.978,FALSE
01M0WXSYNRXCYGT80QAR430CBD,01M0WWQAZPP7VBJF1WXDE2YKFW,comp-within,1,0,posttest,1,348_24.png,B3,trained_distribution,348,24,A backwards 'B' shape with a zig-zag edge on the left. An empty white rectangle in the center. A boat-shaped angled piece leaning against the 'B'.,1787680553444,1787680590470,37.026,FALSE
01M0WXSYNRXCYGT80QAR430CBD,01M0WWQAZPP7VBJF1WXDE2YKFW,comp-within,1,0,posttest,2,66_441.png,A2,trained_distribution,66,441,One small triangle pointing to the right in the bottom left corner. Jagged edges at the top left of the shape. Half a hexagon on the right.,1787680590471,1787680620746,30.275,FALSE
01M0WXSYNRXCYGT80QAR430CBD,01M0WWQAZPP7VBJF1WXDE2YKFW,comp-within,1,0,posttest,3,33_60.png,J10,entirely_held_out,33,60,A large triangle pointing right on the right side. A tail-like shape coming off the left side.,1787680620748,1787680642324,21.576,FALSE
01M0WXSYNRXCYGT80QAR430CBD,01M0WWQAZPP7VBJF1WXDE2YKFW,comp-within,1,0,posttest,4,202_76.png,C7,familiar_top_novel_bottom,202,76,"An upright rectangle on the right, with a solid curve that fills in the top right corner. A diamond the thick lines over it on the left.",1787680642325,1787680672726,30.401,FALSE
01M0WXSYNRXCYGT80QAR430CBD,01M0WWQAZPP7VBJF1WXDE2YKFW,comp-within,1,0,posttest,5,313_396.png,I9,entirely_held_out,313,396,"Three jagged triangles in the bottom right corner, with a solid slanted rectangle on top. On the left, a thick shape leaning against the first shape.",1787680672728,1787680716926,44.198,FALSE
01M0WXSYNRXCYGT80QAR430CBD,01M0WWQAZPP7VBJF1WXDE2YKFW,comp-within,1,0,posttest,6,72_24.png,G3,novel_top_familiar_bottom,72,24,A fat angled backwards 'B' with a zig-zag edge on the left side. An empty white rectangle within the 'B'. A triangle pointing up and one pointing down on the right side.,1787680716927,1787680759406,42.479,FALSE
01M0WXSYNRXCYGT80QAR430CBD,01M0WWQAZPP7VBJF1WXDE2YKFW,comp-within,1,0,posttest,7,66_314.png,A1,novel_combination,66,314,Multiple large triangles pointing left on the left side. A solid half-hexagon on the right side.,1787680759408,1787680784322,24.914,FALSE
01M0WXSYNRXCYGT80QAR430CBD,01M0WWQAZPP7VBJF1WXDE2YKFW,comp-within,1,0,posttest,8,392_464.png,H4,novel_top_familiar_bottom,392,464,"Long pointy triangles pointing up and down on the left side. A fat somewhat curved shape on the right side, with a little diamond-y shape sticking off the front of it.",1787680784324,1787680826308,41.984,FALSE
01M0WXSYNRXCYGT80QAR430CBD,01M0WWQAZPP7VBJF1WXDE2YKFW,comp-within,1,0,posttest,9,20_63.png,D8,familiar_top_novel_bottom,20,63,"A big fat arrow pointing to the left, with very thick lines.",1787680826310,1787680848874,22.564,FALSE
01M0WXSYNRXCYGT80QAR430CBD,01M0WWQAZPP7VBJF1WXDE2YKFW,comp-within,1,0,posttest,10,348_441.png,B2,novel_combination,348,441,"In the bottom left corner, a small triangle pointing to the right. Four jagged points at the top of the shape.",1787680848875,1787680875568,26.693,FALSE
01M0WXSYNRXCYGT80QAR430CBD,01M0WWQAZPP7VBJF1WXDE2YKFW,comp-within,1,0,posttest,11,261_161.png,L12,entirely_held_out,261,161,"A person-shaped object on the right side, with a diamond-shaped head. A thin upright rectangle in the center. A fat horizontal rectangle on the right, with a tiny triangle on top of it.",1787680875570,1787680921034,45.464,FALSE
01M0WXSYNRXCYGT80QAR430CBD,01M0WWQAZPP7VBJF1WXDE2YKFW,comp-within,1,0,posttest,12,66_138.png,A5,familiar_top_novel_bottom,66,138,The left side has one small diamond. The shape next to it is large and solid. It has a triangle on the top and bottom of it.,1787680921035,1787680949756,28.721,FALSE
01M0WXSYNRXCYGT80QAR430CBD,01M0WWQAZPP7VBJF1WXDE2YKFW,comp-within,1,0,posttest,13,202_464.png,C4,trained_distribution,202,464,"The left side is long pointy triangles, pointing to the top and bottom of the box. The Right side is a solid black shape that fills in the top right corner of the box.",1787680949758,1787680984136,34.378,FALSE
01M0WXSYNRXCYGT80QAR430CBD,01M0WWQAZPP7VBJF1WXDE2YKFW,comp-within,1,0,posttest,14,411_314.png,E1,novel_top_familiar_bottom,411,314,The left side is multiple large triangles pointing to the left. The right side is a large defined arrow pointing to the right.,1787680984138,1787681008614,24.476,FALSE
01M0WXSYNRXCYGT80QAR430CBD,01M0WWQAZPP7VBJF1WXDE2YKFW,comp-within,1,0,posttest,15,348_130.png,B6,familiar_top_novel_bottom,348,130,"The left side is an upright rectangle with a sharp point at the top and bottom, both pointing left. The right side is a boat-shaped slanted pointy shape, leaning against the first shape.",1787681008616,1787681054266,45.65,FALSE
01M0WXSYNRXCYGT80QAR430CBD,01M0WWQAZPP7VBJF1WXDE2YKFW,comp-within,1,0,posttest,16,467_218.png,K11,entirely_held_out,467,218,"The left side has one tilted small diamond. The right side has one rectangle pointing upward, one beneath it laying on its side, and one shape laying over both of them.",1787681054267,1787681097128,42.861,FALSE
01M0WXSYNRXCYGT80QAR430CBD,01M0WWQAZPP7VBJF1WXDE2YKFW,comp-within,1,0,posttest,17,250_441.png,F2,novel_top_familiar_bottom,250,441,"One small triangle in the bottom left corner, pointing right. Three jagged points in the upper left of the shape. The right side has a long, thin rectangle.",1787681097130,1787681135100,37.97,FALSE
01M0WXSYNRXCYGT80QAR430CBD,01M0WWQAZPP7VBJF1WXDE2YKFW,comp-within,1,0,posttest,18,202_24.png,C3,novel_combination,202,24,The left side is a fat backwards 'B' with a zig-zag edge on the left. The center is an empty white rectangle. The right side has a filled-in upper right corner.,1787681135102,1787681172898,37.796,FALSE
01M0WXSYNRXCYGT80QAR430CBD,01M0WWQAZPP7VBJF1WXDE2YKFW,comp-within,1,0,posttest,19,20_464.png,D4,novel_combination,20,464,"The left side has multiple long pointy triangles, pointing up and down. The Right side is almost entirely solid black. The shape is large and has its top and bottom right corners cut away.",1787681172900,1787681206952,34.052,FALSE
01M0WY0C090AZDG2K9X542KKDB,01M0WWQ9XVXJV1JR4118CY5W09,noncomp,0,0,posttest,0,422_364.png,C7,familiar_top_novel_bottom,422,364,looks like a house with a white parallelogram in the center.,1787679058317,1787679096441,38.124,FALSE
01M0WY0C090AZDG2K9X542KKDB,01M0WWQ9XVXJV1JR4118CY5W09,noncomp,0,0,posttest,1,138_448.png,A5,familiar_top_novel_bottom,138,448,"diamond at the top, followed by a rectangle and wing-like shape",1787679096442,1787679128186,31.744,FALSE
01M0WY0C090AZDG2K9X542KKDB,01M0WWQ9XVXJV1JR4118CY5W09,noncomp,0,0,posttest,2,279_25.png,D8,familiar_top_novel_bottom,279,25,has two horn-like shapes at the top,1787679128187,1787679159669,31.482,FALSE
01M0WY0C090AZDG2K9X542KKDB,01M0WWQ9XVXJV1JR4118CY5W09,noncomp,0,0,posttest,3,366_339.png,B2,trained_distribution,366,339,looks like a house with a white space in the center.,1787679159670,1787679181339,21.669,FALSE
01M0WY0C090AZDG2K9X542KKDB,01M0WWQ9XVXJV1JR4118CY5W09,noncomp,0,0,posttest,4,162_66.png,H4,novel_top_familiar_bottom,162,66,has a chimney above and an arrow-like shape below.,1787679181340,1787679214647,33.307,FALSE
01M0WY0C090AZDG2K9X542KKDB,01M0WWQ9XVXJV1JR4118CY5W09,noncomp,0,0,posttest,5,422_405.png,C3,trained_distribution,422,405,looks like a walking house with a white space at the center.,1787679214648,1787679238818,24.17,FALSE
01M0WY0C090AZDG2K9X542KKDB,01M0WWQ9XVXJV1JR4118CY5W09,noncomp,0,0,posttest,6,401_126.png,J10,entirely_held_out,401,126,has a diamond at the top and arrow below. white space is in the center.,1787679238819,1787679280569,41.75,FALSE
01M0WY0C090AZDG2K9X542KKDB,01M0WWQ9XVXJV1JR4118CY5W09,noncomp,0,0,posttest,7,279_244.png,D1,novel_combination,279,244,has like two horns above and a small diamond beneath attached to a triangle.,1787679280571,1787679319204,38.633,FALSE
01M0WY0C090AZDG2K9X542KKDB,01M0WWQ9XVXJV1JR4118CY5W09,noncomp,0,0,posttest,8,366_333.png,B6,familiar_top_novel_bottom,366,333,looks like a house with a space in the center and a spike at the base.,1787679319205,1787679361953,42.748,FALSE
01M0WY0C090AZDG2K9X542KKDB,01M0WWQ9XVXJV1JR4118CY5W09,noncomp,0,0,posttest,9,138_339.png,A2,novel_combination,138,339,has a diamond at the top followed by a rectangle attached to a house-like shape,1787679361955,1787679403902,41.947,FALSE
01M0WY0C090AZDG2K9X542KKDB,01M0WWQ9XVXJV1JR4118CY5W09,noncomp,0,0,posttest,10,260_405.png,G3,novel_top_familiar_bottom,260,405,"has two spikes above attached to a rhombus-like shape, looks llike a walking object",1787679403903,1787679450735,46.832,FALSE
01M0WY0C090AZDG2K9X542KKDB,01M0WWQ9XVXJV1JR4118CY5W09,noncomp,0,0,posttest,11,422_66.png,C4,novel_combination,422,66,looks like a house with a parallelogram in the center and an arrow beneath,1787679450736,1787679484652,33.916,FALSE
01M0WY0C090AZDG2K9X542KKDB,01M0WWQ9XVXJV1JR4118CY5W09,noncomp,0,0,posttest,12,239_32.png,K11,entirely_held_out,239,32,"consists of a parallelogram, followed by a rectangle and two diamond shapes.",1787679484653,1787679517741,33.088,FALSE
01M0WY0C090AZDG2K9X542KKDB,01M0WWQ9XVXJV1JR4118CY5W09,noncomp,0,0,posttest,13,150_24.png,I9,entirely_held_out,150,24,"has a white rectangle in the center, one rectangle at the top and two parallelogram by the sides",1787679517743,1787679573290,55.547,FALSE
01M0WY0C090AZDG2K9X542KKDB,01M0WWQ9XVXJV1JR4118CY5W09,noncomp,0,0,posttest,14,138_244.png,A1,trained_distribution,138,244,has a diamond above and another one beneath attached to a triangle. the main body looks like a house.,1787679573292,1787679620924,47.632,FALSE
01M0WY0C090AZDG2K9X542KKDB,01M0WWQ9XVXJV1JR4118CY5W09,noncomp,0,0,posttest,15,366_405.png,B3,novel_combination,366,405,looks like a walking triangle with a cutout in the middle to the end.,1787679620926,1787679662399,41.473,FALSE
01M0WY0C090AZDG2K9X542KKDB,01M0WWQ9XVXJV1JR4118CY5W09,noncomp,0,0,posttest,16,279_66.png,D4,trained_distribution,279,66,has two horns above with an arrow at the bottom,1787679662401,1787679688466,26.065,FALSE
01M0WY0C090AZDG2K9X542KKDB,01M0WWQ9XVXJV1JR4118CY5W09,noncomp,0,0,posttest,17,120_339.png,F2,novel_top_familiar_bottom,120,339,has a w-like shape at the top placed on a house-like shape,1787679688467,1787679727382,38.915,FALSE
01M0WY0C090AZDG2K9X542KKDB,01M0WWQ9XVXJV1JR4118CY5W09,noncomp,0,0,posttest,18,444_1.png,L12,entirely_held_out,444,1,looks like a ship with a parallelogram shape at the top attached to a rectangle,1787679727384,1787679780637,53.253,FALSE
01M0WY0C090AZDG2K9X542KKDB,01M0WWQ9XVXJV1JR4118CY5W09,noncomp,0,0,posttest,19,452_244.png,E1,novel_top_familiar_bottom,452,244,"has a diamond attached to a triangle below, the top shape looks like a ship",1787679780639,1787679824175,43.536,FALSE
01M0WX9MXH1SX7Q50079HW9F7E,01M0WWQ74H7CSGCPAHPDSCJ0PV,comp-between,0,0,posttest,0,422_66.png,C4,trained_distribution,422,66,Black slanted white triangle inside two black boxes,1787678843824,1787678866094,22.27,FALSE
01M0WX9MXH1SX7Q50079HW9F7E,01M0WWQ74H7CSGCPAHPDSCJ0PV,comp-between,0,0,posttest,1,138_339.png,A2,trained_distribution,138,339,White triangle at the bottom and a black diamond at the top with lunchboxes in between,1787678866096,1787678876759,10.663,FALSE
01M0WX9MXH1SX7Q50079HW9F7E,01M0WWQ74H7CSGCPAHPDSCJ0PV,comp-between,0,0,posttest,2,279_244.png,D1,trained_distribution,279,244,Black triangle and diamond at the bottom,1787678876762,1787678879698,2.936,FALSE
01M0WX9MXH1SX7Q50079HW9F7E,01M0WWQ74H7CSGCPAHPDSCJ0PV,comp-between,0,0,posttest,3,260_405.png,G3,novel_top_familiar_bottom,260,405,a pair of legs facing left two pointy triangles at the top,1787678879700,1787678888189,8.489,FALSE
01M0WX9MXH1SX7Q50079HW9F7E,01M0WWQ74H7CSGCPAHPDSCJ0PV,comp-between,0,0,posttest,4,366_333.png,B6,familiar_top_novel_bottom,366,333,3.2 triangles at the top of the triangle inside a white triangle inside and appoint a triangle at the top,1787678888192,1787678897973,9.781,FALSE
01M0WX9MXH1SX7Q50079HW9F7E,01M0WWQ74H7CSGCPAHPDSCJ0PV,comp-between,0,0,posttest,5,422_364.png,C7,familiar_top_novel_bottom,422,364,Black so will you at the top of house at the top with started white try and white rectangle inside,1787678897977,1787678906757,8.78,FALSE
01M0WX9MXH1SX7Q50079HW9F7E,01M0WWQ74H7CSGCPAHPDSCJ0PV,comp-between,0,0,posttest,6,138_448.png,A5,familiar_top_novel_bottom,138,448,Black triangle on the top with a bunch of other shapes and underneath and started shape of the bottom right,1787678906763,1787678917391,10.628,FALSE
01M0WX9MXH1SX7Q50079HW9F7E,01M0WWQ74H7CSGCPAHPDSCJ0PV,comp-between,0,0,posttest,7,401_126.png,J10,entirely_held_out,401,126,Black triangle at the bottom with a black rectangle on top with a black diamond at the very top it looks a bit like a house,1787678917394,1787678937392,19.998,FALSE
01M0WX9MXH1SX7Q50079HW9F7E,01M0WWQ74H7CSGCPAHPDSCJ0PV,comp-between,0,0,posttest,8,279_25.png,D8,familiar_top_novel_bottom,279,25,this one kinda looks like a crap it looks like a bunch penses looks like it has pointy ones at the top,1787678937396,1787678948430,11.034,FALSE
01M0WX9MXH1SX7Q50079HW9F7E,01M0WWQ74H7CSGCPAHPDSCJ0PV,comp-between,0,0,posttest,9,366_339.png,B2,novel_combination,366,339,pointy black triangle at the top with a black white triangle house shape in between and a white triangle at the bottom,1787678948433,1787678961218,12.785,FALSE
01M0WX9MXH1SX7Q50079HW9F7E,01M0WWQ74H7CSGCPAHPDSCJ0PV,comp-between,0,0,posttest,10,422_405.png,C3,novel_combination,422,405,pair of legs face and left with a hat at the top and inside a white to 90 triangle await slanted rectangle other,1787678961222,1787678973907,12.685,FALSE
01M0WX9MXH1SX7Q50079HW9F7E,01M0WWQ74H7CSGCPAHPDSCJ0PV,comp-between,0,0,posttest,11,162_66.png,H4,novel_top_familiar_bottom,162,66,two boxes on top of each other,1787678973911,1787678979012,5.101,FALSE
01M0WX9MXH1SX7Q50079HW9F7E,01M0WWQ74H7CSGCPAHPDSCJ0PV,comp-between,0,0,posttest,12,138_244.png,A1,novel_combination,138,244,Black triangle and diamond at the bottom,1787678979014,1787678984881,5.867,FALSE
01M0WX9MXH1SX7Q50079HW9F7E,01M0WWQ74H7CSGCPAHPDSCJ0PV,comp-between,0,0,posttest,13,150_24.png,I9,entirely_held_out,150,24,Robot helmet with the spikes at the top and a white rectangle inside and at the bottom there is also a white triangle,1787678984884,1787678998261,13.377,FALSE
01M0WX9MXH1SX7Q50079HW9F7E,01M0WWQ74H7CSGCPAHPDSCJ0PV,comp-between,0,0,posttest,14,444_1.png,L12,entirely_held_out,444,1,Black rectangle at the bottom with two shapes on the left hand side on top,1787678998263,1787679013874,15.611,FALSE
01M0WX9MXH1SX7Q50079HW9F7E,01M0WWQ74H7CSGCPAHPDSCJ0PV,comp-between,0,0,posttest,15,366_405.png,B3,trained_distribution,366,405,Black triangle with white house shape in between and left legs facing towards the left,1787679013877,1787679024832,10.955,FALSE
01M0WX9MXH1SX7Q50079HW9F7E,01M0WWQ74H7CSGCPAHPDSCJ0PV,comp-between,0,0,posttest,16,120_339.png,F2,novel_top_familiar_bottom,120,339,White triangle at the bottom with a W at the top,1787679024838,1787679032960,8.122,FALSE
01M0WX9MXH1SX7Q50079HW9F7E,01M0WWQ74H7CSGCPAHPDSCJ0PV,comp-between,0,0,posttest,17,239_32.png,K11,entirely_held_out,239,32,this looks like a bunch of Squarespace out of each other looks like a pile of items with a pointy bit at the top,1787679032964,1787679042813,9.849,FALSE
01M0WX9MXH1SX7Q50079HW9F7E,01M0WWQ74H7CSGCPAHPDSCJ0PV,comp-between,0,0,posttest,18,452_244.png,E1,novel_top_familiar_bottom,452,244,Black triangle and diamond at the bottom,1787679042820,1787679045534,2.714,FALSE
01M0WX9MXH1SX7Q50079HW9F7E,01M0WWQ74H7CSGCPAHPDSCJ0PV,comp-between,0,0,posttest,19,279_66.png,D4,novel_combination,279,66,this one looks like a box with a double picking outfit to kind of horns,1787679045536,1787679055391,9.855,FALSE
01M0WXR5QX7RT0467EJCPJ9Y2Y,01M0WWQ9XW83PGVA4HF3WT9HVR,comp-within,0,0,posttest,0,162_66.png,H4,novel_top_familiar_bottom,162,66,looks like a box on top of a box with something sticking out the top,1787679977714,1787679987905,10.191,FALSE
01M0WXR5QX7RT0467EJCPJ9Y2Y,01M0WWQ9XW83PGVA4HF3WT9HVR,comp-within,0,0,posttest,1,279_25.png,D8,familiar_top_novel_bottom,279,25,"looks like hands pointing upwards and downwards, sort of like a crab",1787679987907,1787680002314,14.407,FALSE
01M0WXR5QX7RT0467EJCPJ9Y2Y,01M0WWQ9XW83PGVA4HF3WT9HVR,comp-within,0,0,posttest,2,138_339.png,A2,trained_distribution,138,339,diamond on top. rectangle under it on an all black base but a white triangle is missing underneath,1787680002316,1787680022914,20.598,FALSE
01M0WXR5QX7RT0467EJCPJ9Y2Y,01M0WWQ9XW83PGVA4HF3WT9HVR,comp-within,0,0,posttest,3,150_24.png,I9,entirely_held_out,150,24,"3 ""spikes"" at the top. white rectangle box in middle with wiggly bottom",1787680022917,1787680040702,17.785,FALSE
01M0WXR5QX7RT0467EJCPJ9Y2Y,01M0WWQ9XW83PGVA4HF3WT9HVR,comp-within,0,0,posttest,4,366_405.png,B3,trained_distribution,366,405,top is a triangle with a house shape missing. bottom left looks lieka. stairs and bottom right looks like a boot,1787680040703,1787680060470,19.767,FALSE
01M0WXR5QX7RT0467EJCPJ9Y2Y,01M0WWQ9XW83PGVA4HF3WT9HVR,comp-within,0,0,posttest,5,422_364.png,C7,familiar_top_novel_bottom,422,364,"top looks like a house with an irregular shape in white inside. bottom looks like a ""w""",1787680060473,1787680078696,18.223,FALSE
01M0WXR5QX7RT0467EJCPJ9Y2Y,01M0WWQ9XW83PGVA4HF3WT9HVR,comp-within,0,0,posttest,6,279_244.png,D1,trained_distribution,279,244,top looks like hands pointing upwards. its sat on a ledge. the bottom has a raingle which is pointing left and a diamond attached to it,1787680078697,1787680111152,32.455,FALSE
01M0WXR5QX7RT0467EJCPJ9Y2Y,01M0WWQ9XW83PGVA4HF3WT9HVR,comp-within,0,0,posttest,7,239_32.png,K11,entirely_held_out,239,32,top looks like a sideways house on top of an irregular shape on top of 2 graduation hates,1787680111154,1787680128810,17.656,FALSE
01M0WXR5QX7RT0467EJCPJ9Y2Y,01M0WWQ9XW83PGVA4HF3WT9HVR,comp-within,0,0,posttest,8,401_126.png,J10,entirely_held_out,401,126,diamond on top of a house shape. has white triangle inside. triangle just touching the bottom,1787680128812,1787680150417,21.605,FALSE
01M0WXR5QX7RT0467EJCPJ9Y2Y,01M0WWQ9XW83PGVA4HF3WT9HVR,comp-within,0,0,posttest,9,366_339.png,B2,novel_combination,366,339,teiangle facing up with a white house inside it on an all black base barring the triangle missing out the bottom,1787680150419,1787680177862,27.443,FALSE
01M0WXR5QX7RT0467EJCPJ9Y2Y,01M0WWQ9XW83PGVA4HF3WT9HVR,comp-within,0,0,posttest,10,422_405.png,C3,novel_combination,422,405,house on top with irregular shape inside. bottom left loooks like stairs bottom right looks like a boot,1787680177864,1787680202772,24.908,FALSE
01M0WXR5QX7RT0467EJCPJ9Y2Y,01M0WWQ9XW83PGVA4HF3WT9HVR,comp-within,0,0,posttest,11,138_244.png,A1,novel_combination,138,244,diamond on top of a rectangle. bottom has traingle facing left with diamond attached,1787680202774,1787680251281,48.507,FALSE
01M0WXR5QX7RT0467EJCPJ9Y2Y,01M0WWQ9XW83PGVA4HF3WT9HVR,comp-within,0,0,posttest,12,444_1.png,L12,entirely_held_out,444,1,bottom is all black and the right side has point going up. left top has shape going up,1787680251284,1787680274628,23.344,FALSE
01M0WXR5QX7RT0467EJCPJ9Y2Y,01M0WWQ9XW83PGVA4HF3WT9HVR,comp-within,0,0,posttest,13,279_66.png,D4,novel_combination,279,66,looks like hands going up on top of an open box,1787680274631,1787680291300,16.669,FALSE
01M0WXR5QX7RT0467EJCPJ9Y2Y,01M0WWQ9XW83PGVA4HF3WT9HVR,comp-within,0,0,posttest,14,120_339.png,F2,novel_top_familiar_bottom,120,339,"""w"" shape missing from the top. bottom has a white triangle missing",1787680291301,1787680312206,20.905,FALSE
01M0WXR5QX7RT0467EJCPJ9Y2Y,01M0WWQ9XW83PGVA4HF3WT9HVR,comp-within,0,0,posttest,15,260_405.png,G3,novel_top_familiar_bottom,260,405,top looks like horns and bottom has stair lookig obhect to the left anf looks like a boot to the right,1787680312208,1787680331434,19.226,FALSE
01M0WXR5QX7RT0467EJCPJ9Y2Y,01M0WWQ9XW83PGVA4HF3WT9HVR,comp-within,0,0,posttest,16,452_244.png,E1,novel_top_familiar_bottom,452,244,bototm has traingle facing left with diamond attached to it. top has 3 spikes kind of.,1787680331436,1787680352837,21.401,FALSE
01M0WXR5QX7RT0467EJCPJ9Y2Y,01M0WWQ9XW83PGVA4HF3WT9HVR,comp-within,0,0,posttest,17,366_333.png,B6,familiar_top_novel_bottom,366,333,looks like a spaceshit. traingle facing up with house hsape inside of it. bottom has three spikes,1787680352839,1787680374497,21.658,FALSE
01M0WXR5QX7RT0467EJCPJ9Y2Y,01M0WWQ9XW83PGVA4HF3WT9HVR,comp-within,0,0,posttest,18,422_66.png,C4,trained_distribution,422,66,looks like a house on top of a box. the house has n irregular white shape inside of it,1787680374499,1787680389619,15.12,FALSE
01M0WXR5QX7RT0467EJCPJ9Y2Y,01M0WWQ9XW83PGVA4HF3WT9HVR,comp-within,0,0,posttest,19,138_448.png,A5,familiar_top_novel_bottom,138,448,diamond on the top of a rectangle on top of a ledge. ledge continues to the left and slopes fown to the rifht,1787680389622,1787680410031,20.409,FALSE
01M0WY1FH5WQS14DQ3V446M8AM,01M0WWQ9XT2Q7RF2RHNCTTRDNK,comp-between,0,0,posttest,0,138_244.png,A1,novel_combination,138,244,"hat with a black diamond on top, and a triangle and black diamond on the left hand bottom,",1787680268694,1787680312933,44.239,FALSE
01M0WY1FH5WQS14DQ3V446M8AM,01M0WWQ9XT2Q7RF2RHNCTTRDNK,comp-between,0,0,posttest,1,422_66.png,C4,trained_distribution,422,66,two boxes with a white rectangle in the middle,1787680312938,1787680328021,15.083,FALSE
01M0WY1FH5WQS14DQ3V446M8AM,01M0WWQ9XT2Q7RF2RHNCTTRDNK,comp-between,0,0,posttest,2,366_333.png,B6,familiar_top_novel_bottom,366,333,"looks like a rocket ship with 3 spikes at the bottom, with a triangle in the middle",1787680328025,1787680348276,20.251,FALSE
01M0WY1FH5WQS14DQ3V446M8AM,01M0WWQ9XT2Q7RF2RHNCTTRDNK,comp-between,0,0,posttest,3,260_405.png,G3,novel_top_familiar_bottom,260,405,looks like two legs with a trapezoid body with two spikes spikes sticking out,1787680348280,1787680371454,23.174,FALSE
01M0WY1FH5WQS14DQ3V446M8AM,01M0WWQ9XT2Q7RF2RHNCTTRDNK,comp-between,0,0,posttest,4,120_339.png,F2,novel_top_familiar_bottom,120,339,"two wide legs with a white triangle gap between them, with a shape that looks like a W on top.",1787680371458,1787680398798,27.34,FALSE
01M0WY1FH5WQS14DQ3V446M8AM,01M0WWQ9XT2Q7RF2RHNCTTRDNK,comp-between,0,0,posttest,5,138_448.png,A5,familiar_top_novel_bottom,138,448,inverted staircase with a black diamond on top,1787680398802,1787680416783,17.981,FALSE
01M0WY1FH5WQS14DQ3V446M8AM,01M0WWQ9XT2Q7RF2RHNCTTRDNK,comp-between,0,0,posttest,6,239_32.png,K11,entirely_held_out,239,32,black squares stacked on each other looks like Jenga tower with a black pentagon on top,1787680416787,1787680452305,35.518,FALSE
01M0WY1FH5WQS14DQ3V446M8AM,01M0WWQ9XT2Q7RF2RHNCTTRDNK,comp-between,0,0,posttest,7,279_66.png,D4,novel_combination,279,66,"black box with a bull horns coming out of it, with a white triangle in the middle",1787680452310,1787680479790,27.48,FALSE
01M0WY1FH5WQS14DQ3V446M8AM,01M0WWQ9XT2Q7RF2RHNCTTRDNK,comp-between,0,0,posttest,8,422_405.png,C3,novel_combination,422,405,two legs with a house shape on top with white rectangle in the middle.,1787680479794,1787680497816,18.022,FALSE
01M0WY1FH5WQS14DQ3V446M8AM,01M0WWQ9XT2Q7RF2RHNCTTRDNK,comp-between,0,0,posttest,9,366_339.png,B2,novel_combination,366,339,two wide legs with a white triangle in middle.,1787680497819,1787680513726,15.907,FALSE
01M0WY1FH5WQS14DQ3V446M8AM,01M0WWQ9XT2Q7RF2RHNCTTRDNK,comp-between,0,0,posttest,10,452_244.png,E1,novel_top_familiar_bottom,452,244,looks like W with a black triangle and black diamond on the lower left bottom side,1787680513730,1787680540809,27.079,FALSE
01M0WY1FH5WQS14DQ3V446M8AM,01M0WWQ9XT2Q7RF2RHNCTTRDNK,comp-between,0,0,posttest,11,444_1.png,L12,entirely_held_out,444,1,looks like a box with a chimney on top.,1787680540815,1787680555325,14.51,FALSE
01M0WY1FH5WQS14DQ3V446M8AM,01M0WWQ9XT2Q7RF2RHNCTTRDNK,comp-between,0,0,posttest,12,279_25.png,D8,familiar_top_novel_bottom,279,25,looks like. a crab,1787680555329,1787680565501,10.172,FALSE
01M0WY1FH5WQS14DQ3V446M8AM,01M0WWQ9XT2Q7RF2RHNCTTRDNK,comp-between,0,0,posttest,13,162_66.png,H4,novel_top_familiar_bottom,162,66,two boxes stacked on each other,1787680565505,1787680573643,8.138,FALSE
01M0WY1FH5WQS14DQ3V446M8AM,01M0WWQ9XT2Q7RF2RHNCTTRDNK,comp-between,0,0,posttest,14,366_405.png,B3,trained_distribution,366,405,looks like a pair of arms and legs,1787680573648,1787680586406,12.758,FALSE
01M0WY1FH5WQS14DQ3V446M8AM,01M0WWQ9XT2Q7RF2RHNCTTRDNK,comp-between,0,0,posttest,15,138_339.png,A2,trained_distribution,138,339,two thick legs with a black diamond on top,1787680586410,1787680604304,17.894,FALSE
01M0WY1FH5WQS14DQ3V446M8AM,01M0WWQ9XT2Q7RF2RHNCTTRDNK,comp-between,0,0,posttest,16,150_24.png,I9,entirely_held_out,150,24,looks like. a mask with three spikes at the top with a white rectangle in middle.,1787680604308,1787680626158,21.85,FALSE
01M0WY1FH5WQS14DQ3V446M8AM,01M0WWQ9XT2Q7RF2RHNCTTRDNK,comp-between,0,0,posttest,17,422_364.png,C7,familiar_top_novel_bottom,422,364,looks like. house with a white rectangle inside. whole this is on top of a W,1787680626164,1787680653434,27.27,FALSE
01M0WY1FH5WQS14DQ3V446M8AM,01M0WWQ9XT2Q7RF2RHNCTTRDNK,comp-between,0,0,posttest,18,279_244.png,D1,trained_distribution,279,244,"has a white triangle in the middle, with a black triangle and diamond on the lower left side.",1787680653437,1787680692338,38.901,FALSE
01M0WY1FH5WQS14DQ3V446M8AM,01M0WWQ9XT2Q7RF2RHNCTTRDNK,comp-between,0,0,posttest,19,401_126.png,J10,entirely_held_out,401,126,"white triangle in middle, resting on another triangle on bottom that is black. with a black diamond on top",1787680692343,1787680722201,29.858,FALSE
01M0WY0YPE1FGB7GNWHKCY08ZN,01M0WWQAZTRSENW9JN2FSQ4BA7,noncomp,0,0,posttest,0,260_405.png,G3,novel_top_familiar_bottom,260,405,wide shape with legs and horns,1787679008456,1787679025893,17.437,FALSE
01M0WY0YPE1FGB7GNWHKCY08ZN,01M0WWQAZTRSENW9JN2FSQ4BA7,noncomp,0,0,posttest,1,366_339.png,B2,trained_distribution,366,339,house with house inside it,1787679025895,1787679031978,6.083,FALSE
01M0WY0YPE1FGB7GNWHKCY08ZN,01M0WWQAZTRSENW9JN2FSQ4BA7,noncomp,0,0,posttest,2,162_66.png,H4,novel_top_familiar_bottom,162,66,open boxes stacked on each other,1787679031980,1787679039706,7.726,FALSE
01M0WY0YPE1FGB7GNWHKCY08ZN,01M0WWQAZTRSENW9JN2FSQ4BA7,noncomp,0,0,posttest,3,401_126.png,J10,entirely_held_out,401,126,"diamond on the top, triangle at bottom, house in the middle",1787679039708,1787679064684,24.976,FALSE
01M0WY0YPE1FGB7GNWHKCY08ZN,01M0WWQAZTRSENW9JN2FSQ4BA7,noncomp,0,0,posttest,4,452_244.png,E1,novel_top_familiar_bottom,452,244,large triangle and smaller diamond underneath,1787679064687,1787679079130,14.443,FALSE
01M0WY0YPE1FGB7GNWHKCY08ZN,01M0WWQAZTRSENW9JN2FSQ4BA7,noncomp,0,0,posttest,5,422_405.png,C3,trained_distribution,422,405,"a house on legs, running to the left",1787679079132,1787679089530,10.398,FALSE
01M0WY0YPE1FGB7GNWHKCY08ZN,01M0WWQAZTRSENW9JN2FSQ4BA7,noncomp,0,0,posttest,6,366_333.png,B6,familiar_top_novel_bottom,366,333,rocket,1787679089531,1787679091658,2.127,FALSE
01M0WY0YPE1FGB7GNWHKCY08ZN,01M0WWQAZTRSENW9JN2FSQ4BA7,noncomp,0,0,posttest,7,138_339.png,A2,novel_combination,138,339,"diamond on top, house pointing to the left",1787679091659,1787679105962,14.303,FALSE
01M0WY0YPE1FGB7GNWHKCY08ZN,01M0WWQAZTRSENW9JN2FSQ4BA7,noncomp,0,0,posttest,8,279_66.png,D4,trained_distribution,279,66,open box with cut-off diamond and triangle coming out,1787679105964,1787679120026,14.062,FALSE
01M0WY0YPE1FGB7GNWHKCY08ZN,01M0WWQAZTRSENW9JN2FSQ4BA7,noncomp,0,0,posttest,9,150_24.png,I9,entirely_held_out,150,24,upside down house on stilts,1787679120027,1787679131658,11.631,FALSE
01M0WY0YPE1FGB7GNWHKCY08ZN,01M0WWQAZTRSENW9JN2FSQ4BA7,noncomp,0,0,posttest,10,422_364.png,C7,familiar_top_novel_bottom,422,364,zigzags underneath a house,1787679131660,1787679143858,12.198,FALSE
01M0WY0YPE1FGB7GNWHKCY08ZN,01M0WWQAZTRSENW9JN2FSQ4BA7,noncomp,0,0,posttest,11,366_405.png,B3,novel_combination,366,405,triangle on legs,1787679143860,1787679148930,5.07,FALSE
01M0WY0YPE1FGB7GNWHKCY08ZN,01M0WWQAZTRSENW9JN2FSQ4BA7,noncomp,0,0,posttest,12,120_339.png,F2,novel_top_familiar_bottom,120,339,"white triangle at bottom, creature with wings on top",1787679148932,1787679167362,18.43,FALSE
01M0WY0YPE1FGB7GNWHKCY08ZN,01M0WWQAZTRSENW9JN2FSQ4BA7,noncomp,0,0,posttest,13,279_244.png,D1,novel_combination,279,244,"large triangle and smaller diamond on the bottom, rectangle in middle",1787679167364,1787679187786,20.422,FALSE
01M0WY0YPE1FGB7GNWHKCY08ZN,01M0WWQAZTRSENW9JN2FSQ4BA7,noncomp,0,0,posttest,14,138_448.png,A5,familiar_top_novel_bottom,138,448,"diamond on top, rectangle underneath",1787679187788,1787679202953,15.165,FALSE
01M0WY0YPE1FGB7GNWHKCY08ZN,01M0WWQAZTRSENW9JN2FSQ4BA7,noncomp,0,0,posttest,15,422_66.png,C4,novel_combination,422,66,open box with a house coming out of it,1787679202955,1787679212034,9.079,FALSE
01M0WY0YPE1FGB7GNWHKCY08ZN,01M0WWQAZTRSENW9JN2FSQ4BA7,noncomp,0,0,posttest,16,239_32.png,K11,entirely_held_out,239,32,"two diamonds on bottom, person with arms and strange head",1787679212036,1787679234994,22.958,FALSE
01M0WY0YPE1FGB7GNWHKCY08ZN,01M0WWQAZTRSENW9JN2FSQ4BA7,noncomp,0,0,posttest,17,444_1.png,L12,entirely_held_out,444,1,chimney,1787679234996,1787679239682,4.686,FALSE
01M0WY0YPE1FGB7GNWHKCY08ZN,01M0WWQAZTRSENW9JN2FSQ4BA7,noncomp,0,0,posttest,18,279_25.png,D8,familiar_top_novel_bottom,279,25,crab,1787679239684,1787679242042,2.358,FALSE
01M0WY0YPE1FGB7GNWHKCY08ZN,01M0WWQAZTRSENW9JN2FSQ4BA7,noncomp,0,0,posttest,19,138_244.png,A1,trained_distribution,138,244,two diamonds - one on top and one on bottom. triangle on bottom,1787679242043,1787679260298,18.255,FALSE
01M0WY09KXZQGZCXQXZTYFDW8C,01M0WWQAZTRSENW9JN2FSQ4BA7,noncomp,0,0,posttest,0,366_333.png,B6,familiar_top_novel_bottom,366,333,"house shape inside, 3 spikes at the bottom",1787679007685,1787679018013,10.328,FALSE
01M0WY09KXZQGZCXQXZTYFDW8C,01M0WWQAZTRSENW9JN2FSQ4BA7,noncomp,0,0,posttest,1,401_126.png,J10,entirely_held_out,401,126,"diamond at top, triangle at bottom",1787679018017,1787679027542,9.525,FALSE
01M0WY09KXZQGZCXQXZTYFDW8C,01M0WWQAZTRSENW9JN2FSQ4BA7,noncomp,0,0,posttest,2,422_66.png,C4,novel_combination,422,66,parallellogram,1787679027544,1787679056806,29.262,FALSE
01M0WY09KXZQGZCXQXZTYFDW8C,01M0WWQAZTRSENW9JN2FSQ4BA7,noncomp,0,0,posttest,3,138_339.png,A2,novel_combination,138,339,diamond,1787679056809,1787679078985,22.176,FALSE
01M0WY09KXZQGZCXQXZTYFDW8C,01M0WWQAZTRSENW9JN2FSQ4BA7,noncomp,0,0,posttest,4,452_244.png,E1,novel_top_familiar_bottom,452,244,trianglediamond,1787679078988,1787679086030,7.042,FALSE
01M0WY09KXZQGZCXQXZTYFDW8C,01M0WWQAZTRSENW9JN2FSQ4BA7,noncomp,0,0,posttest,5,366_405.png,B3,novel_combination,366,405,house on legs,1787679107210,1787679112954,5.744,FALSE
01M0WY09KXZQGZCXQXZTYFDW8C,01M0WWQAZTRSENW9JN2FSQ4BA7,noncomp,0,0,posttest,6,444_1.png,L12,entirely_held_out,444,1,slanted roof,1787679112957,1787679118415,5.458,FALSE
01M0WY09KXZQGZCXQXZTYFDW8C,01M0WWQAZTRSENW9JN2FSQ4BA7,noncomp,0,0,posttest,7,150_24.png,I9,entirely_held_out,150,24,robot,1787679118417,1787679122726,4.309,FALSE
01M0WY09KXZQGZCXQXZTYFDW8C,01M0WWQAZTRSENW9JN2FSQ4BA7,noncomp,0,0,posttest,8,120_339.png,F2,novel_top_familiar_bottom,120,339,w shape,1787679122729,1787679128956,6.227,FALSE
01M0WY09KXZQGZCXQXZTYFDW8C,01M0WWQAZTRSENW9JN2FSQ4BA7,noncomp,0,0,posttest,9,279_244.png,D1,novel_combination,279,244,triangle and diamond,1787679128958,1787679136322,7.364,FALSE
01M0WY09KXZQGZCXQXZTYFDW8C,01M0WWQAZTRSENW9JN2FSQ4BA7,noncomp,0,0,posttest,10,422_405.png,C3,trained_distribution,422,405,house on legs,1787679136325,1787679141078,4.753,FALSE
01M0WY09KXZQGZCXQXZTYFDW8C,01M0WWQAZTRSENW9JN2FSQ4BA7,noncomp,0,0,posttest,11,138_448.png,A5,familiar_top_novel_bottom,138,448,diamond,1787679141082,1787679167870,26.788,FALSE
01M0WY09KXZQGZCXQXZTYFDW8C,01M0WWQAZTRSENW9JN2FSQ4BA7,noncomp,0,0,posttest,12,239_32.png,K11,entirely_held_out,239,32,square in middle,1787679167873,1787679178619,10.746,FALSE
01M0WY09KXZQGZCXQXZTYFDW8C,01M0WWQAZTRSENW9JN2FSQ4BA7,noncomp,0,0,posttest,13,162_66.png,H4,novel_top_familiar_bottom,162,66,2 boxes,1787679178622,1787679183004,4.382,FALSE
01M0WY09KXZQGZCXQXZTYFDW8C,01M0WWQAZTRSENW9JN2FSQ4BA7,noncomp,0,0,posttest,14,279_25.png,D8,familiar_top_novel_bottom,279,25,opposites,1787679183007,1787679192335,9.328,FALSE
01M0WY09KXZQGZCXQXZTYFDW8C,01M0WWQAZTRSENW9JN2FSQ4BA7,noncomp,0,0,posttest,15,260_405.png,G3,novel_top_familiar_bottom,260,405,trapezium on legs,1787679192337,1787679200432,8.095,FALSE
01M0WY09KXZQGZCXQXZTYFDW8C,01M0WWQAZTRSENW9JN2FSQ4BA7,noncomp,0,0,posttest,16,138_244.png,A1,trained_distribution,138,244,chair with no legs,1787679200435,1787679207137,6.702,FALSE
01M0WY09KXZQGZCXQXZTYFDW8C,01M0WWQAZTRSENW9JN2FSQ4BA7,noncomp,0,0,posttest,17,422_364.png,C7,familiar_top_novel_bottom,422,364,w shape at the bottom,1787679207141,1787679215155,8.014,FALSE
01M0WY09KXZQGZCXQXZTYFDW8C,01M0WWQAZTRSENW9JN2FSQ4BA7,noncomp,0,0,posttest,18,366_339.png,B2,trained_distribution,366,339,house shape inside,1787679215158,1787679222776,7.618,FALSE
01M0WY09KXZQGZCXQXZTYFDW8C,01M0WWQAZTRSENW9JN2FSQ4BA7,noncomp,0,0,posttest,19,279_66.png,D4,trained_distribution,279,66,box with diamond,1787679222779,1787679229855,7.076,FALSE
01M0WY1V9QET0HYE5N0547967Y,01M0WWQ9XT2Q7RF2RHNCTTRDNK,comp-between,0,0,posttest,0,239_32.png,K11,entirely_held_out,239,32,got three rectangle,1787680260939,1787680282948,22.009,FALSE
01M0WY1V9QET0HYE5N0547967Y,01M0WWQ9XT2Q7RF2RHNCTTRDNK,comp-between,0,0,posttest,1,366_339.png,B2,novel_combination,366,339,got two wide legs,1787680282950,1787680293526,10.576,FALSE
01M0WY1V9QET0HYE5N0547967Y,01M0WWQ9XT2Q7RF2RHNCTTRDNK,comp-between,0,0,posttest,2,279_66.png,D4,novel_combination,279,66,got a hat underneath,1787680293529,1787680300566,7.037,FALSE
01M0WY1V9QET0HYE5N0547967Y,01M0WWQ9XT2Q7RF2RHNCTTRDNK,comp-between,0,0,posttest,3,260_405.png,G3,novel_top_familiar_bottom,260,405,got two wide thin legs,1787680300568,1787680307572,7.004,FALSE
01M0WY1V9QET0HYE5N0547967Y,01M0WWQ9XT2Q7RF2RHNCTTRDNK,comp-between,0,0,posttest,4,150_24.png,I9,entirely_held_out,150,24,got a white rectangle insede,1787680307575,1787680319114,11.539,FALSE
01M0WY1V9QET0HYE5N0547967Y,01M0WWQ9XT2Q7RF2RHNCTTRDNK,comp-between,0,0,posttest,5,452_244.png,E1,novel_top_familiar_bottom,452,244,got little arrow underneath,1787680319116,1787680329838,10.722,FALSE
01M0WY1V9QET0HYE5N0547967Y,01M0WWQ9XT2Q7RF2RHNCTTRDNK,comp-between,0,0,posttest,6,138_339.png,A2,trained_distribution,138,339,got little diagonal on yop,1787680329840,1787680337618,7.778,FALSE
01M0WY1V9QET0HYE5N0547967Y,01M0WWQ9XT2Q7RF2RHNCTTRDNK,comp-between,0,0,posttest,7,162_66.png,H4,novel_top_familiar_bottom,162,66,hat on hat,1787680337620,1787680342395,4.775,FALSE
01M0WY1V9QET0HYE5N0547967Y,01M0WWQ9XT2Q7RF2RHNCTTRDNK,comp-between,0,0,posttest,8,422_405.png,C3,novel_combination,422,405,rectangle inside,1787680342398,1787680350721,8.323,FALSE
01M0WY1V9QET0HYE5N0547967Y,01M0WWQ9XT2Q7RF2RHNCTTRDNK,comp-between,0,0,posttest,9,444_1.png,L12,entirely_held_out,444,1,look  like ship,1787680350723,1787680361532,10.809,FALSE
01M0WY1V9QET0HYE5N0547967Y,01M0WWQ9XT2Q7RF2RHNCTTRDNK,comp-between,0,0,posttest,10,279_244.png,D1,trained_distribution,279,244,arow underneath,1787680361534,1787680368710,7.176,FALSE
01M0WY1V9QET0HYE5N0547967Y,01M0WWQ9XT2Q7RF2RHNCTTRDNK,comp-between,0,0,posttest,11,401_126.png,J10,entirely_held_out,401,126,diagonal on top,1787680368713,1787680376173,7.46,FALSE
01M0WY1V9QET0HYE5N0547967Y,01M0WWQ9XT2Q7RF2RHNCTTRDNK,comp-between,0,0,posttest,12,138_448.png,A5,familiar_top_novel_bottom,138,448,diagonal on to[p,1787680376175,1787680382708,6.533,FALSE
01M0WY1V9QET0HYE5N0547967Y,01M0WWQ9XT2Q7RF2RHNCTTRDNK,comp-between,0,0,posttest,13,366_405.png,B3,trained_distribution,366,405,hite triangle inside,1787680382711,1787680390440,7.729,FALSE
01M0WY1V9QET0HYE5N0547967Y,01M0WWQ9XT2Q7RF2RHNCTTRDNK,comp-between,0,0,posttest,14,422_66.png,C4,trained_distribution,422,66,white rectamgle inside,1787680390442,1787680397691,7.249,FALSE
01M0WY1V9QET0HYE5N0547967Y,01M0WWQ9XT2Q7RF2RHNCTTRDNK,comp-between,0,0,posttest,15,279_25.png,D8,familiar_top_novel_bottom,279,25,white triamgle  inside,1787680397693,1787680409142,11.449,FALSE
01M0WY1V9QET0HYE5N0547967Y,01M0WWQ9XT2Q7RF2RHNCTTRDNK,comp-between,0,0,posttest,16,120_339.png,F2,novel_top_familiar_bottom,120,339,two wide legs,1787680409146,1787680414734,5.588,FALSE
01M0WY1V9QET0HYE5N0547967Y,01M0WWQ9XT2Q7RF2RHNCTTRDNK,comp-between,0,0,posttest,17,138_244.png,A1,novel_combination,138,244,little diagonal ontop,1787680414736,1787680422566,7.83,FALSE
01M0WY1V9QET0HYE5N0547967Y,01M0WWQ9XT2Q7RF2RHNCTTRDNK,comp-between,0,0,posttest,18,366_333.png,B6,familiar_top_novel_bottom,366,333,got a spike umder,1787680422568,1787680432554,9.986,FALSE
01M0WY1V9QET0HYE5N0547967Y,01M0WWQ9XT2Q7RF2RHNCTTRDNK,comp-between,0,0,posttest,19,422_364.png,C7,familiar_top_novel_bottom,422,364,white rectangle inside,1787680432556,1787680441185,8.629,FALSE
01M0WX667JRE4461924BYZ6YJ1,01M0WWQ74H7CSGCPAHPDSCJ0PV,comp-between,0,0,posttest,0,366_339.png,B2,novel_combination,366,339,white triangle at the bottom,1787678849450,1787678860118,10.668,FALSE
01M0WX667JRE4461924BYZ6YJ1,01M0WWQ74H7CSGCPAHPDSCJ0PV,comp-between,0,0,posttest,1,422_66.png,C4,trained_distribution,422,66,slanted white rectangle in the middle,1787678860120,1787678872057,11.937,FALSE
01M0WX667JRE4461924BYZ6YJ1,01M0WWQ74H7CSGCPAHPDSCJ0PV,comp-between,0,0,posttest,2,401_126.png,J10,entirely_held_out,401,126,diamond on tom and white triangle in the middle,1787678872060,1787678888509,16.449,FALSE
01M0WX667JRE4461924BYZ6YJ1,01M0WWQ74H7CSGCPAHPDSCJ0PV,comp-between,0,0,posttest,3,279_25.png,D8,familiar_top_novel_bottom,279,25,looks like a crab in a way with claws,1787678888512,1787678905336,16.824,FALSE
01M0WX667JRE4461924BYZ6YJ1,01M0WWQ74H7CSGCPAHPDSCJ0PV,comp-between,0,0,posttest,4,150_24.png,I9,entirely_held_out,150,24,white rectangle i n the middle ad triangle under,1787678905338,1787678965348,60.01,TRUE
01M0WX667JRE4461924BYZ6YJ1,01M0WWQ74H7CSGCPAHPDSCJ0PV,comp-between,0,0,posttest,5,138_244.png,A1,novel_combination,138,244,blacktriangle with diamond beside at the bottom,1787678965348,1787678982562,17.214,FALSE
01M0WX667JRE4461924BYZ6YJ1,01M0WWQ74H7CSGCPAHPDSCJ0PV,comp-between,0,0,posttest,6,422_405.png,C3,novel_combination,422,405,a house with legs,1787678982563,1787679042571,60.008,TRUE
01M0WX667JRE4461924BYZ6YJ1,01M0WWQ74H7CSGCPAHPDSCJ0PV,comp-between,0,0,posttest,7,239_32.png,K11,entirely_held_out,239,32,two snaled rectangles stacked under with like apillar,1787679042572,1787679061706,19.134,FALSE
01M0WX667JRE4461924BYZ6YJ1,01M0WWQ74H7CSGCPAHPDSCJ0PV,comp-between,0,0,posttest,8,444_1.png,L12,entirely_held_out,444,1,looks like a pillar from the right side with a slante roof,1787679061708,1787679109700,47.992,FALSE
01M0WX667JRE4461924BYZ6YJ1,01M0WWQ74H7CSGCPAHPDSCJ0PV,comp-between,0,0,posttest,9,162_66.png,H4,novel_top_familiar_bottom,162,66,a box in a box  with a slanted rectangle,1787679109702,1787679137669,27.967,FALSE
01M0WX667JRE4461924BYZ6YJ1,01M0WWQ74H7CSGCPAHPDSCJ0PV,comp-between,0,0,posttest,10,279_244.png,D1,trained_distribution,279,244,black triangle witha diamond beside,1787679137671,1787679163294,25.623,FALSE
01M0WX667JRE4461924BYZ6YJ1,01M0WWQ74H7CSGCPAHPDSCJ0PV,comp-between,0,0,posttest,11,422_364.png,C7,familiar_top_novel_bottom,422,364,looks like a w under,1787679163296,1787679223299,60.003,TRUE
01M0WX667JRE4461924BYZ6YJ1,01M0WWQ74H7CSGCPAHPDSCJ0PV,comp-between,0,0,posttest,12,138_339.png,A2,trained_distribution,138,339,a white triangle under,1787679223300,1787679283310,60.01,TRUE
01M0WX667JRE4461924BYZ6YJ1,01M0WWQ74H7CSGCPAHPDSCJ0PV,comp-between,0,0,posttest,13,260_405.png,G3,novel_top_familiar_bottom,260,405,legs,1787679283310,1787679314042,30.732,FALSE
01M0WX667JRE4461924BYZ6YJ1,01M0WWQ74H7CSGCPAHPDSCJ0PV,comp-between,0,0,posttest,14,366_333.png,B6,familiar_top_novel_bottom,366,333,a big triangle with a space in between,1787679314044,1787679374060,60.016,TRUE
01M0WX667JRE4461924BYZ6YJ1,01M0WWQ74H7CSGCPAHPDSCJ0PV,comp-between,0,0,posttest,15,452_244.png,E1,novel_top_familiar_bottom,452,244,a triangle and diamond under,1787679374061,1787679434073,60.012,TRUE
01M0WX667JRE4461924BYZ6YJ1,01M0WWQ74H7CSGCPAHPDSCJ0PV,comp-between,0,0,posttest,16,279_66.png,D4,novel_combination,279,66,lookd like putting a box in something,1787679434074,1787679456498,22.424,FALSE
01M0WX667JRE4461924BYZ6YJ1,01M0WWQ74H7CSGCPAHPDSCJ0PV,comp-between,0,0,posttest,17,138_448.png,A5,familiar_top_novel_bottom,138,448,black diamond on top,1787679456500,1787679465301,8.801,FALSE
01M0WX667JRE4461924BYZ6YJ1,01M0WWQ74H7CSGCPAHPDSCJ0PV,comp-between,0,0,posttest,18,120_339.png,F2,novel_top_familiar_bottom,120,339,a white traingle in the bottom,1787679465303,1787679503981,38.678,FALSE
01M0WX667JRE4461924BYZ6YJ1,01M0WWQ74H7CSGCPAHPDSCJ0PV,comp-between,0,0,posttest,19,366_405.png,B3,trained_distribution,366,405,a triangle inder but at the right has spikes,1787679503982,1787679516672,12.69,FALSE
01M0WY0ECEQWZG8FEZD72ENETD,01M0WWQ9XW83PGVA4HF3WT9HVR,comp-within,0,0,posttest,0,279_66.png,D4,novel_combination,279,66,hallelujah hands sitting on all dark base with a arrows pointing outward to the left and right and a V shaped base,1787679976843,1787680010054,33.211,FALSE
01M0WY0ECEQWZG8FEZD72ENETD,01M0WWQ9XW83PGVA4HF3WT9HVR,comp-within,0,0,posttest,1,260_405.png,G3,novel_top_familiar_bottom,260,405,a horn like figure sitting on a rectangular block with stairs to the left leg and boot to the right,1787680010057,1787680036217,26.16,FALSE
01M0WY0ECEQWZG8FEZD72ENETD,01M0WWQ9XW83PGVA4HF3WT9HVR,comp-within,0,0,posttest,2,366_333.png,B6,familiar_top_novel_bottom,366,333,a triangle sitting inside a house with an empty inside and a base as that or a dark triangle base,1787680036220,1787680058152,21.932,FALSE
01M0WY0ECEQWZG8FEZD72ENETD,01M0WWQ9XW83PGVA4HF3WT9HVR,comp-within,0,0,posttest,3,138_448.png,A5,familiar_top_novel_bottom,138,448,a diamond on top sitting on a rectangular base with another base with goes all the way down,1787680058155,1787680079963,21.808,FALSE
01M0WY0ECEQWZG8FEZD72ENETD,01M0WWQ9XW83PGVA4HF3WT9HVR,comp-within,0,0,posttest,4,444_1.png,L12,entirely_held_out,444,1,a solid shaped square with a rectangular base,1787680079966,1787680091840,11.874,FALSE
01M0WY0ECEQWZG8FEZD72ENETD,01M0WWQ9XW83PGVA4HF3WT9HVR,comp-within,0,0,posttest,5,279_244.png,D1,trained_distribution,279,244,hallelujah hands sitting on a ledge with a triangle facing left and a diamond attached to it,1787680091843,1787680112090,20.247,FALSE
01M0WY0ECEQWZG8FEZD72ENETD,01M0WWQ9XW83PGVA4HF3WT9HVR,comp-within,0,0,posttest,6,120_339.png,F2,novel_top_familiar_bottom,120,339,a W shaped solid squared shaped figure sitting on a dark base with a missing triangle underneath,1787680112093,1787680144607,32.514,FALSE
01M0WY0ECEQWZG8FEZD72ENETD,01M0WWQ9XW83PGVA4HF3WT9HVR,comp-within,0,0,posttest,7,239_32.png,K11,entirely_held_out,239,32,a dark based figure sitting on a rectangular based solid shape and also standing upright,1787680144610,1787680172902,28.292,FALSE
01M0WY0ECEQWZG8FEZD72ENETD,01M0WWQ9XW83PGVA4HF3WT9HVR,comp-within,0,0,posttest,8,422_405.png,C3,novel_combination,422,405,a hat shaped head with an irregular shape inside with a stair to the left and a boot to the right,1787680172906,1787680191535,18.629,FALSE
01M0WY0ECEQWZG8FEZD72ENETD,01M0WWQ9XW83PGVA4HF3WT9HVR,comp-within,0,0,posttest,9,401_126.png,J10,entirely_held_out,401,126,a diamond shaped top figure with an open triangle inside sitting on a detached triangular base,1787680191538,1787680223202,31.664,FALSE
01M0WY0ECEQWZG8FEZD72ENETD,01M0WWQ9XW83PGVA4HF3WT9HVR,comp-within,0,0,posttest,10,138_244.png,A1,novel_combination,138,244,a diamond shaped top sitting on a rectangular base and a triangle facing left with a diamond attached to it,1787680223206,1787680250324,27.118,FALSE
01M0WY0ECEQWZG8FEZD72ENETD,01M0WWQ9XW83PGVA4HF3WT9HVR,comp-within,0,0,posttest,11,366_339.png,B2,novel_combination,366,339,a triangle top with a house shaped inside and a missing triangle underneath,1787680250328,1787680265124,14.796,FALSE
01M0WY0ECEQWZG8FEZD72ENETD,01M0WWQ9XW83PGVA4HF3WT9HVR,comp-within,0,0,posttest,12,279_25.png,D8,familiar_top_novel_bottom,279,25,hallelujah hands sitting on a ledge with a based shaped inward to the left and right,1787680265127,1787680286221,21.094,FALSE
01M0WY0ECEQWZG8FEZD72ENETD,01M0WWQ9XW83PGVA4HF3WT9HVR,comp-within,0,0,posttest,13,422_66.png,C4,trained_distribution,422,66,a hat shaped home with an irregular space within sitting on an all black base,1787680286225,1787680305534,19.309,FALSE
01M0WY0ECEQWZG8FEZD72ENETD,01M0WWQ9XW83PGVA4HF3WT9HVR,comp-within,0,0,posttest,14,150_24.png,I9,entirely_held_out,150,24,a three horned shape with an open rectangle inside and a W shaped base with a missing triangle beneath,1787680305537,1787680328468,22.931,FALSE
01M0WY0ECEQWZG8FEZD72ENETD,01M0WWQ9XW83PGVA4HF3WT9HVR,comp-within,0,0,posttest,15,452_244.png,E1,novel_top_familiar_bottom,452,244,a W shaped looking shaped figure sitting on a triangle facing leftward with a diamond attached to it,1787680328471,1787680352768,24.297,FALSE
01M0WY0ECEQWZG8FEZD72ENETD,01M0WWQ9XW83PGVA4HF3WT9HVR,comp-within,0,0,posttest,16,366_405.png,B3,trained_distribution,366,405,a triangle detached from a stairs left shaped figure and right legged both figure attached underneath,1787680352771,1787680372591,19.82,FALSE
01M0WY0ECEQWZG8FEZD72ENETD,01M0WWQ9XW83PGVA4HF3WT9HVR,comp-within,0,0,posttest,17,138_339.png,A2,trained_distribution,138,339,a diamond shaped sitting on a full black base body with a missing triangle underneath,1787680372594,1787680389748,17.154,FALSE
01M0WY0ECEQWZG8FEZD72ENETD,01M0WWQ9XW83PGVA4HF3WT9HVR,comp-within,0,0,posttest,18,162_66.png,H4,novel_top_familiar_bottom,162,66,a full all black shaped figure by itself all the way from the top to the bottom with pointy arrows to the left and right of the middle part of the shape,1787680389751,1787680420560,30.809,FALSE
01M0WY0ECEQWZG8FEZD72ENETD,01M0WWQ9XW83PGVA4HF3WT9HVR,comp-within,0,0,posttest,19,422_364.png,C7,familiar_top_novel_bottom,422,364,a hat sitting in an irregular shaped figure and a W shaped base underneath with a missing triangle.,1787680420563,1787680464468,43.905,FALSE
01M0WY2T8PBZPVGKC7BWFHJ59J,01M0WWQAZPP7VBJF1WXDE2YKFW,comp-within,1,0,posttest,0,66_138.png,A5,familiar_top_novel_bottom,66,138,"diamond on left, corners cut away on right",1787680533529,1787680549308,15.779,FALSE
01M0WY2T8PBZPVGKC7BWFHJ59J,01M0WWQAZPP7VBJF1WXDE2YKFW,comp-within,1,0,posttest,1,313_396.png,I9,entirely_held_out,313,396,"crocodile teeth bottom right, solid shape pointing to bottom right corner",1787680549309,1787680574732,25.423,FALSE
01M0WY2T8PBZPVGKC7BWFHJ59J,01M0WWQAZPP7VBJF1WXDE2YKFW,comp-within,1,0,posttest,2,202_76.png,C7,familiar_top_novel_bottom,202,76,"solid shape pointing top right, zagged on middle, shape pointing to top and bottom left",1787680574733,1787680607218,32.485,FALSE
01M0WY2T8PBZPVGKC7BWFHJ59J,01M0WWQAZPP7VBJF1WXDE2YKFW,comp-within,1,0,posttest,3,250_441.png,F2,novel_top_familiar_bottom,250,441,"small triangle bottom left, shape the fills almost all of the box",1787680607220,1787680630888,23.668,FALSE
01M0WY2T8PBZPVGKC7BWFHJ59J,01M0WWQAZPP7VBJF1WXDE2YKFW,comp-within,1,0,posttest,4,411_314.png,E1,novel_top_familiar_bottom,411,314,"arrow pointing to mid right, zagged edges facing left",1787680630891,1787680660358,29.467,FALSE
01M0WY2T8PBZPVGKC7BWFHJ59J,01M0WWQAZPP7VBJF1WXDE2YKFW,comp-within,1,0,posttest,5,20_63.png,D8,familiar_top_novel_bottom,20,63,"open triangle mid section, poinint facing mid left, corners cut on right side",1787680660361,1787680693597,33.236,FALSE
01M0WY2T8PBZPVGKC7BWFHJ59J,01M0WWQAZPP7VBJF1WXDE2YKFW,comp-within,1,0,posttest,6,348_24.png,B3,trained_distribution,348,24,"boat on its side, open rectangle in middle",1787680693598,1787680709364,15.766,FALSE
01M0WY2T8PBZPVGKC7BWFHJ59J,01M0WWQAZPP7VBJF1WXDE2YKFW,comp-within,1,0,posttest,7,33_60.png,J10,entirely_held_out,33,60,"large triangle pointing mid right, tail like shape on rigt",1787680709365,1787680732065,22.7,FALSE
01M0WY2T8PBZPVGKC7BWFHJ59J,01M0WWQAZPP7VBJF1WXDE2YKFW,comp-within,1,0,posttest,8,66_441.png,A2,trained_distribution,66,441,"small triangle bottom left, corners cut away top and bottom right",1787680732067,1787680751411,19.344,FALSE
01M0WY2T8PBZPVGKC7BWFHJ59J,01M0WWQAZPP7VBJF1WXDE2YKFW,comp-within,1,0,posttest,9,202_464.png,C4,trained_distribution,202,464,"tree on its side, shape pointing top right corner",1787680751414,1787680767171,15.757,FALSE
01M0WY2T8PBZPVGKC7BWFHJ59J,01M0WWQAZPP7VBJF1WXDE2YKFW,comp-within,1,0,posttest,10,20_314.png,D1,trained_distribution,20,314,"zagged edge on left, slightly rounded edge on right with corners cut away",1787680767174,1787680789999,22.825,FALSE
01M0WY2T8PBZPVGKC7BWFHJ59J,01M0WWQAZPP7VBJF1WXDE2YKFW,comp-within,1,0,posttest,11,72_24.png,G3,novel_top_familiar_bottom,72,24,"open rectabgle in missle, sharpe edges on right, zagged edges on left",1787680790002,1787680815810,25.808,FALSE
01M0WY2T8PBZPVGKC7BWFHJ59J,01M0WWQAZPP7VBJF1WXDE2YKFW,comp-within,1,0,posttest,12,348_130.png,B6,familiar_top_novel_bottom,348,130,"boat on its side, sharpe edges top and bottom left",1787680815813,1787680837951,22.138,FALSE
01M0WY2T8PBZPVGKC7BWFHJ59J,01M0WWQAZPP7VBJF1WXDE2YKFW,comp-within,1,0,posttest,13,467_218.png,K11,entirely_held_out,467,218,diamond facing towards bottom right  left  side) square bottom right,1787680837954,1787680867674,29.72,FALSE
01M0WY2T8PBZPVGKC7BWFHJ59J,01M0WWQAZPP7VBJF1WXDE2YKFW,comp-within,1,0,posttest,14,392_464.png,H4,novel_top_familiar_bottom,392,464,"tree on its side, a lot cut away on right side",1787680867677,1787680884418,16.741,FALSE
01M0WY2T8PBZPVGKC7BWFHJ59J,01M0WWQAZPP7VBJF1WXDE2YKFW,comp-within,1,0,posttest,15,66_314.png,A1,novel_combination,66,314,"zagged mountain edge on left, corners cut away on right",1787680884420,1787680903621,19.201,FALSE
01M0WY2T8PBZPVGKC7BWFHJ59J,01M0WWQAZPP7VBJF1WXDE2YKFW,comp-within,1,0,posttest,16,202_24.png,C3,novel_combination,202,24,"rectangle open in middle, solid arrow pointing top right corner",1787680903623,1787680923887,20.264,FALSE
01M0WY2T8PBZPVGKC7BWFHJ59J,01M0WWQAZPP7VBJF1WXDE2YKFW,comp-within,1,0,posttest,17,348_441.png,B2,novel_combination,348,441,"boat on side, triangle on left pointing right",1787680923889,1787680942768,18.879,FALSE
01M0WY2T8PBZPVGKC7BWFHJ59J,01M0WWQAZPP7VBJF1WXDE2YKFW,comp-within,1,0,posttest,18,261_161.png,L12,entirely_held_out,261,161,person standing up against a bar,1787680942769,1787680952012,9.243,FALSE
01M0WY2T8PBZPVGKC7BWFHJ59J,01M0WWQAZPP7VBJF1WXDE2YKFW,comp-within,1,0,posttest,19,20_464.png,D4,novel_combination,20,464,"tree on side, corners cut away on left",1787680952015,1787680964670,12.655,FALSE
01M0WY0ENCGBGZ9MKY7CZKA71D,01M0WWQ9XVXJV1JR4118CY5W09,noncomp,0,0,posttest,0,138_339.png,A2,novel_combination,138,339,diamond at top,1787679052408,1787679058721,6.313,FALSE
01M0WY0ENCGBGZ9MKY7CZKA71D,01M0WWQ9XVXJV1JR4118CY5W09,noncomp,0,0,posttest,1,239_32.png,K11,entirely_held_out,239,32,spiky bottom,1787679058728,1787679071345,12.617,FALSE
01M0WY0ENCGBGZ9MKY7CZKA71D,01M0WWQ9XVXJV1JR4118CY5W09,noncomp,0,0,posttest,2,444_1.png,L12,entirely_held_out,444,1,L,1787679071352,1787679078986,7.634,FALSE
01M0WY0ENCGBGZ9MKY7CZKA71D,01M0WWQ9XVXJV1JR4118CY5W09,noncomp,0,0,posttest,3,260_405.png,G3,novel_top_familiar_bottom,260,405,walking roof horns,1787679078992,1787679085202,6.21,FALSE
01M0WY0ENCGBGZ9MKY7CZKA71D,01M0WWQ9XVXJV1JR4118CY5W09,noncomp,0,0,posttest,4,279_25.png,D8,familiar_top_novel_bottom,279,25,two horns,1787679085209,1787679089729,4.52,FALSE
01M0WY0ENCGBGZ9MKY7CZKA71D,01M0WWQ9XVXJV1JR4118CY5W09,noncomp,0,0,posttest,5,366_339.png,B2,trained_distribution,366,339,house with white centre,1787679089736,1787679096433,6.697,FALSE
01M0WY0ENCGBGZ9MKY7CZKA71D,01M0WWQ9XVXJV1JR4118CY5W09,noncomp,0,0,posttest,6,138_244.png,A1,trained_distribution,138,244,diamond up top and below,1787679096440,1787679102892,6.452,FALSE
01M0WY0ENCGBGZ9MKY7CZKA71D,01M0WWQ9XVXJV1JR4118CY5W09,noncomp,0,0,posttest,7,162_66.png,H4,novel_top_familiar_bottom,162,66,one shape four horns,1787679102898,1787679119331,16.433,FALSE
01M0WY0ENCGBGZ9MKY7CZKA71D,01M0WWQ9XVXJV1JR4118CY5W09,noncomp,0,0,posttest,8,422_405.png,C3,trained_distribution,422,405,walking house,1787679119338,1787679122195,2.857,FALSE
01M0WY0ENCGBGZ9MKY7CZKA71D,01M0WWQ9XVXJV1JR4118CY5W09,noncomp,0,0,posttest,9,401_126.png,J10,entirely_held_out,401,126,diamond up top traingle pointing up below,1787679122203,1787679134067,11.864,FALSE
01M0WY0ENCGBGZ9MKY7CZKA71D,01M0WWQ9XVXJV1JR4118CY5W09,noncomp,0,0,posttest,10,366_333.png,B6,familiar_top_novel_bottom,366,333,spaceship,1787679134073,1787679142523,8.45,FALSE
01M0WY0ENCGBGZ9MKY7CZKA71D,01M0WWQ9XVXJV1JR4118CY5W09,noncomp,0,0,posttest,11,279_244.png,D1,novel_combination,279,244,two horns diamond below,1787679142530,1787679151499,8.969,FALSE
01M0WY0ENCGBGZ9MKY7CZKA71D,01M0WWQ9XVXJV1JR4118CY5W09,noncomp,0,0,posttest,12,138_448.png,A5,familiar_top_novel_bottom,138,448,diamond up top,1787679151505,1787679160867,9.362,FALSE
01M0WY0ENCGBGZ9MKY7CZKA71D,01M0WWQ9XVXJV1JR4118CY5W09,noncomp,0,0,posttest,13,422_66.png,C4,novel_combination,422,66,white centre,1787679160874,1787679165803,4.929,FALSE
01M0WY0ENCGBGZ9MKY7CZKA71D,01M0WWQ9XVXJV1JR4118CY5W09,noncomp,0,0,posttest,14,150_24.png,I9,entirely_held_out,150,24,three horns,1787679165810,1787679174164,8.354,FALSE
01M0WY0ENCGBGZ9MKY7CZKA71D,01M0WWQ9XVXJV1JR4118CY5W09,noncomp,0,0,posttest,15,366_405.png,B3,novel_combination,366,405,walking tent,1787679174172,1787679178995,4.823,FALSE
01M0WY0ENCGBGZ9MKY7CZKA71D,01M0WWQ9XVXJV1JR4118CY5W09,noncomp,0,0,posttest,16,452_244.png,E1,novel_top_familiar_bottom,452,244,"diamond below, three horns",1787679179002,1787679191524,12.522,FALSE
01M0WY0ENCGBGZ9MKY7CZKA71D,01M0WWQ9XVXJV1JR4118CY5W09,noncomp,0,0,posttest,17,120_339.png,F2,novel_top_familiar_bottom,120,339,W shape up top,1787679191531,1787679202164,10.633,FALSE
01M0WY0ENCGBGZ9MKY7CZKA71D,01M0WWQ9XVXJV1JR4118CY5W09,noncomp,0,0,posttest,18,279_66.png,D4,trained_distribution,279,66,two horns,1787679202171,1787679206060,3.889,FALSE
01M0WY0ENCGBGZ9MKY7CZKA71D,01M0WWQ9XVXJV1JR4118CY5W09,noncomp,0,0,posttest,19,422_364.png,C7,familiar_top_novel_bottom,422,364,W below house,1787679206066,1787679210541,4.475,FALSE
