roundID,gameID,trialNum,block,selectionMadeAt,correct,stage_started,stage_ended,playerID,renderedAt
01M0WXAW67AMK0YYEW46DC6EDK,01M0WWQ74H7CSGCPAHPDSCJ0PV,14,2,1787678160355,TRUE,2026-08-25T17:15:48Z,2026-08-25T17:16:00Z,01M0WX9MXH1SX7Q50079HW9F7E,1787678148780
01M0WXAW67AMK0YYEW46DC6EDK,01M0WWQ74H7CSGCPAHPDSCJ0PV,14,2,1787678160355,TRUE,2026-08-25T17:15:48Z,2026-08-25T17:16:00Z,01M0WX667JRE4461924BYZ6YJ1,1787678148671
01M0WY8WTWNDACTY3MZE7T4XYQ,01M0WWQAZTRSENW9JN2FSQ4BA7,4,1,1787678057138,FALSE,2026-08-25T17:13:39Z,2026-08-25T17:14:15Z,01M0WY0YPE1FGB7GNWHKCY08ZN,1787678019549
01M0WY8WTWNDACTY3MZE7T4XYQ,01M0WWQAZTRSENW9JN2FSQ4BA7,4,1,1787678057138,FALSE,2026-08-25T17:13:39Z,2026-08-25T17:14:15Z,01M0WY09KXZQGZCXQXZTYFDW8C,1787678021091
01M0WY96A3GPNVM391ND45TTX8,01M0WWQAZPP7VBJF1WXDE2YKFW,7,1,1787679119616,TRUE,2026-08-25T17:31:01Z,2026-08-25T17:31:58Z,01M0WY2T8PBZPVGKC7BWFHJ59J,1787679063591
01M0WY96A3GPNVM391ND45TTX8,01M0WWQAZPP7VBJF1WXDE2YKFW,7,1,1787679119616,TRUE,2026-08-25T17:31:01Z,2026-08-25T17:31:58Z,01M0WXSYNRXCYGT80QAR430CBD,1787679062505
01M0WY96BJWW9VTCGB4KH2R567,01M0WWQAZPP7VBJF1WXDE2YKFW,12,2,1787679357664,TRUE,2026-08-25T17:35:23Z,2026-08-25T17:35:57Z,01M0WXSYNRXCYGT80QAR430CBD,1787679324019
01M0WY96BJWW9VTCGB4KH2R567,01M0WWQAZPP7VBJF1WXDE2YKFW,12,2,1787679357664,TRUE,2026-08-25T17:35:23Z,2026-08-25T17:35:57Z,01M0WY2T8PBZPVGKC7BWFHJ59J,1787679324396
01M0WYEEW3JQXTDYZ6YDBVDMR2,01M0WWQAZRRWZPK3N7VE24RFV2,43,4,NA,NA,NA,2026-08-25T17:10:51Z,NA,NA
01M0WY8WTPASQX09WQQYSHK2YA,01M0WWQAZTRSENW9JN2FSQ4BA7,5,1,1787678105683,TRUE,2026-08-25T17:14:18Z,2026-08-25T17:15:05Z,01M0WY09KXZQGZCXQXZTYFDW8C,1787678060604
01M0WY8WTPASQX09WQQYSHK2YA,01M0WWQAZTRSENW9JN2FSQ4BA7,5,1,1787678105683,TRUE,2026-08-25T17:14:18Z,2026-08-25T17:15:05Z,01M0WY0YPE1FGB7GNWHKCY08ZN,1787678059051
01M0WXEB75HPT08XHVF70Q63FR,01M0WWQ74M3NWYAJGQB0ESKAD2,40,4,NA,NA,NA,2026-08-25T16:53:19Z,NA,NA
01M0WXEBCZX895NZ40M1V1M8DE,01M0WWQ74M3NWYAJGQB0ESKAD2,33,3,NA,NA,NA,2026-08-25T16:53:19Z,NA,NA
01M0WY4EW99C2WCPS74X0CDWHV,01M0WWQ9XVXJV1JR4118CY5W09,30,3,1787678709221,TRUE,2026-08-25T17:25:01Z,2026-08-25T17:25:09Z,01M0WY0ENCGBGZ9MKY7CZKA71D,1787678701651
01M0WY4EW99C2WCPS74X0CDWHV,01M0WWQ9XVXJV1JR4118CY5W09,30,3,1787678709221,TRUE,2026-08-25T17:25:01Z,2026-08-25T17:25:09Z,01M0WY0C090AZDG2K9X542KKDB,1787678701502
01M0WXAW566C7GT40FYFZ5EGM7,01M0WWQ74H7CSGCPAHPDSCJ0PV,37,4,1787678654953,TRUE,2026-08-25T17:24:02Z,2026-08-25T17:24:15Z,01M0WX9MXH1SX7Q50079HW9F7E,1787678642958
01M0WXAW566C7GT40FYFZ5EGM7,01M0WWQ74H7CSGCPAHPDSCJ0PV,37,4,1787678654953,TRUE,2026-08-25T17:24:02Z,2026-08-25T17:24:15Z,01M0WX667JRE4461924BYZ6YJ1,1787678642819
01M0WXEBBNRPGT0M9KBHC34BZ2,01M0WWQ74M3NWYAJGQB0ESKAD2,22,2,NA,NA,NA,2026-08-25T16:53:18Z,NA,NA
01M0WY7GAMKJB55WG6VXTWZ105,01M0WWQ9XW83PGVA4HF3WT9HVR,44,4,1787679876789,TRUE,2026-08-25T17:44:15Z,2026-08-25T17:44:36Z,01M0WY0ECEQWZG8FEZD72ENETD,1787679855801
01M0WY7GAMKJB55WG6VXTWZ105,01M0WWQ9XW83PGVA4HF3WT9HVR,44,4,1787679876789,TRUE,2026-08-25T17:44:15Z,2026-08-25T17:44:36Z,01M0WXR5QX7RT0467EJCPJ9Y2Y,1787679855995
01M0WY8DBEGJ05JE8HYX7513CK,01M0WWQ9XT2Q7RF2RHNCTTRDNK,31,3,1787679774193,TRUE,2026-08-25T17:42:12Z,2026-08-25T17:42:53Z,01M0WY1V9QET0HYE5N0547967Y,1787679733425
01M0WY8DBEGJ05JE8HYX7513CK,01M0WWQ9XT2Q7RF2RHNCTTRDNK,31,3,1787679774193,TRUE,2026-08-25T17:42:12Z,2026-08-25T17:42:53Z,01M0WY1FH5WQS14DQ3V446M8AM,1787679732572
01M0WY8WR24CWTY5QYYJ9XKZHY,01M0WWQAZTRSENW9JN2FSQ4BA7,13,2,1787678394025,TRUE,2026-08-25T17:19:38Z,2026-08-25T17:19:54Z,01M0WY09KXZQGZCXQXZTYFDW8C,1787678380201
01M0WY8WR24CWTY5QYYJ9XKZHY,01M0WWQAZTRSENW9JN2FSQ4BA7,13,2,1787678394025,TRUE,2026-08-25T17:19:38Z,2026-08-25T17:19:54Z,01M0WY0YPE1FGB7GNWHKCY08ZN,1787678378657
01M0WXEBBTTXK0ZNRFMR7QDY8B,01M0WWQ74M3NWYAJGQB0ESKAD2,25,3,NA,NA,NA,2026-08-25T16:53:18Z,NA,NA
01M0WY7G7RGN6F6QM7ZGB4V9E7,01M0WWQ9XW83PGVA4HF3WT9HVR,26,3,1787679462604,TRUE,2026-08-25T17:37:26Z,2026-08-25T17:37:42Z,01M0WXR5QX7RT0467EJCPJ9Y2Y,1787679446505
01M0WY7G7RGN6F6QM7ZGB4V9E7,01M0WWQ9XW83PGVA4HF3WT9HVR,26,3,1787679462604,TRUE,2026-08-25T17:37:26Z,2026-08-25T17:37:42Z,01M0WY0ECEQWZG8FEZD72ENETD,1787679446341
01M0WY8WNPQ4GF93XQJMPEHM24,01M0WWQAZTRSENW9JN2FSQ4BA7,35,3,1787678858136,TRUE,2026-08-25T17:27:22Z,2026-08-25T17:27:38Z,01M0WY09KXZQGZCXQXZTYFDW8C,1787678843980
01M0WY8WNPQ4GF93XQJMPEHM24,01M0WWQAZTRSENW9JN2FSQ4BA7,35,3,1787678858136,TRUE,2026-08-25T17:27:22Z,2026-08-25T17:27:38Z,01M0WY0YPE1FGB7GNWHKCY08ZN,1787678842477
01M0WY8WSM8SQWNWYC00A6YT8V,01M0WWQAZTRSENW9JN2FSQ4BA7,7,1,1787678190405,TRUE,2026-08-25T17:15:46Z,2026-08-25T17:16:30Z,01M0WY0YPE1FGB7GNWHKCY08ZN,1787678146814
01M0WY8WSM8SQWNWYC00A6YT8V,01M0WWQAZTRSENW9JN2FSQ4BA7,7,1,1787678190405,TRUE,2026-08-25T17:15:46Z,2026-08-25T17:16:30Z,01M0WY09KXZQGZCXQXZTYFDW8C,1787678148343
01M0WY967KFFZ44BK4KWFGHFXV,01M0WWQAZPP7VBJF1WXDE2YKFW,1,1,1787678770052,TRUE,2026-08-25T17:25:09Z,2026-08-25T17:26:09Z,01M0WY2T8PBZPVGKC7BWFHJ59J,1787678710602
01M0WY967KFFZ44BK4KWFGHFXV,01M0WWQAZPP7VBJF1WXDE2YKFW,1,1,1787678770052,TRUE,2026-08-25T17:25:09Z,2026-08-25T17:26:09Z,01M0WXSYNRXCYGT80QAR430CBD,1787678710187
01M0WXEBBGWW5R59YRD8HBSG09,01M0WWQ74M3NWYAJGQB0ESKAD2,19,2,NA,NA,NA,2026-08-25T16:53:18Z,NA,NA
01M0WY4ESS8KA8ZFYYJRT5SGTC,01M0WWQ9XVXJV1JR4118CY5W09,8,1,1787678255041,TRUE,2026-08-25T17:17:10Z,2026-08-25T17:17:35Z,01M0WY0ENCGBGZ9MKY7CZKA71D,1787678231207
01M0WY4ESS8KA8ZFYYJRT5SGTC,01M0WWQ9XVXJV1JR4118CY5W09,8,1,1787678255041,TRUE,2026-08-25T17:17:10Z,2026-08-25T17:17:35Z,01M0WY0C090AZDG2K9X542KKDB,1787678231063
01M0WY8WREG2JRD2A6RTZMM5QW,01M0WWQAZTRSENW9JN2FSQ4BA7,10,1,1787678311360,TRUE,2026-08-25T17:17:56Z,2026-08-25T17:18:29Z,01M0WY0YPE1FGB7GNWHKCY08ZN,1787678276416
01M0WY8WREG2JRD2A6RTZMM5QW,01M0WWQAZTRSENW9JN2FSQ4BA7,10,1,1787678311360,TRUE,2026-08-25T17:17:56Z,2026-08-25T17:18:29Z,01M0WY09KXZQGZCXQXZTYFDW8C,1787678277955
01M0WY8WRTZQNJ43TR31PZAT9M,01M0WWQAZTRSENW9JN2FSQ4BA7,9,1,1787678273140,TRUE,2026-08-25T17:17:05Z,2026-08-25T17:17:53Z,01M0WY09KXZQGZCXQXZTYFDW8C,1787678226624
01M0WY8WRTZQNJ43TR31PZAT9M,01M0WWQAZTRSENW9JN2FSQ4BA7,9,1,1787678273140,TRUE,2026-08-25T17:17:05Z,2026-08-25T17:17:53Z,01M0WY0YPE1FGB7GNWHKCY08ZN,1787678225082
01M0WY96AQVVG3BCQPW1PBN2JW,01M0WWQAZPP7VBJF1WXDE2YKFW,20,2,1787679705132,TRUE,2026-08-25T17:41:08Z,2026-08-25T17:41:44Z,01M0WXSYNRXCYGT80QAR430CBD,1787679669278
01M0WY96AQVVG3BCQPW1PBN2JW,01M0WWQAZPP7VBJF1WXDE2YKFW,20,2,1787679705132,TRUE,2026-08-25T17:41:08Z,2026-08-25T17:41:44Z,01M0WY2T8PBZPVGKC7BWFHJ59J,1787679669713
01M0WY96ATB2ZTKVT0STTKFVYN,01M0WWQAZPP7VBJF1WXDE2YKFW,19,2,1787679666212,TRUE,2026-08-25T17:40:33Z,2026-08-25T17:41:05Z,01M0WY2T8PBZPVGKC7BWFHJ59J,1787679634423
01M0WY96ATB2ZTKVT0STTKFVYN,01M0WWQAZPP7VBJF1WXDE2YKFW,19,2,1787679666212,TRUE,2026-08-25T17:40:33Z,2026-08-25T17:41:05Z,01M0WXSYNRXCYGT80QAR430CBD,1787679634080
01M0WYEEQKCRQ3NGKJ4A1SP3QG,01M0WWQAZRRWZPK3N7VE24RFV2,22,2,NA,NA,NA,2026-08-25T17:10:51Z,NA,NA
01M0WY4ESMX8T5F6KYZ2RXYX2B,01M0WWQ9XVXJV1JR4118CY5W09,6,1,1787678204418,TRUE,2026-08-25T17:16:20Z,2026-08-25T17:16:44Z,01M0WY0C090AZDG2K9X542KKDB,1787678180445
01M0WY4ESMX8T5F6KYZ2RXYX2B,01M0WWQ9XVXJV1JR4118CY5W09,6,1,1787678204418,TRUE,2026-08-25T17:16:20Z,2026-08-25T17:16:44Z,01M0WY0ENCGBGZ9MKY7CZKA71D,1787678180637
01M0WY8D72DD4F87WE6G0M40KR,01M0WWQ9XT2Q7RF2RHNCTTRDNK,45,4,1787680213858,TRUE,2026-08-25T17:49:40Z,2026-08-25T17:50:13Z,01M0WY1FH5WQS14DQ3V446M8AM,1787680179894
01M0WY8D72DD4F87WE6G0M40KR,01M0WWQ9XT2Q7RF2RHNCTTRDNK,45,4,1787680213858,TRUE,2026-08-25T17:49:40Z,2026-08-25T17:50:13Z,01M0WY1V9QET0HYE5N0547967Y,1787680180713
01M0WY8WMNKQ71N1JBZQNQ7G2A,01M0WWQAZTRSENW9JN2FSQ4BA7,40,4,1787678919309,TRUE,2026-08-25T17:28:27Z,2026-08-25T17:28:37Z,01M0WY09KXZQGZCXQXZTYFDW8C,1787678909093
01M0WY8WMNKQ71N1JBZQNQ7G2A,01M0WWQAZTRSENW9JN2FSQ4BA7,40,4,1787678919309,TRUE,2026-08-25T17:28:27Z,2026-08-25T17:28:37Z,01M0WY0YPE1FGB7GNWHKCY08ZN,1787678907657
01M0WYEER4WPB3H1B2BZW8XAYV,01M0WWQAZRRWZPK3N7VE24RFV2,32,3,NA,NA,NA,2026-08-25T17:10:51Z,NA,NA
01M0WXAWAZSZTCFGJNQP422T1V,01M0WWQ74H7CSGCPAHPDSCJ0PV,34,3,1787678576931,TRUE,2026-08-25T17:22:40Z,2026-08-25T17:22:56Z,01M0WX667JRE4461924BYZ6YJ1,1787678560094
01M0WXAWAZSZTCFGJNQP422T1V,01M0WWQ74H7CSGCPAHPDSCJ0PV,34,3,1787678576931,TRUE,2026-08-25T17:22:40Z,2026-08-25T17:22:56Z,01M0WX9MXH1SX7Q50079HW9F7E,1787678560172
01M0WY8D4VDKTFJFASBRF3ZN0V,01M0WWQ9XT2Q7RF2RHNCTTRDNK,0,1,NA,FALSE,2026-08-25T17:22:16Z,2026-08-25T17:23:16Z,01M0WY1FH5WQS14DQ3V446M8AM,1787678536542
01M0WY8D4VDKTFJFASBRF3ZN0V,01M0WWQ9XT2Q7RF2RHNCTTRDNK,0,1,NA,FALSE,2026-08-25T17:22:16Z,2026-08-25T17:23:16Z,01M0WY1V9QET0HYE5N0547967Y,1787678537401
01M0WXEBB8QJ9XTEK22NWMS8Y9,01M0WWQ74M3NWYAJGQB0ESKAD2,15,2,NA,NA,NA,2026-08-25T16:53:18Z,NA,NA
01M0WXGEBK2RCDWGQWD5DQXGVS,01M0WWQ74ND1AHANTF309RNWJE,46,4,NA,NA,NA,2026-08-25T16:54:28Z,NA,NA
01M0WXGEH4HC8MA5HRZWKKMZ6Q,01M0WWQ74ND1AHANTF309RNWJE,23,2,NA,NA,NA,2026-08-25T16:54:27Z,NA,NA
01M0WY7G7GK9TEDRG570PPNP15,01M0WWQ9XW83PGVA4HF3WT9HVR,23,2,1787679390368,TRUE,2026-08-25T17:36:04Z,2026-08-25T17:36:30Z,01M0WXR5QX7RT0467EJCPJ9Y2Y,1787679364842
01M0WY7G7GK9TEDRG570PPNP15,01M0WWQ9XW83PGVA4HF3WT9HVR,23,2,1787679390368,TRUE,2026-08-25T17:36:04Z,2026-08-25T17:36:30Z,01M0WY0ECEQWZG8FEZD72ENETD,1787679364656
01M0WY8D5PVFY1XD0GEJTFAJNT,01M0WWQ9XT2Q7RF2RHNCTTRDNK,35,3,1787679910358,FALSE,2026-08-25T17:44:49Z,2026-08-25T17:45:09Z,01M0WY1FH5WQS14DQ3V446M8AM,1787679889846
01M0WY8D5PVFY1XD0GEJTFAJNT,01M0WWQ9XT2Q7RF2RHNCTTRDNK,35,3,1787679910358,FALSE,2026-08-25T17:44:49Z,2026-08-25T17:45:09Z,01M0WY1V9QET0HYE5N0547967Y,1787679890655
01M0WXEBBASB95SJ7H0CDBJ6BR,01M0WWQ74M3NWYAJGQB0ESKAD2,16,2,NA,NA,NA,2026-08-25T16:53:18Z,NA,NA
01M0WY7G7KMZ1KFB3YZ13M3CHR,01M0WWQ9XW83PGVA4HF3WT9HVR,24,3,1787679420897,TRUE,2026-08-25T17:36:34Z,2026-08-25T17:37:01Z,01M0WXR5QX7RT0467EJCPJ9Y2Y,1787679394177
01M0WY7G7KMZ1KFB3YZ13M3CHR,01M0WWQ9XW83PGVA4HF3WT9HVR,24,3,1787679420897,TRUE,2026-08-25T17:36:34Z,2026-08-25T17:37:01Z,01M0WY0ECEQWZG8FEZD72ENETD,1787679393983
01M0WY8D6MHAGF2EWM4MPRCFFS,01M0WWQ9XT2Q7RF2RHNCTTRDNK,40,4,1787680047503,TRUE,2026-08-25T17:47:00Z,2026-08-25T17:47:27Z,01M0WY1FH5WQS14DQ3V446M8AM,1787680020676
01M0WY8D6MHAGF2EWM4MPRCFFS,01M0WWQ9XT2Q7RF2RHNCTTRDNK,40,4,1787680047503,TRUE,2026-08-25T17:47:00Z,2026-08-25T17:47:27Z,01M0WY1V9QET0HYE5N0547967Y,1787680021481
01M0WY8WN35NN5290KDEZRC1PH,01M0WWQAZTRSENW9JN2FSQ4BA7,42,4,1787678941289,TRUE,2026-08-25T17:28:49Z,2026-08-25T17:28:59Z,01M0WY0YPE1FGB7GNWHKCY08ZN,1787678930036
01M0WY8WN35NN5290KDEZRC1PH,01M0WWQAZTRSENW9JN2FSQ4BA7,42,4,1787678941289,TRUE,2026-08-25T17:28:49Z,2026-08-25T17:28:59Z,01M0WY09KXZQGZCXQXZTYFDW8C,1787678931560
01M0WY8WKQ5D7DN3FS1NPXR1ZG,01M0WWQAZTRSENW9JN2FSQ4BA7,19,2,1787678553355,TRUE,2026-08-25T17:22:16Z,2026-08-25T17:22:33Z,01M0WY09KXZQGZCXQXZTYFDW8C,1787678537995
01M0WY8WKQ5D7DN3FS1NPXR1ZG,01M0WWQAZTRSENW9JN2FSQ4BA7,19,2,1787678553355,TRUE,2026-08-25T17:22:16Z,2026-08-25T17:22:33Z,01M0WY0YPE1FGB7GNWHKCY08ZN,1787678536485
01M0WXEBB4TB1X9XTF2P9CME8X,01M0WWQ74M3NWYAJGQB0ESKAD2,14,2,NA,NA,NA,2026-08-25T16:53:18Z,NA,NA
01M0WY8WKTGB2T9BKGDPHG99HV,01M0WWQAZTRSENW9JN2FSQ4BA7,18,2,1787678534527,TRUE,2026-08-25T17:21:44Z,2026-08-25T17:22:13Z,01M0WY09KXZQGZCXQXZTYFDW8C,1787678506511
01M0WY8WKTGB2T9BKGDPHG99HV,01M0WWQAZTRSENW9JN2FSQ4BA7,18,2,1787678534527,TRUE,2026-08-25T17:21:44Z,2026-08-25T17:22:13Z,01M0WY0YPE1FGB7GNWHKCY08ZN,1787678504991
01M0WXAW6CFMQ9G8V1TVNWMDSS,01M0WWQ74H7CSGCPAHPDSCJ0PV,12,2,1787678113103,TRUE,2026-08-25T17:14:52Z,2026-08-25T17:15:13Z,01M0WX667JRE4461924BYZ6YJ1,1787678092757
01M0WXAW6CFMQ9G8V1TVNWMDSS,01M0WWQ74H7CSGCPAHPDSCJ0PV,12,2,1787678113103,TRUE,2026-08-25T17:14:52Z,2026-08-25T17:15:13Z,01M0WX9MXH1SX7Q50079HW9F7E,1787678092870
01M0WY4ETEHHGKAXQ7QNKFC2DX,01M0WWQ9XVXJV1JR4118CY5W09,17,2,1787678461717,TRUE,2026-08-25T17:20:45Z,2026-08-25T17:21:01Z,01M0WY0C090AZDG2K9X542KKDB,1787678445806
01M0WY4ETEHHGKAXQ7QNKFC2DX,01M0WWQ9XVXJV1JR4118CY5W09,17,2,1787678461717,TRUE,2026-08-25T17:20:45Z,2026-08-25T17:21:01Z,01M0WY0ENCGBGZ9MKY7CZKA71D,1787678446052
01M0WY96A9T7MD3P4WMT32ESKR,01M0WWQAZPP7VBJF1WXDE2YKFW,28,3,1787679981542,TRUE,2026-08-25T17:45:46Z,2026-08-25T17:46:21Z,01M0WY2T8PBZPVGKC7BWFHJ59J,1787679947232
01M0WY96A9T7MD3P4WMT32ESKR,01M0WWQAZPP7VBJF1WXDE2YKFW,28,3,1787679981542,TRUE,2026-08-25T17:45:46Z,2026-08-25T17:46:21Z,01M0WXSYNRXCYGT80QAR430CBD,1787679946798
01M0WY96BC8A5X61KD8D9YXV86,01M0WWQAZPP7VBJF1WXDE2YKFW,13,2,1787679420291,TRUE,2026-08-25T17:36:00Z,2026-08-25T17:36:59Z,01M0WY2T8PBZPVGKC7BWFHJ59J,1787679361551
01M0WY96BC8A5X61KD8D9YXV86,01M0WWQAZPP7VBJF1WXDE2YKFW,13,2,1787679420291,TRUE,2026-08-25T17:36:00Z,2026-08-25T17:36:59Z,01M0WXSYNRXCYGT80QAR430CBD,1787679361127
01M0WXGEEYM620V2G4DKN0Y8N4,01M0WWQ74ND1AHANTF309RNWJE,18,2,NA,NA,NA,2026-08-25T16:54:27Z,NA,NA
01M0WY8WR6J2H8B1N0P540ETRW,01M0WWQAZTRSENW9JN2FSQ4BA7,12,2,1787678376655,TRUE,2026-08-25T17:19:16Z,2026-08-25T17:19:35Z,01M0WY09KXZQGZCXQXZTYFDW8C,1787678357782
01M0WY8WR6J2H8B1N0P540ETRW,01M0WWQAZTRSENW9JN2FSQ4BA7,12,2,1787678376655,TRUE,2026-08-25T17:19:16Z,2026-08-25T17:19:35Z,01M0WY0YPE1FGB7GNWHKCY08ZN,1787678356230
01M0WY96A60KHB7VHW8ATRJMT6,01M0WWQAZPP7VBJF1WXDE2YKFW,29,3,1787680018420,TRUE,2026-08-25T17:46:24Z,2026-08-25T17:46:57Z,01M0WXSYNRXCYGT80QAR430CBD,1787679985002
01M0WY96A60KHB7VHW8ATRJMT6,01M0WWQAZPP7VBJF1WXDE2YKFW,29,3,1787680018420,TRUE,2026-08-25T17:46:24Z,2026-08-25T17:46:57Z,01M0WY2T8PBZPVGKC7BWFHJ59J,1787679985434
01M0WY96AMQ18K18ENJFV98XEW,01M0WWQAZPP7VBJF1WXDE2YKFW,21,2,1787679756927,TRUE,2026-08-25T17:41:47Z,2026-08-25T17:42:36Z,01M0WY2T8PBZPVGKC7BWFHJ59J,1787679709031
01M0WY96AMQ18K18ENJFV98XEW,01M0WWQAZPP7VBJF1WXDE2YKFW,21,2,1787679756927,TRUE,2026-08-25T17:41:47Z,2026-08-25T17:42:36Z,01M0WXSYNRXCYGT80QAR430CBD,1787679708583
01M0WXAW6HBME2NMSG8ZSQ59CD,01M0WWQ74H7CSGCPAHPDSCJ0PV,6,1,1787677919335,TRUE,2026-08-25T17:11:38Z,2026-08-25T17:11:59Z,01M0WX667JRE4461924BYZ6YJ1,1787677898679
01M0WXAW6HBME2NMSG8ZSQ59CD,01M0WWQ74H7CSGCPAHPDSCJ0PV,6,1,1787677919335,TRUE,2026-08-25T17:11:38Z,2026-08-25T17:11:59Z,01M0WX9MXH1SX7Q50079HW9F7E,1787677898834
01M0WXEBB0333AW0ZEWYZYPZAR,01M0WWQ74M3NWYAJGQB0ESKAD2,13,2,NA,NA,NA,2026-08-25T16:53:18Z,NA,NA
01M0WXEBD2W3SSKX0WR4CCXHPX,01M0WWQ74M3NWYAJGQB0ESKAD2,34,3,NA,NA,NA,2026-08-25T16:53:19Z,NA,NA
01M0WXGEBZC083CZ1PX5X3GV0P,01M0WWQ74ND1AHANTF309RNWJE,42,4,NA,NA,NA,2026-08-25T16:54:27Z,NA,NA
01M0WY4EZ73EKYV5B8GXKY83R9,01M0WWQ9XVXJV1JR4118CY5W09,36,4,1787678814254,TRUE,2026-08-25T17:26:40Z,2026-08-25T17:26:54Z,01M0WY0C090AZDG2K9X542KKDB,1787678800421
01M0WY4EZ73EKYV5B8GXKY83R9,01M0WWQ9XVXJV1JR4118CY5W09,36,4,1787678814254,TRUE,2026-08-25T17:26:40Z,2026-08-25T17:26:54Z,01M0WY0ENCGBGZ9MKY7CZKA71D,1787678800614
01M0WY96ABBVKA646PMAYSBYW7,01M0WWQAZPP7VBJF1WXDE2YKFW,27,3,1787679943736,TRUE,2026-08-25T17:45:17Z,2026-08-25T17:45:42Z,01M0WY2T8PBZPVGKC7BWFHJ59J,1787679919088
01M0WY96ABBVKA646PMAYSBYW7,01M0WWQAZPP7VBJF1WXDE2YKFW,27,3,1787679943736,TRUE,2026-08-25T17:45:17Z,2026-08-25T17:45:42Z,01M0WXSYNRXCYGT80QAR430CBD,1787679918661
01M0WYEERBPK0XK05AT4664BKP,01M0WWQAZRRWZPK3N7VE24RFV2,16,2,NA,NA,NA,2026-08-25T17:10:51Z,NA,NA
01M0WY4F2CJVCKB4D7DEPC8XQM,01M0WWQ9XVXJV1JR4118CY5W09,45,4,1787678981011,TRUE,2026-08-25T17:29:15Z,2026-08-25T17:29:41Z,01M0WY0ENCGBGZ9MKY7CZKA71D,1787678955435
01M0WY4F2CJVCKB4D7DEPC8XQM,01M0WWQ9XVXJV1JR4118CY5W09,45,4,1787678981011,TRUE,2026-08-25T17:29:15Z,2026-08-25T17:29:41Z,01M0WY0C090AZDG2K9X542KKDB,1787678955234
01M0WXAW4Y49Y4HWK8ED0F12GC,01M0WWQ74H7CSGCPAHPDSCJ0PV,47,4,1787678840069,TRUE,2026-08-25T17:27:06Z,2026-08-25T17:27:20Z,01M0WX9MXH1SX7Q50079HW9F7E,1787678826526
01M0WXAW4Y49Y4HWK8ED0F12GC,01M0WWQ74H7CSGCPAHPDSCJ0PV,47,4,1787678840069,TRUE,2026-08-25T17:27:06Z,2026-08-25T17:27:20Z,01M0WX667JRE4461924BYZ6YJ1,1787678826472
01M0WXAWB0BFNFZQZ26HYHDMBZ,01M0WWQ74H7CSGCPAHPDSCJ0PV,32,3,1787678542727,TRUE,2026-08-25T17:22:12Z,2026-08-25T17:22:22Z,01M0WX9MXH1SX7Q50079HW9F7E,1787678532476
01M0WXAWB0BFNFZQZ26HYHDMBZ,01M0WWQ74H7CSGCPAHPDSCJ0PV,32,3,1787678542727,TRUE,2026-08-25T17:22:12Z,2026-08-25T17:22:22Z,01M0WX667JRE4461924BYZ6YJ1,1787678532371
01M0WXEB7H3CHXHKXA327EDM5J,01M0WWQ74M3NWYAJGQB0ESKAD2,7,1,NA,FALSE,2026-08-25T17:04:33Z,2026-08-25T17:05:33Z,01M0WWZBDJ6CA985ZGF4JYT3P6,1787677471600
01M0WXGEEW34T6FQBH2B2PRH1Z,01M0WWQ74ND1AHANTF309RNWJE,14,2,NA,NA,NA,2026-08-25T16:54:27Z,NA,NA
01M0WY4ETJBKBM82P7HVNGHZE8,01M0WWQ9XVXJV1JR4118CY5W09,19,2,1787678497796,TRUE,2026-08-25T17:21:21Z,2026-08-25T17:21:37Z,01M0WY0C090AZDG2K9X542KKDB,1787678481036
01M0WY4ETJBKBM82P7HVNGHZE8,01M0WWQ9XVXJV1JR4118CY5W09,19,2,1787678497796,TRUE,2026-08-25T17:21:21Z,2026-08-25T17:21:37Z,01M0WY0ENCGBGZ9MKY7CZKA71D,1787678481193
01M0WY4EV2BACJXYYT96EREWCA,01M0WWQ9XVXJV1JR4118CY5W09,26,3,1787678618851,FALSE,2026-08-25T17:23:24Z,2026-08-25T17:23:38Z,01M0WY0ENCGBGZ9MKY7CZKA71D,1787678604321
01M0WY4EV2BACJXYYT96EREWCA,01M0WWQ9XVXJV1JR4118CY5W09,26,3,1787678618851,FALSE,2026-08-25T17:23:24Z,2026-08-25T17:23:38Z,01M0WY0C090AZDG2K9X542KKDB,1787678604126
01M0WY96DXFG9608A53RPMX9SY,01M0WWQAZPP7VBJF1WXDE2YKFW,2,1,1787678823020,FALSE,2026-08-25T17:26:12Z,2026-08-25T17:27:02Z,01M0WXSYNRXCYGT80QAR430CBD,1787678773121
01M0WY96DXFG9608A53RPMX9SY,01M0WWQAZPP7VBJF1WXDE2YKFW,2,1,1787678823020,FALSE,2026-08-25T17:26:12Z,2026-08-25T17:27:02Z,01M0WY2T8PBZPVGKC7BWFHJ59J,1787678773528
01M0WXAW6PTDV3M2086CCVR1DF,01M0WWQ74H7CSGCPAHPDSCJ0PV,19,2,1787678284121,TRUE,2026-08-25T17:17:50Z,2026-08-25T17:18:04Z,01M0WX667JRE4461924BYZ6YJ1,1787678270827
01M0WXAW6PTDV3M2086CCVR1DF,01M0WWQ74H7CSGCPAHPDSCJ0PV,19,2,1787678284121,TRUE,2026-08-25T17:17:50Z,2026-08-25T17:18:04Z,01M0WX9MXH1SX7Q50079HW9F7E,1787678270910
01M0WYEES0AEVQBSN1SGDWFZ4W,01M0WWQAZRRWZPK3N7VE24RFV2,12,2,NA,NA,NA,2026-08-25T17:10:51Z,NA,NA
01M0WYEETGVY3HKTSY50539TEM,01M0WWQAZRRWZPK3N7VE24RFV2,4,1,NA,FALSE,2026-08-25T17:31:12Z,2026-08-25T17:32:12Z,01M0WYD27PCMGYRRX23HHYX14S,1787679072380
01M0WXEBC8ZPPHHS7RE09A87XP,01M0WWQ74M3NWYAJGQB0ESKAD2,30,3,NA,NA,NA,2026-08-25T16:53:18Z,NA,NA
01M0WXGEB4AX4XJQE801W40209,01M0WWQ74ND1AHANTF309RNWJE,35,3,NA,NA,NA,2026-08-25T16:54:27Z,NA,NA
01M0WXGEFHS4NT121Q528VFY0T,01M0WWQ74ND1AHANTF309RNWJE,2,1,1787677885051,TRUE,2026-08-25T17:10:25Z,2026-08-25T17:11:25Z,01M0WX0T78NE9YVPZSCJ5NTGX1,1787677824840
01M0WXGEFHS4NT121Q528VFY0T,01M0WWQ74ND1AHANTF309RNWJE,2,1,1787677885051,TRUE,2026-08-25T17:10:25Z,2026-08-25T17:11:25Z,01M0WWVKKHKMSSWB9WS1N6GRNZ,1787677825705
01M0WY4ES7PX92A9597NZ7M58E,01M0WWQ9XVXJV1JR4118CY5W09,0,1,1787678019757,TRUE,2026-08-25T17:13:20Z,2026-08-25T17:13:39Z,01M0WY0ENCGBGZ9MKY7CZKA71D,1787678000508
01M0WY4ES7PX92A9597NZ7M58E,01M0WWQ9XVXJV1JR4118CY5W09,0,1,1787678019757,TRUE,2026-08-25T17:13:20Z,2026-08-25T17:13:39Z,01M0WY0C090AZDG2K9X542KKDB,1787678000342
01M0WY8D87GKWVD0AFTQPK9B09,01M0WWQ9XT2Q7RF2RHNCTTRDNK,13,2,1787679112694,FALSE,2026-08-25T17:31:24Z,2026-08-25T17:31:52Z,01M0WY1FH5WQS14DQ3V446M8AM,1787679083953
01M0WY8D87GKWVD0AFTQPK9B09,01M0WWQ9XT2Q7RF2RHNCTTRDNK,13,2,1787679112694,FALSE,2026-08-25T17:31:24Z,2026-08-25T17:31:52Z,01M0WY1V9QET0HYE5N0547967Y,1787679084757
01M0WXEBBRDX9MET8VZD298T5C,01M0WWQ74M3NWYAJGQB0ESKAD2,24,3,NA,NA,NA,2026-08-25T16:53:18Z,NA,NA
01M0WY8D5KT14ENG7SJSK52P4K,01M0WWQ9XT2Q7RF2RHNCTTRDNK,1,1,1787678625860,TRUE,2026-08-25T17:23:19Z,2026-08-25T17:23:45Z,01M0WY1FH5WQS14DQ3V446M8AM,1787678599848
01M0WY8D5KT14ENG7SJSK52P4K,01M0WWQ9XT2Q7RF2RHNCTTRDNK,1,1,1787678625860,TRUE,2026-08-25T17:23:19Z,2026-08-25T17:23:45Z,01M0WY1V9QET0HYE5N0547967Y,1787678600672
01M0WY96FK30TS85BWR7ZVG5E9,01M0WWQAZPP7VBJF1WXDE2YKFW,36,4,1787680195315,TRUE,2026-08-25T17:49:26Z,2026-08-25T17:49:54Z,01M0WY2T8PBZPVGKC7BWFHJ59J,1787680168078
01M0WY96FK30TS85BWR7ZVG5E9,01M0WWQAZPP7VBJF1WXDE2YKFW,36,4,1787680195315,TRUE,2026-08-25T17:49:26Z,2026-08-25T17:49:54Z,01M0WXSYNRXCYGT80QAR430CBD,1787680167056
01M0WYEEVG69W6N0EJZN3M9CFA,01M0WWQAZRRWZPK3N7VE24RFV2,30,3,NA,NA,NA,2026-08-25T17:10:51Z,NA,NA
01M0WXAW6JASYZN5773BMW2RT0,01M0WWQ74H7CSGCPAHPDSCJ0PV,4,1,1787677872117,TRUE,2026-08-25T17:10:41Z,2026-08-25T17:11:12Z,01M0WX9MXH1SX7Q50079HW9F7E,1787677841688
01M0WXAW6JASYZN5773BMW2RT0,01M0WWQ74H7CSGCPAHPDSCJ0PV,4,1,1787677872117,TRUE,2026-08-25T17:10:41Z,2026-08-25T17:11:12Z,01M0WX667JRE4461924BYZ6YJ1,1787677841483
01M0WY4F1Z2P22052AFSXPAPVE,01M0WWQ9XVXJV1JR4118CY5W09,44,4,1787678951870,TRUE,2026-08-25T17:29:02Z,2026-08-25T17:29:11Z,01M0WY0C090AZDG2K9X542KKDB,1787678942459
01M0WY4F1Z2P22052AFSXPAPVE,01M0WWQ9XVXJV1JR4118CY5W09,44,4,1787678951870,TRUE,2026-08-25T17:29:02Z,2026-08-25T17:29:11Z,01M0WY0ENCGBGZ9MKY7CZKA71D,1787678942656
01M0WY8WP8X35ATRH4ERPHZP37,01M0WWQAZTRSENW9JN2FSQ4BA7,32,3,1787678810453,TRUE,2026-08-25T17:26:37Z,2026-08-25T17:26:49Z,01M0WY09KXZQGZCXQXZTYFDW8C,1787678799115
01M0WY8WP8X35ATRH4ERPHZP37,01M0WWQAZTRSENW9JN2FSQ4BA7,32,3,1787678810453,TRUE,2026-08-25T17:26:37Z,2026-08-25T17:26:49Z,01M0WY0YPE1FGB7GNWHKCY08ZN,1787678797579
01M0WY8WSXSNF5FRNC4KEW1T4G,01M0WWQAZTRSENW9JN2FSQ4BA7,6,1,1787678144868,TRUE,2026-08-25T17:15:08Z,2026-08-25T17:15:43Z,01M0WY09KXZQGZCXQXZTYFDW8C,1787678110512
01M0WY8WSXSNF5FRNC4KEW1T4G,01M0WWQAZTRSENW9JN2FSQ4BA7,6,1,1787678144868,TRUE,2026-08-25T17:15:08Z,2026-08-25T17:15:43Z,01M0WY0YPE1FGB7GNWHKCY08ZN,1787678108976
01M0WYEEV0DQVNVEF77K0V0M67,01M0WWQAZRRWZPK3N7VE24RFV2,0,1,NA,FALSE,2026-08-25T17:26:59Z,2026-08-25T17:27:59Z,01M0WYD27PCMGYRRX23HHYX14S,1787678819163
01M0WXAWAXBFKD0KXHS3Z0DKRM,01M0WWQ74H7CSGCPAHPDSCJ0PV,36,4,1787678639546,TRUE,2026-08-25T17:23:23Z,2026-08-25T17:23:59Z,01M0WX9MXH1SX7Q50079HW9F7E,1787678603138
01M0WXAWAXBFKD0KXHS3Z0DKRM,01M0WWQ74H7CSGCPAHPDSCJ0PV,36,4,1787678639546,TRUE,2026-08-25T17:23:23Z,2026-08-25T17:23:59Z,01M0WX667JRE4461924BYZ6YJ1,1787678603058
01M0WY7G4XNVATRXACH49P4VM2,01M0WWQ9XW83PGVA4HF3WT9HVR,0,1,NA,FALSE,2026-08-25T17:21:03Z,2026-08-25T17:22:03Z,01M0WY0ECEQWZG8FEZD72ENETD,1787678463085
01M0WY7G4XNVATRXACH49P4VM2,01M0WWQ9XW83PGVA4HF3WT9HVR,0,1,NA,FALSE,2026-08-25T17:21:03Z,2026-08-25T17:22:03Z,01M0WXR5QX7RT0467EJCPJ9Y2Y,1787678463110
01M0WY8WVSNJN2FR44XPSXYA80,01M0WWQAZTRSENW9JN2FSQ4BA7,1,1,1787677932183,TRUE,2026-08-25T17:11:49Z,2026-08-25T17:12:12Z,01M0WY09KXZQGZCXQXZTYFDW8C,1787677910735
01M0WY8WVSNJN2FR44XPSXYA80,01M0WWQAZTRSENW9JN2FSQ4BA7,1,1,1787677932183,TRUE,2026-08-25T17:11:49Z,2026-08-25T17:12:12Z,01M0WY0YPE1FGB7GNWHKCY08ZN,1787677909087
01M0WY96B3MFS9AT30KA8XQQ97,01M0WWQAZPP7VBJF1WXDE2YKFW,16,2,1787679563295,TRUE,2026-08-25T17:38:52Z,2026-08-25T17:39:22Z,01M0WXSYNRXCYGT80QAR430CBD,1787679533024
01M0WY96B3MFS9AT30KA8XQQ97,01M0WWQAZPP7VBJF1WXDE2YKFW,16,2,1787679563295,TRUE,2026-08-25T17:38:52Z,2026-08-25T17:39:22Z,01M0WY2T8PBZPVGKC7BWFHJ59J,1787679533400
01M0WXAW6MCBTQKKX5115PB283,01M0WWQ74H7CSGCPAHPDSCJ0PV,45,4,1787678802760,TRUE,2026-08-25T17:26:32Z,2026-08-25T17:26:42Z,01M0WX9MXH1SX7Q50079HW9F7E,1787678792331
01M0WXAW6MCBTQKKX5115PB283,01M0WWQ74H7CSGCPAHPDSCJ0PV,45,4,1787678802760,TRUE,2026-08-25T17:26:32Z,2026-08-25T17:26:42Z,01M0WX667JRE4461924BYZ6YJ1,1787678792248
01M0WXEBBQ5MR21WMTRCENC0QH,01M0WWQ74M3NWYAJGQB0ESKAD2,23,2,NA,NA,NA,2026-08-25T16:53:18Z,NA,NA
01M0WY4ESGQWQASYKCRNDT39H1,01M0WWQ9XVXJV1JR4118CY5W09,5,1,1787678177170,TRUE,2026-08-25T17:15:58Z,2026-08-25T17:16:17Z,01M0WY0ENCGBGZ9MKY7CZKA71D,1787678159182
01M0WY4ESGQWQASYKCRNDT39H1,01M0WWQ9XVXJV1JR4118CY5W09,5,1,1787678177170,TRUE,2026-08-25T17:15:58Z,2026-08-25T17:16:17Z,01M0WY0C090AZDG2K9X542KKDB,1787678159067
01M0WY8D75MBZ2RD4XN9AGWAFJ,01M0WWQ9XT2Q7RF2RHNCTTRDNK,46,4,1787680232650,TRUE,2026-08-25T17:50:16Z,2026-08-25T17:50:32Z,01M0WY1V9QET0HYE5N0547967Y,1787680217343
01M0WY8D75MBZ2RD4XN9AGWAFJ,01M0WWQ9XT2Q7RF2RHNCTTRDNK,46,4,1787680232650,TRUE,2026-08-25T17:50:16Z,2026-08-25T17:50:32Z,01M0WY1FH5WQS14DQ3V446M8AM,1787680216537
01M0WXAW6JASYZN57723MQ4H3T,01M0WWQ74H7CSGCPAHPDSCJ0PV,26,3,1787678420731,TRUE,2026-08-25T17:20:07Z,2026-08-25T17:20:20Z,01M0WX9MXH1SX7Q50079HW9F7E,1787678408006
01M0WXAW6JASYZN57723MQ4H3T,01M0WWQ74H7CSGCPAHPDSCJ0PV,26,3,1787678420731,TRUE,2026-08-25T17:20:07Z,2026-08-25T17:20:20Z,01M0WX667JRE4461924BYZ6YJ1,1787678407957
01M0WYEEXK74K55ZS7TV1DZ2SD,01M0WWQAZRRWZPK3N7VE24RFV2,37,4,NA,NA,NA,2026-08-25T17:10:51Z,NA,NA
01M0WXAW4BB3B1AF8G7BC14NZD,01M0WWQ74H7CSGCPAHPDSCJ0PV,3,1,1787677838155,FALSE,2026-08-25T17:10:01Z,2026-08-25T17:10:38Z,01M0WX9MXH1SX7Q50079HW9F7E,1787677801386
01M0WXAW4BB3B1AF8G7BC14NZD,01M0WWQ74H7CSGCPAHPDSCJ0PV,3,1,1787677838155,FALSE,2026-08-25T17:10:01Z,2026-08-25T17:10:38Z,01M0WX667JRE4461924BYZ6YJ1,1787677801354
01M0WXAW6NBMJ6BCMNQQ7HDMN9,01M0WWQ74H7CSGCPAHPDSCJ0PV,44,4,1787678788950,TRUE,2026-08-25T17:26:12Z,2026-08-25T17:26:28Z,01M0WX667JRE4461924BYZ6YJ1,1787678772060
01M0WXAW6NBMJ6BCMNQQ7HDMN9,01M0WWQ74H7CSGCPAHPDSCJ0PV,44,4,1787678788950,TRUE,2026-08-25T17:26:12Z,2026-08-25T17:26:28Z,01M0WX9MXH1SX7Q50079HW9F7E,1787678772109
01M0WXGEBFQ77THKEKZ2EJGQ73,01M0WWQ74ND1AHANTF309RNWJE,47,4,NA,NA,NA,2026-08-25T16:54:28Z,NA,NA
01M0WY7G4VMKY0JE3F94J4DGNW,01M0WWQ9XW83PGVA4HF3WT9HVR,47,4,1787679969301,TRUE,2026-08-25T17:45:53Z,2026-08-25T17:46:09Z,01M0WXR5QX7RT0467EJCPJ9Y2Y,1787679953824
01M0WY7G4VMKY0JE3F94J4DGNW,01M0WWQ9XW83PGVA4HF3WT9HVR,47,4,1787679969301,TRUE,2026-08-25T17:45:53Z,2026-08-25T17:46:09Z,01M0WY0ECEQWZG8FEZD72ENETD,1787679953573
01M0WY7G7BZM645E8EPSE6F7VP,01M0WWQ9XW83PGVA4HF3WT9HVR,21,2,1787679334718,TRUE,2026-08-25T17:35:11Z,2026-08-25T17:35:35Z,01M0WXR5QX7RT0467EJCPJ9Y2Y,1787679311059
01M0WY7G7BZM645E8EPSE6F7VP,01M0WWQ9XW83PGVA4HF3WT9HVR,21,2,1787679334718,TRUE,2026-08-25T17:35:11Z,2026-08-25T17:35:35Z,01M0WY0ECEQWZG8FEZD72ENETD,1787679310895
01M0WXEBC0T0P6Y6AJ6Z9M9X2K,01M0WWQ74M3NWYAJGQB0ESKAD2,27,3,NA,NA,NA,2026-08-25T16:53:18Z,NA,NA
01M0WY8D68985QGBVHMW9C9612,01M0WWQ9XT2Q7RF2RHNCTTRDNK,37,4,1787679959751,TRUE,2026-08-25T17:45:34Z,2026-08-25T17:45:59Z,01M0WY1FH5WQS14DQ3V446M8AM,1787679934729
01M0WY8D68985QGBVHMW9C9612,01M0WWQ9XT2Q7RF2RHNCTTRDNK,37,4,1787679959751,TRUE,2026-08-25T17:45:34Z,2026-08-25T17:45:59Z,01M0WY1V9QET0HYE5N0547967Y,1787679935551
01M0WYEERJEXVY93MJGBX2WWC8,01M0WWQAZRRWZPK3N7VE24RFV2,14,2,NA,NA,NA,2026-08-25T17:10:51Z,NA,NA
01M0WYEEWMZDSR4T0GXR40Z1FA,01M0WWQAZRRWZPK3N7VE24RFV2,40,4,NA,NA,NA,2026-08-25T17:10:51Z,NA,NA
01M0WXEB7PKTW988NYVHTG5MJW,01M0WWQ74M3NWYAJGQB0ESKAD2,46,4,NA,NA,NA,2026-08-25T16:53:19Z,NA,NA
01M0WY4EYP0CXAH53AJ5SQAZYN,01M0WWQ9XVXJV1JR4118CY5W09,32,3,1787678746280,TRUE,2026-08-25T17:25:36Z,2026-08-25T17:25:46Z,01M0WY0ENCGBGZ9MKY7CZKA71D,1787678736269
01M0WY4EYP0CXAH53AJ5SQAZYN,01M0WWQ9XVXJV1JR4118CY5W09,32,3,1787678746280,TRUE,2026-08-25T17:25:36Z,2026-08-25T17:25:46Z,01M0WY0C090AZDG2K9X542KKDB,1787678736068
01M0WY7G81P2MZ5KNYYR1R91G6,01M0WWQ9XW83PGVA4HF3WT9HVR,29,3,1787679540085,TRUE,2026-08-25T17:38:33Z,2026-08-25T17:39:00Z,01M0WY0ECEQWZG8FEZD72ENETD,1787679513149
01M0WY7G81P2MZ5KNYYR1R91G6,01M0WWQ9XW83PGVA4HF3WT9HVR,29,3,1787679540085,TRUE,2026-08-25T17:38:33Z,2026-08-25T17:39:00Z,01M0WXR5QX7RT0467EJCPJ9Y2Y,1787679513396
01M0WY7G9BC1DGBX7QZ76Z2FJD,01M0WWQ9XW83PGVA4HF3WT9HVR,37,4,1787679737587,TRUE,2026-08-25T17:42:01Z,2026-08-25T17:42:18Z,01M0WXR5QX7RT0467EJCPJ9Y2Y,1787679721882
01M0WY7G9BC1DGBX7QZ76Z2FJD,01M0WWQ9XW83PGVA4HF3WT9HVR,37,4,1787679737587,TRUE,2026-08-25T17:42:01Z,2026-08-25T17:42:18Z,01M0WY0ECEQWZG8FEZD72ENETD,1787679721728
01M0WXEBCXZSA0SDRC2J4Y0QTK,01M0WWQ74M3NWYAJGQB0ESKAD2,32,3,NA,NA,NA,2026-08-25T16:53:18Z,NA,NA
01M0WXGEES3GVK43QC88EEFS2C,01M0WWQ74ND1AHANTF309RNWJE,39,4,NA,NA,NA,2026-08-25T16:54:27Z,NA,NA
01M0WY8D6DKRASH2HYKQCNMVBH,01M0WWQ9XT2Q7RF2RHNCTTRDNK,33,3,1787679854780,TRUE,2026-08-25T17:43:33Z,2026-08-25T17:44:14Z,01M0WY1V9QET0HYE5N0547967Y,1787679814484
01M0WY8D6DKRASH2HYKQCNMVBH,01M0WWQ9XT2Q7RF2RHNCTTRDNK,33,3,1787679854780,TRUE,2026-08-25T17:43:33Z,2026-08-25T17:44:14Z,01M0WY1FH5WQS14DQ3V446M8AM,1787679813713
01M0WY8D7C4RHGYE0WT3A27X8X,01M0WWQ9XT2Q7RF2RHNCTTRDNK,8,1,1787678883382,TRUE,2026-08-25T17:27:33Z,2026-08-25T17:28:03Z,01M0WY1V9QET0HYE5N0547967Y,1787678854420
01M0WY8D7C4RHGYE0WT3A27X8X,01M0WWQ9XT2Q7RF2RHNCTTRDNK,8,1,1787678883382,TRUE,2026-08-25T17:27:33Z,2026-08-25T17:28:03Z,01M0WY1FH5WQS14DQ3V446M8AM,1787678853601
01M0WY96GCNYGCXZKBBNFTHQY1,01M0WWQAZPP7VBJF1WXDE2YKFW,47,4,1787680519569,TRUE,2026-08-25T17:54:51Z,2026-08-25T17:55:18Z,01M0WY2T8PBZPVGKC7BWFHJ59J,1787680492541
01M0WY96GCNYGCXZKBBNFTHQY1,01M0WWQAZPP7VBJF1WXDE2YKFW,47,4,1787680519569,TRUE,2026-08-25T17:54:51Z,2026-08-25T17:55:18Z,01M0WXSYNRXCYGT80QAR430CBD,1787680492250
01M0WY8DB8HVD0Z4J5R97AGQ1F,01M0WWQ9XT2Q7RF2RHNCTTRDNK,29,3,1787679701392,TRUE,2026-08-25T17:40:59Z,2026-08-25T17:41:40Z,01M0WY1V9QET0HYE5N0547967Y,1787679660431
01M0WY8DB8HVD0Z4J5R97AGQ1F,01M0WWQ9XT2Q7RF2RHNCTTRDNK,29,3,1787679701392,TRUE,2026-08-25T17:40:59Z,2026-08-25T17:41:40Z,01M0WY1FH5WQS14DQ3V446M8AM,1787679659651
01M0WY9688S44V0CKEM1E0Z0CG,01M0WWQAZPP7VBJF1WXDE2YKFW,25,3,1787679888930,TRUE,2026-08-25T17:44:07Z,2026-08-25T17:44:48Z,01M0WY2T8PBZPVGKC7BWFHJ59J,1787679848510
01M0WY9688S44V0CKEM1E0Z0CG,01M0WWQAZPP7VBJF1WXDE2YKFW,25,3,1787679888930,TRUE,2026-08-25T17:44:07Z,2026-08-25T17:44:48Z,01M0WXSYNRXCYGT80QAR430CBD,1787679848109
01M0WXAW6PTDV3M2088Z1XCY5N,01M0WWQ74H7CSGCPAHPDSCJ0PV,43,4,1787678768657,TRUE,2026-08-25T17:25:56Z,2026-08-25T17:26:08Z,01M0WX667JRE4461924BYZ6YJ1,1787678756968
01M0WXAW6PTDV3M2088Z1XCY5N,01M0WWQ74H7CSGCPAHPDSCJ0PV,43,4,1787678768657,TRUE,2026-08-25T17:25:56Z,2026-08-25T17:26:08Z,01M0WX9MXH1SX7Q50079HW9F7E,1787678757107
01M0WXAW6YYZQTD5X1XXN5NZ4K,01M0WWQ74H7CSGCPAHPDSCJ0PV,2,1,1787677797956,TRUE,2026-08-25T17:09:40Z,2026-08-25T17:09:57Z,01M0WX9MXH1SX7Q50079HW9F7E,1787677780757
01M0WXAW6YYZQTD5X1XXN5NZ4K,01M0WWQ74H7CSGCPAHPDSCJ0PV,2,1,1787677797956,TRUE,2026-08-25T17:09:40Z,2026-08-25T17:09:57Z,01M0WX667JRE4461924BYZ6YJ1,1787677780545
01M0WXGEBVBSBERJS28AMCMGWM,01M0WWQ74ND1AHANTF309RNWJE,9,1,NA,FALSE,2026-08-25T17:16:20Z,2026-08-25T17:17:20Z,01M0WWVKKHKMSSWB9WS1N6GRNZ,1787678180738
01M0WY4EZ6R5AE8C9WPZ8V45HB,01M0WWQ9XVXJV1JR4118CY5W09,35,3,1787678797168,TRUE,2026-08-25T17:26:19Z,2026-08-25T17:26:37Z,01M0WY0C090AZDG2K9X542KKDB,1787678779839
01M0WY4EZ6R5AE8C9WPZ8V45HB,01M0WWQ9XVXJV1JR4118CY5W09,35,3,1787678797168,TRUE,2026-08-25T17:26:19Z,2026-08-25T17:26:37Z,01M0WY0ENCGBGZ9MKY7CZKA71D,1787678780010
01M0WY7GA4FPC9GGZ9HZ3TZ5ZS,01M0WWQ9XW83PGVA4HF3WT9HVR,41,4,1787679819554,TRUE,2026-08-25T17:43:08Z,2026-08-25T17:43:40Z,01M0WXR5QX7RT0467EJCPJ9Y2Y,1787679788649
01M0WY7GA4FPC9GGZ9HZ3TZ5ZS,01M0WWQ9XW83PGVA4HF3WT9HVR,41,4,1787679819554,TRUE,2026-08-25T17:43:08Z,2026-08-25T17:43:40Z,01M0WY0ECEQWZG8FEZD72ENETD,1787679788409
01M0WXAW4TBKW0X3CPSVPSAWN1,01M0WWQ74H7CSGCPAHPDSCJ0PV,22,2,1787678348547,TRUE,2026-08-25T17:18:54Z,2026-08-25T17:19:08Z,01M0WX9MXH1SX7Q50079HW9F7E,1787678334071
01M0WXAW4TBKW0X3CPSVPSAWN1,01M0WWQ74H7CSGCPAHPDSCJ0PV,22,2,1787678348547,TRUE,2026-08-25T17:18:54Z,2026-08-25T17:19:08Z,01M0WX667JRE4461924BYZ6YJ1,1787678334042
01M0WY4EZ5DRTYJZN8QAH74C6E,01M0WWQ9XVXJV1JR4118CY5W09,33,3,1787678762072,TRUE,2026-08-25T17:25:49Z,2026-08-25T17:26:02Z,01M0WY0ENCGBGZ9MKY7CZKA71D,1787678749909
01M0WY4EZ5DRTYJZN8QAH74C6E,01M0WWQ9XVXJV1JR4118CY5W09,33,3,1787678762072,TRUE,2026-08-25T17:25:49Z,2026-08-25T17:26:02Z,01M0WY0C090AZDG2K9X542KKDB,1787678749732
01M0WY7G70RJ6BEM6PJX0VQ12E,01M0WWQ9XW83PGVA4HF3WT9HVR,17,2,1787679226536,TRUE,2026-08-25T17:33:16Z,2026-08-25T17:33:47Z,01M0WXR5QX7RT0467EJCPJ9Y2Y,1787679196163
01M0WY7G70RJ6BEM6PJX0VQ12E,01M0WWQ9XW83PGVA4HF3WT9HVR,17,2,1787679226536,TRUE,2026-08-25T17:33:16Z,2026-08-25T17:33:47Z,01M0WY0ECEQWZG8FEZD72ENETD,1787679196009
01M0WY7G8DGN0TZWCM79P6TSFG,01M0WWQ9XW83PGVA4HF3WT9HVR,33,3,1787679631938,TRUE,2026-08-25T17:40:19Z,2026-08-25T17:40:32Z,01M0WXR5QX7RT0467EJCPJ9Y2Y,1787679619991
01M0WY7G8DGN0TZWCM79P6TSFG,01M0WWQ9XW83PGVA4HF3WT9HVR,33,3,1787679631938,TRUE,2026-08-25T17:40:19Z,2026-08-25T17:40:32Z,01M0WY0ECEQWZG8FEZD72ENETD,1787679619734
01M0WY8D5H19JVCFN9TJ651611,01M0WWQ9XT2Q7RF2RHNCTTRDNK,32,3,1787679810204,TRUE,2026-08-25T17:42:56Z,2026-08-25T17:43:30Z,01M0WY1FH5WQS14DQ3V446M8AM,1787679776842
01M0WY8D5H19JVCFN9TJ651611,01M0WWQ9XT2Q7RF2RHNCTTRDNK,32,3,1787679810204,TRUE,2026-08-25T17:42:56Z,2026-08-25T17:43:30Z,01M0WY1V9QET0HYE5N0547967Y,1787679777679
01M0WY8DAJMQJXVH4308ZTFPQB,01M0WWQ9XT2Q7RF2RHNCTTRDNK,24,3,1787679510003,TRUE,2026-08-25T17:38:02Z,2026-08-25T17:38:30Z,01M0WY1FH5WQS14DQ3V446M8AM,1787679482317
01M0WY8DAJMQJXVH4308ZTFPQB,01M0WWQ9XT2Q7RF2RHNCTTRDNK,24,3,1787679510003,TRUE,2026-08-25T17:38:02Z,2026-08-25T17:38:30Z,01M0WY1V9QET0HYE5N0547967Y,1787679483152
01M0WY8WM14112NAT8NTJNDQ6G,01M0WWQAZTRSENW9JN2FSQ4BA7,23,2,1787678650597,TRUE,2026-08-25T17:23:43Z,2026-08-25T17:24:10Z,01M0WY0YPE1FGB7GNWHKCY08ZN,1787678624025
01M0WY8WM14112NAT8NTJNDQ6G,01M0WWQAZTRSENW9JN2FSQ4BA7,23,2,1787678650597,TRUE,2026-08-25T17:23:43Z,2026-08-25T17:24:10Z,01M0WY09KXZQGZCXQXZTYFDW8C,1787678625541
01M0WY968QT4TMW1TREP95C7BN,01M0WWQAZPP7VBJF1WXDE2YKFW,44,4,1787680427982,TRUE,2026-08-25T17:53:28Z,2026-08-25T17:53:47Z,01M0WY2T8PBZPVGKC7BWFHJ59J,1787680409915
01M0WY968QT4TMW1TREP95C7BN,01M0WWQAZPP7VBJF1WXDE2YKFW,44,4,1787680427982,TRUE,2026-08-25T17:53:28Z,2026-08-25T17:53:47Z,01M0WXSYNRXCYGT80QAR430CBD,1787680409548
01M0WXAW6DN75RG9NG85N56X3P,01M0WWQ74H7CSGCPAHPDSCJ0PV,30,3,1787678494851,TRUE,2026-08-25T17:21:23Z,2026-08-25T17:21:34Z,01M0WX667JRE4461924BYZ6YJ1,1787678483065
01M0WXAW6DN75RG9NG85N56X3P,01M0WWQ74H7CSGCPAHPDSCJ0PV,30,3,1787678494851,TRUE,2026-08-25T17:21:23Z,2026-08-25T17:21:34Z,01M0WX9MXH1SX7Q50079HW9F7E,1787678483216
01M0WY8WK6JZEK5ZFGZ5FY3RA6,01M0WWQAZTRSENW9JN2FSQ4BA7,26,3,1787678713780,TRUE,2026-08-25T17:24:56Z,2026-08-25T17:25:12Z,01M0WY09KXZQGZCXQXZTYFDW8C,1787678698596
01M0WY8WK6JZEK5ZFGZ5FY3RA6,01M0WWQAZTRSENW9JN2FSQ4BA7,26,3,1787678713780,TRUE,2026-08-25T17:24:56Z,2026-08-25T17:25:12Z,01M0WY0YPE1FGB7GNWHKCY08ZN,1787678697062
01M0WY8WKWTYA67J66DD7SXRRT,01M0WWQAZTRSENW9JN2FSQ4BA7,17,2,1787678501673,TRUE,2026-08-25T17:21:07Z,2026-08-25T17:21:41Z,01M0WY09KXZQGZCXQXZTYFDW8C,1787678470447
01M0WY8WKWTYA67J66DD7SXRRT,01M0WWQAZTRSENW9JN2FSQ4BA7,17,2,1787678501673,TRUE,2026-08-25T17:21:07Z,2026-08-25T17:21:41Z,01M0WY0YPE1FGB7GNWHKCY08ZN,1787678468036
01M0WY9680ZJQ90EFBQKN4G7W8,01M0WWQAZPP7VBJF1WXDE2YKFW,32,3,1787680087654,TRUE,2026-08-25T17:47:54Z,2026-08-25T17:48:07Z,01M0WXSYNRXCYGT80QAR430CBD,1787680075513
01M0WY9680ZJQ90EFBQKN4G7W8,01M0WWQAZPP7VBJF1WXDE2YKFW,32,3,1787680087654,TRUE,2026-08-25T17:47:54Z,2026-08-25T17:48:07Z,01M0WY2T8PBZPVGKC7BWFHJ59J,1787680075936
01M0WXAW6K6PD99RSMBBF8RKQJ,01M0WWQ74H7CSGCPAHPDSCJ0PV,24,3,1787678390407,TRUE,2026-08-25T17:19:34Z,2026-08-25T17:19:50Z,01M0WX667JRE4461924BYZ6YJ1,1787678374966
01M0WXAW6K6PD99RSMBBF8RKQJ,01M0WWQ74H7CSGCPAHPDSCJ0PV,24,3,1787678390407,TRUE,2026-08-25T17:19:34Z,2026-08-25T17:19:50Z,01M0WX9MXH1SX7Q50079HW9F7E,1787678375046
01M0WXGEB1H0731V7P9WGN6J4W,01M0WWQ74ND1AHANTF309RNWJE,40,4,NA,NA,NA,2026-08-25T16:54:27Z,NA,NA
01M0WYEES5EEZKYSZ21WBP6BJK,01M0WWQAZRRWZPK3N7VE24RFV2,11,1,NA,NA,NA,2026-08-25T17:10:51Z,NA,NA
01M0WXEB77CNERR8NY3PEAJ4X0,01M0WWQ74M3NWYAJGQB0ESKAD2,39,4,NA,NA,NA,2026-08-25T16:53:19Z,NA,NA
01M0WY4ETPFD8J4A8P750KZVTQ,01M0WWQ9XVXJV1JR4118CY5W09,20,2,1787678510004,TRUE,2026-08-25T17:21:41Z,2026-08-25T17:21:50Z,01M0WY0ENCGBGZ9MKY7CZKA71D,1787678501236
01M0WY4ETPFD8J4A8P750KZVTQ,01M0WWQ9XVXJV1JR4118CY5W09,20,2,1787678510004,TRUE,2026-08-25T17:21:41Z,2026-08-25T17:21:50Z,01M0WY0C090AZDG2K9X542KKDB,1787678501102
01M0WY8D8AH379GKWXX8X3CQDX,01M0WWQ9XT2Q7RF2RHNCTTRDNK,15,2,1787679160846,TRUE,2026-08-25T17:32:16Z,2026-08-25T17:32:40Z,01M0WY1FH5WQS14DQ3V446M8AM,1787679136012
01M0WY8D8AH379GKWXX8X3CQDX,01M0WWQ9XT2Q7RF2RHNCTTRDNK,15,2,1787679160846,TRUE,2026-08-25T17:32:16Z,2026-08-25T17:32:40Z,01M0WY1V9QET0HYE5N0547967Y,1787679136805
01M0WXGEBHPF26NRN7EFJBM92E,01M0WWQ74ND1AHANTF309RNWJE,31,3,NA,NA,NA,2026-08-25T16:54:27Z,NA,NA
01M0WY8D8B0J03X5MBCZMVMAG1,01M0WWQ9XT2Q7RF2RHNCTTRDNK,16,2,1787679187191,FALSE,2026-08-25T17:32:43Z,2026-08-25T17:33:07Z,01M0WY1V9QET0HYE5N0547967Y,1787679164321
01M0WY8D8B0J03X5MBCZMVMAG1,01M0WWQ9XT2Q7RF2RHNCTTRDNK,16,2,1787679187191,FALSE,2026-08-25T17:32:43Z,2026-08-25T17:33:07Z,01M0WY1FH5WQS14DQ3V446M8AM,1787679163489
01M0WY96EMB252B3TTX6S57116,01M0WWQAZPP7VBJF1WXDE2YKFW,40,4,1787680299146,TRUE,2026-08-25T17:51:20Z,2026-08-25T17:51:38Z,01M0WY2T8PBZPVGKC7BWFHJ59J,1787680282104
01M0WY96EMB252B3TTX6S57116,01M0WWQAZPP7VBJF1WXDE2YKFW,40,4,1787680299146,TRUE,2026-08-25T17:51:20Z,2026-08-25T17:51:38Z,01M0WXSYNRXCYGT80QAR430CBD,1787680281708
01M0WYEERETXTP9B2BVQZ6G9S1,01M0WWQAZRRWZPK3N7VE24RFV2,15,2,NA,NA,NA,2026-08-25T17:10:51Z,NA,NA
01M0WYEETAJFQSQZNCPXAK162T,01M0WWQAZRRWZPK3N7VE24RFV2,5,1,NA,NA,NA,2026-08-25T17:10:50Z,NA,NA
01M0WXAW6MCBTQKKX4ZYX2R8K5,01M0WWQ74H7CSGCPAHPDSCJ0PV,21,2,1787678330607,TRUE,2026-08-25T17:18:34Z,2026-08-25T17:18:50Z,01M0WX667JRE4461924BYZ6YJ1,1787678314255
01M0WXAW6MCBTQKKX4ZYX2R8K5,01M0WWQ74H7CSGCPAHPDSCJ0PV,21,2,1787678330607,TRUE,2026-08-25T17:18:34Z,2026-08-25T17:18:50Z,01M0WX9MXH1SX7Q50079HW9F7E,1787678314359
01M0WXGEDE976CV4R6ABD5BYXF,01M0WWQ74ND1AHANTF309RNWJE,28,3,NA,NA,NA,2026-08-25T16:54:27Z,NA,NA
01M0WXGEFK5YNZB7CGP5X48KHH,01M0WWQ74ND1AHANTF309RNWJE,1,1,1787677821331,TRUE,2026-08-25T17:09:42Z,2026-08-25T17:10:22Z,01M0WX0T78NE9YVPZSCJ5NTGX1,1787677781156
01M0WXGEFK5YNZB7CGP5X48KHH,01M0WWQ74ND1AHANTF309RNWJE,1,1,1787677821331,TRUE,2026-08-25T17:09:42Z,2026-08-25T17:10:22Z,01M0WWVKKHKMSSWB9WS1N6GRNZ,1787677782130
01M0WY4ETWYENNFCR5XNMMRH7C,01M0WWQ9XVXJV1JR4118CY5W09,23,2,1787678566526,TRUE,2026-08-25T17:22:30Z,2026-08-25T17:22:46Z,01M0WY0C090AZDG2K9X542KKDB,1787678550545
01M0WY4ETWYENNFCR5XNMMRH7C,01M0WWQ9XVXJV1JR4118CY5W09,23,2,1787678566526,TRUE,2026-08-25T17:22:30Z,2026-08-25T17:22:46Z,01M0WY0ENCGBGZ9MKY7CZKA71D,1787678550742
01M0WYEEW6Z8NADDX0KWCYEBWQ,01M0WWQAZRRWZPK3N7VE24RFV2,42,4,NA,NA,NA,2026-08-25T17:10:51Z,NA,NA
01M0WXAW4SBEDQEAEQAVM9PYEG,01M0WWQ74H7CSGCPAHPDSCJ0PV,23,2,1787678371609,TRUE,2026-08-25T17:19:11Z,2026-08-25T17:19:31Z,01M0WX667JRE4461924BYZ6YJ1,1787678351823
01M0WXAW4SBEDQEAEQAVM9PYEG,01M0WWQ74H7CSGCPAHPDSCJ0PV,23,2,1787678371609,TRUE,2026-08-25T17:19:11Z,2026-08-25T17:19:31Z,01M0WX9MXH1SX7Q50079HW9F7E,1787678351944
01M0WXEBC625QZT22K8TYMY4F4,01M0WWQ74M3NWYAJGQB0ESKAD2,29,3,NA,NA,NA,2026-08-25T16:53:18Z,NA,NA
01M0WY4EZ80NY4XRCDT9Z9RDKV,01M0WWQ9XVXJV1JR4118CY5W09,37,4,1787678834129,TRUE,2026-08-25T17:26:57Z,2026-08-25T17:27:14Z,01M0WY0ENCGBGZ9MKY7CZKA71D,1787678817904
01M0WY4EZ80NY4XRCDT9Z9RDKV,01M0WWQ9XVXJV1JR4118CY5W09,37,4,1787678834129,TRUE,2026-08-25T17:26:57Z,2026-08-25T17:27:14Z,01M0WY0C090AZDG2K9X542KKDB,1787678817729
01M0WY968D2ZQRADCEPA37XRWD,01M0WWQAZPP7VBJF1WXDE2YKFW,45,4,1787680460507,TRUE,2026-08-25T17:53:50Z,2026-08-25T17:54:19Z,01M0WXSYNRXCYGT80QAR430CBD,1787680431497
01M0WY968D2ZQRADCEPA37XRWD,01M0WWQAZPP7VBJF1WXDE2YKFW,45,4,1787680460507,TRUE,2026-08-25T17:53:50Z,2026-08-25T17:54:19Z,01M0WY2T8PBZPVGKC7BWFHJ59J,1787680431891
01M0WYEEVMWB5EGVG2GWD5PPGS,01M0WWQAZRRWZPK3N7VE24RFV2,29,3,NA,NA,NA,2026-08-25T17:10:51Z,NA,NA
01M0WY4ESEDH7AFA6WZBYEBR58,01M0WWQ9XVXJV1JR4118CY5W09,4,1,1787678155551,TRUE,2026-08-25T17:15:26Z,2026-08-25T17:15:55Z,01M0WY0C090AZDG2K9X542KKDB,1787678127059
01M0WY4ESEDH7AFA6WZBYEBR58,01M0WWQ9XVXJV1JR4118CY5W09,4,1,1787678155551,TRUE,2026-08-25T17:15:26Z,2026-08-25T17:15:55Z,01M0WY0ENCGBGZ9MKY7CZKA71D,1787678127206
01M0WY4ESX3DVWYFYK6JHG1641,01M0WWQ9XVXJV1JR4118CY5W09,11,1,1787678325973,TRUE,2026-08-25T17:18:32Z,2026-08-25T17:18:45Z,01M0WY0ENCGBGZ9MKY7CZKA71D,1787678312370
01M0WY4ESX3DVWYFYK6JHG1641,01M0WWQ9XVXJV1JR4118CY5W09,11,1,1787678325973,TRUE,2026-08-25T17:18:32Z,2026-08-25T17:18:45Z,01M0WY0C090AZDG2K9X542KKDB,1787678312175
01M0WY7G8ZDRHE68A7K27446RJ,01M0WWQ9XW83PGVA4HF3WT9HVR,36,4,1787679718377,TRUE,2026-08-25T17:41:39Z,2026-08-25T17:41:58Z,01M0WXR5QX7RT0467EJCPJ9Y2Y,1787679699561
01M0WY7G8ZDRHE68A7K27446RJ,01M0WWQ9XW83PGVA4HF3WT9HVR,36,4,1787679718377,TRUE,2026-08-25T17:41:39Z,2026-08-25T17:41:58Z,01M0WY0ECEQWZG8FEZD72ENETD,1787679699352
01M0WXAW69HH2S9GRE62WAVKSW,01M0WWQ74H7CSGCPAHPDSCJ0PV,13,2,1787678145347,TRUE,2026-08-25T17:15:16Z,2026-08-25T17:15:45Z,01M0WX9MXH1SX7Q50079HW9F7E,1787678116564
01M0WXAW69HH2S9GRE62WAVKSW,01M0WWQ74H7CSGCPAHPDSCJ0PV,13,2,1787678145347,TRUE,2026-08-25T17:15:16Z,2026-08-25T17:15:45Z,01M0WX667JRE4461924BYZ6YJ1,1787678116490
01M0WXEB6VBBZ87J5RJDHBQJCW,01M0WWQ74M3NWYAJGQB0ESKAD2,12,2,NA,NA,NA,2026-08-25T16:53:18Z,NA,NA
01M0WY4EZBF0X5NY62AAMPKJ2R,01M0WWQ9XVXJV1JR4118CY5W09,39,4,1787678879810,TRUE,2026-08-25T17:27:45Z,2026-08-25T17:27:59Z,01M0WY0ENCGBGZ9MKY7CZKA71D,1787678865603
01M0WY4EZBF0X5NY62AAMPKJ2R,01M0WWQ9XVXJV1JR4118CY5W09,39,4,1787678879810,TRUE,2026-08-25T17:27:45Z,2026-08-25T17:27:59Z,01M0WY0C090AZDG2K9X542KKDB,1787678865446
01M0WY8D789NK5J4X0VK3FQB46,01M0WWQ9XT2Q7RF2RHNCTTRDNK,7,1,1787678850954,TRUE,2026-08-25T17:27:04Z,2026-08-25T17:27:30Z,01M0WY1FH5WQS14DQ3V446M8AM,1787678824294
01M0WY8D789NK5J4X0VK3FQB46,01M0WWQ9XT2Q7RF2RHNCTTRDNK,7,1,1787678850954,TRUE,2026-08-25T17:27:04Z,2026-08-25T17:27:30Z,01M0WY1V9QET0HYE5N0547967Y,1787678825093
01M0WY96AHJMZZDGHS4CMS44NY,01M0WWQAZPP7VBJF1WXDE2YKFW,22,2,1787679783590,TRUE,2026-08-25T17:42:39Z,2026-08-25T17:43:03Z,01M0WXSYNRXCYGT80QAR430CBD,1787679760094
01M0WY96AHJMZZDGHS4CMS44NY,01M0WWQAZPP7VBJF1WXDE2YKFW,22,2,1787679783590,TRUE,2026-08-25T17:42:39Z,2026-08-25T17:43:03Z,01M0WY2T8PBZPVGKC7BWFHJ59J,1787679760419
01M0WY8D889CQGZGH8H6VD0EH7,01M0WWQ9XT2Q7RF2RHNCTTRDNK,14,2,1787679132444,TRUE,2026-08-25T17:31:55Z,2026-08-25T17:32:12Z,01M0WY1FH5WQS14DQ3V446M8AM,1787679115456
01M0WY8D889CQGZGH8H6VD0EH7,01M0WWQ9XT2Q7RF2RHNCTTRDNK,14,2,1787679132444,TRUE,2026-08-25T17:31:55Z,2026-08-25T17:32:12Z,01M0WY1V9QET0HYE5N0547967Y,1787679116238
01M0WY8WPVNJX6YDZ6HGBQ69GA,01M0WWQAZTRSENW9JN2FSQ4BA7,11,1,1787678352958,TRUE,2026-08-25T17:18:33Z,2026-08-25T17:19:12Z,01M0WY09KXZQGZCXQXZTYFDW8C,1787678314817
01M0WY8WPVNJX6YDZ6HGBQ69GA,01M0WWQAZTRSENW9JN2FSQ4BA7,11,1,1787678352958,TRUE,2026-08-25T17:18:33Z,2026-08-25T17:19:12Z,01M0WY0YPE1FGB7GNWHKCY08ZN,1787678313272
01M0WYEEWRB54T4ZJHY5CCAD69,01M0WWQAZRRWZPK3N7VE24RFV2,38,4,NA,NA,NA,2026-08-25T17:10:51Z,NA,NA
01M0WXEB6MYXEXDJN6CQGRHPZE,01M0WWQ74M3NWYAJGQB0ESKAD2,9,1,NA,NA,NA,2026-08-25T16:53:18Z,NA,NA
01M0WXEB7MVBX33ZR8RG4491A8,01M0WWQ74M3NWYAJGQB0ESKAD2,47,4,NA,NA,NA,2026-08-25T16:53:19Z,NA,NA
01M0WXGEB997HXE9A55173V66Z,01M0WWQ74ND1AHANTF309RNWJE,16,2,NA,NA,NA,2026-08-25T16:54:27Z,NA,NA
01M0WY8D9V11HNG2QVX5S5H50E,01M0WWQ9XT2Q7RF2RHNCTTRDNK,21,2,1787679384514,TRUE,2026-08-25T17:35:35Z,2026-08-25T17:36:24Z,01M0WY1FH5WQS14DQ3V446M8AM,1787679334871
01M0WY8D9V11HNG2QVX5S5H50E,01M0WWQ9XT2Q7RF2RHNCTTRDNK,21,2,1787679384514,TRUE,2026-08-25T17:35:35Z,2026-08-25T17:36:24Z,01M0WY1V9QET0HYE5N0547967Y,1787679335692
01M0WY8WV1PTPAWDQKDH6502CC,01M0WWQAZTRSENW9JN2FSQ4BA7,3,1,1787678016264,TRUE,2026-08-25T17:13:11Z,2026-08-25T17:13:36Z,01M0WY0YPE1FGB7GNWHKCY08ZN,1787677991687
01M0WY8WV1PTPAWDQKDH6502CC,01M0WWQAZTRSENW9JN2FSQ4BA7,3,1,1787678016264,TRUE,2026-08-25T17:13:11Z,2026-08-25T17:13:36Z,01M0WY09KXZQGZCXQXZTYFDW8C,1787677993213
01M0WYEEV47VA3PAV2PSKJS44Z,01M0WWQAZRRWZPK3N7VE24RFV2,33,3,NA,NA,NA,2026-08-25T17:10:51Z,NA,NA
01M0WXAW6NBMJ6BCMNPETTFRJF,01M0WWQ74H7CSGCPAHPDSCJ0PV,20,2,1787678310987,TRUE,2026-08-25T17:18:07Z,2026-08-25T17:18:31Z,01M0WX667JRE4461924BYZ6YJ1,1787678287676
01M0WXAW6NBMJ6BCMNPETTFRJF,01M0WWQ74H7CSGCPAHPDSCJ0PV,20,2,1787678310987,TRUE,2026-08-25T17:18:07Z,2026-08-25T17:18:31Z,01M0WX9MXH1SX7Q50079HW9F7E,1787678287832
01M0WXGEF24H1BXZR5KT83B2BD,01M0WWQ74ND1AHANTF309RNWJE,3,1,1787677907810,TRUE,2026-08-25T17:11:28Z,2026-08-25T17:11:48Z,01M0WX0T78NE9YVPZSCJ5NTGX1,1787677887614
01M0WXGEF24H1BXZR5KT83B2BD,01M0WWQ74ND1AHANTF309RNWJE,3,1,1787677907810,TRUE,2026-08-25T17:11:28Z,2026-08-25T17:11:48Z,01M0WWVKKHKMSSWB9WS1N6GRNZ,1787677888580
01M0WXGEG34Z6QGA0EC8TQSZBN,01M0WWQ74ND1AHANTF309RNWJE,24,3,NA,NA,NA,2026-08-25T16:54:27Z,NA,NA
01M0WY8D6J79KCK2JKC9ZPQM2E,01M0WWQ9XT2Q7RF2RHNCTTRDNK,39,4,1787680017963,TRUE,2026-08-25T17:46:30Z,2026-08-25T17:46:57Z,01M0WY1V9QET0HYE5N0547967Y,1787679991232
01M0WY8D6J79KCK2JKC9ZPQM2E,01M0WWQ9XT2Q7RF2RHNCTTRDNK,39,4,1787680017963,TRUE,2026-08-25T17:46:30Z,2026-08-25T17:46:57Z,01M0WY1FH5WQS14DQ3V446M8AM,1787679990410
01M0WYEEPKFRSKGSVSH44FAV7D,01M0WWQAZRRWZPK3N7VE24RFV2,47,4,NA,NA,NA,2026-08-25T17:10:51Z,NA,NA
01M0WY4F19NPNWPEX7KZKSW48E,01M0WWQ9XVXJV1JR4118CY5W09,25,3,1787678600860,TRUE,2026-08-25T17:23:10Z,2026-08-25T17:23:20Z,01M0WY0ENCGBGZ9MKY7CZKA71D,1787678590545
01M0WY4F19NPNWPEX7KZKSW48E,01M0WWQ9XVXJV1JR4118CY5W09,25,3,1787678600860,TRUE,2026-08-25T17:23:10Z,2026-08-25T17:23:20Z,01M0WY0C090AZDG2K9X542KKDB,1787678590397
01M0WY7G4ZG9WW043DZCA2E9CW,01M0WWQ9XW83PGVA4HF3WT9HVR,3,1,1787678641984,FALSE,2026-08-25T17:23:14Z,2026-08-25T17:24:02Z,01M0WXR5QX7RT0467EJCPJ9Y2Y,1787678594311
01M0WY7G4ZG9WW043DZCA2E9CW,01M0WWQ9XW83PGVA4HF3WT9HVR,3,1,1787678641984,FALSE,2026-08-25T17:23:14Z,2026-08-25T17:24:02Z,01M0WY0ECEQWZG8FEZD72ENETD,1787678594129
01M0WYEEQ0AM8GDG8B2TVKVY2T,01M0WWQAZRRWZPK3N7VE24RFV2,26,3,NA,NA,NA,2026-08-25T17:10:51Z,NA,NA
01M0WY4EWM8K32A27QMN8F53EM,01M0WWQ9XVXJV1JR4118CY5W09,31,3,1787678732817,TRUE,2026-08-25T17:25:12Z,2026-08-25T17:25:32Z,01M0WY0ENCGBGZ9MKY7CZKA71D,1787678712866
01M0WY4EWM8K32A27QMN8F53EM,01M0WWQ9XVXJV1JR4118CY5W09,31,3,1787678732817,TRUE,2026-08-25T17:25:12Z,2026-08-25T17:25:32Z,01M0WY0C090AZDG2K9X542KKDB,1787678712669
01M0WXAW6QACATDKGAYJK5RJNN,01M0WWQ74H7CSGCPAHPDSCJ0PV,42,4,1787678753608,TRUE,2026-08-25T17:25:34Z,2026-08-25T17:25:53Z,01M0WX667JRE4461924BYZ6YJ1,1787678734199
01M0WXAW6QACATDKGAYJK5RJNN,01M0WWQ74H7CSGCPAHPDSCJ0PV,42,4,1787678753608,TRUE,2026-08-25T17:25:34Z,2026-08-25T17:25:53Z,01M0WX9MXH1SX7Q50079HW9F7E,1787678734271
01M0WXGEBRCQEY5TJN43CAPZKR,01M0WWQ74ND1AHANTF309RNWJE,25,3,NA,NA,NA,2026-08-25T16:54:27Z,NA,NA
01M0WY4EZCNQCX862V1SX8TT6Y,01M0WWQ9XVXJV1JR4118CY5W09,40,4,1787678892604,TRUE,2026-08-25T17:28:03Z,2026-08-25T17:28:12Z,01M0WY0C090AZDG2K9X542KKDB,1787678883164
01M0WY4EZCNQCX862V1SX8TT6Y,01M0WWQ9XVXJV1JR4118CY5W09,40,4,1787678892604,TRUE,2026-08-25T17:28:03Z,2026-08-25T17:28:12Z,01M0WY0ENCGBGZ9MKY7CZKA71D,1787678883276
01M0WY7G556YRT5F46XMSCNWRP,01M0WWQ9XW83PGVA4HF3WT9HVR,6,1,1787678782994,TRUE,2026-08-25T17:25:35Z,2026-08-25T17:26:23Z,01M0WXR5QX7RT0467EJCPJ9Y2Y,1787678735758
01M0WY7G556YRT5F46XMSCNWRP,01M0WWQ9XW83PGVA4HF3WT9HVR,6,1,1787678782994,TRUE,2026-08-25T17:25:35Z,2026-08-25T17:26:23Z,01M0WY0ECEQWZG8FEZD72ENETD,1787678735636
01M0WY969P5W21WZ8RJNA2PYNH,01M0WWQAZPP7VBJF1WXDE2YKFW,30,3,1787680046497,TRUE,2026-08-25T17:47:01Z,2026-08-25T17:47:25Z,01M0WY2T8PBZPVGKC7BWFHJ59J,1787680022148
01M0WY969P5W21WZ8RJNA2PYNH,01M0WWQAZPP7VBJF1WXDE2YKFW,30,3,1787680046497,TRUE,2026-08-25T17:47:01Z,2026-08-25T17:47:25Z,01M0WXSYNRXCYGT80QAR430CBD,1787680021711
01M0WXEBBETH6CKFSZDFQQXNM0,01M0WWQ74M3NWYAJGQB0ESKAD2,18,2,NA,NA,NA,2026-08-25T16:53:18Z,NA,NA
01M0WXGEBEKK0STE7E8XB2N7DY,01M0WWQ74ND1AHANTF309RNWJE,27,3,NA,NA,NA,2026-08-25T16:54:27Z,NA,NA
01M0WXGEDKMFC66H96D4JNB2JX,01M0WWQ74ND1AHANTF309RNWJE,10,1,NA,FALSE,2026-08-25T17:17:23Z,2026-08-25T17:18:23Z,01M0WWVKKHKMSSWB9WS1N6GRNZ,1787678243963
01M0WY7G85HT9D6VVYB895KQA2,01M0WWQ9XW83PGVA4HF3WT9HVR,30,3,1787679565949,TRUE,2026-08-25T17:39:03Z,2026-08-25T17:39:26Z,01M0WY0ECEQWZG8FEZD72ENETD,1787679543816
01M0WY7G85HT9D6VVYB895KQA2,01M0WWQ9XW83PGVA4HF3WT9HVR,30,3,1787679565949,TRUE,2026-08-25T17:39:03Z,2026-08-25T17:39:26Z,01M0WXR5QX7RT0467EJCPJ9Y2Y,1787679543974
01M0WY8DB1PNCPVCQXGARAY1MA,01M0WWQ9XT2Q7RF2RHNCTTRDNK,27,3,1787679621015,TRUE,2026-08-25T17:39:32Z,2026-08-25T17:40:20Z,01M0WY1V9QET0HYE5N0547967Y,1787679573527
01M0WY8DB1PNCPVCQXGARAY1MA,01M0WWQ9XT2Q7RF2RHNCTTRDNK,27,3,1787679621015,TRUE,2026-08-25T17:39:32Z,2026-08-25T17:40:20Z,01M0WY1FH5WQS14DQ3V446M8AM,1787679572741
01M0WXAWAYSZYQG2G9THW9WWJT,01M0WWQ74H7CSGCPAHPDSCJ0PV,35,3,1787678599650,TRUE,2026-08-25T17:23:00Z,2026-08-25T17:23:19Z,01M0WX667JRE4461924BYZ6YJ1,1787678580235
01M0WXAWAYSZYQG2G9THW9WWJT,01M0WWQ74H7CSGCPAHPDSCJ0PV,35,3,1787678599650,TRUE,2026-08-25T17:23:00Z,2026-08-25T17:23:19Z,01M0WX9MXH1SX7Q50079HW9F7E,1787678580391
01M0WXEB8SQ04PTYWH38BJSWZ9,01M0WWQ74M3NWYAJGQB0ESKAD2,44,4,NA,NA,NA,2026-08-25T16:53:19Z,NA,NA
01M0WXGED7ENGZNQ5GRFSCQ0W4,01M0WWQ74ND1AHANTF309RNWJE,32,3,NA,NA,NA,2026-08-25T16:54:27Z,NA,NA
01M0WY4ET7B155SZW64KC7HX0Z,01M0WWQ9XVXJV1JR4118CY5W09,13,2,1787678358850,TRUE,2026-08-25T17:19:05Z,2026-08-25T17:19:18Z,01M0WY0ENCGBGZ9MKY7CZKA71D,1787678345782
01M0WY4ET7B155SZW64KC7HX0Z,01M0WWQ9XVXJV1JR4118CY5W09,13,2,1787678358850,TRUE,2026-08-25T17:19:05Z,2026-08-25T17:19:18Z,01M0WY0C090AZDG2K9X542KKDB,1787678345591
01M0WY8D9BBVH6ZVBVHF01QYKG,01M0WWQ9XT2Q7RF2RHNCTTRDNK,20,2,1787679331242,FALSE,2026-08-25T17:35:01Z,2026-08-25T17:35:31Z,01M0WY1V9QET0HYE5N0547967Y,1787679302092
01M0WY8D9BBVH6ZVBVHF01QYKG,01M0WWQ9XT2Q7RF2RHNCTTRDNK,20,2,1787679331242,FALSE,2026-08-25T17:35:01Z,2026-08-25T17:35:31Z,01M0WY1FH5WQS14DQ3V446M8AM,1787679301295
01M0WXGEEF5G4SPT5W3F9EWFW0,01M0WWQ74ND1AHANTF309RNWJE,33,3,NA,NA,NA,2026-08-25T16:54:27Z,NA,NA
01M0WY7GA0S4SVXVQE8NTSZB66,01M0WWQ9XW83PGVA4HF3WT9HVR,40,4,1787679785163,TRUE,2026-08-25T17:42:52Z,2026-08-25T17:43:05Z,01M0WY0ECEQWZG8FEZD72ENETD,1787679772849
01M0WY7GA0S4SVXVQE8NTSZB66,01M0WWQ9XW83PGVA4HF3WT9HVR,40,4,1787679785163,TRUE,2026-08-25T17:42:52Z,2026-08-25T17:43:05Z,01M0WXR5QX7RT0467EJCPJ9Y2Y,1787679773070
01M0WY8D7TE4GERTY21PTPV18M,01M0WWQ9XT2Q7RF2RHNCTTRDNK,11,1,1787679046270,TRUE,2026-08-25T17:29:49Z,2026-08-25T17:30:45Z,01M0WY1FH5WQS14DQ3V446M8AM,1787678989448
01M0WY8D7TE4GERTY21PTPV18M,01M0WWQ9XT2Q7RF2RHNCTTRDNK,11,1,1787679046270,TRUE,2026-08-25T17:29:49Z,2026-08-25T17:30:45Z,01M0WY1V9QET0HYE5N0547967Y,1787678990291
01M0WXGEB7D5GMEDD6YDFN9QM9,01M0WWQ74ND1AHANTF309RNWJE,17,2,NA,NA,NA,2026-08-25T16:54:27Z,NA,NA
01M0WXAW6HBME2NMSGA4MZ4Y89,01M0WWQ74H7CSGCPAHPDSCJ0PV,27,3,1787678441565,TRUE,2026-08-25T17:20:24Z,2026-08-25T17:20:41Z,01M0WX667JRE4461924BYZ6YJ1,1787678424037
01M0WXAW6HBME2NMSGA4MZ4Y89,01M0WWQ74H7CSGCPAHPDSCJ0PV,27,3,1787678441565,TRUE,2026-08-25T17:20:24Z,2026-08-25T17:20:41Z,01M0WX9MXH1SX7Q50079HW9F7E,1787678424134
01M0WXGEBX2CX4RPP7T5N2BDTG,01M0WWQ74ND1AHANTF309RNWJE,43,4,NA,NA,NA,2026-08-25T16:54:28Z,NA,NA
01M0WY4ESA9SW9V250JZPK6QPR,01M0WWQ9XVXJV1JR4118CY5W09,2,1,1787678097917,TRUE,2026-08-25T17:14:29Z,2026-08-25T17:14:58Z,01M0WY0ENCGBGZ9MKY7CZKA71D,1787678070165
01M0WY4ESA9SW9V250JZPK6QPR,01M0WWQ9XVXJV1JR4118CY5W09,2,1,1787678097917,TRUE,2026-08-25T17:14:29Z,2026-08-25T17:14:58Z,01M0WY0C090AZDG2K9X542KKDB,1787678069987
01M0WY4ETTFGH1H6QCCZSFB311,01M0WWQ9XVXJV1JR4118CY5W09,22,2,1787678547188,TRUE,2026-08-25T17:22:14Z,2026-08-25T17:22:27Z,01M0WY0ENCGBGZ9MKY7CZKA71D,1787678534545
01M0WY4ETTFGH1H6QCCZSFB311,01M0WWQ9XVXJV1JR4118CY5W09,22,2,1787678547188,TRUE,2026-08-25T17:22:14Z,2026-08-25T17:22:27Z,01M0WY0C090AZDG2K9X542KKDB,1787678534386
01M0WY7G7PYJ7VAR4QQT0Z1XFW,01M0WWQ9XW83PGVA4HF3WT9HVR,25,3,1787679442300,TRUE,2026-08-25T17:37:04Z,2026-08-25T17:37:22Z,01M0WY0ECEQWZG8FEZD72ENETD,1787679424179
01M0WY7G7PYJ7VAR4QQT0Z1XFW,01M0WWQ9XW83PGVA4HF3WT9HVR,25,3,1787679442300,TRUE,2026-08-25T17:37:04Z,2026-08-25T17:37:22Z,01M0WXR5QX7RT0467EJCPJ9Y2Y,1787679424408
01M0WY7GAJWHSZPSVZAYPK0R0T,01M0WWQ9XW83PGVA4HF3WT9HVR,43,4,1787679852174,TRUE,2026-08-25T17:44:03Z,2026-08-25T17:44:12Z,01M0WY0ECEQWZG8FEZD72ENETD,1787679842946
01M0WY7GAJWHSZPSVZAYPK0R0T,01M0WWQ9XW83PGVA4HF3WT9HVR,43,4,1787679852174,TRUE,2026-08-25T17:44:03Z,2026-08-25T17:44:12Z,01M0WXR5QX7RT0467EJCPJ9Y2Y,1787679843226
01M0WY96F1R2FGM5H3C141BHP2,01M0WWQAZPP7VBJF1WXDE2YKFW,38,4,1787680243299,TRUE,2026-08-25T17:50:21Z,2026-08-25T17:50:42Z,01M0WY2T8PBZPVGKC7BWFHJ59J,1787680222709
01M0WY96F1R2FGM5H3C141BHP2,01M0WWQAZPP7VBJF1WXDE2YKFW,38,4,1787680243299,TRUE,2026-08-25T17:50:21Z,2026-08-25T17:50:42Z,01M0WXSYNRXCYGT80QAR430CBD,1787680222299
01M0WXAW6X09PBCFMQCBVDHNDJ,01M0WWQ74H7CSGCPAHPDSCJ0PV,40,4,1787678716878,TRUE,2026-08-25T17:25:02Z,2026-08-25T17:25:16Z,01M0WX667JRE4461924BYZ6YJ1,1787678702955
01M0WXAW6X09PBCFMQCBVDHNDJ,01M0WWQ74H7CSGCPAHPDSCJ0PV,40,4,1787678716878,TRUE,2026-08-25T17:25:02Z,2026-08-25T17:25:16Z,01M0WX9MXH1SX7Q50079HW9F7E,1787678703054
01M0WXGEBQ5P8JX91BZSPFWZFF,01M0WWQ74ND1AHANTF309RNWJE,26,3,NA,NA,NA,2026-08-25T16:54:27Z,NA,NA
01M0WXGEDVF5PP6AEKQRG5W7YR,01M0WWQ74ND1AHANTF309RNWJE,6,1,1787678050803,FALSE,2026-08-25T17:13:13Z,2026-08-25T17:14:10Z,01M0WWVKKHKMSSWB9WS1N6GRNZ,1787677993697
01M0WXGEDVF5PP6AEKQRG5W7YR,01M0WWQ74ND1AHANTF309RNWJE,6,1,1787678050803,FALSE,2026-08-25T17:13:13Z,2026-08-25T17:14:10Z,01M0WX0T78NE9YVPZSCJ5NTGX1,1787677992728
01M0WY7G5JXAZG922G9S5RF400,01M0WWQ9XW83PGVA4HF3WT9HVR,10,1,1787678987539,TRUE,2026-08-25T17:28:53Z,2026-08-25T17:29:47Z,01M0WY0ECEQWZG8FEZD72ENETD,1787678933084
01M0WY7G5JXAZG922G9S5RF400,01M0WWQ9XW83PGVA4HF3WT9HVR,10,1,1787678987539,TRUE,2026-08-25T17:28:53Z,2026-08-25T17:29:47Z,01M0WXR5QX7RT0467EJCPJ9Y2Y,1787678933314
01M0WY8D7E2CHPZ2SVK65V1T81,01M0WWQ9XT2Q7RF2RHNCTTRDNK,9,1,1787678933180,TRUE,2026-08-25T17:28:06Z,2026-08-25T17:28:52Z,01M0WY1FH5WQS14DQ3V446M8AM,1787678886748
01M0WY8D7E2CHPZ2SVK65V1T81,01M0WWQ9XT2Q7RF2RHNCTTRDNK,9,1,1787678933180,TRUE,2026-08-25T17:28:06Z,2026-08-25T17:28:52Z,01M0WY1V9QET0HYE5N0547967Y,1787678887600
01M0WY96F8V60YXXVJCB8BNAN7,01M0WWQAZPP7VBJF1WXDE2YKFW,37,4,1787680219172,TRUE,2026-08-25T17:49:58Z,2026-08-25T17:50:18Z,01M0WY2T8PBZPVGKC7BWFHJ59J,1787680199260
01M0WY96F8V60YXXVJCB8BNAN7,01M0WWQAZPP7VBJF1WXDE2YKFW,37,4,1787680219172,TRUE,2026-08-25T17:49:58Z,2026-08-25T17:50:18Z,01M0WXSYNRXCYGT80QAR430CBD,1787680198843
01M0WYEEQFM1WJBHC4E1T7Y19C,01M0WWQAZRRWZPK3N7VE24RFV2,21,2,NA,NA,NA,2026-08-25T17:10:51Z,NA,NA
01M0WY4ESC1D30B2D25JQG0XJV,01M0WWQ9XVXJV1JR4118CY5W09,3,1,1787678123774,FALSE,2026-08-25T17:15:01Z,2026-08-25T17:15:23Z,01M0WY0C090AZDG2K9X542KKDB,1787678101323
01M0WY4ESC1D30B2D25JQG0XJV,01M0WWQ9XVXJV1JR4118CY5W09,3,1,1787678123774,FALSE,2026-08-25T17:15:01Z,2026-08-25T17:15:23Z,01M0WY0ENCGBGZ9MKY7CZKA71D,1787678101472
01M0WY4ESZWJVWR2WT11D4SSJ5,01M0WWQ9XVXJV1JR4118CY5W09,12,2,1787678342224,TRUE,2026-08-25T17:18:49Z,2026-08-25T17:19:02Z,01M0WY0ENCGBGZ9MKY7CZKA71D,1787678329434
01M0WY4ESZWJVWR2WT11D4SSJ5,01M0WWQ9XVXJV1JR4118CY5W09,12,2,1787678342224,TRUE,2026-08-25T17:18:49Z,2026-08-25T17:19:02Z,01M0WY0C090AZDG2K9X542KKDB,1787678329247
01M0WY8WJW7Q08TEKTGGYZVHJM,01M0WWQAZTRSENW9JN2FSQ4BA7,0,1,1787677907108,FALSE,2026-08-25T17:10:57Z,2026-08-25T17:11:45Z,01M0WY0YPE1FGB7GNWHKCY08ZN,1787677857323
01M0WY8WJW7Q08TEKTGGYZVHJM,01M0WWQAZTRSENW9JN2FSQ4BA7,0,1,1787677907108,FALSE,2026-08-25T17:10:57Z,2026-08-25T17:11:45Z,01M0WY09KXZQGZCXQXZTYFDW8C,1787677858998
01M0WY4ETYRQKRH77TY2AKWYJF,01M0WWQ9XVXJV1JR4118CY5W09,24,3,1787678586987,FALSE,2026-08-25T17:22:49Z,2026-08-25T17:23:07Z,01M0WY0C090AZDG2K9X542KKDB,1787678569817
01M0WY4ETYRQKRH77TY2AKWYJF,01M0WWQ9XVXJV1JR4118CY5W09,24,3,1787678586987,FALSE,2026-08-25T17:22:49Z,2026-08-25T17:23:07Z,01M0WY0ENCGBGZ9MKY7CZKA71D,1787678569980
01M0WY4F1CKP5GH2PSQZADS37G,01M0WWQ9XVXJV1JR4118CY5W09,42,4,1787678918070,TRUE,2026-08-25T17:28:28Z,2026-08-25T17:28:38Z,01M0WY0ENCGBGZ9MKY7CZKA71D,1787678909043
01M0WY4F1CKP5GH2PSQZADS37G,01M0WWQ9XVXJV1JR4118CY5W09,42,4,1787678918070,TRUE,2026-08-25T17:28:28Z,2026-08-25T17:28:38Z,01M0WY0C090AZDG2K9X542KKDB,1787678908867
01M0WXGEBBBE5XYFPY10E9RJBZ,01M0WWQ74ND1AHANTF309RNWJE,30,3,NA,NA,NA,2026-08-25T16:54:27Z,NA,NA
01M0WY8D85S53DAVVZG58GE5PX,01M0WWQ9XT2Q7RF2RHNCTTRDNK,12,2,1787679080109,FALSE,2026-08-25T17:30:49Z,2026-08-25T17:31:20Z,01M0WY1FH5WQS14DQ3V446M8AM,1787679049175
01M0WY8D85S53DAVVZG58GE5PX,01M0WWQ9XT2Q7RF2RHNCTTRDNK,12,2,1787679080109,FALSE,2026-08-25T17:30:49Z,2026-08-25T17:31:20Z,01M0WY1V9QET0HYE5N0547967Y,1787679049962
01M0WY8WM7WEHDRGT8PSK8Y5P9,01M0WWQAZTRSENW9JN2FSQ4BA7,46,4,1787678985060,TRUE,2026-08-25T17:29:35Z,2026-08-25T17:29:43Z,01M0WY09KXZQGZCXQXZTYFDW8C,1787678977129
01M0WY8WM7WEHDRGT8PSK8Y5P9,01M0WWQAZTRSENW9JN2FSQ4BA7,46,4,1787678985060,TRUE,2026-08-25T17:29:35Z,2026-08-25T17:29:43Z,01M0WY0YPE1FGB7GNWHKCY08ZN,1787678975630
01M0WY96C09N7THBA1J91CX1W9,01M0WWQAZPP7VBJF1WXDE2YKFW,11,1,1787679320795,FALSE,2026-08-25T17:34:42Z,2026-08-25T17:35:19Z,01M0WXSYNRXCYGT80QAR430CBD,1787679282849
01M0WY96C09N7THBA1J91CX1W9,01M0WWQAZPP7VBJF1WXDE2YKFW,11,1,1787679320795,FALSE,2026-08-25T17:34:42Z,2026-08-25T17:35:19Z,01M0WY2T8PBZPVGKC7BWFHJ59J,1787679283226
01M0WY7G58W97JXXHCMJ4EHV2T,01M0WWQ9XW83PGVA4HF3WT9HVR,7,1,1787678837987,FALSE,2026-08-25T17:26:26Z,2026-08-25T17:27:18Z,01M0WY0ECEQWZG8FEZD72ENETD,1787678786235
01M0WY7G58W97JXXHCMJ4EHV2T,01M0WWQ9XW83PGVA4HF3WT9HVR,7,1,1787678837987,FALSE,2026-08-25T17:26:26Z,2026-08-25T17:27:18Z,01M0WXR5QX7RT0467EJCPJ9Y2Y,1787678786465
01M0WY7GAXB13VCX42FZ0JW298,01M0WWQ9XW83PGVA4HF3WT9HVR,46,4,1787679950310,TRUE,2026-08-25T17:45:40Z,2026-08-25T17:45:50Z,01M0WY0ECEQWZG8FEZD72ENETD,1787679939970
01M0WY7GAXB13VCX42FZ0JW298,01M0WWQ9XW83PGVA4HF3WT9HVR,46,4,1787679950310,TRUE,2026-08-25T17:45:40Z,2026-08-25T17:45:50Z,01M0WXR5QX7RT0467EJCPJ9Y2Y,1787679940137
01M0WXAW6R6ZR4FRNVKGYKB4PY,01M0WWQ74H7CSGCPAHPDSCJ0PV,17,2,1787678249544,TRUE,2026-08-25T17:17:00Z,2026-08-25T17:17:29Z,01M0WX9MXH1SX7Q50079HW9F7E,1787678220664
01M0WXAW6R6ZR4FRNVKGYKB4PY,01M0WWQ74H7CSGCPAHPDSCJ0PV,17,2,1787678249544,TRUE,2026-08-25T17:17:00Z,2026-08-25T17:17:29Z,01M0WX667JRE4461924BYZ6YJ1,1787678220505
01M0WY7G5V7G5J4BYE8D12PFB5,01M0WWQ9XW83PGVA4HF3WT9HVR,1,1,1787678552745,FALSE,2026-08-25T17:22:06Z,2026-08-25T17:22:33Z,01M0WXR5QX7RT0467EJCPJ9Y2Y,1787678526368
01M0WXAW6PTDV3M2087SV2P2KX,01M0WWQ74H7CSGCPAHPDSCJ0PV,18,2,1787678267438,TRUE,2026-08-25T17:17:32Z,2026-08-25T17:17:47Z,01M0WX9MXH1SX7Q50079HW9F7E,1787678252991
01M0WXAW6PTDV3M2087SV2P2KX,01M0WWQ74H7CSGCPAHPDSCJ0PV,18,2,1787678267438,TRUE,2026-08-25T17:17:32Z,2026-08-25T17:17:47Z,01M0WX667JRE4461924BYZ6YJ1,1787678252894
01M0WXEB7B69Z28GD9NRKN67XA,01M0WWQ74M3NWYAJGQB0ESKAD2,38,4,NA,NA,NA,2026-08-25T16:53:19Z,NA,NA
01M0WXEBBHGA43TB77XCFX18WH,01M0WWQ74M3NWYAJGQB0ESKAD2,20,2,NA,NA,NA,2026-08-25T16:53:18Z,NA,NA
01M0WY7G8BBZSY2T67SBD55T8Q,01M0WWQ9XW83PGVA4HF3WT9HVR,32,3,1787679616469,TRUE,2026-08-25T17:39:54Z,2026-08-25T17:40:16Z,01M0WXR5QX7RT0467EJCPJ9Y2Y,1787679594736
01M0WY7G8BBZSY2T67SBD55T8Q,01M0WWQ9XW83PGVA4HF3WT9HVR,32,3,1787679616469,TRUE,2026-08-25T17:39:54Z,2026-08-25T17:40:16Z,01M0WY0ECEQWZG8FEZD72ENETD,1787679594531
01M0WXEB681AG80HWFZWMW2NE9,01M0WWQ74M3NWYAJGQB0ESKAD2,3,1,1787677280148,TRUE,2026-08-25T17:00:37Z,2026-08-25T17:01:20Z,01M0WX6P9Z1RRJ4EYT8244HGBW,1787677237773
01M0WXEB681AG80HWFZWMW2NE9,01M0WWQ74M3NWYAJGQB0ESKAD2,3,1,1787677280148,TRUE,2026-08-25T17:00:37Z,2026-08-25T17:01:20Z,01M0WWZBDJ6CA985ZGF4JYT3P6,1787677236013
01M0WY8D8FMK9X35YHNJF3PRDK,01M0WWQ9XT2Q7RF2RHNCTTRDNK,18,2,1787679252423,FALSE,2026-08-25T17:33:48Z,2026-08-25T17:34:12Z,01M0WY1FH5WQS14DQ3V446M8AM,1787679228707
01M0WY8D8FMK9X35YHNJF3PRDK,01M0WWQ9XT2Q7RF2RHNCTTRDNK,18,2,1787679252423,FALSE,2026-08-25T17:33:48Z,2026-08-25T17:34:12Z,01M0WY1V9QET0HYE5N0547967Y,1787679229497
01M0WYEESVDH2Z6V7WZAR4J0TB,01M0WWQAZRRWZPK3N7VE24RFV2,7,1,NA,NA,NA,2026-08-25T17:10:50Z,NA,NA
01M0WY8DA6G8W97KXS2YJKDA9G,01M0WWQ9XT2Q7RF2RHNCTTRDNK,22,2,1787679442427,TRUE,2026-08-25T17:36:27Z,2026-08-25T17:37:22Z,01M0WY1FH5WQS14DQ3V446M8AM,1787679387190
01M0WY8DA6G8W97KXS2YJKDA9G,01M0WWQ9XT2Q7RF2RHNCTTRDNK,22,2,1787679442427,TRUE,2026-08-25T17:36:27Z,2026-08-25T17:37:22Z,01M0WY1V9QET0HYE5N0547967Y,1787679387982
01M0WY8WMQVDP7KSGDCTTJKJ60,01M0WWQAZTRSENW9JN2FSQ4BA7,39,4,1787678904224,TRUE,2026-08-25T17:28:15Z,2026-08-25T17:28:24Z,01M0WY0YPE1FGB7GNWHKCY08ZN,1787678895833
01M0WY8WMQVDP7KSGDCTTJKJ60,01M0WWQAZTRSENW9JN2FSQ4BA7,39,4,1787678904224,TRUE,2026-08-25T17:28:15Z,2026-08-25T17:28:24Z,01M0WY09KXZQGZCXQXZTYFDW8C,1787678897392
01M0WXGEBMH85RKBGJ307QAT8F,01M0WWQ74ND1AHANTF309RNWJE,29,3,NA,NA,NA,2026-08-25T16:54:27Z,NA,NA
01M0WY8WN8ZCY5D90188SR8BTW,01M0WWQAZTRSENW9JN2FSQ4BA7,38,4,1787678893797,TRUE,2026-08-25T17:28:01Z,2026-08-25T17:28:12Z,01M0WY09KXZQGZCXQXZTYFDW8C,1787678883441
01M0WY8WN8ZCY5D90188SR8BTW,01M0WWQAZTRSENW9JN2FSQ4BA7,38,4,1787678893797,TRUE,2026-08-25T17:28:01Z,2026-08-25T17:28:12Z,01M0WY0YPE1FGB7GNWHKCY08ZN,1787678881917
01M0WXAW6S8WY2HBJ5AM7Q5M60,01M0WWQ74H7CSGCPAHPDSCJ0PV,41,4,1787678730782,TRUE,2026-08-25T17:25:20Z,2026-08-25T17:25:30Z,01M0WX667JRE4461924BYZ6YJ1,1787678720231
01M0WXAW6S8WY2HBJ5AM7Q5M60,01M0WWQ74H7CSGCPAHPDSCJ0PV,41,4,1787678730782,TRUE,2026-08-25T17:25:20Z,2026-08-25T17:25:30Z,01M0WX9MXH1SX7Q50079HW9F7E,1787678720396
01M0WY8WS7VEECD9C1A844FR33,01M0WWQAZTRSENW9JN2FSQ4BA7,8,1,1787678223152,TRUE,2026-08-25T17:16:33Z,2026-08-25T17:17:01Z,01M0WY0YPE1FGB7GNWHKCY08ZN,1787678193694
01M0WY8WS7VEECD9C1A844FR33,01M0WWQAZTRSENW9JN2FSQ4BA7,8,1,1787678223152,TRUE,2026-08-25T17:16:33Z,2026-08-25T17:17:01Z,01M0WY09KXZQGZCXQXZTYFDW8C,1787678195241
01M0WY968W2G43X59ARWCBBCAK,01M0WWQAZPP7VBJF1WXDE2YKFW,23,2,1787679818368,TRUE,2026-08-25T17:43:06Z,2026-08-25T17:43:37Z,01M0WXSYNRXCYGT80QAR430CBD,1787679787308
01M0WY968W2G43X59ARWCBBCAK,01M0WWQAZPP7VBJF1WXDE2YKFW,23,2,1787679818368,TRUE,2026-08-25T17:43:06Z,2026-08-25T17:43:37Z,01M0WY2T8PBZPVGKC7BWFHJ59J,1787679787533
01M0WXEB6H3MJKE90FDCAQKB6Q,01M0WWQ74M3NWYAJGQB0ESKAD2,8,1,NA,FALSE,2026-08-25T17:05:36Z,2026-08-25T17:06:36Z,01M0WWZBDJ6CA985ZGF4JYT3P6,1787677534741
01M0WXEB7GWHEKNV2ZTV5MN9PV,01M0WWQ74M3NWYAJGQB0ESKAD2,6,1,NA,FALSE,2026-08-25T17:03:29Z,2026-08-25T17:04:29Z,01M0WWZBDJ6CA985ZGF4JYT3P6,1787677408448
01M0WY8D8W235WCT4A4KAQPPJH,01M0WWQ9XT2Q7RF2RHNCTTRDNK,19,2,1787679298493,TRUE,2026-08-25T17:34:16Z,2026-08-25T17:34:58Z,01M0WY1FH5WQS14DQ3V446M8AM,1787679255977
01M0WY8D8W235WCT4A4KAQPPJH,01M0WWQ9XT2Q7RF2RHNCTTRDNK,19,2,1787679298493,TRUE,2026-08-25T17:34:16Z,2026-08-25T17:34:58Z,01M0WY1V9QET0HYE5N0547967Y,1787679256772
01M0WY96B9H6C04PH6M8Y7FFBY,01M0WWQAZPP7VBJF1WXDE2YKFW,14,2,1787679478058,FALSE,2026-08-25T17:37:02Z,2026-08-25T17:37:57Z,01M0WY2T8PBZPVGKC7BWFHJ59J,1787679423798
01M0WY96B9H6C04PH6M8Y7FFBY,01M0WWQAZPP7VBJF1WXDE2YKFW,14,2,1787679478058,FALSE,2026-08-25T17:37:02Z,2026-08-25T17:37:57Z,01M0WXSYNRXCYGT80QAR430CBD,1787679423355
01M0WYEEPPE4BSV3ES4B35MCGQ,01M0WWQAZRRWZPK3N7VE24RFV2,46,4,NA,NA,NA,2026-08-25T17:10:51Z,NA,NA
01M0WXEBBCKF6KCNT4RCTZKF6H,01M0WWQ74M3NWYAJGQB0ESKAD2,17,2,NA,NA,NA,2026-08-25T16:53:18Z,NA,NA
01M0WY4ESVVK5QXDYG6NDV7SP0,01M0WWQ9XVXJV1JR4118CY5W09,10,1,1787678308820,TRUE,2026-08-25T17:18:04Z,2026-08-25T17:18:28Z,01M0WY0C090AZDG2K9X542KKDB,1787678284431
01M0WY4ESVVK5QXDYG6NDV7SP0,01M0WWQ9XVXJV1JR4118CY5W09,10,1,1787678308820,TRUE,2026-08-25T17:18:04Z,2026-08-25T17:18:28Z,01M0WY0ENCGBGZ9MKY7CZKA71D,1787678284583
01M0WY8D4XQYGV5VP3FPQVA0EF,01M0WWQ9XT2Q7RF2RHNCTTRDNK,36,4,1787679931344,TRUE,2026-08-25T17:45:13Z,2026-08-25T17:45:31Z,01M0WY1V9QET0HYE5N0547967Y,1787679913838
01M0WY8D4XQYGV5VP3FPQVA0EF,01M0WWQ9XT2Q7RF2RHNCTTRDNK,36,4,1787679931344,TRUE,2026-08-25T17:45:13Z,2026-08-25T17:45:31Z,01M0WY1FH5WQS14DQ3V446M8AM,1787679913025
01M0WY8WQ3Z500CTPRBKZ32SCH,01M0WWQAZTRSENW9JN2FSQ4BA7,15,2,1787678447209,TRUE,2026-08-25T17:20:22Z,2026-08-25T17:20:47Z,01M0WY0YPE1FGB7GNWHKCY08ZN,1787678422128
01M0WY8WQ3Z500CTPRBKZ32SCH,01M0WWQAZTRSENW9JN2FSQ4BA7,15,2,1787678447209,TRUE,2026-08-25T17:20:22Z,2026-08-25T17:20:47Z,01M0WY09KXZQGZCXQXZTYFDW8C,1787678423660
01M0WYEET4HWZD40HZF0GKHA3P,01M0WWQAZRRWZPK3N7VE24RFV2,6,1,NA,NA,NA,2026-08-25T17:10:50Z,NA,NA
01M0WXGECFBN6911HNC211VMYM,01M0WWQ74ND1AHANTF309RNWJE,4,1,1787677954655,TRUE,2026-08-25T17:11:52Z,2026-08-25T17:12:34Z,01M0WX0T78NE9YVPZSCJ5NTGX1,1787677911126
01M0WXGECFBN6911HNC211VMYM,01M0WWQ74ND1AHANTF309RNWJE,4,1,1787677954655,TRUE,2026-08-25T17:11:52Z,2026-08-25T17:12:34Z,01M0WWVKKHKMSSWB9WS1N6GRNZ,1787677912114
01M0WY4EV4HS1QBF49PC63PVN1,01M0WWQ9XVXJV1JR4118CY5W09,27,3,1787678656441,TRUE,2026-08-25T17:23:42Z,2026-08-25T17:24:16Z,01M0WY0C090AZDG2K9X542KKDB,1787678622259
01M0WY4EV4HS1QBF49PC63PVN1,01M0WWQ9XVXJV1JR4118CY5W09,27,3,1787678656441,TRUE,2026-08-25T17:23:42Z,2026-08-25T17:24:16Z,01M0WY0ENCGBGZ9MKY7CZKA71D,1787678622418
01M0WY7G53Z5XZCC74W0W511X9,01M0WWQ9XW83PGVA4HF3WT9HVR,5,1,1787678731935,TRUE,2026-08-25T17:24:59Z,2026-08-25T17:25:32Z,01M0WXR5QX7RT0467EJCPJ9Y2Y,1787678699614
01M0WY7G53Z5XZCC74W0W511X9,01M0WWQ9XW83PGVA4HF3WT9HVR,5,1,1787678731935,TRUE,2026-08-25T17:24:59Z,2026-08-25T17:25:32Z,01M0WY0ECEQWZG8FEZD72ENETD,1787678699361
01M0WY8D5BNZZJZ14AZBYDX0G3,01M0WWQ9XT2Q7RF2RHNCTTRDNK,6,1,1787678820895,FALSE,2026-08-25T17:26:19Z,2026-08-25T17:27:01Z,01M0WY1FH5WQS14DQ3V446M8AM,1787678779261
01M0WY8D5BNZZJZ14AZBYDX0G3,01M0WWQ9XT2Q7RF2RHNCTTRDNK,6,1,1787678820895,FALSE,2026-08-25T17:26:19Z,2026-08-25T17:27:01Z,01M0WY1V9QET0HYE5N0547967Y,1787678780107
01M0WY968359CBM5PXT1FK1EZC,01M0WWQAZPP7VBJF1WXDE2YKFW,46,4,1787680488657,TRUE,2026-08-25T17:54:22Z,2026-08-25T17:54:48Z,01M0WXSYNRXCYGT80QAR430CBD,1787680463779
01M0WY968359CBM5PXT1FK1EZC,01M0WWQAZPP7VBJF1WXDE2YKFW,46,4,1787680488657,TRUE,2026-08-25T17:54:22Z,2026-08-25T17:54:48Z,01M0WY2T8PBZPVGKC7BWFHJ59J,1787680464032
01M0WY4ET9XSJQ8FYRMZBA3373,01M0WWQ9XVXJV1JR4118CY5W09,14,2,1787678382727,TRUE,2026-08-25T17:19:22Z,2026-08-25T17:19:42Z,01M0WY0C090AZDG2K9X542KKDB,1787678362175
01M0WY4ET9XSJQ8FYRMZBA3373,01M0WWQ9XVXJV1JR4118CY5W09,14,2,1787678382727,TRUE,2026-08-25T17:19:22Z,2026-08-25T17:19:42Z,01M0WY0ENCGBGZ9MKY7CZKA71D,1787678362315
01M0WY8D4SGEVYPJ79ZQGNFSCF,01M0WWQ9XT2Q7RF2RHNCTTRDNK,47,4,1787680254962,TRUE,2026-08-25T17:50:36Z,2026-08-25T17:50:54Z,01M0WY1V9QET0HYE5N0547967Y,1787680236863
01M0WY8D4SGEVYPJ79ZQGNFSCF,01M0WWQ9XT2Q7RF2RHNCTTRDNK,47,4,1787680254962,TRUE,2026-08-25T17:50:36Z,2026-08-25T17:50:54Z,01M0WY1FH5WQS14DQ3V446M8AM,1787680236041
01M0WY8D4ZT947G8DP8BX81P2B,01M0WWQ9XT2Q7RF2RHNCTTRDNK,4,1,1787678738883,TRUE,2026-08-25T17:25:10Z,2026-08-25T17:25:39Z,01M0WY1FH5WQS14DQ3V446M8AM,1787678710226
01M0WY8D4ZT947G8DP8BX81P2B,01M0WWQ9XT2Q7RF2RHNCTTRDNK,4,1,1787678738883,TRUE,2026-08-25T17:25:10Z,2026-08-25T17:25:39Z,01M0WY1V9QET0HYE5N0547967Y,1787678711206
01M0WY8WP2K2Y85BBEHSPR9VAX,01M0WWQAZTRSENW9JN2FSQ4BA7,34,3,1787678840506,TRUE,2026-08-25T17:27:02Z,2026-08-25T17:27:19Z,01M0WY0YPE1FGB7GNWHKCY08ZN,1787678822971
01M0WY8WP2K2Y85BBEHSPR9VAX,01M0WWQAZTRSENW9JN2FSQ4BA7,34,3,1787678840506,TRUE,2026-08-25T17:27:02Z,2026-08-25T17:27:19Z,01M0WY09KXZQGZCXQXZTYFDW8C,1787678824496
01M0WY968BGKQC5W9TRXM0YM9J,01M0WWQAZPP7VBJF1WXDE2YKFW,24,3,1787679844636,TRUE,2026-08-25T17:43:40Z,2026-08-25T17:44:04Z,01M0WXSYNRXCYGT80QAR430CBD,1787679821426
01M0WY968BGKQC5W9TRXM0YM9J,01M0WWQAZPP7VBJF1WXDE2YKFW,24,3,1787679844636,TRUE,2026-08-25T17:43:40Z,2026-08-25T17:44:04Z,01M0WY2T8PBZPVGKC7BWFHJ59J,1787679821867
01M0WXGEBARSGCP6133H652ZZ8,01M0WWQ74ND1AHANTF309RNWJE,15,2,NA,NA,NA,2026-08-25T16:54:27Z,NA,NA
01M0WXGEDTQ37XQEWXKSCFH54K,01M0WWQ74ND1AHANTF309RNWJE,7,1,NA,FALSE,2026-08-25T17:14:14Z,2026-08-25T17:15:14Z,01M0WWVKKHKMSSWB9WS1N6GRNZ,1787678054232
01M0WXGEDTQ37XQEWXKSCFH54K,01M0WWQ74ND1AHANTF309RNWJE,7,1,NA,FALSE,2026-08-25T17:14:14Z,2026-08-25T17:15:14Z,01M0WX0T78NE9YVPZSCJ5NTGX1,1787678053284
01M0WY7G5QBES0Z4XWE68F0X2Z,01M0WWQ9XW83PGVA4HF3WT9HVR,11,1,1787679027992,TRUE,2026-08-25T17:29:50Z,2026-08-25T17:30:28Z,01M0WXR5QX7RT0467EJCPJ9Y2Y,1787678991002
01M0WY7G5QBES0Z4XWE68F0X2Z,01M0WWQ9XW83PGVA4HF3WT9HVR,11,1,1787679027992,TRUE,2026-08-25T17:29:50Z,2026-08-25T17:30:28Z,01M0WY0ECEQWZG8FEZD72ENETD,1787678990808
01M0WY8WMC86GG67MW3WHK580Y,01M0WWQAZTRSENW9JN2FSQ4BA7,45,4,1787678972274,TRUE,2026-08-25T17:29:26Z,2026-08-25T17:29:32Z,01M0WY09KXZQGZCXQXZTYFDW8C,1787678967801
01M0WY8WMC86GG67MW3WHK580Y,01M0WWQAZTRSENW9JN2FSQ4BA7,45,4,1787678972274,TRUE,2026-08-25T17:29:26Z,2026-08-25T17:29:32Z,01M0WY0YPE1FGB7GNWHKCY08ZN,1787678966294
01M0WY8WMJQGEZ29W55ZJNPFQD,01M0WWQAZTRSENW9JN2FSQ4BA7,43,4,1787678948178,TRUE,2026-08-25T17:29:03Z,2026-08-25T17:29:08Z,01M0WY09KXZQGZCXQXZTYFDW8C,1787678944784
01M0WY8WMJQGEZ29W55ZJNPFQD,01M0WWQAZTRSENW9JN2FSQ4BA7,43,4,1787678948178,TRUE,2026-08-25T17:29:03Z,2026-08-25T17:29:08Z,01M0WY0YPE1FGB7GNWHKCY08ZN,1787678943250
01M0WY8WPPNCXXBRWK7P71PZFA,01M0WWQAZTRSENW9JN2FSQ4BA7,30,3,1787678782598,TRUE,2026-08-25T17:26:12Z,2026-08-25T17:26:21Z,01M0WY0YPE1FGB7GNWHKCY08ZN,1787678772831
01M0WY8WPPNCXXBRWK7P71PZFA,01M0WWQAZTRSENW9JN2FSQ4BA7,30,3,1787678782598,TRUE,2026-08-25T17:26:12Z,2026-08-25T17:26:21Z,01M0WY09KXZQGZCXQXZTYFDW8C,1787678774353
01M0WY96AX9ENT9126V73VAW9Q,01M0WWQAZPP7VBJF1WXDE2YKFW,18,2,1787679630540,TRUE,2026-08-25T17:40:06Z,2026-08-25T17:40:30Z,01M0WY2T8PBZPVGKC7BWFHJ59J,1787679607677
01M0WY96AX9ENT9126V73VAW9Q,01M0WWQAZPP7VBJF1WXDE2YKFW,18,2,1787679630540,TRUE,2026-08-25T17:40:06Z,2026-08-25T17:40:30Z,01M0WXSYNRXCYGT80QAR430CBD,1787679607263
01M0WY8D6RN5YXJXVC45HEHZQG,01M0WWQ9XT2Q7RF2RHNCTTRDNK,41,4,1787680084243,TRUE,2026-08-25T17:47:31Z,2026-08-25T17:48:03Z,01M0WY1V9QET0HYE5N0547967Y,1787680051742
01M0WY8D6RN5YXJXVC45HEHZQG,01M0WWQ9XT2Q7RF2RHNCTTRDNK,41,4,1787680084243,TRUE,2026-08-25T17:47:31Z,2026-08-25T17:48:03Z,01M0WY1FH5WQS14DQ3V446M8AM,1787680050927
01M0WY969KEV2DM5BT5SP2VR3S,01M0WWQAZPP7VBJF1WXDE2YKFW,31,3,1787680072421,TRUE,2026-08-25T17:47:29Z,2026-08-25T17:47:51Z,01M0WXSYNRXCYGT80QAR430CBD,1787680049938
01M0WY969KEV2DM5BT5SP2VR3S,01M0WWQAZPP7VBJF1WXDE2YKFW,31,3,1787680072421,TRUE,2026-08-25T17:47:29Z,2026-08-25T17:47:51Z,01M0WY2T8PBZPVGKC7BWFHJ59J,1787680050366
01M0WY8D6TXSN714Q36JCSFFZQ,01M0WWQ9XT2Q7RF2RHNCTTRDNK,42,4,1787680111546,TRUE,2026-08-25T17:48:07Z,2026-08-25T17:48:31Z,01M0WY1V9QET0HYE5N0547967Y,1787680087737
01M0WY8D6TXSN714Q36JCSFFZQ,01M0WWQ9XT2Q7RF2RHNCTTRDNK,42,4,1787680111546,TRUE,2026-08-25T17:48:07Z,2026-08-25T17:48:31Z,01M0WY1FH5WQS14DQ3V446M8AM,1787680086962
01M0WY8WK95VJKSVZC7YDQJMR4,01M0WWQAZTRSENW9JN2FSQ4BA7,25,3,1787678693757,TRUE,2026-08-25T17:24:39Z,2026-08-25T17:24:53Z,01M0WY09KXZQGZCXQXZTYFDW8C,1787678680879
01M0WY8WK95VJKSVZC7YDQJMR4,01M0WWQAZTRSENW9JN2FSQ4BA7,25,3,1787678693757,TRUE,2026-08-25T17:24:39Z,2026-08-25T17:24:53Z,01M0WY0YPE1FGB7GNWHKCY08ZN,1787678679319
01M0WY8WKKWKRQN2XTXQ3GGJFR,01M0WWQAZTRSENW9JN2FSQ4BA7,21,2,1787678584934,TRUE,2026-08-25T17:22:51Z,2026-08-25T17:23:04Z,01M0WY09KXZQGZCXQXZTYFDW8C,1787678573135
01M0WY8WKKWKRQN2XTXQ3GGJFR,01M0WWQAZTRSENW9JN2FSQ4BA7,21,2,1787678584934,TRUE,2026-08-25T17:22:51Z,2026-08-25T17:23:04Z,01M0WY0YPE1FGB7GNWHKCY08ZN,1787678571690
01M0WY96B0AYVN97RBTBSKAHBX,01M0WWQAZPP7VBJF1WXDE2YKFW,17,2,1787679604153,TRUE,2026-08-25T17:39:26Z,2026-08-25T17:40:03Z,01M0WY2T8PBZPVGKC7BWFHJ59J,1787679567219
01M0WY96B0AYVN97RBTBSKAHBX,01M0WWQAZPP7VBJF1WXDE2YKFW,17,2,1787679604153,TRUE,2026-08-25T17:39:26Z,2026-08-25T17:40:03Z,01M0WXSYNRXCYGT80QAR430CBD,1787679566822
01M0WXAW6FVETNVQHCQSM5JV0D,01M0WWQ74H7CSGCPAHPDSCJ0PV,29,3,1787678479697,TRUE,2026-08-25T17:20:58Z,2026-08-25T17:21:19Z,01M0WX9MXH1SX7Q50079HW9F7E,1787678458951
01M0WXAW6FVETNVQHCQSM5JV0D,01M0WWQ74H7CSGCPAHPDSCJ0PV,29,3,1787678479697,TRUE,2026-08-25T17:20:58Z,2026-08-25T17:21:19Z,01M0WX667JRE4461924BYZ6YJ1,1787678458779
01M0WXEB6S3AG5MS6MVWCZAAN7,01M0WWQ74M3NWYAJGQB0ESKAD2,10,1,NA,NA,NA,2026-08-25T16:53:18Z,NA,NA
01M0WXGEFX338HKWMTS2HEQ33W,01M0WWQ74ND1AHANTF309RNWJE,5,1,1787677989381,TRUE,2026-08-25T17:12:38Z,2026-08-25T17:13:10Z,01M0WX0T78NE9YVPZSCJ5NTGX1,1787677957116
01M0WXGEFX338HKWMTS2HEQ33W,01M0WWQ74ND1AHANTF309RNWJE,5,1,1787677989381,TRUE,2026-08-25T17:12:38Z,2026-08-25T17:13:10Z,01M0WWVKKHKMSSWB9WS1N6GRNZ,1787677958092
01M0WY7G7DDBMXZMTCWPNSKPEY,01M0WWQ9XW83PGVA4HF3WT9HVR,22,2,1787679361380,TRUE,2026-08-25T17:35:38Z,2026-08-25T17:36:01Z,01M0WY0ECEQWZG8FEZD72ENETD,1787679338466
01M0WY7G7DDBMXZMTCWPNSKPEY,01M0WWQ9XW83PGVA4HF3WT9HVR,22,2,1787679361380,TRUE,2026-08-25T17:35:38Z,2026-08-25T17:36:01Z,01M0WXR5QX7RT0467EJCPJ9Y2Y,1787679338625
01M0WY96C9SQ6VW4E95XFRH4H5,01M0WWQAZPP7VBJF1WXDE2YKFW,10,1,1787679279148,TRUE,2026-08-25T17:33:49Z,2026-08-25T17:34:38Z,01M0WXSYNRXCYGT80QAR430CBD,1787679230561
01M0WY96C9SQ6VW4E95XFRH4H5,01M0WWQAZPP7VBJF1WXDE2YKFW,10,1,1787679279148,TRUE,2026-08-25T17:33:49Z,2026-08-25T17:34:38Z,01M0WY2T8PBZPVGKC7BWFHJ59J,1787679230942
01M0WYEEWEVC1CS096R6BE9W4Y,01M0WWQAZRRWZPK3N7VE24RFV2,41,4,NA,NA,NA,2026-08-25T17:10:51Z,NA,NA
01M0WY4EVNS0TTCPC88VQX96J1,01M0WWQ9XVXJV1JR4118CY5W09,28,3,1787678670270,TRUE,2026-08-25T17:24:19Z,2026-08-25T17:24:30Z,01M0WY0C090AZDG2K9X542KKDB,1787678659694
01M0WY4EVNS0TTCPC88VQX96J1,01M0WWQ9XVXJV1JR4118CY5W09,28,3,1787678670270,TRUE,2026-08-25T17:24:19Z,2026-08-25T17:24:30Z,01M0WY0ENCGBGZ9MKY7CZKA71D,1787678659890
01M0WY7G78NSMCZ9931E1ABC0H,01M0WWQ9XW83PGVA4HF3WT9HVR,20,2,1787679307426,TRUE,2026-08-25T17:34:36Z,2026-08-25T17:35:07Z,01M0WXR5QX7RT0467EJCPJ9Y2Y,1787679276113
01M0WY7G78NSMCZ9931E1ABC0H,01M0WWQ9XW83PGVA4HF3WT9HVR,20,2,1787679307426,TRUE,2026-08-25T17:34:36Z,2026-08-25T17:35:07Z,01M0WY0ECEQWZG8FEZD72ENETD,1787679275932
01M0WY8WPHMKYESJBM86E941PE,01M0WWQAZTRSENW9JN2FSQ4BA7,33,3,1787678819670,TRUE,2026-08-25T17:26:52Z,2026-08-25T17:26:59Z,01M0WY09KXZQGZCXQXZTYFDW8C,1787678813935
01M0WY8WPHMKYESJBM86E941PE,01M0WWQAZTRSENW9JN2FSQ4BA7,33,3,1787678819670,TRUE,2026-08-25T17:26:52Z,2026-08-25T17:26:59Z,01M0WY0YPE1FGB7GNWHKCY08ZN,1787678812413
01M0WY4ETG61K7YQS20XXP0XDY,01M0WWQ9XVXJV1JR4118CY5W09,18,2,1787678477626,TRUE,2026-08-25T17:21:04Z,2026-08-25T17:21:17Z,01M0WY0ENCGBGZ9MKY7CZKA71D,1787678465263
01M0WY4ETG61K7YQS20XXP0XDY,01M0WWQ9XVXJV1JR4118CY5W09,18,2,1787678477626,TRUE,2026-08-25T17:21:04Z,2026-08-25T17:21:17Z,01M0WY0C090AZDG2K9X542KKDB,1787678464976
01M0WY4ETSP0DQFN6KJ5H7TV9S,01M0WWQ9XVXJV1JR4118CY5W09,21,2,1787678531060,TRUE,2026-08-25T17:21:53Z,2026-08-25T17:22:11Z,01M0WY0C090AZDG2K9X542KKDB,1787678513432
01M0WY4ETSP0DQFN6KJ5H7TV9S,01M0WWQ9XVXJV1JR4118CY5W09,21,2,1787678531060,TRUE,2026-08-25T17:21:53Z,2026-08-25T17:22:11Z,01M0WY0ENCGBGZ9MKY7CZKA71D,1787678513594
01M0WY96DC5XZNWZYYVSYF8WR4,01M0WWQAZPP7VBJF1WXDE2YKFW,5,1,1787678996971,FALSE,2026-08-25T17:28:57Z,2026-08-25T17:29:56Z,01M0WY2T8PBZPVGKC7BWFHJ59J,1787678938371
01M0WY96DC5XZNWZYYVSYF8WR4,01M0WWQAZPP7VBJF1WXDE2YKFW,5,1,1787678996971,FALSE,2026-08-25T17:28:57Z,2026-08-25T17:29:56Z,01M0WXSYNRXCYGT80QAR430CBD,1787678937925
01M0WYEETX41AHKCY29YR3WZA2,01M0WWQAZRRWZPK3N7VE24RFV2,1,1,NA,FALSE,2026-08-25T17:28:02Z,2026-08-25T17:29:02Z,01M0WYD27PCMGYRRX23HHYX14S,1787678882517
01M0WXAW5D7MAAM7NXGX6N8YWG,01M0WWQ74H7CSGCPAHPDSCJ0PV,10,1,1787678050136,TRUE,2026-08-25T17:13:48Z,2026-08-25T17:14:10Z,01M0WX667JRE4461924BYZ6YJ1,1787678028417
01M0WXAW5D7MAAM7NXGX6N8YWG,01M0WWQ74H7CSGCPAHPDSCJ0PV,10,1,1787678050136,TRUE,2026-08-25T17:13:48Z,2026-08-25T17:14:10Z,01M0WX9MXH1SX7Q50079HW9F7E,1787678028564
01M0WXAW62YXAS27YCTHC25QPB,01M0WWQ74H7CSGCPAHPDSCJ0PV,16,2,1787678217196,TRUE,2026-08-25T17:16:44Z,2026-08-25T17:16:57Z,01M0WX9MXH1SX7Q50079HW9F7E,1787678204606
01M0WXAW62YXAS27YCTHC25QPB,01M0WWQ74H7CSGCPAHPDSCJ0PV,16,2,1787678217196,TRUE,2026-08-25T17:16:44Z,2026-08-25T17:16:57Z,01M0WX667JRE4461924BYZ6YJ1,1787678204496
01M0WXEB739MN7H50NN2YN85PR,01M0WWQ74M3NWYAJGQB0ESKAD2,41,4,NA,NA,NA,2026-08-25T16:53:19Z,NA,NA
01M0WYEEPXYM6R026X0VPJX4DJ,01M0WWQAZRRWZPK3N7VE24RFV2,44,4,NA,NA,NA,2026-08-25T17:10:51Z,NA,NA
01M0WXAW6X09PBCFMQDHYT7MS5,01M0WWQ74H7CSGCPAHPDSCJ0PV,39,4,1787678699535,TRUE,2026-08-25T17:24:33Z,2026-08-25T17:24:59Z,01M0WX667JRE4461924BYZ6YJ1,1787678673458
01M0WXAW6X09PBCFMQDHYT7MS5,01M0WWQ74H7CSGCPAHPDSCJ0PV,39,4,1787678699535,TRUE,2026-08-25T17:24:33Z,2026-08-25T17:24:59Z,01M0WX9MXH1SX7Q50079HW9F7E,1787678673578
01M0WXAW6FVETNVQHCRWZR1G97,01M0WWQ74H7CSGCPAHPDSCJ0PV,9,1,1787678024979,TRUE,2026-08-25T17:13:13Z,2026-08-25T17:13:45Z,01M0WX9MXH1SX7Q50079HW9F7E,1787677993962
01M0WXAW6FVETNVQHCRWZR1G97,01M0WWQ74H7CSGCPAHPDSCJ0PV,9,1,1787678024979,TRUE,2026-08-25T17:13:13Z,2026-08-25T17:13:45Z,01M0WX667JRE4461924BYZ6YJ1,1787677993868
01M0WXAW6K6PD99RSMA3VP24MT,01M0WWQ74H7CSGCPAHPDSCJ0PV,25,3,1787678404547,TRUE,2026-08-25T17:19:53Z,2026-08-25T17:20:04Z,01M0WX9MXH1SX7Q50079HW9F7E,1787678393788
01M0WXAW6K6PD99RSMA3VP24MT,01M0WWQ74H7CSGCPAHPDSCJ0PV,25,3,1787678404547,TRUE,2026-08-25T17:19:53Z,2026-08-25T17:20:04Z,01M0WX667JRE4461924BYZ6YJ1,1787678393712
01M0WY7G6ZDSX9D9EH232ZGYN7,01M0WWQ9XW83PGVA4HF3WT9HVR,15,2,1787679161234,TRUE,2026-08-25T17:32:07Z,2026-08-25T17:32:41Z,01M0WXR5QX7RT0467EJCPJ9Y2Y,1787679127369
01M0WY7G6ZDSX9D9EH232ZGYN7,01M0WWQ9XW83PGVA4HF3WT9HVR,15,2,1787679161234,TRUE,2026-08-25T17:32:07Z,2026-08-25T17:32:41Z,01M0WY0ECEQWZG8FEZD72ENETD,1787679127241
01M0WY7G7YHSBRT2PBMMW67GKX,01M0WWQ9XW83PGVA4HF3WT9HVR,28,3,1787679509867,TRUE,2026-08-25T17:38:06Z,2026-08-25T17:38:29Z,01M0WXR5QX7RT0467EJCPJ9Y2Y,1787679486068
01M0WY7G7YHSBRT2PBMMW67GKX,01M0WWQ9XW83PGVA4HF3WT9HVR,28,3,1787679509867,TRUE,2026-08-25T17:38:06Z,2026-08-25T17:38:29Z,01M0WY0ECEQWZG8FEZD72ENETD,1787679485880
01M0WY7G8SCEXTAGVA7N91EEPW,01M0WWQ9XW83PGVA4HF3WT9HVR,34,3,1787679671631,TRUE,2026-08-25T17:40:35Z,2026-08-25T17:41:11Z,01M0WY0ECEQWZG8FEZD72ENETD,1787679635637
01M0WY7G8SCEXTAGVA7N91EEPW,01M0WWQ9XW83PGVA4HF3WT9HVR,34,3,1787679671631,TRUE,2026-08-25T17:40:35Z,2026-08-25T17:41:11Z,01M0WXR5QX7RT0467EJCPJ9Y2Y,1787679635787
01M0WY8D6GHA9HHZ21BTENMXZ6,01M0WWQ9XT2Q7RF2RHNCTTRDNK,38,4,1787679986943,TRUE,2026-08-25T17:46:02Z,2026-08-25T17:46:27Z,01M0WY1FH5WQS14DQ3V446M8AM,1787679962377
01M0WY8D6GHA9HHZ21BTENMXZ6,01M0WWQ9XT2Q7RF2RHNCTTRDNK,38,4,1787679986943,TRUE,2026-08-25T17:46:02Z,2026-08-25T17:46:27Z,01M0WY1V9QET0HYE5N0547967Y,1787679963225
01M0WXAW6JASYZN5770YG59JMJ,01M0WWQ74H7CSGCPAHPDSCJ0PV,5,1,1787677895348,TRUE,2026-08-25T17:11:15Z,2026-08-25T17:11:35Z,01M0WX667JRE4461924BYZ6YJ1,1787677875410
01M0WXAW6JASYZN5770YG59JMJ,01M0WWQ74H7CSGCPAHPDSCJ0PV,5,1,1787677895348,TRUE,2026-08-25T17:11:15Z,2026-08-25T17:11:35Z,01M0WX9MXH1SX7Q50079HW9F7E,1787677875592
01M0WXAW6G8CMRXJFX7SGCQ6MA,01M0WWQ74H7CSGCPAHPDSCJ0PV,28,3,1787678455477,TRUE,2026-08-25T17:20:44Z,2026-08-25T17:20:55Z,01M0WX667JRE4461924BYZ6YJ1,1787678444918
01M0WXAW6G8CMRXJFX7SGCQ6MA,01M0WWQ74H7CSGCPAHPDSCJ0PV,28,3,1787678455477,TRUE,2026-08-25T17:20:44Z,2026-08-25T17:20:55Z,01M0WX9MXH1SX7Q50079HW9F7E,1787678445034
01M0WY8D6F1DS9JXRVQ6PX1493,01M0WWQ9XT2Q7RF2RHNCTTRDNK,3,1,1787678707649,FALSE,2026-08-25T17:24:34Z,2026-08-25T17:25:07Z,01M0WY1FH5WQS14DQ3V446M8AM,1787678674243
01M0WY8D6F1DS9JXRVQ6PX1493,01M0WWQ9XT2Q7RF2RHNCTTRDNK,3,1,1787678707649,FALSE,2026-08-25T17:24:34Z,2026-08-25T17:25:07Z,01M0WY1V9QET0HYE5N0547967Y,1787678675318
01M0WYEF094D3BTYYTK8MD8YRV,01M0WWQAZRRWZPK3N7VE24RFV2,19,2,NA,NA,NA,2026-08-25T17:10:51Z,NA,NA
01M0WXAW3NRDWKKHNXDDFPZ1DZ,01M0WWQ74H7CSGCPAHPDSCJ0PV,0,1,1787677754359,TRUE,2026-08-25T17:08:43Z,2026-08-25T17:09:14Z,01M0WX9MXH1SX7Q50079HW9F7E,1787677724125
01M0WXAW3NRDWKKHNXDDFPZ1DZ,01M0WWQ74H7CSGCPAHPDSCJ0PV,0,1,1787677754359,TRUE,2026-08-25T17:08:43Z,2026-08-25T17:09:14Z,01M0WX667JRE4461924BYZ6YJ1,1787677723975
01M0WY4F2FMHPXGEFSBDWB58AT,01M0WWQ9XVXJV1JR4118CY5W09,46,4,1787679018926,TRUE,2026-08-25T17:29:44Z,2026-08-25T17:30:19Z,01M0WY0ENCGBGZ9MKY7CZKA71D,1787678984485
01M0WY4F2FMHPXGEFSBDWB58AT,01M0WWQ9XVXJV1JR4118CY5W09,46,4,1787679018926,TRUE,2026-08-25T17:29:44Z,2026-08-25T17:30:19Z,01M0WY0C090AZDG2K9X542KKDB,1787678984335
01M0WY96G42TWQX2PKP81D6SRC,01M0WWQAZPP7VBJF1WXDE2YKFW,33,3,1787680116714,TRUE,2026-08-25T17:48:10Z,2026-08-25T17:48:35Z,01M0WY2T8PBZPVGKC7BWFHJ59J,1787680091578
01M0WY96G42TWQX2PKP81D6SRC,01M0WWQAZPP7VBJF1WXDE2YKFW,33,3,1787680116714,TRUE,2026-08-25T17:48:10Z,2026-08-25T17:48:35Z,01M0WXSYNRXCYGT80QAR430CBD,1787680091181
01M0WY7G51E1NB179WAGDESYCG,01M0WWQ9XW83PGVA4HF3WT9HVR,4,1,1787678696119,TRUE,2026-08-25T17:24:05Z,2026-08-25T17:24:56Z,01M0WY0ECEQWZG8FEZD72ENETD,1787678645656
01M0WY7G51E1NB179WAGDESYCG,01M0WWQ9XW83PGVA4HF3WT9HVR,4,1,1787678696119,TRUE,2026-08-25T17:24:05Z,2026-08-25T17:24:56Z,01M0WXR5QX7RT0467EJCPJ9Y2Y,1787678645825
01M0WY7G8XBD9V9ZYV0X0MKKMV,01M0WWQ9XW83PGVA4HF3WT9HVR,35,3,1787679695773,TRUE,2026-08-25T17:41:15Z,2026-08-25T17:41:36Z,01M0WXR5QX7RT0467EJCPJ9Y2Y,1787679675094
01M0WY7G8XBD9V9ZYV0X0MKKMV,01M0WWQ9XW83PGVA4HF3WT9HVR,35,3,1787679695773,TRUE,2026-08-25T17:41:15Z,2026-08-25T17:41:36Z,01M0WY0ECEQWZG8FEZD72ENETD,1787679674908
01M0WY7G9D45EEKFK7KZNEZWJ5,01M0WWQ9XW83PGVA4HF3WT9HVR,38,4,1787679753104,TRUE,2026-08-25T17:42:21Z,2026-08-25T17:42:33Z,01M0WY0ECEQWZG8FEZD72ENETD,1787679741181
01M0WY7G9D45EEKFK7KZNEZWJ5,01M0WWQ9XW83PGVA4HF3WT9HVR,38,4,1787679753104,TRUE,2026-08-25T17:42:21Z,2026-08-25T17:42:33Z,01M0WXR5QX7RT0467EJCPJ9Y2Y,1787679741442
01M0WY8D6XRQ1FJY1X1AWMK4ZV,01M0WWQ9XT2Q7RF2RHNCTTRDNK,43,4,1787680151865,TRUE,2026-08-25T17:48:35Z,2026-08-25T17:49:11Z,01M0WY1FH5WQS14DQ3V446M8AM,1787680114927
01M0WY8D6XRQ1FJY1X1AWMK4ZV,01M0WWQ9XT2Q7RF2RHNCTTRDNK,43,4,1787680151865,TRUE,2026-08-25T17:48:35Z,2026-08-25T17:49:11Z,01M0WY1V9QET0HYE5N0547967Y,1787680115751
01M0WXEB72KD1D8SXVT2494W2W,01M0WWQ74M3NWYAJGQB0ESKAD2,42,4,NA,NA,NA,2026-08-25T16:53:19Z,NA,NA
01M0WY9697GC8G95288JJA9DZG,01M0WWQAZPP7VBJF1WXDE2YKFW,42,4,1787680369874,TRUE,2026-08-25T17:52:28Z,2026-08-25T17:52:49Z,01M0WXSYNRXCYGT80QAR430CBD,1787680348927
01M0WY9697GC8G95288JJA9DZG,01M0WWQAZPP7VBJF1WXDE2YKFW,42,4,1787680369874,TRUE,2026-08-25T17:52:28Z,2026-08-25T17:52:49Z,01M0WY2T8PBZPVGKC7BWFHJ59J,1787680349337
01M0WY4EYM82EYN7VAQVYAYP8X,01M0WWQ9XVXJV1JR4118CY5W09,34,3,1787678776454,TRUE,2026-08-25T17:26:05Z,2026-08-25T17:26:16Z,01M0WY0C090AZDG2K9X542KKDB,1787678765341
01M0WY4EYM82EYN7VAQVYAYP8X,01M0WWQ9XVXJV1JR4118CY5W09,34,3,1787678776454,TRUE,2026-08-25T17:26:05Z,2026-08-25T17:26:16Z,01M0WY0ENCGBGZ9MKY7CZKA71D,1787678765537
01M0WY8DAEK9ZTS1YE2D57S3QA,01M0WWQ9XT2Q7RF2RHNCTTRDNK,23,2,1787679479694,TRUE,2026-08-25T17:37:26Z,2026-08-25T17:37:59Z,01M0WY1FH5WQS14DQ3V446M8AM,1787679445910
01M0WY8DAEK9ZTS1YE2D57S3QA,01M0WWQ9XT2Q7RF2RHNCTTRDNK,23,2,1787679479694,TRUE,2026-08-25T17:37:26Z,2026-08-25T17:37:59Z,01M0WY1V9QET0HYE5N0547967Y,1787679446696
01M0WY96EVCAX7AKFRHK9Q6BVM,01M0WWQAZPP7VBJF1WXDE2YKFW,39,4,1787680278585,TRUE,2026-08-25T17:50:46Z,2026-08-25T17:51:17Z,01M0WXSYNRXCYGT80QAR430CBD,1787680246754
01M0WY96EVCAX7AKFRHK9Q6BVM,01M0WWQAZPP7VBJF1WXDE2YKFW,39,4,1787680278585,TRUE,2026-08-25T17:50:46Z,2026-08-25T17:51:17Z,01M0WY2T8PBZPVGKC7BWFHJ59J,1787680247173
01M0WYEESR5GTN2HBNN0R95AAG,01M0WWQAZRRWZPK3N7VE24RFV2,8,1,NA,NA,NA,2026-08-25T17:10:50Z,NA,NA
01M0WXGEG1T2FDEDH4P583RGT0,01M0WWQ74ND1AHANTF309RNWJE,44,4,NA,NA,NA,2026-08-25T16:54:28Z,NA,NA
01M0WXEBC4YZHXQS1RMVZTF0N0,01M0WWQ74M3NWYAJGQB0ESKAD2,28,3,NA,NA,NA,2026-08-25T16:53:18Z,NA,NA
01M0WY8WQXDTBH28CSF6S691WR,01M0WWQAZTRSENW9JN2FSQ4BA7,14,2,1787678420194,TRUE,2026-08-25T17:19:57Z,2026-08-25T17:20:18Z,01M0WY09KXZQGZCXQXZTYFDW8C,1787678398967
01M0WY8WQXDTBH28CSF6S691WR,01M0WWQAZTRSENW9JN2FSQ4BA7,14,2,1787678420194,TRUE,2026-08-25T17:19:57Z,2026-08-25T17:20:18Z,01M0WY0YPE1FGB7GNWHKCY08ZN,1787678397440
01M0WXEB7D85C5EED9WBEDQSFF,01M0WWQ74M3NWYAJGQB0ESKAD2,5,1,NA,FALSE,2026-08-25T17:02:26Z,2026-08-25T17:03:26Z,01M0WWZBDJ6CA985ZGF4JYT3P6,1787677345267
01M0WYEEYK2JEP6VS4ZJPM5GBP,01M0WWQAZRRWZPK3N7VE24RFV2,36,4,NA,NA,NA,2026-08-25T17:10:51Z,NA,NA
01M0WY7G5XCGCNWKGXBF7R5F2N,01M0WWQ9XW83PGVA4HF3WT9HVR,16,2,1787679192427,TRUE,2026-08-25T17:32:45Z,2026-08-25T17:33:12Z,01M0WY0ECEQWZG8FEZD72ENETD,1787679164877
01M0WY7G5XCGCNWKGXBF7R5F2N,01M0WWQ9XW83PGVA4HF3WT9HVR,16,2,1787679192427,TRUE,2026-08-25T17:32:45Z,2026-08-25T17:33:12Z,01M0WXR5QX7RT0467EJCPJ9Y2Y,1787679165133
01M0WY8WKG2ZBFW74X8VKABAZ5,01M0WWQAZTRSENW9JN2FSQ4BA7,22,2,1787678622048,TRUE,2026-08-25T17:23:08Z,2026-08-25T17:23:40Z,01M0WY09KXZQGZCXQXZTYFDW8C,1787678589761
01M0WY8WKG2ZBFW74X8VKABAZ5,01M0WWQAZTRSENW9JN2FSQ4BA7,22,2,1787678622048,TRUE,2026-08-25T17:23:08Z,2026-08-25T17:23:40Z,01M0WY0YPE1FGB7GNWHKCY08ZN,1787678588252
01M0WY96DGR3JJT546F6N7TRKH,01M0WWQAZPP7VBJF1WXDE2YKFW,4,1,1787678934456,FALSE,2026-08-25T17:27:58Z,2026-08-25T17:28:53Z,01M0WXSYNRXCYGT80QAR430CBD,1787678879491
01M0WY96DGR3JJT546F6N7TRKH,01M0WWQAZPP7VBJF1WXDE2YKFW,4,1,1787678934456,FALSE,2026-08-25T17:27:58Z,2026-08-25T17:28:53Z,01M0WY2T8PBZPVGKC7BWFHJ59J,1787678879735
01M0WXAW598VBCFKE1R3EBA066,01M0WWQ74H7CSGCPAHPDSCJ0PV,46,4,1787678823174,TRUE,2026-08-25T17:26:46Z,2026-08-25T17:27:03Z,01M0WX9MXH1SX7Q50079HW9F7E,1787678806255
01M0WXAW598VBCFKE1R3EBA066,01M0WWQ74H7CSGCPAHPDSCJ0PV,46,4,1787678823174,TRUE,2026-08-25T17:26:46Z,2026-08-25T17:27:03Z,01M0WX667JRE4461924BYZ6YJ1,1787678806254
01M0WXEB89ZYG6BR37DA5ZTBSV,01M0WWQ74M3NWYAJGQB0ESKAD2,45,4,NA,NA,NA,2026-08-25T16:53:19Z,NA,NA
01M0WXEBCPJ89WBZ9BJCWGGNPJ,01M0WWQ74M3NWYAJGQB0ESKAD2,31,3,NA,NA,NA,2026-08-25T16:53:18Z,NA,NA
01M0WXGECVR2GRWBNAGB7BJZ90,01M0WWQ74ND1AHANTF309RNWJE,36,4,NA,NA,NA,2026-08-25T16:54:27Z,NA,NA
01M0WY96DK64QDG5CHMXZ4YKBE,01M0WWQAZPP7VBJF1WXDE2YKFW,3,1,1787678876216,TRUE,2026-08-25T17:27:05Z,2026-08-25T17:27:55Z,01M0WY2T8PBZPVGKC7BWFHJ59J,1787678826900
01M0WY96DK64QDG5CHMXZ4YKBE,01M0WWQAZPP7VBJF1WXDE2YKFW,3,1,1787678876216,TRUE,2026-08-25T17:27:05Z,2026-08-25T17:27:55Z,01M0WXSYNRXCYGT80QAR430CBD,1787678826462
01M0WXGECT7GR0R08W36SGM1XV,01M0WWQ74ND1AHANTF309RNWJE,37,4,NA,NA,NA,2026-08-25T16:54:27Z,NA,NA
01M0WY7G5Z3P0M5TSNXAAVCTTW,01M0WWQ9XW83PGVA4HF3WT9HVR,14,2,1787679123790,FALSE,2026-08-25T17:31:36Z,2026-08-25T17:32:03Z,01M0WY0ECEQWZG8FEZD72ENETD,1787679096487
01M0WY7G5Z3P0M5TSNXAAVCTTW,01M0WWQ9XW83PGVA4HF3WT9HVR,14,2,1787679123790,FALSE,2026-08-25T17:31:36Z,2026-08-25T17:32:03Z,01M0WXR5QX7RT0467EJCPJ9Y2Y,1787679096643
01M0WY7GAVMM0EF9WHVMXPMFED,01M0WWQ9XW83PGVA4HF3WT9HVR,45,4,1787679936280,TRUE,2026-08-25T17:44:40Z,2026-08-25T17:45:36Z,01M0WY0ECEQWZG8FEZD72ENETD,1787679880052
01M0WY7GAVMM0EF9WHVMXPMFED,01M0WWQ9XW83PGVA4HF3WT9HVR,45,4,1787679936280,TRUE,2026-08-25T17:44:40Z,2026-08-25T17:45:36Z,01M0WXR5QX7RT0467EJCPJ9Y2Y,1787679880299
01M0WYEER7XX6Y3FB678EGZXZT,01M0WWQAZRRWZPK3N7VE24RFV2,25,3,NA,NA,NA,2026-08-25T17:10:51Z,NA,NA
01M0WYEEY3FPWNBCBT2GYBTT3F,01M0WWQAZRRWZPK3N7VE24RFV2,23,2,NA,NA,NA,2026-08-25T17:10:51Z,NA,NA
01M0WXAW57R2E5VZHPE3TNDKA0,01M0WWQ74H7CSGCPAHPDSCJ0PV,8,1,1787677990558,TRUE,2026-08-25T17:12:42Z,2026-08-25T17:13:10Z,01M0WX667JRE4461924BYZ6YJ1,1787677962716
01M0WXAW57R2E5VZHPE3TNDKA0,01M0WWQ74H7CSGCPAHPDSCJ0PV,8,1,1787677990558,TRUE,2026-08-25T17:12:42Z,2026-08-25T17:13:10Z,01M0WX9MXH1SX7Q50079HW9F7E,1787677962753
01M0WY4F08M244E2T2DJGXC895,01M0WWQ9XVXJV1JR4118CY5W09,47,4,1787679041018,TRUE,2026-08-25T17:30:22Z,2026-08-25T17:30:41Z,01M0WY0C090AZDG2K9X542KKDB,1787679022556
01M0WY4F08M244E2T2DJGXC895,01M0WWQ9XVXJV1JR4118CY5W09,47,4,1787679041018,TRUE,2026-08-25T17:30:22Z,2026-08-25T17:30:41Z,01M0WY0ENCGBGZ9MKY7CZKA71D,1787679022703
01M0WY8WNA45QR5P73F4KCJX54,01M0WWQAZTRSENW9JN2FSQ4BA7,37,4,1787678878536,TRUE,2026-08-25T17:27:51Z,2026-08-25T17:27:58Z,01M0WY0YPE1FGB7GNWHKCY08ZN,1787678871514
01M0WY8WNA45QR5P73F4KCJX54,01M0WWQAZTRSENW9JN2FSQ4BA7,37,4,1787678878536,TRUE,2026-08-25T17:27:51Z,2026-08-25T17:27:58Z,01M0WY09KXZQGZCXQXZTYFDW8C,1787678873003
01M0WXEBBY5N8R093D8MNM08T5,01M0WWQ74M3NWYAJGQB0ESKAD2,26,3,NA,NA,NA,2026-08-25T16:53:18Z,NA,NA
01M0WY96CKBE2B2SVT0H2JRRSY,01M0WWQAZPP7VBJF1WXDE2YKFW,9,1,1787679227170,TRUE,2026-08-25T17:32:50Z,2026-08-25T17:33:46Z,01M0WXSYNRXCYGT80QAR430CBD,1787679171433
01M0WY96CKBE2B2SVT0H2JRRSY,01M0WWQAZPP7VBJF1WXDE2YKFW,9,1,1787679227170,TRUE,2026-08-25T17:32:50Z,2026-08-25T17:33:46Z,01M0WY2T8PBZPVGKC7BWFHJ59J,1787679171818
01M0WY96FSKJQ9CGTXF52Y165A,01M0WWQAZPP7VBJF1WXDE2YKFW,35,3,1787680163946,TRUE,2026-08-25T17:48:58Z,2026-08-25T17:49:23Z,01M0WY2T8PBZPVGKC7BWFHJ59J,1787680140047
01M0WY96FSKJQ9CGTXF52Y165A,01M0WWQAZPP7VBJF1WXDE2YKFW,35,3,1787680163946,TRUE,2026-08-25T17:48:58Z,2026-08-25T17:49:23Z,01M0WXSYNRXCYGT80QAR430CBD,1787680139642
01M0WYEER1ZV6ZK6B8H6GZKFGW,01M0WWQAZRRWZPK3N7VE24RFV2,31,3,NA,NA,NA,2026-08-25T17:10:51Z,NA,NA
01M0WYEEZGKVD1NB64W53PZ3WW,01M0WWQAZRRWZPK3N7VE24RFV2,34,3,NA,NA,NA,2026-08-25T17:10:51Z,NA,NA
01M0WXAW6G8CMRXJFX6KBRKRDX,01M0WWQ74H7CSGCPAHPDSCJ0PV,7,1,1787677959282,TRUE,2026-08-25T17:12:02Z,2026-08-25T17:12:39Z,01M0WX667JRE4461924BYZ6YJ1,1787677922617
01M0WXAW6G8CMRXJFX6KBRKRDX,01M0WWQ74H7CSGCPAHPDSCJ0PV,7,1,1787677959282,TRUE,2026-08-25T17:12:02Z,2026-08-25T17:12:39Z,01M0WX9MXH1SX7Q50079HW9F7E,1787677922793
01M0WYEF02PBS6H9MP5TM5QPN5,01M0WWQAZRRWZPK3N7VE24RFV2,20,2,NA,NA,NA,2026-08-25T17:10:51Z,NA,NA
01M0WXGED8HTKNMHWS2XDSP446,01M0WWQ74ND1AHANTF309RNWJE,13,2,NA,NA,NA,2026-08-25T16:54:27Z,NA,NA
01M0WY7G5SHQJJCQM9P78P79MA,01M0WWQ9XW83PGVA4HF3WT9HVR,12,2,1787679050636,TRUE,2026-08-25T17:30:31Z,2026-08-25T17:30:50Z,01M0WY0ECEQWZG8FEZD72ENETD,1787679031813
01M0WY7G5SHQJJCQM9P78P79MA,01M0WWQ9XW83PGVA4HF3WT9HVR,12,2,1787679050636,TRUE,2026-08-25T17:30:31Z,2026-08-25T17:30:50Z,01M0WXR5QX7RT0467EJCPJ9Y2Y,1787679031975
01M0WY8D59S63V3JZJ0WZJWYYX,01M0WWQ9XT2Q7RF2RHNCTTRDNK,5,1,1787678776638,TRUE,2026-08-25T17:25:42Z,2026-08-25T17:26:16Z,01M0WY1V9QET0HYE5N0547967Y,1787678743183
01M0WY8D59S63V3JZJ0WZJWYYX,01M0WWQ9XT2Q7RF2RHNCTTRDNK,5,1,1787678776638,TRUE,2026-08-25T17:25:42Z,2026-08-25T17:26:16Z,01M0WY1FH5WQS14DQ3V446M8AM,1787678742235
01M0WXEBBKZ039C9ZA2E5C9V7S,01M0WWQ74M3NWYAJGQB0ESKAD2,21,2,NA,NA,NA,2026-08-25T16:53:18Z,NA,NA
01M0WXGEEDP89THXQTQRJ8KG49,01M0WWQ74ND1AHANTF309RNWJE,11,1,NA,FALSE,2026-08-25T17:18:27Z,2026-08-25T17:19:27Z,01M0WWVKKHKMSSWB9WS1N6GRNZ,1787678307219
01M0WXAWB0BFNFZQZ25HW26B8S,01M0WWQ74H7CSGCPAHPDSCJ0PV,33,3,1787678556740,TRUE,2026-08-25T17:22:25Z,2026-08-25T17:22:36Z,01M0WX9MXH1SX7Q50079HW9F7E,1787678546193
01M0WXAWB0BFNFZQZ25HW26B8S,01M0WWQ74H7CSGCPAHPDSCJ0PV,33,3,1787678556740,TRUE,2026-08-25T17:22:25Z,2026-08-25T17:22:36Z,01M0WX667JRE4461924BYZ6YJ1,1787678546002
01M0WXEB65VN8VRR64C62KT2J2,01M0WWQ74M3NWYAJGQB0ESKAD2,1,1,1787677203087,FALSE,2026-08-25T16:59:39Z,2026-08-25T17:00:03Z,01M0WX6P9Z1RRJ4EYT8244HGBW,1787677179907
01M0WXEB65VN8VRR64C62KT2J2,01M0WWQ74M3NWYAJGQB0ESKAD2,1,1,1787677203087,FALSE,2026-08-25T16:59:39Z,2026-08-25T17:00:03Z,01M0WWZBDJ6CA985ZGF4JYT3P6,1787677178346
01M0WXEB66246Z08B0NAYCR3E8,01M0WWQ74M3NWYAJGQB0ESKAD2,2,1,1787677232604,FALSE,2026-08-25T17:00:06Z,2026-08-25T17:00:34Z,01M0WX6P9Z1RRJ4EYT8244HGBW,1787677206621
01M0WXEB66246Z08B0NAYCR3E8,01M0WWQ74M3NWYAJGQB0ESKAD2,2,1,1787677232604,FALSE,2026-08-25T17:00:06Z,2026-08-25T17:00:34Z,01M0WWZBDJ6CA985ZGF4JYT3P6,1787677205059
01M0WY8WKNWA8H9629N5TNQQEG,01M0WWQAZTRSENW9JN2FSQ4BA7,20,2,1787678569532,TRUE,2026-08-25T17:22:36Z,2026-08-25T17:22:48Z,01M0WY09KXZQGZCXQXZTYFDW8C,1787678558252
01M0WY8WKNWA8H9629N5TNQQEG,01M0WWQAZTRSENW9JN2FSQ4BA7,20,2,1787678569532,TRUE,2026-08-25T17:22:36Z,2026-08-25T17:22:48Z,01M0WY0YPE1FGB7GNWHKCY08ZN,1787678556813
01M0WXGEFNGENV5E5QDKK6HHW9,01M0WWQ74ND1AHANTF309RNWJE,0,1,1787677778703,TRUE,2026-08-25T17:08:54Z,2026-08-25T17:09:38Z,01M0WX0T78NE9YVPZSCJ5NTGX1,1787677734139
01M0WXGEFNGENV5E5QDKK6HHW9,01M0WWQ74ND1AHANTF309RNWJE,0,1,1787677778703,TRUE,2026-08-25T17:08:54Z,2026-08-25T17:09:38Z,01M0WWVKKHKMSSWB9WS1N6GRNZ,1787677735097
01M0WY96E70T8WSBPJYRTRDJM4,01M0WWQAZPP7VBJF1WXDE2YKFW,43,4,1787680406331,TRUE,2026-08-25T17:52:52Z,2026-08-25T17:53:25Z,01M0WY2T8PBZPVGKC7BWFHJ59J,1787680373772
01M0WY96E70T8WSBPJYRTRDJM4,01M0WWQAZPP7VBJF1WXDE2YKFW,43,4,1787680406331,TRUE,2026-08-25T17:52:52Z,2026-08-25T17:53:25Z,01M0WXSYNRXCYGT80QAR430CBD,1787680373526
01M0WYEETKANV22XWXSKC724QD,01M0WWQAZRRWZPK3N7VE24RFV2,3,1,NA,FALSE,2026-08-25T17:30:08Z,2026-08-25T17:31:08Z,01M0WYD27PCMGYRRX23HHYX14S,1787679009086
01M0WYEEVVFX0J0S8E0Q4F619Z,01M0WWQAZRRWZPK3N7VE24RFV2,27,3,NA,NA,NA,2026-08-25T17:10:51Z,NA,NA
01M0WXGEB6M7FRBYQ0BH6H08R3,01M0WWQ74ND1AHANTF309RNWJE,34,3,NA,NA,NA,2026-08-25T16:54:27Z,NA,NA
01M0WXGEF0YGMXB455EP6T9PH3,01M0WWQ74ND1AHANTF309RNWJE,19,2,NA,NA,NA,2026-08-25T16:54:27Z,NA,NA
01M0WY7G5YZTZY1P0BASW26M84,01M0WWQ9XW83PGVA4HF3WT9HVR,13,2,1787679092739,TRUE,2026-08-25T17:30:54Z,2026-08-25T17:31:33Z,01M0WXR5QX7RT0467EJCPJ9Y2Y,1787679054199
01M0WY7G5YZTZY1P0BASW26M84,01M0WWQ9XW83PGVA4HF3WT9HVR,13,2,1787679092739,TRUE,2026-08-25T17:30:54Z,2026-08-25T17:31:33Z,01M0WY0ECEQWZG8FEZD72ENETD,1787679054039
01M0WY8D5RX4BP7N0N7SS59WTW,01M0WWQ9XT2Q7RF2RHNCTTRDNK,2,1,1787678670895,FALSE,2026-08-25T17:23:48Z,2026-08-25T17:24:31Z,01M0WY1V9QET0HYE5N0547967Y,1787678629307
01M0WY8D5RX4BP7N0N7SS59WTW,01M0WWQ9XT2Q7RF2RHNCTTRDNK,2,1,1787678670895,FALSE,2026-08-25T17:23:48Z,2026-08-25T17:24:31Z,01M0WY1FH5WQS14DQ3V446M8AM,1787678628430
01M0WY96A1RYC0PTFPN9V3A6C1,01M0WWQAZPP7VBJF1WXDE2YKFW,41,4,1787680345824,TRUE,2026-08-25T17:51:41Z,2026-08-25T17:52:24Z,01M0WXSYNRXCYGT80QAR430CBD,1787680302826
01M0WY96A1RYC0PTFPN9V3A6C1,01M0WWQAZPP7VBJF1WXDE2YKFW,41,4,1787680345824,TRUE,2026-08-25T17:51:41Z,2026-08-25T17:52:24Z,01M0WY2T8PBZPVGKC7BWFHJ59J,1787680303111
01M0WYEETQNPHVXGQJSR1P54WB,01M0WWQAZRRWZPK3N7VE24RFV2,2,1,NA,FALSE,2026-08-25T17:29:05Z,2026-08-25T17:30:05Z,01M0WYD27PCMGYRRX23HHYX14S,1787678945778
01M0WXEB6T53XB31SA725PSRCW,01M0WWQ74M3NWYAJGQB0ESKAD2,11,1,NA,NA,NA,2026-08-25T16:53:18Z,NA,NA
01M0WY8WPZE8P2EF21XW7ZZYVR,01M0WWQAZTRSENW9JN2FSQ4BA7,29,3,1787678769503,TRUE,2026-08-25T17:25:55Z,2026-08-25T17:26:09Z,01M0WY09KXZQGZCXQXZTYFDW8C,1787678756884
01M0WY8WPZE8P2EF21XW7ZZYVR,01M0WWQAZTRSENW9JN2FSQ4BA7,29,3,1787678769503,TRUE,2026-08-25T17:25:55Z,2026-08-25T17:26:09Z,01M0WY0YPE1FGB7GNWHKCY08ZN,1787678755356
01M0WXAW4SBEDQEAEQC25Z7MN2,01M0WWQ74H7CSGCPAHPDSCJ0PV,38,4,1787678670150,TRUE,2026-08-25T17:24:18Z,2026-08-25T17:24:30Z,01M0WX9MXH1SX7Q50079HW9F7E,1787678658373
01M0WXAW4SBEDQEAEQC25Z7MN2,01M0WWQ74H7CSGCPAHPDSCJ0PV,38,4,1787678670150,TRUE,2026-08-25T17:24:18Z,2026-08-25T17:24:30Z,01M0WX667JRE4461924BYZ6YJ1,1787678658272
01M0WXEBDF00G8P8R20MQPYFSJ,01M0WWQ74M3NWYAJGQB0ESKAD2,35,3,NA,NA,NA,2026-08-25T16:53:19Z,NA,NA
01M0WY8WMFCAQKYSFJYZ17TAKD,01M0WWQAZTRSENW9JN2FSQ4BA7,44,4,1787678964294,TRUE,2026-08-25T17:29:11Z,2026-08-25T17:29:22Z,01M0WY0YPE1FGB7GNWHKCY08ZN,1787678951498
01M0WY8WMFCAQKYSFJYZ17TAKD,01M0WWQAZTRSENW9JN2FSQ4BA7,44,4,1787678964294,TRUE,2026-08-25T17:29:11Z,2026-08-25T17:29:22Z,01M0WY09KXZQGZCXQXZTYFDW8C,1787678953017
01M0WXAW3J2XC27KW8X7V6AM2C,01M0WWQ74H7CSGCPAHPDSCJ0PV,1,1,1787677777204,FALSE,2026-08-25T17:09:17Z,2026-08-25T17:09:37Z,01M0WX667JRE4461924BYZ6YJ1,1787677757613
01M0WXAW3J2XC27KW8X7V6AM2C,01M0WWQ74H7CSGCPAHPDSCJ0PV,1,1,1787677777204,FALSE,2026-08-25T17:09:17Z,2026-08-25T17:09:37Z,01M0WX9MXH1SX7Q50079HW9F7E,1787677757742
01M0WXEB7CMEJCN6WCX1HM6RR8,01M0WWQ74M3NWYAJGQB0ESKAD2,4,1,NA,FALSE,2026-08-25T17:01:23Z,2026-08-25T17:02:23Z,01M0WX6P9Z1RRJ4EYT8244HGBW,1787677283993
01M0WXEB7CMEJCN6WCX1HM6RR8,01M0WWQ74M3NWYAJGQB0ESKAD2,4,1,NA,FALSE,2026-08-25T17:01:23Z,2026-08-25T17:02:23Z,01M0WWZBDJ6CA985ZGF4JYT3P6,1787677282087
01M0WY8D8DRCA2WGC3NSTYZQDF,01M0WWQ9XT2Q7RF2RHNCTTRDNK,17,2,1787679225873,FALSE,2026-08-25T17:33:10Z,2026-08-25T17:33:45Z,01M0WY1V9QET0HYE5N0547967Y,1787679191547
01M0WY8D8DRCA2WGC3NSTYZQDF,01M0WWQ9XT2Q7RF2RHNCTTRDNK,17,2,1787679225873,FALSE,2026-08-25T17:33:10Z,2026-08-25T17:33:45Z,01M0WY1FH5WQS14DQ3V446M8AM,1787679190758
01M0WYEEWVAZG981N8V6QEMYN2,01M0WWQAZRRWZPK3N7VE24RFV2,24,3,NA,NA,NA,2026-08-25T17:10:51Z,NA,NA
01M0WY7G753XTA4DS4QMSCW520,01M0WWQ9XW83PGVA4HF3WT9HVR,19,2,1787679272304,TRUE,2026-08-25T17:34:14Z,2026-08-25T17:34:32Z,01M0WY0ECEQWZG8FEZD72ENETD,1787679254049
01M0WY7G753XTA4DS4QMSCW520,01M0WWQ9XW83PGVA4HF3WT9HVR,19,2,1787679272304,TRUE,2026-08-25T17:34:14Z,2026-08-25T17:34:32Z,01M0WXR5QX7RT0467EJCPJ9Y2Y,1787679254212
01M0WY7G9JB725YS1652Q94YSF,01M0WWQ9XW83PGVA4HF3WT9HVR,39,4,1787679769241,TRUE,2026-08-25T17:42:36Z,2026-08-25T17:42:49Z,01M0WXR5QX7RT0467EJCPJ9Y2Y,1787679756599
01M0WY7G9JB725YS1652Q94YSF,01M0WWQ9XW83PGVA4HF3WT9HVR,39,4,1787679769241,TRUE,2026-08-25T17:42:36Z,2026-08-25T17:42:49Z,01M0WY0ECEQWZG8FEZD72ENETD,1787679756416
01M0WYEEPTRYMDAAEA2YJF1H9F,01M0WWQAZRRWZPK3N7VE24RFV2,45,4,NA,NA,NA,2026-08-25T17:10:51Z,NA,NA
01M0WY8DAR54E31SRFCKX0798W,01M0WWQ9XT2Q7RF2RHNCTTRDNK,26,3,1787679569335,TRUE,2026-08-25T17:39:04Z,2026-08-25T17:39:29Z,01M0WY1V9QET0HYE5N0547967Y,1787679545484
01M0WY8DAR54E31SRFCKX0798W,01M0WWQ9XT2Q7RF2RHNCTTRDNK,26,3,1787679569335,TRUE,2026-08-25T17:39:04Z,2026-08-25T17:39:29Z,01M0WY1FH5WQS14DQ3V446M8AM,1787679544699
01M0WY9685FVDBXV7N2ERWS941,01M0WWQAZPP7VBJF1WXDE2YKFW,0,1,1787678706648,TRUE,2026-08-25T17:24:08Z,2026-08-25T17:25:06Z,01M0WXSYNRXCYGT80QAR430CBD,1787678649016
01M0WY9685FVDBXV7N2ERWS941,01M0WWQAZPP7VBJF1WXDE2YKFW,0,1,1787678706648,TRUE,2026-08-25T17:24:08Z,2026-08-25T17:25:06Z,01M0WY2T8PBZPVGKC7BWFHJ59J,1787678649225
01M0WXGEBY4GT2M7ZKCGZ7T4A7,01M0WWQ74ND1AHANTF309RNWJE,8,1,NA,FALSE,2026-08-25T17:15:17Z,2026-08-25T17:16:17Z,01M0WWVKKHKMSSWB9WS1N6GRNZ,1787678117508
01M0WY7G7WXH77PJDAZW8GT0HH,01M0WWQ9XW83PGVA4HF3WT9HVR,27,3,1787679482256,TRUE,2026-08-25T17:37:46Z,2026-08-25T17:38:02Z,01M0WXR5QX7RT0467EJCPJ9Y2Y,1787679466102
01M0WY7G7WXH77PJDAZW8GT0HH,01M0WWQ9XW83PGVA4HF3WT9HVR,27,3,1787679482256,TRUE,2026-08-25T17:37:46Z,2026-08-25T17:38:02Z,01M0WY0ECEQWZG8FEZD72ENETD,1787679465893
01M0WXEBDJN3Y334HQ88M2FQ2S,01M0WWQ74M3NWYAJGQB0ESKAD2,36,4,NA,NA,NA,2026-08-25T16:53:19Z,NA,NA
01M0WY4ETBS2PPZDN6FT6561A3,01M0WWQ9XVXJV1JR4118CY5W09,15,2,1787678407176,TRUE,2026-08-25T17:19:46Z,2026-08-25T17:20:07Z,01M0WY0ENCGBGZ9MKY7CZKA71D,1787678386381
01M0WY4ETBS2PPZDN6FT6561A3,01M0WWQ9XVXJV1JR4118CY5W09,15,2,1787678407176,TRUE,2026-08-25T17:19:46Z,2026-08-25T17:20:07Z,01M0WY0C090AZDG2K9X542KKDB,1787678386105
01M0WY4EV8AY1EX1X5PGYBR0RS,01M0WWQ9XVXJV1JR4118CY5W09,9,1,1787678281125,TRUE,2026-08-25T17:17:38Z,2026-08-25T17:18:01Z,01M0WY0ENCGBGZ9MKY7CZKA71D,1787678258617
01M0WY4EV8AY1EX1X5PGYBR0RS,01M0WWQ9XVXJV1JR4118CY5W09,9,1,1787678281125,TRUE,2026-08-25T17:17:38Z,2026-08-25T17:18:01Z,01M0WY0C090AZDG2K9X542KKDB,1787678258465
01M0WXEB613R883BP7CRQQ1YFM,01M0WWQ74M3NWYAJGQB0ESKAD2,0,1,1787677174950,TRUE,2026-08-25T16:59:11Z,2026-08-25T16:59:36Z,01M0WX6P9Z1RRJ4EYT8244HGBW,1787677151619
01M0WXEB613R883BP7CRQQ1YFM,01M0WWQ74M3NWYAJGQB0ESKAD2,0,1,1787677174950,TRUE,2026-08-25T16:59:11Z,2026-08-25T16:59:36Z,01M0WWZBDJ6CA985ZGF4JYT3P6,1787677150027
01M0WY8D6ZG6SVDWRW7EP6GRJP,01M0WWQ9XT2Q7RF2RHNCTTRDNK,44,4,1787680176519,TRUE,2026-08-25T17:49:14Z,2026-08-25T17:49:36Z,01M0WY1V9QET0HYE5N0547967Y,1787680155261
01M0WY8D6ZG6SVDWRW7EP6GRJP,01M0WWQ9XT2Q7RF2RHNCTTRDNK,44,4,1787680176519,TRUE,2026-08-25T17:49:14Z,2026-08-25T17:49:36Z,01M0WY1FH5WQS14DQ3V446M8AM,1787680154449
01M0WXGEB2FY866XAXH96RGCG2,01M0WWQ74ND1AHANTF309RNWJE,20,2,NA,NA,NA,2026-08-25T16:54:27Z,NA,NA
01M0WY8WPFP15DB2YBHAGAF95J,01M0WWQAZTRSENW9JN2FSQ4BA7,31,3,1787678794294,TRUE,2026-08-25T17:26:24Z,2026-08-25T17:26:34Z,01M0WY09KXZQGZCXQXZTYFDW8C,1787678786090
01M0WY8WPFP15DB2YBHAGAF95J,01M0WWQAZTRSENW9JN2FSQ4BA7,31,3,1787678794294,TRUE,2026-08-25T17:26:24Z,2026-08-25T17:26:34Z,01M0WY0YPE1FGB7GNWHKCY08ZN,1787678784557
01M0WYEESCJ34Y617CCWWYPK5E,01M0WWQAZRRWZPK3N7VE24RFV2,10,1,NA,NA,NA,2026-08-25T17:10:50Z,NA,NA
01M0WYEF10M0Q3DPYNRQ82G981,01M0WWQAZRRWZPK3N7VE24RFV2,17,2,NA,NA,NA,2026-08-25T17:10:51Z,NA,NA
01M0WY4EW4PXHS83RR3E0WHHAP,01M0WWQ9XVXJV1JR4118CY5W09,29,3,1787678698198,TRUE,2026-08-25T17:24:33Z,2026-08-25T17:24:58Z,01M0WY0ENCGBGZ9MKY7CZKA71D,1787678673835
01M0WY4EW4PXHS83RR3E0WHHAP,01M0WWQ9XVXJV1JR4118CY5W09,29,3,1787678698198,TRUE,2026-08-25T17:24:33Z,2026-08-25T17:24:58Z,01M0WY0C090AZDG2K9X542KKDB,1787678673642
01M0WY7G87NZFSD1GS4H01E6AV,01M0WWQ9XW83PGVA4HF3WT9HVR,31,3,1787679590902,TRUE,2026-08-25T17:39:29Z,2026-08-25T17:39:51Z,01M0WY0ECEQWZG8FEZD72ENETD,1787679569227
01M0WY7G87NZFSD1GS4H01E6AV,01M0WWQ9XW83PGVA4HF3WT9HVR,31,3,1787679590902,TRUE,2026-08-25T17:39:29Z,2026-08-25T17:39:51Z,01M0WXR5QX7RT0467EJCPJ9Y2Y,1787679569512
01M0WY8WK2PQ29JX6CJ3H0PSHR,01M0WWQAZTRSENW9JN2FSQ4BA7,27,3,1787678733238,TRUE,2026-08-25T17:25:15Z,2026-08-25T17:25:33Z,01M0WY0YPE1FGB7GNWHKCY08ZN,1787678715721
01M0WY8WK2PQ29JX6CJ3H0PSHR,01M0WWQAZTRSENW9JN2FSQ4BA7,27,3,1787678733238,TRUE,2026-08-25T17:25:15Z,2026-08-25T17:25:33Z,01M0WY09KXZQGZCXQXZTYFDW8C,1787678717252
01M0WXGEBS8X17E3S2V6NPZRBY,01M0WWQ74ND1AHANTF309RNWJE,21,2,NA,NA,NA,2026-08-25T16:54:27Z,NA,NA
01M0WXGECB5YZGX1VCX5V2SMAM,01M0WWQ74ND1AHANTF309RNWJE,41,4,NA,NA,NA,2026-08-25T16:54:27Z,NA,NA
01M0WY4EZ9GG2NZRGYB3R0ZCT3,01M0WWQ9XVXJV1JR4118CY5W09,38,4,1787678862041,TRUE,2026-08-25T17:27:17Z,2026-08-25T17:27:42Z,01M0WY0C090AZDG2K9X542KKDB,1787678837389
01M0WY4EZ9GG2NZRGYB3R0ZCT3,01M0WWQ9XVXJV1JR4118CY5W09,38,4,1787678862041,TRUE,2026-08-25T17:27:17Z,2026-08-25T17:27:42Z,01M0WY0ENCGBGZ9MKY7CZKA71D,1787678837589
01M0WY7G5CRHN1S2W9HVNF4PX3,01M0WWQ9XW83PGVA4HF3WT9HVR,8,1,1787678879904,TRUE,2026-08-25T17:27:21Z,2026-08-25T17:28:00Z,01M0WXR5QX7RT0467EJCPJ9Y2Y,1787678841775
01M0WY7G5CRHN1S2W9HVNF4PX3,01M0WWQ9XW83PGVA4HF3WT9HVR,8,1,1787678879904,TRUE,2026-08-25T17:27:21Z,2026-08-25T17:28:00Z,01M0WY0ECEQWZG8FEZD72ENETD,1787678841554
01M0WY8WVDH75AK6D1W39JHEJ0,01M0WWQAZTRSENW9JN2FSQ4BA7,2,1,1787677989630,TRUE,2026-08-25T17:12:15Z,2026-08-25T17:13:08Z,01M0WY09KXZQGZCXQXZTYFDW8C,1787677937124
01M0WY8WVDH75AK6D1W39JHEJ0,01M0WWQAZTRSENW9JN2FSQ4BA7,2,1,1787677989630,TRUE,2026-08-25T17:12:15Z,2026-08-25T17:13:08Z,01M0WY0YPE1FGB7GNWHKCY08ZN,1787677935500
01M0WXAW64FY1CGPWHBFFM7P4X,01M0WWQ74H7CSGCPAHPDSCJ0PV,15,2,1787678201085,TRUE,2026-08-25T17:16:03Z,2026-08-25T17:16:41Z,01M0WX9MXH1SX7Q50079HW9F7E,1787678163828
01M0WXAW64FY1CGPWHBFFM7P4X,01M0WWQ74H7CSGCPAHPDSCJ0PV,15,2,1787678201085,TRUE,2026-08-25T17:16:03Z,2026-08-25T17:16:41Z,01M0WX667JRE4461924BYZ6YJ1,1787678163680
01M0WXGEBDF2F0ZJA4H41S3AV1,01M0WWQ74ND1AHANTF309RNWJE,12,2,NA,NA,NA,2026-08-25T16:54:27Z,NA,NA
01M0WY4ETD41E6R78QNNYKWMSC,01M0WWQ9XVXJV1JR4118CY5W09,16,2,1787678442409,TRUE,2026-08-25T17:20:10Z,2026-08-25T17:20:42Z,01M0WY0C090AZDG2K9X542KKDB,1787678410477
01M0WY4ETD41E6R78QNNYKWMSC,01M0WWQ9XVXJV1JR4118CY5W09,16,2,1787678442409,TRUE,2026-08-25T17:20:10Z,2026-08-25T17:20:42Z,01M0WY0ENCGBGZ9MKY7CZKA71D,1787678410623
01M0WY7G4DA9ETP6XQ259BR0SD,01M0WWQ9XW83PGVA4HF3WT9HVR,2,1,1787678590872,FALSE,2026-08-25T17:22:36Z,2026-08-25T17:23:10Z,01M0WXR5QX7RT0467EJCPJ9Y2Y,1787678556556
01M0WY7G4DA9ETP6XQ259BR0SD,01M0WWQ9XW83PGVA4HF3WT9HVR,2,1,1787678590872,FALSE,2026-08-25T17:22:36Z,2026-08-25T17:23:10Z,01M0WY0ECEQWZG8FEZD72ENETD,1787678556333
01M0WY8DB5E5GRZ0C0W70SQVFJ,01M0WWQ9XT2Q7RF2RHNCTTRDNK,28,3,1787679656226,TRUE,2026-08-25T17:40:23Z,2026-08-25T17:40:56Z,01M0WY1FH5WQS14DQ3V446M8AM,1787679623666
01M0WY8DB5E5GRZ0C0W70SQVFJ,01M0WWQ9XT2Q7RF2RHNCTTRDNK,28,3,1787679656226,TRUE,2026-08-25T17:40:23Z,2026-08-25T17:40:56Z,01M0WY1V9QET0HYE5N0547967Y,1787679624533
01M0WY8D5NGYYKGTV1JP84TW5Z,01M0WWQ9XT2Q7RF2RHNCTTRDNK,34,3,1787679886461,TRUE,2026-08-25T17:44:17Z,2026-08-25T17:44:46Z,01M0WY1FH5WQS14DQ3V446M8AM,1787679857463
01M0WY8D5NGYYKGTV1JP84TW5Z,01M0WWQ9XT2Q7RF2RHNCTTRDNK,34,3,1787679886461,TRUE,2026-08-25T17:44:17Z,2026-08-25T17:44:46Z,01M0WY1V9QET0HYE5N0547967Y,1787679858277
01M0WY8WQ1X78VV8NE687CA56V,01M0WWQAZTRSENW9JN2FSQ4BA7,28,3,1787678753410,TRUE,2026-08-25T17:25:36Z,2026-08-25T17:25:52Z,01M0WY0YPE1FGB7GNWHKCY08ZN,1787678736576
01M0WY8WQ1X78VV8NE687CA56V,01M0WWQAZTRSENW9JN2FSQ4BA7,28,3,1787678753410,TRUE,2026-08-25T17:25:36Z,2026-08-25T17:25:52Z,01M0WY09KXZQGZCXQXZTYFDW8C,1787678738109
01M0WYEESG9RV48RPBKDEMY0GX,01M0WWQAZRRWZPK3N7VE24RFV2,9,1,NA,NA,NA,2026-08-25T17:10:50Z,NA,NA
01M0WXAWAYSZYQG2G9VK5QTMW6,01M0WWQ74H7CSGCPAHPDSCJ0PV,31,3,1787678529019,TRUE,2026-08-25T17:21:38Z,2026-08-25T17:22:09Z,01M0WX667JRE4461924BYZ6YJ1,1787678498177
01M0WXAWAYSZYQG2G9VK5QTMW6,01M0WWQ74H7CSGCPAHPDSCJ0PV,31,3,1787678529019,TRUE,2026-08-25T17:21:38Z,2026-08-25T17:22:09Z,01M0WX9MXH1SX7Q50079HW9F7E,1787678498274
01M0WY4EZN76KEWCDRXE0BCXH5,01M0WWQ9XVXJV1JR4118CY5W09,41,4,1787678905572,TRUE,2026-08-25T17:28:15Z,2026-08-25T17:28:25Z,01M0WY0ENCGBGZ9MKY7CZKA71D,1787678896166
01M0WY4EZN76KEWCDRXE0BCXH5,01M0WWQ9XVXJV1JR4118CY5W09,41,4,1787678905572,TRUE,2026-08-25T17:28:15Z,2026-08-25T17:28:25Z,01M0WY0C090AZDG2K9X542KKDB,1787678895963
01M0WY8DANEE04SZP2WVVS33FX,01M0WWQ9XT2Q7RF2RHNCTTRDNK,25,3,1787679542020,TRUE,2026-08-25T17:38:33Z,2026-08-25T17:39:01Z,01M0WY1FH5WQS14DQ3V446M8AM,1787679513419
01M0WY8DANEE04SZP2WVVS33FX,01M0WWQ9XT2Q7RF2RHNCTTRDNK,25,3,1787679542020,TRUE,2026-08-25T17:38:33Z,2026-08-25T17:39:01Z,01M0WY1V9QET0HYE5N0547967Y,1787679514208
01M0WYEERTNTG7AQ5CAG7TN9BN,01M0WWQAZRRWZPK3N7VE24RFV2,13,2,NA,NA,NA,2026-08-25T17:10:51Z,NA,NA
01M0WYEEZ4QKGCHFW2R7994MPM,01M0WWQAZRRWZPK3N7VE24RFV2,35,3,NA,NA,NA,2026-08-25T17:10:51Z,NA,NA
01M0WXAW5D7MAAM7NXFQA14XN6,01M0WWQ74H7CSGCPAHPDSCJ0PV,11,1,1787678089430,TRUE,2026-08-25T17:14:13Z,2026-08-25T17:14:49Z,01M0WX667JRE4461924BYZ6YJ1,1787678053484
01M0WXAW5D7MAAM7NXFQA14XN6,01M0WWQ74H7CSGCPAHPDSCJ0PV,11,1,1787678089430,TRUE,2026-08-25T17:14:13Z,2026-08-25T17:14:49Z,01M0WX9MXH1SX7Q50079HW9F7E,1787678053551
01M0WXEB6ZJAEKKKHH2BRFB8K3,01M0WWQ74M3NWYAJGQB0ESKAD2,43,4,NA,NA,NA,2026-08-25T16:53:19Z,NA,NA
01M0WY7G5FQ4V999YEMXXH0VQC,01M0WWQ9XW83PGVA4HF3WT9HVR,9,1,1787678929453,TRUE,2026-08-25T17:28:03Z,2026-08-25T17:28:49Z,01M0WY0ECEQWZG8FEZD72ENETD,1787678883175
01M0WY7G5FQ4V999YEMXXH0VQC,01M0WWQ9XW83PGVA4HF3WT9HVR,9,1,1787678929453,TRUE,2026-08-25T17:28:03Z,2026-08-25T17:28:49Z,01M0WXR5QX7RT0467EJCPJ9Y2Y,1787678883360
01M0WYEEVQRQ3R709ZG7R4C1M9,01M0WWQAZRRWZPK3N7VE24RFV2,28,3,NA,NA,NA,2026-08-25T17:10:51Z,NA,NA
01M0WYEF0H9BPD2NEHQC4E8BAQ,01M0WWQAZRRWZPK3N7VE24RFV2,18,2,NA,NA,NA,2026-08-25T17:10:51Z,NA,NA
01M0WY8WKZP9NH429E385K1ZHC,01M0WWQAZTRSENW9JN2FSQ4BA7,16,2,1787678466090,TRUE,2026-08-25T17:20:50Z,2026-08-25T17:21:04Z,01M0WY0YPE1FGB7GNWHKCY08ZN,1787678450518
01M0WY8WKZP9NH429E385K1ZHC,01M0WWQAZTRSENW9JN2FSQ4BA7,16,2,1787678466090,TRUE,2026-08-25T17:20:50Z,2026-08-25T17:21:04Z,01M0WY09KXZQGZCXQXZTYFDW8C,1787678452026
01M0WY8WM32FNG2JE202Q6ZZEJ,01M0WWQAZTRSENW9JN2FSQ4BA7,47,4,1787678996186,TRUE,2026-08-25T17:29:47Z,2026-08-25T17:29:56Z,01M0WY09KXZQGZCXQXZTYFDW8C,1787678988680
01M0WY8WM32FNG2JE202Q6ZZEJ,01M0WWQAZTRSENW9JN2FSQ4BA7,47,4,1787678996186,TRUE,2026-08-25T17:29:47Z,2026-08-25T17:29:56Z,01M0WY0YPE1FGB7GNWHKCY08ZN,1787678987182
01M0WY8WN5RB5JF4N3A57Q34HN,01M0WWQAZTRSENW9JN2FSQ4BA7,41,4,1787678926712,TRUE,2026-08-25T17:28:41Z,2026-08-25T17:28:46Z,01M0WY0YPE1FGB7GNWHKCY08ZN,1787678921282
01M0WY8WN5RB5JF4N3A57Q34HN,01M0WWQAZTRSENW9JN2FSQ4BA7,41,4,1787678926712,TRUE,2026-08-25T17:28:41Z,2026-08-25T17:28:46Z,01M0WY09KXZQGZCXQXZTYFDW8C,1787678922800
01M0WXGEG0GMWDF9G4QKQ3W88K,01M0WWQ74ND1AHANTF309RNWJE,38,4,NA,NA,NA,2026-08-25T16:54:27Z,NA,NA
01M0WY4ES8D179KPZE1JQP1T8H,01M0WWQ9XVXJV1JR4118CY5W09,1,1,1787678066712,TRUE,2026-08-25T17:13:43Z,2026-08-25T17:14:26Z,01M0WY0C090AZDG2K9X542KKDB,1787678023190
01M0WY4ES8D179KPZE1JQP1T8H,01M0WWQ9XVXJV1JR4118CY5W09,1,1,1787678066712,TRUE,2026-08-25T17:13:43Z,2026-08-25T17:14:26Z,01M0WY0ENCGBGZ9MKY7CZKA71D,1787678023296
01M0WY8D7NQT3GYWF5VQ9NSEAZ,01M0WWQ9XT2Q7RF2RHNCTTRDNK,10,1,1787678986084,FALSE,2026-08-25T17:28:55Z,2026-08-25T17:29:46Z,01M0WY1FH5WQS14DQ3V446M8AM,1787678935788
01M0WY8D7NQT3GYWF5VQ9NSEAZ,01M0WWQ9XT2Q7RF2RHNCTTRDNK,10,1,1787678986084,FALSE,2026-08-25T17:28:55Z,2026-08-25T17:29:46Z,01M0WY1V9QET0HYE5N0547967Y,1787678936646
01M0WY96B6Q147131RRXXMS6GX,01M0WWQAZPP7VBJF1WXDE2YKFW,15,2,1787679529890,TRUE,2026-08-25T17:38:00Z,2026-08-25T17:38:48Z,01M0WXSYNRXCYGT80QAR430CBD,1787679481512
01M0WY96B6Q147131RRXXMS6GX,01M0WWQAZPP7VBJF1WXDE2YKFW,15,2,1787679529890,TRUE,2026-08-25T17:38:00Z,2026-08-25T17:38:48Z,01M0WY2T8PBZPVGKC7BWFHJ59J,1787679481954
01M0WXGEAZFX6WHDZZX3266CE4,01M0WWQ74ND1AHANTF309RNWJE,45,4,NA,NA,NA,2026-08-25T16:54:28Z,NA,NA
01M0WY4ESQ2BRVNFPKJ7QCJHK7,01M0WWQ9XVXJV1JR4118CY5W09,7,1,1787678227770,TRUE,2026-08-25T17:16:47Z,2026-08-25T17:17:07Z,01M0WY0C090AZDG2K9X542KKDB,1787678207869
01M0WY4ESQ2BRVNFPKJ7QCJHK7,01M0WWQ9XVXJV1JR4118CY5W09,7,1,1787678227770,TRUE,2026-08-25T17:16:47Z,2026-08-25T17:17:07Z,01M0WY0ENCGBGZ9MKY7CZKA71D,1787678208051
01M0WY4F1WVFXEQV1KS1MTXDJ5,01M0WWQ9XVXJV1JR4118CY5W09,43,4,1787678939194,TRUE,2026-08-25T17:28:41Z,2026-08-25T17:28:59Z,01M0WY0C090AZDG2K9X542KKDB,1787678921561
01M0WY4F1WVFXEQV1KS1MTXDJ5,01M0WWQ9XVXJV1JR4118CY5W09,43,4,1787678939194,TRUE,2026-08-25T17:28:41Z,2026-08-25T17:28:59Z,01M0WY0ENCGBGZ9MKY7CZKA71D,1787678921721
01M0WY968MG2PG96FZXNBECRM2,01M0WWQAZPP7VBJF1WXDE2YKFW,8,1,1787679167221,TRUE,2026-08-25T17:32:02Z,2026-08-25T17:32:47Z,01M0WY2T8PBZPVGKC7BWFHJ59J,1787679123199
01M0WY968MG2PG96FZXNBECRM2,01M0WWQAZPP7VBJF1WXDE2YKFW,8,1,1787679167221,TRUE,2026-08-25T17:32:02Z,2026-08-25T17:32:47Z,01M0WXSYNRXCYGT80QAR430CBD,1787679122950
01M0WY96CP8T2PX10CHC9S92HB,01M0WWQAZPP7VBJF1WXDE2YKFW,6,1,1787679058697,FALSE,2026-08-25T17:29:59Z,2026-08-25T17:30:58Z,01M0WY2T8PBZPVGKC7BWFHJ59J,1787679000535
01M0WY96CP8T2PX10CHC9S92HB,01M0WWQAZPP7VBJF1WXDE2YKFW,6,1,1787679058697,FALSE,2026-08-25T17:29:59Z,2026-08-25T17:30:58Z,01M0WXSYNRXCYGT80QAR430CBD,1787679000107
01M0WYEEQCC80S9YNZQPPHVRTV,01M0WWQAZRRWZPK3N7VE24RFV2,39,4,NA,NA,NA,2026-08-25T17:10:51Z,NA,NA
01M0WXEBE1SM55DR3W3J9GQJRH,01M0WWQ74M3NWYAJGQB0ESKAD2,37,4,NA,NA,NA,2026-08-25T16:53:19Z,NA,NA
01M0WY96G0GQ1X6T2J8TQ7EEGT,01M0WWQAZPP7VBJF1WXDE2YKFW,34,3,1787680136064,TRUE,2026-08-25T17:48:39Z,2026-08-25T17:48:55Z,01M0WXSYNRXCYGT80QAR430CBD,1787680120115
01M0WY96G0GQ1X6T2J8TQ7EEGT,01M0WWQAZPP7VBJF1WXDE2YKFW,34,3,1787680136064,TRUE,2026-08-25T17:48:39Z,2026-08-25T17:48:55Z,01M0WY2T8PBZPVGKC7BWFHJ59J,1787680120333
01M0WXGEH7Q0CNMJYD4WH5M02S,01M0WWQ74ND1AHANTF309RNWJE,22,2,NA,NA,NA,2026-08-25T16:54:27Z,NA,NA
01M0WY7GAC3SF2HT8D1YF5T90E,01M0WWQ9XW83PGVA4HF3WT9HVR,42,4,1787679839579,TRUE,2026-08-25T17:43:43Z,2026-08-25T17:43:59Z,01M0WY0ECEQWZG8FEZD72ENETD,1787679823266
01M0WY7GAC3SF2HT8D1YF5T90E,01M0WWQ9XW83PGVA4HF3WT9HVR,42,4,1787679839579,TRUE,2026-08-25T17:43:43Z,2026-08-25T17:43:59Z,01M0WXR5QX7RT0467EJCPJ9Y2Y,1787679823436
01M0WY8DBB24GYE3D4A0VKQRPW,01M0WWQ9XT2Q7RF2RHNCTTRDNK,30,3,1787679729211,TRUE,2026-08-25T17:41:44Z,2026-08-25T17:42:09Z,01M0WY1FH5WQS14DQ3V446M8AM,1787679704018
01M0WY8DBB24GYE3D4A0VKQRPW,01M0WWQ9XT2Q7RF2RHNCTTRDNK,30,3,1787679729211,TRUE,2026-08-25T17:41:44Z,2026-08-25T17:42:09Z,01M0WY1V9QET0HYE5N0547967Y,1787679704845
01M0WY96AERDK30AXYN9V8TM7C,01M0WWQAZPP7VBJF1WXDE2YKFW,26,3,1787679915232,TRUE,2026-08-25T17:44:51Z,2026-08-25T17:45:14Z,01M0WXSYNRXCYGT80QAR430CBD,1787679892273
01M0WY96AERDK30AXYN9V8TM7C,01M0WWQAZPP7VBJF1WXDE2YKFW,26,3,1787679915232,TRUE,2026-08-25T17:44:51Z,2026-08-25T17:45:14Z,01M0WY2T8PBZPVGKC7BWFHJ59J,1787679892443
01M0WY7G723ER3P6A4X3C5NTQN,01M0WWQ9XW83PGVA4HF3WT9HVR,18,2,1787679250614,TRUE,2026-08-25T17:33:50Z,2026-08-25T17:34:10Z,01M0WXR5QX7RT0467EJCPJ9Y2Y,1787679230535
01M0WY7G723ER3P6A4X3C5NTQN,01M0WWQ9XW83PGVA4HF3WT9HVR,18,2,1787679250614,TRUE,2026-08-25T17:33:50Z,2026-08-25T17:34:10Z,01M0WY0ECEQWZG8FEZD72ENETD,1787679230379
01M0WY8WKDCE3EJGCZB8H1YRVN,01M0WWQAZTRSENW9JN2FSQ4BA7,24,3,1787678677359,TRUE,2026-08-25T17:24:13Z,2026-08-25T17:24:35Z,01M0WY0YPE1FGB7GNWHKCY08ZN,1787678653906
01M0WY8WKDCE3EJGCZB8H1YRVN,01M0WWQAZTRSENW9JN2FSQ4BA7,24,3,1787678677359,TRUE,2026-08-25T17:24:13Z,2026-08-25T17:24:35Z,01M0WY09KXZQGZCXQXZTYFDW8C,1787678655421
01M0WY8WNKP86N08919QZ7NSTT,01M0WWQAZTRSENW9JN2FSQ4BA7,36,4,1787678869543,TRUE,2026-08-25T17:27:41Z,2026-08-25T17:27:48Z,01M0WY0YPE1FGB7GNWHKCY08ZN,1787678861414
01M0WY8WNKP86N08919QZ7NSTT,01M0WWQAZTRSENW9JN2FSQ4BA7,36,4,1787678869543,TRUE,2026-08-25T17:27:41Z,2026-08-25T17:27:48Z,01M0WY09KXZQGZCXQXZTYFDW8C,1787678862969
