roundID,gameID,trialNum,playerID,text,director_msg
01M1PW3TE4H097H4QPNJZ6PWPG,01M1PVPVN19AKJQXAJWG447XT1,27,01M1PVV4T08CWVFCAHVD9FMRR2,boat shape over rectangle over four triangle feet,TRUE
01M1PW7ETRJM25XHP1ZNEGJ02T,01M1PVPWZ7KQZN2DHXW0TTKG9P,29,01M1PVVTM3JYE18KKXW2DCV15S,most jagged shape,TRUE
01M1PW7EW0F2MVGTE85DBN23VZ,01M1PVPWZ7KQZN2DHXW0TTKG9P,24,01M1PVZ3NBFP4RQAMM34F5EPHD,fish kissing a diamond,TRUE
01M1PWEJ7VF7Z534GJ53K731V3,01M1PVPXF92SZVFC9KBGN1TRXM,7,01M1PVVCHSJDKDCMNAX28C9KTM,it looks like a fish swimming to the right with a flat edge,TRUE
01M1PW41J09XQVVRHEEKJYC3DA,01M1PVPTMYJEMSH2D4PPK54AQC,43,01M1PVV1FSQ931Q08DC040FF4H,sideways candleabra,TRUE
01M1PWG1EDNGZSPH6YM5M2AMGN,01M1PVPY02TEGASTZW7B0B44PE,19,01M1PW1KKGDQJPNSP87YDPE8Y2,s shape with top T,TRUE
01M1PW50ZC0V48Y042F1REB5MV,01M1PVPVN43CJ2ZQS2FA0GJ1TX,4,01M1PVW97TC4GVFYDVFB1SJ9WH,"It looks like a space ship, with an underlay of a long line and a turned square near it's thruster/exhaust.",TRUE
01M1PW51661HBKZF613B3E0WNK,01M1PVPVN43CJ2ZQS2FA0GJ1TX,21,01M1PVW5BM9J57HJX5KJ260RG3,this is the one with the single diamond at the bottom and a big with septagon in the middle of a black rectangle on top,TRUE
01M1PW51661HBKZF613B3E0WNK,01M1PVPVN43CJ2ZQS2FA0GJ1TX,21,01M1PVW5BM9J57HJX5KJ260RG3,sectagon.... 6 sided thing lol,TRUE
01M1PWEJS832R4SAG0GCNBTBCB,01M1PVPXF92SZVFC9KBGN1TRXM,39,01M1PVVCHSJDKDCMNAX28C9KTM,"scorpion, spikes on right and tail on left",TRUE
01M1PW1ZH7A88RDWJS42GAGSAN,01M1PVPTMX8QBBEQ1CAWS8Y65C,3,01M1PVVDJXTQ0S1H8V336MES03,"side ways M, top is a ]",TRUE
01M1PW2VR2BZ9SHHY290MRBQZ4,01M1PVPTMT2TF5TMW6DY08RG1A,19,01M1PVVTHSCRB56WAFX0KRCSX2,4 triangle peaks,TRUE
01M1PW3TJFTB00WNGFTA61GQZE,01M1PVPVN19AKJQXAJWG447XT1,44,01M1PVVZD69SDYBBAB5MDTZSCB,square 2 triangles,TRUE
01M1PW6KQNMQ1XTAEN0FKD1SJK,01M1PVPWZ82WNHXNHFM772HZSY,15,01M1PVV2HGBFFFP8TQ2JTHYBNF,perfume bottle turned on it's side no space,TRUE
01M1PWGJCATE1CDZB0JP4KT7E5,01M1PVPXF8XP3FTSCWE2SZ4KAJ,38,01M1PW23TCTCTWR44KF0HW1TG2,on the right 3 triangles and a tail at the back,TRUE
01M1PWGJCATE1CDZB0JP4KT7E5,01M1PVPXF8XP3FTSCWE2SZ4KAJ,38,01M1PW23TCTCTWR44KF0HW1TG2,crocket U shape,TRUE
01M1PW157WMB3XTCPJXYG7RT7S,01M1PVPSFBNZXW40G11G9DGVKY,41,01M1PVTZDZSFSRFW0Y011447D5,Dino shape,TRUE
01M1PW615DK1V9XPEK8A51RZNP,01M1PVPWEFJ67VYTWGSHJ4XJ33,28,01M1PVW7YQ0ZCTA6RRXWJ4B3KT,white hexagon,TRUE
01M1PWBQRRZQSCFGR7858AWBKD,01M1PVPY0135RYKX6QNWJW9HQ7,2,01M1PVW5G591MZ9WXE41XZDX0Y,diamond on the bottom,TRUE
01M1PWG1JDDZSGA5782V1RSKJC,01M1PVPY02TEGASTZW7B0B44PE,11,01M1PW1KKGDQJPNSP87YDPE8Y2,winged right,TRUE
01M1PWG1JDDZSGA5782V1RSKJC,01M1PVPY02TEGASTZW7B0B44PE,11,01M1PWAKPMFG2PF8ZD5WBT5ANA,i need more than that,FALSE
01M1PWG1JDDZSGA5782V1RSKJC,01M1PVPY02TEGASTZW7B0B44PE,11,01M1PW1KKGDQJPNSP87YDPE8Y2,s with lines,TRUE
01M1PW1ZGMN2DQPWC8GZH415ES,01M1PVPTMX8QBBEQ1CAWS8Y65C,9,01M1PVVDJXTQ0S1H8V336MES03,"left side half a 0, right side spiky comb facing right side",TRUE
01M1PW3TDSJ50ZQKCNEYFGNQB2,01M1PVPVN19AKJQXAJWG447XT1,26,01M1PVVZD69SDYBBAB5MDTZSCB,4 triangle feet,TRUE
01M1PW5128R503BCXV9BRHPYDF,01M1PVPVN43CJ2ZQS2FA0GJ1TX,35,01M1PVW5BM9J57HJX5KJ260RG3,this is the one your described as a jet or plane with...,TRUE
01M1PW6143C4P94WE36A0DCZ4R,01M1PVPWEFJ67VYTWGSHJ4XJ33,37,01M1PVV71QMXF31FNN88616S34,side ways m,TRUE
01M1PW8ZHPHC9G0KGNPHCJ1RZC,01M1PVPWZ383HA8RRK2RFSW236,34,01M1PW2K6B8GZQ5Z02B5Q0TB2A,4 spikes,TRUE
01M1PW2VSG9YNMDVSKFEJ9CJQ4,01M1PVPTMT2TF5TMW6DY08RG1A,14,01M1PVVYCG3ZV9Y0QVDS434K08,triangel pointing left on the far right,TRUE
01M1PW6Y63DD31HJNSDD68BT9N,01M1PVPWEJQS052PE7X7E1TZK9,19,01M1PVVX5KFM5CFX55QQRWNDX8,boat on pincers,TRUE
01M1PW0KHHQJ2Q16WW2XSW12FK,01M1PVPSF9NDAT0BF7G6FNHKYQ,44,01M1PVTRYDJNHHT05DKBKN76E5,table legs with jagged,TRUE
01M1PW41D3CVJV8Z3ZFVWNGWBP,01M1PVPTMYJEMSH2D4PPK54AQC,14,01M1PVXZCG5HBAN48J4YM7CT4J,looks like logo. central column shape with two semi circles either side,TRUE
01M1PW513MTPQWGJN76GTZ32JK,01M1PVPVN43CJ2ZQS2FA0GJ1TX,32,01M1PVW97TC4GVFYDVFB1SJ9WH,The large Z with the flag frills on either side.,TRUE
01M1PW5R2DWVZYWNGBXCDVMWTV,01M1PVPWEGF3RQQ2BZJMHJW5WT,10,01M1PVZMF178XCTABPVTWNQQ3Q,top like a shit bottom like premolar,TRUE
01M1PW1ZGYFPAW1Y36TR9R73S9,01M1PVPTMX8QBBEQ1CAWS8Y65C,6,01M1PVVEHT22G3NCF8EGPQWRYM,middle has a large white cutout shape,TRUE
01M1PW1ZKX29C43BN004ZHPPPS,01M1PVPTMX8QBBEQ1CAWS8Y65C,33,01M1PVVDJXTQ0S1H8V336MES03,rectangle in middle,TRUE
01M1PW9CSJ2491ZSXXJ5QQFS40,01M1PVPXF92SZVFC9KB45KHNG3,3,01M1PVVBRZ3YZPYCQZYDADYMR6,a straight set of sharp teeth to the left,TRUE
01M1PW9CSJ2491ZSXXJ5QQFS40,01M1PVPXF92SZVFC9KB45KHNG3,3,01M1PVVBRZ3YZPYCQZYDADYMR6,the other ones are jagged,TRUE
01M1PWG1B3ZHD5Y2W1KH97RM2W,01M1PVPY02TEGASTZW7B0B44PE,27,01M1PW1KKGDQJPNSP87YDPE8Y2,Tree with triangle head,TRUE
01M1PW3H2CEM5MVXSCJBBAPA34,01M1PVPVN58XQ8WD43NR9G03HY,3,01M1PVY5V93JDTFCY85HPV0HXQ,looks like a t shirt at the top then leads down into a tree like shape. there is a rectangle base at the botom.,TRUE
01M1PW9D1SSPFYC7ES25ZEZBH5,01M1PVPXF92SZVFC9KB45KHNG3,13,01M1PVVBRZ3YZPYCQZYDADYMR6,swan on a podium turned to the right,TRUE
01M1PW0KJ2K3TTVHFKJFW8SGHF,01M1PVPSF9NDAT0BF7G6FNHKYQ,28,01M1PVTRYDJNHHT05DKBKN76E5,O and then a T rotated to the left,TRUE
01M1PW1ZGGXX1NZ6P5PHKWNFS1,01M1PVPTMX8QBBEQ1CAWS8Y65C,11,01M1PVVDJXTQ0S1H8V336MES03,"left side half 0, right side up side ways. without a handle",TRUE
01M1PWBQVHMQNV1BZX6CFWCGPT,01M1PVPY0135RYKX6QNWJW9HQ7,37,01M1PVV5BA5A9YAQJQ9SAGP2BW,bird wings,TRUE
01M1PW5R26Q3GN3R7VPQKFBHSR,01M1PVPWEGF3RQQ2BZJMHJW5WT,9,01M1PVV9N1B5JSVGVHP53ND1FH,"top is a z-shape, bottom is like a birdhouse resting a pole in the center",TRUE
01M1PW6KH51Q2CQT15A1T3PSME,01M1PVPWZ82WNHXNHFM772HZSY,42,01M1PVWG3MVC1D7FV8A8CY40QY,two roof tops on a stand,TRUE
01M1PW156XX1DPMVCA6JP5BED3,01M1PVPSFBNZXW40G11G9DGVKY,28,01M1PVVNH6WEMGKMEM2F9XPCJS,"White rectangular cutout, with two arrows pointing left.",TRUE
01M1PW3T85NB5792D0X26QTT4R,01M1PVPVN19AKJQXAJWG447XT1,6,01M1PVVZD69SDYBBAB5MDTZSCB,looks like a 7,TRUE
01M1PW515GC96DRCYHXR4DS7CH,01M1PVPVN43CJ2ZQS2FA0GJ1TX,24,01M1PVW97TC4GVFYDVFB1SJ9WH,A 3D rendering of papers falling on top of one another in a slow 3 dimensional space.,TRUE
01M1PW6XXV2D4QN77BZGJT9A1M,01M1PVPWEJQS052PE7X7E1TZK9,1,01M1PVVX5KFM5CFX55QQRWNDX8,boat on top of a platform(?),TRUE
01M1PW6XXV2D4QN77BZGJT9A1M,01M1PVPWEJQS052PE7X7E1TZK9,1,01M1PVW75JX1QRKD2FQCCBJ017,Two legs?,FALSE
01M1PW6XXV2D4QN77BZGJT9A1M,01M1PVPWEJQS052PE7X7E1TZK9,1,01M1PVVX5KFM5CFX55QQRWNDX8,"yes, but not the legs with the A patterns",TRUE
01M1PW7EV02T3BG8SKC7QF2PNC,01M1PVPWZ7KQZN2DHXW0TTKG9P,28,01M1PVZ3NBFP4RQAMM34F5EPHD,sideways view of a man wearing a hat,TRUE
01M1PW1ZJSQSNWG17YX6JSJ8C6,01M1PVPTMX8QBBEQ1CAWS8Y65C,0,01M1PVVDJXTQ0S1H8V336MES03,o.o,FALSE
01M1PW1ZJSQSNWG17YX6JSJ8C6,01M1PVPTMX8QBBEQ1CAWS8Y65C,0,01M1PVVDJXTQ0S1H8V336MES03,shape description?,FALSE
01M1PW1ZJSQSNWG17YX6JSJ8C6,01M1PVPTMX8QBBEQ1CAWS8Y65C,0,01M1PVVEHT22G3NCF8EGPQWRYM,"an M with pyramids for the top points, a white cutout in the middle and a 3 sided strip on the right",TRUE
01M1PW6KP4GGB8NEC20CKSRX2Y,01M1PVPWZ82WNHXNHFM772HZSY,18,01M1PVWG3MVC1D7FV8A8CY40QY,elephant trunk with mountain tops on the right side,TRUE
01M1PW9D1AZSXKTB61XXZ2ESP1,01M1PVPXF92SZVFC9KB45KHNG3,12,01M1PVVXW244MSV8KK7TFJHPNZ,the smaller rectangle is cut out,TRUE
01M1PWGHYPVJ8TZDBPH0382NJ2,01M1PVPXF8XP3FTSCWE2SZ4KAJ,7,01M1PVW253SKBG4X7GTPVKZWRC,looks like a dog,TRUE
01M1PW2VN7R3FH25H0BDA468PQ,01M1PVPTMT2TF5TMW6DY08RG1A,33,01M1PVVTHSCRB56WAFX0KRCSX2,),TRUE
01M1PW6Y7803NYNZ7ZBYRFMPY7,01M1PVPWEJQS052PE7X7E1TZK9,22,01M1PVW75JX1QRKD2FQCCBJ017,Shirt on crab,TRUE
01M1PW7F3AKQ293F1CKS9A2KNQ,01M1PVPWZ7KQZN2DHXW0TTKG9P,1,01M1PVVTM3JYE18KKXW2DCV15S,It has a rectangular hole in the middle,TRUE
01M1PWBR47XM1KDRBJ6ZES32JW,01M1PVPY0135RYKX6QNWJW9HQ7,16,01M1PVW5G591MZ9WXE41XZDX0Y,"three points on top, two points on bottom, void in the middle",TRUE
01M1PWGJ76Y89TQKGTM295MXHF,01M1PVPXF8XP3FTSCWE2SZ4KAJ,25,01M1PVW253SKBG4X7GTPVKZWRC,rectangle,TRUE
01M1PW1ZM9BWE6SVTGDB3BHYVS,01M1PVPTMX8QBBEQ1CAWS8Y65C,30,01M1PVVEHT22G3NCF8EGPQWRYM,"half zero, spiky comb",TRUE
01M1PW8ZQ97V90NAKRWWHZHDSX,01M1PVPWZ383HA8RRK2RFSW236,44,01M1PW2K6B8GZQ5Z02B5Q0TB2A,4 spikes,TRUE
01M1PW153BMSS0HK1QHFAEKCB6,01M1PVPSFBNZXW40G11G9DGVKY,5,01M1PVTZDZSFSRFW0Y011447D5,It’s has a long white rectangle cut out in the middle and a spiky right hand side,TRUE
01M1PW1ZF2G5GVSX3K50NWM457,01M1PVPTMX8QBBEQ1CAWS8Y65C,13,01M1PVVDJXTQ0S1H8V336MES03,"half a zero, the one that isnt a cat head",TRUE
01M1PW41BDQAHSTGNAWP8CQJB6,01M1PVPTMYJEMSH2D4PPK54AQC,20,01M1PVXZCG5HBAN48J4YM7CT4J,upside down L on left,TRUE
01M1PW7F5V89QSAG5VJBKY52YH,01M1PVPWZ7KQZN2DHXW0TTKG9P,10,01M1PVZ3NBFP4RQAMM34F5EPHD,4 mountain peaks,TRUE
01M1PW0X811RCBXMKY4WD5H2VC,01M1PVPSFBNZXW40G11YGR32M6,42,01M1PVTRWTPC40C0HPR8RXXWTF,GG,FALSE
01M1PW0X811RCBXMKY4WD5H2VC,01M1PVPSFBNZXW40G11YGR32M6,42,01M1PVVNQ4AT0NRB9TK929QH2E,arrow diamond porcupine,TRUE
01M1PW1524WWCMZHCP91D6MEFA,01M1PVPSFBNZXW40G11G9DGVKY,6,01M1PVVNH6WEMGKMEM2F9XPCJS,It has a really clear arrow shape pointing to the right.,TRUE
01M1PW6149MQVB6PFYF6R20Z6B,01M1PVPWEFJ67VYTWGSHJ4XJ33,47,01M1PVV71QMXF31FNN88616S34,I got upim really sorry,TRUE
01M1PW6149MQVB6PFYF6R20Z6B,01M1PVPWEFJ67VYTWGSHJ4XJ33,47,01M1PVV71QMXF31FNN88616S34,the graduation cap,TRUE
01M1PW6149MQVB6PFYF6R20Z6B,01M1PVPWEFJ67VYTWGSHJ4XJ33,47,01M1PVV71QMXF31FNN88616S34,this has been fun,TRUE
01M1PW8ZNKRA4NN26B60ZE91NZ,01M1PVPWZ383HA8RRK2RFSW236,22,01M1PW2K6B8GZQ5Z02B5Q0TB2A,has a white rectangle,TRUE
01M1PWEJRBE3NMG2Q66CCWZQWM,01M1PVPXF92SZVFC9KBGN1TRXM,41,01M1PVVCHSJDKDCMNAX28C9KTM,house,TRUE
01M1PW7EST9D7CFQ2VSTZDQHDG,01M1PVPWZ7KQZN2DHXW0TTKG9P,17,01M1PVVTM3JYE18KKXW2DCV15S,solid shape that looks like a stoplight from the side,TRUE
01M1PW9DA7DBD5AVRTCJ4ZGMB4,01M1PVPXF92SZVFC9KB45KHNG3,32,01M1PVVXW244MSV8KK7TFJHPNZ,fattest one,TRUE
01M1PW2VPR52NRHHX9MEZTCCTA,01M1PVPTMT2TF5TMW6DY08RG1A,22,01M1PVVYCG3ZV9Y0QVDS434K08,4 peaks,TRUE
01M1PW50YPDVPTM57MA2FPA9XA,01M1PVPVN43CJ2ZQS2FA0GJ1TX,15,01M1PVW5BM9J57HJX5KJ260RG3,"this is the one you didn't guess right one time. There is something that looks like a sideways M on top, and the bottom shape looks like and upside down boat but it is more diaganol in the lower left corner",TRUE
01M1PWBQZDXWQR5ZQ89XC71WS9,01M1PVPY0135RYKX6QNWJW9HQ7,29,01M1PVV5BA5A9YAQJQ9SAGP2BW,bird wings,TRUE
01M1PW3T6J85YXDTZTRD3CRXJD,01M1PVPVN19AKJQXAJWG447XT1,0,01M1PVVZD69SDYBBAB5MDTZSCB,looks like a 7,TRUE
01M1PW9CY1V4XSG4SCFC6RZCS5,01M1PVPXF92SZVFC9KB45KHNG3,10,01M1PVVXW244MSV8KK7TFJHPNZ,looks like it has a long neck and beak on the left with two triangles sticking out of its bodu,TRUE
01M1PWEJDHZM2HGZX942RSW3AM,01M1PVPXF92SZVFC9KBGN1TRXM,33,01M1PVVCHSJDKDCMNAX28C9KTM,flame with a triangle,TRUE
01M1PW6KMY7XWG2SVM2KJZ0KNB,01M1PVPWZ82WNHXNHFM772HZSY,30,01M1PVWG3MVC1D7FV8A8CY40QY,two roofs with a short line on the left,TRUE
01M1PWBR6P9X0KKEKBMJD875ER,01M1PVPY0135RYKX6QNWJW9HQ7,10,01M1PVW5G591MZ9WXE41XZDX0Y,arrow pointing up on top,TRUE
01M1PW5R57WACGSW5HWB2ANBDZ,01M1PVPWEGF3RQQ2BZJMHJW5WT,24,01M1PVZMF178XCTABPVTWNQQ3Q,Z at the top bottom 2 legs,TRUE
01M1PW6Y4JS4XE7K4P9SNN4HCR,01M1PVPWEJQS052PE7X7E1TZK9,15,01M1PVVX5KFM5CFX55QQRWNDX8,1 diamond 2 upside down mini triangles,TRUE
01M1PWEJBE23WEHV3YEEYMT2XT,01M1PVPXF92SZVFC9KBGN1TRXM,30,01M1PVZYRHDVK94JBPD96A2FVY,chunky arrow,TRUE
01M1PWG12PRDA5J6EX24CDYVP5,01M1PVPY02TEGASTZW7B0B44PE,47,01M1PW1KKGDQJPNSP87YDPE8Y2,s shape with cap,TRUE
01M1PW2VSRT9FC5GEHRVY7X4RV,01M1PVPTMT2TF5TMW6DY08RG1A,43,01M1PVVTHSCRB56WAFX0KRCSX2,Animal shape on the right,TRUE
01M1PW610EATSK5CXQFJ2N53G1,01M1PVPWEFJ67VYTWGSHJ4XJ33,9,01M1PVV71QMXF31FNN88616S34,you look and its like a squre was taken out of it,TRUE
01M1PW7EPZ8ZEZMYPBJV5Y7N33,01M1PVPWZ7KQZN2DHXW0TTKG9P,37,01M1PVVTM3JYE18KKXW2DCV15S,jagged edge to left side,TRUE
01M1PWGJ981QHM6M147PS361QF,01M1PVPXF8XP3FTSCWE2SZ4KAJ,29,01M1PVW253SKBG4X7GTPVKZWRC,3 triangles on right,TRUE
01M1PW3THH6SJHYD57AY7BG0B9,01M1PVPVN19AKJQXAJWG447XT1,37,01M1PVV4T08CWVFCAHVD9FMRR2,giant 7 over misshape,TRUE
01M1PWG1CDF7QGJ431NKM1NZ9Q,01M1PVPY02TEGASTZW7B0B44PE,24,01M1PWAKPMFG2PF8ZD5WBT5ANA,snake with the t atop,TRUE
01M1PWGJ2FDX2S27N9RZ0HFF3Y,01M1PVPXF8XP3FTSCWE2SZ4KAJ,16,01M1PW23TCTCTWR44KF0HW1TG2,It has a tail and 3 triangles on the right,TRUE
01M1PW0KDZ2N3X216BV3ACZR44,01M1PVPSF9NDAT0BF7G6FNHKYQ,5,01M1PVTG9CCCTFM1SEAAQ81WMP,Sharp squiggles and then an E,TRUE
01M1PW7F69DS40RAN610WXW75S,01M1PVPWZ7KQZN2DHXW0TTKG9P,9,01M1PVVTM3JYE18KKXW2DCV15S,looks like a fish eating a diamond,TRUE
01M1PW0X7QKM722DAM4MF36GGP,01M1PVPSFBNZXW40G11YGR32M6,17,01M1PVTRWTPC40C0HPR8RXXWTF,trophy,TRUE
01M1PW41BP3614NN8J1HJ3BP8Z,01M1PVPTMYJEMSH2D4PPK54AQC,23,01M1PVV1FSQ931Q08DC040FF4H,a huge shape with a skinny triangle before the shape starts,TRUE
01M1PW7ERT52MBZZDKRDH4FD5S,01M1PVPWZ7KQZN2DHXW0TTKG9P,31,01M1PVVTM3JYE18KKXW2DCV15S,4 mountain peaks to right,TRUE
01M1PWG0WDVJ6JDJZ1677HRRCQ,01M1PVPY02TEGASTZW7B0B44PE,0,01M1PWAKPMFG2PF8ZD5WBT5ANA,this is the winged figure with the hat,TRUE
01M1PW6YA83J24XZZG565EF9NN,01M1PVPWEJQS052PE7X7E1TZK9,32,01M1PVW75JX1QRKD2FQCCBJ017,Z on upside down house,TRUE
01M1PW9CQGPM1CAKVVKKHMMGW6,01M1PVPXF92SZVFC9KB45KHNG3,47,01M1PVVBRZ3YZPYCQZYDADYMR6,trapazoid cut out,TRUE
01M1PW50XEXPJN3RFZG5XQTM47,01M1PVPVN43CJ2ZQS2FA0GJ1TX,18,01M1PVW97TC4GVFYDVFB1SJ9WH,This is the one that looks like a boat out of water that is scraping pieces of the ocean floor as it goes along.,TRUE
01M1PW6Y0BVKKZ58FK1X67RF5V,01M1PVPWEJQS052PE7X7E1TZK9,9,01M1PVVX5KFM5CFX55QQRWNDX8,shirt-shape on top of what looks like a pine tree,TRUE
01M1PW156DPM6HBCXWQC3J9FA8,01M1PVPSFBNZXW40G11G9DGVKY,17,01M1PVTZDZSFSRFW0Y011447D5,A white cut out rectangle,TRUE
01M1PW157ZRV5P3TEA3NCQRQVB,01M1PVPSFBNZXW40G11G9DGVKY,44,01M1PVVNH6WEMGKMEM2F9XPCJS,Batman!,TRUE
01M1PW1ZNAVC8ZWZX9GYCGAAKY,01M1PVPTMX8QBBEQ1CAWS8Y65C,23,01M1PVVDJXTQ0S1H8V336MES03,"half zero on left, right side spikey comb",TRUE
01M1PW3T9C85CE42WCJ1HYVNXZ,01M1PVPVN19AKJQXAJWG447XT1,16,01M1PVVZD69SDYBBAB5MDTZSCB,2 legs with the 2 triangles above either side,TRUE
01M1PW3TG9SPPZ7FVA9V84TWCX,01M1PVPVN19AKJQXAJWG447XT1,33,01M1PVV4T08CWVFCAHVD9FMRR2,giant 7 over altar shape,TRUE
01M1PW3THMVH0PS7SZ5G727T4Y,01M1PVPVN19AKJQXAJWG447XT1,38,01M1PVVZD69SDYBBAB5MDTZSCB,boat,TRUE
01M1PW0KMES732X1JE1751KGC7,01M1PVPSF9NDAT0BF7G6FNHKYQ,23,01M1PVTG9CCCTFM1SEAAQ81WMP,Circular tree rotated to the left,TRUE
01M1PW0X7BRDXTJM59FFCJ4XCZ,01M1PVPSFBNZXW40G11YGR32M6,13,01M1PVTRWTPC40C0HPR8RXXWTF,C? bird head,TRUE
01M1PW2VNFA9D16R1SFHFS211A,01M1PVPTMT2TF5TMW6DY08RG1A,31,01M1PVVTHSCRB56WAFX0KRCSX2,No worries. Animals shape on the right,TRUE
01M1PW9CRAHV298P3CE7J3P8FF,01M1PVPXF92SZVFC9KB45KHNG3,1,01M1PVVBRZ3YZPYCQZYDADYMR6,its the skinnest shape,TRUE
01M1PW9CRAHV298P3CE7J3P8FF,01M1PVPXF92SZVFC9KB45KHNG3,1,01M1PVVBRZ3YZPYCQZYDADYMR6,a heart on the left side,TRUE
01M1PWBQS49KYQ3A22R3BD5WYQ,01M1PVPY0135RYKX6QNWJW9HQ7,1,01M1PVV5BA5A9YAQJQ9SAGP2BW,looks like a mountain landscape,TRUE
01M1PW0X6B6CYFR70XQH8CDDNK,01M1PVPSFBNZXW40G11YGR32M6,0,01M1PVTRWTPC40C0HPR8RXXWTF,hello?,FALSE
01M1PW0X6B6CYFR70XQH8CDDNK,01M1PVPSFBNZXW40G11YGR32M6,0,01M1PVVNQ4AT0NRB9TK929QH2E,left side looks like house on its side,TRUE
01M1PW0X6B6CYFR70XQH8CDDNK,01M1PVPSFBNZXW40G11YGR32M6,0,01M1PVVNQ4AT0NRB9TK929QH2E,right looks like a pot with handle on its side,TRUE
01M1PW0X9T0HZ8BVKARWVSG5YK,01M1PVPSFBNZXW40G11YGR32M6,8,01M1PVVNQ4AT0NRB9TK929QH2E,"arrow, diamond, c,then a seperate piecce",TRUE
01M1PW5RC276F2VM1YBA61YV7N,01M1PVPWEGF3RQQ2BZJMHJW5WT,38,01M1PVZMF178XCTABPVTWNQQ3Q,top shirt bottom 2 triangles with a window,TRUE
01M1PWGHZ29HZDTCPR0WWBZYHJ,01M1PVPXF8XP3FTSCWE2SZ4KAJ,8,01M1PW23TCTCTWR44KF0HW1TG2,there is a crocket U shape to the top on the left,TRUE
01M1PWGJ9KBNTMWBPB6YE285VY,01M1PVPXF8XP3FTSCWE2SZ4KAJ,30,01M1PW23TCTCTWR44KF0HW1TG2,It looks like a bullhorn with a pointy edge at the top and bottom on the right,TRUE
01M1PWGJ9KBNTMWBPB6YE285VY,01M1PVPXF8XP3FTSCWE2SZ4KAJ,30,01M1PVW253SKBG4X7GTPVKZWRC,shark fin?,FALSE
01M1PWGJ9KBNTMWBPB6YE285VY,01M1PVPXF8XP3FTSCWE2SZ4KAJ,30,01M1PW23TCTCTWR44KF0HW1TG2,yes,TRUE
01M1PW0X9K8W4KC91FAYV0PS0D,01M1PVPSFBNZXW40G11YGR32M6,33,01M1PVTRWTPC40C0HPR8RXXWTF,half heart bird head,TRUE
01M1PW8ZR8XS6FWSZP1SJ7KSWE,01M1PVPWZ383HA8RRK2RFSW236,41,01M1PVVZ2PG17JJTAZWDXWW3JQ,dog like shape,TRUE
01M1PW8ZSTPGWR1J8BSXC4NF6W,01M1PVPWZ383HA8RRK2RFSW236,16,01M1PW2K6B8GZQ5Z02B5Q0TB2A,has a white rectangle,TRUE
01M1PW2VPY0PPJ3KWQGWJKN55T,01M1PVPTMT2TF5TMW6DY08RG1A,46,01M1PVVYCG3ZV9Y0QVDS434K08,left pointing arrow,TRUE
01M1PW41GG6SYC6YTR3D5RJ38M,01M1PVPTMYJEMSH2D4PPK54AQC,0,01M1PVXZCG5HBAN48J4YM7CT4J,"hi, the shape looks like a cup lying on it's side with the stem on the right",TRUE
01M1PW50TREH448SH4AH60YZ5D,01M1PVPVN43CJ2ZQS2FA0GJ1TX,39,01M1PVW5BM9J57HJX5KJ260RG3,sideways trojan horse,TRUE
01M1PW5RCRGNBZG321MFD2XF4V,01M1PVPWEGF3RQQ2BZJMHJW5WT,42,01M1PVZMF178XCTABPVTWNQQ3Q,top ship bottom 2 premolars,TRUE
01M1PW6Y6FXTRNQK4MT47ZYRB1,01M1PVPWEJQS052PE7X7E1TZK9,20,01M1PVW75JX1QRKD2FQCCBJ017,Diamond two upside down triangles on upside down house,TRUE
01M1PW6Y9F08E9PTAB88QFWQK9,01M1PVPWEJQS052PE7X7E1TZK9,28,01M1PVW75JX1QRKD2FQCCBJ017,Z on lego head,TRUE
01M1PW9DE5FNQ27H0NH7WFYE1X,01M1PVPXF92SZVFC9KB45KHNG3,41,01M1PVVBRZ3YZPYCQZYDADYMR6,heart with rectanglue cut out,TRUE
01M1PWBQWGFMNH67H8XXHYQPTP,01M1PVPY0135RYKX6QNWJW9HQ7,35,01M1PVV5BA5A9YAQJQ9SAGP2BW,arrow on top pointing up,TRUE
01M1PWEJR0CFA6S3EFQQXFQMEK,01M1PVPXF92SZVFC9KBGN1TRXM,27,01M1PVVCHSJDKDCMNAX28C9KTM,"a rhino, with trunk up on left, and flat side on the right",TRUE
01M1PW0X9M4H66CDWNMNNKVNZK,01M1PVPSFBNZXW40G11YGR32M6,34,01M1PVVNQ4AT0NRB9TK929QH2E,"c, birdhead",TRUE
01M1PW6KMAH2NCKNT39D6R4RSZ,01M1PVPWZ82WNHXNHFM772HZSY,32,01M1PVWG3MVC1D7FV8A8CY40QY,elephant trunk with mountain tops on the right,TRUE
01M1PWBQYC3MVGMDW68SAPSE16,01M1PVPY0135RYKX6QNWJW9HQ7,31,01M1PVV5BA5A9YAQJQ9SAGP2BW,ah sorry,TRUE
01M1PWBQYC3MVGMDW68SAPSE16,01M1PVPY0135RYKX6QNWJW9HQ7,31,01M1PVW5G591MZ9WXE41XZDX0Y,No worries,FALSE
01M1PWBQYC3MVGMDW68SAPSE16,01M1PVPY0135RYKX6QNWJW9HQ7,31,01M1PVV5BA5A9YAQJQ9SAGP2BW,now mine is the largest one,TRUE
01M1PWBQYC3MVGMDW68SAPSE16,01M1PVPY0135RYKX6QNWJW9HQ7,31,01M1PVV5BA5A9YAQJQ9SAGP2BW,in width and height,TRUE
01M1PW41D8KT1Y0Z0DKMA7P18H,01M1PVPTMYJEMSH2D4PPK54AQC,13,01M1PVV1FSQ931Q08DC040FF4H,a shape that has two matching triangle points on top,TRUE
01M1PW612QKR29X0AT8N5733DT,01M1PVPWEFJ67VYTWGSHJ4XJ33,19,01M1PVV71QMXF31FNN88616S34,two triaiangles are hanging out with a squre on top of the blacktop,TRUE
01M1PW6KG6FANS4QGGEN474EMG,01M1PVPWZ82WNHXNHFM772HZSY,45,01M1PVV2HGBFFFP8TQ2JTHYBNF,two roofs on triangle,TRUE
01M1PW6YAVA4Q2M6W031KD65WV,01M1PVPWEJQS052PE7X7E1TZK9,34,01M1PVW75JX1QRKD2FQCCBJ017,Shirt on upside down house,TRUE
01M1PW7EY9VZQTY9S5MY39BKYR,01M1PVPWZ7KQZN2DHXW0TTKG9P,6,01M1PVZ3NBFP4RQAMM34F5EPHD,sideways view of a Romans helmet,TRUE
01M1PWGJA0KWM18P3QPCCJVWJ3,01M1PVPXF8XP3FTSCWE2SZ4KAJ,31,01M1PVW253SKBG4X7GTPVKZWRC,white square missing bottom left,TRUE
01M1PW2VKF8FDFEKKSMBDDAP1A,01M1PVPTMT2TF5TMW6DY08RG1A,4,01M1PVVYCG3ZV9Y0QVDS434K08,the left side has two parallel rectangles,TRUE
01M1PW2VNDMH32R535VDZ6937X,01M1PVPTMT2TF5TMW6DY08RG1A,29,01M1PVVTHSCRB56WAFX0KRCSX2,Two parallel triangles on the left,TRUE
01M1PW61974YN4A52A2YP50RRK,01M1PVPWEFJ67VYTWGSHJ4XJ33,46,01M1PVW7YQ0ZCTA6RRXWJ4B3KT,white rectangle inside it,TRUE
01M1PW61974YN4A52A2YP50RRK,01M1PVPWEFJ67VYTWGSHJ4XJ33,46,01M1PVW7YQ0ZCTA6RRXWJ4B3KT,???,TRUE
01M1PW8ZHYGE5GFSAW9X00S167,01M1PVPWZ383HA8RRK2RFSW236,33,01M1PVVZ2PG17JJTAZWDXWW3JQ,has a white rectangle,TRUE
01M1PW9D5FWHG56PBH7ZPH7EBZ,01M1PVPXF92SZVFC9KB45KHNG3,17,01M1PVVBRZ3YZPYCQZYDADYMR6,teeth looking things on the left and a neck and head sticking out on the right,TRUE
01M1PWBR2RSY0MS6GQZZ34KZ7D,01M1PVPY0135RYKX6QNWJW9HQ7,20,01M1PVW5G591MZ9WXE41XZDX0Y,mountains,TRUE
01M1PW0KN7NAV9C5W3TPTMNC3F,01M1PVPSF9NDAT0BF7G6FNHKYQ,42,01M1PVTRYDJNHHT05DKBKN76E5,backwards B with bracket,TRUE
01M1PW2VMFKWN20AND9AE88ZWX,01M1PVPTMT2TF5TMW6DY08RG1A,39,01M1PVVTHSCRB56WAFX0KRCSX2,4 peaks,TRUE
01M1PW50YDZWM2B274THYFFQ1W,01M1PVPVN43CJ2ZQS2FA0GJ1TX,16,01M1PVW97TC4GVFYDVFB1SJ9WH,The spongebob exagerated face on the side of a mountain.,TRUE
01M1PW8ZK8WE42RDAQ71GTR790,01M1PVPWZ383HA8RRK2RFSW236,29,01M1PVVZ2PG17JJTAZWDXWW3JQ,weird shape that i dont know how to describe. Havent described that one,TRUE
01M1PWEJFD4E002Y4G2FS6W5TE,01M1PVPXF92SZVFC9KBGN1TRXM,12,01M1PVZYRHDVK94JBPD96A2FVY,looks like a fish with a tail pointing up. no rectangles,TRUE
01M1PWGJBW29CWT42259PB0AYG,01M1PVPXF8XP3FTSCWE2SZ4KAJ,36,01M1PW23TCTCTWR44KF0HW1TG2,crocket U shape at the top on the left and tail at the back,TRUE
01M1PW1ZDEZPK1R2JZPXMNNZEB,01M1PVPTMX8QBBEQ1CAWS8Y65C,46,01M1PVVEHT22G3NCF8EGPQWRYM,"triangles on left, spiky comb",TRUE
01M1PW7F6QV6Y4H4KCWM26G6PW,01M1PVPWZ7KQZN2DHXW0TTKG9P,8,01M1PVZ3NBFP4RQAMM34F5EPHD,pic with the most sharp points,TRUE
01M1PWBR5PT1XCYJF31RVNHQ8Z,01M1PVPY0135RYKX6QNWJW9HQ7,12,01M1PVW5G591MZ9WXE41XZDX0Y,arrow pointing up on top,TRUE
01M1PWG14QBJ0FQPKA39W3KNZ5,01M1PVPY02TEGASTZW7B0B44PE,43,01M1PW1KKGDQJPNSP87YDPE8Y2,tree with triangle,TRUE
01M1PW3TJRC4ZJYPHTSJQ3F4GY,01M1PVPVN19AKJQXAJWG447XT1,45,01M1PVV4T08CWVFCAHVD9FMRR2,boat over rectangle with four triangles for feet,TRUE
01M1PW41HCNHWSVNGPVQRNFQPX,01M1PVPTMYJEMSH2D4PPK54AQC,38,01M1PVXZCG5HBAN48J4YM7CT4J,bird with large rectangle cut out,TRUE
01M1PW9D4P405P69C22MKB5WMP,01M1PVPXF92SZVFC9KB45KHNG3,16,01M1PVVXW244MSV8KK7TFJHPNZ,long neck and beak on left,TRUE
01M1PW9D4P405P69C22MKB5WMP,01M1PVPXF92SZVFC9KB45KHNG3,16,01M1PVVBRZ3YZPYCQZYDADYMR6,with the sharp teeth looking things?,FALSE
01M1PW9D4P405P69C22MKB5WMP,01M1PVPXF92SZVFC9KB45KHNG3,16,01M1PVVXW244MSV8KK7TFJHPNZ,two triangles sticking up and down,TRUE
01M1PW9D4P405P69C22MKB5WMP,01M1PVPXF92SZVFC9KB45KHNG3,16,01M1PVVXW244MSV8KK7TFJHPNZ,no,TRUE
01M1PWG1811J9KKWCQ510ADQ3G,01M1PVPY02TEGASTZW7B0B44PE,35,01M1PWAKPMFG2PF8ZD5WBT5ANA,i see my joke didn't go over too well,FALSE
01M1PWG1811J9KKWCQ510ADQ3G,01M1PVPY02TEGASTZW7B0B44PE,35,01M1PW1KKGDQJPNSP87YDPE8Y2,full hose with trianlr top,TRUE
01M1PW5R3PSE3TPR5T5RVH0GZS,01M1PVPWEGF3RQQ2BZJMHJW5WT,16,01M1PVZMF178XCTABPVTWNQQ3Q,top Z shape bottom house with a pole,TRUE
01M1PW5R60KSMQ1FMQ8769BTVV,01M1PVPWEGF3RQQ2BZJMHJW5WT,26,01M1PVZMF178XCTABPVTWNQQ3Q,ship at the top bottom house with pole,TRUE
01M1PW5RBRSKHDYPP0ZEASRTZH,01M1PVPWEGF3RQQ2BZJMHJW5WT,37,01M1PVV9N1B5JSVGVHP53ND1FH,"T-shirt on top, premolars on bottom",TRUE
01M1PW615SKDXE7W4GKYF6B9KM,01M1PVPWEFJ67VYTWGSHJ4XJ33,30,01M1PVW7YQ0ZCTA6RRXWJ4B3KT,diamond under,TRUE
01M1PW7ESHE8N9G0HYVKFNWZY3,01M1PVPWZ7KQZN2DHXW0TTKG9P,18,01M1PVZ3NBFP4RQAMM34F5EPHD,long white rectangle in middle,TRUE
01M1PW0X86G6NKS9T34NMJFT5Z,01M1PVPSFBNZXW40G11YGR32M6,22,01M1PVVNQ4AT0NRB9TK929QH2E,"arrow, but one WITHOUT bracket",TRUE
01M1PW0X8A7R183KKB84PCX7BG,01M1PVPSFBNZXW40G11YGR32M6,25,01M1PVTRWTPC40C0HPR8RXXWTF,arrow diamond bracket bracket,TRUE
01M1PW3TC8WDDSJWR0MN385MPM,01M1PVPVN19AKJQXAJWG447XT1,24,01M1PVVZD69SDYBBAB5MDTZSCB,7,TRUE
01M1PW5RAKNJE32MXKKW8WNY3W,01M1PVPWEGF3RQQ2BZJMHJW5WT,47,01M1PVV9N1B5JSVGVHP53ND1FH,"Z on top, house on pole on bottom",TRUE
01M1PW610MZ06YBBMT6VDM4J70,01M1PVPWEFJ67VYTWGSHJ4XJ33,10,01M1PVW7YQ0ZCTA6RRXWJ4B3KT,looks like a headless baby wearing a diaper,TRUE
01M1PW6127DCZGDDT0NXHHSRP9,01M1PVPWEFJ67VYTWGSHJ4XJ33,17,01M1PVV71QMXF31FNN88616S34,zig ziaggsss,TRUE
01M1PW9DDHAWTSMQ1Y9Y5ZB2MZ,01M1PVPXF92SZVFC9KB45KHNG3,39,01M1PVVBRZ3YZPYCQZYDADYMR6,sharp teeth,TRUE
01M1PW0X7TG7R262E9RMCX5T54,01M1PVPSFBNZXW40G11YGR32M6,19,01M1PVTRWTPC40C0HPR8RXXWTF,arrow diamond bracket bracket,TRUE
01M1PW0XAQKWXK8ACY7N0AZ75J,01M1PVPSFBNZXW40G11YGR32M6,40,01M1PVVNQ4AT0NRB9TK929QH2E,arrow . . . . bracket,TRUE
01M1PW2VP5B6V5Q59QP5M6T2M8,01M1PVPTMT2TF5TMW6DY08RG1A,24,01M1PVVYCG3ZV9Y0QVDS434K08,),TRUE
01M1PW8ZG1XJTR2ZRC7V8CYESQ,01M1PVPWZ383HA8RRK2RFSW236,40,01M1PW2K6B8GZQ5Z02B5Q0TB2A,rectangle,TRUE
01M1PW3TFCCKFMNWYJV36FVNG1,01M1PVPVN19AKJQXAJWG447XT1,30,01M1PVVZD69SDYBBAB5MDTZSCB,square 2 triangles at top,TRUE
01M1PW613GPYGT214YAKV4TP0Y,01M1PVPWEFJ67VYTWGSHJ4XJ33,22,01M1PVW7YQ0ZCTA6RRXWJ4B3KT,"no problem, :)",TRUE
01M1PW613GPYGT214YAKV4TP0Y,01M1PVPWEFJ67VYTWGSHJ4XJ33,22,01M1PVW7YQ0ZCTA6RRXWJ4B3KT,white box in between,TRUE
01M1PWEJ5PXQCPJZ2FMCXTSHPK,01M1PVPXF92SZVFC9KBGN1TRXM,0,01M1PVVCHSJDKDCMNAX28C9KTM,hi,FALSE
01M1PWEJ5PXQCPJZ2FMCXTSHPK,01M1PVPXF92SZVFC9KBGN1TRXM,0,01M1PVZYRHDVK94JBPD96A2FVY,"Hi , a house shape",TRUE
01M1PWG1BZWNRQNQVF6XNT66SZ,01M1PVPY02TEGASTZW7B0B44PE,25,01M1PW1KKGDQJPNSP87YDPE8Y2,tree home without triangle,TRUE
01M1PW0X888QR73JC2RYG1C9PJ,01M1PVPSFBNZXW40G11YGR32M6,23,01M1PVTRWTPC40C0HPR8RXXWTF,half heart bird head,TRUE
01M1PW41EVB5GSX7G66BW5EPP3,01M1PVPTMYJEMSH2D4PPK54AQC,4,01M1PVXZCG5HBAN48J4YM7CT4J,looks like a logo - sort of central column shape with semi circles either side,TRUE
01M1PW50Z27PANM0DEEQTEJQ9Z,01M1PVPVN43CJ2ZQS2FA0GJ1TX,20,01M1PVW97TC4GVFYDVFB1SJ9WH,"TYhis one is the one with a dominate Z shape and then two flag frills on the left and right, one that sort of blends in on the left.",TRUE
01M1PW6Y5Q8V39VAKPH5YXS71G,01M1PVPWEJQS052PE7X7E1TZK9,18,01M1PVW75JX1QRKD2FQCCBJ017,Shirt on lego head,TRUE
01M1PW2VKKX4SAWRA2FPP5MVJK,01M1PVPTMT2TF5TMW6DY08RG1A,3,01M1PVVTHSCRB56WAFX0KRCSX2,The left side has two parallel rectangle shapes,TRUE
01M1PW2VKTME8MCCR0AZJB89AA,01M1PVPTMT2TF5TMW6DY08RG1A,1,01M1PVVTHSCRB56WAFX0KRCSX2,The very right side has a left pointing triangle with the tip obscured,TRUE
01M1PW0X6XTY99VSFR0DY3YQ29,01M1PVPSFBNZXW40G11YGR32M6,3,01M1PVTRWTPC40C0HPR8RXXWTF,Like a trophy,TRUE
01M1PW152QFWDYKGDJW8EFD1C0,01M1PVPSFBNZXW40G11G9DGVKY,9,01M1PVTZDZSFSRFW0Y011447D5,A clear diamond shape balancing on the right hand side,TRUE
01M1PW1534VNJV0WP476EK6T31,01M1PVPSFBNZXW40G11G9DGVKY,24,01M1PVVNH6WEMGKMEM2F9XPCJS,"Tip your head to the right, weird dog with a beak.",TRUE
01M1PW3THVWW6W0441Z82BA6ZA,01M1PVPVN19AKJQXAJWG447XT1,40,01M1PVVZD69SDYBBAB5MDTZSCB,square 2 triangles,TRUE
01M1PW6166ZWA0VHHSVTF8NGCG,01M1PVPWEFJ67VYTWGSHJ4XJ33,32,01M1PVW7YQ0ZCTA6RRXWJ4B3KT,graduation cap under,TRUE
01M1PW9CWVEAYYAZ16EQ3PPD3F,01M1PVPXF92SZVFC9KB45KHNG3,8,01M1PVVXW244MSV8KK7TFJHPNZ,looks like mountains on the right,TRUE
01M1PW9CWVEAYYAZ16EQ3PPD3F,01M1PVPXF92SZVFC9KB45KHNG3,8,01M1PVVBRZ3YZPYCQZYDADYMR6,yay,FALSE
01M1PWGJ1NMBK72BH5VJB7V2QB,01M1PVPXF8XP3FTSCWE2SZ4KAJ,14,01M1PW23TCTCTWR44KF0HW1TG2,3 triangles on the left,TRUE
01M1PWGJ1NMBK72BH5VJB7V2QB,01M1PVPXF8XP3FTSCWE2SZ4KAJ,14,01M1PW23TCTCTWR44KF0HW1TG2,on the right,TRUE
01M1PW1526NGFDT1TDBT1SN7TC,01M1PVPSFBNZXW40G11G9DGVKY,10,01M1PVVNH6WEMGKMEM2F9XPCJS,The right top corner has a Batman head.,TRUE
01M1PW612E4R2WQ6MDG3TRW63Z,01M1PVPWEFJ67VYTWGSHJ4XJ33,18,01M1PVW7YQ0ZCTA6RRXWJ4B3KT,almost a perfect box,TRUE
01M1PWGHX8BRAZMA83QA5YYS2H,01M1PVPXF8XP3FTSCWE2SZ4KAJ,4,01M1PW23TCTCTWR44KF0HW1TG2,there is square shape at the bottom and a missing piece to the left there are line shaped edges,TRUE
01M1PW0X6Z9JJE54KZG03GCKG3,01M1PVPSFBNZXW40G11YGR32M6,4,01M1PVVNQ4AT0NRB9TK929QH2E,arrow pointing right into  diamond,TRUE
01M1PW0X6Z9JJE54KZG03GCKG3,01M1PVPSFBNZXW40G11YGR32M6,4,01M1PVVNQ4AT0NRB9TK929QH2E,then pocupine,TRUE
01M1PW2VRC3QVCBC48ST2B8R7T,01M1PVPTMT2TF5TMW6DY08RG1A,18,01M1PVVYCG3ZV9Y0QVDS434K08,2 trianles on the left side pointing left,TRUE
01M1PW9CQ2REK332VE2VSNE114,01M1PVPXF92SZVFC9KB45KHNG3,25,01M1PVVBRZ3YZPYCQZYDADYMR6,sharp teeth,TRUE
01M1PW9D6ZX2YG4J87Z9HKK381,01M1PVPXF92SZVFC9KB45KHNG3,21,01M1PVVBRZ3YZPYCQZYDADYMR6,trapazoid cut out,TRUE
01M1PWBQWZRAYSQWDZ47YFTD52,01M1PVPY0135RYKX6QNWJW9HQ7,34,01M1PVW5G591MZ9WXE41XZDX0Y,"hat on top, points on the bottom",TRUE
01M1PW0X9FHB7717BSAR6AG8ZV,01M1PVPSFBNZXW40G11YGR32M6,31,01M1PVTRWTPC40C0HPR8RXXWTF,arrow diamond porcupine,TRUE
01M1PW151T8H25Z18EVCEHB7GD,01M1PVPSFBNZXW40G11G9DGVKY,0,01M1PVVNH6WEMGKMEM2F9XPCJS,"Okay, it's square on the lefthand side, and it has a white chevron inside of it.",TRUE
01M1PW151T8H25Z18EVCEHB7GD,01M1PVPSFBNZXW40G11G9DGVKY,0,01M1PVTZDZSFSRFW0Y011447D5,Got it,FALSE
01M1PWG1ET0E81C40ZXXKJE0S9,01M1PVPY02TEGASTZW7B0B44PE,18,01M1PWAKPMFG2PF8ZD5WBT5ANA,"full house with chimney,. not the snake, not the incomplete one. not the T",TRUE
01M1PWBQMH8GZWMJE7EM83PM7R,01M1PVPY0135RYKX6QNWJW9HQ7,45,01M1PVV5BA5A9YAQJQ9SAGP2BW,arrow pointing up on top,TRUE
01M1PW5R5FTM8VEWT8V0211DTJ,01M1PVPWEGF3RQQ2BZJMHJW5WT,25,01M1PVV9N1B5JSVGVHP53ND1FH,"Z on top, bottom is house on pole",TRUE
01M1PW6KNHQ5H5H5VY0ZJJ9NZR,01M1PVPWZ82WNHXNHFM772HZSY,27,01M1PVV2HGBFFFP8TQ2JTHYBNF,elephant trunk on biig mountain,TRUE
01M1PW0X7W77F4G3X1QTPRK90G,01M1PVPSFBNZXW40G11YGR32M6,20,01M1PVVNQ4AT0NRB9TK929QH2E,"backward c, bird head",TRUE
01M1PW0X89DQD9WW9ZY5Z3NAQM,01M1PVPSFBNZXW40G11YGR32M6,7,01M1PVTRWTPC40C0HPR8RXXWTF,"backwards C, sidways bird head",TRUE
01M1PW3T7V22JT2KHG375MAJMQ,01M1PVPVN19AKJQXAJWG447XT1,8,01M1PVVZD69SDYBBAB5MDTZSCB,2 legs at bottom 2 triangles either side above it,TRUE
01M1PW8ZDZQGSXGY3NVVPZCANV,01M1PVPWZ383HA8RRK2RFSW236,13,01M1PVVZ2PG17JJTAZWDXWW3JQ,has a white rectangle,TRUE
01M1PWGHS43R42MGJNXR2JFGZ3,01M1PVPXF8XP3FTSCWE2SZ4KAJ,37,01M1PVW253SKBG4X7GTPVKZWRC,white square missing bottom left,TRUE
01M1PW1539KZEVS0GWZ7S7082B,01M1PVPSFBNZXW40G11G9DGVKY,25,01M1PVTZDZSFSRFW0Y011447D5,Batman ears on the right,TRUE
01M1PW3T7N5MEBDBVXHHJNG4BQ,01M1PVPVN19AKJQXAJWG447XT1,47,01M1PVV4T08CWVFCAHVD9FMRR2,giant t shirt,TRUE
01M1PW41AR94RDEAH8N4N1QDKJ,01M1PVPTMYJEMSH2D4PPK54AQC,33,01M1PVV1FSQ931Q08DC040FF4H,a weird shape not animal,TRUE
01M1PW41CQTGR6X01J43GCT4P9,01M1PVPTMYJEMSH2D4PPK54AQC,16,01M1PVXZCG5HBAN48J4YM7CT4J,shape on left looks like cursive l or elephants nose,TRUE
01M1PW41CQTGR6X01J43GCT4P9,01M1PVPTMYJEMSH2D4PPK54AQC,16,01M1PVXZCG5HBAN48J4YM7CT4J,sorry on right,TRUE
01M1PW50SEVKQ0F53VM2NMNVN6,01M1PVPVN43CJ2ZQS2FA0GJ1TX,46,01M1PVW97TC4GVFYDVFB1SJ9WH,"The ""Exaggerated Spongbob""",TRUE
01M1PW7EZCMK1ZGG5NEDBAH21Q,01M1PVPWZ7KQZN2DHXW0TTKG9P,5,01M1PVVTM3JYE18KKXW2DCV15S,What looks like a dog with 2 sharp points,TRUE
01M1PW8ZECKBYSRW8JK37R7ED6,01M1PVPWZ383HA8RRK2RFSW236,2,01M1PW2K6B8GZQ5Z02B5Q0TB2A,has a triangle point on on side and a sue looking one nod on the other,TRUE
01M1PWBR91TZ3NK007DWNS2SYF,01M1PVPY0135RYKX6QNWJW9HQ7,44,01M1PVW5G591MZ9WXE41XZDX0Y,"flat on top, one point on each side",TRUE
01M1PWG16C9D5P9KZFJW1642W5,01M1PVPY02TEGASTZW7B0B44PE,39,01M1PW1KKGDQJPNSP87YDPE8Y2,tree home,TRUE
01M1PW8ZGAGE2DEHQBCW7682KN,01M1PVPWZ383HA8RRK2RFSW236,39,01M1PVVZ2PG17JJTAZWDXWW3JQ,white u shape,TRUE
01M1PWG18DJ053MWN46HHTVT4R,01M1PVPY02TEGASTZW7B0B44PE,34,01M1PWAKPMFG2PF8ZD5WBT5ANA,"snake with a roof (not on a plane, ha ha)",TRUE
01M1PWG1HR6TV1BDPBTXQS65HF,01M1PVPY02TEGASTZW7B0B44PE,12,01M1PWAKPMFG2PF8ZD5WBT5ANA,this *is* the full house with the three rectangles on the left,TRUE
01M1PW41G1VFBKJK35TQH6MBYH,01M1PVPTMYJEMSH2D4PPK54AQC,24,01M1PVXZCG5HBAN48J4YM7CT4J,big shape with little diamond at right side,TRUE
01M1PW60ZDRR4WGM2RZB95NZKX,01M1PVPWEFJ67VYTWGSHJ4XJ33,4,01M1PVW7YQ0ZCTA6RRXWJ4B3KT,Z sign,TRUE
01M1PW6KPJKPRA0H5X3Y8TYZ32,01M1PVPWZ82WNHXNHFM772HZSY,17,01M1PVV2HGBFFFP8TQ2JTHYBNF,sideways mountains on a stand,TRUE
01M1PW6XYVF7NCE14SY0W410BF,01M1PVPWEJQS052PE7X7E1TZK9,5,01M1PVVX5KFM5CFX55QQRWNDX8,1 diamond 2 upside down mini triangles on top of a strange object with a hook on the right side,TRUE
01M1PW5RCE8S2AD20YNT0168AT,01M1PVPWEGF3RQQ2BZJMHJW5WT,40,01M1PVZMF178XCTABPVTWNQQ3Q,diamond and 2 triangles at the top bottom 2 triangles,TRUE
01M1PW6KRKX2SCAADV6FZKXGE5,01M1PVPWZ82WNHXNHFM772HZSY,20,01M1PVWG3MVC1D7FV8A8CY40QY,two roofs with rectangle hole on the right and short straight line on the left,TRUE
01M1PWGJFD5M53KT94KBBECSD1,01M1PVPXF8XP3FTSCWE2SZ4KAJ,46,01M1PW23TCTCTWR44KF0HW1TG2,three triangles on the right and stand at the bottom,TRUE
01M1PW0KJTFQTEM2SQB0N0XRS9,01M1PVPSF9NDAT0BF7G6FNHKYQ,29,01M1PVTG9CCCTFM1SEAAQ81WMP,O and then spiky E,TRUE
01M1PW157JMY9JJVB5REGD0BXW,01M1PVPSFBNZXW40G11G9DGVKY,36,01M1PVVNH6WEMGKMEM2F9XPCJS,"White rectangle cutout, righthand side looks like a man crouching against a wall. Diamond head.",TRUE
01M1PW1ZE9WB925N8WF4S4935T,01M1PVPTMX8QBBEQ1CAWS8Y65C,39,01M1PVVDJXTQ0S1H8V336MES03,"traingles left side, martini right side",TRUE
01M1PW1ZF6VZXBA35ACDS3RXZN,01M1PVPTMX8QBBEQ1CAWS8Y65C,12,01M1PVVEHT22G3NCF8EGPQWRYM,half a zero and the right side looks like a cat head,TRUE
01M1PWG13PCNMFT3TVXVW6FVCW,01M1PVPY02TEGASTZW7B0B44PE,45,01M1PW1KKGDQJPNSP87YDPE8Y2,s shape with T head,TRUE
01M1PW3T7H3DRMRPM21JF2D8MZ,01M1PVPVN19AKJQXAJWG447XT1,7,01M1PVV4T08CWVFCAHVD9FMRR2,"giant shirt shape over misshape on two triangles, one edge cut off",TRUE
01M1PW611ENQ8M8H3D4V970BEA,01M1PVPWEFJ67VYTWGSHJ4XJ33,14,01M1PVW7YQ0ZCTA6RRXWJ4B3KT,letter Z,TRUE
01M1PW3T8GCR9W77SCNQBZXFHC,01M1PVPVN19AKJQXAJWG447XT1,12,01M1PVVZD69SDYBBAB5MDTZSCB,4 trianlge feet,TRUE
01M1PW41GP2G2FHYE184KXYMR7,01M1PVPTMYJEMSH2D4PPK54AQC,34,01M1PVXZCG5HBAN48J4YM7CT4J,small rectangle cut out,TRUE
01M1PW614N8522BEK1PM0BCK2C,01M1PVPWEFJ67VYTWGSHJ4XJ33,25,01M1PVV71QMXF31FNN88616S34,iowa,TRUE
01M1PW614N8522BEK1PM0BCK2C,01M1PVPWEFJ67VYTWGSHJ4XJ33,25,01M1PVV71QMXF31FNN88616S34,swuare,TRUE
01M1PW614N8522BEK1PM0BCK2C,01M1PVPWEFJ67VYTWGSHJ4XJ33,25,01M1PVV71QMXF31FNN88616S34,square,TRUE
01M1PW8ZWDNF93J8JGHNA4VR45,01M1PVPWZ383HA8RRK2RFSW236,8,01M1PW2K6B8GZQ5Z02B5Q0TB2A,has 3 edges to the right  one points out farther,TRUE
01M1PW9CRZSK9TZDVPFCARQG0V,01M1PVPXF92SZVFC9KB45KHNG3,2,01M1PVVXW244MSV8KK7TFJHPNZ,it has a diamond on the bottom left,TRUE
01M1PWBR38Y47H03DNY7G0H40S,01M1PVPY0135RYKX6QNWJW9HQ7,19,01M1PVV5BA5A9YAQJQ9SAGP2BW,looks like a zig zig on top and diamond on the bottom,TRUE
01M1PWEJK5778AEHKZB5GS9RK1,01M1PVPXF92SZVFC9KBGN1TRXM,19,01M1PVVCHSJDKDCMNAX28C9KTM,"a fish, with a flat nose on the right and triangle tail on the left has a fine on the top",TRUE
01M1PW0KE0SPPNKJK2NPFWAQSQ,01M1PVPSF9NDAT0BF7G6FNHKYQ,4,01M1PVTRYDJNHHT05DKBKN76E5,an O and E,TRUE
01M1PW3T7CSWF356RGEDK3EF6J,01M1PVPVN19AKJQXAJWG447XT1,5,01M1PVV4T08CWVFCAHVD9FMRR2,"square with two triangles following it, over misshape",TRUE
01M1PW511RJ57X2S08BBCX2Z54,01M1PVPVN43CJ2ZQS2FA0GJ1TX,36,01M1PVW97TC4GVFYDVFB1SJ9WH,The sideways M or boat or perhaps a sideways M on top of a crab clow going to the right.,TRUE
01M1PW5R1KXHEESXY027XJD65B,01M1PVPWEGF3RQQ2BZJMHJW5WT,7,01M1PVV9N1B5JSVGVHP53ND1FH,"top looks like a t-shirt, bottom is like a birdhouse resting on a pole",TRUE
01M1PWBQT6TQSHBD4K51MJB5SQ,01M1PVPY0135RYKX6QNWJW9HQ7,40,01M1PVW5G591MZ9WXE41XZDX0Y,"two points on the left, a rectangle diagonally coming out of top right corner",TRUE
01M1PWG11NT2JFS1FY9RFBA0M3,01M1PVPY02TEGASTZW7B0B44PE,6,01M1PWAKPMFG2PF8ZD5WBT5ANA,"this is the winged figure, with the triangle on its head",TRUE
01M1PWG16P3PJQSAQMRZWW4W13,01M1PVPY02TEGASTZW7B0B44PE,38,01M1PWAKPMFG2PF8ZD5WBT5ANA,"full house, triangle top, with normal path to it",TRUE
01M1PWJSA1CYS91P9P9ZZD5Y9Z,01M1PVPY05YMN5QBCZG3YB2C9A,0,01M1PW6E4667Y67QGT0X6HJCYF,hurry,FALSE
01M1PW0KDF7ED5WFJSNTE8WD62,01M1PVPSF9NDAT0BF7G6FNHKYQ,12,01M1PVTRYDJNHHT05DKBKN76E5,jagged on the right,TRUE
01M1PW0X6V1KEV17KPCA8ARVW8,01M1PVPSFBNZXW40G11YGR32M6,2,01M1PVVNQ4AT0NRB9TK929QH2E,"backwards c, then pocupine",TRUE
01M1PW156KAKFPN43EN5VYFAJ6,01M1PVPSFBNZXW40G11G9DGVKY,18,01M1PVVNH6WEMGKMEM2F9XPCJS,A super clear arrow shape pointing to the right.,TRUE
01M1PW41AGQK077FE8H25F6K1R,01M1PVPTMYJEMSH2D4PPK54AQC,42,01M1PVXZCG5HBAN48J4YM7CT4J,small rectangle cut out at bottom. weird shape,TRUE
01M1PW6KF52HA8E34J7DDY9GMX,01M1PVPWZ82WNHXNHFM772HZSY,2,01M1PVWG3MVC1D7FV8A8CY40QY,two houses on the right sideways on a stand,TRUE
01M1PW6KFKN1Y27A2BST8HQENB,01M1PVPWZ82WNHXNHFM772HZSY,0,01M1PVWG3MVC1D7FV8A8CY40QY,hi this is a sideways stop sign on a stand,TRUE
01M1PW9DEG00CJATE5CM6YARNP,01M1PVPXF92SZVFC9KB45KHNG3,42,01M1PVVXW244MSV8KK7TFJHPNZ,diamond on left,TRUE
01M1PWGHVVHVV332DC3TRQ24W3,01M1PVPXF8XP3FTSCWE2SZ4KAJ,1,01M1PW23TCTCTWR44KF0HW1TG2,Hi,FALSE
01M1PWGHVVHVV332DC3TRQ24W3,01M1PVPXF8XP3FTSCWE2SZ4KAJ,1,01M1PVW253SKBG4X7GTPVKZWRC,largest full mass,TRUE
01M1PWGHVVHVV332DC3TRQ24W3,01M1PVPXF8XP3FTSCWE2SZ4KAJ,1,01M1PW23TCTCTWR44KF0HW1TG2,Im still not sure,FALSE
01M1PW41C9043SQG5KX41BMPJS,01M1PVPTMYJEMSH2D4PPK54AQC,18,01M1PVXZCG5HBAN48J4YM7CT4J,like square bird flying to right with general logo cut out,TRUE
01M1PW5R1VQ1XFV3VN2ZDMS6Z5,01M1PVPWEGF3RQQ2BZJMHJW5WT,8,01M1PVZMF178XCTABPVTWNQQ3Q,the top is like a boat and the bottom like a house,TRUE
01M1PWEJSR8RHBBYVVZXDRDJCW,01M1PVPXF92SZVFC9KBGN1TRXM,40,01M1PVZYRHDVK94JBPD96A2FVY,chunky arrow,TRUE
01M1PWG1D5W2VZK7SREVJX7J5A,01M1PVPY02TEGASTZW7B0B44PE,22,01M1PWAKPMFG2PF8ZD5WBT5ANA,the pizza hut house. path at base. triangle atop.,TRUE
01M1PW3TJCBM142KW5PN4DTRNJ,01M1PVPVN19AKJQXAJWG447XT1,43,01M1PVV4T08CWVFCAHVD9FMRR2,t shirt over cut off triangle over rectangles,TRUE
01M1PW6KDCVV8SKJ10MQFD1MCP,01M1PVPWZ82WNHXNHFM772HZSY,11,01M1PVV2HGBFFFP8TQ2JTHYBNF,elephant trunk on side with mountains on top,TRUE
01M1PW7EKAA5E143P7KVG6N25Z,01M1PVPWZ7KQZN2DHXW0TTKG9P,21,01M1PVVTM3JYE18KKXW2DCV15S,"Has 2 ""arms"" that are extending out toward right side",TRUE
01M1PWEJMS24GNE2HF9W3DEBMR,01M1PVPXF92SZVFC9KBGN1TRXM,23,01M1PVVCHSJDKDCMNAX28C9KTM,scorpion with tail on the left and spikes on the right,TRUE
01M1PW1ZH1SBMTVYGERJ63CK7X,01M1PVPTMX8QBBEQ1CAWS8Y65C,5,01M1PVVDJXTQ0S1H8V336MES03,"a nail from bottom to top, the middle is 3 sharp parts on both sides",TRUE
01M1PW7EQT4BSFPZ2GKRCB9GAD,01M1PVPWZ7KQZN2DHXW0TTKG9P,34,01M1PVZ3NBFP4RQAMM34F5EPHD,sideways view of a battle axe,TRUE
01M1PW8ZPF0T06Y4VFRA6D4GMH,01M1PVPWZ383HA8RRK2RFSW236,42,01M1PW2K6B8GZQ5Z02B5Q0TB2A,rectangle,TRUE
01M1PWBQZX91VAFRZXRNEB7TSX,01M1PVPY0135RYKX6QNWJW9HQ7,27,01M1PVV5BA5A9YAQJQ9SAGP2BW,"zig zag on top, diamond on the bottom",TRUE
01M1PWGJ3JNCG3E21C2XGEC3TW,01M1PVPXF8XP3FTSCWE2SZ4KAJ,18,01M1PW23TCTCTWR44KF0HW1TG2,it has an open mouth and a rectangle in the middle,TRUE
01M1PW41FQCQXJ55C3G1RVFR6B,01M1PVPTMYJEMSH2D4PPK54AQC,28,01M1PVXZCG5HBAN48J4YM7CT4J,general logo cut out,TRUE
01M1PWEJKYGFXZR232CBRAJNKA,01M1PVPXF92SZVFC9KBGN1TRXM,21,01M1PVVCHSJDKDCMNAX28C9KTM,"looks like a rock, triangle shape in the right and half of it missing on the left",TRUE
01M1PW0XAJV7FM74WTBMC5F53H,01M1PVPSFBNZXW40G11YGR32M6,38,01M1PVVNQ4AT0NRB9TK929QH2E,"backrd d, bracket",TRUE
01M1PW1ZNQWFY2GRKE0MN0VE5S,01M1PVPTMX8QBBEQ1CAWS8Y65C,20,01M1PVVEHT22G3NCF8EGPQWRYM,"left side triangles, right side looks like end of martini glass",TRUE
01M1PW6KHENYP1PX4TV3S8D3QK,01M1PVPWZ82WNHXNHFM772HZSY,41,01M1PVV2HGBFFFP8TQ2JTHYBNF,elephant trunk no mountains,TRUE
01M1PW6XWRKT5WS07CMF853K4C,01M1PVPWEJQS052PE7X7E1TZK9,10,01M1PVW75JX1QRKD2FQCCBJ017,shirt on top of upside down house,TRUE
01M1PW7EQHRT7FPRTSVPVBKR0Q,01M1PVPWZ7KQZN2DHXW0TTKG9P,35,01M1PVVTM3JYE18KKXW2DCV15S,side view of a roman helmet,TRUE
01M1PWGJ5PR9PVTED44CFR1YPV,01M1PVPXF8XP3FTSCWE2SZ4KAJ,22,01M1PVW253SKBG4X7GTPVKZWRC,doing good,FALSE
01M1PWGJ5PR9PVTED44CFR1YPV,01M1PVPXF8XP3FTSCWE2SZ4KAJ,22,01M1PW23TCTCTWR44KF0HW1TG2,it looks like a house at the top and one stand leg at the bottom left,TRUE
01M1PW0KJPB7J9AAPJP4DCE42R,01M1PVPSF9NDAT0BF7G6FNHKYQ,27,01M1PVTG9CCCTFM1SEAAQ81WMP,Filled in B and then elephant head,TRUE
01M1PW50WFRS42ZPSX5WYNXJWB,01M1PVPVN43CJ2ZQS2FA0GJ1TX,14,01M1PVW97TC4GVFYDVFB1SJ9WH,"This is the one that looks like a birdhouse, with a landing at the bottom in the form of a square and the four shapes, three overturned over the larger forth shape that is like a trapizoid.",TRUE
01M1PW0KNSR4KQK23JA1ZGE0RK,01M1PVPSF9NDAT0BF7G6FNHKYQ,3,01M1PVTG9CCCTFM1SEAAQ81WMP,Like a really skinny elephant facing right,TRUE
01M1PW0KNSR4KQK23JA1ZGE0RK,01M1PVPSF9NDAT0BF7G6FNHKYQ,3,01M1PVTG9CCCTFM1SEAAQ81WMP,Or a backwards B,TRUE
01M1PW0XANXVZNDN8628ZR9JS5,01M1PVPSFBNZXW40G11YGR32M6,39,01M1PVTRWTPC40C0HPR8RXXWTF,Backward C porcupine,TRUE
01M1PW157XDN54R8WHPKDZCN03,01M1PVPSFBNZXW40G11G9DGVKY,42,01M1PVVNH6WEMGKMEM2F9XPCJS,Clear arrow shape pointing right.,TRUE
01M1PW5R2KGG9FK0X55TN625SV,01M1PVPWEGF3RQQ2BZJMHJW5WT,11,01M1PVV9N1B5JSVGVHP53ND1FH,"bottom has two legs, top has two triangles and a diamond",TRUE
01M1PW6112NJETA54Y1V62SBFG,01M1PVPWEFJ67VYTWGSHJ4XJ33,12,01M1PVW7YQ0ZCTA6RRXWJ4B3KT,looks like a bottle that they took an M off the side,TRUE
01M1PW8ZN7ZK8FDYV3SSNDGGD5,01M1PVPWZ383HA8RRK2RFSW236,23,01M1PVVZ2PG17JJTAZWDXWW3JQ,has spikes coming out on the right,TRUE
01M1PW0KCTTAZ34Y6YQJJ5ZQFW,01M1PVPSF9NDAT0BF7G6FNHKYQ,1,01M1PVTG9CCCTFM1SEAAQ81WMP,Sharp zig zags and then a D,TRUE
01M1PW513TPR82TJ2KTDKSCT62,01M1PVPVN43CJ2ZQS2FA0GJ1TX,9,01M1PVW5BM9J57HJX5KJ260RG3,"the bottoms shapes look like a birhouse, with something long sitting on top of it, and a diamond and two triangles at the very top sitting with their points touching the long shape sitting on the birdhouse",TRUE
01M1PW513TPR82TJ2KTDKSCT62,01M1PVPVN43CJ2ZQS2FA0GJ1TX,9,01M1PVW5BM9J57HJX5KJ260RG3,birdhouse*,TRUE
01M1PW515PN786XJP0WNVX2GHM,01M1PVPVN43CJ2ZQS2FA0GJ1TX,23,01M1PVW5BM9J57HJX5KJ260RG3,the tshirt on top of the picnic table,TRUE
01M1PW5R4WNJZZ1DS7KG6KB7J5,01M1PVPWEGF3RQQ2BZJMHJW5WT,22,01M1PVZMF178XCTABPVTWNQQ3Q,Z shape at the top bottom 2 triangles,TRUE
01M1PW9D7K4RPY11C2JEWQTJYX,01M1PVPXF92SZVFC9KB45KHNG3,23,01M1PVVBRZ3YZPYCQZYDADYMR6,M cut out on the right side,TRUE
01M1PW9D7K4RPY11C2JEWQTJYX,01M1PVPXF92SZVFC9KB45KHNG3,23,01M1PVVBRZ3YZPYCQZYDADYMR6,small m,TRUE
01M1PW0KDHQZAWAJV8XXH3HEKJ,01M1PVPSF9NDAT0BF7G6FNHKYQ,11,01M1PVTG9CCCTFM1SEAAQ81WMP,A tree rotated to the left,TRUE
01M1PW0KDHQZAWAJV8XXH3HEKJ,01M1PVPSF9NDAT0BF7G6FNHKYQ,11,01M1PVTG9CCCTFM1SEAAQ81WMP,A round tree,TRUE
01M1PW60ZS62VYVQAASRT636WM,01M1PVPWEFJ67VYTWGSHJ4XJ33,6,01M1PVW7YQ0ZCTA6RRXWJ4B3KT,look like it has a graduation cap under it,TRUE
01M1PW6KERNC966FB989X3K6C7,01M1PVPWZ82WNHXNHFM772HZSY,4,01M1PVWG3MVC1D7FV8A8CY40QY,elephant trunk with flat right side,TRUE
01M1PW6YE46725YPKRAYXDVPPX,01M1PVPWEJQS052PE7X7E1TZK9,41,01M1PVVX5KFM5CFX55QQRWNDX8,shirt on pincers,TRUE
01M1PW9D3EGM6EFVT07N13H8Q5,01M1PVPXF92SZVFC9KB45KHNG3,14,01M1PVVXW244MSV8KK7TFJHPNZ,fish,TRUE
01M1PWBR4X371620BDS0XJJKXC,01M1PVPY0135RYKX6QNWJW9HQ7,14,01M1PVW5G591MZ9WXE41XZDX0Y,"not mountains, not hat on top, not arrow. Flat on top",TRUE
01M1PWG19YVKNJR5V94PYYGEWE,01M1PVPY02TEGASTZW7B0B44PE,30,01M1PWAKPMFG2PF8ZD5WBT5ANA,man head with the incomplete torso (not winged),TRUE
01M1PW6Y2WD21518V2FSDWC5FD,01M1PVPWEJQS052PE7X7E1TZK9,11,01M1PVVX5KFM5CFX55QQRWNDX8,1 diamond 2 mini upside down triangles on top of pincers,TRUE
01M1PW3THDK6TVWGV1Q34VTX50,01M1PVPVN19AKJQXAJWG447XT1,36,01M1PVVZD69SDYBBAB5MDTZSCB,tshirt,TRUE
01M1PW6YECB2YNMM66GAP4XGWS,01M1PVPWEJQS052PE7X7E1TZK9,42,01M1PVW75JX1QRKD2FQCCBJ017,SHirt on upside down house,TRUE
01M1PW0X7CKYN5402CFM6160ZC,01M1PVPSFBNZXW40G11YGR32M6,14,01M1PVVNQ4AT0NRB9TK929QH2E,"half heart, half trophy",TRUE
01M1PW0X9ECKN2H40XTG0WEC7N,01M1PVPSFBNZXW40G11YGR32M6,30,01M1PVVNQ4AT0NRB9TK929QH2E,"backwards d, bracket",TRUE
01M1PW1ZEH2F74EQ4TJR61MYDV,01M1PVPTMX8QBBEQ1CAWS8Y65C,41,01M1PVVDJXTQ0S1H8V336MES03,"triangles on left, J on right",TRUE
01M1PW2VK9S0F30K3N6AS3EENN,01M1PVPTMT2TF5TMW6DY08RG1A,6,01M1PVVYCG3ZV9Y0QVDS434K08,the right side has 4 points of a triangle,TRUE
01M1PW50W6FFAETREB2WJQWA4Z,01M1PVPVN43CJ2ZQS2FA0GJ1TX,6,01M1PVW97TC4GVFYDVFB1SJ9WH,It looks like a ship out of water that has it's bottom scrapping across the seabed.,TRUE
01M1PW3T73A5YZJZJ6PTX49VSN,01M1PVPVN19AKJQXAJWG447XT1,3,01M1PVV4T08CWVFCAHVD9FMRR2,square following with two traingles on altar with four triangles for feet,TRUE
01M1PW3TGEJNSVN7P0RFW15033,01M1PVPVN19AKJQXAJWG447XT1,34,01M1PVVZD69SDYBBAB5MDTZSCB,tshirt,TRUE
01M1PW5QZGS157P520ZYDX20T4,01M1PVPWEGF3RQQ2BZJMHJW5WT,46,01M1PVZMF178XCTABPVTWNQQ3Q,shirt at the top and house with pole bottom,TRUE
01M1PW60ZZC470E1V2P9X4KJAD,01M1PVPWEFJ67VYTWGSHJ4XJ33,7,01M1PVV71QMXF31FNN88616S34,as if its a square state like iowa,TRUE
01M1PW6KCN073876T2K4GBFAAA,01M1PVPWZ82WNHXNHFM772HZSY,14,01M1PVWG3MVC1D7FV8A8CY40QY,two roofs on the right on a stand with rectangle hole,TRUE
01M1PW9DC6DEYG78EMJGNBC790,01M1PVPXF92SZVFC9KB45KHNG3,36,01M1PVVXW244MSV8KK7TFJHPNZ,podium swan,TRUE
01M1PWGJCPPMRB4DF21CT79GJ7,01M1PVPXF8XP3FTSCWE2SZ4KAJ,39,01M1PVW253SKBG4X7GTPVKZWRC,rectangle,TRUE
01M1PW0X9CK6725SA8QTJA0AR2,01M1PVPSFBNZXW40G11YGR32M6,29,01M1PVTRWTPC40C0HPR8RXXWTF,"half heart, trophy",TRUE
01M1PW1ZEXHTE0GRFTZAG9R68B,01M1PVPTMX8QBBEQ1CAWS8Y65C,14,01M1PVVEHT22G3NCF8EGPQWRYM,"backwards C, and spiky comb",TRUE
01M1PW7EMRXHV8MYTJ4QHJGM2B,01M1PVPWZ7KQZN2DHXW0TTKG9P,42,01M1PVZ3NBFP4RQAMM34F5EPHD,side view of a battle axe,TRUE
01M1PW9DFD51XNF8GECXN83D29,01M1PVPXF92SZVFC9KB45KHNG3,44,01M1PVVXW244MSV8KK7TFJHPNZ,fish,TRUE
01M1PWBQQ2H822XPXP1BMGZENT,01M1PVPY0135RYKX6QNWJW9HQ7,5,01M1PVV5BA5A9YAQJQ9SAGP2BW,looks like it has bird wings,TRUE
01M1PW2VTYF47DXQP2WM1BQMNT,01M1PVPTMT2TF5TMW6DY08RG1A,12,01M1PVVYCG3ZV9Y0QVDS434K08,triangle pointing to the left on the far right side,TRUE
01M1PWBR4KPGX9067MJB1QKM3E,01M1PVPY0135RYKX6QNWJW9HQ7,15,01M1PVV5BA5A9YAQJQ9SAGP2BW,again many upside down triangles on the bottom and top looks like american football goal,TRUE
01M1PW1ZNTCCF9K53SBX0JTNB8,01M1PVPTMX8QBBEQ1CAWS8Y65C,19,01M1PVVDJXTQ0S1H8V336MES03,"left side triangles, right side backwards comb spiky",TRUE
01M1PW6KKZHY22M4HTNSPDWVSX,01M1PVPWZ82WNHXNHFM772HZSY,33,01M1PVV2HGBFFFP8TQ2JTHYBNF,mountains on a stand - straight line on left,TRUE
01M1PW5RADMQPXX7AAN0JMV20E,01M1PVPWEGF3RQQ2BZJMHJW5WT,35,01M1PVV9N1B5JSVGVHP53ND1FH,"ship on top, bottom is premolars",TRUE
01M1PW2VRWTFTEV8EEJEN887BK,01M1PVPTMT2TF5TMW6DY08RG1A,17,01M1PVVTHSCRB56WAFX0KRCSX2,4 triangle peaks,TRUE
01M1PWG1AA0WPEAFMVA8SJWHSF,01M1PVPY02TEGASTZW7B0B44PE,29,01M1PW1KKGDQJPNSP87YDPE8Y2,incomplete home with triangle atop,TRUE
01M1PW2VNPGAWSM52MT71E7XXC,01M1PVPTMT2TF5TMW6DY08RG1A,28,01M1PVVYCG3ZV9Y0QVDS434K08,2 rectanles left,TRUE
01M1PW7F437NPWZ154XYQWXY3W,01M1PVPWZ7KQZN2DHXW0TTKG9P,0,01M1PVZ3NBFP4RQAMM34F5EPHD,a wrench,TRUE
01M1PW9CV5K1RXF3ZDPZ6Y3M5S,01M1PVPXF92SZVFC9KB45KHNG3,6,01M1PVVXW244MSV8KK7TFJHPNZ,looks like an arrow facing both up and down on the left,TRUE
01M1PW1571F3QTPMX1213WZAE9,01M1PVPSFBNZXW40G11G9DGVKY,31,01M1PVTZDZSFSRFW0Y011447D5,Central white rectangle cut out,TRUE
01M1PW1571F3QTPMX1213WZAE9,01M1PVPSFBNZXW40G11G9DGVKY,31,01M1PVTZDZSFSRFW0Y011447D5,Diamond shape in the  right,TRUE
01M1PW7EN3AV5CYXSBVC0T1EW4,01M1PVPWZ7KQZN2DHXW0TTKG9P,41,01M1PVVTM3JYE18KKXW2DCV15S,looks like a dog with 2 sharp points on top and bottom,TRUE
01M1PW0XAWP3GWYRKBZ0C97999,01M1PVPSFBNZXW40G11YGR32M6,35,01M1PVTRWTPC40C0HPR8RXXWTF,trophy,TRUE
01M1PW6KD7DN31HKJ91SGXE4NN,01M1PVPWZ82WNHXNHFM772HZSY,12,01M1PVWG3MVC1D7FV8A8CY40QY,mountain top hat on a head with shoulders,TRUE
01M1PW6KJGBBRVM11ANJYB97XJ,01M1PVPWZ82WNHXNHFM772HZSY,37,01M1PVV2HGBFFFP8TQ2JTHYBNF,mountains on a triangle,TRUE
01M1PW3T81BNFGE1SA20QH5BRY,01M1PVPVN19AKJQXAJWG447XT1,9,01M1PVV4T08CWVFCAHVD9FMRR2,looks like a little boat on top of a cut off triangle over a rectangle over a smaller rectangle,TRUE
01M1PW512HW6XPFYD4HDXEVGK5,01M1PVPVN43CJ2ZQS2FA0GJ1TX,34,01M1PVW97TC4GVFYDVFB1SJ9WH,"This is a new one. At first glance, it looks like the head of a jester or jester match. Think of pokemon and the whos that pokemon shapes. A tshirt and picnic table is how you described it I think.",TRUE
01M1PW5R7BYGC6YJVJ7HAYQV4D,01M1PVPWEGF3RQQ2BZJMHJW5WT,28,01M1PVZMF178XCTABPVTWNQQ3Q,top Z shape bottom 2 triangles,TRUE
01M1PW6Y393VS9X9N4AS1YVFKH,01M1PVPWEJQS052PE7X7E1TZK9,12,01M1PVW75JX1QRKD2FQCCBJ017,Z on top of Lego head,TRUE
01M1PW6Y5AF5CS4BYPJRQJ7SDG,01M1PVPWEJQS052PE7X7E1TZK9,17,01M1PVVX5KFM5CFX55QQRWNDX8,Z on top of pincers,TRUE
01M1PWGJ842PH7YTTY0P8H5JP3,01M1PVPXF8XP3FTSCWE2SZ4KAJ,27,01M1PVW253SKBG4X7GTPVKZWRC,rectangle,TRUE
01M1PW153DB48PRSRKXZ53RK3G,01M1PVPSFBNZXW40G11G9DGVKY,26,01M1PVVNH6WEMGKMEM2F9XPCJS,Funnel on the righthand side.,TRUE
01M1PW50ZNWPASNFZ7PX3MX1KT,01M1PVPVN43CJ2ZQS2FA0GJ1TX,3,01M1PVW5BM9J57HJX5KJ260RG3,this looks like a graduation hat with a shadow at the bottom and then there is an abstract figure in the top right with two things jetting out of a square,TRUE
01M1PWBR67EJZN550VDZHQZ6XR,01M1PVPY0135RYKX6QNWJW9HQ7,11,01M1PVV5BA5A9YAQJQ9SAGP2BW,"many upside down triangles at the bottom, top looks like a football field goal (american football)",TRUE
01M1PW0KGB5JCDRW467A9M738Z,01M1PVPSF9NDAT0BF7G6FNHKYQ,35,01M1PVTG9CCCTFM1SEAAQ81WMP,Arrow then diamond then bed shape then bracket,TRUE
01M1PW6179QNDMC1DY74J0XSMS,01M1PVPWEFJ67VYTWGSHJ4XJ33,38,01M1PVW7YQ0ZCTA6RRXWJ4B3KT,diamond under,TRUE
01M1PW6KJ7BNNJHENG26ABNVK4,01M1PVPWZ82WNHXNHFM772HZSY,38,01M1PVWG3MVC1D7FV8A8CY40QY,perfume bottle,TRUE
01M1PWEJFWQPC67V75714WVYFN,01M1PVPXF92SZVFC9KBGN1TRXM,13,01M1PVVCHSJDKDCMNAX28C9KTM,looks like a house,TRUE
01M1PW3TJ7ZKD86PW065MTFE2S,01M1PVPVN19AKJQXAJWG447XT1,42,01M1PVVZD69SDYBBAB5MDTZSCB,7,TRUE
01M1PW60XB4ZY6N1XXD9BE6E3W,01M1PVPWEFJ67VYTWGSHJ4XJ33,31,01M1PVV71QMXF31FNN88616S34,upside down nike swoooohs,TRUE
01M1PW616MK71Z09YCFVDSWFM2,01M1PVPWEFJ67VYTWGSHJ4XJ33,34,01M1PVW7YQ0ZCTA6RRXWJ4B3KT,headless baby,TRUE
01M1PW6YCTAH4EE1NYCZCPD8E9,01M1PVPWEJQS052PE7X7E1TZK9,37,01M1PVVX5KFM5CFX55QQRWNDX8,Z on upside down house,TRUE
01M1PWBQSHDSA5Y2XTX070QR5V,01M1PVPY0135RYKX6QNWJW9HQ7,18,01M1PVW5G591MZ9WXE41XZDX0Y,hat on top,TRUE
01M1PW0KNDG61CXTBVG4WT4FPD,01M1PVPSF9NDAT0BF7G6FNHKYQ,16,01M1PVTRYDJNHHT05DKBKN76E5,O and then a cat head on right,TRUE
01M1PW5144VTBKZQGCSV069C1J,01M1PVPVN43CJ2ZQS2FA0GJ1TX,31,01M1PVW5BM9J57HJX5KJ260RG3,sideways M with upside down boat,TRUE
01M1PW6Y6WY9EEG40XFRBMYVYG,01M1PVPWEJQS052PE7X7E1TZK9,21,01M1PVVX5KFM5CFX55QQRWNDX8,Z on top of upside down house,TRUE
01M1PW8ZBBA32E6G06F6VVNQTH,01M1PVPWZ383HA8RRK2RFSW236,21,01M1PVVZ2PG17JJTAZWDXWW3JQ,almost like a hexagon but an opening on the left,TRUE
01M1PWBQQHHMWRHV4EG5GQR2PD,01M1PVPY0135RYKX6QNWJW9HQ7,4,01M1PVW5G591MZ9WXE41XZDX0Y,looks like it has a hat on top. 3 points on the bottom.,TRUE
01M1PW0X7E9D7EGJY8N18SKHRY,01M1PVPSFBNZXW40G11YGR32M6,15,01M1PVTRWTPC40C0HPR8RXXWTF,backward C porcupine,TRUE
01M1PW41F3RZTRAPBCHCYESAZV,01M1PVPTMYJEMSH2D4PPK54AQC,1,01M1PVXZCG5HBAN48J4YM7CT4J,hi,FALSE
01M1PW5R327E3QVDSFJ6YQH90K,01M1PVPWEGF3RQQ2BZJMHJW5WT,13,01M1PVV9N1B5JSVGVHP53ND1FH,"top is a t-shirt, bottom is a house on a pole in center",TRUE
01M1PW6YBQ6XRSNVSPXG10805V,01M1PVPWEJQS052PE7X7E1TZK9,46,01M1PVW75JX1QRKD2FQCCBJ017,Diamond and two upside down triangles,TRUE
01M1PW8ZETXZQE6M4T7WZMWFH7,01M1PVPWZ383HA8RRK2RFSW236,1,01M1PVVZ2PG17JJTAZWDXWW3JQ,has a white rectangle in the middle,TRUE
01M1PW7ET1BQP34V5CYC27VH03,01M1PVPWZ7KQZN2DHXW0TTKG9P,16,01M1PVZ3NBFP4RQAMM34F5EPHD,fish kissing a diamond,TRUE
01M1PW3TFSCYN1A93QZGB93SKQ,01M1PVPVN19AKJQXAJWG447XT1,31,01M1PVV4T08CWVFCAHVD9FMRR2,giant t shirt shape over misshape,TRUE
01M1PW3TJYMX08BE2QWRW14604,01M1PVPVN19AKJQXAJWG447XT1,46,01M1PVVZD69SDYBBAB5MDTZSCB,square 2 triangles,TRUE
01M1PW6KCYHG803Z24TEHQAB2P,01M1PVPWZ82WNHXNHFM772HZSY,13,01M1PVV2HGBFFFP8TQ2JTHYBNF,sideways elephant trunk no mountains,TRUE
01M1PW6YC11XTEC8JCHNZYPD9V,01M1PVPWEJQS052PE7X7E1TZK9,36,01M1PVW75JX1QRKD2FQCCBJ017,Diamond and two upside down triangles,TRUE
01M1PW152YKZ1HCYW4JQ29FE64,01M1PVPSFBNZXW40G11G9DGVKY,19,01M1PVTZDZSFSRFW0Y011447D5,Tilt your head to the right and looks almost like a bird,TRUE
01M1PWBQNKM96KG8N1YSYQ09HP,01M1PVPY0135RYKX6QNWJW9HQ7,28,01M1PVW5G591MZ9WXE41XZDX0Y,"two points on the left, rectangle sticking out diagonally of top right corner",TRUE
01M1PWEJ9MCKYE2027ECG2F8GX,01M1PVPXF92SZVFC9KBGN1TRXM,9,01M1PVVCHSJDKDCMNAX28C9KTM,it looks like an arrow with spikey edges on the right and a triangle at the left,TRUE
01M1PW6KGV8GC7B38DEA5HTV40,01M1PVPWZ82WNHXNHFM772HZSY,43,01M1PVV2HGBFFFP8TQ2JTHYBNF,"two roofs, no triangle",TRUE
01M1PWBR75AEDSG66XN56XWXH0,01M1PVPY0135RYKX6QNWJW9HQ7,9,01M1PVV5BA5A9YAQJQ9SAGP2BW,"not the devil tail and not the top hat. this one has two pointy pieces coming out from each side, the top is a large rectangular shape",TRUE
01M1PWG117E16E1GWKE4FS79VC,01M1PVPY02TEGASTZW7B0B44PE,2,01M1PWAKPMFG2PF8ZD5WBT5ANA,this is the snake with the T on its back,TRUE
01M1PWG160AE0VEKTFFD1SQWQ0,01M1PVPY02TEGASTZW7B0B44PE,40,01M1PWAKPMFG2PF8ZD5WBT5ANA,incomplete T-shape home / swoop path,TRUE
01M1PW0KG74T22NRGDBRKR37GW,01M1PVPSF9NDAT0BF7G6FNHKYQ,36,01M1PVTRYDJNHHT05DKBKN76E5,table legs with elephant head,TRUE
01M1PW0KG9J0JCFGYKDMH4EJZ9,01M1PVPSF9NDAT0BF7G6FNHKYQ,20,01M1PVTRYDJNHHT05DKBKN76E5,arrow on the left with a diamond and bracket,TRUE
01M1PW1ZDQG9NSS6101TND8HX3,01M1PVPTMX8QBBEQ1CAWS8Y65C,44,01M1PVVEHT22G3NCF8EGPQWRYM,M shape and J shape,TRUE
01M1PW5R3GBC70YZ74YJKQMCK3,01M1PVPWEGF3RQQ2BZJMHJW5WT,15,01M1PVV9N1B5JSVGVHP53ND1FH,"top is a z-shape, bottom has two legs",TRUE
01M1PW8ZVHAZZ0TMBE1NSBPFC2,01M1PVPWZ383HA8RRK2RFSW236,10,01M1PW2K6B8GZQ5Z02B5Q0TB2A,has a white rectangle,TRUE
01M1PWGJACXPGG8V93R3MMYP5D,01M1PVPXF8XP3FTSCWE2SZ4KAJ,32,01M1PW23TCTCTWR44KF0HW1TG2,rectangle in the middle and a mouth on the right,TRUE
01M1PW0KGZKKSSZR2VMWGWTTD8,01M1PVPSF9NDAT0BF7G6FNHKYQ,19,01M1PVTG9CCCTFM1SEAAQ81WMP,Table legs with an elephant head growing out of the table,TRUE
01M1PW618CCMF2QRWVZQBW2WME,01M1PVPWEFJ67VYTWGSHJ4XJ33,42,01M1PVW7YQ0ZCTA6RRXWJ4B3KT,upside down nike sign,TRUE
01M1PW9CVPB3ZQGDTK90PAVB2B,01M1PVPXF92SZVFC9KB45KHNG3,7,01M1PVVBRZ3YZPYCQZYDADYMR6,looks like a fish,TRUE
01M1PWEJN9F4MKV8X2JX0TBQP6,01M1PVPXF92SZVFC9KBGN1TRXM,24,01M1PVZYRHDVK94JBPD96A2FVY,"heart with triangular base, and hole in the middle",TRUE
01M1PW0KDPPZN7MPKNKH8H2BGH,01M1PVPSF9NDAT0BF7G6FNHKYQ,8,01M1PVTRYDJNHHT05DKBKN76E5,two table legs,TRUE
01M1PW613TP0G7NM1K3Q60NWZP,01M1PVPWEFJ67VYTWGSHJ4XJ33,23,01M1PVV71QMXF31FNN88616S34,its a new one it has a giant white hexagon,TRUE
01M1PW6YA2TDAFZTNP664HNV9X,01M1PVPWEJQS052PE7X7E1TZK9,30,01M1PVW75JX1QRKD2FQCCBJ017,Diamond and two upside down triangles,TRUE
01M1PWGJ6RET1616SRHS16ES1T,01M1PVPXF8XP3FTSCWE2SZ4KAJ,24,01M1PW23TCTCTWR44KF0HW1TG2,crocket U shape on the left at the top,TRUE
01M1PW1ZN5V8PHSDN8DRKAA3MD,01M1PVPTMX8QBBEQ1CAWS8Y65C,24,01M1PVVEHT22G3NCF8EGPQWRYM,M shape with spike pointing RIGHT and J shape on right side,TRUE
01M1PW513DDNQG91NDNZ4JRNAX,01M1PVPVN43CJ2ZQS2FA0GJ1TX,33,01M1PVW5BM9J57HJX5KJ260RG3,this is the weird one i don't think I have described... this is the one you said looked like a sideways trojan horse i think,TRUE
01M1PW6106WZHSXNCGR6KV2H7Q,01M1PVPWEFJ67VYTWGSHJ4XJ33,8,01M1PVW7YQ0ZCTA6RRXWJ4B3KT,has a diamond shape under it,TRUE
01M1PW610SCWWS82QVQBBQRK48,01M1PVPWEFJ67VYTWGSHJ4XJ33,11,01M1PVV71QMXF31FNN88616S34,a side ways m,TRUE
01M1PWEJJFP8R01PK26VRGM8CK,01M1PVPXF92SZVFC9KBGN1TRXM,17,01M1PVVCHSJDKDCMNAX28C9KTM,"heart on the right, hole in the middle and the left side is NOT a triangle",TRUE
01M1PWGHVCKWFR9EFFMJJXP01F,01M1PVPXF8XP3FTSCWE2SZ4KAJ,0,01M1PW23TCTCTWR44KF0HW1TG2,there is a rectangle shape in the middle,TRUE
01M1PWGHVCKWFR9EFFMJJXP01F,01M1PVPXF8XP3FTSCWE2SZ4KAJ,0,01M1PVW253SKBG4X7GTPVKZWRC,hi,FALSE
01M1PWGHVCKWFR9EFFMJJXP01F,01M1PVPXF8XP3FTSCWE2SZ4KAJ,0,01M1PW23TCTCTWR44KF0HW1TG2,Hi,TRUE
01M1PW3TA2APRCY4AJ6KFKWV3V,01M1PVPVN19AKJQXAJWG447XT1,18,01M1PVVZD69SDYBBAB5MDTZSCB,tshirt,TRUE
01M1PW3TH903Y604AQ7E7SW186,01M1PVPVN19AKJQXAJWG447XT1,35,01M1PVV4T08CWVFCAHVD9FMRR2,giant 7 over misshape,TRUE
01M1PW41FV68FH51YY67XEC8XT,01M1PVPTMYJEMSH2D4PPK54AQC,29,01M1PVV1FSQ931Q08DC040FF4H,weird shape with square whole,TRUE
01M1PW0KDN5HN6R8NTJ6CJDMWV,01M1PVPSF9NDAT0BF7G6FNHKYQ,9,01M1PVTG9CCCTFM1SEAAQ81WMP,O and then a T that is rotated to the left.,TRUE
01M1PW512S9R1W7F303KCQ39VN,01M1PVPVN43CJ2ZQS2FA0GJ1TX,11,01M1PVW5BM9J57HJX5KJ260RG3,top shape looks like a tshirt. bottom shape looks like a picnic table,TRUE
01M1PW6KPRZD4XMTBJPSWGYSMW,01M1PVPWZ82WNHXNHFM772HZSY,16,01M1PVWG3MVC1D7FV8A8CY40QY,two roofs with sideways triangle on the left,TRUE
01M1PWEJ72D8WPEH9ZQ4Q5TQXJ,01M1PVPXF92SZVFC9KBGN1TRXM,4,01M1PVZYRHDVK94JBPD96A2FVY,something that is flat on the right and has a tail on the left that points up,TRUE
01M1PW1ZEP2JR4AWV7GBNA2CM6,01M1PVPTMX8QBBEQ1CAWS8Y65C,17,01M1PVVDJXTQ0S1H8V336MES03,"backwards C on left side, cathead right",TRUE
01M1PW1ZMRFBPP02AW14YTDPT6,01M1PVPTMX8QBBEQ1CAWS8Y65C,26,01M1PVVEHT22G3NCF8EGPQWRYM,half zero and martini glass shape on right,TRUE
01M1PW5RAVBVCBAWRFM2THPWZA,01M1PVPWEGF3RQQ2BZJMHJW5WT,36,01M1PVZMF178XCTABPVTWNQQ3Q,Z at the top bottom triangles wit a window,TRUE
01M1PW9DEZD5HRMGKZK7JASKZB,01M1PVPXF92SZVFC9KB45KHNG3,43,01M1PVVBRZ3YZPYCQZYDADYMR6,two arrows in diff directions on the left,TRUE
01M1PWG17BVVRQMBN5AHGPWG2F,01M1PVPY02TEGASTZW7B0B44PE,37,01M1PW1KKGDQJPNSP87YDPE8Y2,a home with path,TRUE
01M1PWG17BVVRQMBN5AHGPWG2F,01M1PVPY02TEGASTZW7B0B44PE,37,01M1PWAKPMFG2PF8ZD5WBT5ANA,no triangle top?,FALSE
01M1PWG17BVVRQMBN5AHGPWG2F,01M1PVPY02TEGASTZW7B0B44PE,37,01M1PW1KKGDQJPNSP87YDPE8Y2,no,TRUE
01M1PW6KNQTTRDM1WGHMNZPTTG,01M1PVPWZ82WNHXNHFM772HZSY,19,01M1PVV2HGBFFFP8TQ2JTHYBNF,face / shoulders on side with flat hat that is now on right,TRUE
01M1PW0KHKNBT3HDGWATNM029V,01M1PVPSF9NDAT0BF7G6FNHKYQ,32,01M1PVTRYDJNHHT05DKBKN76E5,backwards B with bracket,TRUE
01M1PW157RRD0V2Z59EDMG0VRF,01M1PVPSFBNZXW40G11G9DGVKY,39,01M1PVTZDZSFSRFW0Y011447D5,Two white O shapes cut out,TRUE
01M1PW50X41XE493CCM3QY823C,01M1PVPVN43CJ2ZQS2FA0GJ1TX,19,01M1PVW5BM9J57HJX5KJ260RG3,this looks like an L in the right corner with..... a strange square pacman looking thing overlapping it,TRUE
01M1PW611P32K541XRSMT4SDV3,01M1PVPWEFJ67VYTWGSHJ4XJ33,15,01M1PVV71QMXF31FNN88616S34,headless baby,TRUE
01M1PW6KNX10AXM88DTGHZRY6K,01M1PVPWZ82WNHXNHFM772HZSY,26,01M1PVWG3MVC1D7FV8A8CY40QY,mountain tops with triangle on the left,TRUE
01M1PW6KRAMX48B1NXEDBV4ZR3,01M1PVPWZ82WNHXNHFM772HZSY,21,01M1PVV2HGBFFFP8TQ2JTHYBNF,"NO mountains, trunks or gaps",TRUE
01M1PWBR29C6EDDHCH335F4JQ2,01M1PVPY0135RYKX6QNWJW9HQ7,21,01M1PVV5BA5A9YAQJQ9SAGP2BW,devil tail,TRUE
01M1PW0KH1MTAJ8SS32ACXET2Z,01M1PVPSF9NDAT0BF7G6FNHKYQ,34,01M1PVTRYDJNHHT05DKBKN76E5,arrow with diamond and T rotated to the left,TRUE
01M1PW151RQT4CEPT5CSFNT3BH,01M1PVPSFBNZXW40G11G9DGVKY,1,01M1PVTZDZSFSRFW0Y011447D5,"It’s an arrow shape on the left, it has a white cut out rectangle in the middle",TRUE
01M1PW513YFZ9ZXM7XTKBVYTAS,01M1PVPVN43CJ2ZQS2FA0GJ1TX,8,01M1PVW97TC4GVFYDVFB1SJ9WH,It looks like a bird coming out of a 3D box or a crude geometic version of a horse turned sideways.,TRUE
01M1PW5R83PAN96WD5B7F4AARE,01M1PVPWEGF3RQQ2BZJMHJW5WT,30,01M1PVZMF178XCTABPVTWNQQ3Q,"top shirt,botton triangle with a window",TRUE
01M1PW6KG0EE2VVMA4F8TA17XD,01M1PVPWZ82WNHXNHFM772HZSY,47,01M1PVV2HGBFFFP8TQ2JTHYBNF,trunk with mountains,TRUE
01M1PW6Y41PTQQS32BAADHQVPD,01M1PVPWEJQS052PE7X7E1TZK9,14,01M1PVW75JX1QRKD2FQCCBJ017,Boat on Lego head,TRUE
01M1PW7EXPB3YEY40HEQNETB5Q,01M1PVPWZ7KQZN2DHXW0TTKG9P,7,01M1PVVTM3JYE18KKXW2DCV15S,looks like an anvil,TRUE
01M1PW2VGJ8JMA27AV4R1G5AD8,01M1PVPTMT2TF5TMW6DY08RG1A,11,01M1PVVTHSCRB56WAFX0KRCSX2,There are two parallel rectangle shapes on the left side and 4 triangle peaks on the right,TRUE
01M1PW3TAFAN0N8P2TXT0DRXH7,01M1PVPVN19AKJQXAJWG447XT1,15,01M1PVV4T08CWVFCAHVD9FMRR2,boat shape on top of cut off triangle over two rectangles the bigger one on top of the other,TRUE
01M1PWEJ6QN23FZ5Y1S7MC6ADB,01M1PVPXF92SZVFC9KBGN1TRXM,3,01M1PVVCHSJDKDCMNAX28C9KTM,a heart shape on its side has a hole in the middle and a nose shape on the side,TRUE
01M1PW1ZEMS9JRYMP9TGCZCV0W,01M1PVPTMX8QBBEQ1CAWS8Y65C,35,01M1PVVDJXTQ0S1H8V336MES03,"backwards 3 left side, catshead right side",TRUE
01M1PW3T8SENQ3BHS0NM8RDNWZ,01M1PVPVN19AKJQXAJWG447XT1,14,01M1PVVZD69SDYBBAB5MDTZSCB,4 triangle legs,TRUE
01M1PW5R06137NB9MVHF4T2X96,01M1PVPWEGF3RQQ2BZJMHJW5WT,1,01M1PVV9N1B5JSVGVHP53ND1FH,"looks like a v-neck t-shirt on top, upside down house on bottom right",TRUE
01M1PW5R06137NB9MVHF4T2X96,01M1PVPWEGF3RQQ2BZJMHJW5WT,1,01M1PVZMF178XCTABPVTWNQQ3Q,hello describe,FALSE
01M1PW6KQ3AJP9F6ND3F12FT8G,01M1PVPWZ82WNHXNHFM772HZSY,24,01M1PVWG3MVC1D7FV8A8CY40QY,elephant trunk with straight long line on the right,TRUE
01M1PW0KHEADK4Y3RQG79KYPRN,01M1PVPSF9NDAT0BF7G6FNHKYQ,33,01M1PVTG9CCCTFM1SEAAQ81WMP,Arrow then diamond then spiky E,TRUE
01M1PW0XAYYG1FB8W9FXYQX6K2,01M1PVPSFBNZXW40G11YGR32M6,36,01M1PVVNQ4AT0NRB9TK929QH2E,"c, birdhead",TRUE
01M1PW3TB90Y5JXXJVVR1K3X5P,01M1PVPVN19AKJQXAJWG447XT1,20,01M1PVVZD69SDYBBAB5MDTZSCB,square and 2 triangles at the top,TRUE
01M1PW9D9HGX8QKP61ZNSS291H,01M1PVPXF92SZVFC9KB45KHNG3,30,01M1PVVXW244MSV8KK7TFJHPNZ,diamond on left,TRUE
01M1PW41GT1Y3X047V4M3KTG68,01M1PVPTMYJEMSH2D4PPK54AQC,35,01M1PVV1FSQ931Q08DC040FF4H,a shape with upside down triangle on top,TRUE
01M1PW5RCKBV2173EKD9ED2AAK,01M1PVPWEGF3RQQ2BZJMHJW5WT,41,01M1PVV9N1B5JSVGVHP53ND1FH,"diamond and two triangles on top, premolars on bottom",TRUE
01M1PW6XYEKJ7WT2S7CGF5FEGW,01M1PVPWEJQS052PE7X7E1TZK9,4,01M1PVW75JX1QRKD2FQCCBJ017,Z on top of Bowl with legs,TRUE
01M1PWGHY978HPE5GZ5C7TNF7D,01M1PVPXF8XP3FTSCWE2SZ4KAJ,6,01M1PW23TCTCTWR44KF0HW1TG2,It looks like a stop sign on its side at the top and a short stand at the bottom,TRUE
01M1PW3TFWV27Z1ZKDXGZJHW2B,01M1PVPVN19AKJQXAJWG447XT1,32,01M1PVVZD69SDYBBAB5MDTZSCB,boat,TRUE
01M1PW5R7TD9TDD2S6Q4Q2GN4W,01M1PVPWEGF3RQQ2BZJMHJW5WT,29,01M1PVV9N1B5JSVGVHP53ND1FH,"ship on the top with raised shape on right, bottom has two legs",TRUE
01M1PW6KE4DA10VQB7A3BBCN11,01M1PVPWZ82WNHXNHFM772HZSY,8,01M1PVWG3MVC1D7FV8A8CY40QY,house in the top left with a square in front of it,TRUE
01M1PW6KJYECZT4AX1GVF71W9V,01M1PVPWZ82WNHXNHFM772HZSY,36,01M1PVWG3MVC1D7FV8A8CY40QY,elephant trunk with house roof top on the right,TRUE
01M1PWEJHPEQKNMQT11QYNYABJ,01M1PVPXF92SZVFC9KBGN1TRXM,15,01M1PVVCHSJDKDCMNAX28C9KTM,heart shape on the left with triangle side on the right and hole in the middle,TRUE
01M1PW0X8CK4YNTDC2EZZC0DTR,01M1PVPSFBNZXW40G11YGR32M6,27,01M1PVTRWTPC40C0HPR8RXXWTF,backward C bird head,TRUE
01M1PW41H4V8WW7HZTAJMCTKVA,01M1PVPTMYJEMSH2D4PPK54AQC,37,01M1PVV1FSQ931Q08DC040FF4H,dinosaur sideways,TRUE
01M1PW7EV7Q8A4DTBZ8WG3A2JD,01M1PVPWZ7KQZN2DHXW0TTKG9P,27,01M1PVVTM3JYE18KKXW2DCV15S,Jagged edge facing left,TRUE
01M1PWEJQ8F3334RGX4G4XN2EH,01M1PVPXF92SZVFC9KBGN1TRXM,37,01M1PVVCHSJDKDCMNAX28C9KTM,fish with tail on left pointing up and arrow shaoe on the right,TRUE
01M1PWG196T7KKZFGY3HWCSMZF,01M1PVPY02TEGASTZW7B0B44PE,32,01M1PWAKPMFG2PF8ZD5WBT5ANA,*full* house with T-top,TRUE
01M1PW0KNTX590C2E3DEBC3F7Z,01M1PVPSF9NDAT0BF7G6FNHKYQ,2,01M1PVTRYDJNHHT05DKBKN76E5,two table legs,TRUE
01M1PW50V9084B270FQXWC3A51,01M1PVPVN43CJ2ZQS2FA0GJ1TX,12,01M1PVW97TC4GVFYDVFB1SJ9WH,"It looks like a rocket ship, with a long black line underneath and a dimond coming from it's thruster.",TRUE
01M1PW7EVQMW4C2FQ8CT0ASFV4,01M1PVPWZ7KQZN2DHXW0TTKG9P,25,01M1PVVTM3JYE18KKXW2DCV15S,"anvil shape with ""blade""facing left side",TRUE
01M1PW7F2ARH0Q0Y3TMKYJ7Z6R,01M1PVPWZ7KQZN2DHXW0TTKG9P,2,01M1PVZ3NBFP4RQAMM34F5EPHD,sideways view of the kings crown,TRUE
01M1PWBR1S43008KJSE43ND4KA,01M1PVPY0135RYKX6QNWJW9HQ7,22,01M1PVW5G591MZ9WXE41XZDX0Y,"two points on the left, diagonal rectangle coming out of top right corner",TRUE
01M1PWBR59GZY2XR186W681FS5,01M1PVPY0135RYKX6QNWJW9HQ7,13,01M1PVV5BA5A9YAQJQ9SAGP2BW,looks like a bird with wings,TRUE
01M1PWGJAR5JW97PE4JD29PGFN,01M1PVPXF8XP3FTSCWE2SZ4KAJ,33,01M1PVW253SKBG4X7GTPVKZWRC,stop sign,TRUE
01M1PWEJA0XHH840QRKT7T2D4R,01M1PVPXF92SZVFC9KBGN1TRXM,28,01M1PVZYRHDVK94JBPD96A2FVY,A flame with a base that is flat in the bottom,TRUE
01M1PW6KGGWRWPBJ9QRY5Z79K1,01M1PVPWZ82WNHXNHFM772HZSY,44,01M1PVWG3MVC1D7FV8A8CY40QY,head with a hat and shoulders,TRUE
01M1PW8ZBW7RYS3DD69D5V2VYZ,01M1PVPWZ383HA8RRK2RFSW236,20,01M1PW2K6B8GZQ5Z02B5Q0TB2A,looks like a sideways shape of dog face with his nose to the left,TRUE
01M1PW1527FTJEZPV2593NYMXF,01M1PVPSFBNZXW40G11G9DGVKY,3,01M1PVTZDZSFSRFW0Y011447D5,There is a block at the bottom and top on the left and then a funnel shape on the right,TRUE
01M1PWG1GT764FXGYT33QZ3DWH,01M1PVPY02TEGASTZW7B0B44PE,14,01M1PWAKPMFG2PF8ZD5WBT5ANA,this is the winged man with the obvious hat. not the snake man,TRUE
01M1PW50XR3CJYCDDQXT4BKERH,01M1PVPVN43CJ2ZQS2FA0GJ1TX,17,01M1PVW5BM9J57HJX5KJ260RG3,To me this looks like a stack of papers about to fall ontop of eachother in slowmotion in a pile,TRUE
01M1PW8ZD3JJYWWK4N254448MT,01M1PVPWZ383HA8RRK2RFSW236,19,01M1PVVZ2PG17JJTAZWDXWW3JQ,has spikes coming out on the right,TRUE
01M1PWBQRCCACJEA78G0QNJ9GF,01M1PVPY0135RYKX6QNWJW9HQ7,3,01M1PVV5BA5A9YAQJQ9SAGP2BW,"fattest piece, largest in size",TRUE
01M1PWG10V32SJATXBCJQ4STS3,01M1PVPY02TEGASTZW7B0B44PE,7,01M1PW1KKGDQJPNSP87YDPE8Y2,the S,TRUE
01M1PWG10V32SJATXBCJQ4STS3,01M1PVPY02TEGASTZW7B0B44PE,7,01M1PWAKPMFG2PF8ZD5WBT5ANA,i have two of them. which one? T or hat?,FALSE
01M1PWG10V32SJATXBCJQ4STS3,01M1PVPY02TEGASTZW7B0B44PE,7,01M1PW1KKGDQJPNSP87YDPE8Y2,hat,TRUE
01M1PWGJ01S20VDV1238ZYPZHY,01M1PVPXF8XP3FTSCWE2SZ4KAJ,10,01M1PW23TCTCTWR44KF0HW1TG2,3 triangles to the left and the a crocket U shape at the top on the left,TRUE
01M1PW2VJA579XNE391RY87360,01M1PVPTMT2TF5TMW6DY08RG1A,9,01M1PVVTHSCRB56WAFX0KRCSX2,The right side has a closed parenthesis shape,TRUE
01M1PW41JHDQPBDWC0A005T3J0,01M1PVPTMYJEMSH2D4PPK54AQC,46,01M1PVXZCG5HBAN48J4YM7CT4J,big shape. little diamond at bottom right,TRUE
01M1PW50T2QDMZMWFWW4DXRD8E,01M1PVPVN43CJ2ZQS2FA0GJ1TX,43,01M1PVW5BM9J57HJX5KJ260RG3,tshirt on top of picnic table,TRUE
01M1PWBQR0P2PWHR9XXYGW2PWD,01M1PVPY0135RYKX6QNWJW9HQ7,0,01M1PVW5G591MZ9WXE41XZDX0Y,"devil tail on the bottom, triangle on the top",TRUE
01M1PWGJF2GBAB3FVC80CXGPCR,01M1PVPXF8XP3FTSCWE2SZ4KAJ,45,01M1PVW253SKBG4X7GTPVKZWRC,rectangle,TRUE
01M1PW157PXP1G12JKE02EV8YZ,01M1PVPSFBNZXW40G11G9DGVKY,38,01M1PVVNH6WEMGKMEM2F9XPCJS,White chevron cutout.,TRUE
01M1PW1ZE3G2PX81YVCFYXARWN,01M1PVPTMX8QBBEQ1CAWS8Y65C,40,01M1PVVEHT22G3NCF8EGPQWRYM,"half zero, cat head on right",TRUE
01M1PW6KPA6CQDKGZAFMHQ4ZX5,01M1PVPWZ82WNHXNHFM772HZSY,25,01M1PVV2HGBFFFP8TQ2JTHYBNF,two roofs on right on a stand with gap = long straight ish line on left,TRUE
01M1PW6Y9SE00R13100QFVHBMQ,01M1PVPWEJQS052PE7X7E1TZK9,29,01M1PVVX5KFM5CFX55QQRWNDX8,1 diamond 2 upside down mini triangles,TRUE
01M1PWBQPK8TSAN4ZDN8QY9XT0,01M1PVPY0135RYKX6QNWJW9HQ7,6,01M1PVW5G591MZ9WXE41XZDX0Y,"two points on the left side, flat on the right except for rectangle sticking out diagonally in the top right corner",TRUE
01M1PW3T8AXEX5YH3B07D7ZDXV,01M1PVPVN19AKJQXAJWG447XT1,11,01M1PVV4T08CWVFCAHVD9FMRR2,looks like a 7 over misshape,TRUE
01M1PW5R49J9Q33DY4H9VG637A,01M1PVPWEGF3RQQ2BZJMHJW5WT,19,01M1PVV9N1B5JSVGVHP53ND1FH,"top looks like a ship, bottom is a house on a pole",TRUE
01M1PW618TBRK4N0FQDP1Z7W3W,01M1PVPWEFJ67VYTWGSHJ4XJ33,44,01M1PVW7YQ0ZCTA6RRXWJ4B3KT,zig zagsss on both sides,TRUE
01M1PW6KQBKKC4VVXMYMR7XQ4P,01M1PVPWZ82WNHXNHFM772HZSY,23,01M1PVV2HGBFFFP8TQ2JTHYBNF,sideways elephant trunk no mountains,TRUE
01M1PW6YDGJC4E44B9P33W443Y,01M1PVPWEJQS052PE7X7E1TZK9,39,01M1PVVX5KFM5CFX55QQRWNDX8,1 diamond 2 upside down mini triangles,TRUE
01M1PW8ZVZAFC0NWF07ZXGQXAZ,01M1PVPWZ383HA8RRK2RFSW236,9,01M1PVVZ2PG17JJTAZWDXWW3JQ,"has a white almost ""u"" shape at top left",TRUE
01M1PW9D79R8DTYAEQX7CS1X69,01M1PVPXF92SZVFC9KB45KHNG3,22,01M1PVVXW244MSV8KK7TFJHPNZ,diamond on bottom left,TRUE
01M1PW9D8J7HS0TD391DBF7Q0D,01M1PVPXF92SZVFC9KB45KHNG3,27,01M1PVVBRZ3YZPYCQZYDADYMR6,podium swan,TRUE
01M1PW0X7PHCTGCCJ2X5PPQMQ7,01M1PVPSFBNZXW40G11YGR32M6,16,01M1PVVNQ4AT0NRB9TK929QH2E,"half heart, pocupine",TRUE
01M1PW7ERAJRYJPT77HP5P6WS2,01M1PVPWZ7KQZN2DHXW0TTKG9P,32,01M1PVZ3NBFP4RQAMM34F5EPHD,sideways duck on a pedestal,TRUE
01M1PW8ZT5YX64KN0MW6EH6CAX,01M1PVPWZ383HA8RRK2RFSW236,15,01M1PVVZ2PG17JJTAZWDXWW3JQ,has a white u shape top left,TRUE
01M1PW156WYVAP7962SMDSN2ZA,01M1PVPSFBNZXW40G11G9DGVKY,21,01M1PVTZDZSFSRFW0Y011447D5,Two blocks bottom and top and a funnel shape on the right,TRUE
01M1PW419FCYAJ8X8AZC28WFZD,01M1PVPTMYJEMSH2D4PPK54AQC,30,01M1PVXZCG5HBAN48J4YM7CT4J,sideways candelabra,TRUE
01M1PW5R4P0PHXTZ99EW3FWD3J,01M1PVPWEGF3RQQ2BZJMHJW5WT,21,01M1PVV9N1B5JSVGVHP53ND1FH,"diamond and two triangles on top, two legs on bottom",TRUE
01M1PW5RCYWM0069VM47MFSPS9,01M1PVPWEGF3RQQ2BZJMHJW5WT,43,01M1PVV9N1B5JSVGVHP53ND1FH,"ship on top, bottom has two legs",TRUE
01M1PW6Y8QYQTMD5XP679XM9SJ,01M1PVPWEJQS052PE7X7E1TZK9,26,01M1PVW75JX1QRKD2FQCCBJ017,Z on bowl with legs,TRUE
01M1PW614X3N02NPDVMA3WH2ZE,01M1PVPWEFJ67VYTWGSHJ4XJ33,26,01M1PVW7YQ0ZCTA6RRXWJ4B3KT,zig zagsssss,TRUE
01M1PW6186GCDT3WB40MCGPC2T,01M1PVPWEFJ67VYTWGSHJ4XJ33,41,01M1PVV71QMXF31FNN88616S34,little baby jammies haha,TRUE
01M1PW6186GCDT3WB40MCGPC2T,01M1PVPWEFJ67VYTWGSHJ4XJ33,41,01M1PVW7YQ0ZCTA6RRXWJ4B3KT,lol :),FALSE
01M1PW7F550PB0Q7KZGHZ09S5M,01M1PVPWZ7KQZN2DHXW0TTKG9P,12,01M1PVZ3NBFP4RQAMM34F5EPHD,white in the middle,TRUE
01M1PW8ZV49KG85PZPQ778JSSQ,01M1PVPWZ383HA8RRK2RFSW236,11,01M1PVVZ2PG17JJTAZWDXWW3JQ,has a white u shape at top left,TRUE
01M1PWG10236ANAT68D99PBC0W,01M1PVPY02TEGASTZW7B0B44PE,1,01M1PWAKPMFG2PF8ZD5WBT5ANA,is anyone there?,FALSE
01M1PWG10236ANAT68D99PBC0W,01M1PVPY02TEGASTZW7B0B44PE,1,01M1PW1KKGDQJPNSP87YDPE8Y2,house shape with 3 teeth at bottom,TRUE
01M1PW612Y3ZANKQ2BMVFM1247,01M1PVPWEFJ67VYTWGSHJ4XJ33,20,01M1PVW7YQ0ZCTA6RRXWJ4B3KT,big black letter M on top,TRUE
01M1PWG0ZK0KSJB3KXD23247VA,01M1PVPY02TEGASTZW7B0B44PE,9,01M1PWAKPMFG2PF8ZD5WBT5ANA,"a house, right?",FALSE
01M1PWG0ZK0KSJB3KXD23247VA,01M1PVPY02TEGASTZW7B0B44PE,9,01M1PW1KKGDQJPNSP87YDPE8Y2,triangle head arrow to riht,TRUE
01M1PWG0ZK0KSJB3KXD23247VA,01M1PVPY02TEGASTZW7B0B44PE,9,01M1PW1KKGDQJPNSP87YDPE8Y2,yes,TRUE
01M1PWG1HANR76NNHCG2MJQRZH,01M1PVPY02TEGASTZW7B0B44PE,13,01M1PW1KKGDQJPNSP87YDPE8Y2,tree with triangle,TRUE
01M1PW2VNZECFZCDKR58A48E96,01M1PVPTMT2TF5TMW6DY08RG1A,26,01M1PVVYCG3ZV9Y0QVDS434K08,4 peaks,TRUE
01M1PW41B0VQ8PPR8W8MYJX3Y0,01M1PVPTMYJEMSH2D4PPK54AQC,22,01M1PVXZCG5HBAN48J4YM7CT4J,flying bird with rectangle cut out,TRUE
01M1PW7ENFWT9JBJHNFB5HWBF3,01M1PVPWZ7KQZN2DHXW0TTKG9P,40,01M1PVZ3NBFP4RQAMM34F5EPHD,side view of a roman helmet,TRUE
01M1PW15722C039XPDYQQPG6RJ,01M1PVPSFBNZXW40G11G9DGVKY,32,01M1PVVNH6WEMGKMEM2F9XPCJS,White chevron cutout.,TRUE
01M1PW1ZEEKWBQWC8CNAWVQYBF,01M1PVPTMX8QBBEQ1CAWS8Y65C,43,01M1PVVDJXTQ0S1H8V336MES03,"backwards c on left, catshead on right",TRUE
01M1PW6XW693C08RRY4RWXFARP,01M1PVPWEJQS052PE7X7E1TZK9,0,01M1PVW75JX1QRKD2FQCCBJ017,Boat on Lego Head,TRUE
01M1PW9D43XR685G8DTZRKCPWQ,01M1PVPXF92SZVFC9KB45KHNG3,15,01M1PVVBRZ3YZPYCQZYDADYMR6,the fattest one,TRUE
01M1PW157T6V2AH69TERYM4Z5S,01M1PVPSFBNZXW40G11G9DGVKY,8,01M1PVVNH6WEMGKMEM2F9XPCJS,"This one looks like a monster or dinosaur with pointy feet, and a curly tail, and an open pointy mouth or beak.",TRUE
01M1PW6YDW8GDCNZKBGYW4TKH1,01M1PVPWEJQS052PE7X7E1TZK9,40,01M1PVW75JX1QRKD2FQCCBJ017,Boat on pincers,TRUE
01M1PW6118W54CEW8FCBT9EHKY,01M1PVPWEFJ67VYTWGSHJ4XJ33,13,01M1PVV71QMXF31FNN88616S34,its as if one is balacing on top the other or just barley touch two larger halfs,TRUE
01M1PW15810F0EX3JSEY0AJCGT,01M1PVPSFBNZXW40G11G9DGVKY,45,01M1PVTZDZSFSRFW0Y011447D5,Clear diamond on the bottom right,TRUE
01M1PW9CXG6GY08BY8SYP94BNQ,01M1PVPXF92SZVFC9KB45KHNG3,9,01M1PVVBRZ3YZPYCQZYDADYMR6,the fattest one there,TRUE
01M1PW2VKC8SH9MYN5TZ7S63HZ,01M1PVPTMT2TF5TMW6DY08RG1A,5,01M1PVVTHSCRB56WAFX0KRCSX2,Only the left side is symmetrical and has two left pointing triangles.,TRUE
01M1PW5R8M5FNDNFAKHDCFXVWD,01M1PVPWEGF3RQQ2BZJMHJW5WT,31,01M1PVV9N1B5JSVGVHP53ND1FH,"T-shirt on top, house on a pole on bottom",TRUE
01M1PW8ZDD4RTB7HQ4DAS1375C,01M1PVPWZ383HA8RRK2RFSW236,46,01M1PW2K6B8GZQ5Z02B5Q0TB2A,house with sidewalk,TRUE
01M1PWGJD26YWGR61F65G2B2Z8,01M1PVPXF8XP3FTSCWE2SZ4KAJ,40,01M1PW23TCTCTWR44KF0HW1TG2,tail at the back and crocket U shape to the left at the top,TRUE
01M1PW0KHWXKPB6GGD4Q3JAM9E,01M1PVPSF9NDAT0BF7G6FNHKYQ,45,01M1PVTG9CCCTFM1SEAAQ81WMP,arrow diamond tree rotated,TRUE
01M1PW1570DXB7WV5X26WPHVDZ,01M1PVPSFBNZXW40G11G9DGVKY,30,01M1PVVNH6WEMGKMEM2F9XPCJS,"Long white rectangular cutout, spiky right side.",TRUE
01M1PW7F1XRENPH7MWBXE27R60,01M1PVPWZ7KQZN2DHXW0TTKG9P,3,01M1PVVTM3JYE18KKXW2DCV15S,"huge squarish blob with thin ""blade"" at left side",TRUE
01M1PW9DBMZPFRQQ0RTTG57CZ3,01M1PVPXF92SZVFC9KB45KHNG3,35,01M1PVVBRZ3YZPYCQZYDADYMR6,fish one,TRUE
01M1PW9DBMZPFRQQ0RTTG57CZ3,01M1PVPXF92SZVFC9KB45KHNG3,35,01M1PVVBRZ3YZPYCQZYDADYMR6,big,TRUE
01M1PWEJRTAAM2CET52MW7W9JB,01M1PVPXF92SZVFC9KBGN1TRXM,38,01M1PVZYRHDVK94JBPD96A2FVY,Heart with a pillar that isn't triangle,TRUE
01M1PW152ZWRG1QHJJ6FG7W1XG,01M1PVPSFBNZXW40G11G9DGVKY,11,01M1PVTZDZSFSRFW0Y011447D5,The cutouts in the picture create two almost ‘0’ shapes,TRUE
01M1PW41DE9459NEMHJ3CBYQJD,01M1PVPTMYJEMSH2D4PPK54AQC,12,01M1PVXZCG5HBAN48J4YM7CT4J,butterflyish shape with rectangle cut out.,TRUE
01M1PW7EVG27GCYJQTX9TP8F2K,01M1PVPWZ7KQZN2DHXW0TTKG9P,26,01M1PVZ3NBFP4RQAMM34F5EPHD,7 sharp points,TRUE
01M1PWGJ1A5R3S8EK6410A2YZ8,01M1PVPXF8XP3FTSCWE2SZ4KAJ,13,01M1PVW253SKBG4X7GTPVKZWRC,one i got wrong a few goes ago,TRUE
01M1PWGJ1A5R3S8EK6410A2YZ8,01M1PVPXF8XP3FTSCWE2SZ4KAJ,13,01M1PVW253SKBG4X7GTPVKZWRC,tail on it,TRUE
01M1PWGJ1A5R3S8EK6410A2YZ8,01M1PVPXF8XP3FTSCWE2SZ4KAJ,13,01M1PW23TCTCTWR44KF0HW1TG2,I'm sure which one it was,FALSE
01M1PW156YSJYCZX8DQ4S3WA5M,01M1PVPSFBNZXW40G11G9DGVKY,29,01M1PVTZDZSFSRFW0Y011447D5,CLear diamond shape on bottom right side,TRUE
01M1PW2VP8TPJYW6GC9TFFH79H,01M1PVPTMT2TF5TMW6DY08RG1A,23,01M1PVVTHSCRB56WAFX0KRCSX2,2 rectangles on the left,TRUE
01M1PW41J4EKT9E9A3D90RHSZH,01M1PVPTMYJEMSH2D4PPK54AQC,44,01M1PVXZCG5HBAN48J4YM7CT4J,small rectangle cut out,TRUE
01M1PW51019DQ1XR3W48PZW7PE,01M1PVPVN43CJ2ZQS2FA0GJ1TX,2,01M1PVW97TC4GVFYDVFB1SJ9WH,"It looks sort of line multiple panels laying over each otehr, with a panel sticking up at the top, sort of like janga.",TRUE
01M1PW8ZJG0SQJ1ADXDHED19A2,01M1PVPWZ383HA8RRK2RFSW236,31,01M1PVVZ2PG17JJTAZWDXWW3JQ,has a white rectangle,TRUE
01M1PW8ZWQY7Y2ZKKGJNS8VKFV,01M1PVPWZ383HA8RRK2RFSW236,7,01M1PVVZ2PG17JJTAZWDXWW3JQ,has four points to the right,TRUE
01M1PW9CZ8TACC3CQECPY12W26,01M1PVPXF92SZVFC9KB45KHNG3,11,01M1PVVBRZ3YZPYCQZYDADYMR6,it has a trapazoid cut out,TRUE
01M1PW9CZ8TACC3CQECPY12W26,01M1PVPXF92SZVFC9KB45KHNG3,11,01M1PVVBRZ3YZPYCQZYDADYMR6,inside of it,TRUE
01M1PW0X6SYJRDK4NQHGNW0DWG,01M1PVPSFBNZXW40G11YGR32M6,1,01M1PVTRWTPC40C0HPR8RXXWTF,"right side porcupine, left side half heart shape?",TRUE
01M1PW515YB1AS59DKM5TSXTD0,01M1PVPVN43CJ2ZQS2FA0GJ1TX,22,01M1PVW97TC4GVFYDVFB1SJ9WH,The Trogan Horse of Troy coming to Greet them at the gate going sideways.,TRUE
01M1PW6KMNVQVGYD15NM8YRJJP,01M1PVPWZ82WNHXNHFM772HZSY,31,01M1PVV2HGBFFFP8TQ2JTHYBNF,sideways perfume bottle,TRUE
01M1PW9D6NSPPCM4AQQRHNSX03,01M1PVPXF92SZVFC9KB45KHNG3,20,01M1PVVXW244MSV8KK7TFJHPNZ,arrow on left going up and down,TRUE
01M1PWEJAAF0VCPPDCJKDK6W6D,01M1PVPXF92SZVFC9KBGN1TRXM,29,01M1PVVCHSJDKDCMNAX28C9KTM,heart with gap in middle and NOT a triangle,TRUE
01M1PW0X855G4ZQT9CB76WMD92,01M1PVPSFBNZXW40G11YGR32M6,21,01M1PVTRWTPC40C0HPR8RXXWTF,"backward D, bracket",TRUE
01M1PW157NKHK7YQMYFVVBTD0R,01M1PVPSFBNZXW40G11G9DGVKY,37,01M1PVTZDZSFSRFW0Y011447D5,"White rectangle cut out at the bottom, two arrows pointing left",TRUE
01M1PW1ZM1P9HFG51556J0MAST,01M1PVPTMX8QBBEQ1CAWS8Y65C,32,01M1PVVEHT22G3NCF8EGPQWRYM,"triangles on left, J on right",TRUE
01M1PW8ZXDRB9QF7K4BEWP2BEJ,01M1PVPWZ383HA8RRK2RFSW236,5,01M1PVVZ2PG17JJTAZWDXWW3JQ,has a white rectangle,TRUE
01M1PW2VK50H9E7YD27QDEN8R8,01M1PVPTMT2TF5TMW6DY08RG1A,7,01M1PVVTHSCRB56WAFX0KRCSX2,The shape has a closed parenthesis shape on the right side,TRUE
01M1PW5R2VCRFVHR9T3Q51XC79,01M1PVPWEGF3RQQ2BZJMHJW5WT,12,01M1PVZMF178XCTABPVTWNQQ3Q,top diamond and 2 triangles bottom 2 premolars,TRUE
01M1PW0KCWVRADSGTY144G612Z,01M1PVPSF9NDAT0BF7G6FNHKYQ,0,01M1PVTRYDJNHHT05DKBKN76E5,this looks like a backwards B,TRUE
01M1PW0X8HQP8DWSZYM57MPQW1,01M1PVPSFBNZXW40G11YGR32M6,46,01M1PVVNQ4AT0NRB9TK929QH2E,trophy,TRUE
01M1PW1523YGSW57SXJNNN1MC2,01M1PVPSFBNZXW40G11G9DGVKY,13,01M1PVTZDZSFSRFW0Y011447D5,Again the cut outs are almost two white ‘0’ shapes,TRUE
01M1PW50Y1GE4ZQTADFHY087N9,01M1PVPVN43CJ2ZQS2FA0GJ1TX,7,01M1PVW5BM9J57HJX5KJ260RG3,this looks like something that has four legs. There is a Z sitting on top of the body with 4 legs,TRUE
01M1PW8ZF6FX88N5MEG2KNBZ1A,01M1PVPWZ383HA8RRK2RFSW236,0,01M1PW2K6B8GZQ5Z02B5Q0TB2A,Looks like a short stop sigb,TRUE
01M1PW8ZF6FX88N5MEG2KNBZ1A,01M1PVPWZ383HA8RRK2RFSW236,0,01M1PW2K6B8GZQ5Z02B5Q0TB2A,sign,TRUE
01M1PW8ZF6FX88N5MEG2KNBZ1A,01M1PVPWZ383HA8RRK2RFSW236,0,01M1PW2K6B8GZQ5Z02B5Q0TB2A,that is sideways,TRUE
01M1PWBR8N5406DBVYMZRZSNEJ,01M1PVPY0135RYKX6QNWJW9HQ7,46,01M1PVW5G591MZ9WXE41XZDX0Y,"hat on top, three points on the bottom",TRUE
01M1PWGHWBW5S7WHDWG8ESYHN9,01M1PVPXF8XP3FTSCWE2SZ4KAJ,2,01M1PW23TCTCTWR44KF0HW1TG2,there is a rectangle in the middle and the shape its on its side the top is missing a piece,TRUE
01M1PW41EA00JTYQRN63XC1FE3,01M1PVPTMYJEMSH2D4PPK54AQC,9,01M1PVV1FSQ931Q08DC040FF4H,a worm with a huge rectangle on its back,TRUE
01M1PW6XZZZGBT0JDH7EP13NB4,01M1PVPWEJQS052PE7X7E1TZK9,8,01M1PVW75JX1QRKD2FQCCBJ017,Boat on top of crab legs,TRUE
01M1PWG10ETSKA7K4N3R6VX20K,01M1PVPY02TEGASTZW7B0B44PE,8,01M1PWAKPMFG2PF8ZD5WBT5ANA,"t-shape on top of the house, *not* with the rectangles on the left",TRUE
01M1PW6KR1H4T46T7518ZTNS6B,01M1PVPWZ82WNHXNHFM772HZSY,22,01M1PVWG3MVC1D7FV8A8CY40QY,solid that looks like a horse head looking to the left,TRUE
01M1PWBQP26M58466C9WE6XSM1,01M1PVPY0135RYKX6QNWJW9HQ7,8,01M1PVW5G591MZ9WXE41XZDX0Y,"three points on top, two on bottom",TRUE
01M1PW0KFNJWGXG8QWW3S4X7QV,01M1PVPSF9NDAT0BF7G6FNHKYQ,21,01M1PVTG9CCCTFM1SEAAQ81WMP,Reverse B + elephant head,TRUE
01M1PW60Z57VYEGH2ZSRGFNTH3,01M1PVPWEFJ67VYTWGSHJ4XJ33,3,01M1PVV71QMXF31FNN88616S34,zig zags,TRUE
01M1PW6YB50JHYXEWD5P6537BC,01M1PVPWEJQS052PE7X7E1TZK9,45,01M1PVVX5KFM5CFX55QQRWNDX8,boat on legs,TRUE
01M1PW0XB0RA8T894624K9BBB1,01M1PVPSFBNZXW40G11YGR32M6,37,01M1PVTRWTPC40C0HPR8RXXWTF,half heart bird head,TRUE
01M1PW1ZF7AH8YY5R0EKMH8G3P,01M1PVPTMX8QBBEQ1CAWS8Y65C,38,01M1PVVEHT22G3NCF8EGPQWRYM,"backwards C, J shape on right",TRUE
01M1PWEJEJ4RC8S95JKNVSPV9X,01M1PVPXF92SZVFC9KBGN1TRXM,34,01M1PVZYRHDVK94JBPD96A2FVY,S fish like with a tail pointing up,TRUE
01M1PW1ZE6YTMF7STVGASKP6SH,01M1PVPTMX8QBBEQ1CAWS8Y65C,45,01M1PVVDJXTQ0S1H8V336MES03,"half zero on left, right side spikey comb",TRUE
01M1PW41G9HCC2ZMF9ZACKR424,01M1PVPTMYJEMSH2D4PPK54AQC,26,01M1PVXZCG5HBAN48J4YM7CT4J,animal with hat and leg sticking out,TRUE
01M1PW5153A84KZCHQS4C7KT8E,01M1PVPVN43CJ2ZQS2FA0GJ1TX,26,01M1PVW97TC4GVFYDVFB1SJ9WH,The exagurated Spongebob face,TRUE
01M1PW7F1EMWAEYRZ7MFCVQMG1,01M1PVPWZ7KQZN2DHXW0TTKG9P,4,01M1PVZ3NBFP4RQAMM34F5EPHD,sideways view of a standing baby,TRUE
01M1PW0KJ0TTTQNP2FDGVGZZX2,01M1PVPSF9NDAT0BF7G6FNHKYQ,46,01M1PVTRYDJNHHT05DKBKN76E5,open O with elephant head,TRUE
01M1PW8ZMM81X4AW9XXV7RNXEW,01M1PVPWZ383HA8RRK2RFSW236,25,01M1PVVZ2PG17JJTAZWDXWW3JQ,has a U shape top left,TRUE
01M1PW1ZER79BQQVR83CV5TKMB,01M1PVPTMX8QBBEQ1CAWS8Y65C,16,01M1PVVEHT22G3NCF8EGPQWRYM,triangles on the left and a J shape on the right,TRUE
01M1PW511KJ6KY3N4QHGWXCNF5,01M1PVPVN43CJ2ZQS2FA0GJ1TX,37,01M1PVW5BM9J57HJX5KJ260RG3,this is the deformed pacman overlapping an L,TRUE
01M1PWEJJS7MFBVYXFF4T929W9,01M1PVPXF92SZVFC9KBGN1TRXM,18,01M1PVZYRHDVK94JBPD96A2FVY,a chunky arrow,TRUE
01M1PWGJ2YZA2MCPDKNR6JX7CK,01M1PVPXF8XP3FTSCWE2SZ4KAJ,17,01M1PVW253SKBG4X7GTPVKZWRC,white rectangle,TRUE
01M1PWJSE20W07MNX8GBAAG3C3,01M1PVPY05YMN5QBCZG3YB2C9A,3,01M1PW6E4667Y67QGT0X6HJCYF,four points on the bottom with rectangle in the middle.,TRUE
01M1PW2VPJD5X7TMET30H7PRR7,01M1PVPTMT2TF5TMW6DY08RG1A,47,01M1PVVTHSCRB56WAFX0KRCSX2,Animal shape on the right,TRUE
01M1PW6KHYQNRR93ZV4CC3SC6X,01M1PVPWZ82WNHXNHFM772HZSY,39,01M1PVV2HGBFFFP8TQ2JTHYBNF,mountains on a stand,TRUE
01M1PW6Y7MFG40STMY1278T1E8,01M1PVPWEJQS052PE7X7E1TZK9,23,01M1PVVX5KFM5CFX55QQRWNDX8,boat on pincers,TRUE
01M1PWEJWFXV92F2QSQEZWENF5,01M1PVPXF92SZVFC9KBGN1TRXM,46,01M1PVZYRHDVK94JBPD96A2FVY,heart with triangular base,TRUE
01M1PW0X8NWJAHQTSHPKBKAZ5Y,01M1PVPSFBNZXW40G11YGR32M6,9,01M1PVTRWTPC40C0HPR8RXXWTF,"half heart, bird head",TRUE
01M1PW1574D3Q6FWKKGDZB6NRS,01M1PVPSFBNZXW40G11G9DGVKY,33,01M1PVTZDZSFSRFW0Y011447D5,Clear arrow shape pointing right,TRUE
01M1PW5R10SQCPCTZHWS34A04G,01M1PVPWEGF3RQQ2BZJMHJW5WT,3,01M1PVV9N1B5JSVGVHP53ND1FH,"top looks like a Z-shape, two legs on bottom",TRUE
01M1PW617MMBYA47N063739ZR4,01M1PVPWEFJ67VYTWGSHJ4XJ33,39,01M1PVV71QMXF31FNN88616S34,we earned a dollar even though we got almost every one right,TRUE
01M1PW617MMBYA47N063739ZR4,01M1PVPWEFJ67VYTWGSHJ4XJ33,39,01M1PVV71QMXF31FNN88616S34,white hexagon,TRUE
01M1PW617MMBYA47N063739ZR4,01M1PVPWEFJ67VYTWGSHJ4XJ33,39,01M1PVV71QMXF31FNN88616S34,extra bonus it is only,TRUE
01M1PW617MMBYA47N063739ZR4,01M1PVPWEFJ67VYTWGSHJ4XJ33,39,01M1PVW7YQ0ZCTA6RRXWJ4B3KT,"yeah just the bonus, base rate is $11",FALSE
01M1PW157YPY6P3TZ2SS9Z70XN,01M1PVPSFBNZXW40G11G9DGVKY,43,01M1PVTZDZSFSRFW0Y011447D5,Funnel shape pointing to the right,TRUE
01M1PW15847W04G26QZCHY3XYN,01M1PVPSFBNZXW40G11G9DGVKY,46,01M1PVVNH6WEMGKMEM2F9XPCJS,Diamond balancing on top right.,TRUE
01M1PW2VJ79FYQDHWRTGN706RH,01M1PVPTMT2TF5TMW6DY08RG1A,10,01M1PVVYCG3ZV9Y0QVDS434K08,theres an animale looking shape on the right side with one ear bigger,TRUE
01M1PW2VJFE1Z90T4QASK5XWYV,01M1PVPTMT2TF5TMW6DY08RG1A,8,01M1PVVYCG3ZV9Y0QVDS434K08,has 4 points of traingles on the right side,TRUE
01M1PW5R1BMTXM9WAFV06GG78V,01M1PVPWEGF3RQQ2BZJMHJW5WT,6,01M1PVZMF178XCTABPVTWNQQ3Q,"has 3 shapes diamond ,2 triangles bottom like 2 vshape",TRUE
01M1PW5R9HQVB5G2MJ0W1NTEH2,01M1PVPWEGF3RQQ2BZJMHJW5WT,33,01M1PVV9N1B5JSVGVHP53ND1FH,"top is diamond and two triangles, bottom is premolars",TRUE
01M1PW8ZHE3E987F936ZQ7XKXW,01M1PVPWZ383HA8RRK2RFSW236,35,01M1PVVZ2PG17JJTAZWDXWW3JQ,the dog like shape you described before,TRUE
01M1PW5RC8FQ98WKB5F9T4TD38,01M1PVPWEGF3RQQ2BZJMHJW5WT,39,01M1PVV9N1B5JSVGVHP53ND1FH,"Z shape on top, two legs on bottom",TRUE
01M1PWG1GBWP7V5DSZG1TTMQ1T,01M1PVPY02TEGASTZW7B0B44PE,15,01M1PW1KKGDQJPNSP87YDPE8Y2,man with hat,TRUE
01M1PWG1GBWP7V5DSZG1TTMQ1T,01M1PVPY02TEGASTZW7B0B44PE,15,01M1PWAKPMFG2PF8ZD5WBT5ANA,snake?,FALSE
01M1PWG1GBWP7V5DSZG1TTMQ1T,01M1PVPY02TEGASTZW7B0B44PE,15,01M1PW1KKGDQJPNSP87YDPE8Y2,no,TRUE
01M1PWG1GBWP7V5DSZG1TTMQ1T,01M1PVPY02TEGASTZW7B0B44PE,15,01M1PWAKPMFG2PF8ZD5WBT5ANA,incomplete lower body?,FALSE
01M1PWG1GBWP7V5DSZG1TTMQ1T,01M1PVPY02TEGASTZW7B0B44PE,15,01M1PW1KKGDQJPNSP87YDPE8Y2,yes,TRUE
01M1PW5R39474HJ991TY7BWVWH,01M1PVPWEGF3RQQ2BZJMHJW5WT,14,01M1PVZMF178XCTABPVTWNQQ3Q,top like a boat bottom 2 premolars,TRUE
01M1PW7ER3RDMXVGNSTMYVCYK6,01M1PVPWZ7KQZN2DHXW0TTKG9P,33,01M1PVVTM3JYE18KKXW2DCV15S,white trapezoid in middle,TRUE
01M1PW9DCM6BR8JGF7XZBK3KSH,01M1PVPXF92SZVFC9KB45KHNG3,37,01M1PVVBRZ3YZPYCQZYDADYMR6,big m with rectangle cut out,TRUE
01M1PWBR84955EP6S9JD0GJ6V6,01M1PVPY0135RYKX6QNWJW9HQ7,47,01M1PVV5BA5A9YAQJQ9SAGP2BW,"zig zag on top, diamond at the bottom",TRUE
01M1PWGHT6CQSG5XFCX7QY6932,01M1PVPXF8XP3FTSCWE2SZ4KAJ,47,01M1PVW253SKBG4X7GTPVKZWRC,three traingles mate,TRUE
01M1PW0X9HQQPPB37PNDJW6JCA,01M1PVPSFBNZXW40G11YGR32M6,32,01M1PVVNQ4AT0NRB9TK929QH2E,"backwards c, porcupine",TRUE
01M1PW41BHMEJFSG27VY1XFXY6,01M1PVPTMYJEMSH2D4PPK54AQC,19,01M1PVV1FSQ931Q08DC040FF4H,a big shape with a skinny triangle out front,TRUE
01M1PW0KHY5V44CVMBXY17E0FE,01M1PVPSF9NDAT0BF7G6FNHKYQ,31,01M1PVTG9CCCTFM1SEAAQ81WMP,Table legs spiky,TRUE
01M1PW0X714CJQ8JYCCX0GPVH7,01M1PVPSFBNZXW40G11YGR32M6,5,01M1PVTRWTPC40C0HPR8RXXWTF,backward C then a bracket,TRUE
01M1PW0X714CJQ8JYCCX0GPVH7,01M1PVPSFBNZXW40G11YGR32M6,5,01M1PVTRWTPC40C0HPR8RXXWTF,halo gun,TRUE
01M1PW514XEZ4V5GMXJK87Z899,01M1PVPVN43CJ2ZQS2FA0GJ1TX,27,01M1PVW5BM9J57HJX5KJ260RG3,this has the single diamond on the bottom with the 6 sided figure on top inside a black rectanlge,TRUE
01M1PW514XEZ4V5GMXJK87Z899,01M1PVPVN43CJ2ZQS2FA0GJ1TX,27,01M1PVW5BM9J57HJX5KJ260RG3,rectangle*,TRUE
01M1PWEJTMZBFJTNQMCMWJRZZB,01M1PVPXF92SZVFC9KBGN1TRXM,42,01M1PVZYRHDVK94JBPD96A2FVY,looks like a person with a heart looking sown,TRUE
01M1PW0KNBJ9D6F1QE8N4HQZW9,01M1PVPSF9NDAT0BF7G6FNHKYQ,17,01M1PVTG9CCCTFM1SEAAQ81WMP,O and then a rotated T,TRUE
01M1PW2VNTMJBQG60TNGE0JJDX,01M1PVPTMT2TF5TMW6DY08RG1A,27,01M1PVVTHSCRB56WAFX0KRCSX2,Left pointing triangle on the right,TRUE
01M1PW419V3PPSHHJ5EJ7E0BPQ,01M1PVPTMYJEMSH2D4PPK54AQC,31,01M1PVV1FSQ931Q08DC040FF4H,a dinosaur shape upside down sideways,TRUE
01M1PW41DKTTE6AP4C8NM34J55,01M1PVPTMYJEMSH2D4PPK54AQC,11,01M1PVV1FSQ931Q08DC040FF4H,a big shape with a tiny skinny triangle facing out,TRUE
01M1PWBR3RXRZWTM9CZE73EFDB,01M1PVPY0135RYKX6QNWJW9HQ7,17,01M1PVV5BA5A9YAQJQ9SAGP2BW,"fattest piece, largest in size and width",TRUE
01M1PWEJPBACDKY24XHM0YRV1K,01M1PVPXF92SZVFC9KBGN1TRXM,25,01M1PVVCHSJDKDCMNAX28C9KTM,"a fish with flat head on the right, triangle tail on the left and fin on the top",TRUE
01M1PWG19H8FT7099E4F6CZAYZ,01M1PVPY02TEGASTZW7B0B44PE,31,01M1PW1KKGDQJPNSP87YDPE8Y2,s shape with head,TRUE
01M1PWGJE82KDWM5HYY2Z7B91F,01M1PVPXF8XP3FTSCWE2SZ4KAJ,43,01M1PVW253SKBG4X7GTPVKZWRC,stop sign,TRUE
01M1PW5R8W5G0W44W09XJ5Q201,01M1PVPWEGF3RQQ2BZJMHJW5WT,32,01M1PVZMF178XCTABPVTWNQQ3Q,top shirt bottom 2 premolars,TRUE
01M1PW0KJF50PW6WZMP4769367,01M1PVPSF9NDAT0BF7G6FNHKYQ,47,01M1PVTG9CCCTFM1SEAAQ81WMP,open o with rotated tree,TRUE
01M1PW0KKV02NSQEV70DH7Z7VQ,01M1PVPSF9NDAT0BF7G6FNHKYQ,25,01M1PVTG9CCCTFM1SEAAQ81WMP,O with the bottom left of it open and then an elephant head,TRUE
01M1PW3TEM2SHN1065C545QZVF,01M1PVPVN19AKJQXAJWG447XT1,28,01M1PVVZD69SDYBBAB5MDTZSCB,square 2 triangles at top,TRUE
01M1PW6XY3KAYN5MZBX7FT1J2A,01M1PVPWEJQS052PE7X7E1TZK9,3,01M1PVVX5KFM5CFX55QQRWNDX8,1 diamond and 2 upside down mini triangles on top of a weird shape with legs,TRUE
01M1PW7ERJAFWGJ2ZHQZ3KBWPJ,01M1PVPWZ7KQZN2DHXW0TTKG9P,20,01M1PVZ3NBFP4RQAMM34F5EPHD,sideways view of 4 mountain peaks,TRUE
01M1PW0X8EBZR95JVXVAS9ZGDG,01M1PVPSFBNZXW40G11YGR32M6,45,01M1PVTRWTPC40C0HPR8RXXWTF,bruh,TRUE
01M1PW0X8EBZR95JVXVAS9ZGDG,01M1PVPSFBNZXW40G11YGR32M6,45,01M1PVVNQ4AT0NRB9TK929QH2E,sorry,FALSE
01M1PW0X8EBZR95JVXVAS9ZGDG,01M1PVPSFBNZXW40G11YGR32M6,45,01M1PVTRWTPC40C0HPR8RXXWTF,backward C bird head,TRUE
01M1PW0X8EBZR95JVXVAS9ZGDG,01M1PVPSFBNZXW40G11YGR32M6,45,01M1PVVNQ4AT0NRB9TK929QH2E,reeally,FALSE
01M1PW0X8EBZR95JVXVAS9ZGDG,01M1PVPSFBNZXW40G11YGR32M6,45,01M1PVTRWTPC40C0HPR8RXXWTF,lol,TRUE
01M1PW1ZND7CGHRSJBQEMPMF6V,01M1PVPTMX8QBBEQ1CAWS8Y65C,22,01M1PVVEHT22G3NCF8EGPQWRYM,M shape on left and J shape on right,TRUE
01M1PWEJJ3XC6AWE62A2KC63EW,01M1PVPXF92SZVFC9KBGN1TRXM,16,01M1PVZYRHDVK94JBPD96A2FVY,heart with a hole and a pillar hilsing it and it looks symetrical,TRUE
01M1PWGHZHBSJ5B89BKYND97TP,01M1PVPXF8XP3FTSCWE2SZ4KAJ,9,01M1PVW253SKBG4X7GTPVKZWRC,one with tail,TRUE
01M1PW1578GE5P08ZTY61209F6,01M1PVPSFBNZXW40G11G9DGVKY,35,01M1PVTZDZSFSRFW0Y011447D5,White cut outs make two ‘0’ shapes,TRUE
01M1PW0KN99N552C764XF1R2NB,01M1PVPSF9NDAT0BF7G6FNHKYQ,18,01M1PVTRYDJNHHT05DKBKN76E5,jagged but not the one that looks like two table legs,TRUE
01M1PW152H0A5FYKEFQ2WY1JWJ,01M1PVPSFBNZXW40G11G9DGVKY,4,01M1PVVNH6WEMGKMEM2F9XPCJS,It has a white rectangle cutout in the center of it. That should give it to you.,TRUE
01M1PW153W90Z2A1X0TP3AGDVF,01M1PVPSFBNZXW40G11G9DGVKY,27,01M1PVTZDZSFSRFW0Y011447D5,Dino shape again,TRUE
01M1PW2VTPCP4GCFW3N762CCR5,01M1PVPTMT2TF5TMW6DY08RG1A,41,01M1PVVTHSCRB56WAFX0KRCSX2,Triangle pointing legt,TRUE
01M1PW2VTPCP4GCFW3N762CCR5,01M1PVPTMT2TF5TMW6DY08RG1A,41,01M1PVVTHSCRB56WAFX0KRCSX2,left,TRUE
01M1PW514RK7AR9FAJF0N71WJC,01M1PVPVN43CJ2ZQS2FA0GJ1TX,28,01M1PVW97TC4GVFYDVFB1SJ9WH,"The Pacman you described or I guess Super Mario, with a tube at the back and various shapes floating against the plan on the right.",TRUE
01M1PWG1AQ4NXBYP261YB56KYM,01M1PVPY02TEGASTZW7B0B44PE,28,01M1PWAKPMFG2PF8ZD5WBT5ANA,winged man with hat,TRUE
01M1PW1ZEV0EDK0X230S81N4JF,01M1PVPTMX8QBBEQ1CAWS8Y65C,15,01M1PVVDJXTQ0S1H8V336MES03,"looks like a backwards 3 left side, right side cathead",TRUE
01M1PW617YFN01WS9MZ9B7GBZ0,01M1PVPWEFJ67VYTWGSHJ4XJ33,40,01M1PVW7YQ0ZCTA6RRXWJ4B3KT,almost a perfect box,TRUE
01M1PW6KEZJ6X8H8BFTB4FA7EK,01M1PVPWZ82WNHXNHFM772HZSY,3,01M1PVV2HGBFFFP8TQ2JTHYBNF,piece missing from female body shape on side,TRUE
01M1PW7EFKZTV472JBJWPYTV3Y,01M1PVPWZ7KQZN2DHXW0TTKG9P,47,01M1PVVTM3JYE18KKXW2DCV15S,"large anvil with ""blade"" at left side",TRUE
01M1PW7ET8X0F42E7VF5WCXN1W,01M1PVPWZ7KQZN2DHXW0TTKG9P,15,01M1PVVTM3JYE18KKXW2DCV15S,looks like jagged row of teeth at left side,TRUE
01M1PW1ZN20K7T5VHWYCY9ENQ5,01M1PVPTMX8QBBEQ1CAWS8Y65C,25,01M1PVVDJXTQ0S1H8V336MES03,rectangle in middle,TRUE
01M1PW3TC3V8RB458MEGMGQEQ6,01M1PVPVN19AKJQXAJWG447XT1,23,01M1PVV4T08CWVFCAHVD9FMRR2,giant t shirt shape,TRUE
01M1PW9DDV9VHXE2WPJZC9FDW3,01M1PVPXF92SZVFC9KB45KHNG3,40,01M1PVVXW244MSV8KK7TFJHPNZ,small m cut out,TRUE
01M1PW41J9TF2KXZZ5ACA04ES5,01M1PVPTMYJEMSH2D4PPK54AQC,45,01M1PVV1FSQ931Q08DC040FF4H,animal with hat leg stuck out,TRUE
01M1PW60ZKJT4K2CSTZR09DZAK,01M1PVPWEFJ67VYTWGSHJ4XJ33,5,01M1PVV71QMXF31FNN88616S34,kinda like an upside down nike sign on the top part,TRUE
01M1PWG18TXCD6YP92B3GGBBHT,01M1PVPY02TEGASTZW7B0B44PE,33,01M1PW1KKGDQJPNSP87YDPE8Y2,incomplete house with t top,TRUE
01M1PW0KH31BHJY73VF6E7DGES,01M1PVPSF9NDAT0BF7G6FNHKYQ,43,01M1PVTG9CCCTFM1SEAAQ81WMP,arrow diamond spiky e,TRUE
01M1PWEJKHRYKAYQKNGR0BJGG4,01M1PVPXF92SZVFC9KBGN1TRXM,20,01M1PVZYRHDVK94JBPD96A2FVY,a fish with a tale and has lots of triangles on the head,TRUE
01M1PWEJPVRZJ5C1V5NQTHA6N8,01M1PVPXF92SZVFC9KBGN1TRXM,36,01M1PVZYRHDVK94JBPD96A2FVY,Heart with NO triangle base,TRUE
01M1PW1ZM5QCN2SX3VFJ9ENM2B,01M1PVPTMX8QBBEQ1CAWS8Y65C,31,01M1PVVDJXTQ0S1H8V336MES03,"half zero on left, cathead on right",TRUE
01M1PW7EJ6X0Y7PNYCN11DCJG1,01M1PVPWZ7KQZN2DHXW0TTKG9P,44,01M1PVZ3NBFP4RQAMM34F5EPHD,white trapezoid,TRUE
01M1PW7EJ6X0Y7PNYCN11DCJG1,01M1PVPWZ7KQZN2DHXW0TTKG9P,44,01M1PVZ3NBFP4RQAMM34F5EPHD,in middle,TRUE
01M1PW156BPS2HFP0NJXWB5HWW,01M1PVPSFBNZXW40G11G9DGVKY,16,01M1PVVNH6WEMGKMEM2F9XPCJS,"Small white cutout rectangle in it, and two arrows pointing directly left. Clear arrows.",TRUE
01M1PW5R6KFG8AQ98WX57559RB,01M1PVPWEGF3RQQ2BZJMHJW5WT,27,01M1PVV9N1B5JSVGVHP53ND1FH,"diamond and 2 triangles on top, two legs on bottom",TRUE
01M1PW7EKQ6EZ1HQ1DAQ8TRAQG,01M1PVPWZ7KQZN2DHXW0TTKG9P,43,01M1PVVTM3JYE18KKXW2DCV15S,side view of 4 mountains,TRUE
01M1PW8ZH66D3GGTVAJN1SCZF8,01M1PVPWZ383HA8RRK2RFSW236,36,01M1PW2K6B8GZQ5Z02B5Q0TB2A,has two spikes on top one smaller one larger,TRUE
01M1PWEJ7D4M450TY0ASMJAK4J,01M1PVPXF92SZVFC9KBGN1TRXM,6,01M1PVZYRHDVK94JBPD96A2FVY,it is like a house,TRUE
01M1PW152PFS0Z0BH0Y0G0KSFB,01M1PVPSFBNZXW40G11G9DGVKY,47,01M1PVTZDZSFSRFW0Y011447D5,Head to right and looks like an animal,TRUE
01M1PW41DXQ40QW2H17X9W2VY7,01M1PVPTMYJEMSH2D4PPK54AQC,10,01M1PVXZCG5HBAN48J4YM7CT4J,sort of butterflyish shape with rectangle cut out,TRUE
01M1PW619139ZJ08JGXNNB9RDR,01M1PVPWEFJ67VYTWGSHJ4XJ33,45,01M1PVV71QMXF31FNN88616S34,TWO TRIANGLES ATOP,TRUE
01M1PW6Y2GB407XKB402MFA31G,01M1PVPWEJQS052PE7X7E1TZK9,44,01M1PVW75JX1QRKD2FQCCBJ017,Z on lego head,TRUE
01M1PW6Y93613E9R2ZVACHTD52,01M1PVPWEJQS052PE7X7E1TZK9,27,01M1PVVX5KFM5CFX55QQRWNDX8,shirt on lego head,TRUE
01M1PW0X8BZQHRTFT5AKB4PFPY,01M1PVPSFBNZXW40G11YGR32M6,44,01M1PVVNQ4AT0NRB9TK929QH2E,"heart, trophy",TRUE
01M1PW0X8BZQHRTFT5AKB4PFPY,01M1PVPSFBNZXW40G11YGR32M6,44,01M1PVVNQ4AT0NRB9TK929QH2E,no,TRUE
01M1PW1532ZAEHQ3TYM3NRCXK9,01M1PVPSFBNZXW40G11G9DGVKY,23,01M1PVTZDZSFSRFW0Y011447D5,Clear diamond shape on the right,TRUE
01M1PW1532ZAEHQ3TYM3NRCXK9,01M1PVPSFBNZXW40G11G9DGVKY,23,01M1PVVNH6WEMGKMEM2F9XPCJS,Top or bottom?,FALSE
01M1PW1532ZAEHQ3TYM3NRCXK9,01M1PVPSFBNZXW40G11G9DGVKY,23,01M1PVTZDZSFSRFW0Y011447D5,Bottom,TRUE
01M1PW6172Z5Z6QQYC5YR9J33Y,01M1PVPWEFJ67VYTWGSHJ4XJ33,36,01M1PVW7YQ0ZCTA6RRXWJ4B3KT,bottle with M take out of the side,TRUE
01M1PWBR0CAB35TJHANJ4D1H22,01M1PVPY0135RYKX6QNWJW9HQ7,26,01M1PVW5G591MZ9WXE41XZDX0Y,"pointy triangles on the bottom, football field goal on top",TRUE
01M1PWGJEM1VB1AKKMEJEH6RFY,01M1PVPXF8XP3FTSCWE2SZ4KAJ,44,01M1PW23TCTCTWR44KF0HW1TG2,A house with a roof at the top sitting on one leg to the left at the bottom,TRUE
01M1PW2VS6TTQS5N8VCNG04B34,01M1PVPTMT2TF5TMW6DY08RG1A,16,01M1PVVYCG3ZV9Y0QVDS434K08,),TRUE
01M1PW2VQ5R6BGZ0WCPJR5FYAR,01M1PVPTMT2TF5TMW6DY08RG1A,45,01M1PVVTHSCRB56WAFX0KRCSX2,4 peaks,TRUE
01M1PW41HNBD8GT3FSVT66WME2,01M1PVPTMYJEMSH2D4PPK54AQC,40,01M1PVXZCG5HBAN48J4YM7CT4J,logo with central column and semi circles either side,TRUE
01M1PW7ES9CEGX3TF6WJ8TC5EW,01M1PVPWZ7KQZN2DHXW0TTKG9P,19,01M1PVVTM3JYE18KKXW2DCV15S,"Solid shape with thin ""blade"" at left side",TRUE
01M1PW9D7YK6TQHCW7Q8JPZJQ4,01M1PVPXF92SZVFC9KB45KHNG3,24,01M1PVVXW244MSV8KK7TFJHPNZ,"long neck and beck on left, two triangles going up and down",TRUE
01M1PWGHXSRACJ8JKM3VNQB2DR,01M1PVPXF8XP3FTSCWE2SZ4KAJ,5,01M1PVW253SKBG4X7GTPVKZWRC,white rectangle inside,TRUE
01M1PW0KDJZHZRABRPRFWEFWGM,01M1PVPSF9NDAT0BF7G6FNHKYQ,10,01M1PVTRYDJNHHT05DKBKN76E5,o and then a cat head,TRUE
01M1PW1ZMH5ADN7NHZK0TWHGA3,01M1PVPTMX8QBBEQ1CAWS8Y65C,28,01M1PVVEHT22G3NCF8EGPQWRYM,"triangles on left, martini glass on right",TRUE
01M1PW2VMP837DD5X0XH3XFSRQ,01M1PVPTMT2TF5TMW6DY08RG1A,37,01M1PVVTHSCRB56WAFX0KRCSX2,),TRUE
01M1PWG15M29HFRG7KEEYJP823,01M1PVPY02TEGASTZW7B0B44PE,41,01M1PW1KKGDQJPNSP87YDPE8Y2,s shape with man head,TRUE
01M1PWGJ7MWJ5Z0R1B0YQRJFQY,01M1PVPXF8XP3FTSCWE2SZ4KAJ,26,01M1PW23TCTCTWR44KF0HW1TG2,its looks like a house at the top with a pointy roof,TRUE
01M1PW51597C0ZRNGCMM6TE274,01M1PVPVN43CJ2ZQS2FA0GJ1TX,25,01M1PVW5BM9J57HJX5KJ260RG3,this is the boat that looks like it is scraping along the shore,TRUE
01M1PWG1BHTAENA98N2FC7WFDK,01M1PVPY02TEGASTZW7B0B44PE,26,01M1PWAKPMFG2PF8ZD5WBT5ANA,home with chimney and path to it; single rectangle to its left,TRUE
01M1PW1ZKD2C0WEB3RJFKY99RN,01M1PVPTMX8QBBEQ1CAWS8Y65C,47,01M1PVVDJXTQ0S1H8V336MES03,"backwards 3 on left, catshead on right",TRUE
01M1PW6KK8N0QBH8Q1WFBKC7ZK,01M1PVPWZ82WNHXNHFM772HZSY,35,01M1PVV2HGBFFFP8TQ2JTHYBNF,"house with roof pointing up and square in front, long line to right",TRUE
01M1PWEJV1SAX1BE33MNSW6PD2,01M1PVPXF92SZVFC9KBGN1TRXM,43,01M1PVVCHSJDKDCMNAX28C9KTM,"shark with flat face on the right and tail pointing up on the left, fins on top and bottom",TRUE
01M1PW6KDXF8TXSW0DYN35BWPB,01M1PVPWZ82WNHXNHFM772HZSY,9,01M1PVV2HGBFFFP8TQ2JTHYBNF,"flat top, bottom and left, diagonals elsewhere and pieve missing",TRUE
01M1PW7ES1B917TGF3QC97NKTH,01M1PVPWZ7KQZN2DHXW0TTKG9P,30,01M1PVZ3NBFP4RQAMM34F5EPHD,white rectangle in shape,TRUE
01M1PW156T0JX5W8GDRFZG8T24,01M1PVPSFBNZXW40G11G9DGVKY,20,01M1PVVNH6WEMGKMEM2F9XPCJS,The monster with the pointy feet and curly tail again!,TRUE
01M1PW157SBF5G4BDQ35C2TQWW,01M1PVPSFBNZXW40G11G9DGVKY,40,01M1PVVNH6WEMGKMEM2F9XPCJS,"Long white rectangle cutout, spiky right side.",TRUE
01M1PW1ZF93TG65J0H2KRXH179,01M1PVPTMX8QBBEQ1CAWS8Y65C,10,01M1PVVEHT22G3NCF8EGPQWRYM,"left side backwards C, right side spiky comb",TRUE
01M1PW7ETFN0T5WCNGE55Y5YW3,01M1PVPWZ7KQZN2DHXW0TTKG9P,14,01M1PVZ3NBFP4RQAMM34F5EPHD,sideways view of a roman helmet,TRUE
01M1PWG1CT13WTPP5DWPN4XBS2,01M1PVPY02TEGASTZW7B0B44PE,23,01M1PW1KKGDQJPNSP87YDPE8Y2,S shape with cap,TRUE
01M1PWG1CT13WTPP5DWPN4XBS2,01M1PVPY02TEGASTZW7B0B44PE,23,01M1PWAKPMFG2PF8ZD5WBT5ANA,*not* the t-shape?,FALSE
01M1PWG1CT13WTPP5DWPN4XBS2,01M1PVPY02TEGASTZW7B0B44PE,23,01M1PW1KKGDQJPNSP87YDPE8Y2,not,TRUE
01M1PW152KHFPXM04N8JQAKH3N,01M1PVPSFBNZXW40G11G9DGVKY,12,01M1PVVNH6WEMGKMEM2F9XPCJS,It's the one with the diamond balancing in the top right.,TRUE
01M1PW2VSD4VRPSWMFJQ7446FR,01M1PVPTMT2TF5TMW6DY08RG1A,15,01M1PVVTHSCRB56WAFX0KRCSX2,Left pointing triangle,TRUE
01M1PW3TAZ3RTA6PATVH574Q7B,01M1PVPVN19AKJQXAJWG447XT1,19,01M1PVV4T08CWVFCAHVD9FMRR2,giant 7 over altar shape,TRUE
01M1PW155N0XCVVB70C2A0ZKB7,01M1PVPSFBNZXW40G11G9DGVKY,15,01M1PVTZDZSFSRFW0Y011447D5,Long cut out white rectangle and a spiky right hand side,TRUE
01M1PWBR9DXY8WHHGTDX8GKGHC,01M1PVPY0135RYKX6QNWJW9HQ7,43,01M1PVV5BA5A9YAQJQ9SAGP2BW,devil tail,TRUE
01M1PWEJ628459QEKH5Q0RNM4Z,01M1PVPXF92SZVFC9KBGN1TRXM,1,01M1PVVCHSJDKDCMNAX28C9KTM,a heart shape on its side with a flat bottom and a gap in the middle,TRUE
01M1PWEJ628459QEKH5Q0RNM4Z,01M1PVPXF92SZVFC9KBGN1TRXM,1,01M1PVZYRHDVK94JBPD96A2FVY,Describe it,FALSE
01M1PWEJ628459QEKH5Q0RNM4Z,01M1PVPXF92SZVFC9KBGN1TRXM,1,01M1PVVCHSJDKDCMNAX28C9KTM,i have,TRUE
01M1PW1ZEDQMWHZFQ7GY8E1QQP,01M1PVPTMX8QBBEQ1CAWS8Y65C,34,01M1PVVEHT22G3NCF8EGPQWRYM,"backwards C, spiky comb",TRUE
01M1PW5R4GCEY3D6ZG5AD2ZD9S,01M1PVPWEGF3RQQ2BZJMHJW5WT,20,01M1PVZMF178XCTABPVTWNQQ3Q,top like a shirt bottom two triangles,TRUE
01M1PW8ZY9HJT9S1HDK3Y8XK4K,01M1PVPWZ383HA8RRK2RFSW236,3,01M1PVVZ2PG17JJTAZWDXWW3JQ,has spikes coming out on the right,TRUE
01M1PWBR9TGP6Z61W1JPH1RFPV,01M1PVPY0135RYKX6QNWJW9HQ7,42,01M1PVW5G591MZ9WXE41XZDX0Y,"two points on bottom, 3 on top, void in middle",TRUE
01M1PW614FEHG87WCK231XVJR0,01M1PVPWEFJ67VYTWGSHJ4XJ33,24,01M1PVW7YQ0ZCTA6RRXWJ4B3KT,two upside down triangles on top,TRUE
01M1PW6KDNX035SR2QGMRPA1XT,01M1PVPWZ82WNHXNHFM772HZSY,10,01M1PVWG3MVC1D7FV8A8CY40QY,long straight lines on left and right like a head with a hat on sideways,TRUE
01M1PW0KJXDETK5GXANRWZGSSK,01M1PVPSF9NDAT0BF7G6FNHKYQ,26,01M1PVTRYDJNHHT05DKBKN76E5,tree rotated to the left,TRUE
01M1PW1ZDYC2TBHBVPPTRRKGKX,01M1PVPTMX8QBBEQ1CAWS8Y65C,42,01M1PVVEHT22G3NCF8EGPQWRYM,"backwards C, spiky comb",TRUE
01M1PW0KNV1J2FXGPFQNY1H2WS,01M1PVPSF9NDAT0BF7G6FNHKYQ,30,01M1PVTRYDJNHHT05DKBKN76E5,table legs and elephant head,TRUE
01M1PW615MQZ4TJAHZKWKGZG4X,01M1PVPWEFJ67VYTWGSHJ4XJ33,29,01M1PVV71QMXF31FNN88616S34,ole texas top,TRUE
01M1PWGJDFABRGGFMV3ZP6MRXT,01M1PVPXF8XP3FTSCWE2SZ4KAJ,41,01M1PVW253SKBG4X7GTPVKZWRC,rectangle,TRUE
01M1PW1ZGVGDQA54N159EBYQTB,01M1PVPTMX8QBBEQ1CAWS8Y65C,7,01M1PVVDJXTQ0S1H8V336MES03,"left side is a backwards C, right side is a cup with handle",TRUE
01M1PW41G5MDWWWTVWRKDMC2NV,01M1PVPTMYJEMSH2D4PPK54AQC,25,01M1PVV1FSQ931Q08DC040FF4H,"a huge shape with little head, 4 points on the back",TRUE
01M1PW41EH8X47PTJA3C7TPM9Y,01M1PVPTMYJEMSH2D4PPK54AQC,5,01M1PVV1FSQ931Q08DC040FF4H,"an animal on its side with a hat, nose sticking out",TRUE
01M1PW6KEJZMW9Q9VGKYY0GX9F,01M1PVPWZ82WNHXNHFM772HZSY,6,01M1PVWG3MVC1D7FV8A8CY40QY,sideways mountain range on a triangle,TRUE
01M1PWEJD0Z6HQSVMS1TNJZS9Z,01M1PVPXF92SZVFC9KBGN1TRXM,32,01M1PVZYRHDVK94JBPD96A2FVY,Flame with a tail on the left pointing up,TRUE
01M1PW1ZEJ3SEB5MASXAS8Y3XX,01M1PVPTMX8QBBEQ1CAWS8Y65C,36,01M1PVVEHT22G3NCF8EGPQWRYM,"half zero, martini glass on right",TRUE
01M1PW0KDDRK2ZQ630E31KGFGZ,01M1PVPSF9NDAT0BF7G6FNHKYQ,13,01M1PVTG9CCCTFM1SEAAQ81WMP,Reverse B and then a small bracket,TRUE
01M1PW0X8T333PBKZSXC0BP6A2,01M1PVPSFBNZXW40G11YGR32M6,24,01M1PVVNQ4AT0NRB9TK929QH2E,"backwards c, bracket",TRUE
01M1PW1540MVN25JZ5X1FDH0WM,01M1PVPSFBNZXW40G11G9DGVKY,7,01M1PVTZDZSFSRFW0Y011447D5,It has a clear diamond shape at the right hand side,TRUE
01M1PW3H2NW07CVDW0VGTZG0DW,01M1PVPVN58XQ8WD43NR9G03HY,1,01M1PVY5V93JDTFCY85HPV0HXQ,diamond and 2 triangles on top. The bottom is pointing outwards 2 stand type structures. Not pointed at the bottom.,TRUE
01M1PW41GYN8MVAX0NET70HK1W,01M1PVPTMYJEMSH2D4PPK54AQC,36,01M1PVXZCG5HBAN48J4YM7CT4J,upside down L and arrow pointing out,TRUE
01M1PW8ZPWP45F401K2W5K415X,01M1PVPWZ383HA8RRK2RFSW236,45,01M1PVVZ2PG17JJTAZWDXWW3JQ,u shape,TRUE
01M1PW6YAJH9M80TDFMR04PF0A,01M1PVPWEJQS052PE7X7E1TZK9,33,01M1PVVX5KFM5CFX55QQRWNDX8,boat on pincers,TRUE
01M1PW6YD4WRQJWCKNV17H9MG4,01M1PVPWEJQS052PE7X7E1TZK9,38,01M1PVW75JX1QRKD2FQCCBJ017,Boat on lego head,TRUE
01M1PW8ZCD0V9P2E0X8GEA02PY,01M1PVPWZ383HA8RRK2RFSW236,14,01M1PW2K6B8GZQ5Z02B5Q0TB2A,has a BIG point on the left then a small U shape then a little point,TRUE
01M1PW8ZTPH8YEV999HHYAWGBV,01M1PVPWZ383HA8RRK2RFSW236,12,01M1PW2K6B8GZQ5Z02B5Q0TB2A,has a triangle point top middle,TRUE
01M1PWGJ4M5EGTFY3E193MQC42,01M1PVPXF8XP3FTSCWE2SZ4KAJ,20,01M1PW23TCTCTWR44KF0HW1TG2,three triangles on the right and a stand at the bottom,TRUE
01M1PW3T6VYDWVHAXV10ESD8NV,01M1PVPVN19AKJQXAJWG447XT1,1,01M1PVV4T08CWVFCAHVD9FMRR2,square with two trainalges following it on like an altar,TRUE
01M1PW6Y3P5FXPVJ112XXR5MMF,01M1PVPWEJQS052PE7X7E1TZK9,13,01M1PVVX5KFM5CFX55QQRWNDX8,1 diamond 2 upside down mini triangles,TRUE
01M1PWJSBJV0F8NZDD24ZBAAC9,01M1PVPY05YMN5QBCZG3YB2C9A,1,01M1PW6E4667Y67QGT0X6HJCYF,"side pofile, looks like a man wearing a hat",TRUE
01M1PWJSBJV0F8NZDD24ZBAAC9,01M1PVPY05YMN5QBCZG3YB2C9A,1,01M1PW6E4667Y67QGT0X6HJCYF,cap to the left,TRUE
01M1PW8ZJ7Q9XEQ7AVVQY325XX,01M1PVPWZ383HA8RRK2RFSW236,32,01M1PW2K6B8GZQ5Z02B5Q0TB2A,has 4 spikes right side,TRUE
01M1PW0KDWP0326QSX0EP5025J,01M1PVPSF9NDAT0BF7G6FNHKYQ,7,01M1PVTG9CCCTFM1SEAAQ81WMP,Trapezoid on the right,TRUE
01M1PW41B9ZC6S53BY9MN0HEA5,01M1PVPTMYJEMSH2D4PPK54AQC,21,01M1PVV1FSQ931Q08DC040FF4H,a animal with a hat and leg stuck out sideways,TRUE
01M1PW7F4QW0KF5KJ8JEZG37B5,01M1PVPWZ7KQZN2DHXW0TTKG9P,13,01M1PVVTM3JYE18KKXW2DCV15S,most jagged shape,TRUE
01M1PW3T77Y0DWJPRKCW1X4D7E,01M1PVPVN19AKJQXAJWG447XT1,4,01M1PVVZD69SDYBBAB5MDTZSCB,4 triangles at bottom like feet,TRUE
01M1PW6XZK6EMN5QCF6DT1QHRC,01M1PVPWEJQS052PE7X7E1TZK9,7,01M1PVVX5KFM5CFX55QQRWNDX8,"looks like a house(?) or some kind of spaceship with two ""legs"" that have A shaped cutouts",TRUE
01M1PW6XZK6EMN5QCF6DT1QHRC,01M1PVPWEJQS052PE7X7E1TZK9,7,01M1PVW75JX1QRKD2FQCCBJ017,Does the top look like a shirt,FALSE
01M1PW6XZK6EMN5QCF6DT1QHRC,01M1PVPWEJQS052PE7X7E1TZK9,7,01M1PVVX5KFM5CFX55QQRWNDX8,yes,TRUE
01M1PW0X8FRFSHZ2JG4TASGMY4,01M1PVPSFBNZXW40G11YGR32M6,43,01M1PVTRWTPC40C0HPR8RXXWTF,half heart trophy,TRUE
01M1PW2VMCGK4DHAGZ891YH723,01M1PVPTMT2TF5TMW6DY08RG1A,40,01M1PVVYCG3ZV9Y0QVDS434K08,triangle pointing left,TRUE
01M1PW50T850RNRSJNG9V17XW6,01M1PVPVN43CJ2ZQS2FA0GJ1TX,42,01M1PVW97TC4GVFYDVFB1SJ9WH,The birdhouse and all the shapes on top of it.,TRUE
01M1PW50V4MCX9ESXQ2Z1QEG1Q,01M1PVPVN43CJ2ZQS2FA0GJ1TX,13,01M1PVW5BM9J57HJX5KJ260RG3,this is the shape with the graduation cap with the shaping and the box on top with stop jutting out,TRUE
01M1PW50V4MCX9ESXQ2Z1QEG1Q,01M1PVPVN43CJ2ZQS2FA0GJ1TX,13,01M1PVW5BM9J57HJX5KJ260RG3,shading *,TRUE
01M1PW5R3VCZSV3G4X587T9WBF,01M1PVPWEGF3RQQ2BZJMHJW5WT,17,01M1PVV9N1B5JSVGVHP53ND1FH,"t-shirt on top, bottom is two molars",TRUE
01M1PW8ZKN3WR726NJM3XB8NPG,01M1PVPWZ383HA8RRK2RFSW236,28,01M1PW2K6B8GZQ5Z02B5Q0TB2A,4 spikes left side,TRUE
01M1PW8ZKN3WR726NJM3XB8NPG,01M1PVPWZ383HA8RRK2RFSW236,28,01M1PW2K6B8GZQ5Z02B5Q0TB2A,oops,TRUE
01M1PW8ZKN3WR726NJM3XB8NPG,01M1PVPWZ383HA8RRK2RFSW236,28,01M1PW2K6B8GZQ5Z02B5Q0TB2A,right],TRUE
01M1PW50TK87G32SA7WN696FBJ,01M1PVPVN43CJ2ZQS2FA0GJ1TX,40,01M1PVW97TC4GVFYDVFB1SJ9WH,The graduation cap with the floating head like shape above it.,TRUE
01M1PW9CTHFQXW7RKJ1FNKZKE7,01M1PVPXF92SZVFC9KB45KHNG3,5,01M1PVVBRZ3YZPYCQZYDADYMR6,looks like a sideways swane,TRUE
01M1PW9CTHFQXW7RKJ1FNKZKE7,01M1PVPXF92SZVFC9KB45KHNG3,5,01M1PVVBRZ3YZPYCQZYDADYMR6,swan,TRUE
01M1PW9CTHFQXW7RKJ1FNKZKE7,01M1PVPXF92SZVFC9KB45KHNG3,5,01M1PVVBRZ3YZPYCQZYDADYMR6,on a podium,TRUE
01M1PWGJDVM59NX9AR7PZ7XACS,01M1PVPXF8XP3FTSCWE2SZ4KAJ,42,01M1PW23TCTCTWR44KF0HW1TG2,bullhorn shape pointy edge at the top and bottom,TRUE
01M1PWGJDVM59NX9AR7PZ7XACS,01M1PVPXF8XP3FTSCWE2SZ4KAJ,42,01M1PVW253SKBG4X7GTPVKZWRC,shark fin?,FALSE
01M1PWGJDVM59NX9AR7PZ7XACS,01M1PVPXF8XP3FTSCWE2SZ4KAJ,42,01M1PW23TCTCTWR44KF0HW1TG2,yes,TRUE
01M1PW8ZS0J8MA1E3YDMRYJN4V,01M1PVPWZ383HA8RRK2RFSW236,18,01M1PW2K6B8GZQ5Z02B5Q0TB2A,has a BIG U shape,TRUE
01M1PW9D6ASYMK061E4AGTAZNY,01M1PVPXF92SZVFC9KB45KHNG3,19,01M1PVVBRZ3YZPYCQZYDADYMR6,rectangle cutout,TRUE
01M1PWEJH70ZVYJJ8PQZZFZZHH,01M1PVPXF92SZVFC9KBGN1TRXM,14,01M1PVZYRHDVK94JBPD96A2FVY,looks like a flame with a triangular base,TRUE
01M1PW0KDYJKQ3Q8YJZ9TMGH77,01M1PVPSF9NDAT0BF7G6FNHKYQ,6,01M1PVTRYDJNHHT05DKBKN76E5,spikey on the right side,TRUE
01M1PW0KFRDZR6N36NR7J23ZDG,01M1PVPSF9NDAT0BF7G6FNHKYQ,37,01M1PVTG9CCCTFM1SEAAQ81WMP,Table with a bracket,TRUE
01M1PW6KN5A67CPFP2V4K9KKBC,01M1PVPWZ82WNHXNHFM772HZSY,29,01M1PVV2HGBFFFP8TQ2JTHYBNF,two roofs on a stand NOT triangle,TRUE
01M1PWBQXENV2CX5JGC1YZFA0B,01M1PVPY0135RYKX6QNWJW9HQ7,33,01M1PVV5BA5A9YAQJQ9SAGP2BW,devil tail,TRUE
01M1PWBQYXZB723X2AQNSQH3DA,01M1PVPY0135RYKX6QNWJW9HQ7,30,01M1PVW5G591MZ9WXE41XZDX0Y,sam eagle looking to the left,TRUE
01M1PWG1E0VSCBXPDWYM5KRZX6,01M1PVPY02TEGASTZW7B0B44PE,20,01M1PWAKPMFG2PF8ZD5WBT5ANA,the incomplete house with the triangle top / swoop base,TRUE
01M1PW50SNGWA972WH4BRXA67Z,01M1PVPVN43CJ2ZQS2FA0GJ1TX,45,01M1PVW5BM9J57HJX5KJ260RG3,6 sided shape in a black rectangle with a diamond on the bottom,TRUE
01M1PW50TDC1HM8WR2JYM2KS2J,01M1PVPVN43CJ2ZQS2FA0GJ1TX,41,01M1PVW5BM9J57HJX5KJ260RG3,the papers stacking on top of eachother,TRUE
01M1PWEJ6DQSF324QVPE3WWRF0,01M1PVPXF92SZVFC9KBGN1TRXM,2,01M1PVZYRHDVK94JBPD96A2FVY,A chunky block pointing left,TRUE
01M1PWEJ6DQSF324QVPE3WWRF0,01M1PVPXF92SZVFC9KBGN1TRXM,2,01M1PVZYRHDVK94JBPD96A2FVY,with a flat bottom,TRUE
01M1PW1ZH5FH8C88B5S3YW9XC6,01M1PVPTMX8QBBEQ1CAWS8Y65C,4,01M1PVVDJXTQ0S1H8V336MES03,dont get too caught up in detail anything good lol,FALSE
01M1PW1ZH5FH8C88B5S3YW9XC6,01M1PVPTMX8QBBEQ1CAWS8Y65C,4,01M1PVVEHT22G3NCF8EGPQWRYM,"looks like a 3 triangle tier fountain, sideways, with wings on the right side",TRUE
01M1PW3TDH6DQVJN84E7BB8G4A,01M1PVPVN19AKJQXAJWG447XT1,25,01M1PVV4T08CWVFCAHVD9FMRR2,boat shape over altar,TRUE
01M1PW5R433G7NZQFF035JSRQ6,01M1PVPWEGF3RQQ2BZJMHJW5WT,18,01M1PVZMF178XCTABPVTWNQQ3Q,"top diamond,2 triangle bottom two triangle",TRUE
01M1PWGJ0GBA3JEVN1SXFWH9E6,01M1PVPXF8XP3FTSCWE2SZ4KAJ,11,01M1PVW253SKBG4X7GTPVKZWRC,4 trainles on right,TRUE
01M1PWGJ20MT065950T6B78HAR,01M1PVPXF8XP3FTSCWE2SZ4KAJ,15,01M1PVW253SKBG4X7GTPVKZWRC,shark fin,TRUE
01M1PW0KNFCSTWW5JRMYXWC8N9,01M1PVPSF9NDAT0BF7G6FNHKYQ,15,01M1PVTG9CCCTFM1SEAAQ81WMP,Reverse C and then a bracket,TRUE
01M1PW0XA9JH8C1JCXNN80K91S,01M1PVPSFBNZXW40G11YGR32M6,26,01M1PVVNQ4AT0NRB9TK929QH2E,half heart porcupine,TRUE
01M1PW2VP2CQZXEYQBGDCRKHSH,01M1PVPTMT2TF5TMW6DY08RG1A,13,01M1PVVTHSCRB56WAFX0KRCSX2,Closed parenthesis shape on the right side,TRUE
01M1PW8ZXXZ12BJSX7Q3MPSGS2,01M1PVPWZ383HA8RRK2RFSW236,4,01M1PW2K6B8GZQ5Z02B5Q0TB2A,has a tringle shape pointing out the center on the right,TRUE
01M1PWBR19FBKBBT2Q04RTK21V,01M1PVPY0135RYKX6QNWJW9HQ7,23,01M1PVV5BA5A9YAQJQ9SAGP2BW,large nose,TRUE
01M1PWG13703FV4DBHG247X9BQ,01M1PVPY02TEGASTZW7B0B44PE,46,01M1PWAKPMFG2PF8ZD5WBT5ANA,man head / *not* snake,TRUE
01M1PW3T8MFKY1KZ41MYZ4K48M,01M1PVPVN19AKJQXAJWG447XT1,10,01M1PVVZD69SDYBBAB5MDTZSCB,t shirt on top,TRUE
01M1PW41HH15QWMNMRXXDT93MK,01M1PVPTMYJEMSH2D4PPK54AQC,39,01M1PVV1FSQ931Q08DC040FF4H,winged shaped with weird whole in the middle,TRUE
01M1PW60YX6VD1T71TKZ1MNJE7,01M1PVPWEFJ67VYTWGSHJ4XJ33,2,01M1PVW7YQ0ZCTA6RRXWJ4B3KT,it has two upside down triangles on top of it,TRUE
01M1PW41ENJRA0KANSY0VBQQQ9,01M1PVPTMYJEMSH2D4PPK54AQC,2,01M1PVXZCG5HBAN48J4YM7CT4J,there is a rectangle shape with an arrow cut out - on the right are some spikey shapes sticking out,TRUE
01M1PWBQSWNEJAK22KRGBQ7N55,01M1PVPY0135RYKX6QNWJW9HQ7,41,01M1PVV5BA5A9YAQJQ9SAGP2BW,"upside down triangles at the bottom, football field goal on top",TRUE
01M1PWGJ54437EHVXVDMSNCYCD,01M1PVPXF8XP3FTSCWE2SZ4KAJ,21,01M1PVW253SKBG4X7GTPVKZWRC,white square missin bottom left,TRUE
01M1PW2VM6V3G1V13XXTN9PF66,01M1PVPTMT2TF5TMW6DY08RG1A,0,01M1PVVYCG3ZV9Y0QVDS434K08,looks like a tree on its side with a rectangle chopped out of its leaves,TRUE
01M1PW3TBQ5QX55AK0CV3CZFH4,01M1PVPVN19AKJQXAJWG447XT1,22,01M1PVVZD69SDYBBAB5MDTZSCB,square and 2 triangles at top,TRUE
01M1PW7EX1G0XT25TKSHC1P5DQ,01M1PVPWZ7KQZN2DHXW0TTKG9P,22,01M1PVZ3NBFP4RQAMM34F5EPHD,sidewyas view of a man in a hat,TRUE
01M1PWBQTKHBAQ8YA9Z1DSC4FE,01M1PVPY0135RYKX6QNWJW9HQ7,39,01M1PVV5BA5A9YAQJQ9SAGP2BW,large nose (eagle face),TRUE
01M1PW0KFST6E0HWYSSX235Y0Z,01M1PVPSF9NDAT0BF7G6FNHKYQ,41,01M1PVTG9CCCTFM1SEAAQ81WMP,reverse filled in B and elephant head,TRUE
01M1PW0X8RSSAK4BH6V4T81V54,01M1PVPSFBNZXW40G11YGR32M6,10,01M1PVVNQ4AT0NRB9TK929QH2E,"half heart,, half a troophy",TRUE
01M1PW1ZMM4MJ0XW22XQTEVGFT,01M1PVPTMX8QBBEQ1CAWS8Y65C,27,01M1PVVDJXTQ0S1H8V336MES03,"traingles on left, spikey comb on right",TRUE
01M1PW3TJ2N4FVFQ7EREM42ZJ1,01M1PVPVN19AKJQXAJWG447XT1,41,01M1PVV4T08CWVFCAHVD9FMRR2,boat over altar shape,TRUE
01M1PW41A6TV6NH2G8YDZM3KTJ,01M1PVPTMYJEMSH2D4PPK54AQC,32,01M1PVXZCG5HBAN48J4YM7CT4J,flying bird with large rectangle cutout,TRUE
01M1PW611Y5ZP2KGB5WB5YECYC,01M1PVPWEFJ67VYTWGSHJ4XJ33,16,01M1PVW7YQ0ZCTA6RRXWJ4B3KT,diamond under,TRUE
01M1PW1575XDKY0Y91TTQENZJ6,01M1PVPSFBNZXW40G11G9DGVKY,34,01M1PVVNH6WEMGKMEM2F9XPCJS,Diamond balancing in top right.,TRUE
01M1PW2VNAS1N64WW3WEQV3HRJ,01M1PVPTMT2TF5TMW6DY08RG1A,32,01M1PVVYCG3ZV9Y0QVDS434K08,animal,TRUE
01M1PW2VTCZTQ3FV2X32R7XXRR,01M1PVPTMT2TF5TMW6DY08RG1A,42,01M1PVVYCG3ZV9Y0QVDS434K08,),TRUE
01M1PW5RD504VB78ARZM7QKD4W,01M1PVPWEGF3RQQ2BZJMHJW5WT,44,01M1PVZMF178XCTABPVTWNQQ3Q,diamond and 2 triangles then ship witth 2 legs bottom,TRUE
01M1PW8ZM2TVEC3FENGYG4NKSM,01M1PVPWZ383HA8RRK2RFSW236,27,01M1PVVZ2PG17JJTAZWDXWW3JQ,white U shape top left,TRUE
01M1PWBQXX0JN04TD61NTB6T8X,01M1PVPY0135RYKX6QNWJW9HQ7,32,01M1PVW5G591MZ9WXE41XZDX0Y,mountains,TRUE
01M1PW0KDBZ8MR70316RQCY4QM,01M1PVPSF9NDAT0BF7G6FNHKYQ,14,01M1PVTRYDJNHHT05DKBKN76E5,O and E thats jagged on the right,TRUE
01M1PW41E3K3S84M0NZ49NPN6D,01M1PVPTMYJEMSH2D4PPK54AQC,6,01M1PVXZCG5HBAN48J4YM7CT4J,"long triangle on its side at left side, that is touching rectangle then a diamond at top on right",TRUE
01M1PWG1FV0A7YAZKNV9ZJFV9K,01M1PVPY02TEGASTZW7B0B44PE,16,01M1PWAKPMFG2PF8ZD5WBT5ANA,"this is the house, which is not complete, and has the cool swooping shape at the base of the house",TRUE
01M1PW6KEBBTC0VR2YMNPM5V6Z,01M1PVPWZ82WNHXNHFM772HZSY,7,01M1PVV2HGBFFFP8TQ2JTHYBNF,flat central bottom and straight left side,TRUE
01M1PWG0Y84BZ50526ZWVN7H6V,01M1PVPY02TEGASTZW7B0B44PE,4,01M1PWAKPMFG2PF8ZD5WBT5ANA,"forgive me in advance, i have to keep refreshing this page to get it to work! this shape is a house, with the three obvious rectangles on the left side. t-shaoe",TRUE
01M1PWG155GSW2XV13JRCH09VR,01M1PVPY02TEGASTZW7B0B44PE,42,01M1PWAKPMFG2PF8ZD5WBT5ANA,incomplete home with triangle top,TRUE
01M1PW0X9AX8HD5947SN16Q6HV,01M1PVPSFBNZXW40G11YGR32M6,28,01M1PVVNQ4AT0NRB9TK929QH2E,"diamind, trophy",TRUE
01M1PW0X9AX8HD5947SN16Q6HV,01M1PVPSFBNZXW40G11YGR32M6,28,01M1PVVNQ4AT0NRB9TK929QH2E,not porcupine,TRUE
01M1PWEJ8Q7QYW2ZYEA0SW34W2,01M1PVPXF92SZVFC9KBGN1TRXM,10,01M1PVZYRHDVK94JBPD96A2FVY,heart shaped with a hole and a triangular like base.,TRUE
01M1PW2VMY6FW4QJ0Y2TRBWFDJ,01M1PVPTMT2TF5TMW6DY08RG1A,34,01M1PVVYCG3ZV9Y0QVDS434K08,left pointing arrow,TRUE
01M1PW41CYC2SW1NRG5JZ2MXR7,01M1PVPTMYJEMSH2D4PPK54AQC,15,01M1PVV1FSQ931Q08DC040FF4H,a shape with one square shaped whole,TRUE
01M1PW0X7284MVME59DHE6P4X0,01M1PVPSFBNZXW40G11YGR32M6,6,01M1PVVNQ4AT0NRB9TK929QH2E,"arrow into diamond, then half a tree, I guess",TRUE
01M1PW2VQNHNWZND3SQ473MPJR,01M1PVPTMT2TF5TMW6DY08RG1A,20,01M1PVVYCG3ZV9Y0QVDS434K08,animal shape on right,TRUE
01M1PW5R00RBMYXR7YYQ6QXQRB,01M1PVPWEGF3RQQ2BZJMHJW5WT,0,01M1PVV9N1B5JSVGVHP53ND1FH,hello,FALSE
01M1PW5R00RBMYXR7YYQ6QXQRB,01M1PVPWEGF3RQQ2BZJMHJW5WT,0,01M1PVZMF178XCTABPVTWNQQ3Q,has three shapes triangle 2 and 1 diamond,TRUE
01M1PW5R00RBMYXR7YYQ6QXQRB,01M1PVPWEGF3RQQ2BZJMHJW5WT,0,01M1PVV9N1B5JSVGVHP53ND1FH,two legs or four?,FALSE
01M1PW5R00RBMYXR7YYQ6QXQRB,01M1PVPWEGF3RQQ2BZJMHJW5WT,0,01M1PVZMF178XCTABPVTWNQQ3Q,premolar shapes at the bottom,TRUE
01M1PW7EWHWSJAGPTBPY4A6A47,01M1PVPWZ7KQZN2DHXW0TTKG9P,23,01M1PVVTM3JYE18KKXW2DCV15S,sideways view of a duck sitting on top of a pedestal,TRUE
01M1PW0KJZREGWTNDABXQ6J804,01M1PVPSF9NDAT0BF7G6FNHKYQ,38,01M1PVTRYDJNHHT05DKBKN76E5,tree rotated to the left,TRUE
01M1PW41FF2R10MV28KY01CJ8H,01M1PVPTMYJEMSH2D4PPK54AQC,47,01M1PVV1FSQ931Q08DC040FF4H,a big shape with skinny triangle in front,TRUE
01M1PW9DAQJ4PVX7E509C05PSD,01M1PVPXF92SZVFC9KB45KHNG3,33,01M1PVVBRZ3YZPYCQZYDADYMR6,heart with long rectangular cut out,TRUE
01M1PW9DG94BWSMSEGNHE0AHDJ,01M1PVPXF92SZVFC9KB45KHNG3,46,01M1PVVXW244MSV8KK7TFJHPNZ,"long neck and beak on left, two triangles",TRUE
01M1PWG1FADYKTXYMDM2757R43,01M1PVPY02TEGASTZW7B0B44PE,17,01M1PW1KKGDQJPNSP87YDPE8Y2,tree like home head,TRUE
01M1PW41B5MNC7JCG30B5HKJCM,01M1PVPTMYJEMSH2D4PPK54AQC,8,01M1PVXZCG5HBAN48J4YM7CT4J,on the right there's an upside down L with a spike coming off the short end,TRUE
01M1PW6Y4YMCP0GVV7BXQM9BQ2,01M1PVPWEJQS052PE7X7E1TZK9,16,01M1PVW75JX1QRKD2FQCCBJ017,Shirt on top of upside-down house,TRUE
01M1PWGJBHVK6BKHT4DHNQFRH0,01M1PVPXF8XP3FTSCWE2SZ4KAJ,35,01M1PVW253SKBG4X7GTPVKZWRC,3 traingles on the right,TRUE
01M1PW2VKQTM5N3KXXVHTVVQHR,01M1PVPTMT2TF5TMW6DY08RG1A,2,01M1PVVYCG3ZV9Y0QVDS434K08,the very right side has a left pointing triangle,TRUE
01M1PW2VQV2JAV4TFWEJQJZQ5Q,01M1PVPTMT2TF5TMW6DY08RG1A,44,01M1PVVYCG3ZV9Y0QVDS434K08,animal,TRUE
01M1PW41DS4NB302NSG5Q1FSWY,01M1PVPTMYJEMSH2D4PPK54AQC,7,01M1PVV1FSQ931Q08DC040FF4H,a weird shape with rectangle shaped hole,TRUE
01M1PW5R15GPW5WZYYP8CJ7XZQ,01M1PVPWEGF3RQQ2BZJMHJW5WT,5,01M1PVV9N1B5JSVGVHP53ND1FH,"four legs on bottom, top is kind of like a boat with raised shape on right",TRUE
01M1PW0KM8W473WZ1VKGKYG9KK,01M1PVPSF9NDAT0BF7G6FNHKYQ,24,01M1PVTRYDJNHHT05DKBKN76E5,table legs with a bracket,TRUE
01M1PW3T9378HK8E32A1KTJ5V2,01M1PVPVN19AKJQXAJWG447XT1,13,01M1PVV4T08CWVFCAHVD9FMRR2,7 over misshape,TRUE
01M1PWG0XSYPAY87X1WBGSDA8K,01M1PVPY02TEGASTZW7B0B44PE,10,01M1PWAKPMFG2PF8ZD5WBT5ANA,this is the house with the chimney and a path to it. *no* t-shape.,TRUE
01M1PW153YTJSD2ZSREAM72BMJ,01M1PVPSFBNZXW40G11G9DGVKY,2,01M1PVVNH6WEMGKMEM2F9XPCJS,"If you tip your head to the right and look at it, it looks like a weird dog with a pointy beak.",TRUE
01M1PW7EPPPP6H8GCCH7KER22W,01M1PVPWZ7KQZN2DHXW0TTKG9P,38,01M1PVZ3NBFP4RQAMM34F5EPHD,most sharp points,TRUE
01M1PWGJ40GKRVHVFPBKG44FY9,01M1PVPXF8XP3FTSCWE2SZ4KAJ,19,01M1PVW253SKBG4X7GTPVKZWRC,rectangle,TRUE
01M1PW8ZGNDH4Y1G3NQ29EGANZ,01M1PVPWZ383HA8RRK2RFSW236,38,01M1PW2K6B8GZQ5Z02B5Q0TB2A,4 spikes,TRUE
01M1PWEJT7C7W2Q4CX472V9DA1,01M1PVPXF92SZVFC9KBGN1TRXM,5,01M1PVVCHSJDKDCMNAX28C9KTM,has spike looking things pointing to the right and has a flat vase like side on the left,TRUE
01M1PW510NQWG0DZ5EV33AB0P1,01M1PVPVN43CJ2ZQS2FA0GJ1TX,0,01M1PVW97TC4GVFYDVFB1SJ9WH,"It looks like a flat plane, with a rectangle sticking up at the back left and a traingle and rectangular shape floating to the right of it.",TRUE
01M1PW5QZ9QDEG10K3MQ9RGS9N,01M1PVPWEGF3RQQ2BZJMHJW5WT,45,01M1PVV9N1B5JSVGVHP53ND1FH,"ship on top, house with a pole in center on bottom",TRUE
01M1PW6Y7ZCKZWV8BHFSARSFAK,01M1PVPWEJQS052PE7X7E1TZK9,24,01M1PVW75JX1QRKD2FQCCBJ017,Boat on Lego hea,TRUE
01M1PW6Y7ZCKZWV8BHFSARSFAK,01M1PVPWEJQS052PE7X7E1TZK9,24,01M1PVW75JX1QRKD2FQCCBJ017,head,TRUE
01M1PW8ZQTYB1JAWJZANS94X1V,01M1PVPWZ383HA8RRK2RFSW236,43,01M1PVVZ2PG17JJTAZWDXWW3JQ,rectangle,TRUE
01M1PW0XB3GBNRBZ4P28W2J1WY,01M1PVPSFBNZXW40G11YGR32M6,41,01M1PVTRWTPC40C0HPR8RXXWTF,arrow diamond trophy,TRUE
01M1PW1ZEFJGT1T9FP7HBWQYH4,01M1PVPTMX8QBBEQ1CAWS8Y65C,37,01M1PVVDJXTQ0S1H8V336MES03,"rectangle in middle, right side martini glass",TRUE
01M1PW3TF1102NS0751ED5HK72,01M1PVPVN19AKJQXAJWG447XT1,29,01M1PVV4T08CWVFCAHVD9FMRR2,square followed by two triangles on top,TRUE
01M1PW6136ABCMF5C96E7SSMYY,01M1PVPWEFJ67VYTWGSHJ4XJ33,21,01M1PVV71QMXF31FNN88616S34,i was distracted theis one is upside down nike,TRUE
01M1PW6136ABCMF5C96E7SSMYY,01M1PVPWEFJ67VYTWGSHJ4XJ33,21,01M1PVV71QMXF31FNN88616S34,sorry for that,TRUE
01M1PW6136ABCMF5C96E7SSMYY,01M1PVPWEFJ67VYTWGSHJ4XJ33,21,01M1PVV71QMXF31FNN88616S34,cost us 3,TRUE
01M1PW9CT5SZAK1Q01GN77CZZS,01M1PVPXF92SZVFC9KB45KHNG3,4,01M1PVVXW244MSV8KK7TFJHPNZ,an m shape white cut out on the right,TRUE
01M1PWEJW41Z9T0BEZ5FC0MZJ4,01M1PVPXF92SZVFC9KBGN1TRXM,45,01M1PVVCHSJDKDCMNAX28C9KTM,house,TRUE
01M1PW1ZEB5MT5R4DW9D80DDR4,01M1PVPTMX8QBBEQ1CAWS8Y65C,18,01M1PVVEHT22G3NCF8EGPQWRYM,E shape on left with a handle on right,TRUE
01M1PW1ZEB5MT5R4DW9D80DDR4,01M1PVPTMX8QBBEQ1CAWS8Y65C,18,01M1PVVEHT22G3NCF8EGPQWRYM,Mot the J shaped one,TRUE
01M1PW1ZGS7DTEE74Z1SFD4SPK,01M1PVPTMX8QBBEQ1CAWS8Y65C,8,01M1PVVEHT22G3NCF8EGPQWRYM,"closed cup, looks like an M with a handle on bottom",TRUE
01M1PW2VT7AEGV1JX35XS51G30,01M1PVPTMT2TF5TMW6DY08RG1A,25,01M1PVVTHSCRB56WAFX0KRCSX2,),TRUE
01M1PW7EGQCJ91EMS21MBFTPAG,01M1PVPWZ7KQZN2DHXW0TTKG9P,46,01M1PVZ3NBFP4RQAMM34F5EPHD,side view of a duck on a pedestal,TRUE
01M1PWBQM0Z7SEH58G2FD02F6X,01M1PVPY0135RYKX6QNWJW9HQ7,25,01M1PVV5BA5A9YAQJQ9SAGP2BW,"top pointy triangle looking pieces on each side, large rectangle on the top, slanted piece on the very bottom",TRUE
01M1PW2VMJHQZM4ZDJ1DX3KJYB,01M1PVPTMT2TF5TMW6DY08RG1A,38,01M1PVVYCG3ZV9Y0QVDS434K08,4 peaks,TRUE
01M1PW41CK7PN5TRYPHZMYBC46,01M1PVPTMYJEMSH2D4PPK54AQC,17,01M1PVV1FSQ931Q08DC040FF4H,a sideways candleabra,TRUE
01M1PW6YBGMSHG7NF5CJ2YHQFG,01M1PVPWEJQS052PE7X7E1TZK9,35,01M1PVVX5KFM5CFX55QQRWNDX8,boat on legs,TRUE
01M1PW9D9VD9DR2C2X4NZF6BMN,01M1PVPXF92SZVFC9KB45KHNG3,31,01M1PVVBRZ3YZPYCQZYDADYMR6,small m on the right cut out,TRUE
01M1PW0KMG4MJ3YRBT13W500D4,01M1PVPSF9NDAT0BF7G6FNHKYQ,22,01M1PVTRYDJNHHT05DKBKN76E5,table legs and jagged on right,TRUE
01M1PW0X793TKD4MAVWJ4PZ5DR,01M1PVPSFBNZXW40G11YGR32M6,12,01M1PVVNQ4AT0NRB9TK929QH2E,"backwards c, bracket",TRUE
01M1PW50S73SM9AF0CFATSCRHQ,01M1PVPVN43CJ2ZQS2FA0GJ1TX,47,01M1PVW5BM9J57HJX5KJ260RG3,boat scraping the shore floor,TRUE
01M1PW60YFMYW4EXHNBBCEFGGP,01M1PVPWEFJ67VYTWGSHJ4XJ33,0,01M1PVW7YQ0ZCTA6RRXWJ4B3KT,hello,TRUE
01M1PW60YFMYW4EXHNBBCEFGGP,01M1PVPWEFJ67VYTWGSHJ4XJ33,0,01M1PVV71QMXF31FNN88616S34,hi,FALSE
01M1PW6156KN9DKQ8FS0S86D7A,01M1PVPWEFJ67VYTWGSHJ4XJ33,27,01M1PVV71QMXF31FNN88616S34,sideways M,TRUE
01M1PW6Y8BHTR9DX8TF9REKX24,01M1PVPWEJQS052PE7X7E1TZK9,25,01M1PVVX5KFM5CFX55QQRWNDX8,shirt on pincers,TRUE
01M1PW8ZGY9ABVR5EDW40P7N74,01M1PVPWZ383HA8RRK2RFSW236,37,01M1PVVZ2PG17JJTAZWDXWW3JQ,four spikes coming out righ,TRUE
01M1PW0X78Y9A8Z5Z16WF0AR58,01M1PVPSFBNZXW40G11YGR32M6,11,01M1PVTRWTPC40C0HPR8RXXWTF,"Like a backwards D, bracket",TRUE
01M1PW616WF2HECS3S20Q5ZEDS,01M1PVPWEFJ67VYTWGSHJ4XJ33,35,01M1PVV71QMXF31FNN88616S34,A STAR OF TEXAS AND THEY LOST  A GIANT SECTIN OF LAND,TRUE
01M1PWBQV0EXK6S5ASK432K43J,01M1PVPY0135RYKX6QNWJW9HQ7,38,01M1PVW5G591MZ9WXE41XZDX0Y,fattest one,TRUE
01M1PWG147QXQ00KJ23NWNT4SM,01M1PVPY02TEGASTZW7B0B44PE,44,01M1PWAKPMFG2PF8ZD5WBT5ANA,full house / t-shape / three recties,TRUE
01M1PWG147QXQ00KJ23NWNT4SM,01M1PVPY02TEGASTZW7B0B44PE,44,01M1PWAKPMFG2PF8ZD5WBT5ANA,(left),TRUE
01M1PW41EY7J3Q03R465NH095S,01M1PVPTMYJEMSH2D4PPK54AQC,3,01M1PVV1FSQ931Q08DC040FF4H,hi. looks like a bird ion its side with wings spread,TRUE
01M1PW51333SKSQ731QQ3JTAJY,01M1PVPVN43CJ2ZQS2FA0GJ1TX,10,01M1PVW97TC4GVFYDVFB1SJ9WH,It looks like the first chisling of a face on the side of a rockface like mount rushmore. Think of the exagerated faces from Spongebob Squarepants that they use to show maturity.,TRUE
01M1PW5RA7YH4PECVC52T52WHM,01M1PVPWEGF3RQQ2BZJMHJW5WT,34,01M1PVZMF178XCTABPVTWNQQ3Q,"top diamond 2 triangles, bottom triangles",TRUE
01M1PW6KFCDAFD90KJH7BWQWDF,01M1PVPWZ82WNHXNHFM772HZSY,1,01M1PVV2HGBFFFP8TQ2JTHYBNF,elephant trunk on the side,TRUE
01M1PW6XZ6P55R7CG2GGGAQ3JM,01M1PVPWEJQS052PE7X7E1TZK9,6,01M1PVW75JX1QRKD2FQCCBJ017,Upside down house under a Z,TRUE
01M1PWGJ8RQMH88EVM9TPHH4M0,01M1PVPXF8XP3FTSCWE2SZ4KAJ,28,01M1PW23TCTCTWR44KF0HW1TG2,It has a tail with a crocket U shape and on the right a fish body,TRUE
01M1PW1ZNH0EJEXWRHKZK6C2AA,01M1PVPTMX8QBBEQ1CAWS8Y65C,21,01M1PVVDJXTQ0S1H8V336MES03,rectangle in middle,TRUE
01M1PW9D8XDF5SDQRHX9SAKWGH,01M1PVPXF92SZVFC9KB45KHNG3,28,01M1PVVXW244MSV8KK7TFJHPNZ,arrow on left,TRUE
01M1PW0KKA4RRF7086JPGAEAH9,01M1PVPSF9NDAT0BF7G6FNHKYQ,39,01M1PVTG9CCCTFM1SEAAQ81WMP,Arrow diamond bed bracket,TRUE
01M1PW1ZMDTDRP7TMCAEQTKS1Z,01M1PVPTMX8QBBEQ1CAWS8Y65C,29,01M1PVVDJXTQ0S1H8V336MES03,"backward C on left, cathead right",TRUE
01M1PW3T9VD974VCZPFSTHQ7ST,01M1PVPVN19AKJQXAJWG447XT1,17,01M1PVVZD69SDYBBAB5MDTZSCB,my bad on the last round,FALSE
01M1PW3T9VD974VCZPFSTHQ7ST,01M1PVPVN19AKJQXAJWG447XT1,17,01M1PVV4T08CWVFCAHVD9FMRR2,giant 7 over cut off triangle over two rectangles one on top bigger than the other,TRUE
01M1PWGJ69V7MKPYMEHM3E9HTK,01M1PVPXF8XP3FTSCWE2SZ4KAJ,23,01M1PW23TCTCTWR44KF0HW1TG2,We are doing a good job!,FALSE
01M1PWGJ69V7MKPYMEHM3E9HTK,01M1PVPXF8XP3FTSCWE2SZ4KAJ,23,01M1PVW253SKBG4X7GTPVKZWRC,tail,TRUE
01M1PW2VJ4495RSV1DPNDQMQAE,01M1PVPTMT2TF5TMW6DY08RG1A,30,01M1PVVYCG3ZV9Y0QVDS434K08,4 peaks sorry,TRUE
01M1PW3TBD3DF0DFDRAB0X9PXE,01M1PVPVN19AKJQXAJWG447XT1,21,01M1PVV4T08CWVFCAHVD9FMRR2,t shirt shape over rectangle with pair of triangles for feet,TRUE
01M1PW5R0H2WE09PGF87G11GRB,01M1PVPWEGF3RQQ2BZJMHJW5WT,4,01M1PVZMF178XCTABPVTWNQQ3Q,has Z shape at the top and right bottom has a small gap like awindow,TRUE
01M1PW7EH2V6C9S08R1BBC4776,01M1PVPWZ7KQZN2DHXW0TTKG9P,45,01M1PVVTM3JYE18KKXW2DCV15S,has 2 outstretched arms toward right,TRUE
01M1PW7EQAC71DQM3HHNS9H67X,01M1PVPWZ7KQZN2DHXW0TTKG9P,36,01M1PVZ3NBFP4RQAMM34F5EPHD,fish kissing a diamond,TRUE
01M1PW8ZMBN0CZGJGPMYA0BGM9,01M1PVPWZ383HA8RRK2RFSW236,26,01M1PW2K6B8GZQ5Z02B5Q0TB2A,Looks like a mini stop sign,TRUE
01M1PW8ZMBN0CZGJGPMYA0BGM9,01M1PVPWZ383HA8RRK2RFSW236,26,01M1PW2K6B8GZQ5Z02B5Q0TB2A,sideways,TRUE
01M1PW8ZMBN0CZGJGPMYA0BGM9,01M1PVPWZ383HA8RRK2RFSW236,26,01M1PW2K6B8GZQ5Z02B5Q0TB2A,hexagon,TRUE
01M1PWG17PF26K489CCB2G7WAJ,01M1PVPY02TEGASTZW7B0B44PE,36,01M1PWAKPMFG2PF8ZD5WBT5ANA,winged man (not snake man),TRUE
01M1PWGHWSSEPC6ACPYT0WEN7N,01M1PVPXF8XP3FTSCWE2SZ4KAJ,3,01M1PVW253SKBG4X7GTPVKZWRC,4 traingles peaks on the right,TRUE
01M1PW2VQBESGYCFZBKH3AT86J,01M1PVPTMT2TF5TMW6DY08RG1A,21,01M1PVVTHSCRB56WAFX0KRCSX2,),TRUE
01M1PW616CBVTY01T3A4M7M9B0,01M1PVPWEFJ67VYTWGSHJ4XJ33,33,01M1PVV71QMXF31FNN88616S34,Z,TRUE
01M1PW9D89JNF9NW57DF32K0MZ,01M1PVPXF92SZVFC9KB45KHNG3,26,01M1PVVXW244MSV8KK7TFJHPNZ,mountains on right,TRUE
01M1PW3T6ZNWHTVNMHYA5JY6T1,01M1PVPVN19AKJQXAJWG447XT1,2,01M1PVVZD69SDYBBAB5MDTZSCB,4 triangles at bottom like legs,TRUE
01M1PW3THQB19905JXQGSN1338,01M1PVPVN19AKJQXAJWG447XT1,39,01M1PVV4T08CWVFCAHVD9FMRR2,giant 7 over misshape,TRUE
01M1PW6KNBYQJ266RVP3F6P78P,01M1PVPWZ82WNHXNHFM772HZSY,28,01M1PVWG3MVC1D7FV8A8CY40QY,head and shoulders with a hat with a point pointing down,TRUE
01M1PW9DD1C5E20W1QS6QYFNKF,01M1PVPXF92SZVFC9KB45KHNG3,38,01M1PVVXW244MSV8KK7TFJHPNZ,fattest,TRUE
01M1PW0X7MX49KFYFGA4K1E56J,01M1PVPSFBNZXW40G11YGR32M6,47,01M1PVVNQ4AT0NRB9TK929QH2E,i did kick myself,FALSE
01M1PW0X7MX49KFYFGA4K1E56J,01M1PVPSFBNZXW40G11YGR32M6,47,01M1PVTRWTPC40C0HPR8RXXWTF,"backward C, bracket",TRUE
01M1PW6XXM4J1FYZK921TJAJA6,01M1PVPWEJQS052PE7X7E1TZK9,2,01M1PVW75JX1QRKD2FQCCBJ017,Z on lego head,TRUE
01M1PWEJMB7DGS08EPF37HSFQB,01M1PVPXF92SZVFC9KBGN1TRXM,22,01M1PVZYRHDVK94JBPD96A2FVY,flame tith a pillar on the left that is NOT triangle,TRUE
01M1PW514B6E44GQN4ZW96EW92,01M1PVPVN43CJ2ZQS2FA0GJ1TX,30,01M1PVW97TC4GVFYDVFB1SJ9WH,Graduation cap with the floating hat or head above it.,TRUE
01M1PW6YCEX46ETTWBDQQBPTA8,01M1PVPWEJQS052PE7X7E1TZK9,47,01M1PVVX5KFM5CFX55QQRWNDX8,shirt on lego head,TRUE
01M1PW7EP9A93C9KEJBZD3W6SW,01M1PVPWZ7KQZN2DHXW0TTKG9P,39,01M1PVVTM3JYE18KKXW2DCV15S,white rectangle in middle,TRUE
01M1PWBR7NG7A2ASKYJ89EXP5F,01M1PVPY0135RYKX6QNWJW9HQ7,7,01M1PVV5BA5A9YAQJQ9SAGP2BW,looks like if the shape had a large nose,TRUE
01M1PW50TYKGSP3QPTYP22Q26X,01M1PVPVN43CJ2ZQS2FA0GJ1TX,38,01M1PVW97TC4GVFYDVFB1SJ9WH,The return of Z and the flag frills on either side.,TRUE
01M1PW618JK3EVXN7WXPFPXHQE,01M1PVPWEFJ67VYTWGSHJ4XJ33,43,01M1PVV71QMXF31FNN88616S34,Z,TRUE
01M1PW9CP5R91W8V2F21PA6WG0,01M1PVPXF92SZVFC9KB45KHNG3,0,01M1PVVXW244MSV8KK7TFJHPNZ,"the shape has a white cut out rectangle, a tail on the left and a heart shaped head on the right",TRUE
01M1PWEJNTZWNPP7PNK0P3VGND,01M1PVPXF92SZVFC9KBGN1TRXM,35,01M1PVVCHSJDKDCMNAX28C9KTM,house,TRUE
01M1PW1530KEBP3BRA1GD52D7V,01M1PVPSFBNZXW40G11G9DGVKY,22,01M1PVVNH6WEMGKMEM2F9XPCJS,White chevron cutout on the inside.,TRUE
01M1PW8ZMXRR8NWNPP2G38HSCR,01M1PVPWZ383HA8RRK2RFSW236,24,01M1PW2K6B8GZQ5Z02B5Q0TB2A,has a white rectangle,TRUE
01M1PW8ZX1EQE634S6VNC58EQT,01M1PVPWZ383HA8RRK2RFSW236,6,01M1PW2K6B8GZQ5Z02B5Q0TB2A,has 4 points to the right,TRUE
01M1PWG1DKK7JK3VFC0994H6G5,01M1PVPY02TEGASTZW7B0B44PE,21,01M1PW1KKGDQJPNSP87YDPE8Y2,S shape with hat on upper,TRUE
01M1PW8ZP0HMDY31F3J69Z71QC,01M1PVPWZ383HA8RRK2RFSW236,47,01M1PVVZ2PG17JJTAZWDXWW3JQ,hexagon with opening,TRUE
01M1PW8ZP0HMDY31F3J69Z71QC,01M1PVPWZ383HA8RRK2RFSW236,47,01M1PW2K6B8GZQ5Z02B5Q0TB2A,stop sign>,FALSE
01M1PW8ZP0HMDY31F3J69Z71QC,01M1PVPWZ383HA8RRK2RFSW236,47,01M1PW2K6B8GZQ5Z02B5Q0TB2A,?,FALSE
01M1PW8ZP0HMDY31F3J69Z71QC,01M1PVPWZ383HA8RRK2RFSW236,47,01M1PVVZ2PG17JJTAZWDXWW3JQ,yeah,TRUE
01M1PW50SW8WB1KNRSYKB5E4KA,01M1PVPVN43CJ2ZQS2FA0GJ1TX,44,01M1PVW97TC4GVFYDVFB1SJ9WH,The rocket ship flying through space.,TRUE
01M1PWBR0V44AASFG0K9BEWQ67,01M1PVPY0135RYKX6QNWJW9HQ7,24,01M1PVW5G591MZ9WXE41XZDX0Y,"three points on top, two on the bottom, void in the middle",TRUE
01M1PW0KKYXG61SAC7YG3YWF3J,01M1PVPSF9NDAT0BF7G6FNHKYQ,40,01M1PVTRYDJNHHT05DKBKN76E5,O and then spikey E,TRUE
01M1PW0X7SJATE9Q2HP17RE53A,01M1PVPSFBNZXW40G11YGR32M6,18,01M1PVVNQ4AT0NRB9TK929QH2E,"arrow, diamond, pocupine",TRUE
01M1PW2VMV91342E44N43S0Q74,01M1PVPTMT2TF5TMW6DY08RG1A,35,01M1PVVTHSCRB56WAFX0KRCSX2,4 triangle peaks,TRUE
01M1PW9DB739RZ4G8Z5FN0YP7E,01M1PVPXF92SZVFC9KB45KHNG3,34,01M1PVVXW244MSV8KK7TFJHPNZ,large m and rectangle cut out,TRUE
01M1PW9DFWMWD4GQ75M1N1W9NN,01M1PVPXF92SZVFC9KB45KHNG3,45,01M1PVVBRZ3YZPYCQZYDADYMR6,mountains,TRUE
01M1PWEJQMDMZMAT1VY2VA6DR3,01M1PVPXF92SZVFC9KBGN1TRXM,26,01M1PVZYRHDVK94JBPD96A2FVY,A block with part of it missing,TRUE
01M1PW41F939EDX95YGSH6BF6E,01M1PVPTMYJEMSH2D4PPK54AQC,27,01M1PVV1FSQ931Q08DC040FF4H,square behind shape arrow pointing out,TRUE
01M1PW5R52ZM05Q7ZZGE6KSBRB,01M1PVPWEGF3RQQ2BZJMHJW5WT,23,01M1PVV9N1B5JSVGVHP53ND1FH,"ship on top, bottom has two legs",TRUE
01M1PW5R52ZM05Q7ZZGE6KSBRB,01M1PVPWEGF3RQQ2BZJMHJW5WT,23,01M1PVZMF178XCTABPVTWNQQ3Q,no shirt at the top,FALSE
01M1PW5R52ZM05Q7ZZGE6KSBRB,01M1PVPWEGF3RQQ2BZJMHJW5WT,23,01M1PVV9N1B5JSVGVHP53ND1FH,the ship with a shape raised on right,TRUE
01M1PW8ZJXB4025RCWEGH2GBGY,01M1PVPWZ383HA8RRK2RFSW236,30,01M1PW2K6B8GZQ5Z02B5Q0TB2A,looks like half a house to the left with sidewalk,TRUE
01M1PW50WTKZHCDHCPEG047XY5,01M1PVPVN43CJ2ZQS2FA0GJ1TX,5,01M1PVW5BM9J57HJX5KJ260RG3,the top has two shapes that look the exact same if you were to split it down the middle. There is a single diamond on the very bottom of the picture,TRUE
01M1PW5R0B2EA921HF37WF4P60,01M1PVPWEGF3RQQ2BZJMHJW5WT,2,01M1PVZMF178XCTABPVTWNQQ3Q,looks like it has 2 legs at the bottom,TRUE
01M1PW5R0B2EA921HF37WF4P60,01M1PVPWEGF3RQQ2BZJMHJW5WT,2,01M1PVZMF178XCTABPVTWNQQ3Q,raised right side,TRUE
01M1PW6KHNP3JSHMS540B5DQ41,01M1PVPWZ82WNHXNHFM772HZSY,40,01M1PVWG3MVC1D7FV8A8CY40QY,horse head looking left,TRUE
01M1PW6Y1Y36APV3R7RWVN6XS5,01M1PVPWEJQS052PE7X7E1TZK9,31,01M1PVVX5KFM5CFX55QQRWNDX8,1 diamond 2 upside down mini triangles,TRUE
01M1PW9D5W47JG81JM3XCZPA0A,01M1PVPXF92SZVFC9KB45KHNG3,18,01M1PVVXW244MSV8KK7TFJHPNZ,mountains on right,TRUE
01M1PWEJ9401PZCS52V8JG00QA,01M1PVPXF92SZVFC9KBGN1TRXM,11,01M1PVVCHSJDKDCMNAX28C9KTM,scorpion with a tail on the left and spikes on the right,TRUE
01M1PWEJCM8FZ2VEFA5R5HXVMP,01M1PVPXF92SZVFC9KBGN1TRXM,31,01M1PVVCHSJDKDCMNAX28C9KTM,heart with gap in middle but NOT a triangle,TRUE
01M1PWGJB5R3583MM4Q2D749RD,01M1PVPXF8XP3FTSCWE2SZ4KAJ,34,01M1PW23TCTCTWR44KF0HW1TG2,3 triangles on the right and a stand at the bottom,TRUE
01M1PW1548S8FCH8F6HZG4HKVA,01M1PVPSFBNZXW40G11G9DGVKY,14,01M1PVVNH6WEMGKMEM2F9XPCJS,Batman again!,TRUE
01M1PW1ZHYNAJ2MJCM742B6D93,01M1PVPTMX8QBBEQ1CAWS8Y65C,1,01M1PVVDJXTQ0S1H8V336MES03,"a half 0 on left, right side is a sideways cup with handle",TRUE
01M1PW514HP6Y93G3JJKCQ8MMN,01M1PVPVN43CJ2ZQS2FA0GJ1TX,29,01M1PVW5BM9J57HJX5KJ260RG3,birdhouse,TRUE
01M1PW6YEKAJ8Q979CPKDC6H6R,01M1PVPWEJQS052PE7X7E1TZK9,43,01M1PVVX5KFM5CFX55QQRWNDX8,Z on legs,TRUE
01M1PW6KKMRYE86ESJ8MJDHR6N,01M1PVPWZ82WNHXNHFM772HZSY,34,01M1PVWG3MVC1D7FV8A8CY40QY,horse head looking to the left,TRUE
01M1PWEJ89A3S664BVNJ6P0TR7,01M1PVPXF92SZVFC9KBGN1TRXM,8,01M1PVZYRHDVK94JBPD96A2FVY,it is like a chunky arrow,TRUE
01M1PWG0YSMM49SE4GKYXZDQ44,01M1PVPY02TEGASTZW7B0B44PE,3,01M1PW1KKGDQJPNSP87YDPE8Y2,triangle on top like a house with arrow bottom,TRUE
01M1PWG123K3G7S1T0B0S2MJX1,01M1PVPY02TEGASTZW7B0B44PE,5,01M1PW1KKGDQJPNSP87YDPE8Y2,s shape,TRUE
01M1PWG123K3G7S1T0B0S2MJX1,01M1PVPY02TEGASTZW7B0B44PE,5,01M1PWAKPMFG2PF8ZD5WBT5ANA,"with t, or with the roof?",FALSE
01M1PWG123K3G7S1T0B0S2MJX1,01M1PVPY02TEGASTZW7B0B44PE,5,01M1PW1KKGDQJPNSP87YDPE8Y2,no,TRUE
01M1PWG123K3G7S1T0B0S2MJX1,01M1PVPY02TEGASTZW7B0B44PE,5,01M1PWAKPMFG2PF8ZD5WBT5ANA,which?,FALSE
01M1PWG123K3G7S1T0B0S2MJX1,01M1PVPY02TEGASTZW7B0B44PE,5,01M1PW1KKGDQJPNSP87YDPE8Y2,roof,TRUE
01M1PW60YPM6V1EJJ8PY1HA3FF,01M1PVPWEFJ67VYTWGSHJ4XJ33,1,01M1PVV71QMXF31FNN88616S34,its got this teax top,TRUE
01M1PW60YPM6V1EJJ8PY1HA3FF,01M1PVPWEFJ67VYTWGSHJ4XJ33,1,01M1PVV71QMXF31FNN88616S34,it looks like the top is texas,TRUE
01M1PW60YPM6V1EJJ8PY1HA3FF,01M1PVPWEFJ67VYTWGSHJ4XJ33,1,01M1PVV71QMXF31FNN88616S34,not the star though,TRUE
01M1PW9D96DQDJ9SA253CVA8X9,01M1PVPXF92SZVFC9KB45KHNG3,29,01M1PVVBRZ3YZPYCQZYDADYMR6,trapazoid cut out,TRUE
01M1PWBQW1XX5151DTGCXMWM58,01M1PVPY0135RYKX6QNWJW9HQ7,36,01M1PVW5G591MZ9WXE41XZDX0Y,mountains,TRUE
01M1PWEJVRJ7XFVMCYKTK51GCC,01M1PVPXF92SZVFC9KBGN1TRXM,44,01M1PVZYRHDVK94JBPD96A2FVY,Flame with triangular base,TRUE
01M1PW6KBNFXS2JSKQ86VDYEW6,01M1PVPWZ82WNHXNHFM772HZSY,5,01M1PVV2HGBFFFP8TQ2JTHYBNF,sideways mountains on a stand,TRUE
01M1PWEJWS8ZYRXCPK1N3P73HM,01M1PVPXF92SZVFC9KBGN1TRXM,47,01M1PVVCHSJDKDCMNAX28C9KTM,flame with flat base not triangle,TRUE
01M1PW2VMRBKEQH07G5YSY12WV,01M1PVPTMT2TF5TMW6DY08RG1A,36,01M1PVVYCG3ZV9Y0QVDS434K08,),TRUE
01M1PW41HWK3MGH6790VFCQPJS,01M1PVPTMYJEMSH2D4PPK54AQC,41,01M1PVV1FSQ931Q08DC040FF4H,dinosaur with large rectangle ship with triangle ends,TRUE
01M1PW510DJJM5D90SY1WHYW89,01M1PVPVN43CJ2ZQS2FA0GJ1TX,1,01M1PVW5BM9J57HJX5KJ260RG3,this look like a sideways M on top of an upside down paper boat,TRUE
01M1PW6KFSZKVVMEDJG8EK7KDW,01M1PVPWZ82WNHXNHFM772HZSY,46,01M1PVWG3MVC1D7FV8A8CY40QY,house on the top left and big squarish block in front of it,TRUE
01M1PWGJ0W7VB5J1WY6DB0PVRR,01M1PVPXF8XP3FTSCWE2SZ4KAJ,12,01M1PW23TCTCTWR44KF0HW1TG2,a stop sign on its side with a short stand on the left there is a square shape,TRUE
