roundID,gameID,phase,trialNum,repNum,targetNum,numTrials,numTrialsPerBlock,setId,target,targetLabel,tangramURLs,displayLabels,response,correct,selection,director,matcher,selectionMadeAt,clickBlockedAt,block
01M1PW3H1BVH859CH4F13X5GKE,01M1PVPVN58XQ8WD43NR9G03HY,training,7,0,8,48,12,6,/tangrams/81_324.png,B3,"[""/tangrams/275_324.png"",""/tangrams/445_264.png"",""/tangrams/81_153.png"",""/tangrams/81_324.png""]","[""A3"",""D1"",""B4"",""B3""]",NA,NA,NA,NA,NA,NA,NA,1
01M1PW3TE4H097H4QPNJZ6PWPG,01M1PVPVN19AKJQXAJWG447XT1,training,27,2,4,48,12,6,/tangrams/81_153.png,B4,"[""/tangrams/275_437.png"",""/tangrams/4_264.png"",""/tangrams/445_324.png"",""/tangrams/81_153.png""]","[""A2"",""C1"",""D3"",""B4""]",/tangrams/81_153.png,TRUE,/tangrams/81_153.png,01M1PVV4T08CWVFCAHVD9FMRR2,01M1PVVZD69SDYBBAB5MDTZSCB,1788549502233,NA,3
01M1PW7ETRJM25XHP1ZNEGJ02T,01M1PVPWZ7KQZN2DHXW0TTKG9P,training,29,2,6,48,12,7,/tangrams/35_447.png,F8,"[""/tangrams/241_420.png"",""/tangrams/35_447.png"",""/tangrams/303_311.png"",""/tangrams/391_404.png""]","[""F2"",""F8"",""B2"",""F5""]",/tangrams/35_447.png,TRUE,/tangrams/35_447.png,01M1PVVTM3JYE18KKXW2DCV15S,01M1PVZ3NBFP4RQAMM34F5EPHD,1788549826038,NA,3
01M1PW7EW0F2MVGTE85DBN23VZ,01M1PVPWZ7KQZN2DHXW0TTKG9P,training,24,2,1,48,12,7,/tangrams/391_404.png,F5,"[""/tangrams/51_378.png"",""/tangrams/391_404.png"",""/tangrams/303_311.png"",""/tangrams/178_230.png""]","[""F4"",""F5"",""B2"",""F3""]",/tangrams/391_404.png,TRUE,/tangrams/391_404.png,01M1PVZ3NBFP4RQAMM34F5EPHD,01M1PVVTM3JYE18KKXW2DCV15S,1788549608123,NA,3
01M1PWEJ7VF7Z534GJ53K731V3,01M1PVPXF92SZVFC9KBGN1TRXM,training,7,0,8,48,12,7,/tangrams/6_304.png,D3,"[""/tangrams/6_304.png"",""/tangrams/183_302.png"",""/tangrams/6_311.png"",""/tangrams/245_304.png""]","[""D3"",""C4"",""D2"",""A3""]",/tangrams/245_304.png,FALSE,/tangrams/245_304.png,01M1PVVCHSJDKDCMNAX28C9KTM,01M1PVZYRHDVK94JBPD96A2FVY,1788549229053,NA,1
01M1PWJSJBPSCE0694GPAPVE3G,01M1PVPY05YMN5QBCZG3YB2C9A,training,21,1,10,48,12,8,/tangrams/353_235.png,B3,"[""/tangrams/265_444.png"",""/tangrams/368_219.png"",""/tangrams/192_436.png"",""/tangrams/353_235.png""]","[""C4"",""A2"",""D1"",""B3""]",NA,NA,NA,NA,NA,NA,NA,2
01M1PW41J09XQVVRHEEKJYC3DA,01M1PVPTMYJEMSH2D4PPK54AQC,training,43,3,8,48,12,5,/tangrams/14_38.png,B2,"[""/tangrams/386_283.png"",""/tangrams/14_38.png"",""/tangrams/391_126.png"",""/tangrams/231_230.png""]","[""F2"",""B2"",""F8"",""F7""]",/tangrams/14_38.png,TRUE,/tangrams/14_38.png,01M1PVV1FSQ931Q08DC040FF4H,01M1PVXZCG5HBAN48J4YM7CT4J,1788549666935,NA,4
01M1PWG1EDNGZSPH6YM5M2AMGN,01M1PVPY02TEGASTZW7B0B44PE,training,19,1,8,48,12,8,/tangrams/265_436.png,C1,"[""/tangrams/265_219.png"",""/tangrams/265_436.png"",""/tangrams/192_436.png"",""/tangrams/368_444.png""]","[""C2"",""C1"",""D1"",""A4""]",/tangrams/265_436.png,TRUE,/tangrams/265_436.png,01M1PW1KKGDQJPNSP87YDPE8Y2,01M1PWAKPMFG2PF8ZD5WBT5ANA,1788550802962,NA,2
01M1PW50ZC0V48Y042F1REB5MV,01M1PVPVN43CJ2ZQS2FA0GJ1TX,training,4,0,5,48,12,6,/tangrams/399_84.png,F2,"[""/tangrams/204_449.png"",""/tangrams/4_324.png"",""/tangrams/399_84.png"",""/tangrams/70_426.png""]","[""F8"",""C3"",""F2"",""F3""]",/tangrams/399_84.png,TRUE,/tangrams/399_84.png,01M1PVW97TC4GVFYDVFB1SJ9WH,01M1PVW5BM9J57HJX5KJ260RG3,1788548449176,NA,1
01M1PW51661HBKZF613B3E0WNK,01M1PVPVN43CJ2ZQS2FA0GJ1TX,training,21,1,10,48,12,6,/tangrams/134_305.png,F5,"[""/tangrams/81_437.png"",""/tangrams/4_324.png"",""/tangrams/204_449.png"",""/tangrams/134_305.png""]","[""B2"",""C3"",""F8"",""F5""]",/tangrams/134_305.png,TRUE,/tangrams/134_305.png,01M1PVW5BM9J57HJX5KJ260RG3,01M1PVW97TC4GVFYDVFB1SJ9WH,1788549159893,NA,2
01M1PWEJS832R4SAG0GCNBTBCB,01M1PVPXF92SZVFC9KBGN1TRXM,training,39,3,4,48,12,7,/tangrams/245_311.png,A2,"[""/tangrams/245_302.png"",""/tangrams/245_311.png"",""/tangrams/183_311.png"",""/tangrams/6_304.png""]","[""A4"",""A2"",""C2"",""D3""]",/tangrams/245_311.png,TRUE,/tangrams/245_311.png,01M1PVVCHSJDKDCMNAX28C9KTM,01M1PVZYRHDVK94JBPD96A2FVY,1788550397068,NA,4
01M1PW1ZH7A88RDWJS42GAGSAN,01M1PVPTMX8QBBEQ1CAWS8Y65C,training,3,0,4,48,12,5,/tangrams/154_38.png,A2,"[""/tangrams/60_38.png"",""/tangrams/154_248.png"",""/tangrams/14_24.png"",""/tangrams/154_38.png""]","[""C2"",""A3"",""B4"",""A2""]",/tangrams/154_38.png,TRUE,/tangrams/154_38.png,01M1PVVDJXTQ0S1H8V336MES03,01M1PVVEHT22G3NCF8EGPQWRYM,1788548968012,NA,1
01M1PW2VR2BZ9SHHY290MRBQZ4,01M1PVPTMT2TF5TMW6DY08RG1A,training,19,1,8,48,12,5,/tangrams/235_38.png,D2,"[""/tangrams/235_38.png"",""/tangrams/14_248.png"",""/tangrams/60_127.png"",""/tangrams/154_24.png""]","[""D2"",""B3"",""C1"",""A4""]",/tangrams/235_38.png,TRUE,/tangrams/235_38.png,01M1PVVTHSCRB56WAFX0KRCSX2,01M1PVVYCG3ZV9Y0QVDS434K08,1788549466246,NA,2
01M1PW3TJFTB00WNGFTA61GQZE,01M1PVPVN19AKJQXAJWG447XT1,training,44,3,9,48,12,6,/tangrams/445_264.png,D1,"[""/tangrams/275_324.png"",""/tangrams/445_264.png"",""/tangrams/81_153.png"",""/tangrams/4_437.png""]","[""A3"",""D1"",""B4"",""C2""]",/tangrams/445_264.png,TRUE,/tangrams/445_264.png,01M1PVVZD69SDYBBAB5MDTZSCB,01M1PVV4T08CWVFCAHVD9FMRR2,1788549785346,NA,4
01M1PW6KQNMQ1XTAEN0FKD1SJK,01M1PVPWZ82WNHXNHFM772HZSY,training,15,1,4,48,12,7,/tangrams/183_302.png,C4,"[""/tangrams/6_304.png"",""/tangrams/245_302.png"",""/tangrams/183_302.png"",""/tangrams/183_24.png""]","[""D3"",""A4"",""C4"",""C1""]",/tangrams/183_302.png,TRUE,/tangrams/183_302.png,01M1PVV2HGBFFFP8TQ2JTHYBNF,01M1PVWG3MVC1D7FV8A8CY40QY,1788549353965,NA,2
01M1PWGJCATE1CDZB0JP4KT7E5,01M1PVPXF8XP3FTSCWE2SZ4KAJ,training,38,3,3,48,12,7,/tangrams/245_311.png,A2,"[""/tangrams/183_302.png"",""/tangrams/6_24.png"",""/tangrams/303_304.png"",""/tangrams/245_311.png""]","[""C4"",""D1"",""B3"",""A2""]",/tangrams/245_311.png,TRUE,/tangrams/245_311.png,01M1PW23TCTCTWR44KF0HW1TG2,01M1PVW253SKBG4X7GTPVKZWRC,1788550439867,NA,4
01M1PW157WMB3XTCPJXYG7RT7S,01M1PVPSFBNZXW40G11G9DGVKY,training,41,3,6,48,12,5,/tangrams/320_326.png,F5,"[""/tangrams/457_208.png"",""/tangrams/337_178.png"",""/tangrams/320_326.png"",""/tangrams/235_24.png""]","[""F4"",""F6"",""F5"",""D4""]",/tangrams/320_326.png,TRUE,/tangrams/320_326.png,01M1PVTZDZSFSRFW0Y011447D5,01M1PVVNH6WEMGKMEM2F9XPCJS,1788549663255,NA,4
01M1PW615DK1V9XPEK8A51RZNP,01M1PVPWEFJ67VYTWGSHJ4XJ33,training,28,2,5,48,12,6,/tangrams/134_305.png,F5,"[""/tangrams/70_426.png"",""/tangrams/204_449.png"",""/tangrams/134_305.png"",""/tangrams/275_264.png""]","[""F3"",""F8"",""F5"",""A1""]",/tangrams/134_305.png,TRUE,/tangrams/134_305.png,01M1PVW7YQ0ZCTA6RRXWJ4B3KT,01M1PVV71QMXF31FNN88616S34,1788549634488,NA,3
01M1PWBQRRZQSCFGR7858AWBKD,01M1PVPY0135RYKX6QNWJW9HQ7,training,2,0,3,48,12,8,/tangrams/447_295.png,F7,"[""/tangrams/368_436.png"",""/tangrams/265_235.png"",""/tangrams/447_295.png"",""/tangrams/353_219.png""]","[""A1"",""C3"",""F7"",""B2""]",/tangrams/447_295.png,TRUE,/tangrams/447_295.png,01M1PVW5G591MZ9WXE41XZDX0Y,01M1PVV5BA5A9YAQJQ9SAGP2BW,1788548589924,NA,1
01M1PWG1JDDZSGA5782V1RSKJC,01M1PVPY02TEGASTZW7B0B44PE,training,11,0,12,48,12,8,/tangrams/353_444.png,B4,"[""/tangrams/265_219.png"",""/tangrams/353_444.png"",""/tangrams/368_444.png"",""/tangrams/353_436.png""]","[""C2"",""B4"",""A4"",""B1""]",/tangrams/353_444.png,TRUE,/tangrams/353_444.png,01M1PW1KKGDQJPNSP87YDPE8Y2,01M1PWAKPMFG2PF8ZD5WBT5ANA,1788550434161,NA,1
01M1PW1ZGMN2DQPWC8GZH415ES,01M1PVPTMX8QBBEQ1CAWS8Y65C,training,9,0,10,48,12,5,/tangrams/235_127.png,D1,"[""/tangrams/235_127.png"",""/tangrams/235_38.png"",""/tangrams/60_127.png"",""/tangrams/154_248.png""]","[""D1"",""D2"",""C1"",""A3""]",/tangrams/235_127.png,TRUE,/tangrams/235_127.png,01M1PVVDJXTQ0S1H8V336MES03,01M1PVVEHT22G3NCF8EGPQWRYM,1788549230511,NA,1
01M1PW3TDSJ50ZQKCNEYFGNQB2,01M1PVPVN19AKJQXAJWG447XT1,training,26,2,3,48,12,6,/tangrams/81_324.png,B3,"[""/tangrams/4_264.png"",""/tangrams/81_324.png"",""/tangrams/275_153.png"",""/tangrams/445_437.png""]","[""C1"",""B3"",""A4"",""D2""]",/tangrams/81_324.png,TRUE,/tangrams/81_324.png,01M1PVVZD69SDYBBAB5MDTZSCB,01M1PVV4T08CWVFCAHVD9FMRR2,1788549476074,NA,3
01M1PW5128R503BCXV9BRHPYDF,01M1PVPVN43CJ2ZQS2FA0GJ1TX,training,35,2,12,48,12,6,/tangrams/399_84.png,F2,"[""/tangrams/134_305.png"",""/tangrams/399_84.png"",""/tangrams/330_144.png"",""/tangrams/81_437.png""]","[""F5"",""F2"",""F6"",""B2""]",/tangrams/399_84.png,TRUE,/tangrams/399_84.png,01M1PVW5BM9J57HJX5KJ260RG3,01M1PVW97TC4GVFYDVFB1SJ9WH,1788549637855,NA,3
01M1PW6143C4P94WE36A0DCZ4R,01M1PVPWEFJ67VYTWGSHJ4XJ33,training,37,3,2,48,12,6,/tangrams/424_432.png,F4,"[""/tangrams/222_36.png"",""/tangrams/399_84.png"",""/tangrams/424_432.png"",""/tangrams/4_324.png""]","[""F7"",""F2"",""F4"",""C3""]",/tangrams/424_432.png,TRUE,/tangrams/424_432.png,01M1PVV71QMXF31FNN88616S34,01M1PVW7YQ0ZCTA6RRXWJ4B3KT,1788549900932,NA,4
01M1PW8ZHPHC9G0KGNPHCJ1RZC,01M1PVPWZ383HA8RRK2RFSW236,training,34,2,11,48,12,7,/tangrams/183_311.png,C2,"[""/tangrams/183_311.png"",""/tangrams/303_24.png"",""/tangrams/6_304.png"",""/tangrams/245_302.png""]","[""C2"",""B1"",""D3"",""A4""]",/tangrams/183_311.png,TRUE,/tangrams/183_311.png,01M1PW2K6B8GZQ5Z02B5Q0TB2A,01M1PVVZ2PG17JJTAZWDXWW3JQ,1788550408391,NA,3
01M1PW2VSG9YNMDVSKFEJ9CJQ4,01M1PVPTMT2TF5TMW6DY08RG1A,training,14,1,3,48,12,5,/tangrams/14_127.png,B1,"[""/tangrams/235_248.png"",""/tangrams/14_127.png"",""/tangrams/154_24.png"",""/tangrams/60_38.png""]","[""D3"",""B1"",""A4"",""C2""]",/tangrams/14_127.png,TRUE,/tangrams/14_127.png,01M1PVVYCG3ZV9Y0QVDS434K08,01M1PVVTHSCRB56WAFX0KRCSX2,1788549359785,NA,2
01M1PW6Y63DD31HJNSDD68BT9N,01M1PVPWEJQS052PE7X7E1TZK9,training,19,1,8,48,12,6,/tangrams/4_153.png,C4,"[""/tangrams/445_324.png"",""/tangrams/4_153.png"",""/tangrams/81_264.png"",""/tangrams/275_437.png""]","[""D3"",""C4"",""B1"",""A2""]",/tangrams/4_153.png,TRUE,/tangrams/4_153.png,01M1PVVX5KFM5CFX55QQRWNDX8,01M1PVW75JX1QRKD2FQCCBJ017,1788548949203,NA,2
01M1PW0KHHQJ2Q16WW2XSW12FK,01M1PVPSF9NDAT0BF7G6FNHKYQ,training,44,3,9,48,12,5,/tangrams/235_38.png,D2,"[""/tangrams/60_127.png"",""/tangrams/14_24.png"",""/tangrams/154_248.png"",""/tangrams/235_38.png""]","[""C1"",""B4"",""A3"",""D2""]",/tangrams/235_38.png,TRUE,/tangrams/235_38.png,01M1PVTRYDJNHHT05DKBKN76E5,01M1PVTG9CCCTFM1SEAAQ81WMP,1788549273618,NA,4
01M1PW41D3CVJV8Z3ZFVWNGWBP,01M1PVPTMYJEMSH2D4PPK54AQC,training,14,1,3,48,12,5,/tangrams/154_127.png,A1,"[""/tangrams/386_283.png"",""/tangrams/411_421.png"",""/tangrams/154_127.png"",""/tangrams/337_178.png""]","[""F2"",""F3"",""A1"",""F6""]",/tangrams/154_127.png,TRUE,/tangrams/154_127.png,01M1PVXZCG5HBAN48J4YM7CT4J,01M1PVV1FSQ931Q08DC040FF4H,1788548869050,NA,2
01M1PW513MTPQWGJN76GTZ32JK,01M1PVPVN43CJ2ZQS2FA0GJ1TX,training,32,2,9,48,12,6,/tangrams/81_437.png,B2,"[""/tangrams/81_437.png"",""/tangrams/330_144.png"",""/tangrams/222_36.png"",""/tangrams/4_324.png""]","[""B2"",""F6"",""F7"",""C3""]",/tangrams/81_437.png,TRUE,/tangrams/81_437.png,01M1PVW97TC4GVFYDVFB1SJ9WH,01M1PVW5BM9J57HJX5KJ260RG3,1788549507684,NA,3
01M1PW5R2DWVZYWNGBXCDVMWTV,01M1PVPWEGF3RQQ2BZJMHJW5WT,training,10,0,11,48,12,6,/tangrams/81_324.png,B3,"[""/tangrams/445_437.png"",""/tangrams/81_153.png"",""/tangrams/81_324.png"",""/tangrams/275_324.png""]","[""D2"",""B4"",""B3"",""A3""]",/tangrams/81_324.png,TRUE,/tangrams/81_324.png,01M1PVZMF178XCTABPVTWNQQ3Q,01M1PVV9N1B5JSVGVHP53ND1FH,1788549285416,NA,1
01M1PW1ZGYFPAW1Y36TR9R73S9,01M1PVPTMX8QBBEQ1CAWS8Y65C,training,6,0,7,48,12,5,/tangrams/60_24.png,C4,"[""/tangrams/60_24.png"",""/tangrams/60_38.png"",""/tangrams/235_127.png"",""/tangrams/154_24.png""]","[""C4"",""C2"",""D1"",""A4""]",/tangrams/154_24.png,FALSE,/tangrams/154_24.png,01M1PVVEHT22G3NCF8EGPQWRYM,01M1PVVDJXTQ0S1H8V336MES03,1788549111236,NA,1
01M1PW1ZKX29C43BN004ZHPPPS,01M1PVPTMX8QBBEQ1CAWS8Y65C,training,33,2,10,48,12,5,/tangrams/154_24.png,A4,"[""/tangrams/154_24.png"",""/tangrams/235_38.png"",""/tangrams/60_24.png"",""/tangrams/154_248.png""]","[""A4"",""D2"",""C4"",""A3""]",/tangrams/154_24.png,TRUE,/tangrams/154_24.png,01M1PVVDJXTQ0S1H8V336MES03,01M1PVVEHT22G3NCF8EGPQWRYM,1788549955154,NA,3
01M1PW9CSJ2491ZSXXJ5QQFS40,01M1PVPXF92SZVFC9KB45KHNG3,training,3,0,4,48,12,7,/tangrams/286_225.png,F6,"[""/tangrams/391_404.png"",""/tangrams/383_160.png"",""/tangrams/303_311.png"",""/tangrams/286_225.png""]","[""F5"",""F7"",""B2"",""F6""]",/tangrams/286_225.png,TRUE,/tangrams/286_225.png,01M1PVVBRZ3YZPYCQZYDADYMR6,01M1PVVXW244MSV8KK7TFJHPNZ,1788548590347,NA,1
01M1PWG1B3ZHD5Y2W1KH97RM2W,01M1PVPY02TEGASTZW7B0B44PE,training,27,2,4,48,12,8,/tangrams/368_235.png,A3,"[""/tangrams/368_219.png"",""/tangrams/265_444.png"",""/tangrams/368_235.png"",""/tangrams/192_235.png""]","[""A2"",""C4"",""A3"",""D3""]",/tangrams/368_235.png,TRUE,/tangrams/368_235.png,01M1PW1KKGDQJPNSP87YDPE8Y2,01M1PWAKPMFG2PF8ZD5WBT5ANA,1788551120008,NA,3
01M1PW3H2CEM5MVXSCJBBAPA34,01M1PVPVN58XQ8WD43NR9G03HY,training,3,0,4,48,12,6,/tangrams/275_324.png,A3,"[""/tangrams/445_324.png"",""/tangrams/4_264.png"",""/tangrams/275_324.png"",""/tangrams/275_153.png""]","[""D3"",""C1"",""A3"",""A4""]",NA,FALSE,NA,01M1PVY5V93JDTFCY85HPV0HXQ,01M1PVZR164ZTSKRVMJWDDBWRY,NA,NA,1
01M1PW9D1SSPFYC7ES25ZEZBH5,01M1PVPXF92SZVFC9KB45KHNG3,training,13,1,2,48,12,7,/tangrams/51_378.png,F4,"[""/tangrams/35_447.png"",""/tangrams/241_420.png"",""/tangrams/51_378.png"",""/tangrams/178_230.png""]","[""F8"",""F2"",""F4"",""F3""]",/tangrams/51_378.png,TRUE,/tangrams/51_378.png,01M1PVVBRZ3YZPYCQZYDADYMR6,01M1PVVXW244MSV8KK7TFJHPNZ,1788548865854,NA,2
01M1PW0KJ2K3TTVHFKJFW8SGHF,01M1PVPSF9NDAT0BF7G6FNHKYQ,training,28,2,5,48,12,5,/tangrams/14_127.png,B1,"[""/tangrams/14_127.png"",""/tangrams/60_38.png"",""/tangrams/235_248.png"",""/tangrams/154_24.png""]","[""B1"",""C2"",""D3"",""A4""]",/tangrams/14_127.png,TRUE,/tangrams/14_127.png,01M1PVTRYDJNHHT05DKBKN76E5,01M1PVTG9CCCTFM1SEAAQ81WMP,1788548913135,NA,3
01M1PW1ZGGXX1NZ6P5PHKWNFS1,01M1PVPTMX8QBBEQ1CAWS8Y65C,training,11,0,12,48,12,5,/tangrams/14_127.png,B1,"[""/tangrams/154_24.png"",""/tangrams/14_248.png"",""/tangrams/14_127.png"",""/tangrams/60_127.png""]","[""A4"",""B3"",""B1"",""C1""]",/tangrams/60_127.png,FALSE,/tangrams/60_127.png,01M1PVVDJXTQ0S1H8V336MES03,01M1PVVEHT22G3NCF8EGPQWRYM,1788549317950,NA,1
01M1PWBQVHMQNV1BZX6CFWCGPT,01M1PVPY0135RYKX6QNWJW9HQ7,training,37,3,2,48,12,8,/tangrams/265_235.png,C3,"[""/tangrams/265_235.png"",""/tangrams/414_365.png"",""/tangrams/277_238.png"",""/tangrams/368_436.png""]","[""C3"",""F6"",""F8"",""A1""]",/tangrams/265_235.png,TRUE,/tangrams/265_235.png,01M1PVV5BA5A9YAQJQ9SAGP2BW,01M1PVW5G591MZ9WXE41XZDX0Y,1788549458617,NA,4
01M1PWJSYVZ61ZC0T1CAZVCG6K,01M1PVPY05YMN5QBCZG3YB2C9A,training,41,3,6,48,12,8,/tangrams/192_235.png,D3,"[""/tangrams/353_436.png"",""/tangrams/265_219.png"",""/tangrams/192_235.png"",""/tangrams/368_444.png""]","[""B1"",""C2"",""D3"",""A4""]",NA,NA,NA,NA,NA,NA,NA,4
01M1PW5R26Q3GN3R7VPQKFBHSR,01M1PVPWEGF3RQQ2BZJMHJW5WT,training,9,0,10,48,12,6,/tangrams/275_437.png,A2,"[""/tangrams/445_437.png"",""/tangrams/275_437.png"",""/tangrams/275_324.png"",""/tangrams/4_153.png""]","[""D2"",""A2"",""A3"",""C4""]",/tangrams/275_437.png,TRUE,/tangrams/275_437.png,01M1PVV9N1B5JSVGVHP53ND1FH,01M1PVZMF178XCTABPVTWNQQ3Q,1788549252104,NA,1
01M1PW6KH51Q2CQT15A1T3PSME,01M1PVPWZ82WNHXNHFM772HZSY,training,42,3,7,48,12,7,/tangrams/183_24.png,C1,"[""/tangrams/6_24.png"",""/tangrams/245_311.png"",""/tangrams/183_24.png"",""/tangrams/183_302.png""]","[""D1"",""A2"",""C1"",""C4""]",/tangrams/183_24.png,TRUE,/tangrams/183_24.png,01M1PVWG3MVC1D7FV8A8CY40QY,01M1PVV2HGBFFFP8TQ2JTHYBNF,1788550173271,NA,4
01M1PW156XX1DPMVCA6JP5BED3,01M1PVPSFBNZXW40G11G9DGVKY,training,28,2,5,48,12,5,/tangrams/321_445.png,F1,"[""/tangrams/14_38.png"",""/tangrams/321_445.png"",""/tangrams/386_283.png"",""/tangrams/411_421.png""]","[""B2"",""F1"",""F2"",""F3""]",/tangrams/321_445.png,TRUE,/tangrams/321_445.png,01M1PVVNH6WEMGKMEM2F9XPCJS,01M1PVTZDZSFSRFW0Y011447D5,1788549307058,NA,3
01M1PW3T85NB5792D0X26QTT4R,01M1PVPVN19AKJQXAJWG447XT1,training,6,0,7,48,12,6,/tangrams/275_437.png,A2,"[""/tangrams/275_437.png"",""/tangrams/4_264.png"",""/tangrams/81_153.png"",""/tangrams/445_324.png""]","[""A2"",""C1"",""B4"",""D3""]",/tangrams/275_437.png,TRUE,/tangrams/275_437.png,01M1PVVZD69SDYBBAB5MDTZSCB,01M1PVV4T08CWVFCAHVD9FMRR2,1788548954707,NA,1
01M1PW515GC96DRCYHXR4DS7CH,01M1PVPVN43CJ2ZQS2FA0GJ1TX,training,24,2,1,48,12,6,/tangrams/70_426.png,F3,"[""/tangrams/384_354.png"",""/tangrams/70_426.png"",""/tangrams/330_144.png"",""/tangrams/424_432.png""]","[""F1"",""F3"",""F6"",""F4""]",/tangrams/70_426.png,TRUE,/tangrams/70_426.png,01M1PVW97TC4GVFYDVFB1SJ9WH,01M1PVW5BM9J57HJX5KJ260RG3,1788549261992,NA,3
01M1PW6XXV2D4QN77BZGJT9A1M,01M1PVPWEJQS052PE7X7E1TZK9,training,1,0,2,48,12,6,/tangrams/4_153.png,C4,"[""/tangrams/81_264.png"",""/tangrams/275_324.png"",""/tangrams/4_153.png"",""/tangrams/445_437.png""]","[""B1"",""A3"",""C4"",""D2""]",/tangrams/4_153.png,TRUE,/tangrams/4_153.png,01M1PVVX5KFM5CFX55QQRWNDX8,01M1PVW75JX1QRKD2FQCCBJ017,1788548567539,NA,1
01M1PW7EV02T3BG8SKC7QF2PNC,01M1PVPWZ7KQZN2DHXW0TTKG9P,training,28,2,5,48,12,7,/tangrams/383_160.png,F7,"[""/tangrams/383_160.png"",""/tangrams/245_24.png"",""/tangrams/241_420.png"",""/tangrams/35_447.png""]","[""F7"",""A1"",""F2"",""F8""]",/tangrams/383_160.png,TRUE,/tangrams/383_160.png,01M1PVZ3NBFP4RQAMM34F5EPHD,01M1PVVTM3JYE18KKXW2DCV15S,1788549791200,NA,3
01M1PW1ZJSQSNWG17YX6JSJ8C6,01M1PVPTMX8QBBEQ1CAWS8Y65C,training,0,0,1,48,12,5,/tangrams/154_24.png,A4,"[""/tangrams/154_24.png"",""/tangrams/14_24.png"",""/tangrams/60_127.png"",""/tangrams/154_38.png""]","[""A4"",""B4"",""C1"",""A2""]",/tangrams/154_38.png,FALSE,/tangrams/154_38.png,01M1PVVEHT22G3NCF8EGPQWRYM,01M1PVVDJXTQ0S1H8V336MES03,1788548827652,NA,1
01M1PW6KP4GGB8NEC20CKSRX2Y,01M1PVPWZ82WNHXNHFM772HZSY,training,18,1,7,48,12,7,/tangrams/245_311.png,A2,"[""/tangrams/6_311.png"",""/tangrams/245_302.png"",""/tangrams/245_311.png"",""/tangrams/303_24.png""]","[""D2"",""A4"",""A2"",""B1""]",/tangrams/245_311.png,TRUE,/tangrams/245_311.png,01M1PVWG3MVC1D7FV8A8CY40QY,01M1PVV2HGBFFFP8TQ2JTHYBNF,1788549447978,NA,2
01M1PW9D1AZSXKTB61XXZ2ESP1,01M1PVPXF92SZVFC9KB45KHNG3,training,12,1,1,48,12,7,/tangrams/178_230.png,F3,"[""/tangrams/245_24.png"",""/tangrams/286_225.png"",""/tangrams/178_230.png"",""/tangrams/183_304.png""]","[""A1"",""F6"",""F3"",""C3""]",/tangrams/178_230.png,TRUE,/tangrams/178_230.png,01M1PVVXW244MSV8KK7TFJHPNZ,01M1PVVBRZ3YZPYCQZYDADYMR6,1788548844176,NA,2
01M1PWGHYPVJ8TZDBPH0382NJ2,01M1PVPXF8XP3FTSCWE2SZ4KAJ,training,7,0,8,48,12,7,/tangrams/303_304.png,B3,"[""/tangrams/183_24.png"",""/tangrams/245_302.png"",""/tangrams/303_304.png"",""/tangrams/6_311.png""]","[""C1"",""A4"",""B3"",""D2""]",/tangrams/303_304.png,TRUE,/tangrams/303_304.png,01M1PVW253SKBG4X7GTPVKZWRC,01M1PW23TCTCTWR44KF0HW1TG2,1788549401609,NA,1
01M1PW2VN7R3FH25H0BDA468PQ,01M1PVPTMT2TF5TMW6DY08RG1A,training,33,2,10,48,12,5,/tangrams/154_38.png,A2,"[""/tangrams/60_24.png"",""/tangrams/14_127.png"",""/tangrams/154_38.png"",""/tangrams/235_248.png""]","[""C4"",""B1"",""A2"",""D3""]",/tangrams/154_38.png,TRUE,/tangrams/154_38.png,01M1PVVTHSCRB56WAFX0KRCSX2,01M1PVVYCG3ZV9Y0QVDS434K08,1788549716458,NA,3
01M1PW3GRB6B2ZPQ9YXV86G1FY,01M1PVPVN58XQ8WD43NR9G03HY,training,42,3,7,48,12,6,/tangrams/275_153.png,A4,"[""/tangrams/4_153.png"",""/tangrams/445_324.png"",""/tangrams/275_437.png"",""/tangrams/275_153.png""]","[""C4"",""D3"",""A2"",""A4""]",NA,NA,NA,NA,NA,NA,NA,4
01M1PW3GV6MDPHDAWYR49FGTNV,01M1PVPVN58XQ8WD43NR9G03HY,training,28,2,5,48,12,6,/tangrams/445_264.png,D1,"[""/tangrams/445_324.png"",""/tangrams/275_437.png"",""/tangrams/445_264.png"",""/tangrams/81_264.png""]","[""D3"",""A2"",""D1"",""B1""]",NA,NA,NA,NA,NA,NA,NA,3
01M1PW3H1PDGYQRX71NXAD5P05,01M1PVPVN58XQ8WD43NR9G03HY,training,5,0,6,48,12,6,/tangrams/4_437.png,C2,"[""/tangrams/4_437.png"",""/tangrams/81_264.png"",""/tangrams/4_153.png"",""/tangrams/275_437.png""]","[""C2"",""B1"",""C4"",""A2""]",NA,NA,NA,NA,NA,NA,NA,1
01M1PW6Y7803NYNZ7ZBYRFMPY7,01M1PVPWEJQS052PE7X7E1TZK9,training,22,1,11,48,12,6,/tangrams/81_324.png,B3,"[""/tangrams/81_324.png"",""/tangrams/4_264.png"",""/tangrams/275_153.png"",""/tangrams/445_437.png""]","[""B3"",""C1"",""A4"",""D2""]",/tangrams/81_324.png,TRUE,/tangrams/81_324.png,01M1PVW75JX1QRKD2FQCCBJ017,01M1PVVX5KFM5CFX55QQRWNDX8,1788549009461,NA,2
01M1PW7F3AKQ293F1CKS9A2KNQ,01M1PVPWZ7KQZN2DHXW0TTKG9P,training,1,0,2,48,12,7,/tangrams/245_24.png,A1,"[""/tangrams/241_420.png"",""/tangrams/245_24.png"",""/tangrams/35_447.png"",""/tangrams/286_225.png""]","[""F2"",""A1"",""F8"",""F6""]",/tangrams/245_24.png,TRUE,/tangrams/245_24.png,01M1PVVTM3JYE18KKXW2DCV15S,01M1PVZ3NBFP4RQAMM34F5EPHD,1788548529948,NA,1
01M1PWBR47XM1KDRBJ6ZES32JW,01M1PVPY0135RYKX6QNWJW9HQ7,training,16,1,5,48,12,8,/tangrams/194_445.png,F3,"[""/tangrams/414_365.png"",""/tangrams/194_445.png"",""/tangrams/371_100.png"",""/tangrams/353_219.png""]","[""F6"",""F3"",""F1"",""B2""]",/tangrams/194_445.png,TRUE,/tangrams/194_445.png,01M1PVW5G591MZ9WXE41XZDX0Y,01M1PVV5BA5A9YAQJQ9SAGP2BW,1788548999599,NA,2
01M1PWGJ76Y89TQKGTM295MXHF,01M1PVPXF8XP3FTSCWE2SZ4KAJ,training,25,2,2,48,12,7,/tangrams/183_24.png,C1,"[""/tangrams/245_304.png"",""/tangrams/6_311.png"",""/tangrams/183_24.png"",""/tangrams/303_302.png""]","[""A3"",""D2"",""C1"",""B4""]",/tangrams/183_24.png,TRUE,/tangrams/183_24.png,01M1PVW253SKBG4X7GTPVKZWRC,01M1PW23TCTCTWR44KF0HW1TG2,1788550050182,NA,3
01M1PW1ZM9BWE6SVTGDB3BHYVS,01M1PVPTMX8QBBEQ1CAWS8Y65C,training,30,2,7,48,12,5,/tangrams/235_127.png,D1,"[""/tangrams/235_248.png"",""/tangrams/14_127.png"",""/tangrams/60_38.png"",""/tangrams/235_127.png""]","[""D3"",""B1"",""C2"",""D1""]",/tangrams/235_127.png,TRUE,/tangrams/235_127.png,01M1PVVEHT22G3NCF8EGPQWRYM,01M1PVVDJXTQ0S1H8V336MES03,1788549901819,NA,3
01M1PW3GSZDY5JWTMKJ6CS1926,01M1PVPVN58XQ8WD43NR9G03HY,training,32,2,9,48,12,6,/tangrams/4_153.png,C4,"[""/tangrams/4_264.png"",""/tangrams/4_153.png"",""/tangrams/445_324.png"",""/tangrams/81_153.png""]","[""C1"",""C4"",""D3"",""B4""]",NA,NA,NA,NA,NA,NA,NA,3
01M1PW8ZQ97V90NAKRWWHZHDSX,01M1PVPWZ383HA8RRK2RFSW236,training,44,3,9,48,12,7,/tangrams/245_311.png,A2,"[""/tangrams/303_24.png"",""/tangrams/183_302.png"",""/tangrams/6_304.png"",""/tangrams/245_311.png""]","[""B1"",""C4"",""D3"",""A2""]",/tangrams/245_311.png,TRUE,/tangrams/245_311.png,01M1PW2K6B8GZQ5Z02B5Q0TB2A,01M1PVVZ2PG17JJTAZWDXWW3JQ,1788550611140,NA,4
01M1PW153BMSS0HK1QHFAEKCB6,01M1PVPSFBNZXW40G11G9DGVKY,training,5,0,6,48,12,5,/tangrams/235_24.png,D4,"[""/tangrams/321_445.png"",""/tangrams/235_24.png"",""/tangrams/320_326.png"",""/tangrams/337_178.png""]","[""F1"",""D4"",""F5"",""F6""]",/tangrams/235_24.png,TRUE,/tangrams/235_24.png,01M1PVTZDZSFSRFW0Y011447D5,01M1PVVNH6WEMGKMEM2F9XPCJS,1788548544431,NA,1
01M1PW1ZF2G5GVSX3K50NWM457,01M1PVPTMX8QBBEQ1CAWS8Y65C,training,13,1,2,48,12,5,/tangrams/14_127.png,B1,"[""/tangrams/14_248.png"",""/tangrams/235_38.png"",""/tangrams/60_127.png"",""/tangrams/14_127.png""]","[""B3"",""D2"",""C1"",""B1""]",/tangrams/14_127.png,TRUE,/tangrams/14_127.png,01M1PVVDJXTQ0S1H8V336MES03,01M1PVVEHT22G3NCF8EGPQWRYM,1788549375456,NA,2
01M1PW41BDQAHSTGNAWP8CQJB6,01M1PVPTMYJEMSH2D4PPK54AQC,training,20,1,9,48,12,5,/tangrams/411_421.png,F3,"[""/tangrams/411_421.png"",""/tangrams/14_38.png"",""/tangrams/386_283.png"",""/tangrams/337_178.png""]","[""F3"",""B2"",""F2"",""F6""]",/tangrams/411_421.png,TRUE,/tangrams/411_421.png,01M1PVXZCG5HBAN48J4YM7CT4J,01M1PVV1FSQ931Q08DC040FF4H,1788549032540,NA,2
01M1PW7F5V89QSAG5VJBKY52YH,01M1PVPWZ7KQZN2DHXW0TTKG9P,training,10,0,11,48,12,7,/tangrams/303_311.png,B2,"[""/tangrams/183_304.png"",""/tangrams/383_160.png"",""/tangrams/178_230.png"",""/tangrams/303_311.png""]","[""C3"",""F7"",""F3"",""B2""]",/tangrams/303_311.png,TRUE,/tangrams/303_311.png,01M1PVZ3NBFP4RQAMM34F5EPHD,01M1PVVTM3JYE18KKXW2DCV15S,1788548985620,NA,1
01M1PW0X811RCBXMKY4WD5H2VC,01M1PVPSFBNZXW40G11YGR32M6,training,42,3,7,48,12,5,/tangrams/235_248.png,D3,"[""/tangrams/235_248.png"",""/tangrams/60_24.png"",""/tangrams/154_248.png"",""/tangrams/235_38.png""]","[""D3"",""C4"",""A3"",""D2""]",/tangrams/235_248.png,TRUE,/tangrams/235_248.png,01M1PVVNQ4AT0NRB9TK929QH2E,01M1PVTRWTPC40C0HPR8RXXWTF,1788549145727,NA,4
01M1PW1524WWCMZHCP91D6MEFA,01M1PVPSFBNZXW40G11G9DGVKY,training,6,0,7,48,12,5,/tangrams/411_421.png,F3,"[""/tangrams/321_445.png"",""/tangrams/411_421.png"",""/tangrams/14_38.png"",""/tangrams/235_24.png""]","[""F1"",""F3"",""B2"",""D4""]",/tangrams/411_421.png,TRUE,/tangrams/411_421.png,01M1PVVNH6WEMGKMEM2F9XPCJS,01M1PVTZDZSFSRFW0Y011447D5,1788548578186,NA,1
01M1PW6149MQVB6PFYF6R20Z6B,01M1PVPWEFJ67VYTWGSHJ4XJ33,training,47,3,12,48,12,6,/tangrams/384_354.png,F1,"[""/tangrams/70_426.png"",""/tangrams/384_354.png"",""/tangrams/445_153.png"",""/tangrams/330_144.png""]","[""F3"",""F1"",""D4"",""F6""]",/tangrams/384_354.png,TRUE,/tangrams/384_354.png,01M1PVV71QMXF31FNN88616S34,01M1PVW7YQ0ZCTA6RRXWJ4B3KT,1788550225744,NA,4
01M1PW8ZNKRA4NN26B60ZE91NZ,01M1PVPWZ383HA8RRK2RFSW236,training,22,1,11,48,12,7,/tangrams/303_24.png,B1,"[""/tangrams/183_302.png"",""/tangrams/303_24.png"",""/tangrams/6_304.png"",""/tangrams/245_311.png""]","[""C4"",""B1"",""D3"",""A2""]",/tangrams/303_24.png,TRUE,/tangrams/303_24.png,01M1PW2K6B8GZQ5Z02B5Q0TB2A,01M1PVVZ2PG17JJTAZWDXWW3JQ,1788550073324,NA,2
01M1PWEJRBE3NMG2Q66CCWZQWM,01M1PVPXF92SZVFC9KBGN1TRXM,training,41,3,6,48,12,7,/tangrams/303_302.png,B4,"[""/tangrams/245_302.png"",""/tangrams/303_24.png"",""/tangrams/303_302.png"",""/tangrams/183_311.png""]","[""A4"",""B1"",""B4"",""C2""]",/tangrams/303_302.png,TRUE,/tangrams/303_302.png,01M1PVVCHSJDKDCMNAX28C9KTM,01M1PVZYRHDVK94JBPD96A2FVY,1788550430987,NA,4
01M1PW7EST9D7CFQ2VSTZDQHDG,01M1PVPWZ7KQZN2DHXW0TTKG9P,training,17,1,6,48,12,7,/tangrams/6_302.png,D4,"[""/tangrams/6_302.png"",""/tangrams/383_160.png"",""/tangrams/391_404.png"",""/tangrams/183_304.png""]","[""D4"",""F7"",""F5"",""C3""]",/tangrams/183_304.png,FALSE,/tangrams/183_304.png,01M1PVVTM3JYE18KKXW2DCV15S,01M1PVZ3NBFP4RQAMM34F5EPHD,1788549302089,NA,2
01M1PW9DA7DBD5AVRTCJ4ZGMB4,01M1PVPXF92SZVFC9KB45KHNG3,training,32,2,9,48,12,7,/tangrams/183_304.png,C3,"[""/tangrams/35_447.png"",""/tangrams/183_304.png"",""/tangrams/51_378.png"",""/tangrams/340_29.png""]","[""F8"",""C3"",""F4"",""F1""]",/tangrams/183_304.png,TRUE,/tangrams/183_304.png,01M1PVVXW244MSV8KK7TFJHPNZ,01M1PVVBRZ3YZPYCQZYDADYMR6,1788549223007,NA,3
01M1PW2VPR52NRHHX9MEZTCCTA,01M1PVPTMT2TF5TMW6DY08RG1A,training,22,1,11,48,12,5,/tangrams/235_127.png,D1,"[""/tangrams/235_127.png"",""/tangrams/154_24.png"",""/tangrams/60_38.png"",""/tangrams/14_248.png""]","[""D1"",""A4"",""C2"",""B3""]",/tangrams/235_127.png,TRUE,/tangrams/235_127.png,01M1PVVYCG3ZV9Y0QVDS434K08,01M1PVVTHSCRB56WAFX0KRCSX2,1788549519732,NA,2
01M1PW50YPDVPTM57MA2FPA9XA,01M1PVPVN43CJ2ZQS2FA0GJ1TX,training,15,1,4,48,12,6,/tangrams/424_432.png,F4,"[""/tangrams/399_84.png"",""/tangrams/330_144.png"",""/tangrams/384_354.png"",""/tangrams/424_432.png""]","[""F2"",""F6"",""F1"",""F4""]",/tangrams/424_432.png,TRUE,/tangrams/424_432.png,01M1PVW5BM9J57HJX5KJ260RG3,01M1PVW97TC4GVFYDVFB1SJ9WH,1788548910851,NA,2
01M1PWBQZDXWQR5ZQ89XC71WS9,01M1PVPY0135RYKX6QNWJW9HQ7,training,29,2,6,48,12,8,/tangrams/265_235.png,C3,"[""/tangrams/265_235.png"",""/tangrams/414_365.png"",""/tangrams/311_205.png"",""/tangrams/447_295.png""]","[""C3"",""F6"",""F4"",""F7""]",/tangrams/265_235.png,TRUE,/tangrams/265_235.png,01M1PVV5BA5A9YAQJQ9SAGP2BW,01M1PVW5G591MZ9WXE41XZDX0Y,1788549309713,NA,3
01M1PW3T6J85YXDTZTRD3CRXJD,01M1PVPVN19AKJQXAJWG447XT1,training,0,0,1,48,12,6,/tangrams/4_437.png,C2,"[""/tangrams/81_324.png"",""/tangrams/275_153.png"",""/tangrams/445_264.png"",""/tangrams/4_437.png""]","[""B3"",""A4"",""D1"",""C2""]",/tangrams/4_437.png,TRUE,/tangrams/4_437.png,01M1PVVZD69SDYBBAB5MDTZSCB,01M1PVV4T08CWVFCAHVD9FMRR2,1788548773219,NA,1
01M1PW9CY1V4XSG4SCFC6RZCS5,01M1PVPXF92SZVFC9KB45KHNG3,training,10,0,11,48,12,7,/tangrams/383_160.png,F7,"[""/tangrams/303_311.png"",""/tangrams/178_230.png"",""/tangrams/383_160.png"",""/tangrams/6_302.png""]","[""B2"",""F3"",""F7"",""D4""]",/tangrams/383_160.png,TRUE,/tangrams/383_160.png,01M1PVVXW244MSV8KK7TFJHPNZ,01M1PVVBRZ3YZPYCQZYDADYMR6,1788548783834,NA,1
01M1PWEJDHZM2HGZX942RSW3AM,01M1PVPXF92SZVFC9KBGN1TRXM,training,33,2,10,48,12,7,/tangrams/6_311.png,D2,"[""/tangrams/6_311.png"",""/tangrams/245_304.png"",""/tangrams/183_311.png"",""/tangrams/6_24.png""]","[""D2"",""A3"",""C2"",""D1""]",/tangrams/6_311.png,TRUE,/tangrams/6_311.png,01M1PVVCHSJDKDCMNAX28C9KTM,01M1PVZYRHDVK94JBPD96A2FVY,1788550209402,NA,3
01M1PW3GQPBMMDYVF9V805FTMX,01M1PVPVN58XQ8WD43NR9G03HY,training,47,3,12,48,12,6,/tangrams/4_437.png,C2,"[""/tangrams/4_264.png"",""/tangrams/445_437.png"",""/tangrams/4_437.png"",""/tangrams/275_324.png""]","[""C1"",""D2"",""C2"",""A3""]",NA,NA,NA,NA,NA,NA,NA,4
01M1PW6KMY7XWG2SVM2KJZ0KNB,01M1PVPWZ82WNHXNHFM772HZSY,training,30,2,7,48,12,7,/tangrams/303_24.png,B1,"[""/tangrams/245_302.png"",""/tangrams/303_24.png"",""/tangrams/303_304.png"",""/tangrams/183_24.png""]","[""A4"",""B1"",""B3"",""C1""]",/tangrams/303_24.png,TRUE,/tangrams/303_24.png,01M1PVWG3MVC1D7FV8A8CY40QY,01M1PVV2HGBFFFP8TQ2JTHYBNF,1788549869605,NA,3
01M1PWBR6P9X0KKEKBMJD875ER,01M1PVPY0135RYKX6QNWJW9HQ7,training,10,0,11,48,12,8,/tangrams/414_365.png,F6,"[""/tangrams/101_61.png"",""/tangrams/414_365.png"",""/tangrams/311_205.png"",""/tangrams/447_295.png""]","[""F2"",""F6"",""F4"",""F7""]",/tangrams/414_365.png,TRUE,/tangrams/414_365.png,01M1PVW5G591MZ9WXE41XZDX0Y,01M1PVV5BA5A9YAQJQ9SAGP2BW,1788548832029,NA,1
01M1PW5R57WACGSW5HWB2ANBDZ,01M1PVPWEGF3RQQ2BZJMHJW5WT,training,24,2,1,48,12,6,/tangrams/4_437.png,C2,"[""/tangrams/81_324.png"",""/tangrams/275_437.png"",""/tangrams/4_437.png"",""/tangrams/4_264.png""]","[""B3"",""A2"",""C2"",""C1""]",/tangrams/4_437.png,TRUE,/tangrams/4_437.png,01M1PVZMF178XCTABPVTWNQQ3Q,01M1PVV9N1B5JSVGVHP53ND1FH,1788549819332,NA,3
01M1PW6Y4JS4XE7K4P9SNN4HCR,01M1PVPWEJQS052PE7X7E1TZK9,training,15,1,4,48,12,6,/tangrams/4_264.png,C1,"[""/tangrams/445_324.png"",""/tangrams/4_264.png"",""/tangrams/81_153.png"",""/tangrams/275_437.png""]","[""D3"",""C1"",""B4"",""A2""]",/tangrams/4_264.png,TRUE,/tangrams/4_264.png,01M1PVVX5KFM5CFX55QQRWNDX8,01M1PVW75JX1QRKD2FQCCBJ017,1788548884867,NA,2
01M1PWEJBE23WEHV3YEEYMT2XT,01M1PVPXF92SZVFC9KBGN1TRXM,training,30,2,7,48,12,7,/tangrams/183_302.png,C4,"[""/tangrams/183_311.png"",""/tangrams/245_304.png"",""/tangrams/183_302.png"",""/tangrams/303_302.png""]","[""C2"",""A3"",""C4"",""B4""]",/tangrams/183_302.png,TRUE,/tangrams/183_302.png,01M1PVZYRHDVK94JBPD96A2FVY,01M1PVVCHSJDKDCMNAX28C9KTM,1788550122498,NA,3
01M1PWG12PRDA5J6EX24CDYVP5,01M1PVPY02TEGASTZW7B0B44PE,training,47,3,12,48,12,8,/tangrams/192_436.png,D1,"[""/tangrams/192_436.png"",""/tangrams/265_436.png"",""/tangrams/192_219.png"",""/tangrams/368_235.png""]","[""D1"",""C1"",""D2"",""A3""]",/tangrams/192_436.png,TRUE,/tangrams/192_436.png,01M1PW1KKGDQJPNSP87YDPE8Y2,01M1PWAKPMFG2PF8ZD5WBT5ANA,1788551785408,NA,4
01M1PW2VSRT9FC5GEHRVY7X4RV,01M1PVPTMT2TF5TMW6DY08RG1A,training,43,3,8,48,12,5,/tangrams/60_24.png,C4,"[""/tangrams/235_38.png"",""/tangrams/14_127.png"",""/tangrams/60_24.png"",""/tangrams/154_248.png""]","[""D2"",""B1"",""C4"",""A3""]",/tangrams/60_24.png,TRUE,/tangrams/60_24.png,01M1PVVTHSCRB56WAFX0KRCSX2,01M1PVVYCG3ZV9Y0QVDS434K08,1788549873714,NA,4
01M1PW610EATSK5CXQFJ2N53G1,01M1PVPWEFJ67VYTWGSHJ4XJ33,training,9,0,10,48,12,6,/tangrams/445_153.png,D4,"[""/tangrams/445_153.png"",""/tangrams/424_432.png"",""/tangrams/275_264.png"",""/tangrams/4_324.png""]","[""D4"",""F4"",""A1"",""C3""]",/tangrams/445_153.png,TRUE,/tangrams/445_153.png,01M1PVV71QMXF31FNN88616S34,01M1PVW7YQ0ZCTA6RRXWJ4B3KT,1788548858863,NA,1
01M1PW7EPZ8ZEZMYPBJV5Y7N33,01M1PVPWZ7KQZN2DHXW0TTKG9P,training,37,3,2,48,12,7,/tangrams/286_225.png,F6,"[""/tangrams/391_404.png"",""/tangrams/286_225.png"",""/tangrams/241_420.png"",""/tangrams/383_160.png""]","[""F5"",""F6"",""F2"",""F7""]",/tangrams/286_225.png,TRUE,/tangrams/286_225.png,01M1PVVTM3JYE18KKXW2DCV15S,01M1PVZ3NBFP4RQAMM34F5EPHD,1788550080229,NA,4
01M1PWGJ981QHM6M147PS361QF,01M1PVPXF8XP3FTSCWE2SZ4KAJ,training,29,2,6,48,12,7,/tangrams/6_311.png,D2,"[""/tangrams/245_302.png"",""/tangrams/183_24.png"",""/tangrams/6_311.png"",""/tangrams/303_304.png""]","[""A4"",""C1"",""D2"",""B3""]",/tangrams/6_311.png,TRUE,/tangrams/6_311.png,01M1PVW253SKBG4X7GTPVKZWRC,01M1PW23TCTCTWR44KF0HW1TG2,1788550164234,NA,3
01M1PW3THH6SJHYD57AY7BG0B9,01M1PVPVN19AKJQXAJWG447XT1,training,37,3,2,48,12,6,/tangrams/445_437.png,D2,"[""/tangrams/4_264.png"",""/tangrams/275_324.png"",""/tangrams/445_437.png"",""/tangrams/81_153.png""]","[""C1"",""A3"",""D2"",""B4""]",/tangrams/445_437.png,TRUE,/tangrams/445_437.png,01M1PVV4T08CWVFCAHVD9FMRR2,01M1PVVZD69SDYBBAB5MDTZSCB,1788549673769,NA,4
01M1PWG1CDF7QGJ431NKM1NZ9Q,01M1PVPY02TEGASTZW7B0B44PE,training,24,2,1,48,12,8,/tangrams/265_436.png,C1,"[""/tangrams/265_436.png"",""/tangrams/192_235.png"",""/tangrams/265_444.png"",""/tangrams/353_436.png""]","[""C1"",""D3"",""C4"",""B1""]",/tangrams/265_436.png,TRUE,/tangrams/265_436.png,01M1PWAKPMFG2PF8ZD5WBT5ANA,01M1PW1KKGDQJPNSP87YDPE8Y2,1788550997526,NA,3
01M1PWGJ2FDX2S27N9RZ0HFF3Y,01M1PVPXF8XP3FTSCWE2SZ4KAJ,training,16,1,5,48,12,7,/tangrams/245_311.png,A2,"[""/tangrams/303_304.png"",""/tangrams/183_302.png"",""/tangrams/6_24.png"",""/tangrams/245_311.png""]","[""B3"",""C4"",""D1"",""A2""]",/tangrams/245_311.png,TRUE,/tangrams/245_311.png,01M1PW23TCTCTWR44KF0HW1TG2,01M1PVW253SKBG4X7GTPVKZWRC,1788549748262,NA,2
01M1PW0KDZ2N3X216BV3ACZR44,01M1PVPSF9NDAT0BF7G6FNHKYQ,training,5,0,6,48,12,5,/tangrams/235_248.png,D3,"[""/tangrams/154_38.png"",""/tangrams/235_248.png"",""/tangrams/60_127.png"",""/tangrams/14_24.png""]","[""A2"",""D3"",""C1"",""B4""]",/tangrams/235_248.png,TRUE,/tangrams/235_248.png,01M1PVTG9CCCTFM1SEAAQ81WMP,01M1PVTRYDJNHHT05DKBKN76E5,1788548272011,NA,1
01M1PW7F69DS40RAN610WXW75S,01M1PVPWZ7KQZN2DHXW0TTKG9P,training,9,0,10,48,12,7,/tangrams/391_404.png,F5,"[""/tangrams/183_304.png"",""/tangrams/391_404.png"",""/tangrams/383_160.png"",""/tangrams/286_225.png""]","[""C3"",""F5"",""F7"",""F6""]",/tangrams/391_404.png,TRUE,/tangrams/391_404.png,01M1PVVTM3JYE18KKXW2DCV15S,01M1PVZ3NBFP4RQAMM34F5EPHD,1788548951196,NA,1
01M1PW0X7QKM722DAM4MF36GGP,01M1PVPSFBNZXW40G11YGR32M6,training,17,1,6,48,12,5,/tangrams/14_24.png,B4,"[""/tangrams/14_248.png"",""/tangrams/14_24.png"",""/tangrams/60_38.png"",""/tangrams/154_24.png""]","[""B3"",""B4"",""C2"",""A4""]",/tangrams/14_24.png,TRUE,/tangrams/14_24.png,01M1PVTRWTPC40C0HPR8RXXWTF,01M1PVVNQ4AT0NRB9TK929QH2E,1788548714173,NA,2
01M1PW41BP3614NN8J1HJ3BP8Z,01M1PVPTMYJEMSH2D4PPK54AQC,training,23,1,12,48,12,5,/tangrams/391_126.png,F8,"[""/tangrams/391_126.png"",""/tangrams/14_38.png"",""/tangrams/457_208.png"",""/tangrams/235_24.png""]","[""F8"",""B2"",""F4"",""D4""]",/tangrams/391_126.png,TRUE,/tangrams/391_126.png,01M1PVV1FSQ931Q08DC040FF4H,01M1PVXZCG5HBAN48J4YM7CT4J,1788549121764,NA,2
01M1PW7ERT52MBZZDKRDH4FD5S,01M1PVPWZ7KQZN2DHXW0TTKG9P,training,31,2,8,48,12,7,/tangrams/303_311.png,B2,"[""/tangrams/183_304.png"",""/tangrams/303_311.png"",""/tangrams/340_29.png"",""/tangrams/245_24.png""]","[""C3"",""B2"",""F1"",""A1""]",/tangrams/303_311.png,TRUE,/tangrams/303_311.png,01M1PVVTM3JYE18KKXW2DCV15S,01M1PVZ3NBFP4RQAMM34F5EPHD,1788549895977,NA,3
01M1PWG0WDVJ6JDJZ1677HRRCQ,01M1PVPY02TEGASTZW7B0B44PE,training,0,0,1,48,12,8,/tangrams/353_235.png,B3,"[""/tangrams/192_235.png"",""/tangrams/368_219.png"",""/tangrams/353_235.png"",""/tangrams/353_444.png""]","[""D3"",""A2"",""B3"",""B4""]",/tangrams/353_444.png,FALSE,/tangrams/353_444.png,01M1PWAKPMFG2PF8ZD5WBT5ANA,01M1PW1KKGDQJPNSP87YDPE8Y2,1788549799171,NA,1
01M1PW6YA83J24XZZG565EF9NN,01M1PVPWEJQS052PE7X7E1TZK9,training,32,2,9,48,12,6,/tangrams/445_437.png,D2,"[""/tangrams/275_324.png"",""/tangrams/445_437.png"",""/tangrams/4_153.png"",""/tangrams/81_264.png""]","[""A3"",""D2"",""C4"",""B1""]",/tangrams/445_437.png,TRUE,/tangrams/445_437.png,01M1PVW75JX1QRKD2FQCCBJ017,01M1PVVX5KFM5CFX55QQRWNDX8,1788549160663,NA,3
01M1PW9CQGPM1CAKVVKKHMMGW6,01M1PVPXF92SZVFC9KB45KHNG3,training,47,3,12,48,12,7,/tangrams/241_420.png,F2,"[""/tangrams/51_378.png"",""/tangrams/241_420.png"",""/tangrams/303_311.png"",""/tangrams/178_230.png""]","[""F4"",""F2"",""B2"",""F3""]",/tangrams/241_420.png,TRUE,/tangrams/241_420.png,01M1PVVBRZ3YZPYCQZYDADYMR6,01M1PVVXW244MSV8KK7TFJHPNZ,1788549478269,NA,4
01M1PW50XEXPJN3RFZG5XQTM47,01M1PVPVN43CJ2ZQS2FA0GJ1TX,training,18,1,7,48,12,6,/tangrams/445_153.png,D4,"[""/tangrams/445_153.png"",""/tangrams/424_432.png"",""/tangrams/222_36.png"",""/tangrams/275_264.png""]","[""D4"",""F4"",""F7"",""A1""]",/tangrams/445_153.png,TRUE,/tangrams/445_153.png,01M1PVW97TC4GVFYDVFB1SJ9WH,01M1PVW5BM9J57HJX5KJ260RG3,1788549003603,NA,2
01M1PW6Y0BVKKZ58FK1X67RF5V,01M1PVPWEJQS052PE7X7E1TZK9,training,9,0,10,48,12,6,/tangrams/275_324.png,A3,"[""/tangrams/4_153.png"",""/tangrams/81_264.png"",""/tangrams/445_437.png"",""/tangrams/275_324.png""]","[""C4"",""B1"",""D2"",""A3""]",/tangrams/275_324.png,TRUE,/tangrams/275_324.png,01M1PVVX5KFM5CFX55QQRWNDX8,01M1PVW75JX1QRKD2FQCCBJ017,1788548782227,NA,1
01M1PW156DPM6HBCXWQC3J9FA8,01M1PVPSFBNZXW40G11G9DGVKY,training,17,1,6,48,12,5,/tangrams/337_178.png,F6,"[""/tangrams/337_178.png"",""/tangrams/411_421.png"",""/tangrams/60_248.png"",""/tangrams/154_127.png""]","[""F6"",""F3"",""C3"",""A1""]",/tangrams/337_178.png,TRUE,/tangrams/337_178.png,01M1PVTZDZSFSRFW0Y011447D5,01M1PVVNH6WEMGKMEM2F9XPCJS,1788548986361,NA,2
01M1PW157ZRV5P3TEA3NCQRQVB,01M1PVPSFBNZXW40G11G9DGVKY,training,44,3,9,48,12,5,/tangrams/60_248.png,C3,"[""/tangrams/391_126.png"",""/tangrams/386_283.png"",""/tangrams/60_248.png"",""/tangrams/235_24.png""]","[""F8"",""F2"",""C3"",""D4""]",/tangrams/60_248.png,TRUE,/tangrams/60_248.png,01M1PVVNH6WEMGKMEM2F9XPCJS,01M1PVTZDZSFSRFW0Y011447D5,1788549722909,NA,4
01M1PW1ZNAVC8ZWZX9GYCGAAKY,01M1PVPTMX8QBBEQ1CAWS8Y65C,training,23,1,12,48,12,5,/tangrams/235_127.png,D1,"[""/tangrams/235_248.png"",""/tangrams/235_127.png"",""/tangrams/14_127.png"",""/tangrams/60_24.png""]","[""D3"",""D1"",""B1"",""C4""]",/tangrams/235_127.png,TRUE,/tangrams/235_127.png,01M1PVVDJXTQ0S1H8V336MES03,01M1PVVEHT22G3NCF8EGPQWRYM,1788549717062,NA,2
01M1PW3T9C85CE42WCJ1HYVNXZ,01M1PVPVN19AKJQXAJWG447XT1,training,16,1,5,48,12,6,/tangrams/4_153.png,C4,"[""/tangrams/275_437.png"",""/tangrams/445_324.png"",""/tangrams/81_264.png"",""/tangrams/4_153.png""]","[""A2"",""D3"",""B1"",""C4""]",/tangrams/81_264.png,FALSE,/tangrams/81_264.png,01M1PVVZD69SDYBBAB5MDTZSCB,01M1PVV4T08CWVFCAHVD9FMRR2,1788549255867,NA,2
01M1PW3TG9SPPZ7FVA9V84TWCX,01M1PVPVN19AKJQXAJWG447XT1,training,33,2,10,48,12,6,/tangrams/4_437.png,C2,"[""/tangrams/275_324.png"",""/tangrams/445_264.png"",""/tangrams/81_153.png"",""/tangrams/4_437.png""]","[""A3"",""D1"",""B4"",""C2""]",/tangrams/4_437.png,TRUE,/tangrams/4_437.png,01M1PVV4T08CWVFCAHVD9FMRR2,01M1PVVZD69SDYBBAB5MDTZSCB,1788549617629,NA,3
01M1PW3THMVH0PS7SZ5G727T4Y,01M1PVPVN19AKJQXAJWG447XT1,training,38,3,3,48,12,6,/tangrams/275_153.png,A4,"[""/tangrams/275_153.png"",""/tangrams/445_437.png"",""/tangrams/81_324.png"",""/tangrams/4_264.png""]","[""A4"",""D2"",""B3"",""C1""]",/tangrams/275_153.png,TRUE,/tangrams/275_153.png,01M1PVVZD69SDYBBAB5MDTZSCB,01M1PVV4T08CWVFCAHVD9FMRR2,1788549683994,NA,4
01M1PW0KMES732X1JE1751KGC7,01M1PVPSF9NDAT0BF7G6FNHKYQ,training,23,1,12,48,12,5,/tangrams/14_24.png,B4,"[""/tangrams/14_24.png"",""/tangrams/154_248.png"",""/tangrams/60_38.png"",""/tangrams/235_127.png""]","[""B4"",""A3"",""C2"",""D1""]",/tangrams/14_24.png,TRUE,/tangrams/14_24.png,01M1PVTG9CCCTFM1SEAAQ81WMP,01M1PVTRYDJNHHT05DKBKN76E5,1788548788159,NA,2
01M1PW0X7BRDXTJM59FFCJ4XCZ,01M1PVPSFBNZXW40G11YGR32M6,training,13,1,2,48,12,5,/tangrams/60_24.png,C4,"[""/tangrams/235_248.png"",""/tangrams/60_24.png"",""/tangrams/60_38.png"",""/tangrams/154_24.png""]","[""D3"",""C4"",""C2"",""A4""]",/tangrams/60_38.png,FALSE,/tangrams/60_38.png,01M1PVTRWTPC40C0HPR8RXXWTF,01M1PVVNQ4AT0NRB9TK929QH2E,1788548651357,NA,2
01M1PW2VNFA9D16R1SFHFS211A,01M1PVPTMT2TF5TMW6DY08RG1A,training,31,2,8,48,12,5,/tangrams/60_127.png,C1,"[""/tangrams/60_127.png"",""/tangrams/154_38.png"",""/tangrams/235_248.png"",""/tangrams/14_24.png""]","[""C1"",""A2"",""D3"",""B4""]",/tangrams/60_127.png,TRUE,/tangrams/60_127.png,01M1PVVTHSCRB56WAFX0KRCSX2,01M1PVVYCG3ZV9Y0QVDS434K08,1788549691985,NA,3
01M1PW9CRAHV298P3CE7J3P8FF,01M1PVPXF92SZVFC9KB45KHNG3,training,1,0,2,48,12,7,/tangrams/178_230.png,F3,"[""/tangrams/286_225.png"",""/tangrams/383_160.png"",""/tangrams/241_420.png"",""/tangrams/178_230.png""]","[""F6"",""F7"",""F2"",""F3""]",/tangrams/178_230.png,TRUE,/tangrams/178_230.png,01M1PVVBRZ3YZPYCQZYDADYMR6,01M1PVVXW244MSV8KK7TFJHPNZ,1788548531737,NA,1
01M1PWBQS49KYQ3A22R3BD5WYQ,01M1PVPY0135RYKX6QNWJW9HQ7,training,1,0,2,48,12,8,/tangrams/311_205.png,F4,"[""/tangrams/265_235.png"",""/tangrams/192_444.png"",""/tangrams/277_238.png"",""/tangrams/311_205.png""]","[""C3"",""D4"",""F8"",""F4""]",/tangrams/311_205.png,TRUE,/tangrams/311_205.png,01M1PVV5BA5A9YAQJQ9SAGP2BW,01M1PVW5G591MZ9WXE41XZDX0Y,1788548566404,NA,1
01M1PW0X6B6CYFR70XQH8CDDNK,01M1PVPSFBNZXW40G11YGR32M6,training,0,0,1,48,12,5,/tangrams/60_24.png,C4,"[""/tangrams/154_24.png"",""/tangrams/60_127.png"",""/tangrams/14_248.png"",""/tangrams/60_24.png""]","[""A4"",""C1"",""B3"",""C4""]",/tangrams/60_24.png,TRUE,/tangrams/60_24.png,01M1PVVNQ4AT0NRB9TK929QH2E,01M1PVTRWTPC40C0HPR8RXXWTF,1788548304949,NA,1
01M1PW0X9T0HZ8BVKARWVSG5YK,01M1PVPSFBNZXW40G11YGR32M6,training,8,0,9,48,12,5,/tangrams/154_248.png,A3,"[""/tangrams/154_24.png"",""/tangrams/154_248.png"",""/tangrams/60_38.png"",""/tangrams/14_248.png""]","[""A4"",""A3"",""C2"",""B3""]",/tangrams/154_248.png,TRUE,/tangrams/154_248.png,01M1PVVNQ4AT0NRB9TK929QH2E,01M1PVTRWTPC40C0HPR8RXXWTF,1788548538515,NA,1
01M1PW5RC276F2VM1YBA61YV7N,01M1PVPWEGF3RQQ2BZJMHJW5WT,training,38,3,3,48,12,6,/tangrams/445_324.png,D3,"[""/tangrams/445_324.png"",""/tangrams/81_264.png"",""/tangrams/445_437.png"",""/tangrams/275_324.png""]","[""D3"",""B1"",""D2"",""A3""]",/tangrams/445_324.png,TRUE,/tangrams/445_324.png,01M1PVZMF178XCTABPVTWNQQ3Q,01M1PVV9N1B5JSVGVHP53ND1FH,1788550251638,NA,4
01M1PWGHZ29HZDTCPR0WWBZYHJ,01M1PVPXF8XP3FTSCWE2SZ4KAJ,training,8,0,9,48,12,7,/tangrams/245_304.png,A3,"[""/tangrams/245_304.png"",""/tangrams/6_311.png"",""/tangrams/303_24.png"",""/tangrams/183_302.png""]","[""A3"",""D2"",""B1"",""C4""]",/tangrams/245_304.png,TRUE,/tangrams/245_304.png,01M1PW23TCTCTWR44KF0HW1TG2,01M1PVW253SKBG4X7GTPVKZWRC,1788549440109,NA,1
01M1PWGJ9KBNTMWBPB6YE285VY,01M1PVPXF8XP3FTSCWE2SZ4KAJ,training,30,2,7,48,12,7,/tangrams/6_304.png,D3,"[""/tangrams/245_302.png"",""/tangrams/183_311.png"",""/tangrams/6_304.png"",""/tangrams/303_24.png""]","[""A4"",""C2"",""D3"",""B1""]",/tangrams/6_304.png,TRUE,/tangrams/6_304.png,01M1PW23TCTCTWR44KF0HW1TG2,01M1PVW253SKBG4X7GTPVKZWRC,1788550218105,NA,3
01M1PW0X9K8W4KC91FAYV0PS0D,01M1PVPSFBNZXW40G11YGR32M6,training,33,2,10,48,12,5,/tangrams/60_127.png,C1,"[""/tangrams/154_38.png"",""/tangrams/60_127.png"",""/tangrams/60_24.png"",""/tangrams/235_127.png""]","[""A2"",""C1"",""C4"",""D1""]",/tangrams/60_127.png,TRUE,/tangrams/60_127.png,01M1PVTRWTPC40C0HPR8RXXWTF,01M1PVVNQ4AT0NRB9TK929QH2E,1788548994927,NA,3
01M1PW8ZR8XS6FWSZP1SJ7KSWE,01M1PVPWZ383HA8RRK2RFSW236,training,41,3,6,48,12,7,/tangrams/303_302.png,B4,"[""/tangrams/245_304.png"",""/tangrams/6_24.png"",""/tangrams/303_302.png"",""/tangrams/183_311.png""]","[""A3"",""D1"",""B4"",""C2""]",/tangrams/303_302.png,TRUE,/tangrams/303_302.png,01M1PVVZ2PG17JJTAZWDXWW3JQ,01M1PW2K6B8GZQ5Z02B5Q0TB2A,1788550567703,NA,4
01M1PW8ZSTPGWR1J8BSXC4NF6W,01M1PVPWZ383HA8RRK2RFSW236,training,16,1,5,48,12,7,/tangrams/183_24.png,C1,"[""/tangrams/6_304.png"",""/tangrams/183_24.png"",""/tangrams/245_311.png"",""/tangrams/303_302.png""]","[""D3"",""C1"",""A2"",""B4""]",/tangrams/183_24.png,TRUE,/tangrams/183_24.png,01M1PW2K6B8GZQ5Z02B5Q0TB2A,01M1PVVZ2PG17JJTAZWDXWW3JQ,1788549826222,NA,2
01M1PW2VPY0PPJ3KWQGWJKN55T,01M1PVPTMT2TF5TMW6DY08RG1A,training,46,3,11,48,12,5,/tangrams/14_248.png,B3,"[""/tangrams/235_38.png"",""/tangrams/60_127.png"",""/tangrams/14_248.png"",""/tangrams/154_24.png""]","[""D2"",""C1"",""B3"",""A4""]",/tangrams/14_248.png,TRUE,/tangrams/14_248.png,01M1PVVYCG3ZV9Y0QVDS434K08,01M1PVVTHSCRB56WAFX0KRCSX2,1788549914832,NA,4
01M1PW41GG6SYC6YTR3D5RJ38M,01M1PVPTMYJEMSH2D4PPK54AQC,training,0,0,1,48,12,5,/tangrams/14_38.png,B2,"[""/tangrams/411_421.png"",""/tangrams/231_230.png"",""/tangrams/391_126.png"",""/tangrams/14_38.png""]","[""F3"",""F7"",""F8"",""B2""]",/tangrams/231_230.png,FALSE,/tangrams/231_230.png,01M1PVXZCG5HBAN48J4YM7CT4J,01M1PVV1FSQ931Q08DC040FF4H,1788548287737,NA,1
01M1PW50TREH448SH4AH60YZ5D,01M1PVPVN43CJ2ZQS2FA0GJ1TX,training,39,3,4,48,12,6,/tangrams/204_449.png,F8,"[""/tangrams/384_354.png"",""/tangrams/204_449.png"",""/tangrams/275_264.png"",""/tangrams/81_437.png""]","[""F1"",""F8"",""A1"",""B2""]",/tangrams/204_449.png,TRUE,/tangrams/204_449.png,01M1PVW5BM9J57HJX5KJ260RG3,01M1PVW97TC4GVFYDVFB1SJ9WH,1788549735668,NA,4
01M1PW5RCRGNBZG321MFD2XF4V,01M1PVPWEGF3RQQ2BZJMHJW5WT,training,42,3,7,48,12,6,/tangrams/81_153.png,B4,"[""/tangrams/445_437.png"",""/tangrams/81_264.png"",""/tangrams/81_153.png"",""/tangrams/275_153.png""]","[""D2"",""B1"",""B4"",""A4""]",/tangrams/81_153.png,TRUE,/tangrams/81_153.png,01M1PVZMF178XCTABPVTWNQQ3Q,01M1PVV9N1B5JSVGVHP53ND1FH,1788550366566,NA,4
01M1PW6Y6FXTRNQK4MT47ZYRB1,01M1PVPWEJQS052PE7X7E1TZK9,training,20,1,9,48,12,6,/tangrams/445_264.png,D1,"[""/tangrams/81_153.png"",""/tangrams/275_324.png"",""/tangrams/4_437.png"",""/tangrams/445_264.png""]","[""B4"",""A3"",""C2"",""D1""]",/tangrams/445_264.png,TRUE,/tangrams/445_264.png,01M1PVW75JX1QRKD2FQCCBJ017,01M1PVVX5KFM5CFX55QQRWNDX8,1788548975414,NA,2
01M1PW6Y9F08E9PTAB88QFWQK9,01M1PVPWEJQS052PE7X7E1TZK9,training,28,2,5,48,12,6,/tangrams/275_437.png,A2,"[""/tangrams/275_437.png"",""/tangrams/81_264.png"",""/tangrams/445_324.png"",""/tangrams/4_153.png""]","[""A2"",""B1"",""D3"",""C4""]",/tangrams/275_437.png,TRUE,/tangrams/275_437.png,01M1PVW75JX1QRKD2FQCCBJ017,01M1PVVX5KFM5CFX55QQRWNDX8,1788549099333,NA,3
01M1PW9DE5FNQ27H0NH7WFYE1X,01M1PVPXF92SZVFC9KB45KHNG3,training,41,3,6,48,12,7,/tangrams/245_24.png,A1,"[""/tangrams/241_420.png"",""/tangrams/6_302.png"",""/tangrams/383_160.png"",""/tangrams/245_24.png""]","[""F2"",""D4"",""F7"",""A1""]",/tangrams/245_24.png,TRUE,/tangrams/245_24.png,01M1PVVBRZ3YZPYCQZYDADYMR6,01M1PVVXW244MSV8KK7TFJHPNZ,1788549379996,NA,4
01M1PWBQWGFMNH67H8XXHYQPTP,01M1PVPY0135RYKX6QNWJW9HQ7,training,35,2,12,48,12,8,/tangrams/414_365.png,F6,"[""/tangrams/353_219.png"",""/tangrams/192_444.png"",""/tangrams/414_365.png"",""/tangrams/265_235.png""]","[""B2"",""D4"",""F6"",""C3""]",/tangrams/414_365.png,TRUE,/tangrams/414_365.png,01M1PVV5BA5A9YAQJQ9SAGP2BW,01M1PVW5G591MZ9WXE41XZDX0Y,1788549426180,NA,3
01M1PWEJR0CFA6S3EFQQXFQMEK,01M1PVPXF92SZVFC9KBGN1TRXM,training,27,2,4,48,12,7,/tangrams/245_304.png,A3,"[""/tangrams/245_302.png"",""/tangrams/303_304.png"",""/tangrams/183_311.png"",""/tangrams/245_304.png""]","[""A4"",""B3"",""C2"",""A3""]",/tangrams/245_304.png,TRUE,/tangrams/245_304.png,01M1PVVCHSJDKDCMNAX28C9KTM,01M1PVZYRHDVK94JBPD96A2FVY,1788550035096,NA,3
01M1PW0X9M4H66CDWNMNNKVNZK,01M1PVPSFBNZXW40G11YGR32M6,training,34,2,11,48,12,5,/tangrams/60_24.png,C4,"[""/tangrams/14_24.png"",""/tangrams/60_24.png"",""/tangrams/60_127.png"",""/tangrams/235_248.png""]","[""B4"",""C4"",""C1"",""D3""]",/tangrams/60_24.png,TRUE,/tangrams/60_24.png,01M1PVVNQ4AT0NRB9TK929QH2E,01M1PVTRWTPC40C0HPR8RXXWTF,1788549016959,NA,3
01M1PW6KMAH2NCKNT39D6R4RSZ,01M1PVPWZ82WNHXNHFM772HZSY,training,32,2,9,48,12,7,/tangrams/245_311.png,A2,"[""/tangrams/183_24.png"",""/tangrams/245_304.png"",""/tangrams/245_311.png"",""/tangrams/6_311.png""]","[""C1"",""A3"",""A2"",""D2""]",/tangrams/245_311.png,TRUE,/tangrams/245_311.png,01M1PVWG3MVC1D7FV8A8CY40QY,01M1PVV2HGBFFFP8TQ2JTHYBNF,1788549919970,NA,3
01M1PWBQYC3MVGMDW68SAPSE16,01M1PVPY0135RYKX6QNWJW9HQ7,training,31,2,8,48,12,8,/tangrams/101_61.png,F2,"[""/tangrams/311_205.png"",""/tangrams/447_295.png"",""/tangrams/101_61.png"",""/tangrams/277_238.png""]","[""F4"",""F7"",""F2"",""F8""]",/tangrams/101_61.png,TRUE,/tangrams/101_61.png,01M1PVV5BA5A9YAQJQ9SAGP2BW,01M1PVW5G591MZ9WXE41XZDX0Y,1788549372254,NA,3
01M1PW3GZQZHMKB7H2RMWW5ETF,01M1PVPVN58XQ8WD43NR9G03HY,training,14,1,3,48,12,6,/tangrams/275_324.png,A3,"[""/tangrams/81_324.png"",""/tangrams/445_264.png"",""/tangrams/275_437.png"",""/tangrams/275_324.png""]","[""B3"",""D1"",""A2"",""A3""]",NA,NA,NA,NA,NA,NA,NA,2
01M1PW41D8KT1Y0Z0DKMA7P18H,01M1PVPTMYJEMSH2D4PPK54AQC,training,13,1,2,48,12,5,/tangrams/231_230.png,F7,"[""/tangrams/235_24.png"",""/tangrams/386_283.png"",""/tangrams/231_230.png"",""/tangrams/320_326.png""]","[""D4"",""F2"",""F7"",""F5""]",/tangrams/320_326.png,FALSE,/tangrams/320_326.png,01M1PVV1FSQ931Q08DC040FF4H,01M1PVXZCG5HBAN48J4YM7CT4J,1788548834042,NA,2
01M1PW612QKR29X0AT8N5733DT,01M1PVPWEFJ67VYTWGSHJ4XJ33,training,19,1,8,48,12,6,/tangrams/275_264.png,A1,"[""/tangrams/275_264.png"",""/tangrams/134_305.png"",""/tangrams/70_426.png"",""/tangrams/330_144.png""]","[""A1"",""F5"",""F3"",""F6""]",/tangrams/275_264.png,TRUE,/tangrams/275_264.png,01M1PVV71QMXF31FNN88616S34,01M1PVW7YQ0ZCTA6RRXWJ4B3KT,1788549263262,NA,2
01M1PW6KG6FANS4QGGEN474EMG,01M1PVPWZ82WNHXNHFM772HZSY,training,45,3,10,48,12,7,/tangrams/6_24.png,D1,"[""/tangrams/6_304.png"",""/tangrams/245_311.png"",""/tangrams/303_24.png"",""/tangrams/6_24.png""]","[""D3"",""A2"",""B1"",""D1""]",/tangrams/6_24.png,TRUE,/tangrams/6_24.png,01M1PVV2HGBFFFP8TQ2JTHYBNF,01M1PVWG3MVC1D7FV8A8CY40QY,1788550246054,NA,4
01M1PW6YAVA4Q2M6W031KD65WV,01M1PVPWEJQS052PE7X7E1TZK9,training,34,2,11,48,12,6,/tangrams/445_324.png,D3,"[""/tangrams/81_153.png"",""/tangrams/275_437.png"",""/tangrams/4_264.png"",""/tangrams/445_324.png""]","[""B4"",""A2"",""C1"",""D3""]",/tangrams/445_324.png,TRUE,/tangrams/445_324.png,01M1PVW75JX1QRKD2FQCCBJ017,01M1PVVX5KFM5CFX55QQRWNDX8,1788549189483,NA,3
01M1PW7EY9VZQTY9S5MY39BKYR,01M1PVPWZ7KQZN2DHXW0TTKG9P,training,6,0,7,48,12,7,/tangrams/178_230.png,F3,"[""/tangrams/241_420.png"",""/tangrams/303_311.png"",""/tangrams/51_378.png"",""/tangrams/178_230.png""]","[""F2"",""B2"",""F4"",""F3""]",/tangrams/303_311.png,FALSE,/tangrams/303_311.png,01M1PVZ3NBFP4RQAMM34F5EPHD,01M1PVVTM3JYE18KKXW2DCV15S,1788548802393,NA,1
01M1PWGJA0KWM18P3QPCCJVWJ3,01M1PVPXF8XP3FTSCWE2SZ4KAJ,training,31,2,8,48,12,7,/tangrams/303_302.png,B4,"[""/tangrams/183_311.png"",""/tangrams/303_302.png"",""/tangrams/6_24.png"",""/tangrams/245_304.png""]","[""C2"",""B4"",""D1"",""A3""]",/tangrams/303_302.png,TRUE,/tangrams/303_302.png,01M1PVW253SKBG4X7GTPVKZWRC,01M1PW23TCTCTWR44KF0HW1TG2,1788550254223,NA,3
01M1PW2VKF8FDFEKKSMBDDAP1A,01M1PVPTMT2TF5TMW6DY08RG1A,training,4,0,5,48,12,5,/tangrams/154_38.png,A2,"[""/tangrams/14_24.png"",""/tangrams/154_38.png"",""/tangrams/60_127.png"",""/tangrams/235_248.png""]","[""B4"",""A2"",""C1"",""D3""]",/tangrams/154_38.png,TRUE,/tangrams/154_38.png,01M1PVVYCG3ZV9Y0QVDS434K08,01M1PVVTHSCRB56WAFX0KRCSX2,1788548988768,NA,1
01M1PW2VNDMH32R535VDZ6937X,01M1PVPTMT2TF5TMW6DY08RG1A,training,29,2,6,48,12,5,/tangrams/14_24.png,B4,"[""/tangrams/60_38.png"",""/tangrams/154_248.png"",""/tangrams/14_24.png"",""/tangrams/235_127.png""]","[""C2"",""A3"",""B4"",""D1""]",/tangrams/60_38.png,FALSE,/tangrams/60_38.png,01M1PVVTHSCRB56WAFX0KRCSX2,01M1PVVYCG3ZV9Y0QVDS434K08,1788549650918,NA,3
01M1PW61974YN4A52A2YP50RRK,01M1PVPWEFJ67VYTWGSHJ4XJ33,training,46,3,11,48,12,6,/tangrams/445_153.png,D4,"[""/tangrams/275_264.png"",""/tangrams/204_449.png"",""/tangrams/4_324.png"",""/tangrams/445_153.png""]","[""A1"",""F8"",""C3"",""D4""]",NA,FALSE,NA,01M1PVW7YQ0ZCTA6RRXWJ4B3KT,01M1PVV71QMXF31FNN88616S34,NA,NA,4
01M1PW8ZHYGE5GFSAW9X00S167,01M1PVPWZ383HA8RRK2RFSW236,training,33,2,10,48,12,7,/tangrams/183_24.png,C1,"[""/tangrams/6_311.png"",""/tangrams/245_304.png"",""/tangrams/183_24.png"",""/tangrams/303_302.png""]","[""D2"",""A3"",""C1"",""B4""]",/tangrams/183_24.png,TRUE,/tangrams/183_24.png,01M1PVVZ2PG17JJTAZWDXWW3JQ,01M1PW2K6B8GZQ5Z02B5Q0TB2A,1788550391698,NA,3
01M1PW9D5FWHG56PBH7ZPH7EBZ,01M1PVPXF92SZVFC9KB45KHNG3,training,17,1,6,48,12,7,/tangrams/286_225.png,F6,"[""/tangrams/391_404.png"",""/tangrams/35_447.png"",""/tangrams/286_225.png"",""/tangrams/303_311.png""]","[""F5"",""F8"",""F6"",""B2""]",/tangrams/286_225.png,TRUE,/tangrams/286_225.png,01M1PVVBRZ3YZPYCQZYDADYMR6,01M1PVVXW244MSV8KK7TFJHPNZ,1788548959762,NA,2
01M1PWBR2RSY0MS6GQZZ34KZ7D,01M1PVPY0135RYKX6QNWJW9HQ7,training,20,1,9,48,12,8,/tangrams/311_205.png,F4,"[""/tangrams/277_238.png"",""/tangrams/447_295.png"",""/tangrams/101_61.png"",""/tangrams/311_205.png""]","[""F8"",""F7"",""F2"",""F4""]",/tangrams/311_205.png,TRUE,/tangrams/311_205.png,01M1PVW5G591MZ9WXE41XZDX0Y,01M1PVV5BA5A9YAQJQ9SAGP2BW,1788549069654,NA,2
01M1PW0KN7NAV9C5W3TPTMNC3F,01M1PVPSF9NDAT0BF7G6FNHKYQ,training,42,3,7,48,12,5,/tangrams/154_24.png,A4,"[""/tangrams/60_38.png"",""/tangrams/154_24.png"",""/tangrams/14_127.png"",""/tangrams/235_248.png""]","[""C2"",""A4"",""B1"",""D3""]",/tangrams/154_24.png,TRUE,/tangrams/154_24.png,01M1PVTRYDJNHHT05DKBKN76E5,01M1PVTG9CCCTFM1SEAAQ81WMP,1788549223581,NA,4
01M1PW2VMFKWN20AND9AE88ZWX,01M1PVPTMT2TF5TMW6DY08RG1A,training,39,3,4,48,12,5,/tangrams/235_127.png,D1,"[""/tangrams/154_38.png"",""/tangrams/60_24.png"",""/tangrams/14_248.png"",""/tangrams/235_127.png""]","[""A2"",""C4"",""B3"",""D1""]",/tangrams/235_127.png,TRUE,/tangrams/235_127.png,01M1PVVTHSCRB56WAFX0KRCSX2,01M1PVVYCG3ZV9Y0QVDS434K08,1788549801082,NA,4
01M1PW50YDZWM2B274THYFFQ1W,01M1PVPVN43CJ2ZQS2FA0GJ1TX,training,16,1,5,48,12,6,/tangrams/222_36.png,F7,"[""/tangrams/222_36.png"",""/tangrams/384_354.png"",""/tangrams/445_153.png"",""/tangrams/330_144.png""]","[""F7"",""F1"",""D4"",""F6""]",/tangrams/222_36.png,TRUE,/tangrams/222_36.png,01M1PVW97TC4GVFYDVFB1SJ9WH,01M1PVW5BM9J57HJX5KJ260RG3,1788548932297,NA,2
01M1PW8ZK8WE42RDAQ71GTR790,01M1PVPWZ383HA8RRK2RFSW236,training,29,2,6,48,12,7,/tangrams/6_304.png,D3,"[""/tangrams/6_304.png"",""/tangrams/183_302.png"",""/tangrams/245_311.png"",""/tangrams/303_24.png""]","[""D3"",""C4"",""A2"",""B1""]",/tangrams/6_304.png,TRUE,/tangrams/6_304.png,01M1PVVZ2PG17JJTAZWDXWW3JQ,01M1PW2K6B8GZQ5Z02B5Q0TB2A,1788550302466,NA,3
01M1PWEJFD4E002Y4G2FS6W5TE,01M1PVPXF92SZVFC9KBGN1TRXM,training,12,1,1,48,12,7,/tangrams/245_302.png,A4,"[""/tangrams/183_302.png"",""/tangrams/245_302.png"",""/tangrams/245_304.png"",""/tangrams/6_24.png""]","[""C4"",""A4"",""A3"",""D1""]",/tangrams/245_302.png,TRUE,/tangrams/245_302.png,01M1PVZYRHDVK94JBPD96A2FVY,01M1PVVCHSJDKDCMNAX28C9KTM,1788549433852,NA,2
01M1PWGJBW29CWT42259PB0AYG,01M1PVPXF8XP3FTSCWE2SZ4KAJ,training,36,3,1,48,12,7,/tangrams/245_302.png,A4,"[""/tangrams/245_302.png"",""/tangrams/183_311.png"",""/tangrams/303_304.png"",""/tangrams/6_24.png""]","[""A4"",""C2"",""B3"",""D1""]",/tangrams/245_302.png,TRUE,/tangrams/245_302.png,01M1PW23TCTCTWR44KF0HW1TG2,01M1PVW253SKBG4X7GTPVKZWRC,1788550375797,NA,4
01M1PW1ZDEZPK1R2JZPXMNNZEB,01M1PVPTMX8QBBEQ1CAWS8Y65C,training,46,3,11,48,12,5,/tangrams/235_248.png,D3,"[""/tangrams/235_127.png"",""/tangrams/154_248.png"",""/tangrams/235_248.png"",""/tangrams/60_24.png""]","[""D1"",""A3"",""D3"",""C4""]",/tangrams/235_248.png,TRUE,/tangrams/235_248.png,01M1PVVEHT22G3NCF8EGPQWRYM,01M1PVVDJXTQ0S1H8V336MES03,1788550239683,NA,4
01M1PW7F6QV6Y4H4KCWM26G6PW,01M1PVPWZ7KQZN2DHXW0TTKG9P,training,8,0,9,48,12,7,/tangrams/35_447.png,F8,"[""/tangrams/51_378.png"",""/tangrams/383_160.png"",""/tangrams/35_447.png"",""/tangrams/183_304.png""]","[""F4"",""F7"",""F8"",""C3""]",/tangrams/35_447.png,TRUE,/tangrams/35_447.png,01M1PVZ3NBFP4RQAMM34F5EPHD,01M1PVVTM3JYE18KKXW2DCV15S,1788548890036,NA,1
01M1PWBR5PT1XCYJF31RVNHQ8Z,01M1PVPY0135RYKX6QNWJW9HQ7,training,12,1,1,48,12,8,/tangrams/414_365.png,F6,"[""/tangrams/192_444.png"",""/tangrams/447_295.png"",""/tangrams/414_365.png"",""/tangrams/101_61.png""]","[""D4"",""F7"",""F6"",""F2""]",/tangrams/414_365.png,TRUE,/tangrams/414_365.png,01M1PVW5G591MZ9WXE41XZDX0Y,01M1PVV5BA5A9YAQJQ9SAGP2BW,1788548883009,NA,2
01M1PWG14QBJ0FQPKA39W3KNZ5,01M1PVPY02TEGASTZW7B0B44PE,training,43,3,8,48,12,8,/tangrams/368_235.png,A3,"[""/tangrams/353_235.png"",""/tangrams/265_444.png"",""/tangrams/368_235.png"",""/tangrams/368_219.png""]","[""B3"",""C4"",""A3"",""A2""]",/tangrams/368_235.png,TRUE,/tangrams/368_235.png,01M1PW1KKGDQJPNSP87YDPE8Y2,01M1PWAKPMFG2PF8ZD5WBT5ANA,1788551659384,NA,4
01M1PW3TJRC4ZJYPHTSJQ3F4GY,01M1PVPVN19AKJQXAJWG447XT1,training,45,3,10,48,12,6,/tangrams/81_153.png,B4,"[""/tangrams/4_437.png"",""/tangrams/445_264.png"",""/tangrams/81_153.png"",""/tangrams/275_324.png""]","[""C2"",""D1"",""B4"",""A3""]",/tangrams/81_153.png,TRUE,/tangrams/81_153.png,01M1PVV4T08CWVFCAHVD9FMRR2,01M1PVVZD69SDYBBAB5MDTZSCB,1788549809866,NA,4
01M1PW41HCNHWSVNGPVQRNFQPX,01M1PVPTMYJEMSH2D4PPK54AQC,training,38,3,3,48,12,5,/tangrams/235_24.png,D4,"[""/tangrams/386_283.png"",""/tangrams/154_127.png"",""/tangrams/411_421.png"",""/tangrams/235_24.png""]","[""F2"",""A1"",""F3"",""D4""]",/tangrams/235_24.png,TRUE,/tangrams/235_24.png,01M1PVXZCG5HBAN48J4YM7CT4J,01M1PVV1FSQ931Q08DC040FF4H,1788549522535,NA,4
01M1PW9D4P405P69C22MKB5WMP,01M1PVPXF92SZVFC9KB45KHNG3,training,16,1,5,48,12,7,/tangrams/383_160.png,F7,"[""/tangrams/178_230.png"",""/tangrams/286_225.png"",""/tangrams/241_420.png"",""/tangrams/383_160.png""]","[""F3"",""F6"",""F2"",""F7""]",/tangrams/383_160.png,TRUE,/tangrams/383_160.png,01M1PVVXW244MSV8KK7TFJHPNZ,01M1PVVBRZ3YZPYCQZYDADYMR6,1788548932058,NA,2
01M1PWG1811J9KKWCQ510ADQ3G,01M1PVPY02TEGASTZW7B0B44PE,training,35,2,12,48,12,8,/tangrams/368_219.png,A2,"[""/tangrams/368_444.png"",""/tangrams/353_235.png"",""/tangrams/368_219.png"",""/tangrams/265_219.png""]","[""A4"",""B3"",""A2"",""C2""]",/tangrams/368_219.png,TRUE,/tangrams/368_219.png,01M1PW1KKGDQJPNSP87YDPE8Y2,01M1PWAKPMFG2PF8ZD5WBT5ANA,1788551411458,NA,3
01M1PW3H2JQRX2AG7F03B8P35T,01M1PVPVN58XQ8WD43NR9G03HY,training,2,0,3,48,12,6,/tangrams/275_153.png,A4,"[""/tangrams/275_324.png"",""/tangrams/81_153.png"",""/tangrams/4_437.png"",""/tangrams/275_153.png""]","[""A3"",""B4"",""C2"",""A4""]",NA,FALSE,NA,01M1PVZR164ZTSKRVMJWDDBWRY,01M1PVY5V93JDTFCY85HPV0HXQ,NA,NA,1
01M1PW5R3PSE3TPR5T5RVH0GZS,01M1PVPWEGF3RQQ2BZJMHJW5WT,training,16,1,5,48,12,6,/tangrams/275_437.png,A2,"[""/tangrams/445_437.png"",""/tangrams/81_264.png"",""/tangrams/275_437.png"",""/tangrams/275_324.png""]","[""D2"",""B1"",""A2"",""A3""]",/tangrams/275_437.png,TRUE,/tangrams/275_437.png,01M1PVZMF178XCTABPVTWNQQ3Q,01M1PVV9N1B5JSVGVHP53ND1FH,1788549494768,NA,2
01M1PW5R60KSMQ1FMQ8769BTVV,01M1PVPWEGF3RQQ2BZJMHJW5WT,training,26,2,3,48,12,6,/tangrams/275_153.png,A4,"[""/tangrams/275_153.png"",""/tangrams/81_264.png"",""/tangrams/4_153.png"",""/tangrams/275_437.png""]","[""A4"",""B1"",""C4"",""A2""]",/tangrams/275_153.png,TRUE,/tangrams/275_153.png,01M1PVZMF178XCTABPVTWNQQ3Q,01M1PVV9N1B5JSVGVHP53ND1FH,1788549892099,NA,3
01M1PW5RBRSKHDYPP0ZEASRTZH,01M1PVPWEGF3RQQ2BZJMHJW5WT,training,37,3,2,48,12,6,/tangrams/81_324.png,B3,"[""/tangrams/81_324.png"",""/tangrams/275_437.png"",""/tangrams/445_324.png"",""/tangrams/81_264.png""]","[""B3"",""A2"",""D3"",""B1""]",/tangrams/81_324.png,TRUE,/tangrams/81_324.png,01M1PVV9N1B5JSVGVHP53ND1FH,01M1PVZMF178XCTABPVTWNQQ3Q,1788550225187,NA,4
01M1PW615SKDXE7W4GKYF6B9KM,01M1PVPWEFJ67VYTWGSHJ4XJ33,training,30,2,7,48,12,6,/tangrams/399_84.png,F2,"[""/tangrams/399_84.png"",""/tangrams/424_432.png"",""/tangrams/4_324.png"",""/tangrams/204_449.png""]","[""F2"",""F4"",""C3"",""F8""]",/tangrams/399_84.png,TRUE,/tangrams/399_84.png,01M1PVW7YQ0ZCTA6RRXWJ4B3KT,01M1PVV71QMXF31FNN88616S34,1788549701652,NA,3
01M1PW7ESHE8N9G0HYVKFNWZY3,01M1PVPWZ7KQZN2DHXW0TTKG9P,training,18,1,7,48,12,7,/tangrams/245_24.png,A1,"[""/tangrams/245_24.png"",""/tangrams/183_304.png"",""/tangrams/178_230.png"",""/tangrams/241_420.png""]","[""A1"",""C3"",""F3"",""F2""]",/tangrams/245_24.png,TRUE,/tangrams/245_24.png,01M1PVZ3NBFP4RQAMM34F5EPHD,01M1PVVTM3JYE18KKXW2DCV15S,1788549346255,NA,2
01M1PW0X86G6NKS9T34NMJFT5Z,01M1PVPSFBNZXW40G11YGR32M6,training,22,1,11,48,12,5,/tangrams/14_248.png,B3,"[""/tangrams/14_24.png"",""/tangrams/154_248.png"",""/tangrams/14_248.png"",""/tangrams/235_38.png""]","[""B4"",""A3"",""B3"",""D2""]",/tangrams/14_248.png,TRUE,/tangrams/14_248.png,01M1PVVNQ4AT0NRB9TK929QH2E,01M1PVTRWTPC40C0HPR8RXXWTF,1788548804338,NA,2
01M1PW0X8A7R183KKB84PCX7BG,01M1PVPSFBNZXW40G11YGR32M6,training,25,2,2,48,12,5,/tangrams/154_248.png,A3,"[""/tangrams/154_38.png"",""/tangrams/14_24.png"",""/tangrams/154_248.png"",""/tangrams/235_248.png""]","[""A2"",""B4"",""A3"",""D3""]",/tangrams/154_248.png,TRUE,/tangrams/154_248.png,01M1PVTRWTPC40C0HPR8RXXWTF,01M1PVVNQ4AT0NRB9TK929QH2E,1788548864686,NA,3
01M1PW3TC8WDDSJWR0MN385MPM,01M1PVPVN19AKJQXAJWG447XT1,training,24,2,1,48,12,6,/tangrams/275_437.png,A2,"[""/tangrams/81_264.png"",""/tangrams/445_324.png"",""/tangrams/275_437.png"",""/tangrams/4_153.png""]","[""B1"",""D3"",""A2"",""C4""]",/tangrams/275_437.png,TRUE,/tangrams/275_437.png,01M1PVVZD69SDYBBAB5MDTZSCB,01M1PVV4T08CWVFCAHVD9FMRR2,1788549440346,NA,3
01M1PW5RAKNJE32MXKKW8WNY3W,01M1PVPWEGF3RQQ2BZJMHJW5WT,training,47,3,12,48,12,6,/tangrams/275_437.png,A2,"[""/tangrams/81_324.png"",""/tangrams/445_437.png"",""/tangrams/275_153.png"",""/tangrams/275_437.png""]","[""B3"",""D2"",""A4"",""A2""]",/tangrams/275_437.png,TRUE,/tangrams/275_437.png,01M1PVV9N1B5JSVGVHP53ND1FH,01M1PVZMF178XCTABPVTWNQQ3Q,1788550534850,NA,4
01M1PW610MZ06YBBMT6VDM4J70,01M1PVPWEFJ67VYTWGSHJ4XJ33,training,10,0,11,48,12,6,/tangrams/4_324.png,C3,"[""/tangrams/4_324.png"",""/tangrams/445_153.png"",""/tangrams/204_449.png"",""/tangrams/222_36.png""]","[""C3"",""D4"",""F8"",""F7""]",/tangrams/4_324.png,TRUE,/tangrams/4_324.png,01M1PVW7YQ0ZCTA6RRXWJ4B3KT,01M1PVV71QMXF31FNN88616S34,1788548895695,NA,1
01M1PW6127DCZGDDT0NXHHSRP9,01M1PVPWEFJ67VYTWGSHJ4XJ33,training,17,1,6,48,12,6,/tangrams/70_426.png,F3,"[""/tangrams/384_354.png"",""/tangrams/70_426.png"",""/tangrams/275_264.png"",""/tangrams/399_84.png""]","[""F1"",""F3"",""A1"",""F2""]",/tangrams/70_426.png,TRUE,/tangrams/70_426.png,01M1PVV71QMXF31FNN88616S34,01M1PVW7YQ0ZCTA6RRXWJ4B3KT,1788549171607,NA,2
01M1PW9DDHAWTSMQ1Y9Y5ZB2MZ,01M1PVPXF92SZVFC9KB45KHNG3,training,39,3,4,48,12,7,/tangrams/286_225.png,F6,"[""/tangrams/383_160.png"",""/tangrams/6_302.png"",""/tangrams/245_24.png"",""/tangrams/286_225.png""]","[""F7"",""D4"",""A1"",""F6""]",/tangrams/286_225.png,TRUE,/tangrams/286_225.png,01M1PVVBRZ3YZPYCQZYDADYMR6,01M1PVVXW244MSV8KK7TFJHPNZ,1788549344620,NA,4
01M1PWJSGGWFQ2V4533F2KZ3NZ,01M1PVPY05YMN5QBCZG3YB2C9A,training,17,1,6,48,12,8,/tangrams/265_219.png,C2,"[""/tangrams/368_235.png"",""/tangrams/192_436.png"",""/tangrams/265_219.png"",""/tangrams/353_444.png""]","[""A3"",""D1"",""C2"",""B4""]",NA,NA,NA,NA,NA,NA,NA,2
01M1PW0X7TG7R262E9RMCX5T54,01M1PVPSFBNZXW40G11YGR32M6,training,19,1,8,48,12,5,/tangrams/154_248.png,A3,"[""/tangrams/154_24.png"",""/tangrams/154_248.png"",""/tangrams/235_127.png"",""/tangrams/14_248.png""]","[""A4"",""A3"",""D1"",""B3""]",/tangrams/154_248.png,TRUE,/tangrams/154_248.png,01M1PVTRWTPC40C0HPR8RXXWTF,01M1PVVNQ4AT0NRB9TK929QH2E,1788548753950,NA,2
01M1PW0XAQKWXK8ACY7N0AZ75J,01M1PVPSFBNZXW40G11YGR32M6,training,40,3,5,48,12,5,/tangrams/154_248.png,A3,"[""/tangrams/14_248.png"",""/tangrams/154_248.png"",""/tangrams/60_127.png"",""/tangrams/154_38.png""]","[""B3"",""A3"",""C1"",""A2""]",/tangrams/154_248.png,TRUE,/tangrams/154_248.png,01M1PVVNQ4AT0NRB9TK929QH2E,01M1PVTRWTPC40C0HPR8RXXWTF,1788549112255,NA,4
01M1PW2VP5B6V5Q59QP5M6T2M8,01M1PVPTMT2TF5TMW6DY08RG1A,training,24,2,1,48,12,5,/tangrams/154_248.png,A3,"[""/tangrams/60_127.png"",""/tangrams/235_38.png"",""/tangrams/154_248.png"",""/tangrams/14_24.png""]","[""C1"",""D2"",""A3"",""B4""]",/tangrams/154_248.png,TRUE,/tangrams/154_248.png,01M1PVVYCG3ZV9Y0QVDS434K08,01M1PVVTHSCRB56WAFX0KRCSX2,1788549554273,NA,3
01M1PW8ZG1XJTR2ZRC7V8CYESQ,01M1PVPWZ383HA8RRK2RFSW236,training,40,3,5,48,12,7,/tangrams/303_24.png,B1,"[""/tangrams/245_302.png"",""/tangrams/6_304.png"",""/tangrams/183_311.png"",""/tangrams/303_24.png""]","[""A4"",""D3"",""C2"",""B1""]",/tangrams/303_24.png,TRUE,/tangrams/303_24.png,01M1PW2K6B8GZQ5Z02B5Q0TB2A,01M1PVVZ2PG17JJTAZWDXWW3JQ,1788550548878,NA,4
01M1PW3TFCCKFMNWYJV36FVNG1,01M1PVPVN19AKJQXAJWG447XT1,training,30,2,7,48,12,6,/tangrams/4_264.png,C1,"[""/tangrams/445_437.png"",""/tangrams/275_153.png"",""/tangrams/81_324.png"",""/tangrams/4_264.png""]","[""D2"",""A4"",""B3"",""C1""]",/tangrams/4_264.png,TRUE,/tangrams/4_264.png,01M1PVVZD69SDYBBAB5MDTZSCB,01M1PVV4T08CWVFCAHVD9FMRR2,1788549560250,NA,3
01M1PW613GPYGT214YAKV4TP0Y,01M1PVPWEFJ67VYTWGSHJ4XJ33,training,22,1,11,48,12,6,/tangrams/445_153.png,D4,"[""/tangrams/399_84.png"",""/tangrams/445_153.png"",""/tangrams/204_449.png"",""/tangrams/424_432.png""]","[""F2"",""D4"",""F8"",""F4""]",/tangrams/445_153.png,TRUE,/tangrams/445_153.png,01M1PVW7YQ0ZCTA6RRXWJ4B3KT,01M1PVV71QMXF31FNN88616S34,1788549423922,NA,2
01M1PWEJ5PXQCPJZ2FMCXTSHPK,01M1PVPXF92SZVFC9KBGN1TRXM,training,0,0,1,48,12,7,/tangrams/245_302.png,A4,"[""/tangrams/303_302.png"",""/tangrams/245_304.png"",""/tangrams/6_24.png"",""/tangrams/245_302.png""]","[""B4"",""A3"",""D1"",""A4""]",/tangrams/303_302.png,FALSE,/tangrams/303_302.png,01M1PVZYRHDVK94JBPD96A2FVY,01M1PVVCHSJDKDCMNAX28C9KTM,1788548902004,NA,1
01M1PWG1BZWNRQNQVF6XNT66SZ,01M1PVPY02TEGASTZW7B0B44PE,training,25,2,2,48,12,8,/tangrams/192_235.png,D3,"[""/tangrams/192_219.png"",""/tangrams/192_235.png"",""/tangrams/368_235.png"",""/tangrams/265_444.png""]","[""D2"",""D3"",""A3"",""C4""]",/tangrams/192_235.png,TRUE,/tangrams/192_235.png,01M1PW1KKGDQJPNSP87YDPE8Y2,01M1PWAKPMFG2PF8ZD5WBT5ANA,1788551035674,NA,3
01M1PW0X888QR73JC2RYG1C9PJ,01M1PVPSFBNZXW40G11YGR32M6,training,23,1,12,48,12,5,/tangrams/60_127.png,C1,"[""/tangrams/60_127.png"",""/tangrams/14_127.png"",""/tangrams/60_38.png"",""/tangrams/154_24.png""]","[""C1"",""B1"",""C2"",""A4""]",/tangrams/60_127.png,TRUE,/tangrams/60_127.png,01M1PVTRWTPC40C0HPR8RXXWTF,01M1PVVNQ4AT0NRB9TK929QH2E,1788548820111,NA,2
01M1PW3GV31E1MD4NQF1ACK98R,01M1PVPVN58XQ8WD43NR9G03HY,training,29,2,6,48,12,6,/tangrams/4_437.png,C2,"[""/tangrams/4_437.png"",""/tangrams/275_324.png"",""/tangrams/445_437.png"",""/tangrams/4_153.png""]","[""C2"",""A3"",""D2"",""C4""]",NA,NA,NA,NA,NA,NA,NA,3
01M1PW41EVB5GSX7G66BW5EPP3,01M1PVPTMYJEMSH2D4PPK54AQC,training,4,0,5,48,12,5,/tangrams/154_127.png,A1,"[""/tangrams/154_127.png"",""/tangrams/457_208.png"",""/tangrams/321_445.png"",""/tangrams/14_38.png""]","[""A1"",""F4"",""F1"",""B2""]",/tangrams/154_127.png,TRUE,/tangrams/154_127.png,01M1PVXZCG5HBAN48J4YM7CT4J,01M1PVV1FSQ931Q08DC040FF4H,1788548477972,NA,1
01M1PW50Z27PANM0DEEQTEJQ9Z,01M1PVPVN43CJ2ZQS2FA0GJ1TX,training,20,1,9,48,12,6,/tangrams/81_437.png,B2,"[""/tangrams/134_305.png"",""/tangrams/275_264.png"",""/tangrams/222_36.png"",""/tangrams/81_437.png""]","[""F5"",""A1"",""F7"",""B2""]",/tangrams/81_437.png,TRUE,/tangrams/81_437.png,01M1PVW97TC4GVFYDVFB1SJ9WH,01M1PVW5BM9J57HJX5KJ260RG3,1788549103777,NA,2
01M1PW6Y5Q8V39VAKPH5YXS71G,01M1PVPWEJQS052PE7X7E1TZK9,training,18,1,7,48,12,6,/tangrams/275_324.png,A3,"[""/tangrams/4_437.png"",""/tangrams/445_264.png"",""/tangrams/81_153.png"",""/tangrams/275_324.png""]","[""C2"",""D1"",""B4"",""A3""]",/tangrams/275_324.png,TRUE,/tangrams/275_324.png,01M1PVW75JX1QRKD2FQCCBJ017,01M1PVVX5KFM5CFX55QQRWNDX8,1788548934799,NA,2
01M1PW2VKKX4SAWRA2FPP5MVJK,01M1PVPTMT2TF5TMW6DY08RG1A,training,3,0,4,48,12,5,/tangrams/60_38.png,C2,"[""/tangrams/60_38.png"",""/tangrams/154_24.png"",""/tangrams/235_127.png"",""/tangrams/14_248.png""]","[""C2"",""A4"",""D1"",""B3""]",/tangrams/60_38.png,TRUE,/tangrams/60_38.png,01M1PVVTHSCRB56WAFX0KRCSX2,01M1PVVYCG3ZV9Y0QVDS434K08,1788548949897,NA,1
01M1PW2VKTME8MCCR0AZJB89AA,01M1PVPTMT2TF5TMW6DY08RG1A,training,1,0,2,48,12,5,/tangrams/14_127.png,B1,"[""/tangrams/235_248.png"",""/tangrams/14_127.png"",""/tangrams/154_38.png"",""/tangrams/60_24.png""]","[""D3"",""B1"",""A2"",""C4""]",/tangrams/14_127.png,TRUE,/tangrams/14_127.png,01M1PVVTHSCRB56WAFX0KRCSX2,01M1PVVYCG3ZV9Y0QVDS434K08,1788548886494,NA,1
01M1PW3H0ABHSBJ7GJ8NKTAK29,01M1PVPVN58XQ8WD43NR9G03HY,training,11,0,12,48,12,6,/tangrams/445_437.png,D2,"[""/tangrams/445_324.png"",""/tangrams/445_437.png"",""/tangrams/4_437.png"",""/tangrams/275_153.png""]","[""D3"",""D2"",""C2"",""A4""]",NA,NA,NA,NA,NA,NA,NA,1
01M1PW0X6XTY99VSFR0DY3YQ29,01M1PVPSFBNZXW40G11YGR32M6,training,3,0,4,48,12,5,/tangrams/14_24.png,B4,"[""/tangrams/14_24.png"",""/tangrams/235_38.png"",""/tangrams/14_248.png"",""/tangrams/60_24.png""]","[""B4"",""D2"",""B3"",""C4""]",/tangrams/14_24.png,TRUE,/tangrams/14_24.png,01M1PVTRWTPC40C0HPR8RXXWTF,01M1PVVNQ4AT0NRB9TK929QH2E,1788548381667,NA,1
01M1PW152QFWDYKGDJW8EFD1C0,01M1PVPSFBNZXW40G11G9DGVKY,training,9,0,10,48,12,5,/tangrams/391_126.png,F8,"[""/tangrams/231_230.png"",""/tangrams/411_421.png"",""/tangrams/391_126.png"",""/tangrams/60_248.png""]","[""F7"",""F3"",""F8"",""C3""]",/tangrams/391_126.png,TRUE,/tangrams/391_126.png,01M1PVTZDZSFSRFW0Y011447D5,01M1PVVNH6WEMGKMEM2F9XPCJS,1788548682534,NA,1
01M1PW1534VNJV0WP476EK6T31,01M1PVPSFBNZXW40G11G9DGVKY,training,24,2,1,48,12,5,/tangrams/231_230.png,F7,"[""/tangrams/411_421.png"",""/tangrams/386_283.png"",""/tangrams/231_230.png"",""/tangrams/320_326.png""]","[""F3"",""F2"",""F7"",""F5""]",/tangrams/231_230.png,TRUE,/tangrams/231_230.png,01M1PVVNH6WEMGKMEM2F9XPCJS,01M1PVTZDZSFSRFW0Y011447D5,1788549201549,NA,3
01M1PW3THVWW6W0441Z82BA6ZA,01M1PVPVN19AKJQXAJWG447XT1,training,40,3,5,48,12,6,/tangrams/4_264.png,C1,"[""/tangrams/4_264.png"",""/tangrams/275_437.png"",""/tangrams/81_153.png"",""/tangrams/445_324.png""]","[""C1"",""A2"",""B4"",""D3""]",/tangrams/4_264.png,TRUE,/tangrams/4_264.png,01M1PVVZD69SDYBBAB5MDTZSCB,01M1PVV4T08CWVFCAHVD9FMRR2,1788549716146,NA,4
01M1PW6166ZWA0VHHSVTF8NGCG,01M1PVPWEFJ67VYTWGSHJ4XJ33,training,32,2,9,48,12,6,/tangrams/384_354.png,F1,"[""/tangrams/70_426.png"",""/tangrams/204_449.png"",""/tangrams/134_305.png"",""/tangrams/384_354.png""]","[""F3"",""F8"",""F5"",""F1""]",/tangrams/384_354.png,TRUE,/tangrams/384_354.png,01M1PVW7YQ0ZCTA6RRXWJ4B3KT,01M1PVV71QMXF31FNN88616S34,1788549749371,NA,3
01M1PW9CWVEAYYAZ16EQ3PPD3F,01M1PVPXF92SZVFC9KB45KHNG3,training,8,0,9,48,12,7,/tangrams/303_311.png,B2,"[""/tangrams/241_420.png"",""/tangrams/286_225.png"",""/tangrams/303_311.png"",""/tangrams/245_24.png""]","[""F2"",""F6"",""B2"",""A1""]",/tangrams/303_311.png,TRUE,/tangrams/303_311.png,01M1PVVXW244MSV8KK7TFJHPNZ,01M1PVVBRZ3YZPYCQZYDADYMR6,1788548722384,NA,1
01M1PWGJ1NMBK72BH5VJB7V2QB,01M1PVPXF8XP3FTSCWE2SZ4KAJ,training,14,1,3,48,12,7,/tangrams/6_311.png,D2,"[""/tangrams/245_304.png"",""/tangrams/303_302.png"",""/tangrams/6_311.png"",""/tangrams/183_24.png""]","[""A3"",""B4"",""D2"",""C1""]",/tangrams/6_311.png,TRUE,/tangrams/6_311.png,01M1PW23TCTCTWR44KF0HW1TG2,01M1PVW253SKBG4X7GTPVKZWRC,1788549676551,NA,2
01M1PW1526NGFDT1TDBT1SN7TC,01M1PVPSFBNZXW40G11G9DGVKY,training,10,0,11,48,12,5,/tangrams/60_248.png,C3,"[""/tangrams/60_248.png"",""/tangrams/337_178.png"",""/tangrams/14_38.png"",""/tangrams/154_127.png""]","[""C3"",""F6"",""B2"",""A1""]",/tangrams/60_248.png,TRUE,/tangrams/60_248.png,01M1PVVNH6WEMGKMEM2F9XPCJS,01M1PVTZDZSFSRFW0Y011447D5,1788548734358,NA,1
01M1PW3GWKZWF3709YBWT21D33,01M1PVPVN58XQ8WD43NR9G03HY,training,22,1,11,48,12,6,/tangrams/4_264.png,C1,"[""/tangrams/4_153.png"",""/tangrams/81_264.png"",""/tangrams/4_264.png"",""/tangrams/275_437.png""]","[""C4"",""B1"",""C1"",""A2""]",NA,NA,NA,NA,NA,NA,NA,2
01M1PW612E4R2WQ6MDG3TRW63Z,01M1PVPWEFJ67VYTWGSHJ4XJ33,training,18,1,7,48,12,6,/tangrams/222_36.png,F7,"[""/tangrams/445_153.png"",""/tangrams/222_36.png"",""/tangrams/204_449.png"",""/tangrams/399_84.png""]","[""D4"",""F7"",""F8"",""F2""]",/tangrams/222_36.png,TRUE,/tangrams/222_36.png,01M1PVW7YQ0ZCTA6RRXWJ4B3KT,01M1PVV71QMXF31FNN88616S34,1788549200884,NA,2
01M1PWGHX8BRAZMA83QA5YYS2H,01M1PVPXF8XP3FTSCWE2SZ4KAJ,training,4,0,5,48,12,7,/tangrams/303_302.png,B4,"[""/tangrams/303_302.png"",""/tangrams/245_304.png"",""/tangrams/6_311.png"",""/tangrams/183_24.png""]","[""B4"",""A3"",""D2"",""C1""]",/tangrams/303_302.png,TRUE,/tangrams/303_302.png,01M1PW23TCTCTWR44KF0HW1TG2,01M1PVW253SKBG4X7GTPVKZWRC,1788549296568,NA,1
01M1PW0X6Z9JJE54KZG03GCKG3,01M1PVPSFBNZXW40G11YGR32M6,training,4,0,5,48,12,5,/tangrams/235_248.png,D3,"[""/tangrams/235_248.png"",""/tangrams/60_24.png"",""/tangrams/235_127.png"",""/tangrams/154_248.png""]","[""D3"",""C4"",""D1"",""A3""]",/tangrams/235_248.png,TRUE,/tangrams/235_248.png,01M1PVVNQ4AT0NRB9TK929QH2E,01M1PVTRWTPC40C0HPR8RXXWTF,1788548410132,NA,1
01M1PW2VRC3QVCBC48ST2B8R7T,01M1PVPTMT2TF5TMW6DY08RG1A,training,18,1,7,48,12,5,/tangrams/60_24.png,C4,"[""/tangrams/154_38.png"",""/tangrams/60_24.png"",""/tangrams/235_248.png"",""/tangrams/14_127.png""]","[""A2"",""C4"",""D3"",""B1""]",/tangrams/60_24.png,TRUE,/tangrams/60_24.png,01M1PVVYCG3ZV9Y0QVDS434K08,01M1PVVTHSCRB56WAFX0KRCSX2,1788549448153,NA,2
01M1PW3GZWVCTJ800FE3870R5J,01M1PVPVN58XQ8WD43NR9G03HY,training,13,1,2,48,12,6,/tangrams/275_153.png,A4,"[""/tangrams/275_153.png"",""/tangrams/4_264.png"",""/tangrams/275_324.png"",""/tangrams/81_153.png""]","[""A4"",""C1"",""A3"",""B4""]",NA,NA,NA,NA,NA,NA,NA,2
01M1PW9CQ2REK332VE2VSNE114,01M1PVPXF92SZVFC9KB45KHNG3,training,25,2,2,48,12,7,/tangrams/286_225.png,F6,"[""/tangrams/286_225.png"",""/tangrams/340_29.png"",""/tangrams/35_447.png"",""/tangrams/178_230.png""]","[""F6"",""F1"",""F8"",""F3""]",/tangrams/286_225.png,TRUE,/tangrams/286_225.png,01M1PVVBRZ3YZPYCQZYDADYMR6,01M1PVVXW244MSV8KK7TFJHPNZ,1788549112715,NA,3
01M1PW9D6ZX2YG4J87Z9HKK381,01M1PVPXF92SZVFC9KB45KHNG3,training,21,1,10,48,12,7,/tangrams/241_420.png,F2,"[""/tangrams/303_311.png"",""/tangrams/241_420.png"",""/tangrams/6_302.png"",""/tangrams/340_29.png""]","[""B2"",""F2"",""D4"",""F1""]",/tangrams/241_420.png,TRUE,/tangrams/241_420.png,01M1PVVBRZ3YZPYCQZYDADYMR6,01M1PVVXW244MSV8KK7TFJHPNZ,1788549034006,NA,2
01M1PWBQWZRAYSQWDZ47YFTD52,01M1PVPY0135RYKX6QNWJW9HQ7,training,34,2,11,48,12,8,/tangrams/277_238.png,F8,"[""/tangrams/192_444.png"",""/tangrams/101_61.png"",""/tangrams/277_238.png"",""/tangrams/265_235.png""]","[""D4"",""F2"",""F8"",""C3""]",/tangrams/277_238.png,TRUE,/tangrams/277_238.png,01M1PVW5G591MZ9WXE41XZDX0Y,01M1PVV5BA5A9YAQJQ9SAGP2BW,1788549408844,NA,3
01M1PW0X9FHB7717BSAR6AG8ZV,01M1PVPSFBNZXW40G11YGR32M6,training,31,2,8,48,12,5,/tangrams/235_248.png,D3,"[""/tangrams/60_38.png"",""/tangrams/235_127.png"",""/tangrams/154_248.png"",""/tangrams/235_248.png""]","[""C2"",""D1"",""A3"",""D3""]",/tangrams/235_248.png,TRUE,/tangrams/235_248.png,01M1PVTRWTPC40C0HPR8RXXWTF,01M1PVVNQ4AT0NRB9TK929QH2E,1788548961638,NA,3
01M1PW151T8H25Z18EVCEHB7GD,01M1PVPSFBNZXW40G11G9DGVKY,training,0,0,1,48,12,5,/tangrams/386_283.png,F2,"[""/tangrams/231_230.png"",""/tangrams/386_283.png"",""/tangrams/321_445.png"",""/tangrams/411_421.png""]","[""F7"",""F2"",""F1"",""F3""]",/tangrams/386_283.png,TRUE,/tangrams/386_283.png,01M1PVVNH6WEMGKMEM2F9XPCJS,01M1PVTZDZSFSRFW0Y011447D5,1788548235554,NA,1
01M1PWG1ET0E81C40ZXXKJE0S9,01M1PVPY02TEGASTZW7B0B44PE,training,18,1,7,48,12,8,/tangrams/192_219.png,D2,"[""/tangrams/265_219.png"",""/tangrams/192_219.png"",""/tangrams/368_444.png"",""/tangrams/192_436.png""]","[""C2"",""D2"",""A4"",""D1""]",/tangrams/192_219.png,TRUE,/tangrams/192_219.png,01M1PWAKPMFG2PF8ZD5WBT5ANA,01M1PW1KKGDQJPNSP87YDPE8Y2,1788550761646,NA,2
01M1PWJSEEMMB8Z78C2HWZ60JF,01M1PVPY05YMN5QBCZG3YB2C9A,training,12,1,1,48,12,8,/tangrams/265_436.png,C1,"[""/tangrams/353_444.png"",""/tangrams/368_219.png"",""/tangrams/192_235.png"",""/tangrams/265_436.png""]","[""B4"",""A2"",""D3"",""C1""]",NA,NA,NA,NA,NA,NA,NA,2
01M1PWBQMH8GZWMJE7EM83PM7R,01M1PVPY0135RYKX6QNWJW9HQ7,training,45,3,10,48,12,8,/tangrams/414_365.png,F6,"[""/tangrams/38_309.png"",""/tangrams/414_365.png"",""/tangrams/194_445.png"",""/tangrams/311_205.png""]","[""F5"",""F6"",""F3"",""F4""]",/tangrams/414_365.png,TRUE,/tangrams/414_365.png,01M1PVV5BA5A9YAQJQ9SAGP2BW,01M1PVW5G591MZ9WXE41XZDX0Y,1788549630880,NA,4
01M1PW5R5FTM8VEWT8V0211DTJ,01M1PVPWEGF3RQQ2BZJMHJW5WT,training,25,2,2,48,12,6,/tangrams/275_437.png,A2,"[""/tangrams/275_153.png"",""/tangrams/4_437.png"",""/tangrams/275_437.png"",""/tangrams/81_324.png""]","[""A4"",""C2"",""A2"",""B3""]",/tangrams/275_437.png,TRUE,/tangrams/275_437.png,01M1PVV9N1B5JSVGVHP53ND1FH,01M1PVZMF178XCTABPVTWNQQ3Q,1788549856445,NA,3
01M1PW6KNHQ5H5H5VY0ZJJ9NZR,01M1PVPWZ82WNHXNHFM772HZSY,training,27,2,4,48,12,7,/tangrams/245_302.png,A4,"[""/tangrams/245_302.png"",""/tangrams/6_304.png"",""/tangrams/183_302.png"",""/tangrams/245_311.png""]","[""A4"",""D3"",""C4"",""A2""]",/tangrams/245_311.png,FALSE,/tangrams/245_311.png,01M1PVV2HGBFFFP8TQ2JTHYBNF,01M1PVWG3MVC1D7FV8A8CY40QY,1788549764301,NA,3
01M1PW0X7W77F4G3X1QTPRK90G,01M1PVPSFBNZXW40G11YGR32M6,training,20,1,9,48,12,5,/tangrams/60_38.png,C2,"[""/tangrams/60_127.png"",""/tangrams/14_24.png"",""/tangrams/235_38.png"",""/tangrams/60_38.png""]","[""C1"",""B4"",""D2"",""C2""]",/tangrams/60_38.png,TRUE,/tangrams/60_38.png,01M1PVVNQ4AT0NRB9TK929QH2E,01M1PVTRWTPC40C0HPR8RXXWTF,1788548769409,NA,2
01M1PW0X89DQD9WW9ZY5Z3NAQM,01M1PVPSFBNZXW40G11YGR32M6,training,7,0,8,48,12,5,/tangrams/60_38.png,C2,"[""/tangrams/14_127.png"",""/tangrams/235_38.png"",""/tangrams/60_38.png"",""/tangrams/60_24.png""]","[""B1"",""D2"",""C2"",""C4""]",/tangrams/235_38.png,FALSE,/tangrams/235_38.png,01M1PVTRWTPC40C0HPR8RXXWTF,01M1PVVNQ4AT0NRB9TK929QH2E,1788548510076,NA,1
01M1PW3GQY5SW0TYH6A5Z09RGY,01M1PVPVN58XQ8WD43NR9G03HY,training,45,3,10,48,12,6,/tangrams/445_324.png,D3,"[""/tangrams/445_437.png"",""/tangrams/445_324.png"",""/tangrams/4_264.png"",""/tangrams/275_324.png""]","[""D2"",""D3"",""C1"",""A3""]",NA,NA,NA,NA,NA,NA,NA,4
01M1PW3T7V22JT2KHG375MAJMQ,01M1PVPVN19AKJQXAJWG447XT1,training,8,0,9,48,12,6,/tangrams/4_153.png,C4,"[""/tangrams/4_153.png"",""/tangrams/81_264.png"",""/tangrams/275_324.png"",""/tangrams/445_437.png""]","[""C4"",""B1"",""A3"",""D2""]",/tangrams/4_153.png,TRUE,/tangrams/4_153.png,01M1PVVZD69SDYBBAB5MDTZSCB,01M1PVV4T08CWVFCAHVD9FMRR2,1788549049395,NA,1
01M1PW8ZDZQGSXGY3NVVPZCANV,01M1PVPWZ383HA8RRK2RFSW236,training,13,1,2,48,12,7,/tangrams/6_24.png,D1,"[""/tangrams/245_304.png"",""/tangrams/6_24.png"",""/tangrams/183_311.png"",""/tangrams/303_302.png""]","[""A3"",""D1"",""C2"",""B4""]",/tangrams/6_24.png,TRUE,/tangrams/6_24.png,01M1PVVZ2PG17JJTAZWDXWW3JQ,01M1PW2K6B8GZQ5Z02B5Q0TB2A,1788549721932,NA,2
01M1PWGHS43R42MGJNXR2JFGZ3,01M1PVPXF8XP3FTSCWE2SZ4KAJ,training,37,3,2,48,12,7,/tangrams/303_302.png,B4,"[""/tangrams/6_24.png"",""/tangrams/303_302.png"",""/tangrams/183_311.png"",""/tangrams/245_304.png""]","[""D1"",""B4"",""C2"",""A3""]",/tangrams/303_302.png,TRUE,/tangrams/303_302.png,01M1PVW253SKBG4X7GTPVKZWRC,01M1PW23TCTCTWR44KF0HW1TG2,1788550413192,NA,4
01M1PW1539KZEVS0GWZ7S7082B,01M1PVPSFBNZXW40G11G9DGVKY,training,25,2,2,48,12,5,/tangrams/60_248.png,C3,"[""/tangrams/154_127.png"",""/tangrams/386_283.png"",""/tangrams/60_248.png"",""/tangrams/320_326.png""]","[""A1"",""F2"",""C3"",""F5""]",/tangrams/60_248.png,TRUE,/tangrams/60_248.png,01M1PVTZDZSFSRFW0Y011447D5,01M1PVVNH6WEMGKMEM2F9XPCJS,1788549223773,NA,3
01M1PW3T7N5MEBDBVXHHJNG4BQ,01M1PVPVN19AKJQXAJWG447XT1,training,47,3,12,48,12,6,/tangrams/445_324.png,D3,"[""/tangrams/445_324.png"",""/tangrams/81_264.png"",""/tangrams/275_437.png"",""/tangrams/4_153.png""]","[""D3"",""B1"",""A2"",""C4""]",/tangrams/445_324.png,TRUE,/tangrams/445_324.png,01M1PVV4T08CWVFCAHVD9FMRR2,01M1PVVZD69SDYBBAB5MDTZSCB,1788549843739,NA,4
01M1PW41AR94RDEAH8N4N1QDKJ,01M1PVPTMYJEMSH2D4PPK54AQC,training,33,2,10,48,12,5,/tangrams/154_127.png,A1,"[""/tangrams/321_445.png"",""/tangrams/60_248.png"",""/tangrams/386_283.png"",""/tangrams/154_127.png""]","[""F1"",""C3"",""F2"",""A1""]",/tangrams/321_445.png,FALSE,/tangrams/321_445.png,01M1PVV1FSQ931Q08DC040FF4H,01M1PVXZCG5HBAN48J4YM7CT4J,1788549396373,NA,3
01M1PW41CQTGR6X01J43GCT4P9,01M1PVPTMYJEMSH2D4PPK54AQC,training,16,1,5,48,12,5,/tangrams/320_326.png,F5,"[""/tangrams/320_326.png"",""/tangrams/457_208.png"",""/tangrams/411_421.png"",""/tangrams/231_230.png""]","[""F5"",""F4"",""F3"",""F7""]",/tangrams/457_208.png,FALSE,/tangrams/457_208.png,01M1PVXZCG5HBAN48J4YM7CT4J,01M1PVV1FSQ931Q08DC040FF4H,1788548922194,NA,2
01M1PW50SEVKQ0F53VM2NMNVN6,01M1PVPVN43CJ2ZQS2FA0GJ1TX,training,46,3,11,48,12,6,/tangrams/222_36.png,F7,"[""/tangrams/81_437.png"",""/tangrams/222_36.png"",""/tangrams/399_84.png"",""/tangrams/70_426.png""]","[""B2"",""F7"",""F2"",""F3""]",/tangrams/222_36.png,TRUE,/tangrams/222_36.png,01M1PVW97TC4GVFYDVFB1SJ9WH,01M1PVW5BM9J57HJX5KJ260RG3,1788549879292,NA,4
01M1PW7EZCMK1ZGG5NEDBAH21Q,01M1PVPWZ7KQZN2DHXW0TTKG9P,training,5,0,6,48,12,7,/tangrams/383_160.png,F7,"[""/tangrams/383_160.png"",""/tangrams/183_304.png"",""/tangrams/303_311.png"",""/tangrams/245_24.png""]","[""F7"",""C3"",""B2"",""A1""]",/tangrams/383_160.png,TRUE,/tangrams/383_160.png,01M1PVVTM3JYE18KKXW2DCV15S,01M1PVZ3NBFP4RQAMM34F5EPHD,1788548756131,NA,1
01M1PW8ZECKBYSRW8JK37R7ED6,01M1PVPWZ383HA8RRK2RFSW236,training,2,0,3,48,12,7,/tangrams/303_304.png,B3,"[""/tangrams/303_304.png"",""/tangrams/6_24.png"",""/tangrams/245_311.png"",""/tangrams/183_302.png""]","[""B3"",""D1"",""A2"",""C4""]",NA,FALSE,NA,01M1PW2K6B8GZQ5Z02B5Q0TB2A,01M1PVVZ2PG17JJTAZWDXWW3JQ,NA,NA,1
01M1PWBR91TZ3NK007DWNS2SYF,01M1PVPY0135RYKX6QNWJW9HQ7,training,44,3,9,48,12,8,/tangrams/353_219.png,B2,"[""/tangrams/277_238.png"",""/tangrams/353_219.png"",""/tangrams/265_235.png"",""/tangrams/101_61.png""]","[""F8"",""B2"",""C3"",""F2""]",/tangrams/353_219.png,TRUE,/tangrams/353_219.png,01M1PVW5G591MZ9WXE41XZDX0Y,01M1PVV5BA5A9YAQJQ9SAGP2BW,1788549615721,NA,4
01M1PWG16C9D5P9KZFJW1642W5,01M1PVPY02TEGASTZW7B0B44PE,training,39,3,4,48,12,8,/tangrams/192_235.png,D3,"[""/tangrams/192_235.png"",""/tangrams/192_436.png"",""/tangrams/368_235.png"",""/tangrams/265_444.png""]","[""D3"",""D1"",""A3"",""C4""]",/tangrams/192_235.png,TRUE,/tangrams/192_235.png,01M1PW1KKGDQJPNSP87YDPE8Y2,01M1PWAKPMFG2PF8ZD5WBT5ANA,1788551539464,NA,4
01M1PWJSHYY8K9PMF2V35F7N4N,01M1PVPY05YMN5QBCZG3YB2C9A,training,20,1,9,48,12,8,/tangrams/368_444.png,A4,"[""/tangrams/192_219.png"",""/tangrams/265_436.png"",""/tangrams/368_444.png"",""/tangrams/353_235.png""]","[""D2"",""C1"",""A4"",""B3""]",NA,NA,NA,NA,NA,NA,NA,2
01M1PW8ZGAGE2DEHQBCW7682KN,01M1PVPWZ383HA8RRK2RFSW236,training,39,3,4,48,12,7,/tangrams/245_304.png,A3,"[""/tangrams/6_311.png"",""/tangrams/245_304.png"",""/tangrams/183_302.png"",""/tangrams/303_24.png""]","[""D2"",""A3"",""C4"",""B1""]",/tangrams/245_304.png,TRUE,/tangrams/245_304.png,01M1PVVZ2PG17JJTAZWDXWW3JQ,01M1PW2K6B8GZQ5Z02B5Q0TB2A,1788550534640,NA,4
01M1PWG18DJ053MWN46HHTVT4R,01M1PVPY02TEGASTZW7B0B44PE,training,34,2,11,48,12,8,/tangrams/192_436.png,D1,"[""/tangrams/192_219.png"",""/tangrams/353_436.png"",""/tangrams/368_444.png"",""/tangrams/192_436.png""]","[""D2"",""B1"",""A4"",""D1""]",/tangrams/353_436.png,FALSE,/tangrams/353_436.png,01M1PWAKPMFG2PF8ZD5WBT5ANA,01M1PW1KKGDQJPNSP87YDPE8Y2,1788551379294,NA,3
01M1PWG1HR6TV1BDPBTXQS65HF,01M1PVPY02TEGASTZW7B0B44PE,training,12,1,1,48,12,8,/tangrams/265_219.png,C2,"[""/tangrams/265_444.png"",""/tangrams/368_219.png"",""/tangrams/353_235.png"",""/tangrams/265_219.png""]","[""C4"",""A2"",""B3"",""C2""]",/tangrams/265_219.png,TRUE,/tangrams/265_219.png,01M1PWAKPMFG2PF8ZD5WBT5ANA,01M1PW1KKGDQJPNSP87YDPE8Y2,1788550475825,NA,2
01M1PW41G1VFBKJK35TQH6MBYH,01M1PVPTMYJEMSH2D4PPK54AQC,training,24,2,1,48,12,5,/tangrams/457_208.png,F4,"[""/tangrams/337_178.png"",""/tangrams/457_208.png"",""/tangrams/235_24.png"",""/tangrams/411_421.png""]","[""F6"",""F4"",""D4"",""F3""]",/tangrams/337_178.png,FALSE,/tangrams/337_178.png,01M1PVXZCG5HBAN48J4YM7CT4J,01M1PVV1FSQ931Q08DC040FF4H,1788549143906,NA,3
01M1PW60ZDRR4WGM2RZB95NZKX,01M1PVPWEFJ67VYTWGSHJ4XJ33,training,4,0,5,48,12,6,/tangrams/81_437.png,B2,"[""/tangrams/445_153.png"",""/tangrams/424_432.png"",""/tangrams/399_84.png"",""/tangrams/81_437.png""]","[""D4"",""F4"",""F2"",""B2""]",/tangrams/81_437.png,TRUE,/tangrams/81_437.png,01M1PVW7YQ0ZCTA6RRXWJ4B3KT,01M1PVV71QMXF31FNN88616S34,1788548637777,NA,1
01M1PW6KPJKPRA0H5X3Y8TYZ32,01M1PVPWZ82WNHXNHFM772HZSY,training,17,1,6,48,12,7,/tangrams/183_311.png,C2,"[""/tangrams/183_302.png"",""/tangrams/245_311.png"",""/tangrams/303_304.png"",""/tangrams/183_311.png""]","[""C4"",""A2"",""B3"",""C2""]",/tangrams/183_311.png,TRUE,/tangrams/183_311.png,01M1PVV2HGBFFFP8TQ2JTHYBNF,01M1PVWG3MVC1D7FV8A8CY40QY,1788549420309,NA,2
01M1PW6XYVF7NCE14SY0W410BF,01M1PVPWEJQS052PE7X7E1TZK9,training,5,0,6,48,12,6,/tangrams/445_264.png,D1,"[""/tangrams/4_437.png"",""/tangrams/445_264.png"",""/tangrams/275_153.png"",""/tangrams/81_324.png""]","[""C2"",""D1"",""A4"",""B3""]",/tangrams/445_264.png,TRUE,/tangrams/445_264.png,01M1PVVX5KFM5CFX55QQRWNDX8,01M1PVW75JX1QRKD2FQCCBJ017,1788548668635,NA,1
01M1PW5RCE8S2AD20YNT0168AT,01M1PVPWEGF3RQQ2BZJMHJW5WT,training,40,3,5,48,12,6,/tangrams/445_264.png,D1,"[""/tangrams/445_264.png"",""/tangrams/4_437.png"",""/tangrams/445_324.png"",""/tangrams/81_264.png""]","[""D1"",""C2"",""D3"",""B1""]",/tangrams/445_264.png,TRUE,/tangrams/445_264.png,01M1PVZMF178XCTABPVTWNQQ3Q,01M1PVV9N1B5JSVGVHP53ND1FH,1788550313203,NA,4
01M1PW6KRKX2SCAADV6FZKXGE5,01M1PVPWZ82WNHXNHFM772HZSY,training,20,1,9,48,12,7,/tangrams/303_24.png,B1,"[""/tangrams/303_304.png"",""/tangrams/303_24.png"",""/tangrams/245_311.png"",""/tangrams/183_24.png""]","[""B3"",""B1"",""A2"",""C1""]",/tangrams/303_24.png,TRUE,/tangrams/303_24.png,01M1PVWG3MVC1D7FV8A8CY40QY,01M1PVV2HGBFFFP8TQ2JTHYBNF,1788549530304,NA,2
01M1PWGJFD5M53KT94KBBECSD1,01M1PVPXF8XP3FTSCWE2SZ4KAJ,training,46,3,11,48,12,7,/tangrams/183_311.png,C2,"[""/tangrams/183_311.png"",""/tangrams/6_304.png"",""/tangrams/303_24.png"",""/tangrams/245_302.png""]","[""C2"",""D3"",""B1"",""A4""]",/tangrams/183_311.png,TRUE,/tangrams/183_311.png,01M1PW23TCTCTWR44KF0HW1TG2,01M1PVW253SKBG4X7GTPVKZWRC,1788550646842,NA,4
01M1PW0KJTFQTEM2SQB0N0XRS9,01M1PVPSF9NDAT0BF7G6FNHKYQ,training,29,2,6,48,12,5,/tangrams/235_127.png,D1,"[""/tangrams/154_24.png"",""/tangrams/60_38.png"",""/tangrams/235_127.png"",""/tangrams/14_248.png""]","[""A4"",""C2"",""D1"",""B3""]",/tangrams/235_127.png,TRUE,/tangrams/235_127.png,01M1PVTG9CCCTFM1SEAAQ81WMP,01M1PVTRYDJNHHT05DKBKN76E5,1788548929817,NA,3
01M1PW157JMY9JJVB5REGD0BXW,01M1PVPSFBNZXW40G11G9DGVKY,training,36,3,1,48,12,5,/tangrams/337_178.png,F6,"[""/tangrams/321_445.png"",""/tangrams/231_230.png"",""/tangrams/337_178.png"",""/tangrams/457_208.png""]","[""F1"",""F7"",""F6"",""F4""]",/tangrams/321_445.png,FALSE,/tangrams/321_445.png,01M1PVVNH6WEMGKMEM2F9XPCJS,01M1PVTZDZSFSRFW0Y011447D5,1788549531938,NA,4
01M1PW1ZE9WB925N8WF4S4935T,01M1PVPTMX8QBBEQ1CAWS8Y65C,training,39,3,4,48,12,5,/tangrams/14_248.png,B3,"[""/tangrams/14_248.png"",""/tangrams/154_248.png"",""/tangrams/14_24.png"",""/tangrams/60_127.png""]","[""B3"",""A3"",""B4"",""C1""]",/tangrams/14_248.png,TRUE,/tangrams/14_248.png,01M1PVVDJXTQ0S1H8V336MES03,01M1PVVEHT22G3NCF8EGPQWRYM,1788550084675,NA,4
01M1PW1ZF6VZXBA35ACDS3RXZN,01M1PVPTMX8QBBEQ1CAWS8Y65C,training,12,1,1,48,12,5,/tangrams/60_127.png,C1,"[""/tangrams/235_127.png"",""/tangrams/60_24.png"",""/tangrams/14_248.png"",""/tangrams/60_127.png""]","[""D1"",""C4"",""B3"",""C1""]",/tangrams/60_127.png,TRUE,/tangrams/60_127.png,01M1PVVEHT22G3NCF8EGPQWRYM,01M1PVVDJXTQ0S1H8V336MES03,1788549355611,NA,2
01M1PW3GYN365EB7Z6J60M2B7E,01M1PVPVN58XQ8WD43NR9G03HY,training,17,1,6,48,12,6,/tangrams/275_437.png,A2,"[""/tangrams/4_264.png"",""/tangrams/275_437.png"",""/tangrams/445_437.png"",""/tangrams/275_153.png""]","[""C1"",""A2"",""D2"",""A4""]",NA,NA,NA,NA,NA,NA,NA,2
01M1PWG13PCNMFT3TVXVW6FVCW,01M1PVPY02TEGASTZW7B0B44PE,training,45,3,10,48,12,8,/tangrams/265_436.png,C1,"[""/tangrams/353_436.png"",""/tangrams/265_444.png"",""/tangrams/368_219.png"",""/tangrams/265_436.png""]","[""B1"",""C4"",""A2"",""C1""]",/tangrams/265_436.png,TRUE,/tangrams/265_436.png,01M1PW1KKGDQJPNSP87YDPE8Y2,01M1PWAKPMFG2PF8ZD5WBT5ANA,1788551721060,NA,4
01M1PWJSZPTSK3C7HB2RJEJK43,01M1PVPY05YMN5QBCZG3YB2C9A,training,43,3,8,48,12,8,/tangrams/265_219.png,C2,"[""/tangrams/265_219.png"",""/tangrams/192_436.png"",""/tangrams/368_235.png"",""/tangrams/353_444.png""]","[""C2"",""D1"",""A3"",""B4""]",NA,NA,NA,NA,NA,NA,NA,4
01M1PW3T7H3DRMRPM21JF2D8MZ,01M1PVPVN19AKJQXAJWG447XT1,training,7,0,8,48,12,6,/tangrams/445_324.png,D3,"[""/tangrams/275_437.png"",""/tangrams/445_324.png"",""/tangrams/4_264.png"",""/tangrams/81_153.png""]","[""A2"",""D3"",""C1"",""B4""]",/tangrams/445_324.png,TRUE,/tangrams/445_324.png,01M1PVV4T08CWVFCAHVD9FMRR2,01M1PVVZD69SDYBBAB5MDTZSCB,1788548994551,NA,1
01M1PW611ENQ8M8H3D4V970BEA,01M1PVPWEFJ67VYTWGSHJ4XJ33,training,14,1,3,48,12,6,/tangrams/81_437.png,B2,"[""/tangrams/424_432.png"",""/tangrams/4_324.png"",""/tangrams/81_437.png"",""/tangrams/275_264.png""]","[""F4"",""C3"",""B2"",""A1""]",/tangrams/81_437.png,TRUE,/tangrams/81_437.png,01M1PVW7YQ0ZCTA6RRXWJ4B3KT,01M1PVV71QMXF31FNN88616S34,1788549074049,NA,2
01M1PW3T8GCR9W77SCNQBZXFHC,01M1PVPVN19AKJQXAJWG447XT1,training,12,1,1,48,12,6,/tangrams/81_153.png,B4,"[""/tangrams/275_324.png"",""/tangrams/4_264.png"",""/tangrams/445_437.png"",""/tangrams/81_153.png""]","[""A3"",""C1"",""D2"",""B4""]",/tangrams/81_153.png,TRUE,/tangrams/81_153.png,01M1PVVZD69SDYBBAB5MDTZSCB,01M1PVV4T08CWVFCAHVD9FMRR2,1788549148739,NA,2
01M1PW41GP2G2FHYE184KXYMR7,01M1PVPTMYJEMSH2D4PPK54AQC,training,34,2,11,48,12,5,/tangrams/337_178.png,F6,"[""/tangrams/231_230.png"",""/tangrams/457_208.png"",""/tangrams/337_178.png"",""/tangrams/60_248.png""]","[""F7"",""F4"",""F6"",""C3""]",/tangrams/337_178.png,TRUE,/tangrams/337_178.png,01M1PVXZCG5HBAN48J4YM7CT4J,01M1PVV1FSQ931Q08DC040FF4H,1788549419006,NA,3
01M1PW614N8522BEK1PM0BCK2C,01M1PVPWEFJ67VYTWGSHJ4XJ33,training,25,2,2,48,12,6,/tangrams/222_36.png,F7,"[""/tangrams/222_36.png"",""/tangrams/384_354.png"",""/tangrams/70_426.png"",""/tangrams/81_437.png""]","[""F7"",""F1"",""F3"",""B2""]",/tangrams/222_36.png,TRUE,/tangrams/222_36.png,01M1PVV71QMXF31FNN88616S34,01M1PVW7YQ0ZCTA6RRXWJ4B3KT,1788549520263,NA,3
01M1PW8ZWDNF93J8JGHNA4VR45,01M1PVPWZ383HA8RRK2RFSW236,training,8,0,9,48,12,7,/tangrams/303_302.png,B4,"[""/tangrams/303_302.png"",""/tangrams/6_311.png"",""/tangrams/183_24.png"",""/tangrams/245_304.png""]","[""B4"",""D2"",""C1"",""A3""]",/tangrams/6_311.png,FALSE,/tangrams/6_311.png,01M1PW2K6B8GZQ5Z02B5Q0TB2A,01M1PVVZ2PG17JJTAZWDXWW3JQ,1788549566376,NA,1
01M1PW9CRZSK9TZDVPFCARQG0V,01M1PVPXF92SZVFC9KB45KHNG3,training,2,0,3,48,12,7,/tangrams/391_404.png,F5,"[""/tangrams/178_230.png"",""/tangrams/303_311.png"",""/tangrams/241_420.png"",""/tangrams/391_404.png""]","[""F3"",""B2"",""F2"",""F5""]",/tangrams/391_404.png,TRUE,/tangrams/391_404.png,01M1PVVXW244MSV8KK7TFJHPNZ,01M1PVVBRZ3YZPYCQZYDADYMR6,1788548560366,NA,1
01M1PWBR38Y47H03DNY7G0H40S,01M1PVPY0135RYKX6QNWJW9HQ7,training,19,1,8,48,12,8,/tangrams/447_295.png,F7,"[""/tangrams/194_445.png"",""/tangrams/192_444.png"",""/tangrams/447_295.png"",""/tangrams/353_219.png""]","[""F3"",""D4"",""F7"",""B2""]",/tangrams/447_295.png,TRUE,/tangrams/447_295.png,01M1PVV5BA5A9YAQJQ9SAGP2BW,01M1PVW5G591MZ9WXE41XZDX0Y,1788549058951,NA,2
01M1PWEJK5778AEHKZB5GS9RK1,01M1PVPXF92SZVFC9KBGN1TRXM,training,19,1,8,48,12,7,/tangrams/6_304.png,D3,"[""/tangrams/303_304.png"",""/tangrams/183_311.png"",""/tangrams/6_24.png"",""/tangrams/6_304.png""]","[""B3"",""C2"",""D1"",""D3""]",/tangrams/6_304.png,TRUE,/tangrams/6_304.png,01M1PVVCHSJDKDCMNAX28C9KTM,01M1PVZYRHDVK94JBPD96A2FVY,1788549702741,NA,2
01M1PW0KE0SPPNKJK2NPFWAQSQ,01M1PVPSF9NDAT0BF7G6FNHKYQ,training,4,0,5,48,12,5,/tangrams/235_127.png,D1,"[""/tangrams/154_38.png"",""/tangrams/235_127.png"",""/tangrams/14_248.png"",""/tangrams/60_24.png""]","[""A2"",""D1"",""B3"",""C4""]",/tangrams/235_127.png,TRUE,/tangrams/235_127.png,01M1PVTRYDJNHHT05DKBKN76E5,01M1PVTG9CCCTFM1SEAAQ81WMP,1788548217131,NA,1
01M1PW3T7CSWF356RGEDK3EF6J,01M1PVPVN19AKJQXAJWG447XT1,training,5,0,6,48,12,6,/tangrams/445_264.png,D1,"[""/tangrams/81_324.png"",""/tangrams/445_264.png"",""/tangrams/4_153.png"",""/tangrams/275_437.png""]","[""B3"",""D1"",""C4"",""A2""]",/tangrams/445_264.png,TRUE,/tangrams/445_264.png,01M1PVV4T08CWVFCAHVD9FMRR2,01M1PVVZD69SDYBBAB5MDTZSCB,1788548942773,NA,1
01M1PW511RJ57X2S08BBCX2Z54,01M1PVPVN43CJ2ZQS2FA0GJ1TX,training,36,3,1,48,12,6,/tangrams/424_432.png,F4,"[""/tangrams/424_432.png"",""/tangrams/81_437.png"",""/tangrams/399_84.png"",""/tangrams/134_305.png""]","[""F4"",""B2"",""F2"",""F5""]",/tangrams/424_432.png,TRUE,/tangrams/424_432.png,01M1PVW97TC4GVFYDVFB1SJ9WH,01M1PVW5BM9J57HJX5KJ260RG3,1788549674338,NA,4
01M1PW5R1KXHEESXY027XJD65B,01M1PVPWEGF3RQQ2BZJMHJW5WT,training,7,0,8,48,12,6,/tangrams/275_324.png,A3,"[""/tangrams/275_437.png"",""/tangrams/275_324.png"",""/tangrams/445_264.png"",""/tangrams/81_324.png""]","[""A2"",""A3"",""D1"",""B3""]",/tangrams/275_324.png,TRUE,/tangrams/275_324.png,01M1PVV9N1B5JSVGVHP53ND1FH,01M1PVZMF178XCTABPVTWNQQ3Q,1788549159214,NA,1
01M1PWBQT6TQSHBD4K51MJB5SQ,01M1PVPY0135RYKX6QNWJW9HQ7,training,40,3,5,48,12,8,/tangrams/371_100.png,F1,"[""/tangrams/194_445.png"",""/tangrams/311_205.png"",""/tangrams/371_100.png"",""/tangrams/192_444.png""]","[""F3"",""F4"",""F1"",""D4""]",/tangrams/371_100.png,TRUE,/tangrams/371_100.png,01M1PVW5G591MZ9WXE41XZDX0Y,01M1PVV5BA5A9YAQJQ9SAGP2BW,1788549528563,NA,4
01M1PWG11NT2JFS1FY9RFBA0M3,01M1PVPY02TEGASTZW7B0B44PE,training,6,0,7,48,12,8,/tangrams/368_235.png,A3,"[""/tangrams/368_235.png"",""/tangrams/368_444.png"",""/tangrams/353_235.png"",""/tangrams/192_436.png""]","[""A3"",""A4"",""B3"",""D1""]",/tangrams/368_235.png,TRUE,/tangrams/368_235.png,01M1PWAKPMFG2PF8ZD5WBT5ANA,01M1PW1KKGDQJPNSP87YDPE8Y2,1788550154089,NA,1
01M1PWG16P3PJQSAQMRZWW4W13,01M1PVPY02TEGASTZW7B0B44PE,training,38,3,3,48,12,8,/tangrams/368_219.png,A2,"[""/tangrams/368_219.png"",""/tangrams/192_436.png"",""/tangrams/368_444.png"",""/tangrams/265_219.png""]","[""A2"",""D1"",""A4"",""C2""]",/tangrams/368_219.png,TRUE,/tangrams/368_219.png,01M1PWAKPMFG2PF8ZD5WBT5ANA,01M1PW1KKGDQJPNSP87YDPE8Y2,1788551512036,NA,4
01M1PWJSA1CYS91P9P9ZZD5Y9Z,01M1PVPY05YMN5QBCZG3YB2C9A,training,0,0,1,48,12,8,/tangrams/353_235.png,B3,"[""/tangrams/265_219.png"",""/tangrams/192_436.png"",""/tangrams/368_444.png"",""/tangrams/353_235.png""]","[""C2"",""D1"",""A4"",""B3""]",NA,FALSE,NA,01M1PWD5NE4VVV7NW46K2R05YS,01M1PW6E4667Y67QGT0X6HJCYF,NA,NA,1
01M1PW0KDF7ED5WFJSNTE8WD62,01M1PVPSF9NDAT0BF7G6FNHKYQ,training,12,1,1,48,12,5,/tangrams/235_248.png,D3,"[""/tangrams/154_24.png"",""/tangrams/60_38.png"",""/tangrams/235_248.png"",""/tangrams/14_127.png""]","[""A4"",""C2"",""D3"",""B1""]",/tangrams/235_248.png,TRUE,/tangrams/235_248.png,01M1PVTRYDJNHHT05DKBKN76E5,01M1PVTG9CCCTFM1SEAAQ81WMP,1788548480403,NA,2
01M1PW0X6V1KEV17KPCA8ARVW8,01M1PVPSFBNZXW40G11YGR32M6,training,2,0,3,48,12,5,/tangrams/235_38.png,D2,"[""/tangrams/235_127.png"",""/tangrams/154_38.png"",""/tangrams/14_24.png"",""/tangrams/235_38.png""]","[""D1"",""A2"",""B4"",""D2""]",/tangrams/235_38.png,TRUE,/tangrams/235_38.png,01M1PVVNQ4AT0NRB9TK929QH2E,01M1PVTRWTPC40C0HPR8RXXWTF,1788548360429,NA,1
01M1PW156KAKFPN43EN5VYFAJ6,01M1PVPSFBNZXW40G11G9DGVKY,training,18,1,7,48,12,5,/tangrams/411_421.png,F3,"[""/tangrams/60_248.png"",""/tangrams/321_445.png"",""/tangrams/14_38.png"",""/tangrams/411_421.png""]","[""C3"",""F1"",""B2"",""F3""]",/tangrams/411_421.png,TRUE,/tangrams/411_421.png,01M1PVVNH6WEMGKMEM2F9XPCJS,01M1PVTZDZSFSRFW0Y011447D5,1788549009948,NA,2
01M1PW41AGQK077FE8H25F6K1R,01M1PVPTMYJEMSH2D4PPK54AQC,training,42,3,7,48,12,5,/tangrams/321_445.png,F1,"[""/tangrams/337_178.png"",""/tangrams/235_24.png"",""/tangrams/321_445.png"",""/tangrams/231_230.png""]","[""F6"",""D4"",""F1"",""F7""]",/tangrams/321_445.png,TRUE,/tangrams/321_445.png,01M1PVXZCG5HBAN48J4YM7CT4J,01M1PVV1FSQ931Q08DC040FF4H,1788549646818,NA,4
01M1PW6KF52HA8E34J7DDY9GMX,01M1PVPWZ82WNHXNHFM772HZSY,training,2,0,3,48,12,7,/tangrams/183_24.png,C1,"[""/tangrams/183_302.png"",""/tangrams/245_311.png"",""/tangrams/183_24.png"",""/tangrams/303_24.png""]","[""C4"",""A2"",""C1"",""B1""]",/tangrams/183_24.png,TRUE,/tangrams/183_24.png,01M1PVWG3MVC1D7FV8A8CY40QY,01M1PVV2HGBFFFP8TQ2JTHYBNF,1788548860072,NA,1
01M1PW6KFKN1Y27A2BST8HQENB,01M1PVPWZ82WNHXNHFM772HZSY,training,0,0,1,48,12,7,/tangrams/183_302.png,C4,"[""/tangrams/183_311.png"",""/tangrams/183_302.png"",""/tangrams/245_304.png"",""/tangrams/303_302.png""]","[""C2"",""C4"",""A3"",""B4""]",/tangrams/183_302.png,TRUE,/tangrams/183_302.png,01M1PVWG3MVC1D7FV8A8CY40QY,01M1PVV2HGBFFFP8TQ2JTHYBNF,1788548791379,NA,1
01M1PW9DEG00CJATE5CM6YARNP,01M1PVPXF92SZVFC9KB45KHNG3,training,42,3,7,48,12,7,/tangrams/391_404.png,F5,"[""/tangrams/391_404.png"",""/tangrams/35_447.png"",""/tangrams/178_230.png"",""/tangrams/241_420.png""]","[""F5"",""F8"",""F3"",""F2""]",/tangrams/391_404.png,TRUE,/tangrams/391_404.png,01M1PVVXW244MSV8KK7TFJHPNZ,01M1PVVBRZ3YZPYCQZYDADYMR6,1788549397854,NA,4
01M1PWGHVVHVV332DC3TRQ24W3,01M1PVPXF8XP3FTSCWE2SZ4KAJ,training,1,0,2,48,12,7,/tangrams/6_304.png,D3,"[""/tangrams/6_304.png"",""/tangrams/245_311.png"",""/tangrams/303_24.png"",""/tangrams/183_302.png""]","[""D3"",""A2"",""B1"",""C4""]",/tangrams/183_302.png,FALSE,/tangrams/183_302.png,01M1PVW253SKBG4X7GTPVKZWRC,01M1PW23TCTCTWR44KF0HW1TG2,1788549165124,NA,1
01M1PW41C9043SQG5KX41BMPJS,01M1PVPTMYJEMSH2D4PPK54AQC,training,18,1,7,48,12,5,/tangrams/386_283.png,F2,"[""/tangrams/320_326.png"",""/tangrams/235_24.png"",""/tangrams/391_126.png"",""/tangrams/386_283.png""]","[""F5"",""D4"",""F8"",""F2""]",/tangrams/235_24.png,FALSE,/tangrams/235_24.png,01M1PVXZCG5HBAN48J4YM7CT4J,01M1PVV1FSQ931Q08DC040FF4H,1788548978958,NA,2
01M1PW5R1VQ1XFV3VN2ZDMS6Z5,01M1PVPWEGF3RQQ2BZJMHJW5WT,training,8,0,9,48,12,6,/tangrams/275_153.png,A4,"[""/tangrams/275_437.png"",""/tangrams/4_153.png"",""/tangrams/275_153.png"",""/tangrams/445_324.png""]","[""A2"",""C4"",""A4"",""D3""]",/tangrams/275_153.png,TRUE,/tangrams/275_153.png,01M1PVZMF178XCTABPVTWNQQ3Q,01M1PVV9N1B5JSVGVHP53ND1FH,1788549197087,NA,1
01M1PWEJSR8RHBBYVVZXDRDJCW,01M1PVPXF92SZVFC9KBGN1TRXM,training,40,3,5,48,12,7,/tangrams/183_302.png,C4,"[""/tangrams/183_311.png"",""/tangrams/245_302.png"",""/tangrams/303_24.png"",""/tangrams/183_302.png""]","[""C2"",""A4"",""B1"",""C4""]",/tangrams/183_302.png,TRUE,/tangrams/183_302.png,01M1PVZYRHDVK94JBPD96A2FVY,01M1PVVCHSJDKDCMNAX28C9KTM,1788550413680,NA,4
01M1PWG1D5W2VZK7SREVJX7J5A,01M1PVPY02TEGASTZW7B0B44PE,training,22,1,11,48,12,8,/tangrams/368_219.png,A2,"[""/tangrams/353_444.png"",""/tangrams/368_235.png"",""/tangrams/192_219.png"",""/tangrams/368_219.png""]","[""B4"",""A3"",""D2"",""A2""]",/tangrams/368_219.png,TRUE,/tangrams/368_219.png,01M1PWAKPMFG2PF8ZD5WBT5ANA,01M1PW1KKGDQJPNSP87YDPE8Y2,1788550922134,NA,2
01M1PW3TJCBM142KW5PN4DTRNJ,01M1PVPVN19AKJQXAJWG447XT1,training,43,3,8,48,12,6,/tangrams/275_324.png,A3,"[""/tangrams/81_264.png"",""/tangrams/4_153.png"",""/tangrams/445_437.png"",""/tangrams/275_324.png""]","[""B1"",""C4"",""D2"",""A3""]",/tangrams/275_324.png,TRUE,/tangrams/275_324.png,01M1PVV4T08CWVFCAHVD9FMRR2,01M1PVVZD69SDYBBAB5MDTZSCB,1788549771959,NA,4
01M1PW6KDCVV8SKJ10MQFD1MCP,01M1PVPWZ82WNHXNHFM772HZSY,training,11,0,12,48,12,7,/tangrams/245_311.png,A2,"[""/tangrams/245_302.png"",""/tangrams/245_311.png"",""/tangrams/303_304.png"",""/tangrams/6_311.png""]","[""A4"",""A2"",""B3"",""D2""]",/tangrams/245_311.png,TRUE,/tangrams/245_311.png,01M1PVV2HGBFFFP8TQ2JTHYBNF,01M1PVWG3MVC1D7FV8A8CY40QY,1788549212661,NA,1
01M1PW7EKAA5E143P7KVG6N25Z,01M1PVPWZ7KQZN2DHXW0TTKG9P,training,21,1,10,48,12,7,/tangrams/340_29.png,F1,"[""/tangrams/35_447.png"",""/tangrams/178_230.png"",""/tangrams/183_304.png"",""/tangrams/340_29.png""]","[""F8"",""F3"",""C3"",""F1""]",/tangrams/183_304.png,FALSE,/tangrams/183_304.png,01M1PVVTM3JYE18KKXW2DCV15S,01M1PVZ3NBFP4RQAMM34F5EPHD,1788549496497,NA,2
01M1PWEJMS24GNE2HF9W3DEBMR,01M1PVPXF92SZVFC9KBGN1TRXM,training,23,1,12,48,12,7,/tangrams/245_311.png,A2,"[""/tangrams/245_302.png"",""/tangrams/245_311.png"",""/tangrams/303_304.png"",""/tangrams/183_311.png""]","[""A4"",""A2"",""B3"",""C2""]",/tangrams/245_311.png,TRUE,/tangrams/245_311.png,01M1PVVCHSJDKDCMNAX28C9KTM,01M1PVZYRHDVK94JBPD96A2FVY,1788549865345,NA,2
01M1PW1ZH1SBMTVYGERJ63CK7X,01M1PVPTMX8QBBEQ1CAWS8Y65C,training,5,0,6,48,12,5,/tangrams/14_248.png,B3,"[""/tangrams/154_248.png"",""/tangrams/235_38.png"",""/tangrams/14_248.png"",""/tangrams/14_24.png""]","[""A3"",""D2"",""B3"",""B4""]",/tangrams/14_248.png,TRUE,/tangrams/14_248.png,01M1PVVDJXTQ0S1H8V336MES03,01M1PVVEHT22G3NCF8EGPQWRYM,1788549080305,NA,1
01M1PW7EQT4BSFPZ2GKRCB9GAD,01M1PVPWZ7KQZN2DHXW0TTKG9P,training,34,2,11,48,12,7,/tangrams/6_302.png,D4,"[""/tangrams/245_24.png"",""/tangrams/6_302.png"",""/tangrams/241_420.png"",""/tangrams/383_160.png""]","[""A1"",""D4"",""F2"",""F7""]",/tangrams/6_302.png,TRUE,/tangrams/6_302.png,01M1PVZ3NBFP4RQAMM34F5EPHD,01M1PVVTM3JYE18KKXW2DCV15S,1788550004785,NA,3
01M1PW8ZPF0T06Y4VFRA6D4GMH,01M1PVPWZ383HA8RRK2RFSW236,training,42,3,7,48,12,7,/tangrams/6_24.png,D1,"[""/tangrams/303_304.png"",""/tangrams/245_311.png"",""/tangrams/6_24.png"",""/tangrams/183_302.png""]","[""B3"",""A2"",""D1"",""C4""]",/tangrams/6_24.png,TRUE,/tangrams/6_24.png,01M1PW2K6B8GZQ5Z02B5Q0TB2A,01M1PVVZ2PG17JJTAZWDXWW3JQ,1788550581710,NA,4
01M1PWBQZX91VAFRZXRNEB7TSX,01M1PVPY0135RYKX6QNWJW9HQ7,training,27,2,4,48,12,8,/tangrams/447_295.png,F7,"[""/tangrams/447_295.png"",""/tangrams/101_61.png"",""/tangrams/265_235.png"",""/tangrams/368_436.png""]","[""F7"",""F2"",""C3"",""A1""]",/tangrams/447_295.png,TRUE,/tangrams/447_295.png,01M1PVV5BA5A9YAQJQ9SAGP2BW,01M1PVW5G591MZ9WXE41XZDX0Y,1788549248019,NA,3
01M1PWGJ3JNCG3E21C2XGEC3TW,01M1PVPXF8XP3FTSCWE2SZ4KAJ,training,18,1,7,48,12,7,/tangrams/183_24.png,C1,"[""/tangrams/6_311.png"",""/tangrams/245_302.png"",""/tangrams/303_304.png"",""/tangrams/183_24.png""]","[""D2"",""A4"",""B3"",""C1""]",/tangrams/183_24.png,TRUE,/tangrams/183_24.png,01M1PW23TCTCTWR44KF0HW1TG2,01M1PVW253SKBG4X7GTPVKZWRC,1788549808309,NA,2
01M1PW41FQCQXJ55C3G1RVFR6B,01M1PVPTMYJEMSH2D4PPK54AQC,training,28,2,5,48,12,5,/tangrams/386_283.png,F2,"[""/tangrams/457_208.png"",""/tangrams/231_230.png"",""/tangrams/386_283.png"",""/tangrams/337_178.png""]","[""F4"",""F7"",""F2"",""F6""]",/tangrams/386_283.png,TRUE,/tangrams/386_283.png,01M1PVXZCG5HBAN48J4YM7CT4J,01M1PVV1FSQ931Q08DC040FF4H,1788549258534,NA,3
01M1PWEJKYGFXZR232CBRAJNKA,01M1PVPXF92SZVFC9KBGN1TRXM,training,21,1,10,48,12,7,/tangrams/303_302.png,B4,"[""/tangrams/303_302.png"",""/tangrams/303_304.png"",""/tangrams/245_302.png"",""/tangrams/6_311.png""]","[""B4"",""B3"",""A4"",""D2""]",/tangrams/303_302.png,TRUE,/tangrams/303_302.png,01M1PVVCHSJDKDCMNAX28C9KTM,01M1PVZYRHDVK94JBPD96A2FVY,1788549796858,NA,2
01M1PW0XAJV7FM74WTBMC5F53H,01M1PVPSFBNZXW40G11YGR32M6,training,38,3,3,48,12,5,/tangrams/154_24.png,A4,"[""/tangrams/154_24.png"",""/tangrams/14_24.png"",""/tangrams/235_127.png"",""/tangrams/154_38.png""]","[""A4"",""B4"",""D1"",""A2""]",/tangrams/154_24.png,TRUE,/tangrams/154_24.png,01M1PVVNQ4AT0NRB9TK929QH2E,01M1PVTRWTPC40C0HPR8RXXWTF,1788549076254,NA,4
01M1PW1ZNQWFY2GRKE0MN0VE5S,01M1PVPTMX8QBBEQ1CAWS8Y65C,training,20,1,9,48,12,5,/tangrams/14_248.png,B3,"[""/tangrams/60_38.png"",""/tangrams/14_24.png"",""/tangrams/14_248.png"",""/tangrams/154_248.png""]","[""C2"",""B4"",""B3"",""A3""]",/tangrams/14_248.png,TRUE,/tangrams/14_248.png,01M1PVVEHT22G3NCF8EGPQWRYM,01M1PVVDJXTQ0S1H8V336MES03,1788549633027,NA,2
01M1PW3H0FKJ2GC7ZNGPJF3BY7,01M1PVPVN58XQ8WD43NR9G03HY,training,10,0,11,48,12,6,/tangrams/4_153.png,C4,"[""/tangrams/4_153.png"",""/tangrams/445_264.png"",""/tangrams/81_153.png"",""/tangrams/4_437.png""]","[""C4"",""D1"",""B4"",""C2""]",NA,NA,NA,NA,NA,NA,NA,1
01M1PW6KHENYP1PX4TV3S8D3QK,01M1PVPWZ82WNHXNHFM772HZSY,training,41,3,6,48,12,7,/tangrams/245_304.png,A3,"[""/tangrams/245_311.png"",""/tangrams/245_304.png"",""/tangrams/303_302.png"",""/tangrams/6_304.png""]","[""A2"",""A3"",""B4"",""D3""]",/tangrams/245_304.png,TRUE,/tangrams/245_304.png,01M1PVV2HGBFFFP8TQ2JTHYBNF,01M1PVWG3MVC1D7FV8A8CY40QY,1788550146725,NA,4
01M1PW6XWRKT5WS07CMF853K4C,01M1PVPWEJQS052PE7X7E1TZK9,training,10,0,11,48,12,6,/tangrams/445_324.png,D3,"[""/tangrams/275_153.png"",""/tangrams/4_437.png"",""/tangrams/445_324.png"",""/tangrams/81_264.png""]","[""A4"",""C2"",""D3"",""B1""]",/tangrams/445_324.png,TRUE,/tangrams/445_324.png,01M1PVW75JX1QRKD2FQCCBJ017,01M1PVVX5KFM5CFX55QQRWNDX8,1788548798484,NA,1
01M1PW7EQHRT7FPRTSVPVBKR0Q,01M1PVPWZ7KQZN2DHXW0TTKG9P,training,35,2,12,48,12,7,/tangrams/178_230.png,F3,"[""/tangrams/340_29.png"",""/tangrams/6_302.png"",""/tangrams/383_160.png"",""/tangrams/178_230.png""]","[""F1"",""D4"",""F7"",""F3""]",/tangrams/178_230.png,TRUE,/tangrams/178_230.png,01M1PVVTM3JYE18KKXW2DCV15S,01M1PVZ3NBFP4RQAMM34F5EPHD,1788550030995,NA,3
01M1PWGJ5PR9PVTED44CFR1YPV,01M1PVPXF8XP3FTSCWE2SZ4KAJ,training,22,1,11,48,12,7,/tangrams/303_304.png,B3,"[""/tangrams/183_311.png"",""/tangrams/245_302.png"",""/tangrams/303_304.png"",""/tangrams/6_24.png""]","[""C2"",""A4"",""B3"",""D1""]",/tangrams/303_304.png,TRUE,/tangrams/303_304.png,01M1PW23TCTCTWR44KF0HW1TG2,01M1PVW253SKBG4X7GTPVKZWRC,1788549968021,NA,2
01M1PWJSZ9NP84BZMCVPJJJ1H8,01M1PVPY05YMN5QBCZG3YB2C9A,training,42,3,7,48,12,8,/tangrams/192_219.png,D2,"[""/tangrams/368_235.png"",""/tangrams/265_444.png"",""/tangrams/353_436.png"",""/tangrams/192_219.png""]","[""A3"",""C4"",""B1"",""D2""]",NA,NA,NA,NA,NA,NA,NA,4
01M1PW0KJPB7J9AAPJP4DCE42R,01M1PVPSF9NDAT0BF7G6FNHKYQ,training,27,2,4,48,12,5,/tangrams/60_24.png,C4,"[""/tangrams/14_127.png"",""/tangrams/60_24.png"",""/tangrams/235_38.png"",""/tangrams/154_248.png""]","[""B1"",""C4"",""D2"",""A3""]",/tangrams/60_24.png,TRUE,/tangrams/60_24.png,01M1PVTG9CCCTFM1SEAAQ81WMP,01M1PVTRYDJNHHT05DKBKN76E5,1788548884325,NA,3
01M1PW50WFRS42ZPSX5WYNXJWB,01M1PVPVN43CJ2ZQS2FA0GJ1TX,training,14,1,3,48,12,6,/tangrams/275_264.png,A1,"[""/tangrams/4_324.png"",""/tangrams/204_449.png"",""/tangrams/384_354.png"",""/tangrams/275_264.png""]","[""C3"",""F8"",""F1"",""A1""]",/tangrams/275_264.png,TRUE,/tangrams/275_264.png,01M1PVW97TC4GVFYDVFB1SJ9WH,01M1PVW5BM9J57HJX5KJ260RG3,1788548854948,NA,2
01M1PW0KNSR4KQK23JA1ZGE0RK,01M1PVPSF9NDAT0BF7G6FNHKYQ,training,3,0,4,48,12,5,/tangrams/60_24.png,C4,"[""/tangrams/60_24.png"",""/tangrams/235_127.png"",""/tangrams/154_38.png"",""/tangrams/14_248.png""]","[""C4"",""D1"",""A2"",""B3""]",/tangrams/60_24.png,TRUE,/tangrams/60_24.png,01M1PVTG9CCCTFM1SEAAQ81WMP,01M1PVTRYDJNHHT05DKBKN76E5,1788548188476,NA,1
01M1PW0XANXVZNDN8628ZR9JS5,01M1PVPSFBNZXW40G11YGR32M6,training,39,3,4,48,12,5,/tangrams/235_38.png,D2,"[""/tangrams/60_38.png"",""/tangrams/235_127.png"",""/tangrams/235_38.png"",""/tangrams/154_248.png""]","[""C2"",""D1"",""D2"",""A3""]",/tangrams/235_38.png,TRUE,/tangrams/235_38.png,01M1PVTRWTPC40C0HPR8RXXWTF,01M1PVVNQ4AT0NRB9TK929QH2E,1788549092935,NA,4
01M1PW157XDN54R8WHPKDZCN03,01M1PVPSFBNZXW40G11G9DGVKY,training,42,3,7,48,12,5,/tangrams/411_421.png,F3,"[""/tangrams/411_421.png"",""/tangrams/235_24.png"",""/tangrams/154_127.png"",""/tangrams/337_178.png""]","[""F3"",""D4"",""A1"",""F6""]",/tangrams/411_421.png,TRUE,/tangrams/411_421.png,01M1PVVNH6WEMGKMEM2F9XPCJS,01M1PVTZDZSFSRFW0Y011447D5,1788549687038,NA,4
01M1PW5R2KGG9FK0X55TN625SV,01M1PVPWEGF3RQQ2BZJMHJW5WT,training,11,0,12,48,12,6,/tangrams/4_264.png,C1,"[""/tangrams/4_437.png"",""/tangrams/445_264.png"",""/tangrams/275_153.png"",""/tangrams/4_264.png""]","[""C2"",""D1"",""A4"",""C1""]",/tangrams/4_264.png,TRUE,/tangrams/4_264.png,01M1PVV9N1B5JSVGVHP53ND1FH,01M1PVZMF178XCTABPVTWNQQ3Q,1788549326401,NA,1
01M1PW6112NJETA54Y1V62SBFG,01M1PVPWEFJ67VYTWGSHJ4XJ33,training,12,1,1,48,12,6,/tangrams/330_144.png,F6,"[""/tangrams/330_144.png"",""/tangrams/134_305.png"",""/tangrams/445_153.png"",""/tangrams/399_84.png""]","[""F6"",""F5"",""D4"",""F2""]",/tangrams/330_144.png,TRUE,/tangrams/330_144.png,01M1PVW7YQ0ZCTA6RRXWJ4B3KT,01M1PVV71QMXF31FNN88616S34,1788548987113,NA,2
01M1PW8ZN7ZK8FDYV3SSNDGGD5,01M1PVPWZ383HA8RRK2RFSW236,training,23,1,12,48,12,7,/tangrams/6_311.png,D2,"[""/tangrams/183_302.png"",""/tangrams/245_304.png"",""/tangrams/303_24.png"",""/tangrams/6_311.png""]","[""C4"",""A3"",""B1"",""D2""]",/tangrams/6_311.png,TRUE,/tangrams/6_311.png,01M1PVVZ2PG17JJTAZWDXWW3JQ,01M1PW2K6B8GZQ5Z02B5Q0TB2A,1788550101583,NA,2
01M1PW0KCTTAZ34Y6YQJJ5ZQFW,01M1PVPSF9NDAT0BF7G6FNHKYQ,training,1,0,2,48,12,5,/tangrams/154_248.png,A3,"[""/tangrams/14_24.png"",""/tangrams/235_127.png"",""/tangrams/154_248.png"",""/tangrams/60_38.png""]","[""B4"",""D1"",""A3"",""C2""]",/tangrams/154_248.png,TRUE,/tangrams/154_248.png,01M1PVTG9CCCTFM1SEAAQ81WMP,01M1PVTRYDJNHHT05DKBKN76E5,1788548133529,NA,1
01M1PW513TPR82TJ2KTDKSCT62,01M1PVPVN43CJ2ZQS2FA0GJ1TX,training,9,0,10,48,12,6,/tangrams/275_264.png,A1,"[""/tangrams/275_264.png"",""/tangrams/134_305.png"",""/tangrams/70_426.png"",""/tangrams/399_84.png""]","[""A1"",""F5"",""F3"",""F2""]",/tangrams/275_264.png,TRUE,/tangrams/275_264.png,01M1PVW5BM9J57HJX5KJ260RG3,01M1PVW97TC4GVFYDVFB1SJ9WH,1788548669183,NA,1
01M1PW515PN786XJP0WNVX2GHM,01M1PVPVN43CJ2ZQS2FA0GJ1TX,training,23,1,12,48,12,6,/tangrams/4_324.png,C3,"[""/tangrams/424_432.png"",""/tangrams/384_354.png"",""/tangrams/4_324.png"",""/tangrams/275_264.png""]","[""F4"",""F1"",""C3"",""A1""]",/tangrams/4_324.png,TRUE,/tangrams/4_324.png,01M1PVW5BM9J57HJX5KJ260RG3,01M1PVW97TC4GVFYDVFB1SJ9WH,1788549229021,NA,2
01M1PW5R4WNJZZ1DS7KG6KB7J5,01M1PVPWEGF3RQQ2BZJMHJW5WT,training,22,1,11,48,12,6,/tangrams/445_437.png,D2,"[""/tangrams/445_324.png"",""/tangrams/4_437.png"",""/tangrams/445_437.png"",""/tangrams/81_153.png""]","[""D3"",""C2"",""D2"",""B4""]",/tangrams/445_437.png,TRUE,/tangrams/445_437.png,01M1PVZMF178XCTABPVTWNQQ3Q,01M1PVV9N1B5JSVGVHP53ND1FH,1788549730691,NA,2
01M1PW9D7K4RPY11C2JEWQTJYX,01M1PVPXF92SZVFC9KB45KHNG3,training,23,1,12,48,12,7,/tangrams/340_29.png,F1,"[""/tangrams/178_230.png"",""/tangrams/340_29.png"",""/tangrams/245_24.png"",""/tangrams/183_304.png""]","[""F3"",""F1"",""A1"",""C3""]",/tangrams/340_29.png,TRUE,/tangrams/340_29.png,01M1PVVBRZ3YZPYCQZYDADYMR6,01M1PVVXW244MSV8KK7TFJHPNZ,1788549073564,NA,2
01M1PW0KDHQZAWAJV8XXH3HEKJ,01M1PVPSF9NDAT0BF7G6FNHKYQ,training,11,0,12,48,12,5,/tangrams/14_24.png,B4,"[""/tangrams/60_127.png"",""/tangrams/154_38.png"",""/tangrams/14_24.png"",""/tangrams/235_248.png""]","[""C1"",""A2"",""B4"",""D3""]",/tangrams/14_24.png,TRUE,/tangrams/14_24.png,01M1PVTG9CCCTFM1SEAAQ81WMP,01M1PVTRYDJNHHT05DKBKN76E5,1788548445883,NA,1
01M1PW3GTSC20Q54WHW6TY6F67,01M1PVPVN58XQ8WD43NR9G03HY,training,31,2,8,48,12,6,/tangrams/275_153.png,A4,"[""/tangrams/4_153.png"",""/tangrams/275_437.png"",""/tangrams/81_264.png"",""/tangrams/275_153.png""]","[""C4"",""A2"",""B1"",""A4""]",NA,NA,NA,NA,NA,NA,NA,3
01M1PW60ZS62VYVQAASRT636WM,01M1PVPWEFJ67VYTWGSHJ4XJ33,training,6,0,7,48,12,6,/tangrams/384_354.png,F1,"[""/tangrams/424_432.png"",""/tangrams/330_144.png"",""/tangrams/384_354.png"",""/tangrams/275_264.png""]","[""F4"",""F6"",""F1"",""A1""]",/tangrams/384_354.png,TRUE,/tangrams/384_354.png,01M1PVW7YQ0ZCTA6RRXWJ4B3KT,01M1PVV71QMXF31FNN88616S34,1788548725362,NA,1
01M1PW6KERNC966FB989X3K6C7,01M1PVPWZ82WNHXNHFM772HZSY,training,4,0,5,48,12,7,/tangrams/245_304.png,A3,"[""/tangrams/245_304.png"",""/tangrams/6_304.png"",""/tangrams/245_302.png"",""/tangrams/303_24.png""]","[""A3"",""D3"",""A4"",""B1""]",/tangrams/245_304.png,TRUE,/tangrams/245_304.png,01M1PVWG3MVC1D7FV8A8CY40QY,01M1PVV2HGBFFFP8TQ2JTHYBNF,1788548923890,NA,1
01M1PW6YE46725YPKRAYXDVPPX,01M1PVPWEJQS052PE7X7E1TZK9,training,41,3,6,48,12,6,/tangrams/81_324.png,B3,"[""/tangrams/445_264.png"",""/tangrams/81_324.png"",""/tangrams/275_153.png"",""/tangrams/4_437.png""]","[""D1"",""B3"",""A4"",""C2""]",/tangrams/81_324.png,TRUE,/tangrams/81_324.png,01M1PVVX5KFM5CFX55QQRWNDX8,01M1PVW75JX1QRKD2FQCCBJ017,1788549277123,NA,4
01M1PW9D3EGM6EFVT07N13H8Q5,01M1PVPXF92SZVFC9KB45KHNG3,training,14,1,3,48,12,7,/tangrams/6_302.png,D4,"[""/tangrams/241_420.png"",""/tangrams/6_302.png"",""/tangrams/178_230.png"",""/tangrams/303_311.png""]","[""F2"",""D4"",""F3"",""B2""]",/tangrams/6_302.png,TRUE,/tangrams/6_302.png,01M1PVVXW244MSV8KK7TFJHPNZ,01M1PVVBRZ3YZPYCQZYDADYMR6,1788548878045,NA,2
01M1PWBR4X371620BDS0XJJKXC,01M1PVPY0135RYKX6QNWJW9HQ7,training,14,1,3,48,12,8,/tangrams/353_219.png,B2,"[""/tangrams/277_238.png"",""/tangrams/414_365.png"",""/tangrams/353_219.png"",""/tangrams/311_205.png""]","[""F8"",""F6"",""B2"",""F4""]",/tangrams/353_219.png,TRUE,/tangrams/353_219.png,01M1PVW5G591MZ9WXE41XZDX0Y,01M1PVV5BA5A9YAQJQ9SAGP2BW,1788548940736,NA,2
01M1PWG19YVKNJR5V94PYYGEWE,01M1PVPY02TEGASTZW7B0B44PE,training,30,2,7,48,12,8,/tangrams/353_444.png,B4,"[""/tangrams/353_235.png"",""/tangrams/353_444.png"",""/tangrams/265_444.png"",""/tangrams/192_219.png""]","[""B3"",""B4"",""C4"",""D2""]",/tangrams/353_444.png,TRUE,/tangrams/353_444.png,01M1PWAKPMFG2PF8ZD5WBT5ANA,01M1PW1KKGDQJPNSP87YDPE8Y2,1788551224550,NA,3
01M1PW6Y2WD21518V2FSDWC5FD,01M1PVPWEJQS052PE7X7E1TZK9,training,11,0,12,48,12,6,/tangrams/81_264.png,B1,"[""/tangrams/4_153.png"",""/tangrams/275_437.png"",""/tangrams/445_324.png"",""/tangrams/81_264.png""]","[""C4"",""A2"",""D3"",""B1""]",/tangrams/81_264.png,TRUE,/tangrams/81_264.png,01M1PVVX5KFM5CFX55QQRWNDX8,01M1PVW75JX1QRKD2FQCCBJ017,1788548817899,NA,1
01M1PWJSST7M5T3ZV6Q9CA319S,01M1PVPY05YMN5QBCZG3YB2C9A,training,34,2,11,48,12,8,/tangrams/353_235.png,B3,"[""/tangrams/265_436.png"",""/tangrams/192_219.png"",""/tangrams/353_235.png"",""/tangrams/368_444.png""]","[""C1"",""D2"",""B3"",""A4""]",NA,NA,NA,NA,NA,NA,NA,3
01M1PW3THDK6TVWGV1Q34VTX50,01M1PVPVN19AKJQXAJWG447XT1,training,36,3,1,48,12,6,/tangrams/81_324.png,B3,"[""/tangrams/4_153.png"",""/tangrams/81_324.png"",""/tangrams/445_264.png"",""/tangrams/275_437.png""]","[""C4"",""B3"",""D1"",""A2""]",/tangrams/81_324.png,TRUE,/tangrams/81_324.png,01M1PVVZD69SDYBBAB5MDTZSCB,01M1PVV4T08CWVFCAHVD9FMRR2,1788549658050,NA,4
01M1PW6YECB2YNMM66GAP4XGWS,01M1PVPWEJQS052PE7X7E1TZK9,training,42,3,7,48,12,6,/tangrams/445_324.png,D3,"[""/tangrams/445_324.png"",""/tangrams/275_437.png"",""/tangrams/81_153.png"",""/tangrams/4_264.png""]","[""D3"",""A2"",""B4"",""C1""]",/tangrams/445_324.png,TRUE,/tangrams/445_324.png,01M1PVW75JX1QRKD2FQCCBJ017,01M1PVVX5KFM5CFX55QQRWNDX8,1788549290957,NA,4
01M1PW0X7CKYN5402CFM6160ZC,01M1PVPSFBNZXW40G11YGR32M6,training,14,1,3,48,12,5,/tangrams/14_127.png,B1,"[""/tangrams/60_127.png"",""/tangrams/14_127.png"",""/tangrams/154_24.png"",""/tangrams/14_248.png""]","[""C1"",""B1"",""A4"",""B3""]",/tangrams/14_127.png,TRUE,/tangrams/14_127.png,01M1PVVNQ4AT0NRB9TK929QH2E,01M1PVTRWTPC40C0HPR8RXXWTF,1788548667458,NA,2
01M1PW0X9ECKN2H40XTG0WEC7N,01M1PVPSFBNZXW40G11YGR32M6,training,30,2,7,48,12,5,/tangrams/154_24.png,A4,"[""/tangrams/154_248.png"",""/tangrams/14_24.png"",""/tangrams/60_38.png"",""/tangrams/154_24.png""]","[""A3"",""B4"",""C2"",""A4""]",/tangrams/154_24.png,TRUE,/tangrams/154_24.png,01M1PVVNQ4AT0NRB9TK929QH2E,01M1PVTRWTPC40C0HPR8RXXWTF,1788548945551,NA,3
01M1PW1ZEH2F74EQ4TJR61MYDV,01M1PVPTMX8QBBEQ1CAWS8Y65C,training,41,3,6,48,12,5,/tangrams/154_248.png,A3,"[""/tangrams/154_24.png"",""/tangrams/235_248.png"",""/tangrams/60_38.png"",""/tangrams/154_248.png""]","[""A4"",""D3"",""C2"",""A3""]",/tangrams/154_248.png,TRUE,/tangrams/154_248.png,01M1PVVDJXTQ0S1H8V336MES03,01M1PVVEHT22G3NCF8EGPQWRYM,1788550126885,NA,4
01M1PW2VK9S0F30K3N6AS3EENN,01M1PVPTMT2TF5TMW6DY08RG1A,training,6,0,7,48,12,5,/tangrams/235_127.png,D1,"[""/tangrams/154_38.png"",""/tangrams/60_24.png"",""/tangrams/235_127.png"",""/tangrams/14_248.png""]","[""A2"",""C4"",""D1"",""B3""]",/tangrams/235_127.png,TRUE,/tangrams/235_127.png,01M1PVVYCG3ZV9Y0QVDS434K08,01M1PVVTHSCRB56WAFX0KRCSX2,1788549083950,NA,1
01M1PW50W6FFAETREB2WJQWA4Z,01M1PVPVN43CJ2ZQS2FA0GJ1TX,training,6,0,7,48,12,6,/tangrams/445_153.png,D4,"[""/tangrams/222_36.png"",""/tangrams/70_426.png"",""/tangrams/445_153.png"",""/tangrams/330_144.png""]","[""F7"",""F3"",""D4"",""F6""]",/tangrams/445_153.png,TRUE,/tangrams/445_153.png,01M1PVW97TC4GVFYDVFB1SJ9WH,01M1PVW5BM9J57HJX5KJ260RG3,1788548537762,NA,1
01M1PW3T73A5YZJZJ6PTX49VSN,01M1PVPVN19AKJQXAJWG447XT1,training,3,0,4,48,12,6,/tangrams/81_264.png,B1,"[""/tangrams/445_437.png"",""/tangrams/4_153.png"",""/tangrams/275_324.png"",""/tangrams/81_264.png""]","[""D2"",""C4"",""A3"",""B1""]",/tangrams/81_264.png,TRUE,/tangrams/81_264.png,01M1PVV4T08CWVFCAHVD9FMRR2,01M1PVVZD69SDYBBAB5MDTZSCB,1788548882665,NA,1
01M1PW3TGEJNSVN7P0RFW15033,01M1PVPVN19AKJQXAJWG447XT1,training,34,2,11,48,12,6,/tangrams/275_324.png,A3,"[""/tangrams/81_153.png"",""/tangrams/4_437.png"",""/tangrams/275_324.png"",""/tangrams/445_264.png""]","[""B4"",""C2"",""A3"",""D1""]",/tangrams/275_324.png,TRUE,/tangrams/275_324.png,01M1PVVZD69SDYBBAB5MDTZSCB,01M1PVV4T08CWVFCAHVD9FMRR2,1788549630530,NA,3
01M1PW5QZGS157P520ZYDX20T4,01M1PVPWEGF3RQQ2BZJMHJW5WT,training,46,3,11,48,12,6,/tangrams/275_324.png,A3,"[""/tangrams/275_437.png"",""/tangrams/275_324.png"",""/tangrams/4_153.png"",""/tangrams/445_324.png""]","[""A2"",""A3"",""C4"",""D3""]",/tangrams/275_324.png,TRUE,/tangrams/275_324.png,01M1PVZMF178XCTABPVTWNQQ3Q,01M1PVV9N1B5JSVGVHP53ND1FH,1788550507517,NA,4
01M1PW60ZZC470E1V2P9X4KJAD,01M1PVPWEFJ67VYTWGSHJ4XJ33,training,7,0,8,48,12,6,/tangrams/222_36.png,F7,"[""/tangrams/330_144.png"",""/tangrams/222_36.png"",""/tangrams/424_432.png"",""/tangrams/399_84.png""]","[""F6"",""F7"",""F4"",""F2""]",/tangrams/222_36.png,TRUE,/tangrams/222_36.png,01M1PVV71QMXF31FNN88616S34,01M1PVW7YQ0ZCTA6RRXWJ4B3KT,1788548767250,NA,1
01M1PW6KCN073876T2K4GBFAAA,01M1PVPWZ82WNHXNHFM772HZSY,training,14,1,3,48,12,7,/tangrams/183_24.png,C1,"[""/tangrams/183_311.png"",""/tangrams/245_302.png"",""/tangrams/183_24.png"",""/tangrams/303_24.png""]","[""C2"",""A4"",""C1"",""B1""]",/tangrams/183_24.png,TRUE,/tangrams/183_24.png,01M1PVWG3MVC1D7FV8A8CY40QY,01M1PVV2HGBFFFP8TQ2JTHYBNF,1788549312952,NA,2
01M1PW9DC6DEYG78EMJGNBC790,01M1PVPXF92SZVFC9KB45KHNG3,training,36,3,1,48,12,7,/tangrams/51_378.png,F4,"[""/tangrams/286_225.png"",""/tangrams/241_420.png"",""/tangrams/51_378.png"",""/tangrams/340_29.png""]","[""F6"",""F2"",""F4"",""F1""]",/tangrams/51_378.png,TRUE,/tangrams/51_378.png,01M1PVVXW244MSV8KK7TFJHPNZ,01M1PVVBRZ3YZPYCQZYDADYMR6,1788549303627,NA,4
01M1PWGJCPPMRB4DF21CT79GJ7,01M1PVPXF8XP3FTSCWE2SZ4KAJ,training,39,3,4,48,12,7,/tangrams/303_24.png,B1,"[""/tangrams/6_304.png"",""/tangrams/245_302.png"",""/tangrams/183_311.png"",""/tangrams/303_24.png""]","[""D3"",""A4"",""C2"",""B1""]",/tangrams/303_24.png,TRUE,/tangrams/303_24.png,01M1PVW253SKBG4X7GTPVKZWRC,01M1PW23TCTCTWR44KF0HW1TG2,1788550460862,NA,4
01M1PW0X9CK6725SA8QTJA0AR2,01M1PVPSFBNZXW40G11YGR32M6,training,29,2,6,48,12,5,/tangrams/14_127.png,B1,"[""/tangrams/14_24.png"",""/tangrams/14_127.png"",""/tangrams/154_38.png"",""/tangrams/60_127.png""]","[""B4"",""B1"",""A2"",""C1""]",/tangrams/14_127.png,TRUE,/tangrams/14_127.png,01M1PVTRWTPC40C0HPR8RXXWTF,01M1PVVNQ4AT0NRB9TK929QH2E,1788548926774,NA,3
01M1PW1ZEXHTE0GRFTZAG9R68B,01M1PVPTMX8QBBEQ1CAWS8Y65C,training,14,1,3,48,12,5,/tangrams/235_38.png,D2,"[""/tangrams/235_127.png"",""/tangrams/235_38.png"",""/tangrams/154_38.png"",""/tangrams/14_248.png""]","[""D1"",""D2"",""A2"",""B3""]",/tangrams/235_38.png,TRUE,/tangrams/235_38.png,01M1PVVEHT22G3NCF8EGPQWRYM,01M1PVVDJXTQ0S1H8V336MES03,1788549397267,NA,2
01M1PW7EMRXHV8MYTJ4QHJGM2B,01M1PVPWZ7KQZN2DHXW0TTKG9P,training,42,3,7,48,12,7,/tangrams/6_302.png,D4,"[""/tangrams/183_304.png"",""/tangrams/391_404.png"",""/tangrams/286_225.png"",""/tangrams/6_302.png""]","[""C3"",""F5"",""F6"",""D4""]",/tangrams/6_302.png,TRUE,/tangrams/6_302.png,01M1PVZ3NBFP4RQAMM34F5EPHD,01M1PVVTM3JYE18KKXW2DCV15S,1788550242864,NA,4
01M1PW9DFD51XNF8GECXN83D29,01M1PVPXF92SZVFC9KB45KHNG3,training,44,3,9,48,12,7,/tangrams/6_302.png,D4,"[""/tangrams/286_225.png"",""/tangrams/6_302.png"",""/tangrams/178_230.png"",""/tangrams/35_447.png""]","[""F6"",""D4"",""F3"",""F8""]",/tangrams/6_302.png,TRUE,/tangrams/6_302.png,01M1PVVXW244MSV8KK7TFJHPNZ,01M1PVVBRZ3YZPYCQZYDADYMR6,1788549432084,NA,4
01M1PWBQQ2H822XPXP1BMGZENT,01M1PVPY0135RYKX6QNWJW9HQ7,training,5,0,6,48,12,8,/tangrams/265_235.png,C3,"[""/tangrams/38_309.png"",""/tangrams/192_444.png"",""/tangrams/311_205.png"",""/tangrams/265_235.png""]","[""F5"",""D4"",""F4"",""C3""]",/tangrams/265_235.png,TRUE,/tangrams/265_235.png,01M1PVV5BA5A9YAQJQ9SAGP2BW,01M1PVW5G591MZ9WXE41XZDX0Y,1788548667130,NA,1
01M1PW2VTYF47DXQP2WM1BQMNT,01M1PVPTMT2TF5TMW6DY08RG1A,training,12,1,1,48,12,5,/tangrams/14_24.png,B4,"[""/tangrams/14_24.png"",""/tangrams/235_248.png"",""/tangrams/60_127.png"",""/tangrams/154_38.png""]","[""B4"",""D3"",""C1"",""A2""]",/tangrams/14_24.png,TRUE,/tangrams/14_24.png,01M1PVVYCG3ZV9Y0QVDS434K08,01M1PVVTHSCRB56WAFX0KRCSX2,1788549308650,NA,2
01M1PWBR4KPGX9067MJB1QKM3E,01M1PVPY0135RYKX6QNWJW9HQ7,training,15,1,4,48,12,8,/tangrams/38_309.png,F5,"[""/tangrams/101_61.png"",""/tangrams/265_235.png"",""/tangrams/38_309.png"",""/tangrams/447_295.png""]","[""F2"",""C3"",""F5"",""F7""]",/tangrams/38_309.png,TRUE,/tangrams/38_309.png,01M1PVV5BA5A9YAQJQ9SAGP2BW,01M1PVW5G591MZ9WXE41XZDX0Y,1788548973849,NA,2
01M1PW1ZNTCCF9K53SBX0JTNB8,01M1PVPTMX8QBBEQ1CAWS8Y65C,training,19,1,8,48,12,5,/tangrams/235_248.png,D3,"[""/tangrams/235_248.png"",""/tangrams/14_248.png"",""/tangrams/154_38.png"",""/tangrams/235_127.png""]","[""D3"",""B3"",""A2"",""D1""]",/tangrams/235_248.png,TRUE,/tangrams/235_248.png,01M1PVVDJXTQ0S1H8V336MES03,01M1PVVEHT22G3NCF8EGPQWRYM,1788549594516,NA,2
01M1PW3GR14AC79T6AHW8KA42D,01M1PVPVN58XQ8WD43NR9G03HY,training,44,3,9,48,12,6,/tangrams/4_153.png,C4,"[""/tangrams/4_264.png"",""/tangrams/81_153.png"",""/tangrams/275_324.png"",""/tangrams/4_153.png""]","[""C1"",""B4"",""A3"",""C4""]",NA,NA,NA,NA,NA,NA,NA,4
01M1PW6KKZHY22M4HTNSPDWVSX,01M1PVPWZ82WNHXNHFM772HZSY,training,33,2,10,48,12,7,/tangrams/183_311.png,C2,"[""/tangrams/183_311.png"",""/tangrams/6_311.png"",""/tangrams/183_302.png"",""/tangrams/245_304.png""]","[""C2"",""D2"",""C4"",""A3""]",/tangrams/183_311.png,TRUE,/tangrams/183_311.png,01M1PVV2HGBFFFP8TQ2JTHYBNF,01M1PVWG3MVC1D7FV8A8CY40QY,1788549956701,NA,3
01M1PWJSG2JY4ZWA97S79SRV1P,01M1PVPY05YMN5QBCZG3YB2C9A,training,16,1,5,48,12,8,/tangrams/265_444.png,C4,"[""/tangrams/368_219.png"",""/tangrams/192_436.png"",""/tangrams/265_444.png"",""/tangrams/353_235.png""]","[""A2"",""D1"",""C4"",""B3""]",NA,NA,NA,NA,NA,NA,NA,2
01M1PW5RADMQPXX7AAN0JMV20E,01M1PVPWEGF3RQQ2BZJMHJW5WT,training,35,2,12,48,12,6,/tangrams/81_153.png,B4,"[""/tangrams/445_437.png"",""/tangrams/81_153.png"",""/tangrams/275_153.png"",""/tangrams/81_324.png""]","[""D2"",""B4"",""A4"",""B3""]",/tangrams/81_324.png,FALSE,/tangrams/81_324.png,01M1PVV9N1B5JSVGVHP53ND1FH,01M1PVZMF178XCTABPVTWNQQ3Q,1788550173854,NA,3
01M1PW2VRWTFTEV8EEJEN887BK,01M1PVPTMT2TF5TMW6DY08RG1A,training,17,1,6,48,12,5,/tangrams/235_248.png,D3,"[""/tangrams/154_38.png"",""/tangrams/14_24.png"",""/tangrams/60_127.png"",""/tangrams/235_248.png""]","[""A2"",""B4"",""C1"",""D3""]",/tangrams/235_248.png,TRUE,/tangrams/235_248.png,01M1PVVTHSCRB56WAFX0KRCSX2,01M1PVVYCG3ZV9Y0QVDS434K08,1788549418180,NA,2
01M1PWG1AA0WPEAFMVA8SJWHSF,01M1PVPY02TEGASTZW7B0B44PE,training,29,2,6,48,12,8,/tangrams/368_444.png,A4,"[""/tangrams/368_219.png"",""/tangrams/368_444.png"",""/tangrams/192_436.png"",""/tangrams/265_444.png""]","[""A2"",""A4"",""D1"",""C4""]",/tangrams/368_444.png,TRUE,/tangrams/368_444.png,01M1PW1KKGDQJPNSP87YDPE8Y2,01M1PWAKPMFG2PF8ZD5WBT5ANA,1788551183382,NA,3
01M1PW2VNPGAWSM52MT71E7XXC,01M1PVPTMT2TF5TMW6DY08RG1A,training,28,2,5,48,12,5,/tangrams/60_38.png,C2,"[""/tangrams/235_248.png"",""/tangrams/14_127.png"",""/tangrams/60_38.png"",""/tangrams/154_24.png""]","[""D3"",""B1"",""C2"",""A4""]",/tangrams/60_38.png,TRUE,/tangrams/60_38.png,01M1PVVYCG3ZV9Y0QVDS434K08,01M1PVVTHSCRB56WAFX0KRCSX2,1788549622373,NA,3
01M1PW3GR52TCBKK6JGEEYSFBP,01M1PVPVN58XQ8WD43NR9G03HY,training,43,3,8,48,12,6,/tangrams/81_264.png,B1,"[""/tangrams/81_264.png"",""/tangrams/81_153.png"",""/tangrams/4_437.png"",""/tangrams/445_264.png""]","[""B1"",""B4"",""C2"",""D1""]",NA,NA,NA,NA,NA,NA,NA,4
01M1PW3GYYP418C1JNS5HVKXAZ,01M1PVPVN58XQ8WD43NR9G03HY,training,16,1,5,48,12,6,/tangrams/445_437.png,D2,"[""/tangrams/445_264.png"",""/tangrams/275_437.png"",""/tangrams/81_324.png"",""/tangrams/445_437.png""]","[""D1"",""A2"",""B3"",""D2""]",NA,NA,NA,NA,NA,NA,NA,2
01M1PW7F437NPWZ154XYQWXY3W,01M1PVPWZ7KQZN2DHXW0TTKG9P,training,0,0,1,48,12,7,/tangrams/241_420.png,F2,"[""/tangrams/245_24.png"",""/tangrams/6_302.png"",""/tangrams/35_447.png"",""/tangrams/241_420.png""]","[""A1"",""D4"",""F8"",""F2""]",/tangrams/245_24.png,FALSE,/tangrams/245_24.png,01M1PVZ3NBFP4RQAMM34F5EPHD,01M1PVVTM3JYE18KKXW2DCV15S,1788548495830,1788548469517,1
01M1PW9CV5K1RXF3ZDPZ6Y3M5S,01M1PVPXF92SZVFC9KB45KHNG3,training,6,0,7,48,12,7,/tangrams/35_447.png,F8,"[""/tangrams/286_225.png"",""/tangrams/178_230.png"",""/tangrams/35_447.png"",""/tangrams/51_378.png""]","[""F6"",""F3"",""F8"",""F4""]",/tangrams/35_447.png,TRUE,/tangrams/35_447.png,01M1PVVXW244MSV8KK7TFJHPNZ,01M1PVVBRZ3YZPYCQZYDADYMR6,1788548688477,NA,1
01M1PW1571F3QTPMX1213WZAE9,01M1PVPSFBNZXW40G11G9DGVKY,training,31,2,8,48,12,5,/tangrams/337_178.png,F6,"[""/tangrams/321_445.png"",""/tangrams/154_127.png"",""/tangrams/386_283.png"",""/tangrams/337_178.png""]","[""F1"",""A1"",""F2"",""F6""]",/tangrams/337_178.png,TRUE,/tangrams/337_178.png,01M1PVTZDZSFSRFW0Y011447D5,01M1PVVNH6WEMGKMEM2F9XPCJS,1788549392727,NA,3
01M1PW7EN3AV5CYXSBVC0T1EW4,01M1PVPWZ7KQZN2DHXW0TTKG9P,training,41,3,6,48,12,7,/tangrams/383_160.png,F7,"[""/tangrams/383_160.png"",""/tangrams/6_302.png"",""/tangrams/241_420.png"",""/tangrams/183_304.png""]","[""F7"",""D4"",""F2"",""C3""]",/tangrams/183_304.png,FALSE,/tangrams/183_304.png,01M1PVVTM3JYE18KKXW2DCV15S,01M1PVZ3NBFP4RQAMM34F5EPHD,1788550215286,NA,4
01M1PW0XAWP3GWYRKBZ0C97999,01M1PVPSFBNZXW40G11YGR32M6,training,35,2,12,48,12,5,/tangrams/14_24.png,B4,"[""/tangrams/60_24.png"",""/tangrams/14_127.png"",""/tangrams/154_248.png"",""/tangrams/14_24.png""]","[""C4"",""B1"",""A3"",""B4""]",/tangrams/14_24.png,TRUE,/tangrams/14_24.png,01M1PVTRWTPC40C0HPR8RXXWTF,01M1PVVNQ4AT0NRB9TK929QH2E,1788549029453,NA,3
01M1PW3GW8SP3D7AP6PQD6B6YJ,01M1PVPVN58XQ8WD43NR9G03HY,training,23,1,12,48,12,6,/tangrams/81_153.png,B4,"[""/tangrams/81_324.png"",""/tangrams/275_153.png"",""/tangrams/81_153.png"",""/tangrams/4_437.png""]","[""B3"",""A4"",""B4"",""C2""]",NA,NA,NA,NA,NA,NA,NA,2
01M1PW6KD7DN31HKJ91SGXE4NN,01M1PVPWZ82WNHXNHFM772HZSY,training,12,1,1,48,12,7,/tangrams/6_311.png,D2,"[""/tangrams/6_304.png"",""/tangrams/6_311.png"",""/tangrams/303_302.png"",""/tangrams/245_311.png""]","[""D3"",""D2"",""B4"",""A2""]",/tangrams/6_311.png,TRUE,/tangrams/6_311.png,01M1PVWG3MVC1D7FV8A8CY40QY,01M1PVV2HGBFFFP8TQ2JTHYBNF,1788549253728,NA,2
01M1PW6KJGBBRVM11ANJYB97XJ,01M1PVPWZ82WNHXNHFM772HZSY,training,37,3,2,48,12,7,/tangrams/6_311.png,D2,"[""/tangrams/183_311.png"",""/tangrams/6_24.png"",""/tangrams/245_304.png"",""/tangrams/6_311.png""]","[""C2"",""D1"",""A3"",""D2""]",/tangrams/6_311.png,TRUE,/tangrams/6_311.png,01M1PVV2HGBFFFP8TQ2JTHYBNF,01M1PVWG3MVC1D7FV8A8CY40QY,1788550073101,NA,4
01M1PW3H0YHCN7BXWZYF55F8GX,01M1PVPVN58XQ8WD43NR9G03HY,training,9,0,10,48,12,6,/tangrams/81_153.png,B4,"[""/tangrams/81_264.png"",""/tangrams/4_153.png"",""/tangrams/275_324.png"",""/tangrams/81_153.png""]","[""B1"",""C4"",""A3"",""B4""]",NA,NA,NA,NA,NA,NA,NA,1
01M1PW3T81BNFGE1SA20QH5BRY,01M1PVPVN19AKJQXAJWG447XT1,training,9,0,10,48,12,6,/tangrams/275_153.png,A4,"[""/tangrams/4_437.png"",""/tangrams/445_324.png"",""/tangrams/275_153.png"",""/tangrams/81_264.png""]","[""C2"",""D3"",""A4"",""B1""]",/tangrams/275_153.png,TRUE,/tangrams/275_153.png,01M1PVV4T08CWVFCAHVD9FMRR2,01M1PVVZD69SDYBBAB5MDTZSCB,1788549091297,NA,1
01M1PW512HW6XPFYD4HDXEVGK5,01M1PVPVN43CJ2ZQS2FA0GJ1TX,training,34,2,11,48,12,6,/tangrams/4_324.png,C3,"[""/tangrams/384_354.png"",""/tangrams/4_324.png"",""/tangrams/330_144.png"",""/tangrams/204_449.png""]","[""F1"",""C3"",""F6"",""F8""]",/tangrams/4_324.png,TRUE,/tangrams/4_324.png,01M1PVW97TC4GVFYDVFB1SJ9WH,01M1PVW5BM9J57HJX5KJ260RG3,1788549602456,NA,3
01M1PW5R7BYGC6YJVJ7HAYQV4D,01M1PVPWEGF3RQQ2BZJMHJW5WT,training,28,2,5,48,12,6,/tangrams/445_437.png,D2,"[""/tangrams/275_437.png"",""/tangrams/445_437.png"",""/tangrams/445_324.png"",""/tangrams/4_264.png""]","[""A2"",""D2"",""D3"",""C1""]",/tangrams/445_437.png,TRUE,/tangrams/445_437.png,01M1PVZMF178XCTABPVTWNQQ3Q,01M1PVV9N1B5JSVGVHP53ND1FH,1788549953642,NA,3
01M1PW6Y393VS9X9N4AS1YVFKH,01M1PVPWEJQS052PE7X7E1TZK9,training,12,1,1,48,12,6,/tangrams/275_437.png,A2,"[""/tangrams/81_324.png"",""/tangrams/4_153.png"",""/tangrams/445_264.png"",""/tangrams/275_437.png""]","[""B3"",""C4"",""D1"",""A2""]",/tangrams/275_437.png,TRUE,/tangrams/275_437.png,01M1PVW75JX1QRKD2FQCCBJ017,01M1PVVX5KFM5CFX55QQRWNDX8,1788548840274,NA,2
01M1PW6Y5AF5CS4BYPJRQJ7SDG,01M1PVPWEJQS052PE7X7E1TZK9,training,17,1,6,48,12,6,/tangrams/4_437.png,C2,"[""/tangrams/4_437.png"",""/tangrams/81_153.png"",""/tangrams/445_264.png"",""/tangrams/275_324.png""]","[""C2"",""B4"",""D1"",""A3""]",/tangrams/4_437.png,TRUE,/tangrams/4_437.png,01M1PVVX5KFM5CFX55QQRWNDX8,01M1PVW75JX1QRKD2FQCCBJ017,1788548923419,NA,2
01M1PWGJ842PH7YTTY0P8H5JP3,01M1PVPXF8XP3FTSCWE2SZ4KAJ,training,27,2,4,48,12,7,/tangrams/303_24.png,B1,"[""/tangrams/303_24.png"",""/tangrams/183_311.png"",""/tangrams/6_304.png"",""/tangrams/245_302.png""]","[""B1"",""C2"",""D3"",""A4""]",/tangrams/303_24.png,TRUE,/tangrams/303_24.png,01M1PVW253SKBG4X7GTPVKZWRC,01M1PW23TCTCTWR44KF0HW1TG2,1788550100394,NA,3
01M1PW153DB48PRSRKXZ53RK3G,01M1PVPSFBNZXW40G11G9DGVKY,training,26,2,3,48,12,5,/tangrams/14_38.png,B2,"[""/tangrams/411_421.png"",""/tangrams/457_208.png"",""/tangrams/14_38.png"",""/tangrams/337_178.png""]","[""F3"",""F4"",""B2"",""F6""]",/tangrams/14_38.png,TRUE,/tangrams/14_38.png,01M1PVVNH6WEMGKMEM2F9XPCJS,01M1PVTZDZSFSRFW0Y011447D5,1788549246609,NA,3
01M1PW50ZNWPASNFZ7PX3MX1KT,01M1PVPVN43CJ2ZQS2FA0GJ1TX,training,3,0,4,48,12,6,/tangrams/384_354.png,F1,"[""/tangrams/384_354.png"",""/tangrams/330_144.png"",""/tangrams/134_305.png"",""/tangrams/81_437.png""]","[""F1"",""F6"",""F5"",""B2""]",/tangrams/384_354.png,TRUE,/tangrams/384_354.png,01M1PVW5BM9J57HJX5KJ260RG3,01M1PVW97TC4GVFYDVFB1SJ9WH,1788548403994,NA,1
01M1PWBR67EJZN550VDZHQZ6XR,01M1PVPY0135RYKX6QNWJW9HQ7,training,11,0,12,48,12,8,/tangrams/38_309.png,F5,"[""/tangrams/192_444.png"",""/tangrams/447_295.png"",""/tangrams/371_100.png"",""/tangrams/38_309.png""]","[""D4"",""F7"",""F1"",""F5""]",/tangrams/38_309.png,TRUE,/tangrams/38_309.png,01M1PVV5BA5A9YAQJQ9SAGP2BW,01M1PVW5G591MZ9WXE41XZDX0Y,1788548868958,NA,1
01M1PW0KGB5JCDRW467A9M738Z,01M1PVPSF9NDAT0BF7G6FNHKYQ,training,35,2,12,48,12,5,/tangrams/154_248.png,A3,"[""/tangrams/60_127.png"",""/tangrams/14_24.png"",""/tangrams/235_38.png"",""/tangrams/154_248.png""]","[""C1"",""B4"",""D2"",""A3""]",/tangrams/154_248.png,TRUE,/tangrams/154_248.png,01M1PVTG9CCCTFM1SEAAQ81WMP,01M1PVTRYDJNHHT05DKBKN76E5,1788549045494,NA,3
01M1PW6179QNDMC1DY74J0XSMS,01M1PVPWEFJ67VYTWGSHJ4XJ33,training,38,3,3,48,12,6,/tangrams/399_84.png,F2,"[""/tangrams/222_36.png"",""/tangrams/399_84.png"",""/tangrams/4_324.png"",""/tangrams/275_264.png""]","[""F7"",""F2"",""C3"",""A1""]",/tangrams/399_84.png,TRUE,/tangrams/399_84.png,01M1PVW7YQ0ZCTA6RRXWJ4B3KT,01M1PVV71QMXF31FNN88616S34,1788549919441,NA,4
01M1PW6KJ7BNNJHENG26ABNVK4,01M1PVPWZ82WNHXNHFM772HZSY,training,38,3,3,48,12,7,/tangrams/183_302.png,C4,"[""/tangrams/183_302.png"",""/tangrams/6_304.png"",""/tangrams/183_311.png"",""/tangrams/303_302.png""]","[""C4"",""D3"",""C2"",""B4""]",/tangrams/183_302.png,TRUE,/tangrams/183_302.png,01M1PVWG3MVC1D7FV8A8CY40QY,01M1PVV2HGBFFFP8TQ2JTHYBNF,1788550089171,NA,4
01M1PWEJFWQPC67V75714WVYFN,01M1PVPXF92SZVFC9KBGN1TRXM,training,13,1,2,48,12,7,/tangrams/303_304.png,B3,"[""/tangrams/183_311.png"",""/tangrams/303_24.png"",""/tangrams/303_304.png"",""/tangrams/6_304.png""]","[""C2"",""B1"",""B3"",""D3""]",/tangrams/303_304.png,TRUE,/tangrams/303_304.png,01M1PVVCHSJDKDCMNAX28C9KTM,01M1PVZYRHDVK94JBPD96A2FVY,1788549452030,NA,2
01M1PW3TJ7ZKD86PW065MTFE2S,01M1PVPVN19AKJQXAJWG447XT1,training,42,3,7,48,12,6,/tangrams/4_437.png,C2,"[""/tangrams/445_264.png"",""/tangrams/81_324.png"",""/tangrams/4_437.png"",""/tangrams/275_153.png""]","[""D1"",""B3"",""C2"",""A4""]",/tangrams/4_437.png,TRUE,/tangrams/4_437.png,01M1PVVZD69SDYBBAB5MDTZSCB,01M1PVV4T08CWVFCAHVD9FMRR2,1788549745155,NA,4
01M1PW60XB4ZY6N1XXD9BE6E3W,01M1PVPWEFJ67VYTWGSHJ4XJ33,training,31,2,8,48,12,6,/tangrams/204_449.png,F8,"[""/tangrams/204_449.png"",""/tangrams/384_354.png"",""/tangrams/222_36.png"",""/tangrams/399_84.png""]","[""F8"",""F1"",""F7"",""F2""]",/tangrams/204_449.png,TRUE,/tangrams/204_449.png,01M1PVV71QMXF31FNN88616S34,01M1PVW7YQ0ZCTA6RRXWJ4B3KT,1788549728012,NA,3
01M1PW616MK71Z09YCFVDSWFM2,01M1PVPWEFJ67VYTWGSHJ4XJ33,training,34,2,11,48,12,6,/tangrams/4_324.png,C3,"[""/tangrams/330_144.png"",""/tangrams/384_354.png"",""/tangrams/4_324.png"",""/tangrams/275_264.png""]","[""F6"",""F1"",""C3"",""A1""]",/tangrams/4_324.png,TRUE,/tangrams/4_324.png,01M1PVW7YQ0ZCTA6RRXWJ4B3KT,01M1PVV71QMXF31FNN88616S34,1788549779052,NA,3
01M1PW6YCTAH4EE1NYCZCPD8E9,01M1PVPWEJQS052PE7X7E1TZK9,training,37,3,2,48,12,6,/tangrams/445_437.png,D2,"[""/tangrams/445_437.png"",""/tangrams/4_153.png"",""/tangrams/81_264.png"",""/tangrams/275_324.png""]","[""D2"",""C4"",""B1"",""A3""]",/tangrams/445_437.png,TRUE,/tangrams/445_437.png,01M1PVVX5KFM5CFX55QQRWNDX8,01M1PVW75JX1QRKD2FQCCBJ017,1788549232515,NA,4
01M1PWBQSHDSA5Y2XTX070QR5V,01M1PVPY0135RYKX6QNWJW9HQ7,training,18,1,7,48,12,8,/tangrams/277_238.png,F8,"[""/tangrams/194_445.png"",""/tangrams/38_309.png"",""/tangrams/447_295.png"",""/tangrams/277_238.png""]","[""F3"",""F5"",""F7"",""F8""]",/tangrams/277_238.png,TRUE,/tangrams/277_238.png,01M1PVW5G591MZ9WXE41XZDX0Y,01M1PVV5BA5A9YAQJQ9SAGP2BW,1788549037556,NA,2
01M1PW0KNDG61CXTBVG4WT4FPD,01M1PVPSF9NDAT0BF7G6FNHKYQ,training,16,1,5,48,12,5,/tangrams/60_127.png,C1,"[""/tangrams/14_248.png"",""/tangrams/154_24.png"",""/tangrams/235_38.png"",""/tangrams/60_127.png""]","[""B3"",""A4"",""D2"",""C1""]",/tangrams/60_127.png,TRUE,/tangrams/60_127.png,01M1PVTRYDJNHHT05DKBKN76E5,01M1PVTG9CCCTFM1SEAAQ81WMP,1788548584842,NA,2
01M1PW5144VTBKZQGCSV069C1J,01M1PVPVN43CJ2ZQS2FA0GJ1TX,training,31,2,8,48,12,6,/tangrams/424_432.png,F4,"[""/tangrams/424_432.png"",""/tangrams/81_437.png"",""/tangrams/70_426.png"",""/tangrams/445_153.png""]","[""F4"",""B2"",""F3"",""D4""]",/tangrams/424_432.png,TRUE,/tangrams/424_432.png,01M1PVW5BM9J57HJX5KJ260RG3,01M1PVW97TC4GVFYDVFB1SJ9WH,1788549484660,NA,3
01M1PW6Y6WY9EEG40XFRBMYVYG,01M1PVPWEJQS052PE7X7E1TZK9,training,21,1,10,48,12,6,/tangrams/445_437.png,D2,"[""/tangrams/445_437.png"",""/tangrams/4_264.png"",""/tangrams/275_324.png"",""/tangrams/81_153.png""]","[""D2"",""C1"",""A3"",""B4""]",/tangrams/445_437.png,TRUE,/tangrams/445_437.png,01M1PVVX5KFM5CFX55QQRWNDX8,01M1PVW75JX1QRKD2FQCCBJ017,1788548991403,NA,2
01M1PW8ZBBA32E6G06F6VVNQTH,01M1PVPWZ383HA8RRK2RFSW236,training,21,1,10,48,12,7,/tangrams/183_302.png,C4,"[""/tangrams/303_304.png"",""/tangrams/245_311.png"",""/tangrams/183_302.png"",""/tangrams/6_24.png""]","[""B3"",""A2"",""C4"",""D1""]",/tangrams/183_302.png,TRUE,/tangrams/183_302.png,01M1PVVZ2PG17JJTAZWDXWW3JQ,01M1PW2K6B8GZQ5Z02B5Q0TB2A,1788550048492,NA,2
01M1PWBQQHHMWRHV4EG5GQR2PD,01M1PVPY0135RYKX6QNWJW9HQ7,training,4,0,5,48,12,8,/tangrams/277_238.png,F8,"[""/tangrams/447_295.png"",""/tangrams/414_365.png"",""/tangrams/277_238.png"",""/tangrams/265_235.png""]","[""F7"",""F6"",""F8"",""C3""]",/tangrams/277_238.png,TRUE,/tangrams/277_238.png,01M1PVW5G591MZ9WXE41XZDX0Y,01M1PVV5BA5A9YAQJQ9SAGP2BW,1788548639301,NA,1
01M1PW0X7E9D7EGJY8N18SKHRY,01M1PVPSFBNZXW40G11YGR32M6,training,15,1,4,48,12,5,/tangrams/235_38.png,D2,"[""/tangrams/235_38.png"",""/tangrams/60_38.png"",""/tangrams/235_248.png"",""/tangrams/154_24.png""]","[""D2"",""C2"",""D3"",""A4""]",/tangrams/235_38.png,TRUE,/tangrams/235_38.png,01M1PVTRWTPC40C0HPR8RXXWTF,01M1PVVNQ4AT0NRB9TK929QH2E,1788548685757,NA,2
01M1PW41F3RZTRAPBCHCYESAZV,01M1PVPTMYJEMSH2D4PPK54AQC,training,1,0,2,48,12,5,/tangrams/411_421.png,F3,"[""/tangrams/235_24.png"",""/tangrams/321_445.png"",""/tangrams/337_178.png"",""/tangrams/411_421.png""]","[""D4"",""F1"",""F6"",""F3""]",NA,FALSE,NA,01M1PVV1FSQ931Q08DC040FF4H,01M1PVXZCG5HBAN48J4YM7CT4J,NA,NA,1
01M1PW5R327E3QVDSFJ6YQH90K,01M1PVPWEGF3RQQ2BZJMHJW5WT,training,13,1,2,48,12,6,/tangrams/275_324.png,A3,"[""/tangrams/81_153.png"",""/tangrams/275_324.png"",""/tangrams/275_437.png"",""/tangrams/445_324.png""]","[""B4"",""A3"",""A2"",""D3""]",/tangrams/275_324.png,TRUE,/tangrams/275_324.png,01M1PVV9N1B5JSVGVHP53ND1FH,01M1PVZMF178XCTABPVTWNQQ3Q,1788549398409,NA,2
01M1PW6YBQ6XRSNVSPXG10805V,01M1PVPWEJQS052PE7X7E1TZK9,training,46,3,11,48,12,6,/tangrams/445_264.png,D1,"[""/tangrams/4_437.png"",""/tangrams/81_153.png"",""/tangrams/275_324.png"",""/tangrams/445_264.png""]","[""C2"",""B4"",""A3"",""D1""]",/tangrams/445_264.png,TRUE,/tangrams/445_264.png,01M1PVW75JX1QRKD2FQCCBJ017,01M1PVVX5KFM5CFX55QQRWNDX8,1788549341306,NA,4
01M1PW8ZETXZQE6M4T7WZMWFH7,01M1PVPWZ383HA8RRK2RFSW236,training,1,0,2,48,12,7,/tangrams/183_24.png,C1,"[""/tangrams/183_24.png"",""/tangrams/303_304.png"",""/tangrams/6_311.png"",""/tangrams/245_302.png""]","[""C1"",""B3"",""D2"",""A4""]",/tangrams/183_24.png,TRUE,/tangrams/183_24.png,01M1PVVZ2PG17JJTAZWDXWW3JQ,01M1PW2K6B8GZQ5Z02B5Q0TB2A,1788549298729,NA,1
01M1PW7ET1BQP34V5CYC27VH03,01M1PVPWZ7KQZN2DHXW0TTKG9P,training,16,1,5,48,12,7,/tangrams/391_404.png,F5,"[""/tangrams/183_304.png"",""/tangrams/35_447.png"",""/tangrams/178_230.png"",""/tangrams/391_404.png""]","[""C3"",""F8"",""F3"",""F5""]",/tangrams/391_404.png,TRUE,/tangrams/391_404.png,01M1PVZ3NBFP4RQAMM34F5EPHD,01M1PVVTM3JYE18KKXW2DCV15S,1788549251050,NA,2
01M1PW3TFSCYN1A93QZGB93SKQ,01M1PVPVN19AKJQXAJWG447XT1,training,31,2,8,48,12,6,/tangrams/445_324.png,D3,"[""/tangrams/81_264.png"",""/tangrams/445_324.png"",""/tangrams/275_437.png"",""/tangrams/4_153.png""]","[""B1"",""D3"",""A2"",""C4""]",/tangrams/445_324.png,TRUE,/tangrams/445_324.png,01M1PVV4T08CWVFCAHVD9FMRR2,01M1PVVZD69SDYBBAB5MDTZSCB,1788549583246,NA,3
01M1PW3TJYMX08BE2QWRW14604,01M1PVPVN19AKJQXAJWG447XT1,training,46,3,11,48,12,6,/tangrams/81_264.png,B1,"[""/tangrams/81_264.png"",""/tangrams/275_437.png"",""/tangrams/4_153.png"",""/tangrams/445_324.png""]","[""B1"",""A2"",""C4"",""D3""]",/tangrams/81_264.png,TRUE,/tangrams/81_264.png,01M1PVVZD69SDYBBAB5MDTZSCB,01M1PVV4T08CWVFCAHVD9FMRR2,1788549821802,NA,4
01M1PW6KCYHG803Z24TEHQAB2P,01M1PVPWZ82WNHXNHFM772HZSY,training,13,1,2,48,12,7,/tangrams/245_304.png,A3,"[""/tangrams/183_24.png"",""/tangrams/245_311.png"",""/tangrams/6_304.png"",""/tangrams/245_304.png""]","[""C1"",""A2"",""D3"",""A3""]",/tangrams/245_304.png,TRUE,/tangrams/245_304.png,01M1PVV2HGBFFFP8TQ2JTHYBNF,01M1PVWG3MVC1D7FV8A8CY40QY,1788549278844,NA,2
01M1PW6YC11XTEC8JCHNZYPD9V,01M1PVPWEJQS052PE7X7E1TZK9,training,36,3,1,48,12,6,/tangrams/4_264.png,C1,"[""/tangrams/275_437.png"",""/tangrams/445_324.png"",""/tangrams/81_153.png"",""/tangrams/4_264.png""]","[""A2"",""D3"",""B4"",""C1""]",/tangrams/4_264.png,TRUE,/tangrams/4_264.png,01M1PVW75JX1QRKD2FQCCBJ017,01M1PVVX5KFM5CFX55QQRWNDX8,1788549220665,NA,4
01M1PW152YKZ1HCYW4JQ29FE64,01M1PVPSFBNZXW40G11G9DGVKY,training,19,1,8,48,12,5,/tangrams/231_230.png,F7,"[""/tangrams/391_126.png"",""/tangrams/457_208.png"",""/tangrams/235_24.png"",""/tangrams/231_230.png""]","[""F8"",""F4"",""D4"",""F7""]",/tangrams/231_230.png,TRUE,/tangrams/231_230.png,01M1PVTZDZSFSRFW0Y011447D5,01M1PVVNH6WEMGKMEM2F9XPCJS,1788549046466,NA,2
01M1PWBQNKM96KG8N1YSYQ09HP,01M1PVPY0135RYKX6QNWJW9HQ7,training,28,2,5,48,12,8,/tangrams/371_100.png,F1,"[""/tangrams/368_436.png"",""/tangrams/371_100.png"",""/tangrams/265_235.png"",""/tangrams/38_309.png""]","[""A1"",""F1"",""C3"",""F5""]",/tangrams/371_100.png,TRUE,/tangrams/371_100.png,01M1PVW5G591MZ9WXE41XZDX0Y,01M1PVV5BA5A9YAQJQ9SAGP2BW,1788549286416,NA,3
01M1PWEJ9MCKYE2027ECG2F8GX,01M1PVPXF92SZVFC9KBGN1TRXM,training,9,0,10,48,12,7,/tangrams/6_311.png,D2,"[""/tangrams/183_24.png"",""/tangrams/6_311.png"",""/tangrams/6_304.png"",""/tangrams/245_311.png""]","[""C1"",""D2"",""D3"",""A2""]",/tangrams/6_311.png,TRUE,/tangrams/6_311.png,01M1PVVCHSJDKDCMNAX28C9KTM,01M1PVZYRHDVK94JBPD96A2FVY,1788549297305,NA,1
01M1PWJT07PFHP78ESNEHSXWSW,01M1PVPY05YMN5QBCZG3YB2C9A,training,44,3,9,48,12,8,/tangrams/265_444.png,C4,"[""/tangrams/265_444.png"",""/tangrams/353_436.png"",""/tangrams/368_219.png"",""/tangrams/192_235.png""]","[""C4"",""B1"",""A2"",""D3""]",NA,NA,NA,NA,NA,NA,NA,4
01M1PW6KGV8GC7B38DEA5HTV40,01M1PVPWZ82WNHXNHFM772HZSY,training,43,3,8,48,12,7,/tangrams/303_24.png,B1,"[""/tangrams/245_311.png"",""/tangrams/303_24.png"",""/tangrams/6_24.png"",""/tangrams/303_304.png""]","[""A2"",""B1"",""D1"",""B3""]",/tangrams/303_24.png,TRUE,/tangrams/303_24.png,01M1PVV2HGBFFFP8TQ2JTHYBNF,01M1PVWG3MVC1D7FV8A8CY40QY,1788550201781,NA,4
01M1PWBR75AEDSG66XN56XWXH0,01M1PVPY0135RYKX6QNWJW9HQ7,training,9,0,10,48,12,8,/tangrams/353_219.png,B2,"[""/tangrams/277_238.png"",""/tangrams/368_436.png"",""/tangrams/371_100.png"",""/tangrams/353_219.png""]","[""F8"",""A1"",""F1"",""B2""]",/tangrams/353_219.png,TRUE,/tangrams/353_219.png,01M1PVV5BA5A9YAQJQ9SAGP2BW,01M1PVW5G591MZ9WXE41XZDX0Y,1788548814823,NA,1
01M1PWG117E16E1GWKE4FS79VC,01M1PVPY02TEGASTZW7B0B44PE,training,2,0,3,48,12,8,/tangrams/265_436.png,C1,"[""/tangrams/368_235.png"",""/tangrams/192_436.png"",""/tangrams/265_436.png"",""/tangrams/265_219.png""]","[""A3"",""D1"",""C1"",""C2""]",/tangrams/265_436.png,TRUE,/tangrams/265_436.png,01M1PWAKPMFG2PF8ZD5WBT5ANA,01M1PW1KKGDQJPNSP87YDPE8Y2,1788549921613,NA,1
01M1PWG160AE0VEKTFFD1SQWQ0,01M1PVPY02TEGASTZW7B0B44PE,training,40,3,5,48,12,8,/tangrams/265_444.png,C4,"[""/tangrams/265_219.png"",""/tangrams/368_444.png"",""/tangrams/192_436.png"",""/tangrams/265_444.png""]","[""C2"",""A4"",""D1"",""C4""]",/tangrams/265_444.png,TRUE,/tangrams/265_444.png,01M1PWAKPMFG2PF8ZD5WBT5ANA,01M1PW1KKGDQJPNSP87YDPE8Y2,1788551568701,NA,4
01M1PW0KG74T22NRGDBRKR37GW,01M1PVPSF9NDAT0BF7G6FNHKYQ,training,36,3,1,48,12,5,/tangrams/60_38.png,C2,"[""/tangrams/14_24.png"",""/tangrams/154_248.png"",""/tangrams/235_127.png"",""/tangrams/60_38.png""]","[""B4"",""A3"",""D1"",""C2""]",/tangrams/60_38.png,TRUE,/tangrams/60_38.png,01M1PVTRYDJNHHT05DKBKN76E5,01M1PVTG9CCCTFM1SEAAQ81WMP,1788549066966,NA,4
01M1PW0KG9J0JCFGYKDMH4EJZ9,01M1PVPSF9NDAT0BF7G6FNHKYQ,training,20,1,9,48,12,5,/tangrams/154_248.png,A3,"[""/tangrams/14_127.png"",""/tangrams/60_24.png"",""/tangrams/235_38.png"",""/tangrams/154_248.png""]","[""B1"",""C4"",""D2"",""A3""]",/tangrams/154_248.png,TRUE,/tangrams/154_248.png,01M1PVTRYDJNHHT05DKBKN76E5,01M1PVTG9CCCTFM1SEAAQ81WMP,1788548712174,NA,2
01M1PW1ZDQG9NSS6101TND8HX3,01M1PVPTMX8QBBEQ1CAWS8Y65C,training,44,3,9,48,12,5,/tangrams/154_24.png,A4,"[""/tangrams/14_127.png"",""/tangrams/154_248.png"",""/tangrams/60_24.png"",""/tangrams/154_24.png""]","[""B1"",""A3"",""C4"",""A4""]",/tangrams/154_24.png,TRUE,/tangrams/154_24.png,01M1PVVEHT22G3NCF8EGPQWRYM,01M1PVVDJXTQ0S1H8V336MES03,1788550197795,NA,4
01M1PW5R3GBC70YZ74YJKQMCK3,01M1PVPWEGF3RQQ2BZJMHJW5WT,training,15,1,4,48,12,6,/tangrams/4_437.png,C2,"[""/tangrams/445_324.png"",""/tangrams/4_264.png"",""/tangrams/4_437.png"",""/tangrams/275_437.png""]","[""D3"",""C1"",""C2"",""A2""]",/tangrams/4_437.png,TRUE,/tangrams/4_437.png,01M1PVV9N1B5JSVGVHP53ND1FH,01M1PVZMF178XCTABPVTWNQQ3Q,1788549461860,NA,2
01M1PW8ZVHAZZ0TMBE1NSBPFC2,01M1PVPWZ383HA8RRK2RFSW236,training,10,0,11,48,12,7,/tangrams/303_24.png,B1,"[""/tangrams/183_311.png"",""/tangrams/303_24.png"",""/tangrams/245_302.png"",""/tangrams/6_304.png""]","[""C2"",""B1"",""A4"",""D3""]",/tangrams/303_24.png,TRUE,/tangrams/303_24.png,01M1PW2K6B8GZQ5Z02B5Q0TB2A,01M1PVVZ2PG17JJTAZWDXWW3JQ,1788549632368,NA,1
01M1PWGJACXPGG8V93R3MMYP5D,01M1PVPXF8XP3FTSCWE2SZ4KAJ,training,32,2,9,48,12,7,/tangrams/6_24.png,D1,"[""/tangrams/183_311.png"",""/tangrams/245_302.png"",""/tangrams/303_304.png"",""/tangrams/6_24.png""]","[""C2"",""A4"",""B3"",""D1""]",/tangrams/6_24.png,TRUE,/tangrams/6_24.png,01M1PW23TCTCTWR44KF0HW1TG2,01M1PVW253SKBG4X7GTPVKZWRC,1788550278722,NA,3
01M1PW0KGZKKSSZR2VMWGWTTD8,01M1PVPSF9NDAT0BF7G6FNHKYQ,training,19,1,8,48,12,5,/tangrams/60_38.png,C2,"[""/tangrams/235_127.png"",""/tangrams/60_38.png"",""/tangrams/154_248.png"",""/tangrams/14_24.png""]","[""D1"",""C2"",""A3"",""B4""]",/tangrams/60_38.png,TRUE,/tangrams/60_38.png,01M1PVTG9CCCTFM1SEAAQ81WMP,01M1PVTRYDJNHHT05DKBKN76E5,1788548675808,NA,2
01M1PW3GVA6ZDXQSNF34MZPEN7,01M1PVPVN58XQ8WD43NR9G03HY,training,27,2,4,48,12,6,/tangrams/81_153.png,B4,"[""/tangrams/81_153.png"",""/tangrams/81_324.png"",""/tangrams/445_264.png"",""/tangrams/275_153.png""]","[""B4"",""B3"",""D1"",""A4""]",NA,NA,NA,NA,NA,NA,NA,3
01M1PW618CCMF2QRWVZQBW2WME,01M1PVPWEFJ67VYTWGSHJ4XJ33,training,42,3,7,48,12,6,/tangrams/204_449.png,F8,"[""/tangrams/384_354.png"",""/tangrams/4_324.png"",""/tangrams/204_449.png"",""/tangrams/134_305.png""]","[""F1"",""C3"",""F8"",""F5""]",/tangrams/204_449.png,TRUE,/tangrams/204_449.png,01M1PVW7YQ0ZCTA6RRXWJ4B3KT,01M1PVV71QMXF31FNN88616S34,1788550061572,NA,4
01M1PW9CVPB3ZQGDTK90PAVB2B,01M1PVPXF92SZVFC9KB45KHNG3,training,7,0,8,48,12,7,/tangrams/6_302.png,D4,"[""/tangrams/245_24.png"",""/tangrams/286_225.png"",""/tangrams/303_311.png"",""/tangrams/6_302.png""]","[""A1"",""F6"",""B2"",""D4""]",/tangrams/6_302.png,TRUE,/tangrams/6_302.png,01M1PVVBRZ3YZPYCQZYDADYMR6,01M1PVVXW244MSV8KK7TFJHPNZ,1788548702864,NA,1
01M1PWEJN9F4MKV8X2JX0TBQP6,01M1PVPXF92SZVFC9KBGN1TRXM,training,24,2,1,48,12,7,/tangrams/6_24.png,D1,"[""/tangrams/183_24.png"",""/tangrams/303_304.png"",""/tangrams/6_24.png"",""/tangrams/6_311.png""]","[""C1"",""B3"",""D1"",""D2""]",/tangrams/6_24.png,TRUE,/tangrams/6_24.png,01M1PVZYRHDVK94JBPD96A2FVY,01M1PVVCHSJDKDCMNAX28C9KTM,1788549904751,NA,3
01M1PW0KDPPZN7MPKNKH8H2BGH,01M1PVPSF9NDAT0BF7G6FNHKYQ,training,8,0,9,48,12,5,/tangrams/60_38.png,C2,"[""/tangrams/60_38.png"",""/tangrams/235_248.png"",""/tangrams/14_127.png"",""/tangrams/154_24.png""]","[""C2"",""D3"",""B1"",""A4""]",/tangrams/60_38.png,TRUE,/tangrams/60_38.png,01M1PVTRYDJNHHT05DKBKN76E5,01M1PVTG9CCCTFM1SEAAQ81WMP,1788548361747,NA,1
01M1PW613TP0G7NM1K3Q60NWZP,01M1PVPWEFJ67VYTWGSHJ4XJ33,training,23,1,12,48,12,6,/tangrams/134_305.png,F5,"[""/tangrams/424_432.png"",""/tangrams/275_264.png"",""/tangrams/134_305.png"",""/tangrams/81_437.png""]","[""F4"",""A1"",""F5"",""B2""]",/tangrams/134_305.png,TRUE,/tangrams/134_305.png,01M1PVV71QMXF31FNN88616S34,01M1PVW7YQ0ZCTA6RRXWJ4B3KT,1788549450755,NA,2
01M1PW6YA2TDAFZTNP664HNV9X,01M1PVPWEJQS052PE7X7E1TZK9,training,30,2,7,48,12,6,/tangrams/4_264.png,C1,"[""/tangrams/445_437.png"",""/tangrams/275_324.png"",""/tangrams/4_264.png"",""/tangrams/81_153.png""]","[""D2"",""A3"",""C1"",""B4""]",/tangrams/4_264.png,TRUE,/tangrams/4_264.png,01M1PVW75JX1QRKD2FQCCBJ017,01M1PVVX5KFM5CFX55QQRWNDX8,1788549137182,NA,3
01M1PW8ZSD0F8F4BQH0AW9J00T,01M1PVPWZ383HA8RRK2RFSW236,training,17,1,6,48,12,7,/tangrams/245_302.png,A4,"[""/tangrams/6_24.png"",""/tangrams/183_311.png"",""/tangrams/245_302.png"",""/tangrams/303_304.png""]","[""D1"",""C2"",""A4"",""B3""]",NA,FALSE,NA,01M1PVVZ2PG17JJTAZWDXWW3JQ,01M1PW2K6B8GZQ5Z02B5Q0TB2A,NA,NA,2
01M1PWGJ6RET1616SRHS16ES1T,01M1PVPXF8XP3FTSCWE2SZ4KAJ,training,24,2,1,48,12,7,/tangrams/245_304.png,A3,"[""/tangrams/6_24.png"",""/tangrams/303_302.png"",""/tangrams/245_304.png"",""/tangrams/183_311.png""]","[""D1"",""B4"",""A3"",""C2""]",/tangrams/303_302.png,FALSE,/tangrams/303_302.png,01M1PW23TCTCTWR44KF0HW1TG2,01M1PVW253SKBG4X7GTPVKZWRC,1788550027586,NA,3
01M1PW1ZN5V8PHSDN8DRKAA3MD,01M1PVPTMX8QBBEQ1CAWS8Y65C,training,24,2,1,48,12,5,/tangrams/154_38.png,A2,"[""/tangrams/235_38.png"",""/tangrams/154_38.png"",""/tangrams/154_24.png"",""/tangrams/60_127.png""]","[""D2"",""A2"",""A4"",""C1""]",/tangrams/154_38.png,TRUE,/tangrams/154_38.png,01M1PVVEHT22G3NCF8EGPQWRYM,01M1PVVDJXTQ0S1H8V336MES03,1788549769219,NA,3
01M1PW3GREDZCEW9W9YTYDQ14G,01M1PVPVN58XQ8WD43NR9G03HY,training,41,3,6,48,12,6,/tangrams/275_437.png,A2,"[""/tangrams/445_437.png"",""/tangrams/4_264.png"",""/tangrams/275_324.png"",""/tangrams/275_437.png""]","[""D2"",""C1"",""A3"",""A2""]",NA,NA,NA,NA,NA,NA,NA,4
01M1PW513DDNQG91NDNZ4JRNAX,01M1PVPVN43CJ2ZQS2FA0GJ1TX,training,33,2,10,48,12,6,/tangrams/204_449.png,F8,"[""/tangrams/399_84.png"",""/tangrams/70_426.png"",""/tangrams/275_264.png"",""/tangrams/204_449.png""]","[""F2"",""F3"",""A1"",""F8""]",/tangrams/204_449.png,TRUE,/tangrams/204_449.png,01M1PVW5BM9J57HJX5KJ260RG3,01M1PVW97TC4GVFYDVFB1SJ9WH,1788549544730,NA,3
01M1PW6106WZHSXNCGR6KV2H7Q,01M1PVPWEFJ67VYTWGSHJ4XJ33,training,8,0,9,48,12,6,/tangrams/399_84.png,F2,"[""/tangrams/384_354.png"",""/tangrams/330_144.png"",""/tangrams/399_84.png"",""/tangrams/81_437.png""]","[""F1"",""F6"",""F2"",""B2""]",/tangrams/399_84.png,TRUE,/tangrams/399_84.png,01M1PVW7YQ0ZCTA6RRXWJ4B3KT,01M1PVV71QMXF31FNN88616S34,1788548823093,NA,1
01M1PW610SCWWS82QVQBBQRK48,01M1PVPWEFJ67VYTWGSHJ4XJ33,training,11,0,12,48,12,6,/tangrams/424_432.png,F4,"[""/tangrams/81_437.png"",""/tangrams/70_426.png"",""/tangrams/424_432.png"",""/tangrams/330_144.png""]","[""B2"",""F3"",""F4"",""F6""]",/tangrams/424_432.png,TRUE,/tangrams/424_432.png,01M1PVV71QMXF31FNN88616S34,01M1PVW7YQ0ZCTA6RRXWJ4B3KT,1788548924029,NA,1
01M1PWEJJFP8R01PK26VRGM8CK,01M1PVPXF92SZVFC9KBGN1TRXM,training,17,1,6,48,12,7,/tangrams/303_24.png,B1,"[""/tangrams/6_24.png"",""/tangrams/303_24.png"",""/tangrams/245_302.png"",""/tangrams/303_304.png""]","[""D1"",""B1"",""A4"",""B3""]",/tangrams/303_24.png,TRUE,/tangrams/303_24.png,01M1PVVCHSJDKDCMNAX28C9KTM,01M1PVZYRHDVK94JBPD96A2FVY,1788549621169,NA,2
01M1PWGHVCKWFR9EFFMJJXP01F,01M1PVPXF8XP3FTSCWE2SZ4KAJ,training,0,0,1,48,12,7,/tangrams/6_24.png,D1,"[""/tangrams/183_302.png"",""/tangrams/303_304.png"",""/tangrams/245_311.png"",""/tangrams/6_24.png""]","[""C4"",""B3"",""A2"",""D1""]",/tangrams/6_24.png,TRUE,/tangrams/6_24.png,01M1PW23TCTCTWR44KF0HW1TG2,01M1PVW253SKBG4X7GTPVKZWRC,1788549111315,NA,1
01M1PW3TA2APRCY4AJ6KFKWV3V,01M1PVPVN19AKJQXAJWG447XT1,training,18,1,7,48,12,6,/tangrams/275_324.png,A3,"[""/tangrams/445_437.png"",""/tangrams/275_324.png"",""/tangrams/81_153.png"",""/tangrams/4_264.png""]","[""D2"",""A3"",""B4"",""C1""]",/tangrams/275_324.png,TRUE,/tangrams/275_324.png,01M1PVVZD69SDYBBAB5MDTZSCB,01M1PVV4T08CWVFCAHVD9FMRR2,1788549310346,NA,2
01M1PW3TH903Y604AQ7E7SW186,01M1PVPVN19AKJQXAJWG447XT1,training,35,2,12,48,12,6,/tangrams/445_437.png,D2,"[""/tangrams/275_324.png"",""/tangrams/4_264.png"",""/tangrams/81_153.png"",""/tangrams/445_437.png""]","[""A3"",""C1"",""B4"",""D2""]",/tangrams/445_437.png,TRUE,/tangrams/445_437.png,01M1PVV4T08CWVFCAHVD9FMRR2,01M1PVVZD69SDYBBAB5MDTZSCB,1788549647330,NA,3
01M1PW41FV68FH51YY67XEC8XT,01M1PVPTMYJEMSH2D4PPK54AQC,training,29,2,6,48,12,5,/tangrams/321_445.png,F1,"[""/tangrams/321_445.png"",""/tangrams/457_208.png"",""/tangrams/235_24.png"",""/tangrams/337_178.png""]","[""F1"",""F4"",""D4"",""F6""]",/tangrams/457_208.png,FALSE,/tangrams/457_208.png,01M1PVV1FSQ931Q08DC040FF4H,01M1PVXZCG5HBAN48J4YM7CT4J,1788549288915,NA,3
01M1PW0KDN5HN6R8NTJ6CJDMWV,01M1PVPSF9NDAT0BF7G6FNHKYQ,training,9,0,10,48,12,5,/tangrams/14_127.png,B1,"[""/tangrams/60_24.png"",""/tangrams/14_127.png"",""/tangrams/154_38.png"",""/tangrams/235_248.png""]","[""C4"",""B1"",""A2"",""D3""]",/tangrams/14_127.png,TRUE,/tangrams/14_127.png,01M1PVTG9CCCTFM1SEAAQ81WMP,01M1PVTRYDJNHHT05DKBKN76E5,1788548389384,NA,1
01M1PW512S9R1W7F303KCQ39VN,01M1PVPVN43CJ2ZQS2FA0GJ1TX,training,11,0,12,48,12,6,/tangrams/4_324.png,C3,"[""/tangrams/424_432.png"",""/tangrams/4_324.png"",""/tangrams/204_449.png"",""/tangrams/330_144.png""]","[""F4"",""C3"",""F8"",""F6""]",/tangrams/4_324.png,TRUE,/tangrams/4_324.png,01M1PVW5BM9J57HJX5KJ260RG3,01M1PVW97TC4GVFYDVFB1SJ9WH,1788548744620,NA,1
01M1PW6KPRZD4XMTBJPSWGYSMW,01M1PVPWZ82WNHXNHFM772HZSY,training,16,1,5,48,12,7,/tangrams/6_24.png,D1,"[""/tangrams/6_24.png"",""/tangrams/6_311.png"",""/tangrams/303_304.png"",""/tangrams/183_24.png""]","[""D1"",""D2"",""B3"",""C1""]",/tangrams/6_24.png,TRUE,/tangrams/6_24.png,01M1PVWG3MVC1D7FV8A8CY40QY,01M1PVV2HGBFFFP8TQ2JTHYBNF,1788549398533,NA,2
01M1PWEJ72D8WPEH9ZQ4Q5TQXJ,01M1PVPXF92SZVFC9KBGN1TRXM,training,4,0,5,48,12,7,/tangrams/245_304.png,A3,"[""/tangrams/245_304.png"",""/tangrams/245_302.png"",""/tangrams/303_304.png"",""/tangrams/183_24.png""]","[""A3"",""A4"",""B3"",""C1""]",/tangrams/245_304.png,TRUE,/tangrams/245_304.png,01M1PVZYRHDVK94JBPD96A2FVY,01M1PVVCHSJDKDCMNAX28C9KTM,1788549109091,NA,1
01M1PW1ZEP2JR4AWV7GBNA2CM6,01M1PVPTMX8QBBEQ1CAWS8Y65C,training,17,1,6,48,12,5,/tangrams/60_38.png,C2,"[""/tangrams/235_38.png"",""/tangrams/60_38.png"",""/tangrams/154_248.png"",""/tangrams/60_127.png""]","[""D2"",""C2"",""A3"",""C1""]",/tangrams/60_38.png,TRUE,/tangrams/60_38.png,01M1PVVDJXTQ0S1H8V336MES03,01M1PVVEHT22G3NCF8EGPQWRYM,1788549508129,NA,2
01M1PWJSN8WEG9SJ5P6EZH1393,01M1PVPY05YMN5QBCZG3YB2C9A,training,26,2,3,48,12,8,/tangrams/265_436.png,C1,"[""/tangrams/192_219.png"",""/tangrams/353_235.png"",""/tangrams/265_436.png"",""/tangrams/368_444.png""]","[""D2"",""B3"",""C1"",""A4""]",NA,NA,NA,NA,NA,NA,NA,3
01M1PW1ZMRFBPP02AW14YTDPT6,01M1PVPTMX8QBBEQ1CAWS8Y65C,training,26,2,3,48,12,5,/tangrams/14_127.png,B1,"[""/tangrams/60_38.png"",""/tangrams/14_127.png"",""/tangrams/14_248.png"",""/tangrams/235_127.png""]","[""C2"",""B1"",""B3"",""D1""]",/tangrams/14_127.png,TRUE,/tangrams/14_127.png,01M1PVVEHT22G3NCF8EGPQWRYM,01M1PVVDJXTQ0S1H8V336MES03,1788549812819,NA,3
01M1PW5RAVBVCBAWRFM2THPWZA,01M1PVPWEGF3RQQ2BZJMHJW5WT,training,36,3,1,48,12,6,/tangrams/445_437.png,D2,"[""/tangrams/445_437.png"",""/tangrams/275_437.png"",""/tangrams/445_324.png"",""/tangrams/81_264.png""]","[""D2"",""A2"",""D3"",""B1""]",/tangrams/445_437.png,TRUE,/tangrams/445_437.png,01M1PVZMF178XCTABPVTWNQQ3Q,01M1PVV9N1B5JSVGVHP53ND1FH,1788550203380,NA,4
01M1PW9DEZD5HRMGKZK7JASKZB,01M1PVPXF92SZVFC9KB45KHNG3,training,43,3,8,48,12,7,/tangrams/35_447.png,F8,"[""/tangrams/51_378.png"",""/tangrams/35_447.png"",""/tangrams/286_225.png"",""/tangrams/183_304.png""]","[""F4"",""F8"",""F6"",""C3""]",/tangrams/35_447.png,TRUE,/tangrams/35_447.png,01M1PVVBRZ3YZPYCQZYDADYMR6,01M1PVVXW244MSV8KK7TFJHPNZ,1788549419185,NA,4
01M1PWG17BVVRQMBN5AHGPWG2F,01M1PVPY02TEGASTZW7B0B44PE,training,37,3,2,48,12,8,/tangrams/192_219.png,D2,"[""/tangrams/192_219.png"",""/tangrams/265_444.png"",""/tangrams/192_436.png"",""/tangrams/368_219.png""]","[""D2"",""C4"",""D1"",""A2""]",/tangrams/192_219.png,TRUE,/tangrams/192_219.png,01M1PW1KKGDQJPNSP87YDPE8Y2,01M1PWAKPMFG2PF8ZD5WBT5ANA,1788551475255,NA,4
01M1PW6KNQTTRDM1WGHMNZPTTG,01M1PVPWZ82WNHXNHFM772HZSY,training,19,1,8,48,12,7,/tangrams/6_304.png,D3,"[""/tangrams/6_304.png"",""/tangrams/245_302.png"",""/tangrams/303_304.png"",""/tangrams/6_311.png""]","[""D3"",""A4"",""B3"",""D2""]",/tangrams/6_304.png,TRUE,/tangrams/6_304.png,01M1PVV2HGBFFFP8TQ2JTHYBNF,01M1PVWG3MVC1D7FV8A8CY40QY,1788549483445,NA,2
01M1PW0KHKNBT3HDGWATNM029V,01M1PVPSF9NDAT0BF7G6FNHKYQ,training,32,2,9,48,12,5,/tangrams/154_24.png,A4,"[""/tangrams/60_127.png"",""/tangrams/14_248.png"",""/tangrams/154_24.png"",""/tangrams/235_38.png""]","[""C1"",""B3"",""A4"",""D2""]",/tangrams/154_24.png,TRUE,/tangrams/154_24.png,01M1PVTRYDJNHHT05DKBKN76E5,01M1PVTG9CCCTFM1SEAAQ81WMP,1788548978859,NA,3
01M1PWJSKB4VYHTT69K2GACP4C,01M1PVPY05YMN5QBCZG3YB2C9A,training,23,1,12,48,12,8,/tangrams/192_219.png,D2,"[""/tangrams/368_235.png"",""/tangrams/353_444.png"",""/tangrams/265_436.png"",""/tangrams/192_219.png""]","[""A3"",""B4"",""C1"",""D2""]",NA,NA,NA,NA,NA,NA,NA,2
01M1PWJSXP4FV8X3RH0BKXWGZ9,01M1PVPY05YMN5QBCZG3YB2C9A,training,10,0,11,48,12,8,/tangrams/265_219.png,C2,"[""/tangrams/368_444.png"",""/tangrams/192_436.png"",""/tangrams/265_219.png"",""/tangrams/353_235.png""]","[""A4"",""D1"",""C2"",""B3""]",NA,NA,NA,NA,NA,NA,NA,1
01M1PW157RRD0V2Z59EDMG0VRF,01M1PVPSFBNZXW40G11G9DGVKY,training,39,3,4,48,12,5,/tangrams/154_127.png,A1,"[""/tangrams/321_445.png"",""/tangrams/457_208.png"",""/tangrams/391_126.png"",""/tangrams/154_127.png""]","[""F1"",""F4"",""F8"",""A1""]",/tangrams/154_127.png,TRUE,/tangrams/154_127.png,01M1PVTZDZSFSRFW0Y011447D5,01M1PVVNH6WEMGKMEM2F9XPCJS,1788549618069,NA,4
01M1PW50X41XE493CCM3QY823C,01M1PVPVN43CJ2ZQS2FA0GJ1TX,training,19,1,8,48,12,6,/tangrams/330_144.png,F6,"[""/tangrams/330_144.png"",""/tangrams/424_432.png"",""/tangrams/384_354.png"",""/tangrams/81_437.png""]","[""F6"",""F4"",""F1"",""B2""]",/tangrams/330_144.png,TRUE,/tangrams/330_144.png,01M1PVW5BM9J57HJX5KJ260RG3,01M1PVW97TC4GVFYDVFB1SJ9WH,1788549063131,NA,2
01M1PW611P32K541XRSMT4SDV3,01M1PVPWEFJ67VYTWGSHJ4XJ33,training,15,1,4,48,12,6,/tangrams/4_324.png,C3,"[""/tangrams/4_324.png"",""/tangrams/384_354.png"",""/tangrams/70_426.png"",""/tangrams/445_153.png""]","[""C3"",""F1"",""F3"",""D4""]",/tangrams/4_324.png,TRUE,/tangrams/4_324.png,01M1PVV71QMXF31FNN88616S34,01M1PVW7YQ0ZCTA6RRXWJ4B3KT,1788549096559,NA,2
01M1PW6KNX10AXM88DTGHZRY6K,01M1PVPWZ82WNHXNHFM772HZSY,training,26,2,3,48,12,7,/tangrams/6_311.png,D2,"[""/tangrams/6_304.png"",""/tangrams/6_311.png"",""/tangrams/183_311.png"",""/tangrams/303_302.png""]","[""D3"",""D2"",""C2"",""B4""]",/tangrams/6_311.png,TRUE,/tangrams/6_311.png,01M1PVWG3MVC1D7FV8A8CY40QY,01M1PVV2HGBFFFP8TQ2JTHYBNF,1788549741625,NA,3
01M1PW6KRAMX48B1NXEDBV4ZR3,01M1PVPWZ82WNHXNHFM772HZSY,training,21,1,10,48,12,7,/tangrams/303_304.png,B3,"[""/tangrams/303_24.png"",""/tangrams/245_304.png"",""/tangrams/303_304.png"",""/tangrams/6_311.png""]","[""B1"",""A3"",""B3"",""D2""]",/tangrams/303_304.png,TRUE,/tangrams/303_304.png,01M1PVV2HGBFFFP8TQ2JTHYBNF,01M1PVWG3MVC1D7FV8A8CY40QY,1788549564973,NA,2
01M1PWBR29C6EDDHCH335F4JQ2,01M1PVPY0135RYKX6QNWJW9HQ7,training,21,1,10,48,12,8,/tangrams/368_436.png,A1,"[""/tangrams/265_235.png"",""/tangrams/368_436.png"",""/tangrams/192_444.png"",""/tangrams/194_445.png""]","[""C3"",""A1"",""D4"",""F3""]",/tangrams/368_436.png,TRUE,/tangrams/368_436.png,01M1PVV5BA5A9YAQJQ9SAGP2BW,01M1PVW5G591MZ9WXE41XZDX0Y,1788549082882,NA,2
01M1PW0KH1MTAJ8SS32ACXET2Z,01M1PVPSF9NDAT0BF7G6FNHKYQ,training,34,2,11,48,12,5,/tangrams/14_248.png,B3,"[""/tangrams/60_38.png"",""/tangrams/154_24.png"",""/tangrams/14_248.png"",""/tangrams/235_127.png""]","[""C2"",""A4"",""B3"",""D1""]",/tangrams/14_248.png,TRUE,/tangrams/14_248.png,01M1PVTRYDJNHHT05DKBKN76E5,01M1PVTG9CCCTFM1SEAAQ81WMP,1788549018784,NA,3
01M1PW151RQT4CEPT5CSFNT3BH,01M1PVPSFBNZXW40G11G9DGVKY,training,1,0,2,48,12,5,/tangrams/337_178.png,F6,"[""/tangrams/60_248.png"",""/tangrams/321_445.png"",""/tangrams/337_178.png"",""/tangrams/411_421.png""]","[""C3"",""F1"",""F6"",""F3""]",/tangrams/411_421.png,FALSE,/tangrams/411_421.png,01M1PVTZDZSFSRFW0Y011447D5,01M1PVVNH6WEMGKMEM2F9XPCJS,1788548312671,NA,1
01M1PW513YFZ9ZXM7XTKBVYTAS,01M1PVPVN43CJ2ZQS2FA0GJ1TX,training,8,0,9,48,12,6,/tangrams/204_449.png,F8,"[""/tangrams/4_324.png"",""/tangrams/222_36.png"",""/tangrams/204_449.png"",""/tangrams/399_84.png""]","[""C3"",""F7"",""F8"",""F2""]",/tangrams/204_449.png,TRUE,/tangrams/204_449.png,01M1PVW97TC4GVFYDVFB1SJ9WH,01M1PVW5BM9J57HJX5KJ260RG3,1788548612413,NA,1
01M1PW5R83PAN96WD5B7F4AARE,01M1PVPWEGF3RQQ2BZJMHJW5WT,training,30,2,7,48,12,6,/tangrams/445_324.png,D3,"[""/tangrams/275_324.png"",""/tangrams/4_153.png"",""/tangrams/445_324.png"",""/tangrams/445_437.png""]","[""A3"",""C4"",""D3"",""D2""]",/tangrams/445_324.png,TRUE,/tangrams/445_324.png,01M1PVZMF178XCTABPVTWNQQ3Q,01M1PVV9N1B5JSVGVHP53ND1FH,1788550022508,NA,3
01M1PW6KG0EE2VVMA4F8TA17XD,01M1PVPWZ82WNHXNHFM772HZSY,training,47,3,12,48,12,7,/tangrams/245_311.png,A2,"[""/tangrams/245_304.png"",""/tangrams/245_311.png"",""/tangrams/303_24.png"",""/tangrams/6_311.png""]","[""A3"",""A2"",""B1"",""D2""]",/tangrams/245_311.png,TRUE,/tangrams/245_311.png,01M1PVV2HGBFFFP8TQ2JTHYBNF,01M1PVWG3MVC1D7FV8A8CY40QY,1788550294365,NA,4
01M1PW6Y41PTQQS32BAADHQVPD,01M1PVPWEJQS052PE7X7E1TZK9,training,14,1,3,48,12,6,/tangrams/275_153.png,A4,"[""/tangrams/445_264.png"",""/tangrams/81_324.png"",""/tangrams/4_437.png"",""/tangrams/275_153.png""]","[""D1"",""B3"",""C2"",""A4""]",/tangrams/275_153.png,TRUE,/tangrams/275_153.png,01M1PVW75JX1QRKD2FQCCBJ017,01M1PVVX5KFM5CFX55QQRWNDX8,1788548868592,NA,2
01M1PW7EXPB3YEY40HEQNETB5Q,01M1PVPWZ7KQZN2DHXW0TTKG9P,training,7,0,8,48,12,7,/tangrams/6_302.png,D4,"[""/tangrams/245_24.png"",""/tangrams/35_447.png"",""/tangrams/6_302.png"",""/tangrams/286_225.png""]","[""A1"",""F8"",""D4"",""F6""]",/tangrams/6_302.png,TRUE,/tangrams/6_302.png,01M1PVVTM3JYE18KKXW2DCV15S,01M1PVZ3NBFP4RQAMM34F5EPHD,1788548852215,NA,1
01M1PW2VGJ8JMA27AV4R1G5AD8,01M1PVPTMT2TF5TMW6DY08RG1A,training,11,0,12,48,12,5,/tangrams/235_38.png,D2,"[""/tangrams/60_127.png"",""/tangrams/235_38.png"",""/tangrams/154_248.png"",""/tangrams/14_24.png""]","[""C1"",""D2"",""A3"",""B4""]",/tangrams/235_38.png,TRUE,/tangrams/235_38.png,01M1PVVTHSCRB56WAFX0KRCSX2,01M1PVVYCG3ZV9Y0QVDS434K08,1788549264384,NA,1
01M1PW3TAFAN0N8P2TXT0DRXH7,01M1PVPVN19AKJQXAJWG447XT1,training,15,1,4,48,12,6,/tangrams/275_153.png,A4,"[""/tangrams/275_153.png"",""/tangrams/81_324.png"",""/tangrams/445_437.png"",""/tangrams/4_264.png""]","[""A4"",""B3"",""D2"",""C1""]",/tangrams/275_153.png,TRUE,/tangrams/275_153.png,01M1PVV4T08CWVFCAHVD9FMRR2,01M1PVVZD69SDYBBAB5MDTZSCB,1788549218627,NA,2
01M1PWEJ6QN23FZ5Y1S7MC6ADB,01M1PVPXF92SZVFC9KBGN1TRXM,training,3,0,4,48,12,7,/tangrams/303_24.png,B1,"[""/tangrams/183_24.png"",""/tangrams/303_304.png"",""/tangrams/245_311.png"",""/tangrams/303_24.png""]","[""C1"",""B3"",""A2"",""B1""]",/tangrams/303_24.png,TRUE,/tangrams/303_24.png,01M1PVVCHSJDKDCMNAX28C9KTM,01M1PVZYRHDVK94JBPD96A2FVY,1788549058663,NA,1
01M1PW1ZEMS9JRYMP9TGCZCV0W,01M1PVPTMX8QBBEQ1CAWS8Y65C,training,35,2,12,48,12,5,/tangrams/60_24.png,C4,"[""/tangrams/60_127.png"",""/tangrams/60_24.png"",""/tangrams/235_248.png"",""/tangrams/14_24.png""]","[""C1"",""C4"",""D3"",""B4""]",/tangrams/60_24.png,TRUE,/tangrams/60_24.png,01M1PVVDJXTQ0S1H8V336MES03,01M1PVVEHT22G3NCF8EGPQWRYM,1788550004294,NA,3
01M1PW3T8SENQ3BHS0NM8RDNWZ,01M1PVPVN19AKJQXAJWG447XT1,training,14,1,3,48,12,6,/tangrams/81_264.png,B1,"[""/tangrams/81_264.png"",""/tangrams/445_324.png"",""/tangrams/4_437.png"",""/tangrams/275_153.png""]","[""B1"",""D3"",""C2"",""A4""]",/tangrams/81_264.png,TRUE,/tangrams/81_264.png,01M1PVVZD69SDYBBAB5MDTZSCB,01M1PVV4T08CWVFCAHVD9FMRR2,1788549183803,NA,2
01M1PW5R06137NB9MVHF4T2X96,01M1PVPWEGF3RQQ2BZJMHJW5WT,training,1,0,2,48,12,6,/tangrams/445_324.png,D3,"[""/tangrams/445_437.png"",""/tangrams/275_324.png"",""/tangrams/445_324.png"",""/tangrams/4_264.png""]","[""D2"",""A3"",""D3"",""C1""]",/tangrams/445_324.png,TRUE,/tangrams/445_324.png,01M1PVV9N1B5JSVGVHP53ND1FH,01M1PVZMF178XCTABPVTWNQQ3Q,1788548934239,NA,1
01M1PW6KQ3AJP9F6ND3F12FT8G,01M1PVPWZ82WNHXNHFM772HZSY,training,24,2,1,48,12,7,/tangrams/245_304.png,A3,"[""/tangrams/183_302.png"",""/tangrams/245_311.png"",""/tangrams/245_304.png"",""/tangrams/6_304.png""]","[""C4"",""A2"",""A3"",""D3""]",/tangrams/245_304.png,TRUE,/tangrams/245_304.png,01M1PVWG3MVC1D7FV8A8CY40QY,01M1PVV2HGBFFFP8TQ2JTHYBNF,1788549664911,NA,3
01M1PW0KHEADK4Y3RQG79KYPRN,01M1PVPSF9NDAT0BF7G6FNHKYQ,training,33,2,10,48,12,5,/tangrams/235_248.png,D3,"[""/tangrams/154_38.png"",""/tangrams/235_248.png"",""/tangrams/60_24.png"",""/tangrams/14_127.png""]","[""A2"",""D3"",""C4"",""B1""]",/tangrams/235_248.png,TRUE,/tangrams/235_248.png,01M1PVTG9CCCTFM1SEAAQ81WMP,01M1PVTRYDJNHHT05DKBKN76E5,1788548997921,NA,3
01M1PW0XAYYG1FB8W9FXYQX6K2,01M1PVPSFBNZXW40G11YGR32M6,training,36,3,1,48,12,5,/tangrams/60_24.png,C4,"[""/tangrams/235_248.png"",""/tangrams/60_24.png"",""/tangrams/60_127.png"",""/tangrams/154_24.png""]","[""D3"",""C4"",""C1"",""A4""]",/tangrams/60_24.png,TRUE,/tangrams/60_24.png,01M1PVVNQ4AT0NRB9TK929QH2E,01M1PVTRWTPC40C0HPR8RXXWTF,1788549044943,NA,4
01M1PW3TB90Y5JXXJVVR1K3X5P,01M1PVPVN19AKJQXAJWG447XT1,training,20,1,9,48,12,6,/tangrams/4_264.png,C1,"[""/tangrams/4_264.png"",""/tangrams/275_437.png"",""/tangrams/445_324.png"",""/tangrams/81_153.png""]","[""C1"",""A2"",""D3"",""B4""]",/tangrams/4_264.png,TRUE,/tangrams/4_264.png,01M1PVVZD69SDYBBAB5MDTZSCB,01M1PVV4T08CWVFCAHVD9FMRR2,1788549364163,NA,2
01M1PW9D9HGX8QKP61ZNSS291H,01M1PVPXF92SZVFC9KB45KHNG3,training,30,2,7,48,12,7,/tangrams/391_404.png,F5,"[""/tangrams/303_311.png"",""/tangrams/391_404.png"",""/tangrams/286_225.png"",""/tangrams/241_420.png""]","[""B2"",""F5"",""F6"",""F2""]",/tangrams/391_404.png,TRUE,/tangrams/391_404.png,01M1PVVXW244MSV8KK7TFJHPNZ,01M1PVVBRZ3YZPYCQZYDADYMR6,1788549189554,NA,3
01M1PW41GT1Y3X047V4M3KTG68,01M1PVPTMYJEMSH2D4PPK54AQC,training,35,2,12,48,12,5,/tangrams/391_126.png,F8,"[""/tangrams/337_178.png"",""/tangrams/14_38.png"",""/tangrams/235_24.png"",""/tangrams/391_126.png""]","[""F6"",""B2"",""D4"",""F8""]",/tangrams/391_126.png,TRUE,/tangrams/391_126.png,01M1PVV1FSQ931Q08DC040FF4H,01M1PVXZCG5HBAN48J4YM7CT4J,1788549463463,NA,3
01M1PW5RCKBV2173EKD9ED2AAK,01M1PVPWEGF3RQQ2BZJMHJW5WT,training,41,3,6,48,12,6,/tangrams/81_264.png,B1,"[""/tangrams/81_153.png"",""/tangrams/445_437.png"",""/tangrams/81_264.png"",""/tangrams/4_264.png""]","[""B4"",""D2"",""B1"",""C1""]",/tangrams/81_264.png,TRUE,/tangrams/81_264.png,01M1PVV9N1B5JSVGVHP53ND1FH,01M1PVZMF178XCTABPVTWNQQ3Q,1788550344329,NA,4
01M1PW6XYEKJ7WT2S7CGF5FEGW,01M1PVPWEJQS052PE7X7E1TZK9,training,4,0,5,48,12,6,/tangrams/4_437.png,C2,"[""/tangrams/81_324.png"",""/tangrams/4_437.png"",""/tangrams/275_153.png"",""/tangrams/445_264.png""]","[""B3"",""C2"",""A4"",""D1""]",/tangrams/4_437.png,TRUE,/tangrams/4_437.png,01M1PVW75JX1QRKD2FQCCBJ017,01M1PVVX5KFM5CFX55QQRWNDX8,1788548643121,NA,1
01M1PWGHY978HPE5GZ5C7TNF7D,01M1PVPXF8XP3FTSCWE2SZ4KAJ,training,6,0,7,48,12,7,/tangrams/183_302.png,C4,"[""/tangrams/183_302.png"",""/tangrams/245_311.png"",""/tangrams/303_24.png"",""/tangrams/6_304.png""]","[""C4"",""A2"",""B1"",""D3""]",/tangrams/183_302.png,TRUE,/tangrams/183_302.png,01M1PW23TCTCTWR44KF0HW1TG2,01M1PVW253SKBG4X7GTPVKZWRC,1788549361439,NA,1
01M1PW3TFWV27Z1ZKDXGZJHW2B,01M1PVPVN19AKJQXAJWG447XT1,training,32,2,9,48,12,6,/tangrams/275_153.png,A4,"[""/tangrams/445_264.png"",""/tangrams/275_153.png"",""/tangrams/4_437.png"",""/tangrams/81_324.png""]","[""D1"",""A4"",""C2"",""B3""]",/tangrams/275_153.png,TRUE,/tangrams/275_153.png,01M1PVVZD69SDYBBAB5MDTZSCB,01M1PVV4T08CWVFCAHVD9FMRR2,1788549596466,NA,3
01M1PW5R7TD9TDD2S6Q4Q2GN4W,01M1PVPWEGF3RQQ2BZJMHJW5WT,training,29,2,6,48,12,6,/tangrams/4_153.png,C4,"[""/tangrams/275_153.png"",""/tangrams/4_437.png"",""/tangrams/4_153.png"",""/tangrams/445_324.png""]","[""A4"",""C2"",""C4"",""D3""]",/tangrams/4_153.png,TRUE,/tangrams/4_153.png,01M1PVV9N1B5JSVGVHP53ND1FH,01M1PVZMF178XCTABPVTWNQQ3Q,1788549994450,NA,3
01M1PW6KE4DA10VQB7A3BBCN11,01M1PVPWZ82WNHXNHFM772HZSY,training,8,0,9,48,12,7,/tangrams/303_304.png,B3,"[""/tangrams/303_302.png"",""/tangrams/6_24.png"",""/tangrams/245_304.png"",""/tangrams/303_304.png""]","[""B4"",""D1"",""A3"",""B3""]",/tangrams/303_304.png,TRUE,/tangrams/303_304.png,01M1PVWG3MVC1D7FV8A8CY40QY,01M1PVV2HGBFFFP8TQ2JTHYBNF,1788549072552,NA,1
01M1PW6KJYECZT4AX1GVF71W9V,01M1PVPWZ82WNHXNHFM772HZSY,training,36,3,1,48,12,7,/tangrams/245_302.png,A4,"[""/tangrams/245_304.png"",""/tangrams/303_302.png"",""/tangrams/245_302.png"",""/tangrams/183_311.png""]","[""A3"",""B4"",""A4"",""C2""]",/tangrams/245_302.png,TRUE,/tangrams/245_302.png,01M1PVWG3MVC1D7FV8A8CY40QY,01M1PVV2HGBFFFP8TQ2JTHYBNF,1788550053432,NA,4
01M1PWEJHPEQKNMQT11QYNYABJ,01M1PVPXF92SZVFC9KBGN1TRXM,training,15,1,4,48,12,7,/tangrams/6_24.png,D1,"[""/tangrams/183_311.png"",""/tangrams/303_24.png"",""/tangrams/6_24.png"",""/tangrams/6_304.png""]","[""C2"",""B1"",""D1"",""D3""]",/tangrams/6_24.png,TRUE,/tangrams/6_24.png,01M1PVVCHSJDKDCMNAX28C9KTM,01M1PVZYRHDVK94JBPD96A2FVY,1788549527237,NA,2
01M1PW0X8CK4YNTDC2EZZC0DTR,01M1PVPSFBNZXW40G11YGR32M6,training,27,2,4,48,12,5,/tangrams/60_38.png,C2,"[""/tangrams/60_38.png"",""/tangrams/14_248.png"",""/tangrams/60_24.png"",""/tangrams/235_38.png""]","[""C2"",""B3"",""C4"",""D2""]",/tangrams/60_38.png,TRUE,/tangrams/60_38.png,01M1PVTRWTPC40C0HPR8RXXWTF,01M1PVVNQ4AT0NRB9TK929QH2E,1788548892646,NA,3
01M1PW41H4V8WW7HZTAJMCTKVA,01M1PVPTMYJEMSH2D4PPK54AQC,training,37,3,2,48,12,5,/tangrams/231_230.png,F7,"[""/tangrams/14_38.png"",""/tangrams/154_127.png"",""/tangrams/411_421.png"",""/tangrams/231_230.png""]","[""B2"",""A1"",""F3"",""F7""]",/tangrams/231_230.png,TRUE,/tangrams/231_230.png,01M1PVV1FSQ931Q08DC040FF4H,01M1PVXZCG5HBAN48J4YM7CT4J,1788549503851,NA,4
01M1PW7EV7Q8A4DTBZ8WG3A2JD,01M1PVPWZ7KQZN2DHXW0TTKG9P,training,27,2,4,48,12,7,/tangrams/286_225.png,F6,"[""/tangrams/286_225.png"",""/tangrams/340_29.png"",""/tangrams/51_378.png"",""/tangrams/245_24.png""]","[""F6"",""F1"",""F4"",""A1""]",/tangrams/286_225.png,TRUE,/tangrams/286_225.png,01M1PVVTM3JYE18KKXW2DCV15S,01M1PVZ3NBFP4RQAMM34F5EPHD,1788549750432,NA,3
01M1PWEJQ8F3334RGX4G4XN2EH,01M1PVPXF92SZVFC9KBGN1TRXM,training,37,3,2,48,12,7,/tangrams/245_302.png,A4,"[""/tangrams/245_302.png"",""/tangrams/245_304.png"",""/tangrams/183_302.png"",""/tangrams/6_311.png""]","[""A4"",""A3"",""C4"",""D2""]",/tangrams/245_302.png,TRUE,/tangrams/245_302.png,01M1PVVCHSJDKDCMNAX28C9KTM,01M1PVZYRHDVK94JBPD96A2FVY,1788550336585,NA,4
01M1PWG196T7KKZFGY3HWCSMZF,01M1PVPY02TEGASTZW7B0B44PE,training,32,2,9,48,12,8,/tangrams/265_219.png,C2,"[""/tangrams/265_219.png"",""/tangrams/192_219.png"",""/tangrams/265_444.png"",""/tangrams/353_235.png""]","[""C2"",""D2"",""C4"",""B3""]",/tangrams/265_219.png,TRUE,/tangrams/265_219.png,01M1PWAKPMFG2PF8ZD5WBT5ANA,01M1PW1KKGDQJPNSP87YDPE8Y2,1788551293844,NA,3
01M1PW0KNTX590C2E3DEBC3F7Z,01M1PVPSF9NDAT0BF7G6FNHKYQ,training,2,0,3,48,12,5,/tangrams/154_38.png,A2,"[""/tangrams/235_127.png"",""/tangrams/154_38.png"",""/tangrams/60_24.png"",""/tangrams/14_248.png""]","[""D1"",""A2"",""C4"",""B3""]",/tangrams/154_38.png,TRUE,/tangrams/154_38.png,01M1PVTRYDJNHHT05DKBKN76E5,01M1PVTG9CCCTFM1SEAAQ81WMP,1788548154626,NA,1
01M1PW50V9084B270FQXWC3A51,01M1PVPVN43CJ2ZQS2FA0GJ1TX,training,12,1,1,48,12,6,/tangrams/399_84.png,F2,"[""/tangrams/424_432.png"",""/tangrams/399_84.png"",""/tangrams/222_36.png"",""/tangrams/204_449.png""]","[""F4"",""F2"",""F7"",""F8""]",/tangrams/399_84.png,TRUE,/tangrams/399_84.png,01M1PVW97TC4GVFYDVFB1SJ9WH,01M1PVW5BM9J57HJX5KJ260RG3,1788548778241,NA,2
01M1PW7EVQMW4C2FQ8CT0ASFV4,01M1PVPWZ7KQZN2DHXW0TTKG9P,training,25,2,2,48,12,7,/tangrams/183_304.png,C3,"[""/tangrams/183_304.png"",""/tangrams/241_420.png"",""/tangrams/391_404.png"",""/tangrams/178_230.png""]","[""C3"",""F2"",""F5"",""F3""]",/tangrams/183_304.png,TRUE,/tangrams/183_304.png,01M1PVVTM3JYE18KKXW2DCV15S,01M1PVZ3NBFP4RQAMM34F5EPHD,1788549649489,NA,3
01M1PW7F2ARH0Q0Y3TMKYJ7Z6R,01M1PVPWZ7KQZN2DHXW0TTKG9P,training,2,0,3,48,12,7,/tangrams/286_225.png,F6,"[""/tangrams/178_230.png"",""/tangrams/241_420.png"",""/tangrams/391_404.png"",""/tangrams/286_225.png""]","[""F3"",""F2"",""F5"",""F6""]",/tangrams/286_225.png,TRUE,/tangrams/286_225.png,01M1PVZ3NBFP4RQAMM34F5EPHD,01M1PVVTM3JYE18KKXW2DCV15S,1788548571030,NA,1
01M1PWBR1S43008KJSE43ND4KA,01M1PVPY0135RYKX6QNWJW9HQ7,training,22,1,11,48,12,8,/tangrams/371_100.png,F1,"[""/tangrams/194_445.png"",""/tangrams/192_444.png"",""/tangrams/371_100.png"",""/tangrams/311_205.png""]","[""F3"",""D4"",""F1"",""F4""]",/tangrams/371_100.png,TRUE,/tangrams/371_100.png,01M1PVW5G591MZ9WXE41XZDX0Y,01M1PVV5BA5A9YAQJQ9SAGP2BW,1788549116635,NA,2
01M1PWBR59GZY2XR186W681FS5,01M1PVPY0135RYKX6QNWJW9HQ7,training,13,1,2,48,12,8,/tangrams/265_235.png,C3,"[""/tangrams/447_295.png"",""/tangrams/414_365.png"",""/tangrams/265_235.png"",""/tangrams/277_238.png""]","[""F7"",""F6"",""C3"",""F8""]",/tangrams/265_235.png,TRUE,/tangrams/265_235.png,01M1PVV5BA5A9YAQJQ9SAGP2BW,01M1PVW5G591MZ9WXE41XZDX0Y,1788548902591,NA,2
01M1PWGJAR5JW97PE4JD29PGFN,01M1PVPXF8XP3FTSCWE2SZ4KAJ,training,33,2,10,48,12,7,/tangrams/183_302.png,C4,"[""/tangrams/183_302.png"",""/tangrams/245_304.png"",""/tangrams/6_311.png"",""/tangrams/303_24.png""]","[""C4"",""A3"",""D2"",""B1""]",/tangrams/183_302.png,TRUE,/tangrams/183_302.png,01M1PVW253SKBG4X7GTPVKZWRC,01M1PW23TCTCTWR44KF0HW1TG2,1788550298760,NA,3
01M1PWEJA0XHH840QRKT7T2D4R,01M1PVPXF92SZVFC9KBGN1TRXM,training,28,2,5,48,12,7,/tangrams/183_311.png,C2,"[""/tangrams/245_311.png"",""/tangrams/183_311.png"",""/tangrams/6_24.png"",""/tangrams/183_302.png""]","[""A2"",""C2"",""D1"",""C4""]",/tangrams/183_311.png,TRUE,/tangrams/183_311.png,01M1PVZYRHDVK94JBPD96A2FVY,01M1PVVCHSJDKDCMNAX28C9KTM,1788550070189,NA,3
01M1PWJSVQN8BH6JKM24CVSVCP,01M1PVPY05YMN5QBCZG3YB2C9A,training,8,0,9,48,12,8,/tangrams/368_219.png,A2,"[""/tangrams/192_235.png"",""/tangrams/265_444.png"",""/tangrams/368_219.png"",""/tangrams/353_436.png""]","[""D3"",""C4"",""A2"",""B1""]",NA,NA,NA,NA,NA,NA,NA,1
01M1PW6KGGWRWPBJ9QRY5Z79K1,01M1PVPWZ82WNHXNHFM772HZSY,training,44,3,9,48,12,7,/tangrams/6_304.png,D3,"[""/tangrams/303_302.png"",""/tangrams/6_24.png"",""/tangrams/245_304.png"",""/tangrams/6_304.png""]","[""B4"",""D1"",""A3"",""D3""]",/tangrams/6_304.png,TRUE,/tangrams/6_304.png,01M1PVWG3MVC1D7FV8A8CY40QY,01M1PVV2HGBFFFP8TQ2JTHYBNF,1788550223906,NA,4
01M1PW8ZBW7RYS3DD69D5V2VYZ,01M1PVPWZ383HA8RRK2RFSW236,training,20,1,9,48,12,7,/tangrams/303_302.png,B4,"[""/tangrams/303_302.png"",""/tangrams/245_311.png"",""/tangrams/183_24.png"",""/tangrams/6_304.png""]","[""B4"",""A2"",""C1"",""D3""]",/tangrams/303_302.png,TRUE,/tangrams/303_302.png,01M1PW2K6B8GZQ5Z02B5Q0TB2A,01M1PVVZ2PG17JJTAZWDXWW3JQ,1788549998501,NA,2
01M1PW1527FTJEZPV2593NYMXF,01M1PVPSFBNZXW40G11G9DGVKY,training,3,0,4,48,12,5,/tangrams/14_38.png,B2,"[""/tangrams/14_38.png"",""/tangrams/386_283.png"",""/tangrams/321_445.png"",""/tangrams/235_24.png""]","[""B2"",""F2"",""F1"",""D4""]",NA,FALSE,NA,01M1PVTZDZSFSRFW0Y011447D5,01M1PVVNH6WEMGKMEM2F9XPCJS,NA,NA,1
01M1PWG1GT764FXGYT33QZ3DWH,01M1PVPY02TEGASTZW7B0B44PE,training,14,1,3,48,12,8,/tangrams/353_235.png,B3,"[""/tangrams/353_436.png"",""/tangrams/265_444.png"",""/tangrams/353_235.png"",""/tangrams/192_235.png""]","[""B1"",""C4"",""B3"",""D3""]",/tangrams/353_235.png,TRUE,/tangrams/353_235.png,01M1PWAKPMFG2PF8ZD5WBT5ANA,01M1PW1KKGDQJPNSP87YDPE8Y2,1788550545825,NA,2
01M1PW50XR3CJYCDDQXT4BKERH,01M1PVPVN43CJ2ZQS2FA0GJ1TX,training,17,1,6,48,12,6,/tangrams/70_426.png,F3,"[""/tangrams/204_449.png"",""/tangrams/70_426.png"",""/tangrams/134_305.png"",""/tangrams/222_36.png""]","[""F8"",""F3"",""F5"",""F7""]",/tangrams/70_426.png,TRUE,/tangrams/70_426.png,01M1PVW5BM9J57HJX5KJ260RG3,01M1PVW97TC4GVFYDVFB1SJ9WH,1788548974862,NA,2
01M1PW8ZD3JJYWWK4N254448MT,01M1PVPWZ383HA8RRK2RFSW236,training,19,1,8,48,12,7,/tangrams/183_311.png,C2,"[""/tangrams/6_24.png"",""/tangrams/245_304.png"",""/tangrams/183_311.png"",""/tangrams/303_302.png""]","[""D1"",""A3"",""C2"",""B4""]",/tangrams/183_311.png,TRUE,/tangrams/183_311.png,01M1PVVZ2PG17JJTAZWDXWW3JQ,01M1PW2K6B8GZQ5Z02B5Q0TB2A,1788549943921,NA,2
01M1PWBQRCCACJEA78G0QNJ9GF,01M1PVPY0135RYKX6QNWJW9HQ7,training,3,0,4,48,12,8,/tangrams/101_61.png,F2,"[""/tangrams/371_100.png"",""/tangrams/192_444.png"",""/tangrams/101_61.png"",""/tangrams/368_436.png""]","[""F1"",""D4"",""F2"",""A1""]",/tangrams/101_61.png,TRUE,/tangrams/101_61.png,01M1PVV5BA5A9YAQJQ9SAGP2BW,01M1PVW5G591MZ9WXE41XZDX0Y,1788548613804,NA,1
01M1PWG10V32SJATXBCJQ4STS3,01M1PVPY02TEGASTZW7B0B44PE,training,7,0,8,48,12,8,/tangrams/353_436.png,B1,"[""/tangrams/368_219.png"",""/tangrams/353_235.png"",""/tangrams/265_436.png"",""/tangrams/353_436.png""]","[""A2"",""B3"",""C1"",""B1""]",/tangrams/353_436.png,TRUE,/tangrams/353_436.png,01M1PW1KKGDQJPNSP87YDPE8Y2,01M1PWAKPMFG2PF8ZD5WBT5ANA,1788550214491,NA,1
01M1PWGJ01S20VDV1238ZYPZHY,01M1PVPXF8XP3FTSCWE2SZ4KAJ,training,10,0,11,48,12,7,/tangrams/245_311.png,A2,"[""/tangrams/183_302.png"",""/tangrams/303_24.png"",""/tangrams/245_311.png"",""/tangrams/6_304.png""]","[""C4"",""B1"",""A2"",""D3""]",/tangrams/183_302.png,FALSE,/tangrams/183_302.png,01M1PW23TCTCTWR44KF0HW1TG2,01M1PVW253SKBG4X7GTPVKZWRC,1788549519167,NA,1
01M1PWJSY2CMZD36YW2SNW6ZYV,01M1PVPY05YMN5QBCZG3YB2C9A,training,40,3,5,48,12,8,/tangrams/353_436.png,B1,"[""/tangrams/192_235.png"",""/tangrams/353_436.png"",""/tangrams/368_219.png"",""/tangrams/265_444.png""]","[""D3"",""B1"",""A2"",""C4""]",NA,NA,NA,NA,NA,NA,NA,4
01M1PW2VJA579XNE391RY87360,01M1PVPTMT2TF5TMW6DY08RG1A,training,9,0,10,48,12,5,/tangrams/154_24.png,A4,"[""/tangrams/235_38.png"",""/tangrams/60_127.png"",""/tangrams/14_248.png"",""/tangrams/154_24.png""]","[""D2"",""C1"",""B3"",""A4""]",/tangrams/154_24.png,TRUE,/tangrams/154_24.png,01M1PVVTHSCRB56WAFX0KRCSX2,01M1PVVYCG3ZV9Y0QVDS434K08,1788549176216,NA,1
01M1PW41JHDQPBDWC0A005T3J0,01M1PVPTMYJEMSH2D4PPK54AQC,training,46,3,11,48,12,5,/tangrams/457_208.png,F4,"[""/tangrams/60_248.png"",""/tangrams/457_208.png"",""/tangrams/391_126.png"",""/tangrams/320_326.png""]","[""C3"",""F4"",""F8"",""F5""]",/tangrams/391_126.png,FALSE,/tangrams/391_126.png,01M1PVXZCG5HBAN48J4YM7CT4J,01M1PVV1FSQ931Q08DC040FF4H,1788549740458,NA,4
01M1PW50T2QDMZMWFWW4DXRD8E,01M1PVPVN43CJ2ZQS2FA0GJ1TX,training,43,3,8,48,12,6,/tangrams/4_324.png,C3,"[""/tangrams/424_432.png"",""/tangrams/4_324.png"",""/tangrams/275_264.png"",""/tangrams/70_426.png""]","[""F4"",""C3"",""A1"",""F3""]",/tangrams/4_324.png,TRUE,/tangrams/4_324.png,01M1PVW5BM9J57HJX5KJ260RG3,01M1PVW97TC4GVFYDVFB1SJ9WH,1788549812020,NA,4
01M1PWBQR0P2PWHR9XXYGW2PWD,01M1PVPY0135RYKX6QNWJW9HQ7,training,0,0,1,48,12,8,/tangrams/368_436.png,A1,"[""/tangrams/447_295.png"",""/tangrams/368_436.png"",""/tangrams/38_309.png"",""/tangrams/353_219.png""]","[""F7"",""A1"",""F5"",""B2""]",/tangrams/368_436.png,TRUE,/tangrams/368_436.png,01M1PVW5G591MZ9WXE41XZDX0Y,01M1PVV5BA5A9YAQJQ9SAGP2BW,1788548547112,NA,1
01M1PWGJF2GBAB3FVC80CXGPCR,01M1PVPXF8XP3FTSCWE2SZ4KAJ,training,45,3,10,48,12,7,/tangrams/183_24.png,C1,"[""/tangrams/245_304.png"",""/tangrams/6_311.png"",""/tangrams/183_24.png"",""/tangrams/303_302.png""]","[""A3"",""D2"",""C1"",""B4""]",/tangrams/183_24.png,TRUE,/tangrams/183_24.png,01M1PVW253SKBG4X7GTPVKZWRC,01M1PW23TCTCTWR44KF0HW1TG2,1788550625369,NA,4
01M1PWJSRKF48XSSW3FVCGX2D7,01M1PVPY05YMN5QBCZG3YB2C9A,training,31,2,8,48,12,8,/tangrams/353_444.png,B4,"[""/tangrams/353_444.png"",""/tangrams/368_219.png"",""/tangrams/192_235.png"",""/tangrams/265_436.png""]","[""B4"",""A2"",""D3"",""C1""]",NA,NA,NA,NA,NA,NA,NA,3
01M1PW157PXP1G12JKE02EV8YZ,01M1PVPSFBNZXW40G11G9DGVKY,training,38,3,3,48,12,5,/tangrams/386_283.png,F2,"[""/tangrams/386_283.png"",""/tangrams/391_126.png"",""/tangrams/235_24.png"",""/tangrams/411_421.png""]","[""F2"",""F8"",""D4"",""F3""]",/tangrams/386_283.png,TRUE,/tangrams/386_283.png,01M1PVVNH6WEMGKMEM2F9XPCJS,01M1PVTZDZSFSRFW0Y011447D5,1788549589851,NA,4
01M1PW1ZE3G2PX81YVCFYXARWN,01M1PVPTMX8QBBEQ1CAWS8Y65C,training,40,3,5,48,12,5,/tangrams/60_127.png,C1,"[""/tangrams/154_248.png"",""/tangrams/14_127.png"",""/tangrams/60_127.png"",""/tangrams/60_24.png""]","[""A3"",""B1"",""C1"",""C4""]",/tangrams/60_127.png,TRUE,/tangrams/60_127.png,01M1PVVEHT22G3NCF8EGPQWRYM,01M1PVVDJXTQ0S1H8V336MES03,1788550104763,NA,4
01M1PW6KPA6CQDKGZAFMHQ4ZX5,01M1PVPWZ82WNHXNHFM772HZSY,training,25,2,2,48,12,7,/tangrams/6_24.png,D1,"[""/tangrams/245_302.png"",""/tangrams/6_24.png"",""/tangrams/303_24.png"",""/tangrams/6_304.png""]","[""A4"",""D1"",""B1"",""D3""]",/tangrams/6_24.png,TRUE,/tangrams/6_24.png,01M1PVV2HGBFFFP8TQ2JTHYBNF,01M1PVWG3MVC1D7FV8A8CY40QY,1788549711013,NA,3
01M1PW6Y9SE00R13100QFVHBMQ,01M1PVPWEJQS052PE7X7E1TZK9,training,29,2,6,48,12,6,/tangrams/445_264.png,D1,"[""/tangrams/81_324.png"",""/tangrams/445_264.png"",""/tangrams/4_153.png"",""/tangrams/275_437.png""]","[""B3"",""D1"",""C4"",""A2""]",/tangrams/445_264.png,TRUE,/tangrams/445_264.png,01M1PVVX5KFM5CFX55QQRWNDX8,01M1PVW75JX1QRKD2FQCCBJ017,1788549116548,NA,3
01M1PWBQPK8TSAN4ZDN8QY9XT0,01M1PVPY0135RYKX6QNWJW9HQ7,training,6,0,7,48,12,8,/tangrams/371_100.png,F1,"[""/tangrams/414_365.png"",""/tangrams/277_238.png"",""/tangrams/311_205.png"",""/tangrams/371_100.png""]","[""F6"",""F8"",""F4"",""F1""]",/tangrams/371_100.png,TRUE,/tangrams/371_100.png,01M1PVW5G591MZ9WXE41XZDX0Y,01M1PVV5BA5A9YAQJQ9SAGP2BW,1788548722683,NA,1
01M1PW3T8AXEX5YH3B07D7ZDXV,01M1PVPVN19AKJQXAJWG447XT1,training,11,0,12,48,12,6,/tangrams/445_437.png,D2,"[""/tangrams/445_437.png"",""/tangrams/275_324.png"",""/tangrams/81_264.png"",""/tangrams/4_153.png""]","[""D2"",""A3"",""B1"",""C4""]",/tangrams/445_437.png,TRUE,/tangrams/445_437.png,01M1PVV4T08CWVFCAHVD9FMRR2,01M1PVVZD69SDYBBAB5MDTZSCB,1788549134837,NA,1
01M1PW5R49J9Q33DY4H9VG637A,01M1PVPWEGF3RQQ2BZJMHJW5WT,training,19,1,8,48,12,6,/tangrams/275_153.png,A4,"[""/tangrams/4_153.png"",""/tangrams/275_153.png"",""/tangrams/81_264.png"",""/tangrams/275_324.png""]","[""C4"",""A4"",""B1"",""A3""]",/tangrams/275_153.png,TRUE,/tangrams/275_153.png,01M1PVV9N1B5JSVGVHP53ND1FH,01M1PVZMF178XCTABPVTWNQQ3Q,1788549621762,NA,2
01M1PW618TBRK4N0FQDP1Z7W3W,01M1PVPWEFJ67VYTWGSHJ4XJ33,training,44,3,9,48,12,6,/tangrams/70_426.png,F3,"[""/tangrams/70_426.png"",""/tangrams/134_305.png"",""/tangrams/81_437.png"",""/tangrams/275_264.png""]","[""F3"",""F5"",""B2"",""A1""]",/tangrams/70_426.png,TRUE,/tangrams/70_426.png,01M1PVW7YQ0ZCTA6RRXWJ4B3KT,01M1PVV71QMXF31FNN88616S34,1788550106507,NA,4
01M1PW6KQBKKC4VVXMYMR7XQ4P,01M1PVPWZ82WNHXNHFM772HZSY,training,23,1,12,48,12,7,/tangrams/245_302.png,A4,"[""/tangrams/6_24.png"",""/tangrams/303_302.png"",""/tangrams/245_302.png"",""/tangrams/245_311.png""]","[""D1"",""B4"",""A4"",""A2""]",/tangrams/245_302.png,TRUE,/tangrams/245_302.png,01M1PVV2HGBFFFP8TQ2JTHYBNF,01M1PVWG3MVC1D7FV8A8CY40QY,1788549630221,NA,2
01M1PW6YDGJC4E44B9P33W443Y,01M1PVPWEJQS052PE7X7E1TZK9,training,39,3,4,48,12,6,/tangrams/81_264.png,B1,"[""/tangrams/4_153.png"",""/tangrams/445_437.png"",""/tangrams/275_324.png"",""/tangrams/81_264.png""]","[""C4"",""D2"",""A3"",""B1""]",/tangrams/81_264.png,TRUE,/tangrams/81_264.png,01M1PVVX5KFM5CFX55QQRWNDX8,01M1PVW75JX1QRKD2FQCCBJ017,1788549252107,NA,4
01M1PW8ZVZAFC0NWF07ZXGQXAZ,01M1PVPWZ383HA8RRK2RFSW236,training,9,0,10,48,12,7,/tangrams/245_304.png,A3,"[""/tangrams/303_302.png"",""/tangrams/6_24.png"",""/tangrams/245_304.png"",""/tangrams/183_311.png""]","[""B4"",""D1"",""A3"",""C2""]",/tangrams/245_304.png,TRUE,/tangrams/245_304.png,01M1PVVZ2PG17JJTAZWDXWW3JQ,01M1PW2K6B8GZQ5Z02B5Q0TB2A,1788549613983,NA,1
01M1PW9D79R8DTYAEQX7CS1X69,01M1PVPXF92SZVFC9KB45KHNG3,training,22,1,11,48,12,7,/tangrams/391_404.png,F5,"[""/tangrams/286_225.png"",""/tangrams/241_420.png"",""/tangrams/35_447.png"",""/tangrams/391_404.png""]","[""F6"",""F2"",""F8"",""F5""]",/tangrams/391_404.png,TRUE,/tangrams/391_404.png,01M1PVVXW244MSV8KK7TFJHPNZ,01M1PVVBRZ3YZPYCQZYDADYMR6,1788549051907,NA,2
01M1PW9D8J7HS0TD391DBF7Q0D,01M1PVPXF92SZVFC9KB45KHNG3,training,27,2,4,48,12,7,/tangrams/51_378.png,F4,"[""/tangrams/391_404.png"",""/tangrams/178_230.png"",""/tangrams/51_378.png"",""/tangrams/303_311.png""]","[""F5"",""F3"",""F4"",""B2""]",/tangrams/51_378.png,TRUE,/tangrams/51_378.png,01M1PVVBRZ3YZPYCQZYDADYMR6,01M1PVVXW244MSV8KK7TFJHPNZ,1788549140895,NA,3
01M1PWJSH1XAE2GV6QGBDT1ESE,01M1PVPY05YMN5QBCZG3YB2C9A,training,18,1,7,48,12,8,/tangrams/192_436.png,D1,"[""/tangrams/192_436.png"",""/tangrams/368_444.png"",""/tangrams/353_235.png"",""/tangrams/265_219.png""]","[""D1"",""A4"",""B3"",""C2""]",NA,NA,NA,NA,NA,NA,NA,2
01M1PWJSR6PSEGC486DT341HMP,01M1PVPY05YMN5QBCZG3YB2C9A,training,30,2,7,48,12,8,/tangrams/192_436.png,D1,"[""/tangrams/368_219.png"",""/tangrams/192_436.png"",""/tangrams/353_235.png"",""/tangrams/265_444.png""]","[""A2"",""D1"",""B3"",""C4""]",NA,NA,NA,NA,NA,NA,NA,3
01M1PW0X7PHCTGCCJ2X5PPQMQ7,01M1PVPSFBNZXW40G11YGR32M6,training,16,1,5,48,12,5,/tangrams/235_127.png,D1,"[""/tangrams/154_24.png"",""/tangrams/235_127.png"",""/tangrams/235_38.png"",""/tangrams/60_127.png""]","[""A4"",""D1"",""D2"",""C1""]",/tangrams/235_127.png,TRUE,/tangrams/235_127.png,01M1PVVNQ4AT0NRB9TK929QH2E,01M1PVTRWTPC40C0HPR8RXXWTF,1788548699562,NA,2
01M1PW7ERAJRYJPT77HP5P6WS2,01M1PVPWZ7KQZN2DHXW0TTKG9P,training,32,2,9,48,12,7,/tangrams/51_378.png,F4,"[""/tangrams/245_24.png"",""/tangrams/51_378.png"",""/tangrams/391_404.png"",""/tangrams/383_160.png""]","[""A1"",""F4"",""F5"",""F7""]",/tangrams/51_378.png,TRUE,/tangrams/51_378.png,01M1PVZ3NBFP4RQAMM34F5EPHD,01M1PVVTM3JYE18KKXW2DCV15S,1788549926138,NA,3
01M1PW8ZT5YX64KN0MW6EH6CAX,01M1PVPWZ383HA8RRK2RFSW236,training,15,1,4,48,12,7,/tangrams/245_304.png,A3,"[""/tangrams/245_304.png"",""/tangrams/6_311.png"",""/tangrams/183_24.png"",""/tangrams/303_302.png""]","[""A3"",""D2"",""C1"",""B4""]",/tangrams/245_304.png,TRUE,/tangrams/245_304.png,01M1PVVZ2PG17JJTAZWDXWW3JQ,01M1PW2K6B8GZQ5Z02B5Q0TB2A,1788549809207,NA,2
01M1PW156WYVAP7962SMDSN2ZA,01M1PVPSFBNZXW40G11G9DGVKY,training,21,1,10,48,12,5,/tangrams/14_38.png,B2,"[""/tangrams/14_38.png"",""/tangrams/320_326.png"",""/tangrams/457_208.png"",""/tangrams/411_421.png""]","[""B2"",""F5"",""F4"",""F3""]",/tangrams/14_38.png,TRUE,/tangrams/14_38.png,01M1PVTZDZSFSRFW0Y011447D5,01M1PVVNH6WEMGKMEM2F9XPCJS,1788549108641,NA,2
01M1PW419FCYAJ8X8AZC28WFZD,01M1PVPTMYJEMSH2D4PPK54AQC,training,30,2,7,48,12,5,/tangrams/14_38.png,B2,"[""/tangrams/231_230.png"",""/tangrams/386_283.png"",""/tangrams/411_421.png"",""/tangrams/14_38.png""]","[""F7"",""F2"",""F3"",""B2""]",/tangrams/14_38.png,TRUE,/tangrams/14_38.png,01M1PVXZCG5HBAN48J4YM7CT4J,01M1PVV1FSQ931Q08DC040FF4H,1788549305780,NA,3
01M1PW5R4P0PHXTZ99EW3FWD3J,01M1PVPWEGF3RQQ2BZJMHJW5WT,training,21,1,10,48,12,6,/tangrams/4_264.png,C1,"[""/tangrams/4_153.png"",""/tangrams/81_324.png"",""/tangrams/4_264.png"",""/tangrams/445_264.png""]","[""C4"",""B3"",""C1"",""D1""]",/tangrams/4_264.png,TRUE,/tangrams/4_264.png,01M1PVV9N1B5JSVGVHP53ND1FH,01M1PVZMF178XCTABPVTWNQQ3Q,1788549696054,NA,2
01M1PW5RCYWM0069VM47MFSPS9,01M1PVPWEGF3RQQ2BZJMHJW5WT,training,43,3,8,48,12,6,/tangrams/4_153.png,C4,"[""/tangrams/4_264.png"",""/tangrams/4_153.png"",""/tangrams/275_153.png"",""/tangrams/81_324.png""]","[""C1"",""C4"",""A4"",""B3""]",/tangrams/4_153.png,TRUE,/tangrams/4_153.png,01M1PVV9N1B5JSVGVHP53ND1FH,01M1PVZMF178XCTABPVTWNQQ3Q,1788550393422,NA,4
01M1PW6Y8QYQTMD5XP679XM9SJ,01M1PVPWEJQS052PE7X7E1TZK9,training,26,2,3,48,12,6,/tangrams/4_437.png,C2,"[""/tangrams/4_437.png"",""/tangrams/275_153.png"",""/tangrams/81_264.png"",""/tangrams/445_324.png""]","[""C2"",""A4"",""B1"",""D3""]",/tangrams/4_437.png,TRUE,/tangrams/4_437.png,01M1PVW75JX1QRKD2FQCCBJ017,01M1PVVX5KFM5CFX55QQRWNDX8,1788549071239,NA,3
01M1PW614X3N02NPDVMA3WH2ZE,01M1PVPWEFJ67VYTWGSHJ4XJ33,training,26,2,3,48,12,6,/tangrams/70_426.png,F3,"[""/tangrams/445_153.png"",""/tangrams/384_354.png"",""/tangrams/70_426.png"",""/tangrams/4_324.png""]","[""D4"",""F1"",""F3"",""C3""]",/tangrams/70_426.png,TRUE,/tangrams/70_426.png,01M1PVW7YQ0ZCTA6RRXWJ4B3KT,01M1PVV71QMXF31FNN88616S34,1788549573471,NA,3
01M1PW6186GCDT3WB40MCGPC2T,01M1PVPWEFJ67VYTWGSHJ4XJ33,training,41,3,6,48,12,6,/tangrams/4_324.png,C3,"[""/tangrams/204_449.png"",""/tangrams/4_324.png"",""/tangrams/81_437.png"",""/tangrams/445_153.png""]","[""F8"",""C3"",""B2"",""D4""]",/tangrams/4_324.png,TRUE,/tangrams/4_324.png,01M1PVV71QMXF31FNN88616S34,01M1PVW7YQ0ZCTA6RRXWJ4B3KT,1788550037333,NA,4
01M1PW7F550PB0Q7KZGHZ09S5M,01M1PVPWZ7KQZN2DHXW0TTKG9P,training,12,1,1,48,12,7,/tangrams/241_420.png,F2,"[""/tangrams/241_420.png"",""/tangrams/51_378.png"",""/tangrams/383_160.png"",""/tangrams/183_304.png""]","[""F2"",""F4"",""F7"",""C3""]",/tangrams/241_420.png,TRUE,/tangrams/241_420.png,01M1PVZ3NBFP4RQAMM34F5EPHD,01M1PVVTM3JYE18KKXW2DCV15S,1788549107804,NA,2
01M1PW8ZV49KG85PZPQ778JSSQ,01M1PVPWZ383HA8RRK2RFSW236,training,11,0,12,48,12,7,/tangrams/245_302.png,A4,"[""/tangrams/183_311.png"",""/tangrams/6_304.png"",""/tangrams/245_302.png"",""/tangrams/303_24.png""]","[""C2"",""D3"",""A4"",""B1""]",/tangrams/245_302.png,TRUE,/tangrams/245_302.png,01M1PVVZ2PG17JJTAZWDXWW3JQ,01M1PW2K6B8GZQ5Z02B5Q0TB2A,1788549660663,NA,1
01M1PW3H1HQRRBBARYQXQXXN39,01M1PVPVN58XQ8WD43NR9G03HY,training,6,0,7,48,12,6,/tangrams/445_264.png,D1,"[""/tangrams/275_153.png"",""/tangrams/445_264.png"",""/tangrams/81_264.png"",""/tangrams/445_324.png""]","[""A4"",""D1"",""B1"",""D3""]",NA,NA,NA,NA,NA,NA,NA,1
01M1PWG10236ANAT68D99PBC0W,01M1PVPY02TEGASTZW7B0B44PE,training,1,0,2,48,12,8,/tangrams/192_235.png,D3,"[""/tangrams/368_444.png"",""/tangrams/192_436.png"",""/tangrams/192_235.png"",""/tangrams/353_235.png""]","[""A4"",""D1"",""D3"",""B3""]",NA,FALSE,NA,01M1PW1KKGDQJPNSP87YDPE8Y2,01M1PWAKPMFG2PF8ZD5WBT5ANA,NA,1788549843782,1
01M1PW612Y3ZANKQ2BMVFM1247,01M1PVPWEFJ67VYTWGSHJ4XJ33,training,20,1,9,48,12,6,/tangrams/424_432.png,F4,"[""/tangrams/330_144.png"",""/tangrams/222_36.png"",""/tangrams/384_354.png"",""/tangrams/424_432.png""]","[""F6"",""F7"",""F1"",""F4""]",NA,FALSE,NA,01M1PVW7YQ0ZCTA6RRXWJ4B3KT,01M1PVV71QMXF31FNN88616S34,NA,NA,2
01M1PWG0ZK0KSJB3KXD23247VA,01M1PVPY02TEGASTZW7B0B44PE,training,9,0,10,48,12,8,/tangrams/368_219.png,A2,"[""/tangrams/353_436.png"",""/tangrams/368_219.png"",""/tangrams/192_219.png"",""/tangrams/368_235.png""]","[""B1"",""A2"",""D2"",""A3""]",/tangrams/368_219.png,TRUE,/tangrams/368_219.png,01M1PW1KKGDQJPNSP87YDPE8Y2,01M1PWAKPMFG2PF8ZD5WBT5ANA,1788550325172,NA,1
01M1PWG1HANR76NNHCG2MJQRZH,01M1PVPY02TEGASTZW7B0B44PE,training,13,1,2,48,12,8,/tangrams/368_235.png,A3,"[""/tangrams/368_235.png"",""/tangrams/353_235.png"",""/tangrams/368_219.png"",""/tangrams/192_436.png""]","[""A3"",""B3"",""A2"",""D1""]",/tangrams/368_235.png,TRUE,/tangrams/368_235.png,01M1PW1KKGDQJPNSP87YDPE8Y2,01M1PWAKPMFG2PF8ZD5WBT5ANA,1788550506408,NA,2
01M1PW2VNZECFZCDKR58A48E96,01M1PVPTMT2TF5TMW6DY08RG1A,training,26,2,3,48,12,5,/tangrams/235_38.png,D2,"[""/tangrams/60_24.png"",""/tangrams/235_38.png"",""/tangrams/154_248.png"",""/tangrams/14_127.png""]","[""C4"",""D2"",""A3"",""B1""]",/tangrams/235_38.png,TRUE,/tangrams/235_38.png,01M1PVVYCG3ZV9Y0QVDS434K08,01M1PVVTHSCRB56WAFX0KRCSX2,1788549581294,NA,3
01M1PW41B0VQ8PPR8W8MYJX3Y0,01M1PVPTMYJEMSH2D4PPK54AQC,training,22,1,11,48,12,5,/tangrams/235_24.png,D4,"[""/tangrams/235_24.png"",""/tangrams/320_326.png"",""/tangrams/457_208.png"",""/tangrams/60_248.png""]","[""D4"",""F5"",""F4"",""C3""]",/tangrams/235_24.png,TRUE,/tangrams/235_24.png,01M1PVXZCG5HBAN48J4YM7CT4J,01M1PVV1FSQ931Q08DC040FF4H,1788549082905,NA,2
01M1PW7ENFWT9JBJHNFB5HWBF3,01M1PVPWZ7KQZN2DHXW0TTKG9P,training,40,3,5,48,12,7,/tangrams/178_230.png,F3,"[""/tangrams/340_29.png"",""/tangrams/245_24.png"",""/tangrams/178_230.png"",""/tangrams/51_378.png""]","[""F1"",""A1"",""F3"",""F4""]",/tangrams/178_230.png,TRUE,/tangrams/178_230.png,01M1PVZ3NBFP4RQAMM34F5EPHD,01M1PVVTM3JYE18KKXW2DCV15S,1788550165194,NA,4
01M1PWJSF8RPBNY0SXEK03TMKM,01M1PVPY05YMN5QBCZG3YB2C9A,training,14,1,3,48,12,8,/tangrams/368_235.png,A3,"[""/tangrams/353_444.png"",""/tangrams/192_436.png"",""/tangrams/265_219.png"",""/tangrams/368_235.png""]","[""B4"",""D1"",""C2"",""A3""]",NA,NA,NA,NA,NA,NA,NA,2
01M1PW15722C039XPDYQQPG6RJ,01M1PVPSFBNZXW40G11G9DGVKY,training,32,2,9,48,12,5,/tangrams/386_283.png,F2,"[""/tangrams/320_326.png"",""/tangrams/386_283.png"",""/tangrams/235_24.png"",""/tangrams/321_445.png""]","[""F5"",""F2"",""D4"",""F1""]",/tangrams/386_283.png,TRUE,/tangrams/386_283.png,01M1PVVNH6WEMGKMEM2F9XPCJS,01M1PVTZDZSFSRFW0Y011447D5,1788549419583,NA,3
01M1PW1ZEEKWBQWC8CNAWVQYBF,01M1PVPTMX8QBBEQ1CAWS8Y65C,training,43,3,8,48,12,5,/tangrams/60_38.png,C2,"[""/tangrams/154_38.png"",""/tangrams/14_127.png"",""/tangrams/60_24.png"",""/tangrams/60_38.png""]","[""A2"",""B1"",""C4"",""C2""]",/tangrams/60_38.png,TRUE,/tangrams/60_38.png,01M1PVVDJXTQ0S1H8V336MES03,01M1PVVEHT22G3NCF8EGPQWRYM,1788550166549,NA,4
01M1PW3GRXX3PQ1HTEAVS25ST4,01M1PVPVN58XQ8WD43NR9G03HY,training,38,3,3,48,12,6,/tangrams/445_437.png,D2,"[""/tangrams/445_437.png"",""/tangrams/445_264.png"",""/tangrams/81_153.png"",""/tangrams/275_437.png""]","[""D2"",""D1"",""B4"",""A2""]",NA,NA,NA,NA,NA,NA,NA,4
01M1PW6XW693C08RRY4RWXFARP,01M1PVPWEJQS052PE7X7E1TZK9,training,0,0,1,48,12,6,/tangrams/275_153.png,A4,"[""/tangrams/275_153.png"",""/tangrams/81_264.png"",""/tangrams/4_437.png"",""/tangrams/445_324.png""]","[""A4"",""B1"",""C2"",""D3""]",/tangrams/275_153.png,TRUE,/tangrams/275_153.png,01M1PVW75JX1QRKD2FQCCBJ017,01M1PVVX5KFM5CFX55QQRWNDX8,1788548509225,NA,1
01M1PW9D43XR685G8DTZRKCPWQ,01M1PVPXF92SZVFC9KB45KHNG3,training,15,1,4,48,12,7,/tangrams/183_304.png,C3,"[""/tangrams/245_24.png"",""/tangrams/183_304.png"",""/tangrams/51_378.png"",""/tangrams/6_302.png""]","[""A1"",""C3"",""F4"",""D4""]",/tangrams/183_304.png,TRUE,/tangrams/183_304.png,01M1PVVBRZ3YZPYCQZYDADYMR6,01M1PVVXW244MSV8KK7TFJHPNZ,1788548890747,NA,2
01M1PW157T6V2AH69TERYM4Z5S,01M1PVPSFBNZXW40G11G9DGVKY,training,8,0,9,48,12,5,/tangrams/320_326.png,F5,"[""/tangrams/320_326.png"",""/tangrams/235_24.png"",""/tangrams/391_126.png"",""/tangrams/154_127.png""]","[""F5"",""D4"",""F8"",""A1""]",/tangrams/320_326.png,TRUE,/tangrams/320_326.png,01M1PVVNH6WEMGKMEM2F9XPCJS,01M1PVTZDZSFSRFW0Y011447D5,1788548661549,NA,1
01M1PW6YDW8GDCNZKBGYW4TKH1,01M1PVPWEJQS052PE7X7E1TZK9,training,40,3,5,48,12,6,/tangrams/81_153.png,B4,"[""/tangrams/275_324.png"",""/tangrams/4_437.png"",""/tangrams/81_153.png"",""/tangrams/445_264.png""]","[""A3"",""C2"",""B4"",""D1""]",/tangrams/81_153.png,TRUE,/tangrams/81_153.png,01M1PVW75JX1QRKD2FQCCBJ017,01M1PVVX5KFM5CFX55QQRWNDX8,1788549264153,NA,4
01M1PWJSKWSW3Y04YBFXXCVEHA,01M1PVPY05YMN5QBCZG3YB2C9A,training,24,2,1,48,12,8,/tangrams/265_219.png,C2,"[""/tangrams/192_235.png"",""/tangrams/265_219.png"",""/tangrams/353_436.png"",""/tangrams/368_444.png""]","[""D3"",""C2"",""B1"",""A4""]",NA,NA,NA,NA,NA,NA,NA,3
01M1PW6118W54CEW8FCBT9EHKY,01M1PVPWEFJ67VYTWGSHJ4XJ33,training,13,1,2,48,12,6,/tangrams/384_354.png,F1,"[""/tangrams/222_36.png"",""/tangrams/70_426.png"",""/tangrams/384_354.png"",""/tangrams/399_84.png""]","[""F7"",""F3"",""F1"",""F2""]",/tangrams/384_354.png,TRUE,/tangrams/384_354.png,01M1PVV71QMXF31FNN88616S34,01M1PVW7YQ0ZCTA6RRXWJ4B3KT,1788549033196,NA,2
01M1PWJSRZMK8H6CPXA3NAKY1K,01M1PVPY05YMN5QBCZG3YB2C9A,training,32,2,9,48,12,8,/tangrams/353_436.png,B1,"[""/tangrams/265_219.png"",""/tangrams/353_436.png"",""/tangrams/192_235.png"",""/tangrams/368_444.png""]","[""C2"",""B1"",""D3"",""A4""]",NA,NA,NA,NA,NA,NA,NA,3
01M1PW15810F0EX3JSEY0AJCGT,01M1PVPSFBNZXW40G11G9DGVKY,training,45,3,10,48,12,5,/tangrams/457_208.png,F4,"[""/tangrams/391_126.png"",""/tangrams/457_208.png"",""/tangrams/337_178.png"",""/tangrams/320_326.png""]","[""F8"",""F4"",""F6"",""F5""]",/tangrams/457_208.png,TRUE,/tangrams/457_208.png,01M1PVTZDZSFSRFW0Y011447D5,01M1PVVNH6WEMGKMEM2F9XPCJS,1788549746147,NA,4
01M1PW9CXG6GY08BY8SYP94BNQ,01M1PVPXF92SZVFC9KB45KHNG3,training,9,0,10,48,12,7,/tangrams/183_304.png,C3,"[""/tangrams/51_378.png"",""/tangrams/383_160.png"",""/tangrams/183_304.png"",""/tangrams/6_302.png""]","[""F4"",""F7"",""C3"",""D4""]",/tangrams/183_304.png,TRUE,/tangrams/183_304.png,01M1PVVBRZ3YZPYCQZYDADYMR6,01M1PVVXW244MSV8KK7TFJHPNZ,1788548740606,NA,1
01M1PW2VKC8SH9MYN5TZ7S63HZ,01M1PVPTMT2TF5TMW6DY08RG1A,training,5,0,6,48,12,5,/tangrams/60_24.png,C4,"[""/tangrams/14_248.png"",""/tangrams/60_24.png"",""/tangrams/154_38.png"",""/tangrams/235_127.png""]","[""B3"",""C4"",""A2"",""D1""]",/tangrams/60_24.png,TRUE,/tangrams/60_24.png,01M1PVVTHSCRB56WAFX0KRCSX2,01M1PVVYCG3ZV9Y0QVDS434K08,1788549033944,NA,1
01M1PW3H26W87MT75MYT80QH3D,01M1PVPVN58XQ8WD43NR9G03HY,training,4,0,5,48,12,6,/tangrams/445_324.png,D3,"[""/tangrams/275_324.png"",""/tangrams/4_437.png"",""/tangrams/445_264.png"",""/tangrams/445_324.png""]","[""A3"",""C2"",""D1"",""D3""]",NA,FALSE,NA,01M1PVZR164ZTSKRVMJWDDBWRY,01M1PVY5V93JDTFCY85HPV0HXQ,NA,NA,1
01M1PW5R8M5FNDNFAKHDCFXVWD,01M1PVPWEGF3RQQ2BZJMHJW5WT,training,31,2,8,48,12,6,/tangrams/275_324.png,A3,"[""/tangrams/445_324.png"",""/tangrams/275_324.png"",""/tangrams/275_153.png"",""/tangrams/81_264.png""]","[""D3"",""A3"",""A4"",""B1""]",/tangrams/275_324.png,TRUE,/tangrams/275_324.png,01M1PVV9N1B5JSVGVHP53ND1FH,01M1PVZMF178XCTABPVTWNQQ3Q,1788550060227,NA,3
01M1PW8ZDD4RTB7HQ4DAS1375C,01M1PVPWZ383HA8RRK2RFSW236,training,46,3,11,48,12,7,/tangrams/303_304.png,B3,"[""/tangrams/183_311.png"",""/tangrams/6_24.png"",""/tangrams/303_304.png"",""/tangrams/245_302.png""]","[""C2"",""D1"",""B3"",""A4""]",/tangrams/303_304.png,TRUE,/tangrams/303_304.png,01M1PW2K6B8GZQ5Z02B5Q0TB2A,01M1PVVZ2PG17JJTAZWDXWW3JQ,1788550645815,NA,4
01M1PWGJD26YWGR61F65G2B2Z8,01M1PVPXF8XP3FTSCWE2SZ4KAJ,training,40,3,5,48,12,7,/tangrams/245_304.png,A3,"[""/tangrams/245_304.png"",""/tangrams/303_302.png"",""/tangrams/183_311.png"",""/tangrams/6_24.png""]","[""A3"",""B4"",""C2"",""D1""]",/tangrams/245_304.png,TRUE,/tangrams/245_304.png,01M1PW23TCTCTWR44KF0HW1TG2,01M1PVW253SKBG4X7GTPVKZWRC,1788550490126,NA,4
01M1PW0KHWXKPB6GGD4Q3JAM9E,01M1PVPSF9NDAT0BF7G6FNHKYQ,training,45,3,10,48,12,5,/tangrams/14_248.png,B3,"[""/tangrams/154_38.png"",""/tangrams/60_24.png"",""/tangrams/14_248.png"",""/tangrams/235_127.png""]","[""A2"",""C4"",""B3"",""D1""]",/tangrams/14_248.png,TRUE,/tangrams/14_248.png,01M1PVTG9CCCTFM1SEAAQ81WMP,01M1PVTRYDJNHHT05DKBKN76E5,1788549290337,NA,4
01M1PW1570DXB7WV5X26WPHVDZ,01M1PVPSFBNZXW40G11G9DGVKY,training,30,2,7,48,12,5,/tangrams/235_24.png,D4,"[""/tangrams/235_24.png"",""/tangrams/386_283.png"",""/tangrams/154_127.png"",""/tangrams/321_445.png""]","[""D4"",""F2"",""A1"",""F1""]",/tangrams/235_24.png,TRUE,/tangrams/235_24.png,01M1PVVNH6WEMGKMEM2F9XPCJS,01M1PVTZDZSFSRFW0Y011447D5,1788549354591,NA,3
01M1PW7F1XRENPH7MWBXE27R60,01M1PVPWZ7KQZN2DHXW0TTKG9P,training,3,0,4,48,12,7,/tangrams/183_304.png,C3,"[""/tangrams/340_29.png"",""/tangrams/183_304.png"",""/tangrams/391_404.png"",""/tangrams/303_311.png""]","[""F1"",""C3"",""F5"",""B2""]",/tangrams/340_29.png,FALSE,/tangrams/340_29.png,01M1PVVTM3JYE18KKXW2DCV15S,01M1PVZ3NBFP4RQAMM34F5EPHD,1788548631616,NA,1
01M1PW9DBMZPFRQQ0RTTG57CZ3,01M1PVPXF92SZVFC9KB45KHNG3,training,35,2,12,48,12,7,/tangrams/6_302.png,D4,"[""/tangrams/183_304.png"",""/tangrams/340_29.png"",""/tangrams/391_404.png"",""/tangrams/6_302.png""]","[""C3"",""F1"",""F5"",""D4""]",/tangrams/6_302.png,TRUE,/tangrams/6_302.png,01M1PVVBRZ3YZPYCQZYDADYMR6,01M1PVVXW244MSV8KK7TFJHPNZ,1788549289868,NA,3
01M1PWEJRTAAM2CET52MW7W9JB,01M1PVPXF92SZVFC9KBGN1TRXM,training,38,3,3,48,12,7,/tangrams/183_24.png,C1,"[""/tangrams/183_311.png"",""/tangrams/6_24.png"",""/tangrams/303_302.png"",""/tangrams/183_24.png""]","[""C2"",""D1"",""B4"",""C1""]",/tangrams/183_24.png,TRUE,/tangrams/183_24.png,01M1PVZYRHDVK94JBPD96A2FVY,01M1PVVCHSJDKDCMNAX28C9KTM,1788550371772,NA,4
01M1PW152ZWRG1QHJJ6FG7W1XG,01M1PVPSFBNZXW40G11G9DGVKY,training,11,0,12,48,12,5,/tangrams/154_127.png,A1,"[""/tangrams/231_230.png"",""/tangrams/321_445.png"",""/tangrams/154_127.png"",""/tangrams/235_24.png""]","[""F7"",""F1"",""A1"",""D4""]",/tangrams/154_127.png,TRUE,/tangrams/154_127.png,01M1PVTZDZSFSRFW0Y011447D5,01M1PVVNH6WEMGKMEM2F9XPCJS,1788548790643,NA,1
01M1PW41DE9459NEMHJ3CBYQJD,01M1PVPTMYJEMSH2D4PPK54AQC,training,12,1,1,48,12,5,/tangrams/337_178.png,F6,"[""/tangrams/154_127.png"",""/tangrams/337_178.png"",""/tangrams/320_326.png"",""/tangrams/386_283.png""]","[""A1"",""F6"",""F5"",""F2""]",/tangrams/386_283.png,FALSE,/tangrams/386_283.png,01M1PVXZCG5HBAN48J4YM7CT4J,01M1PVV1FSQ931Q08DC040FF4H,1788548789394,NA,2
01M1PW7EVG27GCYJQTX9TP8F2K,01M1PVPWZ7KQZN2DHXW0TTKG9P,training,26,2,3,48,12,7,/tangrams/340_29.png,F1,"[""/tangrams/178_230.png"",""/tangrams/35_447.png"",""/tangrams/340_29.png"",""/tangrams/51_378.png""]","[""F3"",""F8"",""F1"",""F4""]",/tangrams/35_447.png,FALSE,/tangrams/35_447.png,01M1PVZ3NBFP4RQAMM34F5EPHD,01M1PVVTM3JYE18KKXW2DCV15S,1788549714333,NA,3
01M1PWGJ1A5R3S8EK6410A2YZ8,01M1PVPXF8XP3FTSCWE2SZ4KAJ,training,13,1,2,48,12,7,/tangrams/245_302.png,A4,"[""/tangrams/6_304.png"",""/tangrams/303_24.png"",""/tangrams/183_311.png"",""/tangrams/245_302.png""]","[""D3"",""B1"",""C2"",""A4""]",/tangrams/245_302.png,TRUE,/tangrams/245_302.png,01M1PVW253SKBG4X7GTPVKZWRC,01M1PW23TCTCTWR44KF0HW1TG2,1788549637824,NA,2
01M1PW156YSJYCZX8DQ4S3WA5M,01M1PVPSFBNZXW40G11G9DGVKY,training,29,2,6,48,12,5,/tangrams/457_208.png,F4,"[""/tangrams/391_126.png"",""/tangrams/321_445.png"",""/tangrams/235_24.png"",""/tangrams/457_208.png""]","[""F8"",""F1"",""D4"",""F4""]",/tangrams/457_208.png,TRUE,/tangrams/457_208.png,01M1PVTZDZSFSRFW0Y011447D5,01M1PVVNH6WEMGKMEM2F9XPCJS,1788549331811,NA,3
01M1PW2VP8TPJYW6GC9TFFH79H,01M1PVPTMT2TF5TMW6DY08RG1A,training,23,1,12,48,12,5,/tangrams/60_38.png,C2,"[""/tangrams/60_38.png"",""/tangrams/154_248.png"",""/tangrams/235_127.png"",""/tangrams/14_24.png""]","[""C2"",""A3"",""D1"",""B4""]",/tangrams/60_38.png,TRUE,/tangrams/60_38.png,01M1PVVTHSCRB56WAFX0KRCSX2,01M1PVVYCG3ZV9Y0QVDS434K08,1788549539539,NA,2
01M1PW41J4EKT9E9A3D90RHSZH,01M1PVPTMYJEMSH2D4PPK54AQC,training,44,3,9,48,12,5,/tangrams/337_178.png,F6,"[""/tangrams/231_230.png"",""/tangrams/14_38.png"",""/tangrams/337_178.png"",""/tangrams/457_208.png""]","[""F7"",""B2"",""F6"",""F4""]",/tangrams/337_178.png,TRUE,/tangrams/337_178.png,01M1PVXZCG5HBAN48J4YM7CT4J,01M1PVV1FSQ931Q08DC040FF4H,1788549687689,NA,4
01M1PW51019DQ1XR3W48PZW7PE,01M1PVPVN43CJ2ZQS2FA0GJ1TX,training,2,0,3,48,12,6,/tangrams/70_426.png,F3,"[""/tangrams/222_36.png"",""/tangrams/70_426.png"",""/tangrams/330_144.png"",""/tangrams/275_264.png""]","[""F7"",""F3"",""F6"",""A1""]",/tangrams/70_426.png,TRUE,/tangrams/70_426.png,01M1PVW97TC4GVFYDVFB1SJ9WH,01M1PVW5BM9J57HJX5KJ260RG3,1788548348381,NA,1
01M1PW8ZJG0SQJ1ADXDHED19A2,01M1PVPWZ383HA8RRK2RFSW236,training,31,2,8,48,12,7,/tangrams/6_24.png,D1,"[""/tangrams/183_311.png"",""/tangrams/245_302.png"",""/tangrams/6_24.png"",""/tangrams/303_304.png""]","[""C2"",""A4"",""D1"",""B3""]",/tangrams/6_24.png,TRUE,/tangrams/6_24.png,01M1PVVZ2PG17JJTAZWDXWW3JQ,01M1PW2K6B8GZQ5Z02B5Q0TB2A,1788550353756,NA,3
01M1PW8ZWQY7Y2ZKKGJNS8VKFV,01M1PVPWZ383HA8RRK2RFSW236,training,7,0,8,48,12,7,/tangrams/245_311.png,A2,"[""/tangrams/303_24.png"",""/tangrams/183_302.png"",""/tangrams/6_304.png"",""/tangrams/245_311.png""]","[""B1"",""C4"",""D3"",""A2""]",/tangrams/245_311.png,TRUE,/tangrams/245_311.png,01M1PVVZ2PG17JJTAZWDXWW3JQ,01M1PW2K6B8GZQ5Z02B5Q0TB2A,1788549521331,NA,1
01M1PW9CZ8TACC3CQECPY12W26,01M1PVPXF92SZVFC9KB45KHNG3,training,11,0,12,48,12,7,/tangrams/241_420.png,F2,"[""/tangrams/340_29.png"",""/tangrams/241_420.png"",""/tangrams/183_304.png"",""/tangrams/178_230.png""]","[""F1"",""F2"",""C3"",""F3""]",/tangrams/241_420.png,TRUE,/tangrams/241_420.png,01M1PVVBRZ3YZPYCQZYDADYMR6,01M1PVVXW244MSV8KK7TFJHPNZ,1788548811400,NA,1
01M1PWJSQ2EH59TQA6GJREX6JM,01M1PVPY05YMN5QBCZG3YB2C9A,training,37,3,2,48,12,8,/tangrams/353_235.png,B3,"[""/tangrams/368_219.png"",""/tangrams/265_444.png"",""/tangrams/353_235.png"",""/tangrams/192_436.png""]","[""A2"",""C4"",""B3"",""D1""]",NA,NA,NA,NA,NA,NA,NA,4
01M1PW0X6SYJRDK4NQHGNW0DWG,01M1PVPSFBNZXW40G11YGR32M6,training,1,0,2,48,12,5,/tangrams/235_127.png,D1,"[""/tangrams/235_127.png"",""/tangrams/235_248.png"",""/tangrams/154_24.png"",""/tangrams/60_127.png""]","[""D1"",""D3"",""A4"",""C1""]",/tangrams/235_127.png,TRUE,/tangrams/235_127.png,01M1PVTRWTPC40C0HPR8RXXWTF,01M1PVVNQ4AT0NRB9TK929QH2E,1788548341413,NA,1
01M1PW515YB1AS59DKM5TSXTD0,01M1PVPVN43CJ2ZQS2FA0GJ1TX,training,22,1,11,48,12,6,/tangrams/204_449.png,F8,"[""/tangrams/81_437.png"",""/tangrams/222_36.png"",""/tangrams/204_449.png"",""/tangrams/384_354.png""]","[""B2"",""F7"",""F8"",""F1""]",/tangrams/204_449.png,TRUE,/tangrams/204_449.png,01M1PVW97TC4GVFYDVFB1SJ9WH,01M1PVW5BM9J57HJX5KJ260RG3,1788549208274,NA,2
01M1PW6KMNVQVGYD15NM8YRJJP,01M1PVPWZ82WNHXNHFM772HZSY,training,31,2,8,48,12,7,/tangrams/183_302.png,C4,"[""/tangrams/245_302.png"",""/tangrams/183_311.png"",""/tangrams/183_302.png"",""/tangrams/303_304.png""]","[""A4"",""C2"",""C4"",""B3""]",/tangrams/183_302.png,TRUE,/tangrams/183_302.png,01M1PVV2HGBFFFP8TQ2JTHYBNF,01M1PVWG3MVC1D7FV8A8CY40QY,1788549890493,NA,3
01M1PW9D6NSPPCM4AQQRHNSX03,01M1PVPXF92SZVFC9KB45KHNG3,training,20,1,9,48,12,7,/tangrams/35_447.png,F8,"[""/tangrams/340_29.png"",""/tangrams/286_225.png"",""/tangrams/35_447.png"",""/tangrams/183_304.png""]","[""F1"",""F6"",""F8"",""C3""]",/tangrams/35_447.png,TRUE,/tangrams/35_447.png,01M1PVVXW244MSV8KK7TFJHPNZ,01M1PVVBRZ3YZPYCQZYDADYMR6,1788549017345,NA,2
01M1PWEJAAF0VCPPDCJKDK6W6D,01M1PVPXF92SZVFC9KBGN1TRXM,training,29,2,6,48,12,7,/tangrams/183_24.png,C1,"[""/tangrams/6_24.png"",""/tangrams/183_302.png"",""/tangrams/183_24.png"",""/tangrams/245_311.png""]","[""D1"",""C4"",""C1"",""A2""]",/tangrams/183_24.png,TRUE,/tangrams/183_24.png,01M1PVVCHSJDKDCMNAX28C9KTM,01M1PVZYRHDVK94JBPD96A2FVY,1788550099840,NA,3
01M1PWJSTB6GXM2XM1HBSVRQXG,01M1PVPY05YMN5QBCZG3YB2C9A,training,35,2,12,48,12,8,/tangrams/265_444.png,C4,"[""/tangrams/265_444.png"",""/tangrams/192_235.png"",""/tangrams/353_436.png"",""/tangrams/368_219.png""]","[""C4"",""D3"",""B1"",""A2""]",NA,NA,NA,NA,NA,NA,NA,3
01M1PW0X855G4ZQT9CB76WMD92,01M1PVPSFBNZXW40G11YGR32M6,training,21,1,10,48,12,5,/tangrams/154_24.png,A4,"[""/tangrams/235_127.png"",""/tangrams/60_24.png"",""/tangrams/154_24.png"",""/tangrams/154_38.png""]","[""D1"",""C4"",""A4"",""A2""]",/tangrams/154_24.png,TRUE,/tangrams/154_24.png,01M1PVTRWTPC40C0HPR8RXXWTF,01M1PVVNQ4AT0NRB9TK929QH2E,1788548782965,NA,2
01M1PW157NKHK7YQMYFVVBTD0R,01M1PVPSFBNZXW40G11G9DGVKY,training,37,3,2,48,12,5,/tangrams/321_445.png,F1,"[""/tangrams/337_178.png"",""/tangrams/391_126.png"",""/tangrams/154_127.png"",""/tangrams/321_445.png""]","[""F6"",""F8"",""A1"",""F1""]",/tangrams/321_445.png,TRUE,/tangrams/321_445.png,01M1PVTZDZSFSRFW0Y011447D5,01M1PVVNH6WEMGKMEM2F9XPCJS,1788549565722,NA,4
01M1PW1ZM1P9HFG51556J0MAST,01M1PVPTMX8QBBEQ1CAWS8Y65C,training,32,2,9,48,12,5,/tangrams/154_248.png,A3,"[""/tangrams/235_248.png"",""/tangrams/154_248.png"",""/tangrams/60_127.png"",""/tangrams/154_24.png""]","[""D3"",""A3"",""C1"",""A4""]",/tangrams/154_248.png,TRUE,/tangrams/154_248.png,01M1PVVEHT22G3NCF8EGPQWRYM,01M1PVVDJXTQ0S1H8V336MES03,1788549943075,NA,3
01M1PW8ZXDRB9QF7K4BEWP2BEJ,01M1PVPWZ383HA8RRK2RFSW236,training,5,0,6,48,12,7,/tangrams/6_24.png,D1,"[""/tangrams/183_302.png"",""/tangrams/245_311.png"",""/tangrams/303_304.png"",""/tangrams/6_24.png""]","[""C4"",""A2"",""B3"",""D1""]",/tangrams/6_24.png,TRUE,/tangrams/6_24.png,01M1PVVZ2PG17JJTAZWDXWW3JQ,01M1PW2K6B8GZQ5Z02B5Q0TB2A,1788549460837,NA,1
01M1PW2VK50H9E7YD27QDEN8R8,01M1PVPTMT2TF5TMW6DY08RG1A,training,7,0,8,48,12,5,/tangrams/154_248.png,A3,"[""/tangrams/60_24.png"",""/tangrams/14_127.png"",""/tangrams/154_248.png"",""/tangrams/235_38.png""]","[""C4"",""B1"",""A3"",""D2""]",/tangrams/154_248.png,TRUE,/tangrams/154_248.png,01M1PVVTHSCRB56WAFX0KRCSX2,01M1PVVYCG3ZV9Y0QVDS434K08,1788549121768,NA,1
01M1PW5R2VCRFVHR9T3Q51XC79,01M1PVPWEGF3RQQ2BZJMHJW5WT,training,12,1,1,48,12,6,/tangrams/81_264.png,B1,"[""/tangrams/4_264.png"",""/tangrams/81_153.png"",""/tangrams/445_324.png"",""/tangrams/81_264.png""]","[""C1"",""B4"",""D3"",""B1""]",/tangrams/81_264.png,TRUE,/tangrams/81_264.png,01M1PVZMF178XCTABPVTWNQQ3Q,01M1PVV9N1B5JSVGVHP53ND1FH,1788549360650,NA,2
01M1PW0KCWVRADSGTY144G612Z,01M1PVPSF9NDAT0BF7G6FNHKYQ,training,0,0,1,48,12,5,/tangrams/154_24.png,A4,"[""/tangrams/235_127.png"",""/tangrams/60_38.png"",""/tangrams/14_248.png"",""/tangrams/154_24.png""]","[""D1"",""C2"",""B3"",""A4""]",/tangrams/154_24.png,TRUE,/tangrams/154_24.png,01M1PVTRYDJNHHT05DKBKN76E5,01M1PVTG9CCCTFM1SEAAQ81WMP,1788548111306,NA,1
01M1PW0X8HQP8DWSZYM57MPQW1,01M1PVPSFBNZXW40G11YGR32M6,training,46,3,11,48,12,5,/tangrams/14_24.png,B4,"[""/tangrams/14_127.png"",""/tangrams/235_248.png"",""/tangrams/154_24.png"",""/tangrams/14_24.png""]","[""B1"",""D3"",""A4"",""B4""]",/tangrams/14_24.png,TRUE,/tangrams/14_24.png,01M1PVVNQ4AT0NRB9TK929QH2E,01M1PVTRWTPC40C0HPR8RXXWTF,1788549204318,NA,4
01M1PW1523YGSW57SXJNNN1MC2,01M1PVPSFBNZXW40G11G9DGVKY,training,13,1,2,48,12,5,/tangrams/154_127.png,A1,"[""/tangrams/154_127.png"",""/tangrams/14_38.png"",""/tangrams/320_326.png"",""/tangrams/231_230.png""]","[""A1"",""B2"",""F5"",""F7""]",/tangrams/154_127.png,TRUE,/tangrams/154_127.png,01M1PVTZDZSFSRFW0Y011447D5,01M1PVVNH6WEMGKMEM2F9XPCJS,1788548841311,NA,2
01M1PW50Y1GE4ZQTADFHY087N9,01M1PVPVN43CJ2ZQS2FA0GJ1TX,training,7,0,8,48,12,6,/tangrams/81_437.png,B2,"[""/tangrams/384_354.png"",""/tangrams/81_437.png"",""/tangrams/275_264.png"",""/tangrams/445_153.png""]","[""F1"",""B2"",""A1"",""D4""]",/tangrams/81_437.png,TRUE,/tangrams/81_437.png,01M1PVW5BM9J57HJX5KJ260RG3,01M1PVW97TC4GVFYDVFB1SJ9WH,1788548572132,NA,1
01M1PW8ZF6FX88N5MEG2KNBZ1A,01M1PVPWZ383HA8RRK2RFSW236,training,0,0,1,48,12,7,/tangrams/183_302.png,C4,"[""/tangrams/183_302.png"",""/tangrams/303_24.png"",""/tangrams/245_311.png"",""/tangrams/6_304.png""]","[""C4"",""B1"",""A2"",""D3""]",/tangrams/303_24.png,FALSE,/tangrams/303_24.png,01M1PW2K6B8GZQ5Z02B5Q0TB2A,01M1PVVZ2PG17JJTAZWDXWW3JQ,1788549268793,NA,1
01M1PWBR8N5406DBVYMZRZSNEJ,01M1PVPY0135RYKX6QNWJW9HQ7,training,46,3,11,48,12,8,/tangrams/277_238.png,F8,"[""/tangrams/101_61.png"",""/tangrams/353_219.png"",""/tangrams/277_238.png"",""/tangrams/368_436.png""]","[""F2"",""B2"",""F8"",""A1""]",/tangrams/277_238.png,TRUE,/tangrams/277_238.png,01M1PVW5G591MZ9WXE41XZDX0Y,01M1PVV5BA5A9YAQJQ9SAGP2BW,1788549651935,NA,4
01M1PWGHWBW5S7WHDWG8ESYHN9,01M1PVPXF8XP3FTSCWE2SZ4KAJ,training,2,0,3,48,12,7,/tangrams/183_24.png,C1,"[""/tangrams/303_302.png"",""/tangrams/183_24.png"",""/tangrams/6_304.png"",""/tangrams/245_311.png""]","[""B4"",""C1"",""D3"",""A2""]",/tangrams/183_24.png,TRUE,/tangrams/183_24.png,01M1PW23TCTCTWR44KF0HW1TG2,01M1PVW253SKBG4X7GTPVKZWRC,1788549208365,NA,1
01M1PW3GXKCQ3HT7XMMW5N9G9V,01M1PVPVN58XQ8WD43NR9G03HY,training,19,1,8,48,12,6,/tangrams/445_264.png,D1,"[""/tangrams/445_437.png"",""/tangrams/4_264.png"",""/tangrams/275_324.png"",""/tangrams/445_264.png""]","[""D2"",""C1"",""A3"",""D1""]",NA,NA,NA,NA,NA,NA,NA,2
01M1PW41EA00JTYQRN63XC1FE3,01M1PVPTMYJEMSH2D4PPK54AQC,training,9,0,10,48,12,5,/tangrams/320_326.png,F5,"[""/tangrams/457_208.png"",""/tangrams/320_326.png"",""/tangrams/411_421.png"",""/tangrams/154_127.png""]","[""F4"",""F5"",""F3"",""A1""]",/tangrams/320_326.png,TRUE,/tangrams/320_326.png,01M1PVV1FSQ931Q08DC040FF4H,01M1PVXZCG5HBAN48J4YM7CT4J,1788548684062,NA,1
01M1PW6XZZZGBT0JDH7EP13NB4,01M1PVPWEJQS052PE7X7E1TZK9,training,8,0,9,48,12,6,/tangrams/81_153.png,B4,"[""/tangrams/445_324.png"",""/tangrams/275_437.png"",""/tangrams/4_264.png"",""/tangrams/81_153.png""]","[""D3"",""A2"",""C1"",""B4""]",/tangrams/81_153.png,TRUE,/tangrams/81_153.png,01M1PVW75JX1QRKD2FQCCBJ017,01M1PVVX5KFM5CFX55QQRWNDX8,1788548760133,NA,1
01M1PWG10ETSKA7K4N3R6VX20K,01M1PVPY02TEGASTZW7B0B44PE,training,8,0,9,48,12,8,/tangrams/265_444.png,C4,"[""/tangrams/368_444.png"",""/tangrams/265_444.png"",""/tangrams/192_235.png"",""/tangrams/265_219.png""]","[""A4"",""C4"",""D3"",""C2""]",/tangrams/265_444.png,TRUE,/tangrams/265_444.png,01M1PWAKPMFG2PF8ZD5WBT5ANA,01M1PW1KKGDQJPNSP87YDPE8Y2,1788550260353,NA,1
01M1PW6KR1H4T46T7518ZTNS6B,01M1PVPWZ82WNHXNHFM772HZSY,training,22,1,11,48,12,7,/tangrams/303_302.png,B4,"[""/tangrams/183_302.png"",""/tangrams/303_302.png"",""/tangrams/303_24.png"",""/tangrams/6_304.png""]","[""C4"",""B4"",""B1"",""D3""]",/tangrams/303_302.png,TRUE,/tangrams/303_302.png,01M1PVWG3MVC1D7FV8A8CY40QY,01M1PVV2HGBFFFP8TQ2JTHYBNF,1788549607310,NA,2
01M1PWBQP26M58466C9WE6XSM1,01M1PVPY0135RYKX6QNWJW9HQ7,training,8,0,9,48,12,8,/tangrams/194_445.png,F3,"[""/tangrams/371_100.png"",""/tangrams/311_205.png"",""/tangrams/194_445.png"",""/tangrams/368_436.png""]","[""F1"",""F4"",""F3"",""A1""]",/tangrams/194_445.png,TRUE,/tangrams/194_445.png,01M1PVW5G591MZ9WXE41XZDX0Y,01M1PVV5BA5A9YAQJQ9SAGP2BW,1788548764982,NA,1
01M1PW0KFNJWGXG8QWW3S4X7QV,01M1PVPSF9NDAT0BF7G6FNHKYQ,training,21,1,10,48,12,5,/tangrams/60_24.png,C4,"[""/tangrams/154_38.png"",""/tangrams/60_24.png"",""/tangrams/14_127.png"",""/tangrams/235_248.png""]","[""A2"",""C4"",""B1"",""D3""]",/tangrams/60_24.png,TRUE,/tangrams/60_24.png,01M1PVTG9CCCTFM1SEAAQ81WMP,01M1PVTRYDJNHHT05DKBKN76E5,1788548752370,NA,2
01M1PW3GSTPHQGKYX6Q8F3KSRX,01M1PVPVN58XQ8WD43NR9G03HY,training,33,2,10,48,12,6,/tangrams/81_324.png,B3,"[""/tangrams/81_324.png"",""/tangrams/81_264.png"",""/tangrams/445_324.png"",""/tangrams/4_153.png""]","[""B3"",""B1"",""D3"",""C4""]",NA,NA,NA,NA,NA,NA,NA,3
01M1PW60Z57VYEGH2ZSRGFNTH3,01M1PVPWEFJ67VYTWGSHJ4XJ33,training,3,0,4,48,12,6,/tangrams/70_426.png,F3,"[""/tangrams/70_426.png"",""/tangrams/275_264.png"",""/tangrams/134_305.png"",""/tangrams/445_153.png""]","[""F3"",""A1"",""F5"",""D4""]",/tangrams/70_426.png,TRUE,/tangrams/70_426.png,01M1PVV71QMXF31FNN88616S34,01M1PVW7YQ0ZCTA6RRXWJ4B3KT,1788548587619,NA,1
01M1PW6YB50JHYXEWD5P6537BC,01M1PVPWEJQS052PE7X7E1TZK9,training,45,3,10,48,12,6,/tangrams/4_153.png,C4,"[""/tangrams/4_153.png"",""/tangrams/81_324.png"",""/tangrams/275_437.png"",""/tangrams/445_264.png""]","[""C4"",""B3"",""A2"",""D1""]",/tangrams/4_153.png,TRUE,/tangrams/4_153.png,01M1PVVX5KFM5CFX55QQRWNDX8,01M1PVW75JX1QRKD2FQCCBJ017,1788549324388,NA,4
01M1PW0XB0RA8T894624K9BBB1,01M1PVPSFBNZXW40G11YGR32M6,training,37,3,2,48,12,5,/tangrams/60_127.png,C1,"[""/tangrams/60_24.png"",""/tangrams/14_127.png"",""/tangrams/235_248.png"",""/tangrams/60_127.png""]","[""C4"",""B1"",""D3"",""C1""]",/tangrams/60_127.png,TRUE,/tangrams/60_127.png,01M1PVTRWTPC40C0HPR8RXXWTF,01M1PVVNQ4AT0NRB9TK929QH2E,1788549056887,NA,4
01M1PW1ZF7AH8YY5R0EKMH8G3P,01M1PVPTMX8QBBEQ1CAWS8Y65C,training,38,3,3,48,12,5,/tangrams/154_38.png,A2,"[""/tangrams/14_127.png"",""/tangrams/154_38.png"",""/tangrams/60_38.png"",""/tangrams/154_24.png""]","[""B1"",""A2"",""C2"",""A4""]",/tangrams/154_38.png,TRUE,/tangrams/154_38.png,01M1PVVEHT22G3NCF8EGPQWRYM,01M1PVVDJXTQ0S1H8V336MES03,1788550068107,NA,4
01M1PWEJEJ4RC8S95JKNVSPV9X,01M1PVPXF92SZVFC9KBGN1TRXM,training,34,2,11,48,12,7,/tangrams/245_302.png,A4,"[""/tangrams/245_302.png"",""/tangrams/245_311.png"",""/tangrams/183_302.png"",""/tangrams/303_304.png""]","[""A4"",""A2"",""C4"",""B3""]",/tangrams/245_302.png,TRUE,/tangrams/245_302.png,01M1PVZYRHDVK94JBPD96A2FVY,01M1PVVCHSJDKDCMNAX28C9KTM,1788550245669,NA,3
01M1PW1ZE6YTMF7STVGASKP6SH,01M1PVPTMX8QBBEQ1CAWS8Y65C,training,45,3,10,48,12,5,/tangrams/235_127.png,D1,"[""/tangrams/154_24.png"",""/tangrams/14_127.png"",""/tangrams/235_38.png"",""/tangrams/235_127.png""]","[""A4"",""B1"",""D2"",""D1""]",/tangrams/235_127.png,TRUE,/tangrams/235_127.png,01M1PVVDJXTQ0S1H8V336MES03,01M1PVVEHT22G3NCF8EGPQWRYM,1788550215535,NA,4
01M1PW41G9HCC2ZMF9ZACKR424,01M1PVPTMYJEMSH2D4PPK54AQC,training,26,2,3,48,12,5,/tangrams/60_248.png,C3,"[""/tangrams/231_230.png"",""/tangrams/321_445.png"",""/tangrams/411_421.png"",""/tangrams/60_248.png""]","[""F7"",""F1"",""F3"",""C3""]",/tangrams/60_248.png,TRUE,/tangrams/60_248.png,01M1PVXZCG5HBAN48J4YM7CT4J,01M1PVV1FSQ931Q08DC040FF4H,1788549207215,NA,3
01M1PW5153A84KZCHQS4C7KT8E,01M1PVPVN43CJ2ZQS2FA0GJ1TX,training,26,2,3,48,12,6,/tangrams/222_36.png,F7,"[""/tangrams/384_354.png"",""/tangrams/424_432.png"",""/tangrams/204_449.png"",""/tangrams/222_36.png""]","[""F1"",""F4"",""F8"",""F7""]",/tangrams/222_36.png,TRUE,/tangrams/222_36.png,01M1PVW97TC4GVFYDVFB1SJ9WH,01M1PVW5BM9J57HJX5KJ260RG3,1788549303987,NA,3
01M1PW7F1EMWAEYRZ7MFCVQMG1,01M1PVPWZ7KQZN2DHXW0TTKG9P,training,4,0,5,48,12,7,/tangrams/340_29.png,F1,"[""/tangrams/340_29.png"",""/tangrams/183_304.png"",""/tangrams/391_404.png"",""/tangrams/245_24.png""]","[""F1"",""C3"",""F5"",""A1""]",NA,FALSE,NA,01M1PVZ3NBFP4RQAMM34F5EPHD,01M1PVVTM3JYE18KKXW2DCV15S,NA,NA,1
01M1PW0KJ0TTTQNP2FDGVGZZX2,01M1PVPSF9NDAT0BF7G6FNHKYQ,training,46,3,11,48,12,5,/tangrams/60_127.png,C1,"[""/tangrams/235_248.png"",""/tangrams/154_38.png"",""/tangrams/14_24.png"",""/tangrams/60_127.png""]","[""D3"",""A2"",""B4"",""C1""]",/tangrams/60_127.png,TRUE,/tangrams/60_127.png,01M1PVTRYDJNHHT05DKBKN76E5,01M1PVTG9CCCTFM1SEAAQ81WMP,1788549310412,NA,4
01M1PW8ZMM81X4AW9XXV7RNXEW,01M1PVPWZ383HA8RRK2RFSW236,training,25,2,2,48,12,7,/tangrams/245_302.png,A4,"[""/tangrams/303_304.png"",""/tangrams/183_24.png"",""/tangrams/6_311.png"",""/tangrams/245_302.png""]","[""B3"",""C1"",""D2"",""A4""]",/tangrams/245_302.png,TRUE,/tangrams/245_302.png,01M1PVVZ2PG17JJTAZWDXWW3JQ,01M1PW2K6B8GZQ5Z02B5Q0TB2A,1788550161036,NA,3
01M1PW1ZER79BQQVR83CV5TKMB,01M1PVPTMX8QBBEQ1CAWS8Y65C,training,16,1,5,48,12,5,/tangrams/154_248.png,A3,"[""/tangrams/154_248.png"",""/tangrams/154_38.png"",""/tangrams/14_24.png"",""/tangrams/235_248.png""]","[""A3"",""A2"",""B4"",""D3""]",/tangrams/154_248.png,TRUE,/tangrams/154_248.png,01M1PVVEHT22G3NCF8EGPQWRYM,01M1PVVDJXTQ0S1H8V336MES03,1788549485835,NA,2
01M1PW511KJ6KY3N4QHGWXCNF5,01M1PVPVN43CJ2ZQS2FA0GJ1TX,training,37,3,2,48,12,6,/tangrams/330_144.png,F6,"[""/tangrams/330_144.png"",""/tangrams/81_437.png"",""/tangrams/399_84.png"",""/tangrams/424_432.png""]","[""F6"",""B2"",""F2"",""F4""]",/tangrams/330_144.png,TRUE,/tangrams/330_144.png,01M1PVW5BM9J57HJX5KJ260RG3,01M1PVW97TC4GVFYDVFB1SJ9WH,1788549697727,NA,4
01M1PWEJJS7MFBVYXFF4T929W9,01M1PVPXF92SZVFC9KBGN1TRXM,training,18,1,7,48,12,7,/tangrams/183_302.png,C4,"[""/tangrams/183_24.png"",""/tangrams/6_304.png"",""/tangrams/183_302.png"",""/tangrams/303_302.png""]","[""C1"",""D3"",""C4"",""B4""]",/tangrams/183_302.png,TRUE,/tangrams/183_302.png,01M1PVZYRHDVK94JBPD96A2FVY,01M1PVVCHSJDKDCMNAX28C9KTM,1788549651381,NA,2
01M1PWGJ2YZA2MCPDKNR6JX7CK,01M1PVPXF8XP3FTSCWE2SZ4KAJ,training,17,1,6,48,12,7,/tangrams/6_24.png,D1,"[""/tangrams/6_24.png"",""/tangrams/183_311.png"",""/tangrams/303_302.png"",""/tangrams/245_304.png""]","[""D1"",""C2"",""B4"",""A3""]",/tangrams/6_24.png,TRUE,/tangrams/6_24.png,01M1PVW253SKBG4X7GTPVKZWRC,01M1PW23TCTCTWR44KF0HW1TG2,1788549774668,NA,2
01M1PWJSE20W07MNX8GBAAG3C3,01M1PVPY05YMN5QBCZG3YB2C9A,training,3,0,4,48,12,8,/tangrams/368_235.png,A3,"[""/tangrams/192_219.png"",""/tangrams/368_235.png"",""/tangrams/353_444.png"",""/tangrams/265_436.png""]","[""D2"",""A3"",""B4"",""C1""]",NA,FALSE,NA,01M1PW6E4667Y67QGT0X6HJCYF,01M1PWD5NE4VVV7NW46K2R05YS,NA,NA,1
01M1PW2VPJD5X7TMET30H7PRR7,01M1PVPTMT2TF5TMW6DY08RG1A,training,47,3,12,48,12,5,/tangrams/60_38.png,C2,"[""/tangrams/154_248.png"",""/tangrams/14_24.png"",""/tangrams/60_38.png"",""/tangrams/235_127.png""]","[""A3"",""B4"",""C2"",""D1""]",/tangrams/60_38.png,TRUE,/tangrams/60_38.png,01M1PVVTHSCRB56WAFX0KRCSX2,01M1PVVYCG3ZV9Y0QVDS434K08,1788549931572,NA,4
01M1PW6KHYQNRR93ZV4CC3SC6X,01M1PVPWZ82WNHXNHFM772HZSY,training,39,3,4,48,12,7,/tangrams/183_311.png,C2,"[""/tangrams/183_311.png"",""/tangrams/303_302.png"",""/tangrams/6_311.png"",""/tangrams/183_24.png""]","[""C2"",""B4"",""D2"",""C1""]",/tangrams/183_311.png,TRUE,/tangrams/183_311.png,01M1PVV2HGBFFFP8TQ2JTHYBNF,01M1PVWG3MVC1D7FV8A8CY40QY,1788550106845,NA,4
01M1PW6Y7MFG40STMY1278T1E8,01M1PVPWEJQS052PE7X7E1TZK9,training,23,1,12,48,12,6,/tangrams/81_153.png,B4,"[""/tangrams/4_264.png"",""/tangrams/275_324.png"",""/tangrams/445_437.png"",""/tangrams/81_153.png""]","[""C1"",""A3"",""D2"",""B4""]",/tangrams/81_153.png,TRUE,/tangrams/81_153.png,01M1PVVX5KFM5CFX55QQRWNDX8,01M1PVW75JX1QRKD2FQCCBJ017,1788549025787,NA,2
01M1PWEJWFXV92F2QSQEZWENF5,01M1PVPXF92SZVFC9KBGN1TRXM,training,46,3,11,48,12,7,/tangrams/6_24.png,D1,"[""/tangrams/303_302.png"",""/tangrams/6_311.png"",""/tangrams/6_24.png"",""/tangrams/183_24.png""]","[""B4"",""D2"",""D1"",""C1""]",/tangrams/6_24.png,TRUE,/tangrams/6_24.png,01M1PVZYRHDVK94JBPD96A2FVY,01M1PVVCHSJDKDCMNAX28C9KTM,1788550572042,NA,4
01M1PWJT12X4ZCESZWPH6NQS92,01M1PVPY05YMN5QBCZG3YB2C9A,training,46,3,11,48,12,8,/tangrams/192_436.png,D1,"[""/tangrams/368_219.png"",""/tangrams/265_444.png"",""/tangrams/192_436.png"",""/tangrams/353_235.png""]","[""A2"",""C4"",""D1"",""B3""]",NA,NA,NA,NA,NA,NA,NA,4
01M1PW0X8NWJAHQTSHPKBKAZ5Y,01M1PVPSFBNZXW40G11YGR32M6,training,9,0,10,48,12,5,/tangrams/60_127.png,C1,"[""/tangrams/60_38.png"",""/tangrams/60_127.png"",""/tangrams/235_127.png"",""/tangrams/154_24.png""]","[""C2"",""C1"",""D1"",""A4""]",/tangrams/60_127.png,TRUE,/tangrams/60_127.png,01M1PVTRWTPC40C0HPR8RXXWTF,01M1PVVNQ4AT0NRB9TK929QH2E,1788548560844,NA,1
01M1PW1574D3Q6FWKKGDZB6NRS,01M1PVPSFBNZXW40G11G9DGVKY,training,33,2,10,48,12,5,/tangrams/411_421.png,F3,"[""/tangrams/386_283.png"",""/tangrams/391_126.png"",""/tangrams/457_208.png"",""/tangrams/411_421.png""]","[""F2"",""F8"",""F4"",""F3""]",/tangrams/411_421.png,TRUE,/tangrams/411_421.png,01M1PVTZDZSFSRFW0Y011447D5,01M1PVVNH6WEMGKMEM2F9XPCJS,1788549438971,NA,3
01M1PW5R10SQCPCTZHWS34A04G,01M1PVPWEGF3RQQ2BZJMHJW5WT,training,3,0,4,48,12,6,/tangrams/4_437.png,C2,"[""/tangrams/275_324.png"",""/tangrams/4_437.png"",""/tangrams/445_437.png"",""/tangrams/4_264.png""]","[""A3"",""C2"",""D2"",""C1""]",/tangrams/4_437.png,TRUE,/tangrams/4_437.png,01M1PVV9N1B5JSVGVHP53ND1FH,01M1PVZMF178XCTABPVTWNQQ3Q,1788549002020,NA,1
01M1PW617MMBYA47N063739ZR4,01M1PVPWEFJ67VYTWGSHJ4XJ33,training,39,3,4,48,12,6,/tangrams/134_305.png,F5,"[""/tangrams/445_153.png"",""/tangrams/222_36.png"",""/tangrams/81_437.png"",""/tangrams/134_305.png""]","[""D4"",""F7"",""B2"",""F5""]",/tangrams/134_305.png,TRUE,/tangrams/134_305.png,01M1PVV71QMXF31FNN88616S34,01M1PVW7YQ0ZCTA6RRXWJ4B3KT,1788549978397,NA,4
01M1PW157YPY6P3TZ2SS9Z70XN,01M1PVPSFBNZXW40G11G9DGVKY,training,43,3,8,48,12,5,/tangrams/14_38.png,B2,"[""/tangrams/14_38.png"",""/tangrams/231_230.png"",""/tangrams/386_283.png"",""/tangrams/154_127.png""]","[""B2"",""F7"",""F2"",""A1""]",/tangrams/14_38.png,TRUE,/tangrams/14_38.png,01M1PVTZDZSFSRFW0Y011447D5,01M1PVVNH6WEMGKMEM2F9XPCJS,1788549706355,NA,4
01M1PW15847W04G26QZCHY3XYN,01M1PVPSFBNZXW40G11G9DGVKY,training,46,3,11,48,12,5,/tangrams/391_126.png,F8,"[""/tangrams/60_248.png"",""/tangrams/154_127.png"",""/tangrams/391_126.png"",""/tangrams/337_178.png""]","[""C3"",""A1"",""F8"",""F6""]",/tangrams/391_126.png,TRUE,/tangrams/391_126.png,01M1PVVNH6WEMGKMEM2F9XPCJS,01M1PVTZDZSFSRFW0Y011447D5,1788549773551,NA,4
01M1PW2VJ79FYQDHWRTGN706RH,01M1PVPTMT2TF5TMW6DY08RG1A,training,10,0,11,48,12,5,/tangrams/60_127.png,C1,"[""/tangrams/154_248.png"",""/tangrams/235_38.png"",""/tangrams/14_24.png"",""/tangrams/60_127.png""]","[""A3"",""D2"",""B4"",""C1""]",/tangrams/60_127.png,TRUE,/tangrams/60_127.png,01M1PVVYCG3ZV9Y0QVDS434K08,01M1PVVTHSCRB56WAFX0KRCSX2,1788549219408,NA,1
01M1PW2VJFE1Z90T4QASK5XWYV,01M1PVPTMT2TF5TMW6DY08RG1A,training,8,0,9,48,12,5,/tangrams/235_248.png,D3,"[""/tangrams/14_127.png"",""/tangrams/154_24.png"",""/tangrams/60_38.png"",""/tangrams/235_248.png""]","[""B1"",""A4"",""C2"",""D3""]",/tangrams/235_248.png,TRUE,/tangrams/235_248.png,01M1PVVYCG3ZV9Y0QVDS434K08,01M1PVVTHSCRB56WAFX0KRCSX2,1788549149564,NA,1
01M1PW5R1BMTXM9WAFV06GG78V,01M1PVPWEGF3RQQ2BZJMHJW5WT,training,6,0,7,48,12,6,/tangrams/445_264.png,D1,"[""/tangrams/445_437.png"",""/tangrams/445_264.png"",""/tangrams/275_153.png"",""/tangrams/81_264.png""]","[""D2"",""D1"",""A4"",""B1""]",/tangrams/81_264.png,FALSE,/tangrams/81_264.png,01M1PVZMF178XCTABPVTWNQQ3Q,01M1PVV9N1B5JSVGVHP53ND1FH,1788549119548,NA,1
01M1PW5R9HQVB5G2MJ0W1NTEH2,01M1PVPWEGF3RQQ2BZJMHJW5WT,training,33,2,10,48,12,6,/tangrams/81_264.png,B1,"[""/tangrams/275_437.png"",""/tangrams/445_264.png"",""/tangrams/81_153.png"",""/tangrams/81_264.png""]","[""A2"",""D1"",""B4"",""B1""]",/tangrams/81_264.png,TRUE,/tangrams/81_264.png,01M1PVV9N1B5JSVGVHP53ND1FH,01M1PVZMF178XCTABPVTWNQQ3Q,1788550115018,NA,3
01M1PW8ZHE3E987F936ZQ7XKXW,01M1PVPWZ383HA8RRK2RFSW236,training,35,2,12,48,12,7,/tangrams/303_302.png,B4,"[""/tangrams/245_304.png"",""/tangrams/183_311.png"",""/tangrams/303_302.png"",""/tangrams/6_24.png""]","[""A3"",""C2"",""B4"",""D1""]",/tangrams/303_302.png,TRUE,/tangrams/303_302.png,01M1PVVZ2PG17JJTAZWDXWW3JQ,01M1PW2K6B8GZQ5Z02B5Q0TB2A,1788550435684,NA,3
01M1PW5RC8FQ98WKB5F9T4TD38,01M1PVPWEGF3RQQ2BZJMHJW5WT,training,39,3,4,48,12,6,/tangrams/4_437.png,C2,"[""/tangrams/445_437.png"",""/tangrams/81_153.png"",""/tangrams/4_264.png"",""/tangrams/4_437.png""]","[""D2"",""B4"",""C1"",""C2""]",/tangrams/4_437.png,TRUE,/tangrams/4_437.png,01M1PVV9N1B5JSVGVHP53ND1FH,01M1PVZMF178XCTABPVTWNQQ3Q,1788550276497,NA,4
01M1PWG1GBWP7V5DSZG1TTMQ1T,01M1PVPY02TEGASTZW7B0B44PE,training,15,1,4,48,12,8,/tangrams/353_444.png,B4,"[""/tangrams/265_444.png"",""/tangrams/353_436.png"",""/tangrams/353_444.png"",""/tangrams/192_235.png""]","[""C4"",""B1"",""B4"",""D3""]",/tangrams/353_444.png,TRUE,/tangrams/353_444.png,01M1PW1KKGDQJPNSP87YDPE8Y2,01M1PWAKPMFG2PF8ZD5WBT5ANA,1788550600229,NA,2
01M1PW5R39474HJ991TY7BWVWH,01M1PVPWEGF3RQQ2BZJMHJW5WT,training,14,1,3,48,12,6,/tangrams/81_153.png,B4,"[""/tangrams/4_153.png"",""/tangrams/81_324.png"",""/tangrams/445_264.png"",""/tangrams/81_153.png""]","[""C4"",""B3"",""D1"",""B4""]",/tangrams/81_153.png,TRUE,/tangrams/81_153.png,01M1PVZMF178XCTABPVTWNQQ3Q,01M1PVV9N1B5JSVGVHP53ND1FH,1788549431194,NA,2
01M1PW7ER3RDMXVGNSTMYVCYK6,01M1PVPWZ7KQZN2DHXW0TTKG9P,training,33,2,10,48,12,7,/tangrams/241_420.png,F2,"[""/tangrams/241_420.png"",""/tangrams/245_24.png"",""/tangrams/286_225.png"",""/tangrams/383_160.png""]","[""F2"",""A1"",""F6"",""F7""]",/tangrams/241_420.png,TRUE,/tangrams/241_420.png,01M1PVVTM3JYE18KKXW2DCV15S,01M1PVZ3NBFP4RQAMM34F5EPHD,1788549959288,NA,3
01M1PW9DCM6BR8JGF7XZBK3KSH,01M1PVPXF92SZVFC9KB45KHNG3,training,37,3,2,48,12,7,/tangrams/178_230.png,F3,"[""/tangrams/183_304.png"",""/tangrams/178_230.png"",""/tangrams/241_420.png"",""/tangrams/6_302.png""]","[""C3"",""F3"",""F2"",""D4""]",/tangrams/178_230.png,TRUE,/tangrams/178_230.png,01M1PVVBRZ3YZPYCQZYDADYMR6,01M1PVVXW244MSV8KK7TFJHPNZ,1788549321314,NA,4
01M1PWBR84955EP6S9JD0GJ6V6,01M1PVPY0135RYKX6QNWJW9HQ7,training,47,3,12,48,12,8,/tangrams/447_295.png,F7,"[""/tangrams/447_295.png"",""/tangrams/265_235.png"",""/tangrams/414_365.png"",""/tangrams/38_309.png""]","[""F7"",""C3"",""F6"",""F5""]",/tangrams/447_295.png,TRUE,/tangrams/447_295.png,01M1PVV5BA5A9YAQJQ9SAGP2BW,01M1PVW5G591MZ9WXE41XZDX0Y,1788549684015,NA,4
01M1PWGHT6CQSG5XFCX7QY6932,01M1PVPXF8XP3FTSCWE2SZ4KAJ,training,47,3,12,48,12,7,/tangrams/6_311.png,D2,"[""/tangrams/303_302.png"",""/tangrams/245_304.png"",""/tangrams/6_311.png"",""/tangrams/183_24.png""]","[""B4"",""A3"",""D2"",""C1""]",/tangrams/6_311.png,TRUE,/tangrams/6_311.png,01M1PVW253SKBG4X7GTPVKZWRC,01M1PW23TCTCTWR44KF0HW1TG2,1788550673959,NA,4
01M1PW0X9HQQPPB37PNDJW6JCA,01M1PVPSFBNZXW40G11YGR32M6,training,32,2,9,48,12,5,/tangrams/235_38.png,D2,"[""/tangrams/235_38.png"",""/tangrams/14_248.png"",""/tangrams/235_127.png"",""/tangrams/154_38.png""]","[""D2"",""B3"",""D1"",""A2""]",/tangrams/235_38.png,TRUE,/tangrams/235_38.png,01M1PVVNQ4AT0NRB9TK929QH2E,01M1PVTRWTPC40C0HPR8RXXWTF,1788548979222,NA,3
01M1PW41BHMEJFSG27VY1XFXY6,01M1PVPTMYJEMSH2D4PPK54AQC,training,19,1,8,48,12,5,/tangrams/457_208.png,F4,"[""/tangrams/235_24.png"",""/tangrams/154_127.png"",""/tangrams/60_248.png"",""/tangrams/457_208.png""]","[""D4"",""A1"",""C3"",""F4""]",/tangrams/457_208.png,TRUE,/tangrams/457_208.png,01M1PVV1FSQ931Q08DC040FF4H,01M1PVXZCG5HBAN48J4YM7CT4J,1788549012648,NA,2
01M1PWJSV82PN4QGRS6ECB6DWM,01M1PVPY05YMN5QBCZG3YB2C9A,training,4,0,5,48,12,8,/tangrams/192_235.png,D3,"[""/tangrams/265_444.png"",""/tangrams/353_436.png"",""/tangrams/192_235.png"",""/tangrams/368_219.png""]","[""C4"",""B1"",""D3"",""A2""]",NA,FALSE,NA,01M1PWD5NE4VVV7NW46K2R05YS,01M1PW6E4667Y67QGT0X6HJCYF,NA,1788549215379,1
01M1PW0KHY5V44CVMBXY17E0FE,01M1PVPSF9NDAT0BF7G6FNHKYQ,training,31,2,8,48,12,5,/tangrams/235_38.png,D2,"[""/tangrams/60_24.png"",""/tangrams/154_248.png"",""/tangrams/14_127.png"",""/tangrams/235_38.png""]","[""C4"",""A3"",""B1"",""D2""]",/tangrams/235_38.png,TRUE,/tangrams/235_38.png,01M1PVTG9CCCTFM1SEAAQ81WMP,01M1PVTRYDJNHHT05DKBKN76E5,1788548960863,NA,3
01M1PW0X714CJQ8JYCCX0GPVH7,01M1PVPSFBNZXW40G11YGR32M6,training,5,0,6,48,12,5,/tangrams/154_38.png,A2,"[""/tangrams/235_38.png"",""/tangrams/154_248.png"",""/tangrams/154_38.png"",""/tangrams/60_24.png""]","[""D2"",""A3"",""A2"",""C4""]",/tangrams/154_38.png,TRUE,/tangrams/154_38.png,01M1PVTRWTPC40C0HPR8RXXWTF,01M1PVVNQ4AT0NRB9TK929QH2E,1788548444444,NA,1
01M1PW3GXF1MG63SRFYYDRM7V5,01M1PVPVN58XQ8WD43NR9G03HY,training,20,1,9,48,12,6,/tangrams/81_324.png,B3,"[""/tangrams/81_264.png"",""/tangrams/81_324.png"",""/tangrams/275_437.png"",""/tangrams/445_324.png""]","[""B1"",""B3"",""A2"",""D3""]",NA,NA,NA,NA,NA,NA,NA,2
01M1PW514XEZ4V5GMXJK87Z899,01M1PVPVN43CJ2ZQS2FA0GJ1TX,training,27,2,4,48,12,6,/tangrams/134_305.png,F5,"[""/tangrams/275_264.png"",""/tangrams/424_432.png"",""/tangrams/81_437.png"",""/tangrams/134_305.png""]","[""A1"",""F4"",""B2"",""F5""]",/tangrams/134_305.png,TRUE,/tangrams/134_305.png,01M1PVW5BM9J57HJX5KJ260RG3,01M1PVW97TC4GVFYDVFB1SJ9WH,1788549342699,NA,3
01M1PWEJTMZBFJTNQMCMWJRZZB,01M1PVPXF92SZVFC9KBGN1TRXM,training,42,3,7,48,12,7,/tangrams/6_304.png,D3,"[""/tangrams/303_304.png"",""/tangrams/245_302.png"",""/tangrams/6_24.png"",""/tangrams/6_304.png""]","[""B3"",""A4"",""D1"",""D3""]",/tangrams/6_24.png,FALSE,/tangrams/6_24.png,01M1PVZYRHDVK94JBPD96A2FVY,01M1PVVCHSJDKDCMNAX28C9KTM,1788550469787,NA,4
01M1PWJSW9D079JR3EFQKH1B4Z,01M1PVPY05YMN5QBCZG3YB2C9A,training,38,3,3,48,12,8,/tangrams/265_436.png,C1,"[""/tangrams/353_444.png"",""/tangrams/192_235.png"",""/tangrams/265_436.png"",""/tangrams/368_219.png""]","[""B4"",""D3"",""C1"",""A2""]",NA,NA,NA,NA,NA,NA,NA,4
01M1PW0KNBJ9D6F1QE8N4HQZW9,01M1PVPSF9NDAT0BF7G6FNHKYQ,training,17,1,6,48,12,5,/tangrams/14_127.png,B1,"[""/tangrams/235_38.png"",""/tangrams/14_127.png"",""/tangrams/154_248.png"",""/tangrams/60_24.png""]","[""D2"",""B1"",""A3"",""C4""]",/tangrams/14_127.png,TRUE,/tangrams/14_127.png,01M1PVTG9CCCTFM1SEAAQ81WMP,01M1PVTRYDJNHHT05DKBKN76E5,1788548602765,NA,2
01M1PW2VNTMJBQG60TNGE0JJDX,01M1PVPTMT2TF5TMW6DY08RG1A,training,27,2,4,48,12,5,/tangrams/14_127.png,B1,"[""/tangrams/154_248.png"",""/tangrams/235_38.png"",""/tangrams/14_127.png"",""/tangrams/60_24.png""]","[""A3"",""D2"",""B1"",""C4""]",/tangrams/14_127.png,TRUE,/tangrams/14_127.png,01M1PVVTHSCRB56WAFX0KRCSX2,01M1PVVYCG3ZV9Y0QVDS434K08,1788549600496,NA,3
01M1PW419V3PPSHHJ5EJ7E0BPQ,01M1PVPTMYJEMSH2D4PPK54AQC,training,31,2,8,48,12,5,/tangrams/231_230.png,F7,"[""/tangrams/231_230.png"",""/tangrams/154_127.png"",""/tangrams/337_178.png"",""/tangrams/320_326.png""]","[""F7"",""A1"",""F6"",""F5""]",/tangrams/320_326.png,FALSE,/tangrams/320_326.png,01M1PVV1FSQ931Q08DC040FF4H,01M1PVXZCG5HBAN48J4YM7CT4J,1788549342631,NA,3
01M1PW41DKTTE6AP4C8NM34J55,01M1PVPTMYJEMSH2D4PPK54AQC,training,11,0,12,48,12,5,/tangrams/457_208.png,F4,"[""/tangrams/337_178.png"",""/tangrams/154_127.png"",""/tangrams/321_445.png"",""/tangrams/457_208.png""]","[""F6"",""A1"",""F1"",""F4""]",/tangrams/457_208.png,TRUE,/tangrams/457_208.png,01M1PVV1FSQ931Q08DC040FF4H,01M1PVXZCG5HBAN48J4YM7CT4J,1788548758122,NA,1
01M1PWBR3RXRZWTM9CZE73EFDB,01M1PVPY0135RYKX6QNWJW9HQ7,training,17,1,6,48,12,8,/tangrams/101_61.png,F2,"[""/tangrams/414_365.png"",""/tangrams/101_61.png"",""/tangrams/277_238.png"",""/tangrams/368_436.png""]","[""F6"",""F2"",""F8"",""A1""]",/tangrams/101_61.png,TRUE,/tangrams/101_61.png,01M1PVV5BA5A9YAQJQ9SAGP2BW,01M1PVW5G591MZ9WXE41XZDX0Y,1788549025188,NA,2
01M1PWEJPBACDKY24XHM0YRV1K,01M1PVPXF92SZVFC9KBGN1TRXM,training,25,2,2,48,12,7,/tangrams/6_304.png,D3,"[""/tangrams/245_304.png"",""/tangrams/6_24.png"",""/tangrams/6_304.png"",""/tangrams/183_311.png""]","[""A3"",""D1"",""D3"",""C2""]",/tangrams/245_304.png,FALSE,/tangrams/245_304.png,01M1PVVCHSJDKDCMNAX28C9KTM,01M1PVZYRHDVK94JBPD96A2FVY,1788549947782,NA,3
01M1PWG19H8FT7099E4F6CZAYZ,01M1PVPY02TEGASTZW7B0B44PE,training,31,2,8,48,12,8,/tangrams/353_436.png,B1,"[""/tangrams/192_436.png"",""/tangrams/353_436.png"",""/tangrams/353_444.png"",""/tangrams/368_235.png""]","[""D1"",""B1"",""B4"",""A3""]",/tangrams/353_436.png,TRUE,/tangrams/353_436.png,01M1PW1KKGDQJPNSP87YDPE8Y2,01M1PWAKPMFG2PF8ZD5WBT5ANA,1788551258309,NA,3
01M1PWGJE82KDWM5HYY2Z7B91F,01M1PVPXF8XP3FTSCWE2SZ4KAJ,training,43,3,8,48,12,7,/tangrams/183_302.png,C4,"[""/tangrams/183_302.png"",""/tangrams/303_24.png"",""/tangrams/245_311.png"",""/tangrams/6_304.png""]","[""C4"",""B1"",""A2"",""D3""]",/tangrams/183_302.png,TRUE,/tangrams/183_302.png,01M1PVW253SKBG4X7GTPVKZWRC,01M1PW23TCTCTWR44KF0HW1TG2,1788550573964,NA,4
01M1PW5R8W5G0W44W09XJ5Q201,01M1PVPWEGF3RQQ2BZJMHJW5WT,training,32,2,9,48,12,6,/tangrams/81_324.png,B3,"[""/tangrams/445_324.png"",""/tangrams/275_437.png"",""/tangrams/81_324.png"",""/tangrams/81_153.png""]","[""D3"",""A2"",""B3"",""B4""]",/tangrams/81_324.png,TRUE,/tangrams/81_324.png,01M1PVZMF178XCTABPVTWNQQ3Q,01M1PVV9N1B5JSVGVHP53ND1FH,1788550080679,NA,3
01M1PW0KJF50PW6WZMP4769367,01M1PVPSF9NDAT0BF7G6FNHKYQ,training,47,3,12,48,12,5,/tangrams/14_127.png,B1,"[""/tangrams/14_127.png"",""/tangrams/154_38.png"",""/tangrams/235_248.png"",""/tangrams/60_24.png""]","[""B1"",""A2"",""D3"",""C4""]",/tangrams/14_127.png,TRUE,/tangrams/14_127.png,01M1PVTG9CCCTFM1SEAAQ81WMP,01M1PVTRYDJNHHT05DKBKN76E5,1788549325925,NA,4
01M1PW0KKV02NSQEV70DH7Z7VQ,01M1PVPSF9NDAT0BF7G6FNHKYQ,training,25,2,2,48,12,5,/tangrams/60_127.png,C1,"[""/tangrams/60_127.png"",""/tangrams/235_248.png"",""/tangrams/154_38.png"",""/tangrams/14_24.png""]","[""C1"",""D3"",""A2"",""B4""]",/tangrams/60_127.png,TRUE,/tangrams/60_127.png,01M1PVTG9CCCTFM1SEAAQ81WMP,01M1PVTRYDJNHHT05DKBKN76E5,1788548840862,NA,3
01M1PW3TEM2SHN1065C545QZVF,01M1PVPVN19AKJQXAJWG447XT1,training,28,2,5,48,12,6,/tangrams/445_264.png,D1,"[""/tangrams/81_153.png"",""/tangrams/4_437.png"",""/tangrams/445_264.png"",""/tangrams/275_324.png""]","[""B4"",""C2"",""D1"",""A3""]",/tangrams/445_264.png,TRUE,/tangrams/445_264.png,01M1PVVZD69SDYBBAB5MDTZSCB,01M1PVV4T08CWVFCAHVD9FMRR2,1788549517978,NA,3
01M1PW6XY3KAYN5MZBX7FT1J2A,01M1PVPWEJQS052PE7X7E1TZK9,training,3,0,4,48,12,6,/tangrams/4_264.png,C1,"[""/tangrams/445_437.png"",""/tangrams/81_324.png"",""/tangrams/4_264.png"",""/tangrams/275_153.png""]","[""D2"",""B3"",""C1"",""A4""]",/tangrams/4_264.png,TRUE,/tangrams/4_264.png,01M1PVVX5KFM5CFX55QQRWNDX8,01M1PVW75JX1QRKD2FQCCBJ017,1788548616323,NA,1
01M1PW7ERJAFWGJ2ZHQZ3KBWPJ,01M1PVPWZ7KQZN2DHXW0TTKG9P,training,20,1,9,48,12,7,/tangrams/303_311.png,B2,"[""/tangrams/178_230.png"",""/tangrams/303_311.png"",""/tangrams/245_24.png"",""/tangrams/241_420.png""]","[""F3"",""B2"",""A1"",""F2""]",/tangrams/303_311.png,TRUE,/tangrams/303_311.png,01M1PVZ3NBFP4RQAMM34F5EPHD,01M1PVVTM3JYE18KKXW2DCV15S,1788549435099,NA,2
01M1PW0X8EBZR95JVXVAS9ZGDG,01M1PVPSFBNZXW40G11YGR32M6,training,45,3,10,48,12,5,/tangrams/60_38.png,C2,"[""/tangrams/60_127.png"",""/tangrams/60_38.png"",""/tangrams/154_38.png"",""/tangrams/14_24.png""]","[""C1"",""C2"",""A2"",""B4""]",/tangrams/60_38.png,TRUE,/tangrams/60_38.png,01M1PVTRWTPC40C0HPR8RXXWTF,01M1PVVNQ4AT0NRB9TK929QH2E,1788549193576,NA,4
01M1PW1ZND7CGHRSJBQEMPMF6V,01M1PVPTMX8QBBEQ1CAWS8Y65C,training,22,1,11,48,12,5,/tangrams/154_38.png,A2,"[""/tangrams/154_38.png"",""/tangrams/154_248.png"",""/tangrams/235_38.png"",""/tangrams/14_24.png""]","[""A2"",""A3"",""D2"",""B4""]",/tangrams/154_38.png,TRUE,/tangrams/154_38.png,01M1PVVEHT22G3NCF8EGPQWRYM,01M1PVVDJXTQ0S1H8V336MES03,1788549694435,NA,2
01M1PWEJJ3XC6AWE62A2KC63EW,01M1PVPXF92SZVFC9KBGN1TRXM,training,16,1,5,48,12,7,/tangrams/183_24.png,C1,"[""/tangrams/183_24.png"",""/tangrams/245_302.png"",""/tangrams/303_24.png"",""/tangrams/183_311.png""]","[""C1"",""A4"",""B1"",""C2""]",/tangrams/303_24.png,FALSE,/tangrams/303_24.png,01M1PVZYRHDVK94JBPD96A2FVY,01M1PVVCHSJDKDCMNAX28C9KTM,1788549582038,NA,2
01M1PWGHZHBSJ5B89BKYND97TP,01M1PVPXF8XP3FTSCWE2SZ4KAJ,training,9,0,10,48,12,7,/tangrams/245_302.png,A4,"[""/tangrams/245_302.png"",""/tangrams/303_304.png"",""/tangrams/183_24.png"",""/tangrams/6_311.png""]","[""A4"",""B3"",""C1"",""D2""]",/tangrams/245_302.png,TRUE,/tangrams/245_302.png,01M1PVW253SKBG4X7GTPVKZWRC,01M1PW23TCTCTWR44KF0HW1TG2,1788549469708,NA,1
01M1PWJSDMNF97GMN7B98ZA1MC,01M1PVPY05YMN5QBCZG3YB2C9A,training,5,0,6,48,12,8,/tangrams/368_444.png,A4,"[""/tangrams/353_235.png"",""/tangrams/368_444.png"",""/tangrams/192_436.png"",""/tangrams/265_219.png""]","[""B3"",""A4"",""D1"",""C2""]",NA,NA,NA,NA,NA,NA,NA,1
01M1PWJSHF3HB7E1YDACJBG5K4,01M1PVPY05YMN5QBCZG3YB2C9A,training,19,1,8,48,12,8,/tangrams/353_444.png,B4,"[""/tangrams/353_444.png"",""/tangrams/265_219.png"",""/tangrams/192_436.png"",""/tangrams/368_235.png""]","[""B4"",""C2"",""D1"",""A3""]",NA,NA,NA,NA,NA,NA,NA,2
01M1PW1578GE5P08ZTY61209F6,01M1PVPSFBNZXW40G11G9DGVKY,training,35,2,12,48,12,5,/tangrams/154_127.png,A1,"[""/tangrams/235_24.png"",""/tangrams/60_248.png"",""/tangrams/154_127.png"",""/tangrams/457_208.png""]","[""D4"",""C3"",""A1"",""F4""]",/tangrams/154_127.png,TRUE,/tangrams/154_127.png,01M1PVTZDZSFSRFW0Y011447D5,01M1PVVNH6WEMGKMEM2F9XPCJS,1788549483930,NA,3
01M1PW7F5HDZZDNAAS85JCWCQN,01M1PVPWZ7KQZN2DHXW0TTKG9P,training,11,0,12,48,12,7,/tangrams/51_378.png,F4,"[""/tangrams/241_420.png"",""/tangrams/391_404.png"",""/tangrams/303_311.png"",""/tangrams/51_378.png""]","[""F2"",""F5"",""B2"",""F4""]",NA,FALSE,NA,01M1PVVTM3JYE18KKXW2DCV15S,01M1PVZ3NBFP4RQAMM34F5EPHD,NA,NA,1
01M1PW0KN99N552C764XF1R2NB,01M1PVPSF9NDAT0BF7G6FNHKYQ,training,18,1,7,48,12,5,/tangrams/14_248.png,B3,"[""/tangrams/235_38.png"",""/tangrams/154_24.png"",""/tangrams/60_127.png"",""/tangrams/14_248.png""]","[""D2"",""A4"",""C1"",""B3""]",/tangrams/14_248.png,TRUE,/tangrams/14_248.png,01M1PVTRYDJNHHT05DKBKN76E5,01M1PVTG9CCCTFM1SEAAQ81WMP,1788548645806,NA,2
01M1PW152H0A5FYKEFQ2WY1JWJ,01M1PVPSFBNZXW40G11G9DGVKY,training,4,0,5,48,12,5,/tangrams/321_445.png,F1,"[""/tangrams/391_126.png"",""/tangrams/60_248.png"",""/tangrams/321_445.png"",""/tangrams/457_208.png""]","[""F8"",""C3"",""F1"",""F4""]",/tangrams/321_445.png,TRUE,/tangrams/321_445.png,01M1PVVNH6WEMGKMEM2F9XPCJS,01M1PVTZDZSFSRFW0Y011447D5,1788548513957,NA,1
01M1PW153W90Z2A1X0TP3AGDVF,01M1PVPSFBNZXW40G11G9DGVKY,training,27,2,4,48,12,5,/tangrams/320_326.png,F5,"[""/tangrams/235_24.png"",""/tangrams/411_421.png"",""/tangrams/321_445.png"",""/tangrams/320_326.png""]","[""D4"",""F3"",""F1"",""F5""]",/tangrams/320_326.png,TRUE,/tangrams/320_326.png,01M1PVTZDZSFSRFW0Y011447D5,01M1PVVNH6WEMGKMEM2F9XPCJS,1788549274651,NA,3
01M1PW2VTPCP4GCFW3N762CCR5,01M1PVPTMT2TF5TMW6DY08RG1A,training,41,3,6,48,12,5,/tangrams/14_24.png,B4,"[""/tangrams/154_248.png"",""/tangrams/235_127.png"",""/tangrams/14_24.png"",""/tangrams/60_38.png""]","[""A3"",""D1"",""B4"",""C2""]",/tangrams/14_24.png,TRUE,/tangrams/14_24.png,01M1PVVTHSCRB56WAFX0KRCSX2,01M1PVVYCG3ZV9Y0QVDS434K08,1788549843098,NA,4
01M1PW514RK7AR9FAJF0N71WJC,01M1PVPVN43CJ2ZQS2FA0GJ1TX,training,28,2,5,48,12,6,/tangrams/330_144.png,F6,"[""/tangrams/399_84.png"",""/tangrams/70_426.png"",""/tangrams/330_144.png"",""/tangrams/424_432.png""]","[""F2"",""F3"",""F6"",""F4""]",/tangrams/330_144.png,TRUE,/tangrams/330_144.png,01M1PVW97TC4GVFYDVFB1SJ9WH,01M1PVW5BM9J57HJX5KJ260RG3,1788549401511,NA,3
01M1PWG1AQ4NXBYP261YB56KYM,01M1PVPY02TEGASTZW7B0B44PE,training,28,2,5,48,12,8,/tangrams/353_235.png,B3,"[""/tangrams/353_444.png"",""/tangrams/265_219.png"",""/tangrams/353_235.png"",""/tangrams/368_235.png""]","[""B4"",""C2"",""B3"",""A3""]",/tangrams/353_235.png,TRUE,/tangrams/353_235.png,01M1PWAKPMFG2PF8ZD5WBT5ANA,01M1PW1KKGDQJPNSP87YDPE8Y2,1788551146033,NA,3
01M1PW1ZEV0EDK0X230S81N4JF,01M1PVPTMX8QBBEQ1CAWS8Y65C,training,15,1,4,48,12,5,/tangrams/60_24.png,C4,"[""/tangrams/14_24.png"",""/tangrams/235_248.png"",""/tangrams/60_38.png"",""/tangrams/60_24.png""]","[""B4"",""D3"",""C2"",""C4""]",/tangrams/60_24.png,TRUE,/tangrams/60_24.png,01M1PVVDJXTQ0S1H8V336MES03,01M1PVVEHT22G3NCF8EGPQWRYM,1788549428869,NA,2
01M1PW617YFN01WS9MZ9B7GBZ0,01M1PVPWEFJ67VYTWGSHJ4XJ33,training,40,3,5,48,12,6,/tangrams/222_36.png,F7,"[""/tangrams/424_432.png"",""/tangrams/134_305.png"",""/tangrams/81_437.png"",""/tangrams/222_36.png""]","[""F4"",""F5"",""B2"",""F7""]",/tangrams/222_36.png,TRUE,/tangrams/222_36.png,01M1PVW7YQ0ZCTA6RRXWJ4B3KT,01M1PVV71QMXF31FNN88616S34,1788550006592,NA,4
01M1PW6KEZJ6X8H8BFTB4FA7EK,01M1PVPWZ82WNHXNHFM772HZSY,training,3,0,4,48,12,7,/tangrams/6_24.png,D1,"[""/tangrams/6_24.png"",""/tangrams/6_311.png"",""/tangrams/183_24.png"",""/tangrams/245_302.png""]","[""D1"",""D2"",""C1"",""A4""]",/tangrams/6_24.png,TRUE,/tangrams/6_24.png,01M1PVV2HGBFFFP8TQ2JTHYBNF,01M1PVWG3MVC1D7FV8A8CY40QY,1788548891717,NA,1
01M1PW7EFKZTV472JBJWPYTV3Y,01M1PVPWZ7KQZN2DHXW0TTKG9P,training,47,3,12,48,12,7,/tangrams/183_304.png,C3,"[""/tangrams/391_404.png"",""/tangrams/183_304.png"",""/tangrams/241_420.png"",""/tangrams/245_24.png""]","[""F5"",""C3"",""F2"",""A1""]",/tangrams/183_304.png,TRUE,/tangrams/183_304.png,01M1PVVTM3JYE18KKXW2DCV15S,01M1PVZ3NBFP4RQAMM34F5EPHD,1788550463754,NA,4
01M1PW7ET8X0F42E7VF5WCXN1W,01M1PVPWZ7KQZN2DHXW0TTKG9P,training,15,1,4,48,12,7,/tangrams/286_225.png,F6,"[""/tangrams/178_230.png"",""/tangrams/35_447.png"",""/tangrams/241_420.png"",""/tangrams/286_225.png""]","[""F3"",""F8"",""F2"",""F6""]",/tangrams/286_225.png,TRUE,/tangrams/286_225.png,01M1PVVTM3JYE18KKXW2DCV15S,01M1PVZ3NBFP4RQAMM34F5EPHD,1788549219977,NA,2
01M1PW1ZN20K7T5VHWYCY9ENQ5,01M1PVPTMX8QBBEQ1CAWS8Y65C,training,25,2,2,48,12,5,/tangrams/14_24.png,B4,"[""/tangrams/60_24.png"",""/tangrams/14_248.png"",""/tangrams/154_38.png"",""/tangrams/14_24.png""]","[""C4"",""B3"",""A2"",""B4""]",/tangrams/14_24.png,TRUE,/tangrams/14_24.png,01M1PVVDJXTQ0S1H8V336MES03,01M1PVVEHT22G3NCF8EGPQWRYM,1788549783541,NA,3
01M1PW3TC3V8RB458MEGMGQEQ6,01M1PVPVN19AKJQXAJWG447XT1,training,23,1,12,48,12,6,/tangrams/445_324.png,D3,"[""/tangrams/81_264.png"",""/tangrams/275_153.png"",""/tangrams/445_324.png"",""/tangrams/4_437.png""]","[""B1"",""A4"",""D3"",""C2""]",/tangrams/445_324.png,TRUE,/tangrams/445_324.png,01M1PVV4T08CWVFCAHVD9FMRR2,01M1PVVZD69SDYBBAB5MDTZSCB,1788549429177,NA,2
01M1PW9DDV9VHXE2WPJZC9FDW3,01M1PVPXF92SZVFC9KB45KHNG3,training,40,3,5,48,12,7,/tangrams/340_29.png,F1,"[""/tangrams/245_24.png"",""/tangrams/383_160.png"",""/tangrams/340_29.png"",""/tangrams/51_378.png""]","[""A1"",""F7"",""F1"",""F4""]",/tangrams/340_29.png,TRUE,/tangrams/340_29.png,01M1PVVXW244MSV8KK7TFJHPNZ,01M1PVVBRZ3YZPYCQZYDADYMR6,1788549363896,NA,4
01M1PW41J9TF2KXZZ5ACA04ES5,01M1PVPTMYJEMSH2D4PPK54AQC,training,45,3,10,48,12,5,/tangrams/60_248.png,C3,"[""/tangrams/60_248.png"",""/tangrams/231_230.png"",""/tangrams/14_38.png"",""/tangrams/457_208.png""]","[""C3"",""F7"",""B2"",""F4""]",/tangrams/60_248.png,TRUE,/tangrams/60_248.png,01M1PVV1FSQ931Q08DC040FF4H,01M1PVXZCG5HBAN48J4YM7CT4J,1788549712718,NA,4
01M1PW60ZKJT4K2CSTZR09DZAK,01M1PVPWEFJ67VYTWGSHJ4XJ33,training,5,0,6,48,12,6,/tangrams/204_449.png,F8,"[""/tangrams/399_84.png"",""/tangrams/204_449.png"",""/tangrams/4_324.png"",""/tangrams/424_432.png""]","[""F2"",""F8"",""C3"",""F4""]",/tangrams/204_449.png,TRUE,/tangrams/204_449.png,01M1PVV71QMXF31FNN88616S34,01M1PVW7YQ0ZCTA6RRXWJ4B3KT,1788548687424,NA,1
01M1PWG18TXCD6YP92B3GGBBHT,01M1PVPY02TEGASTZW7B0B44PE,training,33,2,10,48,12,8,/tangrams/265_444.png,C4,"[""/tangrams/192_436.png"",""/tangrams/265_444.png"",""/tangrams/265_219.png"",""/tangrams/353_444.png""]","[""D1"",""C4"",""C2"",""B4""]",/tangrams/265_444.png,TRUE,/tangrams/265_444.png,01M1PW1KKGDQJPNSP87YDPE8Y2,01M1PWAKPMFG2PF8ZD5WBT5ANA,1788551319502,NA,3
01M1PWJSCT8AY002N72RZCP847,01M1PVPY05YMN5QBCZG3YB2C9A,training,7,0,8,48,12,8,/tangrams/192_436.png,D1,"[""/tangrams/368_235.png"",""/tangrams/192_436.png"",""/tangrams/265_219.png"",""/tangrams/353_444.png""]","[""A3"",""D1"",""C2"",""B4""]",NA,NA,NA,NA,NA,NA,NA,1
01M1PWJSEVMX3V784W2MYAX5MY,01M1PVPY05YMN5QBCZG3YB2C9A,training,13,1,2,48,12,8,/tangrams/353_436.png,B1,"[""/tangrams/353_436.png"",""/tangrams/368_235.png"",""/tangrams/192_219.png"",""/tangrams/265_444.png""]","[""B1"",""A3"",""D2"",""C4""]",NA,NA,NA,NA,NA,NA,NA,2
01M1PW0KH31BHJY73VF6E7DGES,01M1PVPSF9NDAT0BF7G6FNHKYQ,training,43,3,8,48,12,5,/tangrams/235_248.png,D3,"[""/tangrams/60_24.png"",""/tangrams/235_248.png"",""/tangrams/14_127.png"",""/tangrams/154_38.png""]","[""C4"",""D3"",""B1"",""A2""]",/tangrams/235_248.png,TRUE,/tangrams/235_248.png,01M1PVTG9CCCTFM1SEAAQ81WMP,01M1PVTRYDJNHHT05DKBKN76E5,1788549255190,NA,4
01M1PWEJKHRYKAYQKNGR0BJGG4,01M1PVPXF92SZVFC9KBGN1TRXM,training,20,1,9,48,12,7,/tangrams/245_304.png,A3,"[""/tangrams/245_304.png"",""/tangrams/245_302.png"",""/tangrams/183_311.png"",""/tangrams/6_304.png""]","[""A3"",""A4"",""C2"",""D3""]",/tangrams/6_304.png,FALSE,/tangrams/6_304.png,01M1PVZYRHDVK94JBPD96A2FVY,01M1PVVCHSJDKDCMNAX28C9KTM,1788549749911,NA,2
01M1PWEJPVRZJ5C1V5NQTHA6N8,01M1PVPXF92SZVFC9KBGN1TRXM,training,36,3,1,48,12,7,/tangrams/303_24.png,B1,"[""/tangrams/183_302.png"",""/tangrams/6_24.png"",""/tangrams/303_24.png"",""/tangrams/303_304.png""]","[""C4"",""D1"",""B1"",""B3""]",/tangrams/303_24.png,TRUE,/tangrams/303_24.png,01M1PVZYRHDVK94JBPD96A2FVY,01M1PVVCHSJDKDCMNAX28C9KTM,1788550285887,NA,4
01M1PWJSSCENTE43GGBMX34V9N,01M1PVPY05YMN5QBCZG3YB2C9A,training,33,2,10,48,12,8,/tangrams/368_444.png,A4,"[""/tangrams/192_235.png"",""/tangrams/368_444.png"",""/tangrams/265_219.png"",""/tangrams/353_436.png""]","[""D3"",""A4"",""C2"",""B1""]",NA,NA,NA,NA,NA,NA,NA,3
01M1PW1ZM5QCN2SX3VFJ9ENM2B,01M1PVPTMX8QBBEQ1CAWS8Y65C,training,31,2,8,48,12,5,/tangrams/60_127.png,C1,"[""/tangrams/60_38.png"",""/tangrams/235_127.png"",""/tangrams/60_127.png"",""/tangrams/14_248.png""]","[""C2"",""D1"",""C1"",""B3""]",/tangrams/60_127.png,TRUE,/tangrams/60_127.png,01M1PVVDJXTQ0S1H8V336MES03,01M1PVVEHT22G3NCF8EGPQWRYM,1788549918656,NA,3
01M1PW3GS27C6MR07P1W70WN67,01M1PVPVN58XQ8WD43NR9G03HY,training,37,3,2,48,12,6,/tangrams/445_264.png,D1,"[""/tangrams/275_153.png"",""/tangrams/4_264.png"",""/tangrams/445_437.png"",""/tangrams/445_264.png""]","[""A4"",""C1"",""D2"",""D1""]",NA,NA,NA,NA,NA,NA,NA,4
01M1PW7EJ6X0Y7PNYCN11DCJG1,01M1PVPWZ7KQZN2DHXW0TTKG9P,training,44,3,9,48,12,7,/tangrams/241_420.png,F2,"[""/tangrams/6_302.png"",""/tangrams/183_304.png"",""/tangrams/241_420.png"",""/tangrams/391_404.png""]","[""D4"",""C3"",""F2"",""F5""]",/tangrams/241_420.png,TRUE,/tangrams/241_420.png,01M1PVZ3NBFP4RQAMM34F5EPHD,01M1PVVTM3JYE18KKXW2DCV15S,1788550343236,NA,4
01M1PWJSJTH5ZSXX8TCJMAEV88,01M1PVPY05YMN5QBCZG3YB2C9A,training,22,1,11,48,12,8,/tangrams/368_219.png,A2,"[""/tangrams/265_436.png"",""/tangrams/192_235.png"",""/tangrams/368_219.png"",""/tangrams/353_444.png""]","[""C1"",""D3"",""A2"",""B4""]",NA,NA,NA,NA,NA,NA,NA,2
01M1PW156BPS2HFP0NJXWB5HWW,01M1PVPSFBNZXW40G11G9DGVKY,training,16,1,5,48,12,5,/tangrams/321_445.png,F1,"[""/tangrams/337_178.png"",""/tangrams/391_126.png"",""/tangrams/320_326.png"",""/tangrams/321_445.png""]","[""F6"",""F8"",""F5"",""F1""]",/tangrams/320_326.png,FALSE,/tangrams/320_326.png,01M1PVVNH6WEMGKMEM2F9XPCJS,01M1PVTZDZSFSRFW0Y011447D5,1788548957237,NA,2
01M1PW5R6KFG8AQ98WX57559RB,01M1PVPWEGF3RQQ2BZJMHJW5WT,training,27,2,4,48,12,6,/tangrams/4_264.png,C1,"[""/tangrams/275_437.png"",""/tangrams/445_264.png"",""/tangrams/4_264.png"",""/tangrams/4_153.png""]","[""A2"",""D1"",""C1"",""C4""]",/tangrams/4_264.png,TRUE,/tangrams/4_264.png,01M1PVV9N1B5JSVGVHP53ND1FH,01M1PVZMF178XCTABPVTWNQQ3Q,1788549926724,NA,3
01M1PW7EKQ6EZ1HQ1DAQ8TRAQG,01M1PVPWZ7KQZN2DHXW0TTKG9P,training,43,3,8,48,12,7,/tangrams/303_311.png,B2,"[""/tangrams/183_304.png"",""/tangrams/383_160.png"",""/tangrams/286_225.png"",""/tangrams/303_311.png""]","[""C3"",""F7"",""F6"",""B2""]",/tangrams/303_311.png,TRUE,/tangrams/303_311.png,01M1PVVTM3JYE18KKXW2DCV15S,01M1PVZ3NBFP4RQAMM34F5EPHD,1788550282336,NA,4
01M1PW8ZH66D3GGTVAJN1SCZF8,01M1PVPWZ383HA8RRK2RFSW236,training,36,3,1,48,12,7,/tangrams/6_304.png,D3,"[""/tangrams/245_302.png"",""/tangrams/183_311.png"",""/tangrams/6_304.png"",""/tangrams/303_24.png""]","[""A4"",""C2"",""D3"",""B1""]",/tangrams/6_304.png,TRUE,/tangrams/6_304.png,01M1PW2K6B8GZQ5Z02B5Q0TB2A,01M1PVVZ2PG17JJTAZWDXWW3JQ,1788550475737,NA,4
01M1PWEJ7D4M450TY0ASMJAK4J,01M1PVPXF92SZVFC9KBGN1TRXM,training,6,0,7,48,12,7,/tangrams/303_304.png,B3,"[""/tangrams/245_304.png"",""/tangrams/303_302.png"",""/tangrams/303_304.png"",""/tangrams/6_24.png""]","[""A3"",""B4"",""B3"",""D1""]",/tangrams/303_304.png,TRUE,/tangrams/303_304.png,01M1PVZYRHDVK94JBPD96A2FVY,01M1PVVCHSJDKDCMNAX28C9KTM,1788549193591,NA,1
01M1PW152PFS0Z0BH0Y0G0KSFB,01M1PVPSFBNZXW40G11G9DGVKY,training,47,3,12,48,12,5,/tangrams/231_230.png,F7,"[""/tangrams/457_208.png"",""/tangrams/235_24.png"",""/tangrams/231_230.png"",""/tangrams/60_248.png""]","[""F4"",""D4"",""F7"",""C3""]",/tangrams/231_230.png,TRUE,/tangrams/231_230.png,01M1PVTZDZSFSRFW0Y011447D5,01M1PVVNH6WEMGKMEM2F9XPCJS,1788549809661,NA,4
01M1PW41DXQ40QW2H17X9W2VY7,01M1PVPTMYJEMSH2D4PPK54AQC,training,10,0,11,48,12,5,/tangrams/337_178.png,F6,"[""/tangrams/337_178.png"",""/tangrams/411_421.png"",""/tangrams/320_326.png"",""/tangrams/60_248.png""]","[""F6"",""F3"",""F5"",""C3""]",/tangrams/337_178.png,TRUE,/tangrams/337_178.png,01M1PVXZCG5HBAN48J4YM7CT4J,01M1PVV1FSQ931Q08DC040FF4H,1788548714848,NA,1
01M1PW619139ZJ08JGXNNB9RDR,01M1PVPWEFJ67VYTWGSHJ4XJ33,training,45,3,10,48,12,6,/tangrams/275_264.png,A1,"[""/tangrams/275_264.png"",""/tangrams/70_426.png"",""/tangrams/399_84.png"",""/tangrams/424_432.png""]","[""A1"",""F3"",""F2"",""F4""]",/tangrams/275_264.png,TRUE,/tangrams/275_264.png,01M1PVV71QMXF31FNN88616S34,01M1PVW7YQ0ZCTA6RRXWJ4B3KT,1788550142299,NA,4
01M1PW6Y2GB407XKB402MFA31G,01M1PVPWEJQS052PE7X7E1TZK9,training,44,3,9,48,12,6,/tangrams/275_437.png,A2,"[""/tangrams/81_264.png"",""/tangrams/4_153.png"",""/tangrams/445_324.png"",""/tangrams/275_437.png""]","[""B1"",""C4"",""D3"",""A2""]",/tangrams/275_437.png,TRUE,/tangrams/275_437.png,01M1PVW75JX1QRKD2FQCCBJ017,01M1PVVX5KFM5CFX55QQRWNDX8,1788549314030,NA,4
01M1PW6Y93613E9R2ZVACHTD52,01M1PVPWEJQS052PE7X7E1TZK9,training,27,2,4,48,12,6,/tangrams/275_324.png,A3,"[""/tangrams/445_437.png"",""/tangrams/81_153.png"",""/tangrams/275_324.png"",""/tangrams/4_264.png""]","[""D2"",""B4"",""A3"",""C1""]",/tangrams/275_324.png,TRUE,/tangrams/275_324.png,01M1PVVX5KFM5CFX55QQRWNDX8,01M1PVW75JX1QRKD2FQCCBJ017,1788549085220,NA,3
01M1PWJSPEQ91TT8XEED0EZDRS,01M1PVPY05YMN5QBCZG3YB2C9A,training,28,2,5,48,12,8,/tangrams/368_235.png,A3,"[""/tangrams/353_436.png"",""/tangrams/368_235.png"",""/tangrams/265_444.png"",""/tangrams/192_219.png""]","[""B1"",""A3"",""C4"",""D2""]",NA,NA,NA,NA,NA,NA,NA,3
01M1PW0X8BZQHRTFT5AKB4PFPY,01M1PVPSFBNZXW40G11YGR32M6,training,44,3,9,48,12,5,/tangrams/235_127.png,D1,"[""/tangrams/235_38.png"",""/tangrams/235_127.png"",""/tangrams/154_248.png"",""/tangrams/14_127.png""]","[""D2"",""D1"",""A3"",""B1""]",/tangrams/14_127.png,FALSE,/tangrams/14_127.png,01M1PVVNQ4AT0NRB9TK929QH2E,01M1PVTRWTPC40C0HPR8RXXWTF,1788549175270,NA,4
01M1PW1532ZAEHQ3TYM3NRCXK9,01M1PVPSFBNZXW40G11G9DGVKY,training,23,1,12,48,12,5,/tangrams/457_208.png,F4,"[""/tangrams/235_24.png"",""/tangrams/457_208.png"",""/tangrams/391_126.png"",""/tangrams/386_283.png""]","[""D4"",""F4"",""F8"",""F2""]",/tangrams/457_208.png,TRUE,/tangrams/457_208.png,01M1PVTZDZSFSRFW0Y011447D5,01M1PVVNH6WEMGKMEM2F9XPCJS,1788549172062,NA,2
01M1PW6172Z5Z6QQYC5YR9J33Y,01M1PVPWEFJ67VYTWGSHJ4XJ33,training,36,3,1,48,12,6,/tangrams/330_144.png,F6,"[""/tangrams/330_144.png"",""/tangrams/81_437.png"",""/tangrams/204_449.png"",""/tangrams/424_432.png""]","[""F6"",""B2"",""F8"",""F4""]",/tangrams/330_144.png,TRUE,/tangrams/330_144.png,01M1PVW7YQ0ZCTA6RRXWJ4B3KT,01M1PVV71QMXF31FNN88616S34,1788549874007,NA,4
01M1PWBR0CAB35TJHANJ4D1H22,01M1PVPY0135RYKX6QNWJW9HQ7,training,26,2,3,48,12,8,/tangrams/38_309.png,F5,"[""/tangrams/447_295.png"",""/tangrams/101_61.png"",""/tangrams/38_309.png"",""/tangrams/353_219.png""]","[""F7"",""F2"",""F5"",""B2""]",/tangrams/38_309.png,TRUE,/tangrams/38_309.png,01M1PVW5G591MZ9WXE41XZDX0Y,01M1PVV5BA5A9YAQJQ9SAGP2BW,1788549226850,NA,3
01M1PWGJEM1VB1AKKMEJEH6RFY,01M1PVPXF8XP3FTSCWE2SZ4KAJ,training,44,3,9,48,12,7,/tangrams/303_304.png,B3,"[""/tangrams/6_24.png"",""/tangrams/183_302.png"",""/tangrams/245_311.png"",""/tangrams/303_304.png""]","[""D1"",""C4"",""A2"",""B3""]",/tangrams/303_304.png,TRUE,/tangrams/303_304.png,01M1PW23TCTCTWR44KF0HW1TG2,01M1PVW253SKBG4X7GTPVKZWRC,1788550608514,NA,4
01M1PW2VS6TTQS5N8VCNG04B34,01M1PVPTMT2TF5TMW6DY08RG1A,training,16,1,5,48,12,5,/tangrams/154_248.png,A3,"[""/tangrams/154_248.png"",""/tangrams/60_38.png"",""/tangrams/235_127.png"",""/tangrams/14_24.png""]","[""A3"",""C2"",""D1"",""B4""]",/tangrams/154_248.png,TRUE,/tangrams/154_248.png,01M1PVVYCG3ZV9Y0QVDS434K08,01M1PVVTHSCRB56WAFX0KRCSX2,1788549394386,NA,2
01M1PWJSXAEA0B89RNZ6S9RYJG,01M1PVPY05YMN5QBCZG3YB2C9A,training,39,3,4,48,12,8,/tangrams/368_219.png,A2,"[""/tangrams/192_436.png"",""/tangrams/368_219.png"",""/tangrams/265_444.png"",""/tangrams/353_235.png""]","[""D1"",""A2"",""C4"",""B3""]",NA,NA,NA,NA,NA,NA,NA,4
01M1PW2VQ5R6BGZ0WCPJR5FYAR,01M1PVPTMT2TF5TMW6DY08RG1A,training,45,3,10,48,12,5,/tangrams/235_38.png,D2,"[""/tangrams/60_24.png"",""/tangrams/14_127.png"",""/tangrams/154_248.png"",""/tangrams/235_38.png""]","[""C4"",""B1"",""A3"",""D2""]",/tangrams/235_38.png,TRUE,/tangrams/235_38.png,01M1PVVTHSCRB56WAFX0KRCSX2,01M1PVVYCG3ZV9Y0QVDS434K08,1788549898643,NA,4
01M1PW3GTCRBWDJ67JWFV1ZDWY,01M1PVPVN58XQ8WD43NR9G03HY,training,35,2,12,48,12,6,/tangrams/81_264.png,B1,"[""/tangrams/81_324.png"",""/tangrams/4_437.png"",""/tangrams/81_264.png"",""/tangrams/445_264.png""]","[""B3"",""C2"",""B1"",""D1""]",NA,NA,NA,NA,NA,NA,NA,3
01M1PW3H04K92DMGV4T9SY2CR7,01M1PVPVN58XQ8WD43NR9G03HY,training,12,1,1,48,12,6,/tangrams/4_437.png,C2,"[""/tangrams/275_437.png"",""/tangrams/4_264.png"",""/tangrams/4_437.png"",""/tangrams/81_324.png""]","[""A2"",""C1"",""C2"",""B3""]",NA,NA,NA,NA,NA,NA,NA,2
01M1PW41HNBD8GT3FSVT66WME2,01M1PVPTMYJEMSH2D4PPK54AQC,training,40,3,5,48,12,5,/tangrams/154_127.png,A1,"[""/tangrams/154_127.png"",""/tangrams/60_248.png"",""/tangrams/321_445.png"",""/tangrams/386_283.png""]","[""A1"",""C3"",""F1"",""F2""]",/tangrams/154_127.png,TRUE,/tangrams/154_127.png,01M1PVXZCG5HBAN48J4YM7CT4J,01M1PVV1FSQ931Q08DC040FF4H,1788549575564,NA,4
01M1PW7ES9CEGX3TF6WJ8TC5EW,01M1PVPWZ7KQZN2DHXW0TTKG9P,training,19,1,8,48,12,7,/tangrams/183_304.png,C3,"[""/tangrams/183_304.png"",""/tangrams/178_230.png"",""/tangrams/245_24.png"",""/tangrams/286_225.png""]","[""C3"",""F3"",""A1"",""F6""]",/tangrams/183_304.png,TRUE,/tangrams/183_304.png,01M1PVVTM3JYE18KKXW2DCV15S,01M1PVZ3NBFP4RQAMM34F5EPHD,1788549402663,NA,2
01M1PW9D7YK6TQHCW7Q8JPZJQ4,01M1PVPXF92SZVFC9KB45KHNG3,training,24,2,1,48,12,7,/tangrams/383_160.png,F7,"[""/tangrams/383_160.png"",""/tangrams/391_404.png"",""/tangrams/35_447.png"",""/tangrams/6_302.png""]","[""F7"",""F5"",""F8"",""D4""]",/tangrams/383_160.png,TRUE,/tangrams/383_160.png,01M1PVVXW244MSV8KK7TFJHPNZ,01M1PVVBRZ3YZPYCQZYDADYMR6,1788549099187,NA,3
01M1PWGHXSRACJ8JKM3VNQB2DR,01M1PVPXF8XP3FTSCWE2SZ4KAJ,training,5,0,6,48,12,7,/tangrams/303_24.png,B1,"[""/tangrams/303_24.png"",""/tangrams/183_302.png"",""/tangrams/245_311.png"",""/tangrams/6_304.png""]","[""B1"",""C4"",""A2"",""D3""]",/tangrams/303_24.png,TRUE,/tangrams/303_24.png,01M1PVW253SKBG4X7GTPVKZWRC,01M1PW23TCTCTWR44KF0HW1TG2,1788549324178,NA,1
01M1PW0KDJZHZRABRPRFWEFWGM,01M1PVPSF9NDAT0BF7G6FNHKYQ,training,10,0,11,48,12,5,/tangrams/60_127.png,C1,"[""/tangrams/235_38.png"",""/tangrams/154_248.png"",""/tangrams/60_127.png"",""/tangrams/14_24.png""]","[""D2"",""A3"",""C1"",""B4""]",/tangrams/60_127.png,TRUE,/tangrams/60_127.png,01M1PVTRYDJNHHT05DKBKN76E5,01M1PVTG9CCCTFM1SEAAQ81WMP,1788548414086,NA,1
01M1PW1ZMH5ADN7NHZK0TWHGA3,01M1PVPTMX8QBBEQ1CAWS8Y65C,training,28,2,5,48,12,5,/tangrams/14_248.png,B3,"[""/tangrams/235_248.png"",""/tangrams/14_248.png"",""/tangrams/14_127.png"",""/tangrams/154_38.png""]","[""D3"",""B3"",""B1"",""A2""]",/tangrams/14_248.png,TRUE,/tangrams/14_248.png,01M1PVVEHT22G3NCF8EGPQWRYM,01M1PVVDJXTQ0S1H8V336MES03,1788549858483,NA,3
01M1PW2VMP837DD5X0XH3XFSRQ,01M1PVPTMT2TF5TMW6DY08RG1A,training,37,3,2,48,12,5,/tangrams/154_38.png,A2,"[""/tangrams/235_127.png"",""/tangrams/14_248.png"",""/tangrams/60_24.png"",""/tangrams/154_38.png""]","[""D1"",""B3"",""C4"",""A2""]",/tangrams/154_38.png,TRUE,/tangrams/154_38.png,01M1PVVTHSCRB56WAFX0KRCSX2,01M1PVVYCG3ZV9Y0QVDS434K08,1788549772790,NA,4
01M1PWG15M29HFRG7KEEYJP823,01M1PVPY02TEGASTZW7B0B44PE,training,41,3,6,48,12,8,/tangrams/353_436.png,B1,"[""/tangrams/192_436.png"",""/tangrams/353_436.png"",""/tangrams/353_235.png"",""/tangrams/368_444.png""]","[""D1"",""B1"",""B3"",""A4""]",/tangrams/353_436.png,TRUE,/tangrams/353_436.png,01M1PW1KKGDQJPNSP87YDPE8Y2,01M1PWAKPMFG2PF8ZD5WBT5ANA,1788551595102,NA,4
01M1PWGJ7MWJ5Z0R1B0YQRJFQY,01M1PVPXF8XP3FTSCWE2SZ4KAJ,training,26,2,3,48,12,7,/tangrams/303_304.png,B3,"[""/tangrams/183_302.png"",""/tangrams/245_311.png"",""/tangrams/303_304.png"",""/tangrams/6_24.png""]","[""C4"",""A2"",""B3"",""D1""]",/tangrams/303_304.png,TRUE,/tangrams/303_304.png,01M1PW23TCTCTWR44KF0HW1TG2,01M1PVW253SKBG4X7GTPVKZWRC,1788550081758,NA,3
01M1PW51597C0ZRNGCMM6TE274,01M1PVPVN43CJ2ZQS2FA0GJ1TX,training,25,2,2,48,12,6,/tangrams/445_153.png,D4,"[""/tangrams/399_84.png"",""/tangrams/70_426.png"",""/tangrams/275_264.png"",""/tangrams/445_153.png""]","[""F2"",""F3"",""A1"",""D4""]",/tangrams/445_153.png,TRUE,/tangrams/445_153.png,01M1PVW5BM9J57HJX5KJ260RG3,01M1PVW97TC4GVFYDVFB1SJ9WH,1788549285167,NA,3
01M1PWG1BHTAENA98N2FC7WFDK,01M1PVPY02TEGASTZW7B0B44PE,training,26,2,3,48,12,8,/tangrams/192_219.png,D2,"[""/tangrams/192_219.png"",""/tangrams/368_219.png"",""/tangrams/192_235.png"",""/tangrams/265_436.png""]","[""D2"",""A2"",""D3"",""C1""]",/tangrams/192_219.png,TRUE,/tangrams/192_219.png,01M1PWAKPMFG2PF8ZD5WBT5ANA,01M1PW1KKGDQJPNSP87YDPE8Y2,1788551086905,NA,3
01M1PW1ZKD2C0WEB3RJFKY99RN,01M1PVPTMX8QBBEQ1CAWS8Y65C,training,47,3,12,48,12,5,/tangrams/60_24.png,C4,"[""/tangrams/154_24.png"",""/tangrams/60_24.png"",""/tangrams/60_127.png"",""/tangrams/235_248.png""]","[""A4"",""C4"",""C1"",""D3""]",/tangrams/60_24.png,TRUE,/tangrams/60_24.png,01M1PVVDJXTQ0S1H8V336MES03,01M1PVVEHT22G3NCF8EGPQWRYM,1788550261456,NA,4
01M1PW6KK8N0QBH8Q1WFBKC7ZK,01M1PVPWZ82WNHXNHFM772HZSY,training,35,2,12,48,12,7,/tangrams/303_304.png,B3,"[""/tangrams/303_24.png"",""/tangrams/303_304.png"",""/tangrams/6_304.png"",""/tangrams/183_311.png""]","[""B1"",""B3"",""D3"",""C2""]",/tangrams/303_304.png,TRUE,/tangrams/303_304.png,01M1PVV2HGBFFFP8TQ2JTHYBNF,01M1PVWG3MVC1D7FV8A8CY40QY,1788550024661,NA,3
01M1PWEJV1SAX1BE33MNSW6PD2,01M1PVPXF92SZVFC9KBGN1TRXM,training,43,3,8,48,12,7,/tangrams/245_304.png,A3,"[""/tangrams/245_311.png"",""/tangrams/303_304.png"",""/tangrams/245_304.png"",""/tangrams/6_24.png""]","[""A2"",""B3"",""A3"",""D1""]",/tangrams/245_304.png,TRUE,/tangrams/245_304.png,01M1PVVCHSJDKDCMNAX28C9KTM,01M1PVZYRHDVK94JBPD96A2FVY,1788550512190,NA,4
01M1PW6KDXF8TXSW0DYN35BWPB,01M1PVPWZ82WNHXNHFM772HZSY,training,9,0,10,48,12,7,/tangrams/303_24.png,B1,"[""/tangrams/245_304.png"",""/tangrams/303_302.png"",""/tangrams/6_24.png"",""/tangrams/303_24.png""]","[""A3"",""B4"",""D1"",""B1""]",/tangrams/303_24.png,TRUE,/tangrams/303_24.png,01M1PVV2HGBFFFP8TQ2JTHYBNF,01M1PVWG3MVC1D7FV8A8CY40QY,1788549136038,NA,1
01M1PW7ES1B917TGF3QC97NKTH,01M1PVPWZ7KQZN2DHXW0TTKG9P,training,30,2,7,48,12,7,/tangrams/245_24.png,A1,"[""/tangrams/303_311.png"",""/tangrams/178_230.png"",""/tangrams/245_24.png"",""/tangrams/51_378.png""]","[""B2"",""F3"",""A1"",""F4""]",/tangrams/245_24.png,TRUE,/tangrams/245_24.png,01M1PVZ3NBFP4RQAMM34F5EPHD,01M1PVVTM3JYE18KKXW2DCV15S,1788549855211,NA,3
01M1PW156T0JX5W8GDRFZG8T24,01M1PVPSFBNZXW40G11G9DGVKY,training,20,1,9,48,12,5,/tangrams/320_326.png,F5,"[""/tangrams/321_445.png"",""/tangrams/320_326.png"",""/tangrams/337_178.png"",""/tangrams/231_230.png""]","[""F1"",""F5"",""F6"",""F7""]",/tangrams/320_326.png,TRUE,/tangrams/320_326.png,01M1PVVNH6WEMGKMEM2F9XPCJS,01M1PVTZDZSFSRFW0Y011447D5,1788549071297,NA,2
01M1PW157SBF5G4BDQ35C2TQWW,01M1PVPSFBNZXW40G11G9DGVKY,training,40,3,5,48,12,5,/tangrams/235_24.png,D4,"[""/tangrams/154_127.png"",""/tangrams/235_24.png"",""/tangrams/320_326.png"",""/tangrams/457_208.png""]","[""A1"",""D4"",""F5"",""F4""]",/tangrams/235_24.png,TRUE,/tangrams/235_24.png,01M1PVVNH6WEMGKMEM2F9XPCJS,01M1PVTZDZSFSRFW0Y011447D5,1788549643567,NA,4
01M1PW1ZF93TG65J0H2KRXH179,01M1PVPTMX8QBBEQ1CAWS8Y65C,training,10,0,11,48,12,5,/tangrams/235_38.png,D2,"[""/tangrams/235_248.png"",""/tangrams/14_127.png"",""/tangrams/60_38.png"",""/tangrams/235_38.png""]","[""D3"",""B1"",""C2"",""D2""]",/tangrams/235_38.png,TRUE,/tangrams/235_38.png,01M1PVVEHT22G3NCF8EGPQWRYM,01M1PVVDJXTQ0S1H8V336MES03,1788549264828,NA,1
01M1PW3GW0GQNEZ3H83ZDMTGZB,01M1PVPVN58XQ8WD43NR9G03HY,training,24,2,1,48,12,6,/tangrams/275_437.png,A2,"[""/tangrams/81_264.png"",""/tangrams/4_437.png"",""/tangrams/275_437.png"",""/tangrams/275_324.png""]","[""B1"",""C2"",""A2"",""A3""]",NA,NA,NA,NA,NA,NA,NA,3
01M1PW7ETFN0T5WCNGE55Y5YW3,01M1PVPWZ7KQZN2DHXW0TTKG9P,training,14,1,3,48,12,7,/tangrams/178_230.png,F3,"[""/tangrams/6_302.png"",""/tangrams/245_24.png"",""/tangrams/303_311.png"",""/tangrams/178_230.png""]","[""D4"",""A1"",""B2"",""F3""]",/tangrams/178_230.png,TRUE,/tangrams/178_230.png,01M1PVZ3NBFP4RQAMM34F5EPHD,01M1PVVTM3JYE18KKXW2DCV15S,1788549170804,NA,2
01M1PWG1CT13WTPP5DWPN4XBS2,01M1PVPY02TEGASTZW7B0B44PE,training,23,1,12,48,12,8,/tangrams/192_436.png,D1,"[""/tangrams/265_436.png"",""/tangrams/192_436.png"",""/tangrams/192_235.png"",""/tangrams/353_444.png""]","[""C1"",""D1"",""D3"",""B4""]",/tangrams/192_436.png,TRUE,/tangrams/192_436.png,01M1PW1KKGDQJPNSP87YDPE8Y2,01M1PWAKPMFG2PF8ZD5WBT5ANA,1788550974325,NA,2
01M1PW152KHFPXM04N8JQAKH3N,01M1PVPSFBNZXW40G11G9DGVKY,training,12,1,1,48,12,5,/tangrams/391_126.png,F8,"[""/tangrams/14_38.png"",""/tangrams/457_208.png"",""/tangrams/235_24.png"",""/tangrams/391_126.png""]","[""B2"",""F4"",""D4"",""F8""]",/tangrams/391_126.png,TRUE,/tangrams/391_126.png,01M1PVVNH6WEMGKMEM2F9XPCJS,01M1PVTZDZSFSRFW0Y011447D5,1788548815417,NA,2
01M1PW2VSD4VRPSWMFJQ7446FR,01M1PVPTMT2TF5TMW6DY08RG1A,training,15,1,4,48,12,5,/tangrams/14_248.png,B3,"[""/tangrams/154_24.png"",""/tangrams/235_127.png"",""/tangrams/14_248.png"",""/tangrams/60_38.png""]","[""A4"",""D1"",""B3"",""C2""]",/tangrams/14_248.png,TRUE,/tangrams/14_248.png,01M1PVVTHSCRB56WAFX0KRCSX2,01M1PVVYCG3ZV9Y0QVDS434K08,1788549379725,NA,2
01M1PW3TAZ3RTA6PATVH574Q7B,01M1PVPVN19AKJQXAJWG447XT1,training,19,1,8,48,12,6,/tangrams/4_437.png,C2,"[""/tangrams/4_437.png"",""/tangrams/445_324.png"",""/tangrams/275_153.png"",""/tangrams/81_264.png""]","[""C2"",""D3"",""A4"",""B1""]",/tangrams/4_437.png,TRUE,/tangrams/4_437.png,01M1PVV4T08CWVFCAHVD9FMRR2,01M1PVVZD69SDYBBAB5MDTZSCB,1788549344410,NA,2
01M1PWJT1GYJECBXS5KBJ65QF4,01M1PVPY05YMN5QBCZG3YB2C9A,training,47,3,12,48,12,8,/tangrams/368_444.png,A4,"[""/tangrams/368_444.png"",""/tangrams/265_219.png"",""/tangrams/353_436.png"",""/tangrams/192_235.png""]","[""A4"",""C2"",""B1"",""D3""]",NA,NA,NA,NA,NA,NA,NA,4
01M1PW155N0XCVVB70C2A0ZKB7,01M1PVPSFBNZXW40G11G9DGVKY,training,15,1,4,48,12,5,/tangrams/235_24.png,D4,"[""/tangrams/386_283.png"",""/tangrams/14_38.png"",""/tangrams/235_24.png"",""/tangrams/411_421.png""]","[""F2"",""B2"",""D4"",""F3""]",/tangrams/235_24.png,TRUE,/tangrams/235_24.png,01M1PVTZDZSFSRFW0Y011447D5,01M1PVVNH6WEMGKMEM2F9XPCJS,1788548901448,NA,2
01M1PWBR9DXY8WHHGTDX8GKGHC,01M1PVPY0135RYKX6QNWJW9HQ7,training,43,3,8,48,12,8,/tangrams/368_436.png,A1,"[""/tangrams/101_61.png"",""/tangrams/277_238.png"",""/tangrams/265_235.png"",""/tangrams/368_436.png""]","[""F2"",""F8"",""C3"",""A1""]",/tangrams/368_436.png,TRUE,/tangrams/368_436.png,01M1PVV5BA5A9YAQJQ9SAGP2BW,01M1PVW5G591MZ9WXE41XZDX0Y,1788549590409,NA,4
01M1PWEJ628459QEKH5Q0RNM4Z,01M1PVPXF92SZVFC9KBGN1TRXM,training,1,0,2,48,12,7,/tangrams/183_24.png,C1,"[""/tangrams/245_304.png"",""/tangrams/183_24.png"",""/tangrams/183_302.png"",""/tangrams/303_24.png""]","[""A3"",""C1"",""C4"",""B1""]",/tangrams/183_24.png,TRUE,/tangrams/183_24.png,01M1PVVCHSJDKDCMNAX28C9KTM,01M1PVZYRHDVK94JBPD96A2FVY,1788548944221,NA,1
01M1PW1ZEDQMWHZFQ7GY8E1QQP,01M1PVPTMX8QBBEQ1CAWS8Y65C,training,34,2,11,48,12,5,/tangrams/235_38.png,D2,"[""/tangrams/235_38.png"",""/tangrams/235_127.png"",""/tangrams/154_24.png"",""/tangrams/60_38.png""]","[""D2"",""D1"",""A4"",""C2""]",/tangrams/235_38.png,TRUE,/tangrams/235_38.png,01M1PVVEHT22G3NCF8EGPQWRYM,01M1PVVDJXTQ0S1H8V336MES03,1788549974235,NA,3
01M1PW5R4GCEY3D6ZG5AD2ZD9S,01M1PVPWEGF3RQQ2BZJMHJW5WT,training,20,1,9,48,12,6,/tangrams/445_324.png,D3,"[""/tangrams/81_324.png"",""/tangrams/445_264.png"",""/tangrams/445_324.png"",""/tangrams/275_437.png""]","[""B3"",""D1"",""D3"",""A2""]",/tangrams/445_324.png,TRUE,/tangrams/445_324.png,01M1PVZMF178XCTABPVTWNQQ3Q,01M1PVV9N1B5JSVGVHP53ND1FH,1788549653187,NA,2
01M1PW8ZY9HJT9S1HDK3Y8XK4K,01M1PVPWZ383HA8RRK2RFSW236,training,3,0,4,48,12,7,/tangrams/6_311.png,D2,"[""/tangrams/303_302.png"",""/tangrams/183_24.png"",""/tangrams/245_304.png"",""/tangrams/6_311.png""]","[""B4"",""C1"",""A3"",""D2""]",/tangrams/6_311.png,TRUE,/tangrams/6_311.png,01M1PVVZ2PG17JJTAZWDXWW3JQ,01M1PW2K6B8GZQ5Z02B5Q0TB2A,1788549393158,NA,1
01M1PWBR9TGP6Z61W1JPH1RFPV,01M1PVPY0135RYKX6QNWJW9HQ7,training,42,3,7,48,12,8,/tangrams/194_445.png,F3,"[""/tangrams/194_445.png"",""/tangrams/38_309.png"",""/tangrams/311_205.png"",""/tangrams/447_295.png""]","[""F3"",""F5"",""F4"",""F7""]",/tangrams/194_445.png,TRUE,/tangrams/194_445.png,01M1PVW5G591MZ9WXE41XZDX0Y,01M1PVV5BA5A9YAQJQ9SAGP2BW,1788549569900,NA,4
01M1PW614FEHG87WCK231XVJR0,01M1PVPWEFJ67VYTWGSHJ4XJ33,training,24,2,1,48,12,6,/tangrams/275_264.png,A1,"[""/tangrams/81_437.png"",""/tangrams/275_264.png"",""/tangrams/222_36.png"",""/tangrams/4_324.png""]","[""B2"",""A1"",""F7"",""C3""]",/tangrams/275_264.png,TRUE,/tangrams/275_264.png,01M1PVW7YQ0ZCTA6RRXWJ4B3KT,01M1PVV71QMXF31FNN88616S34,1788549479786,NA,3
01M1PW6KDNX035SR2QGMRPA1XT,01M1PVPWZ82WNHXNHFM772HZSY,training,10,0,11,48,12,7,/tangrams/6_304.png,D3,"[""/tangrams/183_24.png"",""/tangrams/6_304.png"",""/tangrams/6_311.png"",""/tangrams/303_304.png""]","[""C1"",""D3"",""D2"",""B3""]",/tangrams/6_304.png,TRUE,/tangrams/6_304.png,01M1PVWG3MVC1D7FV8A8CY40QY,01M1PVV2HGBFFFP8TQ2JTHYBNF,1788549185572,NA,1
01M1PW0KJXDETK5GXANRWZGSSK,01M1PVPSF9NDAT0BF7G6FNHKYQ,training,26,2,3,48,12,5,/tangrams/14_24.png,B4,"[""/tangrams/235_38.png"",""/tangrams/60_127.png"",""/tangrams/154_248.png"",""/tangrams/14_24.png""]","[""D2"",""C1"",""A3"",""B4""]",/tangrams/14_24.png,TRUE,/tangrams/14_24.png,01M1PVTRYDJNHHT05DKBKN76E5,01M1PVTG9CCCTFM1SEAAQ81WMP,1788548866828,NA,3
01M1PW1ZDYC2TBHBVPPTRRKGKX,01M1PVPTMX8QBBEQ1CAWS8Y65C,training,42,3,7,48,12,5,/tangrams/235_38.png,D2,"[""/tangrams/14_24.png"",""/tangrams/154_38.png"",""/tangrams/235_38.png"",""/tangrams/235_248.png""]","[""B4"",""A2"",""D2"",""D3""]",/tangrams/235_38.png,TRUE,/tangrams/235_38.png,01M1PVVEHT22G3NCF8EGPQWRYM,01M1PVVDJXTQ0S1H8V336MES03,1788550147755,NA,4
01M1PW0KNV1J2FXGPFQNY1H2WS,01M1PVPSF9NDAT0BF7G6FNHKYQ,training,30,2,7,48,12,5,/tangrams/60_38.png,C2,"[""/tangrams/60_38.png"",""/tangrams/14_248.png"",""/tangrams/235_127.png"",""/tangrams/154_24.png""]","[""C2"",""B3"",""D1"",""A4""]",/tangrams/60_38.png,TRUE,/tangrams/60_38.png,01M1PVTRYDJNHHT05DKBKN76E5,01M1PVTG9CCCTFM1SEAAQ81WMP,1788548943579,NA,3
01M1PW3GY8Q4R9D0E9DDZVY3FK,01M1PVPVN58XQ8WD43NR9G03HY,training,18,1,7,48,12,6,/tangrams/4_153.png,C4,"[""/tangrams/4_437.png"",""/tangrams/275_153.png"",""/tangrams/4_153.png"",""/tangrams/81_324.png""]","[""C2"",""A4"",""C4"",""B3""]",NA,NA,NA,NA,NA,NA,NA,2
01M1PW615MQZ4TJAHZKWKGZG4X,01M1PVPWEFJ67VYTWGSHJ4XJ33,training,29,2,6,48,12,6,/tangrams/330_144.png,F6,"[""/tangrams/275_264.png"",""/tangrams/4_324.png"",""/tangrams/330_144.png"",""/tangrams/222_36.png""]","[""A1"",""C3"",""F6"",""F7""]",/tangrams/222_36.png,FALSE,/tangrams/222_36.png,01M1PVV71QMXF31FNN88616S34,01M1PVW7YQ0ZCTA6RRXWJ4B3KT,1788549677836,NA,3
01M1PWGJDFABRGGFMV3ZP6MRXT,01M1PVPXF8XP3FTSCWE2SZ4KAJ,training,41,3,6,48,12,7,/tangrams/6_24.png,D1,"[""/tangrams/6_24.png"",""/tangrams/245_311.png"",""/tangrams/183_302.png"",""/tangrams/303_304.png""]","[""D1"",""A2"",""C4"",""B3""]",/tangrams/6_24.png,TRUE,/tangrams/6_24.png,01M1PVW253SKBG4X7GTPVKZWRC,01M1PW23TCTCTWR44KF0HW1TG2,1788550508326,NA,4
01M1PW1ZGVGDQA54N159EBYQTB,01M1PVPTMX8QBBEQ1CAWS8Y65C,training,7,0,8,48,12,5,/tangrams/60_38.png,C2,"[""/tangrams/60_127.png"",""/tangrams/14_24.png"",""/tangrams/60_38.png"",""/tangrams/235_38.png""]","[""C1"",""B4"",""C2"",""D2""]",/tangrams/60_38.png,TRUE,/tangrams/60_38.png,01M1PVVDJXTQ0S1H8V336MES03,01M1PVVEHT22G3NCF8EGPQWRYM,1788549143300,NA,1
01M1PW41G5MDWWWTVWRKDMC2NV,01M1PVPTMYJEMSH2D4PPK54AQC,training,25,2,2,48,12,5,/tangrams/320_326.png,F5,"[""/tangrams/411_421.png"",""/tangrams/320_326.png"",""/tangrams/386_283.png"",""/tangrams/391_126.png""]","[""F3"",""F5"",""F2"",""F8""]",/tangrams/320_326.png,TRUE,/tangrams/320_326.png,01M1PVV1FSQ931Q08DC040FF4H,01M1PVXZCG5HBAN48J4YM7CT4J,1788549185379,NA,3
01M1PW41EH8X47PTJA3C7TPM9Y,01M1PVPTMYJEMSH2D4PPK54AQC,training,5,0,6,48,12,5,/tangrams/60_248.png,C3,"[""/tangrams/337_178.png"",""/tangrams/60_248.png"",""/tangrams/391_126.png"",""/tangrams/411_421.png""]","[""F6"",""C3"",""F8"",""F3""]",/tangrams/60_248.png,TRUE,/tangrams/60_248.png,01M1PVV1FSQ931Q08DC040FF4H,01M1PVXZCG5HBAN48J4YM7CT4J,1788548519540,NA,1
01M1PW6KEJZMW9Q9VGKYY0GX9F,01M1PVPWZ82WNHXNHFM772HZSY,training,6,0,7,48,12,7,/tangrams/6_311.png,D2,"[""/tangrams/6_311.png"",""/tangrams/6_24.png"",""/tangrams/245_311.png"",""/tangrams/303_302.png""]","[""D2"",""D1"",""A2"",""B4""]",/tangrams/6_311.png,TRUE,/tangrams/6_311.png,01M1PVWG3MVC1D7FV8A8CY40QY,01M1PVV2HGBFFFP8TQ2JTHYBNF,1788548982086,NA,1
01M1PWEJD0Z6HQSVMS1TNJZS9Z,01M1PVPXF92SZVFC9KBGN1TRXM,training,32,2,9,48,12,7,/tangrams/245_311.png,A2,"[""/tangrams/245_304.png"",""/tangrams/183_311.png"",""/tangrams/245_311.png"",""/tangrams/303_302.png""]","[""A3"",""C2"",""A2"",""B4""]",/tangrams/245_311.png,TRUE,/tangrams/245_311.png,01M1PVZYRHDVK94JBPD96A2FVY,01M1PVVCHSJDKDCMNAX28C9KTM,1788550190231,NA,3
01M1PW1ZEJ3SEB5MASXAS8Y3XX,01M1PVPTMX8QBBEQ1CAWS8Y65C,training,36,3,1,48,12,5,/tangrams/14_127.png,B1,"[""/tangrams/154_248.png"",""/tangrams/14_127.png"",""/tangrams/14_24.png"",""/tangrams/60_127.png""]","[""A3"",""B1"",""B4"",""C1""]",/tangrams/14_127.png,TRUE,/tangrams/14_127.png,01M1PVVEHT22G3NCF8EGPQWRYM,01M1PVVDJXTQ0S1H8V336MES03,1788550024411,NA,4
01M1PW0KDDRK2ZQ630E31KGFGZ,01M1PVPSF9NDAT0BF7G6FNHKYQ,training,13,1,2,48,12,5,/tangrams/154_24.png,A4,"[""/tangrams/235_248.png"",""/tangrams/60_38.png"",""/tangrams/154_24.png"",""/tangrams/14_127.png""]","[""D3"",""C2"",""A4"",""B1""]",/tangrams/154_24.png,TRUE,/tangrams/154_24.png,01M1PVTG9CCCTFM1SEAAQ81WMP,01M1PVTRYDJNHHT05DKBKN76E5,1788548501757,NA,2
01M1PW0X8T333PBKZSXC0BP6A2,01M1PVPSFBNZXW40G11YGR32M6,training,24,2,1,48,12,5,/tangrams/154_38.png,A2,"[""/tangrams/235_38.png"",""/tangrams/154_24.png"",""/tangrams/154_38.png"",""/tangrams/14_248.png""]","[""D2"",""A4"",""A2"",""B3""]",/tangrams/154_38.png,TRUE,/tangrams/154_38.png,01M1PVVNQ4AT0NRB9TK929QH2E,01M1PVTRWTPC40C0HPR8RXXWTF,1788548844425,NA,3
01M1PW1540MVN25JZ5X1FDH0WM,01M1PVPSFBNZXW40G11G9DGVKY,training,7,0,8,48,12,5,/tangrams/457_208.png,F4,"[""/tangrams/154_127.png"",""/tangrams/386_283.png"",""/tangrams/411_421.png"",""/tangrams/457_208.png""]","[""A1"",""F2"",""F3"",""F4""]",/tangrams/457_208.png,TRUE,/tangrams/457_208.png,01M1PVTZDZSFSRFW0Y011447D5,01M1PVVNH6WEMGKMEM2F9XPCJS,1788548600991,NA,1
01M1PW3H2NW07CVDW0VGTZG0DW,01M1PVPVN58XQ8WD43NR9G03HY,training,1,0,2,48,12,6,/tangrams/4_264.png,C1,"[""/tangrams/81_264.png"",""/tangrams/4_264.png"",""/tangrams/445_324.png"",""/tangrams/4_153.png""]","[""B1"",""C1"",""D3"",""C4""]",NA,FALSE,NA,01M1PVY5V93JDTFCY85HPV0HXQ,01M1PVZR164ZTSKRVMJWDDBWRY,NA,NA,1
01M1PW41GYN8MVAX0NET70HK1W,01M1PVPTMYJEMSH2D4PPK54AQC,training,36,3,1,48,12,5,/tangrams/411_421.png,F3,"[""/tangrams/235_24.png"",""/tangrams/60_248.png"",""/tangrams/231_230.png"",""/tangrams/411_421.png""]","[""D4"",""C3"",""F7"",""F3""]",/tangrams/411_421.png,TRUE,/tangrams/411_421.png,01M1PVXZCG5HBAN48J4YM7CT4J,01M1PVV1FSQ931Q08DC040FF4H,1788549485522,NA,4
01M1PW8ZPWP45F401K2W5K415X,01M1PVPWZ383HA8RRK2RFSW236,training,45,3,10,48,12,7,/tangrams/245_302.png,A4,"[""/tangrams/6_304.png"",""/tangrams/183_311.png"",""/tangrams/303_24.png"",""/tangrams/245_302.png""]","[""D3"",""C2"",""B1"",""A4""]",/tangrams/245_302.png,TRUE,/tangrams/245_302.png,01M1PVVZ2PG17JJTAZWDXWW3JQ,01M1PW2K6B8GZQ5Z02B5Q0TB2A,1788550630683,NA,4
01M1PW6YAJH9M80TDFMR04PF0A,01M1PVPWEJQS052PE7X7E1TZK9,training,33,2,10,48,12,6,/tangrams/81_153.png,B4,"[""/tangrams/445_264.png"",""/tangrams/275_324.png"",""/tangrams/81_153.png"",""/tangrams/4_437.png""]","[""D1"",""A3"",""B4"",""C2""]",/tangrams/81_153.png,TRUE,/tangrams/81_153.png,01M1PVVX5KFM5CFX55QQRWNDX8,01M1PVW75JX1QRKD2FQCCBJ017,1788549173612,NA,3
01M1PW6YD4WRQJWCKNV17H9MG4,01M1PVPWEJQS052PE7X7E1TZK9,training,38,3,3,48,12,6,/tangrams/275_153.png,A4,"[""/tangrams/81_324.png"",""/tangrams/4_264.png"",""/tangrams/445_437.png"",""/tangrams/275_153.png""]","[""B3"",""C1"",""D2"",""A4""]",/tangrams/275_153.png,TRUE,/tangrams/275_153.png,01M1PVW75JX1QRKD2FQCCBJ017,01M1PVVX5KFM5CFX55QQRWNDX8,1788549243342,NA,4
01M1PW8ZCD0V9P2E0X8GEA02PY,01M1PVPWZ383HA8RRK2RFSW236,training,14,1,3,48,12,7,/tangrams/6_304.png,D3,"[""/tangrams/303_302.png"",""/tangrams/183_24.png"",""/tangrams/6_304.png"",""/tangrams/245_311.png""]","[""B4"",""C1"",""D3"",""A2""]",/tangrams/245_311.png,FALSE,/tangrams/245_311.png,01M1PW2K6B8GZQ5Z02B5Q0TB2A,01M1PVVZ2PG17JJTAZWDXWW3JQ,1788549784394,NA,2
01M1PW8ZTPH8YEV999HHYAWGBV,01M1PVPWZ383HA8RRK2RFSW236,training,12,1,1,48,12,7,/tangrams/303_304.png,B3,"[""/tangrams/183_24.png"",""/tangrams/245_302.png"",""/tangrams/303_304.png"",""/tangrams/6_311.png""]","[""C1"",""A4"",""B3"",""D2""]",/tangrams/245_302.png,FALSE,/tangrams/245_302.png,01M1PW2K6B8GZQ5Z02B5Q0TB2A,01M1PVVZ2PG17JJTAZWDXWW3JQ,1788549702708,NA,2
01M1PWGJ4M5EGTFY3E193MQC42,01M1PVPXF8XP3FTSCWE2SZ4KAJ,training,20,1,9,48,12,7,/tangrams/183_311.png,C2,"[""/tangrams/183_311.png"",""/tangrams/6_304.png"",""/tangrams/303_24.png"",""/tangrams/245_302.png""]","[""C2"",""D3"",""B1"",""A4""]",/tangrams/183_311.png,TRUE,/tangrams/183_311.png,01M1PW23TCTCTWR44KF0HW1TG2,01M1PVW253SKBG4X7GTPVKZWRC,1788549870091,NA,2
01M1PWJT0NZYAYWC8ENRWR4M25,01M1PVPY05YMN5QBCZG3YB2C9A,training,45,3,10,48,12,8,/tangrams/353_444.png,B4,"[""/tangrams/353_444.png"",""/tangrams/368_235.png"",""/tangrams/192_436.png"",""/tangrams/265_219.png""]","[""B4"",""A3"",""D1"",""C2""]",NA,NA,NA,NA,NA,NA,NA,4
01M1PW3GSEY96C1D5AQAGFT5Z0,01M1PVPVN58XQ8WD43NR9G03HY,training,39,3,4,48,12,6,/tangrams/4_264.png,C1,"[""/tangrams/4_153.png"",""/tangrams/81_264.png"",""/tangrams/4_264.png"",""/tangrams/445_437.png""]","[""C4"",""B1"",""C1"",""D2""]",NA,NA,NA,NA,NA,NA,NA,4
01M1PW3T6VYDWVHAXV10ESD8NV,01M1PVPVN19AKJQXAJWG447XT1,training,1,0,2,48,12,6,/tangrams/4_264.png,C1,"[""/tangrams/275_324.png"",""/tangrams/81_153.png"",""/tangrams/445_437.png"",""/tangrams/4_264.png""]","[""A3"",""B4"",""D2"",""C1""]",/tangrams/4_264.png,TRUE,/tangrams/4_264.png,01M1PVV4T08CWVFCAHVD9FMRR2,01M1PVVZD69SDYBBAB5MDTZSCB,1788548810575,NA,1
01M1PW6Y3P5FXPVJ112XXR5MMF,01M1PVPWEJQS052PE7X7E1TZK9,training,13,1,2,48,12,6,/tangrams/81_264.png,B1,"[""/tangrams/275_324.png"",""/tangrams/4_153.png"",""/tangrams/81_264.png"",""/tangrams/445_437.png""]","[""A3"",""C4"",""B1"",""D2""]",/tangrams/81_264.png,TRUE,/tangrams/81_264.png,01M1PVVX5KFM5CFX55QQRWNDX8,01M1PVW75JX1QRKD2FQCCBJ017,1788548856523,NA,2
01M1PWJSBJV0F8NZDD24ZBAAC9,01M1PVPY05YMN5QBCZG3YB2C9A,training,1,0,2,48,12,8,/tangrams/353_444.png,B4,"[""/tangrams/368_235.png"",""/tangrams/353_444.png"",""/tangrams/192_219.png"",""/tangrams/265_436.png""]","[""A3"",""B4"",""D2"",""C1""]",NA,FALSE,NA,01M1PW6E4667Y67QGT0X6HJCYF,01M1PWD5NE4VVV7NW46K2R05YS,NA,NA,1
01M1PW8ZJ7Q9XEQ7AVVQY325XX,01M1PVPWZ383HA8RRK2RFSW236,training,32,2,9,48,12,7,/tangrams/6_311.png,D2,"[""/tangrams/245_302.png"",""/tangrams/303_304.png"",""/tangrams/6_311.png"",""/tangrams/183_24.png""]","[""A4"",""B3"",""D2"",""C1""]",/tangrams/6_311.png,TRUE,/tangrams/6_311.png,01M1PW2K6B8GZQ5Z02B5Q0TB2A,01M1PVVZ2PG17JJTAZWDXWW3JQ,1788550375490,NA,3
01M1PW0KDWP0326QSX0EP5025J,01M1PVPSF9NDAT0BF7G6FNHKYQ,training,7,0,8,48,12,5,/tangrams/14_248.png,B3,"[""/tangrams/60_24.png"",""/tangrams/14_248.png"",""/tangrams/154_38.png"",""/tangrams/235_127.png""]","[""C4"",""B3"",""A2"",""D1""]",/tangrams/60_24.png,FALSE,/tangrams/60_24.png,01M1PVTG9CCCTFM1SEAAQ81WMP,01M1PVTRYDJNHHT05DKBKN76E5,1788548331655,NA,1
01M1PW41B9ZC6S53BY9MN0HEA5,01M1PVPTMYJEMSH2D4PPK54AQC,training,21,1,10,48,12,5,/tangrams/60_248.png,C3,"[""/tangrams/60_248.png"",""/tangrams/235_24.png"",""/tangrams/231_230.png"",""/tangrams/320_326.png""]","[""C3"",""D4"",""F7"",""F5""]",/tangrams/60_248.png,TRUE,/tangrams/60_248.png,01M1PVV1FSQ931Q08DC040FF4H,01M1PVXZCG5HBAN48J4YM7CT4J,1788549063394,NA,2
01M1PW7F4QW0KF5KJ8JEZG37B5,01M1PVPWZ7KQZN2DHXW0TTKG9P,training,13,1,2,48,12,7,/tangrams/35_447.png,F8,"[""/tangrams/245_24.png"",""/tangrams/183_304.png"",""/tangrams/35_447.png"",""/tangrams/178_230.png""]","[""A1"",""C3"",""F8"",""F3""]",/tangrams/35_447.png,TRUE,/tangrams/35_447.png,01M1PVVTM3JYE18KKXW2DCV15S,01M1PVZ3NBFP4RQAMM34F5EPHD,1788549136550,NA,2
01M1PW3T77Y0DWJPRKCW1X4D7E,01M1PVPVN19AKJQXAJWG447XT1,training,4,0,5,48,12,6,/tangrams/81_324.png,B3,"[""/tangrams/81_324.png"",""/tangrams/445_264.png"",""/tangrams/4_437.png"",""/tangrams/275_153.png""]","[""B3"",""D1"",""C2"",""A4""]",/tangrams/81_324.png,TRUE,/tangrams/81_324.png,01M1PVVZD69SDYBBAB5MDTZSCB,01M1PVV4T08CWVFCAHVD9FMRR2,1788548900683,NA,1
01M1PW6XZK6EMN5QCF6DT1QHRC,01M1PVPWEJQS052PE7X7E1TZK9,training,7,0,8,48,12,6,/tangrams/81_324.png,B3,"[""/tangrams/4_153.png"",""/tangrams/81_324.png"",""/tangrams/275_437.png"",""/tangrams/445_264.png""]","[""C4"",""B3"",""A2"",""D1""]",/tangrams/81_324.png,TRUE,/tangrams/81_324.png,01M1PVVX5KFM5CFX55QQRWNDX8,01M1PVW75JX1QRKD2FQCCBJ017,1788548740859,NA,1
01M1PW0X8FRFSHZ2JG4TASGMY4,01M1PVPSFBNZXW40G11YGR32M6,training,43,3,8,48,12,5,/tangrams/14_127.png,B1,"[""/tangrams/14_24.png"",""/tangrams/14_127.png"",""/tangrams/60_127.png"",""/tangrams/154_248.png""]","[""B4"",""B1"",""C1"",""A3""]",/tangrams/14_127.png,TRUE,/tangrams/14_127.png,01M1PVTRWTPC40C0HPR8RXXWTF,01M1PVVNQ4AT0NRB9TK929QH2E,1788549161592,NA,4
01M1PW2VMCGK4DHAGZ891YH723,01M1PVPTMT2TF5TMW6DY08RG1A,training,40,3,5,48,12,5,/tangrams/14_127.png,B1,"[""/tangrams/235_248.png"",""/tangrams/154_24.png"",""/tangrams/14_127.png"",""/tangrams/60_38.png""]","[""D3"",""A4"",""B1"",""C2""]",/tangrams/14_127.png,TRUE,/tangrams/14_127.png,01M1PVVYCG3ZV9Y0QVDS434K08,01M1PVVTHSCRB56WAFX0KRCSX2,1788549824191,NA,4
01M1PW50T850RNRSJNG9V17XW6,01M1PVPVN43CJ2ZQS2FA0GJ1TX,training,42,3,7,48,12,6,/tangrams/275_264.png,A1,"[""/tangrams/445_153.png"",""/tangrams/4_324.png"",""/tangrams/275_264.png"",""/tangrams/424_432.png""]","[""D4"",""C3"",""A1"",""F4""]",/tangrams/275_264.png,TRUE,/tangrams/275_264.png,01M1PVW97TC4GVFYDVFB1SJ9WH,01M1PVW5BM9J57HJX5KJ260RG3,1788549797197,NA,4
01M1PW50V4MCX9ESXQ2Z1QEG1Q,01M1PVPVN43CJ2ZQS2FA0GJ1TX,training,13,1,2,48,12,6,/tangrams/384_354.png,F1,"[""/tangrams/70_426.png"",""/tangrams/81_437.png"",""/tangrams/222_36.png"",""/tangrams/384_354.png""]","[""F3"",""B2"",""F7"",""F1""]",/tangrams/384_354.png,TRUE,/tangrams/384_354.png,01M1PVW5BM9J57HJX5KJ260RG3,01M1PVW97TC4GVFYDVFB1SJ9WH,1788548815921,NA,2
01M1PW5R3VCZSV3G4X587T9WBF,01M1PVPWEGF3RQQ2BZJMHJW5WT,training,17,1,6,48,12,6,/tangrams/81_324.png,B3,"[""/tangrams/4_437.png"",""/tangrams/81_264.png"",""/tangrams/81_324.png"",""/tangrams/445_324.png""]","[""C2"",""B1"",""B3"",""D3""]",/tangrams/81_324.png,TRUE,/tangrams/81_324.png,01M1PVV9N1B5JSVGVHP53ND1FH,01M1PVZMF178XCTABPVTWNQQ3Q,1788549552147,NA,2
01M1PW8ZKN3WR726NJM3XB8NPG,01M1PVPWZ383HA8RRK2RFSW236,training,28,2,5,48,12,7,/tangrams/245_311.png,A2,"[""/tangrams/6_304.png"",""/tangrams/245_311.png"",""/tangrams/183_24.png"",""/tangrams/303_302.png""]","[""D3"",""A2"",""C1"",""B4""]",/tangrams/245_311.png,TRUE,/tangrams/245_311.png,01M1PW2K6B8GZQ5Z02B5Q0TB2A,01M1PVVZ2PG17JJTAZWDXWW3JQ,1788550241206,NA,3
01M1PW50TK87G32SA7WN696FBJ,01M1PVPVN43CJ2ZQS2FA0GJ1TX,training,40,3,5,48,12,6,/tangrams/384_354.png,F1,"[""/tangrams/445_153.png"",""/tangrams/81_437.png"",""/tangrams/384_354.png"",""/tangrams/399_84.png""]","[""D4"",""B2"",""F1"",""F2""]",/tangrams/384_354.png,TRUE,/tangrams/384_354.png,01M1PVW97TC4GVFYDVFB1SJ9WH,01M1PVW5BM9J57HJX5KJ260RG3,1788549757756,NA,4
01M1PW9CTHFQXW7RKJ1FNKZKE7,01M1PVPXF92SZVFC9KB45KHNG3,training,5,0,6,48,12,7,/tangrams/51_378.png,F4,"[""/tangrams/286_225.png"",""/tangrams/51_378.png"",""/tangrams/383_160.png"",""/tangrams/245_24.png""]","[""F6"",""F4"",""F7"",""A1""]",/tangrams/51_378.png,TRUE,/tangrams/51_378.png,01M1PVVBRZ3YZPYCQZYDADYMR6,01M1PVVXW244MSV8KK7TFJHPNZ,1788548652619,NA,1
01M1PWGJDVM59NX9AR7PZ7XACS,01M1PVPXF8XP3FTSCWE2SZ4KAJ,training,42,3,7,48,12,7,/tangrams/6_304.png,D3,"[""/tangrams/6_304.png"",""/tangrams/245_311.png"",""/tangrams/183_302.png"",""/tangrams/303_24.png""]","[""D3"",""A2"",""C4"",""B1""]",/tangrams/6_304.png,TRUE,/tangrams/6_304.png,01M1PW23TCTCTWR44KF0HW1TG2,01M1PVW253SKBG4X7GTPVKZWRC,1788550552423,NA,4
01M1PW3GVRJB9FKEYG033MN318,01M1PVPVN58XQ8WD43NR9G03HY,training,25,2,2,48,12,6,/tangrams/275_324.png,A3,"[""/tangrams/275_437.png"",""/tangrams/275_324.png"",""/tangrams/81_264.png"",""/tangrams/445_324.png""]","[""A2"",""A3"",""B1"",""D3""]",NA,NA,NA,NA,NA,NA,NA,3
01M1PW8ZS0J8MA1E3YDMRYJN4V,01M1PVPWZ383HA8RRK2RFSW236,training,18,1,7,48,12,7,/tangrams/245_311.png,A2,"[""/tangrams/245_311.png"",""/tangrams/303_304.png"",""/tangrams/6_24.png"",""/tangrams/183_302.png""]","[""A2"",""B3"",""D1"",""C4""]",/tangrams/245_311.png,TRUE,/tangrams/245_311.png,01M1PW2K6B8GZQ5Z02B5Q0TB2A,01M1PVVZ2PG17JJTAZWDXWW3JQ,1788549915547,NA,2
01M1PW9D6ASYMK061E4AGTAZNY,01M1PVPXF92SZVFC9KB45KHNG3,training,19,1,8,48,12,7,/tangrams/245_24.png,A1,"[""/tangrams/6_302.png"",""/tangrams/183_304.png"",""/tangrams/245_24.png"",""/tangrams/391_404.png""]","[""D4"",""C3"",""A1"",""F5""]",/tangrams/245_24.png,TRUE,/tangrams/245_24.png,01M1PVVBRZ3YZPYCQZYDADYMR6,01M1PVVXW244MSV8KK7TFJHPNZ,1788548994732,NA,2
01M1PWEJH70ZVYJJ8PQZZFZZHH,01M1PVPXF92SZVFC9KBGN1TRXM,training,14,1,3,48,12,7,/tangrams/6_311.png,D2,"[""/tangrams/6_311.png"",""/tangrams/183_311.png"",""/tangrams/6_304.png"",""/tangrams/303_302.png""]","[""D2"",""C2"",""D3"",""B4""]",/tangrams/6_311.png,TRUE,/tangrams/6_311.png,01M1PVZYRHDVK94JBPD96A2FVY,01M1PVVCHSJDKDCMNAX28C9KTM,1788549485684,NA,2
01M1PW0KDYJKQ3Q8YJZ9TMGH77,01M1PVPSF9NDAT0BF7G6FNHKYQ,training,6,0,7,48,12,5,/tangrams/235_38.png,D2,"[""/tangrams/60_127.png"",""/tangrams/154_24.png"",""/tangrams/235_38.png"",""/tangrams/14_248.png""]","[""C1"",""A4"",""D2"",""B3""]",/tangrams/235_38.png,TRUE,/tangrams/235_38.png,01M1PVTRYDJNHHT05DKBKN76E5,01M1PVTG9CCCTFM1SEAAQ81WMP,1788548286911,NA,1
01M1PW0KFRDZR6N36NR7J23ZDG,01M1PVPSF9NDAT0BF7G6FNHKYQ,training,37,3,2,48,12,5,/tangrams/154_38.png,A2,"[""/tangrams/154_38.png"",""/tangrams/235_127.png"",""/tangrams/60_24.png"",""/tangrams/14_248.png""]","[""A2"",""D1"",""C4"",""B3""]",/tangrams/154_38.png,TRUE,/tangrams/154_38.png,01M1PVTG9CCCTFM1SEAAQ81WMP,01M1PVTRYDJNHHT05DKBKN76E5,1788549081611,NA,4
01M1PW6KN5A67CPFP2V4K9KKBC,01M1PVPWZ82WNHXNHFM772HZSY,training,29,2,6,48,12,7,/tangrams/183_24.png,C1,"[""/tangrams/183_302.png"",""/tangrams/183_24.png"",""/tangrams/245_304.png"",""/tangrams/6_24.png""]","[""C4"",""C1"",""A3"",""D1""]",/tangrams/183_24.png,TRUE,/tangrams/183_24.png,01M1PVV2HGBFFFP8TQ2JTHYBNF,01M1PVWG3MVC1D7FV8A8CY40QY,1788549835662,NA,3
01M1PWBQXENV2CX5JGC1YZFA0B,01M1PVPY0135RYKX6QNWJW9HQ7,training,33,2,10,48,12,8,/tangrams/368_436.png,A1,"[""/tangrams/353_219.png"",""/tangrams/368_436.png"",""/tangrams/101_61.png"",""/tangrams/194_445.png""]","[""B2"",""A1"",""F2"",""F3""]",/tangrams/368_436.png,TRUE,/tangrams/368_436.png,01M1PVV5BA5A9YAQJQ9SAGP2BW,01M1PVW5G591MZ9WXE41XZDX0Y,1788549392354,NA,3
01M1PWBQYXZB723X2AQNSQH3DA,01M1PVPY0135RYKX6QNWJW9HQ7,training,30,2,7,48,12,8,/tangrams/192_444.png,D4,"[""/tangrams/353_219.png"",""/tangrams/192_444.png"",""/tangrams/265_235.png"",""/tangrams/38_309.png""]","[""B2"",""D4"",""C3"",""F5""]",/tangrams/265_235.png,FALSE,/tangrams/265_235.png,01M1PVW5G591MZ9WXE41XZDX0Y,01M1PVV5BA5A9YAQJQ9SAGP2BW,1788549331211,NA,3
01M1PWG1E0VSCBXPDWYM5KRZX6,01M1PVPY02TEGASTZW7B0B44PE,training,20,1,9,48,12,8,/tangrams/368_444.png,A4,"[""/tangrams/368_219.png"",""/tangrams/353_235.png"",""/tangrams/368_444.png"",""/tangrams/265_444.png""]","[""A2"",""B3"",""A4"",""C4""]",/tangrams/368_444.png,TRUE,/tangrams/368_444.png,01M1PWAKPMFG2PF8ZD5WBT5ANA,01M1PW1KKGDQJPNSP87YDPE8Y2,1788550843595,NA,2
01M1PW1ZHQPWR4014PEGBRDQ0F,01M1PVPTMX8QBBEQ1CAWS8Y65C,training,2,0,3,48,12,5,/tangrams/154_248.png,A3,"[""/tangrams/154_248.png"",""/tangrams/14_127.png"",""/tangrams/154_24.png"",""/tangrams/235_248.png""]","[""A3"",""B1"",""A4"",""D3""]",NA,FALSE,NA,01M1PVVEHT22G3NCF8EGPQWRYM,01M1PVVDJXTQ0S1H8V336MES03,NA,1788548935795,1
01M1PW50SNGWA972WH4BRXA67Z,01M1PVPVN43CJ2ZQS2FA0GJ1TX,training,45,3,10,48,12,6,/tangrams/134_305.png,F5,"[""/tangrams/330_144.png"",""/tangrams/134_305.png"",""/tangrams/222_36.png"",""/tangrams/424_432.png""]","[""F6"",""F5"",""F7"",""F4""]",/tangrams/134_305.png,TRUE,/tangrams/134_305.png,01M1PVW5BM9J57HJX5KJ260RG3,01M1PVW97TC4GVFYDVFB1SJ9WH,1788549858594,NA,4
01M1PW50TDC1HM8WR2JYM2KS2J,01M1PVPVN43CJ2ZQS2FA0GJ1TX,training,41,3,6,48,12,6,/tangrams/70_426.png,F3,"[""/tangrams/70_426.png"",""/tangrams/222_36.png"",""/tangrams/445_153.png"",""/tangrams/330_144.png""]","[""F3"",""F7"",""D4"",""F6""]",/tangrams/70_426.png,TRUE,/tangrams/70_426.png,01M1PVW5BM9J57HJX5KJ260RG3,01M1PVW97TC4GVFYDVFB1SJ9WH,1788549773991,NA,4
01M1PWEJ6DQSF324QVPE3WWRF0,01M1PVPXF92SZVFC9KBGN1TRXM,training,2,0,3,48,12,7,/tangrams/303_302.png,B4,"[""/tangrams/183_302.png"",""/tangrams/303_304.png"",""/tangrams/303_302.png"",""/tangrams/245_311.png""]","[""C4"",""B3"",""B4"",""A2""]",/tangrams/303_304.png,FALSE,/tangrams/303_304.png,01M1PVZYRHDVK94JBPD96A2FVY,01M1PVVCHSJDKDCMNAX28C9KTM,1788549004268,NA,1
01M1PW1ZH5FH8C88B5S3YW9XC6,01M1PVPTMX8QBBEQ1CAWS8Y65C,training,4,0,5,48,12,5,/tangrams/235_248.png,D3,"[""/tangrams/60_24.png"",""/tangrams/154_248.png"",""/tangrams/235_248.png"",""/tangrams/235_38.png""]","[""C4"",""A3"",""D3"",""D2""]",/tangrams/235_248.png,TRUE,/tangrams/235_248.png,01M1PVVEHT22G3NCF8EGPQWRYM,01M1PVVDJXTQ0S1H8V336MES03,1788549029388,NA,1
01M1PW3TDH6DQVJN84E7BB8G4A,01M1PVPVN19AKJQXAJWG447XT1,training,25,2,2,48,12,6,/tangrams/4_153.png,C4,"[""/tangrams/445_264.png"",""/tangrams/275_437.png"",""/tangrams/4_153.png"",""/tangrams/81_324.png""]","[""D1"",""A2"",""C4"",""B3""]",/tangrams/4_153.png,TRUE,/tangrams/4_153.png,01M1PVV4T08CWVFCAHVD9FMRR2,01M1PVVZD69SDYBBAB5MDTZSCB,1788549463399,NA,3
01M1PW5R433G7NZQFF035JSRQ6,01M1PVPWEGF3RQQ2BZJMHJW5WT,training,18,1,7,48,12,6,/tangrams/445_264.png,D1,"[""/tangrams/445_324.png"",""/tangrams/81_264.png"",""/tangrams/275_437.png"",""/tangrams/445_264.png""]","[""D3"",""B1"",""A2"",""D1""]",/tangrams/445_264.png,TRUE,/tangrams/445_264.png,01M1PVZMF178XCTABPVTWNQQ3Q,01M1PVV9N1B5JSVGVHP53ND1FH,1788549588646,NA,2
01M1PWGJ0GBA3JEVN1SXFWH9E6,01M1PVPXF8XP3FTSCWE2SZ4KAJ,training,11,0,12,48,12,7,/tangrams/6_311.png,D2,"[""/tangrams/6_311.png"",""/tangrams/183_302.png"",""/tangrams/303_24.png"",""/tangrams/245_304.png""]","[""D2"",""C4"",""B1"",""A3""]",/tangrams/6_311.png,TRUE,/tangrams/6_311.png,01M1PVW253SKBG4X7GTPVKZWRC,01M1PW23TCTCTWR44KF0HW1TG2,1788549551618,NA,1
01M1PWGJ20MT065950T6B78HAR,01M1PVPXF8XP3FTSCWE2SZ4KAJ,training,15,1,4,48,12,7,/tangrams/6_304.png,D3,"[""/tangrams/245_311.png"",""/tangrams/6_304.png"",""/tangrams/183_24.png"",""/tangrams/303_302.png""]","[""A2"",""D3"",""C1"",""B4""]",/tangrams/6_304.png,TRUE,/tangrams/6_304.png,01M1PVW253SKBG4X7GTPVKZWRC,01M1PW23TCTCTWR44KF0HW1TG2,1788549718443,NA,2
01M1PW0KNFCSTWW5JRMYXWC8N9,01M1PVPSF9NDAT0BF7G6FNHKYQ,training,15,1,4,48,12,5,/tangrams/154_38.png,A2,"[""/tangrams/154_38.png"",""/tangrams/14_24.png"",""/tangrams/60_127.png"",""/tangrams/235_248.png""]","[""A2"",""B4"",""C1"",""D3""]",/tangrams/154_38.png,TRUE,/tangrams/154_38.png,01M1PVTG9CCCTFM1SEAAQ81WMP,01M1PVTRYDJNHHT05DKBKN76E5,1788548556104,NA,2
01M1PW0XA9JH8C1JCXNN80K91S,01M1PVPSFBNZXW40G11YGR32M6,training,26,2,3,48,12,5,/tangrams/235_127.png,D1,"[""/tangrams/235_127.png"",""/tangrams/60_127.png"",""/tangrams/235_248.png"",""/tangrams/154_38.png""]","[""D1"",""C1"",""D3"",""A2""]",/tangrams/235_127.png,TRUE,/tangrams/235_127.png,01M1PVVNQ4AT0NRB9TK929QH2E,01M1PVTRWTPC40C0HPR8RXXWTF,1788548879008,NA,3
01M1PW2VP2CQZXEYQBGDCRKHSH,01M1PVPTMT2TF5TMW6DY08RG1A,training,13,1,2,48,12,5,/tangrams/154_24.png,A4,"[""/tangrams/60_38.png"",""/tangrams/235_127.png"",""/tangrams/14_248.png"",""/tangrams/154_24.png""]","[""C2"",""D1"",""B3"",""A4""]",/tangrams/154_24.png,TRUE,/tangrams/154_24.png,01M1PVVTHSCRB56WAFX0KRCSX2,01M1PVVYCG3ZV9Y0QVDS434K08,1788549332375,NA,2
01M1PW8ZXXZ12BJSX7Q3MPSGS2,01M1PVPWZ383HA8RRK2RFSW236,training,4,0,5,48,12,7,/tangrams/6_304.png,D3,"[""/tangrams/183_311.png"",""/tangrams/303_24.png"",""/tangrams/6_304.png"",""/tangrams/245_302.png""]","[""C2"",""B1"",""D3"",""A4""]",/tangrams/245_302.png,FALSE,/tangrams/245_302.png,01M1PW2K6B8GZQ5Z02B5Q0TB2A,01M1PVVZ2PG17JJTAZWDXWW3JQ,1788549439606,NA,1
01M1PWBR19FBKBBT2Q04RTK21V,01M1PVPY0135RYKX6QNWJW9HQ7,training,23,1,12,48,12,8,/tangrams/192_444.png,D4,"[""/tangrams/371_100.png"",""/tangrams/192_444.png"",""/tangrams/38_309.png"",""/tangrams/353_219.png""]","[""F1"",""D4"",""F5"",""B2""]",/tangrams/192_444.png,TRUE,/tangrams/192_444.png,01M1PVV5BA5A9YAQJQ9SAGP2BW,01M1PVW5G591MZ9WXE41XZDX0Y,1788549130813,NA,2
01M1PWG13703FV4DBHG247X9BQ,01M1PVPY02TEGASTZW7B0B44PE,training,46,3,11,48,12,8,/tangrams/353_444.png,B4,"[""/tangrams/353_436.png"",""/tangrams/265_444.png"",""/tangrams/353_444.png"",""/tangrams/368_235.png""]","[""B1"",""C4"",""B4"",""A3""]",/tangrams/353_444.png,TRUE,/tangrams/353_444.png,01M1PWAKPMFG2PF8ZD5WBT5ANA,01M1PW1KKGDQJPNSP87YDPE8Y2,1788551756459,NA,4
01M1PW3T8MFKY1KZ41MYZ4K48M,01M1PVPVN19AKJQXAJWG447XT1,training,10,0,11,48,12,6,/tangrams/275_324.png,A3,"[""/tangrams/275_324.png"",""/tangrams/81_264.png"",""/tangrams/445_437.png"",""/tangrams/4_153.png""]","[""A3"",""B1"",""D2"",""C4""]",/tangrams/275_324.png,TRUE,/tangrams/275_324.png,01M1PVVZD69SDYBBAB5MDTZSCB,01M1PVV4T08CWVFCAHVD9FMRR2,1788549110379,NA,1
01M1PW41HH15QWMNMRXXDT93MK,01M1PVPTMYJEMSH2D4PPK54AQC,training,39,3,4,48,12,5,/tangrams/386_283.png,F2,"[""/tangrams/235_24.png"",""/tangrams/457_208.png"",""/tangrams/386_283.png"",""/tangrams/231_230.png""]","[""D4"",""F4"",""F2"",""F7""]",/tangrams/386_283.png,TRUE,/tangrams/386_283.png,01M1PVV1FSQ931Q08DC040FF4H,01M1PVXZCG5HBAN48J4YM7CT4J,1788549549745,NA,4
01M1PW60YX6VD1T71TKZ1MNJE7,01M1PVPWEFJ67VYTWGSHJ4XJ33,training,2,0,3,48,12,6,/tangrams/275_264.png,A1,"[""/tangrams/445_153.png"",""/tangrams/204_449.png"",""/tangrams/222_36.png"",""/tangrams/275_264.png""]","[""D4"",""F8"",""F7"",""A1""]",/tangrams/275_264.png,TRUE,/tangrams/275_264.png,01M1PVW7YQ0ZCTA6RRXWJ4B3KT,01M1PVV71QMXF31FNN88616S34,1788548551543,NA,1
01M1PW41ENJRA0KANSY0VBQQQ9,01M1PVPTMYJEMSH2D4PPK54AQC,training,2,0,3,48,12,5,/tangrams/386_283.png,F2,"[""/tangrams/337_178.png"",""/tangrams/457_208.png"",""/tangrams/386_283.png"",""/tangrams/391_126.png""]","[""F6"",""F4"",""F2"",""F8""]",/tangrams/457_208.png,FALSE,/tangrams/457_208.png,01M1PVXZCG5HBAN48J4YM7CT4J,01M1PVV1FSQ931Q08DC040FF4H,1788548399330,NA,1
01M1PWBQSWNEJAK22KRGBQ7N55,01M1PVPY0135RYKX6QNWJW9HQ7,training,41,3,6,48,12,8,/tangrams/38_309.png,F5,"[""/tangrams/368_436.png"",""/tangrams/447_295.png"",""/tangrams/38_309.png"",""/tangrams/353_219.png""]","[""A1"",""F7"",""F5"",""B2""]",/tangrams/38_309.png,TRUE,/tangrams/38_309.png,01M1PVV5BA5A9YAQJQ9SAGP2BW,01M1PVW5G591MZ9WXE41XZDX0Y,1788549551817,NA,4
01M1PWGJ54437EHVXVDMSNCYCD,01M1PVPXF8XP3FTSCWE2SZ4KAJ,training,21,1,10,48,12,7,/tangrams/303_302.png,B4,"[""/tangrams/245_311.png"",""/tangrams/183_24.png"",""/tangrams/6_304.png"",""/tangrams/303_302.png""]","[""A2"",""C1"",""D3"",""B4""]",/tangrams/303_302.png,TRUE,/tangrams/303_302.png,01M1PVW253SKBG4X7GTPVKZWRC,01M1PW23TCTCTWR44KF0HW1TG2,1788549919915,NA,2
01M1PW2VM6V3G1V13XXTN9PF66,01M1PVPTMT2TF5TMW6DY08RG1A,training,0,0,1,48,12,5,/tangrams/14_24.png,B4,"[""/tangrams/60_127.png"",""/tangrams/154_248.png"",""/tangrams/14_24.png"",""/tangrams/235_38.png""]","[""C1"",""A3"",""B4"",""D2""]",/tangrams/235_38.png,FALSE,/tangrams/235_38.png,01M1PVVYCG3ZV9Y0QVDS434K08,01M1PVVTHSCRB56WAFX0KRCSX2,1788548839889,NA,1
01M1PW3TBQ5QX55AK0CV3CZFH4,01M1PVPVN19AKJQXAJWG447XT1,training,22,1,11,48,12,6,/tangrams/445_264.png,D1,"[""/tangrams/81_324.png"",""/tangrams/445_264.png"",""/tangrams/4_437.png"",""/tangrams/275_153.png""]","[""B3"",""D1"",""C2"",""A4""]",/tangrams/445_264.png,TRUE,/tangrams/445_264.png,01M1PVVZD69SDYBBAB5MDTZSCB,01M1PVV4T08CWVFCAHVD9FMRR2,1788549411459,NA,2
01M1PW7EX1G0XT25TKSHC1P5DQ,01M1PVPWZ7KQZN2DHXW0TTKG9P,training,22,1,11,48,12,7,/tangrams/383_160.png,F7,"[""/tangrams/245_24.png"",""/tangrams/178_230.png"",""/tangrams/35_447.png"",""/tangrams/383_160.png""]","[""A1"",""F3"",""F8"",""F7""]",/tangrams/383_160.png,TRUE,/tangrams/383_160.png,01M1PVZ3NBFP4RQAMM34F5EPHD,01M1PVVTM3JYE18KKXW2DCV15S,1788549546072,NA,2
01M1PWBQTKHBAQ8YA9Z1DSC4FE,01M1PVPY0135RYKX6QNWJW9HQ7,training,39,3,4,48,12,8,/tangrams/192_444.png,D4,"[""/tangrams/192_444.png"",""/tangrams/277_238.png"",""/tangrams/194_445.png"",""/tangrams/311_205.png""]","[""D4"",""F8"",""F3"",""F4""]",/tangrams/192_444.png,TRUE,/tangrams/192_444.png,01M1PVV5BA5A9YAQJQ9SAGP2BW,01M1PVW5G591MZ9WXE41XZDX0Y,1788549494064,NA,4
01M1PW0KFST6E0HWYSSX235Y0Z,01M1PVPSF9NDAT0BF7G6FNHKYQ,training,41,3,6,48,12,5,/tangrams/60_24.png,C4,"[""/tangrams/154_38.png"",""/tangrams/60_24.png"",""/tangrams/14_248.png"",""/tangrams/235_127.png""]","[""A2"",""C4"",""B3"",""D1""]",/tangrams/60_24.png,TRUE,/tangrams/60_24.png,01M1PVTG9CCCTFM1SEAAQ81WMP,01M1PVTRYDJNHHT05DKBKN76E5,1788549206133,NA,4
01M1PW0X8RSSAK4BH6V4T81V54,01M1PVPSFBNZXW40G11YGR32M6,training,10,0,11,48,12,5,/tangrams/14_127.png,B1,"[""/tangrams/14_24.png"",""/tangrams/154_38.png"",""/tangrams/235_127.png"",""/tangrams/14_127.png""]","[""B4"",""A2"",""D1"",""B1""]",/tangrams/14_127.png,TRUE,/tangrams/14_127.png,01M1PVVNQ4AT0NRB9TK929QH2E,01M1PVTRWTPC40C0HPR8RXXWTF,1788548582979,NA,1
01M1PW1ZMM4MJ0XW22XQTEVGFT,01M1PVPTMX8QBBEQ1CAWS8Y65C,training,27,2,4,48,12,5,/tangrams/235_248.png,D3,"[""/tangrams/235_127.png"",""/tangrams/154_24.png"",""/tangrams/14_248.png"",""/tangrams/235_248.png""]","[""D1"",""A4"",""B3"",""D3""]",/tangrams/235_248.png,TRUE,/tangrams/235_248.png,01M1PVVDJXTQ0S1H8V336MES03,01M1PVVEHT22G3NCF8EGPQWRYM,1788549831199,NA,3
01M1PW3H2T1P8FMZTEDPZR0WVE,01M1PVPVN58XQ8WD43NR9G03HY,training,0,0,1,48,12,6,/tangrams/275_437.png,A2,"[""/tangrams/4_437.png"",""/tangrams/275_437.png"",""/tangrams/275_324.png"",""/tangrams/445_264.png""]","[""C2"",""A2"",""A3"",""D1""]",NA,FALSE,NA,01M1PVZR164ZTSKRVMJWDDBWRY,01M1PVY5V93JDTFCY85HPV0HXQ,NA,NA,1
01M1PW3TJ2N4FVFQ7EREM42ZJ1,01M1PVPVN19AKJQXAJWG447XT1,training,41,3,6,48,12,6,/tangrams/4_153.png,C4,"[""/tangrams/81_324.png"",""/tangrams/275_437.png"",""/tangrams/4_153.png"",""/tangrams/445_264.png""]","[""B3"",""A2"",""C4"",""D1""]",/tangrams/4_153.png,TRUE,/tangrams/4_153.png,01M1PVV4T08CWVFCAHVD9FMRR2,01M1PVVZD69SDYBBAB5MDTZSCB,1788549736331,NA,4
01M1PW41A6TV6NH2G8YDZM3KTJ,01M1PVPTMYJEMSH2D4PPK54AQC,training,32,2,9,48,12,5,/tangrams/235_24.png,D4,"[""/tangrams/14_38.png"",""/tangrams/320_326.png"",""/tangrams/386_283.png"",""/tangrams/235_24.png""]","[""B2"",""F5"",""F2"",""D4""]",/tangrams/235_24.png,TRUE,/tangrams/235_24.png,01M1PVXZCG5HBAN48J4YM7CT4J,01M1PVV1FSQ931Q08DC040FF4H,1788549363863,NA,3
01M1PW611Y5ZP2KGB5WB5YECYC,01M1PVPWEFJ67VYTWGSHJ4XJ33,training,16,1,5,48,12,6,/tangrams/399_84.png,F2,"[""/tangrams/399_84.png"",""/tangrams/204_449.png"",""/tangrams/330_144.png"",""/tangrams/384_354.png""]","[""F2"",""F8"",""F6"",""F1""]",/tangrams/399_84.png,TRUE,/tangrams/399_84.png,01M1PVW7YQ0ZCTA6RRXWJ4B3KT,01M1PVV71QMXF31FNN88616S34,1788549146617,NA,2
01M1PW1575XDKY0Y91TTQENZJ6,01M1PVPSFBNZXW40G11G9DGVKY,training,34,2,11,48,12,5,/tangrams/391_126.png,F8,"[""/tangrams/60_248.png"",""/tangrams/411_421.png"",""/tangrams/231_230.png"",""/tangrams/391_126.png""]","[""C3"",""F3"",""F7"",""F8""]",/tangrams/391_126.png,TRUE,/tangrams/391_126.png,01M1PVVNH6WEMGKMEM2F9XPCJS,01M1PVTZDZSFSRFW0Y011447D5,1788549458851,NA,3
01M1PW2VNAS1N64WW3WEQV3HRJ,01M1PVPTMT2TF5TMW6DY08RG1A,training,32,2,9,48,12,5,/tangrams/60_24.png,C4,"[""/tangrams/60_24.png"",""/tangrams/14_127.png"",""/tangrams/154_248.png"",""/tangrams/235_38.png""]","[""C4"",""B1"",""A3"",""D2""]",/tangrams/60_24.png,TRUE,/tangrams/60_24.png,01M1PVVYCG3ZV9Y0QVDS434K08,01M1PVVTHSCRB56WAFX0KRCSX2,1788549704646,NA,3
01M1PW2VTCZTQ3FV2X32R7XXRR,01M1PVPTMT2TF5TMW6DY08RG1A,training,42,3,7,48,12,5,/tangrams/154_248.png,A3,"[""/tangrams/154_248.png"",""/tangrams/60_38.png"",""/tangrams/14_24.png"",""/tangrams/235_127.png""]","[""A3"",""C2"",""B4"",""D1""]",/tangrams/154_248.png,TRUE,/tangrams/154_248.png,01M1PVVYCG3ZV9Y0QVDS434K08,01M1PVVTHSCRB56WAFX0KRCSX2,1788549856278,NA,4
01M1PW5RD504VB78ARZM7QKD4W,01M1PVPWEGF3RQQ2BZJMHJW5WT,training,44,3,9,48,12,6,/tangrams/4_264.png,C1,"[""/tangrams/4_153.png"",""/tangrams/81_264.png"",""/tangrams/445_324.png"",""/tangrams/4_264.png""]","[""C4"",""B1"",""D3"",""C1""]",/tangrams/4_264.png,TRUE,/tangrams/4_264.png,01M1PVZMF178XCTABPVTWNQQ3Q,01M1PVV9N1B5JSVGVHP53ND1FH,1788550443809,NA,4
01M1PW8ZM2TVEC3FENGYG4NKSM,01M1PVPWZ383HA8RRK2RFSW236,training,27,2,4,48,12,7,/tangrams/245_304.png,A3,"[""/tangrams/245_304.png"",""/tangrams/183_302.png"",""/tangrams/6_311.png"",""/tangrams/303_24.png""]","[""A3"",""C4"",""D2"",""B1""]",/tangrams/245_304.png,TRUE,/tangrams/245_304.png,01M1PVVZ2PG17JJTAZWDXWW3JQ,01M1PW2K6B8GZQ5Z02B5Q0TB2A,1788550216075,NA,3
01M1PWBQXX0JN04TD61NTB6T8X,01M1PVPY0135RYKX6QNWJW9HQ7,training,32,2,9,48,12,8,/tangrams/311_205.png,F4,"[""/tangrams/311_205.png"",""/tangrams/353_219.png"",""/tangrams/447_295.png"",""/tangrams/414_365.png""]","[""F4"",""B2"",""F7"",""F6""]",/tangrams/311_205.png,TRUE,/tangrams/311_205.png,01M1PVW5G591MZ9WXE41XZDX0Y,01M1PVV5BA5A9YAQJQ9SAGP2BW,1788549381980,NA,3
01M1PWJSMMYD1VCNQJ01ASP0PM,01M1PVPY05YMN5QBCZG3YB2C9A,training,25,2,2,48,12,8,/tangrams/192_219.png,D2,"[""/tangrams/192_219.png"",""/tangrams/353_436.png"",""/tangrams/265_444.png"",""/tangrams/368_235.png""]","[""D2"",""B1"",""C4"",""A3""]",NA,NA,NA,NA,NA,NA,NA,3
01M1PW0KDBZ8MR70316RQCY4QM,01M1PVPSF9NDAT0BF7G6FNHKYQ,training,14,1,3,48,12,5,/tangrams/235_127.png,D1,"[""/tangrams/14_24.png"",""/tangrams/235_127.png"",""/tangrams/60_38.png"",""/tangrams/154_248.png""]","[""B4"",""D1"",""C2"",""A3""]",/tangrams/235_127.png,TRUE,/tangrams/235_127.png,01M1PVTRYDJNHHT05DKBKN76E5,01M1PVTG9CCCTFM1SEAAQ81WMP,1788548528581,NA,2
01M1PW41E3K3S84M0NZ49NPN6D,01M1PVPTMYJEMSH2D4PPK54AQC,training,6,0,7,48,12,5,/tangrams/391_126.png,F8,"[""/tangrams/320_326.png"",""/tangrams/391_126.png"",""/tangrams/386_283.png"",""/tangrams/337_178.png""]","[""F5"",""F8"",""F2"",""F6""]",/tangrams/386_283.png,FALSE,/tangrams/386_283.png,01M1PVXZCG5HBAN48J4YM7CT4J,01M1PVV1FSQ931Q08DC040FF4H,1788548561817,NA,1
01M1PWG1FV0A7YAZKNV9ZJFV9K,01M1PVPY02TEGASTZW7B0B44PE,training,16,1,5,48,12,8,/tangrams/265_444.png,C4,"[""/tangrams/265_444.png"",""/tangrams/353_444.png"",""/tangrams/368_235.png"",""/tangrams/265_436.png""]","[""C4"",""B4"",""A3"",""C1""]",/tangrams/265_444.png,TRUE,/tangrams/265_444.png,01M1PWAKPMFG2PF8ZD5WBT5ANA,01M1PW1KKGDQJPNSP87YDPE8Y2,1788550662602,NA,2
01M1PW6KEBBTC0VR2YMNPM5V6Z,01M1PVPWZ82WNHXNHFM772HZSY,training,7,0,8,48,12,7,/tangrams/303_302.png,B4,"[""/tangrams/183_311.png"",""/tangrams/303_302.png"",""/tangrams/245_302.png"",""/tangrams/303_304.png""]","[""C2"",""B4"",""A4"",""B3""]",/tangrams/303_302.png,TRUE,/tangrams/303_302.png,01M1PVV2HGBFFFP8TQ2JTHYBNF,01M1PVWG3MVC1D7FV8A8CY40QY,1788549039981,NA,1
01M1PWG0Y84BZ50526ZWVN7H6V,01M1PVPY02TEGASTZW7B0B44PE,training,4,0,5,48,12,8,/tangrams/265_219.png,C2,"[""/tangrams/192_219.png"",""/tangrams/265_219.png"",""/tangrams/265_444.png"",""/tangrams/353_436.png""]","[""D2"",""C2"",""C4"",""B1""]",/tangrams/265_219.png,TRUE,/tangrams/265_219.png,01M1PWAKPMFG2PF8ZD5WBT5ANA,01M1PW1KKGDQJPNSP87YDPE8Y2,1788550040438,NA,1
01M1PWG155GSW2XV13JRCH09VR,01M1PVPY02TEGASTZW7B0B44PE,training,42,3,7,48,12,8,/tangrams/368_444.png,A4,"[""/tangrams/192_235.png"",""/tangrams/368_219.png"",""/tangrams/368_444.png"",""/tangrams/265_444.png""]","[""D3"",""A2"",""A4"",""C4""]",/tangrams/368_444.png,TRUE,/tangrams/368_444.png,01M1PWAKPMFG2PF8ZD5WBT5ANA,01M1PW1KKGDQJPNSP87YDPE8Y2,1788551627736,NA,4
01M1PWJSD8X97D7RDQBKH1PZNY,01M1PVPY05YMN5QBCZG3YB2C9A,training,6,0,7,48,12,8,/tangrams/192_219.png,D2,"[""/tangrams/265_436.png"",""/tangrams/353_235.png"",""/tangrams/368_444.png"",""/tangrams/192_219.png""]","[""C1"",""B3"",""A4"",""D2""]",NA,NA,NA,NA,NA,NA,NA,1
01M1PW0X9AX8HD5947SN16Q6HV,01M1PVPSFBNZXW40G11YGR32M6,training,28,2,5,48,12,5,/tangrams/14_248.png,B3,"[""/tangrams/14_24.png"",""/tangrams/235_248.png"",""/tangrams/60_38.png"",""/tangrams/14_248.png""]","[""B4"",""D3"",""C2"",""B3""]",/tangrams/14_248.png,TRUE,/tangrams/14_248.png,01M1PVVNQ4AT0NRB9TK929QH2E,01M1PVTRWTPC40C0HPR8RXXWTF,1788548911200,NA,3
01M1PW3GSBR2M62T9CVX8K1FGW,01M1PVPVN58XQ8WD43NR9G03HY,training,36,3,1,48,12,6,/tangrams/81_153.png,B4,"[""/tangrams/81_264.png"",""/tangrams/81_153.png"",""/tangrams/275_153.png"",""/tangrams/445_324.png""]","[""B1"",""B4"",""A4"",""D3""]",NA,NA,NA,NA,NA,NA,NA,4
01M1PW3GTJQEMZ1HP214AKM2H8,01M1PVPVN58XQ8WD43NR9G03HY,training,34,2,11,48,12,6,/tangrams/4_264.png,C1,"[""/tangrams/275_324.png"",""/tangrams/4_264.png"",""/tangrams/445_264.png"",""/tangrams/4_437.png""]","[""A3"",""C1"",""D1"",""C2""]",NA,NA,NA,NA,NA,NA,NA,3
01M1PWEJ8Q7QYW2ZYEA0SW34W2,01M1PVPXF92SZVFC9KBGN1TRXM,training,10,0,11,48,12,7,/tangrams/6_24.png,D1,"[""/tangrams/245_302.png"",""/tangrams/6_24.png"",""/tangrams/183_24.png"",""/tangrams/6_304.png""]","[""A4"",""D1"",""C1"",""D3""]",/tangrams/6_24.png,TRUE,/tangrams/6_24.png,01M1PVZYRHDVK94JBPD96A2FVY,01M1PVVCHSJDKDCMNAX28C9KTM,1788549346139,NA,1
01M1PW2VMY6FW4QJ0Y2TRBWFDJ,01M1PVPTMT2TF5TMW6DY08RG1A,training,34,2,11,48,12,5,/tangrams/14_248.png,B3,"[""/tangrams/235_38.png"",""/tangrams/154_24.png"",""/tangrams/14_248.png"",""/tangrams/60_127.png""]","[""D2"",""A4"",""B3"",""C1""]",/tangrams/14_248.png,TRUE,/tangrams/14_248.png,01M1PVVYCG3ZV9Y0QVDS434K08,01M1PVVTHSCRB56WAFX0KRCSX2,1788549735218,NA,3
01M1PW41CYC2SW1NRG5JZ2MXR7,01M1PVPTMYJEMSH2D4PPK54AQC,training,15,1,4,48,12,5,/tangrams/321_445.png,F1,"[""/tangrams/321_445.png"",""/tangrams/386_283.png"",""/tangrams/60_248.png"",""/tangrams/457_208.png""]","[""F1"",""F2"",""C3"",""F4""]",/tangrams/321_445.png,TRUE,/tangrams/321_445.png,01M1PVV1FSQ931Q08DC040FF4H,01M1PVXZCG5HBAN48J4YM7CT4J,1788548895597,NA,2
01M1PWJSTTJFHE65CMB3TPBK1X,01M1PVPY05YMN5QBCZG3YB2C9A,training,36,3,1,48,12,8,/tangrams/368_235.png,A3,"[""/tangrams/353_444.png"",""/tangrams/192_436.png"",""/tangrams/265_219.png"",""/tangrams/368_235.png""]","[""B4"",""D1"",""C2"",""A3""]",NA,NA,NA,NA,NA,NA,NA,4
01M1PW0X7284MVME59DHE6P4X0,01M1PVPSFBNZXW40G11YGR32M6,training,6,0,7,48,12,5,/tangrams/14_248.png,B3,"[""/tangrams/14_24.png"",""/tangrams/154_248.png"",""/tangrams/60_127.png"",""/tangrams/14_248.png""]","[""B4"",""A3"",""C1"",""B3""]",/tangrams/14_248.png,TRUE,/tangrams/14_248.png,01M1PVVNQ4AT0NRB9TK929QH2E,01M1PVTRWTPC40C0HPR8RXXWTF,1788548480228,NA,1
01M1PW2VQNHNWZND3SQ473MPJR,01M1PVPTMT2TF5TMW6DY08RG1A,training,20,1,9,48,12,5,/tangrams/60_127.png,C1,"[""/tangrams/235_38.png"",""/tangrams/60_127.png"",""/tangrams/154_24.png"",""/tangrams/14_248.png""]","[""D2"",""C1"",""A4"",""B3""]",/tangrams/60_127.png,TRUE,/tangrams/60_127.png,01M1PVVYCG3ZV9Y0QVDS434K08,01M1PVVTHSCRB56WAFX0KRCSX2,1788549486705,NA,2
01M1PW5R00RBMYXR7YYQ6QXQRB,01M1PVPWEGF3RQQ2BZJMHJW5WT,training,0,0,1,48,12,6,/tangrams/81_264.png,B1,"[""/tangrams/4_264.png"",""/tangrams/81_153.png"",""/tangrams/275_324.png"",""/tangrams/81_264.png""]","[""C1"",""B4"",""A3"",""B1""]",/tangrams/4_264.png,FALSE,/tangrams/4_264.png,01M1PVZMF178XCTABPVTWNQQ3Q,01M1PVV9N1B5JSVGVHP53ND1FH,1788548900486,NA,1
01M1PW7EWHWSJAGPTBPY4A6A47,01M1PVPWZ7KQZN2DHXW0TTKG9P,training,23,1,12,48,12,7,/tangrams/51_378.png,F4,"[""/tangrams/183_304.png"",""/tangrams/303_311.png"",""/tangrams/6_302.png"",""/tangrams/51_378.png""]","[""C3"",""B2"",""D4"",""F4""]",/tangrams/51_378.png,TRUE,/tangrams/51_378.png,01M1PVVTM3JYE18KKXW2DCV15S,01M1PVZ3NBFP4RQAMM34F5EPHD,1788549581410,NA,2
01M1PWJSNX5QHEXDXFJT12WN5E,01M1PVPY05YMN5QBCZG3YB2C9A,training,27,2,4,48,12,8,/tangrams/368_219.png,A2,"[""/tangrams/368_219.png"",""/tangrams/192_436.png"",""/tangrams/265_444.png"",""/tangrams/353_235.png""]","[""A2"",""D1"",""C4"",""B3""]",NA,NA,NA,NA,NA,NA,NA,3
01M1PW0KJZREGWTNDABXQ6J804,01M1PVPSF9NDAT0BF7G6FNHKYQ,training,38,3,3,48,12,5,/tangrams/14_24.png,B4,"[""/tangrams/154_248.png"",""/tangrams/60_127.png"",""/tangrams/235_38.png"",""/tangrams/14_24.png""]","[""A3"",""C1"",""D2"",""B4""]",/tangrams/14_24.png,TRUE,/tangrams/14_24.png,01M1PVTRYDJNHHT05DKBKN76E5,01M1PVTG9CCCTFM1SEAAQ81WMP,1788549111213,NA,4
01M1PW41FF2R10MV28KY01CJ8H,01M1PVPTMYJEMSH2D4PPK54AQC,training,47,3,12,48,12,5,/tangrams/391_126.png,F8,"[""/tangrams/60_248.png"",""/tangrams/391_126.png"",""/tangrams/457_208.png"",""/tangrams/14_38.png""]","[""C3"",""F8"",""F4"",""B2""]",/tangrams/391_126.png,TRUE,/tangrams/391_126.png,01M1PVV1FSQ931Q08DC040FF4H,01M1PVXZCG5HBAN48J4YM7CT4J,1788549774376,NA,4
01M1PW9DAQJ4PVX7E509C05PSD,01M1PVPXF92SZVFC9KB45KHNG3,training,33,2,10,48,12,7,/tangrams/245_24.png,A1,"[""/tangrams/51_378.png"",""/tangrams/178_230.png"",""/tangrams/245_24.png"",""/tangrams/391_404.png""]","[""F4"",""F3"",""A1"",""F5""]",/tangrams/245_24.png,TRUE,/tangrams/245_24.png,01M1PVVBRZ3YZPYCQZYDADYMR6,01M1PVVXW244MSV8KK7TFJHPNZ,1788549246162,NA,3
01M1PW9DG94BWSMSEGNHE0AHDJ,01M1PVPXF92SZVFC9KB45KHNG3,training,46,3,11,48,12,7,/tangrams/383_160.png,F7,"[""/tangrams/241_420.png"",""/tangrams/303_311.png"",""/tangrams/383_160.png"",""/tangrams/35_447.png""]","[""F2"",""B2"",""F7"",""F8""]",/tangrams/383_160.png,TRUE,/tangrams/383_160.png,01M1PVVXW244MSV8KK7TFJHPNZ,01M1PVVBRZ3YZPYCQZYDADYMR6,1788549467498,NA,4
01M1PWG1FADYKTXYMDM2757R43,01M1PVPY02TEGASTZW7B0B44PE,training,17,1,6,48,12,8,/tangrams/192_235.png,D3,"[""/tangrams/192_235.png"",""/tangrams/353_235.png"",""/tangrams/192_219.png"",""/tangrams/265_436.png""]","[""D3"",""B3"",""D2"",""C1""]",/tangrams/192_235.png,TRUE,/tangrams/192_235.png,01M1PW1KKGDQJPNSP87YDPE8Y2,01M1PWAKPMFG2PF8ZD5WBT5ANA,1788550705534,NA,2
01M1PW41B5MNC7JCG30B5HKJCM,01M1PVPTMYJEMSH2D4PPK54AQC,training,8,0,9,48,12,5,/tangrams/231_230.png,F7,"[""/tangrams/321_445.png"",""/tangrams/320_326.png"",""/tangrams/411_421.png"",""/tangrams/231_230.png""]","[""F1"",""F5"",""F3"",""F7""]",/tangrams/320_326.png,FALSE,/tangrams/320_326.png,01M1PVXZCG5HBAN48J4YM7CT4J,01M1PVV1FSQ931Q08DC040FF4H,1788548644788,NA,1
01M1PW6Y4YMCP0GVV7BXQM9BQ2,01M1PVPWEJQS052PE7X7E1TZK9,training,16,1,5,48,12,6,/tangrams/445_324.png,D3,"[""/tangrams/275_437.png"",""/tangrams/445_324.png"",""/tangrams/81_264.png"",""/tangrams/4_153.png""]","[""A2"",""D3"",""B1"",""C4""]",/tangrams/445_324.png,TRUE,/tangrams/445_324.png,01M1PVW75JX1QRKD2FQCCBJ017,01M1PVVX5KFM5CFX55QQRWNDX8,1788548904948,NA,2
01M1PWJSYD0238CHMPK6TV32YN,01M1PVPY05YMN5QBCZG3YB2C9A,training,9,0,10,48,12,8,/tangrams/353_436.png,B1,"[""/tangrams/265_444.png"",""/tangrams/353_436.png"",""/tangrams/192_235.png"",""/tangrams/368_219.png""]","[""C4"",""B1"",""D3"",""A2""]",NA,NA,NA,NA,NA,NA,NA,1
01M1PWGJBHVK6BKHT4DHNQFRH0,01M1PVPXF8XP3FTSCWE2SZ4KAJ,training,35,2,12,48,12,7,/tangrams/245_311.png,A2,"[""/tangrams/6_304.png"",""/tangrams/183_24.png"",""/tangrams/245_311.png"",""/tangrams/303_302.png""]","[""D3"",""C1"",""A2"",""B4""]",/tangrams/245_311.png,TRUE,/tangrams/245_311.png,01M1PVW253SKBG4X7GTPVKZWRC,01M1PW23TCTCTWR44KF0HW1TG2,1788550349988,NA,3
01M1PW2VKQTM5N3KXXVHTVVQHR,01M1PVPTMT2TF5TMW6DY08RG1A,training,2,0,3,48,12,5,/tangrams/14_248.png,B3,"[""/tangrams/235_127.png"",""/tangrams/60_24.png"",""/tangrams/14_248.png"",""/tangrams/154_38.png""]","[""D1"",""C4"",""B3"",""A2""]",/tangrams/14_248.png,TRUE,/tangrams/14_248.png,01M1PVVYCG3ZV9Y0QVDS434K08,01M1PVVTHSCRB56WAFX0KRCSX2,1788548921696,NA,1
01M1PW2VQV2JAV4TFWEJQJZQ5Q,01M1PVPTMT2TF5TMW6DY08RG1A,training,44,3,9,48,12,5,/tangrams/60_127.png,C1,"[""/tangrams/14_24.png"",""/tangrams/235_38.png"",""/tangrams/60_127.png"",""/tangrams/154_248.png""]","[""B4"",""D2"",""C1"",""A3""]",/tangrams/60_127.png,TRUE,/tangrams/60_127.png,01M1PVVYCG3ZV9Y0QVDS434K08,01M1PVVTHSCRB56WAFX0KRCSX2,1788549885625,NA,4
01M1PW41DS4NB302NSG5Q1FSWY,01M1PVPTMYJEMSH2D4PPK54AQC,training,7,0,8,48,12,5,/tangrams/321_445.png,F1,"[""/tangrams/231_230.png"",""/tangrams/386_283.png"",""/tangrams/321_445.png"",""/tangrams/337_178.png""]","[""F7"",""F2"",""F1"",""F6""]",/tangrams/337_178.png,FALSE,/tangrams/337_178.png,01M1PVV1FSQ931Q08DC040FF4H,01M1PVXZCG5HBAN48J4YM7CT4J,1788548612149,NA,1
01M1PW5R15GPW5WZYYP8CJ7XZQ,01M1PVPWEGF3RQQ2BZJMHJW5WT,training,5,0,6,48,12,6,/tangrams/81_153.png,B4,"[""/tangrams/81_153.png"",""/tangrams/81_264.png"",""/tangrams/445_437.png"",""/tangrams/4_153.png""]","[""B4"",""B1"",""D2"",""C4""]",/tangrams/81_153.png,TRUE,/tangrams/81_153.png,01M1PVV9N1B5JSVGVHP53ND1FH,01M1PVZMF178XCTABPVTWNQQ3Q,1788549076035,NA,1
01M1PW0KM8W473WZ1VKGKYG9KK,01M1PVPSF9NDAT0BF7G6FNHKYQ,training,24,2,1,48,12,5,/tangrams/154_38.png,A2,"[""/tangrams/154_38.png"",""/tangrams/14_127.png"",""/tangrams/60_24.png"",""/tangrams/235_248.png""]","[""A2"",""B1"",""C4"",""D3""]",/tangrams/154_38.png,TRUE,/tangrams/154_38.png,01M1PVTRYDJNHHT05DKBKN76E5,01M1PVTG9CCCTFM1SEAAQ81WMP,1788548813106,NA,3
01M1PW3H15ZAA0HZJJ6H18BZR2,01M1PVPVN58XQ8WD43NR9G03HY,training,8,0,9,48,12,6,/tangrams/81_264.png,B1,"[""/tangrams/445_324.png"",""/tangrams/4_264.png"",""/tangrams/81_264.png"",""/tangrams/81_153.png""]","[""D3"",""C1"",""B1"",""B4""]",NA,NA,NA,NA,NA,NA,NA,1
01M1PW3T9378HK8E32A1KTJ5V2,01M1PVPVN19AKJQXAJWG447XT1,training,13,1,2,48,12,6,/tangrams/445_437.png,D2,"[""/tangrams/81_324.png"",""/tangrams/275_153.png"",""/tangrams/4_264.png"",""/tangrams/445_437.png""]","[""B3"",""A4"",""C1"",""D2""]",/tangrams/445_437.png,TRUE,/tangrams/445_437.png,01M1PVV4T08CWVFCAHVD9FMRR2,01M1PVVZD69SDYBBAB5MDTZSCB,1788549168025,NA,2
01M1PWG0XSYPAY87X1WBGSDA8K,01M1PVPY02TEGASTZW7B0B44PE,training,10,0,11,48,12,8,/tangrams/192_219.png,D2,"[""/tangrams/265_219.png"",""/tangrams/192_235.png"",""/tangrams/368_444.png"",""/tangrams/192_219.png""]","[""C2"",""D3"",""A4"",""D2""]",/tangrams/192_219.png,TRUE,/tangrams/192_219.png,01M1PWAKPMFG2PF8ZD5WBT5ANA,01M1PW1KKGDQJPNSP87YDPE8Y2,1788550372743,NA,1
01M1PW153YTJSD2ZSREAM72BMJ,01M1PVPSFBNZXW40G11G9DGVKY,training,2,0,3,48,12,5,/tangrams/231_230.png,F7,"[""/tangrams/14_38.png"",""/tangrams/337_178.png"",""/tangrams/411_421.png"",""/tangrams/231_230.png""]","[""B2"",""F6"",""F3"",""F7""]",/tangrams/231_230.png,TRUE,/tangrams/231_230.png,01M1PVVNH6WEMGKMEM2F9XPCJS,01M1PVTZDZSFSRFW0Y011447D5,1788548388843,NA,1
01M1PW7EPPPP6H8GCCH7KER22W,01M1PVPWZ7KQZN2DHXW0TTKG9P,training,38,3,3,48,12,7,/tangrams/35_447.png,F8,"[""/tangrams/183_304.png"",""/tangrams/383_160.png"",""/tangrams/35_447.png"",""/tangrams/391_404.png""]","[""C3"",""F7"",""F8"",""F5""]",/tangrams/35_447.png,TRUE,/tangrams/35_447.png,01M1PVZ3NBFP4RQAMM34F5EPHD,01M1PVVTM3JYE18KKXW2DCV15S,1788550109417,NA,4
01M1PWGJ40GKRVHVFPBKG44FY9,01M1PVPXF8XP3FTSCWE2SZ4KAJ,training,19,1,8,48,12,7,/tangrams/303_24.png,B1,"[""/tangrams/6_311.png"",""/tangrams/245_304.png"",""/tangrams/183_302.png"",""/tangrams/303_24.png""]","[""D2"",""A3"",""C4"",""B1""]",/tangrams/303_24.png,TRUE,/tangrams/303_24.png,01M1PVW253SKBG4X7GTPVKZWRC,01M1PW23TCTCTWR44KF0HW1TG2,1788549832465,NA,2
01M1PW8ZGNDH4Y1G3NQ29EGANZ,01M1PVPWZ383HA8RRK2RFSW236,training,38,3,3,48,12,7,/tangrams/6_311.png,D2,"[""/tangrams/245_304.png"",""/tangrams/6_311.png"",""/tangrams/183_24.png"",""/tangrams/303_302.png""]","[""A3"",""D2"",""C1"",""B4""]",/tangrams/6_311.png,TRUE,/tangrams/6_311.png,01M1PW2K6B8GZQ5Z02B5Q0TB2A,01M1PVVZ2PG17JJTAZWDXWW3JQ,1788550515469,NA,4
01M1PWEJT7C7W2Q4CX472V9DA1,01M1PVPXF92SZVFC9KBGN1TRXM,training,5,0,6,48,12,7,/tangrams/183_311.png,C2,"[""/tangrams/245_311.png"",""/tangrams/6_304.png"",""/tangrams/183_302.png"",""/tangrams/183_311.png""]","[""A2"",""D3"",""C4"",""C2""]",/tangrams/183_311.png,TRUE,/tangrams/183_311.png,01M1PVVCHSJDKDCMNAX28C9KTM,01M1PVZYRHDVK94JBPD96A2FVY,1788549154172,NA,1
01M1PWJSQMAW557K0H1AYDNTK5,01M1PVPY05YMN5QBCZG3YB2C9A,training,29,2,6,48,12,8,/tangrams/192_235.png,D3,"[""/tangrams/192_235.png"",""/tangrams/353_444.png"",""/tangrams/265_436.png"",""/tangrams/368_219.png""]","[""D3"",""B4"",""C1"",""A2""]",NA,NA,NA,NA,NA,NA,NA,3
01M1PW510NQWG0DZ5EV33AB0P1,01M1PVPVN43CJ2ZQS2FA0GJ1TX,training,0,0,1,48,12,6,/tangrams/330_144.png,F6,"[""/tangrams/399_84.png"",""/tangrams/330_144.png"",""/tangrams/275_264.png"",""/tangrams/70_426.png""]","[""F2"",""F6"",""A1"",""F3""]",NA,FALSE,NA,01M1PVW97TC4GVFYDVFB1SJ9WH,01M1PVW5BM9J57HJX5KJ260RG3,NA,NA,1
01M1PW3GZAK3QNCHGZ4E2F88R4,01M1PVPVN58XQ8WD43NR9G03HY,training,15,1,4,48,12,6,/tangrams/81_264.png,B1,"[""/tangrams/4_264.png"",""/tangrams/275_324.png"",""/tangrams/81_264.png"",""/tangrams/81_153.png""]","[""C1"",""A3"",""B1"",""B4""]",NA,NA,NA,NA,NA,NA,NA,2
01M1PW5QZ9QDEG10K3MQ9RGS9N,01M1PVPWEGF3RQQ2BZJMHJW5WT,training,45,3,10,48,12,6,/tangrams/275_153.png,A4,"[""/tangrams/81_153.png"",""/tangrams/4_437.png"",""/tangrams/275_324.png"",""/tangrams/275_153.png""]","[""B4"",""C2"",""A3"",""A4""]",/tangrams/275_153.png,TRUE,/tangrams/275_153.png,01M1PVV9N1B5JSVGVHP53ND1FH,01M1PVZMF178XCTABPVTWNQQ3Q,1788550476605,NA,4
01M1PW6Y7ZCKZWV8BHFSARSFAK,01M1PVPWEJQS052PE7X7E1TZK9,training,24,2,1,48,12,6,/tangrams/275_153.png,A4,"[""/tangrams/275_153.png"",""/tangrams/4_264.png"",""/tangrams/445_437.png"",""/tangrams/81_324.png""]","[""A4"",""C1"",""D2"",""B3""]",/tangrams/275_153.png,TRUE,/tangrams/275_153.png,01M1PVW75JX1QRKD2FQCCBJ017,01M1PVVX5KFM5CFX55QQRWNDX8,1788549041834,NA,3
01M1PW8ZQTYB1JAWJZANS94X1V,01M1PVPWZ383HA8RRK2RFSW236,training,43,3,8,48,12,7,/tangrams/183_24.png,C1,"[""/tangrams/245_311.png"",""/tangrams/6_304.png"",""/tangrams/183_24.png"",""/tangrams/303_302.png""]","[""A2"",""D3"",""C1"",""B4""]",/tangrams/183_24.png,TRUE,/tangrams/183_24.png,01M1PVVZ2PG17JJTAZWDXWW3JQ,01M1PW2K6B8GZQ5Z02B5Q0TB2A,1788550597703,NA,4
01M1PW0XB3GBNRBZ4P28W2J1WY,01M1PVPSFBNZXW40G11YGR32M6,training,41,3,6,48,12,5,/tangrams/14_248.png,B3,"[""/tangrams/14_248.png"",""/tangrams/14_24.png"",""/tangrams/154_38.png"",""/tangrams/235_248.png""]","[""B3"",""B4"",""A2"",""D3""]",/tangrams/14_248.png,TRUE,/tangrams/14_248.png,01M1PVTRWTPC40C0HPR8RXXWTF,01M1PVVNQ4AT0NRB9TK929QH2E,1788549129999,NA,4
01M1PW1ZEFJGT1T9FP7HBWQYH4,01M1PVPTMX8QBBEQ1CAWS8Y65C,training,37,3,2,48,12,5,/tangrams/14_24.png,B4,"[""/tangrams/14_24.png"",""/tangrams/154_24.png"",""/tangrams/235_127.png"",""/tangrams/14_248.png""]","[""B4"",""A4"",""D1"",""B3""]",/tangrams/14_24.png,TRUE,/tangrams/14_24.png,01M1PVVDJXTQ0S1H8V336MES03,01M1PVVEHT22G3NCF8EGPQWRYM,1788550045872,NA,4
01M1PW3TF1102NS0751ED5HK72,01M1PVPVN19AKJQXAJWG447XT1,training,29,2,6,48,12,6,/tangrams/81_264.png,B1,"[""/tangrams/81_264.png"",""/tangrams/445_324.png"",""/tangrams/275_437.png"",""/tangrams/4_153.png""]","[""B1"",""D3"",""A2"",""C4""]",/tangrams/81_264.png,TRUE,/tangrams/81_264.png,01M1PVV4T08CWVFCAHVD9FMRR2,01M1PVVZD69SDYBBAB5MDTZSCB,1788549544669,NA,3
01M1PW6136ABCMF5C96E7SSMYY,01M1PVPWEFJ67VYTWGSHJ4XJ33,training,21,1,10,48,12,6,/tangrams/204_449.png,F8,"[""/tangrams/81_437.png"",""/tangrams/134_305.png"",""/tangrams/204_449.png"",""/tangrams/330_144.png""]","[""B2"",""F5"",""F8"",""F6""]",/tangrams/204_449.png,TRUE,/tangrams/204_449.png,01M1PVV71QMXF31FNN88616S34,01M1PVW7YQ0ZCTA6RRXWJ4B3KT,1788549370102,NA,2
01M1PW9CT5SZAK1Q01GN77CZZS,01M1PVPXF92SZVFC9KB45KHNG3,training,4,0,5,48,12,7,/tangrams/340_29.png,F1,"[""/tangrams/383_160.png"",""/tangrams/51_378.png"",""/tangrams/6_302.png"",""/tangrams/340_29.png""]","[""F7"",""F4"",""D4"",""F1""]",/tangrams/340_29.png,TRUE,/tangrams/340_29.png,01M1PVVXW244MSV8KK7TFJHPNZ,01M1PVVBRZ3YZPYCQZYDADYMR6,1788548627274,NA,1
01M1PWEJW41Z9T0BEZ5FC0MZJ4,01M1PVPXF92SZVFC9KBGN1TRXM,training,45,3,10,48,12,7,/tangrams/303_304.png,B3,"[""/tangrams/183_24.png"",""/tangrams/303_302.png"",""/tangrams/245_304.png"",""/tangrams/303_304.png""]","[""C1"",""B4"",""A3"",""B3""]",/tangrams/303_304.png,TRUE,/tangrams/303_304.png,01M1PVVCHSJDKDCMNAX28C9KTM,01M1PVZYRHDVK94JBPD96A2FVY,1788550549022,NA,4
01M1PW1ZEB5MT5R4DW9D80DDR4,01M1PVPTMX8QBBEQ1CAWS8Y65C,training,18,1,7,48,12,5,/tangrams/14_24.png,B4,"[""/tangrams/154_24.png"",""/tangrams/14_248.png"",""/tangrams/60_38.png"",""/tangrams/14_24.png""]","[""A4"",""B3"",""C2"",""B4""]",/tangrams/154_24.png,FALSE,/tangrams/154_24.png,01M1PVVEHT22G3NCF8EGPQWRYM,01M1PVVDJXTQ0S1H8V336MES03,1788549564027,NA,2
01M1PW1ZGS7DTEE74Z1SFD4SPK,01M1PVPTMX8QBBEQ1CAWS8Y65C,training,8,0,9,48,12,5,/tangrams/14_24.png,B4,"[""/tangrams/154_38.png"",""/tangrams/14_127.png"",""/tangrams/14_24.png"",""/tangrams/60_24.png""]","[""A2"",""B1"",""B4"",""C4""]",/tangrams/14_24.png,TRUE,/tangrams/14_24.png,01M1PVVEHT22G3NCF8EGPQWRYM,01M1PVVDJXTQ0S1H8V336MES03,1788549199396,NA,1
01M1PW2VT7AEGV1JX35XS51G30,01M1PVPTMT2TF5TMW6DY08RG1A,training,25,2,2,48,12,5,/tangrams/154_24.png,A4,"[""/tangrams/235_248.png"",""/tangrams/154_24.png"",""/tangrams/14_127.png"",""/tangrams/60_38.png""]","[""D3"",""A4"",""B1"",""C2""]",/tangrams/154_24.png,TRUE,/tangrams/154_24.png,01M1PVVTHSCRB56WAFX0KRCSX2,01M1PVVYCG3ZV9Y0QVDS434K08,1788549569103,NA,3
01M1PW7EGQCJ91EMS21MBFTPAG,01M1PVPWZ7KQZN2DHXW0TTKG9P,training,46,3,11,48,12,7,/tangrams/51_378.png,F4,"[""/tangrams/303_311.png"",""/tangrams/245_24.png"",""/tangrams/51_378.png"",""/tangrams/178_230.png""]","[""B2"",""A1"",""F4"",""F3""]",/tangrams/51_378.png,TRUE,/tangrams/51_378.png,01M1PVZ3NBFP4RQAMM34F5EPHD,01M1PVVTM3JYE18KKXW2DCV15S,1788550423917,NA,4
01M1PWBQM0Z7SEH58G2FD02F6X,01M1PVPY0135RYKX6QNWJW9HQ7,training,25,2,2,48,12,8,/tangrams/353_219.png,B2,"[""/tangrams/353_219.png"",""/tangrams/368_436.png"",""/tangrams/414_365.png"",""/tangrams/447_295.png""]","[""B2"",""A1"",""F6"",""F7""]",/tangrams/353_219.png,TRUE,/tangrams/353_219.png,01M1PVV5BA5A9YAQJQ9SAGP2BW,01M1PVW5G591MZ9WXE41XZDX0Y,1788549199345,NA,3
01M1PW2VMJHQZM4ZDJ1DX3KJYB,01M1PVPTMT2TF5TMW6DY08RG1A,training,38,3,3,48,12,5,/tangrams/235_248.png,D3,"[""/tangrams/14_127.png"",""/tangrams/154_38.png"",""/tangrams/60_24.png"",""/tangrams/235_248.png""]","[""B1"",""A2"",""C4"",""D3""]",/tangrams/235_248.png,TRUE,/tangrams/235_248.png,01M1PVVYCG3ZV9Y0QVDS434K08,01M1PVVTHSCRB56WAFX0KRCSX2,1788549788888,NA,4
01M1PW41CK7PN5TRYPHZMYBC46,01M1PVPTMYJEMSH2D4PPK54AQC,training,17,1,6,48,12,5,/tangrams/14_38.png,B2,"[""/tangrams/14_38.png"",""/tangrams/60_248.png"",""/tangrams/231_230.png"",""/tangrams/235_24.png""]","[""B2"",""C3"",""F7"",""D4""]",/tangrams/14_38.png,TRUE,/tangrams/14_38.png,01M1PVV1FSQ931Q08DC040FF4H,01M1PVXZCG5HBAN48J4YM7CT4J,1788548944996,NA,2
01M1PW6YBGMSHG7NF5CJ2YHQFG,01M1PVPWEJQS052PE7X7E1TZK9,training,35,2,12,48,12,6,/tangrams/4_153.png,C4,"[""/tangrams/81_324.png"",""/tangrams/275_437.png"",""/tangrams/445_264.png"",""/tangrams/4_153.png""]","[""B3"",""A2"",""D1"",""C4""]",/tangrams/4_153.png,TRUE,/tangrams/4_153.png,01M1PVVX5KFM5CFX55QQRWNDX8,01M1PVW75JX1QRKD2FQCCBJ017,1788549204035,NA,3
01M1PW9D9VD9DR2C2X4NZF6BMN,01M1PVPXF92SZVFC9KB45KHNG3,training,31,2,8,48,12,7,/tangrams/340_29.png,F1,"[""/tangrams/383_160.png"",""/tangrams/340_29.png"",""/tangrams/303_311.png"",""/tangrams/178_230.png""]","[""F7"",""F1"",""B2"",""F3""]",/tangrams/340_29.png,TRUE,/tangrams/340_29.png,01M1PVVBRZ3YZPYCQZYDADYMR6,01M1PVVXW244MSV8KK7TFJHPNZ,1788549207972,NA,3
01M1PW0KMG4MJ3YRBT13W500D4,01M1PVPSF9NDAT0BF7G6FNHKYQ,training,22,1,11,48,12,5,/tangrams/235_38.png,D2,"[""/tangrams/154_248.png"",""/tangrams/14_24.png"",""/tangrams/235_38.png"",""/tangrams/60_127.png""]","[""A3"",""B4"",""D2"",""C1""]",/tangrams/235_38.png,TRUE,/tangrams/235_38.png,01M1PVTRYDJNHHT05DKBKN76E5,01M1PVTG9CCCTFM1SEAAQ81WMP,1788548772163,NA,2
01M1PW0X793TKD4MAVWJ4PZ5DR,01M1PVPSFBNZXW40G11YGR32M6,training,12,1,1,48,12,5,/tangrams/154_38.png,A2,"[""/tangrams/60_38.png"",""/tangrams/14_24.png"",""/tangrams/154_38.png"",""/tangrams/154_248.png""]","[""C2"",""B4"",""A2"",""A3""]",/tangrams/154_38.png,TRUE,/tangrams/154_38.png,01M1PVVNQ4AT0NRB9TK929QH2E,01M1PVTRWTPC40C0HPR8RXXWTF,1788548631963,NA,2
01M1PW50S73SM9AF0CFATSCRHQ,01M1PVPVN43CJ2ZQS2FA0GJ1TX,training,47,3,12,48,12,6,/tangrams/445_153.png,D4,"[""/tangrams/445_153.png"",""/tangrams/424_432.png"",""/tangrams/275_264.png"",""/tangrams/222_36.png""]","[""D4"",""F4"",""A1"",""F7""]",/tangrams/445_153.png,TRUE,/tangrams/445_153.png,01M1PVW5BM9J57HJX5KJ260RG3,01M1PVW97TC4GVFYDVFB1SJ9WH,1788549893217,NA,4
01M1PW60YFMYW4EXHNBBCEFGGP,01M1PVPWEFJ67VYTWGSHJ4XJ33,training,0,0,1,48,12,6,/tangrams/134_305.png,F5,"[""/tangrams/384_354.png"",""/tangrams/81_437.png"",""/tangrams/134_305.png"",""/tangrams/222_36.png""]","[""F1"",""B2"",""F5"",""F7""]",/tangrams/81_437.png,FALSE,/tangrams/81_437.png,01M1PVW7YQ0ZCTA6RRXWJ4B3KT,01M1PVV71QMXF31FNN88616S34,1788548462413,NA,1
01M1PW6156KN9DKQ8FS0S86D7A,01M1PVPWEFJ67VYTWGSHJ4XJ33,training,27,2,4,48,12,6,/tangrams/424_432.png,F4,"[""/tangrams/399_84.png"",""/tangrams/330_144.png"",""/tangrams/275_264.png"",""/tangrams/424_432.png""]","[""F2"",""F6"",""A1"",""F4""]",/tangrams/424_432.png,TRUE,/tangrams/424_432.png,01M1PVV71QMXF31FNN88616S34,01M1PVW7YQ0ZCTA6RRXWJ4B3KT,1788549597462,NA,3
01M1PW6Y8BHTR9DX8TF9REKX24,01M1PVPWEJQS052PE7X7E1TZK9,training,25,2,2,48,12,6,/tangrams/81_324.png,B3,"[""/tangrams/81_324.png"",""/tangrams/445_264.png"",""/tangrams/275_153.png"",""/tangrams/4_437.png""]","[""B3"",""D1"",""A4"",""C2""]",/tangrams/81_324.png,TRUE,/tangrams/81_324.png,01M1PVVX5KFM5CFX55QQRWNDX8,01M1PVW75JX1QRKD2FQCCBJ017,1788549054267,NA,3
01M1PW8ZGY9ABVR5EDW40P7N74,01M1PVPWZ383HA8RRK2RFSW236,training,37,3,2,48,12,7,/tangrams/183_311.png,C2,"[""/tangrams/245_304.png"",""/tangrams/183_311.png"",""/tangrams/303_302.png"",""/tangrams/6_24.png""]","[""A3"",""C2"",""B4"",""D1""]",/tangrams/183_311.png,TRUE,/tangrams/183_311.png,01M1PVVZ2PG17JJTAZWDXWW3JQ,01M1PW2K6B8GZQ5Z02B5Q0TB2A,1788550500104,NA,4
01M1PW0X78Y9A8Z5Z16WF0AR58,01M1PVPSFBNZXW40G11YGR32M6,training,11,0,12,48,12,5,/tangrams/154_24.png,A4,"[""/tangrams/235_127.png"",""/tangrams/154_24.png"",""/tangrams/14_24.png"",""/tangrams/154_248.png""]","[""D1"",""A4"",""B4"",""A3""]",/tangrams/154_24.png,TRUE,/tangrams/154_24.png,01M1PVTRWTPC40C0HPR8RXXWTF,01M1PVVNQ4AT0NRB9TK929QH2E,1788548611741,NA,1
01M1PW616WF2HECS3S20Q5ZEDS,01M1PVPWEFJ67VYTWGSHJ4XJ33,training,35,2,12,48,12,6,/tangrams/445_153.png,D4,"[""/tangrams/204_449.png"",""/tangrams/222_36.png"",""/tangrams/445_153.png"",""/tangrams/424_432.png""]","[""F8"",""F7"",""D4"",""F4""]",/tangrams/445_153.png,TRUE,/tangrams/445_153.png,01M1PVV71QMXF31FNN88616S34,01M1PVW7YQ0ZCTA6RRXWJ4B3KT,1788549837979,NA,3
01M1PWBQV0EXK6S5ASK432K43J,01M1PVPY0135RYKX6QNWJW9HQ7,training,38,3,3,48,12,8,/tangrams/101_61.png,F2,"[""/tangrams/371_100.png"",""/tangrams/277_238.png"",""/tangrams/101_61.png"",""/tangrams/311_205.png""]","[""F1"",""F8"",""F2"",""F4""]",/tangrams/101_61.png,TRUE,/tangrams/101_61.png,01M1PVW5G591MZ9WXE41XZDX0Y,01M1PVV5BA5A9YAQJQ9SAGP2BW,1788549474950,NA,4
01M1PWG147QXQ00KJ23NWNT4SM,01M1PVPY02TEGASTZW7B0B44PE,training,44,3,9,48,12,8,/tangrams/265_219.png,C2,"[""/tangrams/265_444.png"",""/tangrams/265_219.png"",""/tangrams/192_235.png"",""/tangrams/368_219.png""]","[""C4"",""C2"",""D3"",""A2""]",/tangrams/265_219.png,TRUE,/tangrams/265_219.png,01M1PWAKPMFG2PF8ZD5WBT5ANA,01M1PW1KKGDQJPNSP87YDPE8Y2,1788551691723,NA,4
01M1PWJSFNF3MV0895X8S60B77,01M1PVPY05YMN5QBCZG3YB2C9A,training,15,1,4,48,12,8,/tangrams/192_235.png,D3,"[""/tangrams/368_444.png"",""/tangrams/265_219.png"",""/tangrams/192_235.png"",""/tangrams/353_436.png""]","[""A4"",""C2"",""D3"",""B1""]",NA,NA,NA,NA,NA,NA,NA,2
01M1PW41EY7J3Q03R465NH095S,01M1PVPTMYJEMSH2D4PPK54AQC,training,3,0,4,48,12,5,/tangrams/235_24.png,D4,"[""/tangrams/235_24.png"",""/tangrams/231_230.png"",""/tangrams/386_283.png"",""/tangrams/337_178.png""]","[""D4"",""F7"",""F2"",""F6""]",/tangrams/235_24.png,TRUE,/tangrams/235_24.png,01M1PVV1FSQ931Q08DC040FF4H,01M1PVXZCG5HBAN48J4YM7CT4J,1788548444410,NA,1
01M1PW51333SKSQ731QQ3JTAJY,01M1PVPVN43CJ2ZQS2FA0GJ1TX,training,10,0,11,48,12,6,/tangrams/222_36.png,F7,"[""/tangrams/70_426.png"",""/tangrams/134_305.png"",""/tangrams/222_36.png"",""/tangrams/4_324.png""]","[""F3"",""F5"",""F7"",""C3""]",/tangrams/222_36.png,TRUE,/tangrams/222_36.png,01M1PVW97TC4GVFYDVFB1SJ9WH,01M1PVW5BM9J57HJX5KJ260RG3,1788548717337,NA,1
01M1PW5RA7YH4PECVC52T52WHM,01M1PVPWEGF3RQQ2BZJMHJW5WT,training,34,2,11,48,12,6,/tangrams/445_264.png,D1,"[""/tangrams/81_264.png"",""/tangrams/445_264.png"",""/tangrams/4_153.png"",""/tangrams/445_324.png""]","[""B1"",""D1"",""C4"",""D3""]",/tangrams/445_264.png,TRUE,/tangrams/445_264.png,01M1PVZMF178XCTABPVTWNQQ3Q,01M1PVV9N1B5JSVGVHP53ND1FH,1788550148157,NA,3
01M1PW6KFCDAFD90KJH7BWQWDF,01M1PVPWZ82WNHXNHFM772HZSY,training,1,0,2,48,12,7,/tangrams/245_302.png,A4,"[""/tangrams/6_304.png"",""/tangrams/245_311.png"",""/tangrams/303_302.png"",""/tangrams/245_302.png""]","[""D3"",""A2"",""B4"",""A4""]",/tangrams/245_302.png,TRUE,/tangrams/245_302.png,01M1PVV2HGBFFFP8TQ2JTHYBNF,01M1PVWG3MVC1D7FV8A8CY40QY,1788548820052,NA,1
01M1PW6XZ6P55R7CG2GGGAQ3JM,01M1PVPWEJQS052PE7X7E1TZK9,training,6,0,7,48,12,6,/tangrams/445_437.png,D2,"[""/tangrams/275_153.png"",""/tangrams/4_264.png"",""/tangrams/445_437.png"",""/tangrams/81_324.png""]","[""A4"",""C1"",""D2"",""B3""]",/tangrams/445_437.png,TRUE,/tangrams/445_437.png,01M1PVW75JX1QRKD2FQCCBJ017,01M1PVVX5KFM5CFX55QQRWNDX8,1788548689063,NA,1
01M1PWGJ8RQMH88EVM9TPHH4M0,01M1PVPXF8XP3FTSCWE2SZ4KAJ,training,28,2,5,48,12,7,/tangrams/245_302.png,A4,"[""/tangrams/303_304.png"",""/tangrams/183_311.png"",""/tangrams/245_302.png"",""/tangrams/6_24.png""]","[""B3"",""C2"",""A4"",""D1""]",/tangrams/245_302.png,TRUE,/tangrams/245_302.png,01M1PW23TCTCTWR44KF0HW1TG2,01M1PVW253SKBG4X7GTPVKZWRC,1788550133402,NA,3
01M1PW1ZNH0EJEXWRHKZK6C2AA,01M1PVPTMX8QBBEQ1CAWS8Y65C,training,21,1,10,48,12,5,/tangrams/154_24.png,A4,"[""/tangrams/154_24.png"",""/tangrams/60_24.png"",""/tangrams/154_38.png"",""/tangrams/14_248.png""]","[""A4"",""C4"",""A2"",""B3""]",/tangrams/154_24.png,TRUE,/tangrams/154_24.png,01M1PVVDJXTQ0S1H8V336MES03,01M1PVVEHT22G3NCF8EGPQWRYM,1788549668609,NA,2
01M1PW9D8XDF5SDQRHX9SAKWGH,01M1PVPXF92SZVFC9KB45KHNG3,training,28,2,5,48,12,7,/tangrams/35_447.png,F8,"[""/tangrams/286_225.png"",""/tangrams/35_447.png"",""/tangrams/391_404.png"",""/tangrams/51_378.png""]","[""F6"",""F8"",""F5"",""F4""]",/tangrams/35_447.png,TRUE,/tangrams/35_447.png,01M1PVVXW244MSV8KK7TFJHPNZ,01M1PVVBRZ3YZPYCQZYDADYMR6,1788549157881,NA,3
01M1PW0KKA4RRF7086JPGAEAH9,01M1PVPSF9NDAT0BF7G6FNHKYQ,training,39,3,4,48,12,5,/tangrams/154_248.png,A3,"[""/tangrams/235_38.png"",""/tangrams/60_127.png"",""/tangrams/154_248.png"",""/tangrams/14_24.png""]","[""D2"",""C1"",""A3"",""B4""]",/tangrams/154_248.png,TRUE,/tangrams/154_248.png,01M1PVTG9CCCTFM1SEAAQ81WMP,01M1PVTRYDJNHHT05DKBKN76E5,1788549142136,NA,4
01M1PW1ZMDTDRP7TMCAEQTKS1Z,01M1PVPTMX8QBBEQ1CAWS8Y65C,training,29,2,6,48,12,5,/tangrams/60_38.png,C2,"[""/tangrams/60_38.png"",""/tangrams/60_24.png"",""/tangrams/14_127.png"",""/tangrams/235_38.png""]","[""C2"",""C4"",""B1"",""D2""]",/tangrams/60_38.png,TRUE,/tangrams/60_38.png,01M1PVVDJXTQ0S1H8V336MES03,01M1PVVEHT22G3NCF8EGPQWRYM,1788549883804,NA,3
01M1PW3GQTRJGZ536FX7XE7N0A,01M1PVPVN58XQ8WD43NR9G03HY,training,46,3,11,48,12,6,/tangrams/275_324.png,A3,"[""/tangrams/81_324.png"",""/tangrams/275_324.png"",""/tangrams/4_437.png"",""/tangrams/275_153.png""]","[""B3"",""A3"",""C2"",""A4""]",NA,NA,NA,NA,NA,NA,NA,4
01M1PW3T9VD974VCZPFSTHQ7ST,01M1PVPVN19AKJQXAJWG447XT1,training,17,1,6,48,12,6,/tangrams/275_437.png,A2,"[""/tangrams/275_437.png"",""/tangrams/4_153.png"",""/tangrams/81_324.png"",""/tangrams/445_264.png""]","[""A2"",""C4"",""B3"",""D1""]",/tangrams/275_437.png,TRUE,/tangrams/275_437.png,01M1PVV4T08CWVFCAHVD9FMRR2,01M1PVVZD69SDYBBAB5MDTZSCB,1788549296753,NA,2
01M1PWGJ69V7MKPYMEHM3E9HTK,01M1PVPXF8XP3FTSCWE2SZ4KAJ,training,23,1,12,48,12,7,/tangrams/245_304.png,A3,"[""/tangrams/245_304.png"",""/tangrams/303_302.png"",""/tangrams/6_311.png"",""/tangrams/183_24.png""]","[""A3"",""B4"",""D2"",""C1""]",/tangrams/245_304.png,TRUE,/tangrams/245_304.png,01M1PVW253SKBG4X7GTPVKZWRC,01M1PW23TCTCTWR44KF0HW1TG2,1788549992746,NA,2
01M1PWJSCCW64J94VNP84CXW8G,01M1PVPY05YMN5QBCZG3YB2C9A,training,2,0,3,48,12,8,/tangrams/265_444.png,C4,"[""/tangrams/368_235.png"",""/tangrams/265_444.png"",""/tangrams/192_219.png"",""/tangrams/353_436.png""]","[""A3"",""C4"",""D2"",""B1""]",NA,FALSE,NA,01M1PWD5NE4VVV7NW46K2R05YS,01M1PW6E4667Y67QGT0X6HJCYF,NA,NA,1
01M1PW2VJ4495RSV1DPNDQMQAE,01M1PVPTMT2TF5TMW6DY08RG1A,training,30,2,7,48,12,5,/tangrams/235_127.png,D1,"[""/tangrams/60_38.png"",""/tangrams/235_127.png"",""/tangrams/154_248.png"",""/tangrams/14_24.png""]","[""C2"",""D1"",""A3"",""B4""]",/tangrams/235_127.png,TRUE,/tangrams/235_127.png,01M1PVVYCG3ZV9Y0QVDS434K08,01M1PVVTHSCRB56WAFX0KRCSX2,1788549670286,NA,3
01M1PW3TBD3DF0DFDRAB0X9PXE,01M1PVPVN19AKJQXAJWG447XT1,training,21,1,10,48,12,6,/tangrams/81_324.png,B3,"[""/tangrams/4_153.png"",""/tangrams/275_437.png"",""/tangrams/445_264.png"",""/tangrams/81_324.png""]","[""C4"",""A2"",""D1"",""B3""]",/tangrams/81_324.png,TRUE,/tangrams/81_324.png,01M1PVV4T08CWVFCAHVD9FMRR2,01M1PVVZD69SDYBBAB5MDTZSCB,1788549393460,NA,2
01M1PW5R0H2WE09PGF87G11GRB,01M1PVPWEGF3RQQ2BZJMHJW5WT,training,4,0,5,48,12,6,/tangrams/445_437.png,D2,"[""/tangrams/445_437.png"",""/tangrams/81_153.png"",""/tangrams/4_437.png"",""/tangrams/445_264.png""]","[""D2"",""B4"",""C2"",""D1""]",/tangrams/445_437.png,TRUE,/tangrams/445_437.png,01M1PVZMF178XCTABPVTWNQQ3Q,01M1PVV9N1B5JSVGVHP53ND1FH,1788549042432,NA,1
01M1PW7EH2V6C9S08R1BBC4776,01M1PVPWZ7KQZN2DHXW0TTKG9P,training,45,3,10,48,12,7,/tangrams/340_29.png,F1,"[""/tangrams/383_160.png"",""/tangrams/340_29.png"",""/tangrams/183_304.png"",""/tangrams/35_447.png""]","[""F7"",""F1"",""C3"",""F8""]",/tangrams/340_29.png,TRUE,/tangrams/340_29.png,01M1PVVTM3JYE18KKXW2DCV15S,01M1PVZ3NBFP4RQAMM34F5EPHD,1788550394657,NA,4
01M1PW7EQAC71DQM3HHNS9H67X,01M1PVPWZ7KQZN2DHXW0TTKG9P,training,36,3,1,48,12,7,/tangrams/391_404.png,F5,"[""/tangrams/286_225.png"",""/tangrams/391_404.png"",""/tangrams/51_378.png"",""/tangrams/303_311.png""]","[""F6"",""F5"",""F4"",""B2""]",/tangrams/391_404.png,TRUE,/tangrams/391_404.png,01M1PVZ3NBFP4RQAMM34F5EPHD,01M1PVVTM3JYE18KKXW2DCV15S,1788550058460,NA,4
01M1PW8ZMBN0CZGJGPMYA0BGM9,01M1PVPWZ383HA8RRK2RFSW236,training,26,2,3,48,12,7,/tangrams/183_302.png,C4,"[""/tangrams/6_311.png"",""/tangrams/245_304.png"",""/tangrams/303_24.png"",""/tangrams/183_302.png""]","[""D2"",""A3"",""B1"",""C4""]",/tangrams/183_302.png,TRUE,/tangrams/183_302.png,01M1PW2K6B8GZQ5Z02B5Q0TB2A,01M1PVVZ2PG17JJTAZWDXWW3JQ,1788550194619,NA,3
01M1PWG17PF26K489CCB2G7WAJ,01M1PVPY02TEGASTZW7B0B44PE,training,36,3,1,48,12,8,/tangrams/353_235.png,B3,"[""/tangrams/368_444.png"",""/tangrams/353_235.png"",""/tangrams/192_235.png"",""/tangrams/353_436.png""]","[""A4"",""B3"",""D3"",""B1""]",/tangrams/353_235.png,TRUE,/tangrams/353_235.png,01M1PWAKPMFG2PF8ZD5WBT5ANA,01M1PW1KKGDQJPNSP87YDPE8Y2,1788551435400,NA,4
01M1PWGHWSSEPC6ACPYT0WEN7N,01M1PVPXF8XP3FTSCWE2SZ4KAJ,training,3,0,4,48,12,7,/tangrams/183_311.png,C2,"[""/tangrams/303_302.png"",""/tangrams/245_304.png"",""/tangrams/183_311.png"",""/tangrams/6_24.png""]","[""B4"",""A3"",""C2"",""D1""]",/tangrams/183_311.png,TRUE,/tangrams/183_311.png,01M1PVW253SKBG4X7GTPVKZWRC,01M1PW23TCTCTWR44KF0HW1TG2,1788549241813,NA,1
01M1PW2VQBESGYCFZBKH3AT86J,01M1PVPTMT2TF5TMW6DY08RG1A,training,21,1,10,48,12,5,/tangrams/154_38.png,A2,"[""/tangrams/235_127.png"",""/tangrams/60_24.png"",""/tangrams/14_248.png"",""/tangrams/154_38.png""]","[""D1"",""C4"",""B3"",""A2""]",/tangrams/154_38.png,TRUE,/tangrams/154_38.png,01M1PVVTHSCRB56WAFX0KRCSX2,01M1PVVYCG3ZV9Y0QVDS434K08,1788549506386,NA,2
01M1PW3GRR1D33VWW55JHCGJ4S,01M1PVPVN58XQ8WD43NR9G03HY,training,40,3,5,48,12,6,/tangrams/81_324.png,B3,"[""/tangrams/445_437.png"",""/tangrams/275_324.png"",""/tangrams/81_324.png"",""/tangrams/81_153.png""]","[""D2"",""A3"",""B3"",""B4""]",NA,NA,NA,NA,NA,NA,NA,4
01M1PW616CBVTY01T3A4M7M9B0,01M1PVPWEFJ67VYTWGSHJ4XJ33,training,33,2,10,48,12,6,/tangrams/81_437.png,B2,"[""/tangrams/204_449.png"",""/tangrams/4_324.png"",""/tangrams/81_437.png"",""/tangrams/399_84.png""]","[""F8"",""C3"",""B2"",""F2""]",/tangrams/81_437.png,TRUE,/tangrams/81_437.png,01M1PVV71QMXF31FNN88616S34,01M1PVW7YQ0ZCTA6RRXWJ4B3KT,1788549763567,NA,3
01M1PW9D89JNF9NW57DF32K0MZ,01M1PVPXF92SZVFC9KB45KHNG3,training,26,2,3,48,12,7,/tangrams/303_311.png,B2,"[""/tangrams/391_404.png"",""/tangrams/303_311.png"",""/tangrams/340_29.png"",""/tangrams/241_420.png""]","[""F5"",""B2"",""F1"",""F2""]",/tangrams/303_311.png,TRUE,/tangrams/303_311.png,01M1PVVXW244MSV8KK7TFJHPNZ,01M1PVVBRZ3YZPYCQZYDADYMR6,1788549129579,NA,3
01M1PW3T6ZNWHTVNMHYA5JY6T1,01M1PVPVN19AKJQXAJWG447XT1,training,2,0,3,48,12,6,/tangrams/81_153.png,B4,"[""/tangrams/81_153.png"",""/tangrams/275_324.png"",""/tangrams/445_264.png"",""/tangrams/4_437.png""]","[""B4"",""A3"",""D1"",""C2""]",/tangrams/81_153.png,TRUE,/tangrams/81_153.png,01M1PVVZD69SDYBBAB5MDTZSCB,01M1PVV4T08CWVFCAHVD9FMRR2,1788548831547,NA,1
01M1PW3THQB19905JXQGSN1338,01M1PVPVN19AKJQXAJWG447XT1,training,39,3,4,48,12,6,/tangrams/275_437.png,A2,"[""/tangrams/445_324.png"",""/tangrams/81_264.png"",""/tangrams/4_153.png"",""/tangrams/275_437.png""]","[""D3"",""B1"",""C4"",""A2""]",/tangrams/275_437.png,TRUE,/tangrams/275_437.png,01M1PVV4T08CWVFCAHVD9FMRR2,01M1PVVZD69SDYBBAB5MDTZSCB,1788549703906,NA,4
01M1PW6KNBYQJ266RVP3F6P78P,01M1PVPWZ82WNHXNHFM772HZSY,training,28,2,5,48,12,7,/tangrams/6_304.png,D3,"[""/tangrams/303_304.png"",""/tangrams/6_304.png"",""/tangrams/245_311.png"",""/tangrams/6_24.png""]","[""B3"",""D3"",""A2"",""D1""]",/tangrams/6_304.png,TRUE,/tangrams/6_304.png,01M1PVWG3MVC1D7FV8A8CY40QY,01M1PVV2HGBFFFP8TQ2JTHYBNF,1788549804571,NA,3
01M1PW9DD1C5E20W1QS6QYFNKF,01M1PVPXF92SZVFC9KB45KHNG3,training,38,3,3,48,12,7,/tangrams/183_304.png,C3,"[""/tangrams/303_311.png"",""/tangrams/340_29.png"",""/tangrams/183_304.png"",""/tangrams/286_225.png""]","[""B2"",""F1"",""C3"",""F6""]",/tangrams/183_304.png,TRUE,/tangrams/183_304.png,01M1PVVXW244MSV8KK7TFJHPNZ,01M1PVVBRZ3YZPYCQZYDADYMR6,1788549332864,NA,4
01M1PW0X7MX49KFYFGA4K1E56J,01M1PVPSFBNZXW40G11YGR32M6,training,47,3,12,48,12,5,/tangrams/154_38.png,A2,"[""/tangrams/14_127.png"",""/tangrams/154_24.png"",""/tangrams/154_38.png"",""/tangrams/235_38.png""]","[""B1"",""A4"",""A2"",""D2""]",/tangrams/154_38.png,TRUE,/tangrams/154_38.png,01M1PVTRWTPC40C0HPR8RXXWTF,01M1PVVNQ4AT0NRB9TK929QH2E,1788549218438,NA,4
01M1PW6XXM4J1FYZK921TJAJA6,01M1PVPWEJQS052PE7X7E1TZK9,training,2,0,3,48,12,6,/tangrams/275_437.png,A2,"[""/tangrams/81_153.png"",""/tangrams/275_437.png"",""/tangrams/4_264.png"",""/tangrams/445_324.png""]","[""B4"",""A2"",""C1"",""D3""]",/tangrams/275_437.png,TRUE,/tangrams/275_437.png,01M1PVW75JX1QRKD2FQCCBJ017,01M1PVVX5KFM5CFX55QQRWNDX8,1788548581366,NA,1
01M1PWEJMB7DGS08EPF37HSFQB,01M1PVPXF92SZVFC9KBGN1TRXM,training,22,1,11,48,12,7,/tangrams/183_311.png,C2,"[""/tangrams/6_311.png"",""/tangrams/183_24.png"",""/tangrams/183_311.png"",""/tangrams/245_304.png""]","[""D2"",""C1"",""C2"",""A3""]",/tangrams/183_311.png,TRUE,/tangrams/183_311.png,01M1PVZYRHDVK94JBPD96A2FVY,01M1PVVCHSJDKDCMNAX28C9KTM,1788549837450,NA,2
01M1PW514B6E44GQN4ZW96EW92,01M1PVPVN43CJ2ZQS2FA0GJ1TX,training,30,2,7,48,12,6,/tangrams/384_354.png,F1,"[""/tangrams/222_36.png"",""/tangrams/4_324.png"",""/tangrams/134_305.png"",""/tangrams/384_354.png""]","[""F7"",""C3"",""F5"",""F1""]",/tangrams/384_354.png,TRUE,/tangrams/384_354.png,01M1PVW97TC4GVFYDVFB1SJ9WH,01M1PVW5BM9J57HJX5KJ260RG3,1788549442456,NA,3
01M1PW6YCEX46ETTWBDQQBPTA8,01M1PVPWEJQS052PE7X7E1TZK9,training,47,3,12,48,12,6,/tangrams/275_324.png,A3,"[""/tangrams/445_264.png"",""/tangrams/81_153.png"",""/tangrams/275_324.png"",""/tangrams/4_437.png""]","[""D1"",""B4"",""A3"",""C2""]",/tangrams/275_324.png,TRUE,/tangrams/275_324.png,01M1PVVX5KFM5CFX55QQRWNDX8,01M1PVW75JX1QRKD2FQCCBJ017,1788549351499,NA,4
01M1PW7EP9A93C9KEJBZD3W6SW,01M1PVPWZ7KQZN2DHXW0TTKG9P,training,39,3,4,48,12,7,/tangrams/245_24.png,A1,"[""/tangrams/391_404.png"",""/tangrams/245_24.png"",""/tangrams/286_225.png"",""/tangrams/178_230.png""]","[""F5"",""A1"",""F6"",""F3""]",/tangrams/245_24.png,TRUE,/tangrams/245_24.png,01M1PVVTM3JYE18KKXW2DCV15S,01M1PVZ3NBFP4RQAMM34F5EPHD,1788550135181,NA,4
01M1PWBR7NG7A2ASKYJ89EXP5F,01M1PVPY0135RYKX6QNWJW9HQ7,training,7,0,8,48,12,8,/tangrams/192_444.png,D4,"[""/tangrams/447_295.png"",""/tangrams/192_444.png"",""/tangrams/194_445.png"",""/tangrams/414_365.png""]","[""F7"",""D4"",""F3"",""F6""]",/tangrams/192_444.png,TRUE,/tangrams/192_444.png,01M1PVV5BA5A9YAQJQ9SAGP2BW,01M1PVW5G591MZ9WXE41XZDX0Y,1788548742123,NA,1
01M1PWJSWV1SKWYJH2KKPYPSA9,01M1PVPY05YMN5QBCZG3YB2C9A,training,11,0,12,48,12,8,/tangrams/265_436.png,C1,"[""/tangrams/368_235.png"",""/tangrams/353_444.png"",""/tangrams/192_219.png"",""/tangrams/265_436.png""]","[""A3"",""B4"",""D2"",""C1""]",NA,NA,NA,NA,NA,NA,NA,1
01M1PW3GTY707C6RD72V9D0A80,01M1PVPVN58XQ8WD43NR9G03HY,training,30,2,7,48,12,6,/tangrams/445_324.png,D3,"[""/tangrams/445_437.png"",""/tangrams/4_264.png"",""/tangrams/81_324.png"",""/tangrams/445_324.png""]","[""D2"",""C1"",""B3"",""D3""]",NA,NA,NA,NA,NA,NA,NA,3
01M1PW50TYKGSP3QPTYP22Q26X,01M1PVPVN43CJ2ZQS2FA0GJ1TX,training,38,3,3,48,12,6,/tangrams/81_437.png,B2,"[""/tangrams/275_264.png"",""/tangrams/70_426.png"",""/tangrams/81_437.png"",""/tangrams/204_449.png""]","[""A1"",""F3"",""B2"",""F8""]",/tangrams/81_437.png,TRUE,/tangrams/81_437.png,01M1PVW97TC4GVFYDVFB1SJ9WH,01M1PVW5BM9J57HJX5KJ260RG3,1788549720412,NA,4
01M1PW618JK3EVXN7WXPFPXHQE,01M1PVPWEFJ67VYTWGSHJ4XJ33,training,43,3,8,48,12,6,/tangrams/81_437.png,B2,"[""/tangrams/275_264.png"",""/tangrams/445_153.png"",""/tangrams/81_437.png"",""/tangrams/384_354.png""]","[""A1"",""D4"",""B2"",""F1""]",/tangrams/81_437.png,TRUE,/tangrams/81_437.png,01M1PVV71QMXF31FNN88616S34,01M1PVW7YQ0ZCTA6RRXWJ4B3KT,1788550076190,NA,4
01M1PW9CP5R91W8V2F21PA6WG0,01M1PVPXF92SZVFC9KB45KHNG3,training,0,0,1,48,12,7,/tangrams/245_24.png,A1,"[""/tangrams/6_302.png"",""/tangrams/286_225.png"",""/tangrams/245_24.png"",""/tangrams/183_304.png""]","[""D4"",""F6"",""A1"",""C3""]",/tangrams/286_225.png,FALSE,/tangrams/286_225.png,01M1PVVXW244MSV8KK7TFJHPNZ,01M1PVVBRZ3YZPYCQZYDADYMR6,1788548503230,1788548493843,1
01M1PWEJNTZWNPP7PNK0P3VGND,01M1PVPXF92SZVFC9KBGN1TRXM,training,35,2,12,48,12,7,/tangrams/303_304.png,B3,"[""/tangrams/303_24.png"",""/tangrams/303_304.png"",""/tangrams/183_302.png"",""/tangrams/245_304.png""]","[""B1"",""B3"",""C4"",""A3""]",/tangrams/303_304.png,TRUE,/tangrams/303_304.png,01M1PVVCHSJDKDCMNAX28C9KTM,01M1PVZYRHDVK94JBPD96A2FVY,1788550258066,NA,3
01M1PW1530KEBP3BRA1GD52D7V,01M1PVPSFBNZXW40G11G9DGVKY,training,22,1,11,48,12,5,/tangrams/386_283.png,F2,"[""/tangrams/321_445.png"",""/tangrams/154_127.png"",""/tangrams/411_421.png"",""/tangrams/386_283.png""]","[""F1"",""A1"",""F3"",""F2""]",/tangrams/386_283.png,TRUE,/tangrams/386_283.png,01M1PVVNH6WEMGKMEM2F9XPCJS,01M1PVTZDZSFSRFW0Y011447D5,1788549130967,NA,2
01M1PW8ZMXRR8NWNPP2G38HSCR,01M1PVPWZ383HA8RRK2RFSW236,training,24,2,1,48,12,7,/tangrams/303_24.png,B1,"[""/tangrams/245_304.png"",""/tangrams/183_302.png"",""/tangrams/303_24.png"",""/tangrams/6_311.png""]","[""A3"",""C4"",""B1"",""D2""]",/tangrams/303_24.png,TRUE,/tangrams/303_24.png,01M1PW2K6B8GZQ5Z02B5Q0TB2A,01M1PVVZ2PG17JJTAZWDXWW3JQ,1788550137332,NA,3
01M1PW8ZX1EQE634S6VNC58EQT,01M1PVPWZ383HA8RRK2RFSW236,training,6,0,7,48,12,7,/tangrams/183_311.png,C2,"[""/tangrams/245_302.png"",""/tangrams/303_304.png"",""/tangrams/183_311.png"",""/tangrams/6_24.png""]","[""A4"",""B3"",""C2"",""D1""]",/tangrams/183_311.png,TRUE,/tangrams/183_311.png,01M1PW2K6B8GZQ5Z02B5Q0TB2A,01M1PVVZ2PG17JJTAZWDXWW3JQ,1788549496286,NA,1
01M1PWG1DKK7JK3VFC0994H6G5,01M1PVPY02TEGASTZW7B0B44PE,training,21,1,10,48,12,8,/tangrams/353_436.png,B1,"[""/tangrams/353_444.png"",""/tangrams/265_219.png"",""/tangrams/353_436.png"",""/tangrams/192_436.png""]","[""B4"",""C2"",""B1"",""D1""]",/tangrams/353_436.png,TRUE,/tangrams/353_436.png,01M1PW1KKGDQJPNSP87YDPE8Y2,01M1PWAKPMFG2PF8ZD5WBT5ANA,1788550884349,NA,2
01M1PW8ZP0HMDY31F3J69Z71QC,01M1PVPWZ383HA8RRK2RFSW236,training,47,3,12,48,12,7,/tangrams/183_302.png,C4,"[""/tangrams/303_24.png"",""/tangrams/245_304.png"",""/tangrams/6_311.png"",""/tangrams/183_302.png""]","[""B1"",""A3"",""D2"",""C4""]",/tangrams/183_302.png,TRUE,/tangrams/183_302.png,01M1PVVZ2PG17JJTAZWDXWW3JQ,01M1PW2K6B8GZQ5Z02B5Q0TB2A,1788550692747,NA,4
01M1PW50SW8WB1KNRSYKB5E4KA,01M1PVPVN43CJ2ZQS2FA0GJ1TX,training,44,3,9,48,12,6,/tangrams/399_84.png,F2,"[""/tangrams/384_354.png"",""/tangrams/275_264.png"",""/tangrams/399_84.png"",""/tangrams/70_426.png""]","[""F1"",""A1"",""F2"",""F3""]",/tangrams/399_84.png,TRUE,/tangrams/399_84.png,01M1PVW97TC4GVFYDVFB1SJ9WH,01M1PVW5BM9J57HJX5KJ260RG3,1788549830271,NA,4
01M1PWBR0V44AASFG0K9BEWQ67,01M1PVPY0135RYKX6QNWJW9HQ7,training,24,2,1,48,12,8,/tangrams/194_445.png,F3,"[""/tangrams/311_205.png"",""/tangrams/447_295.png"",""/tangrams/368_436.png"",""/tangrams/194_445.png""]","[""F4"",""F7"",""A1"",""F3""]",/tangrams/194_445.png,TRUE,/tangrams/194_445.png,01M1PVW5G591MZ9WXE41XZDX0Y,01M1PVV5BA5A9YAQJQ9SAGP2BW,1788549150613,NA,3
01M1PW0KKYXG61SAC7YG3YWF3J,01M1PVPSF9NDAT0BF7G6FNHKYQ,training,40,3,5,48,12,5,/tangrams/235_127.png,D1,"[""/tangrams/14_248.png"",""/tangrams/235_127.png"",""/tangrams/60_24.png"",""/tangrams/154_38.png""]","[""B3"",""D1"",""C4"",""A2""]",/tangrams/235_127.png,TRUE,/tangrams/235_127.png,01M1PVTRYDJNHHT05DKBKN76E5,01M1PVTG9CCCTFM1SEAAQ81WMP,1788549168041,NA,4
01M1PW0X7SJATE9Q2HP17RE53A,01M1PVPSFBNZXW40G11YGR32M6,training,18,1,7,48,12,5,/tangrams/235_248.png,D3,"[""/tangrams/154_38.png"",""/tangrams/235_248.png"",""/tangrams/14_248.png"",""/tangrams/235_127.png""]","[""A2"",""D3"",""B3"",""D1""]",/tangrams/235_248.png,TRUE,/tangrams/235_248.png,01M1PVVNQ4AT0NRB9TK929QH2E,01M1PVTRWTPC40C0HPR8RXXWTF,1788548731257,NA,2
01M1PW2VMV91342E44N43S0Q74,01M1PVPTMT2TF5TMW6DY08RG1A,training,35,2,12,48,12,5,/tangrams/235_248.png,D3,"[""/tangrams/235_248.png"",""/tangrams/14_127.png"",""/tangrams/60_24.png"",""/tangrams/154_38.png""]","[""D3"",""B1"",""C4"",""A2""]",/tangrams/235_248.png,TRUE,/tangrams/235_248.png,01M1PVVTHSCRB56WAFX0KRCSX2,01M1PVVYCG3ZV9Y0QVDS434K08,1788549750730,NA,3
01M1PW3GVES59R7NZ6V7Q68JHR,01M1PVPVN58XQ8WD43NR9G03HY,training,26,2,3,48,12,6,/tangrams/445_437.png,D2,"[""/tangrams/81_153.png"",""/tangrams/445_264.png"",""/tangrams/445_437.png"",""/tangrams/4_437.png""]","[""B4"",""D1"",""D2"",""C2""]",NA,NA,NA,NA,NA,NA,NA,3
01M1PW9DB739RZ4G8Z5FN0YP7E,01M1PVPXF92SZVFC9KB45KHNG3,training,34,2,11,48,12,7,/tangrams/178_230.png,F3,"[""/tangrams/6_302.png"",""/tangrams/391_404.png"",""/tangrams/183_304.png"",""/tangrams/178_230.png""]","[""D4"",""F5"",""C3"",""F3""]",/tangrams/178_230.png,TRUE,/tangrams/178_230.png,01M1PVVXW244MSV8KK7TFJHPNZ,01M1PVVBRZ3YZPYCQZYDADYMR6,1788549275505,NA,3
01M1PW9DFWMWD4GQ75M1N1W9NN,01M1PVPXF92SZVFC9KB45KHNG3,training,45,3,10,48,12,7,/tangrams/303_311.png,B2,"[""/tangrams/178_230.png"",""/tangrams/303_311.png"",""/tangrams/183_304.png"",""/tangrams/391_404.png""]","[""F3"",""B2"",""C3"",""F5""]",/tangrams/303_311.png,TRUE,/tangrams/303_311.png,01M1PVVBRZ3YZPYCQZYDADYMR6,01M1PVVXW244MSV8KK7TFJHPNZ,1788549443240,NA,4
01M1PWEJQMDMZMAT1VY2VA6DR3,01M1PVPXF92SZVFC9KBGN1TRXM,training,26,2,3,48,12,7,/tangrams/303_302.png,B4,"[""/tangrams/183_24.png"",""/tangrams/303_304.png"",""/tangrams/303_302.png"",""/tangrams/245_302.png""]","[""C1"",""B3"",""B4"",""A4""]",/tangrams/303_302.png,TRUE,/tangrams/303_302.png,01M1PVZYRHDVK94JBPD96A2FVY,01M1PVVCHSJDKDCMNAX28C9KTM,1788549980865,NA,3
01M1PW41F939EDX95YGSH6BF6E,01M1PVPTMYJEMSH2D4PPK54AQC,training,27,2,4,48,12,5,/tangrams/411_421.png,F3,"[""/tangrams/411_421.png"",""/tangrams/386_283.png"",""/tangrams/154_127.png"",""/tangrams/337_178.png""]","[""F3"",""F2"",""A1"",""F6""]",/tangrams/411_421.png,TRUE,/tangrams/411_421.png,01M1PVV1FSQ931Q08DC040FF4H,01M1PVXZCG5HBAN48J4YM7CT4J,1788549238482,NA,3
01M1PW5R52ZM05Q7ZZGE6KSBRB,01M1PVPWEGF3RQQ2BZJMHJW5WT,training,23,1,12,48,12,6,/tangrams/4_153.png,C4,"[""/tangrams/275_153.png"",""/tangrams/81_264.png"",""/tangrams/4_437.png"",""/tangrams/4_153.png""]","[""A4"",""B1"",""C2"",""C4""]",/tangrams/4_153.png,TRUE,/tangrams/4_153.png,01M1PVV9N1B5JSVGVHP53ND1FH,01M1PVZMF178XCTABPVTWNQQ3Q,1788549782965,NA,2
01M1PW8ZJXB4025RCWEGH2GBGY,01M1PVPWZ383HA8RRK2RFSW236,training,30,2,7,48,12,7,/tangrams/303_304.png,B3,"[""/tangrams/183_311.png"",""/tangrams/303_304.png"",""/tangrams/245_302.png"",""/tangrams/6_24.png""]","[""C2"",""B3"",""A4"",""D1""]",/tangrams/303_304.png,TRUE,/tangrams/303_304.png,01M1PW2K6B8GZQ5Z02B5Q0TB2A,01M1PVVZ2PG17JJTAZWDXWW3JQ,1788550335565,NA,3
01M1PW3GX11WSBBN8CFXJ6KGZ9,01M1PVPVN58XQ8WD43NR9G03HY,training,21,1,10,48,12,6,/tangrams/445_324.png,D3,"[""/tangrams/81_324.png"",""/tangrams/275_153.png"",""/tangrams/445_264.png"",""/tangrams/445_324.png""]","[""B3"",""A4"",""D1"",""D3""]",NA,NA,NA,NA,NA,NA,NA,2
01M1PW50WTKZHCDHCPEG047XY5,01M1PVPVN43CJ2ZQS2FA0GJ1TX,training,5,0,6,48,12,6,/tangrams/134_305.png,F5,"[""/tangrams/134_305.png"",""/tangrams/445_153.png"",""/tangrams/424_432.png"",""/tangrams/81_437.png""]","[""F5"",""D4"",""F4"",""B2""]",/tangrams/134_305.png,TRUE,/tangrams/134_305.png,01M1PVW5BM9J57HJX5KJ260RG3,01M1PVW97TC4GVFYDVFB1SJ9WH,1788548504958,NA,1
01M1PW5R0B2EA921HF37WF4P60,01M1PVPWEGF3RQQ2BZJMHJW5WT,training,2,0,3,48,12,6,/tangrams/4_153.png,C4,"[""/tangrams/81_153.png"",""/tangrams/275_324.png"",""/tangrams/4_153.png"",""/tangrams/4_264.png""]","[""B4"",""A3"",""C4"",""C1""]",/tangrams/4_153.png,TRUE,/tangrams/4_153.png,01M1PVZMF178XCTABPVTWNQQ3Q,01M1PVV9N1B5JSVGVHP53ND1FH,1788548973230,NA,1
01M1PW6KHNP3JSHMS540B5DQ41,01M1PVPWZ82WNHXNHFM772HZSY,training,40,3,5,48,12,7,/tangrams/303_302.png,B4,"[""/tangrams/6_304.png"",""/tangrams/303_24.png"",""/tangrams/245_302.png"",""/tangrams/303_302.png""]","[""D3"",""B1"",""A4"",""B4""]",/tangrams/303_302.png,TRUE,/tangrams/303_302.png,01M1PVWG3MVC1D7FV8A8CY40QY,01M1PVV2HGBFFFP8TQ2JTHYBNF,1788550125536,NA,4
01M1PW6Y1Y36APV3R7RWVN6XS5,01M1PVPWEJQS052PE7X7E1TZK9,training,31,2,8,48,12,6,/tangrams/81_264.png,B1,"[""/tangrams/81_264.png"",""/tangrams/4_437.png"",""/tangrams/445_324.png"",""/tangrams/275_153.png""]","[""B1"",""C2"",""D3"",""A4""]",/tangrams/81_264.png,TRUE,/tangrams/81_264.png,01M1PVVX5KFM5CFX55QQRWNDX8,01M1PVW75JX1QRKD2FQCCBJ017,1788549148131,NA,3
01M1PW9D5W47JG81JM3XCZPA0A,01M1PVPXF92SZVFC9KB45KHNG3,training,18,1,7,48,12,7,/tangrams/303_311.png,B2,"[""/tangrams/245_24.png"",""/tangrams/303_311.png"",""/tangrams/35_447.png"",""/tangrams/391_404.png""]","[""A1"",""B2"",""F8"",""F5""]",/tangrams/303_311.png,TRUE,/tangrams/303_311.png,01M1PVVXW244MSV8KK7TFJHPNZ,01M1PVVBRZ3YZPYCQZYDADYMR6,1788548976631,NA,2
01M1PWEJ9401PZCS52V8JG00QA,01M1PVPXF92SZVFC9KBGN1TRXM,training,11,0,12,48,12,7,/tangrams/245_311.png,A2,"[""/tangrams/245_311.png"",""/tangrams/6_311.png"",""/tangrams/245_302.png"",""/tangrams/183_24.png""]","[""A2"",""D2"",""A4"",""C1""]",/tangrams/245_311.png,TRUE,/tangrams/245_311.png,01M1PVVCHSJDKDCMNAX28C9KTM,01M1PVZYRHDVK94JBPD96A2FVY,1788549379481,NA,1
01M1PWEJCM8FZ2VEFA5R5HXVMP,01M1PVPXF92SZVFC9KBGN1TRXM,training,31,2,8,48,12,7,/tangrams/303_24.png,B1,"[""/tangrams/303_304.png"",""/tangrams/245_311.png"",""/tangrams/303_24.png"",""/tangrams/6_24.png""]","[""B3"",""A2"",""B1"",""D1""]",/tangrams/303_24.png,TRUE,/tangrams/303_24.png,01M1PVVCHSJDKDCMNAX28C9KTM,01M1PVZYRHDVK94JBPD96A2FVY,1788550152788,NA,3
01M1PWGJB5R3583MM4Q2D749RD,01M1PVPXF8XP3FTSCWE2SZ4KAJ,training,34,2,11,48,12,7,/tangrams/183_311.png,C2,"[""/tangrams/183_311.png"",""/tangrams/245_302.png"",""/tangrams/303_304.png"",""/tangrams/6_24.png""]","[""C2"",""A4"",""B3"",""D1""]",/tangrams/183_311.png,TRUE,/tangrams/183_311.png,01M1PW23TCTCTWR44KF0HW1TG2,01M1PVW253SKBG4X7GTPVKZWRC,1788550324294,NA,3
01M1PW1548S8FCH8F6HZG4HKVA,01M1PVPSFBNZXW40G11G9DGVKY,training,14,1,3,48,12,5,/tangrams/60_248.png,C3,"[""/tangrams/60_248.png"",""/tangrams/14_38.png"",""/tangrams/321_445.png"",""/tangrams/411_421.png""]","[""C3"",""B2"",""F1"",""F3""]",/tangrams/60_248.png,TRUE,/tangrams/60_248.png,01M1PVVNH6WEMGKMEM2F9XPCJS,01M1PVTZDZSFSRFW0Y011447D5,1788548873998,NA,2
01M1PW1ZHYNAJ2MJCM742B6D93,01M1PVPTMX8QBBEQ1CAWS8Y65C,training,1,0,2,48,12,5,/tangrams/60_127.png,C1,"[""/tangrams/60_127.png"",""/tangrams/60_38.png"",""/tangrams/154_248.png"",""/tangrams/14_127.png""]","[""C1"",""C2"",""A3"",""B1""]",/tangrams/60_127.png,TRUE,/tangrams/60_127.png,01M1PVVDJXTQ0S1H8V336MES03,01M1PVVEHT22G3NCF8EGPQWRYM,1788548870607,NA,1
01M1PW514HP6Y93G3JJKCQ8MMN,01M1PVPVN43CJ2ZQS2FA0GJ1TX,training,29,2,6,48,12,6,/tangrams/275_264.png,A1,"[""/tangrams/330_144.png"",""/tangrams/399_84.png"",""/tangrams/275_264.png"",""/tangrams/81_437.png""]","[""F6"",""F2"",""A1"",""B2""]",/tangrams/275_264.png,TRUE,/tangrams/275_264.png,01M1PVW5BM9J57HJX5KJ260RG3,01M1PVW97TC4GVFYDVFB1SJ9WH,1788549418246,NA,3
01M1PW6YEKAJ8Q979CPKDC6H6R,01M1PVPWEJQS052PE7X7E1TZK9,training,43,3,8,48,12,6,/tangrams/4_437.png,C2,"[""/tangrams/4_437.png"",""/tangrams/81_153.png"",""/tangrams/275_324.png"",""/tangrams/445_264.png""]","[""C2"",""B4"",""A3"",""D1""]",/tangrams/4_437.png,TRUE,/tangrams/4_437.png,01M1PVVX5KFM5CFX55QQRWNDX8,01M1PVW75JX1QRKD2FQCCBJ017,1788549301907,NA,4
01M1PW6KKMRYE86ESJ8MJDHR6N,01M1PVPWZ82WNHXNHFM772HZSY,training,34,2,11,48,12,7,/tangrams/303_302.png,B4,"[""/tangrams/6_311.png"",""/tangrams/303_302.png"",""/tangrams/245_302.png"",""/tangrams/303_304.png""]","[""D2"",""B4"",""A4"",""B3""]",/tangrams/303_302.png,TRUE,/tangrams/303_302.png,01M1PVWG3MVC1D7FV8A8CY40QY,01M1PVV2HGBFFFP8TQ2JTHYBNF,1788549981992,NA,3
01M1PWEJ89A3S664BVNJ6P0TR7,01M1PVPXF92SZVFC9KBGN1TRXM,training,8,0,9,48,12,7,/tangrams/183_302.png,C4,"[""/tangrams/6_304.png"",""/tangrams/183_302.png"",""/tangrams/183_311.png"",""/tangrams/303_302.png""]","[""D3"",""C4"",""C2"",""B4""]",/tangrams/183_302.png,TRUE,/tangrams/183_302.png,01M1PVZYRHDVK94JBPD96A2FVY,01M1PVVCHSJDKDCMNAX28C9KTM,1788549257826,NA,1
01M1PWG0YSMM49SE4GKYXZDQ44,01M1PVPY02TEGASTZW7B0B44PE,training,3,0,4,48,12,8,/tangrams/368_444.png,A4,"[""/tangrams/368_444.png"",""/tangrams/265_444.png"",""/tangrams/368_219.png"",""/tangrams/353_436.png""]","[""A4"",""C4"",""A2"",""B1""]",/tangrams/368_444.png,TRUE,/tangrams/368_444.png,01M1PW1KKGDQJPNSP87YDPE8Y2,01M1PWAKPMFG2PF8ZD5WBT5ANA,1788549978213,1788549945777,1
01M1PWG123K3G7S1T0B0S2MJX1,01M1PVPY02TEGASTZW7B0B44PE,training,5,0,6,48,12,8,/tangrams/192_436.png,D1,"[""/tangrams/265_436.png"",""/tangrams/368_219.png"",""/tangrams/192_436.png"",""/tangrams/192_235.png""]","[""C1"",""A2"",""D1"",""D3""]",/tangrams/265_436.png,FALSE,/tangrams/265_436.png,01M1PW1KKGDQJPNSP87YDPE8Y2,01M1PWAKPMFG2PF8ZD5WBT5ANA,1788550103652,NA,1
01M1PW60YPM6V1EJJ8PY1HA3FF,01M1PVPWEFJ67VYTWGSHJ4XJ33,training,1,0,2,48,12,6,/tangrams/330_144.png,F6,"[""/tangrams/399_84.png"",""/tangrams/445_153.png"",""/tangrams/330_144.png"",""/tangrams/134_305.png""]","[""F2"",""D4"",""F6"",""F5""]",/tangrams/445_153.png,FALSE,/tangrams/445_153.png,01M1PVV71QMXF31FNN88616S34,01M1PVW7YQ0ZCTA6RRXWJ4B3KT,1788548520722,NA,1
01M1PW9D96DQDJ9SA253CVA8X9,01M1PVPXF92SZVFC9KB45KHNG3,training,29,2,6,48,12,7,/tangrams/241_420.png,F2,"[""/tangrams/35_447.png"",""/tangrams/383_160.png"",""/tangrams/241_420.png"",""/tangrams/51_378.png""]","[""F8"",""F7"",""F2"",""F4""]",/tangrams/241_420.png,TRUE,/tangrams/241_420.png,01M1PVVBRZ3YZPYCQZYDADYMR6,01M1PVVXW244MSV8KK7TFJHPNZ,1788549170658,NA,3
01M1PWBQW1XX5151DTGCXMWM58,01M1PVPY0135RYKX6QNWJW9HQ7,training,36,3,1,48,12,8,/tangrams/311_205.png,F4,"[""/tangrams/265_235.png"",""/tangrams/311_205.png"",""/tangrams/368_436.png"",""/tangrams/371_100.png""]","[""C3"",""F4"",""A1"",""F1""]",/tangrams/311_205.png,TRUE,/tangrams/311_205.png,01M1PVW5G591MZ9WXE41XZDX0Y,01M1PVV5BA5A9YAQJQ9SAGP2BW,1788549437693,NA,4
01M1PWEJVRJ7XFVMCYKTK51GCC,01M1PVPXF92SZVFC9KBGN1TRXM,training,44,3,9,48,12,7,/tangrams/6_311.png,D2,"[""/tangrams/6_24.png"",""/tangrams/303_302.png"",""/tangrams/245_311.png"",""/tangrams/6_311.png""]","[""D1"",""B4"",""A2"",""D2""]",/tangrams/6_311.png,TRUE,/tangrams/6_311.png,01M1PVZYRHDVK94JBPD96A2FVY,01M1PVVCHSJDKDCMNAX28C9KTM,1788550536181,NA,4
01M1PW6KBNFXS2JSKQ86VDYEW6,01M1PVPWZ82WNHXNHFM772HZSY,training,5,0,6,48,12,7,/tangrams/183_311.png,C2,"[""/tangrams/303_304.png"",""/tangrams/183_311.png"",""/tangrams/245_311.png"",""/tangrams/183_24.png""]","[""B3"",""C2"",""A2"",""C1""]",/tangrams/183_311.png,TRUE,/tangrams/183_311.png,01M1PVV2HGBFFFP8TQ2JTHYBNF,01M1PVWG3MVC1D7FV8A8CY40QY,1788548944853,NA,1
01M1PWEJWS8ZYRXCPK1N3P73HM,01M1PVPXF92SZVFC9KBGN1TRXM,training,47,3,12,48,12,7,/tangrams/183_311.png,C2,"[""/tangrams/183_24.png"",""/tangrams/303_304.png"",""/tangrams/183_311.png"",""/tangrams/6_311.png""]","[""C1"",""B3"",""C2"",""D2""]",/tangrams/183_311.png,TRUE,/tangrams/183_311.png,01M1PVVCHSJDKDCMNAX28C9KTM,01M1PVZYRHDVK94JBPD96A2FVY,1788550597455,NA,4
01M1PW2VMRBKEQH07G5YSY12WV,01M1PVPTMT2TF5TMW6DY08RG1A,training,36,3,1,48,12,5,/tangrams/154_24.png,A4,"[""/tangrams/235_248.png"",""/tangrams/14_127.png"",""/tangrams/60_38.png"",""/tangrams/154_24.png""]","[""D3"",""B1"",""C2"",""A4""]",/tangrams/154_24.png,TRUE,/tangrams/154_24.png,01M1PVVYCG3ZV9Y0QVDS434K08,01M1PVVTHSCRB56WAFX0KRCSX2,1788549762568,NA,4
01M1PW41HWK3MGH6790VFCQPJS,01M1PVPTMYJEMSH2D4PPK54AQC,training,41,3,6,48,12,5,/tangrams/320_326.png,F5,"[""/tangrams/154_127.png"",""/tangrams/320_326.png"",""/tangrams/231_230.png"",""/tangrams/391_126.png""]","[""A1"",""F5"",""F7"",""F8""]",/tangrams/231_230.png,FALSE,/tangrams/231_230.png,01M1PVV1FSQ931Q08DC040FF4H,01M1PVXZCG5HBAN48J4YM7CT4J,1788549617656,NA,4
01M1PW510DJJM5D90SY1WHYW89,01M1PVPVN43CJ2ZQS2FA0GJ1TX,training,1,0,2,48,12,6,/tangrams/424_432.png,F4,"[""/tangrams/275_264.png"",""/tangrams/222_36.png"",""/tangrams/399_84.png"",""/tangrams/424_432.png""]","[""A1"",""F7"",""F2"",""F4""]",/tangrams/222_36.png,FALSE,/tangrams/222_36.png,01M1PVW5BM9J57HJX5KJ260RG3,01M1PVW97TC4GVFYDVFB1SJ9WH,1788548297878,NA,1
01M1PW6KFSZKVVMEDJG8EK7KDW,01M1PVPWZ82WNHXNHFM772HZSY,training,46,3,11,48,12,7,/tangrams/303_304.png,B3,"[""/tangrams/303_304.png"",""/tangrams/303_24.png"",""/tangrams/245_304.png"",""/tangrams/183_302.png""]","[""B3"",""B1"",""A3"",""C4""]",/tangrams/303_304.png,TRUE,/tangrams/303_304.png,01M1PVWG3MVC1D7FV8A8CY40QY,01M1PVV2HGBFFFP8TQ2JTHYBNF,1788550276494,NA,4
01M1PWGJ0W7VB5J1WY6DB0PVRR,01M1PVPXF8XP3FTSCWE2SZ4KAJ,training,12,1,1,48,12,7,/tangrams/183_302.png,C4,"[""/tangrams/183_302.png"",""/tangrams/6_24.png"",""/tangrams/245_311.png"",""/tangrams/303_304.png""]","[""C4"",""D1"",""A2"",""B3""]",/tangrams/183_302.png,TRUE,/tangrams/183_302.png,01M1PW23TCTCTWR44KF0HW1TG2,01M1PVW253SKBG4X7GTPVKZWRC,1788549593308,NA,2
