roundID,gameID,phase,trialNum,repNum,targetNum,numTrials,numTrialsPerBlock,setId,target,targetLabel,tangramURLs,displayLabels,response,correct,selection,director,matcher,selectionMadeAt,clickBlockedAt,block
01M0TTK10DESAY0F2DG5BPD9GH,01M0TSZEY54T11A9AMGVA6T4ZB,training,1,0,2,48,12,0,/tangrams/422_244.png,C1,"[""/tangrams/138_405.png"",""/tangrams/279_244.png"",""/tangrams/422_244.png"",""/tangrams/422_66.png""]","[""A3"",""D1"",""C1"",""C4""]",/tangrams/279_244.png,FALSE,/tangrams/279_244.png,01M0TT7FNH08P86PFHWCV3NRS8,01M0TT7ZVRQQW92P55GPN9KMMS,1787607794481,NA,1
01M0TTKMTB2BD5FYABW27NRN6H,01M0TSZEY173D8F3KEP071GR06,training,9,0,10,48,12,0,/tangrams/138_405.png,A3,"[""/tangrams/138_405.png"",""/tangrams/366_244.png"",""/tangrams/422_66.png"",""/tangrams/279_339.png""]","[""A3"",""B1"",""C4"",""D2""]",/tangrams/138_405.png,TRUE,/tangrams/138_405.png,01M0TT55D1DRDQ3JPT1CDTT5VN,01M0TTF3ADJ36CYQBD8356XFNQ,1787607522905,NA,1
01M0TTKMZ7SV3M807NSRGTM6WH,01M0TSZEY173D8F3KEP071GR06,training,28,2,5,48,12,0,/tangrams/366_405.png,B3,"[""/tangrams/422_244.png"",""/tangrams/279_339.png"",""/tangrams/366_405.png"",""/tangrams/138_66.png""]","[""C1"",""D2"",""B3"",""A4""]",/tangrams/366_405.png,TRUE,/tangrams/366_405.png,01M0TTF3ADJ36CYQBD8356XFNQ,01M0TT55D1DRDQ3JPT1CDTT5VN,1787607999687,NA,3
01M0TTNREH2MYN478MJT0BNDDE,01M0TSZGKJQW5S4GCP9150DNN9,training,41,3,6,48,12,1,/tangrams/264_176.png,F3,"[""/tangrams/264_176.png"",""/tangrams/348_441.png"",""/tangrams/157_426.png"",""/tangrams/20_464.png""]","[""F3"",""B2"",""F7"",""D4""]",NA,NA,NA,NA,NA,NA,NA,4
01M0TTYQG3P7C1E9BXX9CG051S,01M0TTMWMDPGAHQRDA7BZJ8FEZ,training,24,2,1,48,12,1,/tangrams/202_441.png,C2,"[""/tangrams/348_314.png"",""/tangrams/66_441.png"",""/tangrams/202_464.png"",""/tangrams/202_441.png""]","[""B1"",""A2"",""C4"",""C2""]",NA,NA,NA,NA,NA,NA,NA,3
01M0TTK10N5BD0SS5DA63HF9K7,01M0TSZEY54T11A9AMGVA6T4ZB,training,5,0,6,48,12,0,/tangrams/279_405.png,D3,"[""/tangrams/138_66.png"",""/tangrams/366_405.png"",""/tangrams/279_405.png"",""/tangrams/279_244.png""]","[""A4"",""B3"",""D3"",""D1""]",/tangrams/366_405.png,FALSE,/tangrams/366_405.png,01M0TT7FNH08P86PFHWCV3NRS8,01M0TT7ZVRQQW92P55GPN9KMMS,1787607999984,NA,1
01M0TTKDFMVBB86KHZHNHMN1MF,01M0TSZGKM72FFW193EYG47F25,training,44,3,9,48,12,0,/tangrams/279_339.png,D2,"[""/tangrams/279_339.png"",""/tangrams/422_339.png"",""/tangrams/279_405.png"",""/tangrams/366_244.png""]","[""D2"",""C2"",""D3"",""B1""]",NA,NA,NA,NA,NA,NA,NA,4
01M0TTKDCEYY6CWSPP642Y6N9K,01M0TSZGKM72FFW193EYG47F25,training,19,1,8,48,12,0,/tangrams/138_405.png,A3,"[""/tangrams/138_405.png"",""/tangrams/138_339.png"",""/tangrams/279_244.png"",""/tangrams/366_405.png""]","[""A3"",""A2"",""D1"",""B3""]",NA,NA,NA,NA,NA,NA,NA,2
01M0TTK16981VYRXVWJ54TEAB8,01M0TSZEY54T11A9AMGVA6T4ZB,training,34,2,11,48,12,0,/tangrams/138_339.png,A2,"[""/tangrams/422_339.png"",""/tangrams/138_66.png"",""/tangrams/366_244.png"",""/tangrams/138_339.png""]","[""C2"",""A4"",""B1"",""A2""]",/tangrams/138_339.png,TRUE,/tangrams/138_339.png,01M0TT7ZVRQQW92P55GPN9KMMS,01M0TT7FNH08P86PFHWCV3NRS8,1787609255186,NA,3
01M0TTKD9WJN40G5YHQ9QB17AZ,01M0TSZGKM72FFW193EYG47F25,training,11,0,12,48,12,0,/tangrams/279_339.png,D2,"[""/tangrams/279_339.png"",""/tangrams/138_339.png"",""/tangrams/279_405.png"",""/tangrams/366_244.png""]","[""D2"",""A2"",""D3"",""B1""]",NA,NA,NA,NA,NA,NA,NA,1
01M0TTYQ0CMGYVGRETB27VW2NK,01M0TTMWMDPGAHQRDA7BZJ8FEZ,training,10,0,11,48,12,1,/tangrams/20_441.png,D2,"[""/tangrams/66_464.png"",""/tangrams/20_24.png"",""/tangrams/20_441.png"",""/tangrams/202_441.png""]","[""A4"",""D3"",""D2"",""C2""]",/tangrams/66_464.png,FALSE,/tangrams/66_464.png,01M0TTJT0T1FXWVGTP027BYENQ,01M0TTENRE0ZSC234N2S1BW8ZS,1787608499489,NA,1
01M0TTYQK1XWXZYF3X97RPEM2C,01M0TTMWMDPGAHQRDA7BZJ8FEZ,training,18,1,7,48,12,1,/tangrams/348_464.png,B4,"[""/tangrams/348_464.png"",""/tangrams/66_441.png"",""/tangrams/202_464.png"",""/tangrams/348_24.png""]","[""B4"",""A2"",""C4"",""B3""]",NA,FALSE,NA,01M0TTJT0T1FXWVGTP027BYENQ,01M0TTENRE0ZSC234N2S1BW8ZS,NA,1787609002342,2
01M0TT9KHNCXNYD2E4YA7HYMQP,01M0TSZGKE32G3R2H2EPQFBQNN,training,13,1,2,48,12,0,/tangrams/138_66.png,A4,"[""/tangrams/279_339.png"",""/tangrams/422_244.png"",""/tangrams/366_405.png"",""/tangrams/138_66.png""]","[""D2"",""C1"",""B3"",""A4""]",NA,NA,NA,NA,NA,NA,NA,2
01M0TTA5D893WN40HHXA95TMV6,01M0TSZV8KEDQHAT4X3FNKVS2B,training,11,0,12,48,12,0,/tangrams/138_244.png,A1,"[""/tangrams/422_405.png"",""/tangrams/366_339.png"",""/tangrams/434_227.png"",""/tangrams/138_244.png""]","[""C3"",""B2"",""F4"",""A1""]",/tangrams/138_244.png,TRUE,/tangrams/138_244.png,01M0TT3ZTTV22XQGZD0K61T6A4,01M0TT4SZRTK7MV5T48R9G1GQH,1787607160396,NA,1
01M0TTK112MGP9XM2TDWT3WSB8,01M0TSZEY54T11A9AMGVA6T4ZB,training,10,0,11,48,12,0,/tangrams/279_339.png,D2,"[""/tangrams/422_339.png"",""/tangrams/279_339.png"",""/tangrams/366_66.png"",""/tangrams/279_405.png""]","[""C2"",""D2"",""B4"",""D3""]",/tangrams/279_339.png,TRUE,/tangrams/279_339.png,01M0TT7ZVRQQW92P55GPN9KMMS,01M0TT7FNH08P86PFHWCV3NRS8,1787608231354,NA,1
01M0TTMQTX8PVY1YQYK90Q4EB5,01M0TSZV8ERABP36QP2627EVMT,training,20,1,9,48,12,1,/tangrams/20_24.png,D3,"[""/tangrams/348_314.png"",""/tangrams/66_441.png"",""/tangrams/202_464.png"",""/tangrams/20_24.png""]","[""B1"",""A2"",""C4"",""D3""]",/tangrams/20_24.png,TRUE,/tangrams/20_24.png,01M0TT4SREDP4QR1H8V4E3X5G9,01M0TT4JP6VSYSTADD58E33WM9,1787607905734,NA,2
01M0TTTPMR5HCH21N45VXXC8DS,01M0TSZV8KEDQHAT4X33M1GG1C,training,32,2,9,48,12,1,/tangrams/20_24.png,D3,"[""/tangrams/20_314.png"",""/tangrams/20_24.png"",""/tangrams/202_464.png"",""/tangrams/66_24.png""]","[""D1"",""D3"",""C4"",""A3""]",/tangrams/20_24.png,TRUE,/tangrams/20_24.png,01M0TTBQPRE9XMJHBPDKM8GTC4,01M0TT467Q69C5HQ20GW6FRRF2,1787609165908,NA,3
01M0TTYQ06NTJ2BRAX4W53MBV9,01M0TTMWMDPGAHQRDA7BZJ8FEZ,training,2,0,3,48,12,1,/tangrams/66_441.png,A2,"[""/tangrams/66_441.png"",""/tangrams/202_314.png"",""/tangrams/66_24.png"",""/tangrams/20_441.png""]","[""A2"",""C1"",""A3"",""D2""]",/tangrams/20_441.png,FALSE,/tangrams/20_441.png,01M0TTJT0T1FXWVGTP027BYENQ,01M0TTENRE0ZSC234N2S1BW8ZS,1787608059009,NA,1
01M0TTYQASD24ZWCMJG30M98C8,01M0TTMWMDPGAHQRDA7BZJ8FEZ,training,33,2,10,48,12,1,/tangrams/20_24.png,D3,"[""/tangrams/20_314.png"",""/tangrams/20_24.png"",""/tangrams/66_24.png"",""/tangrams/348_464.png""]","[""D1"",""D3"",""A3"",""B4""]",NA,NA,NA,NA,NA,NA,NA,3
01M0TT9KFH3Q5DMBAY9ZVYZ1AG,01M0TSZGKE32G3R2H2EPQFBQNN,training,9,0,10,48,12,0,/tangrams/138_66.png,A4,"[""/tangrams/366_405.png"",""/tangrams/279_244.png"",""/tangrams/422_339.png"",""/tangrams/138_66.png""]","[""B3"",""D1"",""C2"",""A4""]",NA,NA,NA,NA,NA,NA,NA,1
01M0TTEY73B2A5Q44VEBX38R0N,01M0TSZEY44B7XSP574QH2WQPJ,training,47,3,12,48,12,0,/tangrams/290_64.png,F2,"[""/tangrams/411_352.png"",""/tangrams/37_144.png"",""/tangrams/170_154.png"",""/tangrams/290_64.png""]","[""F7"",""F8"",""F3"",""F2""]",/tangrams/290_64.png,TRUE,/tangrams/290_64.png,01M0TT49QHQY8JQV8C5T94HHYZ,01M0TT9XXJBBQAZ4WANFPESF7T,1787608693460,NA,4
01M0TVK9FH34M6BJ18Q0Y52MZ6,01M0TTMWMG725DJ5GA5M4WD8SY,training,1,0,2,48,12,1,/tangrams/157_426.png,F7,"[""/tangrams/40_345.png"",""/tangrams/4_159.png"",""/tangrams/202_24.png"",""/tangrams/157_426.png""]","[""F4"",""F5"",""C3"",""F7""]",/tangrams/157_426.png,TRUE,/tangrams/157_426.png,01M0TV8YZXT0HY97VC3QNJABKN,01M0TVD4RDDZ2GPYA2W2TBJY2J,1787608110403,NA,1
01M0TTK11TM66PW6SJRQJ0VN9V,01M0TSZEY54T11A9AMGVA6T4ZB,training,14,1,3,48,12,0,/tangrams/422_244.png,C1,"[""/tangrams/422_244.png"",""/tangrams/422_66.png"",""/tangrams/366_244.png"",""/tangrams/279_405.png""]","[""C1"",""C4"",""B1"",""D3""]",/tangrams/422_244.png,TRUE,/tangrams/422_244.png,01M0TT7ZVRQQW92P55GPN9KMMS,01M0TT7FNH08P86PFHWCV3NRS8,1787608440337,NA,2
01M0TTMQRDA4RH9QEFDTP7XF4Z,01M0TSZV8ERABP36QP2627EVMT,training,6,0,7,48,12,1,/tangrams/348_464.png,B4,"[""/tangrams/20_24.png"",""/tangrams/202_314.png"",""/tangrams/348_464.png"",""/tangrams/66_441.png""]","[""D3"",""C1"",""B4"",""A2""]",/tangrams/348_464.png,TRUE,/tangrams/348_464.png,01M0TT4SREDP4QR1H8V4E3X5G9,01M0TT4JP6VSYSTADD58E33WM9,1787607473358,NA,1
01M0TTKDAFMZ7E3HV6T635ST7C,01M0TSZGKM72FFW193EYG47F25,training,16,1,5,48,12,0,/tangrams/279_405.png,D3,"[""/tangrams/138_339.png"",""/tangrams/279_244.png"",""/tangrams/279_405.png"",""/tangrams/366_405.png""]","[""A2"",""D1"",""D3"",""B3""]",NA,NA,NA,NA,NA,NA,NA,2
01M0TTKDF0FWNK6N0W27RKEF6F,01M0TSZGKM72FFW193EYG47F25,training,37,3,2,48,12,0,/tangrams/138_405.png,A3,"[""/tangrams/279_405.png"",""/tangrams/366_244.png"",""/tangrams/138_405.png"",""/tangrams/138_66.png""]","[""D3"",""B1"",""A3"",""A4""]",NA,NA,NA,NA,NA,NA,NA,4
01M0TTKN1AESZD141F0C3NDB62,01M0TSZEY173D8F3KEP071GR06,training,33,2,10,48,12,0,/tangrams/279_339.png,D2,"[""/tangrams/138_405.png"",""/tangrams/279_339.png"",""/tangrams/422_244.png"",""/tangrams/366_66.png""]","[""A3"",""D2"",""C1"",""B4""]",NA,FALSE,NA,01M0TT55D1DRDQ3JPT1CDTT5VN,01M0TTF3ADJ36CYQBD8356XFNQ,NA,NA,3
01M0TTMQQ1B1RKA3APPBJM0A6X,01M0TSZV8ERABP36QP2627EVMT,training,33,2,10,48,12,1,/tangrams/202_464.png,C4,"[""/tangrams/20_24.png"",""/tangrams/348_314.png"",""/tangrams/66_441.png"",""/tangrams/202_464.png""]","[""D3"",""B1"",""A2"",""C4""]",/tangrams/202_464.png,TRUE,/tangrams/202_464.png,01M0TT4JP6VSYSTADD58E33WM9,01M0TT4SREDP4QR1H8V4E3X5G9,1787608256885,NA,3
01M0TTNRE5YEFVYMGC1X92X7SA,01M0TSZGKJQW5S4GCP9150DNN9,training,44,3,9,48,12,1,/tangrams/202_24.png,C3,"[""/tangrams/202_24.png"",""/tangrams/66_314.png"",""/tangrams/40_345.png"",""/tangrams/98_302.png""]","[""C3"",""A1"",""F4"",""F6""]",NA,NA,NA,NA,NA,NA,NA,4
01M0TTTPSZMCAD172F8PMHTVB8,01M0TSZV8KEDQHAT4X33M1GG1C,training,21,1,10,48,12,1,/tangrams/202_314.png,C1,"[""/tangrams/20_314.png"",""/tangrams/202_314.png"",""/tangrams/348_464.png"",""/tangrams/202_441.png""]","[""D1"",""C1"",""B4"",""C2""]",/tangrams/202_314.png,TRUE,/tangrams/202_314.png,01M0TT467Q69C5HQ20GW6FRRF2,01M0TTBQPRE9XMJHBPDKM8GTC4,1787608686949,NA,2
01M0TTA58PCC23T1D0BERXGKP4,01M0TSZV8KEDQHAT4X3FNKVS2B,training,36,3,1,48,12,0,/tangrams/37_144.png,F8,"[""/tangrams/37_144.png"",""/tangrams/119_182.png"",""/tangrams/411_352.png"",""/tangrams/134_125.png""]","[""F8"",""F1"",""F7"",""F6""]",/tangrams/37_144.png,TRUE,/tangrams/37_144.png,01M0TT4SZRTK7MV5T48R9G1GQH,01M0TT3ZTTV22XQGZD0K61T6A4,1787607881134,NA,4
01M0TTEY5Y7FR1T7RMNRQVVH44,01M0TSZEY44B7XSP574QH2WQPJ,training,42,3,7,48,12,0,/tangrams/134_125.png,F6,"[""/tangrams/290_64.png"",""/tangrams/119_182.png"",""/tangrams/366_339.png"",""/tangrams/134_125.png""]","[""F2"",""F1"",""B2"",""F6""]",/tangrams/134_125.png,TRUE,/tangrams/134_125.png,01M0TT9XXJBBQAZ4WANFPESF7T,01M0TT49QHQY8JQV8C5T94HHYZ,1787608529860,NA,4
01M0TTK1993QHGATXJ96WFHF0H,01M0TSZEY54T11A9AMGVA6T4ZB,training,36,3,1,48,12,0,/tangrams/422_339.png,C2,"[""/tangrams/138_339.png"",""/tangrams/279_405.png"",""/tangrams/422_66.png"",""/tangrams/422_339.png""]","[""A2"",""D3"",""C4"",""C2""]",/tangrams/422_339.png,TRUE,/tangrams/422_339.png,01M0TT7ZVRQQW92P55GPN9KMMS,01M0TT7FNH08P86PFHWCV3NRS8,1787609320778,NA,4
01M0TTKN3HBAY46JTB2H13W23W,01M0TSZEY173D8F3KEP071GR06,training,42,3,7,48,12,0,/tangrams/422_244.png,C1,"[""/tangrams/366_66.png"",""/tangrams/138_339.png"",""/tangrams/279_405.png"",""/tangrams/422_244.png""]","[""B4"",""A2"",""D3"",""C1""]",/tangrams/279_405.png,FALSE,/tangrams/279_405.png,01M0TTF3ADJ36CYQBD8356XFNQ,01M0TT55D1DRDQ3JPT1CDTT5VN,1787608382878,NA,4
01M0TTMQQES8QVRTC1RZTBNDKD,01M0TSZV8ERABP36QP2627EVMT,training,38,3,3,48,12,1,/tangrams/202_441.png,C2,"[""/tangrams/20_24.png"",""/tangrams/348_314.png"",""/tangrams/66_464.png"",""/tangrams/202_441.png""]","[""D3"",""B1"",""A4"",""C2""]",/tangrams/202_441.png,TRUE,/tangrams/202_441.png,01M0TT4SREDP4QR1H8V4E3X5G9,01M0TT4JP6VSYSTADD58E33WM9,1787608356086,NA,4
01M0TVK9MB4B5WVD36Z2PPVP4S,01M0TTMWMG725DJ5GA5M4WD8SY,training,17,1,6,48,12,1,/tangrams/4_159.png,F5,"[""/tangrams/429_403.png"",""/tangrams/157_426.png"",""/tangrams/202_24.png"",""/tangrams/4_159.png""]","[""F2"",""F7"",""C3"",""F5""]",/tangrams/4_159.png,TRUE,/tangrams/4_159.png,01M0TV8YZXT0HY97VC3QNJABKN,01M0TVD4RDDZ2GPYA2W2TBJY2J,1787608436678,NA,2
01M0TT9KH2BQHJN93VXRBNA385,01M0TSZGKE32G3R2H2EPQFBQNN,training,14,1,3,48,12,0,/tangrams/279_244.png,D1,"[""/tangrams/138_405.png"",""/tangrams/422_339.png"",""/tangrams/366_66.png"",""/tangrams/279_244.png""]","[""A3"",""C2"",""B4"",""D1""]",NA,NA,NA,NA,NA,NA,NA,2
01M0TTEY39XDBHVH4HDJGN70C0,01M0TSZEY44B7XSP574QH2WQPJ,training,13,1,2,48,12,0,/tangrams/37_144.png,F8,"[""/tangrams/37_144.png"",""/tangrams/170_154.png"",""/tangrams/279_66.png"",""/tangrams/434_227.png""]","[""F8"",""F3"",""D4"",""F4""]",/tangrams/434_227.png,FALSE,/tangrams/434_227.png,01M0TT49QHQY8JQV8C5T94HHYZ,01M0TT9XXJBBQAZ4WANFPESF7T,1787607479124,NA,2
01M0TTKMV9J0KHMC7F86HQHAPF,01M0TSZEY173D8F3KEP071GR06,training,13,1,2,48,12,0,/tangrams/366_405.png,B3,"[""/tangrams/138_339.png"",""/tangrams/422_66.png"",""/tangrams/366_405.png"",""/tangrams/279_244.png""]","[""A2"",""C4"",""B3"",""D1""]",/tangrams/366_405.png,TRUE,/tangrams/366_405.png,01M0TT55D1DRDQ3JPT1CDTT5VN,01M0TTF3ADJ36CYQBD8356XFNQ,1787607632767,NA,2
01M0TTYQ1G7Z6X6EGXEN1X2SJZ,01M0TTMWMDPGAHQRDA7BZJ8FEZ,training,7,0,8,48,12,1,/tangrams/202_441.png,C2,"[""/tangrams/66_441.png"",""/tangrams/202_441.png"",""/tangrams/202_464.png"",""/tangrams/20_24.png""]","[""A2"",""C2"",""C4"",""D3""]",NA,FALSE,NA,01M0TTENRE0ZSC234N2S1BW8ZS,01M0TTJT0T1FXWVGTP027BYENQ,NA,NA,1
01M0TTKDE4DW9P1D621WPCKCQM,01M0TSZGKM72FFW193EYG47F25,training,25,2,2,48,12,0,/tangrams/279_405.png,D3,"[""/tangrams/279_244.png"",""/tangrams/138_405.png"",""/tangrams/279_405.png"",""/tangrams/422_66.png""]","[""D1"",""A3"",""D3"",""C4""]",NA,NA,NA,NA,NA,NA,NA,3
01M0TTKMT9HASW94ZQQMFY4VD8,01M0TSZEY173D8F3KEP071GR06,training,8,0,9,48,12,0,/tangrams/279_339.png,D2,"[""/tangrams/279_339.png"",""/tangrams/422_244.png"",""/tangrams/366_405.png"",""/tangrams/138_66.png""]","[""D2"",""C1"",""B3"",""A4""]",/tangrams/279_339.png,TRUE,/tangrams/279_339.png,01M0TTF3ADJ36CYQBD8356XFNQ,01M0TT55D1DRDQ3JPT1CDTT5VN,1787607499068,NA,1
01M0TTEY4473PSNZSZKKGAM5W5,01M0TSZEY44B7XSP574QH2WQPJ,training,26,2,3,48,12,0,/tangrams/456_48.png,F5,"[""/tangrams/366_339.png"",""/tangrams/456_48.png"",""/tangrams/422_405.png"",""/tangrams/37_144.png""]","[""B2"",""F5"",""C3"",""F8""]",/tangrams/456_48.png,TRUE,/tangrams/456_48.png,01M0TT9XXJBBQAZ4WANFPESF7T,01M0TT49QHQY8JQV8C5T94HHYZ,1787607997546,NA,3
01M0TTK114CZHRC99365EEPYE1,01M0TSZEY54T11A9AMGVA6T4ZB,training,11,0,12,48,12,0,/tangrams/366_405.png,B3,"[""/tangrams/366_405.png"",""/tangrams/366_66.png"",""/tangrams/279_405.png"",""/tangrams/422_244.png""]","[""B3"",""B4"",""D3"",""C1""]",/tangrams/279_405.png,FALSE,/tangrams/279_405.png,01M0TT7FNH08P86PFHWCV3NRS8,01M0TT7ZVRQQW92P55GPN9KMMS,1787608287832,NA,1
01M0TTKN2NRBWEZ1BKPWNM92YF,01M0TSZEY173D8F3KEP071GR06,training,39,3,4,48,12,0,/tangrams/279_244.png,D1,"[""/tangrams/366_66.png"",""/tangrams/279_244.png"",""/tangrams/138_405.png"",""/tangrams/422_339.png""]","[""B4"",""D1"",""A3"",""C2""]",/tangrams/279_244.png,TRUE,/tangrams/279_244.png,01M0TT55D1DRDQ3JPT1CDTT5VN,01M0TTF3ADJ36CYQBD8356XFNQ,1787608290346,NA,4
01M0TTMQQKH4K0S2QZ5CS7DSVD,01M0TSZV8ERABP36QP2627EVMT,training,39,3,4,48,12,1,/tangrams/20_314.png,D1,"[""/tangrams/202_441.png"",""/tangrams/66_24.png"",""/tangrams/20_314.png"",""/tangrams/348_464.png""]","[""C2"",""A3"",""D1"",""B4""]",/tangrams/20_314.png,TRUE,/tangrams/20_314.png,01M0TT4JP6VSYSTADD58E33WM9,01M0TT4SREDP4QR1H8V4E3X5G9,1787608382559,NA,4
01M0TTNRMNGADPD9VHGAKJYSTV,01M0TSZGKJQW5S4GCP9150DNN9,training,29,2,6,48,12,1,/tangrams/264_176.png,F3,"[""/tangrams/202_24.png"",""/tangrams/348_441.png"",""/tangrams/66_314.png"",""/tangrams/264_176.png""]","[""C3"",""B2"",""A1"",""F3""]",NA,NA,NA,NA,NA,NA,NA,3
01M0TTYQ0TA024Y986WH2YZ229,01M0TTMWMDPGAHQRDA7BZJ8FEZ,training,8,0,9,48,12,1,/tangrams/66_24.png,A3,"[""/tangrams/20_24.png"",""/tangrams/66_24.png"",""/tangrams/66_441.png"",""/tangrams/348_314.png""]","[""D3"",""A3"",""A2"",""B1""]",/tangrams/66_24.png,TRUE,/tangrams/66_24.png,01M0TTJT0T1FXWVGTP027BYENQ,01M0TTENRE0ZSC234N2S1BW8ZS,1787608388139,NA,1
01M0TT9KJVE9NCK1N0H3X8PJ85,01M0TSZGKE32G3R2H2EPQFBQNN,training,33,2,10,48,12,0,/tangrams/366_244.png,B1,"[""/tangrams/422_339.png"",""/tangrams/366_244.png"",""/tangrams/279_405.png"",""/tangrams/138_66.png""]","[""C2"",""B1"",""D3"",""A4""]",NA,NA,NA,NA,NA,NA,NA,3
01M0TTA58J1V5SM68HADTMV3Q3,01M0TSZV8KEDQHAT4X3FNKVS2B,training,37,3,2,48,12,0,/tangrams/366_339.png,B2,"[""/tangrams/434_227.png"",""/tangrams/366_339.png"",""/tangrams/290_64.png"",""/tangrams/456_48.png""]","[""F4"",""B2"",""F2"",""F5""]",/tangrams/366_339.png,TRUE,/tangrams/366_339.png,01M0TT3ZTTV22XQGZD0K61T6A4,01M0TT4SZRTK7MV5T48R9G1GQH,1787607905412,NA,4
01M0TV7K1B16W2TXPZZ01NQN65,01M0TTMWM9GSP2NP0T4CET96EB,training,17,1,6,48,12,1,/tangrams/202_314.png,C1,"[""/tangrams/348_464.png"",""/tangrams/20_441.png"",""/tangrams/202_314.png"",""/tangrams/66_24.png""]","[""B4"",""D2"",""C1"",""A3""]",/tangrams/202_314.png,TRUE,/tangrams/202_314.png,01M0TTRGJ55RK21NQM11GGHNRN,01M0TV363Y2QH3CGTPHSZR512P,1787608489881,NA,2
01M0TVKA2MN9M5CCMM5VZB4R8A,01M0TTMWMG725DJ5GA5M4WD8SY,training,46,3,11,48,12,1,/tangrams/374_400.png,F8,"[""/tangrams/264_176.png"",""/tangrams/66_314.png"",""/tangrams/374_400.png"",""/tangrams/429_403.png""]","[""F3"",""A1"",""F8"",""F2""]",/tangrams/374_400.png,TRUE,/tangrams/374_400.png,01M0TVD4RDDZ2GPYA2W2TBJY2J,01M0TV8YZXT0HY97VC3QNJABKN,1787608845999,NA,4
01M0TTEY64R7ZAJ65J7PW8RAWH,01M0TSZEY44B7XSP574QH2WQPJ,training,39,3,4,48,12,0,/tangrams/411_352.png,F7,"[""/tangrams/456_48.png"",""/tangrams/411_352.png"",""/tangrams/170_154.png"",""/tangrams/290_64.png""]","[""F5"",""F7"",""F3"",""F2""]",/tangrams/411_352.png,TRUE,/tangrams/411_352.png,01M0TT49QHQY8JQV8C5T94HHYZ,01M0TT9XXJBBQAZ4WANFPESF7T,1787608430404,NA,4
01M0TTEY75JJ7H2PWJ2880EH40,01M0TSZEY44B7XSP574QH2WQPJ,training,46,3,11,48,12,0,/tangrams/170_154.png,F3,"[""/tangrams/134_125.png"",""/tangrams/170_154.png"",""/tangrams/138_244.png"",""/tangrams/37_144.png""]","[""F6"",""F3"",""A1"",""F8""]",/tangrams/170_154.png,TRUE,/tangrams/170_154.png,01M0TT9XXJBBQAZ4WANFPESF7T,01M0TT49QHQY8JQV8C5T94HHYZ,1787608654967,NA,4
01M0TTNRE0BS0GM61MEGDJ9H2C,01M0TSZGKJQW5S4GCP9150DNN9,training,46,3,11,48,12,1,/tangrams/374_400.png,F8,"[""/tangrams/40_345.png"",""/tangrams/374_400.png"",""/tangrams/66_314.png"",""/tangrams/98_302.png""]","[""F4"",""F8"",""A1"",""F6""]",NA,NA,NA,NA,NA,NA,NA,4
01M0TTNRHBW5SJQ753VTN9HFHF,01M0TSZGKJQW5S4GCP9150DNN9,training,15,1,4,48,12,1,/tangrams/264_176.png,F3,"[""/tangrams/452_257.png"",""/tangrams/264_176.png"",""/tangrams/98_302.png"",""/tangrams/374_400.png""]","[""F1"",""F3"",""F6"",""F8""]",NA,NA,NA,NA,NA,NA,NA,2
01M0TTA5EAK519BNB30QS8S9R2,01M0TSZV8KEDQHAT4X3FNKVS2B,training,9,0,10,48,12,0,/tangrams/279_66.png,D4,"[""/tangrams/279_66.png"",""/tangrams/290_64.png"",""/tangrams/422_405.png"",""/tangrams/138_244.png""]","[""D4"",""F2"",""C3"",""A1""]",/tangrams/279_66.png,TRUE,/tangrams/279_66.png,01M0TT3ZTTV22XQGZD0K61T6A4,01M0TT4SZRTK7MV5T48R9G1GQH,1787607090199,NA,1
01M0TTEY5GZ9X3DBNPQ8EN9VCZ,01M0TSZEY44B7XSP574QH2WQPJ,training,16,1,5,48,12,0,/tangrams/456_48.png,F5,"[""/tangrams/170_154.png"",""/tangrams/138_244.png"",""/tangrams/134_125.png"",""/tangrams/456_48.png""]","[""F3"",""A1"",""F6"",""F5""]",NA,FALSE,NA,01M0TT9XXJBBQAZ4WANFPESF7T,01M0TT49QHQY8JQV8C5T94HHYZ,NA,NA,2
01M0TTNRN5PCMP0TGF2BD5ACAG,01M0TSZGKJQW5S4GCP9150DNN9,training,28,2,5,48,12,1,/tangrams/429_403.png,F2,"[""/tangrams/429_403.png"",""/tangrams/452_257.png"",""/tangrams/374_400.png"",""/tangrams/348_441.png""]","[""F2"",""F1"",""F8"",""B2""]",NA,NA,NA,NA,NA,NA,NA,3
01M0TTEY33T07QMNNEV9SCCVVV,01M0TSZEY44B7XSP574QH2WQPJ,training,18,1,7,48,12,0,/tangrams/279_66.png,D4,"[""/tangrams/37_144.png"",""/tangrams/290_64.png"",""/tangrams/279_66.png"",""/tangrams/170_154.png""]","[""F8"",""F2"",""D4"",""F3""]",/tangrams/279_66.png,TRUE,/tangrams/279_66.png,01M0TT9XXJBBQAZ4WANFPESF7T,01M0TT49QHQY8JQV8C5T94HHYZ,1787607723040,NA,2
01M0TTMQQ6D6FCX5RTTFHF9HPD,01M0TSZV8ERABP36QP2627EVMT,training,35,2,12,48,12,1,/tangrams/348_314.png,B1,"[""/tangrams/66_24.png"",""/tangrams/20_441.png"",""/tangrams/202_464.png"",""/tangrams/348_314.png""]","[""A3"",""D2"",""C4"",""B1""]",/tangrams/348_314.png,TRUE,/tangrams/348_314.png,01M0TT4JP6VSYSTADD58E33WM9,01M0TT4SREDP4QR1H8V4E3X5G9,1787608308187,NA,3
01M0TTEY3D0GQVSJA5PEFTM624,01M0TSZEY44B7XSP574QH2WQPJ,training,10,0,11,48,12,0,/tangrams/422_405.png,C3,"[""/tangrams/138_244.png"",""/tangrams/422_405.png"",""/tangrams/434_227.png"",""/tangrams/170_154.png""]","[""A1"",""C3"",""F4"",""F3""]",/tangrams/422_405.png,TRUE,/tangrams/422_405.png,01M0TT9XXJBBQAZ4WANFPESF7T,01M0TT49QHQY8JQV8C5T94HHYZ,1787607378196,NA,1
01M0TTKDFB2CVT25YBJXERT2K9,01M0TSZGKM72FFW193EYG47F25,training,39,3,4,48,12,0,/tangrams/366_66.png,B4,"[""/tangrams/366_405.png"",""/tangrams/279_244.png"",""/tangrams/366_66.png"",""/tangrams/138_66.png""]","[""B3"",""D1"",""B4"",""A4""]",NA,NA,NA,NA,NA,NA,NA,4
01M0TTTPS1TW34523PESZXFHY4,01M0TSZV8KEDQHAT4X33M1GG1C,training,30,2,7,48,12,1,/tangrams/348_24.png,B3,"[""/tangrams/348_24.png"",""/tangrams/202_464.png"",""/tangrams/20_24.png"",""/tangrams/348_314.png""]","[""B3"",""C4"",""D3"",""B1""]",/tangrams/348_24.png,TRUE,/tangrams/348_24.png,01M0TTBQPRE9XMJHBPDKM8GTC4,01M0TT467Q69C5HQ20GW6FRRF2,1787609056215,NA,3
01M0TTYQ2WQDW9S67SB2RAV45C,01M0TTMWMDPGAHQRDA7BZJ8FEZ,training,47,3,12,48,12,1,/tangrams/20_24.png,D3,"[""/tangrams/20_441.png"",""/tangrams/66_464.png"",""/tangrams/20_24.png"",""/tangrams/348_24.png""]","[""D2"",""A4"",""D3"",""B3""]",NA,NA,NA,NA,NA,NA,NA,4
01M0TT9KJPQYZ1V156ZYS7RYYM,01M0TSZGKE32G3R2H2EPQFBQNN,training,37,3,2,48,12,0,/tangrams/422_339.png,C2,"[""/tangrams/366_66.png"",""/tangrams/279_244.png"",""/tangrams/422_339.png"",""/tangrams/138_405.png""]","[""B4"",""D1"",""C2"",""A3""]",NA,NA,NA,NA,NA,NA,NA,4
01M0TTKN3Y49RQ37GWQRGV8JF3,01M0TSZEY173D8F3KEP071GR06,training,45,3,10,48,12,0,/tangrams/138_405.png,A3,"[""/tangrams/138_405.png"",""/tangrams/422_66.png"",""/tangrams/366_244.png"",""/tangrams/279_339.png""]","[""A3"",""C4"",""B1"",""D2""]",/tangrams/138_405.png,TRUE,/tangrams/138_405.png,01M0TT55D1DRDQ3JPT1CDTT5VN,01M0TTF3ADJ36CYQBD8356XFNQ,1787608443987,NA,4
01M0TTTPGPG9TQ8W0TD0DQ9QY5,01M0TSZV8KEDQHAT4X33M1GG1C,training,41,3,6,48,12,1,/tangrams/20_24.png,D3,"[""/tangrams/66_24.png"",""/tangrams/20_24.png"",""/tangrams/20_314.png"",""/tangrams/202_441.png""]","[""A3"",""D3"",""D1"",""C2""]",/tangrams/20_24.png,TRUE,/tangrams/20_24.png,01M0TT467Q69C5HQ20GW6FRRF2,01M0TTBQPRE9XMJHBPDKM8GTC4,1787609535745,NA,4
01M0TTNRFRZXFTQKXCR3FSRKFW,01M0TSZGKJQW5S4GCP9150DNN9,training,18,1,7,48,12,1,/tangrams/40_345.png,F4,"[""/tangrams/157_426.png"",""/tangrams/66_314.png"",""/tangrams/348_441.png"",""/tangrams/40_345.png""]","[""F7"",""A1"",""B2"",""F4""]",NA,NA,NA,NA,NA,NA,NA,2
01M0TTTPHKD6DPPYPNE626NDTP,01M0TSZV8KEDQHAT4X33M1GG1C,training,37,3,2,48,12,1,/tangrams/20_441.png,D2,"[""/tangrams/348_314.png"",""/tangrams/20_441.png"",""/tangrams/202_441.png"",""/tangrams/20_24.png""]","[""B1"",""D2"",""C2"",""D3""]",/tangrams/20_441.png,TRUE,/tangrams/20_441.png,01M0TT467Q69C5HQ20GW6FRRF2,01M0TTBQPRE9XMJHBPDKM8GTC4,1787609389716,NA,4
01M0TTKDA49PMFASF8GCHCKMCN,01M0TSZGKM72FFW193EYG47F25,training,14,1,3,48,12,0,/tangrams/422_339.png,C2,"[""/tangrams/138_339.png"",""/tangrams/366_66.png"",""/tangrams/422_244.png"",""/tangrams/422_339.png""]","[""A2"",""B4"",""C1"",""C2""]",NA,NA,NA,NA,NA,NA,NA,2
01M0TTMQV99AYPGEW60RFG8SEE,01M0TSZV8ERABP36QP2627EVMT,training,22,1,11,48,12,1,/tangrams/66_464.png,A4,"[""/tangrams/202_314.png"",""/tangrams/348_24.png"",""/tangrams/66_464.png"",""/tangrams/20_441.png""]","[""C1"",""B3"",""A4"",""D2""]",/tangrams/66_464.png,TRUE,/tangrams/66_464.png,01M0TT4SREDP4QR1H8V4E3X5G9,01M0TT4JP6VSYSTADD58E33WM9,1787607945615,NA,2
01M0TTNRKQQXV9DJFHFY5QCC2Z,01M0TSZGKJQW5S4GCP9150DNN9,training,33,2,10,48,12,1,/tangrams/66_314.png,A1,"[""/tangrams/348_441.png"",""/tangrams/40_345.png"",""/tangrams/66_314.png"",""/tangrams/157_426.png""]","[""B2"",""F4"",""A1"",""F7""]",NA,NA,NA,NA,NA,NA,NA,3
01M0TTYQ1W7HVZR7A6DYEWETA2,01M0TTMWMDPGAHQRDA7BZJ8FEZ,training,6,0,7,48,12,1,/tangrams/202_464.png,C4,"[""/tangrams/66_24.png"",""/tangrams/348_464.png"",""/tangrams/202_314.png"",""/tangrams/202_464.png""]","[""A3"",""B4"",""C1"",""C4""]",/tangrams/348_464.png,FALSE,/tangrams/348_464.png,01M0TTJT0T1FXWVGTP027BYENQ,01M0TTENRE0ZSC234N2S1BW8ZS,1787608269122,NA,1
01M0TVK9FA6ESW43HA6M09KA5G,01M0TTMWMG725DJ5GA5M4WD8SY,training,20,1,9,48,12,1,/tangrams/429_403.png,F2,"[""/tangrams/66_314.png"",""/tangrams/4_159.png"",""/tangrams/20_464.png"",""/tangrams/429_403.png""]","[""A1"",""F5"",""D4"",""F2""]",/tangrams/429_403.png,TRUE,/tangrams/429_403.png,01M0TVD4RDDZ2GPYA2W2TBJY2J,01M0TV8YZXT0HY97VC3QNJABKN,1787608488770,NA,2
01M0TTKN17QG7F0FB7MBTZ41GD,01M0TSZEY173D8F3KEP071GR06,training,32,2,9,48,12,0,/tangrams/138_405.png,A3,"[""/tangrams/422_244.png"",""/tangrams/279_339.png"",""/tangrams/366_66.png"",""/tangrams/138_405.png""]","[""C1"",""D2"",""B4"",""A3""]",/tangrams/138_405.png,TRUE,/tangrams/138_405.png,01M0TTF3ADJ36CYQBD8356XFNQ,01M0TT55D1DRDQ3JPT1CDTT5VN,1787608098597,NA,3
01M0TTMQRKPV365FHV1ZCZWC4F,01M0TSZV8ERABP36QP2627EVMT,training,42,3,7,48,12,1,/tangrams/202_464.png,C4,"[""/tangrams/348_314.png"",""/tangrams/20_24.png"",""/tangrams/202_464.png"",""/tangrams/66_441.png""]","[""B1"",""D3"",""C4"",""A2""]",/tangrams/202_464.png,TRUE,/tangrams/202_464.png,01M0TT4SREDP4QR1H8V4E3X5G9,01M0TT4JP6VSYSTADD58E33WM9,1787608436655,NA,4
01M0TVK9G9EC8EYX1PA65KYAZB,01M0TTMWMG725DJ5GA5M4WD8SY,training,3,0,4,48,12,1,/tangrams/202_24.png,C3,"[""/tangrams/264_176.png"",""/tangrams/4_159.png"",""/tangrams/202_24.png"",""/tangrams/157_426.png""]","[""F3"",""F5"",""C3"",""F7""]",/tangrams/202_24.png,TRUE,/tangrams/202_24.png,01M0TV8YZXT0HY97VC3QNJABKN,01M0TVD4RDDZ2GPYA2W2TBJY2J,1787608155803,NA,1
01M0TTEY4R735E1H8KBGNPQCGJ,01M0TSZEY44B7XSP574QH2WQPJ,training,22,1,11,48,12,0,/tangrams/134_125.png,F6,"[""/tangrams/422_405.png"",""/tangrams/170_154.png"",""/tangrams/434_227.png"",""/tangrams/134_125.png""]","[""C3"",""F3"",""F4"",""F6""]",/tangrams/134_125.png,TRUE,/tangrams/134_125.png,01M0TT9XXJBBQAZ4WANFPESF7T,01M0TT49QHQY8JQV8C5T94HHYZ,1787607877306,NA,2
01M0TTYPZBKQBG8PTS5RM4T360,01M0TTMWMDPGAHQRDA7BZJ8FEZ,training,1,0,2,48,12,1,/tangrams/348_24.png,B3,"[""/tangrams/348_464.png"",""/tangrams/20_314.png"",""/tangrams/348_24.png"",""/tangrams/66_24.png""]","[""B4"",""D1"",""B3"",""A3""]",/tangrams/348_464.png,FALSE,/tangrams/348_464.png,01M0TTENRE0ZSC234N2S1BW8ZS,01M0TTJT0T1FXWVGTP027BYENQ,1787607813696,NA,1
01M0TTKMWSRA5SKY10NAA71SN6,01M0TSZEY173D8F3KEP071GR06,training,19,1,8,48,12,0,/tangrams/138_339.png,A2,"[""/tangrams/138_339.png"",""/tangrams/422_66.png"",""/tangrams/366_244.png"",""/tangrams/279_405.png""]","[""A2"",""C4"",""B1"",""D3""]",/tangrams/138_339.png,TRUE,/tangrams/138_339.png,01M0TT55D1DRDQ3JPT1CDTT5VN,01M0TTF3ADJ36CYQBD8356XFNQ,1787607785308,NA,2
01M0TT9KGSFM1ZBESA4190GBPN,01M0TSZGKE32G3R2H2EPQFBQNN,training,25,2,2,48,12,0,/tangrams/138_66.png,A4,"[""/tangrams/138_66.png"",""/tangrams/279_405.png"",""/tangrams/366_244.png"",""/tangrams/422_339.png""]","[""A4"",""D3"",""B1"",""C2""]",NA,NA,NA,NA,NA,NA,NA,3
01M0TTKDDN6JBRG2ZTKGE45ZC7,01M0TSZGKM72FFW193EYG47F25,training,22,1,11,48,12,0,/tangrams/366_405.png,B3,"[""/tangrams/366_405.png"",""/tangrams/366_66.png"",""/tangrams/279_405.png"",""/tangrams/422_339.png""]","[""B3"",""B4"",""D3"",""C2""]",NA,NA,NA,NA,NA,NA,NA,2
01M0TTKDDX603AKBNJ30GPP9W1,01M0TSZGKM72FFW193EYG47F25,training,23,1,12,48,12,0,/tangrams/422_244.png,C1,"[""/tangrams/279_244.png"",""/tangrams/422_244.png"",""/tangrams/422_339.png"",""/tangrams/366_405.png""]","[""D1"",""C1"",""C2"",""B3""]",NA,NA,NA,NA,NA,NA,NA,2
01M0TV7K0ZTCV9MPPF950PZXXA,01M0TTMWM9GSP2NP0T4CET96EB,training,23,1,12,48,12,1,/tangrams/202_441.png,C2,"[""/tangrams/202_441.png"",""/tangrams/348_314.png"",""/tangrams/66_464.png"",""/tangrams/20_24.png""]","[""C2"",""B1"",""A4"",""D3""]",/tangrams/202_441.png,TRUE,/tangrams/202_441.png,01M0TTRGJ55RK21NQM11GGHNRN,01M0TV363Y2QH3CGTPHSZR512P,1787608630052,NA,2
01M0TV7K1J0GM5YP41QYZRHNY1,01M0TTMWM9GSP2NP0T4CET96EB,training,16,1,5,48,12,1,/tangrams/202_464.png,C4,"[""/tangrams/20_441.png"",""/tangrams/202_464.png"",""/tangrams/348_314.png"",""/tangrams/66_24.png""]","[""D2"",""C4"",""B1"",""A3""]",/tangrams/202_464.png,TRUE,/tangrams/202_464.png,01M0TV363Y2QH3CGTPHSZR512P,01M0TTRGJ55RK21NQM11GGHNRN,1787608464682,NA,2
01M0TT9KK3BHBVA1ZH643HE54V,01M0TSZGKE32G3R2H2EPQFBQNN,training,34,2,11,48,12,0,/tangrams/279_405.png,D3,"[""/tangrams/422_339.png"",""/tangrams/279_405.png"",""/tangrams/138_66.png"",""/tangrams/366_244.png""]","[""C2"",""D3"",""A4"",""B1""]",NA,NA,NA,NA,NA,NA,NA,3
01M0TTEY3MWPDQRW8TQA14RMMG,01M0TSZEY44B7XSP574QH2WQPJ,training,33,2,10,48,12,0,/tangrams/37_144.png,F8,"[""/tangrams/170_154.png"",""/tangrams/119_182.png"",""/tangrams/422_405.png"",""/tangrams/37_144.png""]","[""F3"",""F1"",""C3"",""F8""]",/tangrams/37_144.png,TRUE,/tangrams/37_144.png,01M0TT49QHQY8JQV8C5T94HHYZ,01M0TT9XXJBBQAZ4WANFPESF7T,1787608283707,NA,3
01M0TT9KHV9ZBBDTZGZM1NB4FF,01M0TSZGKE32G3R2H2EPQFBQNN,training,11,0,12,48,12,0,/tangrams/279_244.png,D1,"[""/tangrams/138_339.png"",""/tangrams/422_66.png"",""/tangrams/279_244.png"",""/tangrams/366_405.png""]","[""A2"",""C4"",""D1"",""B3""]",NA,NA,NA,NA,NA,NA,NA,1
01M0TTKMV5F2GPZT995M1JEDMB,01M0TSZEY173D8F3KEP071GR06,training,4,0,5,48,12,0,/tangrams/138_339.png,A2,"[""/tangrams/279_244.png"",""/tangrams/138_339.png"",""/tangrams/366_405.png"",""/tangrams/422_66.png""]","[""D1"",""A2"",""B3"",""C4""]",/tangrams/138_339.png,TRUE,/tangrams/138_339.png,01M0TTF3ADJ36CYQBD8356XFNQ,01M0TT55D1DRDQ3JPT1CDTT5VN,1787607398327,NA,1
01M0TTK10WESK9XX1EVC2AFESQ,01M0TSZEY54T11A9AMGVA6T4ZB,training,8,0,9,48,12,0,/tangrams/138_339.png,A2,"[""/tangrams/138_339.png"",""/tangrams/279_244.png"",""/tangrams/422_339.png"",""/tangrams/138_405.png""]","[""A2"",""D1"",""C2"",""A3""]",/tangrams/138_339.png,TRUE,/tangrams/138_339.png,01M0TT7ZVRQQW92P55GPN9KMMS,01M0TT7FNH08P86PFHWCV3NRS8,1787608149408,NA,1
01M0TTK13C985P8CWDVEJEG750,01M0TSZEY54T11A9AMGVA6T4ZB,training,32,2,9,48,12,0,/tangrams/366_405.png,B3,"[""/tangrams/366_66.png"",""/tangrams/138_405.png"",""/tangrams/366_405.png"",""/tangrams/422_244.png""]","[""B4"",""A3"",""B3"",""C1""]",/tangrams/366_405.png,TRUE,/tangrams/366_405.png,01M0TT7ZVRQQW92P55GPN9KMMS,01M0TT7FNH08P86PFHWCV3NRS8,1787609194857,NA,3
01M0TTKDEP6P9CM4EEBBK2TNAF,01M0TSZGKM72FFW193EYG47F25,training,31,2,8,48,12,0,/tangrams/138_405.png,A3,"[""/tangrams/366_405.png"",""/tangrams/138_405.png"",""/tangrams/422_339.png"",""/tangrams/138_66.png""]","[""B3"",""A3"",""C2"",""A4""]",NA,NA,NA,NA,NA,NA,NA,3
01M0TTYQ395FJA2C53BEC3KBSA,01M0TTMWMDPGAHQRDA7BZJ8FEZ,training,46,3,11,48,12,1,/tangrams/202_314.png,C1,"[""/tangrams/202_464.png"",""/tangrams/202_314.png"",""/tangrams/348_24.png"",""/tangrams/20_314.png""]","[""C4"",""C1"",""B3"",""D1""]",NA,NA,NA,NA,NA,NA,NA,4
01M0TTA582BRRBVPN2AVG5D4V2,01M0TSZV8KEDQHAT4X3FNKVS2B,training,41,3,6,48,12,0,/tangrams/456_48.png,F5,"[""/tangrams/134_125.png"",""/tangrams/456_48.png"",""/tangrams/366_339.png"",""/tangrams/170_154.png""]","[""F6"",""F5"",""B2"",""F3""]",/tangrams/456_48.png,TRUE,/tangrams/456_48.png,01M0TT3ZTTV22XQGZD0K61T6A4,01M0TT4SZRTK7MV5T48R9G1GQH,1787607994917,NA,4
01M0TTK10A7AKK5NF8W8WR1SKC,01M0TSZEY54T11A9AMGVA6T4ZB,training,45,3,10,48,12,0,/tangrams/422_244.png,C1,"[""/tangrams/422_66.png"",""/tangrams/138_339.png"",""/tangrams/422_244.png"",""/tangrams/279_244.png""]","[""C4"",""A2"",""C1"",""D1""]",/tangrams/422_244.png,TRUE,/tangrams/422_244.png,01M0TT7FNH08P86PFHWCV3NRS8,01M0TT7ZVRQQW92P55GPN9KMMS,1787609631065,NA,4
01M0TTKDAXE8SPJ3HA7321D92E,01M0TSZGKM72FFW193EYG47F25,training,17,1,6,48,12,0,/tangrams/138_339.png,A2,"[""/tangrams/138_339.png"",""/tangrams/366_244.png"",""/tangrams/279_339.png"",""/tangrams/138_405.png""]","[""A2"",""B1"",""D2"",""A3""]",NA,NA,NA,NA,NA,NA,NA,2
01M0TTMQR1W58442SPPYZSPSKX,01M0TSZV8ERABP36QP2627EVMT,training,47,3,12,48,12,1,/tangrams/348_314.png,B1,"[""/tangrams/66_441.png"",""/tangrams/202_464.png"",""/tangrams/20_24.png"",""/tangrams/348_314.png""]","[""A2"",""C4"",""D3"",""B1""]",/tangrams/348_314.png,TRUE,/tangrams/348_314.png,01M0TT4JP6VSYSTADD58E33WM9,01M0TT4SREDP4QR1H8V4E3X5G9,1787608517397,NA,4
01M0TTYQ87WY64T143PF8FJ197,01M0TTMWMDPGAHQRDA7BZJ8FEZ,training,36,3,1,48,12,1,/tangrams/20_441.png,D2,"[""/tangrams/20_314.png"",""/tangrams/348_464.png"",""/tangrams/66_441.png"",""/tangrams/20_441.png""]","[""D1"",""B4"",""A2"",""D2""]",NA,NA,NA,NA,NA,NA,NA,4
01M0TTA592MXWP6YXSMDNF9JHB,01M0TSZV8KEDQHAT4X3FNKVS2B,training,32,2,9,48,12,0,/tangrams/138_244.png,A1,"[""/tangrams/456_48.png"",""/tangrams/422_405.png"",""/tangrams/138_244.png"",""/tangrams/170_154.png""]","[""F5"",""C3"",""A1"",""F3""]",/tangrams/138_244.png,TRUE,/tangrams/138_244.png,01M0TT4SZRTK7MV5T48R9G1GQH,01M0TT3ZTTV22XQGZD0K61T6A4,1787607760158,NA,3
01M0TTEY3V3GPCXRAB0KTB5A4J,01M0TSZEY44B7XSP574QH2WQPJ,training,31,2,8,48,12,0,/tangrams/119_182.png,F1,"[""/tangrams/119_182.png"",""/tangrams/456_48.png"",""/tangrams/366_339.png"",""/tangrams/170_154.png""]","[""F1"",""F5"",""B2"",""F3""]",/tangrams/119_182.png,TRUE,/tangrams/119_182.png,01M0TT49QHQY8JQV8C5T94HHYZ,01M0TT9XXJBBQAZ4WANFPESF7T,1787608193548,NA,3
01M0TTMQR3HQG5TX6WBJX25RHH,01M0TSZV8ERABP36QP2627EVMT,training,3,0,4,48,12,1,/tangrams/202_441.png,C2,"[""/tangrams/348_314.png"",""/tangrams/202_441.png"",""/tangrams/66_464.png"",""/tangrams/20_24.png""]","[""B1"",""C2"",""A4"",""D3""]",/tangrams/202_441.png,TRUE,/tangrams/202_441.png,01M0TT4JP6VSYSTADD58E33WM9,01M0TT4SREDP4QR1H8V4E3X5G9,1787607321891,NA,1
01M0TTTPGF52Q5AKEG7QSP2T2X,01M0TSZV8KEDQHAT4X33M1GG1C,training,42,3,7,48,12,1,/tangrams/66_464.png,A4,"[""/tangrams/66_24.png"",""/tangrams/20_314.png"",""/tangrams/66_464.png"",""/tangrams/348_464.png""]","[""A3"",""D1"",""A4"",""B4""]",/tangrams/66_464.png,TRUE,/tangrams/66_464.png,01M0TTBQPRE9XMJHBPDKM8GTC4,01M0TT467Q69C5HQ20GW6FRRF2,1787609564553,NA,4
01M0TV7JMV7SXYDW68X3BHREMX,01M0TTMWM9GSP2NP0T4CET96EB,training,19,1,8,48,12,1,/tangrams/348_464.png,B4,"[""/tangrams/202_314.png"",""/tangrams/20_441.png"",""/tangrams/348_464.png"",""/tangrams/66_24.png""]","[""C1"",""D2"",""B4"",""A3""]",/tangrams/348_464.png,TRUE,/tangrams/348_464.png,01M0TTRGJ55RK21NQM11GGHNRN,01M0TV363Y2QH3CGTPHSZR512P,1787608518806,NA,2
01M0TV7K25RC6BZHP7Q1MHPX1W,01M0TTMWM9GSP2NP0T4CET96EB,training,0,0,1,48,12,1,/tangrams/348_314.png,B1,"[""/tangrams/202_464.png"",""/tangrams/20_24.png"",""/tangrams/66_441.png"",""/tangrams/348_314.png""]","[""C4"",""D3"",""A2"",""B1""]",/tangrams/348_314.png,TRUE,/tangrams/348_314.png,01M0TV363Y2QH3CGTPHSZR512P,01M0TTRGJ55RK21NQM11GGHNRN,1787607921541,NA,1
01M0TTA5796WFMQCP8QWHHCX3F,01M0TSZV8KEDQHAT4X3FNKVS2B,training,1,0,2,48,12,0,/tangrams/134_125.png,F6,"[""/tangrams/422_405.png"",""/tangrams/134_125.png"",""/tangrams/434_227.png"",""/tangrams/119_182.png""]","[""C3"",""F6"",""F4"",""F1""]",/tangrams/134_125.png,TRUE,/tangrams/134_125.png,01M0TT3ZTTV22XQGZD0K61T6A4,01M0TT4SZRTK7MV5T48R9G1GQH,1787606649034,NA,1
01M0TTKD9QKW72TZS00NN9MRBT,01M0TSZGKM72FFW193EYG47F25,training,7,0,8,48,12,0,/tangrams/422_244.png,C1,"[""/tangrams/366_244.png"",""/tangrams/138_339.png"",""/tangrams/422_244.png"",""/tangrams/422_66.png""]","[""B1"",""A2"",""C1"",""C4""]",NA,NA,NA,NA,NA,NA,NA,1
01M0TTKDF26WFHZ4QVRA0YEZX7,01M0TSZGKM72FFW193EYG47F25,training,38,3,3,48,12,0,/tangrams/422_66.png,C4,"[""/tangrams/138_66.png"",""/tangrams/422_244.png"",""/tangrams/366_405.png"",""/tangrams/422_66.png""]","[""A4"",""C1"",""B3"",""C4""]",NA,NA,NA,NA,NA,NA,NA,4
01M0TTMQPGB6QAM67XDTFQB10D,01M0TSZV8ERABP36QP2627EVMT,training,0,0,1,48,12,1,/tangrams/66_464.png,A4,"[""/tangrams/348_314.png"",""/tangrams/202_441.png"",""/tangrams/20_24.png"",""/tangrams/66_464.png""]","[""B1"",""C2"",""D3"",""A4""]",/tangrams/20_24.png,FALSE,/tangrams/20_24.png,01M0TT4SREDP4QR1H8V4E3X5G9,01M0TT4JP6VSYSTADD58E33WM9,1787607214879,1787607174895,1
01M0TTMQS5Y25WY0NZHRQ4JMH9,01M0TSZV8ERABP36QP2627EVMT,training,7,0,8,48,12,1,/tangrams/20_314.png,D1,"[""/tangrams/66_24.png"",""/tangrams/202_441.png"",""/tangrams/348_464.png"",""/tangrams/20_314.png""]","[""A3"",""C2"",""B4"",""D1""]",/tangrams/348_464.png,FALSE,/tangrams/348_464.png,01M0TT4JP6VSYSTADD58E33WM9,01M0TT4SREDP4QR1H8V4E3X5G9,1787607511679,NA,1
01M0TTNRF7NSR3Y1WBWY7ASDSR,01M0TSZGKJQW5S4GCP9150DNN9,training,37,3,2,48,12,1,/tangrams/98_302.png,F6,"[""/tangrams/66_314.png"",""/tangrams/98_302.png"",""/tangrams/374_400.png"",""/tangrams/4_159.png""]","[""A1"",""F6"",""F8"",""F5""]",NA,NA,NA,NA,NA,NA,NA,4
01M0TV7JXMZP9M4KPNNYF4YY09,01M0TTMWM9GSP2NP0T4CET96EB,training,35,2,12,48,12,1,/tangrams/202_464.png,C4,"[""/tangrams/348_24.png"",""/tangrams/20_314.png"",""/tangrams/66_441.png"",""/tangrams/202_464.png""]","[""B3"",""D1"",""A2"",""C4""]",/tangrams/202_464.png,TRUE,/tangrams/202_464.png,01M0TTRGJ55RK21NQM11GGHNRN,01M0TV363Y2QH3CGTPHSZR512P,1787608865061,NA,3
01M0TTA5AS3RV690XS3M2SW0XS,01M0TSZV8KEDQHAT4X3FNKVS2B,training,26,2,3,48,12,0,/tangrams/422_405.png,C3,"[""/tangrams/366_339.png"",""/tangrams/119_182.png"",""/tangrams/279_66.png"",""/tangrams/422_405.png""]","[""B2"",""F1"",""D4"",""C3""]",/tangrams/422_405.png,TRUE,/tangrams/422_405.png,01M0TT4SZRTK7MV5T48R9G1GQH,01M0TT3ZTTV22XQGZD0K61T6A4,1787607637998,NA,3
01M0TTK18PZ0PYJEA38V2Y8EBF,01M0TSZEY54T11A9AMGVA6T4ZB,training,28,2,5,48,12,0,/tangrams/138_405.png,A3,"[""/tangrams/138_405.png"",""/tangrams/422_66.png"",""/tangrams/138_339.png"",""/tangrams/279_405.png""]","[""A3"",""C4"",""A2"",""D3""]",/tangrams/422_66.png,FALSE,/tangrams/422_66.png,01M0TT7ZVRQQW92P55GPN9KMMS,01M0TT7FNH08P86PFHWCV3NRS8,1787609071878,NA,3
01M0TTKDESBB1EHSTS189ZJY38,01M0TSZGKM72FFW193EYG47F25,training,33,2,10,48,12,0,/tangrams/138_339.png,A2,"[""/tangrams/138_405.png"",""/tangrams/422_339.png"",""/tangrams/279_244.png"",""/tangrams/138_339.png""]","[""A3"",""C2"",""D1"",""A2""]",NA,NA,NA,NA,NA,NA,NA,3
01M0TTKMWBBS9FZZTMW3YFDFTC,01M0TSZEY173D8F3KEP071GR06,training,16,1,5,48,12,0,/tangrams/279_339.png,D2,"[""/tangrams/422_66.png"",""/tangrams/138_405.png"",""/tangrams/279_339.png"",""/tangrams/366_244.png""]","[""C4"",""A3"",""D2"",""B1""]",/tangrams/279_339.png,TRUE,/tangrams/279_339.png,01M0TTF3ADJ36CYQBD8356XFNQ,01M0TT55D1DRDQ3JPT1CDTT5VN,1787607709615,NA,2
01M0TTMQQ3KXQJ6BHVKXV2GCY6,01M0TSZV8ERABP36QP2627EVMT,training,34,2,11,48,12,1,/tangrams/66_24.png,A3,"[""/tangrams/202_464.png"",""/tangrams/66_24.png"",""/tangrams/348_314.png"",""/tangrams/20_441.png""]","[""C4"",""A3"",""B1"",""D2""]",/tangrams/66_24.png,TRUE,/tangrams/66_24.png,01M0TT4SREDP4QR1H8V4E3X5G9,01M0TT4JP6VSYSTADD58E33WM9,1787608276312,NA,3
01M0TTTPKWC3R3R1VQXAJ426R2,01M0TSZV8KEDQHAT4X33M1GG1C,training,34,2,11,48,12,1,/tangrams/20_441.png,D2,"[""/tangrams/20_24.png"",""/tangrams/202_314.png"",""/tangrams/66_441.png"",""/tangrams/20_441.png""]","[""D3"",""C1"",""A2"",""D2""]",/tangrams/20_441.png,TRUE,/tangrams/20_441.png,01M0TTBQPRE9XMJHBPDKM8GTC4,01M0TT467Q69C5HQ20GW6FRRF2,1787609267795,NA,3
01M0TT9KFQZ8PBQZDYEK80GEX2,01M0TSZGKE32G3R2H2EPQFBQNN,training,17,1,6,48,12,0,/tangrams/279_339.png,D2,"[""/tangrams/366_244.png"",""/tangrams/279_339.png"",""/tangrams/138_405.png"",""/tangrams/422_66.png""]","[""B1"",""D2"",""A3"",""C4""]",NA,NA,NA,NA,NA,NA,NA,2
01M0TTK18S21Q80GH0Q5PZY6NQ,01M0TSZEY54T11A9AMGVA6T4ZB,training,29,2,6,48,12,0,/tangrams/366_244.png,B1,"[""/tangrams/422_244.png"",""/tangrams/366_244.png"",""/tangrams/279_339.png"",""/tangrams/366_66.png""]","[""C1"",""B1"",""D2"",""B4""]",/tangrams/366_244.png,TRUE,/tangrams/366_244.png,01M0TT7FNH08P86PFHWCV3NRS8,01M0TT7ZVRQQW92P55GPN9KMMS,1787609100292,1787609087715,3
01M0TTK1956TXJDDKP0BJPEB7P,01M0TSZEY54T11A9AMGVA6T4ZB,training,44,3,9,48,12,0,/tangrams/422_66.png,C4,"[""/tangrams/366_66.png"",""/tangrams/422_66.png"",""/tangrams/422_244.png"",""/tangrams/138_405.png""]","[""B4"",""C4"",""C1"",""A3""]",/tangrams/422_66.png,TRUE,/tangrams/422_66.png,01M0TT7ZVRQQW92P55GPN9KMMS,01M0TT7FNH08P86PFHWCV3NRS8,1787609581469,NA,4
01M0TTKDEQ7QGNTNPY004AFSEH,01M0TSZGKM72FFW193EYG47F25,training,32,2,9,48,12,0,/tangrams/366_244.png,B1,"[""/tangrams/366_244.png"",""/tangrams/138_66.png"",""/tangrams/279_244.png"",""/tangrams/366_405.png""]","[""B1"",""A4"",""D1"",""B3""]",NA,NA,NA,NA,NA,NA,NA,3
01M0TVK9H1MJSBBJS5X7DQB712,01M0TTMWMG725DJ5GA5M4WD8SY,training,6,0,7,48,12,1,/tangrams/264_176.png,F3,"[""/tangrams/66_314.png"",""/tangrams/264_176.png"",""/tangrams/452_257.png"",""/tangrams/40_345.png""]","[""A1"",""F3"",""F1"",""F4""]",/tangrams/264_176.png,TRUE,/tangrams/264_176.png,01M0TVD4RDDZ2GPYA2W2TBJY2J,01M0TV8YZXT0HY97VC3QNJABKN,1787608221296,NA,1
01M0TTK11X3TBF14YA1A2Q1Q3C,01M0TSZEY54T11A9AMGVA6T4ZB,training,18,1,7,48,12,0,/tangrams/138_405.png,A3,"[""/tangrams/138_405.png"",""/tangrams/279_405.png"",""/tangrams/366_66.png"",""/tangrams/138_339.png""]","[""A3"",""D3"",""B4"",""A2""]",/tangrams/138_339.png,FALSE,/tangrams/138_339.png,01M0TT7ZVRQQW92P55GPN9KMMS,01M0TT7FNH08P86PFHWCV3NRS8,1787608603697,NA,2
01M0TTKD9CBXZ9A2NYQ9RP0641,01M0TSZGKM72FFW193EYG47F25,training,5,0,6,48,12,0,/tangrams/138_339.png,A2,"[""/tangrams/422_339.png"",""/tangrams/138_66.png"",""/tangrams/138_339.png"",""/tangrams/279_405.png""]","[""C2"",""A4"",""A2"",""D3""]",NA,NA,NA,NA,NA,NA,NA,1
01M0TTNRHFS8YQADE4BCN35HTQ,01M0TSZGKJQW5S4GCP9150DNN9,training,14,1,3,48,12,1,/tangrams/98_302.png,F6,"[""/tangrams/98_302.png"",""/tangrams/4_159.png"",""/tangrams/40_345.png"",""/tangrams/66_314.png""]","[""F6"",""F5"",""F4"",""A1""]",NA,NA,NA,NA,NA,NA,NA,2
01M0TTNRJVPABY3DJT5BWSXX0J,01M0TSZGKJQW5S4GCP9150DNN9,training,7,0,8,48,12,1,/tangrams/202_24.png,C3,"[""/tangrams/40_345.png"",""/tangrams/374_400.png"",""/tangrams/202_24.png"",""/tangrams/264_176.png""]","[""F4"",""F8"",""C3"",""F3""]",NA,NA,NA,NA,NA,NA,NA,1
01M0TTTPNYC5Y2854FT0F5SW3M,01M0TSZV8KEDQHAT4X33M1GG1C,training,26,2,3,48,12,1,/tangrams/202_441.png,C2,"[""/tangrams/202_314.png"",""/tangrams/20_441.png"",""/tangrams/202_441.png"",""/tangrams/66_24.png""]","[""C1"",""D2"",""C2"",""A3""]",/tangrams/20_441.png,FALSE,/tangrams/20_441.png,01M0TTBQPRE9XMJHBPDKM8GTC4,01M0TT467Q69C5HQ20GW6FRRF2,1787608895826,NA,3
01M0TTKDACZQ1DCZWZXJ69MET8,01M0TSZGKM72FFW193EYG47F25,training,12,1,1,48,12,0,/tangrams/279_244.png,D1,"[""/tangrams/422_244.png"",""/tangrams/366_66.png"",""/tangrams/279_244.png"",""/tangrams/279_405.png""]","[""C1"",""B4"",""D1"",""D3""]",NA,NA,NA,NA,NA,NA,NA,2
01M0TTNRF4D16FXTAAMR7XQNAJ,01M0TSZGKJQW5S4GCP9150DNN9,training,20,1,9,48,12,1,/tangrams/452_257.png,F1,"[""/tangrams/429_403.png"",""/tangrams/452_257.png"",""/tangrams/40_345.png"",""/tangrams/20_464.png""]","[""F2"",""F1"",""F4"",""D4""]",NA,NA,NA,NA,NA,NA,NA,2
01M0TTTPJTMC7A25YTNHHH0BPF,01M0TSZV8KEDQHAT4X33M1GG1C,training,36,3,1,48,12,1,/tangrams/202_464.png,C4,"[""/tangrams/202_464.png"",""/tangrams/20_24.png"",""/tangrams/66_464.png"",""/tangrams/202_441.png""]","[""C4"",""D3"",""A4"",""C2""]",/tangrams/202_464.png,TRUE,/tangrams/202_464.png,01M0TTBQPRE9XMJHBPDKM8GTC4,01M0TT467Q69C5HQ20GW6FRRF2,1787609346292,NA,4
01M0TV7JP7EXYF7342M8ABQ8YV,01M0TTMWM9GSP2NP0T4CET96EB,training,8,0,9,48,12,1,/tangrams/348_24.png,B3,"[""/tangrams/66_441.png"",""/tangrams/20_314.png"",""/tangrams/348_24.png"",""/tangrams/202_464.png""]","[""A2"",""D1"",""B3"",""C4""]",/tangrams/348_24.png,TRUE,/tangrams/348_24.png,01M0TV363Y2QH3CGTPHSZR512P,01M0TTRGJ55RK21NQM11GGHNRN,1787608233919,NA,1
01M0TVK9KF2JM3HWDWT9ZRSEST,01M0TTMWMG725DJ5GA5M4WD8SY,training,14,1,3,48,12,1,/tangrams/98_302.png,F6,"[""/tangrams/20_464.png"",""/tangrams/374_400.png"",""/tangrams/98_302.png"",""/tangrams/452_257.png""]","[""D4"",""F8"",""F6"",""F1""]",/tangrams/98_302.png,TRUE,/tangrams/98_302.png,01M0TVD4RDDZ2GPYA2W2TBJY2J,01M0TV8YZXT0HY97VC3QNJABKN,1787608395372,NA,2
01M0TTA599EAT404370QMBDTVA,01M0TSZV8KEDQHAT4X3FNKVS2B,training,27,2,4,48,12,0,/tangrams/290_64.png,F2,"[""/tangrams/290_64.png"",""/tangrams/138_244.png"",""/tangrams/434_227.png"",""/tangrams/366_339.png""]","[""F2"",""A1"",""F4"",""B2""]",/tangrams/290_64.png,TRUE,/tangrams/290_64.png,01M0TT3ZTTV22XQGZD0K61T6A4,01M0TT4SZRTK7MV5T48R9G1GQH,1787607663469,NA,3
01M0TTNRDFV6CTKSVHQJPFC2H0,01M0TSZGKJQW5S4GCP9150DNN9,training,23,1,12,48,12,1,/tangrams/202_24.png,C3,"[""/tangrams/202_24.png"",""/tangrams/452_257.png"",""/tangrams/40_345.png"",""/tangrams/66_314.png""]","[""C3"",""F1"",""F4"",""A1""]",NA,NA,NA,NA,NA,NA,NA,2
01M0TTMQVZGZCD67EWP7K8FFQE,01M0TSZV8ERABP36QP2627EVMT,training,26,2,3,48,12,1,/tangrams/202_314.png,C1,"[""/tangrams/66_441.png"",""/tangrams/20_24.png"",""/tangrams/202_314.png"",""/tangrams/348_464.png""]","[""A2"",""D3"",""C1"",""B4""]",/tangrams/202_314.png,TRUE,/tangrams/202_314.png,01M0TT4SREDP4QR1H8V4E3X5G9,01M0TT4JP6VSYSTADD58E33WM9,1787608082990,1787608073603,3
01M0TTTPEVD8VTDJ3K40Y6JM1E,01M0TSZV8KEDQHAT4X33M1GG1C,training,0,0,1,48,12,1,/tangrams/20_24.png,D3,"[""/tangrams/66_24.png"",""/tangrams/348_464.png"",""/tangrams/20_441.png"",""/tangrams/20_24.png""]","[""A3"",""B4"",""D2"",""D3""]",/tangrams/20_24.png,TRUE,/tangrams/20_24.png,01M0TTBQPRE9XMJHBPDKM8GTC4,01M0TT467Q69C5HQ20GW6FRRF2,1787607685453,1787607657370,1
01M0TVK9JPBB2BD0WVTYMB4EE1,01M0TTMWMG725DJ5GA5M4WD8SY,training,12,1,1,48,12,1,/tangrams/264_176.png,F3,"[""/tangrams/20_464.png"",""/tangrams/264_176.png"",""/tangrams/348_441.png"",""/tangrams/202_24.png""]","[""D4"",""F3"",""B2"",""C3""]",/tangrams/264_176.png,TRUE,/tangrams/264_176.png,01M0TVD4RDDZ2GPYA2W2TBJY2J,01M0TV8YZXT0HY97VC3QNJABKN,1787608366628,NA,2
01M0TTKDEHQVYRFQECSE8FNHPE,01M0TSZGKM72FFW193EYG47F25,training,28,2,5,48,12,0,/tangrams/279_244.png,D1,"[""/tangrams/138_66.png"",""/tangrams/366_244.png"",""/tangrams/279_244.png"",""/tangrams/279_405.png""]","[""A4"",""B1"",""D1"",""D3""]",NA,NA,NA,NA,NA,NA,NA,3
01M0TTKN0Q50W9H411RD7NS4AZ,01M0TSZEY173D8F3KEP071GR06,training,30,2,7,48,12,0,/tangrams/422_339.png,C2,"[""/tangrams/138_66.png"",""/tangrams/279_405.png"",""/tangrams/422_339.png"",""/tangrams/366_244.png""]","[""A4"",""D3"",""C2"",""B1""]",/tangrams/422_339.png,TRUE,/tangrams/422_339.png,01M0TTF3ADJ36CYQBD8356XFNQ,01M0TT55D1DRDQ3JPT1CDTT5VN,1787608052630,NA,3
01M0TTTPRT0KJ8VKW180HK0X4Q,01M0TSZV8KEDQHAT4X33M1GG1C,training,23,1,12,48,12,1,/tangrams/20_24.png,D3,"[""/tangrams/20_314.png"",""/tangrams/20_24.png"",""/tangrams/66_24.png"",""/tangrams/348_464.png""]","[""D1"",""D3"",""A3"",""B4""]",/tangrams/20_24.png,TRUE,/tangrams/20_24.png,01M0TT467Q69C5HQ20GW6FRRF2,01M0TTBQPRE9XMJHBPDKM8GTC4,1787608766107,NA,2
01M0TTEY34HWQBR9JMXVTS92B0,01M0TSZEY44B7XSP574QH2WQPJ,training,36,3,1,48,12,0,/tangrams/422_405.png,C3,"[""/tangrams/422_405.png"",""/tangrams/170_154.png"",""/tangrams/290_64.png"",""/tangrams/138_244.png""]","[""C3"",""F3"",""F2"",""A1""]",/tangrams/422_405.png,TRUE,/tangrams/422_405.png,01M0TT9XXJBBQAZ4WANFPESF7T,01M0TT49QHQY8JQV8C5T94HHYZ,1787608351369,NA,4
01M0TTTPQRG11F4CTAXEMKP04G,01M0TSZV8KEDQHAT4X33M1GG1C,training,25,2,2,48,12,1,/tangrams/202_464.png,C4,"[""/tangrams/348_464.png"",""/tangrams/202_464.png"",""/tangrams/202_441.png"",""/tangrams/20_24.png""]","[""B4"",""C4"",""C2"",""D3""]",/tangrams/202_464.png,TRUE,/tangrams/202_464.png,01M0TT467Q69C5HQ20GW6FRRF2,01M0TTBQPRE9XMJHBPDKM8GTC4,1787608837540,NA,3
01M0TTEY3YDSH1CAC1K16BH2BC,01M0TSZEY44B7XSP574QH2WQPJ,training,29,2,6,48,12,0,/tangrams/290_64.png,F2,"[""/tangrams/422_405.png"",""/tangrams/279_66.png"",""/tangrams/290_64.png"",""/tangrams/37_144.png""]","[""C3"",""D4"",""F2"",""F8""]",/tangrams/290_64.png,TRUE,/tangrams/290_64.png,01M0TT49QHQY8JQV8C5T94HHYZ,01M0TT9XXJBBQAZ4WANFPESF7T,1787608104556,NA,3
01M0TT9KMBQ9CH1QB65NJ5EQDV,01M0TSZGKE32G3R2H2EPQFBQNN,training,27,2,4,48,12,0,/tangrams/279_244.png,D1,"[""/tangrams/138_66.png"",""/tangrams/366_405.png"",""/tangrams/279_244.png"",""/tangrams/422_339.png""]","[""A4"",""B3"",""D1"",""C2""]",NA,NA,NA,NA,NA,NA,NA,3
01M0TTA5ET0VQ8679ZXD4S0ZVZ,01M0TSZV8KEDQHAT4X3FNKVS2B,training,5,0,6,48,12,0,/tangrams/170_154.png,F3,"[""/tangrams/170_154.png"",""/tangrams/422_405.png"",""/tangrams/434_227.png"",""/tangrams/456_48.png""]","[""F3"",""C3"",""F4"",""F5""]",/tangrams/170_154.png,TRUE,/tangrams/170_154.png,01M0TT3ZTTV22XQGZD0K61T6A4,01M0TT4SZRTK7MV5T48R9G1GQH,1787606902376,NA,1
01M0TTKDEYB03WKG54SG66MXRY,01M0TSZGKM72FFW193EYG47F25,training,36,3,1,48,12,0,/tangrams/366_405.png,B3,"[""/tangrams/366_405.png"",""/tangrams/422_66.png"",""/tangrams/366_244.png"",""/tangrams/138_405.png""]","[""B3"",""C4"",""B1"",""A3""]",NA,NA,NA,NA,NA,NA,NA,4
01M0TV7JV7SPHHVBEGRZ84DTBT,01M0TTMWM9GSP2NP0T4CET96EB,training,43,3,8,48,12,1,/tangrams/66_24.png,A3,"[""/tangrams/66_24.png"",""/tangrams/348_314.png"",""/tangrams/20_441.png"",""/tangrams/202_464.png""]","[""A3"",""B1"",""D2"",""C4""]",/tangrams/66_24.png,TRUE,/tangrams/66_24.png,01M0TTRGJ55RK21NQM11GGHNRN,01M0TV363Y2QH3CGTPHSZR512P,1787608995348,NA,4
01M0TT9KJXDZ9RTR7WSS1FKRXS,01M0TSZGKE32G3R2H2EPQFBQNN,training,15,1,4,48,12,0,/tangrams/138_405.png,A3,"[""/tangrams/279_339.png"",""/tangrams/138_405.png"",""/tangrams/422_66.png"",""/tangrams/366_244.png""]","[""D2"",""A3"",""C4"",""B1""]",NA,NA,NA,NA,NA,NA,NA,2
01M0TTK16KQYT2X97TRZWMF19X,01M0TSZEY54T11A9AMGVA6T4ZB,training,24,2,1,48,12,0,/tangrams/279_405.png,D3,"[""/tangrams/279_339.png"",""/tangrams/422_244.png"",""/tangrams/279_405.png"",""/tangrams/366_405.png""]","[""D2"",""C1"",""D3"",""B3""]",/tangrams/366_405.png,FALSE,/tangrams/366_405.png,01M0TT7ZVRQQW92P55GPN9KMMS,01M0TT7FNH08P86PFHWCV3NRS8,1787608878065,NA,3
01M0TTKMV77SDSB47S8N7QH2GR,01M0TSZEY173D8F3KEP071GR06,training,0,0,1,48,12,0,/tangrams/366_244.png,B1,"[""/tangrams/279_339.png"",""/tangrams/422_66.png"",""/tangrams/138_405.png"",""/tangrams/366_244.png""]","[""D2"",""C4"",""A3"",""B1""]",/tangrams/366_244.png,TRUE,/tangrams/366_244.png,01M0TTF3ADJ36CYQBD8356XFNQ,01M0TT55D1DRDQ3JPT1CDTT5VN,1787607312658,NA,1
01M0TTTPSPS4JY62EVQBG2VN38,01M0TSZV8KEDQHAT4X33M1GG1C,training,27,2,4,48,12,1,/tangrams/202_314.png,C1,"[""/tangrams/66_441.png"",""/tangrams/348_314.png"",""/tangrams/202_464.png"",""/tangrams/202_314.png""]","[""A2"",""B1"",""C4"",""C1""]",/tangrams/202_314.png,TRUE,/tangrams/202_314.png,01M0TT467Q69C5HQ20GW6FRRF2,01M0TTBQPRE9XMJHBPDKM8GTC4,1787608957686,NA,3
01M0TTYQHPEYFF8ZYDZ2D2M1RN,01M0TTMWMDPGAHQRDA7BZJ8FEZ,training,21,1,10,48,12,1,/tangrams/66_441.png,A2,"[""/tangrams/66_464.png"",""/tangrams/66_441.png"",""/tangrams/202_441.png"",""/tangrams/348_24.png""]","[""A4"",""A2"",""C2"",""B3""]",NA,NA,NA,NA,NA,NA,NA,2
01M0TT9KFGX37CJCRGMHHJC9JX,01M0TSZGKE32G3R2H2EPQFBQNN,training,21,1,10,48,12,0,/tangrams/366_405.png,B3,"[""/tangrams/279_339.png"",""/tangrams/138_66.png"",""/tangrams/366_405.png"",""/tangrams/422_244.png""]","[""D2"",""A4"",""B3"",""C1""]",NA,NA,NA,NA,NA,NA,NA,2
01M0TT9KKJWWW4KMM10DG4S5JM,01M0TSZGKE32G3R2H2EPQFBQNN,training,30,2,7,48,12,0,/tangrams/366_66.png,B4,"[""/tangrams/422_244.png"",""/tangrams/279_405.png"",""/tangrams/138_339.png"",""/tangrams/366_66.png""]","[""C1"",""D3"",""A2"",""B4""]",NA,NA,NA,NA,NA,NA,NA,3
01M0TTTPFT16T9WEVSRXNCR931,01M0TSZV8KEDQHAT4X33M1GG1C,training,2,0,3,48,12,1,/tangrams/348_24.png,B3,"[""/tangrams/20_441.png"",""/tangrams/348_24.png"",""/tangrams/348_464.png"",""/tangrams/66_24.png""]","[""D2"",""B3"",""B4"",""A3""]",/tangrams/66_24.png,FALSE,/tangrams/66_24.png,01M0TTBQPRE9XMJHBPDKM8GTC4,01M0TT467Q69C5HQ20GW6FRRF2,1787607796448,NA,1
01M0TTTPJETWQPZZX8MCH68X7G,01M0TSZV8KEDQHAT4X33M1GG1C,training,17,1,6,48,12,1,/tangrams/66_441.png,A2,"[""/tangrams/20_441.png"",""/tangrams/66_441.png"",""/tangrams/66_464.png"",""/tangrams/348_24.png""]","[""D2"",""A2"",""A4"",""B3""]",/tangrams/20_441.png,FALSE,/tangrams/20_441.png,01M0TT467Q69C5HQ20GW6FRRF2,01M0TTBQPRE9XMJHBPDKM8GTC4,1787608520052,NA,2
01M0TTYQHYS3PMRW8GS7J3C6MM,01M0TTMWMDPGAHQRDA7BZJ8FEZ,training,20,1,9,48,12,1,/tangrams/202_464.png,C4,"[""/tangrams/20_24.png"",""/tangrams/348_464.png"",""/tangrams/202_464.png"",""/tangrams/202_314.png""]","[""D3"",""B4"",""C4"",""C1""]",NA,NA,NA,NA,NA,NA,NA,2
01M0TTEY4282EQG3ZE34S6C2RS,01M0TSZEY44B7XSP574QH2WQPJ,training,27,2,4,48,12,0,/tangrams/366_339.png,B2,"[""/tangrams/366_339.png"",""/tangrams/170_154.png"",""/tangrams/411_352.png"",""/tangrams/279_66.png""]","[""B2"",""F3"",""F7"",""D4""]",/tangrams/366_339.png,TRUE,/tangrams/366_339.png,01M0TT49QHQY8JQV8C5T94HHYZ,01M0TT9XXJBBQAZ4WANFPESF7T,1787608037012,NA,3
01M0TTKMTT2RM8BRPPZ9B0062C,01M0TSZEY173D8F3KEP071GR06,training,11,0,12,48,12,0,/tangrams/366_66.png,B4,"[""/tangrams/422_244.png"",""/tangrams/366_66.png"",""/tangrams/279_405.png"",""/tangrams/138_339.png""]","[""C1"",""B4"",""D3"",""A2""]",/tangrams/366_66.png,TRUE,/tangrams/366_66.png,01M0TT55D1DRDQ3JPT1CDTT5VN,01M0TTF3ADJ36CYQBD8356XFNQ,1787607575792,NA,1
01M0TTNRKWSNVEDBHRMWJMR96W,01M0TSZGKJQW5S4GCP9150DNN9,training,4,0,5,48,12,1,/tangrams/348_441.png,B2,"[""/tangrams/20_464.png"",""/tangrams/452_257.png"",""/tangrams/348_441.png"",""/tangrams/429_403.png""]","[""D4"",""F1"",""B2"",""F2""]",NA,FALSE,NA,01M0TTDMH9245RXEPX9F07PB9V,01M0TT4TXD8SRXYDAE6TW71C0D,NA,1787610551552,1
01M0TTTPN187QJEH8TKWVPMBKW,01M0TSZV8KEDQHAT4X33M1GG1C,training,12,1,1,48,12,1,/tangrams/202_464.png,C4,"[""/tangrams/202_314.png"",""/tangrams/20_441.png"",""/tangrams/202_464.png"",""/tangrams/66_464.png""]","[""C1"",""D2"",""C4"",""A4""]",/tangrams/202_464.png,TRUE,/tangrams/202_464.png,01M0TTBQPRE9XMJHBPDKM8GTC4,01M0TT467Q69C5HQ20GW6FRRF2,1787608317919,NA,2
01M0TTYQ4J33TAP4R67Z3HWZ3B,01M0TTMWMDPGAHQRDA7BZJ8FEZ,training,43,3,8,48,12,1,/tangrams/66_441.png,A2,"[""/tangrams/20_441.png"",""/tangrams/66_464.png"",""/tangrams/202_314.png"",""/tangrams/66_441.png""]","[""D2"",""A4"",""C1"",""A2""]",NA,NA,NA,NA,NA,NA,NA,4
01M0TTYQBRV5ACJNARS41R3SRD,01M0TTMWMDPGAHQRDA7BZJ8FEZ,training,31,2,8,48,12,1,/tangrams/202_464.png,C4,"[""/tangrams/202_441.png"",""/tangrams/20_314.png"",""/tangrams/202_464.png"",""/tangrams/348_464.png""]","[""C2"",""D1"",""C4"",""B4""]",NA,NA,NA,NA,NA,NA,NA,3
01M0TT9KGNV61WBG8M6WSMPQE2,01M0TSZGKE32G3R2H2EPQFBQNN,training,26,2,3,48,12,0,/tangrams/422_244.png,C1,"[""/tangrams/422_244.png"",""/tangrams/138_405.png"",""/tangrams/366_66.png"",""/tangrams/279_339.png""]","[""C1"",""A3"",""B4"",""D2""]",NA,NA,NA,NA,NA,NA,NA,3
01M0TTNRJF84CXT8D9DPQT03AP,01M0TSZGKJQW5S4GCP9150DNN9,training,10,0,11,48,12,1,/tangrams/4_159.png,F5,"[""/tangrams/4_159.png"",""/tangrams/157_426.png"",""/tangrams/374_400.png"",""/tangrams/98_302.png""]","[""F5"",""F7"",""F8"",""F6""]",NA,NA,NA,NA,NA,NA,NA,1
01M0TTEY5XFSBD5KHXJ0E3EV59,01M0TSZEY44B7XSP574QH2WQPJ,training,43,3,8,48,12,0,/tangrams/279_66.png,D4,"[""/tangrams/456_48.png"",""/tangrams/119_182.png"",""/tangrams/411_352.png"",""/tangrams/279_66.png""]","[""F5"",""F1"",""F7"",""D4""]",/tangrams/279_66.png,TRUE,/tangrams/279_66.png,01M0TT49QHQY8JQV8C5T94HHYZ,01M0TT9XXJBBQAZ4WANFPESF7T,1787608560332,NA,4
01M0TV7K1SBQ74A0QB45R2FX5M,01M0TTMWM9GSP2NP0T4CET96EB,training,15,1,4,48,12,1,/tangrams/66_464.png,A4,"[""/tangrams/202_441.png"",""/tangrams/348_314.png"",""/tangrams/66_464.png"",""/tangrams/20_24.png""]","[""C2"",""B1"",""A4"",""D3""]",/tangrams/66_464.png,TRUE,/tangrams/66_464.png,01M0TTRGJ55RK21NQM11GGHNRN,01M0TV363Y2QH3CGTPHSZR512P,1787608406756,NA,2
01M0TTTPGX76JCZ549AFR7WFR3,01M0TSZV8KEDQHAT4X33M1GG1C,training,18,1,7,48,12,1,/tangrams/348_24.png,B3,"[""/tangrams/202_314.png"",""/tangrams/348_24.png"",""/tangrams/66_24.png"",""/tangrams/348_464.png""]","[""C1"",""B3"",""A3"",""B4""]",/tangrams/348_24.png,TRUE,/tangrams/348_24.png,01M0TTBQPRE9XMJHBPDKM8GTC4,01M0TT467Q69C5HQ20GW6FRRF2,1787608548605,NA,2
01M0TTYQGYJETM0ZJXQZQFSNCW,01M0TTMWMDPGAHQRDA7BZJ8FEZ,training,23,1,12,48,12,1,/tangrams/202_441.png,C2,"[""/tangrams/66_464.png"",""/tangrams/202_441.png"",""/tangrams/20_441.png"",""/tangrams/202_314.png""]","[""A4"",""C2"",""D2"",""C1""]",NA,NA,NA,NA,NA,NA,NA,2
01M0TTK12T6T9H3N73NE4SXN10,01M0TSZEY54T11A9AMGVA6T4ZB,training,39,3,4,48,12,0,/tangrams/366_405.png,B3,"[""/tangrams/138_405.png"",""/tangrams/366_66.png"",""/tangrams/279_244.png"",""/tangrams/366_405.png""]","[""A3"",""B4"",""D1"",""B3""]",/tangrams/279_244.png,FALSE,/tangrams/279_244.png,01M0TT7FNH08P86PFHWCV3NRS8,01M0TT7ZVRQQW92P55GPN9KMMS,1787609423061,NA,4
01M0TTK16V1T83W9TX1F86NYR1,01M0TSZEY54T11A9AMGVA6T4ZB,training,26,2,3,48,12,0,/tangrams/422_66.png,C4,"[""/tangrams/138_66.png"",""/tangrams/422_339.png"",""/tangrams/422_66.png"",""/tangrams/279_405.png""]","[""A4"",""C2"",""C4"",""D3""]",/tangrams/422_66.png,TRUE,/tangrams/422_66.png,01M0TT7ZVRQQW92P55GPN9KMMS,01M0TT7FNH08P86PFHWCV3NRS8,1787608962726,NA,3
01M0TTMQQBTCTCF3S8GTFMB3C1,01M0TSZV8ERABP36QP2627EVMT,training,37,3,2,48,12,1,/tangrams/348_464.png,B4,"[""/tangrams/202_314.png"",""/tangrams/66_441.png"",""/tangrams/348_464.png"",""/tangrams/20_24.png""]","[""C1"",""A2"",""B4"",""D3""]",/tangrams/348_464.png,TRUE,/tangrams/348_464.png,01M0TT4JP6VSYSTADD58E33WM9,01M0TT4SREDP4QR1H8V4E3X5G9,1787608343705,NA,4
01M0TTEY2ND8D7AR82ERCK88PV,01M0TSZEY44B7XSP574QH2WQPJ,training,8,0,9,48,12,0,/tangrams/279_66.png,D4,"[""/tangrams/279_66.png"",""/tangrams/138_244.png"",""/tangrams/366_339.png"",""/tangrams/456_48.png""]","[""D4"",""A1"",""B2"",""F5""]",/tangrams/279_66.png,TRUE,/tangrams/279_66.png,01M0TT9XXJBBQAZ4WANFPESF7T,01M0TT49QHQY8JQV8C5T94HHYZ,1787607298198,NA,1
01M0TTKDFF1ADFN4MK0SWMW35P,01M0TSZGKM72FFW193EYG47F25,training,41,3,6,48,12,0,/tangrams/366_244.png,B1,"[""/tangrams/366_66.png"",""/tangrams/422_244.png"",""/tangrams/366_244.png"",""/tangrams/279_405.png""]","[""B4"",""C1"",""B1"",""D3""]",NA,NA,NA,NA,NA,NA,NA,4
01M0TTK13YS192MBN783R85EAM,01M0TSZEY54T11A9AMGVA6T4ZB,training,20,1,9,48,12,0,/tangrams/366_405.png,B3,"[""/tangrams/279_405.png"",""/tangrams/366_405.png"",""/tangrams/138_339.png"",""/tangrams/366_66.png""]","[""D3"",""B3"",""A2"",""B4""]",/tangrams/366_66.png,FALSE,/tangrams/366_66.png,01M0TT7ZVRQQW92P55GPN9KMMS,01M0TT7FNH08P86PFHWCV3NRS8,1787608689202,NA,2
01M0TTNRJZNM0YCJXVEJ9TT3A8,01M0TSZGKJQW5S4GCP9150DNN9,training,6,0,7,48,12,1,/tangrams/264_176.png,F3,"[""/tangrams/20_464.png"",""/tangrams/264_176.png"",""/tangrams/374_400.png"",""/tangrams/40_345.png""]","[""D4"",""F3"",""F8"",""F4""]",NA,NA,NA,NA,NA,NA,NA,1
01M0TTTPHX0CMGRHJRSH2N3VD7,01M0TSZV8KEDQHAT4X33M1GG1C,training,43,3,8,48,12,1,/tangrams/66_441.png,A2,"[""/tangrams/66_441.png"",""/tangrams/202_441.png"",""/tangrams/348_24.png"",""/tangrams/66_464.png""]","[""A2"",""C2"",""B3"",""A4""]",/tangrams/66_441.png,TRUE,/tangrams/66_441.png,01M0TT467Q69C5HQ20GW6FRRF2,01M0TTBQPRE9XMJHBPDKM8GTC4,1787609597350,NA,4
01M0TTTPP92J1ZE2QRE2PBKE0N,01M0TSZV8KEDQHAT4X33M1GG1C,training,9,0,10,48,12,1,/tangrams/202_464.png,C4,"[""/tangrams/20_314.png"",""/tangrams/348_464.png"",""/tangrams/202_441.png"",""/tangrams/202_464.png""]","[""D1"",""B4"",""C2"",""C4""]",/tangrams/202_464.png,TRUE,/tangrams/202_464.png,01M0TT467Q69C5HQ20GW6FRRF2,01M0TTBQPRE9XMJHBPDKM8GTC4,1787608191474,NA,1
01M0TTA5BSCDB9GAG40B9X1Z5T,01M0TSZV8KEDQHAT4X3FNKVS2B,training,20,1,9,48,12,0,/tangrams/422_405.png,C3,"[""/tangrams/138_244.png"",""/tangrams/422_405.png"",""/tangrams/434_227.png"",""/tangrams/366_339.png""]","[""A1"",""C3"",""F4"",""B2""]",/tangrams/422_405.png,TRUE,/tangrams/422_405.png,01M0TT4SZRTK7MV5T48R9G1GQH,01M0TT3ZTTV22XQGZD0K61T6A4,1787607474158,NA,2
01M0TTEY3C1FA6J1X6YFGMS52G,01M0TSZEY44B7XSP574QH2WQPJ,training,11,0,12,48,12,0,/tangrams/170_154.png,F3,"[""/tangrams/366_339.png"",""/tangrams/119_182.png"",""/tangrams/170_154.png"",""/tangrams/434_227.png""]","[""B2"",""F1"",""F3"",""F4""]",/tangrams/170_154.png,TRUE,/tangrams/170_154.png,01M0TT49QHQY8JQV8C5T94HHYZ,01M0TT9XXJBBQAZ4WANFPESF7T,1787607415108,NA,1
01M0TTNRJQXVJJ8GBQK8CGZH70,01M0TSZGKJQW5S4GCP9150DNN9,training,8,0,9,48,12,1,/tangrams/98_302.png,F6,"[""/tangrams/452_257.png"",""/tangrams/98_302.png"",""/tangrams/264_176.png"",""/tangrams/157_426.png""]","[""F1"",""F6"",""F3"",""F7""]",NA,NA,NA,NA,NA,NA,NA,1
01M0TVK9S95NPWF977S0J9G1JX,01M0TTMWMG725DJ5GA5M4WD8SY,training,33,2,10,48,12,1,/tangrams/4_159.png,F5,"[""/tangrams/264_176.png"",""/tangrams/4_159.png"",""/tangrams/452_257.png"",""/tangrams/374_400.png""]","[""F3"",""F5"",""F1"",""F8""]",/tangrams/4_159.png,TRUE,/tangrams/4_159.png,01M0TV8YZXT0HY97VC3QNJABKN,01M0TVD4RDDZ2GPYA2W2TBJY2J,1787608677546,NA,3
01M0TVKA1X8QWR5F038J62EWM7,01M0TTMWMG725DJ5GA5M4WD8SY,training,44,3,9,48,12,1,/tangrams/98_302.png,F6,"[""/tangrams/98_302.png"",""/tangrams/374_400.png"",""/tangrams/264_176.png"",""/tangrams/157_426.png""]","[""F6"",""F8"",""F3"",""F7""]",/tangrams/98_302.png,TRUE,/tangrams/98_302.png,01M0TVD4RDDZ2GPYA2W2TBJY2J,01M0TV8YZXT0HY97VC3QNJABKN,1787608823930,NA,4
01M0TT9KM80SA1WC7QVVBNYTM2,01M0TSZGKE32G3R2H2EPQFBQNN,training,28,2,5,48,12,0,/tangrams/366_405.png,B3,"[""/tangrams/138_339.png"",""/tangrams/422_66.png"",""/tangrams/279_244.png"",""/tangrams/366_405.png""]","[""A2"",""C4"",""D1"",""B3""]",NA,NA,NA,NA,NA,NA,NA,3
01M0TTKMV3NZDGCVSD4HY2E0ZQ,01M0TSZEY173D8F3KEP071GR06,training,3,0,4,48,12,0,/tangrams/279_405.png,D3,"[""/tangrams/366_66.png"",""/tangrams/279_405.png"",""/tangrams/138_339.png"",""/tangrams/422_244.png""]","[""B4"",""D3"",""A2"",""C1""]",/tangrams/279_405.png,TRUE,/tangrams/279_405.png,01M0TT55D1DRDQ3JPT1CDTT5VN,01M0TTF3ADJ36CYQBD8356XFNQ,1787607382652,NA,1
01M0TTMQZ0059VEGB2Z80KVV69,01M0TSZV8ERABP36QP2627EVMT,training,45,3,10,48,12,1,/tangrams/66_24.png,A3,"[""/tangrams/202_464.png"",""/tangrams/66_24.png"",""/tangrams/348_314.png"",""/tangrams/20_441.png""]","[""C4"",""A3"",""B1"",""D2""]",/tangrams/66_24.png,TRUE,/tangrams/66_24.png,01M0TT4JP6VSYSTADD58E33WM9,01M0TT4SREDP4QR1H8V4E3X5G9,1787608483799,NA,4
01M0TVK9RPNX2GWSZ0MC61W2SW,01M0TTMWMG725DJ5GA5M4WD8SY,training,31,2,8,48,12,1,/tangrams/98_302.png,F6,"[""/tangrams/98_302.png"",""/tangrams/40_345.png"",""/tangrams/20_464.png"",""/tangrams/429_403.png""]","[""F6"",""F4"",""D4"",""F2""]",/tangrams/98_302.png,TRUE,/tangrams/98_302.png,01M0TV8YZXT0HY97VC3QNJABKN,01M0TVD4RDDZ2GPYA2W2TBJY2J,1787608650714,NA,3
01M0TTA59SYWG90NRXET9WSKZ3,01M0TSZV8KEDQHAT4X3FNKVS2B,training,22,1,11,48,12,0,/tangrams/134_125.png,F6,"[""/tangrams/422_405.png"",""/tangrams/134_125.png"",""/tangrams/456_48.png"",""/tangrams/37_144.png""]","[""C3"",""F6"",""F5"",""F8""]",/tangrams/134_125.png,TRUE,/tangrams/134_125.png,01M0TT4SZRTK7MV5T48R9G1GQH,01M0TT3ZTTV22XQGZD0K61T6A4,1787607549414,NA,2
01M0TTA5ED49FD5EF2R37GW7CN,01M0TSZV8KEDQHAT4X3FNKVS2B,training,8,0,9,48,12,0,/tangrams/37_144.png,F8,"[""/tangrams/456_48.png"",""/tangrams/37_144.png"",""/tangrams/138_244.png"",""/tangrams/366_339.png""]","[""F5"",""F8"",""A1"",""B2""]",/tangrams/37_144.png,TRUE,/tangrams/37_144.png,01M0TT4SZRTK7MV5T48R9G1GQH,01M0TT3ZTTV22XQGZD0K61T6A4,1787607046958,NA,1
01M0TTNRC6PRAX90X87R2VXVWB,01M0TSZGKJQW5S4GCP9150DNN9,training,40,3,5,48,12,1,/tangrams/4_159.png,F5,"[""/tangrams/157_426.png"",""/tangrams/4_159.png"",""/tangrams/40_345.png"",""/tangrams/264_176.png""]","[""F7"",""F5"",""F4"",""F3""]",NA,NA,NA,NA,NA,NA,NA,4
01M0TTNRMABP1WE91S8WNKF4KB,01M0TSZGKJQW5S4GCP9150DNN9,training,30,2,7,48,12,1,/tangrams/374_400.png,F8,"[""/tangrams/374_400.png"",""/tangrams/429_403.png"",""/tangrams/157_426.png"",""/tangrams/20_464.png""]","[""F8"",""F2"",""F7"",""D4""]",NA,NA,NA,NA,NA,NA,NA,3
01M0TTTPR87JX4X74108CPPSQ5,01M0TSZV8KEDQHAT4X33M1GG1C,training,40,3,5,48,12,1,/tangrams/348_24.png,B3,"[""/tangrams/348_464.png"",""/tangrams/202_314.png"",""/tangrams/20_24.png"",""/tangrams/348_24.png""]","[""B4"",""C1"",""D3"",""B3""]",/tangrams/20_24.png,FALSE,/tangrams/20_24.png,01M0TTBQPRE9XMJHBPDKM8GTC4,01M0TT467Q69C5HQ20GW6FRRF2,1787609485579,NA,4
01M0TV7K00E7H18KNHGPC9NM8M,01M0TTMWM9GSP2NP0T4CET96EB,training,27,2,4,48,12,1,/tangrams/20_24.png,D3,"[""/tangrams/66_441.png"",""/tangrams/348_464.png"",""/tangrams/20_24.png"",""/tangrams/202_314.png""]","[""A2"",""B4"",""D3"",""C1""]",/tangrams/20_24.png,TRUE,/tangrams/20_24.png,01M0TTRGJ55RK21NQM11GGHNRN,01M0TV363Y2QH3CGTPHSZR512P,1787608720415,NA,3
01M0TTK18DRK0TE1A05TXGSK3F,01M0TSZEY54T11A9AMGVA6T4ZB,training,27,2,4,48,12,0,/tangrams/279_339.png,D2,"[""/tangrams/138_66.png"",""/tangrams/279_339.png"",""/tangrams/422_339.png"",""/tangrams/279_244.png""]","[""A4"",""D2"",""C2"",""D1""]",/tangrams/279_339.png,TRUE,/tangrams/279_339.png,01M0TT7FNH08P86PFHWCV3NRS8,01M0TT7ZVRQQW92P55GPN9KMMS,1787609022987,NA,3
01M0TTNRBP7XGCMRWSC1MKR933,01M0TSZGKJQW5S4GCP9150DNN9,training,3,0,4,48,12,1,/tangrams/157_426.png,F7,"[""/tangrams/157_426.png"",""/tangrams/66_314.png"",""/tangrams/452_257.png"",""/tangrams/264_176.png""]","[""F7"",""A1"",""F1"",""F3""]",NA,FALSE,NA,01M0TT4TXD8SRXYDAE6TW71C0D,01M0TTDMH9245RXEPX9F07PB9V,NA,NA,1
01M0TTNREP7E6Q3M5J755G1PGP,01M0TSZGKJQW5S4GCP9150DNN9,training,21,1,10,48,12,1,/tangrams/66_314.png,A1,"[""/tangrams/374_400.png"",""/tangrams/264_176.png"",""/tangrams/66_314.png"",""/tangrams/20_464.png""]","[""F8"",""F3"",""A1"",""D4""]",NA,NA,NA,NA,NA,NA,NA,2
01M0TVK9WYZJN8B1KCS43DN6MT,01M0TTMWMG725DJ5GA5M4WD8SY,training,38,3,3,48,12,1,/tangrams/66_314.png,A1,"[""/tangrams/202_24.png"",""/tangrams/40_345.png"",""/tangrams/66_314.png"",""/tangrams/98_302.png""]","[""C3"",""F4"",""A1"",""F6""]",/tangrams/66_314.png,TRUE,/tangrams/66_314.png,01M0TVD4RDDZ2GPYA2W2TBJY2J,01M0TV8YZXT0HY97VC3QNJABKN,1787608748628,NA,4
01M0TTK13S1N82XAZKSKFXA4RK,01M0TSZEY54T11A9AMGVA6T4ZB,training,33,2,10,48,12,0,/tangrams/138_66.png,A4,"[""/tangrams/366_66.png"",""/tangrams/279_405.png"",""/tangrams/138_66.png"",""/tangrams/138_339.png""]","[""B4"",""D3"",""A4"",""A2""]",/tangrams/138_66.png,TRUE,/tangrams/138_66.png,01M0TT7FNH08P86PFHWCV3NRS8,01M0TT7ZVRQQW92P55GPN9KMMS,1787609226054,NA,3
01M0TTNRCYE9ARGXM7X2BADZ0V,01M0TSZGKJQW5S4GCP9150DNN9,training,22,1,11,48,12,1,/tangrams/4_159.png,F5,"[""/tangrams/20_464.png"",""/tangrams/374_400.png"",""/tangrams/4_159.png"",""/tangrams/98_302.png""]","[""D4"",""F8"",""F5"",""F6""]",NA,NA,NA,NA,NA,NA,NA,2
01M0TTTPPEWEKCQHD5TGYBT480,01M0TSZV8KEDQHAT4X33M1GG1C,training,8,0,9,48,12,1,/tangrams/202_314.png,C1,"[""/tangrams/202_314.png"",""/tangrams/66_24.png"",""/tangrams/202_464.png"",""/tangrams/348_314.png""]","[""C1"",""A3"",""C4"",""B1""]",/tangrams/202_314.png,TRUE,/tangrams/202_314.png,01M0TTBQPRE9XMJHBPDKM8GTC4,01M0TT467Q69C5HQ20GW6FRRF2,1787608136701,NA,1
01M0TT9KJGX3SAXR55VJQX3E4J,01M0TSZGKE32G3R2H2EPQFBQNN,training,42,3,7,48,12,0,/tangrams/138_66.png,A4,"[""/tangrams/422_339.png"",""/tangrams/279_405.png"",""/tangrams/138_66.png"",""/tangrams/366_244.png""]","[""C2"",""D3"",""A4"",""B1""]",NA,NA,NA,NA,NA,NA,NA,4
01M0TTA57MCSVB8JHRVY1356P2,01M0TSZV8KEDQHAT4X3FNKVS2B,training,3,0,4,48,12,0,/tangrams/422_405.png,C3,"[""/tangrams/456_48.png"",""/tangrams/434_227.png"",""/tangrams/411_352.png"",""/tangrams/422_405.png""]","[""F5"",""F4"",""F7"",""C3""]",/tangrams/422_405.png,TRUE,/tangrams/422_405.png,01M0TT3ZTTV22XQGZD0K61T6A4,01M0TT4SZRTK7MV5T48R9G1GQH,1787606729768,NA,1
01M0TTKN3TTM05YTK7HXQVQD3J,01M0TSZEY173D8F3KEP071GR06,training,44,3,9,48,12,0,/tangrams/279_339.png,D2,"[""/tangrams/366_244.png"",""/tangrams/422_66.png"",""/tangrams/279_339.png"",""/tangrams/138_405.png""]","[""B1"",""C4"",""D2"",""A3""]",/tangrams/279_339.png,TRUE,/tangrams/279_339.png,01M0TTF3ADJ36CYQBD8356XFNQ,01M0TT55D1DRDQ3JPT1CDTT5VN,1787608425413,NA,4
01M0TV7JXBKSPSNDP6R5ZNS5GM,01M0TTMWM9GSP2NP0T4CET96EB,training,36,3,1,48,12,1,/tangrams/20_314.png,D1,"[""/tangrams/20_314.png"",""/tangrams/202_464.png"",""/tangrams/66_441.png"",""/tangrams/348_24.png""]","[""D1"",""C4"",""A2"",""B3""]",/tangrams/20_314.png,TRUE,/tangrams/20_314.png,01M0TV363Y2QH3CGTPHSZR512P,01M0TTRGJ55RK21NQM11GGHNRN,1787608883650,NA,4
01M0TVK9HN0NW907SE8JRHRPP8,01M0TTMWMG725DJ5GA5M4WD8SY,training,8,0,9,48,12,1,/tangrams/348_441.png,B2,"[""/tangrams/202_24.png"",""/tangrams/4_159.png"",""/tangrams/98_302.png"",""/tangrams/348_441.png""]","[""C3"",""F5"",""F6"",""B2""]",/tangrams/348_441.png,TRUE,/tangrams/348_441.png,01M0TVD4RDDZ2GPYA2W2TBJY2J,01M0TV8YZXT0HY97VC3QNJABKN,1787608267884,NA,1
01M0TVK9Z7TNT3XK2YF9F7F9V9,01M0TTMWMG725DJ5GA5M4WD8SY,training,39,3,4,48,12,1,/tangrams/40_345.png,F4,"[""/tangrams/20_464.png"",""/tangrams/452_257.png"",""/tangrams/157_426.png"",""/tangrams/40_345.png""]","[""D4"",""F1"",""F7"",""F4""]",/tangrams/40_345.png,TRUE,/tangrams/40_345.png,01M0TV8YZXT0HY97VC3QNJABKN,01M0TVD4RDDZ2GPYA2W2TBJY2J,1787608757964,NA,4
01M0TTK10QQ6H2NYEEFZ8V0EVP,01M0TSZEY54T11A9AMGVA6T4ZB,training,6,0,7,48,12,0,/tangrams/279_244.png,D1,"[""/tangrams/138_66.png"",""/tangrams/279_244.png"",""/tangrams/279_405.png"",""/tangrams/422_244.png""]","[""A4"",""D1"",""D3"",""C1""]",/tangrams/279_244.png,TRUE,/tangrams/279_244.png,01M0TT7ZVRQQW92P55GPN9KMMS,01M0TT7FNH08P86PFHWCV3NRS8,1787608050157,NA,1
01M0TTK1719AC9SEZEMCP580NP,01M0TSZEY54T11A9AMGVA6T4ZB,training,42,3,7,48,12,0,/tangrams/138_405.png,A3,"[""/tangrams/138_405.png"",""/tangrams/422_244.png"",""/tangrams/138_339.png"",""/tangrams/279_405.png""]","[""A3"",""C1"",""A2"",""D3""]",/tangrams/138_339.png,FALSE,/tangrams/138_339.png,01M0TT7ZVRQQW92P55GPN9KMMS,01M0TT7FNH08P86PFHWCV3NRS8,1787609513982,NA,4
01M0TTEY4A2YK32WC0RY8QM5QC,01M0TSZEY44B7XSP574QH2WQPJ,training,9,0,10,48,12,0,/tangrams/411_352.png,F7,"[""/tangrams/37_144.png"",""/tangrams/170_154.png"",""/tangrams/411_352.png"",""/tangrams/138_244.png""]","[""F8"",""F3"",""F7"",""A1""]",/tangrams/411_352.png,TRUE,/tangrams/411_352.png,01M0TT49QHQY8JQV8C5T94HHYZ,01M0TT9XXJBBQAZ4WANFPESF7T,1787607339012,NA,1
01M0TV7JZDEZ70Z0YYWQWBZX09,01M0TTMWM9GSP2NP0T4CET96EB,training,29,2,6,48,12,1,/tangrams/202_441.png,C2,"[""/tangrams/66_24.png"",""/tangrams/348_464.png"",""/tangrams/20_314.png"",""/tangrams/202_441.png""]","[""A3"",""B4"",""D1"",""C2""]",/tangrams/202_441.png,TRUE,/tangrams/202_441.png,01M0TTRGJ55RK21NQM11GGHNRN,01M0TV363Y2QH3CGTPHSZR512P,1787608744870,NA,3
01M0TTTPF12VBZQJFBWM56A7KJ,01M0TSZV8KEDQHAT4X33M1GG1C,training,1,0,2,48,12,1,/tangrams/348_464.png,B4,"[""/tangrams/348_24.png"",""/tangrams/20_441.png"",""/tangrams/348_464.png"",""/tangrams/202_464.png""]","[""B3"",""D2"",""B4"",""C4""]",/tangrams/348_464.png,TRUE,/tangrams/348_464.png,01M0TT467Q69C5HQ20GW6FRRF2,01M0TTBQPRE9XMJHBPDKM8GTC4,1787607747693,NA,1
01M0TTYPYGZDYWHA5J93E4YJ54,01M0TTMWMDPGAHQRDA7BZJ8FEZ,training,0,0,1,48,12,1,/tangrams/348_464.png,B4,"[""/tangrams/348_464.png"",""/tangrams/66_464.png"",""/tangrams/202_314.png"",""/tangrams/348_24.png""]","[""B4"",""A4"",""C1"",""B3""]",NA,FALSE,NA,01M0TTJT0T1FXWVGTP027BYENQ,01M0TTENRE0ZSC234N2S1BW8ZS,NA,NA,1
01M0TV7JVFNGHYY9RV7G35757F,01M0TTMWM9GSP2NP0T4CET96EB,training,42,3,7,48,12,1,/tangrams/202_441.png,C2,"[""/tangrams/202_441.png"",""/tangrams/348_464.png"",""/tangrams/20_314.png"",""/tangrams/66_24.png""]","[""C2"",""B4"",""D1"",""A3""]",/tangrams/202_441.png,TRUE,/tangrams/202_441.png,01M0TV363Y2QH3CGTPHSZR512P,01M0TTRGJ55RK21NQM11GGHNRN,1787608984167,NA,4
01M0TVK9NNQZZE8RDB14FJCEFQ,01M0TTMWMG725DJ5GA5M4WD8SY,training,21,1,10,48,12,1,/tangrams/20_464.png,D4,"[""/tangrams/429_403.png"",""/tangrams/20_464.png"",""/tangrams/202_24.png"",""/tangrams/264_176.png""]","[""F2"",""D4"",""C3"",""F3""]",/tangrams/20_464.png,TRUE,/tangrams/20_464.png,01M0TV8YZXT0HY97VC3QNJABKN,01M0TVD4RDDZ2GPYA2W2TBJY2J,1787608503212,NA,2
01M0TT9KKECZTRQ60X0Z04ZJF7,01M0TSZGKE32G3R2H2EPQFBQNN,training,22,1,11,48,12,0,/tangrams/422_66.png,C4,"[""/tangrams/138_405.png"",""/tangrams/366_244.png"",""/tangrams/279_339.png"",""/tangrams/422_66.png""]","[""A3"",""B1"",""D2"",""C4""]",NA,NA,NA,NA,NA,NA,NA,2
01M0TTEY4MMS5E1JT7FRV7HKEP,01M0TSZEY44B7XSP574QH2WQPJ,training,7,0,8,48,12,0,/tangrams/138_244.png,A1,"[""/tangrams/290_64.png"",""/tangrams/37_144.png"",""/tangrams/119_182.png"",""/tangrams/138_244.png""]","[""F2"",""F8"",""F1"",""A1""]",/tangrams/37_144.png,FALSE,/tangrams/37_144.png,01M0TT49QHQY8JQV8C5T94HHYZ,01M0TT9XXJBBQAZ4WANFPESF7T,1787607244404,NA,1
01M0TVKA11KK99AQSZNG4JVFW2,01M0TTMWMG725DJ5GA5M4WD8SY,training,43,3,8,48,12,1,/tangrams/157_426.png,F7,"[""/tangrams/202_24.png"",""/tangrams/157_426.png"",""/tangrams/20_464.png"",""/tangrams/374_400.png""]","[""C3"",""F7"",""D4"",""F8""]",/tangrams/157_426.png,TRUE,/tangrams/157_426.png,01M0TV8YZXT0HY97VC3QNJABKN,01M0TVD4RDDZ2GPYA2W2TBJY2J,1787608811281,NA,4
01M0TTA58DZTS9K231QJJR5H66,01M0TSZV8KEDQHAT4X3FNKVS2B,training,39,3,4,48,12,0,/tangrams/134_125.png,F6,"[""/tangrams/279_66.png"",""/tangrams/134_125.png"",""/tangrams/119_182.png"",""/tangrams/290_64.png""]","[""D4"",""F6"",""F1"",""F2""]",/tangrams/134_125.png,TRUE,/tangrams/134_125.png,01M0TT3ZTTV22XQGZD0K61T6A4,01M0TT4SZRTK7MV5T48R9G1GQH,1787607949323,NA,4
01M0TTEY5FAFEW0CN0HP8K7CAR,01M0TSZEY44B7XSP574QH2WQPJ,training,19,1,8,48,12,0,/tangrams/434_227.png,F4,"[""/tangrams/290_64.png"",""/tangrams/366_339.png"",""/tangrams/134_125.png"",""/tangrams/434_227.png""]","[""F2"",""B2"",""F6"",""F4""]",/tangrams/434_227.png,TRUE,/tangrams/434_227.png,01M0TT49QHQY8JQV8C5T94HHYZ,01M0TT9XXJBBQAZ4WANFPESF7T,1787607774404,NA,2
01M0TTMQSV9DGPZMHN55KM3GSA,01M0TSZV8ERABP36QP2627EVMT,training,11,0,12,48,12,1,/tangrams/348_314.png,B1,"[""/tangrams/66_464.png"",""/tangrams/202_441.png"",""/tangrams/20_24.png"",""/tangrams/348_314.png""]","[""A4"",""C2"",""D3"",""B1""]",/tangrams/66_464.png,FALSE,/tangrams/66_464.png,01M0TT4JP6VSYSTADD58E33WM9,01M0TT4SREDP4QR1H8V4E3X5G9,1787607624283,NA,1
01M0TTYQ9A413RGBAYZXM4SDN0,01M0TTMWMDPGAHQRDA7BZJ8FEZ,training,11,0,12,48,12,1,/tangrams/20_314.png,D1,"[""/tangrams/348_314.png"",""/tangrams/20_314.png"",""/tangrams/20_24.png"",""/tangrams/66_464.png""]","[""B1"",""D1"",""D3"",""A4""]",NA,FALSE,NA,01M0TTENRE0ZSC234N2S1BW8ZS,01M0TTJT0T1FXWVGTP027BYENQ,NA,NA,1
01M0TTYQC04FM93XYFK5FHADWD,01M0TTMWMDPGAHQRDA7BZJ8FEZ,training,30,2,7,48,12,1,/tangrams/66_464.png,A4,"[""/tangrams/202_464.png"",""/tangrams/66_464.png"",""/tangrams/66_24.png"",""/tangrams/20_314.png""]","[""C4"",""A4"",""A3"",""D1""]",NA,NA,NA,NA,NA,NA,NA,3
01M0TV7K0HCRYF141G2KXVZ51V,01M0TTMWM9GSP2NP0T4CET96EB,training,25,2,2,48,12,1,/tangrams/348_314.png,B1,"[""/tangrams/66_24.png"",""/tangrams/202_464.png"",""/tangrams/20_441.png"",""/tangrams/348_314.png""]","[""A3"",""C4"",""D2"",""B1""]",/tangrams/348_314.png,TRUE,/tangrams/348_314.png,01M0TTRGJ55RK21NQM11GGHNRN,01M0TV363Y2QH3CGTPHSZR512P,1787608681257,NA,3
01M0TTKN0V89GWR7GYH66FJG8R,01M0TSZEY173D8F3KEP071GR06,training,31,2,8,48,12,0,/tangrams/422_66.png,C4,"[""/tangrams/366_244.png"",""/tangrams/422_66.png"",""/tangrams/279_339.png"",""/tangrams/138_405.png""]","[""B1"",""C4"",""D2"",""A3""]",/tangrams/422_66.png,TRUE,/tangrams/422_66.png,01M0TT55D1DRDQ3JPT1CDTT5VN,01M0TTF3ADJ36CYQBD8356XFNQ,1787608080327,NA,3
01M0TTMQQP1XK9H5ATQ48KCW6T,01M0TSZV8ERABP36QP2627EVMT,training,40,3,5,48,12,1,/tangrams/66_441.png,A2,"[""/tangrams/202_464.png"",""/tangrams/348_24.png"",""/tangrams/66_441.png"",""/tangrams/20_314.png""]","[""C4"",""B3"",""A2"",""D1""]",/tangrams/66_441.png,TRUE,/tangrams/66_441.png,01M0TT4SREDP4QR1H8V4E3X5G9,01M0TT4JP6VSYSTADD58E33WM9,1787608402781,NA,4
01M0TTKDE9FVRXTAN8VKCWVSEG,01M0TSZGKM72FFW193EYG47F25,training,27,2,4,48,12,0,/tangrams/366_405.png,B3,"[""/tangrams/422_339.png"",""/tangrams/366_405.png"",""/tangrams/138_405.png"",""/tangrams/366_66.png""]","[""C2"",""B3"",""A3"",""B4""]",NA,NA,NA,NA,NA,NA,NA,3
01M0TTTPJ2YS8STJCVP4DMGMTK,01M0TSZV8KEDQHAT4X33M1GG1C,training,44,3,9,48,12,1,/tangrams/202_441.png,C2,"[""/tangrams/66_441.png"",""/tangrams/348_24.png"",""/tangrams/202_441.png"",""/tangrams/202_464.png""]","[""A2"",""B3"",""C2"",""C4""]",/tangrams/202_464.png,FALSE,/tangrams/202_464.png,01M0TTBQPRE9XMJHBPDKM8GTC4,01M0TT467Q69C5HQ20GW6FRRF2,1787609621305,NA,4
01M0TTTPQ38RXCE2NEDW3YKNP4,01M0TSZV8KEDQHAT4X33M1GG1C,training,5,0,6,48,12,1,/tangrams/66_441.png,A2,"[""/tangrams/202_464.png"",""/tangrams/20_441.png"",""/tangrams/66_24.png"",""/tangrams/66_441.png""]","[""C4"",""D2"",""A3"",""A2""]",/tangrams/20_441.png,FALSE,/tangrams/20_441.png,01M0TT467Q69C5HQ20GW6FRRF2,01M0TTBQPRE9XMJHBPDKM8GTC4,1787607983337,NA,1
01M0TV7JQ4XZRZ4426YX16EKDW,01M0TTMWM9GSP2NP0T4CET96EB,training,4,0,5,48,12,1,/tangrams/20_441.png,D2,"[""/tangrams/348_464.png"",""/tangrams/66_24.png"",""/tangrams/20_441.png"",""/tangrams/202_314.png""]","[""B4"",""A3"",""D2"",""C1""]",/tangrams/20_441.png,TRUE,/tangrams/20_441.png,01M0TV363Y2QH3CGTPHSZR512P,01M0TTRGJ55RK21NQM11GGHNRN,1787608082182,NA,1
01M0TVK9GQNJ65PEK13QKGFCQM,01M0TTMWMG725DJ5GA5M4WD8SY,training,5,0,6,48,12,1,/tangrams/98_302.png,F6,"[""/tangrams/429_403.png"",""/tangrams/157_426.png"",""/tangrams/264_176.png"",""/tangrams/98_302.png""]","[""F2"",""F7"",""F3"",""F6""]",/tangrams/98_302.png,TRUE,/tangrams/98_302.png,01M0TV8YZXT0HY97VC3QNJABKN,01M0TVD4RDDZ2GPYA2W2TBJY2J,1787608198536,NA,1
01M0TTK1181Z9Y9Q8F4N6VGC91,01M0TSZEY54T11A9AMGVA6T4ZB,training,12,1,1,48,12,0,/tangrams/366_66.png,B4,"[""/tangrams/138_66.png"",""/tangrams/279_244.png"",""/tangrams/366_405.png"",""/tangrams/366_66.png""]","[""A4"",""D1"",""B3"",""B4""]",/tangrams/366_66.png,TRUE,/tangrams/366_66.png,01M0TT7ZVRQQW92P55GPN9KMMS,01M0TT7FNH08P86PFHWCV3NRS8,1787608337689,NA,2
01M0TTK11VDA6FRJY1RC7AAWBX,01M0TSZEY54T11A9AMGVA6T4ZB,training,15,1,4,48,12,0,/tangrams/279_405.png,D3,"[""/tangrams/279_405.png"",""/tangrams/422_339.png"",""/tangrams/366_405.png"",""/tangrams/279_244.png""]","[""D3"",""C2"",""B3"",""D1""]",/tangrams/279_405.png,TRUE,/tangrams/279_405.png,01M0TT7FNH08P86PFHWCV3NRS8,01M0TT7ZVRQQW92P55GPN9KMMS,1787608488417,NA,2
01M0TTKD9AXGFJ9VSFK210YRM9,01M0TSZGKM72FFW193EYG47F25,training,4,0,5,48,12,0,/tangrams/366_244.png,B1,"[""/tangrams/279_244.png"",""/tangrams/366_405.png"",""/tangrams/422_66.png"",""/tangrams/366_244.png""]","[""D1"",""B3"",""C4"",""B1""]",NA,NA,NA,NA,NA,NA,NA,1
01M0TTKDDH98432XR7R5JJ0DAT,01M0TSZGKM72FFW193EYG47F25,training,21,1,10,48,12,0,/tangrams/366_66.png,B4,"[""/tangrams/138_66.png"",""/tangrams/366_405.png"",""/tangrams/422_339.png"",""/tangrams/366_66.png""]","[""A4"",""B3"",""C2"",""B4""]",NA,NA,NA,NA,NA,NA,NA,2
01M0TV7JYWRCW347VN39XTFNXG,01M0TTMWM9GSP2NP0T4CET96EB,training,30,2,7,48,12,1,/tangrams/66_464.png,A4,"[""/tangrams/202_441.png"",""/tangrams/348_24.png"",""/tangrams/20_314.png"",""/tangrams/66_464.png""]","[""C2"",""B3"",""D1"",""A4""]",/tangrams/66_464.png,TRUE,/tangrams/66_464.png,01M0TV363Y2QH3CGTPHSZR512P,01M0TTRGJ55RK21NQM11GGHNRN,1787608763675,NA,3
01M0TVK9JG0PNSF4H58Z4ZFA8F,01M0TTMWMG725DJ5GA5M4WD8SY,training,11,0,12,48,12,1,/tangrams/40_345.png,F4,"[""/tangrams/98_302.png"",""/tangrams/452_257.png"",""/tangrams/40_345.png"",""/tangrams/4_159.png""]","[""F6"",""F1"",""F4"",""F5""]",/tangrams/40_345.png,TRUE,/tangrams/40_345.png,01M0TV8YZXT0HY97VC3QNJABKN,01M0TVD4RDDZ2GPYA2W2TBJY2J,1787608347252,NA,1
01M0TVK9MJZJ4DQ9ZXN0020MVD,01M0TTMWMG725DJ5GA5M4WD8SY,training,18,1,7,48,12,1,/tangrams/66_314.png,A1,"[""/tangrams/98_302.png"",""/tangrams/20_464.png"",""/tangrams/374_400.png"",""/tangrams/66_314.png""]","[""F6"",""D4"",""F8"",""A1""]",/tangrams/66_314.png,TRUE,/tangrams/66_314.png,01M0TVD4RDDZ2GPYA2W2TBJY2J,01M0TV8YZXT0HY97VC3QNJABKN,1787608454712,NA,2
01M0TVKA0VQCS9JPC904MSK715,01M0TTMWMG725DJ5GA5M4WD8SY,training,42,3,7,48,12,1,/tangrams/348_441.png,B2,"[""/tangrams/429_403.png"",""/tangrams/202_24.png"",""/tangrams/348_441.png"",""/tangrams/374_400.png""]","[""F2"",""C3"",""B2"",""F8""]",/tangrams/348_441.png,TRUE,/tangrams/348_441.png,01M0TVD4RDDZ2GPYA2W2TBJY2J,01M0TV8YZXT0HY97VC3QNJABKN,1787608802196,NA,4
01M0TT9KGJ6K2AWWR3RJB23GS6,01M0TSZGKE32G3R2H2EPQFBQNN,training,38,3,3,48,12,0,/tangrams/366_66.png,B4,"[""/tangrams/366_66.png"",""/tangrams/138_405.png"",""/tangrams/279_244.png"",""/tangrams/422_339.png""]","[""B4"",""A3"",""D1"",""C2""]",NA,NA,NA,NA,NA,NA,NA,4
01M0TTEY62ZXQJEEP7G4RFQYVE,01M0TSZEY44B7XSP574QH2WQPJ,training,41,3,6,48,12,0,/tangrams/456_48.png,F5,"[""/tangrams/456_48.png"",""/tangrams/290_64.png"",""/tangrams/119_182.png"",""/tangrams/434_227.png""]","[""F5"",""F2"",""F1"",""F4""]",/tangrams/456_48.png,TRUE,/tangrams/456_48.png,01M0TT49QHQY8JQV8C5T94HHYZ,01M0TT9XXJBBQAZ4WANFPESF7T,1787608499732,NA,4
01M0TTEY4F0PVGF4J8KA9FTKY3,01M0TSZEY44B7XSP574QH2WQPJ,training,30,2,7,48,12,0,/tangrams/134_125.png,F6,"[""/tangrams/366_339.png"",""/tangrams/422_405.png"",""/tangrams/134_125.png"",""/tangrams/290_64.png""]","[""B2"",""C3"",""F6"",""F2""]",/tangrams/134_125.png,TRUE,/tangrams/134_125.png,01M0TT9XXJBBQAZ4WANFPESF7T,01M0TT49QHQY8JQV8C5T94HHYZ,1787608138828,NA,3
01M0TTKMY7YQ0RTW1NP9QN6E0X,01M0TSZEY173D8F3KEP071GR06,training,25,2,2,48,12,0,/tangrams/138_339.png,A2,"[""/tangrams/366_66.png"",""/tangrams/422_244.png"",""/tangrams/279_405.png"",""/tangrams/138_339.png""]","[""B4"",""C1"",""D3"",""A2""]",/tangrams/138_339.png,TRUE,/tangrams/138_339.png,01M0TT55D1DRDQ3JPT1CDTT5VN,01M0TTF3ADJ36CYQBD8356XFNQ,1787607940069,NA,3
01M0TVK9RA1ST8FS64EAZNK5JF,01M0TTMWMG725DJ5GA5M4WD8SY,training,30,2,7,48,12,1,/tangrams/374_400.png,F8,"[""/tangrams/374_400.png"",""/tangrams/452_257.png"",""/tangrams/264_176.png"",""/tangrams/66_314.png""]","[""F8"",""F1"",""F3"",""A1""]",/tangrams/374_400.png,TRUE,/tangrams/374_400.png,01M0TVD4RDDZ2GPYA2W2TBJY2J,01M0TV8YZXT0HY97VC3QNJABKN,1787608641772,NA,3
01M0TTNRN893GR48G1S6HQGDYK,01M0TSZGKJQW5S4GCP9150DNN9,training,27,2,4,48,12,1,/tangrams/40_345.png,F4,"[""/tangrams/157_426.png"",""/tangrams/348_441.png"",""/tangrams/4_159.png"",""/tangrams/40_345.png""]","[""F7"",""B2"",""F5"",""F4""]",NA,NA,NA,NA,NA,NA,NA,3
01M0TTYQDB3W52FFT8RWBW1E81,01M0TTMWMDPGAHQRDA7BZJ8FEZ,training,28,2,5,48,12,1,/tangrams/348_314.png,B1,"[""/tangrams/348_24.png"",""/tangrams/20_441.png"",""/tangrams/202_314.png"",""/tangrams/348_314.png""]","[""B3"",""D2"",""C1"",""B1""]",NA,NA,NA,NA,NA,NA,NA,3
01M0TTYQ2GY9DVZDHX5ZA7FF3R,01M0TTMWMDPGAHQRDA7BZJ8FEZ,training,4,0,5,48,12,1,/tangrams/66_464.png,A4,"[""/tangrams/20_314.png"",""/tangrams/66_464.png"",""/tangrams/202_464.png"",""/tangrams/66_441.png""]","[""D1"",""A4"",""C4"",""A2""]",/tangrams/66_464.png,TRUE,/tangrams/66_464.png,01M0TTJT0T1FXWVGTP027BYENQ,01M0TTENRE0ZSC234N2S1BW8ZS,1787608164932,NA,1
01M0TTYQ3H8C16362NQTSW34D6,01M0TTMWMDPGAHQRDA7BZJ8FEZ,training,45,3,10,48,12,1,/tangrams/348_24.png,B3,"[""/tangrams/66_24.png"",""/tangrams/348_314.png"",""/tangrams/348_24.png"",""/tangrams/202_464.png""]","[""A3"",""B1"",""B3"",""C4""]",NA,NA,NA,NA,NA,NA,NA,4
01M0TTYQB2ZM0CY9NGSF3P2N44,01M0TTMWMDPGAHQRDA7BZJ8FEZ,training,32,2,9,48,12,1,/tangrams/20_441.png,D2,"[""/tangrams/20_24.png"",""/tangrams/20_441.png"",""/tangrams/202_314.png"",""/tangrams/66_441.png""]","[""D3"",""D2"",""C1"",""A2""]",NA,NA,NA,NA,NA,NA,NA,3
01M0TV7JPHS2238CXFN0DK659X,01M0TTMWM9GSP2NP0T4CET96EB,training,47,3,12,48,12,1,/tangrams/202_314.png,C1,"[""/tangrams/20_441.png"",""/tangrams/66_464.png"",""/tangrams/348_24.png"",""/tangrams/202_314.png""]","[""D2"",""A4"",""B3"",""C1""]",/tangrams/202_314.png,TRUE,/tangrams/202_314.png,01M0TTRGJ55RK21NQM11GGHNRN,01M0TV363Y2QH3CGTPHSZR512P,1787609067567,NA,4
01M0TTK13A2BYWETS4ZNAF4VY4,01M0TSZEY54T11A9AMGVA6T4ZB,training,31,2,8,48,12,0,/tangrams/422_244.png,C1,"[""/tangrams/422_66.png"",""/tangrams/422_244.png"",""/tangrams/279_339.png"",""/tangrams/366_244.png""]","[""C4"",""C1"",""D2"",""B1""]",/tangrams/366_244.png,FALSE,/tangrams/366_244.png,01M0TT7FNH08P86PFHWCV3NRS8,01M0TT7ZVRQQW92P55GPN9KMMS,1787609158495,1787609144475,3
01M0TTTPNFDS8REY4F4VRQAYGS,01M0TSZV8KEDQHAT4X33M1GG1C,training,31,2,8,48,12,1,/tangrams/348_314.png,B1,"[""/tangrams/348_314.png"",""/tangrams/348_24.png"",""/tangrams/20_314.png"",""/tangrams/202_464.png""]","[""B1"",""B3"",""D1"",""C4""]",/tangrams/202_464.png,FALSE,/tangrams/202_464.png,01M0TT467Q69C5HQ20GW6FRRF2,01M0TTBQPRE9XMJHBPDKM8GTC4,1787609115103,NA,3
01M0TTKD93MT9XZJ8NEPRRVN4K,01M0TSZGKM72FFW193EYG47F25,training,0,0,1,48,12,0,/tangrams/422_66.png,C4,"[""/tangrams/422_66.png"",""/tangrams/279_244.png"",""/tangrams/138_66.png"",""/tangrams/422_339.png""]","[""C4"",""D1"",""A4"",""C2""]",NA,NA,NA,NA,NA,NA,NA,1
01M0TTMQSC1M05T41EF7EEBKDM,01M0TSZV8ERABP36QP2627EVMT,training,9,0,10,48,12,1,/tangrams/66_441.png,A2,"[""/tangrams/202_314.png"",""/tangrams/20_24.png"",""/tangrams/66_441.png"",""/tangrams/348_464.png""]","[""C1"",""D3"",""A2"",""B4""]",/tangrams/66_441.png,TRUE,/tangrams/66_441.png,01M0TT4JP6VSYSTADD58E33WM9,01M0TT4SREDP4QR1H8V4E3X5G9,1787607550001,NA,1
01M0TTNRK3ZQ2XDVD2B1Q9AZY6,01M0TSZGKJQW5S4GCP9150DNN9,training,5,0,6,48,12,1,/tangrams/452_257.png,F1,"[""/tangrams/348_441.png"",""/tangrams/20_464.png"",""/tangrams/98_302.png"",""/tangrams/452_257.png""]","[""B2"",""D4"",""F6"",""F1""]",NA,NA,NA,NA,NA,NA,NA,1
01M0TTEY670WKR9VHZW128Y6K8,01M0TSZEY44B7XSP574QH2WQPJ,training,38,3,3,48,12,0,/tangrams/138_244.png,A1,"[""/tangrams/138_244.png"",""/tangrams/170_154.png"",""/tangrams/119_182.png"",""/tangrams/456_48.png""]","[""A1"",""F3"",""F1"",""F5""]",/tangrams/138_244.png,TRUE,/tangrams/138_244.png,01M0TT9XXJBBQAZ4WANFPESF7T,01M0TT49QHQY8JQV8C5T94HHYZ,1787608414084,NA,4
01M0TTK18V8SH2RGW2M08ZA4AE,01M0TSZEY54T11A9AMGVA6T4ZB,training,43,3,8,48,12,0,/tangrams/366_244.png,B1,"[""/tangrams/366_244.png"",""/tangrams/366_405.png"",""/tangrams/138_66.png"",""/tangrams/279_244.png""]","[""B1"",""B3"",""A4"",""D1""]",/tangrams/279_244.png,FALSE,/tangrams/279_244.png,01M0TT7FNH08P86PFHWCV3NRS8,01M0TT7ZVRQQW92P55GPN9KMMS,1787609545033,NA,4
01M0TTYQ2P14MT6MS7SFM5VT29,01M0TTMWMDPGAHQRDA7BZJ8FEZ,training,3,0,4,48,12,1,/tangrams/20_24.png,D3,"[""/tangrams/348_464.png"",""/tangrams/20_441.png"",""/tangrams/20_24.png"",""/tangrams/66_24.png""]","[""B4"",""D2"",""D3"",""A3""]",NA,FALSE,NA,01M0TTENRE0ZSC234N2S1BW8ZS,01M0TTJT0T1FXWVGTP027BYENQ,NA,NA,1
01M0TTEY3A4G691HFTAYDSE54E,01M0TSZEY44B7XSP574QH2WQPJ,training,12,1,1,48,12,0,/tangrams/422_405.png,C3,"[""/tangrams/138_244.png"",""/tangrams/366_339.png"",""/tangrams/422_405.png"",""/tangrams/37_144.png""]","[""A1"",""B2"",""C3"",""F8""]",/tangrams/422_405.png,TRUE,/tangrams/422_405.png,01M0TT9XXJBBQAZ4WANFPESF7T,01M0TT49QHQY8JQV8C5T94HHYZ,1787607439088,NA,2
01M0TTKMTKT89C51PEHZGSBVY7,01M0TSZEY173D8F3KEP071GR06,training,47,3,12,48,12,0,/tangrams/366_66.png,B4,"[""/tangrams/366_66.png"",""/tangrams/422_244.png"",""/tangrams/138_339.png"",""/tangrams/279_405.png""]","[""B4"",""C1"",""A2"",""D3""]",/tangrams/366_66.png,TRUE,/tangrams/366_66.png,01M0TT55D1DRDQ3JPT1CDTT5VN,01M0TTF3ADJ36CYQBD8356XFNQ,1787608501753,NA,4
01M0TVK9HYQH8A3FRM7PD9RKAQ,01M0TTMWMG725DJ5GA5M4WD8SY,training,9,0,10,48,12,1,/tangrams/20_464.png,D4,"[""/tangrams/98_302.png"",""/tangrams/20_464.png"",""/tangrams/452_257.png"",""/tangrams/374_400.png""]","[""F6"",""D4"",""F1"",""F8""]",/tangrams/20_464.png,TRUE,/tangrams/20_464.png,01M0TV8YZXT0HY97VC3QNJABKN,01M0TVD4RDDZ2GPYA2W2TBJY2J,1787608286601,NA,1
01M0TVK9SP4ZCYCYBR3ZFY92KZ,01M0TTMWMG725DJ5GA5M4WD8SY,training,35,2,12,48,12,1,/tangrams/40_345.png,F4,"[""/tangrams/4_159.png"",""/tangrams/66_314.png"",""/tangrams/374_400.png"",""/tangrams/40_345.png""]","[""F5"",""A1"",""F8"",""F4""]",/tangrams/40_345.png,TRUE,/tangrams/40_345.png,01M0TV8YZXT0HY97VC3QNJABKN,01M0TVD4RDDZ2GPYA2W2TBJY2J,1787608702447,NA,3
01M0TTEY5NCZPR995J1P3D6GA4,01M0TSZEY44B7XSP574QH2WQPJ,training,0,0,1,48,12,0,/tangrams/119_182.png,F1,"[""/tangrams/119_182.png"",""/tangrams/37_144.png"",""/tangrams/279_66.png"",""/tangrams/422_405.png""]","[""F1"",""F8"",""D4"",""C3""]",/tangrams/119_182.png,TRUE,/tangrams/119_182.png,01M0TT9XXJBBQAZ4WANFPESF7T,01M0TT49QHQY8JQV8C5T94HHYZ,1787606907768,NA,1
01M0TTKN24NJX9HW2XWH1KQ8FR,01M0TSZEY173D8F3KEP071GR06,training,34,2,11,48,12,0,/tangrams/366_66.png,B4,"[""/tangrams/366_66.png"",""/tangrams/138_405.png"",""/tangrams/279_244.png"",""/tangrams/422_339.png""]","[""B4"",""A3"",""D1"",""C2""]",/tangrams/366_66.png,TRUE,/tangrams/366_66.png,01M0TTF3ADJ36CYQBD8356XFNQ,01M0TT55D1DRDQ3JPT1CDTT5VN,1787608182139,NA,3
01M0TTK11A6ZJBDMNWCN0RRPFY,01M0TSZEY54T11A9AMGVA6T4ZB,training,16,1,5,48,12,0,/tangrams/279_339.png,D2,"[""/tangrams/279_339.png"",""/tangrams/366_244.png"",""/tangrams/422_339.png"",""/tangrams/279_405.png""]","[""D2"",""B1"",""C2"",""D3""]",/tangrams/279_339.png,TRUE,/tangrams/279_339.png,01M0TT7ZVRQQW92P55GPN9KMMS,01M0TT7FNH08P86PFHWCV3NRS8,1787608508329,NA,2
01M0TTNRC0052ZHZ6D8NAY45VC,01M0TSZGKJQW5S4GCP9150DNN9,training,2,0,3,48,12,1,/tangrams/40_345.png,F4,"[""/tangrams/40_345.png"",""/tangrams/20_464.png"",""/tangrams/4_159.png"",""/tangrams/202_24.png""]","[""F4"",""D4"",""F5"",""C3""]",NA,FALSE,NA,01M0TTDMH9245RXEPX9F07PB9V,01M0TT4TXD8SRXYDAE6TW71C0D,NA,NA,1
01M0TTTPM2Y4D6ESC7FTP4M4XG,01M0TSZV8KEDQHAT4X33M1GG1C,training,33,2,10,48,12,1,/tangrams/66_441.png,A2,"[""/tangrams/66_441.png"",""/tangrams/202_441.png"",""/tangrams/20_314.png"",""/tangrams/66_24.png""]","[""A2"",""C2"",""D1"",""A3""]",/tangrams/66_441.png,TRUE,/tangrams/66_441.png,01M0TT467Q69C5HQ20GW6FRRF2,01M0TTBQPRE9XMJHBPDKM8GTC4,1787609223140,NA,3
01M0TTTPS7K0H2SN8HCS08WX4F,01M0TSZV8KEDQHAT4X33M1GG1C,training,29,2,6,48,12,1,/tangrams/348_464.png,B4,"[""/tangrams/348_464.png"",""/tangrams/66_464.png"",""/tangrams/348_314.png"",""/tangrams/20_441.png""]","[""B4"",""A4"",""B1"",""D2""]",/tangrams/348_464.png,TRUE,/tangrams/348_464.png,01M0TT467Q69C5HQ20GW6FRRF2,01M0TTBQPRE9XMJHBPDKM8GTC4,1787609030195,NA,3
01M0TTTPVCBKQZRQZN9J9GHT95,01M0TSZV8KEDQHAT4X33M1GG1C,training,45,3,10,48,12,1,/tangrams/348_314.png,B1,"[""/tangrams/20_314.png"",""/tangrams/348_314.png"",""/tangrams/66_24.png"",""/tangrams/348_464.png""]","[""D1"",""B1"",""A3"",""B4""]",/tangrams/348_314.png,TRUE,/tangrams/348_314.png,01M0TT467Q69C5HQ20GW6FRRF2,01M0TTBQPRE9XMJHBPDKM8GTC4,1787609670407,NA,4
01M0TV7JQJKSXTB3WWZANJ82HR,01M0TTMWM9GSP2NP0T4CET96EB,training,3,0,4,48,12,1,/tangrams/202_441.png,C2,"[""/tangrams/20_314.png"",""/tangrams/202_441.png"",""/tangrams/348_24.png"",""/tangrams/66_464.png""]","[""D1"",""C2"",""B3"",""A4""]",/tangrams/202_441.png,TRUE,/tangrams/202_441.png,01M0TTRGJ55RK21NQM11GGHNRN,01M0TV363Y2QH3CGTPHSZR512P,1787608039951,NA,1
01M0TT9KHRMC2D3TMA8HK0NRVB,01M0TSZGKE32G3R2H2EPQFBQNN,training,4,0,5,48,12,0,/tangrams/279_405.png,D3,"[""/tangrams/138_339.png"",""/tangrams/366_66.png"",""/tangrams/422_244.png"",""/tangrams/279_405.png""]","[""A2"",""B4"",""C1"",""D3""]",NA,NA,NA,NA,NA,NA,NA,1
01M0TT9KJZNAW68RQM0RM81X8P,01M0TSZGKE32G3R2H2EPQFBQNN,training,36,3,1,48,12,0,/tangrams/138_339.png,A2,"[""/tangrams/138_339.png"",""/tangrams/279_405.png"",""/tangrams/366_66.png"",""/tangrams/422_244.png""]","[""A2"",""D3"",""B4"",""C1""]",NA,NA,NA,NA,NA,NA,NA,4
01M0TTKDFH4B0Z8EW26D39WSC9,01M0TSZGKM72FFW193EYG47F25,training,42,3,7,48,12,0,/tangrams/279_244.png,D1,"[""/tangrams/279_405.png"",""/tangrams/366_244.png"",""/tangrams/138_339.png"",""/tangrams/279_244.png""]","[""D3"",""B1"",""A2"",""D1""]",NA,NA,NA,NA,NA,NA,NA,4
01M0TTMQY3KB70QWAD9TG93PRN,01M0TSZV8ERABP36QP2627EVMT,training,43,3,8,48,12,1,/tangrams/20_24.png,D3,"[""/tangrams/348_314.png"",""/tangrams/66_441.png"",""/tangrams/20_24.png"",""/tangrams/202_464.png""]","[""B1"",""A2"",""D3"",""C4""]",/tangrams/20_24.png,TRUE,/tangrams/20_24.png,01M0TT4JP6VSYSTADD58E33WM9,01M0TT4SREDP4QR1H8V4E3X5G9,1787608448901,NA,4
01M0TV7JW1WFYP9M7JT4159R8G,01M0TTMWM9GSP2NP0T4CET96EB,training,40,3,5,48,12,1,/tangrams/348_464.png,B4,"[""/tangrams/20_314.png"",""/tangrams/202_441.png"",""/tangrams/66_24.png"",""/tangrams/348_464.png""]","[""D1"",""C2"",""A3"",""B4""]",/tangrams/348_464.png,TRUE,/tangrams/348_464.png,01M0TV363Y2QH3CGTPHSZR512P,01M0TTRGJ55RK21NQM11GGHNRN,1787608948620,NA,4
01M0TT9KK5RBRE6T1ZYSFR3TVA,01M0TSZGKE32G3R2H2EPQFBQNN,training,32,2,9,48,12,0,/tangrams/422_66.png,C4,"[""/tangrams/138_339.png"",""/tangrams/422_66.png"",""/tangrams/279_244.png"",""/tangrams/366_405.png""]","[""A2"",""C4"",""D1"",""B3""]",NA,NA,NA,NA,NA,NA,NA,3
01M0TTA5BZQHKCWYDNHB3BT1C9,01M0TSZV8KEDQHAT4X3FNKVS2B,training,18,1,7,48,12,0,/tangrams/366_339.png,B2,"[""/tangrams/290_64.png"",""/tangrams/366_339.png"",""/tangrams/279_66.png"",""/tangrams/434_227.png""]","[""F2"",""B2"",""D4"",""F4""]",/tangrams/366_339.png,TRUE,/tangrams/366_339.png,01M0TT4SZRTK7MV5T48R9G1GQH,01M0TT3ZTTV22XQGZD0K61T6A4,1787607420838,NA,2
01M0TTKMTXC146RW0950DANKEG,01M0TSZEY173D8F3KEP071GR06,training,12,1,1,48,12,0,/tangrams/422_66.png,C4,"[""/tangrams/422_66.png"",""/tangrams/279_244.png"",""/tangrams/366_405.png"",""/tangrams/138_339.png""]","[""C4"",""D1"",""B3"",""A2""]",/tangrams/422_66.png,TRUE,/tangrams/422_66.png,01M0TTF3ADJ36CYQBD8356XFNQ,01M0TT55D1DRDQ3JPT1CDTT5VN,1787607608738,NA,2
01M0TV7JYPJ9C4CPFXCBGQ6BEV,01M0TTMWM9GSP2NP0T4CET96EB,training,31,2,8,48,12,1,/tangrams/348_464.png,B4,"[""/tangrams/20_24.png"",""/tangrams/66_441.png"",""/tangrams/202_314.png"",""/tangrams/348_464.png""]","[""D3"",""A2"",""C1"",""B4""]",/tangrams/348_464.png,TRUE,/tangrams/348_464.png,01M0TTRGJ55RK21NQM11GGHNRN,01M0TV363Y2QH3CGTPHSZR512P,1787608779810,NA,3
01M0TT9KFS7M1X3BEW6QGG6SET,01M0TSZGKE32G3R2H2EPQFBQNN,training,18,1,7,48,12,0,/tangrams/422_244.png,C1,"[""/tangrams/138_339.png"",""/tangrams/422_244.png"",""/tangrams/366_66.png"",""/tangrams/279_405.png""]","[""A2"",""C1"",""B4"",""D3""]",NA,NA,NA,NA,NA,NA,NA,2
01M0TTA5CGRVRSQADMNYDVN910,01M0TSZV8KEDQHAT4X3FNKVS2B,training,25,2,2,48,12,0,/tangrams/119_182.png,F1,"[""/tangrams/434_227.png"",""/tangrams/366_339.png"",""/tangrams/411_352.png"",""/tangrams/119_182.png""]","[""F4"",""B2"",""F7"",""F1""]",/tangrams/119_182.png,TRUE,/tangrams/119_182.png,01M0TT3ZTTV22XQGZD0K61T6A4,01M0TT4SZRTK7MV5T48R9G1GQH,1787607623465,NA,3
01M0TTKDAEV8K0P9D80F70BCWR,01M0TSZGKM72FFW193EYG47F25,training,1,0,2,48,12,0,/tangrams/279_244.png,D1,"[""/tangrams/366_405.png"",""/tangrams/279_244.png"",""/tangrams/279_339.png"",""/tangrams/422_244.png""]","[""B3"",""D1"",""D2"",""C1""]",NA,NA,NA,NA,NA,NA,NA,1
01M0TTMQQYKF38FQ514C3D9KW9,01M0TSZV8ERABP36QP2627EVMT,training,46,3,11,48,12,1,/tangrams/20_441.png,D2,"[""/tangrams/20_441.png"",""/tangrams/348_464.png"",""/tangrams/202_314.png"",""/tangrams/66_24.png""]","[""D2"",""B4"",""C1"",""A3""]",/tangrams/20_441.png,TRUE,/tangrams/20_441.png,01M0TT4SREDP4QR1H8V4E3X5G9,01M0TT4JP6VSYSTADD58E33WM9,1787608496784,NA,4
01M0TT9KJ5QEEBHCKM27ZWDBPE,01M0TSZGKE32G3R2H2EPQFBQNN,training,44,3,9,48,12,0,/tangrams/422_244.png,C1,"[""/tangrams/279_339.png"",""/tangrams/138_66.png"",""/tangrams/366_405.png"",""/tangrams/422_244.png""]","[""D2"",""A4"",""B3"",""C1""]",NA,NA,NA,NA,NA,NA,NA,4
01M0TTA5ATM7240H019YJV4N91,01M0TSZV8KEDQHAT4X3FNKVS2B,training,47,3,12,48,12,0,/tangrams/170_154.png,F3,"[""/tangrams/138_244.png"",""/tangrams/170_154.png"",""/tangrams/279_66.png"",""/tangrams/119_182.png""]","[""A1"",""F3"",""D4"",""F1""]",/tangrams/170_154.png,TRUE,/tangrams/170_154.png,01M0TT3ZTTV22XQGZD0K61T6A4,01M0TT4SZRTK7MV5T48R9G1GQH,1787608161632,NA,4
01M0TTMQRGQVPV7Y6EZ7VKJX36,01M0TSZV8ERABP36QP2627EVMT,training,2,0,3,48,12,1,/tangrams/66_24.png,A3,"[""/tangrams/20_314.png"",""/tangrams/66_24.png"",""/tangrams/202_441.png"",""/tangrams/348_464.png""]","[""D1"",""A3"",""C2"",""B4""]",/tangrams/66_24.png,TRUE,/tangrams/66_24.png,01M0TT4SREDP4QR1H8V4E3X5G9,01M0TT4JP6VSYSTADD58E33WM9,1787607286973,NA,1
01M0TT9KGQ6KZX88Y2EST3J2KB,01M0TSZGKE32G3R2H2EPQFBQNN,training,7,0,8,48,12,0,/tangrams/366_405.png,B3,"[""/tangrams/422_339.png"",""/tangrams/279_244.png"",""/tangrams/366_405.png"",""/tangrams/138_66.png""]","[""C2"",""D1"",""B3"",""A4""]",NA,NA,NA,NA,NA,NA,NA,1
01M0TTK1623V9W51H3M59G5KX6,01M0TSZEY54T11A9AMGVA6T4ZB,training,38,3,3,48,12,0,/tangrams/138_66.png,A4,"[""/tangrams/138_66.png"",""/tangrams/422_66.png"",""/tangrams/138_339.png"",""/tangrams/279_244.png""]","[""A4"",""C4"",""A2"",""D1""]",/tangrams/138_66.png,TRUE,/tangrams/138_66.png,01M0TT7ZVRQQW92P55GPN9KMMS,01M0TT7FNH08P86PFHWCV3NRS8,1787609380091,NA,4
01M0TV7JPYV60WKC5G63QXA88H,01M0TTMWM9GSP2NP0T4CET96EB,training,5,0,6,48,12,1,/tangrams/202_464.png,C4,"[""/tangrams/66_441.png"",""/tangrams/202_464.png"",""/tangrams/348_314.png"",""/tangrams/20_24.png""]","[""A2"",""C4"",""B1"",""D3""]",/tangrams/202_464.png,TRUE,/tangrams/202_464.png,01M0TTRGJ55RK21NQM11GGHNRN,01M0TV363Y2QH3CGTPHSZR512P,1787608104991,NA,1
01M0TTKMXDKZA2RWCK7K9YQTQK,01M0TSZEY173D8F3KEP071GR06,training,22,1,11,48,12,0,/tangrams/366_66.png,B4,"[""/tangrams/366_66.png"",""/tangrams/138_405.png"",""/tangrams/279_339.png"",""/tangrams/422_244.png""]","[""B4"",""A3"",""D2"",""C1""]",/tangrams/366_66.png,TRUE,/tangrams/366_66.png,01M0TTF3ADJ36CYQBD8356XFNQ,01M0TT55D1DRDQ3JPT1CDTT5VN,1787607869467,NA,2
01M0TTTPQJQPN7TD9DE8N9H0T6,01M0TSZV8KEDQHAT4X33M1GG1C,training,3,0,4,48,12,1,/tangrams/66_464.png,A4,"[""/tangrams/202_464.png"",""/tangrams/66_464.png"",""/tangrams/66_441.png"",""/tangrams/20_24.png""]","[""C4"",""A4"",""A2"",""D3""]",/tangrams/66_464.png,TRUE,/tangrams/66_464.png,01M0TT467Q69C5HQ20GW6FRRF2,01M0TTBQPRE9XMJHBPDKM8GTC4,1787607859205,NA,1
01M0TTYQA5H8SKKASNVMBCT5F8,01M0TTMWMDPGAHQRDA7BZJ8FEZ,training,34,2,11,48,12,1,/tangrams/20_314.png,D1,"[""/tangrams/20_314.png"",""/tangrams/66_24.png"",""/tangrams/20_441.png"",""/tangrams/348_314.png""]","[""D1"",""A3"",""D2"",""B1""]",NA,NA,NA,NA,NA,NA,NA,3
01M0TVK9PRTXH8T1DVMHTFBGJ6,01M0TTMWMG725DJ5GA5M4WD8SY,training,26,2,3,48,12,1,/tangrams/429_403.png,F2,"[""/tangrams/264_176.png"",""/tangrams/452_257.png"",""/tangrams/429_403.png"",""/tangrams/98_302.png""]","[""F3"",""F1"",""F2"",""F6""]",/tangrams/429_403.png,TRUE,/tangrams/429_403.png,01M0TVD4RDDZ2GPYA2W2TBJY2J,01M0TV8YZXT0HY97VC3QNJABKN,1787608591766,NA,3
01M0TTEY36425R43JP73CX24RP,01M0TSZEY44B7XSP574QH2WQPJ,training,15,1,4,48,12,0,/tangrams/119_182.png,F1,"[""/tangrams/366_339.png"",""/tangrams/411_352.png"",""/tangrams/422_405.png"",""/tangrams/119_182.png""]","[""B2"",""F7"",""C3"",""F1""]",/tangrams/411_352.png,FALSE,/tangrams/411_352.png,01M0TT49QHQY8JQV8C5T94HHYZ,01M0TT9XXJBBQAZ4WANFPESF7T,1787607573635,NA,2
01M0TTMQTF3ZWA74MSF56AEFJA,01M0TSZV8ERABP36QP2627EVMT,training,16,1,5,48,12,1,/tangrams/348_24.png,B3,"[""/tangrams/66_441.png"",""/tangrams/20_314.png"",""/tangrams/348_24.png"",""/tangrams/202_464.png""]","[""A2"",""D1"",""B3"",""C4""]",/tangrams/348_24.png,TRUE,/tangrams/348_24.png,01M0TT4SREDP4QR1H8V4E3X5G9,01M0TT4JP6VSYSTADD58E33WM9,1787607785360,NA,2
01M0TTTPN9WYQTRYKGN01YB111,01M0TSZV8KEDQHAT4X33M1GG1C,training,11,0,12,48,12,1,/tangrams/20_314.png,D1,"[""/tangrams/66_24.png"",""/tangrams/20_314.png"",""/tangrams/202_314.png"",""/tangrams/20_441.png""]","[""A3"",""D1"",""C1"",""D2""]",/tangrams/20_314.png,TRUE,/tangrams/20_314.png,01M0TT467Q69C5HQ20GW6FRRF2,01M0TTBQPRE9XMJHBPDKM8GTC4,1787608287822,NA,1
01M0TT9KKB37T5D4HT8PDQE6NF,01M0TSZGKE32G3R2H2EPQFBQNN,training,23,1,12,48,12,0,/tangrams/279_405.png,D3,"[""/tangrams/422_66.png"",""/tangrams/366_244.png"",""/tangrams/279_405.png"",""/tangrams/138_339.png""]","[""C4"",""B1"",""D3"",""A2""]",NA,NA,NA,NA,NA,NA,NA,2
01M0TV7JSZAXRR3QSM5JXEYEGR,01M0TTMWM9GSP2NP0T4CET96EB,training,2,0,3,48,12,1,/tangrams/20_24.png,D3,"[""/tangrams/20_24.png"",""/tangrams/348_314.png"",""/tangrams/202_464.png"",""/tangrams/66_441.png""]","[""D3"",""B1"",""C4"",""A2""]",/tangrams/20_24.png,TRUE,/tangrams/20_24.png,01M0TV363Y2QH3CGTPHSZR512P,01M0TTRGJ55RK21NQM11GGHNRN,1787608009184,NA,1
01M0TTNRGWRJYHFP3AMHFJ3C8Y,01M0TSZGKJQW5S4GCP9150DNN9,training,16,1,5,48,12,1,/tangrams/374_400.png,F8,"[""/tangrams/452_257.png"",""/tangrams/374_400.png"",""/tangrams/4_159.png"",""/tangrams/202_24.png""]","[""F1"",""F8"",""F5"",""C3""]",NA,NA,NA,NA,NA,NA,NA,2
01M0TTTPTV6F12YC6XJT82EBKW,01M0TSZV8KEDQHAT4X33M1GG1C,training,47,3,12,48,12,1,/tangrams/202_314.png,C1,"[""/tangrams/20_314.png"",""/tangrams/202_464.png"",""/tangrams/66_441.png"",""/tangrams/202_314.png""]","[""D1"",""C4"",""A2"",""C1""]",/tangrams/20_314.png,FALSE,/tangrams/20_314.png,01M0TT467Q69C5HQ20GW6FRRF2,01M0TTBQPRE9XMJHBPDKM8GTC4,1787609740300,NA,4
01M0TTYQCB4HHYEFM5E8B8V5VE,01M0TTMWMDPGAHQRDA7BZJ8FEZ,training,29,2,6,48,12,1,/tangrams/348_464.png,B4,"[""/tangrams/348_464.png"",""/tangrams/20_441.png"",""/tangrams/66_464.png"",""/tangrams/348_24.png""]","[""B4"",""D2"",""A4"",""B3""]",NA,NA,NA,NA,NA,NA,NA,3
01M0TV7K1YSN0AA973WX8MN22R,01M0TTMWM9GSP2NP0T4CET96EB,training,14,1,3,48,12,1,/tangrams/20_24.png,D3,"[""/tangrams/348_314.png"",""/tangrams/20_24.png"",""/tangrams/202_441.png"",""/tangrams/66_464.png""]","[""B1"",""D3"",""C2"",""A4""]",/tangrams/20_24.png,TRUE,/tangrams/20_24.png,01M0TV363Y2QH3CGTPHSZR512P,01M0TTRGJ55RK21NQM11GGHNRN,1787608398656,NA,2
01M0TTEY4K96A52Q2J50DKP2N7,01M0TSZEY44B7XSP574QH2WQPJ,training,1,0,2,48,12,0,/tangrams/434_227.png,F4,"[""/tangrams/434_227.png"",""/tangrams/279_66.png"",""/tangrams/138_244.png"",""/tangrams/37_144.png""]","[""F4"",""D4"",""A1"",""F8""]",/tangrams/138_244.png,FALSE,/tangrams/138_244.png,01M0TT49QHQY8JQV8C5T94HHYZ,01M0TT9XXJBBQAZ4WANFPESF7T,1787606956603,NA,1
01M0TTNRBDTNTD0C633CC9M08A,01M0TSZGKJQW5S4GCP9150DNN9,training,0,0,1,48,12,1,/tangrams/429_403.png,F2,"[""/tangrams/40_345.png"",""/tangrams/264_176.png"",""/tangrams/452_257.png"",""/tangrams/429_403.png""]","[""F4"",""F3"",""F1"",""F2""]",NA,FALSE,NA,01M0TTDMH9245RXEPX9F07PB9V,01M0TT4TXD8SRXYDAE6TW71C0D,NA,1787610298016,1
01M0TTKDEJSAA46A61DQ6D60SY,01M0TSZGKM72FFW193EYG47F25,training,29,2,6,48,12,0,/tangrams/422_244.png,C1,"[""/tangrams/279_244.png"",""/tangrams/422_244.png"",""/tangrams/366_405.png"",""/tangrams/422_66.png""]","[""D1"",""C1"",""B3"",""C4""]",NA,NA,NA,NA,NA,NA,NA,3
01M0TV7JWCFAAHDZVQV9TA198R,01M0TTMWM9GSP2NP0T4CET96EB,training,39,3,4,48,12,1,/tangrams/202_464.png,C4,"[""/tangrams/348_314.png"",""/tangrams/66_24.png"",""/tangrams/202_464.png"",""/tangrams/20_441.png""]","[""B1"",""A3"",""C4"",""D2""]",/tangrams/202_464.png,TRUE,/tangrams/202_464.png,01M0TTRGJ55RK21NQM11GGHNRN,01M0TV363Y2QH3CGTPHSZR512P,1787608931728,NA,4
01M0TTA58WTW677E6JA0N198K9,01M0TSZV8KEDQHAT4X3FNKVS2B,training,34,2,11,48,12,0,/tangrams/134_125.png,F6,"[""/tangrams/366_339.png"",""/tangrams/434_227.png"",""/tangrams/170_154.png"",""/tangrams/134_125.png""]","[""B2"",""F4"",""F3"",""F6""]",/tangrams/134_125.png,TRUE,/tangrams/134_125.png,01M0TT4SZRTK7MV5T48R9G1GQH,01M0TT3ZTTV22XQGZD0K61T6A4,1787607814734,NA,3
01M0TTA5953ADTEWHGMW1MW2SJ,01M0TSZV8KEDQHAT4X3FNKVS2B,training,31,2,8,48,12,0,/tangrams/279_66.png,D4,"[""/tangrams/279_66.png"",""/tangrams/434_227.png"",""/tangrams/37_144.png"",""/tangrams/138_244.png""]","[""D4"",""F4"",""F8"",""A1""]",/tangrams/279_66.png,TRUE,/tangrams/279_66.png,01M0TT3ZTTV22XQGZD0K61T6A4,01M0TT4SZRTK7MV5T48R9G1GQH,1787607739696,NA,3
01M0TTKDAZ62EAFTYHTEY7S4R4,01M0TSZGKM72FFW193EYG47F25,training,18,1,7,48,12,0,/tangrams/422_66.png,C4,"[""/tangrams/422_244.png"",""/tangrams/422_66.png"",""/tangrams/366_66.png"",""/tangrams/279_339.png""]","[""C1"",""C4"",""B4"",""D2""]",NA,NA,NA,NA,NA,NA,NA,2
01M0TTMQXKSDHAZTVXM75E4R5D,01M0TSZV8ERABP36QP2627EVMT,training,31,2,8,48,12,1,/tangrams/348_464.png,B4,"[""/tangrams/348_464.png"",""/tangrams/202_441.png"",""/tangrams/20_314.png"",""/tangrams/66_24.png""]","[""B4"",""C2"",""D1"",""A3""]",/tangrams/348_464.png,TRUE,/tangrams/348_464.png,01M0TT4JP6VSYSTADD58E33WM9,01M0TT4SREDP4QR1H8V4E3X5G9,1787608217919,NA,3
01M0TTNRBV4MQH0FYA4XHK2CQY,01M0TSZGKJQW5S4GCP9150DNN9,training,1,0,2,48,12,1,/tangrams/20_464.png,D4,"[""/tangrams/374_400.png"",""/tangrams/20_464.png"",""/tangrams/264_176.png"",""/tangrams/157_426.png""]","[""F8"",""D4"",""F3"",""F7""]",NA,FALSE,NA,01M0TT4TXD8SRXYDAE6TW71C0D,01M0TTDMH9245RXEPX9F07PB9V,NA,NA,1
01M0TVK9ZWJ3B016695H3XCC6B,01M0TTMWMG725DJ5GA5M4WD8SY,training,40,3,5,48,12,1,/tangrams/429_403.png,F2,"[""/tangrams/202_24.png"",""/tangrams/429_403.png"",""/tangrams/40_345.png"",""/tangrams/157_426.png""]","[""C3"",""F2"",""F4"",""F7""]",/tangrams/429_403.png,TRUE,/tangrams/429_403.png,01M0TVD4RDDZ2GPYA2W2TBJY2J,01M0TV8YZXT0HY97VC3QNJABKN,1787608771503,NA,4
01M0TTA5ARN7Z84S1GBMGKAPTZ,01M0TSZV8KEDQHAT4X3FNKVS2B,training,21,1,10,48,12,0,/tangrams/411_352.png,F7,"[""/tangrams/134_125.png"",""/tangrams/422_405.png"",""/tangrams/411_352.png"",""/tangrams/434_227.png""]","[""F6"",""C3"",""F7"",""F4""]",/tangrams/411_352.png,TRUE,/tangrams/411_352.png,01M0TT3ZTTV22XQGZD0K61T6A4,01M0TT4SZRTK7MV5T48R9G1GQH,1787607513362,NA,2
01M0TTK19CJB29FM7RC0K3R03D,01M0TSZEY54T11A9AMGVA6T4ZB,training,23,1,12,48,12,0,/tangrams/366_244.png,B1,"[""/tangrams/138_339.png"",""/tangrams/279_244.png"",""/tangrams/366_66.png"",""/tangrams/366_244.png""]","[""A2"",""D1"",""B4"",""B1""]",/tangrams/279_244.png,FALSE,/tangrams/279_244.png,01M0TT7FNH08P86PFHWCV3NRS8,01M0TT7ZVRQQW92P55GPN9KMMS,1787608823412,NA,2
01M0TTKDG6C5PKFTSV7J4CNFAC,01M0TSZGKM72FFW193EYG47F25,training,46,3,11,48,12,0,/tangrams/422_339.png,C2,"[""/tangrams/366_405.png"",""/tangrams/422_66.png"",""/tangrams/138_339.png"",""/tangrams/422_339.png""]","[""B3"",""C4"",""A2"",""C2""]",NA,NA,NA,NA,NA,NA,NA,4
01M0TTKN2H6RT12G2PVW78R4FR,01M0TSZEY173D8F3KEP071GR06,training,37,3,2,48,12,0,/tangrams/366_405.png,B3,"[""/tangrams/422_66.png"",""/tangrams/138_339.png"",""/tangrams/366_405.png"",""/tangrams/279_244.png""]","[""C4"",""A2"",""B3"",""D1""]",/tangrams/366_405.png,TRUE,/tangrams/366_405.png,01M0TT55D1DRDQ3JPT1CDTT5VN,01M0TTF3ADJ36CYQBD8356XFNQ,1787608238485,NA,4
01M0TTNRFKMVA1J82CFPR55SF8,01M0TSZGKJQW5S4GCP9150DNN9,training,36,3,1,48,12,1,/tangrams/429_403.png,F2,"[""/tangrams/157_426.png"",""/tangrams/348_441.png"",""/tangrams/429_403.png"",""/tangrams/202_24.png""]","[""F7"",""B2"",""F2"",""C3""]",NA,NA,NA,NA,NA,NA,NA,4
01M0TV7JRZ22YG5H7EJKAYKKSA,01M0TTMWM9GSP2NP0T4CET96EB,training,46,3,11,48,12,1,/tangrams/20_24.png,D3,"[""/tangrams/348_314.png"",""/tangrams/20_24.png"",""/tangrams/66_464.png"",""/tangrams/202_441.png""]","[""B1"",""D3"",""A4"",""C2""]",/tangrams/20_24.png,TRUE,/tangrams/20_24.png,01M0TV363Y2QH3CGTPHSZR512P,01M0TTRGJ55RK21NQM11GGHNRN,1787609050905,NA,4
01M0TTA57Y7VCTCEJ68H134ERM,01M0TSZV8KEDQHAT4X3FNKVS2B,training,44,3,9,48,12,0,/tangrams/138_244.png,A1,"[""/tangrams/138_244.png"",""/tangrams/456_48.png"",""/tangrams/37_144.png"",""/tangrams/411_352.png""]","[""A1"",""F5"",""F8"",""F7""]",/tangrams/138_244.png,TRUE,/tangrams/138_244.png,01M0TT4SZRTK7MV5T48R9G1GQH,01M0TT3ZTTV22XQGZD0K61T6A4,1787608082494,NA,4
01M0TTK10HA19NJ6QJKNK83M7B,01M0TSZEY54T11A9AMGVA6T4ZB,training,3,0,4,48,12,0,/tangrams/138_405.png,A3,"[""/tangrams/138_405.png"",""/tangrams/366_244.png"",""/tangrams/138_339.png"",""/tangrams/279_405.png""]","[""A3"",""B1"",""A2"",""D3""]",/tangrams/138_405.png,TRUE,/tangrams/138_405.png,01M0TT7FNH08P86PFHWCV3NRS8,01M0TT7ZVRQQW92P55GPN9KMMS,1787607896330,NA,1
01M0TVK9T1V3PNDTPVEEMJPGAA,01M0TTMWMG725DJ5GA5M4WD8SY,training,37,3,2,48,12,1,/tangrams/4_159.png,F5,"[""/tangrams/202_24.png"",""/tangrams/4_159.png"",""/tangrams/157_426.png"",""/tangrams/452_257.png""]","[""C3"",""F5"",""F7"",""F1""]",/tangrams/4_159.png,TRUE,/tangrams/4_159.png,01M0TV8YZXT0HY97VC3QNJABKN,01M0TVD4RDDZ2GPYA2W2TBJY2J,1787608726797,NA,4
01M0TTEY3S2N0VPS91FD40Y0B8,01M0TSZEY44B7XSP574QH2WQPJ,training,32,2,9,48,12,0,/tangrams/279_66.png,D4,"[""/tangrams/119_182.png"",""/tangrams/366_339.png"",""/tangrams/434_227.png"",""/tangrams/279_66.png""]","[""F1"",""B2"",""F4"",""D4""]",/tangrams/279_66.png,TRUE,/tangrams/279_66.png,01M0TT9XXJBBQAZ4WANFPESF7T,01M0TT49QHQY8JQV8C5T94HHYZ,1787608228249,NA,3
01M0TTTPG6W1DYMGG4SAQZTRQJ,01M0TSZV8KEDQHAT4X33M1GG1C,training,19,1,8,48,12,1,/tangrams/348_314.png,B1,"[""/tangrams/202_314.png"",""/tangrams/66_441.png"",""/tangrams/348_314.png"",""/tangrams/348_464.png""]","[""C1"",""A2"",""B1"",""B4""]",/tangrams/348_314.png,TRUE,/tangrams/348_314.png,01M0TT467Q69C5HQ20GW6FRRF2,01M0TTBQPRE9XMJHBPDKM8GTC4,1787608597275,NA,2
01M0TTTPHD05RP9QK8GPBME752,01M0TSZV8KEDQHAT4X33M1GG1C,training,38,3,3,48,12,1,/tangrams/66_24.png,A3,"[""/tangrams/202_464.png"",""/tangrams/66_24.png"",""/tangrams/20_24.png"",""/tangrams/66_441.png""]","[""C4"",""A3"",""D3"",""A2""]",/tangrams/66_24.png,TRUE,/tangrams/66_24.png,01M0TTBQPRE9XMJHBPDKM8GTC4,01M0TT467Q69C5HQ20GW6FRRF2,1787609418083,NA,4
01M0TTTPMHDVPW2W59Q2M5JPMT,01M0TSZV8KEDQHAT4X33M1GG1C,training,13,1,2,48,12,1,/tangrams/348_464.png,B4,"[""/tangrams/202_464.png"",""/tangrams/348_24.png"",""/tangrams/348_464.png"",""/tangrams/66_441.png""]","[""C4"",""B3"",""B4"",""A2""]",/tangrams/348_464.png,TRUE,/tangrams/348_464.png,01M0TT467Q69C5HQ20GW6FRRF2,01M0TTBQPRE9XMJHBPDKM8GTC4,1787608350417,NA,2
01M0TVK9KZSDVV46732Y57QC50,01M0TTMWMG725DJ5GA5M4WD8SY,training,16,1,5,48,12,1,/tangrams/452_257.png,F1,"[""/tangrams/452_257.png"",""/tangrams/4_159.png"",""/tangrams/157_426.png"",""/tangrams/429_403.png""]","[""F1"",""F5"",""F7"",""F2""]",/tangrams/452_257.png,TRUE,/tangrams/452_257.png,01M0TVD4RDDZ2GPYA2W2TBJY2J,01M0TV8YZXT0HY97VC3QNJABKN,1787608423455,NA,2
01M0TTEY3F6FQ84GR89F7WDK38,01M0TSZEY44B7XSP574QH2WQPJ,training,35,2,12,48,12,0,/tangrams/411_352.png,F7,"[""/tangrams/422_405.png"",""/tangrams/279_66.png"",""/tangrams/411_352.png"",""/tangrams/456_48.png""]","[""C3"",""D4"",""F7"",""F5""]",/tangrams/411_352.png,TRUE,/tangrams/411_352.png,01M0TT49QHQY8JQV8C5T94HHYZ,01M0TT9XXJBBQAZ4WANFPESF7T,1787608337820,NA,3
01M0TTKMVC7VC72KXQHDQG1Q4E,01M0TSZEY173D8F3KEP071GR06,training,15,1,4,48,12,0,/tangrams/279_244.png,D1,"[""/tangrams/422_339.png"",""/tangrams/138_405.png"",""/tangrams/366_66.png"",""/tangrams/279_244.png""]","[""C2"",""A3"",""B4"",""D1""]",/tangrams/279_244.png,TRUE,/tangrams/279_244.png,01M0TT55D1DRDQ3JPT1CDTT5VN,01M0TTF3ADJ36CYQBD8356XFNQ,1787607684406,NA,2
01M0TTYQ28CBGV6JE2PQ3W2D78,01M0TTMWMDPGAHQRDA7BZJ8FEZ,training,5,0,6,48,12,1,/tangrams/202_314.png,C1,"[""/tangrams/202_464.png"",""/tangrams/20_24.png"",""/tangrams/348_314.png"",""/tangrams/202_314.png""]","[""C4"",""D3"",""B1"",""C1""]",NA,FALSE,NA,01M0TTENRE0ZSC234N2S1BW8ZS,01M0TTJT0T1FXWVGTP027BYENQ,NA,NA,1
01M0TTYQ5MXBSJWTFVCVMSKW43,01M0TTMWMDPGAHQRDA7BZJ8FEZ,training,40,3,5,48,12,1,/tangrams/348_314.png,B1,"[""/tangrams/202_441.png"",""/tangrams/348_464.png"",""/tangrams/348_314.png"",""/tangrams/20_314.png""]","[""C2"",""B4"",""B1"",""D1""]",NA,NA,NA,NA,NA,NA,NA,4
01M0TTKMT6SENPRWDNEFVYRDVQ,01M0TSZEY173D8F3KEP071GR06,training,7,0,8,48,12,0,/tangrams/422_339.png,C2,"[""/tangrams/279_244.png"",""/tangrams/422_339.png"",""/tangrams/366_66.png"",""/tangrams/138_405.png""]","[""D1"",""C2"",""B4"",""A3""]",/tangrams/422_339.png,TRUE,/tangrams/422_339.png,01M0TT55D1DRDQ3JPT1CDTT5VN,01M0TTF3ADJ36CYQBD8356XFNQ,1787607474770,NA,1
01M0TTKMV192DKPMV1BM3AVXYY,01M0TSZEY173D8F3KEP071GR06,training,1,0,2,48,12,0,/tangrams/138_66.png,A4,"[""/tangrams/138_66.png"",""/tangrams/366_405.png"",""/tangrams/279_339.png"",""/tangrams/422_244.png""]","[""A4"",""B3"",""D2"",""C1""]",/tangrams/138_66.png,TRUE,/tangrams/138_66.png,01M0TT55D1DRDQ3JPT1CDTT5VN,01M0TTF3ADJ36CYQBD8356XFNQ,1787607337589,NA,1
01M0TTMQR7WT8RVVVAVBNPBP5B,01M0TSZV8ERABP36QP2627EVMT,training,4,0,5,48,12,1,/tangrams/202_464.png,C4,"[""/tangrams/348_314.png"",""/tangrams/202_464.png"",""/tangrams/66_24.png"",""/tangrams/20_441.png""]","[""B1"",""C4"",""A3"",""D2""]",NA,FALSE,NA,01M0TT4SREDP4QR1H8V4E3X5G9,01M0TT4JP6VSYSTADD58E33WM9,NA,NA,1
01M0TTTPKNZ2ZXVD8JR5TDDNBG,01M0TSZV8KEDQHAT4X33M1GG1C,training,14,1,3,48,12,1,/tangrams/20_441.png,D2,"[""/tangrams/20_314.png"",""/tangrams/66_441.png"",""/tangrams/348_464.png"",""/tangrams/20_441.png""]","[""D1"",""A2"",""B4"",""D2""]",/tangrams/348_464.png,FALSE,/tangrams/348_464.png,01M0TTBQPRE9XMJHBPDKM8GTC4,01M0TT467Q69C5HQ20GW6FRRF2,1787608400910,NA,2
01M0TTTPV426FRCXCMNSFC5QKF,01M0TSZV8KEDQHAT4X33M1GG1C,training,46,3,11,48,12,1,/tangrams/348_464.png,B4,"[""/tangrams/202_441.png"",""/tangrams/348_314.png"",""/tangrams/348_464.png"",""/tangrams/66_464.png""]","[""C2"",""B1"",""B4"",""A4""]",/tangrams/348_464.png,TRUE,/tangrams/348_464.png,01M0TTBQPRE9XMJHBPDKM8GTC4,01M0TT467Q69C5HQ20GW6FRRF2,1787609704772,NA,4
01M0TT9KHTFJM8XSAZNJDNNB6T,01M0TSZGKE32G3R2H2EPQFBQNN,training,2,0,3,48,12,0,/tangrams/138_339.png,A2,"[""/tangrams/138_339.png"",""/tangrams/422_66.png"",""/tangrams/366_244.png"",""/tangrams/279_405.png""]","[""A2"",""C4"",""B1"",""D3""]",NA,NA,NA,NA,NA,NA,NA,1
01M0TT9KJ02RQJDN752DG8RRCB,01M0TSZGKE32G3R2H2EPQFBQNN,training,47,3,12,48,12,0,/tangrams/138_405.png,A3,"[""/tangrams/279_339.png"",""/tangrams/366_66.png"",""/tangrams/138_405.png"",""/tangrams/422_244.png""]","[""D2"",""B4"",""A3"",""C1""]",NA,NA,NA,NA,NA,NA,NA,4
01M0TTKMZYGJFNBD3YP4QBS86E,01M0TSZEY173D8F3KEP071GR06,training,29,2,6,48,12,0,/tangrams/279_405.png,D3,"[""/tangrams/366_244.png"",""/tangrams/279_405.png"",""/tangrams/138_339.png"",""/tangrams/422_66.png""]","[""B1"",""D3"",""A2"",""C4""]",/tangrams/279_405.png,TRUE,/tangrams/279_405.png,01M0TT55D1DRDQ3JPT1CDTT5VN,01M0TTF3ADJ36CYQBD8356XFNQ,1787608017850,NA,3
01M0TTTPP4FNKNN4EA4BYKM227,01M0TSZV8KEDQHAT4X33M1GG1C,training,10,0,11,48,12,1,/tangrams/20_441.png,D2,"[""/tangrams/66_441.png"",""/tangrams/20_24.png"",""/tangrams/20_441.png"",""/tangrams/348_464.png""]","[""A2"",""D3"",""D2"",""B4""]",/tangrams/20_441.png,TRUE,/tangrams/20_441.png,01M0TTBQPRE9XMJHBPDKM8GTC4,01M0TT467Q69C5HQ20GW6FRRF2,1787608253247,NA,1
01M0TTA59AFMAPNZE2PF10TCXT,01M0TSZV8KEDQHAT4X3FNKVS2B,training,46,3,11,48,12,0,/tangrams/119_182.png,F1,"[""/tangrams/170_154.png"",""/tangrams/138_244.png"",""/tangrams/37_144.png"",""/tangrams/119_182.png""]","[""F3"",""A1"",""F8"",""F1""]",/tangrams/119_182.png,TRUE,/tangrams/119_182.png,01M0TT4SZRTK7MV5T48R9G1GQH,01M0TT3ZTTV22XQGZD0K61T6A4,1787608127966,NA,4
01M0TTEY77NYYMD539AVZM0WBY,01M0TSZEY44B7XSP574QH2WQPJ,training,45,3,10,48,12,0,/tangrams/434_227.png,F4,"[""/tangrams/434_227.png"",""/tangrams/411_352.png"",""/tangrams/366_339.png"",""/tangrams/279_66.png""]","[""F4"",""F7"",""B2"",""D4""]",/tangrams/434_227.png,TRUE,/tangrams/434_227.png,01M0TT49QHQY8JQV8C5T94HHYZ,01M0TT9XXJBBQAZ4WANFPESF7T,1787608635348,NA,4
01M0TTNRF9MH74F3YKFY0MN28M,01M0TSZGKJQW5S4GCP9150DNN9,training,19,1,8,48,12,1,/tangrams/157_426.png,F7,"[""/tangrams/157_426.png"",""/tangrams/374_400.png"",""/tangrams/429_403.png"",""/tangrams/264_176.png""]","[""F7"",""F8"",""F2"",""F3""]",NA,NA,NA,NA,NA,NA,NA,2
01M0TTK15BMPVJH5GGXJ7X11FN,01M0TSZEY54T11A9AMGVA6T4ZB,training,37,3,2,48,12,0,/tangrams/279_244.png,D1,"[""/tangrams/279_405.png"",""/tangrams/279_244.png"",""/tangrams/366_244.png"",""/tangrams/138_66.png""]","[""D3"",""D1"",""B1"",""A4""]",/tangrams/279_244.png,TRUE,/tangrams/279_244.png,01M0TT7FNH08P86PFHWCV3NRS8,01M0TT7ZVRQQW92P55GPN9KMMS,1787609357203,NA,4
01M0TTKMVAXEH6G7KS70HHN6RV,01M0TSZEY173D8F3KEP071GR06,training,14,1,3,48,12,0,/tangrams/422_339.png,C2,"[""/tangrams/422_339.png"",""/tangrams/279_244.png"",""/tangrams/366_405.png"",""/tangrams/138_66.png""]","[""C2"",""D1"",""B3"",""A4""]",/tangrams/422_339.png,TRUE,/tangrams/422_339.png,01M0TTF3ADJ36CYQBD8356XFNQ,01M0TT55D1DRDQ3JPT1CDTT5VN,1787607659792,NA,2
01M0TTK138H8Z38WR2VJ7XEBJY,01M0TSZEY54T11A9AMGVA6T4ZB,training,30,2,7,48,12,0,/tangrams/366_66.png,B4,"[""/tangrams/138_66.png"",""/tangrams/422_244.png"",""/tangrams/366_405.png"",""/tangrams/366_66.png""]","[""A4"",""C1"",""B3"",""B4""]",/tangrams/366_66.png,TRUE,/tangrams/366_66.png,01M0TT7ZVRQQW92P55GPN9KMMS,01M0TT7FNH08P86PFHWCV3NRS8,1787609114810,NA,3
01M0TVK9PHMTZX3KC292RW7FFN,01M0TTMWMG725DJ5GA5M4WD8SY,training,25,2,2,48,12,1,/tangrams/20_464.png,D4,"[""/tangrams/157_426.png"",""/tangrams/20_464.png"",""/tangrams/452_257.png"",""/tangrams/202_24.png""]","[""F7"",""D4"",""F1"",""C3""]",/tangrams/20_464.png,TRUE,/tangrams/20_464.png,01M0TV8YZXT0HY97VC3QNJABKN,01M0TVD4RDDZ2GPYA2W2TBJY2J,1787608573646,NA,3
01M0TTA59P1C6S977KMQ7MZP4H,01M0TSZV8KEDQHAT4X3FNKVS2B,training,23,1,12,48,12,0,/tangrams/279_66.png,D4,"[""/tangrams/119_182.png"",""/tangrams/170_154.png"",""/tangrams/134_125.png"",""/tangrams/279_66.png""]","[""F1"",""F3"",""F6"",""D4""]",/tangrams/279_66.png,TRUE,/tangrams/279_66.png,01M0TT3ZTTV22XQGZD0K61T6A4,01M0TT4SZRTK7MV5T48R9G1GQH,1787607575958,NA,2
01M0TTNRFZ4EN6MVXYVJHY4JDD,01M0TSZGKJQW5S4GCP9150DNN9,training,17,1,6,48,12,1,/tangrams/348_441.png,B2,"[""/tangrams/452_257.png"",""/tangrams/348_441.png"",""/tangrams/157_426.png"",""/tangrams/374_400.png""]","[""F1"",""B2"",""F7"",""F8""]",NA,NA,NA,NA,NA,NA,NA,2
01M0TV7JM2CXPRGVK159AYJ6HQ,01M0TTMWM9GSP2NP0T4CET96EB,training,22,1,11,48,12,1,/tangrams/20_441.png,D2,"[""/tangrams/66_24.png"",""/tangrams/20_441.png"",""/tangrams/202_464.png"",""/tangrams/348_314.png""]","[""A3"",""D2"",""C4"",""B1""]",/tangrams/20_441.png,TRUE,/tangrams/20_441.png,01M0TV363Y2QH3CGTPHSZR512P,01M0TTRGJ55RK21NQM11GGHNRN,1787608605933,NA,2
01M0TVKA2BF1SZXMAKV0KK2F8A,01M0TTMWMG725DJ5GA5M4WD8SY,training,45,3,10,48,12,1,/tangrams/20_464.png,D4,"[""/tangrams/20_464.png"",""/tangrams/348_441.png"",""/tangrams/40_345.png"",""/tangrams/374_400.png""]","[""D4"",""B2"",""F4"",""F8""]",/tangrams/20_464.png,TRUE,/tangrams/20_464.png,01M0TV8YZXT0HY97VC3QNJABKN,01M0TVD4RDDZ2GPYA2W2TBJY2J,1787608833248,NA,4
01M0TTA57RWSA4M61RXN9MVA8P,01M0TSZV8KEDQHAT4X3FNKVS2B,training,2,0,3,48,12,0,/tangrams/434_227.png,F4,"[""/tangrams/434_227.png"",""/tangrams/37_144.png"",""/tangrams/119_182.png"",""/tangrams/456_48.png""]","[""F4"",""F8"",""F1"",""F5""]",/tangrams/434_227.png,TRUE,/tangrams/434_227.png,01M0TT4SZRTK7MV5T48R9G1GQH,01M0TT3ZTTV22XQGZD0K61T6A4,1787606688270,NA,1
01M0TTA58ZHAWC8QYFPWEZR7BQ,01M0TSZV8KEDQHAT4X3FNKVS2B,training,33,2,10,48,12,0,/tangrams/411_352.png,F7,"[""/tangrams/434_227.png"",""/tangrams/170_154.png"",""/tangrams/422_405.png"",""/tangrams/411_352.png""]","[""F4"",""F3"",""C3"",""F7""]",/tangrams/411_352.png,TRUE,/tangrams/411_352.png,01M0TT3ZTTV22XQGZD0K61T6A4,01M0TT4SZRTK7MV5T48R9G1GQH,1787607795416,NA,3
01M0TTKD973BER25Q8P2PKX3N2,01M0TSZGKM72FFW193EYG47F25,training,3,0,4,48,12,0,/tangrams/279_405.png,D3,"[""/tangrams/422_66.png"",""/tangrams/138_405.png"",""/tangrams/279_405.png"",""/tangrams/279_339.png""]","[""C4"",""A3"",""D3"",""D2""]",NA,NA,NA,NA,NA,NA,NA,1
01M0TTKDAA4G8EM2EZHG965CDH,01M0TSZGKM72FFW193EYG47F25,training,15,1,4,48,12,0,/tangrams/279_339.png,D2,"[""/tangrams/422_339.png"",""/tangrams/279_244.png"",""/tangrams/138_405.png"",""/tangrams/279_339.png""]","[""C2"",""D1"",""A3"",""D2""]",NA,NA,NA,NA,NA,NA,NA,2
01M0TTKN27XKJNZDAJ4Q5K47AD,01M0TSZEY173D8F3KEP071GR06,training,35,2,12,48,12,0,/tangrams/279_244.png,D1,"[""/tangrams/138_339.png"",""/tangrams/422_66.png"",""/tangrams/366_405.png"",""/tangrams/279_244.png""]","[""A2"",""C4"",""B3"",""D1""]",/tangrams/279_244.png,TRUE,/tangrams/279_244.png,01M0TT55D1DRDQ3JPT1CDTT5VN,01M0TTF3ADJ36CYQBD8356XFNQ,1787608204064,NA,3
01M0TTKN40E7PRPB5F352Q7PDJ,01M0TSZEY173D8F3KEP071GR06,training,46,3,11,48,12,0,/tangrams/279_405.png,D3,"[""/tangrams/422_244.png"",""/tangrams/279_405.png"",""/tangrams/138_339.png"",""/tangrams/366_66.png""]","[""C1"",""D3"",""A2"",""B4""]",/tangrams/279_405.png,TRUE,/tangrams/279_405.png,01M0TTF3ADJ36CYQBD8356XFNQ,01M0TT55D1DRDQ3JPT1CDTT5VN,1787608459900,NA,4
01M0TTMQYQX5YZ6ZYV2VKS15F8,01M0TSZV8ERABP36QP2627EVMT,training,44,3,9,48,12,1,/tangrams/348_24.png,B3,"[""/tangrams/202_441.png"",""/tangrams/20_314.png"",""/tangrams/348_24.png"",""/tangrams/66_464.png""]","[""C2"",""D1"",""B3"",""A4""]",/tangrams/348_24.png,TRUE,/tangrams/348_24.png,01M0TT4SREDP4QR1H8V4E3X5G9,01M0TT4JP6VSYSTADD58E33WM9,1787608471630,NA,4
01M0TVK9JZ1QX299MABKQFBHP4,01M0TTMWMG725DJ5GA5M4WD8SY,training,13,1,2,48,12,1,/tangrams/348_441.png,B2,"[""/tangrams/157_426.png"",""/tangrams/20_464.png"",""/tangrams/348_441.png"",""/tangrams/4_159.png""]","[""F7"",""D4"",""B2"",""F5""]",/tangrams/348_441.png,TRUE,/tangrams/348_441.png,01M0TV8YZXT0HY97VC3QNJABKN,01M0TVD4RDDZ2GPYA2W2TBJY2J,1787608379597,NA,2
01M0TTA5DA4TFF03VWQWQW7W59,01M0TSZV8KEDQHAT4X3FNKVS2B,training,10,0,11,48,12,0,/tangrams/411_352.png,F7,"[""/tangrams/411_352.png"",""/tangrams/366_339.png"",""/tangrams/434_227.png"",""/tangrams/456_48.png""]","[""F7"",""B2"",""F4"",""F5""]",/tangrams/411_352.png,TRUE,/tangrams/411_352.png,01M0TT4SZRTK7MV5T48R9G1GQH,01M0TT3ZTTV22XQGZD0K61T6A4,1787607115958,NA,1
01M0TTA5EW8PGMPV60X1JTE405,01M0TSZV8KEDQHAT4X3FNKVS2B,training,4,0,5,48,12,0,/tangrams/456_48.png,F5,"[""/tangrams/456_48.png"",""/tangrams/411_352.png"",""/tangrams/138_244.png"",""/tangrams/134_125.png""]","[""F5"",""F7"",""A1"",""F6""]",/tangrams/456_48.png,TRUE,/tangrams/456_48.png,01M0TT4SZRTK7MV5T48R9G1GQH,01M0TT3ZTTV22XQGZD0K61T6A4,1787606781431,NA,1
01M0TVK9QKH9RNX8NGNB9GYDZY,01M0TTMWMG725DJ5GA5M4WD8SY,training,27,2,4,48,12,1,/tangrams/202_24.png,C3,"[""/tangrams/40_345.png"",""/tangrams/374_400.png"",""/tangrams/202_24.png"",""/tangrams/429_403.png""]","[""F4"",""F8"",""C3"",""F2""]",/tangrams/202_24.png,TRUE,/tangrams/202_24.png,01M0TV8YZXT0HY97VC3QNJABKN,01M0TVD4RDDZ2GPYA2W2TBJY2J,1787608600247,NA,3
01M0TTNREK8ESCB1CJNJ1YVZ2S,01M0TSZGKJQW5S4GCP9150DNN9,training,39,3,4,48,12,1,/tangrams/157_426.png,F7,"[""/tangrams/348_441.png"",""/tangrams/452_257.png"",""/tangrams/157_426.png"",""/tangrams/98_302.png""]","[""B2"",""F1"",""F7"",""F6""]",NA,NA,NA,NA,NA,NA,NA,4
01M0TTNRJBY35V1V7SGKC29P7S,01M0TSZGKJQW5S4GCP9150DNN9,training,11,0,12,48,12,1,/tangrams/66_314.png,A1,"[""/tangrams/66_314.png"",""/tangrams/264_176.png"",""/tangrams/98_302.png"",""/tangrams/40_345.png""]","[""A1"",""F3"",""F6"",""F4""]",NA,NA,NA,NA,NA,NA,NA,1
01M0TTNRJKRYNPC050XJXAY9YC,01M0TSZGKJQW5S4GCP9150DNN9,training,9,0,10,48,12,1,/tangrams/374_400.png,F8,"[""/tangrams/374_400.png"",""/tangrams/157_426.png"",""/tangrams/66_314.png"",""/tangrams/20_464.png""]","[""F8"",""F7"",""A1"",""D4""]",NA,NA,NA,NA,NA,NA,NA,1
01M0TTYPZW4YDD5MQJ3M8RGB0S,01M0TTMWMDPGAHQRDA7BZJ8FEZ,training,44,3,9,48,12,1,/tangrams/202_441.png,C2,"[""/tangrams/20_441.png"",""/tangrams/348_24.png"",""/tangrams/202_441.png"",""/tangrams/202_464.png""]","[""D2"",""B3"",""C2"",""C4""]",NA,NA,NA,NA,NA,NA,NA,4
01M0TV7JN788T2FC87PHF2HDEM,01M0TTMWM9GSP2NP0T4CET96EB,training,13,1,2,48,12,1,/tangrams/20_314.png,D1,"[""/tangrams/202_464.png"",""/tangrams/66_441.png"",""/tangrams/348_24.png"",""/tangrams/20_314.png""]","[""C4"",""A2"",""B3"",""D1""]",/tangrams/20_314.png,TRUE,/tangrams/20_314.png,01M0TTRGJ55RK21NQM11GGHNRN,01M0TV363Y2QH3CGTPHSZR512P,1787608378558,NA,2
01M0TTA5D4CKV25RMJVT9H7M77,01M0TSZV8KEDQHAT4X3FNKVS2B,training,13,1,2,48,12,0,/tangrams/434_227.png,F4,"[""/tangrams/279_66.png"",""/tangrams/134_125.png"",""/tangrams/434_227.png"",""/tangrams/422_405.png""]","[""D4"",""F6"",""F4"",""C3""]",/tangrams/434_227.png,TRUE,/tangrams/434_227.png,01M0TT3ZTTV22XQGZD0K61T6A4,01M0TT4SZRTK7MV5T48R9G1GQH,1787607219011,NA,2
01M0TTEY3H2W5H3HD78RHDPKND,01M0TSZEY44B7XSP574QH2WQPJ,training,34,2,11,48,12,0,/tangrams/170_154.png,F3,"[""/tangrams/138_244.png"",""/tangrams/434_227.png"",""/tangrams/170_154.png"",""/tangrams/134_125.png""]","[""A1"",""F4"",""F3"",""F6""]",/tangrams/170_154.png,TRUE,/tangrams/170_154.png,01M0TT9XXJBBQAZ4WANFPESF7T,01M0TT49QHQY8JQV8C5T94HHYZ,1787608316457,NA,3
01M0TTKMXJAEA1Z033SWQFCAA7,01M0TSZEY173D8F3KEP071GR06,training,24,2,1,48,12,0,/tangrams/366_244.png,B1,"[""/tangrams/422_339.png"",""/tangrams/279_405.png"",""/tangrams/366_244.png"",""/tangrams/138_66.png""]","[""C2"",""D3"",""B1"",""A4""]",/tangrams/366_244.png,TRUE,/tangrams/366_244.png,01M0TTF3ADJ36CYQBD8356XFNQ,01M0TT55D1DRDQ3JPT1CDTT5VN,1787607922065,NA,3
01M0TTMQQVARMPC05WDKBGE8KW,01M0TSZV8ERABP36QP2627EVMT,training,1,0,2,48,12,1,/tangrams/20_24.png,D3,"[""/tangrams/66_464.png"",""/tangrams/20_24.png"",""/tangrams/202_441.png"",""/tangrams/348_314.png""]","[""A4"",""D3"",""C2"",""B1""]",/tangrams/20_24.png,TRUE,/tangrams/20_24.png,01M0TT4JP6VSYSTADD58E33WM9,01M0TT4SREDP4QR1H8V4E3X5G9,1787607261638,NA,1
01M0TTMQV40H8WT6AF3NHEX32Z,01M0TSZV8ERABP36QP2627EVMT,training,21,1,10,48,12,1,/tangrams/66_24.png,A3,"[""/tangrams/348_464.png"",""/tangrams/20_441.png"",""/tangrams/202_314.png"",""/tangrams/66_24.png""]","[""B4"",""D2"",""C1"",""A3""]",/tangrams/66_24.png,TRUE,/tangrams/66_24.png,01M0TT4JP6VSYSTADD58E33WM9,01M0TT4SREDP4QR1H8V4E3X5G9,1787607923573,NA,2
01M0TV7JM9ZTGCGRK87E8K8MB1,01M0TTMWM9GSP2NP0T4CET96EB,training,21,1,10,48,12,1,/tangrams/66_24.png,A3,"[""/tangrams/20_314.png"",""/tangrams/66_24.png"",""/tangrams/202_441.png"",""/tangrams/348_464.png""]","[""D1"",""A3"",""C2"",""B4""]",/tangrams/66_24.png,TRUE,/tangrams/66_24.png,01M0TTRGJ55RK21NQM11GGHNRN,01M0TV363Y2QH3CGTPHSZR512P,1787608561527,NA,2
01M0TTA5BYD24MYRGRNJQNK40N,01M0TSZV8KEDQHAT4X3FNKVS2B,training,28,2,5,48,12,0,/tangrams/37_144.png,F8,"[""/tangrams/134_125.png"",""/tangrams/37_144.png"",""/tangrams/411_352.png"",""/tangrams/366_339.png""]","[""F6"",""F8"",""F7"",""B2""]",/tangrams/37_144.png,TRUE,/tangrams/37_144.png,01M0TT4SZRTK7MV5T48R9G1GQH,01M0TT3ZTTV22XQGZD0K61T6A4,1787607681494,NA,3
01M0TTEY4QJ24Y5Z8RRWY2AY9N,01M0TSZEY44B7XSP574QH2WQPJ,training,23,1,12,48,12,0,/tangrams/138_244.png,A1,"[""/tangrams/290_64.png"",""/tangrams/434_227.png"",""/tangrams/366_339.png"",""/tangrams/138_244.png""]","[""F2"",""F4"",""B2"",""A1""]",/tangrams/138_244.png,TRUE,/tangrams/138_244.png,01M0TT49QHQY8JQV8C5T94HHYZ,01M0TT9XXJBBQAZ4WANFPESF7T,1787607907523,NA,2
01M0TTMQW57TG20BXEBXWCBQWB,01M0TSZV8ERABP36QP2627EVMT,training,27,2,4,48,12,1,/tangrams/20_24.png,D3,"[""/tangrams/20_24.png"",""/tangrams/202_314.png"",""/tangrams/348_464.png"",""/tangrams/66_441.png""]","[""D3"",""C1"",""B4"",""A2""]",/tangrams/20_24.png,TRUE,/tangrams/20_24.png,01M0TT4JP6VSYSTADD58E33WM9,01M0TT4SREDP4QR1H8V4E3X5G9,1787608099701,NA,3
01M0TTYQ5YZKED7BYZXVMWECXP,01M0TTMWMDPGAHQRDA7BZJ8FEZ,training,39,3,4,48,12,1,/tangrams/202_464.png,C4,"[""/tangrams/66_464.png"",""/tangrams/348_24.png"",""/tangrams/202_464.png"",""/tangrams/202_314.png""]","[""A4"",""B3"",""C4"",""C1""]",NA,NA,NA,NA,NA,NA,NA,4
01M0TTK16DVC0HFKAE7AM9Y15K,01M0TSZEY54T11A9AMGVA6T4ZB,training,40,3,5,48,12,0,/tangrams/138_339.png,A2,"[""/tangrams/138_339.png"",""/tangrams/279_339.png"",""/tangrams/422_244.png"",""/tangrams/138_66.png""]","[""A2"",""D2"",""C1"",""A4""]",/tangrams/138_339.png,TRUE,/tangrams/138_339.png,01M0TT7ZVRQQW92P55GPN9KMMS,01M0TT7FNH08P86PFHWCV3NRS8,1787609444195,NA,4
01M0TTKMV051QENXBRKHEFT6SY,01M0TSZEY173D8F3KEP071GR06,training,2,0,3,48,12,0,/tangrams/422_244.png,C1,"[""/tangrams/138_405.png"",""/tangrams/366_66.png"",""/tangrams/422_244.png"",""/tangrams/279_339.png""]","[""A3"",""B4"",""C1"",""D2""]",/tangrams/422_244.png,TRUE,/tangrams/422_244.png,01M0TTF3ADJ36CYQBD8356XFNQ,01M0TT55D1DRDQ3JPT1CDTT5VN,1787607362328,NA,1
01M0TTNREESGZPRAQ58EHMQTXM,01M0TSZGKJQW5S4GCP9150DNN9,training,42,3,7,48,12,1,/tangrams/20_464.png,D4,"[""/tangrams/202_24.png"",""/tangrams/374_400.png"",""/tangrams/348_441.png"",""/tangrams/20_464.png""]","[""C3"",""F8"",""B2"",""D4""]",NA,NA,NA,NA,NA,NA,NA,4
01M0TTYQ4YEHK3343DAPN9CV6B,01M0TTMWMDPGAHQRDA7BZJ8FEZ,training,42,3,7,48,12,1,/tangrams/66_24.png,A3,"[""/tangrams/66_464.png"",""/tangrams/66_24.png"",""/tangrams/202_441.png"",""/tangrams/348_24.png""]","[""A4"",""A3"",""C2"",""B3""]",NA,NA,NA,NA,NA,NA,NA,4
01M0TTK109J40M56MKS6JSAWY1,01M0TSZEY54T11A9AMGVA6T4ZB,training,0,0,1,48,12,0,/tangrams/422_66.png,C4,"[""/tangrams/422_339.png"",""/tangrams/366_66.png"",""/tangrams/279_244.png"",""/tangrams/422_66.png""]","[""C2"",""B4"",""D1"",""C4""]",/tangrams/422_66.png,TRUE,/tangrams/422_66.png,01M0TT7ZVRQQW92P55GPN9KMMS,01M0TT7FNH08P86PFHWCV3NRS8,1787607737248,NA,1
01M0TTKMWPNRG4TD2WNAWARTKN,01M0TSZEY173D8F3KEP071GR06,training,18,1,7,48,12,0,/tangrams/138_66.png,A4,"[""/tangrams/366_405.png"",""/tangrams/422_339.png"",""/tangrams/279_244.png"",""/tangrams/138_66.png""]","[""B3"",""C2"",""D1"",""A4""]",/tangrams/138_66.png,TRUE,/tangrams/138_66.png,01M0TTF3ADJ36CYQBD8356XFNQ,01M0TT55D1DRDQ3JPT1CDTT5VN,1787607752166,NA,2
01M0TTYQ8TTGMPN0B5KNG5JJS9,01M0TTMWMDPGAHQRDA7BZJ8FEZ,training,12,1,1,48,12,1,/tangrams/66_464.png,A4,"[""/tangrams/66_464.png"",""/tangrams/66_24.png"",""/tangrams/202_464.png"",""/tangrams/20_441.png""]","[""A4"",""A3"",""C4"",""D2""]",NA,FALSE,NA,01M0TTJT0T1FXWVGTP027BYENQ,01M0TTENRE0ZSC234N2S1BW8ZS,NA,NA,2
01M0TTA5D10PQY43N8EWEAJGBP,01M0TSZV8KEDQHAT4X3FNKVS2B,training,14,1,3,48,12,0,/tangrams/37_144.png,F8,"[""/tangrams/37_144.png"",""/tangrams/290_64.png"",""/tangrams/138_244.png"",""/tangrams/134_125.png""]","[""F8"",""F2"",""A1"",""F6""]",/tangrams/37_144.png,TRUE,/tangrams/37_144.png,01M0TT4SZRTK7MV5T48R9G1GQH,01M0TT3ZTTV22XQGZD0K61T6A4,1787607245950,NA,2
01M0TTEY4J1SQN9D2M7C92B3AB,01M0TSZEY44B7XSP574QH2WQPJ,training,44,3,9,48,12,0,/tangrams/37_144.png,F8,"[""/tangrams/37_144.png"",""/tangrams/279_66.png"",""/tangrams/290_64.png"",""/tangrams/411_352.png""]","[""F8"",""D4"",""F2"",""F7""]",/tangrams/37_144.png,TRUE,/tangrams/37_144.png,01M0TT9XXJBBQAZ4WANFPESF7T,01M0TT49QHQY8JQV8C5T94HHYZ,1787608598982,NA,4
01M0TVK9RXV0XQG5FZ9W1DQ4WT,01M0TTMWMG725DJ5GA5M4WD8SY,training,32,2,9,48,12,1,/tangrams/157_426.png,F7,"[""/tangrams/20_464.png"",""/tangrams/374_400.png"",""/tangrams/4_159.png"",""/tangrams/157_426.png""]","[""D4"",""F8"",""F5"",""F7""]",/tangrams/157_426.png,TRUE,/tangrams/157_426.png,01M0TVD4RDDZ2GPYA2W2TBJY2J,01M0TV8YZXT0HY97VC3QNJABKN,1787608665462,NA,3
01M0TTK197RJ0QTB45EKEDE998,01M0TSZEY54T11A9AMGVA6T4ZB,training,41,3,6,48,12,0,/tangrams/279_405.png,D3,"[""/tangrams/138_405.png"",""/tangrams/279_405.png"",""/tangrams/422_66.png"",""/tangrams/279_339.png""]","[""A3"",""D3"",""C4"",""D2""]",/tangrams/138_405.png,FALSE,/tangrams/138_405.png,01M0TT7FNH08P86PFHWCV3NRS8,01M0TT7ZVRQQW92P55GPN9KMMS,1787609480898,NA,4
01M0TTNRH7E86XY854TFWMSENG,01M0TSZGKJQW5S4GCP9150DNN9,training,34,2,11,48,12,1,/tangrams/348_441.png,B2,"[""/tangrams/452_257.png"",""/tangrams/20_464.png"",""/tangrams/429_403.png"",""/tangrams/348_441.png""]","[""F1"",""D4"",""F2"",""B2""]",NA,NA,NA,NA,NA,NA,NA,3
01M0TVK9FP30X5F2BS2MAYY5JE,01M0TTMWMG725DJ5GA5M4WD8SY,training,0,0,1,48,12,1,/tangrams/452_257.png,F1,"[""/tangrams/40_345.png"",""/tangrams/98_302.png"",""/tangrams/157_426.png"",""/tangrams/452_257.png""]","[""F4"",""F6"",""F7"",""F1""]",/tangrams/452_257.png,TRUE,/tangrams/452_257.png,01M0TVD4RDDZ2GPYA2W2TBJY2J,01M0TV8YZXT0HY97VC3QNJABKN,1787608074789,NA,1
01M0TTA57ZCTVJE3JTBFRNBPAC,01M0TSZV8KEDQHAT4X3FNKVS2B,training,43,3,8,48,12,0,/tangrams/434_227.png,F4,"[""/tangrams/434_227.png"",""/tangrams/138_244.png"",""/tangrams/456_48.png"",""/tangrams/170_154.png""]","[""F4"",""A1"",""F5"",""F3""]",/tangrams/434_227.png,TRUE,/tangrams/434_227.png,01M0TT3ZTTV22XQGZD0K61T6A4,01M0TT4SZRTK7MV5T48R9G1GQH,1787608050482,NA,4
01M0TTKDFPQV5233H2118NRXT2,01M0TSZGKM72FFW193EYG47F25,training,45,3,10,48,12,0,/tangrams/138_66.png,A4,"[""/tangrams/422_66.png"",""/tangrams/138_339.png"",""/tangrams/279_244.png"",""/tangrams/138_66.png""]","[""C4"",""A2"",""D1"",""A4""]",NA,NA,NA,NA,NA,NA,NA,4
01M0TV7K0A8RQ87T4VQTXGTEJD,01M0TTMWM9GSP2NP0T4CET96EB,training,26,2,3,48,12,1,/tangrams/20_441.png,D2,"[""/tangrams/348_24.png"",""/tangrams/202_314.png"",""/tangrams/66_464.png"",""/tangrams/20_441.png""]","[""B3"",""C1"",""A4"",""D2""]",/tangrams/20_441.png,TRUE,/tangrams/20_441.png,01M0TV363Y2QH3CGTPHSZR512P,01M0TTRGJ55RK21NQM11GGHNRN,1787608711943,NA,3
01M0TTA5BW78749BBR8QW86C1E,01M0TSZV8KEDQHAT4X3FNKVS2B,training,19,1,8,48,12,0,/tangrams/170_154.png,F3,"[""/tangrams/37_144.png"",""/tangrams/290_64.png"",""/tangrams/170_154.png"",""/tangrams/422_405.png""]","[""F8"",""F2"",""F3"",""C3""]",/tangrams/170_154.png,TRUE,/tangrams/170_154.png,01M0TT3ZTTV22XQGZD0K61T6A4,01M0TT4SZRTK7MV5T48R9G1GQH,1787607454272,NA,2
01M0TV7JWQRXENS6MRNBMVK5E6,01M0TTMWM9GSP2NP0T4CET96EB,training,38,3,3,48,12,1,/tangrams/66_441.png,A2,"[""/tangrams/66_441.png"",""/tangrams/348_24.png"",""/tangrams/202_464.png"",""/tangrams/20_314.png""]","[""A2"",""B3"",""C4"",""D1""]",/tangrams/66_441.png,TRUE,/tangrams/66_441.png,01M0TV363Y2QH3CGTPHSZR512P,01M0TTRGJ55RK21NQM11GGHNRN,1787608921774,NA,4
01M0TTMQTJ88XEK4SWQ86NECYY,01M0TSZV8ERABP36QP2627EVMT,training,17,1,6,48,12,1,/tangrams/348_314.png,B1,"[""/tangrams/20_24.png"",""/tangrams/348_314.png"",""/tangrams/202_464.png"",""/tangrams/66_441.png""]","[""D3"",""B1"",""C4"",""A2""]",/tangrams/202_464.png,FALSE,/tangrams/202_464.png,01M0TT4JP6VSYSTADD58E33WM9,01M0TT4SREDP4QR1H8V4E3X5G9,1787607845011,NA,2
01M0TVK9QXJQMWGDZW5ZRM9P71,01M0TTMWMG725DJ5GA5M4WD8SY,training,28,2,5,48,12,1,/tangrams/452_257.png,F1,"[""/tangrams/452_257.png"",""/tangrams/20_464.png"",""/tangrams/66_314.png"",""/tangrams/40_345.png""]","[""F1"",""D4"",""A1"",""F4""]",/tangrams/452_257.png,TRUE,/tangrams/452_257.png,01M0TVD4RDDZ2GPYA2W2TBJY2J,01M0TV8YZXT0HY97VC3QNJABKN,1787608613816,NA,3
01M0TT9KK18BF0PG7PPS0HWQJ6,01M0TSZGKE32G3R2H2EPQFBQNN,training,35,2,12,48,12,0,/tangrams/279_339.png,D2,"[""/tangrams/422_244.png"",""/tangrams/138_405.png"",""/tangrams/279_339.png"",""/tangrams/366_66.png""]","[""C1"",""A3"",""D2"",""B4""]",NA,NA,NA,NA,NA,NA,NA,3
01M0TVK9N08W67NXC1GMWKNZAA,01M0TTMWMG725DJ5GA5M4WD8SY,training,47,3,12,48,12,1,/tangrams/452_257.png,F1,"[""/tangrams/20_464.png"",""/tangrams/452_257.png"",""/tangrams/40_345.png"",""/tangrams/374_400.png""]","[""D4"",""F1"",""F4"",""F8""]",/tangrams/452_257.png,TRUE,/tangrams/452_257.png,01M0TV8YZXT0HY97VC3QNJABKN,01M0TVD4RDDZ2GPYA2W2TBJY2J,1787608861998,NA,4
01M0TTEY486YE4H016KHGE261T,01M0TSZEY44B7XSP574QH2WQPJ,training,25,2,2,48,12,0,/tangrams/434_227.png,F4,"[""/tangrams/170_154.png"",""/tangrams/119_182.png"",""/tangrams/434_227.png"",""/tangrams/279_66.png""]","[""F3"",""F1"",""F4"",""D4""]",/tangrams/434_227.png,TRUE,/tangrams/434_227.png,01M0TT49QHQY8JQV8C5T94HHYZ,01M0TT9XXJBBQAZ4WANFPESF7T,1787607976100,NA,3
01M0TTKMXGQXNQTSGF6TR630G5,01M0TSZEY173D8F3KEP071GR06,training,23,1,12,48,12,0,/tangrams/422_244.png,C1,"[""/tangrams/279_339.png"",""/tangrams/422_244.png"",""/tangrams/366_405.png"",""/tangrams/138_66.png""]","[""D2"",""C1"",""B3"",""A4""]",/tangrams/422_244.png,TRUE,/tangrams/422_244.png,01M0TT55D1DRDQ3JPT1CDTT5VN,01M0TTF3ADJ36CYQBD8356XFNQ,1787607901416,NA,2
01M0TTTPJ7CX6VQNFM2V7V3NS3,01M0TSZV8KEDQHAT4X33M1GG1C,training,39,3,4,48,12,1,/tangrams/20_314.png,D1,"[""/tangrams/20_24.png"",""/tangrams/202_441.png"",""/tangrams/20_314.png"",""/tangrams/348_314.png""]","[""D3"",""C2"",""D1"",""B1""]",/tangrams/20_314.png,TRUE,/tangrams/20_314.png,01M0TT467Q69C5HQ20GW6FRRF2,01M0TTBQPRE9XMJHBPDKM8GTC4,1787609462430,NA,4
01M0TTTPPN8HNEJE9PSW70CADJ,01M0TSZV8KEDQHAT4X33M1GG1C,training,7,0,8,48,12,1,/tangrams/66_24.png,A3,"[""/tangrams/348_314.png"",""/tangrams/66_441.png"",""/tangrams/20_24.png"",""/tangrams/66_24.png""]","[""B1"",""A2"",""D3"",""A3""]",/tangrams/66_24.png,TRUE,/tangrams/66_24.png,01M0TT467Q69C5HQ20GW6FRRF2,01M0TTBQPRE9XMJHBPDKM8GTC4,1787608085585,NA,1
01M0TTTPPVKGPJR7SCVG4AHTP9,01M0TSZV8KEDQHAT4X33M1GG1C,training,6,0,7,48,12,1,/tangrams/202_441.png,C2,"[""/tangrams/202_441.png"",""/tangrams/66_441.png"",""/tangrams/202_314.png"",""/tangrams/20_24.png""]","[""C2"",""A2"",""C1"",""D3""]",NA,FALSE,NA,01M0TTBQPRE9XMJHBPDKM8GTC4,01M0TT467Q69C5HQ20GW6FRRF2,NA,NA,1
01M0TT9KHQMY5S3WJFWXA4C9F9,01M0TSZGKE32G3R2H2EPQFBQNN,training,12,1,1,48,12,0,/tangrams/138_339.png,A2,"[""/tangrams/366_405.png"",""/tangrams/279_244.png"",""/tangrams/138_339.png"",""/tangrams/422_66.png""]","[""B3"",""D1"",""A2"",""C4""]",NA,NA,NA,NA,NA,NA,NA,2
01M0TTEY37SM4PVFYR7WQGF0EE,01M0TSZEY44B7XSP574QH2WQPJ,training,14,1,3,48,12,0,/tangrams/366_339.png,B2,"[""/tangrams/366_339.png"",""/tangrams/290_64.png"",""/tangrams/434_227.png"",""/tangrams/411_352.png""]","[""B2"",""F2"",""F4"",""F7""]",/tangrams/366_339.png,TRUE,/tangrams/366_339.png,01M0TT9XXJBBQAZ4WANFPESF7T,01M0TT49QHQY8JQV8C5T94HHYZ,1787607521642,NA,2
01M0TTTPK6Z594SHZVHCMFV86W,01M0TSZV8KEDQHAT4X33M1GG1C,training,35,2,12,48,12,1,/tangrams/66_464.png,A4,"[""/tangrams/348_464.png"",""/tangrams/66_441.png"",""/tangrams/20_24.png"",""/tangrams/66_464.png""]","[""B4"",""A2"",""D3"",""A4""]",/tangrams/66_464.png,TRUE,/tangrams/66_464.png,01M0TT467Q69C5HQ20GW6FRRF2,01M0TTBQPRE9XMJHBPDKM8GTC4,1787609311272,NA,3
01M0TTMQT5JRJRVW2VZ2RYY4VE,01M0TSZV8ERABP36QP2627EVMT,training,13,1,2,48,12,1,/tangrams/202_441.png,C2,"[""/tangrams/348_464.png"",""/tangrams/20_314.png"",""/tangrams/202_441.png"",""/tangrams/66_24.png""]","[""B4"",""D1"",""C2"",""A3""]",/tangrams/202_441.png,TRUE,/tangrams/202_441.png,01M0TT4JP6VSYSTADD58E33WM9,01M0TT4SREDP4QR1H8V4E3X5G9,1787607684467,NA,2
01M0TTTPSTXJGVQNV20B1QXN9G,01M0TSZV8KEDQHAT4X33M1GG1C,training,22,1,11,48,12,1,/tangrams/66_464.png,A4,"[""/tangrams/348_24.png"",""/tangrams/202_464.png"",""/tangrams/66_441.png"",""/tangrams/66_464.png""]","[""B3"",""C4"",""A2"",""A4""]",/tangrams/66_464.png,TRUE,/tangrams/66_464.png,01M0TTBQPRE9XMJHBPDKM8GTC4,01M0TT467Q69C5HQ20GW6FRRF2,1787608721170,NA,2
01M0TTMQRAPS9EVG7DRKW0A9J9,01M0TSZV8ERABP36QP2627EVMT,training,5,0,6,48,12,1,/tangrams/348_24.png,B3,"[""/tangrams/348_24.png"",""/tangrams/66_464.png"",""/tangrams/20_314.png"",""/tangrams/202_441.png""]","[""B3"",""A4"",""D1"",""C2""]",/tangrams/348_24.png,TRUE,/tangrams/348_24.png,01M0TT4JP6VSYSTADD58E33WM9,01M0TT4SREDP4QR1H8V4E3X5G9,1787607426559,NA,1
01M0TTMQSMKA0RRFMK38QGYSS7,01M0TSZV8ERABP36QP2627EVMT,training,10,0,11,48,12,1,/tangrams/20_441.png,D2,"[""/tangrams/202_314.png"",""/tangrams/66_24.png"",""/tangrams/20_441.png"",""/tangrams/348_464.png""]","[""C1"",""A3"",""D2"",""B4""]",/tangrams/20_441.png,TRUE,/tangrams/20_441.png,01M0TT4SREDP4QR1H8V4E3X5G9,01M0TT4JP6VSYSTADD58E33WM9,1787607569664,NA,1
01M0TTEY4HXTJAJSYR59SG705X,01M0TSZEY44B7XSP574QH2WQPJ,training,2,0,3,48,12,0,/tangrams/37_144.png,F8,"[""/tangrams/134_125.png"",""/tangrams/422_405.png"",""/tangrams/170_154.png"",""/tangrams/37_144.png""]","[""F6"",""C3"",""F3"",""F8""]",/tangrams/37_144.png,TRUE,/tangrams/37_144.png,01M0TT9XXJBBQAZ4WANFPESF7T,01M0TT49QHQY8JQV8C5T94HHYZ,1787606997436,NA,1
01M0TTKD95WSFHBSV1H76EAWNR,01M0TSZGKM72FFW193EYG47F25,training,2,0,3,48,12,0,/tangrams/138_405.png,A3,"[""/tangrams/279_244.png"",""/tangrams/138_66.png"",""/tangrams/138_405.png"",""/tangrams/366_405.png""]","[""D1"",""A4"",""A3"",""B3""]",NA,NA,NA,NA,NA,NA,NA,1
01M0TTKMTRGTB0YY2BEY7258GK,01M0TSZEY173D8F3KEP071GR06,training,10,0,11,48,12,0,/tangrams/366_405.png,B3,"[""/tangrams/366_405.png"",""/tangrams/138_66.png"",""/tangrams/279_244.png"",""/tangrams/422_339.png""]","[""B3"",""A4"",""D1"",""C2""]",/tangrams/366_405.png,TRUE,/tangrams/366_405.png,01M0TTF3ADJ36CYQBD8356XFNQ,01M0TT55D1DRDQ3JPT1CDTT5VN,1787607538779,NA,1
01M0TTMQSYVETY363BTRBKAFRF,01M0TSZV8ERABP36QP2627EVMT,training,12,1,1,48,12,1,/tangrams/202_464.png,C4,"[""/tangrams/20_314.png"",""/tangrams/348_24.png"",""/tangrams/202_464.png"",""/tangrams/66_441.png""]","[""D1"",""B3"",""C4"",""A2""]",/tangrams/202_464.png,TRUE,/tangrams/202_464.png,01M0TT4SREDP4QR1H8V4E3X5G9,01M0TT4JP6VSYSTADD58E33WM9,1787607663065,NA,2
01M0TTMQT8G6D857ENBCX0XKB1,01M0TSZV8ERABP36QP2627EVMT,training,14,1,3,48,12,1,/tangrams/348_464.png,B4,"[""/tangrams/66_24.png"",""/tangrams/20_441.png"",""/tangrams/202_314.png"",""/tangrams/348_464.png""]","[""A3"",""D2"",""C1"",""B4""]",/tangrams/348_464.png,TRUE,/tangrams/348_464.png,01M0TT4SREDP4QR1H8V4E3X5G9,01M0TT4JP6VSYSTADD58E33WM9,1787607707783,NA,2
01M0TTNRNGBXXGDEN8K3AM05B8,01M0TSZGKJQW5S4GCP9150DNN9,training,24,2,1,48,12,1,/tangrams/157_426.png,F7,"[""/tangrams/4_159.png"",""/tangrams/202_24.png"",""/tangrams/157_426.png"",""/tangrams/452_257.png""]","[""F5"",""C3"",""F7"",""F1""]",NA,NA,NA,NA,NA,NA,NA,3
01M0TT9KK753MK1FGKWZ7A1W6S,01M0TSZGKE32G3R2H2EPQFBQNN,training,24,2,1,48,12,0,/tangrams/422_339.png,C2,"[""/tangrams/366_405.png"",""/tangrams/422_339.png"",""/tangrams/279_244.png"",""/tangrams/138_66.png""]","[""B3"",""C2"",""D1"",""A4""]",NA,NA,NA,NA,NA,NA,NA,3
01M0TTA5CFWV31STWE94B0GVRR,01M0TSZV8KEDQHAT4X3FNKVS2B,training,17,1,6,48,12,0,/tangrams/119_182.png,F1,"[""/tangrams/422_405.png"",""/tangrams/119_182.png"",""/tangrams/290_64.png"",""/tangrams/434_227.png""]","[""C3"",""F1"",""F2"",""F4""]",/tangrams/119_182.png,TRUE,/tangrams/119_182.png,01M0TT3ZTTV22XQGZD0K61T6A4,01M0TT4SZRTK7MV5T48R9G1GQH,1787607369665,NA,2
01M0TV7JTQHFPTFZ7PAPRX646E,01M0TTMWM9GSP2NP0T4CET96EB,training,44,3,9,48,12,1,/tangrams/348_314.png,B1,"[""/tangrams/348_314.png"",""/tangrams/20_24.png"",""/tangrams/66_464.png"",""/tangrams/202_441.png""]","[""B1"",""D3"",""A4"",""C2""]",/tangrams/348_314.png,TRUE,/tangrams/348_314.png,01M0TV363Y2QH3CGTPHSZR512P,01M0TTRGJ55RK21NQM11GGHNRN,1787609015849,NA,4
01M0TV7JXYXBQS3YJVBYDMB1JH,01M0TTMWM9GSP2NP0T4CET96EB,training,34,2,11,48,12,1,/tangrams/20_314.png,D1,"[""/tangrams/202_441.png"",""/tangrams/66_24.png"",""/tangrams/20_314.png"",""/tangrams/348_464.png""]","[""C2"",""A3"",""D1"",""B4""]",/tangrams/20_314.png,TRUE,/tangrams/20_314.png,01M0TV363Y2QH3CGTPHSZR512P,01M0TTRGJ55RK21NQM11GGHNRN,1787608852674,NA,3
01M0TTTPK1SCDNKPDH281T7RSD,01M0TSZV8KEDQHAT4X33M1GG1C,training,16,1,5,48,12,1,/tangrams/66_24.png,A3,"[""/tangrams/20_24.png"",""/tangrams/348_314.png"",""/tangrams/66_24.png"",""/tangrams/66_464.png""]","[""D3"",""B1"",""A3"",""A4""]",/tangrams/66_24.png,TRUE,/tangrams/66_24.png,01M0TTBQPRE9XMJHBPDKM8GTC4,01M0TT467Q69C5HQ20GW6FRRF2,1787608474580,NA,2
01M0TTYQ6XNWKD43N7HJMTDGJG,01M0TTMWMDPGAHQRDA7BZJ8FEZ,training,14,1,3,48,12,1,/tangrams/202_314.png,C1,"[""/tangrams/202_441.png"",""/tangrams/348_24.png"",""/tangrams/20_314.png"",""/tangrams/202_314.png""]","[""C2"",""B3"",""D1"",""C1""]",/tangrams/348_24.png,FALSE,/tangrams/348_24.png,01M0TTJT0T1FXWVGTP027BYENQ,01M0TTENRE0ZSC234N2S1BW8ZS,1787608749761,NA,2
01M0TTMQVNHW8XB3306AFD2862,01M0TSZV8ERABP36QP2627EVMT,training,24,2,1,48,12,1,/tangrams/202_441.png,C2,"[""/tangrams/66_464.png"",""/tangrams/348_24.png"",""/tangrams/20_314.png"",""/tangrams/202_441.png""]","[""A4"",""B3"",""D1"",""C2""]",/tangrams/202_441.png,TRUE,/tangrams/202_441.png,01M0TT4SREDP4QR1H8V4E3X5G9,01M0TT4JP6VSYSTADD58E33WM9,1787608015144,NA,3
01M0TTEY631PY9Q3YK285DG6G1,01M0TSZEY44B7XSP574QH2WQPJ,training,40,3,5,48,12,0,/tangrams/119_182.png,F1,"[""/tangrams/134_125.png"",""/tangrams/422_405.png"",""/tangrams/119_182.png"",""/tangrams/138_244.png""]","[""F6"",""C3"",""F1"",""A1""]",/tangrams/119_182.png,TRUE,/tangrams/119_182.png,01M0TT9XXJBBQAZ4WANFPESF7T,01M0TT49QHQY8JQV8C5T94HHYZ,1787608460432,NA,4
01M0TTMQTDH8E5Y74FZE7TXST3,01M0TSZV8ERABP36QP2627EVMT,training,15,1,4,48,12,1,/tangrams/20_314.png,D1,"[""/tangrams/66_464.png"",""/tangrams/348_24.png"",""/tangrams/20_314.png"",""/tangrams/202_441.png""]","[""A4"",""B3"",""D1"",""C2""]",/tangrams/66_464.png,FALSE,/tangrams/66_464.png,01M0TT4JP6VSYSTADD58E33WM9,01M0TT4SREDP4QR1H8V4E3X5G9,1787607761279,NA,2
01M0TTK10R84A9NKPWJ8S3Y33W,01M0TSZEY54T11A9AMGVA6T4ZB,training,7,0,8,48,12,0,/tangrams/366_66.png,B4,"[""/tangrams/366_66.png"",""/tangrams/366_405.png"",""/tangrams/138_66.png"",""/tangrams/279_339.png""]","[""B4"",""B3"",""A4"",""D2""]",/tangrams/366_66.png,TRUE,/tangrams/366_66.png,01M0TT7FNH08P86PFHWCV3NRS8,01M0TT7ZVRQQW92P55GPN9KMMS,1787608091066,NA,1
01M0TTNRM0KD12VFWZ94Q3NAQF,01M0TSZGKJQW5S4GCP9150DNN9,training,32,2,9,48,12,1,/tangrams/202_24.png,C3,"[""/tangrams/202_24.png"",""/tangrams/374_400.png"",""/tangrams/429_403.png"",""/tangrams/98_302.png""]","[""C3"",""F8"",""F2"",""F6""]",NA,NA,NA,NA,NA,NA,NA,3
01M0TV7JZKTW5ZC5V1V142XFCA,01M0TTMWM9GSP2NP0T4CET96EB,training,28,2,5,48,12,1,/tangrams/348_24.png,B3,"[""/tangrams/202_441.png"",""/tangrams/66_464.png"",""/tangrams/20_314.png"",""/tangrams/348_24.png""]","[""C2"",""A4"",""D1"",""B3""]",/tangrams/348_24.png,TRUE,/tangrams/348_24.png,01M0TV363Y2QH3CGTPHSZR512P,01M0TTRGJ55RK21NQM11GGHNRN,1787608732435,NA,3
01M0TVK9GG6Q73MEPYSF0ZC5NT,01M0TTMWMG725DJ5GA5M4WD8SY,training,4,0,5,48,12,1,/tangrams/4_159.png,F5,"[""/tangrams/374_400.png"",""/tangrams/452_257.png"",""/tangrams/4_159.png"",""/tangrams/66_314.png""]","[""F8"",""F1"",""F5"",""A1""]",/tangrams/4_159.png,TRUE,/tangrams/4_159.png,01M0TVD4RDDZ2GPYA2W2TBJY2J,01M0TV8YZXT0HY97VC3QNJABKN,1787608180902,NA,1
01M0TT9KFY70RJJH8TPHD47TCA,01M0TSZGKE32G3R2H2EPQFBQNN,training,16,1,5,48,12,0,/tangrams/366_66.png,B4,"[""/tangrams/422_244.png"",""/tangrams/138_405.png"",""/tangrams/279_339.png"",""/tangrams/366_66.png""]","[""C1"",""A3"",""D2"",""B4""]",NA,NA,NA,NA,NA,NA,NA,2
01M0TT9KJM9XP9SYF7RXAK7WYJ,01M0TSZGKE32G3R2H2EPQFBQNN,training,40,3,5,48,12,0,/tangrams/279_244.png,D1,"[""/tangrams/366_66.png"",""/tangrams/279_244.png"",""/tangrams/138_405.png"",""/tangrams/422_339.png""]","[""B4"",""D1"",""A3"",""C2""]",NA,NA,NA,NA,NA,NA,NA,4
01M0TTKN2K7FCSN70E4PAFHCYC,01M0TSZEY173D8F3KEP071GR06,training,38,3,3,48,12,0,/tangrams/138_66.png,A4,"[""/tangrams/138_66.png"",""/tangrams/366_405.png"",""/tangrams/422_244.png"",""/tangrams/279_339.png""]","[""A4"",""B3"",""C1"",""D2""]",/tangrams/138_66.png,TRUE,/tangrams/138_66.png,01M0TTF3ADJ36CYQBD8356XFNQ,01M0TT55D1DRDQ3JPT1CDTT5VN,1787608255321,NA,4
01M0TTEY4N04YRQ830FXC3MK2E,01M0TSZEY44B7XSP574QH2WQPJ,training,24,2,1,48,12,0,/tangrams/422_405.png,C3,"[""/tangrams/290_64.png"",""/tangrams/37_144.png"",""/tangrams/422_405.png"",""/tangrams/366_339.png""]","[""F2"",""F8"",""C3"",""B2""]",/tangrams/422_405.png,TRUE,/tangrams/422_405.png,01M0TT9XXJBBQAZ4WANFPESF7T,01M0TT49QHQY8JQV8C5T94HHYZ,1787607938790,NA,3
01M0TTK14D39HVCNYPVKNER1YX,01M0TSZEY54T11A9AMGVA6T4ZB,training,21,1,10,48,12,0,/tangrams/279_244.png,D1,"[""/tangrams/279_244.png"",""/tangrams/279_339.png"",""/tangrams/422_244.png"",""/tangrams/138_66.png""]","[""D1"",""D2"",""C1"",""A4""]",/tangrams/279_244.png,TRUE,/tangrams/279_244.png,01M0TT7FNH08P86PFHWCV3NRS8,01M0TT7ZVRQQW92P55GPN9KMMS,1787608749386,NA,2
01M0TTA581ZCYX8KCJBG1MQX0S,01M0TSZV8KEDQHAT4X3FNKVS2B,training,42,3,7,48,12,0,/tangrams/411_352.png,F7,"[""/tangrams/411_352.png"",""/tangrams/119_182.png"",""/tangrams/37_144.png"",""/tangrams/366_339.png""]","[""F7"",""F1"",""F8"",""B2""]",/tangrams/411_352.png,TRUE,/tangrams/411_352.png,01M0TT4SZRTK7MV5T48R9G1GQH,01M0TT3ZTTV22XQGZD0K61T6A4,1787608027934,NA,4
01M0TTA5CDX4NSDVC9DFTS295R,01M0TSZV8KEDQHAT4X3FNKVS2B,training,16,1,5,48,12,0,/tangrams/290_64.png,F2,"[""/tangrams/119_182.png"",""/tangrams/290_64.png"",""/tangrams/366_339.png"",""/tangrams/411_352.png""]","[""F1"",""F2"",""B2"",""F7""]",/tangrams/290_64.png,TRUE,/tangrams/290_64.png,01M0TT4SZRTK7MV5T48R9G1GQH,01M0TT3ZTTV22XQGZD0K61T6A4,1787607334798,NA,2
01M0TTK11BVQCDYFBSDZNSKRPS,01M0TSZEY54T11A9AMGVA6T4ZB,training,17,1,6,48,12,0,/tangrams/422_66.png,C4,"[""/tangrams/422_244.png"",""/tangrams/366_66.png"",""/tangrams/422_66.png"",""/tangrams/279_405.png""]","[""C1"",""B4"",""C4"",""D3""]",/tangrams/366_66.png,FALSE,/tangrams/366_66.png,01M0TT7FNH08P86PFHWCV3NRS8,01M0TT7ZVRQQW92P55GPN9KMMS,1787608570022,NA,2
01M0TTKN29EX3G7KK3QV3N9QA6,01M0TSZEY173D8F3KEP071GR06,training,36,3,1,48,12,0,/tangrams/366_244.png,B1,"[""/tangrams/366_244.png"",""/tangrams/138_405.png"",""/tangrams/422_66.png"",""/tangrams/279_339.png""]","[""B1"",""A3"",""C4"",""D2""]",/tangrams/366_244.png,TRUE,/tangrams/366_244.png,01M0TTF3ADJ36CYQBD8356XFNQ,01M0TT55D1DRDQ3JPT1CDTT5VN,1787608219866,NA,4
01M0TTTPQX9WBG7KGWW53TDTJV,01M0TSZV8KEDQHAT4X33M1GG1C,training,24,2,1,48,12,1,/tangrams/20_314.png,D1,"[""/tangrams/66_441.png"",""/tangrams/202_314.png"",""/tangrams/20_24.png"",""/tangrams/20_314.png""]","[""A2"",""C1"",""D3"",""D1""]",/tangrams/66_441.png,FALSE,/tangrams/66_441.png,01M0TTBQPRE9XMJHBPDKM8GTC4,01M0TT467Q69C5HQ20GW6FRRF2,1787608800206,NA,3
01M0TT9KJ35Q4935R1ZKN7RKHA,01M0TSZGKE32G3R2H2EPQFBQNN,training,45,3,10,48,12,0,/tangrams/279_405.png,D3,"[""/tangrams/279_405.png"",""/tangrams/138_339.png"",""/tangrams/366_66.png"",""/tangrams/422_244.png""]","[""D3"",""A2"",""B4"",""C1""]",NA,NA,NA,NA,NA,NA,NA,4
01M0TT9KK99X4VBVW87YT5TRAE,01M0TSZGKE32G3R2H2EPQFBQNN,training,31,2,8,48,12,0,/tangrams/138_339.png,A2,"[""/tangrams/279_405.png"",""/tangrams/138_339.png"",""/tangrams/366_66.png"",""/tangrams/422_244.png""]","[""D3"",""A2"",""B4"",""C1""]",NA,NA,NA,NA,NA,NA,NA,3
01M0TTYQ5BP8HDRT8B34E2366Y,01M0TTMWMDPGAHQRDA7BZJ8FEZ,training,41,3,6,48,12,1,/tangrams/20_314.png,D1,"[""/tangrams/20_24.png"",""/tangrams/66_441.png"",""/tangrams/202_314.png"",""/tangrams/20_314.png""]","[""D3"",""A2"",""C1"",""D1""]",NA,NA,NA,NA,NA,NA,NA,4
01M0TV7JMESYCP2HMS3NN08X9V,01M0TTMWM9GSP2NP0T4CET96EB,training,20,1,9,48,12,1,/tangrams/66_441.png,A2,"[""/tangrams/66_441.png"",""/tangrams/20_314.png"",""/tangrams/202_464.png"",""/tangrams/348_24.png""]","[""A2"",""D1"",""C4"",""B3""]",/tangrams/66_441.png,TRUE,/tangrams/66_441.png,01M0TV363Y2QH3CGTPHSZR512P,01M0TTRGJ55RK21NQM11GGHNRN,1787608547327,NA,2
01M0TTKD91R2Q585TVMH4X45DJ,01M0TSZGKM72FFW193EYG47F25,training,47,3,12,48,12,0,/tangrams/138_339.png,A2,"[""/tangrams/138_339.png"",""/tangrams/138_405.png"",""/tangrams/366_66.png"",""/tangrams/422_339.png""]","[""A2"",""A3"",""B4"",""C2""]",NA,NA,NA,NA,NA,NA,NA,4
01M0TTMQXVANE21X4NVVPKWBMZ,01M0TSZV8ERABP36QP2627EVMT,training,32,2,9,48,12,1,/tangrams/20_441.png,D2,"[""/tangrams/202_464.png"",""/tangrams/66_24.png"",""/tangrams/348_314.png"",""/tangrams/20_441.png""]","[""C4"",""A3"",""B1"",""D2""]",/tangrams/20_441.png,TRUE,/tangrams/20_441.png,01M0TT4SREDP4QR1H8V4E3X5G9,01M0TT4JP6VSYSTADD58E33WM9,1787608232518,NA,3
01M0TTMQVFK2TWJW2E1D4CWJA4,01M0TSZV8ERABP36QP2627EVMT,training,23,1,12,48,12,1,/tangrams/202_314.png,C1,"[""/tangrams/348_464.png"",""/tangrams/202_314.png"",""/tangrams/66_24.png"",""/tangrams/20_441.png""]","[""B4"",""C1"",""A3"",""D2""]",/tangrams/202_314.png,TRUE,/tangrams/202_314.png,01M0TT4JP6VSYSTADD58E33WM9,01M0TT4SREDP4QR1H8V4E3X5G9,1787607996985,NA,2
01M0TV7K0SH0YWD0PCFWXCP4T8,01M0TTMWM9GSP2NP0T4CET96EB,training,24,2,1,48,12,1,/tangrams/66_24.png,A3,"[""/tangrams/348_314.png"",""/tangrams/66_24.png"",""/tangrams/20_441.png"",""/tangrams/202_464.png""]","[""B1"",""A3"",""D2"",""C4""]",/tangrams/66_24.png,TRUE,/tangrams/66_24.png,01M0TV363Y2QH3CGTPHSZR512P,01M0TTRGJ55RK21NQM11GGHNRN,1787608647788,NA,3
01M0TTK10PNVC42JJQDKQ51ZNS,01M0TSZEY54T11A9AMGVA6T4ZB,training,47,3,12,48,12,0,/tangrams/366_66.png,B4,"[""/tangrams/138_66.png"",""/tangrams/366_66.png"",""/tangrams/366_244.png"",""/tangrams/279_339.png""]","[""A4"",""B4"",""B1"",""D2""]",/tangrams/366_244.png,FALSE,/tangrams/366_244.png,01M0TT7FNH08P86PFHWCV3NRS8,01M0TT7ZVRQQW92P55GPN9KMMS,1787609676911,NA,4
01M0TTK10ZCMSPREAG8TVE7V4Q,01M0TSZEY54T11A9AMGVA6T4ZB,training,9,0,10,48,12,0,/tangrams/366_244.png,B1,"[""/tangrams/422_244.png"",""/tangrams/366_405.png"",""/tangrams/366_244.png"",""/tangrams/138_66.png""]","[""C1"",""B3"",""B1"",""A4""]",/tangrams/366_405.png,FALSE,/tangrams/366_405.png,01M0TT7FNH08P86PFHWCV3NRS8,01M0TT7ZVRQQW92P55GPN9KMMS,1787608205666,NA,1
01M0TTEY4SGFP888K4GT3E2DPS,01M0TSZEY44B7XSP574QH2WQPJ,training,20,1,9,48,12,0,/tangrams/411_352.png,F7,"[""/tangrams/411_352.png"",""/tangrams/170_154.png"",""/tangrams/37_144.png"",""/tangrams/456_48.png""]","[""F7"",""F3"",""F8"",""F5""]",/tangrams/411_352.png,TRUE,/tangrams/411_352.png,01M0TT9XXJBBQAZ4WANFPESF7T,01M0TT49QHQY8JQV8C5T94HHYZ,1787607829398,NA,2
01M0TTNREBJKF4K4R2BRYH0BSB,01M0TSZGKJQW5S4GCP9150DNN9,training,43,3,8,48,12,1,/tangrams/66_314.png,A1,"[""/tangrams/66_314.png"",""/tangrams/98_302.png"",""/tangrams/348_441.png"",""/tangrams/40_345.png""]","[""A1"",""F6"",""B2"",""F4""]",NA,NA,NA,NA,NA,NA,NA,4
01M0TV7JNR1T9J63G7H07N8PNB,01M0TTMWM9GSP2NP0T4CET96EB,training,10,0,11,48,12,1,/tangrams/66_441.png,A2,"[""/tangrams/20_24.png"",""/tangrams/348_464.png"",""/tangrams/66_441.png"",""/tangrams/202_314.png""]","[""D3"",""B4"",""A2"",""C1""]",/tangrams/66_441.png,TRUE,/tangrams/66_441.png,01M0TV363Y2QH3CGTPHSZR512P,01M0TTRGJ55RK21NQM11GGHNRN,1787608303143,NA,1
01M0TVK9KSN64GN8K4NSTBEPV0,01M0TTMWMG725DJ5GA5M4WD8SY,training,15,1,4,48,12,1,/tangrams/374_400.png,F8,"[""/tangrams/20_464.png"",""/tangrams/374_400.png"",""/tangrams/348_441.png"",""/tangrams/4_159.png""]","[""D4"",""F8"",""B2"",""F5""]",/tangrams/374_400.png,TRUE,/tangrams/374_400.png,01M0TV8YZXT0HY97VC3QNJABKN,01M0TVD4RDDZ2GPYA2W2TBJY2J,1787608410721,NA,2
01M0TVK9NB7PM3WXW55YWAV3D2,01M0TTMWMG725DJ5GA5M4WD8SY,training,19,1,8,48,12,1,/tangrams/202_24.png,C3,"[""/tangrams/374_400.png"",""/tangrams/40_345.png"",""/tangrams/202_24.png"",""/tangrams/20_464.png""]","[""F8"",""F4"",""C3"",""D4""]",/tangrams/202_24.png,TRUE,/tangrams/202_24.png,01M0TV8YZXT0HY97VC3QNJABKN,01M0TVD4RDDZ2GPYA2W2TBJY2J,1787608463979,NA,2
01M0TVK9Q7GX75E794JT5H3XSB,01M0TTMWMG725DJ5GA5M4WD8SY,training,23,1,12,48,12,1,/tangrams/157_426.png,F7,"[""/tangrams/157_426.png"",""/tangrams/66_314.png"",""/tangrams/374_400.png"",""/tangrams/40_345.png""]","[""F7"",""A1"",""F8"",""F4""]",/tangrams/157_426.png,TRUE,/tangrams/157_426.png,01M0TV8YZXT0HY97VC3QNJABKN,01M0TVD4RDDZ2GPYA2W2TBJY2J,1787608537362,NA,2
01M0TTEY2RD7JP52P8H0GFRMZ9,01M0TSZEY44B7XSP574QH2WQPJ,training,5,0,6,48,12,0,/tangrams/290_64.png,F2,"[""/tangrams/411_352.png"",""/tangrams/290_64.png"",""/tangrams/434_227.png"",""/tangrams/170_154.png""]","[""F7"",""F2"",""F4"",""F3""]",/tangrams/290_64.png,TRUE,/tangrams/290_64.png,01M0TT49QHQY8JQV8C5T94HHYZ,01M0TT9XXJBBQAZ4WANFPESF7T,1787607157964,NA,1
01M0TTNRE2X8FMPFKM0R8X9986,01M0TSZGKJQW5S4GCP9150DNN9,training,45,3,10,48,12,1,/tangrams/348_441.png,B2,"[""/tangrams/98_302.png"",""/tangrams/157_426.png"",""/tangrams/66_314.png"",""/tangrams/348_441.png""]","[""F6"",""F7"",""A1"",""B2""]",NA,NA,NA,NA,NA,NA,NA,4
01M0TT9KFW9ZF119QQYP6EY6JJ,01M0TSZGKE32G3R2H2EPQFBQNN,training,10,0,11,48,12,0,/tangrams/422_244.png,C1,"[""/tangrams/279_339.png"",""/tangrams/138_66.png"",""/tangrams/422_244.png"",""/tangrams/366_405.png""]","[""D2"",""A4"",""C1"",""B3""]",NA,NA,NA,NA,NA,NA,NA,1
01M0TT9KKWJ8Z1KGEH8MTEHWTT,01M0TSZGKE32G3R2H2EPQFBQNN,training,29,2,6,48,12,0,/tangrams/138_405.png,A3,"[""/tangrams/422_244.png"",""/tangrams/279_339.png"",""/tangrams/366_66.png"",""/tangrams/138_405.png""]","[""C1"",""D2"",""B4"",""A3""]",NA,NA,NA,NA,NA,NA,NA,3
01M0TTKDE76XV6AW7004KMN31B,01M0TSZGKM72FFW193EYG47F25,training,26,2,3,48,12,0,/tangrams/422_339.png,C2,"[""/tangrams/138_405.png"",""/tangrams/422_339.png"",""/tangrams/422_66.png"",""/tangrams/279_339.png""]","[""A3"",""C2"",""C4"",""D2""]",NA,NA,NA,NA,NA,NA,NA,3
01M0TV7JP096BB2X1PV5ASKK97,01M0TTMWM9GSP2NP0T4CET96EB,training,9,0,10,48,12,1,/tangrams/66_24.png,A3,"[""/tangrams/202_314.png"",""/tangrams/20_441.png"",""/tangrams/348_464.png"",""/tangrams/66_24.png""]","[""C1"",""D2"",""B4"",""A3""]",/tangrams/66_24.png,TRUE,/tangrams/66_24.png,01M0TTRGJ55RK21NQM11GGHNRN,01M0TV363Y2QH3CGTPHSZR512P,1787608251044,NA,1
01M0TV7JX18ANZFVC4574ERN49,01M0TTMWM9GSP2NP0T4CET96EB,training,37,3,2,48,12,1,/tangrams/66_464.png,A4,"[""/tangrams/66_464.png"",""/tangrams/348_24.png"",""/tangrams/202_314.png"",""/tangrams/20_441.png""]","[""A4"",""B3"",""C1"",""D2""]",/tangrams/66_464.png,TRUE,/tangrams/66_464.png,01M0TTRGJ55RK21NQM11GGHNRN,01M0TV363Y2QH3CGTPHSZR512P,1787608895278,NA,4
01M0TTEY4SGFP888K4FS0WW8C6,01M0TSZEY44B7XSP574QH2WQPJ,training,21,1,10,48,12,0,/tangrams/170_154.png,F3,"[""/tangrams/366_339.png"",""/tangrams/290_64.png"",""/tangrams/170_154.png"",""/tangrams/134_125.png""]","[""B2"",""F2"",""F3"",""F6""]",/tangrams/170_154.png,TRUE,/tangrams/170_154.png,01M0TT49QHQY8JQV8C5T94HHYZ,01M0TT9XXJBBQAZ4WANFPESF7T,1787607854204,NA,2
01M0TTKD9SKBCFS210A2F45H73,01M0TSZGKM72FFW193EYG47F25,training,9,0,10,48,12,0,/tangrams/366_405.png,B3,"[""/tangrams/138_66.png"",""/tangrams/366_405.png"",""/tangrams/366_244.png"",""/tangrams/279_405.png""]","[""A4"",""B3"",""B1"",""D3""]",NA,NA,NA,NA,NA,NA,NA,1
01M0TTMQS87BVS9AY0K570MGBQ,01M0TSZV8ERABP36QP2627EVMT,training,8,0,9,48,12,1,/tangrams/202_314.png,C1,"[""/tangrams/202_314.png"",""/tangrams/20_441.png"",""/tangrams/348_24.png"",""/tangrams/66_464.png""]","[""C1"",""D2"",""B3"",""A4""]",/tangrams/202_314.png,TRUE,/tangrams/202_314.png,01M0TT4SREDP4QR1H8V4E3X5G9,01M0TT4JP6VSYSTADD58E33WM9,1787607535067,NA,1
01M0TV7JS7955894M0GKRCQAS6,01M0TTMWM9GSP2NP0T4CET96EB,training,45,3,10,48,12,1,/tangrams/20_441.png,D2,"[""/tangrams/202_464.png"",""/tangrams/20_441.png"",""/tangrams/348_314.png"",""/tangrams/66_24.png""]","[""C4"",""D2"",""B1"",""A3""]",/tangrams/20_441.png,TRUE,/tangrams/20_441.png,01M0TTRGJ55RK21NQM11GGHNRN,01M0TV363Y2QH3CGTPHSZR512P,1787609037062,NA,4
01M0TVK9R4417DC55B8Z6RWFZ2,01M0TTMWMG725DJ5GA5M4WD8SY,training,29,2,6,48,12,1,/tangrams/66_314.png,A1,"[""/tangrams/264_176.png"",""/tangrams/348_441.png"",""/tangrams/202_24.png"",""/tangrams/66_314.png""]","[""F3"",""B2"",""C3"",""A1""]",/tangrams/66_314.png,TRUE,/tangrams/66_314.png,01M0TV8YZXT0HY97VC3QNJABKN,01M0TVD4RDDZ2GPYA2W2TBJY2J,1787608629030,NA,3
01M0TTKD9FPRJQFR3R35DR9J1S,01M0TSZGKM72FFW193EYG47F25,training,6,0,7,48,12,0,/tangrams/422_339.png,C2,"[""/tangrams/422_66.png"",""/tangrams/138_339.png"",""/tangrams/279_405.png"",""/tangrams/422_339.png""]","[""C4"",""A2"",""D3"",""C2""]",NA,NA,NA,NA,NA,NA,NA,1
01M0TTKMY9T220HDP75161FGA1,01M0TSZEY173D8F3KEP071GR06,training,26,2,3,48,12,0,/tangrams/422_244.png,C1,"[""/tangrams/279_405.png"",""/tangrams/422_244.png"",""/tangrams/138_339.png"",""/tangrams/366_66.png""]","[""D3"",""C1"",""A2"",""B4""]",/tangrams/422_244.png,TRUE,/tangrams/422_244.png,01M0TTF3ADJ36CYQBD8356XFNQ,01M0TT55D1DRDQ3JPT1CDTT5VN,1787607957257,NA,3
01M0TTK14776DAT11J2G1JGZS5,01M0TSZEY54T11A9AMGVA6T4ZB,training,35,2,12,48,12,0,/tangrams/279_244.png,D1,"[""/tangrams/279_339.png"",""/tangrams/422_244.png"",""/tangrams/279_244.png"",""/tangrams/366_405.png""]","[""D2"",""C1"",""D1"",""B3""]",/tangrams/279_339.png,FALSE,/tangrams/279_339.png,01M0TT7FNH08P86PFHWCV3NRS8,01M0TT7ZVRQQW92P55GPN9KMMS,1787609295804,NA,3
01M0TTKD9M2VH6H4X4M25ET4C8,01M0TSZGKM72FFW193EYG47F25,training,8,0,9,48,12,0,/tangrams/366_66.png,B4,"[""/tangrams/366_244.png"",""/tangrams/138_66.png"",""/tangrams/279_339.png"",""/tangrams/366_66.png""]","[""B1"",""A4"",""D2"",""B4""]",NA,NA,NA,NA,NA,NA,NA,1
01M0TTNRF24ZMYGCQYYTSTJYQV,01M0TSZGKJQW5S4GCP9150DNN9,training,38,3,3,48,12,1,/tangrams/452_257.png,F1,"[""/tangrams/429_403.png"",""/tangrams/452_257.png"",""/tangrams/264_176.png"",""/tangrams/4_159.png""]","[""F2"",""F1"",""F3"",""F5""]",NA,NA,NA,NA,NA,NA,NA,4
01M0TTYQ69J6F2C8DNTKMK8BBV,01M0TTMWMDPGAHQRDA7BZJ8FEZ,training,15,1,4,48,12,1,/tangrams/348_314.png,B1,"[""/tangrams/202_314.png"",""/tangrams/66_464.png"",""/tangrams/348_24.png"",""/tangrams/348_314.png""]","[""C1"",""A4"",""B3"",""B1""]",NA,FALSE,NA,01M0TTENRE0ZSC234N2S1BW8ZS,01M0TTJT0T1FXWVGTP027BYENQ,NA,NA,2
01M0TVK9SW1KQJ7XQQFXR2RX8R,01M0TTMWMG725DJ5GA5M4WD8SY,training,36,3,1,48,12,1,/tangrams/202_24.png,C3,"[""/tangrams/264_176.png"",""/tangrams/202_24.png"",""/tangrams/40_345.png"",""/tangrams/157_426.png""]","[""F3"",""C3"",""F4"",""F7""]",/tangrams/202_24.png,TRUE,/tangrams/202_24.png,01M0TVD4RDDZ2GPYA2W2TBJY2J,01M0TV8YZXT0HY97VC3QNJABKN,1787608714546,NA,4
01M0TT9KJ2DV00W2S7P9H13T00,01M0TSZGKE32G3R2H2EPQFBQNN,training,46,3,11,48,12,0,/tangrams/366_244.png,B1,"[""/tangrams/279_339.png"",""/tangrams/138_405.png"",""/tangrams/422_66.png"",""/tangrams/366_244.png""]","[""D2"",""A3"",""C4"",""B1""]",NA,NA,NA,NA,NA,NA,NA,4
01M0TTEY4CT19ZWNV08N3SWGA9,01M0TSZEY44B7XSP574QH2WQPJ,training,6,0,7,48,12,0,/tangrams/134_125.png,F6,"[""/tangrams/422_405.png"",""/tangrams/170_154.png"",""/tangrams/134_125.png"",""/tangrams/366_339.png""]","[""C3"",""F3"",""F6"",""B2""]",/tangrams/134_125.png,TRUE,/tangrams/134_125.png,01M0TT9XXJBBQAZ4WANFPESF7T,01M0TT49QHQY8JQV8C5T94HHYZ,1787607202258,NA,1
01M0TTMQVV21CWGBNDDBAEXJ7S,01M0TSZV8ERABP36QP2627EVMT,training,25,2,2,48,12,1,/tangrams/348_24.png,B3,"[""/tangrams/348_24.png"",""/tangrams/20_441.png"",""/tangrams/66_464.png"",""/tangrams/202_314.png""]","[""B3"",""D2"",""A4"",""C1""]",/tangrams/348_24.png,TRUE,/tangrams/348_24.png,01M0TT4JP6VSYSTADD58E33WM9,01M0TT4SREDP4QR1H8V4E3X5G9,1787608034407,NA,3
01M0TTTPSFNNGV7Y68MSG624QV,01M0TSZV8KEDQHAT4X33M1GG1C,training,28,2,5,48,12,1,/tangrams/66_24.png,A3,"[""/tangrams/20_24.png"",""/tangrams/202_314.png"",""/tangrams/66_464.png"",""/tangrams/66_24.png""]","[""D3"",""C1"",""A4"",""A3""]",/tangrams/66_24.png,TRUE,/tangrams/66_24.png,01M0TTBQPRE9XMJHBPDKM8GTC4,01M0TT467Q69C5HQ20GW6FRRF2,1787608997666,NA,3
01M0TTK12JE0B99VPDKXGZ19NQ,01M0TSZEY54T11A9AMGVA6T4ZB,training,46,3,11,48,12,0,/tangrams/279_339.png,D2,"[""/tangrams/422_66.png"",""/tangrams/138_339.png"",""/tangrams/279_405.png"",""/tangrams/279_339.png""]","[""C4"",""A2"",""D3"",""D2""]",/tangrams/138_339.png,FALSE,/tangrams/138_339.png,01M0TT7ZVRQQW92P55GPN9KMMS,01M0TT7FNH08P86PFHWCV3NRS8,1787609647370,NA,4
01M0TTKDEXNTPZP6X71Q8E5EFP,01M0TSZGKM72FFW193EYG47F25,training,35,2,12,48,12,0,/tangrams/279_339.png,D2,"[""/tangrams/422_339.png"",""/tangrams/279_244.png"",""/tangrams/279_339.png"",""/tangrams/138_66.png""]","[""C2"",""D1"",""D2"",""A4""]",NA,NA,NA,NA,NA,NA,NA,3
01M0TTA596Z6AT5M344ZG8HHA8,01M0TSZV8KEDQHAT4X3FNKVS2B,training,30,2,7,48,12,0,/tangrams/366_339.png,B2,"[""/tangrams/134_125.png"",""/tangrams/290_64.png"",""/tangrams/366_339.png"",""/tangrams/138_244.png""]","[""F6"",""F2"",""B2"",""A1""]",/tangrams/366_339.png,TRUE,/tangrams/366_339.png,01M0TT4SZRTK7MV5T48R9G1GQH,01M0TT3ZTTV22XQGZD0K61T6A4,1787607722375,NA,3
01M0TTKMWKT0N697PT0WAWYHB9,01M0TSZEY173D8F3KEP071GR06,training,17,1,6,48,12,0,/tangrams/366_244.png,B1,"[""/tangrams/279_405.png"",""/tangrams/138_339.png"",""/tangrams/422_66.png"",""/tangrams/366_244.png""]","[""D3"",""A2"",""C4"",""B1""]",/tangrams/366_244.png,TRUE,/tangrams/366_244.png,01M0TT55D1DRDQ3JPT1CDTT5VN,01M0TTF3ADJ36CYQBD8356XFNQ,1787607734366,NA,2
01M0TTKN3QG65GC1YCDH8SFN5K,01M0TSZEY173D8F3KEP071GR06,training,43,3,8,48,12,0,/tangrams/422_339.png,C2,"[""/tangrams/366_405.png"",""/tangrams/279_244.png"",""/tangrams/422_339.png"",""/tangrams/138_66.png""]","[""B3"",""D1"",""C2"",""A4""]",/tangrams/422_339.png,TRUE,/tangrams/422_339.png,01M0TT55D1DRDQ3JPT1CDTT5VN,01M0TTF3ADJ36CYQBD8356XFNQ,1787608400007,NA,4
01M0TTNRFW98WPR6BHH30KKS9Y,01M0TSZGKJQW5S4GCP9150DNN9,training,35,2,12,48,12,1,/tangrams/4_159.png,F5,"[""/tangrams/4_159.png"",""/tangrams/20_464.png"",""/tangrams/348_441.png"",""/tangrams/202_24.png""]","[""F5"",""D4"",""B2"",""C3""]",NA,NA,NA,NA,NA,NA,NA,3
01M0TV7JY9S26C1KK358SFDASN,01M0TTMWM9GSP2NP0T4CET96EB,training,33,2,10,48,12,1,/tangrams/66_441.png,A2,"[""/tangrams/348_314.png"",""/tangrams/66_441.png"",""/tangrams/20_24.png"",""/tangrams/202_464.png""]","[""B1"",""A2"",""D3"",""C4""]",/tangrams/66_441.png,TRUE,/tangrams/66_441.png,01M0TTRGJ55RK21NQM11GGHNRN,01M0TV363Y2QH3CGTPHSZR512P,1787608817285,NA,3
01M0TT9KJ7S4YTHKK3C1YVDVVA,01M0TSZGKE32G3R2H2EPQFBQNN,training,43,3,8,48,12,0,/tangrams/422_66.png,C4,"[""/tangrams/279_405.png"",""/tangrams/138_339.png"",""/tangrams/366_244.png"",""/tangrams/422_66.png""]","[""D3"",""A2"",""B1"",""C4""]",NA,NA,NA,NA,NA,NA,NA,4
01M0TTA584R4H41N0028JTJYXK,01M0TSZV8KEDQHAT4X3FNKVS2B,training,40,3,5,48,12,0,/tangrams/422_405.png,C3,"[""/tangrams/119_182.png"",""/tangrams/422_405.png"",""/tangrams/411_352.png"",""/tangrams/170_154.png""]","[""F1"",""C3"",""F7"",""F3""]",/tangrams/422_405.png,TRUE,/tangrams/422_405.png,01M0TT4SZRTK7MV5T48R9G1GQH,01M0TT3ZTTV22XQGZD0K61T6A4,1787607964734,NA,4
01M0TV7JVS83NAZDS7NGE9W3E5,01M0TTMWM9GSP2NP0T4CET96EB,training,41,3,6,48,12,1,/tangrams/348_24.png,B3,"[""/tangrams/66_464.png"",""/tangrams/202_441.png"",""/tangrams/20_314.png"",""/tangrams/348_24.png""]","[""A4"",""C2"",""D1"",""B3""]",/tangrams/348_24.png,TRUE,/tangrams/348_24.png,01M0TTRGJ55RK21NQM11GGHNRN,01M0TV363Y2QH3CGTPHSZR512P,1787608957046,NA,4
01M0TVK9J8E8FNRC8P0F4ESQTK,01M0TTMWMG725DJ5GA5M4WD8SY,training,10,0,11,48,12,1,/tangrams/429_403.png,F2,"[""/tangrams/429_403.png"",""/tangrams/374_400.png"",""/tangrams/452_257.png"",""/tangrams/202_24.png""]","[""F2"",""F8"",""F1"",""C3""]",/tangrams/429_403.png,TRUE,/tangrams/429_403.png,01M0TVD4RDDZ2GPYA2W2TBJY2J,01M0TV8YZXT0HY97VC3QNJABKN,1787608322839,NA,1
01M0TVK9NX5M7V2RJ4HR4BQ3E0,01M0TTMWMG725DJ5GA5M4WD8SY,training,22,1,11,48,12,1,/tangrams/40_345.png,F4,"[""/tangrams/429_403.png"",""/tangrams/348_441.png"",""/tangrams/40_345.png"",""/tangrams/157_426.png""]","[""F2"",""B2"",""F4"",""F7""]",/tangrams/40_345.png,TRUE,/tangrams/40_345.png,01M0TVD4RDDZ2GPYA2W2TBJY2J,01M0TV8YZXT0HY97VC3QNJABKN,1787608519808,NA,2
01M0TTKMX07DEQJ8TNQY7VCN5K,01M0TSZEY173D8F3KEP071GR06,training,21,1,10,48,12,0,/tangrams/279_405.png,D3,"[""/tangrams/422_339.png"",""/tangrams/138_66.png"",""/tangrams/279_405.png"",""/tangrams/366_244.png""]","[""C2"",""A4"",""D3"",""B1""]",/tangrams/279_405.png,TRUE,/tangrams/279_405.png,01M0TT55D1DRDQ3JPT1CDTT5VN,01M0TTF3ADJ36CYQBD8356XFNQ,1787607816347,NA,2
01M0TTTPKC0TFQARWHZAQ9EPA2,01M0TSZV8KEDQHAT4X33M1GG1C,training,15,1,4,48,12,1,/tangrams/20_314.png,D1,"[""/tangrams/20_441.png"",""/tangrams/348_314.png"",""/tangrams/20_314.png"",""/tangrams/202_464.png""]","[""D2"",""B1"",""D1"",""C4""]",/tangrams/20_314.png,TRUE,/tangrams/20_314.png,01M0TT467Q69C5HQ20GW6FRRF2,01M0TTBQPRE9XMJHBPDKM8GTC4,1787608435804,NA,2
01M0TT9KHHEK8XDKFXFKDESVGH,01M0TSZGKE32G3R2H2EPQFBQNN,training,6,0,7,48,12,0,/tangrams/279_339.png,D2,"[""/tangrams/366_405.png"",""/tangrams/279_339.png"",""/tangrams/138_66.png"",""/tangrams/422_244.png""]","[""B3"",""D2"",""A4"",""C1""]",NA,NA,NA,NA,NA,NA,NA,1
01M0TT9KFH3Q5DMBAY8TCTXFP1,01M0TSZGKE32G3R2H2EPQFBQNN,training,19,1,8,48,12,0,/tangrams/422_339.png,C2,"[""/tangrams/279_405.png"",""/tangrams/138_66.png"",""/tangrams/422_339.png"",""/tangrams/366_244.png""]","[""D3"",""A4"",""C2"",""B1""]",NA,NA,NA,NA,NA,NA,NA,2
01M0TV7JNMW9Y5HBJ623AST949,01M0TTMWM9GSP2NP0T4CET96EB,training,11,0,12,48,12,1,/tangrams/20_314.png,D1,"[""/tangrams/20_314.png"",""/tangrams/348_24.png"",""/tangrams/66_464.png"",""/tangrams/202_441.png""]","[""D1"",""B3"",""A4"",""C2""]",/tangrams/20_314.png,TRUE,/tangrams/20_314.png,01M0TTRGJ55RK21NQM11GGHNRN,01M0TV363Y2QH3CGTPHSZR512P,1787608324881,NA,1
01M0TTMQQ9450TH39A4Z6XJ0BZ,01M0TSZV8ERABP36QP2627EVMT,training,36,3,1,48,12,1,/tangrams/66_464.png,A4,"[""/tangrams/20_314.png"",""/tangrams/202_441.png"",""/tangrams/348_24.png"",""/tangrams/66_464.png""]","[""D1"",""C2"",""B3"",""A4""]",/tangrams/66_464.png,TRUE,/tangrams/66_464.png,01M0TT4SREDP4QR1H8V4E3X5G9,01M0TT4JP6VSYSTADD58E33WM9,1787608326664,NA,4
01M0TTNRJ73MZ427CDH29X9WGA,01M0TSZGKJQW5S4GCP9150DNN9,training,12,1,1,48,12,1,/tangrams/20_464.png,D4,"[""/tangrams/348_441.png"",""/tangrams/452_257.png"",""/tangrams/157_426.png"",""/tangrams/20_464.png""]","[""B2"",""F1"",""F7"",""D4""]",NA,NA,NA,NA,NA,NA,NA,2
01M0TTTPQA1036T75NNCNFQRR6,01M0TSZV8KEDQHAT4X33M1GG1C,training,4,0,5,48,12,1,/tangrams/348_314.png,B1,"[""/tangrams/348_314.png"",""/tangrams/348_464.png"",""/tangrams/20_441.png"",""/tangrams/202_314.png""]","[""B1"",""B4"",""D2"",""C1""]",NA,FALSE,NA,01M0TTBQPRE9XMJHBPDKM8GTC4,01M0TT467Q69C5HQ20GW6FRRF2,NA,1787607877946,1
01M0TVK9HAY2EHTGHETJSGXSR9,01M0TTMWMG725DJ5GA5M4WD8SY,training,7,0,8,48,12,1,/tangrams/66_314.png,A1,"[""/tangrams/348_441.png"",""/tangrams/20_464.png"",""/tangrams/66_314.png"",""/tangrams/374_400.png""]","[""B2"",""D4"",""A1"",""F8""]",/tangrams/66_314.png,TRUE,/tangrams/66_314.png,01M0TV8YZXT0HY97VC3QNJABKN,01M0TVD4RDDZ2GPYA2W2TBJY2J,1787608247652,NA,1
01M0TTA5EFAY4PJEQJ0EDNCNAR,01M0TSZV8KEDQHAT4X3FNKVS2B,training,7,0,8,48,12,0,/tangrams/366_339.png,B2,"[""/tangrams/422_405.png"",""/tangrams/290_64.png"",""/tangrams/366_339.png"",""/tangrams/138_244.png""]","[""C3"",""F2"",""B2"",""A1""]",/tangrams/366_339.png,TRUE,/tangrams/366_339.png,01M0TT3ZTTV22XQGZD0K61T6A4,01M0TT4SZRTK7MV5T48R9G1GQH,1787607007030,NA,1
01M0TTKMSS9W4T8PKSH5YQQME7,01M0TSZEY173D8F3KEP071GR06,training,5,0,6,48,12,0,/tangrams/422_66.png,C4,"[""/tangrams/279_405.png"",""/tangrams/422_66.png"",""/tangrams/366_244.png"",""/tangrams/138_339.png""]","[""D3"",""C4"",""B1"",""A2""]",/tangrams/422_66.png,TRUE,/tangrams/422_66.png,01M0TT55D1DRDQ3JPT1CDTT5VN,01M0TTF3ADJ36CYQBD8356XFNQ,1787607433620,NA,1
01M0TTYQ6KG80S5XGE9SN2QX2R,01M0TTMWMDPGAHQRDA7BZJ8FEZ,training,38,3,3,48,12,1,/tangrams/66_464.png,A4,"[""/tangrams/66_464.png"",""/tangrams/66_441.png"",""/tangrams/202_314.png"",""/tangrams/348_464.png""]","[""A4"",""A2"",""C1"",""B4""]",NA,NA,NA,NA,NA,NA,NA,4
01M0TTMQTM7PBSZAZGKGAVP4SP,01M0TSZV8ERABP36QP2627EVMT,training,18,1,7,48,12,1,/tangrams/66_441.png,A2,"[""/tangrams/20_24.png"",""/tangrams/66_441.png"",""/tangrams/202_464.png"",""/tangrams/348_314.png""]","[""D3"",""A2"",""C4"",""B1""]",/tangrams/66_441.png,TRUE,/tangrams/66_441.png,01M0TT4SREDP4QR1H8V4E3X5G9,01M0TT4JP6VSYSTADD58E33WM9,1787607864837,NA,2
01M0TTYQ0K466PHSHX8Z280YB3,01M0TTMWMDPGAHQRDA7BZJ8FEZ,training,9,0,10,48,12,1,/tangrams/348_314.png,B1,"[""/tangrams/348_464.png"",""/tangrams/348_314.png"",""/tangrams/20_24.png"",""/tangrams/202_314.png""]","[""B4"",""B1"",""D3"",""C1""]",NA,FALSE,NA,01M0TTENRE0ZSC234N2S1BW8ZS,01M0TTJT0T1FXWVGTP027BYENQ,NA,NA,1
01M0TTKDFEPZV867JD61DV0GN6,01M0TSZGKM72FFW193EYG47F25,training,40,3,5,48,12,0,/tangrams/279_405.png,D3,"[""/tangrams/279_339.png"",""/tangrams/138_66.png"",""/tangrams/279_405.png"",""/tangrams/366_405.png""]","[""D2"",""A4"",""D3"",""B3""]",NA,NA,NA,NA,NA,NA,NA,4
01M0TTKMSXWZHJGTQYDDZWN2WD,01M0TSZEY173D8F3KEP071GR06,training,6,0,7,48,12,0,/tangrams/279_244.png,D1,"[""/tangrams/366_405.png"",""/tangrams/422_339.png"",""/tangrams/279_244.png"",""/tangrams/138_66.png""]","[""B3"",""C2"",""D1"",""A4""]",/tangrams/279_244.png,TRUE,/tangrams/279_244.png,01M0TTF3ADJ36CYQBD8356XFNQ,01M0TT55D1DRDQ3JPT1CDTT5VN,1787607449462,NA,1
01M0TV7K151C3A9EBSKKE9GGFA,01M0TTMWM9GSP2NP0T4CET96EB,training,18,1,7,48,12,1,/tangrams/348_24.png,B3,"[""/tangrams/66_464.png"",""/tangrams/20_441.png"",""/tangrams/202_314.png"",""/tangrams/348_24.png""]","[""A4"",""D2"",""C1"",""B3""]",/tangrams/348_24.png,TRUE,/tangrams/348_24.png,01M0TV363Y2QH3CGTPHSZR512P,01M0TTRGJ55RK21NQM11GGHNRN,1787608506230,NA,2
01M0TT9KG5CQTXFNBQC55S9KSB,01M0TSZGKE32G3R2H2EPQFBQNN,training,39,3,4,48,12,0,/tangrams/366_405.png,B3,"[""/tangrams/138_339.png"",""/tangrams/279_244.png"",""/tangrams/422_66.png"",""/tangrams/366_405.png""]","[""A2"",""D1"",""C4"",""B3""]",NA,NA,NA,NA,NA,NA,NA,4
01M0TT9KHM4EEPZS4T0X9RNFZB,01M0TSZGKE32G3R2H2EPQFBQNN,training,5,0,6,48,12,0,/tangrams/366_66.png,B4,"[""/tangrams/279_244.png"",""/tangrams/422_339.png"",""/tangrams/366_66.png"",""/tangrams/138_405.png""]","[""D1"",""C2"",""B4"",""A3""]",NA,NA,NA,NA,NA,NA,NA,1
01M0TTKDEV6HNXH6SRWXYF66XD,01M0TSZGKM72FFW193EYG47F25,training,34,2,11,48,12,0,/tangrams/422_66.png,C4,"[""/tangrams/422_66.png"",""/tangrams/422_339.png"",""/tangrams/366_405.png"",""/tangrams/138_66.png""]","[""C4"",""C2"",""B3"",""A4""]",NA,NA,NA,NA,NA,NA,NA,3
01M0TTKDFKGMN5AB1B3C807P6S,01M0TSZGKM72FFW193EYG47F25,training,43,3,8,48,12,0,/tangrams/422_244.png,C1,"[""/tangrams/422_244.png"",""/tangrams/279_405.png"",""/tangrams/366_244.png"",""/tangrams/422_66.png""]","[""C1"",""D3"",""B1"",""C4""]",NA,NA,NA,NA,NA,NA,NA,4
01M0TTTPG157HQF7RG88P997FK,01M0TSZV8KEDQHAT4X33M1GG1C,training,20,1,9,48,12,1,/tangrams/202_441.png,C2,"[""/tangrams/20_314.png"",""/tangrams/202_441.png"",""/tangrams/66_441.png"",""/tangrams/202_464.png""]","[""D1"",""C2"",""A2"",""C4""]",/tangrams/202_464.png,FALSE,/tangrams/202_464.png,01M0TTBQPRE9XMJHBPDKM8GTC4,01M0TT467Q69C5HQ20GW6FRRF2,1787608635763,NA,2
01M0TTYQ80DW10MHDK6W4BSDCS,01M0TTMWMDPGAHQRDA7BZJ8FEZ,training,13,1,2,48,12,1,/tangrams/66_24.png,A3,"[""/tangrams/20_24.png"",""/tangrams/202_441.png"",""/tangrams/66_24.png"",""/tangrams/66_464.png""]","[""D3"",""C2"",""A3"",""A4""]",NA,FALSE,NA,01M0TTENRE0ZSC234N2S1BW8ZS,01M0TTJT0T1FXWVGTP027BYENQ,NA,NA,2
01M0TTYQHC08RSX8ACZJK66TDD,01M0TTMWMDPGAHQRDA7BZJ8FEZ,training,22,1,11,48,12,1,/tangrams/20_24.png,D3,"[""/tangrams/20_314.png"",""/tangrams/202_464.png"",""/tangrams/20_24.png"",""/tangrams/66_24.png""]","[""D1"",""C4"",""D3"",""A3""]",NA,NA,NA,NA,NA,NA,NA,2
01M0TV7JPSDGH57Z5EVVBZNGD5,01M0TTMWM9GSP2NP0T4CET96EB,training,6,0,7,48,12,1,/tangrams/202_314.png,C1,"[""/tangrams/20_441.png"",""/tangrams/348_24.png"",""/tangrams/202_314.png"",""/tangrams/66_464.png""]","[""D2"",""B3"",""C1"",""A4""]",/tangrams/202_314.png,TRUE,/tangrams/202_314.png,01M0TV363Y2QH3CGTPHSZR512P,01M0TTRGJ55RK21NQM11GGHNRN,1787608160932,NA,1
01M0TTA5AETT2RY51EE3T995G1,01M0TSZV8KEDQHAT4X3FNKVS2B,training,29,2,6,48,12,0,/tangrams/434_227.png,F4,"[""/tangrams/138_244.png"",""/tangrams/434_227.png"",""/tangrams/119_182.png"",""/tangrams/411_352.png""]","[""A1"",""F4"",""F1"",""F7""]",/tangrams/434_227.png,TRUE,/tangrams/434_227.png,01M0TT3ZTTV22XQGZD0K61T6A4,01M0TT4SZRTK7MV5T48R9G1GQH,1787607696187,NA,3
01M0TTA5ERQ1ZPDRRR67HJSMXN,01M0TSZV8KEDQHAT4X3FNKVS2B,training,6,0,7,48,12,0,/tangrams/290_64.png,F2,"[""/tangrams/290_64.png"",""/tangrams/37_144.png"",""/tangrams/119_182.png"",""/tangrams/456_48.png""]","[""F2"",""F8"",""F1"",""F5""]",/tangrams/290_64.png,TRUE,/tangrams/290_64.png,01M0TT4SZRTK7MV5T48R9G1GQH,01M0TT3ZTTV22XQGZD0K61T6A4,1787606955085,NA,1
01M0TV7JYGHG6C39P11FHD4FHP,01M0TTMWM9GSP2NP0T4CET96EB,training,32,2,9,48,12,1,/tangrams/202_314.png,C1,"[""/tangrams/202_314.png"",""/tangrams/20_24.png"",""/tangrams/348_464.png"",""/tangrams/66_441.png""]","[""C1"",""D3"",""B4"",""A2""]",/tangrams/202_314.png,TRUE,/tangrams/202_314.png,01M0TV363Y2QH3CGTPHSZR512P,01M0TTRGJ55RK21NQM11GGHNRN,1787608806305,NA,3
01M0TTKDEMZ7047V07AP8BV1GK,01M0TSZGKM72FFW193EYG47F25,training,30,2,7,48,12,0,/tangrams/366_66.png,B4,"[""/tangrams/366_66.png"",""/tangrams/422_244.png"",""/tangrams/138_66.png"",""/tangrams/366_405.png""]","[""B4"",""C1"",""A4"",""B3""]",NA,NA,NA,NA,NA,NA,NA,3
01M0TTMQWWY5QZPJ584F5E43GE,01M0TSZV8ERABP36QP2627EVMT,training,29,2,6,48,12,1,/tangrams/20_314.png,D1,"[""/tangrams/20_314.png"",""/tangrams/348_24.png"",""/tangrams/66_441.png"",""/tangrams/202_464.png""]","[""D1"",""B3"",""A2"",""C4""]",/tangrams/20_314.png,TRUE,/tangrams/20_314.png,01M0TT4JP6VSYSTADD58E33WM9,01M0TT4SREDP4QR1H8V4E3X5G9,1787608164307,NA,3
01M0TTK10F0KSBZFT3DKWD15C9,01M0TSZEY54T11A9AMGVA6T4ZB,training,2,0,3,48,12,0,/tangrams/422_339.png,C2,"[""/tangrams/279_339.png"",""/tangrams/422_339.png"",""/tangrams/366_66.png"",""/tangrams/422_244.png""]","[""D2"",""C2"",""B4"",""C1""]",/tangrams/422_339.png,TRUE,/tangrams/422_339.png,01M0TT7ZVRQQW92P55GPN9KMMS,01M0TT7FNH08P86PFHWCV3NRS8,1787607845608,NA,1
01M0TTYQ9VEG79XZNPSM8DJAM6,01M0TTMWMDPGAHQRDA7BZJ8FEZ,training,35,2,12,48,12,1,/tangrams/66_24.png,A3,"[""/tangrams/202_314.png"",""/tangrams/20_24.png"",""/tangrams/66_441.png"",""/tangrams/66_24.png""]","[""C1"",""D3"",""A2"",""A3""]",NA,NA,NA,NA,NA,NA,NA,3
01M0TTYQJ8B2JG0VMYVATET5R3,01M0TTMWMDPGAHQRDA7BZJ8FEZ,training,19,1,8,48,12,1,/tangrams/20_441.png,D2,"[""/tangrams/20_441.png"",""/tangrams/348_24.png"",""/tangrams/202_441.png"",""/tangrams/20_314.png""]","[""D2"",""B3"",""C2"",""D1""]",NA,FALSE,NA,01M0TTENRE0ZSC234N2S1BW8ZS,01M0TTJT0T1FXWVGTP027BYENQ,NA,NA,2
01M0TTA59HTX22FH7A55J2R0N7,01M0TSZV8KEDQHAT4X3FNKVS2B,training,45,3,10,48,12,0,/tangrams/290_64.png,F2,"[""/tangrams/290_64.png"",""/tangrams/434_227.png"",""/tangrams/134_125.png"",""/tangrams/456_48.png""]","[""F2"",""F4"",""F6"",""F5""]",/tangrams/290_64.png,TRUE,/tangrams/290_64.png,01M0TT3ZTTV22XQGZD0K61T6A4,01M0TT4SZRTK7MV5T48R9G1GQH,1787608106104,NA,4
01M0TTEY72PB1AHJV3H1NR7VE3,01M0TSZEY44B7XSP574QH2WQPJ,training,37,3,2,48,12,0,/tangrams/366_339.png,B2,"[""/tangrams/138_244.png"",""/tangrams/366_339.png"",""/tangrams/422_405.png"",""/tangrams/411_352.png""]","[""A1"",""B2"",""C3"",""F7""]",/tangrams/366_339.png,TRUE,/tangrams/366_339.png,01M0TT49QHQY8JQV8C5T94HHYZ,01M0TT9XXJBBQAZ4WANFPESF7T,1787608377644,NA,4
01M0TTEY3RJ5XRAT62S5PPRC9P,01M0TSZEY44B7XSP574QH2WQPJ,training,3,0,4,48,12,0,/tangrams/366_339.png,B2,"[""/tangrams/366_339.png"",""/tangrams/279_66.png"",""/tangrams/138_244.png"",""/tangrams/119_182.png""]","[""B2"",""D4"",""A1"",""F1""]",/tangrams/366_339.png,TRUE,/tangrams/366_339.png,01M0TT49QHQY8JQV8C5T94HHYZ,01M0TT9XXJBBQAZ4WANFPESF7T,1787607052628,NA,1
01M0TTEY416KN6Y71XZSXGAFJF,01M0TSZEY44B7XSP574QH2WQPJ,training,28,2,5,48,12,0,/tangrams/138_244.png,A1,"[""/tangrams/170_154.png"",""/tangrams/134_125.png"",""/tangrams/138_244.png"",""/tangrams/411_352.png""]","[""F3"",""F6"",""A1"",""F7""]",/tangrams/134_125.png,FALSE,/tangrams/134_125.png,01M0TT9XXJBBQAZ4WANFPESF7T,01M0TT49QHQY8JQV8C5T94HHYZ,1787608086664,NA,3
01M0TTKDCZBJ3JC6CTDMGBPHVM,01M0TSZGKM72FFW193EYG47F25,training,20,1,9,48,12,0,/tangrams/366_244.png,B1,"[""/tangrams/138_339.png"",""/tangrams/366_66.png"",""/tangrams/366_244.png"",""/tangrams/422_244.png""]","[""A2"",""B4"",""B1"",""C1""]",NA,NA,NA,NA,NA,NA,NA,2
01M0TTKN2Q4ZWA8KJFJ1N0FRGN,01M0TSZEY173D8F3KEP071GR06,training,40,3,5,48,12,0,/tangrams/422_66.png,C4,"[""/tangrams/422_66.png"",""/tangrams/366_244.png"",""/tangrams/138_405.png"",""/tangrams/279_339.png""]","[""C4"",""B1"",""A3"",""D2""]",/tangrams/422_66.png,TRUE,/tangrams/422_66.png,01M0TTF3ADJ36CYQBD8356XFNQ,01M0TT55D1DRDQ3JPT1CDTT5VN,1787608321431,NA,4
01M0TTNRNA0NN0WF3D3N3FCM6F,01M0TSZGKJQW5S4GCP9150DNN9,training,26,2,3,48,12,1,/tangrams/452_257.png,F1,"[""/tangrams/429_403.png"",""/tangrams/452_257.png"",""/tangrams/374_400.png"",""/tangrams/98_302.png""]","[""F2"",""F1"",""F8"",""F6""]",NA,NA,NA,NA,NA,NA,NA,3
01M0TTYQDV1P5NSN9KNG6ERN65,01M0TTMWMDPGAHQRDA7BZJ8FEZ,training,27,2,4,48,12,1,/tangrams/348_24.png,B3,"[""/tangrams/348_314.png"",""/tangrams/202_441.png"",""/tangrams/348_24.png"",""/tangrams/20_24.png""]","[""B1"",""C2"",""B3"",""D3""]",NA,NA,NA,NA,NA,NA,NA,3
01M0TT9KHXR2305Y2GD60JW49Z,01M0TSZGKE32G3R2H2EPQFBQNN,training,3,0,4,48,12,0,/tangrams/422_66.png,C4,"[""/tangrams/366_244.png"",""/tangrams/279_405.png"",""/tangrams/138_339.png"",""/tangrams/422_66.png""]","[""B1"",""D3"",""A2"",""C4""]",NA,NA,NA,NA,NA,NA,NA,1
01M0TTEY3271BQ0M7JANRXQGCN,01M0TSZEY44B7XSP574QH2WQPJ,training,4,0,5,48,12,0,/tangrams/456_48.png,F5,"[""/tangrams/138_244.png"",""/tangrams/37_144.png"",""/tangrams/456_48.png"",""/tangrams/119_182.png""]","[""A1"",""F8"",""F5"",""F1""]",/tangrams/456_48.png,TRUE,/tangrams/456_48.png,01M0TT9XXJBBQAZ4WANFPESF7T,01M0TT49QHQY8JQV8C5T94HHYZ,1787607106748,NA,1
01M0TVK9FW1YJ2K9B0GWPAVQW8,01M0TTMWMG725DJ5GA5M4WD8SY,training,2,0,3,48,12,1,/tangrams/374_400.png,F8,"[""/tangrams/40_345.png"",""/tangrams/264_176.png"",""/tangrams/452_257.png"",""/tangrams/374_400.png""]","[""F4"",""F3"",""F1"",""F8""]",/tangrams/374_400.png,TRUE,/tangrams/374_400.png,01M0TVD4RDDZ2GPYA2W2TBJY2J,01M0TV8YZXT0HY97VC3QNJABKN,1787608141616,NA,1
01M0TV7JTAA9P10W0QSQ2Q5Z36,01M0TTMWM9GSP2NP0T4CET96EB,training,1,0,2,48,12,1,/tangrams/348_464.png,B4,"[""/tangrams/20_314.png"",""/tangrams/66_24.png"",""/tangrams/348_464.png"",""/tangrams/202_441.png""]","[""D1"",""A3"",""B4"",""C2""]",/tangrams/348_464.png,TRUE,/tangrams/348_464.png,01M0TTRGJ55RK21NQM11GGHNRN,01M0TV363Y2QH3CGTPHSZR512P,1787607960064,NA,1
01M0TTA57A3P5GSCP7H7KDT4DA,01M0TSZV8KEDQHAT4X3FNKVS2B,training,0,0,1,48,12,0,/tangrams/119_182.png,F1,"[""/tangrams/119_182.png"",""/tangrams/411_352.png"",""/tangrams/138_244.png"",""/tangrams/170_154.png""]","[""F1"",""F7"",""A1"",""F3""]",/tangrams/119_182.png,TRUE,/tangrams/119_182.png,01M0TT4SZRTK7MV5T48R9G1GQH,01M0TT3ZTTV22XQGZD0K61T6A4,1787606607519,NA,1
01M0TTK10K7BJJNZGSYM0XZVS0,01M0TSZEY54T11A9AMGVA6T4ZB,training,4,0,5,48,12,0,/tangrams/138_66.png,A4,"[""/tangrams/422_66.png"",""/tangrams/138_339.png"",""/tangrams/138_66.png"",""/tangrams/366_405.png""]","[""C4"",""A2"",""A4"",""B3""]",/tangrams/138_66.png,TRUE,/tangrams/138_66.png,01M0TT7ZVRQQW92P55GPN9KMMS,01M0TT7FNH08P86PFHWCV3NRS8,1787607935165,NA,1
01M0TTKDA09V3KF2XEEQZ8MQTD,01M0TSZGKM72FFW193EYG47F25,training,13,1,2,48,12,0,/tangrams/138_66.png,A4,"[""/tangrams/138_339.png"",""/tangrams/138_66.png"",""/tangrams/422_66.png"",""/tangrams/279_405.png""]","[""A2"",""A4"",""C4"",""D3""]",NA,NA,NA,NA,NA,NA,NA,2
01M0TTKN3AHDW9W5G6MBAF6SFV,01M0TSZEY173D8F3KEP071GR06,training,41,3,6,48,12,0,/tangrams/138_339.png,A2,"[""/tangrams/366_66.png"",""/tangrams/422_244.png"",""/tangrams/138_339.png"",""/tangrams/279_405.png""]","[""B4"",""C1"",""A2"",""D3""]",/tangrams/138_339.png,TRUE,/tangrams/138_339.png,01M0TT55D1DRDQ3JPT1CDTT5VN,01M0TTF3ADJ36CYQBD8356XFNQ,1787608338594,NA,4
01M0TTNRHKQSTWQ86QYW0S42BW,01M0TSZGKJQW5S4GCP9150DNN9,training,13,1,2,48,12,1,/tangrams/429_403.png,F2,"[""/tangrams/20_464.png"",""/tangrams/429_403.png"",""/tangrams/66_314.png"",""/tangrams/374_400.png""]","[""D4"",""F2"",""A1"",""F8""]",NA,NA,NA,NA,NA,NA,NA,2
01M0TTNRNDZVZ3ZKE7HKHSDX17,01M0TSZGKJQW5S4GCP9150DNN9,training,25,2,2,48,12,1,/tangrams/20_464.png,D4,"[""/tangrams/374_400.png"",""/tangrams/40_345.png"",""/tangrams/20_464.png"",""/tangrams/157_426.png""]","[""F8"",""F4"",""D4"",""F7""]",NA,NA,NA,NA,NA,NA,NA,3
01M0TV7JNCAGW4ZYJPPW0997HV,01M0TTMWM9GSP2NP0T4CET96EB,training,12,1,1,48,12,1,/tangrams/348_314.png,B1,"[""/tangrams/20_24.png"",""/tangrams/202_441.png"",""/tangrams/348_314.png"",""/tangrams/66_464.png""]","[""D3"",""C2"",""B1"",""A4""]",/tangrams/348_314.png,TRUE,/tangrams/348_314.png,01M0TV363Y2QH3CGTPHSZR512P,01M0TTRGJ55RK21NQM11GGHNRN,1787608366034,NA,2
01M0TVK9P93ZCYQWQ2NES3HD6F,01M0TTMWMG725DJ5GA5M4WD8SY,training,24,2,1,48,12,1,/tangrams/348_441.png,B2,"[""/tangrams/264_176.png"",""/tangrams/348_441.png"",""/tangrams/429_403.png"",""/tangrams/202_24.png""]","[""F3"",""B2"",""F2"",""C3""]",/tangrams/348_441.png,TRUE,/tangrams/348_441.png,01M0TVD4RDDZ2GPYA2W2TBJY2J,01M0TV8YZXT0HY97VC3QNJABKN,1787608561621,NA,3
01M0TT9KHYM73GNE0Q4PABW3ZH,01M0TSZGKE32G3R2H2EPQFBQNN,training,20,1,9,48,12,0,/tangrams/366_244.png,B1,"[""/tangrams/138_405.png"",""/tangrams/366_244.png"",""/tangrams/279_339.png"",""/tangrams/422_66.png""]","[""A3"",""B1"",""D2"",""C4""]",NA,NA,NA,NA,NA,NA,NA,2
01M0TTA59FNXNKX3YNP5SEFYMY,01M0TSZV8KEDQHAT4X3FNKVS2B,training,24,2,1,48,12,0,/tangrams/170_154.png,F3,"[""/tangrams/279_66.png"",""/tangrams/290_64.png"",""/tangrams/119_182.png"",""/tangrams/170_154.png""]","[""D4"",""F2"",""F1"",""F3""]",/tangrams/170_154.png,TRUE,/tangrams/170_154.png,01M0TT4SZRTK7MV5T48R9G1GQH,01M0TT3ZTTV22XQGZD0K61T6A4,1787607601750,NA,3
01M0TTK15G6637TDRDVJT4BVV7,01M0TSZEY54T11A9AMGVA6T4ZB,training,22,1,11,48,12,0,/tangrams/422_339.png,C2,"[""/tangrams/366_405.png"",""/tangrams/422_339.png"",""/tangrams/279_339.png"",""/tangrams/422_244.png""]","[""B3"",""C2"",""D2"",""C1""]",/tangrams/422_339.png,TRUE,/tangrams/422_339.png,01M0TT7ZVRQQW92P55GPN9KMMS,01M0TT7FNH08P86PFHWCV3NRS8,1787608770273,NA,2
01M0TTK16NK5EHDG2XXBD4HS2X,01M0TSZEY54T11A9AMGVA6T4ZB,training,25,2,2,48,12,0,/tangrams/422_339.png,C2,"[""/tangrams/279_339.png"",""/tangrams/422_66.png"",""/tangrams/138_405.png"",""/tangrams/422_339.png""]","[""D2"",""C4"",""A3"",""C2""]",/tangrams/138_405.png,FALSE,/tangrams/138_405.png,01M0TT7FNH08P86PFHWCV3NRS8,01M0TT7ZVRQQW92P55GPN9KMMS,1787608919089,NA,3
01M0TTKDE0KRB6Q09VGAKFXDXS,01M0TSZGKM72FFW193EYG47F25,training,24,2,1,48,12,0,/tangrams/138_66.png,A4,"[""/tangrams/366_244.png"",""/tangrams/138_66.png"",""/tangrams/422_66.png"",""/tangrams/138_405.png""]","[""B1"",""A4"",""C4"",""A3""]",NA,NA,NA,NA,NA,NA,NA,3
01M0TTKMWWW7NWG5XBYYBZFBDZ,01M0TSZEY173D8F3KEP071GR06,training,20,1,9,48,12,0,/tangrams/138_405.png,A3,"[""/tangrams/422_339.png"",""/tangrams/138_405.png"",""/tangrams/366_66.png"",""/tangrams/279_244.png""]","[""C2"",""A3"",""B4"",""D1""]",/tangrams/138_405.png,TRUE,/tangrams/138_405.png,01M0TTF3ADJ36CYQBD8356XFNQ,01M0TT55D1DRDQ3JPT1CDTT5VN,1787607800069,NA,2
01M0TTYQ487RT8A2RK60KX4740,01M0TTMWMDPGAHQRDA7BZJ8FEZ,training,16,1,5,48,12,1,/tangrams/348_24.png,B3,"[""/tangrams/348_24.png"",""/tangrams/20_24.png"",""/tangrams/348_314.png"",""/tangrams/202_464.png""]","[""B3"",""D3"",""B1"",""C4""]",NA,FALSE,NA,01M0TTJT0T1FXWVGTP027BYENQ,01M0TTENRE0ZSC234N2S1BW8ZS,NA,1787608876681,2
01M0TTA58F42TH41R8M56PYCD0,01M0TSZV8KEDQHAT4X3FNKVS2B,training,38,3,3,48,12,0,/tangrams/279_66.png,D4,"[""/tangrams/422_405.png"",""/tangrams/366_339.png"",""/tangrams/279_66.png"",""/tangrams/290_64.png""]","[""C3"",""B2"",""D4"",""F2""]",/tangrams/279_66.png,TRUE,/tangrams/279_66.png,01M0TT4SZRTK7MV5T48R9G1GQH,01M0TT3ZTTV22XQGZD0K61T6A4,1787607926982,NA,4
01M0TTK11Y5EHZFNSN7BDAGN6W,01M0TSZEY54T11A9AMGVA6T4ZB,training,19,1,8,48,12,0,/tangrams/138_66.png,A4,"[""/tangrams/138_66.png"",""/tangrams/366_66.png"",""/tangrams/279_339.png"",""/tangrams/138_405.png""]","[""A4"",""B4"",""D2"",""A3""]",/tangrams/138_66.png,TRUE,/tangrams/138_66.png,01M0TT7FNH08P86PFHWCV3NRS8,01M0TT7ZVRQQW92P55GPN9KMMS,1787608666559,NA,2
01M0TTYQEWGCAZDS3V9W8PJZM6,01M0TTMWMDPGAHQRDA7BZJ8FEZ,training,26,2,3,48,12,1,/tangrams/66_441.png,A2,"[""/tangrams/66_464.png"",""/tangrams/348_314.png"",""/tangrams/66_441.png"",""/tangrams/202_441.png""]","[""A4"",""B1"",""A2"",""C2""]",NA,NA,NA,NA,NA,NA,NA,3
01M0TV7JPCF9JKJH5GZHB9Y2BY,01M0TTMWM9GSP2NP0T4CET96EB,training,7,0,8,48,12,1,/tangrams/66_464.png,A4,"[""/tangrams/202_314.png"",""/tangrams/348_24.png"",""/tangrams/20_441.png"",""/tangrams/66_464.png""]","[""C1"",""B3"",""D2"",""A4""]",/tangrams/66_464.png,TRUE,/tangrams/66_464.png,01M0TTRGJ55RK21NQM11GGHNRN,01M0TV363Y2QH3CGTPHSZR512P,1787608178889,NA,1
01M0TT9KFTJ1S066ZP3W49S4SP,01M0TSZGKE32G3R2H2EPQFBQNN,training,8,0,9,48,12,0,/tangrams/422_339.png,C2,"[""/tangrams/138_405.png"",""/tangrams/366_66.png"",""/tangrams/279_244.png"",""/tangrams/422_339.png""]","[""A3"",""B4"",""D1"",""C2""]",NA,NA,NA,NA,NA,NA,NA,1
01M0TTA5D69CAEP1C3PYVXR565,01M0TSZV8KEDQHAT4X3FNKVS2B,training,12,1,1,48,12,0,/tangrams/138_244.png,A1,"[""/tangrams/119_182.png"",""/tangrams/290_64.png"",""/tangrams/411_352.png"",""/tangrams/138_244.png""]","[""F1"",""F2"",""F7"",""A1""]",/tangrams/138_244.png,TRUE,/tangrams/138_244.png,01M0TT4SZRTK7MV5T48R9G1GQH,01M0TT3ZTTV22XQGZD0K61T6A4,1787607191166,NA,2
01M0TTYQFC018EC7FF9E83F9Q8,01M0TTMWMDPGAHQRDA7BZJ8FEZ,training,25,2,2,48,12,1,/tangrams/202_314.png,C1,"[""/tangrams/202_464.png"",""/tangrams/348_314.png"",""/tangrams/202_314.png"",""/tangrams/66_24.png""]","[""C4"",""B1"",""C1"",""A3""]",NA,NA,NA,NA,NA,NA,NA,3
01M0TT9KJJX9VHV5YS450ZKJ7Z,01M0TSZGKE32G3R2H2EPQFBQNN,training,41,3,6,48,12,0,/tangrams/279_339.png,D2,"[""/tangrams/422_66.png"",""/tangrams/366_244.png"",""/tangrams/138_405.png"",""/tangrams/279_339.png""]","[""C4"",""B1"",""A3"",""D2""]",NA,NA,NA,NA,NA,NA,NA,4
01M0TTEY3WMK01E9KZKT9AQ57Y,01M0TSZEY44B7XSP574QH2WQPJ,training,17,1,6,48,12,0,/tangrams/290_64.png,F2,"[""/tangrams/290_64.png"",""/tangrams/411_352.png"",""/tangrams/138_244.png"",""/tangrams/434_227.png""]","[""F2"",""F7"",""A1"",""F4""]",/tangrams/290_64.png,TRUE,/tangrams/290_64.png,01M0TT49QHQY8JQV8C5T94HHYZ,01M0TT9XXJBBQAZ4WANFPESF7T,1787607672660,NA,2
01M0TTYQ7FVR3R18DHG7XJK7SP,01M0TTMWMDPGAHQRDA7BZJ8FEZ,training,37,3,2,48,12,1,/tangrams/348_464.png,B4,"[""/tangrams/66_24.png"",""/tangrams/348_464.png"",""/tangrams/348_314.png"",""/tangrams/202_464.png""]","[""A3"",""B4"",""B1"",""C4""]",NA,NA,NA,NA,NA,NA,NA,4
01M0TTMQWDETM62H3CBNS3MJQ2,01M0TSZV8ERABP36QP2627EVMT,training,28,2,5,48,12,1,/tangrams/66_441.png,A2,"[""/tangrams/348_24.png"",""/tangrams/66_441.png"",""/tangrams/202_464.png"",""/tangrams/20_314.png""]","[""B3"",""A2"",""C4"",""D1""]",/tangrams/66_441.png,TRUE,/tangrams/66_441.png,01M0TT4SREDP4QR1H8V4E3X5G9,01M0TT4JP6VSYSTADD58E33WM9,1787608113246,NA,3
01M0TTNRM4V59KE6SDDS5J1HMW,01M0TSZGKJQW5S4GCP9150DNN9,training,31,2,8,48,12,1,/tangrams/98_302.png,F6,"[""/tangrams/98_302.png"",""/tangrams/4_159.png"",""/tangrams/429_403.png"",""/tangrams/452_257.png""]","[""F6"",""F5"",""F2"",""F1""]",NA,NA,NA,NA,NA,NA,NA,3
01M0TTNRDPKMYX6RGAX8WX6K9G,01M0TSZGKJQW5S4GCP9150DNN9,training,47,3,12,48,12,1,/tangrams/40_345.png,F4,"[""/tangrams/98_302.png"",""/tangrams/202_24.png"",""/tangrams/40_345.png"",""/tangrams/264_176.png""]","[""F6"",""C3"",""F4"",""F3""]",NA,NA,NA,NA,NA,NA,NA,4
01M0TVKA0KT74JAXCGWHHA0841,01M0TTMWMG725DJ5GA5M4WD8SY,training,41,3,6,48,12,1,/tangrams/264_176.png,F3,"[""/tangrams/157_426.png"",""/tangrams/264_176.png"",""/tangrams/374_400.png"",""/tangrams/452_257.png""]","[""F7"",""F3"",""F8"",""F1""]",/tangrams/264_176.png,TRUE,/tangrams/264_176.png,01M0TV8YZXT0HY97VC3QNJABKN,01M0TVD4RDDZ2GPYA2W2TBJY2J,1787608786563,NA,4
01M0TTA58SB2E7VDAXCKMSCJZF,01M0TSZV8KEDQHAT4X3FNKVS2B,training,35,2,12,48,12,0,/tangrams/456_48.png,F5,"[""/tangrams/279_66.png"",""/tangrams/37_144.png"",""/tangrams/290_64.png"",""/tangrams/456_48.png""]","[""D4"",""F8"",""F2"",""F5""]",/tangrams/456_48.png,TRUE,/tangrams/456_48.png,01M0TT3ZTTV22XQGZD0K61T6A4,01M0TT4SZRTK7MV5T48R9G1GQH,1787607858458,NA,3
01M0TTKD9Y0CBZZFRJC8RXHKYG,01M0TSZGKM72FFW193EYG47F25,training,10,0,11,48,12,0,/tangrams/138_66.png,A4,"[""/tangrams/138_339.png"",""/tangrams/422_244.png"",""/tangrams/138_66.png"",""/tangrams/366_66.png""]","[""A2"",""C1"",""A4"",""B4""]",NA,NA,NA,NA,NA,NA,NA,1
01M0TTMQQSXKCJXGJSGHDBZ3QH,01M0TSZV8ERABP36QP2627EVMT,training,41,3,6,48,12,1,/tangrams/202_314.png,C1,"[""/tangrams/20_441.png"",""/tangrams/202_314.png"",""/tangrams/348_464.png"",""/tangrams/66_24.png""]","[""D2"",""C1"",""B4"",""A3""]",/tangrams/202_314.png,TRUE,/tangrams/202_314.png,01M0TT4JP6VSYSTADD58E33WM9,01M0TT4SREDP4QR1H8V4E3X5G9,1787608423085,NA,4
01M0TTMQTQ72NV1XE9FEJ7MA3Z,01M0TSZV8ERABP36QP2627EVMT,training,19,1,8,48,12,1,/tangrams/20_441.png,D2,"[""/tangrams/202_314.png"",""/tangrams/348_24.png"",""/tangrams/66_464.png"",""/tangrams/20_441.png""]","[""C1"",""B3"",""A4"",""D2""]",/tangrams/20_441.png,TRUE,/tangrams/20_441.png,01M0TT4JP6VSYSTADD58E33WM9,01M0TT4SREDP4QR1H8V4E3X5G9,1787607881067,NA,2
01M0TVK9SGFH4A7G0X5AP3DEF3,01M0TTMWMG725DJ5GA5M4WD8SY,training,34,2,11,48,12,1,/tangrams/264_176.png,F3,"[""/tangrams/348_441.png"",""/tangrams/40_345.png"",""/tangrams/98_302.png"",""/tangrams/264_176.png""]","[""B2"",""F4"",""F6"",""F3""]",/tangrams/264_176.png,TRUE,/tangrams/264_176.png,01M0TVD4RDDZ2GPYA2W2TBJY2J,01M0TV8YZXT0HY97VC3QNJABKN,1787608693112,NA,3
01M0TT9KED7D8MS29P27D35D9H,01M0TSZGKE32G3R2H2EPQFBQNN,training,1,0,2,48,12,0,/tangrams/366_244.png,B1,"[""/tangrams/366_244.png"",""/tangrams/138_339.png"",""/tangrams/279_405.png"",""/tangrams/422_66.png""]","[""B1"",""A2"",""D3"",""C4""]",NA,NA,NA,NA,NA,NA,NA,1
01M0TT9KEEZT6B3HYPY1GE2FP8,01M0TSZGKE32G3R2H2EPQFBQNN,training,0,0,1,48,12,0,/tangrams/138_405.png,A3,"[""/tangrams/366_66.png"",""/tangrams/138_405.png"",""/tangrams/422_339.png"",""/tangrams/279_244.png""]","[""B4"",""A3"",""C2"",""D1""]",NA,NA,NA,NA,NA,NA,NA,1
01M0TTKMYB98E28XP8CE3KDFER,01M0TSZEY173D8F3KEP071GR06,training,27,2,4,48,12,0,/tangrams/138_66.png,A4,"[""/tangrams/138_66.png"",""/tangrams/366_244.png"",""/tangrams/279_405.png"",""/tangrams/422_339.png""]","[""A4"",""B1"",""D3"",""C2""]",/tangrams/138_66.png,TRUE,/tangrams/138_66.png,01M0TT55D1DRDQ3JPT1CDTT5VN,01M0TTF3ADJ36CYQBD8356XFNQ,1787607977125,NA,3
01M0TTMQX29JXGCTE2SX5JEDE9,01M0TSZV8ERABP36QP2627EVMT,training,30,2,7,48,12,1,/tangrams/66_464.png,A4,"[""/tangrams/202_441.png"",""/tangrams/20_314.png"",""/tangrams/66_464.png"",""/tangrams/348_24.png""]","[""C2"",""D1"",""A4"",""B3""]",/tangrams/66_464.png,TRUE,/tangrams/66_464.png,01M0TT4SREDP4QR1H8V4E3X5G9,01M0TT4JP6VSYSTADD58E33WM9,1787608189345,NA,3
01M0TTYQKE4NBYTMC3QN9HZZAC,01M0TTMWMDPGAHQRDA7BZJ8FEZ,training,17,1,6,48,12,1,/tangrams/20_314.png,D1,"[""/tangrams/20_441.png"",""/tangrams/202_314.png"",""/tangrams/348_24.png"",""/tangrams/20_314.png""]","[""D2"",""C1"",""B3"",""D1""]",NA,FALSE,NA,01M0TTENRE0ZSC234N2S1BW8ZS,01M0TTJT0T1FXWVGTP027BYENQ,NA,NA,2
01M0TTA5CP45MHEBHBNGQ38XMR,01M0TSZV8KEDQHAT4X3FNKVS2B,training,15,1,4,48,12,0,/tangrams/456_48.png,F5,"[""/tangrams/411_352.png"",""/tangrams/456_48.png"",""/tangrams/422_405.png"",""/tangrams/37_144.png""]","[""F7"",""F5"",""C3"",""F8""]",/tangrams/456_48.png,TRUE,/tangrams/456_48.png,01M0TT3ZTTV22XQGZD0K61T6A4,01M0TT4SZRTK7MV5T48R9G1GQH,1787607298112,NA,2
01M0TTK11STER2ADREBJK28NV8,01M0TSZEY54T11A9AMGVA6T4ZB,training,13,1,2,48,12,0,/tangrams/138_339.png,A2,"[""/tangrams/138_405.png"",""/tangrams/138_339.png"",""/tangrams/422_339.png"",""/tangrams/366_66.png""]","[""A3"",""A2"",""C2"",""B4""]",/tangrams/138_339.png,TRUE,/tangrams/138_339.png,01M0TT7FNH08P86PFHWCV3NRS8,01M0TT7ZVRQQW92P55GPN9KMMS,1787608386323,NA,2
