roundID,gameID,trialNum,block,selectionMadeAt,correct,stage_started,stage_ended,playerID,renderedAt
01M0TTK10DESAY0F2DG5BPD9GH,01M0TSZEY54T11A9AMGVA6T4ZB,1,1,1787607794481,FALSE,2026-08-24T21:42:20Z,2026-08-24T21:43:12Z,01M0TT7FNH08P86PFHWCV3NRS8,1787607740747
01M0TTK10DESAY0F2DG5BPD9GH,01M0TSZEY54T11A9AMGVA6T4ZB,1,1,1787607794481,FALSE,2026-08-24T21:42:20Z,2026-08-24T21:43:12Z,01M0TT7ZVRQQW92P55GPN9KMMS,1787607743034
01M0TTKMTB2BD5FYABW27NRN6H,01M0TSZEY173D8F3KEP071GR06,9,1,1787607522905,TRUE,2026-08-24T21:38:22Z,2026-08-24T21:38:43Z,01M0TTF3ADJ36CYQBD8356XFNQ,1787607502275
01M0TTKMTB2BD5FYABW27NRN6H,01M0TSZEY173D8F3KEP071GR06,9,1,1787607522905,TRUE,2026-08-24T21:38:22Z,2026-08-24T21:38:43Z,01M0TT55D1DRDQ3JPT1CDTT5VN,1787607502658
01M0TTKMZ7SV3M807NSRGTM6WH,01M0TSZEY173D8F3KEP071GR06,28,3,1787607999687,TRUE,2026-08-24T21:46:20Z,2026-08-24T21:46:39Z,01M0TTF3ADJ36CYQBD8356XFNQ,1787607980516
01M0TTKMZ7SV3M807NSRGTM6WH,01M0TSZEY173D8F3KEP071GR06,28,3,1787607999687,TRUE,2026-08-24T21:46:20Z,2026-08-24T21:46:39Z,01M0TT55D1DRDQ3JPT1CDTT5VN,1787607980821
01M0TTNREH2MYN478MJT0BNDDE,01M0TSZGKJQW5S4GCP9150DNN9,41,4,NA,NA,NA,2026-08-24T21:26:27Z,NA,NA
01M0TTYQG3P7C1E9BXX9CG051S,01M0TTMWMDPGAHQRDA7BZJ8FEZ,24,3,NA,NA,NA,2026-08-24T21:31:21Z,NA,NA
01M0TTK10N5BD0SS5DA63HF9K7,01M0TSZEY54T11A9AMGVA6T4ZB,5,1,1787607999984,FALSE,2026-08-24T21:45:38Z,2026-08-24T21:46:37Z,01M0TT7FNH08P86PFHWCV3NRS8,1787607938598
01M0TTK10N5BD0SS5DA63HF9K7,01M0TSZEY54T11A9AMGVA6T4ZB,5,1,1787607999984,FALSE,2026-08-24T21:45:38Z,2026-08-24T21:46:37Z,01M0TT7ZVRQQW92P55GPN9KMMS,1787607940880
01M0TTKDFMVBB86KHZHNHMN1MF,01M0TSZGKM72FFW193EYG47F25,44,4,NA,NA,NA,2026-08-24T21:25:10Z,NA,NA
01M0TTKDCEYY6CWSPP642Y6N9K,01M0TSZGKM72FFW193EYG47F25,19,2,NA,NA,NA,2026-08-24T21:25:10Z,NA,NA
01M0TTK16981VYRXVWJ54TEAB8,01M0TSZEY54T11A9AMGVA6T4ZB,34,3,1787609255186,TRUE,2026-08-24T22:07:07Z,2026-08-24T22:07:35Z,01M0TT7FNH08P86PFHWCV3NRS8,1787609227419
01M0TTK16981VYRXVWJ54TEAB8,01M0TSZEY54T11A9AMGVA6T4ZB,34,3,1787609255186,TRUE,2026-08-24T22:07:07Z,2026-08-24T22:07:35Z,01M0TT7ZVRQQW92P55GPN9KMMS,1787609229756
01M0TTKD9WJN40G5YHQ9QB17AZ,01M0TSZGKM72FFW193EYG47F25,11,1,NA,NA,NA,2026-08-24T21:25:10Z,NA,NA
01M0TTYQ0CMGYVGRETB27VW2NK,01M0TTMWMDPGAHQRDA7BZJ8FEZ,10,1,1787608499489,FALSE,2026-08-24T21:54:15Z,2026-08-24T21:54:59Z,01M0TTJT0T1FXWVGTP027BYENQ,1787608259348
01M0TTYQ0CMGYVGRETB27VW2NK,01M0TTMWMDPGAHQRDA7BZJ8FEZ,10,1,1787608499489,FALSE,2026-08-24T21:54:15Z,2026-08-24T21:54:59Z,01M0TTENRE0ZSC234N2S1BW8ZS,1787608454977
01M0TTYQK1XWXZYF3X97RPEM2C,01M0TTMWMDPGAHQRDA7BZJ8FEZ,18,2,NA,FALSE,2026-08-24T22:02:23Z,2026-08-24T22:03:23Z,01M0TTJT0T1FXWVGTP027BYENQ,1787608747561
01M0TTYQK1XWXZYF3X97RPEM2C,01M0TTMWMDPGAHQRDA7BZJ8FEZ,18,2,NA,FALSE,2026-08-24T22:02:23Z,2026-08-24T22:03:23Z,01M0TTENRE0ZSC234N2S1BW8ZS,1787608943522
01M0TT9KHNCXNYD2E4YA7HYMQP,01M0TSZGKE32G3R2H2EPQFBQNN,13,2,NA,NA,NA,2026-08-24T21:19:48Z,NA,NA
01M0TTA5D893WN40HHXA95TMV6,01M0TSZV8KEDQHAT4X3FNKVS2B,11,1,1787607160396,TRUE,2026-08-24T21:31:59Z,2026-08-24T21:32:40Z,01M0TT4SZRTK7MV5T48R9G1GQH,1787607119347
01M0TTA5D893WN40HHXA95TMV6,01M0TSZV8KEDQHAT4X3FNKVS2B,11,1,1787607160396,TRUE,2026-08-24T21:31:59Z,2026-08-24T21:32:40Z,01M0TT3ZTTV22XQGZD0K61T6A4,1787607119309
01M0TTK112MGP9XM2TDWT3WSB8,01M0TSZEY54T11A9AMGVA6T4ZB,10,1,1787608231354,TRUE,2026-08-24T21:50:06Z,2026-08-24T21:50:31Z,01M0TT7FNH08P86PFHWCV3NRS8,1787608207049
01M0TTK112MGP9XM2TDWT3WSB8,01M0TSZEY54T11A9AMGVA6T4ZB,10,1,1787608231354,TRUE,2026-08-24T21:50:06Z,2026-08-24T21:50:31Z,01M0TT7ZVRQQW92P55GPN9KMMS,1787608209363
01M0TTMQTX8PVY1YQYK90Q4EB5,01M0TSZV8ERABP36QP2627EVMT,20,2,1787607905734,TRUE,2026-08-24T21:44:45Z,2026-08-24T21:45:07Z,01M0TT4JP6VSYSTADD58E33WM9,1787607883866
01M0TTMQTX8PVY1YQYK90Q4EB5,01M0TSZV8ERABP36QP2627EVMT,20,2,1787607905734,TRUE,2026-08-24T21:44:45Z,2026-08-24T21:45:07Z,01M0TT4SREDP4QR1H8V4E3X5G9,1787607884469
01M0TTTPMR5HCH21N45VXXC8DS,01M0TSZV8KEDQHAT4X33M1GG1C,32,3,1787609165908,TRUE,2026-08-24T22:05:20Z,2026-08-24T22:06:08Z,01M0TT467Q69C5HQ20GW6FRRF2,1787609117785
01M0TTTPMR5HCH21N45VXXC8DS,01M0TSZV8KEDQHAT4X33M1GG1C,32,3,1787609165908,TRUE,2026-08-24T22:05:20Z,2026-08-24T22:06:08Z,01M0TTBQPRE9XMJHBPDKM8GTC4,1787609118789
01M0TTYQ06NTJ2BRAX4W53MBV9,01M0TTMWMDPGAHQRDA7BZJ8FEZ,2,1,1787608059009,FALSE,2026-08-24T21:46:53Z,2026-08-24T21:47:39Z,01M0TTENRE0ZSC234N2S1BW8ZS,1787608013347
01M0TTYQ06NTJ2BRAX4W53MBV9,01M0TTMWMDPGAHQRDA7BZJ8FEZ,2,1,1787608059009,FALSE,2026-08-24T21:46:53Z,2026-08-24T21:47:39Z,01M0TTJT0T1FXWVGTP027BYENQ,1787607817424
01M0TTYQASD24ZWCMJG30M98C8,01M0TTMWMDPGAHQRDA7BZJ8FEZ,33,3,NA,NA,NA,2026-08-24T21:31:21Z,NA,NA
01M0TT9KFH3Q5DMBAY9ZVYZ1AG,01M0TSZGKE32G3R2H2EPQFBQNN,9,1,NA,NA,NA,2026-08-24T21:19:48Z,NA,NA
01M0TTEY73B2A5Q44VEBX38R0N,01M0TSZEY44B7XSP574QH2WQPJ,47,4,1787608693460,TRUE,2026-08-24T21:57:38Z,2026-08-24T21:58:13Z,01M0TT49QHQY8JQV8C5T94HHYZ,1787608658598
01M0TTEY73B2A5Q44VEBX38R0N,01M0TSZEY44B7XSP574QH2WQPJ,47,4,1787608693460,TRUE,2026-08-24T21:57:38Z,2026-08-24T21:58:13Z,01M0TT9XXJBBQAZ4WANFPESF7T,1787608658378
01M0TVK9FH34M6BJ18Q0Y52MZ6,01M0TTMWMG725DJ5GA5M4WD8SY,1,1,1787608110403,TRUE,2026-08-24T21:47:57Z,2026-08-24T21:48:30Z,01M0TVD4RDDZ2GPYA2W2TBJY2J,1787608077275
01M0TVK9FH34M6BJ18Q0Y52MZ6,01M0TTMWMG725DJ5GA5M4WD8SY,1,1,1787608110403,TRUE,2026-08-24T21:47:57Z,2026-08-24T21:48:30Z,01M0TV8YZXT0HY97VC3QNJABKN,1787608078267
01M0TTK11TM66PW6SJRQJ0VN9V,01M0TSZEY54T11A9AMGVA6T4ZB,14,2,1787608440337,TRUE,2026-08-24T21:53:07Z,2026-08-24T21:54:00Z,01M0TT7FNH08P86PFHWCV3NRS8,1787608387541
01M0TTK11TM66PW6SJRQJ0VN9V,01M0TSZEY54T11A9AMGVA6T4ZB,14,2,1787608440337,TRUE,2026-08-24T21:53:07Z,2026-08-24T21:54:00Z,01M0TT7ZVRQQW92P55GPN9KMMS,1787608389873
01M0TTMQRDA4RH9QEFDTP7XF4Z,01M0TSZV8ERABP36QP2627EVMT,6,1,1787607473358,TRUE,2026-08-24T21:37:10Z,2026-08-24T21:37:54Z,01M0TT4SREDP4QR1H8V4E3X5G9,1787607429925
01M0TTMQRDA4RH9QEFDTP7XF4Z,01M0TSZV8ERABP36QP2627EVMT,6,1,1787607473358,TRUE,2026-08-24T21:37:10Z,2026-08-24T21:37:54Z,01M0TT4JP6VSYSTADD58E33WM9,1787607429319
01M0TTKDAFMZ7E3HV6T635ST7C,01M0TSZGKM72FFW193EYG47F25,16,2,NA,NA,NA,2026-08-24T21:25:10Z,NA,NA
01M0TTKDF0FWNK6N0W27RKEF6F,01M0TSZGKM72FFW193EYG47F25,37,4,NA,NA,NA,2026-08-24T21:25:10Z,NA,NA
01M0TTKN1AESZD141F0C3NDB62,01M0TSZEY173D8F3KEP071GR06,33,3,NA,FALSE,2026-08-24T21:48:22Z,2026-08-24T21:49:22Z,01M0TT55D1DRDQ3JPT1CDTT5VN,1787608102190
01M0TTKN1AESZD141F0C3NDB62,01M0TSZEY173D8F3KEP071GR06,33,3,NA,FALSE,2026-08-24T21:48:22Z,2026-08-24T21:49:22Z,01M0TTF3ADJ36CYQBD8356XFNQ,1787608101872
01M0TTMQQ1B1RKA3APPBJM0A6X,01M0TSZV8ERABP36QP2627EVMT,33,3,1787608256885,TRUE,2026-08-24T21:50:37Z,2026-08-24T21:50:57Z,01M0TT4JP6VSYSTADD58E33WM9,1787608236026
01M0TTMQQ1B1RKA3APPBJM0A6X,01M0TSZV8ERABP36QP2627EVMT,33,3,1787608256885,TRUE,2026-08-24T21:50:37Z,2026-08-24T21:50:57Z,01M0TT4SREDP4QR1H8V4E3X5G9,1787608236636
01M0TTNRE5YEFVYMGC1X92X7SA,01M0TSZGKJQW5S4GCP9150DNN9,44,4,NA,NA,NA,2026-08-24T21:26:27Z,NA,NA
01M0TTTPSZMCAD172F8PMHTVB8,01M0TSZV8KEDQHAT4X33M1GG1C,21,2,1787608686949,TRUE,2026-08-24T21:57:21Z,2026-08-24T21:58:08Z,01M0TTBQPRE9XMJHBPDKM8GTC4,1787608640291
01M0TTTPSZMCAD172F8PMHTVB8,01M0TSZV8KEDQHAT4X33M1GG1C,21,2,1787608686949,TRUE,2026-08-24T21:57:21Z,2026-08-24T21:58:08Z,01M0TT467Q69C5HQ20GW6FRRF2,1787608639517
01M0TTA58PCC23T1D0BERXGKP4,01M0TSZV8KEDQHAT4X3FNKVS2B,36,4,1787607881134,TRUE,2026-08-24T21:44:21Z,2026-08-24T21:44:41Z,01M0TT4SZRTK7MV5T48R9G1GQH,1787607861865
01M0TTA58PCC23T1D0BERXGKP4,01M0TSZV8KEDQHAT4X3FNKVS2B,36,4,1787607881134,TRUE,2026-08-24T21:44:21Z,2026-08-24T21:44:41Z,01M0TT3ZTTV22XQGZD0K61T6A4,1787607861847
01M0TTEY5Y7FR1T7RMNRQVVH44,01M0TSZEY44B7XSP574QH2WQPJ,42,4,1787608529860,TRUE,2026-08-24T21:55:03Z,2026-08-24T21:55:29Z,01M0TT9XXJBBQAZ4WANFPESF7T,1787608503343
01M0TTEY5Y7FR1T7RMNRQVVH44,01M0TSZEY44B7XSP574QH2WQPJ,42,4,1787608529860,TRUE,2026-08-24T21:55:03Z,2026-08-24T21:55:29Z,01M0TT49QHQY8JQV8C5T94HHYZ,1787608503551
01M0TTK1993QHGATXJ96WFHF0H,01M0TSZEY54T11A9AMGVA6T4ZB,36,4,1787609320778,TRUE,2026-08-24T22:08:16Z,2026-08-24T22:08:40Z,01M0TT7FNH08P86PFHWCV3NRS8,1787609297162
01M0TTK1993QHGATXJ96WFHF0H,01M0TSZEY54T11A9AMGVA6T4ZB,36,4,1787609320778,TRUE,2026-08-24T22:08:16Z,2026-08-24T22:08:40Z,01M0TT7ZVRQQW92P55GPN9KMMS,1787609299445
01M0TTKN3HBAY46JTB2H13W23W,01M0TSZEY173D8F3KEP071GR06,42,4,1787608382878,FALSE,2026-08-24T21:52:22Z,2026-08-24T21:53:03Z,01M0TTF3ADJ36CYQBD8356XFNQ,1787608342053
01M0TTKN3HBAY46JTB2H13W23W,01M0TSZEY173D8F3KEP071GR06,42,4,1787608382878,FALSE,2026-08-24T21:52:22Z,2026-08-24T21:53:03Z,01M0TT55D1DRDQ3JPT1CDTT5VN,1787608342288
01M0TTMQQES8QVRTC1RZTBNDKD,01M0TSZV8ERABP36QP2627EVMT,38,4,1787608356086,TRUE,2026-08-24T21:52:28Z,2026-08-24T21:52:37Z,01M0TT4SREDP4QR1H8V4E3X5G9,1787608347141
01M0TTMQQES8QVRTC1RZTBNDKD,01M0TSZV8ERABP36QP2627EVMT,38,4,1787608356086,TRUE,2026-08-24T21:52:28Z,2026-08-24T21:52:37Z,01M0TT4JP6VSYSTADD58E33WM9,1787608346607
01M0TVK9MB4B5WVD36Z2PPVP4S,01M0TTMWMG725DJ5GA5M4WD8SY,17,2,1787608436678,TRUE,2026-08-24T21:53:46Z,2026-08-24T21:53:56Z,01M0TV8YZXT0HY97VC3QNJABKN,1787608427071
01M0TVK9MB4B5WVD36Z2PPVP4S,01M0TTMWMG725DJ5GA5M4WD8SY,17,2,1787608436678,TRUE,2026-08-24T21:53:46Z,2026-08-24T21:53:56Z,01M0TVD4RDDZ2GPYA2W2TBJY2J,1787608426142
01M0TT9KH2BQHJN93VXRBNA385,01M0TSZGKE32G3R2H2EPQFBQNN,14,2,NA,NA,NA,2026-08-24T21:19:48Z,NA,NA
01M0TTEY39XDBHVH4HDJGN70C0,01M0TSZEY44B7XSP574QH2WQPJ,13,2,1787607479124,FALSE,2026-08-24T21:37:22Z,2026-08-24T21:37:59Z,01M0TT49QHQY8JQV8C5T94HHYZ,1787607442478
01M0TTEY39XDBHVH4HDJGN70C0,01M0TSZEY44B7XSP574QH2WQPJ,13,2,1787607479124,FALSE,2026-08-24T21:37:22Z,2026-08-24T21:37:59Z,01M0TT9XXJBBQAZ4WANFPESF7T,1787607442306
01M0TTKMV9J0KHMC7F86HQHAPF,01M0TSZEY173D8F3KEP071GR06,13,2,1787607632767,TRUE,2026-08-24T21:40:12Z,2026-08-24T21:40:33Z,01M0TT55D1DRDQ3JPT1CDTT5VN,1787607612384
01M0TTKMV9J0KHMC7F86HQHAPF,01M0TSZEY173D8F3KEP071GR06,13,2,1787607632767,TRUE,2026-08-24T21:40:12Z,2026-08-24T21:40:33Z,01M0TTF3ADJ36CYQBD8356XFNQ,1787607612005
01M0TTYQ1G7Z6X6EGXEN1X2SJZ,01M0TTMWMDPGAHQRDA7BZJ8FEZ,7,1,NA,FALSE,2026-08-24T21:51:12Z,2026-08-24T21:52:12Z,01M0TTJT0T1FXWVGTP027BYENQ,1787608076678
01M0TTYQ1G7Z6X6EGXEN1X2SJZ,01M0TTMWMDPGAHQRDA7BZJ8FEZ,7,1,NA,FALSE,2026-08-24T21:51:12Z,2026-08-24T21:52:12Z,01M0TTENRE0ZSC234N2S1BW8ZS,1787608272655
01M0TTKDE4DW9P1D621WPCKCQM,01M0TSZGKM72FFW193EYG47F25,25,3,NA,NA,NA,2026-08-24T21:25:10Z,NA,NA
01M0TTKMT9HASW94ZQQMFY4VD8,01M0TSZEY173D8F3KEP071GR06,8,1,1787607499068,TRUE,2026-08-24T21:37:58Z,2026-08-24T21:38:19Z,01M0TTF3ADJ36CYQBD8356XFNQ,1787607478090
01M0TTKMT9HASW94ZQQMFY4VD8,01M0TSZEY173D8F3KEP071GR06,8,1,1787607499068,TRUE,2026-08-24T21:37:58Z,2026-08-24T21:38:19Z,01M0TT55D1DRDQ3JPT1CDTT5VN,1787607478482
01M0TTEY4473PSNZSZKKGAM5W5,01M0TSZEY44B7XSP574QH2WQPJ,26,3,1787607997546,TRUE,2026-08-24T21:46:19Z,2026-08-24T21:46:37Z,01M0TT9XXJBBQAZ4WANFPESF7T,1787607979657
01M0TTEY4473PSNZSZKKGAM5W5,01M0TSZEY44B7XSP574QH2WQPJ,26,3,1787607997546,TRUE,2026-08-24T21:46:19Z,2026-08-24T21:46:37Z,01M0TT49QHQY8JQV8C5T94HHYZ,1787607979836
01M0TTK114CZHRC99365EEPYE1,01M0TSZEY54T11A9AMGVA6T4ZB,11,1,1787608287832,FALSE,2026-08-24T21:50:34Z,2026-08-24T21:51:25Z,01M0TT7FNH08P86PFHWCV3NRS8,1787608234781
01M0TTK114CZHRC99365EEPYE1,01M0TSZEY54T11A9AMGVA6T4ZB,11,1,1787608287832,FALSE,2026-08-24T21:50:34Z,2026-08-24T21:51:25Z,01M0TT7ZVRQQW92P55GPN9KMMS,1787608237120
01M0TTKN2NRBWEZ1BKPWNM92YF,01M0TSZEY173D8F3KEP071GR06,39,4,1787608290346,TRUE,2026-08-24T21:50:58Z,2026-08-24T21:51:30Z,01M0TTF3ADJ36CYQBD8356XFNQ,1787608258637
01M0TTKN2NRBWEZ1BKPWNM92YF,01M0TSZEY173D8F3KEP071GR06,39,4,1787608290346,TRUE,2026-08-24T21:50:58Z,2026-08-24T21:51:30Z,01M0TT55D1DRDQ3JPT1CDTT5VN,1787608258928
01M0TTMQQKH4K0S2QZ5CS7DSVD,01M0TSZV8ERABP36QP2627EVMT,39,4,1787608382559,TRUE,2026-08-24T21:52:41Z,2026-08-24T21:53:03Z,01M0TT4JP6VSYSTADD58E33WM9,1787608359516
01M0TTMQQKH4K0S2QZ5CS7DSVD,01M0TSZV8ERABP36QP2627EVMT,39,4,1787608382559,TRUE,2026-08-24T21:52:41Z,2026-08-24T21:53:03Z,01M0TT4SREDP4QR1H8V4E3X5G9,1787608360127
01M0TTNRMNGADPD9VHGAKJYSTV,01M0TSZGKJQW5S4GCP9150DNN9,29,3,NA,NA,NA,2026-08-24T21:26:27Z,NA,NA
01M0TTYQ0TA024Y986WH2YZ229,01M0TTMWMDPGAHQRDA7BZJ8FEZ,8,1,1787608388139,TRUE,2026-08-24T21:52:16Z,2026-08-24T21:53:08Z,01M0TTJT0T1FXWVGTP027BYENQ,1787608140084
01M0TTYQ0TA024Y986WH2YZ229,01M0TTMWMDPGAHQRDA7BZJ8FEZ,8,1,1787608388139,TRUE,2026-08-24T21:52:16Z,2026-08-24T21:53:08Z,01M0TTENRE0ZSC234N2S1BW8ZS,1787608335973
01M0TT9KJVE9NCK1N0H3X8PJ85,01M0TSZGKE32G3R2H2EPQFBQNN,33,3,NA,NA,NA,2026-08-24T21:19:49Z,NA,NA
01M0TTA58J1V5SM68HADTMV3Q3,01M0TSZV8KEDQHAT4X3FNKVS2B,37,4,1787607905412,TRUE,2026-08-24T21:44:44Z,2026-08-24T21:45:05Z,01M0TT3ZTTV22XQGZD0K61T6A4,1787607884594
01M0TTA58J1V5SM68HADTMV3Q3,01M0TSZV8KEDQHAT4X3FNKVS2B,37,4,1787607905412,TRUE,2026-08-24T21:44:44Z,2026-08-24T21:45:05Z,01M0TT4SZRTK7MV5T48R9G1GQH,1787607884610
01M0TV7K1B16W2TXPZZ01NQN65,01M0TTMWM9GSP2NP0T4CET96EB,17,2,1787608489881,TRUE,2026-08-24T21:54:27Z,2026-08-24T21:54:51Z,01M0TTRGJ55RK21NQM11GGHNRN,1787608468481
01M0TV7K1B16W2TXPZZ01NQN65,01M0TTMWM9GSP2NP0T4CET96EB,17,2,1787608489881,TRUE,2026-08-24T21:54:27Z,2026-08-24T21:54:51Z,01M0TV363Y2QH3CGTPHSZR512P,1787608466177
01M0TVKA2MN9M5CCMM5VZB4R8A,01M0TTMWMG725DJ5GA5M4WD8SY,46,4,1787608845999,TRUE,2026-08-24T22:00:36Z,2026-08-24T22:00:45Z,01M0TV8YZXT0HY97VC3QNJABKN,1787608837669
01M0TVKA2MN9M5CCMM5VZB4R8A,01M0TTMWMG725DJ5GA5M4WD8SY,46,4,1787608845999,TRUE,2026-08-24T22:00:36Z,2026-08-24T22:00:45Z,01M0TVD4RDDZ2GPYA2W2TBJY2J,1787608836736
01M0TTEY64R7ZAJ65J7PW8RAWH,01M0TSZEY44B7XSP574QH2WQPJ,39,4,1787608430404,TRUE,2026-08-24T21:53:37Z,2026-08-24T21:53:50Z,01M0TT49QHQY8JQV8C5T94HHYZ,1787608417576
01M0TTEY64R7ZAJ65J7PW8RAWH,01M0TSZEY44B7XSP574QH2WQPJ,39,4,1787608430404,TRUE,2026-08-24T21:53:37Z,2026-08-24T21:53:50Z,01M0TT9XXJBBQAZ4WANFPESF7T,1787608417386
01M0TTEY75JJ7H2PWJ2880EH40,01M0TSZEY44B7XSP574QH2WQPJ,46,4,1787608654967,TRUE,2026-08-24T21:57:19Z,2026-08-24T21:57:35Z,01M0TT49QHQY8JQV8C5T94HHYZ,1787608639126
01M0TTEY75JJ7H2PWJ2880EH40,01M0TSZEY44B7XSP574QH2WQPJ,46,4,1787608654967,TRUE,2026-08-24T21:57:19Z,2026-08-24T21:57:35Z,01M0TT9XXJBBQAZ4WANFPESF7T,1787608638908
01M0TTNRE0BS0GM61MEGDJ9H2C,01M0TSZGKJQW5S4GCP9150DNN9,46,4,NA,NA,NA,2026-08-24T21:26:27Z,NA,NA
01M0TTNRHBW5SJQ753VTN9HFHF,01M0TSZGKJQW5S4GCP9150DNN9,15,2,NA,NA,NA,2026-08-24T21:26:27Z,NA,NA
01M0TTA5EAK519BNB30QS8S9R2,01M0TSZV8KEDQHAT4X3FNKVS2B,9,1,1787607090199,TRUE,2026-08-24T21:30:50Z,2026-08-24T21:31:30Z,01M0TT4SZRTK7MV5T48R9G1GQH,1787607050372
01M0TTA5EAK519BNB30QS8S9R2,01M0TSZV8KEDQHAT4X3FNKVS2B,9,1,1787607090199,TRUE,2026-08-24T21:30:50Z,2026-08-24T21:31:30Z,01M0TT3ZTTV22XQGZD0K61T6A4,1787607050396
01M0TTEY5GZ9X3DBNPQ8EN9VCZ,01M0TSZEY44B7XSP574QH2WQPJ,16,2,NA,FALSE,2026-08-24T21:39:37Z,2026-08-24T21:40:37Z,01M0TT9XXJBBQAZ4WANFPESF7T,1787607577075
01M0TTEY5GZ9X3DBNPQ8EN9VCZ,01M0TSZEY44B7XSP574QH2WQPJ,16,2,NA,FALSE,2026-08-24T21:39:37Z,2026-08-24T21:40:37Z,01M0TT49QHQY8JQV8C5T94HHYZ,1787607577250
01M0TTNRN5PCMP0TGF2BD5ACAG,01M0TSZGKJQW5S4GCP9150DNN9,28,3,NA,NA,NA,2026-08-24T21:26:27Z,NA,NA
01M0TTEY33T07QMNNEV9SCCVVV,01M0TSZEY44B7XSP574QH2WQPJ,18,2,1787607723040,TRUE,2026-08-24T21:41:16Z,2026-08-24T21:42:03Z,01M0TT49QHQY8JQV8C5T94HHYZ,1787607676425
01M0TTEY33T07QMNNEV9SCCVVV,01M0TSZEY44B7XSP574QH2WQPJ,18,2,1787607723040,TRUE,2026-08-24T21:41:16Z,2026-08-24T21:42:03Z,01M0TT9XXJBBQAZ4WANFPESF7T,1787607676237
01M0TTMQQ6D6FCX5RTTFHF9HPD,01M0TSZV8ERABP36QP2627EVMT,35,3,1787608308187,TRUE,2026-08-24T21:51:21Z,2026-08-24T21:51:49Z,01M0TT4SREDP4QR1H8V4E3X5G9,1787608280398
01M0TTMQQ6D6FCX5RTTFHF9HPD,01M0TSZV8ERABP36QP2627EVMT,35,3,1787608308187,TRUE,2026-08-24T21:51:21Z,2026-08-24T21:51:49Z,01M0TT4JP6VSYSTADD58E33WM9,1787608279830
01M0TTEY3D0GQVSJA5PEFTM624,01M0TSZEY44B7XSP574QH2WQPJ,10,1,1787607378196,TRUE,2026-08-24T21:35:42Z,2026-08-24T21:36:18Z,01M0TT9XXJBBQAZ4WANFPESF7T,1787607342577
01M0TTEY3D0GQVSJA5PEFTM624,01M0TSZEY44B7XSP574QH2WQPJ,10,1,1787607378196,TRUE,2026-08-24T21:35:42Z,2026-08-24T21:36:18Z,01M0TT49QHQY8JQV8C5T94HHYZ,1787607342609
01M0TTKDFB2CVT25YBJXERT2K9,01M0TSZGKM72FFW193EYG47F25,39,4,NA,NA,NA,2026-08-24T21:25:10Z,NA,NA
01M0TTTPS1TW34523PESZXFHY4,01M0TSZV8KEDQHAT4X33M1GG1C,30,3,1787609056215,TRUE,2026-08-24T22:03:55Z,2026-08-24T22:04:18Z,01M0TT467Q69C5HQ20GW6FRRF2,1787609032759
01M0TTTPS1TW34523PESZXFHY4,01M0TSZV8KEDQHAT4X33M1GG1C,30,3,1787609056215,TRUE,2026-08-24T22:03:55Z,2026-08-24T22:04:18Z,01M0TTBQPRE9XMJHBPDKM8GTC4,1787609033754
01M0TTYQ2WQDW9S67SB2RAV45C,01M0TTMWMDPGAHQRDA7BZJ8FEZ,47,4,NA,NA,NA,2026-08-24T21:31:22Z,NA,NA
01M0TT9KJPQYZ1V156ZYS7RYYM,01M0TSZGKE32G3R2H2EPQFBQNN,37,4,NA,NA,NA,2026-08-24T21:19:49Z,NA,NA
01M0TTKN3Y49RQ37GWQRGV8JF3,01M0TSZEY173D8F3KEP071GR06,45,4,1787608443987,TRUE,2026-08-24T21:53:49Z,2026-08-24T21:54:04Z,01M0TTF3ADJ36CYQBD8356XFNQ,1787608428738
01M0TTKN3Y49RQ37GWQRGV8JF3,01M0TSZEY173D8F3KEP071GR06,45,4,1787608443987,TRUE,2026-08-24T21:53:49Z,2026-08-24T21:54:04Z,01M0TT55D1DRDQ3JPT1CDTT5VN,1787608429021
01M0TTTPGPG9TQ8W0TD0DQ9QY5,01M0TSZV8KEDQHAT4X33M1GG1C,41,4,1787609535745,TRUE,2026-08-24T22:11:31Z,2026-08-24T22:12:17Z,01M0TTBQPRE9XMJHBPDKM8GTC4,1787609490163
01M0TTTPGPG9TQ8W0TD0DQ9QY5,01M0TSZV8KEDQHAT4X33M1GG1C,41,4,1787609535745,TRUE,2026-08-24T22:11:31Z,2026-08-24T22:12:17Z,01M0TT467Q69C5HQ20GW6FRRF2,1787609489153
01M0TTNRFRZXFTQKXCR3FSRKFW,01M0TSZGKJQW5S4GCP9150DNN9,18,2,NA,NA,NA,2026-08-24T21:26:27Z,NA,NA
01M0TTTPHKD6DPPYPNE626NDTP,01M0TSZV8KEDQHAT4X33M1GG1C,37,4,1787609389716,TRUE,2026-08-24T22:09:12Z,2026-08-24T22:09:51Z,01M0TT467Q69C5HQ20GW6FRRF2,1787609349909
01M0TTTPHKD6DPPYPNE626NDTP,01M0TSZV8KEDQHAT4X33M1GG1C,37,4,1787609389716,TRUE,2026-08-24T22:09:12Z,2026-08-24T22:09:51Z,01M0TTBQPRE9XMJHBPDKM8GTC4,1787609350900
01M0TTKDA49PMFASF8GCHCKMCN,01M0TSZGKM72FFW193EYG47F25,14,2,NA,NA,NA,2026-08-24T21:25:10Z,NA,NA
01M0TTMQV99AYPGEW60RFG8SEE,01M0TSZV8ERABP36QP2627EVMT,22,2,1787607945615,TRUE,2026-08-24T21:45:28Z,2026-08-24T21:45:47Z,01M0TT4SREDP4QR1H8V4E3X5G9,1787607927120
01M0TTMQV99AYPGEW60RFG8SEE,01M0TSZV8ERABP36QP2627EVMT,22,2,1787607945615,TRUE,2026-08-24T21:45:28Z,2026-08-24T21:45:47Z,01M0TT4JP6VSYSTADD58E33WM9,1787607926554
01M0TTNRKQQXV9DJFHFY5QCC2Z,01M0TSZGKJQW5S4GCP9150DNN9,33,3,NA,NA,NA,2026-08-24T21:26:27Z,NA,NA
01M0TTYQ1W7HVZR7A6DYEWETA2,01M0TTMWMDPGAHQRDA7BZJ8FEZ,6,1,1787608269122,FALSE,2026-08-24T21:50:31Z,2026-08-24T21:51:09Z,01M0TTENRE0ZSC234N2S1BW8ZS,1787608231814
01M0TTYQ1W7HVZR7A6DYEWETA2,01M0TTMWMDPGAHQRDA7BZJ8FEZ,6,1,1787608269122,FALSE,2026-08-24T21:50:31Z,2026-08-24T21:51:09Z,01M0TTJT0T1FXWVGTP027BYENQ,1787608035919
01M0TVK9FA6ESW43HA6M09KA5G,01M0TTMWMG725DJ5GA5M4WD8SY,20,2,1787608488770,TRUE,2026-08-24T21:54:27Z,2026-08-24T21:54:48Z,01M0TV8YZXT0HY97VC3QNJABKN,1787608468425
01M0TVK9FA6ESW43HA6M09KA5G,01M0TTMWMG725DJ5GA5M4WD8SY,20,2,1787608488770,TRUE,2026-08-24T21:54:27Z,2026-08-24T21:54:48Z,01M0TVD4RDDZ2GPYA2W2TBJY2J,1787608467522
01M0TTKN17QG7F0FB7MBTZ41GD,01M0TSZEY173D8F3KEP071GR06,32,3,1787608098597,TRUE,2026-08-24T21:48:04Z,2026-08-24T21:48:18Z,01M0TT55D1DRDQ3JPT1CDTT5VN,1787608084035
01M0TTKN17QG7F0FB7MBTZ41GD,01M0TSZEY173D8F3KEP071GR06,32,3,1787608098597,TRUE,2026-08-24T21:48:04Z,2026-08-24T21:48:18Z,01M0TTF3ADJ36CYQBD8356XFNQ,1787608083716
01M0TTMQRKPV365FHV1ZCZWC4F,01M0TSZV8ERABP36QP2627EVMT,42,4,1787608436655,TRUE,2026-08-24T21:53:47Z,2026-08-24T21:53:58Z,01M0TT4SREDP4QR1H8V4E3X5G9,1787608426530
01M0TTMQRKPV365FHV1ZCZWC4F,01M0TSZV8ERABP36QP2627EVMT,42,4,1787608436655,TRUE,2026-08-24T21:53:47Z,2026-08-24T21:53:58Z,01M0TT4JP6VSYSTADD58E33WM9,1787608425911
01M0TVK9G9EC8EYX1PA65KYAZB,01M0TTMWMG725DJ5GA5M4WD8SY,3,1,1787608155803,TRUE,2026-08-24T21:49:04Z,2026-08-24T21:49:15Z,01M0TV8YZXT0HY97VC3QNJABKN,1787608145097
01M0TVK9G9EC8EYX1PA65KYAZB,01M0TTMWMG725DJ5GA5M4WD8SY,3,1,1787608155803,TRUE,2026-08-24T21:49:04Z,2026-08-24T21:49:15Z,01M0TVD4RDDZ2GPYA2W2TBJY2J,1787608144099
01M0TTEY4R735E1H8KBGNPQCGJ,01M0TSZEY44B7XSP574QH2WQPJ,22,2,1787607877306,TRUE,2026-08-24T21:44:17Z,2026-08-24T21:44:37Z,01M0TT9XXJBBQAZ4WANFPESF7T,1787607857780
01M0TTEY4R735E1H8KBGNPQCGJ,01M0TSZEY44B7XSP574QH2WQPJ,22,2,1787607877306,TRUE,2026-08-24T21:44:17Z,2026-08-24T21:44:37Z,01M0TT49QHQY8JQV8C5T94HHYZ,1787607857929
01M0TTYPZBKQBG8PTS5RM4T360,01M0TTMWMDPGAHQRDA7BZJ8FEZ,1,1,1787607813696,FALSE,2026-08-24T21:46:17Z,2026-08-24T21:46:50Z,01M0TTENRE0ZSC234N2S1BW8ZS,1787607977662
01M0TTYPZBKQBG8PTS5RM4T360,01M0TTMWMDPGAHQRDA7BZJ8FEZ,1,1,1787607813696,FALSE,2026-08-24T21:46:17Z,2026-08-24T21:46:50Z,01M0TTJT0T1FXWVGTP027BYENQ,1787607781728
01M0TTKMWSRA5SKY10NAA71SN6,01M0TSZEY173D8F3KEP071GR06,19,2,1787607785308,TRUE,2026-08-24T21:42:43Z,2026-08-24T21:43:05Z,01M0TT55D1DRDQ3JPT1CDTT5VN,1787607762946
01M0TTKMWSRA5SKY10NAA71SN6,01M0TSZEY173D8F3KEP071GR06,19,2,1787607785308,TRUE,2026-08-24T21:42:43Z,2026-08-24T21:43:05Z,01M0TTF3ADJ36CYQBD8356XFNQ,1787607762693
01M0TT9KGSFM1ZBESA4190GBPN,01M0TSZGKE32G3R2H2EPQFBQNN,25,3,NA,NA,NA,2026-08-24T21:19:48Z,NA,NA
01M0TTKDDN6JBRG2ZTKGE45ZC7,01M0TSZGKM72FFW193EYG47F25,22,2,NA,NA,NA,2026-08-24T21:25:10Z,NA,NA
01M0TTKDDX603AKBNJ30GPP9W1,01M0TSZGKM72FFW193EYG47F25,23,2,NA,NA,NA,2026-08-24T21:25:10Z,NA,NA
01M0TV7K0ZTCV9MPPF950PZXXA,01M0TTMWM9GSP2NP0T4CET96EB,23,2,1787608630052,TRUE,2026-08-24T21:56:48Z,2026-08-24T21:57:11Z,01M0TTRGJ55RK21NQM11GGHNRN,1787608609519
01M0TV7K0ZTCV9MPPF950PZXXA,01M0TTMWM9GSP2NP0T4CET96EB,23,2,1787608630052,TRUE,2026-08-24T21:56:48Z,2026-08-24T21:57:11Z,01M0TV363Y2QH3CGTPHSZR512P,1787608607238
01M0TV7K1J0GM5YP41QYZRHNY1,01M0TTMWM9GSP2NP0T4CET96EB,16,2,1787608464682,TRUE,2026-08-24T21:53:31Z,2026-08-24T21:54:24Z,01M0TV363Y2QH3CGTPHSZR512P,1787608410299
01M0TV7K1J0GM5YP41QYZRHNY1,01M0TTMWM9GSP2NP0T4CET96EB,16,2,1787608464682,TRUE,2026-08-24T21:53:31Z,2026-08-24T21:54:24Z,01M0TTRGJ55RK21NQM11GGHNRN,1787608412608
01M0TT9KK3BHBVA1ZH643HE54V,01M0TSZGKE32G3R2H2EPQFBQNN,34,3,NA,NA,NA,2026-08-24T21:19:49Z,NA,NA
01M0TTEY3MWPDQRW8TQA14RMMG,01M0TSZEY44B7XSP574QH2WQPJ,33,3,1787608283707,TRUE,2026-08-24T21:50:31Z,2026-08-24T21:51:24Z,01M0TT49QHQY8JQV8C5T94HHYZ,1787608231681
01M0TTEY3MWPDQRW8TQA14RMMG,01M0TSZEY44B7XSP574QH2WQPJ,33,3,1787608283707,TRUE,2026-08-24T21:50:31Z,2026-08-24T21:51:24Z,01M0TT9XXJBBQAZ4WANFPESF7T,1787608231519
01M0TT9KHV9ZBBDTZGZM1NB4FF,01M0TSZGKE32G3R2H2EPQFBQNN,11,1,NA,NA,NA,2026-08-24T21:19:48Z,NA,NA
01M0TTKMV5F2GPZT995M1JEDMB,01M0TSZEY173D8F3KEP071GR06,4,1,1787607398327,TRUE,2026-08-24T21:36:26Z,2026-08-24T21:36:38Z,01M0TTF3ADJ36CYQBD8356XFNQ,1787607386154
01M0TTKMV5F2GPZT995M1JEDMB,01M0TSZEY173D8F3KEP071GR06,4,1,1787607398327,TRUE,2026-08-24T21:36:26Z,2026-08-24T21:36:38Z,01M0TT55D1DRDQ3JPT1CDTT5VN,1787607386396
01M0TTK10WESK9XX1EVC2AFESQ,01M0TSZEY54T11A9AMGVA6T4ZB,8,1,1787608149408,TRUE,2026-08-24T21:48:11Z,2026-08-24T21:49:09Z,01M0TT7ZVRQQW92P55GPN9KMMS,1787608094482
01M0TTK10WESK9XX1EVC2AFESQ,01M0TSZEY54T11A9AMGVA6T4ZB,8,1,1787608149408,TRUE,2026-08-24T21:48:11Z,2026-08-24T21:49:09Z,01M0TT7FNH08P86PFHWCV3NRS8,1787608092169
01M0TTK13C985P8CWDVEJEG750,01M0TSZEY54T11A9AMGVA6T4ZB,32,3,1787609194857,TRUE,2026-08-24T22:05:59Z,2026-08-24T22:06:34Z,01M0TT7FNH08P86PFHWCV3NRS8,1787609159750
01M0TTK13C985P8CWDVEJEG750,01M0TSZEY54T11A9AMGVA6T4ZB,32,3,1787609194857,TRUE,2026-08-24T22:05:59Z,2026-08-24T22:06:34Z,01M0TT7ZVRQQW92P55GPN9KMMS,1787609162056
01M0TTKDEP6P9CM4EEBBK2TNAF,01M0TSZGKM72FFW193EYG47F25,31,3,NA,NA,NA,2026-08-24T21:25:10Z,NA,NA
01M0TTYQ395FJA2C53BEC3KBSA,01M0TTMWMDPGAHQRDA7BZJ8FEZ,46,4,NA,NA,NA,2026-08-24T21:31:22Z,NA,NA
01M0TTA582BRRBVPN2AVG5D4V2,01M0TSZV8KEDQHAT4X3FNKVS2B,41,4,1787607994917,TRUE,2026-08-24T21:46:08Z,2026-08-24T21:46:35Z,01M0TT4SZRTK7MV5T48R9G1GQH,1787607968124
01M0TTA582BRRBVPN2AVG5D4V2,01M0TSZV8KEDQHAT4X3FNKVS2B,41,4,1787607994917,TRUE,2026-08-24T21:46:08Z,2026-08-24T21:46:35Z,01M0TT3ZTTV22XQGZD0K61T6A4,1787607968105
01M0TTK10A7AKK5NF8W8WR1SKC,01M0TSZEY54T11A9AMGVA6T4ZB,45,4,1787609631065,TRUE,2026-08-24T22:13:04Z,2026-08-24T22:13:48Z,01M0TT7FNH08P86PFHWCV3NRS8,1787609585047
01M0TTK10A7AKK5NF8W8WR1SKC,01M0TSZEY54T11A9AMGVA6T4ZB,45,4,1787609631065,TRUE,2026-08-24T22:13:04Z,2026-08-24T22:13:48Z,01M0TT7ZVRQQW92P55GPN9KMMS,1787609587350
01M0TTKDAXE8SPJ3HA7321D92E,01M0TSZGKM72FFW193EYG47F25,17,2,NA,NA,NA,2026-08-24T21:25:10Z,NA,NA
01M0TTMQR1W58442SPPYZSPSKX,01M0TSZV8ERABP36QP2627EVMT,47,4,1787608517397,TRUE,2026-08-24T21:55:01Z,2026-08-24T21:55:18Z,01M0TT4JP6VSYSTADD58E33WM9,1787608500376
01M0TTMQR1W58442SPPYZSPSKX,01M0TSZV8ERABP36QP2627EVMT,47,4,1787608517397,TRUE,2026-08-24T21:55:01Z,2026-08-24T21:55:18Z,01M0TT4SREDP4QR1H8V4E3X5G9,1787608500954
01M0TTYQ87WY64T143PF8FJ197,01M0TTMWMDPGAHQRDA7BZJ8FEZ,36,4,NA,NA,NA,2026-08-24T21:31:22Z,NA,NA
01M0TTA592MXWP6YXSMDNF9JHB,01M0TSZV8KEDQHAT4X3FNKVS2B,32,3,1787607760158,TRUE,2026-08-24T21:42:23Z,2026-08-24T21:42:42Z,01M0TT4SZRTK7MV5T48R9G1GQH,1787607743183
01M0TTA592MXWP6YXSMDNF9JHB,01M0TSZV8KEDQHAT4X3FNKVS2B,32,3,1787607760158,TRUE,2026-08-24T21:42:23Z,2026-08-24T21:42:42Z,01M0TT3ZTTV22XQGZD0K61T6A4,1787607743052
01M0TTEY3V3GPCXRAB0KTB5A4J,01M0TSZEY44B7XSP574QH2WQPJ,31,3,1787608193548,TRUE,2026-08-24T21:49:02Z,2026-08-24T21:49:53Z,01M0TT49QHQY8JQV8C5T94HHYZ,1787608142286
01M0TTEY3V3GPCXRAB0KTB5A4J,01M0TSZEY44B7XSP574QH2WQPJ,31,3,1787608193548,TRUE,2026-08-24T21:49:02Z,2026-08-24T21:49:53Z,01M0TT9XXJBBQAZ4WANFPESF7T,1787608142117
01M0TTMQR3HQG5TX6WBJX25RHH,01M0TSZV8ERABP36QP2627EVMT,3,1,1787607321891,TRUE,2026-08-24T21:34:51Z,2026-08-24T21:35:22Z,01M0TT4SREDP4QR1H8V4E3X5G9,1787607290998
01M0TTMQR3HQG5TX6WBJX25RHH,01M0TSZV8ERABP36QP2627EVMT,3,1,1787607321891,TRUE,2026-08-24T21:34:51Z,2026-08-24T21:35:22Z,01M0TT4JP6VSYSTADD58E33WM9,1787607290855
01M0TTTPGF52Q5AKEG7QSP2T2X,01M0TSZV8KEDQHAT4X33M1GG1C,42,4,1787609564553,TRUE,2026-08-24T22:12:20Z,2026-08-24T22:12:47Z,01M0TT467Q69C5HQ20GW6FRRF2,1787609538281
01M0TTTPGF52Q5AKEG7QSP2T2X,01M0TSZV8KEDQHAT4X33M1GG1C,42,4,1787609564553,TRUE,2026-08-24T22:12:20Z,2026-08-24T22:12:47Z,01M0TTBQPRE9XMJHBPDKM8GTC4,1787609539284
01M0TV7JMV7SXYDW68X3BHREMX,01M0TTMWM9GSP2NP0T4CET96EB,19,2,1787608518806,TRUE,2026-08-24T21:55:09Z,2026-08-24T21:55:20Z,01M0TTRGJ55RK21NQM11GGHNRN,1787608509801
01M0TV7JMV7SXYDW68X3BHREMX,01M0TTMWM9GSP2NP0T4CET96EB,19,2,1787608518806,TRUE,2026-08-24T21:55:09Z,2026-08-24T21:55:20Z,01M0TV363Y2QH3CGTPHSZR512P,1787608507721
01M0TV7K25RC6BZHP7Q1MHPX1W,01M0TTMWM9GSP2NP0T4CET96EB,0,1,1787607921541,TRUE,2026-08-24T21:44:41Z,2026-08-24T21:45:21Z,01M0TTRGJ55RK21NQM11GGHNRN,1787607881973
01M0TV7K25RC6BZHP7Q1MHPX1W,01M0TTMWM9GSP2NP0T4CET96EB,0,1,1787607921541,TRUE,2026-08-24T21:44:41Z,2026-08-24T21:45:21Z,01M0TV363Y2QH3CGTPHSZR512P,1787607879726
01M0TTA5796WFMQCP8QWHHCX3F,01M0TSZV8KEDQHAT4X3FNKVS2B,1,1,1787606649034,TRUE,2026-08-24T21:23:30Z,2026-08-24T21:24:09Z,01M0TT3ZTTV22XQGZD0K61T6A4,1787606610719
01M0TTA5796WFMQCP8QWHHCX3F,01M0TSZV8KEDQHAT4X3FNKVS2B,1,1,1787606649034,TRUE,2026-08-24T21:23:30Z,2026-08-24T21:24:09Z,01M0TT4SZRTK7MV5T48R9G1GQH,1787606610726
01M0TTKD9QKW72TZS00NN9MRBT,01M0TSZGKM72FFW193EYG47F25,7,1,NA,NA,NA,2026-08-24T21:25:09Z,NA,NA
01M0TTKDF26WFHZ4QVRA0YEZX7,01M0TSZGKM72FFW193EYG47F25,38,4,NA,NA,NA,2026-08-24T21:25:10Z,NA,NA
01M0TTMQPGB6QAM67XDTFQB10D,01M0TSZV8ERABP36QP2627EVMT,0,1,1787607214879,FALSE,2026-08-24T21:32:41Z,2026-08-24T21:33:36Z,01M0TT4SREDP4QR1H8V4E3X5G9,1787607161056
01M0TTMQPGB6QAM67XDTFQB10D,01M0TSZV8ERABP36QP2627EVMT,0,1,1787607214879,FALSE,2026-08-24T21:32:41Z,2026-08-24T21:33:36Z,01M0TT4JP6VSYSTADD58E33WM9,1787607166883
01M0TTMQS5Y25WY0NZHRQ4JMH9,01M0TSZV8ERABP36QP2627EVMT,7,1,1787607511679,FALSE,2026-08-24T21:37:58Z,2026-08-24T21:38:32Z,01M0TT4JP6VSYSTADD58E33WM9,1787607476872
01M0TTMQS5Y25WY0NZHRQ4JMH9,01M0TSZV8ERABP36QP2627EVMT,7,1,1787607511679,FALSE,2026-08-24T21:37:58Z,2026-08-24T21:38:32Z,01M0TT4SREDP4QR1H8V4E3X5G9,1787607477379
01M0TTNRF7NSR3Y1WBWY7ASDSR,01M0TSZGKJQW5S4GCP9150DNN9,37,4,NA,NA,NA,2026-08-24T21:26:27Z,NA,NA
01M0TV7JXMZP9M4KPNNYF4YY09,01M0TTMWM9GSP2NP0T4CET96EB,35,3,1787608865061,TRUE,2026-08-24T22:00:55Z,2026-08-24T22:01:06Z,01M0TV363Y2QH3CGTPHSZR512P,1787608854277
01M0TV7JXMZP9M4KPNNYF4YY09,01M0TTMWM9GSP2NP0T4CET96EB,35,3,1787608865061,TRUE,2026-08-24T22:00:55Z,2026-08-24T22:01:06Z,01M0TTRGJ55RK21NQM11GGHNRN,1787608856253
01M0TTA5AS3RV690XS3M2SW0XS,01M0TSZV8KEDQHAT4X3FNKVS2B,26,3,1787607637998,TRUE,2026-08-24T21:40:26Z,2026-08-24T21:40:38Z,01M0TT3ZTTV22XQGZD0K61T6A4,1787607626817
01M0TTA5AS3RV690XS3M2SW0XS,01M0TSZV8KEDQHAT4X3FNKVS2B,26,3,1787607637998,TRUE,2026-08-24T21:40:26Z,2026-08-24T21:40:38Z,01M0TT4SZRTK7MV5T48R9G1GQH,1787607626826
01M0TTK18PZ0PYJEA38V2Y8EBF,01M0TSZEY54T11A9AMGVA6T4ZB,28,3,1787609071878,FALSE,2026-08-24T22:03:44Z,2026-08-24T22:04:31Z,01M0TT7FNH08P86PFHWCV3NRS8,1787609024248
01M0TTK18PZ0PYJEA38V2Y8EBF,01M0TSZEY54T11A9AMGVA6T4ZB,28,3,1787609071878,FALSE,2026-08-24T22:03:44Z,2026-08-24T22:04:31Z,01M0TT7ZVRQQW92P55GPN9KMMS,1787609026574
01M0TTKDESBB1EHSTS189ZJY38,01M0TSZGKM72FFW193EYG47F25,33,3,NA,NA,NA,2026-08-24T21:25:10Z,NA,NA
01M0TTKMWBBS9FZZTMW3YFDFTC,01M0TSZEY173D8F3KEP071GR06,16,2,1787607709615,TRUE,2026-08-24T21:41:28Z,2026-08-24T21:41:49Z,01M0TT55D1DRDQ3JPT1CDTT5VN,1787607688176
01M0TTKMWBBS9FZZTMW3YFDFTC,01M0TSZEY173D8F3KEP071GR06,16,2,1787607709615,TRUE,2026-08-24T21:41:28Z,2026-08-24T21:41:49Z,01M0TTF3ADJ36CYQBD8356XFNQ,1787607687814
01M0TTMQQ3KXQJ6BHVKXV2GCY6,01M0TSZV8ERABP36QP2627EVMT,34,3,1787608276312,TRUE,2026-08-24T21:51:01Z,2026-08-24T21:51:17Z,01M0TT4SREDP4QR1H8V4E3X5G9,1787608260291
01M0TTMQQ3KXQJ6BHVKXV2GCY6,01M0TSZV8ERABP36QP2627EVMT,34,3,1787608276312,TRUE,2026-08-24T21:51:01Z,2026-08-24T21:51:17Z,01M0TT4JP6VSYSTADD58E33WM9,1787608259862
01M0TTTPKWC3R3R1VQXAJ426R2,01M0TSZV8KEDQHAT4X33M1GG1C,34,3,1787609267795,TRUE,2026-08-24T22:07:08Z,2026-08-24T22:07:50Z,01M0TT467Q69C5HQ20GW6FRRF2,1787609225874
01M0TTTPKWC3R3R1VQXAJ426R2,01M0TSZV8KEDQHAT4X33M1GG1C,34,3,1787609267795,TRUE,2026-08-24T22:07:08Z,2026-08-24T22:07:50Z,01M0TTBQPRE9XMJHBPDKM8GTC4,1787609226640
01M0TT9KFQZ8PBQZDYEK80GEX2,01M0TSZGKE32G3R2H2EPQFBQNN,17,2,NA,NA,NA,2026-08-24T21:19:48Z,NA,NA
01M0TTK18S21Q80GH0Q5PZY6NQ,01M0TSZEY54T11A9AMGVA6T4ZB,29,3,1787609100292,TRUE,2026-08-24T22:04:35Z,2026-08-24T22:04:57Z,01M0TT7FNH08P86PFHWCV3NRS8,1787609075396
01M0TTK18S21Q80GH0Q5PZY6NQ,01M0TSZEY54T11A9AMGVA6T4ZB,29,3,1787609100292,TRUE,2026-08-24T22:04:35Z,2026-08-24T22:04:57Z,01M0TT7ZVRQQW92P55GPN9KMMS,1787609077674
01M0TTK1956TXJDDKP0BJPEB7P,01M0TSZEY54T11A9AMGVA6T4ZB,44,4,1787609581469,TRUE,2026-08-24T22:12:26Z,2026-08-24T22:13:01Z,01M0TT7ZVRQQW92P55GPN9KMMS,1787609548737
01M0TTK1956TXJDDKP0BJPEB7P,01M0TSZEY54T11A9AMGVA6T4ZB,44,4,1787609581469,TRUE,2026-08-24T22:12:26Z,2026-08-24T22:13:01Z,01M0TT7FNH08P86PFHWCV3NRS8,1787609546387
01M0TTKDEQ7QGNTNPY004AFSEH,01M0TSZGKM72FFW193EYG47F25,32,3,NA,NA,NA,2026-08-24T21:25:10Z,NA,NA
01M0TVK9H1MJSBBJS5X7DQB712,01M0TTMWMG725DJ5GA5M4WD8SY,6,1,1787608221296,TRUE,2026-08-24T21:50:02Z,2026-08-24T21:50:20Z,01M0TV8YZXT0HY97VC3QNJABKN,1787608203070
01M0TVK9H1MJSBBJS5X7DQB712,01M0TTMWMG725DJ5GA5M4WD8SY,6,1,1787608221296,TRUE,2026-08-24T21:50:02Z,2026-08-24T21:50:20Z,01M0TVD4RDDZ2GPYA2W2TBJY2J,1787608202130
01M0TTK11X3TBF14YA1A2Q1Q3C,01M0TSZEY54T11A9AMGVA6T4ZB,18,2,1787608603697,FALSE,2026-08-24T21:56:10Z,2026-08-24T21:56:43Z,01M0TT7ZVRQQW92P55GPN9KMMS,1787608573488
01M0TTK11X3TBF14YA1A2Q1Q3C,01M0TSZEY54T11A9AMGVA6T4ZB,18,2,1787608603697,FALSE,2026-08-24T21:56:10Z,2026-08-24T21:56:43Z,01M0TT7FNH08P86PFHWCV3NRS8,1787608571222
01M0TTKD9CBXZ9A2NYQ9RP0641,01M0TSZGKM72FFW193EYG47F25,5,1,NA,NA,NA,2026-08-24T21:25:09Z,NA,NA
01M0TTNRHFS8YQADE4BCN35HTQ,01M0TSZGKJQW5S4GCP9150DNN9,14,2,NA,NA,NA,2026-08-24T21:26:27Z,NA,NA
01M0TTNRJVPABY3DJT5BWSXX0J,01M0TSZGKJQW5S4GCP9150DNN9,7,1,NA,NA,NA,2026-08-24T21:26:26Z,NA,NA
01M0TTTPNYC5Y2854FT0F5SW3M,01M0TSZV8KEDQHAT4X33M1GG1C,26,3,1787608895826,FALSE,2026-08-24T22:00:42Z,2026-08-24T22:01:38Z,01M0TTBQPRE9XMJHBPDKM8GTC4,1787608841059
01M0TTTPNYC5Y2854FT0F5SW3M,01M0TSZV8KEDQHAT4X33M1GG1C,26,3,1787608895826,FALSE,2026-08-24T22:00:42Z,2026-08-24T22:01:38Z,01M0TT467Q69C5HQ20GW6FRRF2,1787608840077
01M0TTKDACZQ1DCZWZXJ69MET8,01M0TSZGKM72FFW193EYG47F25,12,2,NA,NA,NA,2026-08-24T21:25:10Z,NA,NA
01M0TTNRF4D16FXTAAMR7XQNAJ,01M0TSZGKJQW5S4GCP9150DNN9,20,2,NA,NA,NA,2026-08-24T21:26:27Z,NA,NA
01M0TTTPJTMC7A25YTNHHH0BPF,01M0TSZV8KEDQHAT4X33M1GG1C,36,4,1787609346292,TRUE,2026-08-24T22:08:36Z,2026-08-24T22:09:09Z,01M0TTBQPRE9XMJHBPDKM8GTC4,1787609314797
01M0TTTPJTMC7A25YTNHHH0BPF,01M0TSZV8KEDQHAT4X33M1GG1C,36,4,1787609346292,TRUE,2026-08-24T22:08:36Z,2026-08-24T22:09:09Z,01M0TT467Q69C5HQ20GW6FRRF2,1787609313802
01M0TV7JP7EXYF7342M8ABQ8YV,01M0TTMWM9GSP2NP0T4CET96EB,8,1,1787608233919,TRUE,2026-08-24T21:49:44Z,2026-08-24T21:50:33Z,01M0TV363Y2QH3CGTPHSZR512P,1787608182728
01M0TV7JP7EXYF7342M8ABQ8YV,01M0TTMWM9GSP2NP0T4CET96EB,8,1,1787608233919,TRUE,2026-08-24T21:49:44Z,2026-08-24T21:50:33Z,01M0TTRGJ55RK21NQM11GGHNRN,1787608184754
01M0TVK9KF2JM3HWDWT9ZRSEST,01M0TTMWMG725DJ5GA5M4WD8SY,14,2,1787608395372,TRUE,2026-08-24T21:53:03Z,2026-08-24T21:53:14Z,01M0TVD4RDDZ2GPYA2W2TBJY2J,1787608383114
01M0TVK9KF2JM3HWDWT9ZRSEST,01M0TTMWMG725DJ5GA5M4WD8SY,14,2,1787608395372,TRUE,2026-08-24T21:53:03Z,2026-08-24T21:53:14Z,01M0TV8YZXT0HY97VC3QNJABKN,1787608384118
01M0TTA599EAT404370QMBDTVA,01M0TSZV8KEDQHAT4X3FNKVS2B,27,3,1787607663469,TRUE,2026-08-24T21:40:41Z,2026-08-24T21:41:03Z,01M0TT4SZRTK7MV5T48R9G1GQH,1787607641405
01M0TTA599EAT404370QMBDTVA,01M0TSZV8KEDQHAT4X3FNKVS2B,27,3,1787607663469,TRUE,2026-08-24T21:40:41Z,2026-08-24T21:41:03Z,01M0TT3ZTTV22XQGZD0K61T6A4,1787607641401
01M0TTNRDFV6CTKSVHQJPFC2H0,01M0TSZGKJQW5S4GCP9150DNN9,23,2,NA,NA,NA,2026-08-24T21:26:27Z,NA,NA
01M0TTMQVZGZCD67EWP7K8FFQE,01M0TSZV8ERABP36QP2627EVMT,26,3,1787608082990,TRUE,2026-08-24T21:47:18Z,2026-08-24T21:48:04Z,01M0TT4SREDP4QR1H8V4E3X5G9,1787608037818
01M0TTMQVZGZCD67EWP7K8FFQE,01M0TSZV8ERABP36QP2627EVMT,26,3,1787608082990,TRUE,2026-08-24T21:47:18Z,2026-08-24T21:48:04Z,01M0TT4JP6VSYSTADD58E33WM9,1787608037196
01M0TTTPEVD8VTDJ3K40Y6JM1E,01M0TSZV8KEDQHAT4X33M1GG1C,0,1,1787607685453,TRUE,2026-08-24T21:40:33Z,2026-08-24T21:41:28Z,01M0TT467Q69C5HQ20GW6FRRF2,1787607631107
01M0TTTPEVD8VTDJ3K40Y6JM1E,01M0TSZV8KEDQHAT4X33M1GG1C,0,1,1787607685453,TRUE,2026-08-24T21:40:33Z,2026-08-24T21:41:28Z,01M0TTBQPRE9XMJHBPDKM8GTC4,1787607631760
01M0TVK9JPBB2BD0WVTYMB4EE1,01M0TTMWMG725DJ5GA5M4WD8SY,12,2,1787608366628,TRUE,2026-08-24T21:52:30Z,2026-08-24T21:52:45Z,01M0TVD4RDDZ2GPYA2W2TBJY2J,1787608350663
01M0TVK9JPBB2BD0WVTYMB4EE1,01M0TTMWMG725DJ5GA5M4WD8SY,12,2,1787608366628,TRUE,2026-08-24T21:52:30Z,2026-08-24T21:52:45Z,01M0TV8YZXT0HY97VC3QNJABKN,1787608351635
01M0TTKDEHQVYRFQECSE8FNHPE,01M0TSZGKM72FFW193EYG47F25,28,3,NA,NA,NA,2026-08-24T21:25:10Z,NA,NA
01M0TTKN0Q50W9H411RD7NS4AZ,01M0TSZEY173D8F3KEP071GR06,30,3,1787608052630,TRUE,2026-08-24T21:47:01Z,2026-08-24T21:47:32Z,01M0TT55D1DRDQ3JPT1CDTT5VN,1787608021531
01M0TTKN0Q50W9H411RD7NS4AZ,01M0TSZEY173D8F3KEP071GR06,30,3,1787608052630,TRUE,2026-08-24T21:47:01Z,2026-08-24T21:47:32Z,01M0TTF3ADJ36CYQBD8356XFNQ,1787608021206
01M0TTTPRT0KJ8VKW180HK0X4Q,01M0TSZV8KEDQHAT4X33M1GG1C,23,2,1787608766107,TRUE,2026-08-24T21:58:47Z,2026-08-24T21:59:27Z,01M0TT467Q69C5HQ20GW6FRRF2,1787608724667
01M0TTTPRT0KJ8VKW180HK0X4Q,01M0TSZV8KEDQHAT4X33M1GG1C,23,2,1787608766107,TRUE,2026-08-24T21:58:47Z,2026-08-24T21:59:27Z,01M0TTBQPRE9XMJHBPDKM8GTC4,1787608725661
01M0TTEY34HWQBR9JMXVTS92B0,01M0TSZEY44B7XSP574QH2WQPJ,36,4,1787608351369,TRUE,2026-08-24T21:52:21Z,2026-08-24T21:52:31Z,01M0TT49QHQY8JQV8C5T94HHYZ,1787608341509
01M0TTEY34HWQBR9JMXVTS92B0,01M0TSZEY44B7XSP574QH2WQPJ,36,4,1787608351369,TRUE,2026-08-24T21:52:21Z,2026-08-24T21:52:31Z,01M0TT9XXJBBQAZ4WANFPESF7T,1787608341298
01M0TTTPQRG11F4CTAXEMKP04G,01M0TSZV8KEDQHAT4X33M1GG1C,25,3,1787608837540,TRUE,2026-08-24T22:00:06Z,2026-08-24T22:00:39Z,01M0TT467Q69C5HQ20GW6FRRF2,1787608803959
01M0TTTPQRG11F4CTAXEMKP04G,01M0TSZV8KEDQHAT4X33M1GG1C,25,3,1787608837540,TRUE,2026-08-24T22:00:06Z,2026-08-24T22:00:39Z,01M0TTBQPRE9XMJHBPDKM8GTC4,1787608804728
01M0TTEY3YDSH1CAC1K16BH2BC,01M0TSZEY44B7XSP574QH2WQPJ,29,3,1787608104556,TRUE,2026-08-24T21:48:10Z,2026-08-24T21:48:24Z,01M0TT49QHQY8JQV8C5T94HHYZ,1787608090117
01M0TTEY3YDSH1CAC1K16BH2BC,01M0TSZEY44B7XSP574QH2WQPJ,29,3,1787608104556,TRUE,2026-08-24T21:48:10Z,2026-08-24T21:48:24Z,01M0TT9XXJBBQAZ4WANFPESF7T,1787608089956
01M0TT9KMBQ9CH1QB65NJ5EQDV,01M0TSZGKE32G3R2H2EPQFBQNN,27,3,NA,NA,NA,2026-08-24T21:19:49Z,NA,NA
01M0TTA5ET0VQ8679ZXD4S0ZVZ,01M0TSZV8KEDQHAT4X3FNKVS2B,5,1,1787606902376,TRUE,2026-08-24T21:26:24Z,2026-08-24T21:28:22Z,01M0TT3ZTTV22XQGZD0K61T6A4,1787606784684
01M0TTA5ET0VQ8679ZXD4S0ZVZ,01M0TSZV8KEDQHAT4X3FNKVS2B,5,1,1787606902376,TRUE,2026-08-24T21:26:24Z,2026-08-24T21:28:22Z,01M0TT4SZRTK7MV5T48R9G1GQH,1787606784684
01M0TTKDEYB03WKG54SG66MXRY,01M0TSZGKM72FFW193EYG47F25,36,4,NA,NA,NA,2026-08-24T21:25:10Z,NA,NA
01M0TV7JV7SPHHVBEGRZ84DTBT,01M0TTMWM9GSP2NP0T4CET96EB,43,4,1787608995348,TRUE,2026-08-24T22:03:07Z,2026-08-24T22:03:17Z,01M0TTRGJ55RK21NQM11GGHNRN,1787608987751
01M0TV7JV7SPHHVBEGRZ84DTBT,01M0TTMWM9GSP2NP0T4CET96EB,43,4,1787608995348,TRUE,2026-08-24T22:03:07Z,2026-08-24T22:03:17Z,01M0TV363Y2QH3CGTPHSZR512P,1787608985630
01M0TT9KJXDZ9RTR7WSS1FKRXS,01M0TSZGKE32G3R2H2EPQFBQNN,15,2,NA,NA,NA,2026-08-24T21:19:48Z,NA,NA
01M0TTK16KQYT2X97TRZWMF19X,01M0TSZEY54T11A9AMGVA6T4ZB,24,3,1787608878065,FALSE,2026-08-24T22:00:24Z,2026-08-24T22:01:17Z,01M0TT7ZVRQQW92P55GPN9KMMS,1787608827104
01M0TTK16KQYT2X97TRZWMF19X,01M0TSZEY54T11A9AMGVA6T4ZB,24,3,1787608878065,FALSE,2026-08-24T22:00:24Z,2026-08-24T22:01:17Z,01M0TT7FNH08P86PFHWCV3NRS8,1787608824654
01M0TTKMV77SDSB47S8N7QH2GR,01M0TSZEY173D8F3KEP071GR06,0,1,1787607312658,TRUE,2026-08-24T21:34:39Z,2026-08-24T21:35:12Z,01M0TT55D1DRDQ3JPT1CDTT5VN,1787607279262
01M0TTKMV77SDSB47S8N7QH2GR,01M0TSZEY173D8F3KEP071GR06,0,1,1787607312658,TRUE,2026-08-24T21:34:39Z,2026-08-24T21:35:12Z,01M0TTF3ADJ36CYQBD8356XFNQ,1787607278957
01M0TTTPSPS4JY62EVQBG2VN38,01M0TSZV8KEDQHAT4X33M1GG1C,27,3,1787608957686,TRUE,2026-08-24T22:01:41Z,2026-08-24T22:02:39Z,01M0TT467Q69C5HQ20GW6FRRF2,1787608899325
01M0TTTPSPS4JY62EVQBG2VN38,01M0TSZV8KEDQHAT4X33M1GG1C,27,3,1787608957686,TRUE,2026-08-24T22:01:41Z,2026-08-24T22:02:39Z,01M0TTBQPRE9XMJHBPDKM8GTC4,1787608900311
01M0TTYQHPEYFF8ZYDZ2D2M1RN,01M0TTMWMDPGAHQRDA7BZJ8FEZ,21,2,NA,NA,NA,2026-08-24T21:31:21Z,NA,NA
01M0TT9KFGX37CJCRGMHHJC9JX,01M0TSZGKE32G3R2H2EPQFBQNN,21,2,NA,NA,NA,2026-08-24T21:19:48Z,NA,NA
01M0TT9KKJWWW4KMM10DG4S5JM,01M0TSZGKE32G3R2H2EPQFBQNN,30,3,NA,NA,NA,2026-08-24T21:19:49Z,NA,NA
01M0TTTPFT16T9WEVSRXNCR931,01M0TSZV8KEDQHAT4X33M1GG1C,2,1,1787607796448,FALSE,2026-08-24T21:42:32Z,2026-08-24T21:43:19Z,01M0TTBQPRE9XMJHBPDKM8GTC4,1787607751073
01M0TTTPFT16T9WEVSRXNCR931,01M0TSZV8KEDQHAT4X33M1GG1C,2,1,1787607796448,FALSE,2026-08-24T21:42:32Z,2026-08-24T21:43:19Z,01M0TT467Q69C5HQ20GW6FRRF2,1787607750263
01M0TTTPJETWQPZZX8MCH68X7G,01M0TSZV8KEDQHAT4X33M1GG1C,17,2,1787608520052,FALSE,2026-08-24T21:54:40Z,2026-08-24T21:55:21Z,01M0TT467Q69C5HQ20GW6FRRF2,1787608478108
01M0TTTPJETWQPZZX8MCH68X7G,01M0TSZV8KEDQHAT4X33M1GG1C,17,2,1787608520052,FALSE,2026-08-24T21:54:40Z,2026-08-24T21:55:21Z,01M0TTBQPRE9XMJHBPDKM8GTC4,1787608479093
01M0TTYQHYS3PMRW8GS7J3C6MM,01M0TTMWMDPGAHQRDA7BZJ8FEZ,20,2,NA,NA,NA,2026-08-24T21:31:21Z,NA,NA
01M0TTEY4282EQG3ZE34S6C2RS,01M0TSZEY44B7XSP574QH2WQPJ,27,3,1787608037012,TRUE,2026-08-24T21:46:41Z,2026-08-24T21:47:17Z,01M0TT9XXJBBQAZ4WANFPESF7T,1787608000954
01M0TTEY4282EQG3ZE34S6C2RS,01M0TSZEY44B7XSP574QH2WQPJ,27,3,1787608037012,TRUE,2026-08-24T21:46:41Z,2026-08-24T21:47:17Z,01M0TT49QHQY8JQV8C5T94HHYZ,1787608001160
01M0TTKMTT2RM8BRPPZ9B0062C,01M0TSZEY173D8F3KEP071GR06,11,1,1787607575792,TRUE,2026-08-24T21:39:02Z,2026-08-24T21:39:36Z,01M0TTF3ADJ36CYQBD8356XFNQ,1787607541963
01M0TTKMTT2RM8BRPPZ9B0062C,01M0TSZEY173D8F3KEP071GR06,11,1,1787607575792,TRUE,2026-08-24T21:39:02Z,2026-08-24T21:39:36Z,01M0TT55D1DRDQ3JPT1CDTT5VN,1787607542352
01M0TTNRKWSNVEDBHRMWJMR96W,01M0TSZGKJQW5S4GCP9150DNN9,4,1,NA,FALSE,2026-08-24T22:29:17Z,2026-08-24T22:30:17Z,01M0TT4TXD8SRXYDAE6TW71C0D,1787610496051
01M0TTTPN187QJEH8TKWVPMBKW,01M0TSZV8KEDQHAT4X33M1GG1C,12,2,1787608317919,TRUE,2026-08-24T21:51:32Z,2026-08-24T21:52:00Z,01M0TT467Q69C5HQ20GW6FRRF2,1787608290657
01M0TTTPN187QJEH8TKWVPMBKW,01M0TSZV8KEDQHAT4X33M1GG1C,12,2,1787608317919,TRUE,2026-08-24T21:51:32Z,2026-08-24T21:52:00Z,01M0TTBQPRE9XMJHBPDKM8GTC4,1787608291268
01M0TTYQ4J33TAP4R67Z3HWZ3B,01M0TTMWMDPGAHQRDA7BZJ8FEZ,43,4,NA,NA,NA,2026-08-24T21:31:22Z,NA,NA
01M0TTYQBRV5ACJNARS41R3SRD,01M0TTMWMDPGAHQRDA7BZJ8FEZ,31,3,NA,NA,NA,2026-08-24T21:31:21Z,NA,NA
01M0TT9KGNV61WBG8M6WSMPQE2,01M0TSZGKE32G3R2H2EPQFBQNN,26,3,NA,NA,NA,2026-08-24T21:19:49Z,NA,NA
01M0TTNRJF84CXT8D9DPQT03AP,01M0TSZGKJQW5S4GCP9150DNN9,10,1,NA,NA,NA,2026-08-24T21:26:27Z,NA,NA
01M0TTEY5XFSBD5KHXJ0E3EV59,01M0TSZEY44B7XSP574QH2WQPJ,43,4,1787608560332,TRUE,2026-08-24T21:55:33Z,2026-08-24T21:56:00Z,01M0TT9XXJBBQAZ4WANFPESF7T,1787608533122
01M0TTEY5XFSBD5KHXJ0E3EV59,01M0TSZEY44B7XSP574QH2WQPJ,43,4,1787608560332,TRUE,2026-08-24T21:55:33Z,2026-08-24T21:56:00Z,01M0TT49QHQY8JQV8C5T94HHYZ,1787608533333
01M0TV7K1SBQ74A0QB45R2FX5M,01M0TTMWM9GSP2NP0T4CET96EB,15,2,1787608406756,TRUE,2026-08-24T21:53:21Z,2026-08-24T21:53:28Z,01M0TTRGJ55RK21NQM11GGHNRN,1787608402189
01M0TV7K1SBQ74A0QB45R2FX5M,01M0TTMWM9GSP2NP0T4CET96EB,15,2,1787608406756,TRUE,2026-08-24T21:53:21Z,2026-08-24T21:53:28Z,01M0TV363Y2QH3CGTPHSZR512P,1787608400003
01M0TTTPGX76JCZ549AFR7WFR3,01M0TSZV8KEDQHAT4X33M1GG1C,18,2,1787608548605,TRUE,2026-08-24T21:55:25Z,2026-08-24T21:55:51Z,01M0TTBQPRE9XMJHBPDKM8GTC4,1787608523844
01M0TTTPGX76JCZ549AFR7WFR3,01M0TSZV8KEDQHAT4X33M1GG1C,18,2,1787608548605,TRUE,2026-08-24T21:55:25Z,2026-08-24T21:55:51Z,01M0TT467Q69C5HQ20GW6FRRF2,1787608522812
01M0TTYQGYJETM0ZJXQZQFSNCW,01M0TTMWMDPGAHQRDA7BZJ8FEZ,23,2,NA,NA,NA,2026-08-24T21:31:21Z,NA,NA
01M0TTK12T6T9H3N73NE4SXN10,01M0TSZEY54T11A9AMGVA6T4ZB,39,4,1787609423061,FALSE,2026-08-24T22:09:43Z,2026-08-24T22:10:20Z,01M0TT7FNH08P86PFHWCV3NRS8,1787609383650
01M0TTK12T6T9H3N73NE4SXN10,01M0TSZEY54T11A9AMGVA6T4ZB,39,4,1787609423061,FALSE,2026-08-24T22:09:43Z,2026-08-24T22:10:20Z,01M0TT7ZVRQQW92P55GPN9KMMS,1787609386086
01M0TTK16V1T83W9TX1F86NYR1,01M0TSZEY54T11A9AMGVA6T4ZB,26,3,1787608962726,TRUE,2026-08-24T22:02:00Z,2026-08-24T22:02:42Z,01M0TT7FNH08P86PFHWCV3NRS8,1787608920297
01M0TTK16V1T83W9TX1F86NYR1,01M0TSZEY54T11A9AMGVA6T4ZB,26,3,1787608962726,TRUE,2026-08-24T22:02:00Z,2026-08-24T22:02:42Z,01M0TT7ZVRQQW92P55GPN9KMMS,1787608922585
01M0TTMQQBTCTCF3S8GTFMB3C1,01M0TSZV8ERABP36QP2627EVMT,37,4,1787608343705,TRUE,2026-08-24T21:52:11Z,2026-08-24T21:52:24Z,01M0TT4SREDP4QR1H8V4E3X5G9,1787608330721
01M0TTMQQBTCTCF3S8GTFMB3C1,01M0TSZV8ERABP36QP2627EVMT,37,4,1787608343705,TRUE,2026-08-24T21:52:11Z,2026-08-24T21:52:24Z,01M0TT4JP6VSYSTADD58E33WM9,1787608330192
01M0TTEY2ND8D7AR82ERCK88PV,01M0TSZEY44B7XSP574QH2WQPJ,8,1,1787607298198,TRUE,2026-08-24T21:34:08Z,2026-08-24T21:34:58Z,01M0TT49QHQY8JQV8C5T94HHYZ,1787607248054
01M0TTEY2ND8D7AR82ERCK88PV,01M0TSZEY44B7XSP574QH2WQPJ,8,1,1787607298198,TRUE,2026-08-24T21:34:08Z,2026-08-24T21:34:58Z,01M0TT9XXJBBQAZ4WANFPESF7T,1787607247871
01M0TTKDFF1ADFN4MK0SWMW35P,01M0TSZGKM72FFW193EYG47F25,41,4,NA,NA,NA,2026-08-24T21:25:10Z,NA,NA
01M0TTK13YS192MBN783R85EAM,01M0TSZEY54T11A9AMGVA6T4ZB,20,2,1787608689202,FALSE,2026-08-24T21:57:47Z,2026-08-24T21:58:09Z,01M0TT7FNH08P86PFHWCV3NRS8,1787608667750
01M0TTK13YS192MBN783R85EAM,01M0TSZEY54T11A9AMGVA6T4ZB,20,2,1787608689202,FALSE,2026-08-24T21:57:47Z,2026-08-24T21:58:09Z,01M0TT7ZVRQQW92P55GPN9KMMS,1787608670042
01M0TTNRJZNM0YCJXVEJ9TT3A8,01M0TSZGKJQW5S4GCP9150DNN9,6,1,NA,NA,NA,2026-08-24T21:26:26Z,NA,NA
01M0TTTPHX0CMGRHJRSH2N3VD7,01M0TSZV8KEDQHAT4X33M1GG1C,43,4,1787609597350,TRUE,2026-08-24T22:12:50Z,2026-08-24T22:13:19Z,01M0TT467Q69C5HQ20GW6FRRF2,1787609568147
01M0TTTPHX0CMGRHJRSH2N3VD7,01M0TSZV8KEDQHAT4X33M1GG1C,43,4,1787609597350,TRUE,2026-08-24T22:12:50Z,2026-08-24T22:13:19Z,01M0TTBQPRE9XMJHBPDKM8GTC4,1787609569147
01M0TTTPP92J1ZE2QRE2PBKE0N,01M0TSZV8KEDQHAT4X33M1GG1C,9,1,1787608191474,TRUE,2026-08-24T21:49:02Z,2026-08-24T21:49:53Z,01M0TTBQPRE9XMJHBPDKM8GTC4,1787608141131
01M0TTTPP92J1ZE2QRE2PBKE0N,01M0TSZV8KEDQHAT4X33M1GG1C,9,1,1787608191474,TRUE,2026-08-24T21:49:02Z,2026-08-24T21:49:53Z,01M0TT467Q69C5HQ20GW6FRRF2,1787608140150
01M0TTA5BSCDB9GAG40B9X1Z5T,01M0TSZV8KEDQHAT4X3FNKVS2B,20,2,1787607474158,TRUE,2026-08-24T21:37:37Z,2026-08-24T21:37:54Z,01M0TT3ZTTV22XQGZD0K61T6A4,1787607457697
01M0TTA5BSCDB9GAG40B9X1Z5T,01M0TSZV8KEDQHAT4X3FNKVS2B,20,2,1787607474158,TRUE,2026-08-24T21:37:37Z,2026-08-24T21:37:54Z,01M0TT4SZRTK7MV5T48R9G1GQH,1787607457695
01M0TTEY3C1FA6J1X6YFGMS52G,01M0TSZEY44B7XSP574QH2WQPJ,11,1,1787607415108,TRUE,2026-08-24T21:36:21Z,2026-08-24T21:36:55Z,01M0TT9XXJBBQAZ4WANFPESF7T,1787607381789
01M0TTEY3C1FA6J1X6YFGMS52G,01M0TSZEY44B7XSP574QH2WQPJ,11,1,1787607415108,TRUE,2026-08-24T21:36:21Z,2026-08-24T21:36:55Z,01M0TT49QHQY8JQV8C5T94HHYZ,1787607381879
01M0TTNRJQXVJJ8GBQK8CGZH70,01M0TSZGKJQW5S4GCP9150DNN9,8,1,NA,NA,NA,2026-08-24T21:26:26Z,NA,NA
01M0TVK9S95NPWF977S0J9G1JX,01M0TTMWMG725DJ5GA5M4WD8SY,33,3,1787608677546,TRUE,2026-08-24T21:57:48Z,2026-08-24T21:57:57Z,01M0TV8YZXT0HY97VC3QNJABKN,1787608668966
01M0TVK9S95NPWF977S0J9G1JX,01M0TTMWMG725DJ5GA5M4WD8SY,33,3,1787608677546,TRUE,2026-08-24T21:57:48Z,2026-08-24T21:57:57Z,01M0TVD4RDDZ2GPYA2W2TBJY2J,1787608668063
01M0TVKA1X8QWR5F038J62EWM7,01M0TTMWMG725DJ5GA5M4WD8SY,44,4,1787608823930,TRUE,2026-08-24T22:00:14Z,2026-08-24T22:00:23Z,01M0TV8YZXT0HY97VC3QNJABKN,1787608815675
01M0TVKA1X8QWR5F038J62EWM7,01M0TTMWMG725DJ5GA5M4WD8SY,44,4,1787608823930,TRUE,2026-08-24T22:00:14Z,2026-08-24T22:00:23Z,01M0TVD4RDDZ2GPYA2W2TBJY2J,1787608814764
01M0TT9KM80SA1WC7QVVBNYTM2,01M0TSZGKE32G3R2H2EPQFBQNN,28,3,NA,NA,NA,2026-08-24T21:19:49Z,NA,NA
01M0TTKMV3NZDGCVSD4HY2E0ZQ,01M0TSZEY173D8F3KEP071GR06,3,1,1787607382652,TRUE,2026-08-24T21:36:05Z,2026-08-24T21:36:23Z,01M0TT55D1DRDQ3JPT1CDTT5VN,1787607365915
01M0TTKMV3NZDGCVSD4HY2E0ZQ,01M0TSZEY173D8F3KEP071GR06,3,1,1787607382652,TRUE,2026-08-24T21:36:05Z,2026-08-24T21:36:23Z,01M0TTF3ADJ36CYQBD8356XFNQ,1787607365499
01M0TTMQZ0059VEGB2Z80KVV69,01M0TSZV8ERABP36QP2627EVMT,45,4,1787608483799,TRUE,2026-08-24T21:54:36Z,2026-08-24T21:54:44Z,01M0TT4JP6VSYSTADD58E33WM9,1787608475136
01M0TTMQZ0059VEGB2Z80KVV69,01M0TSZV8ERABP36QP2627EVMT,45,4,1787608483799,TRUE,2026-08-24T21:54:36Z,2026-08-24T21:54:44Z,01M0TT4SREDP4QR1H8V4E3X5G9,1787608475741
01M0TVK9RPNX2GWSZ0MC61W2SW,01M0TTMWMG725DJ5GA5M4WD8SY,31,3,1787608650714,TRUE,2026-08-24T21:57:24Z,2026-08-24T21:57:30Z,01M0TV8YZXT0HY97VC3QNJABKN,1787608645284
01M0TVK9RPNX2GWSZ0MC61W2SW,01M0TTMWMG725DJ5GA5M4WD8SY,31,3,1787608650714,TRUE,2026-08-24T21:57:24Z,2026-08-24T21:57:30Z,01M0TVD4RDDZ2GPYA2W2TBJY2J,1787608644360
01M0TTA59SYWG90NRXET9WSKZ3,01M0TSZV8KEDQHAT4X3FNKVS2B,22,2,1787607549414,TRUE,2026-08-24T21:38:36Z,2026-08-24T21:39:09Z,01M0TT4SZRTK7MV5T48R9G1GQH,1787607516706
01M0TTA59SYWG90NRXET9WSKZ3,01M0TSZV8KEDQHAT4X3FNKVS2B,22,2,1787607549414,TRUE,2026-08-24T21:38:36Z,2026-08-24T21:39:09Z,01M0TT3ZTTV22XQGZD0K61T6A4,1787607516702
01M0TTA5ED49FD5EF2R37GW7CN,01M0TSZV8KEDQHAT4X3FNKVS2B,8,1,1787607046958,TRUE,2026-08-24T21:30:10Z,2026-08-24T21:30:47Z,01M0TT4SZRTK7MV5T48R9G1GQH,1787607010446
01M0TTA5ED49FD5EF2R37GW7CN,01M0TSZV8KEDQHAT4X3FNKVS2B,8,1,1787607046958,TRUE,2026-08-24T21:30:10Z,2026-08-24T21:30:47Z,01M0TT3ZTTV22XQGZD0K61T6A4,1787607010456
01M0TTNRC6PRAX90X87R2VXVWB,01M0TSZGKJQW5S4GCP9150DNN9,40,4,NA,NA,NA,2026-08-24T21:26:27Z,NA,NA
01M0TTNRMABP1WE91S8WNKF4KB,01M0TSZGKJQW5S4GCP9150DNN9,30,3,NA,NA,NA,2026-08-24T21:26:27Z,NA,NA
01M0TTTPR87JX4X74108CPPSQ5,01M0TSZV8KEDQHAT4X33M1GG1C,40,4,1787609485579,FALSE,2026-08-24T22:11:07Z,2026-08-24T22:11:28Z,01M0TT467Q69C5HQ20GW6FRRF2,1787609465020
01M0TTTPR87JX4X74108CPPSQ5,01M0TSZV8KEDQHAT4X33M1GG1C,40,4,1787609485579,FALSE,2026-08-24T22:11:07Z,2026-08-24T22:11:28Z,01M0TTBQPRE9XMJHBPDKM8GTC4,1787609466015
01M0TV7K00E7H18KNHGPC9NM8M,01M0TTMWM9GSP2NP0T4CET96EB,27,3,1787608720415,TRUE,2026-08-24T21:58:34Z,2026-08-24T21:58:42Z,01M0TTRGJ55RK21NQM11GGHNRN,1787608715503
01M0TV7K00E7H18KNHGPC9NM8M,01M0TTMWM9GSP2NP0T4CET96EB,27,3,1787608720415,TRUE,2026-08-24T21:58:34Z,2026-08-24T21:58:42Z,01M0TV363Y2QH3CGTPHSZR512P,1787608713368
01M0TTK18DRK0TE1A05TXGSK3F,01M0TSZEY54T11A9AMGVA6T4ZB,27,3,1787609022987,TRUE,2026-08-24T22:02:46Z,2026-08-24T22:03:40Z,01M0TT7ZVRQQW92P55GPN9KMMS,1787608968938
01M0TTK18DRK0TE1A05TXGSK3F,01M0TSZEY54T11A9AMGVA6T4ZB,27,3,1787609022987,TRUE,2026-08-24T22:02:46Z,2026-08-24T22:03:40Z,01M0TT7FNH08P86PFHWCV3NRS8,1787608966454
01M0TTNRBP7XGCMRWSC1MKR933,01M0TSZGKJQW5S4GCP9150DNN9,3,1,NA,FALSE,2026-08-24T22:28:14Z,2026-08-24T22:29:14Z,01M0TT4TXD8SRXYDAE6TW71C0D,1787610432702
01M0TTNREP7E6Q3M5J755G1PGP,01M0TSZGKJQW5S4GCP9150DNN9,21,2,NA,NA,NA,2026-08-24T21:26:27Z,NA,NA
01M0TVK9WYZJN8B1KCS43DN6MT,01M0TTMWMG725DJ5GA5M4WD8SY,38,4,1787608748628,TRUE,2026-08-24T21:58:50Z,2026-08-24T21:59:07Z,01M0TV8YZXT0HY97VC3QNJABKN,1787608731158
01M0TVK9WYZJN8B1KCS43DN6MT,01M0TTMWMG725DJ5GA5M4WD8SY,38,4,1787608748628,TRUE,2026-08-24T21:58:50Z,2026-08-24T21:59:07Z,01M0TVD4RDDZ2GPYA2W2TBJY2J,1787608730228
01M0TTK13S1N82XAZKSKFXA4RK,01M0TSZEY54T11A9AMGVA6T4ZB,33,3,1787609226054,TRUE,2026-08-24T22:06:38Z,2026-08-24T22:07:03Z,01M0TT7ZVRQQW92P55GPN9KMMS,1787609200778
01M0TTK13S1N82XAZKSKFXA4RK,01M0TSZEY54T11A9AMGVA6T4ZB,33,3,1787609226054,TRUE,2026-08-24T22:06:38Z,2026-08-24T22:07:03Z,01M0TT7FNH08P86PFHWCV3NRS8,1787609198378
01M0TTNRCYE9ARGXM7X2BADZ0V,01M0TSZGKJQW5S4GCP9150DNN9,22,2,NA,NA,NA,2026-08-24T21:26:27Z,NA,NA
01M0TTTPPEWEKCQHD5TGYBT480,01M0TSZV8KEDQHAT4X33M1GG1C,8,1,1787608136701,TRUE,2026-08-24T21:48:10Z,2026-08-24T21:48:59Z,01M0TT467Q69C5HQ20GW6FRRF2,1787608088456
01M0TTTPPEWEKCQHD5TGYBT480,01M0TSZV8KEDQHAT4X33M1GG1C,8,1,1787608136701,TRUE,2026-08-24T21:48:10Z,2026-08-24T21:48:59Z,01M0TTBQPRE9XMJHBPDKM8GTC4,1787608089229
01M0TT9KJGX3SAXR55VJQX3E4J,01M0TSZGKE32G3R2H2EPQFBQNN,42,4,NA,NA,NA,2026-08-24T21:19:49Z,NA,NA
01M0TTA57MCSVB8JHRVY1356P2,01M0TSZV8KEDQHAT4X3FNKVS2B,3,1,1787606729768,TRUE,2026-08-24T21:24:51Z,2026-08-24T21:25:29Z,01M0TT3ZTTV22XQGZD0K61T6A4,1787606691487
01M0TTA57MCSVB8JHRVY1356P2,01M0TSZV8KEDQHAT4X3FNKVS2B,3,1,1787606729768,TRUE,2026-08-24T21:24:51Z,2026-08-24T21:25:29Z,01M0TT4SZRTK7MV5T48R9G1GQH,1787606691479
01M0TTKN3TTM05YTK7HXQVQD3J,01M0TSZEY173D8F3KEP071GR06,44,4,1787608425413,TRUE,2026-08-24T21:53:23Z,2026-08-24T21:53:45Z,01M0TT55D1DRDQ3JPT1CDTT5VN,1787608403694
01M0TTKN3TTM05YTK7HXQVQD3J,01M0TSZEY173D8F3KEP071GR06,44,4,1787608425413,TRUE,2026-08-24T21:53:23Z,2026-08-24T21:53:45Z,01M0TTF3ADJ36CYQBD8356XFNQ,1787608403435
01M0TV7JXBKSPSNDP6R5ZNS5GM,01M0TTMWM9GSP2NP0T4CET96EB,36,4,1787608883650,TRUE,2026-08-24T22:01:10Z,2026-08-24T22:01:23Z,01M0TTRGJ55RK21NQM11GGHNRN,1787608870937
01M0TV7JXBKSPSNDP6R5ZNS5GM,01M0TTMWM9GSP2NP0T4CET96EB,36,4,1787608883650,TRUE,2026-08-24T22:01:10Z,2026-08-24T22:01:23Z,01M0TV363Y2QH3CGTPHSZR512P,1787608868887
01M0TVK9HN0NW907SE8JRHRPP8,01M0TTMWMG725DJ5GA5M4WD8SY,8,1,1787608267884,TRUE,2026-08-24T21:50:51Z,2026-08-24T21:51:07Z,01M0TV8YZXT0HY97VC3QNJABKN,1787608252028
01M0TVK9HN0NW907SE8JRHRPP8,01M0TTMWMG725DJ5GA5M4WD8SY,8,1,1787608267884,TRUE,2026-08-24T21:50:51Z,2026-08-24T21:51:07Z,01M0TVD4RDDZ2GPYA2W2TBJY2J,1787608251052
01M0TVK9Z7TNT3XK2YF9F7F9V9,01M0TTMWMG725DJ5GA5M4WD8SY,39,4,1787608757964,TRUE,2026-08-24T21:59:11Z,2026-08-24T21:59:18Z,01M0TV8YZXT0HY97VC3QNJABKN,1787608752288
01M0TVK9Z7TNT3XK2YF9F7F9V9,01M0TTMWMG725DJ5GA5M4WD8SY,39,4,1787608757964,TRUE,2026-08-24T21:59:11Z,2026-08-24T21:59:18Z,01M0TVD4RDDZ2GPYA2W2TBJY2J,1787608751352
01M0TTK10QQ6H2NYEEFZ8V0EVP,01M0TSZEY54T11A9AMGVA6T4ZB,6,1,1787608050157,TRUE,2026-08-24T21:46:40Z,2026-08-24T21:47:30Z,01M0TT7FNH08P86PFHWCV3NRS8,1787608001148
01M0TTK10QQ6H2NYEEFZ8V0EVP,01M0TSZEY54T11A9AMGVA6T4ZB,6,1,1787608050157,TRUE,2026-08-24T21:46:40Z,2026-08-24T21:47:30Z,01M0TT7ZVRQQW92P55GPN9KMMS,1787608003501
01M0TTK1719AC9SEZEMCP580NP,01M0TSZEY54T11A9AMGVA6T4ZB,42,4,1787609513982,FALSE,2026-08-24T22:11:22Z,2026-08-24T22:11:53Z,01M0TT7FNH08P86PFHWCV3NRS8,1787609482313
01M0TTK1719AC9SEZEMCP580NP,01M0TSZEY54T11A9AMGVA6T4ZB,42,4,1787609513982,FALSE,2026-08-24T22:11:22Z,2026-08-24T22:11:53Z,01M0TT7ZVRQQW92P55GPN9KMMS,1787609484628
01M0TTEY4A2YK32WC0RY8QM5QC,01M0TSZEY44B7XSP574QH2WQPJ,9,1,1787607339012,TRUE,2026-08-24T21:35:01Z,2026-08-24T21:35:39Z,01M0TT49QHQY8JQV8C5T94HHYZ,1787607301723
01M0TTEY4A2YK32WC0RY8QM5QC,01M0TSZEY44B7XSP574QH2WQPJ,9,1,1787607339012,TRUE,2026-08-24T21:35:01Z,2026-08-24T21:35:39Z,01M0TT9XXJBBQAZ4WANFPESF7T,1787607301545
01M0TV7JZDEZ70Z0YYWQWBZX09,01M0TTMWM9GSP2NP0T4CET96EB,29,3,1787608744870,TRUE,2026-08-24T21:58:55Z,2026-08-24T21:59:06Z,01M0TTRGJ55RK21NQM11GGHNRN,1787608736023
01M0TV7JZDEZ70Z0YYWQWBZX09,01M0TTMWM9GSP2NP0T4CET96EB,29,3,1787608744870,TRUE,2026-08-24T21:58:55Z,2026-08-24T21:59:06Z,01M0TV363Y2QH3CGTPHSZR512P,1787608733923
01M0TTTPF12VBZQJFBWM56A7KJ,01M0TSZV8KEDQHAT4X33M1GG1C,1,1,1787607747693,TRUE,2026-08-24T21:41:31Z,2026-08-24T21:42:29Z,01M0TT467Q69C5HQ20GW6FRRF2,1787607688950
01M0TTTPF12VBZQJFBWM56A7KJ,01M0TSZV8KEDQHAT4X33M1GG1C,1,1,1787607747693,TRUE,2026-08-24T21:41:31Z,2026-08-24T21:42:29Z,01M0TTBQPRE9XMJHBPDKM8GTC4,1787607689935
01M0TTYPYGZDYWHA5J93E4YJ54,01M0TTMWMDPGAHQRDA7BZJ8FEZ,0,1,NA,FALSE,2026-08-24T21:45:14Z,2026-08-24T21:46:14Z,01M0TTJT0T1FXWVGTP027BYENQ,1787607718794
01M0TTYPYGZDYWHA5J93E4YJ54,01M0TTMWMDPGAHQRDA7BZJ8FEZ,0,1,NA,FALSE,2026-08-24T21:45:14Z,2026-08-24T21:46:14Z,01M0TTENRE0ZSC234N2S1BW8ZS,1787607914332
01M0TV7JVFNGHYY9RV7G35757F,01M0TTMWM9GSP2NP0T4CET96EB,42,4,1787608984167,TRUE,2026-08-24T22:02:42Z,2026-08-24T22:03:03Z,01M0TV363Y2QH3CGTPHSZR512P,1787608960844
01M0TV7JVFNGHYY9RV7G35757F,01M0TTMWM9GSP2NP0T4CET96EB,42,4,1787608984167,TRUE,2026-08-24T22:02:42Z,2026-08-24T22:03:03Z,01M0TTRGJ55RK21NQM11GGHNRN,1787608962923
01M0TVK9NNQZZE8RDB14FJCEFQ,01M0TTMWMG725DJ5GA5M4WD8SY,21,2,1787608503212,TRUE,2026-08-24T21:54:51Z,2026-08-24T21:55:03Z,01M0TV8YZXT0HY97VC3QNJABKN,1787608492467
01M0TVK9NNQZZE8RDB14FJCEFQ,01M0TTMWMG725DJ5GA5M4WD8SY,21,2,1787608503212,TRUE,2026-08-24T21:54:51Z,2026-08-24T21:55:03Z,01M0TVD4RDDZ2GPYA2W2TBJY2J,1787608491544
01M0TT9KKECZTRQ60X0Z04ZJF7,01M0TSZGKE32G3R2H2EPQFBQNN,22,2,NA,NA,NA,2026-08-24T21:19:48Z,NA,NA
01M0TTEY4MMS5E1JT7FRV7HKEP,01M0TSZEY44B7XSP574QH2WQPJ,7,1,1787607244404,FALSE,2026-08-24T21:33:25Z,2026-08-24T21:34:04Z,01M0TT49QHQY8JQV8C5T94HHYZ,1787607205714
01M0TTEY4MMS5E1JT7FRV7HKEP,01M0TSZEY44B7XSP574QH2WQPJ,7,1,1787607244404,FALSE,2026-08-24T21:33:25Z,2026-08-24T21:34:04Z,01M0TT9XXJBBQAZ4WANFPESF7T,1787607205559
01M0TVKA11KK99AQSZNG4JVFW2,01M0TTMWMG725DJ5GA5M4WD8SY,43,4,1787608811281,TRUE,2026-08-24T22:00:04Z,2026-08-24T22:00:11Z,01M0TV8YZXT0HY97VC3QNJABKN,1787608805859
01M0TVKA11KK99AQSZNG4JVFW2,01M0TTMWMG725DJ5GA5M4WD8SY,43,4,1787608811281,TRUE,2026-08-24T22:00:04Z,2026-08-24T22:00:11Z,01M0TVD4RDDZ2GPYA2W2TBJY2J,1787608804937
01M0TTA58DZTS9K231QJJR5H66,01M0TSZV8KEDQHAT4X3FNKVS2B,39,4,1787607949323,TRUE,2026-08-24T21:45:30Z,2026-08-24T21:45:49Z,01M0TT3ZTTV22XQGZD0K61T6A4,1787607930382
01M0TTA58DZTS9K231QJJR5H66,01M0TSZV8KEDQHAT4X3FNKVS2B,39,4,1787607949323,TRUE,2026-08-24T21:45:30Z,2026-08-24T21:45:49Z,01M0TT4SZRTK7MV5T48R9G1GQH,1787607930381
01M0TTEY5FAFEW0CN0HP8K7CAR,01M0TSZEY44B7XSP574QH2WQPJ,19,2,1787607774404,TRUE,2026-08-24T21:42:06Z,2026-08-24T21:42:54Z,01M0TT9XXJBBQAZ4WANFPESF7T,1787607726216
01M0TTEY5FAFEW0CN0HP8K7CAR,01M0TSZEY44B7XSP574QH2WQPJ,19,2,1787607774404,TRUE,2026-08-24T21:42:06Z,2026-08-24T21:42:54Z,01M0TT49QHQY8JQV8C5T94HHYZ,1787607726418
01M0TTMQSV9DGPZMHN55KM3GSA,01M0TSZV8ERABP36QP2627EVMT,11,1,1787607624283,FALSE,2026-08-24T21:39:34Z,2026-08-24T21:40:25Z,01M0TT4JP6VSYSTADD58E33WM9,1787607573174
01M0TTMQSV9DGPZMHN55KM3GSA,01M0TSZV8ERABP36QP2627EVMT,11,1,1787607624283,FALSE,2026-08-24T21:39:34Z,2026-08-24T21:40:25Z,01M0TT4SREDP4QR1H8V4E3X5G9,1787607573664
01M0TTYQ9A413RGBAYZXM4SDN0,01M0TTMWMDPGAHQRDA7BZJ8FEZ,11,1,NA,FALSE,2026-08-24T21:55:03Z,2026-08-24T21:56:03Z,01M0TTENRE0ZSC234N2S1BW8ZS,1787608503084
01M0TTYQ9A413RGBAYZXM4SDN0,01M0TTMWMDPGAHQRDA7BZJ8FEZ,11,1,NA,FALSE,2026-08-24T21:55:03Z,2026-08-24T21:56:03Z,01M0TTJT0T1FXWVGTP027BYENQ,1787608307099
01M0TTYQC04FM93XYFK5FHADWD,01M0TTMWMDPGAHQRDA7BZJ8FEZ,30,3,NA,NA,NA,2026-08-24T21:31:21Z,NA,NA
01M0TV7K0HCRYF141G2KXVZ51V,01M0TTMWM9GSP2NP0T4CET96EB,25,3,1787608681257,TRUE,2026-08-24T21:57:30Z,2026-08-24T21:58:03Z,01M0TTRGJ55RK21NQM11GGHNRN,1787608651360
01M0TV7K0HCRYF141G2KXVZ51V,01M0TTMWM9GSP2NP0T4CET96EB,25,3,1787608681257,TRUE,2026-08-24T21:57:30Z,2026-08-24T21:58:03Z,01M0TV363Y2QH3CGTPHSZR512P,1787608649152
01M0TTKN0V89GWR7GYH66FJG8R,01M0TSZEY173D8F3KEP071GR06,31,3,1787608080327,TRUE,2026-08-24T21:47:36Z,2026-08-24T21:48:00Z,01M0TT55D1DRDQ3JPT1CDTT5VN,1787608056226
01M0TTKN0V89GWR7GYH66FJG8R,01M0TSZEY173D8F3KEP071GR06,31,3,1787608080327,TRUE,2026-08-24T21:47:36Z,2026-08-24T21:48:00Z,01M0TTF3ADJ36CYQBD8356XFNQ,1787608055913
01M0TTMQQP1XK9H5ATQ48KCW6T,01M0TSZV8ERABP36QP2627EVMT,40,4,1787608402781,TRUE,2026-08-24T21:53:06Z,2026-08-24T21:53:24Z,01M0TT4SREDP4QR1H8V4E3X5G9,1787608386055
01M0TTMQQP1XK9H5ATQ48KCW6T,01M0TSZV8ERABP36QP2627EVMT,40,4,1787608402781,TRUE,2026-08-24T21:53:06Z,2026-08-24T21:53:24Z,01M0TT4JP6VSYSTADD58E33WM9,1787608385473
01M0TTKDE9FVRXTAN8VKCWVSEG,01M0TSZGKM72FFW193EYG47F25,27,3,NA,NA,NA,2026-08-24T21:25:10Z,NA,NA
01M0TTTPJ2YS8STJCVP4DMGMTK,01M0TSZV8KEDQHAT4X33M1GG1C,44,4,1787609621305,FALSE,2026-08-24T22:13:22Z,2026-08-24T22:13:44Z,01M0TT467Q69C5HQ20GW6FRRF2,1787609599939
01M0TTTPJ2YS8STJCVP4DMGMTK,01M0TSZV8KEDQHAT4X33M1GG1C,44,4,1787609621305,FALSE,2026-08-24T22:13:22Z,2026-08-24T22:13:44Z,01M0TTBQPRE9XMJHBPDKM8GTC4,1787609600930
01M0TTTPQ38RXCE2NEDW3YKNP4,01M0TSZV8KEDQHAT4X33M1GG1C,5,1,1787607983337,FALSE,2026-08-24T21:45:27Z,2026-08-24T21:46:25Z,01M0TT467Q69C5HQ20GW6FRRF2,1787607925027
01M0TTTPQ38RXCE2NEDW3YKNP4,01M0TSZV8KEDQHAT4X33M1GG1C,5,1,1787607983337,FALSE,2026-08-24T21:45:27Z,2026-08-24T21:46:25Z,01M0TTBQPRE9XMJHBPDKM8GTC4,1787607926021
01M0TV7JQ4XZRZ4426YX16EKDW,01M0TTMWM9GSP2NP0T4CET96EB,4,1,1787608082182,TRUE,2026-08-24T21:47:25Z,2026-08-24T21:48:01Z,01M0TTRGJ55RK21NQM11GGHNRN,1787608045788
01M0TV7JQ4XZRZ4426YX16EKDW,01M0TTMWM9GSP2NP0T4CET96EB,4,1,1787608082182,TRUE,2026-08-24T21:47:25Z,2026-08-24T21:48:01Z,01M0TV363Y2QH3CGTPHSZR512P,1787608043738
01M0TVK9GQNJ65PEK13QKGFCQM,01M0TTMWMG725DJ5GA5M4WD8SY,5,1,1787608198536,TRUE,2026-08-24T21:49:43Z,2026-08-24T21:49:58Z,01M0TV8YZXT0HY97VC3QNJABKN,1787608184374
01M0TVK9GQNJ65PEK13QKGFCQM,01M0TTMWMG725DJ5GA5M4WD8SY,5,1,1787608198536,TRUE,2026-08-24T21:49:43Z,2026-08-24T21:49:58Z,01M0TVD4RDDZ2GPYA2W2TBJY2J,1787608183377
01M0TTK1181Z9Y9Q8F4N6VGC91,01M0TSZEY54T11A9AMGVA6T4ZB,12,2,1787608337689,TRUE,2026-08-24T21:51:28Z,2026-08-24T21:52:17Z,01M0TT7ZVRQQW92P55GPN9KMMS,1787608291301
01M0TTK1181Z9Y9Q8F4N6VGC91,01M0TSZEY54T11A9AMGVA6T4ZB,12,2,1787608337689,TRUE,2026-08-24T21:51:28Z,2026-08-24T21:52:17Z,01M0TT7FNH08P86PFHWCV3NRS8,1787608288956
01M0TTK11VDA6FRJY1RC7AAWBX,01M0TSZEY54T11A9AMGVA6T4ZB,15,2,1787608488417,TRUE,2026-08-24T21:54:03Z,2026-08-24T21:54:46Z,01M0TT7FNH08P86PFHWCV3NRS8,1787608443942
01M0TTK11VDA6FRJY1RC7AAWBX,01M0TSZEY54T11A9AMGVA6T4ZB,15,2,1787608488417,TRUE,2026-08-24T21:54:03Z,2026-08-24T21:54:46Z,01M0TT7ZVRQQW92P55GPN9KMMS,1787608446441
01M0TTKD9AXGFJ9VSFK210YRM9,01M0TSZGKM72FFW193EYG47F25,4,1,NA,NA,NA,2026-08-24T21:25:09Z,NA,NA
01M0TTKDDH98432XR7R5JJ0DAT,01M0TSZGKM72FFW193EYG47F25,21,2,NA,NA,NA,2026-08-24T21:25:10Z,NA,NA
01M0TV7JYWRCW347VN39XTFNXG,01M0TTMWM9GSP2NP0T4CET96EB,30,3,1787608763675,TRUE,2026-08-24T21:59:10Z,2026-08-24T21:59:23Z,01M0TV363Y2QH3CGTPHSZR512P,1787608748775
01M0TV7JYWRCW347VN39XTFNXG,01M0TTMWM9GSP2NP0T4CET96EB,30,3,1787608763675,TRUE,2026-08-24T21:59:10Z,2026-08-24T21:59:23Z,01M0TTRGJ55RK21NQM11GGHNRN,1787608750747
01M0TVK9JG0PNSF4H58Z4ZFA8F,01M0TTMWMG725DJ5GA5M4WD8SY,11,1,1787608347252,TRUE,2026-08-24T21:52:05Z,2026-08-24T21:52:27Z,01M0TV8YZXT0HY97VC3QNJABKN,1787608326316
01M0TVK9JG0PNSF4H58Z4ZFA8F,01M0TTMWMG725DJ5GA5M4WD8SY,11,1,1787608347252,TRUE,2026-08-24T21:52:05Z,2026-08-24T21:52:27Z,01M0TVD4RDDZ2GPYA2W2TBJY2J,1787608325326
01M0TVK9MJZJ4DQ9ZXN0020MVD,01M0TTMWMG725DJ5GA5M4WD8SY,18,2,1787608454712,TRUE,2026-08-24T21:54:00Z,2026-08-24T21:54:13Z,01M0TV8YZXT0HY97VC3QNJABKN,1787608441035
01M0TVK9MJZJ4DQ9ZXN0020MVD,01M0TTMWMG725DJ5GA5M4WD8SY,18,2,1787608454712,TRUE,2026-08-24T21:54:00Z,2026-08-24T21:54:13Z,01M0TVD4RDDZ2GPYA2W2TBJY2J,1787608440111
01M0TVKA0VQCS9JPC904MSK715,01M0TTMWMG725DJ5GA5M4WD8SY,42,4,1787608802196,TRUE,2026-08-24T21:59:50Z,2026-08-24T22:00:01Z,01M0TV8YZXT0HY97VC3QNJABKN,1787608790938
01M0TVKA0VQCS9JPC904MSK715,01M0TTMWMG725DJ5GA5M4WD8SY,42,4,1787608802196,TRUE,2026-08-24T21:59:50Z,2026-08-24T22:00:01Z,01M0TVD4RDDZ2GPYA2W2TBJY2J,1787608790005
01M0TT9KGJ6K2AWWR3RJB23GS6,01M0TSZGKE32G3R2H2EPQFBQNN,38,4,NA,NA,NA,2026-08-24T21:19:49Z,NA,NA
01M0TTEY62ZXQJEEP7G4RFQYVE,01M0TSZEY44B7XSP574QH2WQPJ,41,4,1787608499732,TRUE,2026-08-24T21:54:23Z,2026-08-24T21:55:00Z,01M0TT49QHQY8JQV8C5T94HHYZ,1787608463934
01M0TTEY62ZXQJEEP7G4RFQYVE,01M0TSZEY44B7XSP574QH2WQPJ,41,4,1787608499732,TRUE,2026-08-24T21:54:23Z,2026-08-24T21:55:00Z,01M0TT9XXJBBQAZ4WANFPESF7T,1787608463762
01M0TTEY4F0PVGF4J8KA9FTKY3,01M0TSZEY44B7XSP574QH2WQPJ,30,3,1787608138828,TRUE,2026-08-24T21:48:28Z,2026-08-24T21:48:58Z,01M0TT9XXJBBQAZ4WANFPESF7T,1787608108159
01M0TTEY4F0PVGF4J8KA9FTKY3,01M0TSZEY44B7XSP574QH2WQPJ,30,3,1787608138828,TRUE,2026-08-24T21:48:28Z,2026-08-24T21:48:58Z,01M0TT49QHQY8JQV8C5T94HHYZ,1787608108359
01M0TTKMY7YQ0RTW1NP9QN6E0X,01M0TSZEY173D8F3KEP071GR06,25,3,1787607940069,TRUE,2026-08-24T21:45:25Z,2026-08-24T21:45:40Z,01M0TTF3ADJ36CYQBD8356XFNQ,1787607925338
01M0TTKMY7YQ0RTW1NP9QN6E0X,01M0TSZEY173D8F3KEP071GR06,25,3,1787607940069,TRUE,2026-08-24T21:45:25Z,2026-08-24T21:45:40Z,01M0TT55D1DRDQ3JPT1CDTT5VN,1787607925642
01M0TVK9RA1ST8FS64EAZNK5JF,01M0TTMWMG725DJ5GA5M4WD8SY,30,3,1787608641772,TRUE,2026-08-24T21:57:12Z,2026-08-24T21:57:21Z,01M0TV8YZXT0HY97VC3QNJABKN,1787608633396
01M0TVK9RA1ST8FS64EAZNK5JF,01M0TTMWMG725DJ5GA5M4WD8SY,30,3,1787608641772,TRUE,2026-08-24T21:57:12Z,2026-08-24T21:57:21Z,01M0TVD4RDDZ2GPYA2W2TBJY2J,1787608632479
01M0TTNRN893GR48G1S6HQGDYK,01M0TSZGKJQW5S4GCP9150DNN9,27,3,NA,NA,NA,2026-08-24T21:26:27Z,NA,NA
01M0TTYQDB3W52FFT8RWBW1E81,01M0TTMWMDPGAHQRDA7BZJ8FEZ,28,3,NA,NA,NA,2026-08-24T21:31:21Z,NA,NA
01M0TTYQ2GY9DVZDHX5ZA7FF3R,01M0TTMWMDPGAHQRDA7BZJ8FEZ,4,1,1787608164932,TRUE,2026-08-24T21:48:45Z,2026-08-24T21:49:25Z,01M0TTENRE0ZSC234N2S1BW8ZS,1787608125771
01M0TTYQ2GY9DVZDHX5ZA7FF3R,01M0TTMWMDPGAHQRDA7BZJ8FEZ,4,1,1787608164932,TRUE,2026-08-24T21:48:45Z,2026-08-24T21:49:25Z,01M0TTJT0T1FXWVGTP027BYENQ,1787607929959
01M0TTYQ3H8C16362NQTSW34D6,01M0TTMWMDPGAHQRDA7BZJ8FEZ,45,4,NA,NA,NA,2026-08-24T21:31:22Z,NA,NA
01M0TTYQB2ZM0CY9NGSF3P2N44,01M0TTMWMDPGAHQRDA7BZJ8FEZ,32,3,NA,NA,NA,2026-08-24T21:31:21Z,NA,NA
01M0TV7JPHS2238CXFN0DK659X,01M0TTMWM9GSP2NP0T4CET96EB,47,4,1787609067567,TRUE,2026-08-24T22:04:13Z,2026-08-24T22:04:29Z,01M0TTRGJ55RK21NQM11GGHNRN,1787609054548
01M0TV7JPHS2238CXFN0DK659X,01M0TTMWM9GSP2NP0T4CET96EB,47,4,1787609067567,TRUE,2026-08-24T22:04:13Z,2026-08-24T22:04:29Z,01M0TV363Y2QH3CGTPHSZR512P,1787609052398
01M0TTK13A2BYWETS4ZNAF4VY4,01M0TSZEY54T11A9AMGVA6T4ZB,31,3,1787609158495,FALSE,2026-08-24T22:05:18Z,2026-08-24T22:05:56Z,01M0TT7ZVRQQW92P55GPN9KMMS,1787609120625
01M0TTK13A2BYWETS4ZNAF4VY4,01M0TSZEY54T11A9AMGVA6T4ZB,31,3,1787609158495,FALSE,2026-08-24T22:05:18Z,2026-08-24T22:05:56Z,01M0TT7FNH08P86PFHWCV3NRS8,1787609118302
01M0TTTPNFDS8REY4F4VRQAYGS,01M0TSZV8KEDQHAT4X33M1GG1C,31,3,1787609115103,FALSE,2026-08-24T22:04:22Z,2026-08-24T22:05:17Z,01M0TT467Q69C5HQ20GW6FRRF2,1787609059965
01M0TTTPNFDS8REY4F4VRQAYGS,01M0TSZV8KEDQHAT4X33M1GG1C,31,3,1787609115103,FALSE,2026-08-24T22:04:22Z,2026-08-24T22:05:17Z,01M0TTBQPRE9XMJHBPDKM8GTC4,1787609060735
01M0TTKD93MT9XZJ8NEPRRVN4K,01M0TSZGKM72FFW193EYG47F25,0,1,NA,NA,NA,2026-08-24T21:25:09Z,NA,NA
01M0TTMQSC1M05T41EF7EEBKDM,01M0TSZV8ERABP36QP2627EVMT,9,1,1787607550001,TRUE,2026-08-24T21:38:59Z,2026-08-24T21:39:10Z,01M0TT4JP6VSYSTADD58E33WM9,1787607538467
01M0TTMQSC1M05T41EF7EEBKDM,01M0TSZV8ERABP36QP2627EVMT,9,1,1787607550001,TRUE,2026-08-24T21:38:59Z,2026-08-24T21:39:10Z,01M0TT4SREDP4QR1H8V4E3X5G9,1787607539104
01M0TTNRK3ZQ2XDVD2B1Q9AZY6,01M0TSZGKJQW5S4GCP9150DNN9,5,1,NA,NA,NA,2026-08-24T21:26:26Z,NA,NA
01M0TTEY670WKR9VHZW128Y6K8,01M0TSZEY44B7XSP574QH2WQPJ,38,4,1787608414084,TRUE,2026-08-24T21:53:01Z,2026-08-24T21:53:34Z,01M0TT49QHQY8JQV8C5T94HHYZ,1787608381379
01M0TTEY670WKR9VHZW128Y6K8,01M0TSZEY44B7XSP574QH2WQPJ,38,4,1787608414084,TRUE,2026-08-24T21:53:01Z,2026-08-24T21:53:34Z,01M0TT9XXJBBQAZ4WANFPESF7T,1787608381170
01M0TTK18V8SH2RGW2M08ZA4AE,01M0TSZEY54T11A9AMGVA6T4ZB,43,4,1787609545033,FALSE,2026-08-24T22:11:57Z,2026-08-24T22:12:22Z,01M0TT7ZVRQQW92P55GPN9KMMS,1787609519987
01M0TTK18V8SH2RGW2M08ZA4AE,01M0TSZEY54T11A9AMGVA6T4ZB,43,4,1787609545033,FALSE,2026-08-24T22:11:57Z,2026-08-24T22:12:22Z,01M0TT7FNH08P86PFHWCV3NRS8,1787609517500
01M0TTYQ2P14MT6MS7SFM5VT29,01M0TTMWMDPGAHQRDA7BZJ8FEZ,3,1,NA,FALSE,2026-08-24T21:47:42Z,2026-08-24T21:48:42Z,01M0TTJT0T1FXWVGTP027BYENQ,1787607866764
01M0TTYQ2P14MT6MS7SFM5VT29,01M0TTMWMDPGAHQRDA7BZJ8FEZ,3,1,NA,FALSE,2026-08-24T21:47:42Z,2026-08-24T21:48:42Z,01M0TTENRE0ZSC234N2S1BW8ZS,1787608062406
01M0TTEY3A4G691HFTAYDSE54E,01M0TSZEY44B7XSP574QH2WQPJ,12,2,1787607439088,TRUE,2026-08-24T21:36:58Z,2026-08-24T21:37:19Z,01M0TT49QHQY8JQV8C5T94HHYZ,1787607418712
01M0TTEY3A4G691HFTAYDSE54E,01M0TSZEY44B7XSP574QH2WQPJ,12,2,1787607439088,TRUE,2026-08-24T21:36:58Z,2026-08-24T21:37:19Z,01M0TT9XXJBBQAZ4WANFPESF7T,1787607418552
01M0TTKMTKT89C51PEHZGSBVY7,01M0TSZEY173D8F3KEP071GR06,47,4,1787608501753,TRUE,2026-08-24T21:54:23Z,2026-08-24T21:55:02Z,01M0TT55D1DRDQ3JPT1CDTT5VN,1787608463532
01M0TTKMTKT89C51PEHZGSBVY7,01M0TSZEY173D8F3KEP071GR06,47,4,1787608501753,TRUE,2026-08-24T21:54:23Z,2026-08-24T21:55:02Z,01M0TTF3ADJ36CYQBD8356XFNQ,1787608463355
01M0TVK9HYQH8A3FRM7PD9RKAQ,01M0TTMWMG725DJ5GA5M4WD8SY,9,1,1787608286601,TRUE,2026-08-24T21:51:10Z,2026-08-24T21:51:26Z,01M0TVD4RDDZ2GPYA2W2TBJY2J,1787608270378
01M0TVK9HYQH8A3FRM7PD9RKAQ,01M0TTMWMG725DJ5GA5M4WD8SY,9,1,1787608286601,TRUE,2026-08-24T21:51:10Z,2026-08-24T21:51:26Z,01M0TV8YZXT0HY97VC3QNJABKN,1787608271367
01M0TVK9SP4ZCYCYBR3ZFY92KZ,01M0TTMWMG725DJ5GA5M4WD8SY,35,3,1787608702447,TRUE,2026-08-24T21:58:15Z,2026-08-24T21:58:22Z,01M0TVD4RDDZ2GPYA2W2TBJY2J,1787608695949
01M0TVK9SP4ZCYCYBR3ZFY92KZ,01M0TTMWMG725DJ5GA5M4WD8SY,35,3,1787608702447,TRUE,2026-08-24T21:58:15Z,2026-08-24T21:58:22Z,01M0TV8YZXT0HY97VC3QNJABKN,1787608696873
01M0TTEY5NCZPR995J1P3D6GA4,01M0TSZEY44B7XSP574QH2WQPJ,0,1,1787606907768,TRUE,2026-08-24T21:27:39Z,2026-08-24T21:28:27Z,01M0TT9XXJBBQAZ4WANFPESF7T,1787606881494
01M0TTEY5NCZPR995J1P3D6GA4,01M0TSZEY44B7XSP574QH2WQPJ,0,1,1787606907768,TRUE,2026-08-24T21:27:39Z,2026-08-24T21:28:27Z,01M0TT49QHQY8JQV8C5T94HHYZ,1787606864274
01M0TTKN24NJX9HW2XWH1KQ8FR,01M0TSZEY173D8F3KEP071GR06,34,3,1787608182139,TRUE,2026-08-24T21:49:25Z,2026-08-24T21:49:42Z,01M0TTF3ADJ36CYQBD8356XFNQ,1787608165347
01M0TTKN24NJX9HW2XWH1KQ8FR,01M0TSZEY173D8F3KEP071GR06,34,3,1787608182139,TRUE,2026-08-24T21:49:25Z,2026-08-24T21:49:42Z,01M0TT55D1DRDQ3JPT1CDTT5VN,1787608165551
01M0TTK11A6ZJBDMNWCN0RRPFY,01M0TSZEY54T11A9AMGVA6T4ZB,16,2,1787608508329,TRUE,2026-08-24T21:54:49Z,2026-08-24T21:55:08Z,01M0TT7FNH08P86PFHWCV3NRS8,1787608489566
01M0TTK11A6ZJBDMNWCN0RRPFY,01M0TSZEY54T11A9AMGVA6T4ZB,16,2,1787608508329,TRUE,2026-08-24T21:54:49Z,2026-08-24T21:55:08Z,01M0TT7ZVRQQW92P55GPN9KMMS,1787608491892
01M0TTNRC0052ZHZ6D8NAY45VC,01M0TSZGKJQW5S4GCP9150DNN9,2,1,NA,FALSE,2026-08-24T22:27:10Z,2026-08-24T22:28:10Z,01M0TT4TXD8SRXYDAE6TW71C0D,1787610369301
01M0TTTPM2Y4D6ESC7FTP4M4XG,01M0TSZV8KEDQHAT4X33M1GG1C,33,3,1787609223140,TRUE,2026-08-24T22:06:12Z,2026-08-24T22:07:04Z,01M0TTBQPRE9XMJHBPDKM8GTC4,1787609170732
01M0TTTPM2Y4D6ESC7FTP4M4XG,01M0TSZV8KEDQHAT4X33M1GG1C,33,3,1787609223140,TRUE,2026-08-24T22:06:12Z,2026-08-24T22:07:04Z,01M0TT467Q69C5HQ20GW6FRRF2,1787609169744
01M0TTTPS7K0H2SN8HCS08WX4F,01M0TSZV8KEDQHAT4X33M1GG1C,29,3,1787609030195,TRUE,2026-08-24T22:03:24Z,2026-08-24T22:03:51Z,01M0TT467Q69C5HQ20GW6FRRF2,1787609001523
01M0TTTPS7K0H2SN8HCS08WX4F,01M0TSZV8KEDQHAT4X33M1GG1C,29,3,1787609030195,TRUE,2026-08-24T22:03:24Z,2026-08-24T22:03:51Z,01M0TTBQPRE9XMJHBPDKM8GTC4,1787609002523
01M0TTTPVCBKQZRQZN9J9GHT95,01M0TSZV8KEDQHAT4X33M1GG1C,45,4,1787609670407,TRUE,2026-08-24T22:13:47Z,2026-08-24T22:14:32Z,01M0TTBQPRE9XMJHBPDKM8GTC4,1787609625891
01M0TTTPVCBKQZRQZN9J9GHT95,01M0TSZV8KEDQHAT4X33M1GG1C,45,4,1787609670407,TRUE,2026-08-24T22:13:47Z,2026-08-24T22:14:32Z,01M0TT467Q69C5HQ20GW6FRRF2,1787609625061
01M0TV7JQJKSXTB3WWZANJ82HR,01M0TTMWM9GSP2NP0T4CET96EB,3,1,1787608039951,TRUE,2026-08-24T21:46:52Z,2026-08-24T21:47:21Z,01M0TTRGJ55RK21NQM11GGHNRN,1787608012806
01M0TV7JQJKSXTB3WWZANJ82HR,01M0TTMWM9GSP2NP0T4CET96EB,3,1,1787608039951,TRUE,2026-08-24T21:46:52Z,2026-08-24T21:47:21Z,01M0TV363Y2QH3CGTPHSZR512P,1787608010490
01M0TT9KHRMC2D3TMA8HK0NRVB,01M0TSZGKE32G3R2H2EPQFBQNN,4,1,NA,NA,NA,2026-08-24T21:19:48Z,NA,NA
01M0TT9KJZNAW68RQM0RM81X8P,01M0TSZGKE32G3R2H2EPQFBQNN,36,4,NA,NA,NA,2026-08-24T21:19:49Z,NA,NA
01M0TTKDFH4B0Z8EW26D39WSC9,01M0TSZGKM72FFW193EYG47F25,42,4,NA,NA,NA,2026-08-24T21:25:10Z,NA,NA
01M0TTMQY3KB70QWAD9TG93PRN,01M0TSZV8ERABP36QP2627EVMT,43,4,1787608448901,TRUE,2026-08-24T21:54:01Z,2026-08-24T21:54:09Z,01M0TT4SREDP4QR1H8V4E3X5G9,1787608440756
01M0TTMQY3KB70QWAD9TG93PRN,01M0TSZV8ERABP36QP2627EVMT,43,4,1787608448901,TRUE,2026-08-24T21:54:01Z,2026-08-24T21:54:09Z,01M0TT4JP6VSYSTADD58E33WM9,1787608440160
01M0TV7JW1WFYP9M7JT4159R8G,01M0TTMWM9GSP2NP0T4CET96EB,40,4,1787608948620,TRUE,2026-08-24T22:02:16Z,2026-08-24T22:02:28Z,01M0TV363Y2QH3CGTPHSZR512P,1787608935606
01M0TV7JW1WFYP9M7JT4159R8G,01M0TTMWM9GSP2NP0T4CET96EB,40,4,1787608948620,TRUE,2026-08-24T22:02:16Z,2026-08-24T22:02:28Z,01M0TTRGJ55RK21NQM11GGHNRN,1787608937618
01M0TT9KK5RBRE6T1ZYSFR3TVA,01M0TSZGKE32G3R2H2EPQFBQNN,32,3,NA,NA,NA,2026-08-24T21:19:49Z,NA,NA
01M0TTA5BZQHKCWYDNHB3BT1C9,01M0TSZV8KEDQHAT4X3FNKVS2B,18,2,1787607420838,TRUE,2026-08-24T21:36:18Z,2026-08-24T21:37:00Z,01M0TT4SZRTK7MV5T48R9G1GQH,1787607378739
01M0TTA5BZQHKCWYDNHB3BT1C9,01M0TSZV8KEDQHAT4X3FNKVS2B,18,2,1787607420838,TRUE,2026-08-24T21:36:18Z,2026-08-24T21:37:00Z,01M0TT3ZTTV22XQGZD0K61T6A4,1787607378729
01M0TTKMTXC146RW0950DANKEG,01M0TSZEY173D8F3KEP071GR06,12,2,1787607608738,TRUE,2026-08-24T21:39:39Z,2026-08-24T21:40:09Z,01M0TT55D1DRDQ3JPT1CDTT5VN,1787607579499
01M0TTKMTXC146RW0950DANKEG,01M0TSZEY173D8F3KEP071GR06,12,2,1787607608738,TRUE,2026-08-24T21:39:39Z,2026-08-24T21:40:09Z,01M0TTF3ADJ36CYQBD8356XFNQ,1787607579226
01M0TV7JYPJ9C4CPFXCBGQ6BEV,01M0TTMWM9GSP2NP0T4CET96EB,31,3,1787608779810,TRUE,2026-08-24T21:59:26Z,2026-08-24T21:59:41Z,01M0TV363Y2QH3CGTPHSZR512P,1787608765220
01M0TV7JYPJ9C4CPFXCBGQ6BEV,01M0TTMWM9GSP2NP0T4CET96EB,31,3,1787608779810,TRUE,2026-08-24T21:59:26Z,2026-08-24T21:59:41Z,01M0TTRGJ55RK21NQM11GGHNRN,1787608767244
01M0TT9KFS7M1X3BEW6QGG6SET,01M0TSZGKE32G3R2H2EPQFBQNN,18,2,NA,NA,NA,2026-08-24T21:19:48Z,NA,NA
01M0TTA5CGRVRSQADMNYDVN910,01M0TSZV8KEDQHAT4X3FNKVS2B,25,3,1787607623465,TRUE,2026-08-24T21:40:05Z,2026-08-24T21:40:23Z,01M0TT4SZRTK7MV5T48R9G1GQH,1787607605207
01M0TTA5CGRVRSQADMNYDVN910,01M0TSZV8KEDQHAT4X3FNKVS2B,25,3,1787607623465,TRUE,2026-08-24T21:40:05Z,2026-08-24T21:40:23Z,01M0TT3ZTTV22XQGZD0K61T6A4,1787607605214
01M0TTKDAEV8K0P9D80F70BCWR,01M0TSZGKM72FFW193EYG47F25,1,1,NA,NA,NA,2026-08-24T21:25:09Z,NA,NA
01M0TTMQQYKF38FQ514C3D9KW9,01M0TSZV8ERABP36QP2627EVMT,46,4,1787608496784,TRUE,2026-08-24T21:54:48Z,2026-08-24T21:54:58Z,01M0TT4JP6VSYSTADD58E33WM9,1787608486693
01M0TTMQQYKF38FQ514C3D9KW9,01M0TSZV8ERABP36QP2627EVMT,46,4,1787608496784,TRUE,2026-08-24T21:54:48Z,2026-08-24T21:54:58Z,01M0TT4SREDP4QR1H8V4E3X5G9,1787608487276
01M0TT9KJ5QEEBHCKM27ZWDBPE,01M0TSZGKE32G3R2H2EPQFBQNN,44,4,NA,NA,NA,2026-08-24T21:19:49Z,NA,NA
01M0TTA5ATM7240H019YJV4N91,01M0TSZV8KEDQHAT4X3FNKVS2B,47,4,1787608161632,TRUE,2026-08-24T21:48:51Z,2026-08-24T21:49:21Z,01M0TT4SZRTK7MV5T48R9G1GQH,1787608131360
01M0TTA5ATM7240H019YJV4N91,01M0TSZV8KEDQHAT4X3FNKVS2B,47,4,1787608161632,TRUE,2026-08-24T21:48:51Z,2026-08-24T21:49:21Z,01M0TT3ZTTV22XQGZD0K61T6A4,1787608131356
01M0TTMQRGQVPV7Y6EZ7VKJX36,01M0TSZV8ERABP36QP2627EVMT,2,1,1787607286973,TRUE,2026-08-24T21:34:25Z,2026-08-24T21:34:48Z,01M0TT4JP6VSYSTADD58E33WM9,1787607264617
01M0TTMQRGQVPV7Y6EZ7VKJX36,01M0TSZV8ERABP36QP2627EVMT,2,1,1787607286973,TRUE,2026-08-24T21:34:25Z,2026-08-24T21:34:48Z,01M0TT4SREDP4QR1H8V4E3X5G9,1787607265004
01M0TT9KGQ6KZX88Y2EST3J2KB,01M0TSZGKE32G3R2H2EPQFBQNN,7,1,NA,NA,NA,2026-08-24T21:19:48Z,NA,NA
01M0TTK1623V9W51H3M59G5KX6,01M0TSZEY54T11A9AMGVA6T4ZB,38,4,1787609380091,TRUE,2026-08-24T22:09:18Z,2026-08-24T22:09:40Z,01M0TT7FNH08P86PFHWCV3NRS8,1787609358419
01M0TTK1623V9W51H3M59G5KX6,01M0TSZEY54T11A9AMGVA6T4ZB,38,4,1787609380091,TRUE,2026-08-24T22:09:18Z,2026-08-24T22:09:40Z,01M0TT7ZVRQQW92P55GPN9KMMS,1787609360723
01M0TV7JPYV60WKC5G63QXA88H,01M0TTMWM9GSP2NP0T4CET96EB,5,1,1787608104991,TRUE,2026-08-24T21:48:05Z,2026-08-24T21:48:26Z,01M0TV363Y2QH3CGTPHSZR512P,1787608083793
01M0TV7JPYV60WKC5G63QXA88H,01M0TTMWM9GSP2NP0T4CET96EB,5,1,1787608104991,TRUE,2026-08-24T21:48:05Z,2026-08-24T21:48:26Z,01M0TTRGJ55RK21NQM11GGHNRN,1787608085730
01M0TTKMXDKZA2RWCK7K9YQTQK,01M0TSZEY173D8F3KEP071GR06,22,2,1787607869467,TRUE,2026-08-24T21:43:40Z,2026-08-24T21:44:29Z,01M0TT55D1DRDQ3JPT1CDTT5VN,1787607820027
01M0TTKMXDKZA2RWCK7K9YQTQK,01M0TSZEY173D8F3KEP071GR06,22,2,1787607869467,TRUE,2026-08-24T21:43:40Z,2026-08-24T21:44:29Z,01M0TTF3ADJ36CYQBD8356XFNQ,1787607819688
01M0TTTPQJQPN7TD9DE8N9H0T6,01M0TSZV8KEDQHAT4X33M1GG1C,3,1,1787607859205,TRUE,2026-08-24T21:43:22Z,2026-08-24T21:44:20Z,01M0TTBQPRE9XMJHBPDKM8GTC4,1787607800836
01M0TTTPQJQPN7TD9DE8N9H0T6,01M0TSZV8KEDQHAT4X33M1GG1C,3,1,1787607859205,TRUE,2026-08-24T21:43:22Z,2026-08-24T21:44:20Z,01M0TT467Q69C5HQ20GW6FRRF2,1787607800110
01M0TTYQA5H8SKKASNVMBCT5F8,01M0TTMWMDPGAHQRDA7BZJ8FEZ,34,3,NA,NA,NA,2026-08-24T21:31:22Z,NA,NA
01M0TVK9PRTXH8T1DVMHTFBGJ6,01M0TTMWMG725DJ5GA5M4WD8SY,26,3,1787608591766,TRUE,2026-08-24T21:56:17Z,2026-08-24T21:56:31Z,01M0TVD4RDDZ2GPYA2W2TBJY2J,1787608577082
01M0TVK9PRTXH8T1DVMHTFBGJ6,01M0TTMWMG725DJ5GA5M4WD8SY,26,3,1787608591766,TRUE,2026-08-24T21:56:17Z,2026-08-24T21:56:31Z,01M0TV8YZXT0HY97VC3QNJABKN,1787608578015
01M0TTEY36425R43JP73CX24RP,01M0TSZEY44B7XSP574QH2WQPJ,15,2,1787607573635,FALSE,2026-08-24T21:38:45Z,2026-08-24T21:39:33Z,01M0TT9XXJBBQAZ4WANFPESF7T,1787607524917
01M0TTEY36425R43JP73CX24RP,01M0TSZEY44B7XSP574QH2WQPJ,15,2,1787607573635,FALSE,2026-08-24T21:38:45Z,2026-08-24T21:39:33Z,01M0TT49QHQY8JQV8C5T94HHYZ,1787607525023
01M0TTMQTF3ZWA74MSF56AEFJA,01M0TSZV8ERABP36QP2627EVMT,16,2,1787607785360,TRUE,2026-08-24T21:42:46Z,2026-08-24T21:43:06Z,01M0TT4JP6VSYSTADD58E33WM9,1787607764856
01M0TTMQTF3ZWA74MSF56AEFJA,01M0TSZV8ERABP36QP2627EVMT,16,2,1787607785360,TRUE,2026-08-24T21:42:46Z,2026-08-24T21:43:06Z,01M0TT4SREDP4QR1H8V4E3X5G9,1787607765478
01M0TTTPN9WYQTRYKGN01YB111,01M0TSZV8KEDQHAT4X33M1GG1C,11,1,1787608287822,TRUE,2026-08-24T21:50:59Z,2026-08-24T21:51:29Z,01M0TT467Q69C5HQ20GW6FRRF2,1787608257104
01M0TTTPN9WYQTRYKGN01YB111,01M0TSZV8KEDQHAT4X33M1GG1C,11,1,1787608287822,TRUE,2026-08-24T21:50:59Z,2026-08-24T21:51:29Z,01M0TTBQPRE9XMJHBPDKM8GTC4,1787608257855
01M0TT9KKB37T5D4HT8PDQE6NF,01M0TSZGKE32G3R2H2EPQFBQNN,23,2,NA,NA,NA,2026-08-24T21:19:48Z,NA,NA
01M0TV7JSZAXRR3QSM5JXEYEGR,01M0TTMWM9GSP2NP0T4CET96EB,2,1,1787608009184,TRUE,2026-08-24T21:46:05Z,2026-08-24T21:46:48Z,01M0TTRGJ55RK21NQM11GGHNRN,1787607965901
01M0TV7JSZAXRR3QSM5JXEYEGR,01M0TTMWM9GSP2NP0T4CET96EB,2,1,1787608009184,TRUE,2026-08-24T21:46:05Z,2026-08-24T21:46:48Z,01M0TV363Y2QH3CGTPHSZR512P,1787607963761
01M0TTNRGWRJYHFP3AMHFJ3C8Y,01M0TSZGKJQW5S4GCP9150DNN9,16,2,NA,NA,NA,2026-08-24T21:26:27Z,NA,NA
01M0TTTPTV6F12YC6XJT82EBKW,01M0TSZV8KEDQHAT4X33M1GG1C,47,4,1787609740300,FALSE,2026-08-24T22:15:11Z,2026-08-24T22:15:42Z,01M0TT467Q69C5HQ20GW6FRRF2,1787609708437
01M0TTTPTV6F12YC6XJT82EBKW,01M0TSZV8KEDQHAT4X33M1GG1C,47,4,1787609740300,FALSE,2026-08-24T22:15:11Z,2026-08-24T22:15:42Z,01M0TTBQPRE9XMJHBPDKM8GTC4,1787609709444
01M0TTYQCB4HHYEFM5E8B8V5VE,01M0TTMWMDPGAHQRDA7BZJ8FEZ,29,3,NA,NA,NA,2026-08-24T21:31:21Z,NA,NA
01M0TV7K1YSN0AA973WX8MN22R,01M0TTMWM9GSP2NP0T4CET96EB,14,2,1787608398656,TRUE,2026-08-24T21:53:03Z,2026-08-24T21:53:18Z,01M0TV363Y2QH3CGTPHSZR512P,1787608382386
01M0TV7K1YSN0AA973WX8MN22R,01M0TTMWM9GSP2NP0T4CET96EB,14,2,1787608398656,TRUE,2026-08-24T21:53:03Z,2026-08-24T21:53:18Z,01M0TTRGJ55RK21NQM11GGHNRN,1787608384490
01M0TTEY4K96A52Q2J50DKP2N7,01M0TSZEY44B7XSP574QH2WQPJ,1,1,1787606956603,FALSE,2026-08-24T21:28:31Z,2026-08-24T21:29:17Z,01M0TT9XXJBBQAZ4WANFPESF7T,1787606911061
01M0TTEY4K96A52Q2J50DKP2N7,01M0TSZEY44B7XSP574QH2WQPJ,1,1,1787606956603,FALSE,2026-08-24T21:28:31Z,2026-08-24T21:29:17Z,01M0TT49QHQY8JQV8C5T94HHYZ,1787606911170
01M0TTNRBDTNTD0C633CC9M08A,01M0TSZGKJQW5S4GCP9150DNN9,0,1,NA,FALSE,2026-08-24T22:25:03Z,2026-08-24T22:26:03Z,01M0TT4TXD8SRXYDAE6TW71C0D,1787610242560
01M0TTKDEJSAA46A61DQ6D60SY,01M0TSZGKM72FFW193EYG47F25,29,3,NA,NA,NA,2026-08-24T21:25:10Z,NA,NA
01M0TV7JWCFAAHDZVQV9TA198R,01M0TTMWM9GSP2NP0T4CET96EB,39,4,1787608931728,TRUE,2026-08-24T22:02:04Z,2026-08-24T22:02:13Z,01M0TV363Y2QH3CGTPHSZR512P,1787608923056
01M0TV7JWCFAAHDZVQV9TA198R,01M0TTMWM9GSP2NP0T4CET96EB,39,4,1787608931728,TRUE,2026-08-24T22:02:04Z,2026-08-24T22:02:13Z,01M0TTRGJ55RK21NQM11GGHNRN,1787608925364
01M0TTA58WTW677E6JA0N198K9,01M0TSZV8KEDQHAT4X3FNKVS2B,34,3,1787607814734,TRUE,2026-08-24T21:43:18Z,2026-08-24T21:43:34Z,01M0TT4SZRTK7MV5T48R9G1GQH,1787607798889
01M0TTA58WTW677E6JA0N198K9,01M0TSZV8KEDQHAT4X3FNKVS2B,34,3,1787607814734,TRUE,2026-08-24T21:43:18Z,2026-08-24T21:43:34Z,01M0TT3ZTTV22XQGZD0K61T6A4,1787607798796
01M0TTA5953ADTEWHGMW1MW2SJ,01M0TSZV8KEDQHAT4X3FNKVS2B,31,3,1787607739696,TRUE,2026-08-24T21:42:05Z,2026-08-24T21:42:19Z,01M0TT4SZRTK7MV5T48R9G1GQH,1787607725726
01M0TTA5953ADTEWHGMW1MW2SJ,01M0TSZV8KEDQHAT4X3FNKVS2B,31,3,1787607739696,TRUE,2026-08-24T21:42:05Z,2026-08-24T21:42:19Z,01M0TT3ZTTV22XQGZD0K61T6A4,1787607725719
01M0TTKDAZ62EAFTYHTEY7S4R4,01M0TSZGKM72FFW193EYG47F25,18,2,NA,NA,NA,2026-08-24T21:25:10Z,NA,NA
01M0TTMQXKSDHAZTVXM75E4R5D,01M0TSZV8ERABP36QP2627EVMT,31,3,1787608217919,TRUE,2026-08-24T21:49:54Z,2026-08-24T21:50:18Z,01M0TT4SREDP4QR1H8V4E3X5G9,1787608193402
01M0TTMQXKSDHAZTVXM75E4R5D,01M0TSZV8ERABP36QP2627EVMT,31,3,1787608217919,TRUE,2026-08-24T21:49:54Z,2026-08-24T21:50:18Z,01M0TT4JP6VSYSTADD58E33WM9,1787608192943
01M0TTNRBV4MQH0FYA4XHK2CQY,01M0TSZGKJQW5S4GCP9150DNN9,1,1,NA,FALSE,2026-08-24T22:26:07Z,2026-08-24T22:27:07Z,01M0TT4TXD8SRXYDAE6TW71C0D,1787610305911
01M0TVK9ZWJ3B016695H3XCC6B,01M0TTMWMG725DJ5GA5M4WD8SY,40,4,1787608771503,TRUE,2026-08-24T21:59:21Z,2026-08-24T21:59:30Z,01M0TVD4RDDZ2GPYA2W2TBJY2J,1787608761435
01M0TVK9ZWJ3B016695H3XCC6B,01M0TTMWMG725DJ5GA5M4WD8SY,40,4,1787608771503,TRUE,2026-08-24T21:59:21Z,2026-08-24T21:59:30Z,01M0TV8YZXT0HY97VC3QNJABKN,1787608762372
01M0TTA5ARN7Z84S1GBMGKAPTZ,01M0TSZV8KEDQHAT4X3FNKVS2B,21,2,1787607513362,TRUE,2026-08-24T21:37:57Z,2026-08-24T21:38:33Z,01M0TT4SZRTK7MV5T48R9G1GQH,1787607477555
01M0TTA5ARN7Z84S1GBMGKAPTZ,01M0TSZV8KEDQHAT4X3FNKVS2B,21,2,1787607513362,TRUE,2026-08-24T21:37:57Z,2026-08-24T21:38:33Z,01M0TT3ZTTV22XQGZD0K61T6A4,1787607477505
01M0TTK19CJB29FM7RC0K3R03D,01M0TSZEY54T11A9AMGVA6T4ZB,23,2,1787608823412,FALSE,2026-08-24T21:59:33Z,2026-08-24T22:00:21Z,01M0TT7FNH08P86PFHWCV3NRS8,1787608773768
01M0TTK19CJB29FM7RC0K3R03D,01M0TSZEY54T11A9AMGVA6T4ZB,23,2,1787608823412,FALSE,2026-08-24T21:59:33Z,2026-08-24T22:00:21Z,01M0TT7ZVRQQW92P55GPN9KMMS,1787608776042
01M0TTKDG6C5PKFTSV7J4CNFAC,01M0TSZGKM72FFW193EYG47F25,46,4,NA,NA,NA,2026-08-24T21:25:10Z,NA,NA
01M0TTKN2H6RT12G2PVW78R4FR,01M0TSZEY173D8F3KEP071GR06,37,4,1787608238485,TRUE,2026-08-24T21:50:23Z,2026-08-24T21:50:38Z,01M0TT55D1DRDQ3JPT1CDTT5VN,1787608223525
01M0TTKN2H6RT12G2PVW78R4FR,01M0TSZEY173D8F3KEP071GR06,37,4,1787608238485,TRUE,2026-08-24T21:50:23Z,2026-08-24T21:50:38Z,01M0TTF3ADJ36CYQBD8356XFNQ,1787608223224
01M0TTNRFKMVA1J82CFPR55SF8,01M0TSZGKJQW5S4GCP9150DNN9,36,4,NA,NA,NA,2026-08-24T21:26:27Z,NA,NA
01M0TV7JRZ22YG5H7EJKAYKKSA,01M0TTMWM9GSP2NP0T4CET96EB,46,4,1787609050905,TRUE,2026-08-24T22:04:02Z,2026-08-24T22:04:10Z,01M0TTRGJ55RK21NQM11GGHNRN,1787609042955
01M0TV7JRZ22YG5H7EJKAYKKSA,01M0TTMWM9GSP2NP0T4CET96EB,46,4,1787609050905,TRUE,2026-08-24T22:04:02Z,2026-08-24T22:04:10Z,01M0TV363Y2QH3CGTPHSZR512P,1787609040655
01M0TTA57Y7VCTCEJ68H134ERM,01M0TSZV8KEDQHAT4X3FNKVS2B,44,4,1787608082494,TRUE,2026-08-24T21:47:34Z,2026-08-24T21:48:02Z,01M0TT3ZTTV22XQGZD0K61T6A4,1787608054030
01M0TTA57Y7VCTCEJ68H134ERM,01M0TSZV8KEDQHAT4X3FNKVS2B,44,4,1787608082494,TRUE,2026-08-24T21:47:34Z,2026-08-24T21:48:02Z,01M0TT4SZRTK7MV5T48R9G1GQH,1787608054082
01M0TTK10HA19NJ6QJKNK83M7B,01M0TSZEY54T11A9AMGVA6T4ZB,3,1,1787607896330,TRUE,2026-08-24T21:44:08Z,2026-08-24T21:44:53Z,01M0TT7ZVRQQW92P55GPN9KMMS,1787607851330
01M0TTK10HA19NJ6QJKNK83M7B,01M0TSZEY54T11A9AMGVA6T4ZB,3,1,1787607896330,TRUE,2026-08-24T21:44:08Z,2026-08-24T21:44:53Z,01M0TT7FNH08P86PFHWCV3NRS8,1787607849025
01M0TVK9T1V3PNDTPVEEMJPGAA,01M0TTMWMG725DJ5GA5M4WD8SY,37,4,1787608726797,TRUE,2026-08-24T21:58:37Z,2026-08-24T21:58:46Z,01M0TV8YZXT0HY97VC3QNJABKN,1787608718082
01M0TVK9T1V3PNDTPVEEMJPGAA,01M0TTMWMG725DJ5GA5M4WD8SY,37,4,1787608726797,TRUE,2026-08-24T21:58:37Z,2026-08-24T21:58:46Z,01M0TVD4RDDZ2GPYA2W2TBJY2J,1787608717163
01M0TTEY3S2N0VPS91FD40Y0B8,01M0TSZEY44B7XSP574QH2WQPJ,32,3,1787608228249,TRUE,2026-08-24T21:49:57Z,2026-08-24T21:50:28Z,01M0TT49QHQY8JQV8C5T94HHYZ,1787608197221
01M0TTEY3S2N0VPS91FD40Y0B8,01M0TSZEY44B7XSP574QH2WQPJ,32,3,1787608228249,TRUE,2026-08-24T21:49:57Z,2026-08-24T21:50:28Z,01M0TT9XXJBBQAZ4WANFPESF7T,1787608197000
01M0TTTPG6W1DYMGG4SAQZTRQJ,01M0TSZV8KEDQHAT4X33M1GG1C,19,2,1787608597275,TRUE,2026-08-24T21:55:54Z,2026-08-24T21:56:39Z,01M0TTBQPRE9XMJHBPDKM8GTC4,1787608553146
01M0TTTPG6W1DYMGG4SAQZTRQJ,01M0TSZV8KEDQHAT4X33M1GG1C,19,2,1787608597275,TRUE,2026-08-24T21:55:54Z,2026-08-24T21:56:39Z,01M0TT467Q69C5HQ20GW6FRRF2,1787608552344
01M0TTTPHD05RP9QK8GPBME752,01M0TSZV8KEDQHAT4X33M1GG1C,38,4,1787609418083,TRUE,2026-08-24T22:09:54Z,2026-08-24T22:10:20Z,01M0TT467Q69C5HQ20GW6FRRF2,1787609392233
01M0TTTPHD05RP9QK8GPBME752,01M0TSZV8KEDQHAT4X33M1GG1C,38,4,1787609418083,TRUE,2026-08-24T22:09:54Z,2026-08-24T22:10:20Z,01M0TTBQPRE9XMJHBPDKM8GTC4,1787609393207
01M0TTTPMHDVPW2W59Q2M5JPMT,01M0TSZV8KEDQHAT4X33M1GG1C,13,2,1787608350417,TRUE,2026-08-24T21:52:04Z,2026-08-24T21:52:32Z,01M0TTBQPRE9XMJHBPDKM8GTC4,1787608322351
01M0TTTPMHDVPW2W59Q2M5JPMT,01M0TSZV8KEDQHAT4X33M1GG1C,13,2,1787608350417,TRUE,2026-08-24T21:52:04Z,2026-08-24T21:52:32Z,01M0TT467Q69C5HQ20GW6FRRF2,1787608321386
01M0TVK9KZSDVV46732Y57QC50,01M0TTMWMG725DJ5GA5M4WD8SY,16,2,1787608423455,TRUE,2026-08-24T21:53:34Z,2026-08-24T21:53:42Z,01M0TVD4RDDZ2GPYA2W2TBJY2J,1787608414146
01M0TVK9KZSDVV46732Y57QC50,01M0TTMWMG725DJ5GA5M4WD8SY,16,2,1787608423455,TRUE,2026-08-24T21:53:34Z,2026-08-24T21:53:42Z,01M0TV8YZXT0HY97VC3QNJABKN,1787608415086
01M0TTEY3F6FQ84GR89F7WDK38,01M0TSZEY44B7XSP574QH2WQPJ,35,3,1787608337820,TRUE,2026-08-24T21:52:00Z,2026-08-24T21:52:18Z,01M0TT9XXJBBQAZ4WANFPESF7T,1787608319825
01M0TTEY3F6FQ84GR89F7WDK38,01M0TSZEY44B7XSP574QH2WQPJ,35,3,1787608337820,TRUE,2026-08-24T21:52:00Z,2026-08-24T21:52:18Z,01M0TT49QHQY8JQV8C5T94HHYZ,1787608320023
01M0TTKMVC7VC72KXQHDQG1Q4E,01M0TSZEY173D8F3KEP071GR06,15,2,1787607684406,TRUE,2026-08-24T21:41:03Z,2026-08-24T21:41:24Z,01M0TTF3ADJ36CYQBD8356XFNQ,1787607663006
01M0TTKMVC7VC72KXQHDQG1Q4E,01M0TSZEY173D8F3KEP071GR06,15,2,1787607684406,TRUE,2026-08-24T21:41:03Z,2026-08-24T21:41:24Z,01M0TT55D1DRDQ3JPT1CDTT5VN,1787607663412
01M0TTYQ28CBGV6JE2PQ3W2D78,01M0TTMWMDPGAHQRDA7BZJ8FEZ,5,1,NA,FALSE,2026-08-24T21:49:28Z,2026-08-24T21:50:28Z,01M0TTJT0T1FXWVGTP027BYENQ,1787607972937
01M0TTYQ28CBGV6JE2PQ3W2D78,01M0TTMWMDPGAHQRDA7BZJ8FEZ,5,1,NA,FALSE,2026-08-24T21:49:28Z,2026-08-24T21:50:28Z,01M0TTENRE0ZSC234N2S1BW8ZS,1787608168502
01M0TTYQ5MXBSJWTFVCVMSKW43,01M0TTMWMDPGAHQRDA7BZJ8FEZ,40,4,NA,NA,NA,2026-08-24T21:31:22Z,NA,NA
01M0TTKMT6SENPRWDNEFVYRDVQ,01M0TSZEY173D8F3KEP071GR06,7,1,1787607474770,TRUE,2026-08-24T21:37:32Z,2026-08-24T21:37:55Z,01M0TT55D1DRDQ3JPT1CDTT5VN,1787607453093
01M0TTKMT6SENPRWDNEFVYRDVQ,01M0TSZEY173D8F3KEP071GR06,7,1,1787607474770,TRUE,2026-08-24T21:37:32Z,2026-08-24T21:37:55Z,01M0TTF3ADJ36CYQBD8356XFNQ,1787607452629
01M0TTKMV192DKPMV1BM3AVXYY,01M0TSZEY173D8F3KEP071GR06,1,1,1787607337589,TRUE,2026-08-24T21:35:16Z,2026-08-24T21:35:38Z,01M0TT55D1DRDQ3JPT1CDTT5VN,1787607316255
01M0TTKMV192DKPMV1BM3AVXYY,01M0TSZEY173D8F3KEP071GR06,1,1,1787607337589,TRUE,2026-08-24T21:35:16Z,2026-08-24T21:35:38Z,01M0TTF3ADJ36CYQBD8356XFNQ,1787607315924
01M0TTMQR7WT8RVVVAVBNPBP5B,01M0TSZV8ERABP36QP2627EVMT,4,1,NA,FALSE,2026-08-24T21:35:26Z,2026-08-24T21:36:26Z,01M0TT4JP6VSYSTADD58E33WM9,1787607324811
01M0TTMQR7WT8RVVVAVBNPBP5B,01M0TSZV8ERABP36QP2627EVMT,4,1,NA,FALSE,2026-08-24T21:35:26Z,2026-08-24T21:36:26Z,01M0TT4SREDP4QR1H8V4E3X5G9,1787607325262
01M0TTTPKNZ2ZXVD8JR5TDDNBG,01M0TSZV8KEDQHAT4X33M1GG1C,14,2,1787608400910,FALSE,2026-08-24T21:52:35Z,2026-08-24T21:53:23Z,01M0TT467Q69C5HQ20GW6FRRF2,1787608352892
01M0TTTPKNZ2ZXVD8JR5TDDNBG,01M0TSZV8KEDQHAT4X33M1GG1C,14,2,1787608400910,FALSE,2026-08-24T21:52:35Z,2026-08-24T21:53:23Z,01M0TTBQPRE9XMJHBPDKM8GTC4,1787608353887
01M0TTTPV426FRCXCMNSFC5QKF,01M0TSZV8KEDQHAT4X33M1GG1C,46,4,1787609704772,TRUE,2026-08-24T22:14:35Z,2026-08-24T22:15:07Z,01M0TT467Q69C5HQ20GW6FRRF2,1787609673148
01M0TTTPV426FRCXCMNSFC5QKF,01M0TSZV8KEDQHAT4X33M1GG1C,46,4,1787609704772,TRUE,2026-08-24T22:14:35Z,2026-08-24T22:15:07Z,01M0TTBQPRE9XMJHBPDKM8GTC4,1787609674144
01M0TT9KHTFJM8XSAZNJDNNB6T,01M0TSZGKE32G3R2H2EPQFBQNN,2,1,NA,NA,NA,2026-08-24T21:19:48Z,NA,NA
01M0TT9KJ02RQJDN752DG8RRCB,01M0TSZGKE32G3R2H2EPQFBQNN,47,4,NA,NA,NA,2026-08-24T21:19:49Z,NA,NA
01M0TTKMZYGJFNBD3YP4QBS86E,01M0TSZEY173D8F3KEP071GR06,29,3,1787608017850,TRUE,2026-08-24T21:46:43Z,2026-08-24T21:46:58Z,01M0TTF3ADJ36CYQBD8356XFNQ,1787608002959
01M0TTKMZYGJFNBD3YP4QBS86E,01M0TSZEY173D8F3KEP071GR06,29,3,1787608017850,TRUE,2026-08-24T21:46:43Z,2026-08-24T21:46:58Z,01M0TT55D1DRDQ3JPT1CDTT5VN,1787608003284
01M0TTTPP4FNKNN4EA4BYKM227,01M0TSZV8KEDQHAT4X33M1GG1C,10,1,1787608253247,TRUE,2026-08-24T21:49:56Z,2026-08-24T21:50:56Z,01M0TTBQPRE9XMJHBPDKM8GTC4,1787608195012
01M0TTTPP4FNKNN4EA4BYKM227,01M0TSZV8KEDQHAT4X33M1GG1C,10,1,1787608253247,TRUE,2026-08-24T21:49:56Z,2026-08-24T21:50:56Z,01M0TT467Q69C5HQ20GW6FRRF2,1787608194393
01M0TTA59AFMAPNZE2PF10TCXT,01M0TSZV8KEDQHAT4X3FNKVS2B,46,4,1787608127966,TRUE,2026-08-24T21:48:29Z,2026-08-24T21:48:48Z,01M0TT4SZRTK7MV5T48R9G1GQH,1787608109520
01M0TTA59AFMAPNZE2PF10TCXT,01M0TSZV8KEDQHAT4X3FNKVS2B,46,4,1787608127966,TRUE,2026-08-24T21:48:29Z,2026-08-24T21:48:48Z,01M0TT3ZTTV22XQGZD0K61T6A4,1787608109512
01M0TTEY77NYYMD539AVZM0WBY,01M0TSZEY44B7XSP574QH2WQPJ,45,4,1787608635348,TRUE,2026-08-24T21:56:42Z,2026-08-24T21:57:15Z,01M0TT9XXJBBQAZ4WANFPESF7T,1787608602511
01M0TTEY77NYYMD539AVZM0WBY,01M0TSZEY44B7XSP574QH2WQPJ,45,4,1787608635348,TRUE,2026-08-24T21:56:42Z,2026-08-24T21:57:15Z,01M0TT49QHQY8JQV8C5T94HHYZ,1787608602735
01M0TTNRF9MH74F3YKFY0MN28M,01M0TSZGKJQW5S4GCP9150DNN9,19,2,NA,NA,NA,2026-08-24T21:26:27Z,NA,NA
01M0TTK15BMPVJH5GGXJ7X11FN,01M0TSZEY54T11A9AMGVA6T4ZB,37,4,1787609357203,TRUE,2026-08-24T22:08:44Z,2026-08-24T22:09:14Z,01M0TT7FNH08P86PFHWCV3NRS8,1787609324314
01M0TTK15BMPVJH5GGXJ7X11FN,01M0TSZEY54T11A9AMGVA6T4ZB,37,4,1787609357203,TRUE,2026-08-24T22:08:44Z,2026-08-24T22:09:14Z,01M0TT7ZVRQQW92P55GPN9KMMS,1787609326598
01M0TTKMVAXEH6G7KS70HHN6RV,01M0TSZEY173D8F3KEP071GR06,14,2,1787607659792,TRUE,2026-08-24T21:40:36Z,2026-08-24T21:41:00Z,01M0TT55D1DRDQ3JPT1CDTT5VN,1787607636591
01M0TTKMVAXEH6G7KS70HHN6RV,01M0TSZEY173D8F3KEP071GR06,14,2,1787607659792,TRUE,2026-08-24T21:40:36Z,2026-08-24T21:41:00Z,01M0TTF3ADJ36CYQBD8356XFNQ,1787607636200
01M0TTK138H8Z38WR2VJ7XEBJY,01M0TSZEY54T11A9AMGVA6T4ZB,30,3,1787609114810,TRUE,2026-08-24T22:05:01Z,2026-08-24T22:05:14Z,01M0TT7FNH08P86PFHWCV3NRS8,1787609101497
01M0TTK138H8Z38WR2VJ7XEBJY,01M0TSZEY54T11A9AMGVA6T4ZB,30,3,1787609114810,TRUE,2026-08-24T22:05:01Z,2026-08-24T22:05:14Z,01M0TT7ZVRQQW92P55GPN9KMMS,1787609103810
01M0TVK9PHMTZX3KC292RW7FFN,01M0TTMWMG725DJ5GA5M4WD8SY,25,3,1787608573646,TRUE,2026-08-24T21:56:04Z,2026-08-24T21:56:13Z,01M0TV8YZXT0HY97VC3QNJABKN,1787608565243
01M0TVK9PHMTZX3KC292RW7FFN,01M0TTMWMG725DJ5GA5M4WD8SY,25,3,1787608573646,TRUE,2026-08-24T21:56:04Z,2026-08-24T21:56:13Z,01M0TVD4RDDZ2GPYA2W2TBJY2J,1787608564338
01M0TTA59P1C6S977KMQ7MZP4H,01M0TSZV8KEDQHAT4X3FNKVS2B,23,2,1787607575958,TRUE,2026-08-24T21:39:12Z,2026-08-24T21:39:36Z,01M0TT4SZRTK7MV5T48R9G1GQH,1787607552733
01M0TTA59P1C6S977KMQ7MZP4H,01M0TSZV8KEDQHAT4X3FNKVS2B,23,2,1787607575958,TRUE,2026-08-24T21:39:12Z,2026-08-24T21:39:36Z,01M0TT3ZTTV22XQGZD0K61T6A4,1787607552727
01M0TTNRFZ4EN6MVXYVJHY4JDD,01M0TSZGKJQW5S4GCP9150DNN9,17,2,NA,NA,NA,2026-08-24T21:26:27Z,NA,NA
01M0TV7JM2CXPRGVK159AYJ6HQ,01M0TTMWM9GSP2NP0T4CET96EB,22,2,1787608605933,TRUE,2026-08-24T21:56:06Z,2026-08-24T21:56:45Z,01M0TTRGJ55RK21NQM11GGHNRN,1787608567601
01M0TV7JM2CXPRGVK159AYJ6HQ,01M0TTMWM9GSP2NP0T4CET96EB,22,2,1787608605933,TRUE,2026-08-24T21:56:06Z,2026-08-24T21:56:45Z,01M0TV363Y2QH3CGTPHSZR512P,1787608565469
01M0TVKA2BF1SZXMAKV0KK2F8A,01M0TTMWMG725DJ5GA5M4WD8SY,45,4,1787608833248,TRUE,2026-08-24T22:00:26Z,2026-08-24T22:00:33Z,01M0TVD4RDDZ2GPYA2W2TBJY2J,1787608826566
01M0TVKA2BF1SZXMAKV0KK2F8A,01M0TTMWMG725DJ5GA5M4WD8SY,45,4,1787608833248,TRUE,2026-08-24T22:00:26Z,2026-08-24T22:00:33Z,01M0TV8YZXT0HY97VC3QNJABKN,1787608827485
01M0TTA57RWSA4M61RXN9MVA8P,01M0TSZV8KEDQHAT4X3FNKVS2B,2,1,1787606688270,TRUE,2026-08-24T21:24:12Z,2026-08-24T21:24:48Z,01M0TT3ZTTV22XQGZD0K61T6A4,1787606652295
01M0TTA57RWSA4M61RXN9MVA8P,01M0TSZV8KEDQHAT4X3FNKVS2B,2,1,1787606688270,TRUE,2026-08-24T21:24:12Z,2026-08-24T21:24:48Z,01M0TT4SZRTK7MV5T48R9G1GQH,1787606652311
01M0TTA58ZHAWC8QYFPWEZR7BQ,01M0TSZV8KEDQHAT4X3FNKVS2B,33,3,1787607795416,TRUE,2026-08-24T21:42:46Z,2026-08-24T21:43:15Z,01M0TT4SZRTK7MV5T48R9G1GQH,1787607766125
01M0TTA58ZHAWC8QYFPWEZR7BQ,01M0TSZV8KEDQHAT4X3FNKVS2B,33,3,1787607795416,TRUE,2026-08-24T21:42:46Z,2026-08-24T21:43:15Z,01M0TT3ZTTV22XQGZD0K61T6A4,1787607766115
01M0TTKD973BER25Q8P2PKX3N2,01M0TSZGKM72FFW193EYG47F25,3,1,NA,NA,NA,2026-08-24T21:25:09Z,NA,NA
01M0TTKDAA4G8EM2EZHG965CDH,01M0TSZGKM72FFW193EYG47F25,15,2,NA,NA,NA,2026-08-24T21:25:10Z,NA,NA
01M0TTKN27XKJNZDAJ4Q5K47AD,01M0TSZEY173D8F3KEP071GR06,35,3,1787608204064,TRUE,2026-08-24T21:49:45Z,2026-08-24T21:50:04Z,01M0TT55D1DRDQ3JPT1CDTT5VN,1787608185755
01M0TTKN27XKJNZDAJ4Q5K47AD,01M0TSZEY173D8F3KEP071GR06,35,3,1787608204064,TRUE,2026-08-24T21:49:45Z,2026-08-24T21:50:04Z,01M0TTF3ADJ36CYQBD8356XFNQ,1787608185448
01M0TTKN40E7PRPB5F352Q7PDJ,01M0TSZEY173D8F3KEP071GR06,46,4,1787608459900,TRUE,2026-08-24T21:54:07Z,2026-08-24T21:54:20Z,01M0TTF3ADJ36CYQBD8356XFNQ,1787608447460
01M0TTKN40E7PRPB5F352Q7PDJ,01M0TSZEY173D8F3KEP071GR06,46,4,1787608459900,TRUE,2026-08-24T21:54:07Z,2026-08-24T21:54:20Z,01M0TT55D1DRDQ3JPT1CDTT5VN,1787608447734
01M0TTMQYQX5YZ6ZYV2VKS15F8,01M0TSZV8ERABP36QP2627EVMT,44,4,1787608471630,TRUE,2026-08-24T21:54:13Z,2026-08-24T21:54:33Z,01M0TT4SREDP4QR1H8V4E3X5G9,1787608452345
01M0TTMQYQX5YZ6ZYV2VKS15F8,01M0TSZV8ERABP36QP2627EVMT,44,4,1787608471630,TRUE,2026-08-24T21:54:13Z,2026-08-24T21:54:33Z,01M0TT4JP6VSYSTADD58E33WM9,1787608451737
01M0TVK9JZ1QX299MABKQFBHP4,01M0TTMWMG725DJ5GA5M4WD8SY,13,2,1787608379597,TRUE,2026-08-24T21:52:49Z,2026-08-24T21:52:59Z,01M0TVD4RDDZ2GPYA2W2TBJY2J,1787608369142
01M0TVK9JZ1QX299MABKQFBHP4,01M0TTMWMG725DJ5GA5M4WD8SY,13,2,1787608379597,TRUE,2026-08-24T21:52:49Z,2026-08-24T21:52:59Z,01M0TV8YZXT0HY97VC3QNJABKN,1787608370116
01M0TTA5DA4TFF03VWQWQW7W59,01M0TSZV8KEDQHAT4X3FNKVS2B,10,1,1787607115958,TRUE,2026-08-24T21:31:33Z,2026-08-24T21:31:56Z,01M0TT4SZRTK7MV5T48R9G1GQH,1787607093470
01M0TTA5DA4TFF03VWQWQW7W59,01M0TSZV8KEDQHAT4X3FNKVS2B,10,1,1787607115958,TRUE,2026-08-24T21:31:33Z,2026-08-24T21:31:56Z,01M0TT3ZTTV22XQGZD0K61T6A4,1787607093465
01M0TTA5EW8PGMPV60X1JTE405,01M0TSZV8KEDQHAT4X3FNKVS2B,4,1,1787606781431,TRUE,2026-08-24T21:25:33Z,2026-08-24T21:26:21Z,01M0TT3ZTTV22XQGZD0K61T6A4,1787606733004
01M0TTA5EW8PGMPV60X1JTE405,01M0TSZV8KEDQHAT4X3FNKVS2B,4,1,1787606781431,TRUE,2026-08-24T21:25:33Z,2026-08-24T21:26:21Z,01M0TT4SZRTK7MV5T48R9G1GQH,1787606733011
01M0TVK9QKH9RNX8NGNB9GYDZY,01M0TTMWMG725DJ5GA5M4WD8SY,27,3,1787608600247,TRUE,2026-08-24T21:56:34Z,2026-08-24T21:56:40Z,01M0TV8YZXT0HY97VC3QNJABKN,1787608595275
01M0TVK9QKH9RNX8NGNB9GYDZY,01M0TTMWMG725DJ5GA5M4WD8SY,27,3,1787608600247,TRUE,2026-08-24T21:56:34Z,2026-08-24T21:56:40Z,01M0TVD4RDDZ2GPYA2W2TBJY2J,1787608594357
01M0TTNREK8ESCB1CJNJ1YVZ2S,01M0TSZGKJQW5S4GCP9150DNN9,39,4,NA,NA,NA,2026-08-24T21:26:27Z,NA,NA
01M0TTNRJBY35V1V7SGKC29P7S,01M0TSZGKJQW5S4GCP9150DNN9,11,1,NA,NA,NA,2026-08-24T21:26:27Z,NA,NA
01M0TTNRJKRYNPC050XJXAY9YC,01M0TSZGKJQW5S4GCP9150DNN9,9,1,NA,NA,NA,2026-08-24T21:26:26Z,NA,NA
01M0TTYPZW4YDD5MQJ3M8RGB0S,01M0TTMWMDPGAHQRDA7BZJ8FEZ,44,4,NA,NA,NA,2026-08-24T21:31:22Z,NA,NA
01M0TV7JN788T2FC87PHF2HDEM,01M0TTMWM9GSP2NP0T4CET96EB,13,2,1787608378558,TRUE,2026-08-24T21:52:48Z,2026-08-24T21:53:00Z,01M0TTRGJ55RK21NQM11GGHNRN,1787608369587
01M0TV7JN788T2FC87PHF2HDEM,01M0TTMWM9GSP2NP0T4CET96EB,13,2,1787608378558,TRUE,2026-08-24T21:52:48Z,2026-08-24T21:53:00Z,01M0TV363Y2QH3CGTPHSZR512P,1787608367535
01M0TTA5D4CKV25RMJVT9H7M77,01M0TSZV8KEDQHAT4X3FNKVS2B,13,2,1787607219011,TRUE,2026-08-24T21:33:14Z,2026-08-24T21:33:39Z,01M0TT4SZRTK7MV5T48R9G1GQH,1787607194596
01M0TTA5D4CKV25RMJVT9H7M77,01M0TSZV8KEDQHAT4X3FNKVS2B,13,2,1787607219011,TRUE,2026-08-24T21:33:14Z,2026-08-24T21:33:39Z,01M0TT3ZTTV22XQGZD0K61T6A4,1787607194597
01M0TTEY3H2W5H3HD78RHDPKND,01M0TSZEY44B7XSP574QH2WQPJ,34,3,1787608316457,TRUE,2026-08-24T21:51:27Z,2026-08-24T21:51:56Z,01M0TT9XXJBBQAZ4WANFPESF7T,1787608287239
01M0TTEY3H2W5H3HD78RHDPKND,01M0TSZEY44B7XSP574QH2WQPJ,34,3,1787608316457,TRUE,2026-08-24T21:51:27Z,2026-08-24T21:51:56Z,01M0TT49QHQY8JQV8C5T94HHYZ,1787608287418
01M0TTKMXJAEA1Z033SWQFCAA7,01M0TSZEY173D8F3KEP071GR06,24,3,1787607922065,TRUE,2026-08-24T21:45:05Z,2026-08-24T21:45:22Z,01M0TTF3ADJ36CYQBD8356XFNQ,1787607904771
01M0TTKMXJAEA1Z033SWQFCAA7,01M0TSZEY173D8F3KEP071GR06,24,3,1787607922065,TRUE,2026-08-24T21:45:05Z,2026-08-24T21:45:22Z,01M0TT55D1DRDQ3JPT1CDTT5VN,1787607905129
01M0TTMQQVARMPC05WDKBGE8KW,01M0TSZV8ERABP36QP2627EVMT,1,1,1787607261638,TRUE,2026-08-24T21:33:39Z,2026-08-24T21:34:22Z,01M0TT4JP6VSYSTADD58E33WM9,1787607218502
01M0TTMQQVARMPC05WDKBGE8KW,01M0TSZV8ERABP36QP2627EVMT,1,1,1787607261638,TRUE,2026-08-24T21:33:39Z,2026-08-24T21:34:22Z,01M0TT4SREDP4QR1H8V4E3X5G9,1787607218905
01M0TTMQV40H8WT6AF3NHEX32Z,01M0TSZV8ERABP36QP2627EVMT,21,2,1787607923573,TRUE,2026-08-24T21:45:10Z,2026-08-24T21:45:24Z,01M0TT4SREDP4QR1H8V4E3X5G9,1787607909831
01M0TTMQV40H8WT6AF3NHEX32Z,01M0TSZV8ERABP36QP2627EVMT,21,2,1787607923573,TRUE,2026-08-24T21:45:10Z,2026-08-24T21:45:24Z,01M0TT4JP6VSYSTADD58E33WM9,1787607909243
01M0TV7JM9ZTGCGRK87E8K8MB1,01M0TTMWM9GSP2NP0T4CET96EB,21,2,1787608561527,TRUE,2026-08-24T21:55:50Z,2026-08-24T21:56:03Z,01M0TTRGJ55RK21NQM11GGHNRN,1787608550878
01M0TV7JM9ZTGCGRK87E8K8MB1,01M0TTMWM9GSP2NP0T4CET96EB,21,2,1787608561527,TRUE,2026-08-24T21:55:50Z,2026-08-24T21:56:03Z,01M0TV363Y2QH3CGTPHSZR512P,1787608548822
01M0TTA5BYD24MYRGRNJQNK40N,01M0TSZV8KEDQHAT4X3FNKVS2B,28,3,1787607681494,TRUE,2026-08-24T21:41:06Z,2026-08-24T21:41:21Z,01M0TT4SZRTK7MV5T48R9G1GQH,1787607666817
01M0TTA5BYD24MYRGRNJQNK40N,01M0TSZV8KEDQHAT4X3FNKVS2B,28,3,1787607681494,TRUE,2026-08-24T21:41:06Z,2026-08-24T21:41:21Z,01M0TT3ZTTV22XQGZD0K61T6A4,1787607666816
01M0TTEY4QJ24Y5Z8RRWY2AY9N,01M0TSZEY44B7XSP574QH2WQPJ,23,2,1787607907523,TRUE,2026-08-24T21:44:40Z,2026-08-24T21:45:07Z,01M0TT9XXJBBQAZ4WANFPESF7T,1787607880777
01M0TTEY4QJ24Y5Z8RRWY2AY9N,01M0TSZEY44B7XSP574QH2WQPJ,23,2,1787607907523,TRUE,2026-08-24T21:44:40Z,2026-08-24T21:45:07Z,01M0TT49QHQY8JQV8C5T94HHYZ,1787607880934
01M0TTMQW57TG20BXEBXWCBQWB,01M0TSZV8ERABP36QP2627EVMT,27,3,1787608099701,TRUE,2026-08-24T21:48:08Z,2026-08-24T21:48:20Z,01M0TT4JP6VSYSTADD58E33WM9,1787608086600
01M0TTMQW57TG20BXEBXWCBQWB,01M0TSZV8ERABP36QP2627EVMT,27,3,1787608099701,TRUE,2026-08-24T21:48:08Z,2026-08-24T21:48:20Z,01M0TT4SREDP4QR1H8V4E3X5G9,1787608087153
01M0TTYQ5YZKED7BYZXVMWECXP,01M0TTMWMDPGAHQRDA7BZJ8FEZ,39,4,NA,NA,NA,2026-08-24T21:31:22Z,NA,NA
01M0TTK16DVC0HFKAE7AM9Y15K,01M0TSZEY54T11A9AMGVA6T4ZB,40,4,1787609444195,TRUE,2026-08-24T22:10:24Z,2026-08-24T22:10:44Z,01M0TT7ZVRQQW92P55GPN9KMMS,1787609426666
01M0TTK16DVC0HFKAE7AM9Y15K,01M0TSZEY54T11A9AMGVA6T4ZB,40,4,1787609444195,TRUE,2026-08-24T22:10:24Z,2026-08-24T22:10:44Z,01M0TT7FNH08P86PFHWCV3NRS8,1787609424359
01M0TTKMV051QENXBRKHEFT6SY,01M0TSZEY173D8F3KEP071GR06,2,1,1787607362328,TRUE,2026-08-24T21:35:41Z,2026-08-24T21:36:02Z,01M0TT55D1DRDQ3JPT1CDTT5VN,1787607341460
01M0TTKMV051QENXBRKHEFT6SY,01M0TSZEY173D8F3KEP071GR06,2,1,1787607362328,TRUE,2026-08-24T21:35:41Z,2026-08-24T21:36:02Z,01M0TTF3ADJ36CYQBD8356XFNQ,1787607341048
01M0TTNREESGZPRAQ58EHMQTXM,01M0TSZGKJQW5S4GCP9150DNN9,42,4,NA,NA,NA,2026-08-24T21:26:27Z,NA,NA
01M0TTYQ4YEHK3343DAPN9CV6B,01M0TTMWMDPGAHQRDA7BZJ8FEZ,42,4,NA,NA,NA,2026-08-24T21:31:22Z,NA,NA
01M0TTK109J40M56MKS6JSAWY1,01M0TSZEY54T11A9AMGVA6T4ZB,0,1,1787607737248,TRUE,2026-08-24T21:41:21Z,2026-08-24T21:42:17Z,01M0TT7ZVRQQW92P55GPN9KMMS,1787607684065
01M0TTK109J40M56MKS6JSAWY1,01M0TSZEY54T11A9AMGVA6T4ZB,0,1,1787607737248,TRUE,2026-08-24T21:41:21Z,2026-08-24T21:42:17Z,01M0TT7FNH08P86PFHWCV3NRS8,1787607681821
01M0TTKMWPNRG4TD2WNAWARTKN,01M0TSZEY173D8F3KEP071GR06,18,2,1787607752166,TRUE,2026-08-24T21:42:18Z,2026-08-24T21:42:32Z,01M0TTF3ADJ36CYQBD8356XFNQ,1787607737695
01M0TTKMWPNRG4TD2WNAWARTKN,01M0TSZEY173D8F3KEP071GR06,18,2,1787607752166,TRUE,2026-08-24T21:42:18Z,2026-08-24T21:42:32Z,01M0TT55D1DRDQ3JPT1CDTT5VN,1787607738142
01M0TTYQ8TTGMPN0B5KNG5JJS9,01M0TTMWMDPGAHQRDA7BZJ8FEZ,12,2,NA,FALSE,2026-08-24T21:56:06Z,2026-08-24T21:57:06Z,01M0TTJT0T1FXWVGTP027BYENQ,1787608370866
01M0TTYQ8TTGMPN0B5KNG5JJS9,01M0TTMWMDPGAHQRDA7BZJ8FEZ,12,2,NA,FALSE,2026-08-24T21:56:06Z,2026-08-24T21:57:06Z,01M0TTENRE0ZSC234N2S1BW8ZS,1787608566502
01M0TTA5D10PQY43N8EWEAJGBP,01M0TSZV8KEDQHAT4X3FNKVS2B,14,2,1787607245950,TRUE,2026-08-24T21:33:42Z,2026-08-24T21:34:06Z,01M0TT4SZRTK7MV5T48R9G1GQH,1787607222402
01M0TTA5D10PQY43N8EWEAJGBP,01M0TSZV8KEDQHAT4X3FNKVS2B,14,2,1787607245950,TRUE,2026-08-24T21:33:42Z,2026-08-24T21:34:06Z,01M0TT3ZTTV22XQGZD0K61T6A4,1787607222398
01M0TTEY4J1SQN9D2M7C92B3AB,01M0TSZEY44B7XSP574QH2WQPJ,44,4,1787608598982,TRUE,2026-08-24T21:56:04Z,2026-08-24T21:56:39Z,01M0TT49QHQY8JQV8C5T94HHYZ,1787608564645
01M0TTEY4J1SQN9D2M7C92B3AB,01M0TSZEY44B7XSP574QH2WQPJ,44,4,1787608598982,TRUE,2026-08-24T21:56:04Z,2026-08-24T21:56:39Z,01M0TT9XXJBBQAZ4WANFPESF7T,1787608564428
01M0TVK9RXV0XQG5FZ9W1DQ4WT,01M0TTMWMG725DJ5GA5M4WD8SY,32,3,1787608665462,TRUE,2026-08-24T21:57:34Z,2026-08-24T21:57:44Z,01M0TV8YZXT0HY97VC3QNJABKN,1787608655240
01M0TVK9RXV0XQG5FZ9W1DQ4WT,01M0TTMWMG725DJ5GA5M4WD8SY,32,3,1787608665462,TRUE,2026-08-24T21:57:34Z,2026-08-24T21:57:44Z,01M0TVD4RDDZ2GPYA2W2TBJY2J,1787608654331
01M0TTK197RJ0QTB45EKEDE998,01M0TSZEY54T11A9AMGVA6T4ZB,41,4,1787609480898,FALSE,2026-08-24T22:10:47Z,2026-08-24T22:11:18Z,01M0TT7FNH08P86PFHWCV3NRS8,1787609447736
01M0TTK197RJ0QTB45EKEDE998,01M0TSZEY54T11A9AMGVA6T4ZB,41,4,1787609480898,FALSE,2026-08-24T22:10:47Z,2026-08-24T22:11:18Z,01M0TT7ZVRQQW92P55GPN9KMMS,1787609450047
01M0TTNRH7E86XY854TFWMSENG,01M0TSZGKJQW5S4GCP9150DNN9,34,3,NA,NA,NA,2026-08-24T21:26:27Z,NA,NA
01M0TVK9FP30X5F2BS2MAYY5JE,01M0TTMWMG725DJ5GA5M4WD8SY,0,1,1787608074789,TRUE,2026-08-24T21:47:20Z,2026-08-24T21:47:54Z,01M0TVD4RDDZ2GPYA2W2TBJY2J,1787608040940
01M0TVK9FP30X5F2BS2MAYY5JE,01M0TTMWMG725DJ5GA5M4WD8SY,0,1,1787608074789,TRUE,2026-08-24T21:47:20Z,2026-08-24T21:47:54Z,01M0TV8YZXT0HY97VC3QNJABKN,1787608041917
01M0TTA57ZCTVJE3JTBFRNBPAC,01M0TSZV8KEDQHAT4X3FNKVS2B,43,4,1787608050482,TRUE,2026-08-24T21:47:11Z,2026-08-24T21:47:30Z,01M0TT4SZRTK7MV5T48R9G1GQH,1787608031313
01M0TTA57ZCTVJE3JTBFRNBPAC,01M0TSZV8KEDQHAT4X3FNKVS2B,43,4,1787608050482,TRUE,2026-08-24T21:47:11Z,2026-08-24T21:47:30Z,01M0TT3ZTTV22XQGZD0K61T6A4,1787608031291
01M0TTKDFPQV5233H2118NRXT2,01M0TSZGKM72FFW193EYG47F25,45,4,NA,NA,NA,2026-08-24T21:25:10Z,NA,NA
01M0TV7K0A8RQ87T4VQTXGTEJD,01M0TTMWM9GSP2NP0T4CET96EB,26,3,1787608711943,TRUE,2026-08-24T21:58:06Z,2026-08-24T21:58:31Z,01M0TTRGJ55RK21NQM11GGHNRN,1787608687124
01M0TV7K0A8RQ87T4VQTXGTEJD,01M0TTMWM9GSP2NP0T4CET96EB,26,3,1787608711943,TRUE,2026-08-24T21:58:06Z,2026-08-24T21:58:31Z,01M0TV363Y2QH3CGTPHSZR512P,1787608684991
01M0TTA5BW78749BBR8QW86C1E,01M0TSZV8KEDQHAT4X3FNKVS2B,19,2,1787607454272,TRUE,2026-08-24T21:37:04Z,2026-08-24T21:37:34Z,01M0TT3ZTTV22XQGZD0K61T6A4,1787607424135
01M0TTA5BW78749BBR8QW86C1E,01M0TSZV8KEDQHAT4X3FNKVS2B,19,2,1787607454272,TRUE,2026-08-24T21:37:04Z,2026-08-24T21:37:34Z,01M0TT4SZRTK7MV5T48R9G1GQH,1787607424305
01M0TV7JWQRXENS6MRNBMVK5E6,01M0TTMWM9GSP2NP0T4CET96EB,38,4,1787608921774,TRUE,2026-08-24T22:01:40Z,2026-08-24T22:02:01Z,01M0TTRGJ55RK21NQM11GGHNRN,1787608901154
01M0TV7JWQRXENS6MRNBMVK5E6,01M0TTMWM9GSP2NP0T4CET96EB,38,4,1787608921774,TRUE,2026-08-24T22:01:40Z,2026-08-24T22:02:01Z,01M0TV363Y2QH3CGTPHSZR512P,1787608899095
01M0TTMQTJ88XEK4SWQ86NECYY,01M0TSZV8ERABP36QP2627EVMT,17,2,1787607845011,FALSE,2026-08-24T21:43:10Z,2026-08-24T21:44:05Z,01M0TT4JP6VSYSTADD58E33WM9,1787607788822
01M0TTMQTJ88XEK4SWQ86NECYY,01M0TSZV8ERABP36QP2627EVMT,17,2,1787607845011,FALSE,2026-08-24T21:43:10Z,2026-08-24T21:44:05Z,01M0TT4SREDP4QR1H8V4E3X5G9,1787607789384
01M0TVK9QXJQMWGDZW5ZRM9P71,01M0TTMWMG725DJ5GA5M4WD8SY,28,3,1787608613816,TRUE,2026-08-24T21:56:43Z,2026-08-24T21:56:53Z,01M0TVD4RDDZ2GPYA2W2TBJY2J,1787608603714
01M0TVK9QXJQMWGDZW5ZRM9P71,01M0TTMWMG725DJ5GA5M4WD8SY,28,3,1787608613816,TRUE,2026-08-24T21:56:43Z,2026-08-24T21:56:53Z,01M0TV8YZXT0HY97VC3QNJABKN,1787608604617
01M0TT9KK18BF0PG7PPS0HWQJ6,01M0TSZGKE32G3R2H2EPQFBQNN,35,3,NA,NA,NA,2026-08-24T21:19:49Z,NA,NA
01M0TVK9N08W67NXC1GMWKNZAA,01M0TTMWMG725DJ5GA5M4WD8SY,47,4,1787608861998,TRUE,2026-08-24T22:00:48Z,2026-08-24T22:01:02Z,01M0TVD4RDDZ2GPYA2W2TBJY2J,1787608848626
01M0TVK9N08W67NXC1GMWKNZAA,01M0TTMWMG725DJ5GA5M4WD8SY,47,4,1787608861998,TRUE,2026-08-24T22:00:48Z,2026-08-24T22:01:02Z,01M0TV8YZXT0HY97VC3QNJABKN,1787608849539
01M0TTEY486YE4H016KHGE261T,01M0TSZEY44B7XSP574QH2WQPJ,25,3,1787607976100,TRUE,2026-08-24T21:45:42Z,2026-08-24T21:46:16Z,01M0TT49QHQY8JQV8C5T94HHYZ,1787607942302
01M0TTEY486YE4H016KHGE261T,01M0TSZEY44B7XSP574QH2WQPJ,25,3,1787607976100,TRUE,2026-08-24T21:45:42Z,2026-08-24T21:46:16Z,01M0TT9XXJBBQAZ4WANFPESF7T,1787607942103
01M0TTKMXGQXNQTSGF6TR630G5,01M0TSZEY173D8F3KEP071GR06,23,2,1787607901416,TRUE,2026-08-24T21:44:33Z,2026-08-24T21:45:01Z,01M0TTF3ADJ36CYQBD8356XFNQ,1787607872844
01M0TTKMXGQXNQTSGF6TR630G5,01M0TSZEY173D8F3KEP071GR06,23,2,1787607901416,TRUE,2026-08-24T21:44:33Z,2026-08-24T21:45:01Z,01M0TT55D1DRDQ3JPT1CDTT5VN,1787607873161
01M0TTTPJ7CX6VQNFM2V7V3NS3,01M0TSZV8KEDQHAT4X33M1GG1C,39,4,1787609462430,TRUE,2026-08-24T22:10:24Z,2026-08-24T22:11:04Z,01M0TT467Q69C5HQ20GW6FRRF2,1787609421983
01M0TTTPJ7CX6VQNFM2V7V3NS3,01M0TSZV8KEDQHAT4X33M1GG1C,39,4,1787609462430,TRUE,2026-08-24T22:10:24Z,2026-08-24T22:11:04Z,01M0TTBQPRE9XMJHBPDKM8GTC4,1787609422796
01M0TTTPPN8HNEJE9PSW70CADJ,01M0TSZV8KEDQHAT4X33M1GG1C,7,1,1787608085585,TRUE,2026-08-24T21:47:31Z,2026-08-24T21:48:07Z,01M0TT467Q69C5HQ20GW6FRRF2,1787608049381
01M0TTTPPN8HNEJE9PSW70CADJ,01M0TSZV8KEDQHAT4X33M1GG1C,7,1,1787608085585,TRUE,2026-08-24T21:47:31Z,2026-08-24T21:48:07Z,01M0TTBQPRE9XMJHBPDKM8GTC4,1787608050180
01M0TTTPPVKGPJR7SCVG4AHTP9,01M0TSZV8KEDQHAT4X33M1GG1C,6,1,NA,FALSE,2026-08-24T21:46:28Z,2026-08-24T21:47:28Z,01M0TTBQPRE9XMJHBPDKM8GTC4,1787607986814
01M0TTTPPVKGPJR7SCVG4AHTP9,01M0TSZV8KEDQHAT4X33M1GG1C,6,1,NA,FALSE,2026-08-24T21:46:28Z,2026-08-24T21:47:28Z,01M0TT467Q69C5HQ20GW6FRRF2,1787607986577
01M0TT9KHQMY5S3WJFWXA4C9F9,01M0TSZGKE32G3R2H2EPQFBQNN,12,2,NA,NA,NA,2026-08-24T21:19:48Z,NA,NA
01M0TTEY37SM4PVFYR7WQGF0EE,01M0TSZEY44B7XSP574QH2WQPJ,14,2,1787607521642,TRUE,2026-08-24T21:38:02Z,2026-08-24T21:38:41Z,01M0TT9XXJBBQAZ4WANFPESF7T,1787607482611
01M0TTEY37SM4PVFYR7WQGF0EE,01M0TSZEY44B7XSP574QH2WQPJ,14,2,1787607521642,TRUE,2026-08-24T21:38:02Z,2026-08-24T21:38:41Z,01M0TT49QHQY8JQV8C5T94HHYZ,1787607482813
01M0TTTPK6Z594SHZVHCMFV86W,01M0TSZV8KEDQHAT4X33M1GG1C,35,3,1787609311272,TRUE,2026-08-24T22:07:54Z,2026-08-24T22:08:33Z,01M0TTBQPRE9XMJHBPDKM8GTC4,1787609272393
01M0TTTPK6Z594SHZVHCMFV86W,01M0TSZV8KEDQHAT4X33M1GG1C,35,3,1787609311272,TRUE,2026-08-24T22:07:54Z,2026-08-24T22:08:33Z,01M0TT467Q69C5HQ20GW6FRRF2,1787609271606
01M0TTMQT5JRJRVW2VZ2RYY4VE,01M0TSZV8ERABP36QP2627EVMT,13,2,1787607684467,TRUE,2026-08-24T21:41:07Z,2026-08-24T21:41:25Z,01M0TT4SREDP4QR1H8V4E3X5G9,1787607667097
01M0TTMQT5JRJRVW2VZ2RYY4VE,01M0TSZV8ERABP36QP2627EVMT,13,2,1787607684467,TRUE,2026-08-24T21:41:07Z,2026-08-24T21:41:25Z,01M0TT4JP6VSYSTADD58E33WM9,1787607666621
01M0TTTPSTXJGVQNV20B1QXN9G,01M0TSZV8KEDQHAT4X33M1GG1C,22,2,1787608721170,TRUE,2026-08-24T21:58:12Z,2026-08-24T21:58:43Z,01M0TTBQPRE9XMJHBPDKM8GTC4,1787608690464
01M0TTTPSTXJGVQNV20B1QXN9G,01M0TSZV8KEDQHAT4X33M1GG1C,22,2,1787608721170,TRUE,2026-08-24T21:58:12Z,2026-08-24T21:58:43Z,01M0TT467Q69C5HQ20GW6FRRF2,1787608689474
01M0TTMQRAPS9EVG7DRKW0A9J9,01M0TSZV8ERABP36QP2627EVMT,5,1,1787607426559,TRUE,2026-08-24T21:36:29Z,2026-08-24T21:37:07Z,01M0TT4JP6VSYSTADD58E33WM9,1787607387917
01M0TTMQRAPS9EVG7DRKW0A9J9,01M0TSZV8ERABP36QP2627EVMT,5,1,1787607426559,TRUE,2026-08-24T21:36:29Z,2026-08-24T21:37:07Z,01M0TT4SREDP4QR1H8V4E3X5G9,1787607388538
01M0TTMQSMKA0RRFMK38QGYSS7,01M0TSZV8ERABP36QP2627EVMT,10,1,1787607569664,TRUE,2026-08-24T21:39:14Z,2026-08-24T21:39:31Z,01M0TT4SREDP4QR1H8V4E3X5G9,1787607553480
01M0TTMQSMKA0RRFMK38QGYSS7,01M0TSZV8ERABP36QP2627EVMT,10,1,1787607569664,TRUE,2026-08-24T21:39:14Z,2026-08-24T21:39:31Z,01M0TT4JP6VSYSTADD58E33WM9,1787607552823
01M0TTEY4HXTJAJSYR59SG705X,01M0TSZEY44B7XSP574QH2WQPJ,2,1,1787606997436,TRUE,2026-08-24T21:29:21Z,2026-08-24T21:29:57Z,01M0TT9XXJBBQAZ4WANFPESF7T,1787606961253
01M0TTEY4HXTJAJSYR59SG705X,01M0TSZEY44B7XSP574QH2WQPJ,2,1,1787606997436,TRUE,2026-08-24T21:29:21Z,2026-08-24T21:29:57Z,01M0TT49QHQY8JQV8C5T94HHYZ,1787606961415
01M0TTKD95WSFHBSV1H76EAWNR,01M0TSZGKM72FFW193EYG47F25,2,1,NA,NA,NA,2026-08-24T21:25:09Z,NA,NA
01M0TTKMTRGTB0YY2BEY7258GK,01M0TSZEY173D8F3KEP071GR06,10,1,1787607538779,TRUE,2026-08-24T21:38:46Z,2026-08-24T21:38:59Z,01M0TTF3ADJ36CYQBD8356XFNQ,1787607526305
01M0TTKMTRGTB0YY2BEY7258GK,01M0TSZEY173D8F3KEP071GR06,10,1,1787607538779,TRUE,2026-08-24T21:38:46Z,2026-08-24T21:38:59Z,01M0TT55D1DRDQ3JPT1CDTT5VN,1787607526605
01M0TTMQSYVETY363BTRBKAFRF,01M0TSZV8ERABP36QP2627EVMT,12,2,1787607663065,TRUE,2026-08-24T21:40:28Z,2026-08-24T21:41:04Z,01M0TT4SREDP4QR1H8V4E3X5G9,1787607627734
01M0TTMQSYVETY363BTRBKAFRF,01M0TSZV8ERABP36QP2627EVMT,12,2,1787607663065,TRUE,2026-08-24T21:40:28Z,2026-08-24T21:41:04Z,01M0TT4JP6VSYSTADD58E33WM9,1787607627148
01M0TTMQT8G6D857ENBCX0XKB1,01M0TSZV8ERABP36QP2627EVMT,14,2,1787607707783,TRUE,2026-08-24T21:41:28Z,2026-08-24T21:41:49Z,01M0TT4SREDP4QR1H8V4E3X5G9,1787607687807
01M0TTMQT8G6D857ENBCX0XKB1,01M0TSZV8ERABP36QP2627EVMT,14,2,1787607707783,TRUE,2026-08-24T21:41:28Z,2026-08-24T21:41:49Z,01M0TT4JP6VSYSTADD58E33WM9,1787607687235
01M0TTNRNGBXXGDEN8K3AM05B8,01M0TSZGKJQW5S4GCP9150DNN9,24,3,NA,NA,NA,2026-08-24T21:26:27Z,NA,NA
01M0TT9KK753MK1FGKWZ7A1W6S,01M0TSZGKE32G3R2H2EPQFBQNN,24,3,NA,NA,NA,2026-08-24T21:19:48Z,NA,NA
01M0TTA5CFWV31STWE94B0GVRR,01M0TSZV8KEDQHAT4X3FNKVS2B,17,2,1787607369665,TRUE,2026-08-24T21:35:38Z,2026-08-24T21:36:09Z,01M0TT4SZRTK7MV5T48R9G1GQH,1787607338163
01M0TTA5CFWV31STWE94B0GVRR,01M0TSZV8KEDQHAT4X3FNKVS2B,17,2,1787607369665,TRUE,2026-08-24T21:35:38Z,2026-08-24T21:36:09Z,01M0TT3ZTTV22XQGZD0K61T6A4,1787607338167
01M0TV7JTQHFPTFZ7PAPRX646E,01M0TTMWM9GSP2NP0T4CET96EB,44,4,1787609015849,TRUE,2026-08-24T22:03:20Z,2026-08-24T22:03:35Z,01M0TV363Y2QH3CGTPHSZR512P,1787608999247
01M0TV7JTQHFPTFZ7PAPRX646E,01M0TTMWM9GSP2NP0T4CET96EB,44,4,1787609015849,TRUE,2026-08-24T22:03:20Z,2026-08-24T22:03:35Z,01M0TTRGJ55RK21NQM11GGHNRN,1787609001239
01M0TV7JXYXBQS3YJVBYDMB1JH,01M0TTMWM9GSP2NP0T4CET96EB,34,3,1787608852674,TRUE,2026-08-24T22:00:22Z,2026-08-24T22:00:52Z,01M0TTRGJ55RK21NQM11GGHNRN,1787608823155
01M0TV7JXYXBQS3YJVBYDMB1JH,01M0TTMWM9GSP2NP0T4CET96EB,34,3,1787608852674,TRUE,2026-08-24T22:00:22Z,2026-08-24T22:00:52Z,01M0TV363Y2QH3CGTPHSZR512P,1787608821061
01M0TTTPK1SCDNKPDH281T7RSD,01M0TSZV8KEDQHAT4X33M1GG1C,16,2,1787608474580,TRUE,2026-08-24T21:54:00Z,2026-08-24T21:54:37Z,01M0TT467Q69C5HQ20GW6FRRF2,1787608438295
01M0TTTPK1SCDNKPDH281T7RSD,01M0TSZV8KEDQHAT4X33M1GG1C,16,2,1787608474580,TRUE,2026-08-24T21:54:00Z,2026-08-24T21:54:37Z,01M0TTBQPRE9XMJHBPDKM8GTC4,1787608439274
01M0TTYQ6XNWKD43N7HJMTDGJG,01M0TTMWMDPGAHQRDA7BZJ8FEZ,14,2,1787608749761,FALSE,2026-08-24T21:58:13Z,2026-08-24T21:59:10Z,01M0TTJT0T1FXWVGTP027BYENQ,1787608497379
01M0TTYQ6XNWKD43N7HJMTDGJG,01M0TTMWMDPGAHQRDA7BZJ8FEZ,14,2,1787608749761,FALSE,2026-08-24T21:58:13Z,2026-08-24T21:59:10Z,01M0TTENRE0ZSC234N2S1BW8ZS,1787608693253
01M0TTMQVNHW8XB3306AFD2862,01M0TSZV8ERABP36QP2627EVMT,24,3,1787608015144,TRUE,2026-08-24T21:46:41Z,2026-08-24T21:46:56Z,01M0TT4SREDP4QR1H8V4E3X5G9,1787608000519
01M0TTMQVNHW8XB3306AFD2862,01M0TSZV8ERABP36QP2627EVMT,24,3,1787608015144,TRUE,2026-08-24T21:46:41Z,2026-08-24T21:46:56Z,01M0TT4JP6VSYSTADD58E33WM9,1787607999909
01M0TTEY631PY9Q3YK285DG6G1,01M0TSZEY44B7XSP574QH2WQPJ,40,4,1787608460432,TRUE,2026-08-24T21:53:54Z,2026-08-24T21:54:20Z,01M0TT49QHQY8JQV8C5T94HHYZ,1787608434132
01M0TTEY631PY9Q3YK285DG6G1,01M0TSZEY44B7XSP574QH2WQPJ,40,4,1787608460432,TRUE,2026-08-24T21:53:54Z,2026-08-24T21:54:20Z,01M0TT9XXJBBQAZ4WANFPESF7T,1787608433927
01M0TTMQTDH8E5Y74FZE7TXST3,01M0TSZV8ERABP36QP2627EVMT,15,2,1787607761279,FALSE,2026-08-24T21:41:52Z,2026-08-24T21:42:42Z,01M0TT4JP6VSYSTADD58E33WM9,1787607711550
01M0TTMQTDH8E5Y74FZE7TXST3,01M0TSZV8ERABP36QP2627EVMT,15,2,1787607761279,FALSE,2026-08-24T21:41:52Z,2026-08-24T21:42:42Z,01M0TT4SREDP4QR1H8V4E3X5G9,1787607711822
01M0TTK10R84A9NKPWJ8S3Y33W,01M0TSZEY54T11A9AMGVA6T4ZB,7,1,1787608091066,TRUE,2026-08-24T21:47:33Z,2026-08-24T21:48:08Z,01M0TT7ZVRQQW92P55GPN9KMMS,1787608056013
01M0TTK10R84A9NKPWJ8S3Y33W,01M0TSZEY54T11A9AMGVA6T4ZB,7,1,1787608091066,TRUE,2026-08-24T21:47:33Z,2026-08-24T21:48:08Z,01M0TT7FNH08P86PFHWCV3NRS8,1787608053698
01M0TTNRM0KD12VFWZ94Q3NAQF,01M0TSZGKJQW5S4GCP9150DNN9,32,3,NA,NA,NA,2026-08-24T21:26:27Z,NA,NA
01M0TV7JZKTW5ZC5V1V142XFCA,01M0TTMWM9GSP2NP0T4CET96EB,28,3,1787608732435,TRUE,2026-08-24T21:58:45Z,2026-08-24T21:58:51Z,01M0TTRGJ55RK21NQM11GGHNRN,1787608726268
01M0TV7JZKTW5ZC5V1V142XFCA,01M0TTMWM9GSP2NP0T4CET96EB,28,3,1787608732435,TRUE,2026-08-24T21:58:45Z,2026-08-24T21:58:51Z,01M0TV363Y2QH3CGTPHSZR512P,1787608724109
01M0TVK9GG6Q73MEPYSF0ZC5NT,01M0TTMWMG725DJ5GA5M4WD8SY,4,1,1787608180902,TRUE,2026-08-24T21:49:19Z,2026-08-24T21:49:40Z,01M0TVD4RDDZ2GPYA2W2TBJY2J,1787608159195
01M0TVK9GG6Q73MEPYSF0ZC5NT,01M0TTMWMG725DJ5GA5M4WD8SY,4,1,1787608180902,TRUE,2026-08-24T21:49:19Z,2026-08-24T21:49:40Z,01M0TV8YZXT0HY97VC3QNJABKN,1787608160195
01M0TT9KFY70RJJH8TPHD47TCA,01M0TSZGKE32G3R2H2EPQFBQNN,16,2,NA,NA,NA,2026-08-24T21:19:48Z,NA,NA
01M0TT9KJM9XP9SYF7RXAK7WYJ,01M0TSZGKE32G3R2H2EPQFBQNN,40,4,NA,NA,NA,2026-08-24T21:19:49Z,NA,NA
01M0TTKN2K7FCSN70E4PAFHCYC,01M0TSZEY173D8F3KEP071GR06,38,4,1787608255321,TRUE,2026-08-24T21:50:42Z,2026-08-24T21:50:55Z,01M0TT55D1DRDQ3JPT1CDTT5VN,1787608242190
01M0TTKN2K7FCSN70E4PAFHCYC,01M0TSZEY173D8F3KEP071GR06,38,4,1787608255321,TRUE,2026-08-24T21:50:42Z,2026-08-24T21:50:55Z,01M0TTF3ADJ36CYQBD8356XFNQ,1787608241877
01M0TTEY4N04YRQ830FXC3MK2E,01M0TSZEY44B7XSP574QH2WQPJ,24,3,1787607938790,TRUE,2026-08-24T21:45:11Z,2026-08-24T21:45:38Z,01M0TT49QHQY8JQV8C5T94HHYZ,1787607911156
01M0TTEY4N04YRQ830FXC3MK2E,01M0TSZEY44B7XSP574QH2WQPJ,24,3,1787607938790,TRUE,2026-08-24T21:45:11Z,2026-08-24T21:45:38Z,01M0TT9XXJBBQAZ4WANFPESF7T,1787607911006
01M0TTK14D39HVCNYPVKNER1YX,01M0TSZEY54T11A9AMGVA6T4ZB,21,2,1787608749386,TRUE,2026-08-24T21:58:12Z,2026-08-24T21:59:07Z,01M0TT7FNH08P86PFHWCV3NRS8,1787608692771
01M0TTK14D39HVCNYPVKNER1YX,01M0TSZEY54T11A9AMGVA6T4ZB,21,2,1787608749386,TRUE,2026-08-24T21:58:12Z,2026-08-24T21:59:07Z,01M0TT7ZVRQQW92P55GPN9KMMS,1787608695080
01M0TTA581ZCYX8KCJBG1MQX0S,01M0TSZV8KEDQHAT4X3FNKVS2B,42,4,1787608027934,TRUE,2026-08-24T21:46:38Z,2026-08-24T21:47:08Z,01M0TT4SZRTK7MV5T48R9G1GQH,1787607998351
01M0TTA581ZCYX8KCJBG1MQX0S,01M0TSZV8KEDQHAT4X3FNKVS2B,42,4,1787608027934,TRUE,2026-08-24T21:46:38Z,2026-08-24T21:47:08Z,01M0TT3ZTTV22XQGZD0K61T6A4,1787607998341
01M0TTA5CDX4NSDVC9DFTS295R,01M0TSZV8KEDQHAT4X3FNKVS2B,16,2,1787607334798,TRUE,2026-08-24T21:35:01Z,2026-08-24T21:35:34Z,01M0TT3ZTTV22XQGZD0K61T6A4,1787607301490
01M0TTA5CDX4NSDVC9DFTS295R,01M0TSZV8KEDQHAT4X3FNKVS2B,16,2,1787607334798,TRUE,2026-08-24T21:35:01Z,2026-08-24T21:35:34Z,01M0TT4SZRTK7MV5T48R9G1GQH,1787607301493
01M0TTK11BVQCDYFBSDZNSKRPS,01M0TSZEY54T11A9AMGVA6T4ZB,17,2,1787608570022,FALSE,2026-08-24T21:55:11Z,2026-08-24T21:56:07Z,01M0TT7ZVRQQW92P55GPN9KMMS,1787608514092
01M0TTK11BVQCDYFBSDZNSKRPS,01M0TSZEY54T11A9AMGVA6T4ZB,17,2,1787608570022,FALSE,2026-08-24T21:55:11Z,2026-08-24T21:56:07Z,01M0TT7FNH08P86PFHWCV3NRS8,1787608511790
01M0TTKN29EX3G7KK3QV3N9QA6,01M0TSZEY173D8F3KEP071GR06,36,4,1787608219866,TRUE,2026-08-24T21:50:07Z,2026-08-24T21:50:20Z,01M0TTF3ADJ36CYQBD8356XFNQ,1787608207446
01M0TTKN29EX3G7KK3QV3N9QA6,01M0TSZEY173D8F3KEP071GR06,36,4,1787608219866,TRUE,2026-08-24T21:50:07Z,2026-08-24T21:50:20Z,01M0TT55D1DRDQ3JPT1CDTT5VN,1787608207760
01M0TTTPQX9WBG7KGWW53TDTJV,01M0TSZV8KEDQHAT4X33M1GG1C,24,3,1787608800206,FALSE,2026-08-24T21:59:31Z,2026-08-24T22:00:03Z,01M0TT467Q69C5HQ20GW6FRRF2,1787608768849
01M0TTTPQX9WBG7KGWW53TDTJV,01M0TSZV8KEDQHAT4X33M1GG1C,24,3,1787608800206,FALSE,2026-08-24T21:59:31Z,2026-08-24T22:00:03Z,01M0TTBQPRE9XMJHBPDKM8GTC4,1787608769633
01M0TT9KJ35Q4935R1ZKN7RKHA,01M0TSZGKE32G3R2H2EPQFBQNN,45,4,NA,NA,NA,2026-08-24T21:19:49Z,NA,NA
01M0TT9KK99X4VBVW87YT5TRAE,01M0TSZGKE32G3R2H2EPQFBQNN,31,3,NA,NA,NA,2026-08-24T21:19:49Z,NA,NA
01M0TTYQ5BP8HDRT8B34E2366Y,01M0TTMWMDPGAHQRDA7BZJ8FEZ,41,4,NA,NA,NA,2026-08-24T21:31:22Z,NA,NA
01M0TV7JMESYCP2HMS3NN08X9V,01M0TTMWM9GSP2NP0T4CET96EB,20,2,1787608547327,TRUE,2026-08-24T21:55:23Z,2026-08-24T21:55:46Z,01M0TV363Y2QH3CGTPHSZR512P,1787608522372
01M0TV7JMESYCP2HMS3NN08X9V,01M0TTMWM9GSP2NP0T4CET96EB,20,2,1787608547327,TRUE,2026-08-24T21:55:23Z,2026-08-24T21:55:46Z,01M0TTRGJ55RK21NQM11GGHNRN,1787608524679
01M0TTKD91R2Q585TVMH4X45DJ,01M0TSZGKM72FFW193EYG47F25,47,4,NA,NA,NA,2026-08-24T21:25:10Z,NA,NA
01M0TTMQXVANE21X4NVVPKWBMZ,01M0TSZV8ERABP36QP2627EVMT,32,3,1787608232518,TRUE,2026-08-24T21:50:22Z,2026-08-24T21:50:34Z,01M0TT4SREDP4QR1H8V4E3X5G9,1787608221341
01M0TTMQXVANE21X4NVVPKWBMZ,01M0TSZV8ERABP36QP2627EVMT,32,3,1787608232518,TRUE,2026-08-24T21:50:22Z,2026-08-24T21:50:34Z,01M0TT4JP6VSYSTADD58E33WM9,1787608220850
01M0TTMQVFK2TWJW2E1D4CWJA4,01M0TSZV8ERABP36QP2627EVMT,23,2,1787607996985,TRUE,2026-08-24T21:45:50Z,2026-08-24T21:46:37Z,01M0TT4SREDP4QR1H8V4E3X5G9,1787607949778
01M0TTMQVFK2TWJW2E1D4CWJA4,01M0TSZV8ERABP36QP2627EVMT,23,2,1787607996985,TRUE,2026-08-24T21:45:50Z,2026-08-24T21:46:37Z,01M0TT4JP6VSYSTADD58E33WM9,1787607949168
01M0TV7K0SH0YWD0PCFWXCP4T8,01M0TTMWM9GSP2NP0T4CET96EB,24,3,1787608647788,TRUE,2026-08-24T21:57:15Z,2026-08-24T21:57:27Z,01M0TTRGJ55RK21NQM11GGHNRN,1787608635936
01M0TV7K0SH0YWD0PCFWXCP4T8,01M0TTMWM9GSP2NP0T4CET96EB,24,3,1787608647788,TRUE,2026-08-24T21:57:15Z,2026-08-24T21:57:27Z,01M0TV363Y2QH3CGTPHSZR512P,1787608633874
01M0TTK10PNVC42JJQDKQ51ZNS,01M0TSZEY54T11A9AMGVA6T4ZB,47,4,1787609676911,FALSE,2026-08-24T22:14:10Z,2026-08-24T22:14:34Z,01M0TT7ZVRQQW92P55GPN9KMMS,1787609653289
01M0TTK10PNVC42JJQDKQ51ZNS,01M0TSZEY54T11A9AMGVA6T4ZB,47,4,1787609676911,FALSE,2026-08-24T22:14:10Z,2026-08-24T22:14:34Z,01M0TT7FNH08P86PFHWCV3NRS8,1787609650971
01M0TTK10ZCMSPREAG8TVE7V4Q,01M0TSZEY54T11A9AMGVA6T4ZB,9,1,1787608205666,FALSE,2026-08-24T21:49:12Z,2026-08-24T21:50:03Z,01M0TT7ZVRQQW92P55GPN9KMMS,1787608155146
01M0TTK10ZCMSPREAG8TVE7V4Q,01M0TSZEY54T11A9AMGVA6T4ZB,9,1,1787608205666,FALSE,2026-08-24T21:49:12Z,2026-08-24T21:50:03Z,01M0TT7FNH08P86PFHWCV3NRS8,1787608152843
01M0TTEY4SGFP888K4GT3E2DPS,01M0TSZEY44B7XSP574QH2WQPJ,20,2,1787607829398,TRUE,2026-08-24T21:42:58Z,2026-08-24T21:43:49Z,01M0TT9XXJBBQAZ4WANFPESF7T,1787607777894
01M0TTEY4SGFP888K4GT3E2DPS,01M0TSZEY44B7XSP574QH2WQPJ,20,2,1787607829398,TRUE,2026-08-24T21:42:58Z,2026-08-24T21:43:49Z,01M0TT49QHQY8JQV8C5T94HHYZ,1787607778044
01M0TTNREBJKF4K4R2BRYH0BSB,01M0TSZGKJQW5S4GCP9150DNN9,43,4,NA,NA,NA,2026-08-24T21:26:27Z,NA,NA
01M0TV7JNR1T9J63G7H07N8PNB,01M0TTMWM9GSP2NP0T4CET96EB,10,1,1787608303143,TRUE,2026-08-24T21:50:56Z,2026-08-24T21:51:42Z,01M0TTRGJ55RK21NQM11GGHNRN,1787608256882
01M0TV7JNR1T9J63G7H07N8PNB,01M0TTMWM9GSP2NP0T4CET96EB,10,1,1787608303143,TRUE,2026-08-24T21:50:56Z,2026-08-24T21:51:42Z,01M0TV363Y2QH3CGTPHSZR512P,1787608254814
01M0TVK9KSN64GN8K4NSTBEPV0,01M0TTMWMG725DJ5GA5M4WD8SY,15,2,1787608410721,TRUE,2026-08-24T21:53:17Z,2026-08-24T21:53:30Z,01M0TV8YZXT0HY97VC3QNJABKN,1787608398872
01M0TVK9KSN64GN8K4NSTBEPV0,01M0TTMWMG725DJ5GA5M4WD8SY,15,2,1787608410721,TRUE,2026-08-24T21:53:17Z,2026-08-24T21:53:30Z,01M0TVD4RDDZ2GPYA2W2TBJY2J,1787608397920
01M0TVK9NB7PM3WXW55YWAV3D2,01M0TTMWMG725DJ5GA5M4WD8SY,19,2,1787608463979,TRUE,2026-08-24T21:54:17Z,2026-08-24T21:54:24Z,01M0TVD4RDDZ2GPYA2W2TBJY2J,1787608457320
01M0TVK9NB7PM3WXW55YWAV3D2,01M0TTMWMG725DJ5GA5M4WD8SY,19,2,1787608463979,TRUE,2026-08-24T21:54:17Z,2026-08-24T21:54:24Z,01M0TV8YZXT0HY97VC3QNJABKN,1787608458238
01M0TVK9Q7GX75E794JT5H3XSB,01M0TTMWMG725DJ5GA5M4WD8SY,23,2,1787608537362,TRUE,2026-08-24T21:55:22Z,2026-08-24T21:55:37Z,01M0TV8YZXT0HY97VC3QNJABKN,1787608523325
01M0TVK9Q7GX75E794JT5H3XSB,01M0TTMWMG725DJ5GA5M4WD8SY,23,2,1787608537362,TRUE,2026-08-24T21:55:22Z,2026-08-24T21:55:37Z,01M0TVD4RDDZ2GPYA2W2TBJY2J,1787608522419
01M0TTEY2RD7JP52P8H0GFRMZ9,01M0TSZEY44B7XSP574QH2WQPJ,5,1,1787607157964,TRUE,2026-08-24T21:31:50Z,2026-08-24T21:32:38Z,01M0TT9XXJBBQAZ4WANFPESF7T,1787607110040
01M0TTEY2RD7JP52P8H0GFRMZ9,01M0TSZEY44B7XSP574QH2WQPJ,5,1,1787607157964,TRUE,2026-08-24T21:31:50Z,2026-08-24T21:32:38Z,01M0TT49QHQY8JQV8C5T94HHYZ,1787607110205
01M0TTNRE2X8FMPFKM0R8X9986,01M0TSZGKJQW5S4GCP9150DNN9,45,4,NA,NA,NA,2026-08-24T21:26:27Z,NA,NA
01M0TT9KFW9ZF119QQYP6EY6JJ,01M0TSZGKE32G3R2H2EPQFBQNN,10,1,NA,NA,NA,2026-08-24T21:19:48Z,NA,NA
01M0TT9KKWJ8Z1KGEH8MTEHWTT,01M0TSZGKE32G3R2H2EPQFBQNN,29,3,NA,NA,NA,2026-08-24T21:19:49Z,NA,NA
01M0TTKDE76XV6AW7004KMN31B,01M0TSZGKM72FFW193EYG47F25,26,3,NA,NA,NA,2026-08-24T21:25:10Z,NA,NA
01M0TV7JP096BB2X1PV5ASKK97,01M0TTMWM9GSP2NP0T4CET96EB,9,1,1787608251044,TRUE,2026-08-24T21:50:36Z,2026-08-24T21:50:52Z,01M0TV363Y2QH3CGTPHSZR512P,1787608235329
01M0TV7JP096BB2X1PV5ASKK97,01M0TTMWM9GSP2NP0T4CET96EB,9,1,1787608251044,TRUE,2026-08-24T21:50:36Z,2026-08-24T21:50:52Z,01M0TTRGJ55RK21NQM11GGHNRN,1787608237491
01M0TV7JX18ANZFVC4574ERN49,01M0TTMWM9GSP2NP0T4CET96EB,37,4,1787608895278,TRUE,2026-08-24T22:01:26Z,2026-08-24T22:01:37Z,01M0TV363Y2QH3CGTPHSZR512P,1787608884901
01M0TV7JX18ANZFVC4574ERN49,01M0TTMWM9GSP2NP0T4CET96EB,37,4,1787608895278,TRUE,2026-08-24T22:01:26Z,2026-08-24T22:01:37Z,01M0TTRGJ55RK21NQM11GGHNRN,1787608887214
01M0TTEY4SGFP888K4FS0WW8C6,01M0TSZEY44B7XSP574QH2WQPJ,21,2,1787607854204,TRUE,2026-08-24T21:43:52Z,2026-08-24T21:44:14Z,01M0TT9XXJBBQAZ4WANFPESF7T,1787607832601
01M0TTEY4SGFP888K4FS0WW8C6,01M0TSZEY44B7XSP574QH2WQPJ,21,2,1787607854204,TRUE,2026-08-24T21:43:52Z,2026-08-24T21:44:14Z,01M0TT49QHQY8JQV8C5T94HHYZ,1787607832822
01M0TTKD9SKBCFS210A2F45H73,01M0TSZGKM72FFW193EYG47F25,9,1,NA,NA,NA,2026-08-24T21:25:10Z,NA,NA
01M0TTMQS87BVS9AY0K570MGBQ,01M0TSZV8ERABP36QP2627EVMT,8,1,1787607535067,TRUE,2026-08-24T21:38:35Z,2026-08-24T21:38:56Z,01M0TT4JP6VSYSTADD58E33WM9,1787607514494
01M0TTMQS87BVS9AY0K570MGBQ,01M0TSZV8ERABP36QP2627EVMT,8,1,1787607535067,TRUE,2026-08-24T21:38:35Z,2026-08-24T21:38:56Z,01M0TT4SREDP4QR1H8V4E3X5G9,1787607515097
01M0TV7JS7955894M0GKRCQAS6,01M0TTMWM9GSP2NP0T4CET96EB,45,4,1787609037062,TRUE,2026-08-24T22:03:38Z,2026-08-24T22:03:58Z,01M0TV363Y2QH3CGTPHSZR512P,1787609017379
01M0TV7JS7955894M0GKRCQAS6,01M0TTMWM9GSP2NP0T4CET96EB,45,4,1787609037062,TRUE,2026-08-24T22:03:38Z,2026-08-24T22:03:58Z,01M0TTRGJ55RK21NQM11GGHNRN,1787609019443
01M0TVK9R4417DC55B8Z6RWFZ2,01M0TTMWMG725DJ5GA5M4WD8SY,29,3,1787608629030,TRUE,2026-08-24T21:56:56Z,2026-08-24T21:57:09Z,01M0TV8YZXT0HY97VC3QNJABKN,1787608617323
01M0TVK9R4417DC55B8Z6RWFZ2,01M0TTMWMG725DJ5GA5M4WD8SY,29,3,1787608629030,TRUE,2026-08-24T21:56:56Z,2026-08-24T21:57:09Z,01M0TVD4RDDZ2GPYA2W2TBJY2J,1787608616389
01M0TTKD9FPRJQFR3R35DR9J1S,01M0TSZGKM72FFW193EYG47F25,6,1,NA,NA,NA,2026-08-24T21:25:09Z,NA,NA
01M0TTKMY9T220HDP75161FGA1,01M0TSZEY173D8F3KEP071GR06,26,3,1787607957257,TRUE,2026-08-24T21:45:43Z,2026-08-24T21:45:57Z,01M0TTF3ADJ36CYQBD8356XFNQ,1787607943446
01M0TTKMY9T220HDP75161FGA1,01M0TSZEY173D8F3KEP071GR06,26,3,1787607957257,TRUE,2026-08-24T21:45:43Z,2026-08-24T21:45:57Z,01M0TT55D1DRDQ3JPT1CDTT5VN,1787607943785
01M0TTK14776DAT11J2G1JGZS5,01M0TSZEY54T11A9AMGVA6T4ZB,35,3,1787609295804,FALSE,2026-08-24T22:07:38Z,2026-08-24T22:08:13Z,01M0TT7FNH08P86PFHWCV3NRS8,1787609258743
01M0TTK14776DAT11J2G1JGZS5,01M0TSZEY54T11A9AMGVA6T4ZB,35,3,1787609295804,FALSE,2026-08-24T22:07:38Z,2026-08-24T22:08:13Z,01M0TT7ZVRQQW92P55GPN9KMMS,1787609261050
01M0TTKD9M2VH6H4X4M25ET4C8,01M0TSZGKM72FFW193EYG47F25,8,1,NA,NA,NA,2026-08-24T21:25:09Z,NA,NA
01M0TTNRF24ZMYGCQYYTSTJYQV,01M0TSZGKJQW5S4GCP9150DNN9,38,4,NA,NA,NA,2026-08-24T21:26:27Z,NA,NA
01M0TTYQ69J6F2C8DNTKMK8BBV,01M0TTMWMDPGAHQRDA7BZJ8FEZ,15,2,NA,FALSE,2026-08-24T21:59:13Z,2026-08-24T22:00:13Z,01M0TTENRE0ZSC234N2S1BW8ZS,1787608753332
01M0TTYQ69J6F2C8DNTKMK8BBV,01M0TTMWMDPGAHQRDA7BZJ8FEZ,15,2,NA,FALSE,2026-08-24T21:59:13Z,2026-08-24T22:00:13Z,01M0TTJT0T1FXWVGTP027BYENQ,1787608557669
01M0TVK9SW1KQJ7XQQFXR2RX8R,01M0TTMWMG725DJ5GA5M4WD8SY,36,4,1787608714546,TRUE,2026-08-24T21:58:25Z,2026-08-24T21:58:33Z,01M0TVD4RDDZ2GPYA2W2TBJY2J,1787608705913
01M0TVK9SW1KQJ7XQQFXR2RX8R,01M0TTMWMG725DJ5GA5M4WD8SY,36,4,1787608714546,TRUE,2026-08-24T21:58:25Z,2026-08-24T21:58:33Z,01M0TV8YZXT0HY97VC3QNJABKN,1787608706825
01M0TT9KJ2DV00W2S7P9H13T00,01M0TSZGKE32G3R2H2EPQFBQNN,46,4,NA,NA,NA,2026-08-24T21:19:49Z,NA,NA
01M0TTEY4CT19ZWNV08N3SWGA9,01M0TSZEY44B7XSP574QH2WQPJ,6,1,1787607202258,TRUE,2026-08-24T21:32:41Z,2026-08-24T21:33:22Z,01M0TT49QHQY8JQV8C5T94HHYZ,1787607161585
01M0TTEY4CT19ZWNV08N3SWGA9,01M0TSZEY44B7XSP574QH2WQPJ,6,1,1787607202258,TRUE,2026-08-24T21:32:41Z,2026-08-24T21:33:22Z,01M0TT9XXJBBQAZ4WANFPESF7T,1787607161462
01M0TTMQVV21CWGBNDDBAEXJ7S,01M0TSZV8ERABP36QP2627EVMT,25,3,1787608034407,TRUE,2026-08-24T21:47:00Z,2026-08-24T21:47:15Z,01M0TT4SREDP4QR1H8V4E3X5G9,1787608019293
01M0TTMQVV21CWGBNDDBAEXJ7S,01M0TSZV8ERABP36QP2627EVMT,25,3,1787608034407,TRUE,2026-08-24T21:47:00Z,2026-08-24T21:47:15Z,01M0TT4JP6VSYSTADD58E33WM9,1787608019127
01M0TTTPSFNNGV7Y68MSG624QV,01M0TSZV8KEDQHAT4X33M1GG1C,28,3,1787608997666,TRUE,2026-08-24T22:02:42Z,2026-08-24T22:03:20Z,01M0TTBQPRE9XMJHBPDKM8GTC4,1787608961267
01M0TTTPSFNNGV7Y68MSG624QV,01M0TSZV8KEDQHAT4X33M1GG1C,28,3,1787608997666,TRUE,2026-08-24T22:02:42Z,2026-08-24T22:03:20Z,01M0TT467Q69C5HQ20GW6FRRF2,1787608960451
01M0TTK12JE0B99VPDKXGZ19NQ,01M0TSZEY54T11A9AMGVA6T4ZB,46,4,1787609647370,FALSE,2026-08-24T22:13:52Z,2026-08-24T22:14:07Z,01M0TT7ZVRQQW92P55GPN9KMMS,1787609634619
01M0TTK12JE0B99VPDKXGZ19NQ,01M0TSZEY54T11A9AMGVA6T4ZB,46,4,1787609647370,FALSE,2026-08-24T22:13:52Z,2026-08-24T22:14:07Z,01M0TT7FNH08P86PFHWCV3NRS8,1787609632301
01M0TTKDEXNTPZP6X71Q8E5EFP,01M0TSZGKM72FFW193EYG47F25,35,3,NA,NA,NA,2026-08-24T21:25:10Z,NA,NA
01M0TTA596Z6AT5M344ZG8HHA8,01M0TSZV8KEDQHAT4X3FNKVS2B,30,3,1787607722375,TRUE,2026-08-24T21:41:39Z,2026-08-24T21:42:02Z,01M0TT3ZTTV22XQGZD0K61T6A4,1787607699545
01M0TTA596Z6AT5M344ZG8HHA8,01M0TSZV8KEDQHAT4X3FNKVS2B,30,3,1787607722375,TRUE,2026-08-24T21:41:39Z,2026-08-24T21:42:02Z,01M0TT4SZRTK7MV5T48R9G1GQH,1787607699537
01M0TTKMWKT0N697PT0WAWYHB9,01M0TSZEY173D8F3KEP071GR06,17,2,1787607734366,TRUE,2026-08-24T21:41:53Z,2026-08-24T21:42:14Z,01M0TTF3ADJ36CYQBD8356XFNQ,1787607712831
01M0TTKMWKT0N697PT0WAWYHB9,01M0TSZEY173D8F3KEP071GR06,17,2,1787607734366,TRUE,2026-08-24T21:41:53Z,2026-08-24T21:42:14Z,01M0TT55D1DRDQ3JPT1CDTT5VN,1787607713198
01M0TTKN3QG65GC1YCDH8SFN5K,01M0TSZEY173D8F3KEP071GR06,43,4,1787608400007,TRUE,2026-08-24T21:53:06Z,2026-08-24T21:53:20Z,01M0TT55D1DRDQ3JPT1CDTT5VN,1787608386580
01M0TTKN3QG65GC1YCDH8SFN5K,01M0TSZEY173D8F3KEP071GR06,43,4,1787608400007,TRUE,2026-08-24T21:53:06Z,2026-08-24T21:53:20Z,01M0TTF3ADJ36CYQBD8356XFNQ,1787608386294
01M0TTNRFW98WPR6BHH30KKS9Y,01M0TSZGKJQW5S4GCP9150DNN9,35,3,NA,NA,NA,2026-08-24T21:26:27Z,NA,NA
01M0TV7JY9S26C1KK358SFDASN,01M0TTMWM9GSP2NP0T4CET96EB,33,3,1787608817285,TRUE,2026-08-24T22:00:09Z,2026-08-24T22:00:19Z,01M0TTRGJ55RK21NQM11GGHNRN,1787608809856
01M0TV7JY9S26C1KK358SFDASN,01M0TTMWM9GSP2NP0T4CET96EB,33,3,1787608817285,TRUE,2026-08-24T22:00:09Z,2026-08-24T22:00:19Z,01M0TV363Y2QH3CGTPHSZR512P,1787608807651
01M0TT9KJ7S4YTHKK3C1YVDVVA,01M0TSZGKE32G3R2H2EPQFBQNN,43,4,NA,NA,NA,2026-08-24T21:19:49Z,NA,NA
01M0TTA584R4H41N0028JTJYXK,01M0TSZV8KEDQHAT4X3FNKVS2B,40,4,1787607964734,TRUE,2026-08-24T21:45:52Z,2026-08-24T21:46:04Z,01M0TT3ZTTV22XQGZD0K61T6A4,1787607952705
01M0TTA584R4H41N0028JTJYXK,01M0TSZV8KEDQHAT4X3FNKVS2B,40,4,1787607964734,TRUE,2026-08-24T21:45:52Z,2026-08-24T21:46:04Z,01M0TT4SZRTK7MV5T48R9G1GQH,1787607952718
01M0TV7JVS83NAZDS7NGE9W3E5,01M0TTMWM9GSP2NP0T4CET96EB,41,4,1787608957046,TRUE,2026-08-24T22:02:31Z,2026-08-24T22:02:38Z,01M0TTRGJ55RK21NQM11GGHNRN,1787608952210
01M0TV7JVS83NAZDS7NGE9W3E5,01M0TTMWM9GSP2NP0T4CET96EB,41,4,1787608957046,TRUE,2026-08-24T22:02:31Z,2026-08-24T22:02:38Z,01M0TV363Y2QH3CGTPHSZR512P,1787608950110
01M0TVK9J8E8FNRC8P0F4ESQTK,01M0TTMWMG725DJ5GA5M4WD8SY,10,1,1787608322839,TRUE,2026-08-24T21:51:30Z,2026-08-24T21:52:02Z,01M0TV8YZXT0HY97VC3QNJABKN,1787608290992
01M0TVK9J8E8FNRC8P0F4ESQTK,01M0TTMWMG725DJ5GA5M4WD8SY,10,1,1787608322839,TRUE,2026-08-24T21:51:30Z,2026-08-24T21:52:02Z,01M0TVD4RDDZ2GPYA2W2TBJY2J,1787608289997
01M0TVK9NX5M7V2RJ4HR4BQ3E0,01M0TTMWMG725DJ5GA5M4WD8SY,22,2,1787608519808,TRUE,2026-08-24T21:55:06Z,2026-08-24T21:55:19Z,01M0TV8YZXT0HY97VC3QNJABKN,1787608507867
01M0TVK9NX5M7V2RJ4HR4BQ3E0,01M0TTMWMG725DJ5GA5M4WD8SY,22,2,1787608519808,TRUE,2026-08-24T21:55:06Z,2026-08-24T21:55:19Z,01M0TVD4RDDZ2GPYA2W2TBJY2J,1787608506929
01M0TTKMX07DEQJ8TNQY7VCN5K,01M0TSZEY173D8F3KEP071GR06,21,2,1787607816347,TRUE,2026-08-24T21:43:23Z,2026-08-24T21:43:36Z,01M0TTF3ADJ36CYQBD8356XFNQ,1787607803304
01M0TTKMX07DEQJ8TNQY7VCN5K,01M0TSZEY173D8F3KEP071GR06,21,2,1787607816347,TRUE,2026-08-24T21:43:23Z,2026-08-24T21:43:36Z,01M0TT55D1DRDQ3JPT1CDTT5VN,1787607803664
01M0TTTPKC0TFQARWHZAQ9EPA2,01M0TSZV8KEDQHAT4X33M1GG1C,15,2,1787608435804,TRUE,2026-08-24T21:53:27Z,2026-08-24T21:53:57Z,01M0TTBQPRE9XMJHBPDKM8GTC4,1787608405418
01M0TTTPKC0TFQARWHZAQ9EPA2,01M0TSZV8KEDQHAT4X33M1GG1C,15,2,1787608435804,TRUE,2026-08-24T21:53:27Z,2026-08-24T21:53:57Z,01M0TT467Q69C5HQ20GW6FRRF2,1787608404440
01M0TT9KHHEK8XDKFXFKDESVGH,01M0TSZGKE32G3R2H2EPQFBQNN,6,1,NA,NA,NA,2026-08-24T21:19:48Z,NA,NA
01M0TT9KFH3Q5DMBAY8TCTXFP1,01M0TSZGKE32G3R2H2EPQFBQNN,19,2,NA,NA,NA,2026-08-24T21:19:48Z,NA,NA
01M0TV7JNMW9Y5HBJ623AST949,01M0TTMWM9GSP2NP0T4CET96EB,11,1,1787608324881,TRUE,2026-08-24T21:51:45Z,2026-08-24T21:52:06Z,01M0TV363Y2QH3CGTPHSZR512P,1787608304551
01M0TV7JNMW9Y5HBJ623AST949,01M0TTMWM9GSP2NP0T4CET96EB,11,1,1787608324881,TRUE,2026-08-24T21:51:45Z,2026-08-24T21:52:06Z,01M0TTRGJ55RK21NQM11GGHNRN,1787608306677
01M0TTMQQ9450TH39A4Z6XJ0BZ,01M0TSZV8ERABP36QP2627EVMT,36,4,1787608326664,TRUE,2026-08-24T21:51:52Z,2026-08-24T21:52:08Z,01M0TT4SREDP4QR1H8V4E3X5G9,1787608311714
01M0TTMQQ9450TH39A4Z6XJ0BZ,01M0TSZV8ERABP36QP2627EVMT,36,4,1787608326664,TRUE,2026-08-24T21:51:52Z,2026-08-24T21:52:08Z,01M0TT4JP6VSYSTADD58E33WM9,1787608311142
01M0TTNRJ73MZ427CDH29X9WGA,01M0TSZGKJQW5S4GCP9150DNN9,12,2,NA,NA,NA,2026-08-24T21:26:27Z,NA,NA
01M0TTTPQA1036T75NNCNFQRR6,01M0TSZV8KEDQHAT4X33M1GG1C,4,1,NA,FALSE,2026-08-24T21:44:24Z,2026-08-24T21:45:24Z,01M0TT467Q69C5HQ20GW6FRRF2,1787607861657
01M0TTTPQA1036T75NNCNFQRR6,01M0TSZV8KEDQHAT4X33M1GG1C,4,1,NA,FALSE,2026-08-24T21:44:24Z,2026-08-24T21:45:24Z,01M0TTBQPRE9XMJHBPDKM8GTC4,1787607862654
01M0TVK9HAY2EHTGHETJSGXSR9,01M0TTMWMG725DJ5GA5M4WD8SY,7,1,1787608247652,TRUE,2026-08-24T21:50:23Z,2026-08-24T21:50:47Z,01M0TVD4RDDZ2GPYA2W2TBJY2J,1787608223825
01M0TVK9HAY2EHTGHETJSGXSR9,01M0TTMWMG725DJ5GA5M4WD8SY,7,1,1787608247652,TRUE,2026-08-24T21:50:23Z,2026-08-24T21:50:47Z,01M0TV8YZXT0HY97VC3QNJABKN,1787608224795
01M0TTA5EFAY4PJEQJ0EDNCNAR,01M0TSZV8KEDQHAT4X3FNKVS2B,7,1,1787607007030,TRUE,2026-08-24T21:29:21Z,2026-08-24T21:30:07Z,01M0TT4SZRTK7MV5T48R9G1GQH,1787606961568
01M0TTA5EFAY4PJEQJ0EDNCNAR,01M0TSZV8KEDQHAT4X3FNKVS2B,7,1,1787607007030,TRUE,2026-08-24T21:29:21Z,2026-08-24T21:30:07Z,01M0TT3ZTTV22XQGZD0K61T6A4,1787606961584
01M0TTKMSS9W4T8PKSH5YQQME7,01M0TSZEY173D8F3KEP071GR06,5,1,1787607433620,TRUE,2026-08-24T21:36:41Z,2026-08-24T21:37:14Z,01M0TTF3ADJ36CYQBD8356XFNQ,1787607401514
01M0TTKMSS9W4T8PKSH5YQQME7,01M0TSZEY173D8F3KEP071GR06,5,1,1787607433620,TRUE,2026-08-24T21:36:41Z,2026-08-24T21:37:14Z,01M0TT55D1DRDQ3JPT1CDTT5VN,1787607401903
01M0TTYQ6KG80S5XGE9SN2QX2R,01M0TTMWMDPGAHQRDA7BZJ8FEZ,38,4,NA,NA,NA,2026-08-24T21:31:22Z,NA,NA
01M0TTMQTM7PBSZAZGKGAVP4SP,01M0TSZV8ERABP36QP2627EVMT,18,2,1787607864837,TRUE,2026-08-24T21:44:09Z,2026-08-24T21:44:26Z,01M0TT4SREDP4QR1H8V4E3X5G9,1787607848372
01M0TTMQTM7PBSZAZGKGAVP4SP,01M0TSZV8ERABP36QP2627EVMT,18,2,1787607864837,TRUE,2026-08-24T21:44:09Z,2026-08-24T21:44:26Z,01M0TT4JP6VSYSTADD58E33WM9,1787607848029
01M0TTYQ0K466PHSHX8Z280YB3,01M0TTMWMDPGAHQRDA7BZJ8FEZ,9,1,NA,FALSE,2026-08-24T21:53:11Z,2026-08-24T21:54:11Z,01M0TTENRE0ZSC234N2S1BW8ZS,1787608391594
01M0TTYQ0K466PHSHX8Z280YB3,01M0TTMWMDPGAHQRDA7BZJ8FEZ,9,1,NA,FALSE,2026-08-24T21:53:11Z,2026-08-24T21:54:11Z,01M0TTJT0T1FXWVGTP027BYENQ,1787608195989
01M0TTKDFEPZV867JD61DV0GN6,01M0TSZGKM72FFW193EYG47F25,40,4,NA,NA,NA,2026-08-24T21:25:10Z,NA,NA
01M0TTKMSXWZHJGTQYDDZWN2WD,01M0TSZEY173D8F3KEP071GR06,6,1,1787607449462,TRUE,2026-08-24T21:37:17Z,2026-08-24T21:37:29Z,01M0TT55D1DRDQ3JPT1CDTT5VN,1787607437345
01M0TTKMSXWZHJGTQYDDZWN2WD,01M0TSZEY173D8F3KEP071GR06,6,1,1787607449462,TRUE,2026-08-24T21:37:17Z,2026-08-24T21:37:29Z,01M0TTF3ADJ36CYQBD8356XFNQ,1787607436970
01M0TV7K151C3A9EBSKKE9GGFA,01M0TTMWM9GSP2NP0T4CET96EB,18,2,1787608506230,TRUE,2026-08-24T21:54:55Z,2026-08-24T21:55:05Z,01M0TTRGJ55RK21NQM11GGHNRN,1787608495740
01M0TV7K151C3A9EBSKKE9GGFA,01M0TTMWM9GSP2NP0T4CET96EB,18,2,1787608506230,TRUE,2026-08-24T21:54:55Z,2026-08-24T21:55:05Z,01M0TV363Y2QH3CGTPHSZR512P,1787608493707
01M0TT9KG5CQTXFNBQC55S9KSB,01M0TSZGKE32G3R2H2EPQFBQNN,39,4,NA,NA,NA,2026-08-24T21:19:49Z,NA,NA
01M0TT9KHM4EEPZS4T0X9RNFZB,01M0TSZGKE32G3R2H2EPQFBQNN,5,1,NA,NA,NA,2026-08-24T21:19:48Z,NA,NA
01M0TTKDEV6HNXH6SRWXYF66XD,01M0TSZGKM72FFW193EYG47F25,34,3,NA,NA,NA,2026-08-24T21:25:10Z,NA,NA
01M0TTKDFKGMN5AB1B3C807P6S,01M0TSZGKM72FFW193EYG47F25,43,4,NA,NA,NA,2026-08-24T21:25:10Z,NA,NA
01M0TTTPG157HQF7RG88P997FK,01M0TSZV8KEDQHAT4X33M1GG1C,20,2,1787608635763,FALSE,2026-08-24T21:56:42Z,2026-08-24T21:57:18Z,01M0TT467Q69C5HQ20GW6FRRF2,1787608599826
01M0TTTPG157HQF7RG88P997FK,01M0TSZV8KEDQHAT4X33M1GG1C,20,2,1787608635763,FALSE,2026-08-24T21:56:42Z,2026-08-24T21:57:18Z,01M0TTBQPRE9XMJHBPDKM8GTC4,1787608600808
01M0TTYQ80DW10MHDK6W4BSDCS,01M0TTMWMDPGAHQRDA7BZJ8FEZ,13,2,NA,FALSE,2026-08-24T21:57:10Z,2026-08-24T21:58:10Z,01M0TTENRE0ZSC234N2S1BW8ZS,1787608629883
01M0TTYQ80DW10MHDK6W4BSDCS,01M0TTMWMDPGAHQRDA7BZJ8FEZ,13,2,NA,FALSE,2026-08-24T21:57:10Z,2026-08-24T21:58:10Z,01M0TTJT0T1FXWVGTP027BYENQ,1787608434100
01M0TTYQHC08RSX8ACZJK66TDD,01M0TTMWMDPGAHQRDA7BZJ8FEZ,22,2,NA,NA,NA,2026-08-24T21:31:21Z,NA,NA
01M0TV7JPSDGH57Z5EVVBZNGD5,01M0TTMWM9GSP2NP0T4CET96EB,6,1,1787608160932,TRUE,2026-08-24T21:48:30Z,2026-08-24T21:49:20Z,01M0TTRGJ55RK21NQM11GGHNRN,1787608110818
01M0TV7JPSDGH57Z5EVVBZNGD5,01M0TTMWM9GSP2NP0T4CET96EB,6,1,1787608160932,TRUE,2026-08-24T21:48:30Z,2026-08-24T21:49:20Z,01M0TV363Y2QH3CGTPHSZR512P,1787608108780
01M0TTA5AETT2RY51EE3T995G1,01M0TSZV8KEDQHAT4X3FNKVS2B,29,3,1787607696187,TRUE,2026-08-24T21:41:24Z,2026-08-24T21:41:36Z,01M0TT4SZRTK7MV5T48R9G1GQH,1787607684829
01M0TTA5AETT2RY51EE3T995G1,01M0TSZV8KEDQHAT4X3FNKVS2B,29,3,1787607696187,TRUE,2026-08-24T21:41:24Z,2026-08-24T21:41:36Z,01M0TT3ZTTV22XQGZD0K61T6A4,1787607684824
01M0TTA5ERQ1ZPDRRR67HJSMXN,01M0TSZV8KEDQHAT4X3FNKVS2B,6,1,1787606955085,TRUE,2026-08-24T21:28:25Z,2026-08-24T21:29:17Z,01M0TT3ZTTV22XQGZD0K61T6A4,1787606905825
01M0TTA5ERQ1ZPDRRR67HJSMXN,01M0TSZV8KEDQHAT4X3FNKVS2B,6,1,1787606955085,TRUE,2026-08-24T21:28:25Z,2026-08-24T21:29:17Z,01M0TT4SZRTK7MV5T48R9G1GQH,1787606905802
01M0TV7JYGHG6C39P11FHD4FHP,01M0TTMWM9GSP2NP0T4CET96EB,32,3,1787608806305,TRUE,2026-08-24T21:59:45Z,2026-08-24T22:00:05Z,01M0TV363Y2QH3CGTPHSZR512P,1787608783588
01M0TV7JYGHG6C39P11FHD4FHP,01M0TTMWM9GSP2NP0T4CET96EB,32,3,1787608806305,TRUE,2026-08-24T21:59:45Z,2026-08-24T22:00:05Z,01M0TTRGJ55RK21NQM11GGHNRN,1787608785729
01M0TTKDEMZ7047V07AP8BV1GK,01M0TSZGKM72FFW193EYG47F25,30,3,NA,NA,NA,2026-08-24T21:25:10Z,NA,NA
01M0TTMQWWY5QZPJ584F5E43GE,01M0TSZV8ERABP36QP2627EVMT,29,3,1787608164307,TRUE,2026-08-24T21:48:38Z,2026-08-24T21:49:25Z,01M0TT4JP6VSYSTADD58E33WM9,1787608116709
01M0TTMQWWY5QZPJ584F5E43GE,01M0TSZV8ERABP36QP2627EVMT,29,3,1787608164307,TRUE,2026-08-24T21:48:38Z,2026-08-24T21:49:25Z,01M0TT4SREDP4QR1H8V4E3X5G9,1787608117312
01M0TTK10F0KSBZFT3DKWD15C9,01M0TSZEY54T11A9AMGVA6T4ZB,2,1,1787607845608,TRUE,2026-08-24T21:43:15Z,2026-08-24T21:44:05Z,01M0TT7FNH08P86PFHWCV3NRS8,1787607795586
01M0TTK10F0KSBZFT3DKWD15C9,01M0TSZEY54T11A9AMGVA6T4ZB,2,1,1787607845608,TRUE,2026-08-24T21:43:15Z,2026-08-24T21:44:05Z,01M0TT7ZVRQQW92P55GPN9KMMS,1787607797866
01M0TTYQ9VEG79XZNPSM8DJAM6,01M0TTMWMDPGAHQRDA7BZJ8FEZ,35,3,NA,NA,NA,2026-08-24T21:31:22Z,NA,NA
01M0TTYQJ8B2JG0VMYVATET5R3,01M0TTMWMDPGAHQRDA7BZJ8FEZ,19,2,NA,FALSE,2026-08-24T22:03:27Z,2026-08-24T22:04:27Z,01M0TTENRE0ZSC234N2S1BW8ZS,1787609006953
01M0TTYQJ8B2JG0VMYVATET5R3,01M0TTMWMDPGAHQRDA7BZJ8FEZ,19,2,NA,FALSE,2026-08-24T22:03:27Z,2026-08-24T22:04:27Z,01M0TTJT0T1FXWVGTP027BYENQ,1787608811211
01M0TTA59HTX22FH7A55J2R0N7,01M0TSZV8KEDQHAT4X3FNKVS2B,45,4,1787608106104,TRUE,2026-08-24T21:48:05Z,2026-08-24T21:48:26Z,01M0TT3ZTTV22XQGZD0K61T6A4,1787608085866
01M0TTA59HTX22FH7A55J2R0N7,01M0TSZV8KEDQHAT4X3FNKVS2B,45,4,1787608106104,TRUE,2026-08-24T21:48:05Z,2026-08-24T21:48:26Z,01M0TT4SZRTK7MV5T48R9G1GQH,1787608085868
01M0TTEY72PB1AHJV3H1NR7VE3,01M0TSZEY44B7XSP574QH2WQPJ,37,4,1787608377644,TRUE,2026-08-24T21:52:34Z,2026-08-24T21:52:58Z,01M0TT9XXJBBQAZ4WANFPESF7T,1787608354696
01M0TTEY72PB1AHJV3H1NR7VE3,01M0TSZEY44B7XSP574QH2WQPJ,37,4,1787608377644,TRUE,2026-08-24T21:52:34Z,2026-08-24T21:52:58Z,01M0TT49QHQY8JQV8C5T94HHYZ,1787608354844
01M0TTEY3RJ5XRAT62S5PPRC9P,01M0TSZEY44B7XSP574QH2WQPJ,3,1,1787607052628,TRUE,2026-08-24T21:30:01Z,2026-08-24T21:30:53Z,01M0TT49QHQY8JQV8C5T94HHYZ,1787607001022
01M0TTEY3RJ5XRAT62S5PPRC9P,01M0TSZEY44B7XSP574QH2WQPJ,3,1,1787607052628,TRUE,2026-08-24T21:30:01Z,2026-08-24T21:30:53Z,01M0TT9XXJBBQAZ4WANFPESF7T,1787607000858
01M0TTEY416KN6Y71XZSXGAFJF,01M0TSZEY44B7XSP574QH2WQPJ,28,3,1787608086664,FALSE,2026-08-24T21:47:20Z,2026-08-24T21:48:06Z,01M0TT9XXJBBQAZ4WANFPESF7T,1787608040467
01M0TTEY416KN6Y71XZSXGAFJF,01M0TSZEY44B7XSP574QH2WQPJ,28,3,1787608086664,FALSE,2026-08-24T21:47:20Z,2026-08-24T21:48:06Z,01M0TT49QHQY8JQV8C5T94HHYZ,1787608040664
01M0TTKDCZBJ3JC6CTDMGBPHVM,01M0TSZGKM72FFW193EYG47F25,20,2,NA,NA,NA,2026-08-24T21:25:10Z,NA,NA
01M0TTKN2Q4ZWA8KJFJ1N0FRGN,01M0TSZEY173D8F3KEP071GR06,40,4,1787608321431,TRUE,2026-08-24T21:51:34Z,2026-08-24T21:52:01Z,01M0TTF3ADJ36CYQBD8356XFNQ,1787608293741
01M0TTKN2Q4ZWA8KJFJ1N0FRGN,01M0TSZEY173D8F3KEP071GR06,40,4,1787608321431,TRUE,2026-08-24T21:51:34Z,2026-08-24T21:52:01Z,01M0TT55D1DRDQ3JPT1CDTT5VN,1787608294037
01M0TTNRNA0NN0WF3D3N3FCM6F,01M0TSZGKJQW5S4GCP9150DNN9,26,3,NA,NA,NA,2026-08-24T21:26:27Z,NA,NA
01M0TTYQDV1P5NSN9KNG6ERN65,01M0TTMWMDPGAHQRDA7BZJ8FEZ,27,3,NA,NA,NA,2026-08-24T21:31:21Z,NA,NA
01M0TT9KHXR2305Y2GD60JW49Z,01M0TSZGKE32G3R2H2EPQFBQNN,3,1,NA,NA,NA,2026-08-24T21:19:48Z,NA,NA
01M0TTEY3271BQ0M7JANRXQGCN,01M0TSZEY44B7XSP574QH2WQPJ,4,1,1787607106748,TRUE,2026-08-24T21:30:56Z,2026-08-24T21:31:46Z,01M0TT9XXJBBQAZ4WANFPESF7T,1787607056192
01M0TTEY3271BQ0M7JANRXQGCN,01M0TSZEY44B7XSP574QH2WQPJ,4,1,1787607106748,TRUE,2026-08-24T21:30:56Z,2026-08-24T21:31:46Z,01M0TT49QHQY8JQV8C5T94HHYZ,1787607056342
01M0TVK9FW1YJ2K9B0GWPAVQW8,01M0TTMWMG725DJ5GA5M4WD8SY,2,1,1787608141616,TRUE,2026-08-24T21:48:33Z,2026-08-24T21:49:00Z,01M0TVD4RDDZ2GPYA2W2TBJY2J,1787608113788
01M0TVK9FW1YJ2K9B0GWPAVQW8,01M0TTMWMG725DJ5GA5M4WD8SY,2,1,1787608141616,TRUE,2026-08-24T21:48:33Z,2026-08-24T21:49:00Z,01M0TV8YZXT0HY97VC3QNJABKN,1787608114784
01M0TV7JTAA9P10W0QSQ2Q5Z36,01M0TTMWM9GSP2NP0T4CET96EB,1,1,1787607960064,TRUE,2026-08-24T21:45:24Z,2026-08-24T21:46:01Z,01M0TTRGJ55RK21NQM11GGHNRN,1787607925070
01M0TV7JTAA9P10W0QSQ2Q5Z36,01M0TTMWM9GSP2NP0T4CET96EB,1,1,1787607960064,TRUE,2026-08-24T21:45:24Z,2026-08-24T21:46:01Z,01M0TV363Y2QH3CGTPHSZR512P,1787607922757
01M0TTA57A3P5GSCP7H7KDT4DA,01M0TSZV8KEDQHAT4X3FNKVS2B,0,1,1787606607519,TRUE,2026-08-24T21:22:57Z,2026-08-24T21:23:27Z,01M0TT3ZTTV22XQGZD0K61T6A4,1787606577247
01M0TTA57A3P5GSCP7H7KDT4DA,01M0TSZV8KEDQHAT4X3FNKVS2B,0,1,1787606607519,TRUE,2026-08-24T21:22:57Z,2026-08-24T21:23:27Z,01M0TT4SZRTK7MV5T48R9G1GQH,1787606577228
01M0TTK10K7BJJNZGSYM0XZVS0,01M0TSZEY54T11A9AMGVA6T4ZB,4,1,1787607935165,TRUE,2026-08-24T21:44:57Z,2026-08-24T21:45:35Z,01M0TT7FNH08P86PFHWCV3NRS8,1787607897437
01M0TTK10K7BJJNZGSYM0XZVS0,01M0TSZEY54T11A9AMGVA6T4ZB,4,1,1787607935165,TRUE,2026-08-24T21:44:57Z,2026-08-24T21:45:35Z,01M0TT7ZVRQQW92P55GPN9KMMS,1787607899737
01M0TTKDA09V3KF2XEEQZ8MQTD,01M0TSZGKM72FFW193EYG47F25,13,2,NA,NA,NA,2026-08-24T21:25:10Z,NA,NA
01M0TTKN3AHDW9W5G6MBAF6SFV,01M0TSZEY173D8F3KEP071GR06,41,4,1787608338594,TRUE,2026-08-24T21:52:05Z,2026-08-24T21:52:18Z,01M0TTF3ADJ36CYQBD8356XFNQ,1787608324750
01M0TTKN3AHDW9W5G6MBAF6SFV,01M0TSZEY173D8F3KEP071GR06,41,4,1787608338594,TRUE,2026-08-24T21:52:05Z,2026-08-24T21:52:18Z,01M0TT55D1DRDQ3JPT1CDTT5VN,1787608325135
01M0TTNRHKQSTWQ86QYW0S42BW,01M0TSZGKJQW5S4GCP9150DNN9,13,2,NA,NA,NA,2026-08-24T21:26:27Z,NA,NA
01M0TTNRNDZVZ3ZKE7HKHSDX17,01M0TSZGKJQW5S4GCP9150DNN9,25,3,NA,NA,NA,2026-08-24T21:26:27Z,NA,NA
01M0TV7JNCAGW4ZYJPPW0997HV,01M0TTMWM9GSP2NP0T4CET96EB,12,2,1787608366034,TRUE,2026-08-24T21:52:10Z,2026-08-24T21:52:45Z,01M0TV363Y2QH3CGTPHSZR512P,1787608328646
01M0TV7JNCAGW4ZYJPPW0997HV,01M0TTMWM9GSP2NP0T4CET96EB,12,2,1787608366034,TRUE,2026-08-24T21:52:10Z,2026-08-24T21:52:45Z,01M0TTRGJ55RK21NQM11GGHNRN,1787608330721
01M0TVK9P93ZCYQWQ2NES3HD6F,01M0TTMWMG725DJ5GA5M4WD8SY,24,3,1787608561621,TRUE,2026-08-24T21:55:40Z,2026-08-24T21:56:00Z,01M0TVD4RDDZ2GPYA2W2TBJY2J,1787608540817
01M0TVK9P93ZCYQWQ2NES3HD6F,01M0TTMWMG725DJ5GA5M4WD8SY,24,3,1787608561621,TRUE,2026-08-24T21:55:40Z,2026-08-24T21:56:00Z,01M0TV8YZXT0HY97VC3QNJABKN,1787608541720
01M0TT9KHYM73GNE0Q4PABW3ZH,01M0TSZGKE32G3R2H2EPQFBQNN,20,2,NA,NA,NA,2026-08-24T21:19:48Z,NA,NA
01M0TTA59FNXNKX3YNP5SEFYMY,01M0TSZV8KEDQHAT4X3FNKVS2B,24,3,1787607601750,TRUE,2026-08-24T21:39:39Z,2026-08-24T21:40:01Z,01M0TT3ZTTV22XQGZD0K61T6A4,1787607579310
01M0TTA59FNXNKX3YNP5SEFYMY,01M0TSZV8KEDQHAT4X3FNKVS2B,24,3,1787607601750,TRUE,2026-08-24T21:39:39Z,2026-08-24T21:40:01Z,01M0TT4SZRTK7MV5T48R9G1GQH,1787607579341
01M0TTK15G6637TDRDVJT4BVV7,01M0TSZEY54T11A9AMGVA6T4ZB,22,2,1787608770273,TRUE,2026-08-24T21:59:10Z,2026-08-24T21:59:30Z,01M0TT7FNH08P86PFHWCV3NRS8,1787608750694
01M0TTK15G6637TDRDVJT4BVV7,01M0TSZEY54T11A9AMGVA6T4ZB,22,2,1787608770273,TRUE,2026-08-24T21:59:10Z,2026-08-24T21:59:30Z,01M0TT7ZVRQQW92P55GPN9KMMS,1787608753188
01M0TTK16NK5EHDG2XXBD4HS2X,01M0TSZEY54T11A9AMGVA6T4ZB,25,3,1787608919089,FALSE,2026-08-24T22:01:21Z,2026-08-24T22:01:56Z,01M0TT7ZVRQQW92P55GPN9KMMS,1787608884055
01M0TTK16NK5EHDG2XXBD4HS2X,01M0TSZEY54T11A9AMGVA6T4ZB,25,3,1787608919089,FALSE,2026-08-24T22:01:21Z,2026-08-24T22:01:56Z,01M0TT7FNH08P86PFHWCV3NRS8,1787608881649
01M0TTKDE0KRB6Q09VGAKFXDXS,01M0TSZGKM72FFW193EYG47F25,24,3,NA,NA,NA,2026-08-24T21:25:10Z,NA,NA
01M0TTKMWWW7NWG5XBYYBZFBDZ,01M0TSZEY173D8F3KEP071GR06,20,2,1787607800069,TRUE,2026-08-24T21:43:09Z,2026-08-24T21:43:20Z,01M0TTF3ADJ36CYQBD8356XFNQ,1787607788696
01M0TTKMWWW7NWG5XBYYBZFBDZ,01M0TSZEY173D8F3KEP071GR06,20,2,1787607800069,TRUE,2026-08-24T21:43:09Z,2026-08-24T21:43:20Z,01M0TT55D1DRDQ3JPT1CDTT5VN,1787607788987
01M0TTYQ487RT8A2RK60KX4740,01M0TTMWMDPGAHQRDA7BZJ8FEZ,16,2,NA,FALSE,2026-08-24T22:00:16Z,2026-08-24T22:01:16Z,01M0TTJT0T1FXWVGTP027BYENQ,1787608620969
01M0TTYQ487RT8A2RK60KX4740,01M0TTMWMDPGAHQRDA7BZJ8FEZ,16,2,NA,FALSE,2026-08-24T22:00:16Z,2026-08-24T22:01:16Z,01M0TTENRE0ZSC234N2S1BW8ZS,1787608816731
01M0TTA58F42TH41R8M56PYCD0,01M0TSZV8KEDQHAT4X3FNKVS2B,38,4,1787607926982,TRUE,2026-08-24T21:45:08Z,2026-08-24T21:45:27Z,01M0TT3ZTTV22XQGZD0K61T6A4,1787607908806
01M0TTA58F42TH41R8M56PYCD0,01M0TSZV8KEDQHAT4X3FNKVS2B,38,4,1787607926982,TRUE,2026-08-24T21:45:08Z,2026-08-24T21:45:27Z,01M0TT4SZRTK7MV5T48R9G1GQH,1787607908831
01M0TTK11Y5EHZFNSN7BDAGN6W,01M0TSZEY54T11A9AMGVA6T4ZB,19,2,1787608666559,TRUE,2026-08-24T21:56:47Z,2026-08-24T21:57:44Z,01M0TT7ZVRQQW92P55GPN9KMMS,1787608609604
01M0TTK11Y5EHZFNSN7BDAGN6W,01M0TSZEY54T11A9AMGVA6T4ZB,19,2,1787608666559,TRUE,2026-08-24T21:56:47Z,2026-08-24T21:57:44Z,01M0TT7FNH08P86PFHWCV3NRS8,1787608607300
01M0TTYQEWGCAZDS3V9W8PJZM6,01M0TTMWMDPGAHQRDA7BZJ8FEZ,26,3,NA,NA,NA,2026-08-24T21:31:21Z,NA,NA
01M0TV7JPCF9JKJH5GZHB9Y2BY,01M0TTMWM9GSP2NP0T4CET96EB,7,1,1787608178889,TRUE,2026-08-24T21:49:23Z,2026-08-24T21:49:40Z,01M0TTRGJ55RK21NQM11GGHNRN,1787608164483
01M0TV7JPCF9JKJH5GZHB9Y2BY,01M0TTMWM9GSP2NP0T4CET96EB,7,1,1787608178889,TRUE,2026-08-24T21:49:23Z,2026-08-24T21:49:40Z,01M0TV363Y2QH3CGTPHSZR512P,1787608162331
01M0TT9KFTJ1S066ZP3W49S4SP,01M0TSZGKE32G3R2H2EPQFBQNN,8,1,NA,NA,NA,2026-08-24T21:19:48Z,NA,NA
01M0TTA5D69CAEP1C3PYVXR565,01M0TSZV8KEDQHAT4X3FNKVS2B,12,2,1787607191166,TRUE,2026-08-24T21:32:43Z,2026-08-24T21:33:11Z,01M0TT3ZTTV22XQGZD0K61T6A4,1787607163835
01M0TTA5D69CAEP1C3PYVXR565,01M0TSZV8KEDQHAT4X3FNKVS2B,12,2,1787607191166,TRUE,2026-08-24T21:32:43Z,2026-08-24T21:33:11Z,01M0TT4SZRTK7MV5T48R9G1GQH,1787607163836
01M0TTYQFC018EC7FF9E83F9Q8,01M0TTMWMDPGAHQRDA7BZJ8FEZ,25,3,NA,NA,NA,2026-08-24T21:31:21Z,NA,NA
01M0TT9KJJX9VHV5YS450ZKJ7Z,01M0TSZGKE32G3R2H2EPQFBQNN,41,4,NA,NA,NA,2026-08-24T21:19:49Z,NA,NA
01M0TTEY3WMK01E9KZKT9AQ57Y,01M0TSZEY44B7XSP574QH2WQPJ,17,2,1787607672660,TRUE,2026-08-24T21:40:40Z,2026-08-24T21:41:12Z,01M0TT9XXJBBQAZ4WANFPESF7T,1787607640407
01M0TTEY3WMK01E9KZKT9AQ57Y,01M0TSZEY44B7XSP574QH2WQPJ,17,2,1787607672660,TRUE,2026-08-24T21:40:40Z,2026-08-24T21:41:12Z,01M0TT49QHQY8JQV8C5T94HHYZ,1787607640525
01M0TTYQ7FVR3R18DHG7XJK7SP,01M0TTMWMDPGAHQRDA7BZJ8FEZ,37,4,NA,NA,NA,2026-08-24T21:31:22Z,NA,NA
01M0TTMQWDETM62H3CBNS3MJQ2,01M0TSZV8ERABP36QP2627EVMT,28,3,1787608113246,TRUE,2026-08-24T21:48:23Z,2026-08-24T21:48:34Z,01M0TT4JP6VSYSTADD58E33WM9,1787608102475
01M0TTMQWDETM62H3CBNS3MJQ2,01M0TSZV8ERABP36QP2627EVMT,28,3,1787608113246,TRUE,2026-08-24T21:48:23Z,2026-08-24T21:48:34Z,01M0TT4SREDP4QR1H8V4E3X5G9,1787608103096
01M0TTNRM4V59KE6SDDS5J1HMW,01M0TSZGKJQW5S4GCP9150DNN9,31,3,NA,NA,NA,2026-08-24T21:26:27Z,NA,NA
01M0TTNRDPKMYX6RGAX8WX6K9G,01M0TSZGKJQW5S4GCP9150DNN9,47,4,NA,NA,NA,2026-08-24T21:26:27Z,NA,NA
01M0TVKA0KT74JAXCGWHHA0841,01M0TTMWMG725DJ5GA5M4WD8SY,41,4,1787608786563,TRUE,2026-08-24T21:59:34Z,2026-08-24T21:59:46Z,01M0TVD4RDDZ2GPYA2W2TBJY2J,1787608774110
01M0TVKA0KT74JAXCGWHHA0841,01M0TTMWMG725DJ5GA5M4WD8SY,41,4,1787608786563,TRUE,2026-08-24T21:59:34Z,2026-08-24T21:59:46Z,01M0TV8YZXT0HY97VC3QNJABKN,1787608775039
01M0TTA58SB2E7VDAXCKMSCJZF,01M0TSZV8KEDQHAT4X3FNKVS2B,35,3,1787607858458,TRUE,2026-08-24T21:43:38Z,2026-08-24T21:44:18Z,01M0TT4SZRTK7MV5T48R9G1GQH,1787607818098
01M0TTA58SB2E7VDAXCKMSCJZF,01M0TSZV8KEDQHAT4X3FNKVS2B,35,3,1787607858458,TRUE,2026-08-24T21:43:38Z,2026-08-24T21:44:18Z,01M0TT3ZTTV22XQGZD0K61T6A4,1787607818095
01M0TTKD9Y0CBZZFRJC8RXHKYG,01M0TSZGKM72FFW193EYG47F25,10,1,NA,NA,NA,2026-08-24T21:25:10Z,NA,NA
01M0TTMQQSXKCJXGJSGHDBZ3QH,01M0TSZV8ERABP36QP2627EVMT,41,4,1787608423085,TRUE,2026-08-24T21:53:27Z,2026-08-24T21:53:44Z,01M0TT4SREDP4QR1H8V4E3X5G9,1787608406945
01M0TTMQQSXKCJXGJSGHDBZ3QH,01M0TSZV8ERABP36QP2627EVMT,41,4,1787608423085,TRUE,2026-08-24T21:53:27Z,2026-08-24T21:53:44Z,01M0TT4JP6VSYSTADD58E33WM9,1787608406339
01M0TTMQTQ72NV1XE9FEJ7MA3Z,01M0TSZV8ERABP36QP2627EVMT,19,2,1787607881067,TRUE,2026-08-24T21:44:29Z,2026-08-24T21:44:42Z,01M0TT4SREDP4QR1H8V4E3X5G9,1787607868881
01M0TTMQTQ72NV1XE9FEJ7MA3Z,01M0TSZV8ERABP36QP2627EVMT,19,2,1787607881067,TRUE,2026-08-24T21:44:29Z,2026-08-24T21:44:42Z,01M0TT4JP6VSYSTADD58E33WM9,1787607868357
01M0TVK9SGFH4A7G0X5AP3DEF3,01M0TTMWMG725DJ5GA5M4WD8SY,34,3,1787608693112,TRUE,2026-08-24T21:58:01Z,2026-08-24T21:58:12Z,01M0TV8YZXT0HY97VC3QNJABKN,1787608681912
01M0TVK9SGFH4A7G0X5AP3DEF3,01M0TTMWMG725DJ5GA5M4WD8SY,34,3,1787608693112,TRUE,2026-08-24T21:58:01Z,2026-08-24T21:58:12Z,01M0TVD4RDDZ2GPYA2W2TBJY2J,1787608680997
01M0TT9KED7D8MS29P27D35D9H,01M0TSZGKE32G3R2H2EPQFBQNN,1,1,NA,NA,NA,2026-08-24T21:19:48Z,NA,NA
01M0TT9KEEZT6B3HYPY1GE2FP8,01M0TSZGKE32G3R2H2EPQFBQNN,0,1,NA,NA,NA,2026-08-24T21:19:48Z,NA,NA
01M0TTKMYB98E28XP8CE3KDFER,01M0TSZEY173D8F3KEP071GR06,27,3,1787607977125,TRUE,2026-08-24T21:46:00Z,2026-08-24T21:46:17Z,01M0TTF3ADJ36CYQBD8356XFNQ,1787607960543
01M0TTKMYB98E28XP8CE3KDFER,01M0TSZEY173D8F3KEP071GR06,27,3,1787607977125,TRUE,2026-08-24T21:46:00Z,2026-08-24T21:46:17Z,01M0TT55D1DRDQ3JPT1CDTT5VN,1787607960844
01M0TTMQX29JXGCTE2SX5JEDE9,01M0TSZV8ERABP36QP2627EVMT,30,3,1787608189345,TRUE,2026-08-24T21:49:28Z,2026-08-24T21:49:50Z,01M0TT4JP6VSYSTADD58E33WM9,1787608167566
01M0TTMQX29JXGCTE2SX5JEDE9,01M0TSZV8ERABP36QP2627EVMT,30,3,1787608189345,TRUE,2026-08-24T21:49:28Z,2026-08-24T21:49:50Z,01M0TT4SREDP4QR1H8V4E3X5G9,1787608168004
01M0TTYQKE4NBYTMC3QN9HZZAC,01M0TTMWMDPGAHQRDA7BZJ8FEZ,17,2,NA,FALSE,2026-08-24T22:01:20Z,2026-08-24T22:02:20Z,01M0TTJT0T1FXWVGTP027BYENQ,1787608684352
01M0TTYQKE4NBYTMC3QN9HZZAC,01M0TTMWMDPGAHQRDA7BZJ8FEZ,17,2,NA,FALSE,2026-08-24T22:01:20Z,2026-08-24T22:02:20Z,01M0TTENRE0ZSC234N2S1BW8ZS,1787608880124
01M0TTA5CP45MHEBHBNGQ38XMR,01M0TSZV8KEDQHAT4X3FNKVS2B,15,2,1787607298112,TRUE,2026-08-24T21:34:09Z,2026-08-24T21:34:58Z,01M0TT3ZTTV22XQGZD0K61T6A4,1787607249364
01M0TTA5CP45MHEBHBNGQ38XMR,01M0TSZV8KEDQHAT4X3FNKVS2B,15,2,1787607298112,TRUE,2026-08-24T21:34:09Z,2026-08-24T21:34:58Z,01M0TT4SZRTK7MV5T48R9G1GQH,1787607249361
01M0TTK11STER2ADREBJK28NV8,01M0TSZEY54T11A9AMGVA6T4ZB,13,2,1787608386323,TRUE,2026-08-24T21:52:20Z,2026-08-24T21:53:03Z,01M0TT7FNH08P86PFHWCV3NRS8,1787608341149
01M0TTK11STER2ADREBJK28NV8,01M0TSZEY54T11A9AMGVA6T4ZB,13,2,1787608386323,TRUE,2026-08-24T21:52:20Z,2026-08-24T21:53:03Z,01M0TT7ZVRQQW92P55GPN9KMMS,1787608343453
