roundID,gameID,phase,trialNum,repNum,targetNum,numTrials,numTrialsPerBlock,setId,target,targetLabel,tangramURLs,displayLabels,response,correct,selection,director,matcher,selectionMadeAt,clickBlockedAt,block
01M20YD60Y1HMSHTYN5JBH5N7H,01M20WZK57NAX0A8X7B3WNHQN9,training,30,2,7,48,12,8,/tangrams/447_295.png,F7,"[""/tangrams/368_436.png"",""/tangrams/447_295.png"",""/tangrams/265_235.png"",""/tangrams/277_238.png""]","[""A1"",""F7"",""C3"",""F8""]",/tangrams/447_295.png,TRUE,/tangrams/447_295.png,01M20Y7KTG16QCRZCK67K4YDTR,01M20XW9BF9HJ5QA1N7YCTN8ZM,1788887043998,NA,3
01M20YSTP17CHW2HDGMSZ7RNXE,01M20X0YW80CVJTXB8KR0PJ9Z8,training,12,1,1,48,12,8,/tangrams/192_436.png,D1,"[""/tangrams/192_436.png"",""/tangrams/353_235.png"",""/tangrams/368_444.png"",""/tangrams/265_219.png""]","[""D1"",""B3"",""A4"",""C2""]",NA,NA,NA,NA,NA,NA,NA,2
01M215GG36GZCGBD687R54GYD9,01M20X14TPRK3E5KMRXWZZW19Q,training,19,1,8,48,12,9,/tangrams/49_469.png,D4,"[""/tangrams/455_435.png"",""/tangrams/47_268.png"",""/tangrams/364_46.png"",""/tangrams/49_469.png""]","[""F4"",""F6"",""F1"",""D4""]",/tangrams/47_268.png,FALSE,/tangrams/47_268.png,01M214B7NK5TMY7WTYY3DVP911,01M214C4QNBNJ9JQSE7YJ5TDCV,1788894799489,NA,2
01M215Z27GJVMGMQWEZ46XXKTK,01M20X14TTKZWGB70XGMAFRR2H,training,2,0,3,48,12,8,/tangrams/353_444.png,B4,"[""/tangrams/353_436.png"",""/tangrams/368_444.png"",""/tangrams/192_235.png"",""/tangrams/353_444.png""]","[""B1"",""A4"",""D3"",""B4""]",NA,FALSE,NA,01M215FK0ZT4PGXXVV13WRHJPB,01M215F66CRM1GV0R6SDQ69WCM,NA,NA,1
01M214K25WQ7RF53J9Q3F609WH,01M20X11N5A2NXXZZPJ1AXFSW6,training,21,1,10,48,12,9,/tangrams/39_129.png,C3,"[""/tangrams/364_46.png"",""/tangrams/6_423.png"",""/tangrams/49_469.png"",""/tangrams/39_129.png""]","[""F1"",""F3"",""D4"",""C3""]",/tangrams/39_129.png,TRUE,/tangrams/39_129.png,01M214DGSKEJ8ZAHQ4WC2E0G7N,01M214ERNYBYY3EBY90CCRQDQJ,1788893277623,NA,2
01M214NB819KK3218NCSZWPR3X,01M20X13PJV655EHMJRF5XR4PG,training,33,2,10,48,12,10,/tangrams/315_224.png,F6,"[""/tangrams/405_327.png"",""/tangrams/18_463.png"",""/tangrams/315_224.png"",""/tangrams/426_419.png""]","[""F1"",""A1"",""F6"",""F8""]",NA,NA,NA,NA,NA,NA,NA,3
01M214QKE2KFTQG4QDKVMGWDE9,01M20X0YW742ZY2EX5FCQ61EFA,training,0,0,1,48,12,8,/tangrams/192_219.png,D2,"[""/tangrams/368_219.png"",""/tangrams/192_235.png"",""/tangrams/353_436.png"",""/tangrams/192_219.png""]","[""A2"",""D3"",""B1"",""D2""]",NA,NA,NA,NA,NA,NA,NA,1
01M215348GMT64BWM4375K8V78,01M20X13PNQ3DCXFM6ND825C25,training,3,0,4,48,12,9,/tangrams/39_469.png,C4,"[""/tangrams/39_469.png"",""/tangrams/144_469.png"",""/tangrams/39_34.png"",""/tangrams/49_181.png""]","[""C4"",""B4"",""C2"",""D1""]",/tangrams/39_469.png,TRUE,/tangrams/39_469.png,01M214JN3YRRY4RAVQ10A1MK5E,01M214P0SMCPMD4G6CRK6QKHYR,1788893655717,NA,1
01M215HJ5B6JHSY0DW3YFTK8SW,01M20X148Y8KBRQFNJT9HAMJT5,training,23,1,12,48,12,10,/tangrams/62_364.png,C2,"[""/tangrams/62_107.png"",""/tangrams/382_364.png"",""/tangrams/62_364.png"",""/tangrams/411_112.png""]","[""C4"",""D2"",""C2"",""B3""]",/tangrams/62_364.png,TRUE,/tangrams/62_364.png,01M214DZ3N8JPJ1Z6KSP8PYNZQ,01M214PMGV2W0E0MG6FCTN05EB,1788895928930,NA,2
01M20XZDABVCQNXB0BZFCK6AG6,01M20WZK596SFHM9YDB6TD7NK1,training,11,0,12,48,12,6,/tangrams/81_264.png,B1,"[""/tangrams/445_264.png"",""/tangrams/81_153.png"",""/tangrams/4_437.png"",""/tangrams/81_264.png""]","[""D1"",""B4"",""C2"",""B1""]",/tangrams/81_264.png,TRUE,/tangrams/81_264.png,01M20X6CEXP7W9NTPEWK7QNX8Z,01M20XSN3R16DSBXVRQKQSS665,1788886431516,NA,1
01M20YKRZSNNTYN7SVK650E64T,01M20WZK5AY7SPG9YB2GY60XCH,training,3,0,4,48,12,8,/tangrams/368_235.png,A3,"[""/tangrams/368_235.png"",""/tangrams/353_436.png"",""/tangrams/265_444.png"",""/tangrams/192_219.png""]","[""A3"",""B1"",""C4"",""D2""]",NA,FALSE,NA,01M20YD36D9GBWB9F2CSWYDDZG,01M20YEZPY4YD17Q43C82WMQ6Y,NA,NA,1
01M215B0Y8TF6X05M1B527CR6W,01M20X13PPQ56SF2D1TXYZ1GT1,training,17,1,6,48,12,8,/tangrams/368_444.png,A4,"[""/tangrams/265_219.png"",""/tangrams/368_444.png"",""/tangrams/192_436.png"",""/tangrams/353_235.png""]","[""C2"",""A4"",""D1"",""B3""]",/tangrams/368_444.png,TRUE,/tangrams/368_444.png,01M21549E1T7PGG1H0FCWWP74Z,01M2155RV91S7EYVKS22CN3J6W,1788894787613,NA,2
01M215BM38NZMVBE47RMDND84B,01M20X148Y8KBRQFNJTS9AKRW4,training,10,0,11,48,12,9,/tangrams/49_129.png,D3,"[""/tangrams/39_181.png"",""/tangrams/130_34.png"",""/tangrams/144_469.png"",""/tangrams/49_129.png""]","[""C1"",""A2"",""B4"",""D3""]",/tangrams/49_129.png,TRUE,/tangrams/49_129.png,01M2154JXMHS9BTWF8FWDE7774,01M21546HN9E95PWNR6ZWTAMM2,1788894391149,NA,1
01M215BM8ZC1V9T3T1KEB9BKN8,01M20X148Y8KBRQFNJTS9AKRW4,training,43,3,8,48,12,9,/tangrams/144_469.png,B4,"[""/tangrams/144_469.png"",""/tangrams/49_129.png"",""/tangrams/130_34.png"",""/tangrams/39_181.png""]","[""B4"",""D3"",""A2"",""C1""]",/tangrams/144_469.png,TRUE,/tangrams/144_469.png,01M21546HN9E95PWNR6ZWTAMM2,01M2154JXMHS9BTWF8FWDE7774,1788895416493,NA,4
01M215GGK7GWDRSGRKZWFW1SB9,01M20X14TPRK3E5KMRXWZZW19Q,training,44,3,9,48,12,9,/tangrams/89_182.png,F5,"[""/tangrams/436_72.png"",""/tangrams/144_34.png"",""/tangrams/89_182.png"",""/tangrams/47_268.png""]","[""F7"",""B2"",""F5"",""F6""]",/tangrams/89_182.png,TRUE,/tangrams/89_182.png,01M214C4QNBNJ9JQSE7YJ5TDCV,01M214B7NK5TMY7WTYY3DVP911,1788895559435,NA,4
01M215HHRV1WD7HW4N340FG8SE,01M20X148Y8KBRQFNJT9HAMJT5,training,29,2,6,48,12,10,/tangrams/62_107.png,C4,"[""/tangrams/62_463.png"",""/tangrams/382_112.png"",""/tangrams/18_107.png"",""/tangrams/62_107.png""]","[""C1"",""D3"",""A4"",""C4""]",/tangrams/62_107.png,TRUE,/tangrams/62_107.png,01M214DZ3N8JPJ1Z6KSP8PYNZQ,01M214PMGV2W0E0MG6FCTN05EB,1788896214030,NA,3
01M215HJ86MFJ028DRVWEW6ZVM,01M20X148Y8KBRQFNJT9HAMJT5,training,20,1,9,48,12,10,/tangrams/382_112.png,D3,"[""/tangrams/411_112.png"",""/tangrams/18_364.png"",""/tangrams/382_112.png"",""/tangrams/382_463.png""]","[""B3"",""A2"",""D3"",""D1""]",/tangrams/382_112.png,TRUE,/tangrams/382_112.png,01M214PMGV2W0E0MG6FCTN05EB,01M214DZ3N8JPJ1Z6KSP8PYNZQ,1788895828272,NA,2
01M214K20JTA17S583V0K9EYVT,01M20X11N5A2NXXZZPJ1AXFSW6,training,43,3,8,48,12,9,/tangrams/425_194.png,F2,"[""/tangrams/6_423.png"",""/tangrams/455_435.png"",""/tangrams/425_194.png"",""/tangrams/39_129.png""]","[""F3"",""F4"",""F2"",""C3""]",/tangrams/425_194.png,TRUE,/tangrams/425_194.png,01M214DGSKEJ8ZAHQ4WC2E0G7N,01M214ERNYBYY3EBY90CCRQDQJ,1788893862223,NA,4
01M214K22XDGG8M55J37WR0DWB,01M20X11N5A2NXXZZPJ1AXFSW6,training,36,3,1,48,12,9,/tangrams/436_72.png,F7,"[""/tangrams/47_268.png"",""/tangrams/144_34.png"",""/tangrams/436_72.png"",""/tangrams/130_181.png""]","[""F6"",""B2"",""F7"",""A1""]",/tangrams/436_72.png,TRUE,/tangrams/436_72.png,01M214ERNYBYY3EBY90CCRQDQJ,01M214DGSKEJ8ZAHQ4WC2E0G7N,1788893760103,NA,4
01M214QP6RDXC17FYFCG02BETK,01M20X11N8F7DPTR5329TXEJ69,training,9,0,10,48,12,8,/tangrams/192_219.png,D2,"[""/tangrams/192_436.png"",""/tangrams/368_219.png"",""/tangrams/265_444.png"",""/tangrams/192_219.png""]","[""D1"",""A2"",""C4"",""D2""]",NA,NA,NA,NA,NA,NA,NA,1
01M215B13EGRJNEPVDXG6H3BYQ,01M20X13PPQ56SF2D1TXYZ1GT1,training,47,3,12,48,12,8,/tangrams/368_219.png,A2,"[""/tangrams/368_219.png"",""/tangrams/353_436.png"",""/tangrams/192_235.png"",""/tangrams/265_444.png""]","[""A2"",""B1"",""D3"",""C4""]",/tangrams/368_219.png,TRUE,/tangrams/368_219.png,01M21549E1T7PGG1H0FCWWP74Z,01M2155RV91S7EYVKS22CN3J6W,1788895386845,NA,4
01M215DN3F9BG1NYWES9DK21XB,01M20X15BBYTN3YPSFQGJ5ZXF5,training,29,2,6,48,12,10,/tangrams/18_364.png,A2,"[""/tangrams/18_364.png"",""/tangrams/411_107.png"",""/tangrams/62_463.png"",""/tangrams/382_112.png""]","[""A2"",""B4"",""C1"",""D3""]",/tangrams/18_364.png,TRUE,/tangrams/18_364.png,01M21552Z3FC5ZE6SYNEHHVAW4,01M21567THKMHSR683ZH4K0TNA,1788895369204,NA,3
01M215K2TJPQ9GCPPXE179R79S,01M20X175HY3CRCTEMGHN0JEQ3,training,7,0,8,48,12,11,/tangrams/296_392.png,C2,"[""/tangrams/316_345.png"",""/tangrams/293_156.png"",""/tangrams/455_227.png"",""/tangrams/296_392.png""]","[""A4"",""B1"",""D3"",""C2""]",/tangrams/296_392.png,TRUE,/tangrams/296_392.png,01M2154HBQMMKX5AJ9BGZ61E13,01M2154P1EJW4QYGH77ZY8V300,1788894040495,NA,1
01M215PM3KCS24HCQ9298KK7G3,01M215M9N7M1Y02J02DK7JKTQA,training,3,0,4,48,12,13,/tangrams/42_63.png,B4,"[""/tangrams/42_63.png"",""/tangrams/403_335.png"",""/tangrams/66_164.png"",""/tangrams/113_142.png""]","[""B4"",""D2"",""A3"",""C1""]",NA,NA,NA,NA,NA,NA,NA,1
01M215PMDJKXBBA07FKW807YZV,01M215M9N7M1Y02J02DK7JKTQA,training,13,1,2,48,12,13,/tangrams/66_63.png,A4,"[""/tangrams/42_142.png"",""/tangrams/66_63.png"",""/tangrams/403_164.png"",""/tangrams/113_335.png""]","[""B1"",""A4"",""D3"",""C2""]",NA,NA,NA,NA,NA,NA,NA,2
01M20YSTQWA0AMF5B4TVV98XK4,01M20X0YW80CVJTXB8KR0PJ9Z8,training,31,2,8,48,12,8,/tangrams/353_444.png,B4,"[""/tangrams/265_436.png"",""/tangrams/368_235.png"",""/tangrams/192_219.png"",""/tangrams/353_444.png""]","[""C1"",""A3"",""D2"",""B4""]",NA,NA,NA,NA,NA,NA,NA,3
01M215B140055AC6H90DG8K0JT,01M20X13PPQ56SF2D1TXYZ1GT1,training,46,3,11,48,12,8,/tangrams/265_436.png,C1,"[""/tangrams/368_219.png"",""/tangrams/353_444.png"",""/tangrams/192_235.png"",""/tangrams/265_436.png""]","[""A2"",""B4"",""D3"",""C1""]",/tangrams/265_436.png,TRUE,/tangrams/265_436.png,01M2155RV91S7EYVKS22CN3J6W,01M21549E1T7PGG1H0FCWWP74Z,1788895353971,NA,4
01M215D096655SWZNGCJ93PPQV,01M20X14TW6FQW067YRK6RNDKN,training,40,3,5,48,12,9,/tangrams/49_181.png,D1,"[""/tangrams/130_34.png"",""/tangrams/49_181.png"",""/tangrams/39_469.png"",""/tangrams/144_129.png""]","[""A2"",""D1"",""C4"",""B3""]",/tangrams/49_181.png,TRUE,/tangrams/49_181.png,01M2156K7QTNRYHY4BTF9XK016,01M2154QPBTEQ4FE8D65KC2SJY,1788895030349,NA,4
01M215EGVS3E285Y6WAX1V4339,01M20X15T7F67D04XT463JKFRX,training,32,2,9,48,12,10,/tangrams/382_463.png,D1,"[""/tangrams/382_463.png"",""/tangrams/18_107.png"",""/tangrams/411_112.png"",""/tangrams/62_364.png""]","[""D1"",""A4"",""B3"",""C2""]",/tangrams/382_463.png,TRUE,/tangrams/382_463.png,01M21557T3YDBSX3GT1DB1X6ZD,01M2154MFSP4VTTH1ZQNHW7C0J,1788894359603,NA,3
01M215K35H5NA82FXR1EREPZP4,01M20X175HY3CRCTEMGHN0JEQ3,training,16,1,5,48,12,11,/tangrams/316_345.png,A4,"[""/tangrams/316_345.png"",""/tangrams/293_227.png"",""/tangrams/455_156.png"",""/tangrams/296_392.png""]","[""A4"",""B3"",""D1"",""C2""]",/tangrams/316_345.png,TRUE,/tangrams/316_345.png,01M2154P1EJW4QYGH77ZY8V300,01M2154HBQMMKX5AJ9BGZ61E13,1788894266583,NA,2
01M215Z2ZJY2EX6QD0JYA8MQQG,01M20X14TTKZWGB70XGMAFRR2H,training,23,1,12,48,12,8,/tangrams/368_444.png,A4,"[""/tangrams/368_235.png"",""/tangrams/265_436.png"",""/tangrams/353_444.png"",""/tangrams/368_444.png""]","[""A3"",""C1"",""B4"",""A4""]",/tangrams/368_444.png,TRUE,/tangrams/368_444.png,01M215F66CRM1GV0R6SDQ69WCM,01M215FK0ZT4PGXXVV13WRHJPB,1788896173437,NA,2
01M215Z33ZDFDBHDPYKGBH9W4Z,01M20X14TTKZWGB70XGMAFRR2H,training,27,2,4,48,12,8,/tangrams/353_444.png,B4,"[""/tangrams/353_436.png"",""/tangrams/368_444.png"",""/tangrams/192_219.png"",""/tangrams/353_444.png""]","[""B1"",""A4"",""D2"",""B4""]",/tangrams/353_444.png,TRUE,/tangrams/353_444.png,01M215F66CRM1GV0R6SDQ69WCM,01M215FK0ZT4PGXXVV13WRHJPB,1788896372977,NA,3
01M20YKS0T8YTSM17H4YTPM9JS,01M20WZK5AY7SPG9YB2GY60XCH,training,8,0,9,48,12,8,/tangrams/265_436.png,C1,"[""/tangrams/265_436.png"",""/tangrams/192_235.png"",""/tangrams/353_444.png"",""/tangrams/368_219.png""]","[""C1"",""D3"",""B4"",""A2""]",NA,NA,NA,NA,NA,NA,NA,1
01M214QK80S0Q1C29SCZ877674,01M20X0YW742ZY2EX5FCQ61EFA,training,19,1,8,48,12,8,/tangrams/265_219.png,C2,"[""/tangrams/265_436.png"",""/tangrams/353_444.png"",""/tangrams/265_219.png"",""/tangrams/192_219.png""]","[""C1"",""B4"",""C2"",""D2""]",NA,NA,NA,NA,NA,NA,NA,2
01M214QP1QVAY15V0CST3XPDEK,01M20X11N8F7DPTR5329TXEJ69,training,35,2,12,48,12,8,/tangrams/192_436.png,D1,"[""/tangrams/353_444.png"",""/tangrams/265_436.png"",""/tangrams/192_436.png"",""/tangrams/192_219.png""]","[""B4"",""C1"",""D1"",""D2""]",NA,NA,NA,NA,NA,NA,NA,3
01M214ZFNRVZ72J8TQFMF6X1XQ,01M20X12WDNRHQCMYC0R9VEVHQ,training,35,2,12,48,12,9,/tangrams/130_34.png,A2,"[""/tangrams/130_34.png"",""/tangrams/39_34.png"",""/tangrams/130_469.png"",""/tangrams/144_181.png""]","[""A2"",""C2"",""A4"",""B1""]",NA,NA,NA,NA,NA,NA,NA,3
01M214ZFPK729EV35F5R699RF8,01M20X12WDNRHQCMYC0R9VEVHQ,training,32,2,9,48,12,9,/tangrams/144_181.png,B1,"[""/tangrams/144_181.png"",""/tangrams/144_469.png"",""/tangrams/49_181.png"",""/tangrams/130_129.png""]","[""B1"",""B4"",""D1"",""A3""]",NA,NA,NA,NA,NA,NA,NA,3
01M215EH1MBKYXEXK2YP6K0TH1,01M20X15T7F67D04XT463JKFRX,training,23,1,12,48,12,10,/tangrams/382_364.png,D2,"[""/tangrams/18_112.png"",""/tangrams/382_364.png"",""/tangrams/62_463.png"",""/tangrams/411_107.png""]","[""A3"",""D2"",""C1"",""B4""]",/tangrams/382_364.png,TRUE,/tangrams/382_364.png,01M2154MFSP4VTTH1ZQNHW7C0J,01M21557T3YDBSX3GT1DB1X6ZD,1788894138541,NA,2
01M215Z3JQPEW38Q8RN2HCWC39,01M20X14TTKZWGB70XGMAFRR2H,training,41,3,6,48,12,8,/tangrams/192_219.png,D2,"[""/tangrams/192_436.png"",""/tangrams/368_219.png"",""/tangrams/192_219.png"",""/tangrams/353_235.png""]","[""D1"",""A2"",""D2"",""B3""]",/tangrams/192_219.png,TRUE,/tangrams/192_219.png,01M215F66CRM1GV0R6SDQ69WCM,01M215FK0ZT4PGXXVV13WRHJPB,1788896943534,NA,4
01M20YD5Z2X3SKBB8G315J36CQ,01M20WZK57NAX0A8X7B3WNHQN9,training,45,3,10,48,12,8,/tangrams/265_235.png,C3,"[""/tangrams/101_61.png"",""/tangrams/311_205.png"",""/tangrams/265_235.png"",""/tangrams/371_100.png""]","[""F2"",""F4"",""C3"",""F1""]",/tangrams/265_235.png,TRUE,/tangrams/265_235.png,01M20XW9BF9HJ5QA1N7YCTN8ZM,01M20Y7KTG16QCRZCK67K4YDTR,1788887286256,NA,4
01M20YSTRHJHTP5BM6D0WBPND8,01M20X0YW80CVJTXB8KR0PJ9Z8,training,23,1,12,48,12,8,/tangrams/368_219.png,A2,"[""/tangrams/368_219.png"",""/tangrams/192_235.png"",""/tangrams/353_444.png"",""/tangrams/265_436.png""]","[""A2"",""D3"",""B4"",""C1""]",NA,NA,NA,NA,NA,NA,NA,2
01M20YSTTDXD3NWJPGP9A1XY54,01M20X0YW80CVJTXB8KR0PJ9Z8,training,41,3,6,48,12,8,/tangrams/192_219.png,D2,"[""/tangrams/368_444.png"",""/tangrams/192_219.png"",""/tangrams/265_436.png"",""/tangrams/353_235.png""]","[""A4"",""D2"",""C1"",""B3""]",NA,NA,NA,NA,NA,NA,NA,4
01M20Z96GKWE1CTN6J53WPX7P0,01M20X11N92ZFWXFVKY2CVEME8,training,36,3,1,48,12,9,/tangrams/130_129.png,A3,"[""/tangrams/49_34.png"",""/tangrams/130_129.png"",""/tangrams/144_469.png"",""/tangrams/39_181.png""]","[""D2"",""A3"",""B4"",""C1""]",NA,NA,NA,NA,NA,NA,NA,4
01M214KY5P8QVWRYQTRBSQF7WK,01M20X12WH32MX7V56M1SN262T,training,31,2,8,48,12,10,/tangrams/57_85.png,F2,"[""/tangrams/18_463.png"",""/tangrams/405_327.png"",""/tangrams/315_224.png"",""/tangrams/57_85.png""]","[""A1"",""F1"",""F6"",""F2""]",/tangrams/57_85.png,TRUE,/tangrams/57_85.png,01M214AY9SMBAC3FWH0EN358MB,01M214C29BTAAYH03KHSYPYBMR,1788893689656,NA,3
01M21534BXE5QRN6QTK3ZQX5J9,01M20X13PNQ3DCXFM6ND825C25,training,33,2,10,48,12,9,/tangrams/49_129.png,D3,"[""/tangrams/49_129.png"",""/tangrams/49_34.png"",""/tangrams/39_469.png"",""/tangrams/144_129.png""]","[""D3"",""D2"",""C4"",""B3""]",/tangrams/49_34.png,FALSE,/tangrams/49_34.png,01M214JN3YRRY4RAVQ10A1MK5E,01M214P0SMCPMD4G6CRK6QKHYR,1788895202902,NA,3
01M215B0XP8Z5D56G03CBKT901,01M20X13PPQ56SF2D1TXYZ1GT1,training,18,1,7,48,12,8,/tangrams/265_219.png,C2,"[""/tangrams/368_235.png"",""/tangrams/265_219.png"",""/tangrams/192_436.png"",""/tangrams/353_444.png""]","[""A3"",""C2"",""D1"",""B4""]",/tangrams/265_219.png,TRUE,/tangrams/265_219.png,01M2155RV91S7EYVKS22CN3J6W,01M21549E1T7PGG1H0FCWWP74Z,1788894817482,NA,2
01M215HHR7Z407ENWDQMKNETC8,01M20X148Y8KBRQFNJT9HAMJT5,training,30,2,7,48,12,10,/tangrams/18_107.png,A4,"[""/tangrams/62_107.png"",""/tangrams/18_107.png"",""/tangrams/18_364.png"",""/tangrams/411_112.png""]","[""C4"",""A4"",""A2"",""B3""]",/tangrams/18_107.png,TRUE,/tangrams/18_107.png,01M214PMGV2W0E0MG6FCTN05EB,01M214DZ3N8JPJ1Z6KSP8PYNZQ,1788896266100,NA,3
01M215HJVMMD2C59PCK5DJ81RY,01M20X148Y8KBRQFNJT9HAMJT5,training,6,0,7,48,12,10,/tangrams/62_107.png,C4,"[""/tangrams/62_107.png"",""/tangrams/62_463.png"",""/tangrams/18_112.png"",""/tangrams/411_107.png""]","[""C4"",""C1"",""A3"",""B4""]",NA,FALSE,NA,01M214PMGV2W0E0MG6FCTN05EB,01M214DZ3N8JPJ1Z6KSP8PYNZQ,NA,1788895188081,1
01M20Z96DHS4Q43GWNDEVY1YF4,01M20X11N92ZFWXFVKY2CVEME8,training,1,0,2,48,12,9,/tangrams/49_34.png,D2,"[""/tangrams/130_129.png"",""/tangrams/49_34.png"",""/tangrams/144_181.png"",""/tangrams/39_469.png""]","[""A3"",""D2"",""B1"",""C4""]",NA,FALSE,NA,01M20YGVWYARZ695AWDNJ9TT2P,01M20YR2K07K9X60T54DN4Z8Q0,NA,1788887544685,1
01M214KY8G5298AQTMG6N1G6TS,01M20X12WH32MX7V56M1SN262T,training,45,3,10,48,12,10,/tangrams/316_89.png,F3,"[""/tangrams/316_89.png"",""/tangrams/62_112.png"",""/tangrams/315_224.png"",""/tangrams/415_23.png""]","[""F3"",""C3"",""F6"",""F4""]",/tangrams/316_89.png,TRUE,/tangrams/316_89.png,01M214AY9SMBAC3FWH0EN358MB,01M214C29BTAAYH03KHSYPYBMR,1788893924932,NA,4
01M214QP15HBB7NK27VXWTE37G,01M20X11N8F7DPTR5329TXEJ69,training,37,3,2,48,12,8,/tangrams/192_219.png,D2,"[""/tangrams/192_219.png"",""/tangrams/265_219.png"",""/tangrams/368_235.png"",""/tangrams/192_436.png""]","[""D2"",""C2"",""A3"",""D1""]",NA,NA,NA,NA,NA,NA,NA,4
01M215GFMW7SFYT3BVBZ5RMBKZ,01M20X14TPRK3E5KMRXWZZW19Q,training,1,0,2,48,12,9,/tangrams/130_181.png,A1,"[""/tangrams/130_181.png"",""/tangrams/39_129.png"",""/tangrams/6_423.png"",""/tangrams/89_182.png""]","[""A1"",""C3"",""F3"",""F5""]",/tangrams/6_423.png,FALSE,/tangrams/6_423.png,01M214B7NK5TMY7WTYY3DVP911,01M214C4QNBNJ9JQSE7YJ5TDCV,1788894149009,NA,1
01M215GFPFADZX12X926WNPXQH,01M20X14TPRK3E5KMRXWZZW19Q,training,3,0,4,48,12,9,/tangrams/133_40.png,F8,"[""/tangrams/144_34.png"",""/tangrams/133_40.png"",""/tangrams/47_268.png"",""/tangrams/130_181.png""]","[""B2"",""F8"",""F6"",""A1""]",/tangrams/133_40.png,TRUE,/tangrams/133_40.png,01M214B7NK5TMY7WTYY3DVP911,01M214C4QNBNJ9JQSE7YJ5TDCV,1788894219067,NA,1
01M215GG0ACCNYHVHB7YD71GNG,01M20X14TPRK3E5KMRXWZZW19Q,training,15,1,4,48,12,9,/tangrams/144_34.png,B2,"[""/tangrams/49_469.png"",""/tangrams/364_46.png"",""/tangrams/425_194.png"",""/tangrams/144_34.png""]","[""D4"",""F1"",""F2"",""B2""]",/tangrams/144_34.png,TRUE,/tangrams/144_34.png,01M214B7NK5TMY7WTYY3DVP911,01M214C4QNBNJ9JQSE7YJ5TDCV,1788894627081,NA,2
01M20YD60T67G6PDSN4XDDTAKK,01M20WZK57NAX0A8X7B3WNHQN9,training,37,3,2,48,12,8,/tangrams/277_238.png,F8,"[""/tangrams/311_205.png"",""/tangrams/194_445.png"",""/tangrams/277_238.png"",""/tangrams/192_444.png""]","[""F4"",""F3"",""F8"",""D4""]",/tangrams/277_238.png,TRUE,/tangrams/277_238.png,01M20XW9BF9HJ5QA1N7YCTN8ZM,01M20Y7KTG16QCRZCK67K4YDTR,1788887167132,NA,4
01M214QP8CEM05A90WVXRZ4A8J,01M20X11N8F7DPTR5329TXEJ69,training,18,1,7,48,12,8,/tangrams/265_219.png,C2,"[""/tangrams/265_219.png"",""/tangrams/192_219.png"",""/tangrams/265_436.png"",""/tangrams/368_444.png""]","[""C2"",""D2"",""C1"",""A4""]",NA,NA,NA,NA,NA,NA,NA,2
01M214YX9JCCRP2GNVE7CS5T3X,01M20X148VH9T6HPBHADHZGVW4,training,34,2,11,48,12,11,/tangrams/311_23.png,F5,"[""/tangrams/232_52.png"",""/tangrams/455_345.png"",""/tangrams/316_156.png"",""/tangrams/311_23.png""]","[""F1"",""D4"",""A1"",""F5""]",/tangrams/311_23.png,TRUE,/tangrams/311_23.png,01M214D5P3NXWG18WF1J3F1VFS,01M214CEQK5BQH1Z1J11PQVC16,1788894394695,NA,3
01M215AA5AAFQSJQQ9D2QTYBP0,01M20X12WE7PPHA7JSTZZ2E6FT,training,38,3,3,48,12,8,/tangrams/192_436.png,D1,"[""/tangrams/192_436.png"",""/tangrams/265_444.png"",""/tangrams/368_219.png"",""/tangrams/353_235.png""]","[""D1"",""C4"",""A2"",""B3""]",/tangrams/192_436.png,TRUE,/tangrams/192_436.png,01M2154T01JJAXZD005VWMS05B,01M2154MN76WHSRHJG8SAKSTFM,1788894713137,NA,4
01M215DN7HSD98H75CTPP92Y49,01M20X15BBYTN3YPSFQGJ5ZXF5,training,36,3,1,48,12,10,/tangrams/411_463.png,B1,"[""/tangrams/382_112.png"",""/tangrams/411_463.png"",""/tangrams/18_364.png"",""/tangrams/62_107.png""]","[""D3"",""B1"",""A2"",""C4""]",/tangrams/411_463.png,TRUE,/tangrams/411_463.png,01M21567THKMHSR683ZH4K0TNA,01M21552Z3FC5ZE6SYNEHHVAW4,1788895602635,NA,4
01M215M0Z2XE7EK5MJ1SYPQGQT,01M215K1RCENCVM87G4759AF5H,training,3,0,4,48,12,12,/tangrams/72_213.png,A3,"[""/tangrams/72_213.png"",""/tangrams/137_345.png"",""/tangrams/161_312.png"",""/tangrams/244_275.png""]","[""A3"",""D1"",""C2"",""B4""]",/tangrams/72_213.png,TRUE,/tangrams/72_213.png,01M21569Y0RK1B1KAXYKBVZA95,01M215AVP11B8QPDVCJRC6C334,1788894633267,NA,1
01M215Z3GGBGYE47QHNV2TGNNQ,01M20X14TTKZWGB70XGMAFRR2H,training,39,3,4,48,12,8,/tangrams/265_436.png,C1,"[""/tangrams/265_444.png"",""/tangrams/192_235.png"",""/tangrams/353_436.png"",""/tangrams/265_436.png""]","[""C4"",""D3"",""B1"",""C1""]",/tangrams/265_436.png,TRUE,/tangrams/265_436.png,01M215F66CRM1GV0R6SDQ69WCM,01M215FK0ZT4PGXXVV13WRHJPB,1788896841202,NA,4
01M214JDDAF66M0CNT83C11WQ4,01M20X0YW4S4FB44B5GCQBDAXT,training,16,1,5,48,12,9,/tangrams/436_72.png,F7,"[""/tangrams/436_72.png"",""/tangrams/133_40.png"",""/tangrams/47_268.png"",""/tangrams/425_194.png""]","[""F7"",""F8"",""F6"",""F2""]",NA,NA,NA,NA,NA,NA,NA,2
01M214JDGRSF2SAVNJBPP5D6GM,01M20X0YW4S4FB44B5GCQBDAXT,training,36,3,1,48,12,9,/tangrams/364_46.png,F1,"[""/tangrams/39_129.png"",""/tangrams/364_46.png"",""/tangrams/133_40.png"",""/tangrams/455_435.png""]","[""C3"",""F1"",""F8"",""F4""]",NA,NA,NA,NA,NA,NA,NA,4
01M214QP3SYYM8MEM9FR248RZ2,01M20X11N8F7DPTR5329TXEJ69,training,27,2,4,48,12,8,/tangrams/265_444.png,C4,"[""/tangrams/353_444.png"",""/tangrams/265_219.png"",""/tangrams/265_444.png"",""/tangrams/192_235.png""]","[""B4"",""C2"",""C4"",""D3""]",NA,NA,NA,NA,NA,NA,NA,3
01M215PMXQZQGM52DCST12QR6A,01M215M9N7M1Y02J02DK7JKTQA,training,29,2,6,48,12,13,/tangrams/113_335.png,C2,"[""/tangrams/403_164.png"",""/tangrams/42_142.png"",""/tangrams/113_335.png"",""/tangrams/66_63.png""]","[""D3"",""B1"",""C2"",""A4""]",NA,NA,NA,NA,NA,NA,NA,3
01M20XZD9F6ED388A7V08ZV0PR,01M20WZK596SFHM9YDB6TD7NK1,training,3,0,4,48,12,6,/tangrams/445_264.png,D1,"[""/tangrams/81_264.png"",""/tangrams/445_264.png"",""/tangrams/275_153.png"",""/tangrams/445_324.png""]","[""B1"",""D1"",""A4"",""D3""]",NA,FALSE,NA,01M20X6CEXP7W9NTPEWK7QNX8Z,01M20XSN3R16DSBXVRQKQSS665,NA,NA,1
01M214YX55G30K4J5ZPQC8N153,01M20X148VH9T6HPBHADHZGVW4,training,17,1,6,48,12,11,/tangrams/328_256.png,F7,"[""/tangrams/192_185.png"",""/tangrams/328_256.png"",""/tangrams/232_52.png"",""/tangrams/316_156.png""]","[""F6"",""F7"",""F1"",""A1""]",NA,FALSE,NA,01M214CEQK5BQH1Z1J11PQVC16,01M214D5P3NXWG18WF1J3F1VFS,NA,NA,2
01M215K3VK3G6G0JT4VP558SDB,01M20X175HY3CRCTEMGHN0JEQ3,training,39,3,4,48,12,11,/tangrams/316_392.png,A2,"[""/tangrams/455_227.png"",""/tangrams/293_345.png"",""/tangrams/296_156.png"",""/tangrams/316_392.png""]","[""D3"",""B4"",""C1"",""A2""]",/tangrams/316_392.png,TRUE,/tangrams/316_392.png,01M2154HBQMMKX5AJ9BGZ61E13,01M2154P1EJW4QYGH77ZY8V300,1788894720504,NA,4
01M20XZDCNNDWXAJSD7BPFAK86,01M20WZK596SFHM9YDB6TD7NK1,training,29,2,6,48,12,6,/tangrams/4_437.png,C2,"[""/tangrams/4_437.png"",""/tangrams/81_324.png"",""/tangrams/445_437.png"",""/tangrams/4_264.png""]","[""C2"",""B3"",""D2"",""C1""]",/tangrams/4_437.png,TRUE,/tangrams/4_437.png,01M20X6CEXP7W9NTPEWK7QNX8Z,01M20XSN3R16DSBXVRQKQSS665,1788887065872,NA,3
01M20Z96N8Y34KWF2RTMAZQ15P,01M20X11N92ZFWXFVKY2CVEME8,training,39,3,4,48,12,9,/tangrams/144_181.png,B1,"[""/tangrams/130_34.png"",""/tangrams/144_181.png"",""/tangrams/49_129.png"",""/tangrams/39_469.png""]","[""A2"",""B1"",""D3"",""C4""]",NA,NA,NA,NA,NA,NA,NA,4
01M214K21519QB02APQ3RFG76J,01M20X11N5A2NXXZZPJ1AXFSW6,training,40,3,5,48,12,9,/tangrams/89_182.png,F5,"[""/tangrams/89_182.png"",""/tangrams/6_423.png"",""/tangrams/130_181.png"",""/tangrams/425_194.png""]","[""F5"",""F3"",""A1"",""F2""]",/tangrams/89_182.png,TRUE,/tangrams/89_182.png,01M214ERNYBYY3EBY90CCRQDQJ,01M214DGSKEJ8ZAHQ4WC2E0G7N,1788893824524,NA,4
01M214KY3DW3K5KMMQR8NV68VC,01M20X12WH32MX7V56M1SN262T,training,19,1,8,48,12,10,/tangrams/405_327.png,F1,"[""/tangrams/316_89.png"",""/tangrams/415_23.png"",""/tangrams/426_419.png"",""/tangrams/405_327.png""]","[""F3"",""F4"",""F8"",""F1""]",/tangrams/405_327.png,TRUE,/tangrams/405_327.png,01M214AY9SMBAC3FWH0EN358MB,01M214C29BTAAYH03KHSYPYBMR,1788893513168,NA,2
01M214YWXJ1QDJ718Z4KYDMHQ5,01M20X148VH9T6HPBHADHZGVW4,training,4,0,5,48,12,11,/tangrams/241_194.png,F8,"[""/tangrams/274_4.png"",""/tangrams/192_185.png"",""/tangrams/455_345.png"",""/tangrams/241_194.png""]","[""F2"",""F6"",""D4"",""F8""]",/tangrams/241_194.png,TRUE,/tangrams/241_194.png,01M214D5P3NXWG18WF1J3F1VFS,01M214CEQK5BQH1Z1J11PQVC16,1788893255320,NA,1
01M214YX7748SY1E1JC951KVD9,01M20X148VH9T6HPBHADHZGVW4,training,25,2,2,48,12,11,/tangrams/455_345.png,D4,"[""/tangrams/455_345.png"",""/tangrams/311_23.png"",""/tangrams/293_392.png"",""/tangrams/274_4.png""]","[""D4"",""F5"",""B2"",""F2""]",/tangrams/455_345.png,TRUE,/tangrams/455_345.png,01M214CEQK5BQH1Z1J11PQVC16,01M214D5P3NXWG18WF1J3F1VFS,1788894185024,NA,3
01M215AAA3HGW5VPT8DHH52E83,01M20X12WE7PPHA7JSTZZ2E6FT,training,4,0,5,48,12,8,/tangrams/265_219.png,C2,"[""/tangrams/192_436.png"",""/tangrams/265_219.png"",""/tangrams/368_235.png"",""/tangrams/353_444.png""]","[""D1"",""C2"",""A3"",""B4""]",/tangrams/265_219.png,TRUE,/tangrams/265_219.png,01M2154T01JJAXZD005VWMS05B,01M2154MN76WHSRHJG8SAKSTFM,1788893919562,NA,1
01M215AAGXK9ZTVW5TD1KDT1NC,01M20X12WE7PPHA7JSTZZ2E6FT,training,14,1,3,48,12,8,/tangrams/265_444.png,C4,"[""/tangrams/353_436.png"",""/tangrams/368_235.png"",""/tangrams/192_219.png"",""/tangrams/265_444.png""]","[""B1"",""A3"",""D2"",""C4""]",/tangrams/265_444.png,TRUE,/tangrams/265_444.png,01M2154T01JJAXZD005VWMS05B,01M2154MN76WHSRHJG8SAKSTFM,1788894224489,NA,2
01M215BKWSHJHH798JYESCG15K,01M20X148Y8KBRQFNJTS9AKRW4,training,20,1,9,48,12,9,/tangrams/39_34.png,C2,"[""/tangrams/144_181.png"",""/tangrams/39_34.png"",""/tangrams/49_129.png"",""/tangrams/130_469.png""]","[""B1"",""C2"",""D3"",""A4""]",/tangrams/39_34.png,TRUE,/tangrams/39_34.png,01M2154JXMHS9BTWF8FWDE7774,01M21546HN9E95PWNR6ZWTAMM2,1788894716078,NA,2
01M20XZDAFA6THT3H5HJZWFSTP,01M20WZK596SFHM9YDB6TD7NK1,training,44,3,9,48,12,6,/tangrams/445_264.png,D1,"[""/tangrams/445_437.png"",""/tangrams/4_264.png"",""/tangrams/275_324.png"",""/tangrams/445_264.png""]","[""D2"",""C1"",""A3"",""D1""]",/tangrams/445_264.png,TRUE,/tangrams/445_264.png,01M20XSN3R16DSBXVRQKQSS665,01M20X6CEXP7W9NTPEWK7QNX8Z,1788887562378,NA,4
01M20YSTRKAAHJT7RHSK4CC0Z6,01M20X0YW80CVJTXB8KR0PJ9Z8,training,14,1,3,48,12,8,/tangrams/265_436.png,C1,"[""/tangrams/265_436.png"",""/tangrams/192_219.png"",""/tangrams/368_444.png"",""/tangrams/353_235.png""]","[""C1"",""D2"",""A4"",""B3""]",NA,NA,NA,NA,NA,NA,NA,2
01M214QK94TB4Q1P7XNKAPXYQ0,01M20X0YW742ZY2EX5FCQ61EFA,training,15,1,4,48,12,8,/tangrams/368_235.png,A3,"[""/tangrams/368_235.png"",""/tangrams/265_436.png"",""/tangrams/192_235.png"",""/tangrams/368_219.png""]","[""A3"",""C1"",""D3"",""A2""]",NA,NA,NA,NA,NA,NA,NA,2
01M214ZFTSAWP20GHTW18Z5ZK8,01M20X12WDNRHQCMYC0R9VEVHQ,training,23,1,12,48,12,9,/tangrams/144_181.png,B1,"[""/tangrams/144_181.png"",""/tangrams/49_181.png"",""/tangrams/144_469.png"",""/tangrams/130_34.png""]","[""B1"",""D1"",""B4"",""A2""]",NA,NA,NA,NA,NA,NA,NA,2
01M215AAJG0264JFQTYABA5SQA,01M20X12WE7PPHA7JSTZZ2E6FT,training,18,1,7,48,12,8,/tangrams/368_219.png,A2,"[""/tangrams/368_219.png"",""/tangrams/192_235.png"",""/tangrams/353_444.png"",""/tangrams/265_436.png""]","[""A2"",""D3"",""B4"",""C1""]",/tangrams/368_219.png,TRUE,/tangrams/368_219.png,01M2154T01JJAXZD005VWMS05B,01M2154MN76WHSRHJG8SAKSTFM,1788894330578,NA,2
01M215GFVSVBGNZ08XSBE110SP,01M20X14TPRK3E5KMRXWZZW19Q,training,9,0,10,48,12,9,/tangrams/364_46.png,F1,"[""/tangrams/455_435.png"",""/tangrams/364_46.png"",""/tangrams/6_423.png"",""/tangrams/89_182.png""]","[""F4"",""F1"",""F3"",""F5""]",/tangrams/364_46.png,TRUE,/tangrams/364_46.png,01M214B7NK5TMY7WTYY3DVP911,01M214C4QNBNJ9JQSE7YJ5TDCV,1788894449139,NA,1
01M215M14G3YT3DR6FDM33DA7D,01M215K1RCENCVM87G4759AF5H,training,42,3,7,48,12,12,/tangrams/161_312.png,C2,"[""/tangrams/137_345.png"",""/tangrams/161_312.png"",""/tangrams/72_213.png"",""/tangrams/244_275.png""]","[""D1"",""C2"",""A3"",""B4""]",/tangrams/161_312.png,TRUE,/tangrams/161_312.png,01M215AVP11B8QPDVCJRC6C334,01M21569Y0RK1B1KAXYKBVZA95,1788895390750,NA,4
01M20YKRYM28MH6Y43A2KH7W95,01M20WZK5AY7SPG9YB2GY60XCH,training,19,1,8,48,12,8,/tangrams/192_219.png,D2,"[""/tangrams/368_235.png"",""/tangrams/192_219.png"",""/tangrams/265_444.png"",""/tangrams/353_436.png""]","[""A3"",""D2"",""C4"",""B1""]",NA,NA,NA,NA,NA,NA,NA,2
01M20YSTSYGM001VG7R2VMYK56,01M20X0YW80CVJTXB8KR0PJ9Z8,training,8,0,9,48,12,8,/tangrams/353_444.png,B4,"[""/tangrams/192_235.png"",""/tangrams/368_219.png"",""/tangrams/265_436.png"",""/tangrams/353_444.png""]","[""D3"",""A2"",""C1"",""B4""]",NA,NA,NA,NA,NA,NA,NA,1
01M214K1ZMSF867H7H3549N9PC,01M20X11N5A2NXXZZPJ1AXFSW6,training,1,0,2,48,12,9,/tangrams/144_34.png,B2,"[""/tangrams/47_268.png"",""/tangrams/49_469.png"",""/tangrams/144_34.png"",""/tangrams/6_423.png""]","[""F6"",""D4"",""B2"",""F3""]",/tangrams/144_34.png,TRUE,/tangrams/144_34.png,01M214DGSKEJ8ZAHQ4WC2E0G7N,01M214ERNYBYY3EBY90CCRQDQJ,1788892508452,NA,1
01M214K27EV6P1ZN7GNHC5H66K,01M20X11N5A2NXXZZPJ1AXFSW6,training,15,1,4,48,12,9,/tangrams/144_34.png,B2,"[""/tangrams/130_181.png"",""/tangrams/47_268.png"",""/tangrams/144_34.png"",""/tangrams/89_182.png""]","[""A1"",""F6"",""B2"",""F5""]",/tangrams/144_34.png,TRUE,/tangrams/144_34.png,01M214DGSKEJ8ZAHQ4WC2E0G7N,01M214ERNYBYY3EBY90CCRQDQJ,1788892974034,NA,2
01M215HHPSD1M1KRC00X08SFZN,01M20X148Y8KBRQFNJT9HAMJT5,training,32,2,9,48,12,10,/tangrams/411_463.png,B1,"[""/tangrams/411_463.png"",""/tangrams/18_364.png"",""/tangrams/382_463.png"",""/tangrams/411_107.png""]","[""B1"",""A2"",""D1"",""B4""]",/tangrams/411_463.png,TRUE,/tangrams/411_463.png,01M214PMGV2W0E0MG6FCTN05EB,01M214DZ3N8JPJ1Z6KSP8PYNZQ,1788896381128,NA,3
01M215HK10TQG4NH8W58GWKS6A,01M20X148Y8KBRQFNJT9HAMJT5,training,1,0,2,48,12,10,/tangrams/382_112.png,D3,"[""/tangrams/18_112.png"",""/tangrams/382_112.png"",""/tangrams/411_107.png"",""/tangrams/382_463.png""]","[""A3"",""D3"",""B4"",""D1""]",/tangrams/382_112.png,TRUE,/tangrams/382_112.png,01M214DZ3N8JPJ1Z6KSP8PYNZQ,01M214PMGV2W0E0MG6FCTN05EB,1788894869067,NA,1
01M215M23Y3EAAF70WJ6QWTBT8,01M215K1RCENCVM87G4759AF5H,training,9,0,10,48,12,12,/tangrams/244_213.png,B3,"[""/tangrams/137_345.png"",""/tangrams/72_312.png"",""/tangrams/161_275.png"",""/tangrams/244_213.png""]","[""D1"",""A2"",""C4"",""B3""]",/tangrams/244_213.png,TRUE,/tangrams/244_213.png,01M21569Y0RK1B1KAXYKBVZA95,01M215AVP11B8QPDVCJRC6C334,1788894815665,NA,1
01M20YKRZREAZ25FKQ3PM8RA6F,01M20WZK5AY7SPG9YB2GY60XCH,training,2,0,3,48,12,8,/tangrams/353_235.png,B3,"[""/tangrams/192_436.png"",""/tangrams/265_219.png"",""/tangrams/353_235.png"",""/tangrams/368_444.png""]","[""D1"",""C2"",""B3"",""A4""]",NA,FALSE,NA,01M20YEZPY4YD17Q43C82WMQ6Y,01M20YD36D9GBWB9F2CSWYDDZG,NA,NA,1
01M20Z96J83PGNM6HT1G9QVTYY,01M20X11N92ZFWXFVKY2CVEME8,training,26,2,3,48,12,9,/tangrams/49_181.png,D1,"[""/tangrams/130_469.png"",""/tangrams/39_34.png"",""/tangrams/49_181.png"",""/tangrams/144_129.png""]","[""A4"",""C2"",""D1"",""B3""]",NA,NA,NA,NA,NA,NA,NA,3
01M214JDMY9MFV507BBNGT4AQ4,01M20X0YW4S4FB44B5GCQBDAXT,training,43,3,8,48,12,9,/tangrams/89_182.png,F5,"[""/tangrams/89_182.png"",""/tangrams/6_423.png"",""/tangrams/436_72.png"",""/tangrams/47_268.png""]","[""F5"",""F3"",""F7"",""F6""]",NA,NA,NA,NA,NA,NA,NA,4
01M215BM4HWXDGC20XAFWQ2SE1,01M20X148Y8KBRQFNJTS9AKRW4,training,8,0,9,48,12,9,/tangrams/130_129.png,A3,"[""/tangrams/144_181.png"",""/tangrams/49_34.png"",""/tangrams/130_129.png"",""/tangrams/39_469.png""]","[""B1"",""D2"",""A3"",""C4""]",/tangrams/130_129.png,TRUE,/tangrams/130_129.png,01M2154JXMHS9BTWF8FWDE7774,01M21546HN9E95PWNR6ZWTAMM2,1788894320965,NA,1
01M215DNF456QG95JEEB59TVH3,01M20X15BBYTN3YPSFQGJ5ZXF5,training,30,2,7,48,12,10,/tangrams/62_463.png,C1,"[""/tangrams/411_107.png"",""/tangrams/18_112.png"",""/tangrams/382_364.png"",""/tangrams/62_463.png""]","[""B4"",""A3"",""D2"",""C1""]",/tangrams/62_463.png,TRUE,/tangrams/62_463.png,01M21567THKMHSR683ZH4K0TNA,01M21552Z3FC5ZE6SYNEHHVAW4,1788895391757,NA,3
01M215K3RVH8VYVAN6NSKWXHW7,01M20X175HY3CRCTEMGHN0JEQ3,training,36,3,1,48,12,11,/tangrams/293_156.png,B1,"[""/tangrams/316_392.png"",""/tangrams/455_227.png"",""/tangrams/296_345.png"",""/tangrams/293_156.png""]","[""A2"",""D3"",""C4"",""B1""]",/tangrams/293_156.png,TRUE,/tangrams/293_156.png,01M2154P1EJW4QYGH77ZY8V300,01M2154HBQMMKX5AJ9BGZ61E13,1788894671965,NA,4
01M215N30XEZ0R00RR9QAMY4N8,01M215K2BSVQ6X8DX5GH1YZX6B,training,17,1,6,48,12,12,/tangrams/244_345.png,B1,"[""/tangrams/137_312.png"",""/tangrams/72_213.png"",""/tangrams/161_275.png"",""/tangrams/244_345.png""]","[""D2"",""A3"",""C4"",""B1""]",/tangrams/244_345.png,TRUE,/tangrams/244_345.png,01M2157YJ34JPNQ0ZE6DJJD3G3,01M2159JAWAFEZB1KH9W5K5DTC,1788895274515,NA,2
01M215N3RW1ZAPNAD07Z72Z8S6,01M215K2BSVQ6X8DX5GH1YZX6B,training,35,2,12,48,12,12,/tangrams/244_345.png,B1,"[""/tangrams/72_312.png"",""/tangrams/161_275.png"",""/tangrams/137_213.png"",""/tangrams/244_345.png""]","[""A2"",""C4"",""D3"",""B1""]",/tangrams/244_345.png,TRUE,/tangrams/244_345.png,01M2157YJ34JPNQ0ZE6DJJD3G3,01M2159JAWAFEZB1KH9W5K5DTC,1788895688574,NA,3
01M20XZDEEHW4SJHJ793NC3DWJ,01M20WZK596SFHM9YDB6TD7NK1,training,23,1,12,48,12,6,/tangrams/275_153.png,A4,"[""/tangrams/275_324.png"",""/tangrams/4_153.png"",""/tangrams/445_437.png"",""/tangrams/275_153.png""]","[""A3"",""C4"",""D2"",""A4""]",/tangrams/275_153.png,TRUE,/tangrams/275_153.png,01M20X6CEXP7W9NTPEWK7QNX8Z,01M20XSN3R16DSBXVRQKQSS665,1788886861432,NA,2
01M20YD5XFBANCFSNK0BKY08P3,01M20WZK57NAX0A8X7B3WNHQN9,training,10,0,11,48,12,8,/tangrams/194_445.png,F3,"[""/tangrams/194_445.png"",""/tangrams/265_235.png"",""/tangrams/414_365.png"",""/tangrams/447_295.png""]","[""F3"",""C3"",""F6"",""F7""]",/tangrams/194_445.png,TRUE,/tangrams/194_445.png,01M20Y7KTG16QCRZCK67K4YDTR,01M20XW9BF9HJ5QA1N7YCTN8ZM,1788886627980,NA,1
01M20YD600EWAEW9CW30X3W4RW,01M20WZK57NAX0A8X7B3WNHQN9,training,41,3,6,48,12,8,/tangrams/353_219.png,B2,"[""/tangrams/38_309.png"",""/tangrams/265_235.png"",""/tangrams/353_219.png"",""/tangrams/192_444.png""]","[""F5"",""C3"",""B2"",""D4""]",/tangrams/353_219.png,TRUE,/tangrams/353_219.png,01M20XW9BF9HJ5QA1N7YCTN8ZM,01M20Y7KTG16QCRZCK67K4YDTR,1788887224440,NA,4
01M214QK4RFCZY5EE0MY1NHC8F,01M20X0YW742ZY2EX5FCQ61EFA,training,32,2,9,48,12,8,/tangrams/265_436.png,C1,"[""/tangrams/265_444.png"",""/tangrams/353_436.png"",""/tangrams/265_436.png"",""/tangrams/192_235.png""]","[""C4"",""B1"",""C1"",""D3""]",NA,NA,NA,NA,NA,NA,NA,3
01M214QP0WRNEH3V6VHKG3RWS9,01M20X11N8F7DPTR5329TXEJ69,training,38,3,3,48,12,8,/tangrams/192_235.png,D3,"[""/tangrams/192_235.png"",""/tangrams/265_444.png"",""/tangrams/353_235.png"",""/tangrams/192_436.png""]","[""D3"",""C4"",""B3"",""D1""]",NA,NA,NA,NA,NA,NA,NA,4
01M214ZFZ241K2R8P6MKC8SP3H,01M20X12WDNRHQCMYC0R9VEVHQ,training,9,0,10,48,12,9,/tangrams/39_34.png,C2,"[""/tangrams/39_34.png"",""/tangrams/144_181.png"",""/tangrams/130_34.png"",""/tangrams/39_469.png""]","[""C2"",""B1"",""A2"",""C4""]",NA,NA,NA,NA,NA,NA,NA,1
01M215DNAXV0K5Y3G2ZQEF7MFY,01M20X15BBYTN3YPSFQGJ5ZXF5,training,41,3,6,48,12,10,/tangrams/382_112.png,D3,"[""/tangrams/62_364.png"",""/tangrams/18_107.png"",""/tangrams/382_112.png"",""/tangrams/411_463.png""]","[""C2"",""A4"",""D3"",""B1""]",/tangrams/382_112.png,TRUE,/tangrams/382_112.png,01M21552Z3FC5ZE6SYNEHHVAW4,01M21567THKMHSR683ZH4K0TNA,1788895781948,NA,4
01M20XZDBR9TGDX4N1W7VTGR32,01M20WZK596SFHM9YDB6TD7NK1,training,40,3,5,48,12,6,/tangrams/445_324.png,D3,"[""/tangrams/445_324.png"",""/tangrams/81_264.png"",""/tangrams/275_324.png"",""/tangrams/445_437.png""]","[""D3"",""B1"",""A3"",""D2""]",/tangrams/445_324.png,TRUE,/tangrams/445_324.png,01M20XSN3R16DSBXVRQKQSS665,01M20X6CEXP7W9NTPEWK7QNX8Z,1788887407012,NA,4
01M214JDN6JYN6772E3Z2A0WAM,01M20X0YW4S4FB44B5GCQBDAXT,training,44,3,9,48,12,9,/tangrams/455_435.png,F4,"[""/tangrams/455_435.png"",""/tangrams/144_34.png"",""/tangrams/364_46.png"",""/tangrams/6_423.png""]","[""F4"",""B2"",""F1"",""F3""]",NA,NA,NA,NA,NA,NA,NA,4
01M214KY6K1WWQV2Z04RYM37Q3,01M20X12WH32MX7V56M1SN262T,training,36,3,1,48,12,10,/tangrams/18_463.png,A1,"[""/tangrams/315_224.png"",""/tangrams/18_463.png"",""/tangrams/405_327.png"",""/tangrams/284_245.png""]","[""F6"",""A1"",""F1"",""F7""]",/tangrams/18_463.png,TRUE,/tangrams/18_463.png,01M214C29BTAAYH03KHSYPYBMR,01M214AY9SMBAC3FWH0EN358MB,1788893806191,NA,4
01M214ZFPW0C34C8QWD5VVRQBB,01M20X12WDNRHQCMYC0R9VEVHQ,training,31,2,8,48,12,9,/tangrams/144_469.png,B4,"[""/tangrams/49_34.png"",""/tangrams/144_181.png"",""/tangrams/39_469.png"",""/tangrams/144_469.png""]","[""D2"",""B1"",""C4"",""B4""]",NA,NA,NA,NA,NA,NA,NA,3
01M215EHA2644VBQNVAP02729W,01M20X15T7F67D04XT463JKFRX,training,13,1,2,48,12,10,/tangrams/382_463.png,D1,"[""/tangrams/382_463.png"",""/tangrams/18_364.png"",""/tangrams/62_107.png"",""/tangrams/411_112.png""]","[""D1"",""A2"",""C4"",""B3""]",/tangrams/382_463.png,TRUE,/tangrams/382_463.png,01M2154MFSP4VTTH1ZQNHW7C0J,01M21557T3YDBSX3GT1DB1X6ZD,1788893864664,NA,2
01M215HJMMB9PQAXYEA7TJPDJ4,01M20X148Y8KBRQFNJT9HAMJT5,training,43,3,8,48,12,10,/tangrams/411_112.png,B3,"[""/tangrams/18_112.png"",""/tangrams/62_364.png"",""/tangrams/411_107.png"",""/tangrams/411_112.png""]","[""A3"",""C2"",""B4"",""B3""]",/tangrams/411_112.png,TRUE,/tangrams/411_112.png,01M214DZ3N8JPJ1Z6KSP8PYNZQ,01M214PMGV2W0E0MG6FCTN05EB,1788896917905,NA,4
01M215PN5C5PM1A9DYQHCETGYG,01M215M9N7M1Y02J02DK7JKTQA,training,1,0,2,48,12,13,/tangrams/403_335.png,D2,"[""/tangrams/66_63.png"",""/tangrams/113_142.png"",""/tangrams/403_335.png"",""/tangrams/42_164.png""]","[""A4"",""C1"",""D2"",""B3""]",NA,NA,NA,NA,NA,NA,NA,1
01M215GGETTPK75VS1SZNZDXWA,01M20X14TPRK3E5KMRXWZZW19Q,training,36,3,1,48,12,9,/tangrams/39_129.png,C3,"[""/tangrams/39_129.png"",""/tangrams/455_435.png"",""/tangrams/89_182.png"",""/tangrams/130_181.png""]","[""C3"",""F4"",""F5"",""A1""]",/tangrams/39_129.png,TRUE,/tangrams/39_129.png,01M214C4QNBNJ9JQSE7YJ5TDCV,01M214B7NK5TMY7WTYY3DVP911,1788895353135,NA,4
01M20YKS6NF2A13J79S8MNHGTC,01M20WZK5AY7SPG9YB2GY60XCH,training,30,2,7,48,12,8,/tangrams/353_235.png,B3,"[""/tangrams/265_444.png"",""/tangrams/368_219.png"",""/tangrams/192_436.png"",""/tangrams/353_235.png""]","[""C4"",""A2"",""D1"",""B3""]",NA,NA,NA,NA,NA,NA,NA,3
01M20YSTNGYBVRN12T96JYV13Q,01M20X0YW80CVJTXB8KR0PJ9Z8,training,13,1,2,48,12,8,/tangrams/192_219.png,D2,"[""/tangrams/265_444.png"",""/tangrams/368_235.png"",""/tangrams/192_219.png"",""/tangrams/353_436.png""]","[""C4"",""A3"",""D2"",""B1""]",NA,NA,NA,NA,NA,NA,NA,2
01M214KY1CJHGRX829BB9JBMTC,01M20X12WH32MX7V56M1SN262T,training,9,0,10,48,12,10,/tangrams/415_23.png,F4,"[""/tangrams/415_23.png"",""/tangrams/284_245.png"",""/tangrams/62_112.png"",""/tangrams/180_425.png""]","[""F4"",""F7"",""C3"",""F5""]",/tangrams/415_23.png,TRUE,/tangrams/415_23.png,01M214AY9SMBAC3FWH0EN358MB,01M214C29BTAAYH03KHSYPYBMR,1788893028521,NA,1
01M20YD5YHZ5Q2397RCCY4CBV4,01M20WZK57NAX0A8X7B3WNHQN9,training,20,1,9,48,12,8,/tangrams/414_365.png,F6,"[""/tangrams/414_365.png"",""/tangrams/368_436.png"",""/tangrams/371_100.png"",""/tangrams/311_205.png""]","[""F6"",""A1"",""F1"",""F4""]",/tangrams/414_365.png,TRUE,/tangrams/414_365.png,01M20Y7KTG16QCRZCK67K4YDTR,01M20XW9BF9HJ5QA1N7YCTN8ZM,1788886840363,NA,2
01M215GFX8MP1KTTGVFC3VQ1ET,01M20X14TPRK3E5KMRXWZZW19Q,training,11,0,12,48,12,9,/tangrams/47_268.png,F6,"[""/tangrams/364_46.png"",""/tangrams/39_129.png"",""/tangrams/144_34.png"",""/tangrams/47_268.png""]","[""F1"",""C3"",""B2"",""F6""]",/tangrams/47_268.png,TRUE,/tangrams/47_268.png,01M214B7NK5TMY7WTYY3DVP911,01M214C4QNBNJ9JQSE7YJ5TDCV,1788894502246,NA,1
01M215M15G330KBN3CFZNFB8A1,01M215K1RCENCVM87G4759AF5H,training,41,3,6,48,12,12,/tangrams/137_213.png,D3,"[""/tangrams/244_345.png"",""/tangrams/137_213.png"",""/tangrams/72_275.png"",""/tangrams/161_312.png""]","[""B1"",""D3"",""A4"",""C2""]",/tangrams/137_213.png,TRUE,/tangrams/137_213.png,01M21569Y0RK1B1KAXYKBVZA95,01M215AVP11B8QPDVCJRC6C334,1788895375743,NA,4
01M215K3Z91NTEBREYK08TWXDK,01M20X175HY3CRCTEMGHN0JEQ3,training,43,3,8,48,12,11,/tangrams/293_345.png,B4,"[""/tangrams/316_392.png"",""/tangrams/455_227.png"",""/tangrams/296_156.png"",""/tangrams/293_345.png""]","[""A2"",""D3"",""C1"",""B4""]",/tangrams/293_345.png,TRUE,/tangrams/293_345.png,01M2154HBQMMKX5AJ9BGZ61E13,01M2154P1EJW4QYGH77ZY8V300,1788894787695,NA,4
01M215Z2HBWF0N58V4R4TJS797,01M20X14TTKZWGB70XGMAFRR2H,training,11,0,12,48,12,8,/tangrams/265_436.png,C1,"[""/tangrams/192_436.png"",""/tangrams/265_436.png"",""/tangrams/265_219.png"",""/tangrams/368_235.png""]","[""D1"",""C1"",""C2"",""A3""]",/tangrams/265_436.png,TRUE,/tangrams/265_436.png,01M215F66CRM1GV0R6SDQ69WCM,01M215FK0ZT4PGXXVV13WRHJPB,1788895559915,NA,1
01M214NAYWJQT88NNP33JZCFMM,01M20X13PJV655EHMJRF5XR4PG,training,6,0,7,48,12,10,/tangrams/57_85.png,F2,"[""/tangrams/57_85.png"",""/tangrams/316_89.png"",""/tangrams/382_107.png"",""/tangrams/411_364.png""]","[""F2"",""F3"",""D4"",""B2""]",/tangrams/57_85.png,TRUE,/tangrams/57_85.png,01M214E3AZ6Y0RHEASN5NQEEJN,01M214C6Z85CZDH1N1HARPXC77,1788892881126,NA,1
01M215GG1WP597TCZ8W9AF2RNV,01M20X14TPRK3E5KMRXWZZW19Q,training,17,1,6,48,12,9,/tangrams/425_194.png,F2,"[""/tangrams/89_182.png"",""/tangrams/425_194.png"",""/tangrams/436_72.png"",""/tangrams/49_469.png""]","[""F5"",""F2"",""F7"",""D4""]",/tangrams/425_194.png,TRUE,/tangrams/425_194.png,01M214B7NK5TMY7WTYY3DVP911,01M214C4QNBNJ9JQSE7YJ5TDCV,1788894703318,NA,2
01M20YKS5BNVX30DJHDD9002F0,01M20WZK5AY7SPG9YB2GY60XCH,training,26,2,3,48,12,8,/tangrams/353_444.png,B4,"[""/tangrams/192_219.png"",""/tangrams/368_235.png"",""/tangrams/265_436.png"",""/tangrams/353_444.png""]","[""D2"",""A3"",""C1"",""B4""]",NA,NA,NA,NA,NA,NA,NA,3
01M214JD7NZP3VRQ77Q85SASE2,01M20X0YW4S4FB44B5GCQBDAXT,training,8,0,9,48,12,9,/tangrams/47_268.png,F6,"[""/tangrams/144_34.png"",""/tangrams/6_423.png"",""/tangrams/47_268.png"",""/tangrams/49_469.png""]","[""B2"",""F3"",""F6"",""D4""]",NA,NA,NA,NA,NA,NA,NA,1
01M214YX9TBJG33YF5JV5FNNGK,01M20X148VH9T6HPBHADHZGVW4,training,35,2,12,48,12,11,/tangrams/274_4.png,F2,"[""/tangrams/274_4.png"",""/tangrams/316_156.png"",""/tangrams/328_256.png"",""/tangrams/455_345.png""]","[""F2"",""A1"",""F7"",""D4""]",/tangrams/274_4.png,TRUE,/tangrams/274_4.png,01M214CEQK5BQH1Z1J11PQVC16,01M214D5P3NXWG18WF1J3F1VFS,1788894411722,NA,3
01M215EH2S1DZJ8NKW3H9F0X41,01M20X15T7F67D04XT463JKFRX,training,21,1,10,48,12,10,/tangrams/62_107.png,C4,"[""/tangrams/382_463.png"",""/tangrams/411_112.png"",""/tangrams/18_364.png"",""/tangrams/62_107.png""]","[""D1"",""B3"",""A2"",""C4""]",/tangrams/62_107.png,TRUE,/tangrams/62_107.png,01M2154MFSP4VTTH1ZQNHW7C0J,01M21557T3YDBSX3GT1DB1X6ZD,1788894075628,NA,2
01M215HBMZEA37Q6B6Z0J99GHX,01M20X16AD7EKSEGH5WBVM39Q0,training,33,2,10,48,12,11,/tangrams/296_156.png,C1,"[""/tangrams/293_345.png"",""/tangrams/455_227.png"",""/tangrams/316_392.png"",""/tangrams/296_156.png""]","[""B4"",""D3"",""A2"",""C1""]",/tangrams/296_156.png,TRUE,/tangrams/296_156.png,01M2153SDRH4EZ5F2YRG65W4Z9,01M2155PH51FH1Y7QSBY0YCPQ8,1788895422408,NA,3
01M215HJM03FWD93JV1M1CTH08,01M20X148Y8KBRQFNJT9HAMJT5,training,44,3,9,48,12,10,/tangrams/62_463.png,C1,"[""/tangrams/62_463.png"",""/tangrams/62_364.png"",""/tangrams/382_112.png"",""/tangrams/411_463.png""]","[""C1"",""C2"",""D3"",""B1""]",/tangrams/62_463.png,TRUE,/tangrams/62_463.png,01M214PMGV2W0E0MG6FCTN05EB,01M214DZ3N8JPJ1Z6KSP8PYNZQ,1788896965771,NA,4
01M215HJTN6KWV7D1212MXNVQK,01M20X148Y8KBRQFNJT9HAMJT5,training,7,0,8,48,12,10,/tangrams/62_463.png,C1,"[""/tangrams/411_463.png"",""/tangrams/62_463.png"",""/tangrams/62_364.png"",""/tangrams/18_112.png""]","[""B1"",""C1"",""C2"",""A3""]",NA,FALSE,NA,01M214DZ3N8JPJ1Z6KSP8PYNZQ,01M214PMGV2W0E0MG6FCTN05EB,NA,NA,1
01M215PMFE0RPQCQCFM4GT1TVA,01M215M9N7M1Y02J02DK7JKTQA,training,15,1,4,48,12,13,/tangrams/42_63.png,B4,"[""/tangrams/113_335.png"",""/tangrams/403_142.png"",""/tangrams/66_164.png"",""/tangrams/42_63.png""]","[""C2"",""D1"",""A3"",""B4""]",NA,NA,NA,NA,NA,NA,NA,2
01M215PMMEVYHX0KWA83ND1HFN,01M215M9N7M1Y02J02DK7JKTQA,training,20,1,9,48,12,13,/tangrams/403_335.png,D2,"[""/tangrams/113_142.png"",""/tangrams/403_335.png"",""/tangrams/42_63.png"",""/tangrams/66_164.png""]","[""C1"",""D2"",""B4"",""A3""]",NA,NA,NA,NA,NA,NA,NA,2
01M20YD5YYGS09TGVMMHJ9KAPK,01M20WZK57NAX0A8X7B3WNHQN9,training,23,1,12,48,12,8,/tangrams/38_309.png,F5,"[""/tangrams/447_295.png"",""/tangrams/38_309.png"",""/tangrams/265_235.png"",""/tangrams/101_61.png""]","[""F7"",""F5"",""C3"",""F2""]",/tangrams/38_309.png,TRUE,/tangrams/38_309.png,01M20XW9BF9HJ5QA1N7YCTN8ZM,01M20Y7KTG16QCRZCK67K4YDTR,1788886919537,NA,2
01M214QP349R8DT2MT4VKB82BS,01M20X11N8F7DPTR5329TXEJ69,training,28,2,5,48,12,8,/tangrams/353_436.png,B1,"[""/tangrams/192_436.png"",""/tangrams/353_436.png"",""/tangrams/353_235.png"",""/tangrams/265_444.png""]","[""D1"",""B1"",""B3"",""C4""]",NA,NA,NA,NA,NA,NA,NA,3
01M214QP8WFF0W5GX6XK5E8SPQ,01M20X11N8F7DPTR5329TXEJ69,training,31,2,8,48,12,8,/tangrams/353_444.png,B4,"[""/tangrams/192_235.png"",""/tangrams/353_436.png"",""/tangrams/353_444.png"",""/tangrams/368_444.png""]","[""D3"",""B1"",""B4"",""A4""]",NA,NA,NA,NA,NA,NA,NA,3
01M214QPA1BF2PF7SV2Y7GH2N2,01M20X11N8F7DPTR5329TXEJ69,training,14,1,3,48,12,8,/tangrams/265_436.png,C1,"[""/tangrams/368_444.png"",""/tangrams/265_219.png"",""/tangrams/265_436.png"",""/tangrams/353_436.png""]","[""A4"",""C2"",""C1"",""B1""]",NA,NA,NA,NA,NA,NA,NA,2
01M215AARZ7FX05KPF1852C6T5,01M20X12WE7PPHA7JSTZZ2E6FT,training,33,2,10,48,12,8,/tangrams/353_436.png,B1,"[""/tangrams/192_235.png"",""/tangrams/353_436.png"",""/tangrams/265_219.png"",""/tangrams/368_444.png""]","[""D3"",""B1"",""C2"",""A4""]",/tangrams/353_436.png,TRUE,/tangrams/353_436.png,01M2154MN76WHSRHJG8SAKSTFM,01M2154T01JJAXZD005VWMS05B,1788894629191,NA,3
01M215AAT7799W325DWZT4YRTQ,01M20X12WE7PPHA7JSTZZ2E6FT,training,35,2,12,48,12,8,/tangrams/353_444.png,B4,"[""/tangrams/265_219.png"",""/tangrams/353_444.png"",""/tangrams/368_235.png"",""/tangrams/192_436.png""]","[""C2"",""B4"",""A3"",""D1""]",/tangrams/353_444.png,TRUE,/tangrams/353_444.png,01M2154MN76WHSRHJG8SAKSTFM,01M2154T01JJAXZD005VWMS05B,1788894664591,NA,3
01M215BMKQNNW3B8S3B4997FX4,01M20X148Y8KBRQFNJTS9AKRW4,training,23,1,12,48,12,9,/tangrams/144_181.png,B1,"[""/tangrams/39_34.png"",""/tangrams/130_469.png"",""/tangrams/144_181.png"",""/tangrams/49_129.png""]","[""C2"",""A4"",""B1"",""D3""]",/tangrams/144_181.png,TRUE,/tangrams/144_181.png,01M21546HN9E95PWNR6ZWTAMM2,01M2154JXMHS9BTWF8FWDE7774,1788894819988,NA,2
01M215EHBA4AXM399TMKGGNBK2,01M20X15T7F67D04XT463JKFRX,training,43,3,8,48,12,10,/tangrams/18_112.png,A3,"[""/tangrams/62_107.png"",""/tangrams/18_112.png"",""/tangrams/382_364.png"",""/tangrams/411_463.png""]","[""C4"",""A3"",""D2"",""B1""]",/tangrams/18_112.png,TRUE,/tangrams/18_112.png,01M2154MFSP4VTTH1ZQNHW7C0J,01M21557T3YDBSX3GT1DB1X6ZD,1788894647625,NA,4
01M214QK9S2KNTACXG888WYAR7,01M20X0YW742ZY2EX5FCQ61EFA,training,13,1,2,48,12,8,/tangrams/353_444.png,B4,"[""/tangrams/353_444.png"",""/tangrams/353_436.png"",""/tangrams/265_444.png"",""/tangrams/368_235.png""]","[""B4"",""B1"",""C4"",""A3""]",NA,NA,NA,NA,NA,NA,NA,2
01M214QNZ9Q910D7WFMMH0FS3E,01M20X11N8F7DPTR5329TXEJ69,training,44,3,9,48,12,8,/tangrams/265_219.png,C2,"[""/tangrams/265_219.png"",""/tangrams/192_219.png"",""/tangrams/265_444.png"",""/tangrams/368_235.png""]","[""C2"",""D2"",""C4"",""A3""]",NA,NA,NA,NA,NA,NA,NA,4
01M215CZXKCG3GNG1KDM4R8468,01M20X14TW6FQW067YRK6RNDKN,training,21,1,10,48,12,9,/tangrams/39_34.png,C2,"[""/tangrams/39_34.png"",""/tangrams/144_129.png"",""/tangrams/130_469.png"",""/tangrams/49_181.png""]","[""C2"",""B3"",""A4"",""D1""]",/tangrams/39_34.png,TRUE,/tangrams/39_34.png,01M2154QPBTEQ4FE8D65KC2SJY,01M2156K7QTNRYHY4BTF9XK016,1788894489034,NA,2
01M215DN6TEN890SP6MAG586V5,01M20X15BBYTN3YPSFQGJ5ZXF5,training,35,2,12,48,12,10,/tangrams/62_364.png,C2,"[""/tangrams/18_107.png"",""/tangrams/382_463.png"",""/tangrams/62_364.png"",""/tangrams/411_112.png""]","[""A4"",""D1"",""C2"",""B3""]",/tangrams/62_364.png,TRUE,/tangrams/62_364.png,01M21552Z3FC5ZE6SYNEHHVAW4,01M21567THKMHSR683ZH4K0TNA,1788895586077,NA,3
01M215EGTM7M9G9MFN867WW7J6,01M20X15T7F67D04XT463JKFRX,training,34,2,11,48,12,10,/tangrams/411_112.png,B3,"[""/tangrams/382_463.png"",""/tangrams/62_107.png"",""/tangrams/411_112.png"",""/tangrams/18_364.png""]","[""D1"",""C4"",""B3"",""A2""]",/tangrams/411_112.png,TRUE,/tangrams/411_112.png,01M21557T3YDBSX3GT1DB1X6ZD,01M2154MFSP4VTTH1ZQNHW7C0J,1788894412366,NA,3
01M215M1V7Z3XH0CKBPZ3S0H9J,01M215K1RCENCVM87G4759AF5H,training,17,1,6,48,12,12,/tangrams/244_275.png,B4,"[""/tangrams/161_345.png"",""/tangrams/244_275.png"",""/tangrams/137_213.png"",""/tangrams/72_312.png""]","[""C1"",""B4"",""D3"",""A2""]",/tangrams/244_275.png,TRUE,/tangrams/244_275.png,01M21569Y0RK1B1KAXYKBVZA95,01M215AVP11B8QPDVCJRC6C334,1788894992809,NA,2
01M215N40M1Z0N2DJR1ZMTSTZX,01M215K2BSVQ6X8DX5GH1YZX6B,training,41,3,6,48,12,12,/tangrams/137_345.png,D1,"[""/tangrams/137_345.png"",""/tangrams/244_213.png"",""/tangrams/161_275.png"",""/tangrams/72_312.png""]","[""D1"",""B3"",""C4"",""A2""]",/tangrams/137_345.png,TRUE,/tangrams/137_345.png,01M2157YJ34JPNQ0ZE6DJJD3G3,01M2159JAWAFEZB1KH9W5K5DTC,1788895812203,NA,4
01M215Z2D3FWKCRCAE8EWF7NTB,01M20X14TTKZWGB70XGMAFRR2H,training,7,0,8,48,12,8,/tangrams/353_436.png,B1,"[""/tangrams/192_219.png"",""/tangrams/353_235.png"",""/tangrams/353_436.png"",""/tangrams/265_436.png""]","[""D2"",""B3"",""B1"",""C1""]",/tangrams/353_436.png,TRUE,/tangrams/353_436.png,01M215F66CRM1GV0R6SDQ69WCM,01M215FK0ZT4PGXXVV13WRHJPB,1788895349708,NA,1
01M20XZDDA541F06TD86MS6DSN,01M20WZK596SFHM9YDB6TD7NK1,training,33,2,10,48,12,6,/tangrams/275_153.png,A4,"[""/tangrams/81_153.png"",""/tangrams/275_153.png"",""/tangrams/445_437.png"",""/tangrams/275_324.png""]","[""B4"",""A4"",""D2"",""A3""]",/tangrams/275_153.png,TRUE,/tangrams/275_153.png,01M20X6CEXP7W9NTPEWK7QNX8Z,01M20XSN3R16DSBXVRQKQSS665,1788887191040,NA,3
01M214KY4BJPAN2HRM0528VG71,01M20X12WH32MX7V56M1SN262T,training,24,2,1,48,12,10,/tangrams/426_419.png,F8,"[""/tangrams/426_419.png"",""/tangrams/180_425.png"",""/tangrams/382_107.png"",""/tangrams/411_364.png""]","[""F8"",""F5"",""D4"",""B2""]",/tangrams/426_419.png,TRUE,/tangrams/426_419.png,01M214C29BTAAYH03KHSYPYBMR,01M214AY9SMBAC3FWH0EN358MB,1788893596143,NA,3
01M214ZFN3NWD0BVC4AZC6BC8N,01M20X12WDNRHQCMYC0R9VEVHQ,training,37,3,2,48,12,9,/tangrams/39_469.png,C4,"[""/tangrams/49_181.png"",""/tangrams/39_469.png"",""/tangrams/39_34.png"",""/tangrams/130_469.png""]","[""D1"",""C4"",""C2"",""A4""]",NA,NA,NA,NA,NA,NA,NA,4
01M215D0AH9WPGZ5MXH8C1CT2T,01M20X14TW6FQW067YRK6RNDKN,training,44,3,9,48,12,9,/tangrams/130_129.png,A3,"[""/tangrams/144_469.png"",""/tangrams/49_181.png"",""/tangrams/130_129.png"",""/tangrams/39_34.png""]","[""B4"",""D1"",""A3"",""C2""]",/tangrams/130_129.png,TRUE,/tangrams/130_129.png,01M2156K7QTNRYHY4BTF9XK016,01M2154QPBTEQ4FE8D65KC2SJY,1788895157121,NA,4
01M214K200QXXQKQX8S651MG15,01M20X11N5A2NXXZZPJ1AXFSW6,training,46,3,11,48,12,9,/tangrams/144_34.png,B2,"[""/tangrams/144_34.png"",""/tangrams/47_268.png"",""/tangrams/39_129.png"",""/tangrams/130_181.png""]","[""B2"",""F6"",""C3"",""A1""]",/tangrams/144_34.png,TRUE,/tangrams/144_34.png,01M214ERNYBYY3EBY90CCRQDQJ,01M214DGSKEJ8ZAHQ4WC2E0G7N,1788893903820,NA,4
01M214NAZ7F4H03GPG1RRJ9WWY,01M20X13PJV655EHMJRF5XR4PG,training,28,2,5,48,12,10,/tangrams/415_23.png,F4,"[""/tangrams/382_107.png"",""/tangrams/415_23.png"",""/tangrams/405_327.png"",""/tangrams/284_245.png""]","[""D4"",""F4"",""F1"",""F7""]",NA,NA,NA,NA,NA,NA,NA,3
01M214ZFMRNRWJTN3MCDG30SXQ,01M20X12WDNRHQCMYC0R9VEVHQ,training,38,3,3,48,12,9,/tangrams/144_129.png,B3,"[""/tangrams/144_129.png"",""/tangrams/49_129.png"",""/tangrams/144_181.png"",""/tangrams/130_34.png""]","[""B3"",""D3"",""B1"",""A2""]",NA,NA,NA,NA,NA,NA,NA,4
01M215EH725614C5ETMSN3MFW5,01M20X15T7F67D04XT463JKFRX,training,46,3,11,48,12,10,/tangrams/62_364.png,C2,"[""/tangrams/18_112.png"",""/tangrams/382_463.png"",""/tangrams/411_107.png"",""/tangrams/62_364.png""]","[""A3"",""D1"",""B4"",""C2""]",/tangrams/62_364.png,TRUE,/tangrams/62_364.png,01M21557T3YDBSX3GT1DB1X6ZD,01M2154MFSP4VTTH1ZQNHW7C0J,1788894727647,NA,4
01M215EHDBRK6QP89JA2FP9XDN,01M20X15T7F67D04XT463JKFRX,training,40,3,5,48,12,10,/tangrams/382_463.png,D1,"[""/tangrams/411_112.png"",""/tangrams/382_463.png"",""/tangrams/18_107.png"",""/tangrams/62_364.png""]","[""B3"",""D1"",""A4"",""C2""]",/tangrams/382_463.png,TRUE,/tangrams/382_463.png,01M21557T3YDBSX3GT1DB1X6ZD,01M2154MFSP4VTTH1ZQNHW7C0J,1788894564205,NA,4
01M214JDC8CNZSV3JFE2WJR1B1,01M20X0YW4S4FB44B5GCQBDAXT,training,23,1,12,48,12,9,/tangrams/89_182.png,F5,"[""/tangrams/89_182.png"",""/tangrams/364_46.png"",""/tangrams/49_469.png"",""/tangrams/6_423.png""]","[""F5"",""F1"",""D4"",""F3""]",NA,NA,NA,NA,NA,NA,NA,2
01M214ZFV6HPS1W7XH3Y8T95ZR,01M20X12WDNRHQCMYC0R9VEVHQ,training,14,1,3,48,12,9,/tangrams/39_181.png,C1,"[""/tangrams/39_34.png"",""/tangrams/39_181.png"",""/tangrams/49_181.png"",""/tangrams/144_129.png""]","[""C2"",""C1"",""D1"",""B3""]",NA,NA,NA,NA,NA,NA,NA,2
01M215PM6RBRVQVPFD2DAKEAGE,01M215M9N7M1Y02J02DK7JKTQA,training,6,0,7,48,12,13,/tangrams/403_142.png,D1,"[""/tangrams/42_164.png"",""/tangrams/66_63.png"",""/tangrams/113_335.png"",""/tangrams/403_142.png""]","[""B3"",""A4"",""C2"",""D1""]",NA,NA,NA,NA,NA,NA,NA,1
01M215Z3B95PQEP7ZBF7G192P4,01M20X14TTKZWGB70XGMAFRR2H,training,34,2,11,48,12,8,/tangrams/368_235.png,A3,"[""/tangrams/368_235.png"",""/tangrams/192_235.png"",""/tangrams/265_219.png"",""/tangrams/368_444.png""]","[""A3"",""D3"",""C2"",""A4""]",/tangrams/368_235.png,TRUE,/tangrams/368_235.png,01M215FK0ZT4PGXXVV13WRHJPB,01M215F66CRM1GV0R6SDQ69WCM,1788896671821,NA,3
01M214YX05M2B46NYZZ8ZCF201,01M20X148VH9T6HPBHADHZGVW4,training,8,0,9,48,12,11,/tangrams/455_345.png,D4,"[""/tangrams/293_392.png"",""/tangrams/232_52.png"",""/tangrams/316_156.png"",""/tangrams/455_345.png""]","[""B2"",""F1"",""A1"",""D4""]",/tangrams/455_345.png,TRUE,/tangrams/455_345.png,01M214D5P3NXWG18WF1J3F1VFS,01M214CEQK5BQH1Z1J11PQVC16,1788893596564,NA,1
01M21534J3W9X3JX445RANN556,01M20X13PNQ3DCXFM6ND825C25,training,23,1,12,48,12,9,/tangrams/39_469.png,C4,"[""/tangrams/49_181.png"",""/tangrams/39_469.png"",""/tangrams/39_34.png"",""/tangrams/130_469.png""]","[""D1"",""C4"",""C2"",""A4""]",/tangrams/39_469.png,TRUE,/tangrams/39_469.png,01M214JN3YRRY4RAVQ10A1MK5E,01M214P0SMCPMD4G6CRK6QKHYR,1788894624005,NA,2
01M215AAVF682KNDFY3AQJR0W9,01M20X12WE7PPHA7JSTZZ2E6FT,training,27,2,4,48,12,8,/tangrams/368_219.png,A2,"[""/tangrams/192_436.png"",""/tangrams/265_444.png"",""/tangrams/368_219.png"",""/tangrams/353_235.png""]","[""D1"",""C4"",""A2"",""B3""]",/tangrams/368_219.png,TRUE,/tangrams/368_219.png,01M2154MN76WHSRHJG8SAKSTFM,01M2154T01JJAXZD005VWMS05B,1788894522919,NA,3
01M215BKYTNH92Z7DM77CCR295,01M20X148Y8KBRQFNJTS9AKRW4,training,17,1,6,48,12,9,/tangrams/49_34.png,D2,"[""/tangrams/130_469.png"",""/tangrams/39_181.png"",""/tangrams/144_129.png"",""/tangrams/49_34.png""]","[""A4"",""C1"",""B3"",""D2""]",/tangrams/49_34.png,TRUE,/tangrams/49_34.png,01M21546HN9E95PWNR6ZWTAMM2,01M2154JXMHS9BTWF8FWDE7774,1788894619372,NA,2
01M215CZJ7VD9S75WXV921E5AS,01M20X14TW6FQW067YRK6RNDKN,training,4,0,5,48,12,9,/tangrams/49_129.png,D3,"[""/tangrams/39_181.png"",""/tangrams/130_34.png"",""/tangrams/144_469.png"",""/tangrams/49_129.png""]","[""C1"",""A2"",""B4"",""D3""]",/tangrams/144_469.png,FALSE,/tangrams/144_469.png,01M2156K7QTNRYHY4BTF9XK016,01M2154QPBTEQ4FE8D65KC2SJY,1788893909342,NA,1
01M215K2W5M08T4EECFKV8GPFW,01M20X175HY3CRCTEMGHN0JEQ3,training,9,0,10,48,12,11,/tangrams/455_227.png,D3,"[""/tangrams/293_156.png"",""/tangrams/296_345.png"",""/tangrams/316_392.png"",""/tangrams/455_227.png""]","[""B1"",""C4"",""A2"",""D3""]",/tangrams/455_227.png,TRUE,/tangrams/455_227.png,01M2154HBQMMKX5AJ9BGZ61E13,01M2154P1EJW4QYGH77ZY8V300,1788894101679,NA,1
01M215Z2R8J2VF2Z7FYCAMTTSD,01M20X14TTKZWGB70XGMAFRR2H,training,16,1,5,48,12,8,/tangrams/265_444.png,C4,"[""/tangrams/265_444.png"",""/tangrams/192_235.png"",""/tangrams/265_219.png"",""/tangrams/353_444.png""]","[""C4"",""D3"",""C2"",""B4""]",/tangrams/265_444.png,TRUE,/tangrams/265_444.png,01M215FK0ZT4PGXXVV13WRHJPB,01M215F66CRM1GV0R6SDQ69WCM,1788895824322,NA,2
01M214K258JZ4W4GGCQFSBNGSQ,01M20X11N5A2NXXZZPJ1AXFSW6,training,25,2,2,48,12,9,/tangrams/425_194.png,F2,"[""/tangrams/89_182.png"",""/tangrams/425_194.png"",""/tangrams/144_34.png"",""/tangrams/133_40.png""]","[""F5"",""F2"",""B2"",""F8""]",/tangrams/425_194.png,TRUE,/tangrams/425_194.png,01M214DGSKEJ8ZAHQ4WC2E0G7N,01M214ERNYBYY3EBY90CCRQDQJ,1788893536600,NA,3
01M214QNZHSW4J3T0EM50W7AYB,01M20X11N8F7DPTR5329TXEJ69,training,43,3,8,48,12,8,/tangrams/368_444.png,A4,"[""/tangrams/368_235.png"",""/tangrams/265_436.png"",""/tangrams/368_444.png"",""/tangrams/353_444.png""]","[""A3"",""C1"",""A4"",""B4""]",NA,NA,NA,NA,NA,NA,NA,4
01M214ZFWS0PMP91633B57SM5B,01M20X12WDNRHQCMYC0R9VEVHQ,training,21,1,10,48,12,9,/tangrams/39_34.png,C2,"[""/tangrams/39_469.png"",""/tangrams/130_34.png"",""/tangrams/39_34.png"",""/tangrams/49_129.png""]","[""C4"",""A2"",""C2"",""D3""]",NA,NA,NA,NA,NA,NA,NA,2
01M215AAD8BGN6A38XKWMNPWRE,01M20X12WE7PPHA7JSTZZ2E6FT,training,8,0,9,48,12,8,/tangrams/192_235.png,D3,"[""/tangrams/265_444.png"",""/tangrams/353_436.png"",""/tangrams/192_235.png"",""/tangrams/368_219.png""]","[""C4"",""B1"",""D3"",""A2""]",/tangrams/192_235.png,TRUE,/tangrams/192_235.png,01M2154T01JJAXZD005VWMS05B,01M2154MN76WHSRHJG8SAKSTFM,1788894058050,NA,1
01M20YSTQJET2RH6X6K7JQ944T,01M20X0YW80CVJTXB8KR0PJ9Z8,training,1,0,2,48,12,8,/tangrams/192_235.png,D3,"[""/tangrams/265_436.png"",""/tangrams/192_235.png"",""/tangrams/368_219.png"",""/tangrams/353_444.png""]","[""C1"",""D3"",""A2"",""B4""]",NA,FALSE,NA,01M20X9S6MHFD408HZGZ3B23DP,01M20YFWSW201KBFQ9VJEWCE3F,NA,NA,1
01M214JDMKV43RGTRYF6862CXN,01M20X0YW4S4FB44B5GCQBDAXT,training,41,3,6,48,12,9,/tangrams/133_40.png,F8,"[""/tangrams/364_46.png"",""/tangrams/425_194.png"",""/tangrams/39_129.png"",""/tangrams/133_40.png""]","[""F1"",""F2"",""C3"",""F8""]",NA,NA,NA,NA,NA,NA,NA,4
01M214YX6PWZQKTF97M451K7VH,01M20X148VH9T6HPBHADHZGVW4,training,23,1,12,48,12,11,/tangrams/274_4.png,F2,"[""/tangrams/192_185.png"",""/tangrams/293_392.png"",""/tangrams/274_4.png"",""/tangrams/316_156.png""]","[""F6"",""B2"",""F2"",""A1""]",/tangrams/274_4.png,TRUE,/tangrams/274_4.png,01M214CEQK5BQH1Z1J11PQVC16,01M214D5P3NXWG18WF1J3F1VFS,1788894139926,NA,2
01M215B1012RCAXVKDJJZAVFZH,01M20X13PPQ56SF2D1TXYZ1GT1,training,14,1,3,48,12,8,/tangrams/192_436.png,D1,"[""/tangrams/265_219.png"",""/tangrams/192_436.png"",""/tangrams/353_235.png"",""/tangrams/368_444.png""]","[""C2"",""D1"",""B3"",""A4""]",/tangrams/192_436.png,TRUE,/tangrams/192_436.png,01M2155RV91S7EYVKS22CN3J6W,01M21549E1T7PGG1H0FCWWP74Z,1788894729644,NA,2
01M215M1892PACEVY5NRMV0BKA,01M215K1RCENCVM87G4759AF5H,training,38,3,3,48,12,12,/tangrams/244_275.png,B4,"[""/tangrams/72_312.png"",""/tangrams/161_345.png"",""/tangrams/137_213.png"",""/tangrams/244_275.png""]","[""A2"",""C1"",""D3"",""B4""]",/tangrams/244_275.png,TRUE,/tangrams/244_275.png,01M215AVP11B8QPDVCJRC6C334,01M21569Y0RK1B1KAXYKBVZA95,1788895320293,NA,4
01M20Z96JJREZ7GKWGX4W2KXM7,01M20X11N92ZFWXFVKY2CVEME8,training,24,2,1,48,12,9,/tangrams/39_181.png,C1,"[""/tangrams/130_469.png"",""/tangrams/144_129.png"",""/tangrams/49_34.png"",""/tangrams/39_181.png""]","[""A4"",""B3"",""D2"",""C1""]",NA,NA,NA,NA,NA,NA,NA,3
01M214YWYZZHV1FC7M5SM3BAXQ,01M20X148VH9T6HPBHADHZGVW4,training,2,0,3,48,12,11,/tangrams/293_392.png,B2,"[""/tangrams/455_345.png"",""/tangrams/241_194.png"",""/tangrams/321_431.png"",""/tangrams/293_392.png""]","[""D4"",""F8"",""F4"",""B2""]",/tangrams/293_392.png,TRUE,/tangrams/293_392.png,01M214D5P3NXWG18WF1J3F1VFS,01M214CEQK5BQH1Z1J11PQVC16,1788893127357,NA,1
01M215M0ZQKPSZM00DW30MV34R,01M215K1RCENCVM87G4759AF5H,training,2,0,3,48,12,12,/tangrams/161_312.png,C2,"[""/tangrams/137_345.png"",""/tangrams/244_275.png"",""/tangrams/161_312.png"",""/tangrams/72_213.png""]","[""D1"",""B4"",""C2"",""A3""]",/tangrams/244_275.png,FALSE,/tangrams/244_275.png,01M215AVP11B8QPDVCJRC6C334,01M21569Y0RK1B1KAXYKBVZA95,1788894589822,NA,1
01M215N3T6R2W30G6ZX2DKZ8KR,01M215K2BSVQ6X8DX5GH1YZX6B,training,36,3,1,48,12,12,/tangrams/161_275.png,C4,"[""/tangrams/137_345.png"",""/tangrams/72_312.png"",""/tangrams/244_213.png"",""/tangrams/161_275.png""]","[""D1"",""A2"",""B3"",""C4""]",/tangrams/161_275.png,TRUE,/tangrams/161_275.png,01M2159JAWAFEZB1KH9W5K5DTC,01M2157YJ34JPNQ0ZE6DJJD3G3,1788895706644,NA,4
01M215BKTT5H4VWQFT2CR47XQJ,01M20X148Y8KBRQFNJTS9AKRW4,training,4,0,5,48,12,9,/tangrams/49_181.png,D1,"[""/tangrams/39_34.png"",""/tangrams/130_469.png"",""/tangrams/49_181.png"",""/tangrams/144_129.png""]","[""C2"",""A4"",""D1"",""B3""]",/tangrams/49_181.png,TRUE,/tangrams/49_181.png,01M2154JXMHS9BTWF8FWDE7774,01M21546HN9E95PWNR6ZWTAMM2,1788894150778,NA,1
01M215HBZBS74EADW4CXPGDATM,01M20X16AD7EKSEGH5WBVM39Q0,training,45,3,10,48,12,11,/tangrams/316_392.png,A2,"[""/tangrams/455_227.png"",""/tangrams/316_392.png"",""/tangrams/293_345.png"",""/tangrams/296_156.png""]","[""D3"",""A2"",""B4"",""C1""]",/tangrams/316_392.png,TRUE,/tangrams/316_392.png,01M2153SDRH4EZ5F2YRG65W4Z9,01M2155PH51FH1Y7QSBY0YCPQ8,1788895725058,NA,4
01M215Z3NAN55CZ0QQYC9CC9TJ,01M20X14TTKZWGB70XGMAFRR2H,training,43,3,8,48,12,8,/tangrams/368_444.png,A4,"[""/tangrams/265_444.png"",""/tangrams/368_219.png"",""/tangrams/353_235.png"",""/tangrams/368_444.png""]","[""C4"",""A2"",""B3"",""A4""]",/tangrams/368_444.png,TRUE,/tangrams/368_444.png,01M215F66CRM1GV0R6SDQ69WCM,01M215FK0ZT4PGXXVV13WRHJPB,1788897017233,NA,4
01M20XZDC9K2GA8M2ESX0SNX5F,01M20WZK596SFHM9YDB6TD7NK1,training,4,0,5,48,12,6,/tangrams/81_324.png,B3,"[""/tangrams/445_324.png"",""/tangrams/4_153.png"",""/tangrams/81_264.png"",""/tangrams/81_324.png""]","[""D3"",""C4"",""B1"",""B3""]",/tangrams/81_264.png,FALSE,/tangrams/81_264.png,01M20XSN3R16DSBXVRQKQSS665,01M20X6CEXP7W9NTPEWK7QNX8Z,1788886141447,NA,1
01M20YKS2M78Z8MF7S7SFJTCJ3,01M20WZK5AY7SPG9YB2GY60XCH,training,13,1,2,48,12,8,/tangrams/265_436.png,C1,"[""/tangrams/353_235.png"",""/tangrams/192_219.png"",""/tangrams/265_436.png"",""/tangrams/368_444.png""]","[""B3"",""D2"",""C1"",""A4""]",NA,NA,NA,NA,NA,NA,NA,2
01M214JDCVQD3EW8R6TF1G6Q2B,01M20X0YW4S4FB44B5GCQBDAXT,training,26,2,3,48,12,9,/tangrams/47_268.png,F6,"[""/tangrams/133_40.png"",""/tangrams/47_268.png"",""/tangrams/144_34.png"",""/tangrams/49_469.png""]","[""F8"",""F6"",""B2"",""D4""]",NA,NA,NA,NA,NA,NA,NA,3
01M214NB08QCWMCVEA2SNTHYRP,01M20X13PJV655EHMJRF5XR4PG,training,25,2,2,48,12,10,/tangrams/405_327.png,F1,"[""/tangrams/316_89.png"",""/tangrams/411_364.png"",""/tangrams/284_245.png"",""/tangrams/405_327.png""]","[""F3"",""B2"",""F7"",""F1""]",NA,NA,NA,NA,NA,NA,NA,3
01M214NB29Y26D5R3JVNKSNE7D,01M20X13PJV655EHMJRF5XR4PG,training,15,1,4,48,12,10,/tangrams/18_463.png,A1,"[""/tangrams/382_107.png"",""/tangrams/426_419.png"",""/tangrams/18_463.png"",""/tangrams/411_364.png""]","[""D4"",""F8"",""A1"",""B2""]",/tangrams/18_463.png,TRUE,/tangrams/18_463.png,01M214C6Z85CZDH1N1HARPXC77,01M214E3AZ6Y0RHEASN5NQEEJN,1788893239634,NA,2
01M215D00EJ8890Q6MKXSDZ45S,01M20X14TW6FQW067YRK6RNDKN,training,26,2,3,48,12,9,/tangrams/130_469.png,A4,"[""/tangrams/39_34.png"",""/tangrams/144_181.png"",""/tangrams/49_129.png"",""/tangrams/130_469.png""]","[""C2"",""B1"",""D3"",""A4""]",/tangrams/130_469.png,TRUE,/tangrams/130_469.png,01M2156K7QTNRYHY4BTF9XK016,01M2154QPBTEQ4FE8D65KC2SJY,1788894648631,NA,3
01M215GG784T54S8HFTM5HT8G2,01M20X14TPRK3E5KMRXWZZW19Q,training,25,2,2,48,12,9,/tangrams/436_72.png,F7,"[""/tangrams/436_72.png"",""/tangrams/425_194.png"",""/tangrams/89_182.png"",""/tangrams/133_40.png""]","[""F7"",""F2"",""F5"",""F8""]",/tangrams/436_72.png,TRUE,/tangrams/436_72.png,01M214B7NK5TMY7WTYY3DVP911,01M214C4QNBNJ9JQSE7YJ5TDCV,1788895034099,NA,3
01M20YSTQB7FZKD81J4NVR4RQV,01M20X0YW80CVJTXB8KR0PJ9Z8,training,5,0,6,48,12,8,/tangrams/265_436.png,C1,"[""/tangrams/265_436.png"",""/tangrams/353_444.png"",""/tangrams/368_235.png"",""/tangrams/192_219.png""]","[""C1"",""B4"",""A3"",""D2""]",NA,NA,NA,NA,NA,NA,NA,1
01M20YSTT94NQAFKNMJADAT8CS,01M20X0YW80CVJTXB8KR0PJ9Z8,training,43,3,8,48,12,8,/tangrams/265_444.png,C4,"[""/tangrams/353_436.png"",""/tangrams/368_235.png"",""/tangrams/265_444.png"",""/tangrams/192_219.png""]","[""B1"",""A3"",""C4"",""D2""]",NA,NA,NA,NA,NA,NA,NA,4
01M214QK8W82VX2M858571TNS8,01M20X0YW742ZY2EX5FCQ61EFA,training,16,1,5,48,12,8,/tangrams/192_219.png,D2,"[""/tangrams/192_235.png"",""/tangrams/192_219.png"",""/tangrams/368_444.png"",""/tangrams/265_219.png""]","[""D3"",""D2"",""A4"",""C2""]",NA,NA,NA,NA,NA,NA,NA,2
01M215AAHRVTE0V9BC1W2XK0GJ,01M20X12WE7PPHA7JSTZZ2E6FT,training,16,1,5,48,12,8,/tangrams/353_235.png,B3,"[""/tangrams/368_444.png"",""/tangrams/353_235.png"",""/tangrams/192_219.png"",""/tangrams/265_436.png""]","[""A4"",""B3"",""D2"",""C1""]",/tangrams/353_235.png,TRUE,/tangrams/353_235.png,01M2154T01JJAXZD005VWMS05B,01M2154MN76WHSRHJG8SAKSTFM,1788894276866,NA,2
01M215D0CF0RWBMFBZH0XY0PJT,01M20X14TW6FQW067YRK6RNDKN,training,1,0,2,48,12,9,/tangrams/144_469.png,B4,"[""/tangrams/144_469.png"",""/tangrams/49_34.png"",""/tangrams/39_181.png"",""/tangrams/130_129.png""]","[""B4"",""D2"",""C1"",""A3""]",/tangrams/144_469.png,TRUE,/tangrams/144_469.png,01M2154QPBTEQ4FE8D65KC2SJY,01M2156K7QTNRYHY4BTF9XK016,1788893798906,NA,1
01M215HHMRMPE850HYM7ADN857,01M20X148Y8KBRQFNJT9HAMJT5,training,35,2,12,48,12,10,/tangrams/411_112.png,B3,"[""/tangrams/411_463.png"",""/tangrams/411_112.png"",""/tangrams/62_364.png"",""/tangrams/382_112.png""]","[""B1"",""B3"",""C2"",""D3""]",/tangrams/62_364.png,FALSE,/tangrams/62_364.png,01M214DZ3N8JPJ1Z6KSP8PYNZQ,01M214PMGV2W0E0MG6FCTN05EB,1788896547078,NA,3
01M215K2MFK0FYAQR9FX4FKZ2P,01M20X175HY3CRCTEMGHN0JEQ3,training,0,0,1,48,12,11,/tangrams/296_156.png,C1,"[""/tangrams/293_345.png"",""/tangrams/296_156.png"",""/tangrams/455_227.png"",""/tangrams/316_392.png""]","[""B4"",""C1"",""D3"",""A2""]",/tangrams/296_156.png,TRUE,/tangrams/296_156.png,01M2154P1EJW4QYGH77ZY8V300,01M2154HBQMMKX5AJ9BGZ61E13,1788893796869,NA,1
01M20YD5ZBS79Y7G6ZD3XA08AA,01M20WZK57NAX0A8X7B3WNHQN9,training,43,3,8,48,12,8,/tangrams/368_436.png,A1,"[""/tangrams/371_100.png"",""/tangrams/192_444.png"",""/tangrams/277_238.png"",""/tangrams/368_436.png""]","[""F1"",""D4"",""F8"",""A1""]",/tangrams/368_436.png,TRUE,/tangrams/368_436.png,01M20XW9BF9HJ5QA1N7YCTN8ZM,01M20Y7KTG16QCRZCK67K4YDTR,1788887250435,NA,4
01M214QP0781VB6R9TTGGBH29H,01M20X11N8F7DPTR5329TXEJ69,training,40,3,5,48,12,8,/tangrams/353_444.png,B4,"[""/tangrams/353_444.png"",""/tangrams/368_444.png"",""/tangrams/192_436.png"",""/tangrams/353_235.png""]","[""B4"",""A4"",""D1"",""B3""]",NA,NA,NA,NA,NA,NA,NA,4
01M215BMACDABMXQ2PCC4GSXC3,01M20X148Y8KBRQFNJTS9AKRW4,training,40,3,5,48,12,9,/tangrams/39_469.png,C4,"[""/tangrams/144_129.png"",""/tangrams/130_34.png"",""/tangrams/39_469.png"",""/tangrams/49_181.png""]","[""B3"",""A2"",""C4"",""D1""]",/tangrams/39_469.png,TRUE,/tangrams/39_469.png,01M2154JXMHS9BTWF8FWDE7774,01M21546HN9E95PWNR6ZWTAMM2,1788895304334,NA,4
01M215BMFV3PR6FVY8JAB13722,01M20X148Y8KBRQFNJTS9AKRW4,training,30,2,7,48,12,9,/tangrams/130_34.png,A2,"[""/tangrams/49_181.png"",""/tangrams/130_34.png"",""/tangrams/39_469.png"",""/tangrams/144_129.png""]","[""D1"",""A2"",""C4"",""B3""]",/tangrams/130_34.png,TRUE,/tangrams/130_34.png,01M2154JXMHS9BTWF8FWDE7774,01M21546HN9E95PWNR6ZWTAMM2,1788895031529,NA,3
01M215GFXZPMAWZ5BH7QSYB92N,01M20X14TPRK3E5KMRXWZZW19Q,training,12,1,1,48,12,9,/tangrams/130_181.png,A1,"[""/tangrams/47_268.png"",""/tangrams/39_129.png"",""/tangrams/130_181.png"",""/tangrams/89_182.png""]","[""F6"",""C3"",""A1"",""F5""]",/tangrams/47_268.png,FALSE,/tangrams/47_268.png,01M214C4QNBNJ9JQSE7YJ5TDCV,01M214B7NK5TMY7WTYY3DVP911,1788894530854,NA,2
01M215N2HPMBQM75HEH2NJHFYM,01M215K2BSVQ6X8DX5GH1YZX6B,training,8,0,9,48,12,12,/tangrams/244_213.png,B3,"[""/tangrams/244_213.png"",""/tangrams/72_312.png"",""/tangrams/137_345.png"",""/tangrams/161_275.png""]","[""B3"",""A2"",""D1"",""C4""]",/tangrams/244_213.png,TRUE,/tangrams/244_213.png,01M2159JAWAFEZB1KH9W5K5DTC,01M2157YJ34JPNQ0ZE6DJJD3G3,1788894974905,NA,1
01M20YKS7DHJF1XEC76W0F0CP6,01M20WZK5AY7SPG9YB2GY60XCH,training,44,3,9,48,12,8,/tangrams/353_436.png,B1,"[""/tangrams/192_235.png"",""/tangrams/353_436.png"",""/tangrams/265_219.png"",""/tangrams/368_444.png""]","[""D3"",""B1"",""C2"",""A4""]",NA,NA,NA,NA,NA,NA,NA,4
01M20YSTNZZHWKNGCK5R7JJERD,01M20X0YW80CVJTXB8KR0PJ9Z8,training,11,0,12,48,12,8,/tangrams/265_219.png,C2,"[""/tangrams/353_436.png"",""/tangrams/368_444.png"",""/tangrams/265_219.png"",""/tangrams/192_235.png""]","[""B1"",""A4"",""C2"",""D3""]",NA,NA,NA,NA,NA,NA,NA,1
01M214JDCMM73GAMYME611V48M,01M20X0YW4S4FB44B5GCQBDAXT,training,25,2,2,48,12,9,/tangrams/130_181.png,A1,"[""/tangrams/364_46.png"",""/tangrams/144_34.png"",""/tangrams/130_181.png"",""/tangrams/455_435.png""]","[""F1"",""B2"",""A1"",""F4""]",NA,NA,NA,NA,NA,NA,NA,3
01M214ZFFWEHXW7KWM9NR467Q8,01M20X12WDNRHQCMYC0R9VEVHQ,training,0,0,1,48,12,9,/tangrams/39_469.png,C4,"[""/tangrams/39_181.png"",""/tangrams/144_469.png"",""/tangrams/130_34.png"",""/tangrams/39_469.png""]","[""C1"",""B4"",""A2"",""C4""]",NA,FALSE,NA,01M214DJPXN2G9KF7M584ZNJA7,01M214C73WD84FZC09J8EC4573,NA,NA,1
01M215HJRV9715CYZ0RFXPZ2RD,01M20X148Y8KBRQFNJT9HAMJT5,training,37,3,2,48,12,10,/tangrams/382_463.png,D1,"[""/tangrams/382_364.png"",""/tangrams/382_463.png"",""/tangrams/62_107.png"",""/tangrams/411_463.png""]","[""D2"",""D1"",""C4"",""B1""]",/tangrams/382_463.png,TRUE,/tangrams/382_463.png,01M214DZ3N8JPJ1Z6KSP8PYNZQ,01M214PMGV2W0E0MG6FCTN05EB,1788896611650,NA,4
01M215Z2J8MHST2PFWQ7C9QC1G,01M20X14TTKZWGB70XGMAFRR2H,training,47,3,12,48,12,8,/tangrams/265_219.png,C2,"[""/tangrams/368_219.png"",""/tangrams/265_436.png"",""/tangrams/265_219.png"",""/tangrams/353_444.png""]","[""A2"",""C1"",""C2"",""B4""]",/tangrams/265_219.png,TRUE,/tangrams/265_219.png,01M215F66CRM1GV0R6SDQ69WCM,01M215FK0ZT4PGXXVV13WRHJPB,1788897167492,NA,4
01M20XZDAE0H8QV003AP7X7Y4S,01M20WZK596SFHM9YDB6TD7NK1,training,10,0,11,48,12,6,/tangrams/81_153.png,B4,"[""/tangrams/81_324.png"",""/tangrams/81_153.png"",""/tangrams/4_264.png"",""/tangrams/275_153.png""]","[""B3"",""B4"",""C1"",""A4""]",/tangrams/275_153.png,FALSE,/tangrams/275_153.png,01M20XSN3R16DSBXVRQKQSS665,01M20X6CEXP7W9NTPEWK7QNX8Z,1788886387480,NA,1
01M20YD5XQ02GFMK14Y64E28MB,01M20WZK57NAX0A8X7B3WNHQN9,training,6,0,7,48,12,8,/tangrams/447_295.png,F7,"[""/tangrams/414_365.png"",""/tangrams/447_295.png"",""/tangrams/194_445.png"",""/tangrams/371_100.png""]","[""F6"",""F7"",""F3"",""F1""]",/tangrams/447_295.png,TRUE,/tangrams/447_295.png,01M20Y7KTG16QCRZCK67K4YDTR,01M20XW9BF9HJ5QA1N7YCTN8ZM,1788886493806,NA,1
01M214KY3MF4SK3N5KM7CW4ZYP,01M20X12WH32MX7V56M1SN262T,training,20,1,9,48,12,10,/tangrams/415_23.png,F4,"[""/tangrams/405_327.png"",""/tangrams/415_23.png"",""/tangrams/284_245.png"",""/tangrams/411_364.png""]","[""F1"",""F4"",""F7"",""B2""]",/tangrams/415_23.png,TRUE,/tangrams/415_23.png,01M214C29BTAAYH03KHSYPYBMR,01M214AY9SMBAC3FWH0EN358MB,1788893531840,NA,2
01M214QP7P4FRACMWWC6BP1ZNW,01M20X11N8F7DPTR5329TXEJ69,training,7,0,8,48,12,8,/tangrams/368_444.png,A4,"[""/tangrams/368_235.png"",""/tangrams/368_444.png"",""/tangrams/192_436.png"",""/tangrams/265_444.png""]","[""A3"",""A4"",""D1"",""C4""]",NA,NA,NA,NA,NA,NA,NA,1
01M214YXC3G1893X7CFTXFGQV3,01M20X148VH9T6HPBHADHZGVW4,training,43,3,8,48,12,11,/tangrams/232_52.png,F1,"[""/tangrams/455_345.png"",""/tangrams/293_392.png"",""/tangrams/328_256.png"",""/tangrams/232_52.png""]","[""D4"",""B2"",""F7"",""F1""]",/tangrams/232_52.png,TRUE,/tangrams/232_52.png,01M214CEQK5BQH1Z1J11PQVC16,01M214D5P3NXWG18WF1J3F1VFS,1788894605246,NA,4
01M21534H346XY939HCCA5YWT1,01M20X13PNQ3DCXFM6ND825C25,training,24,2,1,48,12,9,/tangrams/49_34.png,D2,"[""/tangrams/144_469.png"",""/tangrams/49_181.png"",""/tangrams/49_34.png"",""/tangrams/39_34.png""]","[""B4"",""D1"",""D2"",""C2""]",NA,FALSE,NA,01M214P0SMCPMD4G6CRK6QKHYR,01M214JN3YRRY4RAVQ10A1MK5E,NA,NA,3
01M215HBBY3D37YNP9BAYHQ2JY,01M20X16AD7EKSEGH5WBVM39Q0,training,22,1,11,48,12,11,/tangrams/296_345.png,C4,"[""/tangrams/296_345.png"",""/tangrams/455_392.png"",""/tangrams/293_156.png"",""/tangrams/316_227.png""]","[""C4"",""D2"",""B1"",""A3""]",/tangrams/296_345.png,TRUE,/tangrams/296_345.png,01M2155PH51FH1Y7QSBY0YCPQ8,01M2153SDRH4EZ5F2YRG65W4Z9,1788895080039,NA,2
01M215HJXGEDGEFXQG26QB0TMW,01M20X148Y8KBRQFNJT9HAMJT5,training,4,0,5,48,12,10,/tangrams/62_364.png,C2,"[""/tangrams/18_364.png"",""/tangrams/411_112.png"",""/tangrams/62_364.png"",""/tangrams/62_463.png""]","[""A2"",""B3"",""C2"",""C1""]",/tangrams/18_364.png,FALSE,/tangrams/18_364.png,01M214PMGV2W0E0MG6FCTN05EB,01M214DZ3N8JPJ1Z6KSP8PYNZQ,1788895055551,NA,1
01M214NB0JX5PJ9CJ955CMPMKP,01M20X13PJV655EHMJRF5XR4PG,training,24,2,1,48,12,10,/tangrams/316_89.png,F3,"[""/tangrams/405_327.png"",""/tangrams/316_89.png"",""/tangrams/284_245.png"",""/tangrams/411_364.png""]","[""F1"",""F3"",""F7"",""B2""]",NA,NA,NA,NA,NA,NA,NA,3
01M215BMB8D1D533XQ4M3TDZ1X,01M20X148Y8KBRQFNJTS9AKRW4,training,38,3,3,48,12,9,/tangrams/49_34.png,D2,"[""/tangrams/144_129.png"",""/tangrams/130_469.png"",""/tangrams/49_34.png"",""/tangrams/39_181.png""]","[""B3"",""A4"",""D2"",""C1""]",/tangrams/49_34.png,TRUE,/tangrams/49_34.png,01M2154JXMHS9BTWF8FWDE7774,01M21546HN9E95PWNR6ZWTAMM2,1788895246944,NA,4
01M215Z2VEPPS60P2JXYBQMK24,01M20X14TTKZWGB70XGMAFRR2H,training,19,1,8,48,12,8,/tangrams/265_436.png,C1,"[""/tangrams/265_444.png"",""/tangrams/192_219.png"",""/tangrams/353_436.png"",""/tangrams/265_436.png""]","[""C4"",""D2"",""B1"",""C1""]",/tangrams/265_436.png,TRUE,/tangrams/265_436.png,01M215F66CRM1GV0R6SDQ69WCM,01M215FK0ZT4PGXXVV13WRHJPB,1788895962864,NA,2
01M214KY4KW0GJ59R7R1BEBVQA,01M20X12WH32MX7V56M1SN262T,training,25,2,2,48,12,10,/tangrams/315_224.png,F6,"[""/tangrams/62_112.png"",""/tangrams/180_425.png"",""/tangrams/57_85.png"",""/tangrams/315_224.png""]","[""C3"",""F5"",""F2"",""F6""]",/tangrams/315_224.png,TRUE,/tangrams/315_224.png,01M214AY9SMBAC3FWH0EN358MB,01M214C29BTAAYH03KHSYPYBMR,1788893608829,NA,3
01M214QP0H451NHVRFKTC92V40,01M20X11N8F7DPTR5329TXEJ69,training,39,3,4,48,12,8,/tangrams/368_219.png,A2,"[""/tangrams/368_219.png"",""/tangrams/192_219.png"",""/tangrams/368_235.png"",""/tangrams/353_444.png""]","[""A2"",""D2"",""A3"",""B4""]",NA,NA,NA,NA,NA,NA,NA,4
01M214QP7XJ3DSGKE0A13P3850,01M20X11N8F7DPTR5329TXEJ69,training,19,1,8,48,12,8,/tangrams/192_235.png,D3,"[""/tangrams/368_235.png"",""/tangrams/192_436.png"",""/tangrams/192_235.png"",""/tangrams/265_219.png""]","[""A3"",""D1"",""D3"",""C2""]",NA,NA,NA,NA,NA,NA,NA,2
01M214ZFRDKS49Q26CHYM31PSR,01M20X12WDNRHQCMYC0R9VEVHQ,training,44,3,9,48,12,9,/tangrams/49_129.png,D3,"[""/tangrams/49_129.png"",""/tangrams/49_34.png"",""/tangrams/39_469.png"",""/tangrams/144_129.png""]","[""D3"",""D2"",""C4"",""B3""]",NA,NA,NA,NA,NA,NA,NA,4
01M215B1A1Z0RQYHV52B0X8M3P,01M20X13PPQ56SF2D1TXYZ1GT1,training,36,3,1,48,12,8,/tangrams/192_235.png,D3,"[""/tangrams/368_444.png"",""/tangrams/265_219.png"",""/tangrams/353_436.png"",""/tangrams/192_235.png""]","[""A4"",""C2"",""B1"",""D3""]",/tangrams/192_235.png,TRUE,/tangrams/192_235.png,01M2155RV91S7EYVKS22CN3J6W,01M21549E1T7PGG1H0FCWWP74Z,1788895182332,NA,4
01M215K3SSNGAHHP0GA923KS4H,01M20X175HY3CRCTEMGHN0JEQ3,training,37,3,2,48,12,11,/tangrams/296_345.png,C4,"[""/tangrams/293_156.png"",""/tangrams/455_392.png"",""/tangrams/316_227.png"",""/tangrams/296_345.png""]","[""B1"",""D2"",""A3"",""C4""]",/tangrams/296_345.png,TRUE,/tangrams/296_345.png,01M2154HBQMMKX5AJ9BGZ61E13,01M2154P1EJW4QYGH77ZY8V300,1788894688849,NA,4
01M20Z96GF7QV2VTC06EZNYWH8,01M20X11N92ZFWXFVKY2CVEME8,training,37,3,2,48,12,9,/tangrams/49_129.png,D3,"[""/tangrams/49_129.png"",""/tangrams/144_469.png"",""/tangrams/130_34.png"",""/tangrams/39_181.png""]","[""D3"",""B4"",""A2"",""C1""]",NA,NA,NA,NA,NA,NA,NA,4
01M214JDAGNHS2CKBEZSCVKCET,01M20X0YW4S4FB44B5GCQBDAXT,training,4,0,5,48,12,9,/tangrams/6_423.png,F3,"[""/tangrams/6_423.png"",""/tangrams/364_46.png"",""/tangrams/47_268.png"",""/tangrams/130_181.png""]","[""F3"",""F1"",""F6"",""A1""]",NA,FALSE,NA,01M214EQ4FACEB4DB1G63HBRYM,01M20XC1CR2BQSQ9QRRT7VRXFA,NA,NA,1
01M214QK6AKQ5CP1ND8X9D0NPZ,01M20X0YW742ZY2EX5FCQ61EFA,training,26,2,3,48,12,8,/tangrams/368_219.png,A2,"[""/tangrams/368_219.png"",""/tangrams/368_444.png"",""/tangrams/265_436.png"",""/tangrams/192_219.png""]","[""A2"",""A4"",""C1"",""D2""]",NA,NA,NA,NA,NA,NA,NA,3
01M214QP62WNH2BP38QXK33WGB,01M20X11N8F7DPTR5329TXEJ69,training,23,1,12,48,12,8,/tangrams/265_444.png,C4,"[""/tangrams/265_444.png"",""/tangrams/265_436.png"",""/tangrams/368_444.png"",""/tangrams/353_235.png""]","[""C4"",""C1"",""A4"",""B3""]",NA,NA,NA,NA,NA,NA,NA,2
01M21534D3B9BXCTJA17MZ1P7W,01M20X13PNQ3DCXFM6ND825C25,training,29,2,6,48,12,9,/tangrams/130_129.png,A3,"[""/tangrams/130_34.png"",""/tangrams/39_181.png"",""/tangrams/130_129.png"",""/tangrams/49_129.png""]","[""A2"",""C1"",""A3"",""D3""]",/tangrams/130_129.png,TRUE,/tangrams/130_129.png,01M214JN3YRRY4RAVQ10A1MK5E,01M214P0SMCPMD4G6CRK6QKHYR,1788894986270,NA,3
01M21534SSQXM89P728M02QPJZ,01M20X13PNQ3DCXFM6ND825C25,training,13,1,2,48,12,9,/tangrams/39_181.png,C1,"[""/tangrams/49_181.png"",""/tangrams/39_34.png"",""/tangrams/144_129.png"",""/tangrams/39_181.png""]","[""D1"",""C2"",""B3"",""C1""]",/tangrams/49_181.png,FALSE,/tangrams/49_181.png,01M214JN3YRRY4RAVQ10A1MK5E,01M214P0SMCPMD4G6CRK6QKHYR,1788894147942,NA,2
01M215B1D3V80XJ6YF70V6KRVK,01M20X13PPQ56SF2D1TXYZ1GT1,training,29,2,6,48,12,8,/tangrams/368_219.png,A2,"[""/tangrams/353_444.png"",""/tangrams/265_436.png"",""/tangrams/192_235.png"",""/tangrams/368_219.png""]","[""B4"",""C1"",""D3"",""A2""]",/tangrams/368_219.png,TRUE,/tangrams/368_219.png,01M21549E1T7PGG1H0FCWWP74Z,01M2155RV91S7EYVKS22CN3J6W,1788895059132,NA,3
01M20Z96FNM7KHE5FTRME3D51R,01M20X11N92ZFWXFVKY2CVEME8,training,13,1,2,48,12,9,/tangrams/49_129.png,D3,"[""/tangrams/130_34.png"",""/tangrams/39_181.png"",""/tangrams/144_469.png"",""/tangrams/49_129.png""]","[""A2"",""C1"",""B4"",""D3""]",NA,NA,NA,NA,NA,NA,NA,2
01M214ZFHXW4GQQXR6CSFXWVRF,01M20X12WDNRHQCMYC0R9VEVHQ,training,4,0,5,48,12,9,/tangrams/130_469.png,A4,"[""/tangrams/130_469.png"",""/tangrams/144_469.png"",""/tangrams/130_129.png"",""/tangrams/39_181.png""]","[""A4"",""B4"",""A3"",""C1""]",NA,FALSE,NA,01M214DJPXN2G9KF7M584ZNJA7,01M214C73WD84FZC09J8EC4573,NA,NA,1
01M215AAQ6PV3351B74S9711WE,01M20X12WE7PPHA7JSTZZ2E6FT,training,30,2,7,48,12,8,/tangrams/353_235.png,B3,"[""/tangrams/368_219.png"",""/tangrams/353_235.png"",""/tangrams/265_444.png"",""/tangrams/192_436.png""]","[""A2"",""B3"",""C4"",""D1""]",/tangrams/353_235.png,TRUE,/tangrams/353_235.png,01M2154T01JJAXZD005VWMS05B,01M2154MN76WHSRHJG8SAKSTFM,1788894588826,NA,3
01M215CZM486BCWXJWC4JZHEYR,01M20X14TW6FQW067YRK6RNDKN,training,7,0,8,48,12,9,/tangrams/144_129.png,B3,"[""/tangrams/144_129.png"",""/tangrams/49_181.png"",""/tangrams/130_34.png"",""/tangrams/39_469.png""]","[""B3"",""D1"",""A2"",""C4""]",/tangrams/144_129.png,TRUE,/tangrams/144_129.png,01M2154QPBTEQ4FE8D65KC2SJY,01M2156K7QTNRYHY4BTF9XK016,1788894008289,NA,1
01M215CZRGQHBS00TBH2RSGTWZ,01M20X14TW6FQW067YRK6RNDKN,training,14,1,3,48,12,9,/tangrams/39_181.png,C1,"[""/tangrams/130_34.png"",""/tangrams/39_181.png"",""/tangrams/49_129.png"",""/tangrams/144_469.png""]","[""A2"",""C1"",""D3"",""B4""]",/tangrams/39_181.png,TRUE,/tangrams/39_181.png,01M2156K7QTNRYHY4BTF9XK016,01M2154QPBTEQ4FE8D65KC2SJY,1788894279228,NA,2
01M215CZYPB8XG6JDRZ311ME2T,01M20X14TW6FQW067YRK6RNDKN,training,23,1,12,48,12,9,/tangrams/39_469.png,C4,"[""/tangrams/49_129.png"",""/tangrams/144_181.png"",""/tangrams/39_469.png"",""/tangrams/130_34.png""]","[""D3"",""B1"",""C4"",""A2""]",/tangrams/39_469.png,TRUE,/tangrams/39_469.png,01M2154QPBTEQ4FE8D65KC2SJY,01M2156K7QTNRYHY4BTF9XK016,1788894558105,NA,2
01M215HJBWVFJGK1TAPHH505CP,01M20X148Y8KBRQFNJT9HAMJT5,training,16,1,5,48,12,10,/tangrams/62_107.png,C4,"[""/tangrams/411_107.png"",""/tangrams/62_463.png"",""/tangrams/62_107.png"",""/tangrams/382_112.png""]","[""B4"",""C1"",""C4"",""D3""]",/tangrams/62_107.png,TRUE,/tangrams/62_107.png,01M214PMGV2W0E0MG6FCTN05EB,01M214DZ3N8JPJ1Z6KSP8PYNZQ,1788895622365,NA,2
01M214KY6DT2V643CT3DRNVY6E,01M20X12WH32MX7V56M1SN262T,training,35,2,12,48,12,10,/tangrams/382_107.png,D4,"[""/tangrams/415_23.png"",""/tangrams/57_85.png"",""/tangrams/382_107.png"",""/tangrams/315_224.png""]","[""F4"",""F2"",""D4"",""F6""]",/tangrams/382_107.png,TRUE,/tangrams/382_107.png,01M214AY9SMBAC3FWH0EN358MB,01M214C29BTAAYH03KHSYPYBMR,1788893788303,NA,3
01M214QP5HPQ3P4TZHPY1BVDZ2,01M20X11N8F7DPTR5329TXEJ69,training,12,1,1,48,12,8,/tangrams/353_444.png,B4,"[""/tangrams/192_436.png"",""/tangrams/265_444.png"",""/tangrams/353_235.png"",""/tangrams/353_444.png""]","[""D1"",""C4"",""B3"",""B4""]",NA,NA,NA,NA,NA,NA,NA,2
01M215DNDPVECHNDN9HJHS7PMP,01M20X15BBYTN3YPSFQGJ5ZXF5,training,45,3,10,48,12,10,/tangrams/411_107.png,B4,"[""/tangrams/411_107.png"",""/tangrams/18_112.png"",""/tangrams/62_364.png"",""/tangrams/382_463.png""]","[""B4"",""A3"",""C2"",""D1""]",/tangrams/411_107.png,TRUE,/tangrams/411_107.png,01M21552Z3FC5ZE6SYNEHHVAW4,01M21567THKMHSR683ZH4K0TNA,1788895904943,NA,4
01M215M1S280A1GVPY5HHPPE91,01M215K1RCENCVM87G4759AF5H,training,19,1,8,48,12,12,/tangrams/244_213.png,B3,"[""/tangrams/72_275.png"",""/tangrams/137_345.png"",""/tangrams/244_213.png"",""/tangrams/161_312.png""]","[""A4"",""D1"",""B3"",""C2""]",/tangrams/244_213.png,TRUE,/tangrams/244_213.png,01M21569Y0RK1B1KAXYKBVZA95,01M215AVP11B8QPDVCJRC6C334,1788895020385,NA,2
01M214QP6A7P46862TTKYC3NMD,01M20X11N8F7DPTR5329TXEJ69,training,10,0,11,48,12,8,/tangrams/353_235.png,B3,"[""/tangrams/353_444.png"",""/tangrams/353_235.png"",""/tangrams/368_235.png"",""/tangrams/265_436.png""]","[""B4"",""B3"",""A3"",""C1""]",NA,NA,NA,NA,NA,NA,NA,1
01M20YD61A09PAMMHJ013XRTT3,01M20WZK57NAX0A8X7B3WNHQN9,training,32,2,9,48,12,8,/tangrams/192_444.png,D4,"[""/tangrams/368_436.png"",""/tangrams/371_100.png"",""/tangrams/101_61.png"",""/tangrams/192_444.png""]","[""A1"",""F1"",""F2"",""D4""]",/tangrams/192_444.png,TRUE,/tangrams/192_444.png,01M20Y7KTG16QCRZCK67K4YDTR,01M20XW9BF9HJ5QA1N7YCTN8ZM,1788887069482,NA,3
01M215AA3XS1C8WHAV8FTDGTN5,01M20X12WE7PPHA7JSTZZ2E6FT,training,37,3,2,48,12,8,/tangrams/265_436.png,C1,"[""/tangrams/353_444.png"",""/tangrams/368_219.png"",""/tangrams/192_235.png"",""/tangrams/265_436.png""]","[""B4"",""A2"",""D3"",""C1""]",/tangrams/265_436.png,TRUE,/tangrams/265_436.png,01M2154MN76WHSRHJG8SAKSTFM,01M2154T01JJAXZD005VWMS05B,1788894698790,NA,4
01M215HJWH0ZJ9M9N99PS99PG8,01M20X148Y8KBRQFNJT9HAMJT5,training,5,0,6,48,12,10,/tangrams/18_112.png,A3,"[""/tangrams/18_107.png"",""/tangrams/62_364.png"",""/tangrams/18_112.png"",""/tangrams/382_112.png""]","[""A4"",""C2"",""A3"",""D3""]",NA,FALSE,NA,01M214DZ3N8JPJ1Z6KSP8PYNZQ,01M214PMGV2W0E0MG6FCTN05EB,NA,NA,1
01M215K409GH2SGBA4J0TX8JA7,01M20X175HY3CRCTEMGHN0JEQ3,training,47,3,12,48,12,11,/tangrams/296_156.png,C1,"[""/tangrams/296_156.png"",""/tangrams/293_345.png"",""/tangrams/316_227.png"",""/tangrams/455_392.png""]","[""C1"",""B4"",""A3"",""D2""]",/tangrams/296_156.png,TRUE,/tangrams/296_156.png,01M2154HBQMMKX5AJ9BGZ61E13,01M2154P1EJW4QYGH77ZY8V300,1788894865783,NA,4
01M20Z96JB4NBSP4ZQW6MRC9XE,01M20X11N92ZFWXFVKY2CVEME8,training,25,2,2,48,12,9,/tangrams/144_181.png,B1,"[""/tangrams/144_181.png"",""/tangrams/49_34.png"",""/tangrams/39_469.png"",""/tangrams/130_129.png""]","[""B1"",""D2"",""C4"",""A3""]",NA,NA,NA,NA,NA,NA,NA,3
01M215348W76QHDJHXXVXTP6HB,01M20X13PNQ3DCXFM6ND825C25,training,1,0,2,48,12,9,/tangrams/49_34.png,D2,"[""/tangrams/39_181.png"",""/tangrams/49_129.png"",""/tangrams/49_34.png"",""/tangrams/130_34.png""]","[""C1"",""D3"",""D2"",""A2""]",NA,FALSE,NA,01M214JN3YRRY4RAVQ10A1MK5E,01M214P0SMCPMD4G6CRK6QKHYR,NA,NA,1
01M215K3PW10FQKGHQ5NN7E36W,01M20X175HY3CRCTEMGHN0JEQ3,training,34,2,11,48,12,11,/tangrams/455_156.png,D1,"[""/tangrams/316_345.png"",""/tangrams/293_227.png"",""/tangrams/455_156.png"",""/tangrams/296_392.png""]","[""A4"",""B3"",""D1"",""C2""]",/tangrams/455_156.png,TRUE,/tangrams/455_156.png,01M2154P1EJW4QYGH77ZY8V300,01M2154HBQMMKX5AJ9BGZ61E13,1788894635554,NA,3
01M20YD5XYKY5EKE21X53ZFAV8,01M20WZK57NAX0A8X7B3WNHQN9,training,15,1,4,48,12,8,/tangrams/192_444.png,D4,"[""/tangrams/311_205.png"",""/tangrams/194_445.png"",""/tangrams/192_444.png"",""/tangrams/277_238.png""]","[""F4"",""F3"",""D4"",""F8""]",/tangrams/192_444.png,TRUE,/tangrams/192_444.png,01M20XW9BF9HJ5QA1N7YCTN8ZM,01M20Y7KTG16QCRZCK67K4YDTR,1788886725550,NA,2
01M214QNYD3A47PV6RCYYC781C,01M20X11N8F7DPTR5329TXEJ69,training,47,3,12,48,12,8,/tangrams/192_436.png,D1,"[""/tangrams/192_235.png"",""/tangrams/353_436.png"",""/tangrams/368_219.png"",""/tangrams/192_436.png""]","[""D3"",""B1"",""A2"",""D1""]",NA,NA,NA,NA,NA,NA,NA,4
01M215AA4A9HHX3J9NYM67C009,01M20X12WE7PPHA7JSTZZ2E6FT,training,41,3,6,48,12,8,/tangrams/353_235.png,B3,"[""/tangrams/368_444.png"",""/tangrams/192_436.png"",""/tangrams/353_235.png"",""/tangrams/265_219.png""]","[""A4"",""D1"",""B3"",""C2""]",/tangrams/353_235.png,TRUE,/tangrams/353_235.png,01M2154MN76WHSRHJG8SAKSTFM,01M2154T01JJAXZD005VWMS05B,1788894764783,NA,4
01M215HC0VC3PZ7MXZV6TV2JX9,01M20X16AD7EKSEGH5WBVM39Q0,training,47,3,12,48,12,11,/tangrams/455_156.png,D1,"[""/tangrams/455_156.png"",""/tangrams/293_227.png"",""/tangrams/316_345.png"",""/tangrams/296_392.png""]","[""D1"",""B3"",""A4"",""C2""]",/tangrams/455_156.png,TRUE,/tangrams/455_156.png,01M2153SDRH4EZ5F2YRG65W4Z9,01M2155PH51FH1Y7QSBY0YCPQ8,1788895790301,NA,4
01M215HJJ33DSBP3ZKM0YPD34W,01M20X148Y8KBRQFNJT9HAMJT5,training,47,3,12,48,12,10,/tangrams/62_107.png,C4,"[""/tangrams/62_107.png"",""/tangrams/18_112.png"",""/tangrams/62_364.png"",""/tangrams/411_107.png""]","[""C4"",""A3"",""C2"",""B4""]",NA,FALSE,NA,01M214DZ3N8JPJ1Z6KSP8PYNZQ,01M214PMGV2W0E0MG6FCTN05EB,NA,NA,4
01M215K3968VYWBG2ZWNEFBNS4,01M20X175HY3CRCTEMGHN0JEQ3,training,19,1,8,48,12,11,/tangrams/293_345.png,B4,"[""/tangrams/293_345.png"",""/tangrams/316_227.png"",""/tangrams/455_392.png"",""/tangrams/296_156.png""]","[""B4"",""A3"",""D2"",""C1""]",/tangrams/293_345.png,TRUE,/tangrams/293_345.png,01M2154HBQMMKX5AJ9BGZ61E13,01M2154P1EJW4QYGH77ZY8V300,1788894338761,NA,2
01M215M1E9EWS82D7XP61E3FMC,01M215K1RCENCVM87G4759AF5H,training,31,2,8,48,12,12,/tangrams/72_213.png,A3,"[""/tangrams/72_213.png"",""/tangrams/137_312.png"",""/tangrams/244_275.png"",""/tangrams/161_345.png""]","[""A3"",""D2"",""B4"",""C1""]",/tangrams/72_213.png,TRUE,/tangrams/72_213.png,01M21569Y0RK1B1KAXYKBVZA95,01M215AVP11B8QPDVCJRC6C334,1788895202072,NA,3
01M215M1Y6HKTPH9QVZ78EZ8R6,01M215K1RCENCVM87G4759AF5H,training,14,1,3,48,12,12,/tangrams/72_312.png,A2,"[""/tangrams/137_213.png"",""/tangrams/244_275.png"",""/tangrams/72_312.png"",""/tangrams/161_345.png""]","[""D3"",""B4"",""A2"",""C1""]",/tangrams/72_312.png,TRUE,/tangrams/72_312.png,01M215AVP11B8QPDVCJRC6C334,01M21569Y0RK1B1KAXYKBVZA95,1788894919198,NA,2
01M215M1ZKAH8AZ3CAT0WAXTWM,01M215K1RCENCVM87G4759AF5H,training,13,1,2,48,12,12,/tangrams/161_275.png,C4,"[""/tangrams/137_213.png"",""/tangrams/244_345.png"",""/tangrams/161_275.png"",""/tangrams/72_312.png""]","[""D3"",""B1"",""C4"",""A2""]",/tangrams/161_275.png,TRUE,/tangrams/161_275.png,01M21569Y0RK1B1KAXYKBVZA95,01M215AVP11B8QPDVCJRC6C334,1788894901582,NA,2
01M214KY71WVR77HNW9VENPXXA,01M20X12WH32MX7V56M1SN262T,training,38,3,3,48,12,10,/tangrams/426_419.png,F8,"[""/tangrams/426_419.png"",""/tangrams/57_85.png"",""/tangrams/411_364.png"",""/tangrams/18_463.png""]","[""F8"",""F2"",""B2"",""A1""]",/tangrams/426_419.png,TRUE,/tangrams/426_419.png,01M214C29BTAAYH03KHSYPYBMR,01M214AY9SMBAC3FWH0EN358MB,1788893827735,NA,4
01M214QP41EX4XHWRG4AWPSKYQ,01M20X11N8F7DPTR5329TXEJ69,training,2,0,3,48,12,8,/tangrams/353_444.png,B4,"[""/tangrams/368_444.png"",""/tangrams/353_235.png"",""/tangrams/265_219.png"",""/tangrams/353_444.png""]","[""A4"",""B3"",""C2"",""B4""]",NA,FALSE,NA,01M20YQWJYNA2MEME27ZW87E1G,01M20XWQ0GDTRYQJGMWVAJFYND,NA,NA,1
01M214YX6ZZAW7Z5S97YRXHGNS,01M20X148VH9T6HPBHADHZGVW4,training,24,2,1,48,12,11,/tangrams/192_185.png,F6,"[""/tangrams/274_4.png"",""/tangrams/232_52.png"",""/tangrams/192_185.png"",""/tangrams/444_435.png""]","[""F2"",""F1"",""F6"",""F3""]",/tangrams/192_185.png,TRUE,/tangrams/192_185.png,01M214D5P3NXWG18WF1J3F1VFS,01M214CEQK5BQH1Z1J11PQVC16,1788894158920,NA,3
01M214ZFH0XPYDE8CNS2WPY5P4,01M20X12WDNRHQCMYC0R9VEVHQ,training,7,0,8,48,12,9,/tangrams/130_34.png,A2,"[""/tangrams/130_34.png"",""/tangrams/144_129.png"",""/tangrams/49_34.png"",""/tangrams/130_469.png""]","[""A2"",""B3"",""D2"",""A4""]",NA,NA,NA,NA,NA,NA,NA,1
01M215B19H5CG4DW6GWFAZZCP9,01M20X13PPQ56SF2D1TXYZ1GT1,training,37,3,2,48,12,8,/tangrams/353_436.png,B1,"[""/tangrams/368_235.png"",""/tangrams/265_444.png"",""/tangrams/192_219.png"",""/tangrams/353_436.png""]","[""A3"",""C4"",""D2"",""B1""]",/tangrams/353_436.png,TRUE,/tangrams/353_436.png,01M21549E1T7PGG1H0FCWWP74Z,01M2155RV91S7EYVKS22CN3J6W,1788895204290,NA,4
01M215HBB72W4DW94XDCWKGMVY,01M20X16AD7EKSEGH5WBVM39Q0,training,21,1,10,48,12,11,/tangrams/455_156.png,D1,"[""/tangrams/296_392.png"",""/tangrams/455_156.png"",""/tangrams/316_227.png"",""/tangrams/293_345.png""]","[""C2"",""D1"",""A3"",""B4""]",/tangrams/455_156.png,TRUE,/tangrams/455_156.png,01M2153SDRH4EZ5F2YRG65W4Z9,01M2155PH51FH1Y7QSBY0YCPQ8,1788895060498,NA,2
01M20YKS6P1TWS0NXDZZX28CWN,01M20WZK5AY7SPG9YB2GY60XCH,training,31,2,8,48,12,8,/tangrams/353_436.png,B1,"[""/tangrams/353_436.png"",""/tangrams/192_235.png"",""/tangrams/265_444.png"",""/tangrams/368_219.png""]","[""B1"",""D3"",""C4"",""A2""]",NA,NA,NA,NA,NA,NA,NA,3
01M214QPA924S38K14NN2G80Z0,01M20X11N8F7DPTR5329TXEJ69,training,13,1,2,48,12,8,/tangrams/192_219.png,D2,"[""/tangrams/192_219.png"",""/tangrams/368_219.png"",""/tangrams/353_235.png"",""/tangrams/192_436.png""]","[""D2"",""A2"",""B3"",""D1""]",NA,NA,NA,NA,NA,NA,NA,2
01M215HBYKBAW2KQCEJ39J750Y,01M20X16AD7EKSEGH5WBVM39Q0,training,44,3,9,48,12,11,/tangrams/316_227.png,A3,"[""/tangrams/293_345.png"",""/tangrams/296_156.png"",""/tangrams/455_392.png"",""/tangrams/316_227.png""]","[""B4"",""C1"",""D2"",""A3""]",/tangrams/316_227.png,TRUE,/tangrams/316_227.png,01M2155PH51FH1Y7QSBY0YCPQ8,01M2153SDRH4EZ5F2YRG65W4Z9,1788895709810,NA,4
01M20YSTQZ2J0JKC86P319QF12,01M20X0YW80CVJTXB8KR0PJ9Z8,training,30,2,7,48,12,8,/tangrams/368_235.png,A3,"[""/tangrams/368_235.png"",""/tangrams/265_219.png"",""/tangrams/353_444.png"",""/tangrams/192_436.png""]","[""A3"",""C2"",""B4"",""D1""]",NA,NA,NA,NA,NA,NA,NA,3
01M214ZFQ4V4MSP2XDBSEAK54K,01M20X12WDNRHQCMYC0R9VEVHQ,training,30,2,7,48,12,9,/tangrams/39_181.png,C1,"[""/tangrams/39_181.png"",""/tangrams/39_469.png"",""/tangrams/49_129.png"",""/tangrams/144_181.png""]","[""C1"",""C4"",""D3"",""B1""]",NA,NA,NA,NA,NA,NA,NA,3
01M215EHHYKVKC2QRZG3WAWKRZ,01M20X15T7F67D04XT463JKFRX,training,37,3,2,48,12,10,/tangrams/411_112.png,B3,"[""/tangrams/411_112.png"",""/tangrams/382_463.png"",""/tangrams/62_364.png"",""/tangrams/18_107.png""]","[""B3"",""D1"",""C2"",""A4""]",/tangrams/411_112.png,TRUE,/tangrams/411_112.png,01M2154MFSP4VTTH1ZQNHW7C0J,01M21557T3YDBSX3GT1DB1X6ZD,1788894499997,NA,4
01M215HJB0FFKQ0K6Z7627PVN6,01M20X148Y8KBRQFNJT9HAMJT5,training,17,1,6,48,12,10,/tangrams/411_107.png,B4,"[""/tangrams/18_107.png"",""/tangrams/411_107.png"",""/tangrams/411_463.png"",""/tangrams/62_364.png""]","[""A4"",""B4"",""B1"",""C2""]",/tangrams/411_463.png,FALSE,/tangrams/411_463.png,01M214DZ3N8JPJ1Z6KSP8PYNZQ,01M214PMGV2W0E0MG6FCTN05EB,1788895680528,NA,2
01M20YKS70NMC9Z0RXJ2N8C0KA,01M20WZK5AY7SPG9YB2GY60XCH,training,33,2,10,48,12,8,/tangrams/368_219.png,A2,"[""/tangrams/368_219.png"",""/tangrams/265_444.png"",""/tangrams/192_436.png"",""/tangrams/353_235.png""]","[""A2"",""C4"",""D1"",""B3""]",NA,NA,NA,NA,NA,NA,NA,3
01M20Z96F9SDNXZ44TK2QJCMHT,01M20X11N92ZFWXFVKY2CVEME8,training,16,1,5,48,12,9,/tangrams/49_34.png,D2,"[""/tangrams/49_34.png"",""/tangrams/39_181.png"",""/tangrams/130_129.png"",""/tangrams/144_469.png""]","[""D2"",""C1"",""A3"",""B4""]",NA,NA,NA,NA,NA,NA,NA,2
01M214JD7DJ34XPYQJWDZWTZ5E,01M20X0YW4S4FB44B5GCQBDAXT,training,7,0,8,48,12,9,/tangrams/144_34.png,B2,"[""/tangrams/39_129.png"",""/tangrams/144_34.png"",""/tangrams/133_40.png"",""/tangrams/89_182.png""]","[""C3"",""B2"",""F8"",""F5""]",NA,NA,NA,NA,NA,NA,NA,1
01M214NB1WFZ019F6YAHRTRYQJ,01M20X13PJV655EHMJRF5XR4PG,training,17,1,6,48,12,10,/tangrams/316_89.png,F3,"[""/tangrams/57_85.png"",""/tangrams/426_419.png"",""/tangrams/316_89.png"",""/tangrams/415_23.png""]","[""F2"",""F8"",""F3"",""F4""]",NA,FALSE,NA,01M214C6Z85CZDH1N1HARPXC77,01M214E3AZ6Y0RHEASN5NQEEJN,NA,NA,2
01M215D09WQQV4C3R3AHP3BDCE,01M20X14TW6FQW067YRK6RNDKN,training,43,3,8,48,12,9,/tangrams/39_181.png,C1,"[""/tangrams/39_181.png"",""/tangrams/130_129.png"",""/tangrams/144_469.png"",""/tangrams/49_34.png""]","[""C1"",""A3"",""B4"",""D2""]",/tangrams/39_181.png,TRUE,/tangrams/39_181.png,01M2154QPBTEQ4FE8D65KC2SJY,01M2156K7QTNRYHY4BTF9XK016,1788895141379,NA,4
01M215EH4JKFCVYYRBP74X5ZFW,01M20X15T7F67D04XT463JKFRX,training,18,1,7,48,12,10,/tangrams/411_107.png,B4,"[""/tangrams/62_463.png"",""/tangrams/382_112.png"",""/tangrams/411_107.png"",""/tangrams/18_364.png""]","[""C1"",""D3"",""B4"",""A2""]",/tangrams/411_107.png,TRUE,/tangrams/411_107.png,01M21557T3YDBSX3GT1DB1X6ZD,01M2154MFSP4VTTH1ZQNHW7C0J,1788893996769,NA,2
01M215N2WZWW7HP7C0S16XECJ5,01M215K2BSVQ6X8DX5GH1YZX6B,training,14,1,3,48,12,12,/tangrams/72_312.png,A2,"[""/tangrams/137_345.png"",""/tangrams/72_312.png"",""/tangrams/244_213.png"",""/tangrams/161_275.png""]","[""D1"",""A2"",""B3"",""C4""]",/tangrams/72_312.png,TRUE,/tangrams/72_312.png,01M2159JAWAFEZB1KH9W5K5DTC,01M2157YJ34JPNQ0ZE6DJJD3G3,1788895183884,NA,2
01M215Z2MT07T0J6ZYG226XQKF,01M20X14TTKZWGB70XGMAFRR2H,training,13,1,2,48,12,8,/tangrams/353_444.png,B4,"[""/tangrams/265_444.png"",""/tangrams/353_444.png"",""/tangrams/368_219.png"",""/tangrams/353_235.png""]","[""C4"",""B4"",""A2"",""B3""]",/tangrams/353_444.png,TRUE,/tangrams/353_444.png,01M215F66CRM1GV0R6SDQ69WCM,01M215FK0ZT4PGXXVV13WRHJPB,1788895661911,NA,2
01M20YD5X3KW22GECZR890MHAJ,01M20WZK57NAX0A8X7B3WNHQN9,training,34,2,11,48,12,8,/tangrams/265_235.png,C3,"[""/tangrams/371_100.png"",""/tangrams/277_238.png"",""/tangrams/265_235.png"",""/tangrams/353_219.png""]","[""F1"",""F8"",""C3"",""B2""]",/tangrams/265_235.png,TRUE,/tangrams/265_235.png,01M20Y7KTG16QCRZCK67K4YDTR,01M20XW9BF9HJ5QA1N7YCTN8ZM,1788887123794,NA,3
01M20YD5YK92KSDZHRS7HH87AK,01M20WZK57NAX0A8X7B3WNHQN9,training,5,0,6,48,12,8,/tangrams/311_205.png,F4,"[""/tangrams/265_235.png"",""/tangrams/192_444.png"",""/tangrams/311_205.png"",""/tangrams/447_295.png""]","[""C3"",""D4"",""F4"",""F7""]",/tangrams/311_205.png,TRUE,/tangrams/311_205.png,01M20XW9BF9HJ5QA1N7YCTN8ZM,01M20Y7KTG16QCRZCK67K4YDTR,1788886448585,NA,1
01M20YKRZY8FQBBAMV5K84EZG4,01M20WZK5AY7SPG9YB2GY60XCH,training,5,0,6,48,12,8,/tangrams/353_436.png,B1,"[""/tangrams/368_235.png"",""/tangrams/265_444.png"",""/tangrams/192_219.png"",""/tangrams/353_436.png""]","[""A3"",""C4"",""D2"",""B1""]",NA,NA,NA,NA,NA,NA,NA,1
01M215AAZS3BCMW0S9A4N7C6FN,01M20X12WE7PPHA7JSTZZ2E6FT,training,46,3,11,48,12,8,/tangrams/368_219.png,A2,"[""/tangrams/265_444.png"",""/tangrams/192_235.png"",""/tangrams/353_436.png"",""/tangrams/368_219.png""]","[""C4"",""D3"",""B1"",""A2""]",/tangrams/368_219.png,TRUE,/tangrams/368_219.png,01M2154T01JJAXZD005VWMS05B,01M2154MN76WHSRHJG8SAKSTFM,1788894848538,NA,4
01M20YD5XVBJ7W3FNTPTHCQZAZ,01M20WZK57NAX0A8X7B3WNHQN9,training,12,1,1,48,12,8,/tangrams/371_100.png,F1,"[""/tangrams/192_444.png"",""/tangrams/38_309.png"",""/tangrams/371_100.png"",""/tangrams/194_445.png""]","[""D4"",""F5"",""F1"",""F3""]",/tangrams/371_100.png,TRUE,/tangrams/371_100.png,01M20Y7KTG16QCRZCK67K4YDTR,01M20XW9BF9HJ5QA1N7YCTN8ZM,1788886675845,NA,2
01M214K289K66T751VDVWT2949,01M20X11N5A2NXXZZPJ1AXFSW6,training,11,0,12,48,12,9,/tangrams/455_435.png,F4,"[""/tangrams/133_40.png"",""/tangrams/455_435.png"",""/tangrams/425_194.png"",""/tangrams/436_72.png""]","[""F8"",""F4"",""F2"",""F7""]",/tangrams/455_435.png,TRUE,/tangrams/455_435.png,01M214DGSKEJ8ZAHQ4WC2E0G7N,01M214ERNYBYY3EBY90CCRQDQJ,1788892896881,NA,1
01M214QK59N1CSRC0E9SZ25B8B,01M20X0YW742ZY2EX5FCQ61EFA,training,30,2,7,48,12,8,/tangrams/368_235.png,A3,"[""/tangrams/353_235.png"",""/tangrams/265_444.png"",""/tangrams/368_235.png"",""/tangrams/368_219.png""]","[""B3"",""C4"",""A3"",""A2""]",NA,NA,NA,NA,NA,NA,NA,3
01M21534860YNXBY5D2RR2Z90A,01M20X13PNQ3DCXFM6ND825C25,training,2,0,3,48,12,9,/tangrams/130_469.png,A4,"[""/tangrams/49_34.png"",""/tangrams/130_469.png"",""/tangrams/130_129.png"",""/tangrams/39_469.png""]","[""D2"",""A4"",""A3"",""C4""]",/tangrams/130_469.png,TRUE,/tangrams/130_469.png,01M214P0SMCPMD4G6CRK6QKHYR,01M214JN3YRRY4RAVQ10A1MK5E,1788893614659,NA,1
01M20YKS2PTZ853RMGW5BH9ABP,01M20WZK5AY7SPG9YB2GY60XCH,training,14,1,3,48,12,8,/tangrams/192_436.png,D1,"[""/tangrams/368_235.png"",""/tangrams/265_219.png"",""/tangrams/192_436.png"",""/tangrams/353_444.png""]","[""A3"",""C2"",""D1"",""B4""]",NA,NA,NA,NA,NA,NA,NA,2
01M20YSTTMDRPC7HABBGH710Y1,01M20X0YW80CVJTXB8KR0PJ9Z8,training,37,3,2,48,12,8,/tangrams/353_235.png,B3,"[""/tangrams/192_219.png"",""/tangrams/265_436.png"",""/tangrams/368_444.png"",""/tangrams/353_235.png""]","[""D2"",""C1"",""A4"",""B3""]",NA,NA,NA,NA,NA,NA,NA,4
01M20Z96GT1F37CWTZTDA5N53Q,01M20X11N92ZFWXFVKY2CVEME8,training,33,2,10,48,12,9,/tangrams/49_34.png,D2,"[""/tangrams/130_469.png"",""/tangrams/39_181.png"",""/tangrams/49_34.png"",""/tangrams/144_129.png""]","[""A4"",""C1"",""D2"",""B3""]",NA,NA,NA,NA,NA,NA,NA,3
01M214NAXX736H5W2BFHP81MDS,01M20X13PJV655EHMJRF5XR4PG,training,7,0,8,48,12,10,/tangrams/411_364.png,B2,"[""/tangrams/62_112.png"",""/tangrams/411_364.png"",""/tangrams/415_23.png"",""/tangrams/316_89.png""]","[""C3"",""B2"",""F4"",""F3""]",/tangrams/411_364.png,TRUE,/tangrams/411_364.png,01M214C6Z85CZDH1N1HARPXC77,01M214E3AZ6Y0RHEASN5NQEEJN,1788892903948,NA,1
01M21534WXE4K0JRW4GG1QGAG8,01M20X13PNQ3DCXFM6ND825C25,training,7,0,8,48,12,9,/tangrams/130_34.png,A2,"[""/tangrams/144_469.png"",""/tangrams/39_34.png"",""/tangrams/130_129.png"",""/tangrams/130_34.png""]","[""B4"",""C2"",""A3"",""A2""]",/tangrams/130_34.png,TRUE,/tangrams/130_34.png,01M214JN3YRRY4RAVQ10A1MK5E,01M214P0SMCPMD4G6CRK6QKHYR,1788893866822,NA,1
01M215AAH8EJSQDBGJBRR65W06,01M20X12WE7PPHA7JSTZZ2E6FT,training,15,1,4,48,12,8,/tangrams/192_235.png,D3,"[""/tangrams/192_235.png"",""/tangrams/368_219.png"",""/tangrams/265_436.png"",""/tangrams/353_444.png""]","[""D3"",""A2"",""C1"",""B4""]",/tangrams/192_235.png,TRUE,/tangrams/192_235.png,01M2154MN76WHSRHJG8SAKSTFM,01M2154T01JJAXZD005VWMS05B,1788894254048,NA,2
01M215D072A7VEA9QEJ08NC26S,01M20X14TW6FQW067YRK6RNDKN,training,36,3,1,48,12,9,/tangrams/144_469.png,B4,"[""/tangrams/49_34.png"",""/tangrams/39_181.png"",""/tangrams/130_129.png"",""/tangrams/144_469.png""]","[""D2"",""C1"",""A3"",""B4""]",/tangrams/39_181.png,FALSE,/tangrams/39_181.png,01M2156K7QTNRYHY4BTF9XK016,01M2154QPBTEQ4FE8D65KC2SJY,1788894926066,NA,4
01M215DN04935DWH266WJ9P8FA,01M20X15BBYTN3YPSFQGJ5ZXF5,training,24,2,1,48,12,10,/tangrams/62_107.png,C4,"[""/tangrams/411_463.png"",""/tangrams/62_107.png"",""/tangrams/382_364.png"",""/tangrams/18_112.png""]","[""B1"",""C4"",""D2"",""A3""]",/tangrams/62_107.png,TRUE,/tangrams/62_107.png,01M21567THKMHSR683ZH4K0TNA,01M21552Z3FC5ZE6SYNEHHVAW4,1788895188925,NA,3
01M215K3A2J4E34AB4MKPT3CJK,01M20X175HY3CRCTEMGHN0JEQ3,training,20,1,9,48,12,11,/tangrams/455_156.png,D1,"[""/tangrams/316_392.png"",""/tangrams/455_156.png"",""/tangrams/296_345.png"",""/tangrams/293_227.png""]","[""A2"",""D1"",""C4"",""B3""]",/tangrams/455_156.png,TRUE,/tangrams/455_156.png,01M2154P1EJW4QYGH77ZY8V300,01M2154HBQMMKX5AJ9BGZ61E13,1788894361408,NA,2
01M215PN4B4NYKM2JT936CVJJE,01M215M9N7M1Y02J02DK7JKTQA,training,35,2,12,48,12,13,/tangrams/113_142.png,C1,"[""/tangrams/42_164.png"",""/tangrams/113_142.png"",""/tangrams/403_335.png"",""/tangrams/66_63.png""]","[""B3"",""C1"",""D2"",""A4""]",NA,NA,NA,NA,NA,NA,NA,3
01M215AAEE0NKT68DW531574NC,01M20X12WE7PPHA7JSTZZ2E6FT,training,9,0,10,48,12,8,/tangrams/353_436.png,B1,"[""/tangrams/368_219.png"",""/tangrams/353_436.png"",""/tangrams/265_444.png"",""/tangrams/192_235.png""]","[""A2"",""B1"",""C4"",""D3""]",/tangrams/353_436.png,TRUE,/tangrams/353_436.png,01M2154MN76WHSRHJG8SAKSTFM,01M2154T01JJAXZD005VWMS05B,1788894079065,NA,1
01M215M0XHFRPYXK5Q7ASPSEMS,01M215K1RCENCVM87G4759AF5H,training,0,0,1,48,12,12,/tangrams/72_312.png,A2,"[""/tangrams/72_312.png"",""/tangrams/244_213.png"",""/tangrams/137_345.png"",""/tangrams/161_275.png""]","[""A2"",""B3"",""D1"",""C4""]",NA,FALSE,NA,01M215AVP11B8QPDVCJRC6C334,01M21569Y0RK1B1KAXYKBVZA95,NA,NA,1
01M215PMZZS0XM7R3WNJM50JDW,01M215M9N7M1Y02J02DK7JKTQA,training,31,2,8,48,12,13,/tangrams/66_164.png,A3,"[""/tangrams/403_142.png"",""/tangrams/113_335.png"",""/tangrams/42_63.png"",""/tangrams/66_164.png""]","[""D1"",""C2"",""B4"",""A3""]",NA,NA,NA,NA,NA,NA,NA,3
01M215PNH8S92BHESN9GEXNMJ5,01M215M9N7M1Y02J02DK7JKTQA,training,45,3,10,48,12,13,/tangrams/42_164.png,B3,"[""/tangrams/66_63.png"",""/tangrams/113_335.png"",""/tangrams/403_142.png"",""/tangrams/42_164.png""]","[""A4"",""C2"",""D1"",""B3""]",NA,NA,NA,NA,NA,NA,NA,4
01M20XZDAHWE0X9QFHJBZGT3A1,01M20WZK596SFHM9YDB6TD7NK1,training,30,2,7,48,12,6,/tangrams/275_324.png,A3,"[""/tangrams/81_264.png"",""/tangrams/445_324.png"",""/tangrams/275_153.png"",""/tangrams/275_324.png""]","[""B1"",""D3"",""A4"",""A3""]",/tangrams/275_324.png,TRUE,/tangrams/275_324.png,01M20XSN3R16DSBXVRQKQSS665,01M20X6CEXP7W9NTPEWK7QNX8Z,1788887102196,NA,3
01M20Z96J0DJ4ZKCY7T65KNNYM,01M20X11N92ZFWXFVKY2CVEME8,training,3,0,4,48,12,9,/tangrams/130_129.png,A3,"[""/tangrams/144_469.png"",""/tangrams/130_129.png"",""/tangrams/49_181.png"",""/tangrams/39_34.png""]","[""B4"",""A3"",""D1"",""C2""]",NA,FALSE,NA,01M20YGVWYARZ695AWDNJ9TT2P,01M20YR2K07K9X60T54DN4Z8Q0,NA,NA,1
01M214NAZV4DTK9FNGF71D2XAF,01M20X13PJV655EHMJRF5XR4PG,training,26,2,3,48,12,10,/tangrams/62_112.png,C3,"[""/tangrams/57_85.png"",""/tangrams/382_107.png"",""/tangrams/62_112.png"",""/tangrams/411_364.png""]","[""F2"",""D4"",""C3"",""B2""]",NA,NA,NA,NA,NA,NA,NA,3
01M215B0SJXRJVSM73YCBDR533,01M20X13PPQ56SF2D1TXYZ1GT1,training,25,2,2,48,12,8,/tangrams/353_444.png,B4,"[""/tangrams/368_219.png"",""/tangrams/265_436.png"",""/tangrams/192_235.png"",""/tangrams/353_444.png""]","[""A2"",""C1"",""D3"",""B4""]",/tangrams/353_444.png,TRUE,/tangrams/353_444.png,01M21549E1T7PGG1H0FCWWP74Z,01M2155RV91S7EYVKS22CN3J6W,1788894979682,NA,3
01M215DMZD8KHN6JANEYADV9WW,01M20X15BBYTN3YPSFQGJ5ZXF5,training,23,1,12,48,12,10,/tangrams/411_107.png,B4,"[""/tangrams/411_107.png"",""/tangrams/382_463.png"",""/tangrams/62_364.png"",""/tangrams/18_112.png""]","[""B4"",""D1"",""C2"",""A3""]",/tangrams/411_107.png,TRUE,/tangrams/411_107.png,01M21552Z3FC5ZE6SYNEHHVAW4,01M21567THKMHSR683ZH4K0TNA,1788895166933,NA,2
01M215K2Y0E3C7VH2Y0Z81SX3H,01M20X175HY3CRCTEMGHN0JEQ3,training,11,0,12,48,12,11,/tangrams/293_156.png,B1,"[""/tangrams/316_227.png"",""/tangrams/293_156.png"",""/tangrams/296_345.png"",""/tangrams/455_392.png""]","[""A3"",""B1"",""C4"",""D2""]",/tangrams/293_156.png,TRUE,/tangrams/293_156.png,01M2154HBQMMKX5AJ9BGZ61E13,01M2154P1EJW4QYGH77ZY8V300,1788894163591,NA,1
01M215M1CPGWHB0413RVEV2293,01M215K1RCENCVM87G4759AF5H,training,33,2,10,48,12,12,/tangrams/244_213.png,B3,"[""/tangrams/244_213.png"",""/tangrams/72_275.png"",""/tangrams/161_345.png"",""/tangrams/137_312.png""]","[""B3"",""A4"",""C1"",""D2""]",/tangrams/244_213.png,TRUE,/tangrams/244_213.png,01M21569Y0RK1B1KAXYKBVZA95,01M215AVP11B8QPDVCJRC6C334,1788895243750,NA,3
01M215M24XFBHHV2WVB9JEVWY3,01M215K1RCENCVM87G4759AF5H,training,8,0,9,48,12,12,/tangrams/137_213.png,D3,"[""/tangrams/137_213.png"",""/tangrams/161_345.png"",""/tangrams/244_275.png"",""/tangrams/72_312.png""]","[""D3"",""C1"",""B4"",""A2""]",/tangrams/137_213.png,TRUE,/tangrams/137_213.png,01M215AVP11B8QPDVCJRC6C334,01M21569Y0RK1B1KAXYKBVZA95,1788894785376,NA,1
01M20XZDDBQRN2P4Z6JA586G2P,01M20WZK596SFHM9YDB6TD7NK1,training,27,2,4,48,12,6,/tangrams/445_324.png,D3,"[""/tangrams/445_324.png"",""/tangrams/81_324.png"",""/tangrams/445_264.png"",""/tangrams/275_437.png""]","[""D3"",""B3"",""D1"",""A2""]",/tangrams/445_324.png,TRUE,/tangrams/445_324.png,01M20X6CEXP7W9NTPEWK7QNX8Z,01M20XSN3R16DSBXVRQKQSS665,1788886992674,NA,3
01M20YSTQ7MDH3W3N1PZE71928,01M20X0YW80CVJTXB8KR0PJ9Z8,training,21,1,10,48,12,8,/tangrams/353_444.png,B4,"[""/tangrams/265_219.png"",""/tangrams/192_436.png"",""/tangrams/353_444.png"",""/tangrams/368_235.png""]","[""C2"",""D1"",""B4"",""A3""]",NA,NA,NA,NA,NA,NA,NA,2
01M214YX904XM41AGM53N0PZ30,01M20X148VH9T6HPBHADHZGVW4,training,32,2,9,48,12,11,/tangrams/316_156.png,A1,"[""/tangrams/316_156.png"",""/tangrams/293_392.png"",""/tangrams/455_345.png"",""/tangrams/328_256.png""]","[""A1"",""B2"",""D4"",""F7""]",/tangrams/316_156.png,TRUE,/tangrams/316_156.png,01M214D5P3NXWG18WF1J3F1VFS,01M214CEQK5BQH1Z1J11PQVC16,1788894350363,NA,3
01M21534V3BGD8DPZ8V8765MGY,01M20X13PNQ3DCXFM6ND825C25,training,11,0,12,48,12,9,/tangrams/39_34.png,C2,"[""/tangrams/130_129.png"",""/tangrams/39_34.png"",""/tangrams/39_181.png"",""/tangrams/49_34.png""]","[""A3"",""C2"",""C1"",""D2""]",/tangrams/39_34.png,TRUE,/tangrams/39_34.png,01M214JN3YRRY4RAVQ10A1MK5E,01M214P0SMCPMD4G6CRK6QKHYR,1788894049662,NA,1
01M215CZKNCDTERSTYKH6S0CGS,01M20X14TW6FQW067YRK6RNDKN,training,0,0,1,48,12,9,/tangrams/144_181.png,B1,"[""/tangrams/144_181.png"",""/tangrams/39_34.png"",""/tangrams/130_469.png"",""/tangrams/49_129.png""]","[""B1"",""C2"",""A4"",""D3""]",/tangrams/39_34.png,FALSE,/tangrams/39_34.png,01M2156K7QTNRYHY4BTF9XK016,01M2154QPBTEQ4FE8D65KC2SJY,1788893736740,NA,1
01M20YD5XDBDZEHKSK22W3E2EW,01M20WZK57NAX0A8X7B3WNHQN9,training,7,0,8,48,12,8,/tangrams/371_100.png,F1,"[""/tangrams/194_445.png"",""/tangrams/371_100.png"",""/tangrams/277_238.png"",""/tangrams/192_444.png""]","[""F3"",""F1"",""F8"",""D4""]",/tangrams/371_100.png,TRUE,/tangrams/371_100.png,01M20XW9BF9HJ5QA1N7YCTN8ZM,01M20Y7KTG16QCRZCK67K4YDTR,1788886534373,NA,1
01M20YSTSF9GC9H0P1FTRE5TRE,01M20X0YW80CVJTXB8KR0PJ9Z8,training,46,3,11,48,12,8,/tangrams/192_436.png,D1,"[""/tangrams/368_219.png"",""/tangrams/265_444.png"",""/tangrams/353_235.png"",""/tangrams/192_436.png""]","[""A2"",""C4"",""B3"",""D1""]",NA,NA,NA,NA,NA,NA,NA,4
01M215B0MMETR9S5DNG0V8179N,01M20X13PPQ56SF2D1TXYZ1GT1,training,2,0,3,48,12,8,/tangrams/353_444.png,B4,"[""/tangrams/353_444.png"",""/tangrams/192_436.png"",""/tangrams/265_219.png"",""/tangrams/368_235.png""]","[""B4"",""D1"",""C2"",""A3""]",/tangrams/353_444.png,TRUE,/tangrams/353_444.png,01M2155RV91S7EYVKS22CN3J6W,01M21549E1T7PGG1H0FCWWP74Z,1788894357970,NA,1
01M215Z3S56NZJZVGTEEA65ANM,01M20X14TTKZWGB70XGMAFRR2H,training,46,3,11,48,12,8,/tangrams/368_235.png,A3,"[""/tangrams/368_235.png"",""/tangrams/192_219.png"",""/tangrams/368_444.png"",""/tangrams/353_235.png""]","[""A3"",""D2"",""A4"",""B3""]",/tangrams/368_235.png,TRUE,/tangrams/368_235.png,01M215FK0ZT4PGXXVV13WRHJPB,01M215F66CRM1GV0R6SDQ69WCM,1788897127563,NA,4
01M20Z96KD576HXV74RNXQ94YT,01M20X11N92ZFWXFVKY2CVEME8,training,20,1,9,48,12,9,/tangrams/144_469.png,B4,"[""/tangrams/39_181.png"",""/tangrams/49_34.png"",""/tangrams/144_469.png"",""/tangrams/130_129.png""]","[""C1"",""D2"",""B4"",""A3""]",NA,NA,NA,NA,NA,NA,NA,2
01M214NB9MS0NXBW43P4NSB2D3,01M20X13PJV655EHMJRF5XR4PG,training,43,3,8,48,12,10,/tangrams/284_245.png,F7,"[""/tangrams/284_245.png"",""/tangrams/405_327.png"",""/tangrams/382_107.png"",""/tangrams/316_89.png""]","[""F7"",""F1"",""D4"",""F3""]",NA,NA,NA,NA,NA,NA,NA,4
01M214QKHNXVHFGNVGH5RKDEEK,01M20X0YW742ZY2EX5FCQ61EFA,training,36,3,1,48,12,8,/tangrams/192_219.png,D2,"[""/tangrams/192_219.png"",""/tangrams/265_219.png"",""/tangrams/192_436.png"",""/tangrams/353_444.png""]","[""D2"",""C2"",""D1"",""B4""]",NA,NA,NA,NA,NA,NA,NA,4
01M214ZFX65S1QM1ZQAZFS1GQM,01M20X12WDNRHQCMYC0R9VEVHQ,training,11,0,12,48,12,9,/tangrams/49_129.png,D3,"[""/tangrams/49_34.png"",""/tangrams/49_129.png"",""/tangrams/130_129.png"",""/tangrams/144_181.png""]","[""D2"",""D3"",""A3"",""B1""]",NA,NA,NA,NA,NA,NA,NA,1
01M215B0VZF6DZZ3NC7SK6WS5J,01M20X13PPQ56SF2D1TXYZ1GT1,training,21,1,10,48,12,8,/tangrams/353_436.png,B1,"[""/tangrams/265_444.png"",""/tangrams/353_436.png"",""/tangrams/192_235.png"",""/tangrams/368_219.png""]","[""C4"",""B1"",""D3"",""A2""]",/tangrams/353_436.png,TRUE,/tangrams/353_436.png,01M21549E1T7PGG1H0FCWWP74Z,01M2155RV91S7EYVKS22CN3J6W,1788894882405,NA,2
01M215CZNQ6QKER2NGSZSRH2N8,01M20X14TW6FQW067YRK6RNDKN,training,10,0,11,48,12,9,/tangrams/39_34.png,C2,"[""/tangrams/49_129.png"",""/tangrams/130_469.png"",""/tangrams/39_34.png"",""/tangrams/144_181.png""]","[""D3"",""A4"",""C2"",""B1""]",/tangrams/39_34.png,TRUE,/tangrams/39_34.png,01M2156K7QTNRYHY4BTF9XK016,01M2154QPBTEQ4FE8D65KC2SJY,1788894124243,NA,1
01M215DMKP5Y61QA6G8A4NB652,01M20X15BBYTN3YPSFQGJ5ZXF5,training,4,0,5,48,12,10,/tangrams/62_364.png,C2,"[""/tangrams/411_463.png"",""/tangrams/382_112.png"",""/tangrams/18_107.png"",""/tangrams/62_364.png""]","[""B1"",""D3"",""A4"",""C2""]",/tangrams/62_364.png,TRUE,/tangrams/62_364.png,01M21567THKMHSR683ZH4K0TNA,01M21552Z3FC5ZE6SYNEHHVAW4,1788894367951,NA,1
01M215HAV0Y0NV8PH40DKZTY1D,01M20X16AD7EKSEGH5WBVM39Q0,training,1,0,2,48,12,11,/tangrams/293_156.png,B1,"[""/tangrams/296_345.png"",""/tangrams/316_392.png"",""/tangrams/455_227.png"",""/tangrams/293_156.png""]","[""C4"",""A2"",""D3"",""B1""]",/tangrams/293_156.png,TRUE,/tangrams/293_156.png,01M2153SDRH4EZ5F2YRG65W4Z9,01M2155PH51FH1Y7QSBY0YCPQ8,1788894219409,NA,1
01M215HAY44VS5J6B49QV3V0V4,01M20X16AD7EKSEGH5WBVM39Q0,training,6,0,7,48,12,11,/tangrams/455_392.png,D2,"[""/tangrams/296_345.png"",""/tangrams/293_156.png"",""/tangrams/455_392.png"",""/tangrams/316_227.png""]","[""C4"",""B1"",""D2"",""A3""]",/tangrams/316_227.png,FALSE,/tangrams/316_227.png,01M2155PH51FH1Y7QSBY0YCPQ8,01M2153SDRH4EZ5F2YRG65W4Z9,1788894480397,NA,1
01M215N33QHX1FWS7XPFCAQJZ7,01M215K2BSVQ6X8DX5GH1YZX6B,training,20,1,9,48,12,12,/tangrams/244_275.png,B4,"[""/tangrams/244_275.png"",""/tangrams/137_345.png"",""/tangrams/72_213.png"",""/tangrams/161_312.png""]","[""B4"",""D1"",""A3"",""C2""]",/tangrams/244_275.png,TRUE,/tangrams/244_275.png,01M2159JAWAFEZB1KH9W5K5DTC,01M2157YJ34JPNQ0ZE6DJJD3G3,1788895341833,NA,2
01M215PM2KXZF1KY55JP0958A9,01M215M9N7M1Y02J02DK7JKTQA,training,2,0,3,48,12,13,/tangrams/66_63.png,A4,"[""/tangrams/403_142.png"",""/tangrams/66_63.png"",""/tangrams/42_164.png"",""/tangrams/113_335.png""]","[""D1"",""A4"",""B3"",""C2""]",NA,NA,NA,NA,NA,NA,NA,1
01M214K24C1XS90R31DVE3KJ0B,01M20X11N5A2NXXZZPJ1AXFSW6,training,30,2,7,48,12,9,/tangrams/364_46.png,F1,"[""/tangrams/455_435.png"",""/tangrams/49_469.png"",""/tangrams/144_34.png"",""/tangrams/364_46.png""]","[""F4"",""D4"",""B2"",""F1""]",/tangrams/364_46.png,TRUE,/tangrams/364_46.png,01M214ERNYBYY3EBY90CCRQDQJ,01M214DGSKEJ8ZAHQ4WC2E0G7N,1788893617314,NA,3
01M214K26N4KH8D795ESPS8V3D,01M20X11N5A2NXXZZPJ1AXFSW6,training,19,1,8,48,12,9,/tangrams/49_469.png,D4,"[""/tangrams/47_268.png"",""/tangrams/89_182.png"",""/tangrams/49_469.png"",""/tangrams/144_34.png""]","[""F6"",""F5"",""D4"",""B2""]",/tangrams/144_34.png,FALSE,/tangrams/144_34.png,01M214DGSKEJ8ZAHQ4WC2E0G7N,01M214ERNYBYY3EBY90CCRQDQJ,1788893100568,NA,2
01M214K281337HP47XKX8GK5XW,01M20X11N5A2NXXZZPJ1AXFSW6,training,12,1,1,48,12,9,/tangrams/130_181.png,A1,"[""/tangrams/364_46.png"",""/tangrams/49_469.png"",""/tangrams/133_40.png"",""/tangrams/130_181.png""]","[""F1"",""D4"",""F8"",""A1""]",/tangrams/130_181.png,TRUE,/tangrams/130_181.png,01M214ERNYBYY3EBY90CCRQDQJ,01M214DGSKEJ8ZAHQ4WC2E0G7N,1788892913659,NA,2
01M214QK514VFNR9A0KWC8YKW0,01M20X0YW742ZY2EX5FCQ61EFA,training,31,2,8,48,12,8,/tangrams/368_444.png,A4,"[""/tangrams/368_444.png"",""/tangrams/265_436.png"",""/tangrams/353_444.png"",""/tangrams/368_219.png""]","[""A4"",""C1"",""B4"",""A2""]",NA,NA,NA,NA,NA,NA,NA,3
01M215PMQKHW04XM2X0Z4D9MJ0,01M215M9N7M1Y02J02DK7JKTQA,training,23,1,12,48,12,13,/tangrams/42_164.png,B3,"[""/tangrams/66_63.png"",""/tangrams/113_335.png"",""/tangrams/42_164.png"",""/tangrams/403_142.png""]","[""A4"",""C2"",""B3"",""D1""]",NA,NA,NA,NA,NA,NA,NA,2
01M20YSTSAWXYMGW5BR5Q7PJRC,01M20X0YW80CVJTXB8KR0PJ9Z8,training,17,1,6,48,12,8,/tangrams/265_219.png,C2,"[""/tangrams/265_219.png"",""/tangrams/368_235.png"",""/tangrams/353_444.png"",""/tangrams/192_436.png""]","[""C2"",""A3"",""B4"",""D1""]",NA,NA,NA,NA,NA,NA,NA,2
01M214KY23X34EPVX6Q8PCT4DC,01M20X12WH32MX7V56M1SN262T,training,12,1,1,48,12,10,/tangrams/57_85.png,F2,"[""/tangrams/57_85.png"",""/tangrams/405_327.png"",""/tangrams/411_364.png"",""/tangrams/180_425.png""]","[""F2"",""F1"",""B2"",""F5""]",/tangrams/57_85.png,TRUE,/tangrams/57_85.png,01M214C29BTAAYH03KHSYPYBMR,01M214AY9SMBAC3FWH0EN358MB,1788893175031,NA,2
01M214NAZHW233MNKV0P701GQK,01M20X13PJV655EHMJRF5XR4PG,training,27,2,4,48,12,10,/tangrams/180_425.png,F5,"[""/tangrams/180_425.png"",""/tangrams/382_107.png"",""/tangrams/411_364.png"",""/tangrams/315_224.png""]","[""F5"",""D4"",""B2"",""F6""]",NA,NA,NA,NA,NA,NA,NA,3
01M214QP7EGVF4MAWC6MWJVSMR,01M20X11N8F7DPTR5329TXEJ69,training,20,1,9,48,12,8,/tangrams/353_436.png,B1,"[""/tangrams/368_444.png"",""/tangrams/353_436.png"",""/tangrams/265_436.png"",""/tangrams/353_235.png""]","[""A4"",""B1"",""C1"",""B3""]",NA,NA,NA,NA,NA,NA,NA,2
01M215B0X43PYKEHQRCZE77M84,01M20X13PPQ56SF2D1TXYZ1GT1,training,19,1,8,48,12,8,/tangrams/368_219.png,A2,"[""/tangrams/192_436.png"",""/tangrams/265_444.png"",""/tangrams/353_235.png"",""/tangrams/368_219.png""]","[""D1"",""C4"",""B3"",""A2""]",/tangrams/368_219.png,TRUE,/tangrams/368_219.png,01M21549E1T7PGG1H0FCWWP74Z,01M2155RV91S7EYVKS22CN3J6W,1788894835990,NA,2
01M215CZTW8VBGAQ2Y2XBG286T,01M20X14TW6FQW067YRK6RNDKN,training,18,1,7,48,12,9,/tangrams/49_34.png,D2,"[""/tangrams/39_469.png"",""/tangrams/130_129.png"",""/tangrams/49_34.png"",""/tangrams/144_181.png""]","[""C4"",""A3"",""D2"",""B1""]",/tangrams/49_34.png,TRUE,/tangrams/49_34.png,01M2156K7QTNRYHY4BTF9XK016,01M2154QPBTEQ4FE8D65KC2SJY,1788894390412,NA,2
01M215DN4SCJDTYGM84CSAY3VT,01M20X15BBYTN3YPSFQGJ5ZXF5,training,32,2,9,48,12,10,/tangrams/18_107.png,A4,"[""/tangrams/411_112.png"",""/tangrams/62_463.png"",""/tangrams/382_364.png"",""/tangrams/18_107.png""]","[""B3"",""C1"",""D2"",""A4""]",/tangrams/18_107.png,TRUE,/tangrams/18_107.png,01M21567THKMHSR683ZH4K0TNA,01M21552Z3FC5ZE6SYNEHHVAW4,1788895448357,NA,3
01M215HBAGAD1Y8QPHZ94KWETP,01M20X16AD7EKSEGH5WBVM39Q0,training,20,1,9,48,12,11,/tangrams/293_156.png,B1,"[""/tangrams/293_156.png"",""/tangrams/455_227.png"",""/tangrams/296_392.png"",""/tangrams/316_345.png""]","[""B1"",""D3"",""C2"",""A4""]",/tangrams/293_156.png,TRUE,/tangrams/293_156.png,01M2155PH51FH1Y7QSBY0YCPQ8,01M2153SDRH4EZ5F2YRG65W4Z9,1788895028619,NA,2
01M215K3FJ7VKGHAJNHGPR4SH1,01M20X175HY3CRCTEMGHN0JEQ3,training,26,2,3,48,12,11,/tangrams/296_156.png,C1,"[""/tangrams/316_227.png"",""/tangrams/455_392.png"",""/tangrams/293_345.png"",""/tangrams/296_156.png""]","[""A3"",""D2"",""B4"",""C1""]",/tangrams/296_156.png,TRUE,/tangrams/296_156.png,01M2154P1EJW4QYGH77ZY8V300,01M2154HBQMMKX5AJ9BGZ61E13,1788894474741,NA,3
01M215M1BS7KPT8HWFT3KRQKA7,01M215K1RCENCVM87G4759AF5H,training,34,2,11,48,12,12,/tangrams/72_312.png,A2,"[""/tangrams/72_312.png"",""/tangrams/244_345.png"",""/tangrams/137_213.png"",""/tangrams/161_275.png""]","[""A2"",""B1"",""D3"",""C4""]",/tangrams/72_312.png,TRUE,/tangrams/72_312.png,01M215AVP11B8QPDVCJRC6C334,01M21569Y0RK1B1KAXYKBVZA95,1788895259957,NA,3
01M215Z35RYA3YSD2Z33DE8PW3,01M20X14TTKZWGB70XGMAFRR2H,training,29,2,6,48,12,8,/tangrams/265_436.png,C1,"[""/tangrams/368_235.png"",""/tangrams/265_436.png"",""/tangrams/265_444.png"",""/tangrams/192_436.png""]","[""A3"",""C1"",""C4"",""D1""]",/tangrams/265_436.png,TRUE,/tangrams/265_436.png,01M215F66CRM1GV0R6SDQ69WCM,01M215FK0ZT4PGXXVV13WRHJPB,1788896439635,NA,3
01M20YSTR83N6E3DT5ZDCVWXJW,01M20X0YW80CVJTXB8KR0PJ9Z8,training,26,2,3,48,12,8,/tangrams/192_235.png,D3,"[""/tangrams/265_219.png"",""/tangrams/353_436.png"",""/tangrams/368_444.png"",""/tangrams/192_235.png""]","[""C2"",""B1"",""A4"",""D3""]",NA,NA,NA,NA,NA,NA,NA,3
01M215GFR0SGZXBN88NGN9YF8D,01M20X14TPRK3E5KMRXWZZW19Q,training,5,0,6,48,12,9,/tangrams/144_34.png,B2,"[""/tangrams/436_72.png"",""/tangrams/6_423.png"",""/tangrams/144_34.png"",""/tangrams/89_182.png""]","[""F7"",""F3"",""B2"",""F5""]",/tangrams/89_182.png,FALSE,/tangrams/89_182.png,01M214B7NK5TMY7WTYY3DVP911,01M214C4QNBNJ9JQSE7YJ5TDCV,1788894280040,NA,1
01M215GGM086C0Y4W6EC7VWQ4M,01M20X14TPRK3E5KMRXWZZW19Q,training,45,3,10,48,12,9,/tangrams/133_40.png,F8,"[""/tangrams/133_40.png"",""/tangrams/455_435.png"",""/tangrams/364_46.png"",""/tangrams/130_181.png""]","[""F8"",""F4"",""F1"",""A1""]",/tangrams/133_40.png,TRUE,/tangrams/133_40.png,01M214B7NK5TMY7WTYY3DVP911,01M214C4QNBNJ9JQSE7YJ5TDCV,1788895580825,NA,4
01M215PMPNXV4S85QXJTTDZ3FF,01M215M9N7M1Y02J02DK7JKTQA,training,22,1,11,48,12,13,/tangrams/403_164.png,D3,"[""/tangrams/66_63.png"",""/tangrams/42_142.png"",""/tangrams/113_335.png"",""/tangrams/403_164.png""]","[""A4"",""B1"",""C2"",""D3""]",NA,NA,NA,NA,NA,NA,NA,2
01M20YD5ZQH3Y17908QAPQDB2J,01M20WZK57NAX0A8X7B3WNHQN9,training,28,2,5,48,12,8,/tangrams/353_219.png,B2,"[""/tangrams/353_219.png"",""/tangrams/265_235.png"",""/tangrams/192_444.png"",""/tangrams/414_365.png""]","[""B2"",""C3"",""D4"",""F6""]",/tangrams/353_219.png,TRUE,/tangrams/353_219.png,01M20Y7KTG16QCRZCK67K4YDTR,01M20XW9BF9HJ5QA1N7YCTN8ZM,1788887011497,NA,3
01M20Z96K70NJS3NPN8P2SMCHC,01M20X11N92ZFWXFVKY2CVEME8,training,22,1,11,48,12,9,/tangrams/130_34.png,A2,"[""/tangrams/49_129.png"",""/tangrams/130_34.png"",""/tangrams/39_181.png"",""/tangrams/144_469.png""]","[""D3"",""A2"",""C1"",""B4""]",NA,NA,NA,NA,NA,NA,NA,2
01M214ZFJSYJXANPC39A5PTD1M,01M20X12WDNRHQCMYC0R9VEVHQ,training,2,0,3,48,12,9,/tangrams/144_181.png,B1,"[""/tangrams/144_129.png"",""/tangrams/130_469.png"",""/tangrams/39_181.png"",""/tangrams/144_181.png""]","[""B3"",""A4"",""C1"",""B1""]",NA,FALSE,NA,01M214DJPXN2G9KF7M584ZNJA7,01M214C73WD84FZC09J8EC4573,NA,NA,1
01M215K2N9XYDP05WRPJCB2F9D,01M20X175HY3CRCTEMGHN0JEQ3,training,2,0,3,48,12,11,/tangrams/455_156.png,D1,"[""/tangrams/296_392.png"",""/tangrams/455_156.png"",""/tangrams/293_345.png"",""/tangrams/316_227.png""]","[""C2"",""D1"",""B4"",""A3""]",/tangrams/296_392.png,FALSE,/tangrams/296_392.png,01M2154P1EJW4QYGH77ZY8V300,01M2154HBQMMKX5AJ9BGZ61E13,1788893875253,NA,1
01M20YKRZJGVYZ2QG4926FHT85,01M20WZK5AY7SPG9YB2GY60XCH,training,20,1,9,48,12,8,/tangrams/265_219.png,C2,"[""/tangrams/265_219.png"",""/tangrams/192_436.png"",""/tangrams/368_444.png"",""/tangrams/353_235.png""]","[""C2"",""D1"",""A4"",""B3""]",NA,NA,NA,NA,NA,NA,NA,2
01M20Z96KQ8MHAHESYZXH9DSPW,01M20X11N92ZFWXFVKY2CVEME8,training,46,3,11,48,12,9,/tangrams/39_181.png,C1,"[""/tangrams/39_181.png"",""/tangrams/144_469.png"",""/tangrams/130_34.png"",""/tangrams/49_129.png""]","[""C1"",""B4"",""A2"",""D3""]",NA,NA,NA,NA,NA,NA,NA,4
01M214YWVZCXP9JFFJ30XVGAMK,01M20X148VH9T6HPBHADHZGVW4,training,20,1,9,48,12,11,/tangrams/311_23.png,F5,"[""/tangrams/293_392.png"",""/tangrams/232_52.png"",""/tangrams/311_23.png"",""/tangrams/328_256.png""]","[""B2"",""F1"",""F5"",""F7""]",/tangrams/311_23.png,TRUE,/tangrams/311_23.png,01M214D5P3NXWG18WF1J3F1VFS,01M214CEQK5BQH1Z1J11PQVC16,1788894058904,NA,2
01M215M0TNTGT5H80TJR01GWB4,01M215K1RCENCVM87G4759AF5H,training,47,3,12,48,12,12,/tangrams/244_213.png,B3,"[""/tangrams/72_312.png"",""/tangrams/244_213.png"",""/tangrams/161_275.png"",""/tangrams/137_345.png""]","[""A2"",""B3"",""C4"",""D1""]",/tangrams/244_213.png,TRUE,/tangrams/244_213.png,01M21569Y0RK1B1KAXYKBVZA95,01M215AVP11B8QPDVCJRC6C334,1788895489073,NA,4
01M215Z30RRYC55XVA9P35KSCQ,01M20X14TTKZWGB70XGMAFRR2H,training,24,2,1,48,12,8,/tangrams/192_235.png,D3,"[""/tangrams/353_444.png"",""/tangrams/368_235.png"",""/tangrams/192_235.png"",""/tangrams/192_219.png""]","[""B4"",""A3"",""D3"",""D2""]",/tangrams/192_235.png,TRUE,/tangrams/192_235.png,01M215FK0ZT4PGXXVV13WRHJPB,01M215F66CRM1GV0R6SDQ69WCM,1788896223720,NA,3
01M20XZDAJ7GE62KTBVYFTXS27,01M20WZK596SFHM9YDB6TD7NK1,training,7,0,8,48,12,6,/tangrams/275_153.png,A4,"[""/tangrams/445_324.png"",""/tangrams/81_153.png"",""/tangrams/275_437.png"",""/tangrams/275_153.png""]","[""D3"",""B4"",""A2"",""A4""]",/tangrams/81_153.png,FALSE,/tangrams/81_153.png,01M20X6CEXP7W9NTPEWK7QNX8Z,01M20XSN3R16DSBXVRQKQSS665,1788886265218,NA,1
01M214YX6CZCXMFJWKXB9KJACW,01M20X148VH9T6HPBHADHZGVW4,training,22,1,11,48,12,11,/tangrams/293_392.png,B2,"[""/tangrams/293_392.png"",""/tangrams/296_227.png"",""/tangrams/444_435.png"",""/tangrams/232_52.png""]","[""B2"",""C3"",""F3"",""F1""]",/tangrams/296_227.png,FALSE,/tangrams/296_227.png,01M214D5P3NXWG18WF1J3F1VFS,01M214CEQK5BQH1Z1J11PQVC16,1788894120539,NA,2
01M215HBPKCGD9F4V8KVEXJ2Q0,01M20X16AD7EKSEGH5WBVM39Q0,training,35,2,12,48,12,11,/tangrams/316_392.png,A2,"[""/tangrams/316_392.png"",""/tangrams/296_156.png"",""/tangrams/293_345.png"",""/tangrams/455_227.png""]","[""A2"",""C1"",""B4"",""D3""]",/tangrams/316_392.png,TRUE,/tangrams/316_392.png,01M2153SDRH4EZ5F2YRG65W4Z9,01M2155PH51FH1Y7QSBY0YCPQ8,1788895479884,NA,3
01M215PMYS00RG5Z860TVSCVVD,01M215M9N7M1Y02J02DK7JKTQA,training,30,2,7,48,12,13,/tangrams/66_335.png,A2,"[""/tangrams/403_164.png"",""/tangrams/42_63.png"",""/tangrams/113_142.png"",""/tangrams/66_335.png""]","[""D3"",""B4"",""C1"",""A2""]",NA,NA,NA,NA,NA,NA,NA,3
01M20YKS7E6HTWV7TB70GMF7EF,01M20WZK5AY7SPG9YB2GY60XCH,training,45,3,10,48,12,8,/tangrams/353_444.png,B4,"[""/tangrams/192_235.png"",""/tangrams/353_444.png"",""/tangrams/265_436.png"",""/tangrams/368_219.png""]","[""D3"",""B4"",""C1"",""A2""]",NA,NA,NA,NA,NA,NA,NA,4
01M20YSTR1T42ZXPW9K1ABQW8C,01M20X0YW80CVJTXB8KR0PJ9Z8,training,29,2,6,48,12,8,/tangrams/368_444.png,A4,"[""/tangrams/368_444.png"",""/tangrams/265_219.png"",""/tangrams/192_436.png"",""/tangrams/353_235.png""]","[""A4"",""C2"",""D1"",""B3""]",NA,NA,NA,NA,NA,NA,NA,3
01M214K21MK481TVYKAK1E1876,01M20X11N5A2NXXZZPJ1AXFSW6,training,9,0,10,48,12,9,/tangrams/130_181.png,A1,"[""/tangrams/455_435.png"",""/tangrams/130_181.png"",""/tangrams/364_46.png"",""/tangrams/436_72.png""]","[""F4"",""A1"",""F1"",""F7""]",/tangrams/130_181.png,TRUE,/tangrams/130_181.png,01M214DGSKEJ8ZAHQ4WC2E0G7N,01M214ERNYBYY3EBY90CCRQDQJ,1788892819202,NA,1
01M215B0WJG397ZBCT71FF6EA2,01M20X13PPQ56SF2D1TXYZ1GT1,training,20,1,9,48,12,8,/tangrams/368_235.png,A3,"[""/tangrams/368_235.png"",""/tangrams/265_219.png"",""/tangrams/192_436.png"",""/tangrams/353_444.png""]","[""A3"",""C2"",""D1"",""B4""]",/tangrams/368_235.png,TRUE,/tangrams/368_235.png,01M2155RV91S7EYVKS22CN3J6W,01M21549E1T7PGG1H0FCWWP74Z,1788894859808,NA,2
01M215GFZGWX1YCZ3KFR424KPD,01M20X14TPRK3E5KMRXWZZW19Q,training,14,1,3,48,12,9,/tangrams/47_268.png,F6,"[""/tangrams/47_268.png"",""/tangrams/89_182.png"",""/tangrams/130_181.png"",""/tangrams/133_40.png""]","[""F6"",""F5"",""A1"",""F8""]",/tangrams/47_268.png,TRUE,/tangrams/47_268.png,01M214C4QNBNJ9JQSE7YJ5TDCV,01M214B7NK5TMY7WTYY3DVP911,1788894596997,NA,2
01M215HB0N48ABZS63SQARVN7A,01M20X16AD7EKSEGH5WBVM39Q0,training,9,0,10,48,12,11,/tangrams/316_345.png,A4,"[""/tangrams/455_227.png"",""/tangrams/296_392.png"",""/tangrams/316_345.png"",""/tangrams/293_156.png""]","[""D3"",""C2"",""A4"",""B1""]",/tangrams/316_345.png,TRUE,/tangrams/316_345.png,01M2153SDRH4EZ5F2YRG65W4Z9,01M2155PH51FH1Y7QSBY0YCPQ8,1788894599973,NA,1
01M20Z96E1VKV9P35FKV3VQYE2,01M20X11N92ZFWXFVKY2CVEME8,training,18,1,7,48,12,9,/tangrams/49_181.png,D1,"[""/tangrams/144_129.png"",""/tangrams/39_469.png"",""/tangrams/49_181.png"",""/tangrams/130_34.png""]","[""B3"",""C4"",""D1"",""A2""]",NA,NA,NA,NA,NA,NA,NA,2
01M214YWVB3K6ZWN4GAYR2VG9P,01M20X148VH9T6HPBHADHZGVW4,training,45,3,10,48,12,11,/tangrams/311_23.png,F5,"[""/tangrams/192_185.png"",""/tangrams/232_52.png"",""/tangrams/444_435.png"",""/tangrams/311_23.png""]","[""F6"",""F1"",""F3"",""F5""]",/tangrams/311_23.png,TRUE,/tangrams/311_23.png,01M214CEQK5BQH1Z1J11PQVC16,01M214D5P3NXWG18WF1J3F1VFS,1788894643266,NA,4
01M215AA7Z615KMHH0K95Q2683,01M20X12WE7PPHA7JSTZZ2E6FT,training,2,0,3,48,12,8,/tangrams/265_444.png,C4,"[""/tangrams/353_235.png"",""/tangrams/265_444.png"",""/tangrams/368_219.png"",""/tangrams/192_436.png""]","[""B3"",""C4"",""A2"",""D1""]",/tangrams/265_444.png,TRUE,/tangrams/265_444.png,01M2154T01JJAXZD005VWMS05B,01M2154MN76WHSRHJG8SAKSTFM,1788893864953,NA,1
01M215BKZETEZW9853V5HSXF9Y,01M20X148Y8KBRQFNJTS9AKRW4,training,16,1,5,48,12,9,/tangrams/130_34.png,A2,"[""/tangrams/144_181.png"",""/tangrams/39_469.png"",""/tangrams/49_129.png"",""/tangrams/130_34.png""]","[""B1"",""C4"",""D3"",""A2""]",/tangrams/130_34.png,TRUE,/tangrams/130_34.png,01M2154JXMHS9BTWF8FWDE7774,01M21546HN9E95PWNR6ZWTAMM2,1788894569074,NA,2
01M215HBM1XQPJQJTPR708G77B,01M20X16AD7EKSEGH5WBVM39Q0,training,32,2,9,48,12,11,/tangrams/293_345.png,B4,"[""/tangrams/296_392.png"",""/tangrams/293_345.png"",""/tangrams/316_227.png"",""/tangrams/455_156.png""]","[""C2"",""B4"",""A3"",""D1""]",/tangrams/293_345.png,TRUE,/tangrams/293_345.png,01M2155PH51FH1Y7QSBY0YCPQ8,01M2153SDRH4EZ5F2YRG65W4Z9,1788895380692,NA,3
01M20Z96M7TJPMSZ8S5FNBC3ZV,01M20X11N92ZFWXFVKY2CVEME8,training,44,3,9,48,12,9,/tangrams/49_34.png,D2,"[""/tangrams/144_129.png"",""/tangrams/39_181.png"",""/tangrams/130_469.png"",""/tangrams/49_34.png""]","[""B3"",""C1"",""A4"",""D2""]",NA,NA,NA,NA,NA,NA,NA,4
01M215AAAWGWAS9DS4TM8B10RA,01M20X12WE7PPHA7JSTZZ2E6FT,training,5,0,6,48,12,8,/tangrams/368_235.png,A3,"[""/tangrams/265_219.png"",""/tangrams/192_436.png"",""/tangrams/353_444.png"",""/tangrams/368_235.png""]","[""C2"",""D1"",""B4"",""A3""]",/tangrams/368_235.png,TRUE,/tangrams/368_235.png,01M2154MN76WHSRHJG8SAKSTFM,01M2154T01JJAXZD005VWMS05B,1788893946898,NA,1
01M215N39YH3A8W2Z86GQYX57A,01M215K2BSVQ6X8DX5GH1YZX6B,training,1,0,2,48,12,12,/tangrams/137_312.png,D2,"[""/tangrams/137_312.png"",""/tangrams/161_345.png"",""/tangrams/244_275.png"",""/tangrams/72_213.png""]","[""D2"",""C1"",""B4"",""A3""]",/tangrams/137_312.png,TRUE,/tangrams/137_312.png,01M2157YJ34JPNQ0ZE6DJJD3G3,01M2159JAWAFEZB1KH9W5K5DTC,1788894626182,NA,1
01M20YD5ZK00A96CHJSZ7ZMZ0Y,01M20WZK57NAX0A8X7B3WNHQN9,training,26,2,3,48,12,8,/tangrams/38_309.png,F5,"[""/tangrams/38_309.png"",""/tangrams/192_444.png"",""/tangrams/101_61.png"",""/tangrams/194_445.png""]","[""F5"",""D4"",""F2"",""F3""]",/tangrams/38_309.png,TRUE,/tangrams/38_309.png,01M20Y7KTG16QCRZCK67K4YDTR,01M20XW9BF9HJ5QA1N7YCTN8ZM,1788886956110,NA,3
01M214K2540GME10F2JHF1H04K,01M20X11N5A2NXXZZPJ1AXFSW6,training,26,2,3,48,12,9,/tangrams/89_182.png,F5,"[""/tangrams/89_182.png"",""/tangrams/39_129.png"",""/tangrams/6_423.png"",""/tangrams/130_181.png""]","[""F5"",""C3"",""F3"",""A1""]",/tangrams/89_182.png,TRUE,/tangrams/89_182.png,01M214ERNYBYY3EBY90CCRQDQJ,01M214DGSKEJ8ZAHQ4WC2E0G7N,1788893554721,NA,3
01M214QP9452HG98FJ3GGP7TTZ,01M20X11N8F7DPTR5329TXEJ69,training,16,1,5,48,12,8,/tangrams/368_219.png,A2,"[""/tangrams/368_235.png"",""/tangrams/368_219.png"",""/tangrams/265_219.png"",""/tangrams/353_436.png""]","[""A3"",""A2"",""C2"",""B1""]",NA,NA,NA,NA,NA,NA,NA,2
01M214YX0E4CF9HP4ZFZXG8AZ9,01M20X148VH9T6HPBHADHZGVW4,training,9,0,10,48,12,11,/tangrams/274_4.png,F2,"[""/tangrams/274_4.png"",""/tangrams/455_345.png"",""/tangrams/192_185.png"",""/tangrams/444_435.png""]","[""F2"",""D4"",""F6"",""F3""]",/tangrams/274_4.png,TRUE,/tangrams/274_4.png,01M214CEQK5BQH1Z1J11PQVC16,01M214D5P3NXWG18WF1J3F1VFS,1788893627677,NA,1
01M215BM54S2SWRWEEKCHDSFGG,01M20X148Y8KBRQFNJTS9AKRW4,training,7,0,8,48,12,9,/tangrams/130_34.png,A2,"[""/tangrams/49_129.png"",""/tangrams/144_469.png"",""/tangrams/39_181.png"",""/tangrams/130_34.png""]","[""D3"",""B4"",""C1"",""A2""]",/tangrams/130_34.png,TRUE,/tangrams/130_34.png,01M21546HN9E95PWNR6ZWTAMM2,01M2154JXMHS9BTWF8FWDE7774,1788894288575,NA,1
01M215CZP8V94NE2VBFXEB0R3Q,01M20X14TW6FQW067YRK6RNDKN,training,11,0,12,48,12,9,/tangrams/130_129.png,A3,"[""/tangrams/130_129.png"",""/tangrams/144_469.png"",""/tangrams/39_181.png"",""/tangrams/49_34.png""]","[""A3"",""B4"",""C1"",""D2""]",/tangrams/130_129.png,TRUE,/tangrams/130_129.png,01M2154QPBTEQ4FE8D65KC2SJY,01M2156K7QTNRYHY4BTF9XK016,1788894152344,NA,1
01M215DN0SJ94967NXPNM46NY0,01M20X15BBYTN3YPSFQGJ5ZXF5,training,25,2,2,48,12,10,/tangrams/382_463.png,D1,"[""/tangrams/18_112.png"",""/tangrams/382_463.png"",""/tangrams/62_364.png"",""/tangrams/411_107.png""]","[""A3"",""D1"",""C2"",""B4""]",/tangrams/382_463.png,TRUE,/tangrams/382_463.png,01M21552Z3FC5ZE6SYNEHHVAW4,01M21567THKMHSR683ZH4K0TNA,1788895241003,NA,3
01M215GG4FTER9TNTAW2SGYR79,01M20X14TPRK3E5KMRXWZZW19Q,training,21,1,10,48,12,9,/tangrams/133_40.png,F8,"[""/tangrams/436_72.png"",""/tangrams/144_34.png"",""/tangrams/133_40.png"",""/tangrams/6_423.png""]","[""F7"",""B2"",""F8"",""F3""]",/tangrams/133_40.png,TRUE,/tangrams/133_40.png,01M214B7NK5TMY7WTYY3DVP911,01M214C4QNBNJ9JQSE7YJ5TDCV,1788894905485,NA,2
01M215DNA7DB1TWGQCTFVBBPF2,01M20X15BBYTN3YPSFQGJ5ZXF5,training,40,3,5,48,12,10,/tangrams/62_364.png,C2,"[""/tangrams/382_463.png"",""/tangrams/411_107.png"",""/tangrams/18_112.png"",""/tangrams/62_364.png""]","[""D1"",""B4"",""A3"",""C2""]",/tangrams/62_364.png,TRUE,/tangrams/62_364.png,01M21567THKMHSR683ZH4K0TNA,01M21552Z3FC5ZE6SYNEHHVAW4,1788895733827,NA,4
01M215EGS95QPVEMA2BKWQGABB,01M20X15T7F67D04XT463JKFRX,training,3,0,4,48,12,10,/tangrams/411_463.png,B1,"[""/tangrams/411_463.png"",""/tangrams/382_112.png"",""/tangrams/62_364.png"",""/tangrams/18_107.png""]","[""B1"",""D3"",""C2"",""A4""]",/tangrams/411_463.png,TRUE,/tangrams/411_463.png,01M2154MFSP4VTTH1ZQNHW7C0J,01M21557T3YDBSX3GT1DB1X6ZD,1788893570596,NA,1
01M215PM7N0EMZ65K4JSK8GBWH,01M215M9N7M1Y02J02DK7JKTQA,training,7,0,8,48,12,13,/tangrams/403_164.png,D3,"[""/tangrams/66_335.png"",""/tangrams/113_63.png"",""/tangrams/403_164.png"",""/tangrams/42_142.png""]","[""A2"",""C4"",""D3"",""B1""]",NA,NA,NA,NA,NA,NA,NA,1
01M20YD5YNZ1YM0WYE2BBP896P,01M20WZK57NAX0A8X7B3WNHQN9,training,46,3,11,48,12,8,/tangrams/371_100.png,F1,"[""/tangrams/194_445.png"",""/tangrams/414_365.png"",""/tangrams/371_100.png"",""/tangrams/447_295.png""]","[""F3"",""F6"",""F1"",""F7""]",/tangrams/371_100.png,TRUE,/tangrams/371_100.png,01M20Y7KTG16QCRZCK67K4YDTR,01M20XW9BF9HJ5QA1N7YCTN8ZM,1788887295737,NA,4
01M214JDNEK0KAW9DWZM72ZX3E,01M20X0YW4S4FB44B5GCQBDAXT,training,45,3,10,48,12,9,/tangrams/130_181.png,A1,"[""/tangrams/47_268.png"",""/tangrams/49_469.png"",""/tangrams/130_181.png"",""/tangrams/144_34.png""]","[""F6"",""D4"",""A1"",""B2""]",NA,NA,NA,NA,NA,NA,NA,4
01M214KY5WNB9JCAEQC0J7R2EN,01M20X12WH32MX7V56M1SN262T,training,32,2,9,48,12,10,/tangrams/415_23.png,F4,"[""/tangrams/180_425.png"",""/tangrams/415_23.png"",""/tangrams/18_463.png"",""/tangrams/382_107.png""]","[""F5"",""F4"",""A1"",""D4""]",/tangrams/415_23.png,TRUE,/tangrams/415_23.png,01M214C29BTAAYH03KHSYPYBMR,01M214AY9SMBAC3FWH0EN358MB,1788893747953,NA,3
01M214ZFJG8JZ9XNFMQE0KQS9T,01M20X12WDNRHQCMYC0R9VEVHQ,training,47,3,12,48,12,9,/tangrams/130_129.png,A3,"[""/tangrams/130_34.png"",""/tangrams/144_129.png"",""/tangrams/130_129.png"",""/tangrams/39_469.png""]","[""A2"",""B3"",""A3"",""C4""]",NA,NA,NA,NA,NA,NA,NA,4
01M215B11NFTDYJBAZEDJX8Z40,01M20X13PPQ56SF2D1TXYZ1GT1,training,11,0,12,48,12,8,/tangrams/192_235.png,D3,"[""/tangrams/353_444.png"",""/tangrams/368_219.png"",""/tangrams/265_436.png"",""/tangrams/192_235.png""]","[""B4"",""A2"",""C1"",""D3""]",/tangrams/192_235.png,TRUE,/tangrams/192_235.png,01M21549E1T7PGG1H0FCWWP74Z,01M2155RV91S7EYVKS22CN3J6W,1788894647376,NA,1
01M215DMW29THQ0D2Z80QMN4A8,01M20X15BBYTN3YPSFQGJ5ZXF5,training,17,1,6,48,12,10,/tangrams/62_107.png,C4,"[""/tangrams/382_112.png"",""/tangrams/18_364.png"",""/tangrams/62_107.png"",""/tangrams/411_463.png""]","[""D3"",""A2"",""C4"",""B1""]",/tangrams/62_107.png,TRUE,/tangrams/62_107.png,01M21552Z3FC5ZE6SYNEHHVAW4,01M21567THKMHSR683ZH4K0TNA,1788894929878,NA,2
01M215B0ZFXYFRE15HAJJW5VRA,01M20X13PPQ56SF2D1TXYZ1GT1,training,15,1,4,48,12,8,/tangrams/192_235.png,D3,"[""/tangrams/353_436.png"",""/tangrams/192_235.png"",""/tangrams/265_219.png"",""/tangrams/368_444.png""]","[""B1"",""D3"",""C2"",""A4""]",/tangrams/192_235.png,TRUE,/tangrams/192_235.png,01M21549E1T7PGG1H0FCWWP74Z,01M2155RV91S7EYVKS22CN3J6W,1788894748119,NA,2
01M215B1DKBYNWPC68YT8WMEAR,01M20X13PPQ56SF2D1TXYZ1GT1,training,28,2,5,48,12,8,/tangrams/265_436.png,C1,"[""/tangrams/265_436.png"",""/tangrams/192_219.png"",""/tangrams/353_235.png"",""/tangrams/368_444.png""]","[""C1"",""D2"",""B3"",""A4""]",/tangrams/265_436.png,TRUE,/tangrams/265_436.png,01M2155RV91S7EYVKS22CN3J6W,01M21549E1T7PGG1H0FCWWP74Z,1788895040569,NA,3
01M215D0B60DFSF7ZQ24G3D8PC,01M20X14TW6FQW067YRK6RNDKN,training,45,3,10,48,12,9,/tangrams/130_34.png,A2,"[""/tangrams/130_34.png"",""/tangrams/49_129.png"",""/tangrams/144_181.png"",""/tangrams/39_469.png""]","[""A2"",""D3"",""B1"",""C4""]",/tangrams/130_34.png,TRUE,/tangrams/130_34.png,01M2154QPBTEQ4FE8D65KC2SJY,01M2156K7QTNRYHY4BTF9XK016,1788895175338,NA,4
01M215PN2BKDPV90X135KMB9RE,01M215M9N7M1Y02J02DK7JKTQA,training,33,2,10,48,12,13,/tangrams/403_142.png,D1,"[""/tangrams/113_63.png"",""/tangrams/403_142.png"",""/tangrams/66_335.png"",""/tangrams/42_164.png""]","[""C4"",""D1"",""A2"",""B3""]",NA,NA,NA,NA,NA,NA,NA,3
01M214NBABJ7QCQQY3MAVWMQAB,01M20X13PJV655EHMJRF5XR4PG,training,40,3,5,48,12,10,/tangrams/18_463.png,A1,"[""/tangrams/411_364.png"",""/tangrams/415_23.png"",""/tangrams/284_245.png"",""/tangrams/18_463.png""]","[""B2"",""F4"",""F7"",""A1""]",NA,NA,NA,NA,NA,NA,NA,4
01M214ZFXMR10J823EC1YMBNP5,01M20X12WDNRHQCMYC0R9VEVHQ,training,20,1,9,48,12,9,/tangrams/130_34.png,A2,"[""/tangrams/49_34.png"",""/tangrams/39_181.png"",""/tangrams/130_469.png"",""/tangrams/130_34.png""]","[""D2"",""C1"",""A4"",""A2""]",NA,NA,NA,NA,NA,NA,NA,2
01M21534M4T7Q6W8749HCJ57YD,01M20X13PNQ3DCXFM6ND825C25,training,22,1,11,48,12,9,/tangrams/130_129.png,A3,"[""/tangrams/144_129.png"",""/tangrams/130_34.png"",""/tangrams/130_129.png"",""/tangrams/49_181.png""]","[""B3"",""A2"",""A3"",""D1""]",/tangrams/130_34.png,FALSE,/tangrams/130_34.png,01M214P0SMCPMD4G6CRK6QKHYR,01M214JN3YRRY4RAVQ10A1MK5E,1788894567467,NA,2
01M20YD603110HH1MXSDS14YQ7,01M20WZK57NAX0A8X7B3WNHQN9,training,29,2,6,48,12,8,/tangrams/414_365.png,F6,"[""/tangrams/353_219.png"",""/tangrams/311_205.png"",""/tangrams/414_365.png"",""/tangrams/447_295.png""]","[""B2"",""F4"",""F6"",""F7""]",/tangrams/414_365.png,TRUE,/tangrams/414_365.png,01M20XW9BF9HJ5QA1N7YCTN8ZM,01M20Y7KTG16QCRZCK67K4YDTR,1788887028641,NA,3
01M214QP49RZW96CT66D3EEBNK,01M20X11N8F7DPTR5329TXEJ69,training,26,2,3,48,12,8,/tangrams/192_219.png,D2,"[""/tangrams/265_219.png"",""/tangrams/353_235.png"",""/tangrams/192_436.png"",""/tangrams/192_219.png""]","[""C2"",""B3"",""D1"",""D2""]",NA,NA,NA,NA,NA,NA,NA,3
01M20YD5TJFV7R40TMXDW00W26,01M20WZK57NAX0A8X7B3WNHQN9,training,1,0,2,48,12,8,/tangrams/265_235.png,C3,"[""/tangrams/265_235.png"",""/tangrams/311_205.png"",""/tangrams/368_436.png"",""/tangrams/447_295.png""]","[""C3"",""F4"",""A1"",""F7""]",/tangrams/265_235.png,TRUE,/tangrams/265_235.png,01M20XW9BF9HJ5QA1N7YCTN8ZM,01M20Y7KTG16QCRZCK67K4YDTR,1788886315401,NA,1
01M20Z96FQCF1YBNPX8Q13N0CQ,01M20X11N92ZFWXFVKY2CVEME8,training,12,1,1,48,12,9,/tangrams/144_129.png,B3,"[""/tangrams/39_469.png"",""/tangrams/130_34.png"",""/tangrams/144_129.png"",""/tangrams/49_181.png""]","[""C4"",""A2"",""B3"",""D1""]",NA,NA,NA,NA,NA,NA,NA,2
01M214JDGXMJED6Z1H5NFAFWKX,01M20X0YW4S4FB44B5GCQBDAXT,training,37,3,2,48,12,9,/tangrams/47_268.png,F6,"[""/tangrams/144_34.png"",""/tangrams/6_423.png"",""/tangrams/39_129.png"",""/tangrams/47_268.png""]","[""B2"",""F3"",""C3"",""F6""]",NA,NA,NA,NA,NA,NA,NA,4
01M214KY365VZEBXSVGJR33NT0,01M20X12WH32MX7V56M1SN262T,training,18,1,7,48,12,10,/tangrams/426_419.png,F8,"[""/tangrams/426_419.png"",""/tangrams/57_85.png"",""/tangrams/180_425.png"",""/tangrams/411_364.png""]","[""F8"",""F2"",""F5"",""B2""]",/tangrams/426_419.png,TRUE,/tangrams/426_419.png,01M214C29BTAAYH03KHSYPYBMR,01M214AY9SMBAC3FWH0EN358MB,1788893496767,NA,2
01M214NB6E8Z4G15WQ09WS4HP9,01M20X13PJV655EHMJRF5XR4PG,training,3,0,4,48,12,10,/tangrams/426_419.png,F8,"[""/tangrams/415_23.png"",""/tangrams/57_85.png"",""/tangrams/426_419.png"",""/tangrams/180_425.png""]","[""F4"",""F2"",""F8"",""F5""]",/tangrams/426_419.png,TRUE,/tangrams/426_419.png,01M214C6Z85CZDH1N1HARPXC77,01M214E3AZ6Y0RHEASN5NQEEJN,1788892793871,NA,1
01M215GFQ84QS5EXM1CD0PK4VX,01M20X14TPRK3E5KMRXWZZW19Q,training,4,0,5,48,12,9,/tangrams/6_423.png,F3,"[""/tangrams/47_268.png"",""/tangrams/49_469.png"",""/tangrams/455_435.png"",""/tangrams/6_423.png""]","[""F6"",""D4"",""F4"",""F3""]",/tangrams/49_469.png,FALSE,/tangrams/49_469.png,01M214C4QNBNJ9JQSE7YJ5TDCV,01M214B7NK5TMY7WTYY3DVP911,1788894248213,NA,1
01M215N2SM017APWG99Y9WDMGD,01M215K2BSVQ6X8DX5GH1YZX6B,training,12,1,1,48,12,12,/tangrams/72_213.png,A3,"[""/tangrams/137_312.png"",""/tangrams/161_345.png"",""/tangrams/244_275.png"",""/tangrams/72_213.png""]","[""D2"",""C1"",""B4"",""A3""]",/tangrams/72_213.png,TRUE,/tangrams/72_213.png,01M2159JAWAFEZB1KH9W5K5DTC,01M2157YJ34JPNQ0ZE6DJJD3G3,1788895118403,NA,2
01M215AAEYV9QVWS4ZM4NGP136,01M20X12WE7PPHA7JSTZZ2E6FT,training,10,0,11,48,12,8,/tangrams/192_436.png,D1,"[""/tangrams/368_444.png"",""/tangrams/265_219.png"",""/tangrams/353_235.png"",""/tangrams/192_436.png""]","[""A4"",""C2"",""B3"",""D1""]",/tangrams/192_436.png,TRUE,/tangrams/192_436.png,01M2154T01JJAXZD005VWMS05B,01M2154MN76WHSRHJG8SAKSTFM,1788894099482,NA,1
01M215N3BXNC6MKP21RQPE8DDF,01M215K2BSVQ6X8DX5GH1YZX6B,training,3,0,4,48,12,12,/tangrams/72_275.png,A4,"[""/tangrams/244_345.png"",""/tangrams/72_275.png"",""/tangrams/137_213.png"",""/tangrams/161_312.png""]","[""B1"",""A4"",""D3"",""C2""]",/tangrams/72_275.png,TRUE,/tangrams/72_275.png,01M2157YJ34JPNQ0ZE6DJJD3G3,01M2159JAWAFEZB1KH9W5K5DTC,1788894737620,NA,1
01M20XZDE4ZAZTCS148VQXAX0A,01M20WZK596SFHM9YDB6TD7NK1,training,20,1,9,48,12,6,/tangrams/445_437.png,D2,"[""/tangrams/445_437.png"",""/tangrams/275_437.png"",""/tangrams/445_264.png"",""/tangrams/81_324.png""]","[""D2"",""A2"",""D1"",""B3""]",/tangrams/445_437.png,TRUE,/tangrams/445_437.png,01M20XSN3R16DSBXVRQKQSS665,01M20X6CEXP7W9NTPEWK7QNX8Z,1788886756724,NA,2
01M214JDGF8GE5YE3593HWAXPF,01M20X0YW4S4FB44B5GCQBDAXT,training,34,2,11,48,12,9,/tangrams/144_34.png,B2,"[""/tangrams/39_129.png"",""/tangrams/364_46.png"",""/tangrams/47_268.png"",""/tangrams/144_34.png""]","[""C3"",""F1"",""F6"",""B2""]",NA,NA,NA,NA,NA,NA,NA,3
01M214KY2NXNWKQMA0R7YEFSWY,01M20X12WH32MX7V56M1SN262T,training,15,1,4,48,12,10,/tangrams/18_463.png,A1,"[""/tangrams/316_89.png"",""/tangrams/180_425.png"",""/tangrams/62_112.png"",""/tangrams/18_463.png""]","[""F3"",""F5"",""C3"",""A1""]",/tangrams/18_463.png,TRUE,/tangrams/18_463.png,01M214AY9SMBAC3FWH0EN358MB,01M214C29BTAAYH03KHSYPYBMR,1788893239648,NA,2
01M215K3TPWM376V3REF1X1VS5,01M20X175HY3CRCTEMGHN0JEQ3,training,38,3,3,48,12,11,/tangrams/296_392.png,C2,"[""/tangrams/296_392.png"",""/tangrams/316_345.png"",""/tangrams/455_156.png"",""/tangrams/293_227.png""]","[""C2"",""A4"",""D1"",""B3""]",/tangrams/296_392.png,TRUE,/tangrams/296_392.png,01M2154P1EJW4QYGH77ZY8V300,01M2154HBQMMKX5AJ9BGZ61E13,1788894704191,NA,4
01M215N32Q6CE4CBRAJXCBDK37,01M215K2BSVQ6X8DX5GH1YZX6B,training,19,1,8,48,12,12,/tangrams/137_213.png,D3,"[""/tangrams/161_312.png"",""/tangrams/137_213.png"",""/tangrams/244_345.png"",""/tangrams/72_275.png""]","[""C2"",""D3"",""B1"",""A4""]",/tangrams/137_213.png,TRUE,/tangrams/137_213.png,01M2157YJ34JPNQ0ZE6DJJD3G3,01M2159JAWAFEZB1KH9W5K5DTC,1788895321100,NA,2
01M20XZDCAA26H4PKR05PQF5F0,01M20WZK596SFHM9YDB6TD7NK1,training,37,3,2,48,12,6,/tangrams/4_264.png,C1,"[""/tangrams/81_153.png"",""/tangrams/445_264.png"",""/tangrams/4_264.png"",""/tangrams/4_437.png""]","[""B4"",""D1"",""C1"",""C2""]",/tangrams/4_264.png,TRUE,/tangrams/4_264.png,01M20X6CEXP7W9NTPEWK7QNX8Z,01M20XSN3R16DSBXVRQKQSS665,1788887321796,NA,4
01M20YD5YQWS9VMHYFXBYY74B1,01M20WZK57NAX0A8X7B3WNHQN9,training,22,1,11,48,12,8,/tangrams/265_235.png,C3,"[""/tangrams/101_61.png"",""/tangrams/368_436.png"",""/tangrams/265_235.png"",""/tangrams/38_309.png""]","[""F2"",""A1"",""C3"",""F5""]",/tangrams/38_309.png,FALSE,/tangrams/38_309.png,01M20Y7KTG16QCRZCK67K4YDTR,01M20XW9BF9HJ5QA1N7YCTN8ZM,1788886890559,NA,2
01M20YD5ZJ1GFK6S1NNA31C2HZ,01M20WZK57NAX0A8X7B3WNHQN9,training,25,2,2,48,12,8,/tangrams/277_238.png,F8,"[""/tangrams/277_238.png"",""/tangrams/447_295.png"",""/tangrams/101_61.png"",""/tangrams/192_444.png""]","[""F8"",""F7"",""F2"",""D4""]",/tangrams/277_238.png,TRUE,/tangrams/277_238.png,01M20XW9BF9HJ5QA1N7YCTN8ZM,01M20Y7KTG16QCRZCK67K4YDTR,1788886946294,NA,3
01M20YSTTSQM88ZRQSK3G5K1CS,01M20X0YW80CVJTXB8KR0PJ9Z8,training,35,2,12,48,12,8,/tangrams/265_436.png,C1,"[""/tangrams/368_219.png"",""/tangrams/353_444.png"",""/tangrams/265_436.png"",""/tangrams/192_235.png""]","[""A2"",""B4"",""C1"",""D3""]",NA,NA,NA,NA,NA,NA,NA,3
01M214KXZM29B10JZH5A5765XW,01M20X12WH32MX7V56M1SN262T,training,0,0,1,48,12,10,/tangrams/405_327.png,F1,"[""/tangrams/316_89.png"",""/tangrams/315_224.png"",""/tangrams/405_327.png"",""/tangrams/382_107.png""]","[""F3"",""F6"",""F1"",""D4""]",/tangrams/405_327.png,TRUE,/tangrams/405_327.png,01M214C29BTAAYH03KHSYPYBMR,01M214AY9SMBAC3FWH0EN358MB,1788892646694,NA,1
01M215BMASRS5E78WKMFEH8E8V,01M20X148Y8KBRQFNJTS9AKRW4,training,39,3,4,48,12,9,/tangrams/130_129.png,A3,"[""/tangrams/49_34.png"",""/tangrams/130_129.png"",""/tangrams/39_469.png"",""/tangrams/144_181.png""]","[""D2"",""A3"",""C4"",""B1""]",/tangrams/130_129.png,TRUE,/tangrams/130_129.png,01M21546HN9E95PWNR6ZWTAMM2,01M2154JXMHS9BTWF8FWDE7774,1788895275548,NA,4
01M215BMMZ9RGV40ARAFYGZHS5,01M20X148Y8KBRQFNJTS9AKRW4,training,21,1,10,48,12,9,/tangrams/144_129.png,B3,"[""/tangrams/130_469.png"",""/tangrams/49_181.png"",""/tangrams/144_129.png"",""/tangrams/39_34.png""]","[""A4"",""D1"",""B3"",""C2""]",/tangrams/144_129.png,TRUE,/tangrams/144_129.png,01M21546HN9E95PWNR6ZWTAMM2,01M2154JXMHS9BTWF8FWDE7774,1788894755428,NA,2
01M215N3PR2P2ATZDRF629NWGK,01M215K2BSVQ6X8DX5GH1YZX6B,training,33,2,10,48,12,12,/tangrams/161_312.png,C2,"[""/tangrams/137_345.png"",""/tangrams/244_275.png"",""/tangrams/161_312.png"",""/tangrams/72_213.png""]","[""D1"",""B4"",""C2"",""A3""]",/tangrams/161_312.png,TRUE,/tangrams/161_312.png,01M2157YJ34JPNQ0ZE6DJJD3G3,01M2159JAWAFEZB1KH9W5K5DTC,1788895645368,NA,3
01M20XZDAK8EJQ4JYD0HBWYA4Q,01M20WZK596SFHM9YDB6TD7NK1,training,41,3,6,48,12,6,/tangrams/275_437.png,A2,"[""/tangrams/275_324.png"",""/tangrams/4_153.png"",""/tangrams/275_437.png"",""/tangrams/445_437.png""]","[""A3"",""C4"",""A2"",""D2""]",/tangrams/275_437.png,TRUE,/tangrams/275_437.png,01M20X6CEXP7W9NTPEWK7QNX8Z,01M20XSN3R16DSBXVRQKQSS665,1788887431525,NA,4
01M214NB2YJ1E1GAXJ3162GF4C,01M20X13PJV655EHMJRF5XR4PG,training,13,1,2,48,12,10,/tangrams/415_23.png,F4,"[""/tangrams/382_107.png"",""/tangrams/57_85.png"",""/tangrams/284_245.png"",""/tangrams/415_23.png""]","[""D4"",""F2"",""F7"",""F4""]",/tangrams/415_23.png,TRUE,/tangrams/415_23.png,01M214C6Z85CZDH1N1HARPXC77,01M214E3AZ6Y0RHEASN5NQEEJN,1788893172660,NA,2
01M215B10M6XSKE31WA691B902,01M20X13PPQ56SF2D1TXYZ1GT1,training,13,1,2,48,12,8,/tangrams/353_444.png,B4,"[""/tangrams/265_436.png"",""/tangrams/368_235.png"",""/tangrams/353_444.png"",""/tangrams/192_219.png""]","[""C1"",""A3"",""B4"",""D2""]",/tangrams/353_444.png,TRUE,/tangrams/353_444.png,01M21549E1T7PGG1H0FCWWP74Z,01M2155RV91S7EYVKS22CN3J6W,1788894709387,NA,2
01M215DMPDSPV0ADVCJV0D8DV6,01M20X15BBYTN3YPSFQGJ5ZXF5,training,8,0,9,48,12,10,/tangrams/62_463.png,C1,"[""/tangrams/18_107.png"",""/tangrams/411_112.png"",""/tangrams/382_364.png"",""/tangrams/62_463.png""]","[""A4"",""B3"",""D2"",""C1""]",/tangrams/411_112.png,FALSE,/tangrams/411_112.png,01M21567THKMHSR683ZH4K0TNA,01M21552Z3FC5ZE6SYNEHHVAW4,1788894548849,NA,1
01M215DN22A3S9HGE3R8Y9YCJ3,01M20X15BBYTN3YPSFQGJ5ZXF5,training,27,2,4,48,12,10,/tangrams/382_112.png,D3,"[""/tangrams/382_112.png"",""/tangrams/411_463.png"",""/tangrams/62_107.png"",""/tangrams/18_364.png""]","[""D3"",""B1"",""C4"",""A2""]",/tangrams/382_112.png,TRUE,/tangrams/382_112.png,01M21552Z3FC5ZE6SYNEHHVAW4,01M21567THKMHSR683ZH4K0TNA,1788895304643,NA,3
01M215DNFYC8K0NKHAZZNWDA3P,01M20X15BBYTN3YPSFQGJ5ZXF5,training,47,3,12,48,12,10,/tangrams/382_463.png,D1,"[""/tangrams/18_107.png"",""/tangrams/62_364.png"",""/tangrams/382_463.png"",""/tangrams/411_112.png""]","[""A4"",""C2"",""D1"",""B3""]",/tangrams/18_107.png,FALSE,/tangrams/18_107.png,01M21552Z3FC5ZE6SYNEHHVAW4,01M21567THKMHSR683ZH4K0TNA,1788895959526,NA,4
01M215GGABYAFP7C44BZ1MG3HK,01M20X14TPRK3E5KMRXWZZW19Q,training,29,2,6,48,12,9,/tangrams/130_181.png,A1,"[""/tangrams/130_181.png"",""/tangrams/39_129.png"",""/tangrams/133_40.png"",""/tangrams/6_423.png""]","[""A1"",""C3"",""F8"",""F3""]",/tangrams/6_423.png,FALSE,/tangrams/6_423.png,01M214B7NK5TMY7WTYY3DVP911,01M214C4QNBNJ9JQSE7YJ5TDCV,1788895192452,NA,3
01M21534YK1GFKTF2806QVHRVK,01M20X13PNQ3DCXFM6ND825C25,training,5,0,6,48,12,9,/tangrams/144_469.png,B4,"[""/tangrams/144_469.png"",""/tangrams/144_129.png"",""/tangrams/39_469.png"",""/tangrams/130_34.png""]","[""B4"",""B3"",""C4"",""A2""]",/tangrams/39_469.png,FALSE,/tangrams/39_469.png,01M214JN3YRRY4RAVQ10A1MK5E,01M214P0SMCPMD4G6CRK6QKHYR,1788893776324,NA,1
01M215M1H5S98CY7X1YYY37ZTH,01M215K1RCENCVM87G4759AF5H,training,28,2,5,48,12,12,/tangrams/137_312.png,D2,"[""/tangrams/137_312.png"",""/tangrams/161_275.png"",""/tangrams/244_345.png"",""/tangrams/72_213.png""]","[""D2"",""C4"",""B1"",""A3""]",/tangrams/137_312.png,TRUE,/tangrams/137_312.png,01M215AVP11B8QPDVCJRC6C334,01M21569Y0RK1B1KAXYKBVZA95,1788895155653,NA,3
01M215N3EVJ40A88HPRY5Q57B7,01M215K2BSVQ6X8DX5GH1YZX6B,training,5,0,6,48,12,12,/tangrams/137_213.png,D3,"[""/tangrams/137_213.png"",""/tangrams/244_275.png"",""/tangrams/161_345.png"",""/tangrams/72_312.png""]","[""D3"",""B4"",""C1"",""A2""]",/tangrams/137_213.png,TRUE,/tangrams/137_213.png,01M2157YJ34JPNQ0ZE6DJJD3G3,01M2159JAWAFEZB1KH9W5K5DTC,1788894836686,NA,1
01M215Z2P3CFXTSK0FV1Q3CY1J,01M20X14TTKZWGB70XGMAFRR2H,training,14,1,3,48,12,8,/tangrams/353_436.png,B1,"[""/tangrams/192_436.png"",""/tangrams/353_444.png"",""/tangrams/265_219.png"",""/tangrams/353_436.png""]","[""D1"",""B4"",""C2"",""B1""]",/tangrams/353_436.png,TRUE,/tangrams/353_436.png,01M215FK0ZT4PGXXVV13WRHJPB,01M215F66CRM1GV0R6SDQ69WCM,1788895727243,NA,2
01M20YKRZV4QTYZ9HBD3E6HGW2,01M20WZK5AY7SPG9YB2GY60XCH,training,4,0,5,48,12,8,/tangrams/368_444.png,A4,"[""/tangrams/353_235.png"",""/tangrams/265_219.png"",""/tangrams/192_436.png"",""/tangrams/368_444.png""]","[""B3"",""C2"",""D1"",""A4""]",NA,FALSE,NA,01M20YEZPY4YD17Q43C82WMQ6Y,01M20YD36D9GBWB9F2CSWYDDZG,NA,NA,1
01M20YSTSWZK67C3KKAJHFFE0A,01M20X0YW80CVJTXB8KR0PJ9Z8,training,45,3,10,48,12,8,/tangrams/353_444.png,B4,"[""/tangrams/353_444.png"",""/tangrams/192_436.png"",""/tangrams/265_219.png"",""/tangrams/368_235.png""]","[""B4"",""D1"",""C2"",""A3""]",NA,NA,NA,NA,NA,NA,NA,4
01M20YSTTW8HHDCGF0G84CCSH0,01M20X0YW80CVJTXB8KR0PJ9Z8,training,34,2,11,48,12,8,/tangrams/265_444.png,C4,"[""/tangrams/265_444.png"",""/tangrams/368_219.png"",""/tangrams/353_235.png"",""/tangrams/192_436.png""]","[""C4"",""A2"",""B3"",""D1""]",NA,NA,NA,NA,NA,NA,NA,3
01M215D04AE5KST20YG728NXC9,01M20X14TW6FQW067YRK6RNDKN,training,32,2,9,48,12,9,/tangrams/130_129.png,A3,"[""/tangrams/130_129.png"",""/tangrams/49_181.png"",""/tangrams/39_34.png"",""/tangrams/144_469.png""]","[""A3"",""D1"",""C2"",""B4""]",/tangrams/130_129.png,TRUE,/tangrams/130_129.png,01M2156K7QTNRYHY4BTF9XK016,01M2154QPBTEQ4FE8D65KC2SJY,1788894812413,NA,3
01M215HHNFKVA22Y3XNTQK1H47,01M20X148Y8KBRQFNJT9HAMJT5,training,34,2,11,48,12,10,/tangrams/382_463.png,D1,"[""/tangrams/382_463.png"",""/tangrams/411_463.png"",""/tangrams/18_107.png"",""/tangrams/382_364.png""]","[""D1"",""B1"",""A4"",""D2""]",/tangrams/382_463.png,TRUE,/tangrams/382_463.png,01M214PMGV2W0E0MG6FCTN05EB,01M214DZ3N8JPJ1Z6KSP8PYNZQ,1788896490553,NA,3
01M215HJGSXFW2RFQWMQ3DGGEX,01M20X148Y8KBRQFNJT9HAMJT5,training,9,0,10,48,12,10,/tangrams/411_112.png,B3,"[""/tangrams/411_463.png"",""/tangrams/411_112.png"",""/tangrams/382_112.png"",""/tangrams/18_364.png""]","[""B1"",""B3"",""D3"",""A2""]",/tangrams/411_112.png,TRUE,/tangrams/411_112.png,01M214DZ3N8JPJ1Z6KSP8PYNZQ,01M214PMGV2W0E0MG6FCTN05EB,1788895361003,NA,1
01M20YD64BZGFY7VV5633ZJY8X,01M20WZK57NAX0A8X7B3WNHQN9,training,13,1,2,48,12,8,/tangrams/277_238.png,F8,"[""/tangrams/353_219.png"",""/tangrams/277_238.png"",""/tangrams/414_365.png"",""/tangrams/38_309.png""]","[""B2"",""F8"",""F6"",""F5""]",/tangrams/277_238.png,TRUE,/tangrams/277_238.png,01M20XW9BF9HJ5QA1N7YCTN8ZM,01M20Y7KTG16QCRZCK67K4YDTR,1788886692540,NA,2
01M214YX4BXS3TT6XXQA7W0HWT,01M20X148VH9T6HPBHADHZGVW4,training,15,1,4,48,12,11,/tangrams/232_52.png,F1,"[""/tangrams/455_345.png"",""/tangrams/232_52.png"",""/tangrams/316_156.png"",""/tangrams/311_23.png""]","[""D4"",""F1"",""A1"",""F5""]",/tangrams/232_52.png,TRUE,/tangrams/232_52.png,01M214CEQK5BQH1Z1J11PQVC16,01M214D5P3NXWG18WF1J3F1VFS,1788893900662,NA,2
01M215349A2H4Y87C51WZPA6MD,01M20X13PNQ3DCXFM6ND825C25,training,4,0,5,48,12,9,/tangrams/130_129.png,A3,"[""/tangrams/130_469.png"",""/tangrams/39_181.png"",""/tangrams/130_129.png"",""/tangrams/144_129.png""]","[""A4"",""C1"",""A3"",""B3""]",/tangrams/144_129.png,FALSE,/tangrams/144_129.png,01M214P0SMCPMD4G6CRK6QKHYR,01M214JN3YRRY4RAVQ10A1MK5E,1788893731537,NA,1
01M215EHMGQEECA07A4RT5YWGG,01M20X15T7F67D04XT463JKFRX,training,35,2,12,48,12,10,/tangrams/62_463.png,C1,"[""/tangrams/411_107.png"",""/tangrams/382_364.png"",""/tangrams/62_463.png"",""/tangrams/18_112.png""]","[""B4"",""D2"",""C1"",""A3""]",/tangrams/62_463.png,TRUE,/tangrams/62_463.png,01M2154MFSP4VTTH1ZQNHW7C0J,01M21557T3YDBSX3GT1DB1X6ZD,1788894444043,NA,3
01M215HJJQ1GJ3MBECFD1CCHFX,01M20X148Y8KBRQFNJT9HAMJT5,training,46,3,11,48,12,10,/tangrams/18_364.png,A2,"[""/tangrams/382_463.png"",""/tangrams/18_364.png"",""/tangrams/18_107.png"",""/tangrams/62_364.png""]","[""D1"",""A2"",""A4"",""C2""]",/tangrams/18_364.png,TRUE,/tangrams/18_364.png,01M214PMGV2W0E0MG6FCTN05EB,01M214DZ3N8JPJ1Z6KSP8PYNZQ,1788897059903,NA,4
01M215K3N01MRHSNRKFHP4K1MW,01M20X175HY3CRCTEMGHN0JEQ3,training,32,2,9,48,12,11,/tangrams/455_227.png,D3,"[""/tangrams/296_156.png"",""/tangrams/455_227.png"",""/tangrams/316_392.png"",""/tangrams/293_345.png""]","[""C1"",""D3"",""A2"",""B4""]",/tangrams/455_227.png,TRUE,/tangrams/455_227.png,01M2154P1EJW4QYGH77ZY8V300,01M2154HBQMMKX5AJ9BGZ61E13,1788894593174,NA,3
01M214QP3JWDM2X2CJBC9D473V,01M20X11N8F7DPTR5329TXEJ69,training,3,0,4,48,12,8,/tangrams/265_444.png,C4,"[""/tangrams/368_219.png"",""/tangrams/265_436.png"",""/tangrams/353_444.png"",""/tangrams/265_444.png""]","[""A2"",""C1"",""B4"",""C4""]",NA,FALSE,NA,01M20XWQ0GDTRYQJGMWVAJFYND,01M20YQWJYNA2MEME27ZW87E1G,NA,NA,1
01M215B1143CYK7QKWKWF416FK,01M20X13PPQ56SF2D1TXYZ1GT1,training,12,1,1,48,12,8,/tangrams/265_444.png,C4,"[""/tangrams/265_444.png"",""/tangrams/192_235.png"",""/tangrams/353_436.png"",""/tangrams/368_219.png""]","[""C4"",""D3"",""B1"",""A2""]",/tangrams/368_219.png,FALSE,/tangrams/368_219.png,01M2155RV91S7EYVKS22CN3J6W,01M21549E1T7PGG1H0FCWWP74Z,1788894688537,NA,2
01M215K3QXX9VDD1757RN3JA6H,01M20X175HY3CRCTEMGHN0JEQ3,training,35,2,12,48,12,11,/tangrams/296_392.png,C2,"[""/tangrams/455_156.png"",""/tangrams/296_392.png"",""/tangrams/293_345.png"",""/tangrams/316_227.png""]","[""D1"",""C2"",""B4"",""A3""]",/tangrams/296_392.png,TRUE,/tangrams/296_392.png,01M2154HBQMMKX5AJ9BGZ61E13,01M2154P1EJW4QYGH77ZY8V300,1788894653176,NA,3
01M215M12XYGM1P6P3QBWN7TN0,01M215K1RCENCVM87G4759AF5H,training,44,3,9,48,12,12,/tangrams/137_345.png,D1,"[""/tangrams/72_275.png"",""/tangrams/244_213.png"",""/tangrams/161_312.png"",""/tangrams/137_345.png""]","[""A4"",""B3"",""C2"",""D1""]",/tangrams/137_345.png,TRUE,/tangrams/137_345.png,01M215AVP11B8QPDVCJRC6C334,01M21569Y0RK1B1KAXYKBVZA95,1788895430094,NA,4
01M215M194S17DQMCMGD494W3S,01M215K1RCENCVM87G4759AF5H,training,37,3,2,48,12,12,/tangrams/72_312.png,A2,"[""/tangrams/161_345.png"",""/tangrams/137_213.png"",""/tangrams/72_312.png"",""/tangrams/244_275.png""]","[""C1"",""D3"",""A2"",""B4""]",/tangrams/72_312.png,TRUE,/tangrams/72_312.png,01M21569Y0RK1B1KAXYKBVZA95,01M215AVP11B8QPDVCJRC6C334,1788895304167,NA,4
01M215PMRKWZ7G6ZGQ78DXSJXG,01M215M9N7M1Y02J02DK7JKTQA,training,24,2,1,48,12,13,/tangrams/66_63.png,A4,"[""/tangrams/66_63.png"",""/tangrams/113_142.png"",""/tangrams/403_335.png"",""/tangrams/42_164.png""]","[""A4"",""C1"",""D2"",""B3""]",NA,NA,NA,NA,NA,NA,NA,3
01M20YD5XBWSP1001EMDJRZV1M,01M20WZK57NAX0A8X7B3WNHQN9,training,21,1,10,48,12,8,/tangrams/194_445.png,F3,"[""/tangrams/194_445.png"",""/tangrams/353_219.png"",""/tangrams/192_444.png"",""/tangrams/311_205.png""]","[""F3"",""B2"",""D4"",""F4""]",/tangrams/194_445.png,TRUE,/tangrams/194_445.png,01M20XW9BF9HJ5QA1N7YCTN8ZM,01M20Y7KTG16QCRZCK67K4YDTR,1788886858111,NA,2
01M20Z96JZPS5X0W4XYDKR3Y2X,01M20X11N92ZFWXFVKY2CVEME8,training,9,0,10,48,12,9,/tangrams/130_469.png,A4,"[""/tangrams/130_469.png"",""/tangrams/39_181.png"",""/tangrams/49_34.png"",""/tangrams/144_129.png""]","[""A4"",""C1"",""D2"",""B3""]",NA,NA,NA,NA,NA,NA,NA,1
01M214JDMSNDMAG03AWQQCX6ZE,01M20X0YW4S4FB44B5GCQBDAXT,training,42,3,7,48,12,9,/tangrams/144_34.png,B2,"[""/tangrams/144_34.png"",""/tangrams/89_182.png"",""/tangrams/436_72.png"",""/tangrams/130_181.png""]","[""B2"",""F5"",""F7"",""A1""]",NA,NA,NA,NA,NA,NA,NA,4
01M215CZQDHJ7M6SMCQW84KYXT,01M20X14TW6FQW067YRK6RNDKN,training,12,1,1,48,12,9,/tangrams/49_181.png,D1,"[""/tangrams/144_129.png"",""/tangrams/39_34.png"",""/tangrams/130_469.png"",""/tangrams/49_181.png""]","[""B3"",""C2"",""A4"",""D1""]",/tangrams/144_129.png,FALSE,/tangrams/144_129.png,01M2156K7QTNRYHY4BTF9XK016,01M2154QPBTEQ4FE8D65KC2SJY,1788894211160,NA,2
01M215N45TGGMNFWWPDRPE002Z,01M215K2BSVQ6X8DX5GH1YZX6B,training,46,3,11,48,12,12,/tangrams/161_312.png,C2,"[""/tangrams/137_213.png"",""/tangrams/72_275.png"",""/tangrams/161_312.png"",""/tangrams/244_345.png""]","[""D3"",""A4"",""C2"",""B1""]",/tangrams/161_312.png,TRUE,/tangrams/161_312.png,01M2159JAWAFEZB1KH9W5K5DTC,01M2157YJ34JPNQ0ZE6DJJD3G3,1788895914309,NA,4
01M20XZDFETZP1MJ9AA9GQTR83,01M20WZK596SFHM9YDB6TD7NK1,training,21,1,10,48,12,6,/tangrams/4_437.png,C2,"[""/tangrams/4_153.png"",""/tangrams/81_264.png"",""/tangrams/4_437.png"",""/tangrams/275_437.png""]","[""C4"",""B1"",""C2"",""A2""]",/tangrams/4_437.png,TRUE,/tangrams/4_437.png,01M20X6CEXP7W9NTPEWK7QNX8Z,01M20XSN3R16DSBXVRQKQSS665,1788886784913,NA,2
01M214K1YZ0NDKVW3HXYCDBNHJ,01M20X11N5A2NXXZZPJ1AXFSW6,training,3,0,4,48,12,9,/tangrams/425_194.png,F2,"[""/tangrams/6_423.png"",""/tangrams/425_194.png"",""/tangrams/133_40.png"",""/tangrams/455_435.png""]","[""F3"",""F2"",""F8"",""F4""]",/tangrams/425_194.png,TRUE,/tangrams/425_194.png,01M214DGSKEJ8ZAHQ4WC2E0G7N,01M214ERNYBYY3EBY90CCRQDQJ,1788892591131,NA,1
01M215AAMYGE4RH3QH91NNGKM8,01M20X12WE7PPHA7JSTZZ2E6FT,training,24,2,1,48,12,8,/tangrams/192_219.png,D2,"[""/tangrams/192_219.png"",""/tangrams/353_444.png"",""/tangrams/265_436.png"",""/tangrams/368_235.png""]","[""D2"",""B4"",""C1"",""A3""]",/tangrams/192_219.png,TRUE,/tangrams/192_219.png,01M2154T01JJAXZD005VWMS05B,01M2154MN76WHSRHJG8SAKSTFM,1788894469243,NA,3
01M215AAZ4JRPF1MB7D4NTJWY6,01M20X12WE7PPHA7JSTZZ2E6FT,training,45,3,10,48,12,8,/tangrams/368_444.png,A4,"[""/tangrams/353_235.png"",""/tangrams/265_219.png"",""/tangrams/368_444.png"",""/tangrams/192_436.png""]","[""B3"",""C2"",""A4"",""D1""]",/tangrams/368_444.png,TRUE,/tangrams/368_444.png,01M2154MN76WHSRHJG8SAKSTFM,01M2154T01JJAXZD005VWMS05B,1788894818719,NA,4
01M215HJA26MJ4BG702RS02S8J,01M20X148Y8KBRQFNJT9HAMJT5,training,18,1,7,48,12,10,/tangrams/411_463.png,B1,"[""/tangrams/18_112.png"",""/tangrams/411_463.png"",""/tangrams/62_463.png"",""/tangrams/411_107.png""]","[""A3"",""B1"",""C1"",""B4""]",/tangrams/411_107.png,FALSE,/tangrams/411_107.png,01M214PMGV2W0E0MG6FCTN05EB,01M214DZ3N8JPJ1Z6KSP8PYNZQ,1788895740172,NA,2
01M215N44S6PTRY633EN7PNW6G,01M215K2BSVQ6X8DX5GH1YZX6B,training,45,3,10,48,12,12,/tangrams/137_213.png,D3,"[""/tangrams/161_275.png"",""/tangrams/72_312.png"",""/tangrams/244_345.png"",""/tangrams/137_213.png""]","[""C4"",""A2"",""B1"",""D3""]",/tangrams/137_213.png,TRUE,/tangrams/137_213.png,01M2157YJ34JPNQ0ZE6DJJD3G3,01M2159JAWAFEZB1KH9W5K5DTC,1788895898781,NA,4
01M21534DXZJVZDEBYHFYVSP0R,01M20X13PNQ3DCXFM6ND825C25,training,46,3,11,48,12,9,/tangrams/130_469.png,A4,"[""/tangrams/49_129.png"",""/tangrams/144_469.png"",""/tangrams/130_34.png"",""/tangrams/130_469.png""]","[""D3"",""B4"",""A2"",""A4""]",/tangrams/144_469.png,FALSE,/tangrams/144_469.png,01M214P0SMCPMD4G6CRK6QKHYR,01M214JN3YRRY4RAVQ10A1MK5E,1788895796316,NA,4
01M215CZFQ2Y6W9KRSWDS82T4Y,01M20X14TW6FQW067YRK6RNDKN,training,42,3,7,48,12,9,/tangrams/49_34.png,D2,"[""/tangrams/130_129.png"",""/tangrams/49_34.png"",""/tangrams/144_469.png"",""/tangrams/39_181.png""]","[""A3"",""D2"",""B4"",""C1""]",/tangrams/49_34.png,TRUE,/tangrams/49_34.png,01M2156K7QTNRYHY4BTF9XK016,01M2154QPBTEQ4FE8D65KC2SJY,1788895095469,NA,4
01M215GGGV7QVMT8MYC9V3DCVW,01M20X14TPRK3E5KMRXWZZW19Q,training,41,3,6,48,12,9,/tangrams/455_435.png,F4,"[""/tangrams/455_435.png"",""/tangrams/47_268.png"",""/tangrams/49_469.png"",""/tangrams/89_182.png""]","[""F4"",""F6"",""D4"",""F5""]",/tangrams/455_435.png,TRUE,/tangrams/455_435.png,01M214B7NK5TMY7WTYY3DVP911,01M214C4QNBNJ9JQSE7YJ5TDCV,1788895482839,NA,4
01M215K2VADQ2QQCFYC893KFKX,01M20X175HY3CRCTEMGHN0JEQ3,training,8,0,9,48,12,11,/tangrams/316_345.png,A4,"[""/tangrams/296_156.png"",""/tangrams/455_392.png"",""/tangrams/316_345.png"",""/tangrams/293_227.png""]","[""C1"",""D2"",""A4"",""B3""]",/tangrams/316_345.png,TRUE,/tangrams/316_345.png,01M2154P1EJW4QYGH77ZY8V300,01M2154HBQMMKX5AJ9BGZ61E13,1788894067393,NA,1
01M215M26ZWMGD4GQYTY72343M,01M215K1RCENCVM87G4759AF5H,training,6,0,7,48,12,12,/tangrams/161_275.png,C4,"[""/tangrams/161_275.png"",""/tangrams/72_312.png"",""/tangrams/244_213.png"",""/tangrams/137_345.png""]","[""C4"",""A2"",""B3"",""D1""]",/tangrams/161_275.png,TRUE,/tangrams/161_275.png,01M215AVP11B8QPDVCJRC6C334,01M21569Y0RK1B1KAXYKBVZA95,1788894745342,NA,1
01M215PMBJYYHSHK0T3DZD5K2Q,01M215M9N7M1Y02J02DK7JKTQA,training,11,0,12,48,12,13,/tangrams/113_63.png,C4,"[""/tangrams/42_164.png"",""/tangrams/403_142.png"",""/tangrams/113_63.png"",""/tangrams/66_335.png""]","[""B3"",""D1"",""C4"",""A2""]",NA,NA,NA,NA,NA,NA,NA,1
01M215Z23B5NFGTHVFZYNQKQM2,01M20X14TTKZWGB70XGMAFRR2H,training,0,0,1,48,12,8,/tangrams/368_444.png,A4,"[""/tangrams/353_444.png"",""/tangrams/368_219.png"",""/tangrams/192_436.png"",""/tangrams/368_444.png""]","[""B4"",""A2"",""D1"",""A4""]",NA,FALSE,NA,01M215FK0ZT4PGXXVV13WRHJPB,01M215F66CRM1GV0R6SDQ69WCM,NA,NA,1
01M20Z96H711G77QKJN3SBS3V1,01M20X11N92ZFWXFVKY2CVEME8,training,29,2,6,48,12,9,/tangrams/130_34.png,A2,"[""/tangrams/144_181.png"",""/tangrams/130_34.png"",""/tangrams/49_129.png"",""/tangrams/39_469.png""]","[""B1"",""A2"",""D3"",""C4""]",NA,NA,NA,NA,NA,NA,NA,3
01M20Z96K36VJ82RG7902GVSQK,01M20X11N92ZFWXFVKY2CVEME8,training,23,1,12,48,12,9,/tangrams/144_181.png,B1,"[""/tangrams/39_34.png"",""/tangrams/49_129.png"",""/tangrams/144_181.png"",""/tangrams/130_469.png""]","[""C2"",""D3"",""B1"",""A4""]",NA,NA,NA,NA,NA,NA,NA,2
01M214KY1WYKSWGGCZ6DJC8N9H,01M20X12WH32MX7V56M1SN262T,training,11,0,12,48,12,10,/tangrams/284_245.png,F7,"[""/tangrams/284_245.png"",""/tangrams/426_419.png"",""/tangrams/405_327.png"",""/tangrams/415_23.png""]","[""F7"",""F8"",""F1"",""F4""]",/tangrams/284_245.png,TRUE,/tangrams/284_245.png,01M214AY9SMBAC3FWH0EN358MB,01M214C29BTAAYH03KHSYPYBMR,1788893137564,NA,1
01M214QP773HVKGJKZ66QXAGHQ,01M20X11N8F7DPTR5329TXEJ69,training,8,0,9,48,12,8,/tangrams/265_436.png,C1,"[""/tangrams/265_436.png"",""/tangrams/265_219.png"",""/tangrams/368_444.png"",""/tangrams/192_436.png""]","[""C1"",""C2"",""A4"",""D1""]",NA,NA,NA,NA,NA,NA,NA,1
01M214YX5HYEHN7PMDM9QMRKNZ,01M20X148VH9T6HPBHADHZGVW4,training,18,1,7,48,12,11,/tangrams/241_194.png,F8,"[""/tangrams/241_194.png"",""/tangrams/328_256.png"",""/tangrams/321_431.png"",""/tangrams/192_185.png""]","[""F8"",""F7"",""F4"",""F6""]",/tangrams/241_194.png,TRUE,/tangrams/241_194.png,01M214D5P3NXWG18WF1J3F1VFS,01M214CEQK5BQH1Z1J11PQVC16,1788894015950,NA,2
01M215DN9H6XNAWDWDAH25JT48,01M20X15BBYTN3YPSFQGJ5ZXF5,training,39,3,4,48,12,10,/tangrams/18_107.png,A4,"[""/tangrams/62_364.png"",""/tangrams/382_112.png"",""/tangrams/411_463.png"",""/tangrams/18_107.png""]","[""C2"",""D3"",""B1"",""A4""]",/tangrams/18_107.png,TRUE,/tangrams/18_107.png,01M21552Z3FC5ZE6SYNEHHVAW4,01M21567THKMHSR683ZH4K0TNA,1788895722853,NA,4
01M215N3DX1M0E9W4DG3ZSW0F6,01M215K2BSVQ6X8DX5GH1YZX6B,training,4,0,5,48,12,12,/tangrams/161_345.png,C1,"[""/tangrams/244_275.png"",""/tangrams/137_213.png"",""/tangrams/72_312.png"",""/tangrams/161_345.png""]","[""B4"",""D3"",""A2"",""C1""]",/tangrams/161_345.png,TRUE,/tangrams/161_345.png,01M2159JAWAFEZB1KH9W5K5DTC,01M2157YJ34JPNQ0ZE6DJJD3G3,1788894790625,NA,1
01M215N3WB5YE6Y53CQS13XWVV,01M215K2BSVQ6X8DX5GH1YZX6B,training,38,3,3,48,12,12,/tangrams/72_312.png,A2,"[""/tangrams/161_275.png"",""/tangrams/137_213.png"",""/tangrams/244_345.png"",""/tangrams/72_312.png""]","[""C4"",""D3"",""B1"",""A2""]",/tangrams/72_312.png,TRUE,/tangrams/72_312.png,01M2159JAWAFEZB1KH9W5K5DTC,01M2157YJ34JPNQ0ZE6DJJD3G3,1788895752410,NA,4
01M215PMCAPV77FQS7MKCJY3NY,01M215M9N7M1Y02J02DK7JKTQA,training,12,1,1,48,12,13,/tangrams/66_335.png,A2,"[""/tangrams/42_142.png"",""/tangrams/113_63.png"",""/tangrams/66_335.png"",""/tangrams/403_164.png""]","[""B1"",""C4"",""A2"",""D3""]",NA,NA,NA,NA,NA,NA,NA,2
01M20YSTRZCNXVWECGGF4ZHQG8,01M20X0YW80CVJTXB8KR0PJ9Z8,training,18,1,7,48,12,8,/tangrams/192_235.png,D3,"[""/tangrams/368_219.png"",""/tangrams/265_444.png"",""/tangrams/192_235.png"",""/tangrams/353_436.png""]","[""A2"",""C4"",""D3"",""B1""]",NA,NA,NA,NA,NA,NA,NA,2
01M214QP9QSX6K804X2H794W94,01M20X11N8F7DPTR5329TXEJ69,training,15,1,4,48,12,8,/tangrams/192_436.png,D1,"[""/tangrams/353_436.png"",""/tangrams/265_219.png"",""/tangrams/192_235.png"",""/tangrams/192_436.png""]","[""B1"",""C2"",""D3"",""D1""]",NA,NA,NA,NA,NA,NA,NA,2
01M215EHK7YSE0P8CNB55NQ3A4,01M20X15T7F67D04XT463JKFRX,training,7,0,8,48,12,10,/tangrams/382_463.png,D1,"[""/tangrams/382_463.png"",""/tangrams/18_112.png"",""/tangrams/411_107.png"",""/tangrams/62_364.png""]","[""D1"",""A3"",""B4"",""C2""]",/tangrams/382_463.png,TRUE,/tangrams/382_463.png,01M2154MFSP4VTTH1ZQNHW7C0J,01M21557T3YDBSX3GT1DB1X6ZD,1788893683915,NA,1
01M215PMH9TC8WQ3803ZNWGVC6,01M215M9N7M1Y02J02DK7JKTQA,training,17,1,6,48,12,13,/tangrams/66_164.png,A3,"[""/tangrams/42_142.png"",""/tangrams/113_63.png"",""/tangrams/66_164.png"",""/tangrams/403_335.png""]","[""B1"",""C4"",""A3"",""D2""]",NA,NA,NA,NA,NA,NA,NA,2
01M215PNDT1QV5WCNH6CDEXKW3,01M215M9N7M1Y02J02DK7JKTQA,training,42,3,7,48,12,13,/tangrams/403_335.png,D2,"[""/tangrams/42_63.png"",""/tangrams/403_335.png"",""/tangrams/66_164.png"",""/tangrams/113_142.png""]","[""B4"",""D2"",""A3"",""C1""]",NA,NA,NA,NA,NA,NA,NA,4
01M20XZDC7M4ETM4KSXY6WF7NM,01M20WZK596SFHM9YDB6TD7NK1,training,38,3,3,48,12,6,/tangrams/445_437.png,D2,"[""/tangrams/275_437.png"",""/tangrams/445_437.png"",""/tangrams/445_324.png"",""/tangrams/81_153.png""]","[""A2"",""D2"",""D3"",""B4""]",/tangrams/445_437.png,TRUE,/tangrams/445_437.png,01M20XSN3R16DSBXVRQKQSS665,01M20X6CEXP7W9NTPEWK7QNX8Z,1788887341355,NA,4
01M214QK8JTPKS43BGT4HSZ0T4,01M20X0YW742ZY2EX5FCQ61EFA,training,17,1,6,48,12,8,/tangrams/265_436.png,C1,"[""/tangrams/265_436.png"",""/tangrams/353_436.png"",""/tangrams/265_219.png"",""/tangrams/368_444.png""]","[""C1"",""B1"",""C2"",""A4""]",NA,NA,NA,NA,NA,NA,NA,2
01M21534HNHQB32E83MQD5T2W7,01M20X13PNQ3DCXFM6ND825C25,training,41,3,6,48,12,9,/tangrams/130_34.png,A2,"[""/tangrams/49_34.png"",""/tangrams/39_469.png"",""/tangrams/130_129.png"",""/tangrams/130_34.png""]","[""D2"",""C4"",""A3"",""A2""]",/tangrams/130_34.png,TRUE,/tangrams/130_34.png,01M214JN3YRRY4RAVQ10A1MK5E,01M214P0SMCPMD4G6CRK6QKHYR,1788895594359,NA,4
01M21534VK7CAA37P1YCDYJ662,01M20X13PNQ3DCXFM6ND825C25,training,10,0,11,48,12,9,/tangrams/49_181.png,D1,"[""/tangrams/144_129.png"",""/tangrams/39_181.png"",""/tangrams/49_181.png"",""/tangrams/49_34.png""]","[""B3"",""C1"",""D1"",""D2""]",/tangrams/49_181.png,TRUE,/tangrams/49_181.png,01M214P0SMCPMD4G6CRK6QKHYR,01M214JN3YRRY4RAVQ10A1MK5E,1788894002963,NA,1
01M215HJG225W2JQ2ERYWYAMVA,01M20X148Y8KBRQFNJT9HAMJT5,training,10,0,11,48,12,10,/tangrams/382_364.png,D2,"[""/tangrams/18_364.png"",""/tangrams/382_364.png"",""/tangrams/382_112.png"",""/tangrams/411_107.png""]","[""A2"",""D2"",""D3"",""B4""]",/tangrams/18_364.png,FALSE,/tangrams/18_364.png,01M214PMGV2W0E0MG6FCTN05EB,01M214DZ3N8JPJ1Z6KSP8PYNZQ,1788895429777,NA,1
01M214QP006JA4CSPQY9KTVFWP,01M20X11N8F7DPTR5329TXEJ69,training,41,3,6,48,12,8,/tangrams/265_436.png,C1,"[""/tangrams/265_436.png"",""/tangrams/353_444.png"",""/tangrams/192_436.png"",""/tangrams/265_219.png""]","[""C1"",""B4"",""D1"",""C2""]",NA,NA,NA,NA,NA,NA,NA,4
01M214YX2H4DWK0JNNN8WQNXHV,01M20X148VH9T6HPBHADHZGVW4,training,13,1,2,48,12,11,/tangrams/296_227.png,C3,"[""/tangrams/296_227.png"",""/tangrams/321_431.png"",""/tangrams/241_194.png"",""/tangrams/316_156.png""]","[""C3"",""F4"",""F8"",""A1""]",/tangrams/296_227.png,TRUE,/tangrams/296_227.png,01M214CEQK5BQH1Z1J11PQVC16,01M214D5P3NXWG18WF1J3F1VFS,1788893838525,NA,2
01M215AAKRDFRN1JS25M5P6N6H,01M20X12WE7PPHA7JSTZZ2E6FT,training,21,1,10,48,12,8,/tangrams/192_219.png,D2,"[""/tangrams/265_444.png"",""/tangrams/192_219.png"",""/tangrams/353_436.png"",""/tangrams/368_235.png""]","[""C4"",""D2"",""B1"",""A3""]",/tangrams/353_436.png,FALSE,/tangrams/353_436.png,01M2154MN76WHSRHJG8SAKSTFM,01M2154T01JJAXZD005VWMS05B,1788894398800,NA,2
01M215D01QCQ994A5QKVN960XE,01M20X14TW6FQW067YRK6RNDKN,training,28,2,5,48,12,9,/tangrams/49_34.png,D2,"[""/tangrams/144_129.png"",""/tangrams/39_181.png"",""/tangrams/49_34.png"",""/tangrams/130_469.png""]","[""B3"",""C1"",""D2"",""A4""]",/tangrams/49_34.png,TRUE,/tangrams/49_34.png,01M2156K7QTNRYHY4BTF9XK016,01M2154QPBTEQ4FE8D65KC2SJY,1788894712548,NA,3
01M215GG6HC93RSF5VRND2131Q,01M20X14TPRK3E5KMRXWZZW19Q,training,24,2,1,48,12,9,/tangrams/133_40.png,F8,"[""/tangrams/6_423.png"",""/tangrams/364_46.png"",""/tangrams/133_40.png"",""/tangrams/425_194.png""]","[""F3"",""F1"",""F8"",""F2""]",/tangrams/133_40.png,TRUE,/tangrams/133_40.png,01M214C4QNBNJ9JQSE7YJ5TDCV,01M214B7NK5TMY7WTYY3DVP911,1788895013211,NA,3
01M214K24Y15T9SZJQ6EBNNGJ3,01M20X11N5A2NXXZZPJ1AXFSW6,training,27,2,4,48,12,9,/tangrams/144_34.png,B2,"[""/tangrams/144_34.png"",""/tangrams/6_423.png"",""/tangrams/436_72.png"",""/tangrams/425_194.png""]","[""B2"",""F3"",""F7"",""F2""]",/tangrams/144_34.png,TRUE,/tangrams/144_34.png,01M214DGSKEJ8ZAHQ4WC2E0G7N,01M214ERNYBYY3EBY90CCRQDQJ,1788893568608,NA,3
01M215B0KJF1CB2M46SWEF0W8T,01M20X13PPQ56SF2D1TXYZ1GT1,training,0,0,1,48,12,8,/tangrams/192_436.png,D1,"[""/tangrams/192_436.png"",""/tangrams/353_235.png"",""/tangrams/265_444.png"",""/tangrams/368_219.png""]","[""D1"",""B3"",""C4"",""A2""]",NA,FALSE,NA,01M2155RV91S7EYVKS22CN3J6W,01M21549E1T7PGG1H0FCWWP74Z,NA,1788894289511,1
01M215DMTBKC7HSP0PERXYX5NN,01M20X15BBYTN3YPSFQGJ5ZXF5,training,14,1,3,48,12,10,/tangrams/382_364.png,D2,"[""/tangrams/62_463.png"",""/tangrams/18_107.png"",""/tangrams/382_364.png"",""/tangrams/411_112.png""]","[""C1"",""A4"",""D2"",""B3""]",/tangrams/382_364.png,TRUE,/tangrams/382_364.png,01M21567THKMHSR683ZH4K0TNA,01M21552Z3FC5ZE6SYNEHHVAW4,1788894769547,NA,2
01M215N31TNMK2JTVTZKQZ92XR,01M215K2BSVQ6X8DX5GH1YZX6B,training,18,1,7,48,12,12,/tangrams/161_345.png,C1,"[""/tangrams/161_345.png"",""/tangrams/137_312.png"",""/tangrams/244_213.png"",""/tangrams/72_275.png""]","[""C1"",""D2"",""B3"",""A4""]",/tangrams/161_345.png,TRUE,/tangrams/161_345.png,01M2159JAWAFEZB1KH9W5K5DTC,01M2157YJ34JPNQ0ZE6DJJD3G3,1788895296817,NA,2
01M214JD8BXJDZDGHQFWH4YSKM,01M20X0YW4S4FB44B5GCQBDAXT,training,12,1,1,48,12,9,/tangrams/425_194.png,F2,"[""/tangrams/425_194.png"",""/tangrams/49_469.png"",""/tangrams/47_268.png"",""/tangrams/455_435.png""]","[""F2"",""D4"",""F6"",""F4""]",NA,NA,NA,NA,NA,NA,NA,2
01M214K1YGFTWS47JGWGES69V8,01M20X11N5A2NXXZZPJ1AXFSW6,training,6,0,7,48,12,9,/tangrams/89_182.png,F5,"[""/tangrams/89_182.png"",""/tangrams/364_46.png"",""/tangrams/47_268.png"",""/tangrams/144_34.png""]","[""F5"",""F1"",""F6"",""B2""]",/tangrams/89_182.png,TRUE,/tangrams/89_182.png,01M214ERNYBYY3EBY90CCRQDQJ,01M214DGSKEJ8ZAHQ4WC2E0G7N,1788892725424,NA,1
01M214QP4ZN7WSC1HHS2RVS588,01M20X11N8F7DPTR5329TXEJ69,training,0,0,1,48,12,8,/tangrams/192_436.png,D1,"[""/tangrams/368_219.png"",""/tangrams/192_436.png"",""/tangrams/192_235.png"",""/tangrams/265_436.png""]","[""A2"",""D1"",""D3"",""C1""]",NA,FALSE,NA,01M20YQWJYNA2MEME27ZW87E1G,01M20XWQ0GDTRYQJGMWVAJFYND,NA,NA,1
01M215CZY50VT2CW6Q75V026EM,01M20X14TW6FQW067YRK6RNDKN,training,22,1,11,48,12,9,/tangrams/144_469.png,B4,"[""/tangrams/144_469.png"",""/tangrams/49_181.png"",""/tangrams/130_129.png"",""/tangrams/39_34.png""]","[""B4"",""D1"",""A3"",""C2""]",/tangrams/144_469.png,TRUE,/tangrams/144_469.png,01M2156K7QTNRYHY4BTF9XK016,01M2154QPBTEQ4FE8D65KC2SJY,1788894514846,NA,2
01M215DMGY3FYHN1NA9JKJ0VC1,01M20X15BBYTN3YPSFQGJ5ZXF5,training,0,0,1,48,12,10,/tangrams/382_112.png,D3,"[""/tangrams/62_364.png"",""/tangrams/18_107.png"",""/tangrams/382_112.png"",""/tangrams/411_463.png""]","[""C2"",""A4"",""D3"",""B1""]",/tangrams/382_112.png,TRUE,/tangrams/382_112.png,01M21567THKMHSR683ZH4K0TNA,01M21552Z3FC5ZE6SYNEHHVAW4,1788894198403,NA,1
01M215N34RBB6239A26PC4EZ3W,01M215K2BSVQ6X8DX5GH1YZX6B,training,21,1,10,48,12,12,/tangrams/137_312.png,D2,"[""/tangrams/72_275.png"",""/tangrams/137_312.png"",""/tangrams/161_345.png"",""/tangrams/244_213.png""]","[""A4"",""D2"",""C1"",""B3""]",/tangrams/137_312.png,TRUE,/tangrams/137_312.png,01M2157YJ34JPNQ0ZE6DJJD3G3,01M2159JAWAFEZB1KH9W5K5DTC,1788895366003,NA,2
01M20XZDC5ARAWK45JKVQRMYHF,01M20WZK596SFHM9YDB6TD7NK1,training,39,3,4,48,12,6,/tangrams/4_437.png,C2,"[""/tangrams/445_437.png"",""/tangrams/81_324.png"",""/tangrams/4_153.png"",""/tangrams/4_437.png""]","[""D2"",""B3"",""C4"",""C2""]",/tangrams/4_437.png,TRUE,/tangrams/4_437.png,01M20X6CEXP7W9NTPEWK7QNX8Z,01M20XSN3R16DSBXVRQKQSS665,1788887369586,NA,4
01M20XZDFDFHE2S01V4ZYFE6MV,01M20WZK596SFHM9YDB6TD7NK1,training,17,1,6,48,12,6,/tangrams/4_153.png,C4,"[""/tangrams/4_153.png"",""/tangrams/275_153.png"",""/tangrams/4_437.png"",""/tangrams/81_264.png""]","[""C4"",""A4"",""C2"",""B1""]",/tangrams/81_264.png,FALSE,/tangrams/81_264.png,01M20X6CEXP7W9NTPEWK7QNX8Z,01M20XSN3R16DSBXVRQKQSS665,1788886647492,NA,2
01M214KY6SSKMPFPS3TPS9FY50,01M20X12WH32MX7V56M1SN262T,training,37,3,2,48,12,10,/tangrams/405_327.png,F1,"[""/tangrams/18_463.png"",""/tangrams/284_245.png"",""/tangrams/415_23.png"",""/tangrams/405_327.png""]","[""A1"",""F7"",""F4"",""F1""]",/tangrams/405_327.png,TRUE,/tangrams/405_327.png,01M214AY9SMBAC3FWH0EN358MB,01M214C29BTAAYH03KHSYPYBMR,1788893816295,NA,4
01M214YWXYGVA7RSTVSQM0H9J2,01M20X148VH9T6HPBHADHZGVW4,training,5,0,6,48,12,11,/tangrams/232_52.png,F1,"[""/tangrams/328_256.png"",""/tangrams/444_435.png"",""/tangrams/274_4.png"",""/tangrams/232_52.png""]","[""F7"",""F3"",""F2"",""F1""]",/tangrams/232_52.png,TRUE,/tangrams/232_52.png,01M214CEQK5BQH1Z1J11PQVC16,01M214D5P3NXWG18WF1J3F1VFS,1788893448213,NA,1
01M21534GH3RKXSYGQ0ZZC6NYV,01M20X13PNQ3DCXFM6ND825C25,training,42,3,7,48,12,9,/tangrams/144_129.png,B3,"[""/tangrams/39_34.png"",""/tangrams/144_129.png"",""/tangrams/144_469.png"",""/tangrams/130_129.png""]","[""C2"",""B3"",""B4"",""A3""]",/tangrams/144_129.png,TRUE,/tangrams/144_129.png,01M214P0SMCPMD4G6CRK6QKHYR,01M214JN3YRRY4RAVQ10A1MK5E,1788895628603,NA,4
01M20XZDEXFJ4RNQEQ9TB0DYJK,01M20WZK596SFHM9YDB6TD7NK1,training,18,1,7,48,12,6,/tangrams/445_324.png,D3,"[""/tangrams/81_324.png"",""/tangrams/445_437.png"",""/tangrams/445_324.png"",""/tangrams/275_153.png""]","[""B3"",""D2"",""D3"",""A4""]",/tangrams/445_324.png,TRUE,/tangrams/445_324.png,01M20XSN3R16DSBXVRQKQSS665,01M20X6CEXP7W9NTPEWK7QNX8Z,1788886691772,NA,2
01M20YD5ZFRDWZBQQZ77R9GVZ1,01M20WZK57NAX0A8X7B3WNHQN9,training,24,2,1,48,12,8,/tangrams/194_445.png,F3,"[""/tangrams/38_309.png"",""/tangrams/414_365.png"",""/tangrams/194_445.png"",""/tangrams/265_235.png""]","[""F5"",""F6"",""F3"",""C3""]",/tangrams/194_445.png,TRUE,/tangrams/194_445.png,01M20Y7KTG16QCRZCK67K4YDTR,01M20XW9BF9HJ5QA1N7YCTN8ZM,1788886927687,NA,3
01M20YKS54SQD4WP0Y2B37BGVN,01M20WZK5AY7SPG9YB2GY60XCH,training,24,2,1,48,12,8,/tangrams/265_444.png,C4,"[""/tangrams/265_444.png"",""/tangrams/192_436.png"",""/tangrams/368_219.png"",""/tangrams/353_235.png""]","[""C4"",""D1"",""A2"",""B3""]",NA,NA,NA,NA,NA,NA,NA,3
01M20Z96GCAMKPC4KJEMB0SXFN,01M20X11N92ZFWXFVKY2CVEME8,training,10,0,11,48,12,9,/tangrams/39_34.png,C2,"[""/tangrams/144_469.png"",""/tangrams/49_181.png"",""/tangrams/130_129.png"",""/tangrams/39_34.png""]","[""B4"",""D1"",""A3"",""C2""]",NA,NA,NA,NA,NA,NA,NA,1
01M214K21AB2ZV8JMHFX8H1H7A,01M20X11N5A2NXXZZPJ1AXFSW6,training,39,3,4,48,12,9,/tangrams/39_129.png,C3,"[""/tangrams/39_129.png"",""/tangrams/436_72.png"",""/tangrams/455_435.png"",""/tangrams/49_469.png""]","[""C3"",""F7"",""F4"",""D4""]",/tangrams/39_129.png,TRUE,/tangrams/39_129.png,01M214DGSKEJ8ZAHQ4WC2E0G7N,01M214ERNYBYY3EBY90CCRQDQJ,1788893808191,NA,4
01M214QP2M4ZV5J1KQHJN3SYB6,01M20X11N8F7DPTR5329TXEJ69,training,30,2,7,48,12,8,/tangrams/368_235.png,A3,"[""/tangrams/192_235.png"",""/tangrams/368_219.png"",""/tangrams/368_235.png"",""/tangrams/265_436.png""]","[""D3"",""A2"",""A3"",""C1""]",NA,NA,NA,NA,NA,NA,NA,3
01M214QP9EGRCNTTGHB3P4FHMQ,01M20X11N8F7DPTR5329TXEJ69,training,17,1,6,48,12,8,/tangrams/353_235.png,B3,"[""/tangrams/353_436.png"",""/tangrams/192_235.png"",""/tangrams/368_444.png"",""/tangrams/353_235.png""]","[""B1"",""D3"",""A4"",""B3""]",NA,NA,NA,NA,NA,NA,NA,2
01M215DNEDS7B92MYG6YMA2SAN,01M20X15BBYTN3YPSFQGJ5ZXF5,training,46,3,11,48,12,10,/tangrams/18_364.png,A2,"[""/tangrams/62_107.png"",""/tangrams/411_463.png"",""/tangrams/382_112.png"",""/tangrams/18_364.png""]","[""C4"",""B1"",""D3"",""A2""]",/tangrams/18_364.png,TRUE,/tangrams/18_364.png,01M21567THKMHSR683ZH4K0TNA,01M21552Z3FC5ZE6SYNEHHVAW4,1788895918689,NA,4
01M214NB3JW7GZ8JA1H0S6RMW2,01M20X13PJV655EHMJRF5XR4PG,training,11,0,12,48,12,10,/tangrams/415_23.png,F4,"[""/tangrams/415_23.png"",""/tangrams/180_425.png"",""/tangrams/315_224.png"",""/tangrams/405_327.png""]","[""F4"",""F5"",""F6"",""F1""]",/tangrams/415_23.png,TRUE,/tangrams/415_23.png,01M214C6Z85CZDH1N1HARPXC77,01M214E3AZ6Y0RHEASN5NQEEJN,1788893057108,NA,1
01M214QNZ2J3JJMHVK8TWGSE1R,01M20X11N8F7DPTR5329TXEJ69,training,45,3,10,48,12,8,/tangrams/368_235.png,A3,"[""/tangrams/368_219.png"",""/tangrams/265_444.png"",""/tangrams/368_235.png"",""/tangrams/353_235.png""]","[""A2"",""C4"",""A3"",""B3""]",NA,NA,NA,NA,NA,NA,NA,4
01M215M1WZ8WP9DWXP0T2CVHNJ,01M215K1RCENCVM87G4759AF5H,training,15,1,4,48,12,12,/tangrams/137_345.png,D1,"[""/tangrams/72_312.png"",""/tangrams/137_345.png"",""/tangrams/161_275.png"",""/tangrams/244_213.png""]","[""A2"",""D1"",""C4"",""B3""]",/tangrams/137_345.png,TRUE,/tangrams/137_345.png,01M21569Y0RK1B1KAXYKBVZA95,01M215AVP11B8QPDVCJRC6C334,1788894953677,NA,2
01M215N2YMY8GWNE529QG4PEAS,01M215K2BSVQ6X8DX5GH1YZX6B,training,15,1,4,48,12,12,/tangrams/137_345.png,D1,"[""/tangrams/137_345.png"",""/tangrams/161_312.png"",""/tangrams/72_213.png"",""/tangrams/244_275.png""]","[""D1"",""C2"",""A3"",""B4""]",/tangrams/137_345.png,TRUE,/tangrams/137_345.png,01M2157YJ34JPNQ0ZE6DJJD3G3,01M2159JAWAFEZB1KH9W5K5DTC,1788895203520,NA,2
01M20XZDED2X2E62MPA2JQ11WS,01M20WZK596SFHM9YDB6TD7NK1,training,19,1,8,48,12,6,/tangrams/81_264.png,B1,"[""/tangrams/445_264.png"",""/tangrams/81_324.png"",""/tangrams/81_264.png"",""/tangrams/275_437.png""]","[""D1"",""B3"",""B1"",""A2""]",/tangrams/81_264.png,TRUE,/tangrams/81_264.png,01M20X6CEXP7W9NTPEWK7QNX8Z,01M20XSN3R16DSBXVRQKQSS665,1788886737565,NA,2
01M20YKS7704QFH7YGG8FND2Q0,01M20WZK5AY7SPG9YB2GY60XCH,training,43,3,8,48,12,8,/tangrams/368_219.png,A2,"[""/tangrams/265_444.png"",""/tangrams/368_219.png"",""/tangrams/353_436.png"",""/tangrams/192_235.png""]","[""C4"",""A2"",""B1"",""D3""]",NA,NA,NA,NA,NA,NA,NA,4
01M20YSTRRZ4T4ZAAJX6TZTR30,01M20X0YW80CVJTXB8KR0PJ9Z8,training,22,1,11,48,12,8,/tangrams/368_235.png,A3,"[""/tangrams/265_444.png"",""/tangrams/368_235.png"",""/tangrams/192_219.png"",""/tangrams/353_436.png""]","[""C4"",""A3"",""D2"",""B1""]",NA,NA,NA,NA,NA,NA,NA,2
01M214JDD4E9RVSZ7ZR7C3VQ3D,01M20X0YW4S4FB44B5GCQBDAXT,training,27,2,4,48,12,9,/tangrams/6_423.png,F3,"[""/tangrams/436_72.png"",""/tangrams/6_423.png"",""/tangrams/47_268.png"",""/tangrams/425_194.png""]","[""F7"",""F3"",""F6"",""F2""]",NA,NA,NA,NA,NA,NA,NA,3
01M214ZFKSFJ084PN843MND9WD,01M20X12WDNRHQCMYC0R9VEVHQ,training,41,3,6,48,12,9,/tangrams/39_34.png,C2,"[""/tangrams/49_34.png"",""/tangrams/130_469.png"",""/tangrams/39_34.png"",""/tangrams/39_181.png""]","[""D2"",""A4"",""C2"",""C1""]",NA,NA,NA,NA,NA,NA,NA,4
01M214ZFVWCHVNC13KSQBDHE7H,01M20X12WDNRHQCMYC0R9VEVHQ,training,22,1,11,48,12,9,/tangrams/39_469.png,C4,"[""/tangrams/130_469.png"",""/tangrams/39_469.png"",""/tangrams/144_181.png"",""/tangrams/39_34.png""]","[""A4"",""C4"",""B1"",""C2""]",NA,NA,NA,NA,NA,NA,NA,2
01M214KY0H47Z8JVT95P15Z00T,01M20X12WH32MX7V56M1SN262T,training,5,0,6,48,12,10,/tangrams/316_89.png,F3,"[""/tangrams/57_85.png"",""/tangrams/315_224.png"",""/tangrams/405_327.png"",""/tangrams/316_89.png""]","[""F2"",""F6"",""F1"",""F3""]",/tangrams/316_89.png,TRUE,/tangrams/316_89.png,01M214AY9SMBAC3FWH0EN358MB,01M214C29BTAAYH03KHSYPYBMR,1788892859706,NA,1
01M215BMC8B34MKVEZNTQ7TSHJ,01M20X148Y8KBRQFNJTS9AKRW4,training,36,3,1,48,12,9,/tangrams/144_181.png,B1,"[""/tangrams/130_129.png"",""/tangrams/49_34.png"",""/tangrams/39_469.png"",""/tangrams/144_181.png""]","[""A3"",""D2"",""C4"",""B1""]",/tangrams/144_181.png,TRUE,/tangrams/144_181.png,01M2154JXMHS9BTWF8FWDE7774,01M21546HN9E95PWNR6ZWTAMM2,1788895193781,NA,4
01M215EHF6M1GW9RSK8HH4CDXB,01M20X15T7F67D04XT463JKFRX,training,39,3,4,48,12,10,/tangrams/62_463.png,C1,"[""/tangrams/62_463.png"",""/tangrams/382_364.png"",""/tangrams/18_112.png"",""/tangrams/411_107.png""]","[""C1"",""D2"",""A3"",""B4""]",/tangrams/62_463.png,TRUE,/tangrams/62_463.png,01M2154MFSP4VTTH1ZQNHW7C0J,01M21557T3YDBSX3GT1DB1X6ZD,1788894546650,NA,4
01M215K2X2VK6D6JYSK2E9C3H6,01M20X175HY3CRCTEMGHN0JEQ3,training,10,0,11,48,12,11,/tangrams/293_345.png,B4,"[""/tangrams/296_392.png"",""/tangrams/316_227.png"",""/tangrams/293_345.png"",""/tangrams/455_156.png""]","[""C2"",""A3"",""B4"",""D1""]",/tangrams/293_345.png,TRUE,/tangrams/293_345.png,01M2154P1EJW4QYGH77ZY8V300,01M2154HBQMMKX5AJ9BGZ61E13,1788894135997,NA,1
01M215PMWP2VJ8SFAC4KKM4GA2,01M215M9N7M1Y02J02DK7JKTQA,training,28,2,5,48,12,13,/tangrams/42_142.png,B1,"[""/tangrams/66_63.png"",""/tangrams/113_335.png"",""/tangrams/42_142.png"",""/tangrams/403_164.png""]","[""A4"",""C2"",""B1"",""D3""]",NA,NA,NA,NA,NA,NA,NA,3
01M20XZDAHWE0X9QFHKJ358R2P,01M20WZK596SFHM9YDB6TD7NK1,training,42,3,7,48,12,6,/tangrams/81_153.png,B4,"[""/tangrams/275_324.png"",""/tangrams/4_153.png"",""/tangrams/81_153.png"",""/tangrams/81_264.png""]","[""A3"",""C4"",""B4"",""B1""]",/tangrams/81_264.png,FALSE,/tangrams/81_264.png,01M20XSN3R16DSBXVRQKQSS665,01M20X6CEXP7W9NTPEWK7QNX8Z,1788887494031,NA,4
01M20YD60D5PW381X9633DE5FY,01M20WZK57NAX0A8X7B3WNHQN9,training,39,3,4,48,12,8,/tangrams/38_309.png,F5,"[""/tangrams/277_238.png"",""/tangrams/371_100.png"",""/tangrams/414_365.png"",""/tangrams/38_309.png""]","[""F8"",""F1"",""F6"",""F5""]",/tangrams/38_309.png,TRUE,/tangrams/38_309.png,01M20XW9BF9HJ5QA1N7YCTN8ZM,01M20Y7KTG16QCRZCK67K4YDTR,1788887185262,NA,4
01M214NB8E0AB5AKD284QQWGS4,01M20X13PJV655EHMJRF5XR4PG,training,35,2,12,48,12,10,/tangrams/57_85.png,F2,"[""/tangrams/411_364.png"",""/tangrams/57_85.png"",""/tangrams/284_245.png"",""/tangrams/315_224.png""]","[""B2"",""F2"",""F7"",""F6""]",NA,NA,NA,NA,NA,NA,NA,3
01M214ZFSSAGQ2GAF7C0S2SMFZ,01M20X12WDNRHQCMYC0R9VEVHQ,training,45,3,10,48,12,9,/tangrams/144_181.png,B1,"[""/tangrams/144_181.png"",""/tangrams/144_129.png"",""/tangrams/49_181.png"",""/tangrams/130_469.png""]","[""B1"",""B3"",""D1"",""A4""]",NA,NA,NA,NA,NA,NA,NA,4
01M215M1AVAF0T4V08F75X5HXB,01M215K1RCENCVM87G4759AF5H,training,35,2,12,48,12,12,/tangrams/244_275.png,B4,"[""/tangrams/137_345.png"",""/tangrams/72_213.png"",""/tangrams/161_312.png"",""/tangrams/244_275.png""]","[""D1"",""A3"",""C2"",""B4""]",/tangrams/244_275.png,TRUE,/tangrams/244_275.png,01M21569Y0RK1B1KAXYKBVZA95,01M215AVP11B8QPDVCJRC6C334,1788895274325,NA,3
01M20Z96MG5815KKDKQCKJYQV0,01M20X11N92ZFWXFVKY2CVEME8,training,43,3,8,48,12,9,/tangrams/144_469.png,B4,"[""/tangrams/130_129.png"",""/tangrams/49_181.png"",""/tangrams/144_469.png"",""/tangrams/39_34.png""]","[""A3"",""D1"",""B4"",""C2""]",NA,NA,NA,NA,NA,NA,NA,4
01M215HASX1AHJSS0DFETY26AZ,01M20X16AD7EKSEGH5WBVM39Q0,training,0,0,1,48,12,11,/tangrams/316_227.png,A3,"[""/tangrams/455_156.png"",""/tangrams/296_392.png"",""/tangrams/293_345.png"",""/tangrams/316_227.png""]","[""D1"",""C2"",""B4"",""A3""]",/tangrams/316_227.png,TRUE,/tangrams/316_227.png,01M2155PH51FH1Y7QSBY0YCPQ8,01M2153SDRH4EZ5F2YRG65W4Z9,1788894193448,NA,1
01M215HBJD693V54AD8NATYPG8,01M20X16AD7EKSEGH5WBVM39Q0,training,30,2,7,48,12,11,/tangrams/316_227.png,A3,"[""/tangrams/455_392.png"",""/tangrams/316_227.png"",""/tangrams/293_345.png"",""/tangrams/296_156.png""]","[""D2"",""A3"",""B4"",""C1""]",/tangrams/316_227.png,TRUE,/tangrams/316_227.png,01M2155PH51FH1Y7QSBY0YCPQ8,01M2153SDRH4EZ5F2YRG65W4Z9,1788895350494,NA,3
01M214JDB333QMK1N2GTXCC76T,01M20X0YW4S4FB44B5GCQBDAXT,training,13,1,2,48,12,9,/tangrams/39_129.png,C3,"[""/tangrams/47_268.png"",""/tangrams/6_423.png"",""/tangrams/130_181.png"",""/tangrams/39_129.png""]","[""F6"",""F3"",""A1"",""C3""]",NA,NA,NA,NA,NA,NA,NA,2
01M214ZFHAE7PX1Y0QRGB0999K,01M20X12WDNRHQCMYC0R9VEVHQ,training,6,0,7,48,12,9,/tangrams/49_34.png,D2,"[""/tangrams/49_181.png"",""/tangrams/130_34.png"",""/tangrams/49_34.png"",""/tangrams/144_129.png""]","[""D1"",""A2"",""D2"",""B3""]",NA,NA,NA,NA,NA,NA,NA,1
01M215AAX8AEFXCA0C8MF0WSS4,01M20X12WE7PPHA7JSTZZ2E6FT,training,42,3,7,48,12,8,/tangrams/353_436.png,B1,"[""/tangrams/368_219.png"",""/tangrams/192_235.png"",""/tangrams/265_444.png"",""/tangrams/353_436.png""]","[""A2"",""D3"",""C4"",""B1""]",/tangrams/353_436.png,TRUE,/tangrams/353_436.png,01M2154T01JJAXZD005VWMS05B,01M2154MN76WHSRHJG8SAKSTFM,1788894781608,NA,4
01M214YWZCK98KR5ZJA5FJGWJV,01M20X148VH9T6HPBHADHZGVW4,training,6,0,7,48,12,11,/tangrams/311_23.png,F5,"[""/tangrams/274_4.png"",""/tangrams/316_156.png"",""/tangrams/311_23.png"",""/tangrams/455_345.png""]","[""F2"",""A1"",""F5"",""D4""]",/tangrams/311_23.png,TRUE,/tangrams/311_23.png,01M214D5P3NXWG18WF1J3F1VFS,01M214CEQK5BQH1Z1J11PQVC16,1788893492499,NA,1
01M215AACNG8QCHPCZDEEF562F,01M20X12WE7PPHA7JSTZZ2E6FT,training,7,0,8,48,12,8,/tangrams/353_444.png,B4,"[""/tangrams/265_436.png"",""/tangrams/353_444.png"",""/tangrams/192_219.png"",""/tangrams/368_235.png""]","[""C1"",""B4"",""D2"",""A3""]",/tangrams/353_444.png,TRUE,/tangrams/353_444.png,01M2154MN76WHSRHJG8SAKSTFM,01M2154T01JJAXZD005VWMS05B,1788894025641,NA,1
01M215BKVF0H2XJY0CGD1H48JQ,01M20X148Y8KBRQFNJTS9AKRW4,training,3,0,4,48,12,9,/tangrams/144_181.png,B1,"[""/tangrams/144_181.png"",""/tangrams/39_469.png"",""/tangrams/49_129.png"",""/tangrams/130_34.png""]","[""B1"",""C4"",""D3"",""A2""]",/tangrams/144_181.png,TRUE,/tangrams/144_181.png,01M21546HN9E95PWNR6ZWTAMM2,01M2154JXMHS9BTWF8FWDE7774,1788894117003,NA,1
01M215GFJJC32N96A38PFFFHGF,01M20X14TPRK3E5KMRXWZZW19Q,training,38,3,3,48,12,9,/tangrams/130_181.png,A1,"[""/tangrams/130_181.png"",""/tangrams/47_268.png"",""/tangrams/144_34.png"",""/tangrams/364_46.png""]","[""A1"",""F6"",""B2"",""F1""]",/tangrams/47_268.png,FALSE,/tangrams/47_268.png,01M214C4QNBNJ9JQSE7YJ5TDCV,01M214B7NK5TMY7WTYY3DVP911,1788895403683,NA,4
01M20YSTQTWQTVCJSSBK2FTNVP,01M20X0YW80CVJTXB8KR0PJ9Z8,training,32,2,9,48,12,8,/tangrams/353_436.png,B1,"[""/tangrams/265_219.png"",""/tangrams/192_235.png"",""/tangrams/353_436.png"",""/tangrams/368_444.png""]","[""C2"",""D3"",""B1"",""A4""]",NA,NA,NA,NA,NA,NA,NA,3
01M20YSTTFVS20640V1T6WTF44,01M20X0YW80CVJTXB8KR0PJ9Z8,training,40,3,5,48,12,8,/tangrams/265_436.png,C1,"[""/tangrams/353_444.png"",""/tangrams/192_235.png"",""/tangrams/368_219.png"",""/tangrams/265_436.png""]","[""B4"",""D3"",""A2"",""C1""]",NA,NA,NA,NA,NA,NA,NA,4
01M21534AZ0FMCS98AVDE1D0EY,01M20X13PNQ3DCXFM6ND825C25,training,36,3,1,48,12,9,/tangrams/144_469.png,B4,"[""/tangrams/144_469.png"",""/tangrams/49_34.png"",""/tangrams/39_469.png"",""/tangrams/144_181.png""]","[""B4"",""D2"",""C4"",""B1""]",/tangrams/39_469.png,FALSE,/tangrams/39_469.png,01M214P0SMCPMD4G6CRK6QKHYR,01M214JN3YRRY4RAVQ10A1MK5E,1788895344733,NA,4
01M215B18X5BT57CB9KJBNVR48,01M20X13PPQ56SF2D1TXYZ1GT1,training,38,3,3,48,12,8,/tangrams/265_444.png,C4,"[""/tangrams/368_235.png"",""/tangrams/192_219.png"",""/tangrams/353_436.png"",""/tangrams/265_444.png""]","[""A3"",""D2"",""B1"",""C4""]",/tangrams/265_444.png,TRUE,/tangrams/265_444.png,01M2155RV91S7EYVKS22CN3J6W,01M21549E1T7PGG1H0FCWWP74Z,1788895223182,NA,4
01M214QP4GBBVJ2ER10BB64ZZ7,01M20X11N8F7DPTR5329TXEJ69,training,1,0,2,48,12,8,/tangrams/265_219.png,C2,"[""/tangrams/265_436.png"",""/tangrams/265_219.png"",""/tangrams/353_235.png"",""/tangrams/192_219.png""]","[""C1"",""C2"",""B3"",""D2""]",NA,FALSE,NA,01M20XWQ0GDTRYQJGMWVAJFYND,01M20YQWJYNA2MEME27ZW87E1G,NA,NA,1
01M21534E6EM3QK1Z0SVZ7NYH9,01M20X13PNQ3DCXFM6ND825C25,training,27,2,4,48,12,9,/tangrams/144_181.png,B1,"[""/tangrams/144_129.png"",""/tangrams/144_181.png"",""/tangrams/49_181.png"",""/tangrams/130_34.png""]","[""B3"",""B1"",""D1"",""A2""]",NA,FALSE,NA,01M214JN3YRRY4RAVQ10A1MK5E,01M214P0SMCPMD4G6CRK6QKHYR,NA,NA,3
01M20YSTT06306H69XBY72S5GC,01M20X0YW80CVJTXB8KR0PJ9Z8,training,39,3,4,48,12,8,/tangrams/368_444.png,A4,"[""/tangrams/368_444.png"",""/tangrams/192_235.png"",""/tangrams/265_219.png"",""/tangrams/353_436.png""]","[""A4"",""D3"",""C2"",""B1""]",NA,NA,NA,NA,NA,NA,NA,4
01M214KY7PMBCWCNZ9J21MG6GX,01M20X12WH32MX7V56M1SN262T,training,41,3,6,48,12,10,/tangrams/284_245.png,F7,"[""/tangrams/180_425.png"",""/tangrams/316_89.png"",""/tangrams/415_23.png"",""/tangrams/284_245.png""]","[""F5"",""F3"",""F4"",""F7""]",/tangrams/284_245.png,TRUE,/tangrams/284_245.png,01M214AY9SMBAC3FWH0EN358MB,01M214C29BTAAYH03KHSYPYBMR,1788893864621,NA,4
01M214QNWY6SEEYN990YC3HHNY,01M20X11N8F7DPTR5329TXEJ69,training,33,2,10,48,12,8,/tangrams/368_444.png,A4,"[""/tangrams/368_235.png"",""/tangrams/353_444.png"",""/tangrams/265_219.png"",""/tangrams/368_444.png""]","[""A3"",""B4"",""C2"",""A4""]",NA,NA,NA,NA,NA,NA,NA,3
01M214YX7YMKA5S4JPWGGM4SA4,01M20X148VH9T6HPBHADHZGVW4,training,28,2,5,48,12,11,/tangrams/241_194.png,F8,"[""/tangrams/232_52.png"",""/tangrams/444_435.png"",""/tangrams/296_227.png"",""/tangrams/241_194.png""]","[""F1"",""F3"",""C3"",""F8""]",/tangrams/241_194.png,TRUE,/tangrams/241_194.png,01M214D5P3NXWG18WF1J3F1VFS,01M214CEQK5BQH1Z1J11PQVC16,1788894237101,NA,3
01M214ZFSHW8MPA50DAFN2HDY3,01M20X12WDNRHQCMYC0R9VEVHQ,training,25,2,2,48,12,9,/tangrams/49_34.png,D2,"[""/tangrams/144_129.png"",""/tangrams/39_34.png"",""/tangrams/49_181.png"",""/tangrams/49_34.png""]","[""B3"",""C2"",""D1"",""D2""]",NA,NA,NA,NA,NA,NA,NA,3
01M215B14M58KBWG4B1NNJN692,01M20X13PPQ56SF2D1TXYZ1GT1,training,45,3,10,48,12,8,/tangrams/192_436.png,D1,"[""/tangrams/192_436.png"",""/tangrams/353_235.png"",""/tangrams/368_444.png"",""/tangrams/265_219.png""]","[""D1"",""B3"",""A4"",""C2""]",/tangrams/192_436.png,TRUE,/tangrams/192_436.png,01M21549E1T7PGG1H0FCWWP74Z,01M2155RV91S7EYVKS22CN3J6W,1788895336571,NA,4
01M215BKSDZD02MEVAZKHZHC6K,01M20X148Y8KBRQFNJTS9AKRW4,training,1,0,2,48,12,9,/tangrams/39_34.png,C2,"[""/tangrams/39_34.png"",""/tangrams/130_469.png"",""/tangrams/49_181.png"",""/tangrams/144_129.png""]","[""C2"",""A4"",""D1"",""B3""]",/tangrams/39_34.png,TRUE,/tangrams/39_34.png,01M21546HN9E95PWNR6ZWTAMM2,01M2154JXMHS9BTWF8FWDE7774,1788894032667,NA,1
01M215DNBJ972VPRJG6EHM5NP7,01M20X15BBYTN3YPSFQGJ5ZXF5,training,42,3,7,48,12,10,/tangrams/411_112.png,B3,"[""/tangrams/18_107.png"",""/tangrams/62_463.png"",""/tangrams/411_112.png"",""/tangrams/382_364.png""]","[""A4"",""C1"",""B3"",""D2""]",/tangrams/411_112.png,TRUE,/tangrams/411_112.png,01M21567THKMHSR683ZH4K0TNA,01M21552Z3FC5ZE6SYNEHHVAW4,1788895795359,NA,4
01M215K2RXZR7ZS5QSX8331AXC,01M20X175HY3CRCTEMGHN0JEQ3,training,5,0,6,48,12,11,/tangrams/455_392.png,D2,"[""/tangrams/293_156.png"",""/tangrams/296_345.png"",""/tangrams/455_392.png"",""/tangrams/316_227.png""]","[""B1"",""C4"",""D2"",""A3""]",/tangrams/455_392.png,TRUE,/tangrams/455_392.png,01M2154HBQMMKX5AJ9BGZ61E13,01M2154P1EJW4QYGH77ZY8V300,1788893988462,NA,1
01M215K3XBZFHM758B59K6N7B3,01M20X175HY3CRCTEMGHN0JEQ3,training,41,3,6,48,12,11,/tangrams/455_227.png,D3,"[""/tangrams/293_156.png"",""/tangrams/296_345.png"",""/tangrams/316_392.png"",""/tangrams/455_227.png""]","[""B1"",""C4"",""A2"",""D3""]",/tangrams/455_227.png,TRUE,/tangrams/455_227.png,01M2154HBQMMKX5AJ9BGZ61E13,01M2154P1EJW4QYGH77ZY8V300,1788894753328,NA,4
01M214QK5SVHRDNGKJ2X2S051W,01M20X0YW742ZY2EX5FCQ61EFA,training,28,2,5,48,12,8,/tangrams/353_436.png,B1,"[""/tangrams/353_436.png"",""/tangrams/368_219.png"",""/tangrams/353_444.png"",""/tangrams/265_436.png""]","[""B1"",""A2"",""B4"",""C1""]",NA,NA,NA,NA,NA,NA,NA,3
01M215DMYVT3KWWNDFBZX7YHW9,01M20X15BBYTN3YPSFQGJ5ZXF5,training,22,1,11,48,12,10,/tangrams/18_107.png,A4,"[""/tangrams/382_463.png"",""/tangrams/18_107.png"",""/tangrams/62_364.png"",""/tangrams/411_112.png""]","[""D1"",""A4"",""C2"",""B3""]",/tangrams/18_107.png,TRUE,/tangrams/18_107.png,01M21567THKMHSR683ZH4K0TNA,01M21552Z3FC5ZE6SYNEHHVAW4,1788895118526,NA,2
01M215K36EJ2WNTPTMSPSF87SN,01M20X175HY3CRCTEMGHN0JEQ3,training,17,1,6,48,12,11,/tangrams/293_156.png,B1,"[""/tangrams/455_227.png"",""/tangrams/293_156.png"",""/tangrams/316_345.png"",""/tangrams/296_392.png""]","[""D3"",""B1"",""A4"",""C2""]",/tangrams/293_156.png,TRUE,/tangrams/293_156.png,01M2154HBQMMKX5AJ9BGZ61E13,01M2154P1EJW4QYGH77ZY8V300,1788894291272,NA,2
01M215PM5KMGTD768R5H84F5Z0,01M215M9N7M1Y02J02DK7JKTQA,training,5,0,6,48,12,13,/tangrams/66_164.png,A3,"[""/tangrams/403_335.png"",""/tangrams/66_164.png"",""/tangrams/113_142.png"",""/tangrams/42_63.png""]","[""D2"",""A3"",""C1"",""B4""]",NA,NA,NA,NA,NA,NA,NA,1
01M20XZDDP7HK60DRQJ4ZWDE4C,01M20WZK596SFHM9YDB6TD7NK1,training,32,2,9,48,12,6,/tangrams/81_264.png,B1,"[""/tangrams/445_264.png"",""/tangrams/4_437.png"",""/tangrams/81_324.png"",""/tangrams/81_264.png""]","[""D1"",""C2"",""B3"",""B1""]",/tangrams/81_264.png,TRUE,/tangrams/81_264.png,01M20XSN3R16DSBXVRQKQSS665,01M20X6CEXP7W9NTPEWK7QNX8Z,1788887151179,NA,3
01M215AA973YWSRXZC75G3GC4V,01M20X12WE7PPHA7JSTZZ2E6FT,training,3,0,4,48,12,8,/tangrams/265_436.png,C1,"[""/tangrams/368_444.png"",""/tangrams/192_219.png"",""/tangrams/353_235.png"",""/tangrams/265_436.png""]","[""A4"",""D2"",""B3"",""C1""]",/tangrams/265_436.png,TRUE,/tangrams/265_436.png,01M2154MN76WHSRHJG8SAKSTFM,01M2154T01JJAXZD005VWMS05B,1788893885785,NA,1
01M215B0PHQ6KM4GJN77FD49WQ,01M20X13PPQ56SF2D1TXYZ1GT1,training,6,0,7,48,12,8,/tangrams/192_219.png,D2,"[""/tangrams/353_436.png"",""/tangrams/265_444.png"",""/tangrams/192_219.png"",""/tangrams/368_235.png""]","[""B1"",""C4"",""D2"",""A3""]",/tangrams/192_219.png,TRUE,/tangrams/192_219.png,01M2155RV91S7EYVKS22CN3J6W,01M21549E1T7PGG1H0FCWWP74Z,1788894494282,NA,1
01M215HBNSFNJ1AM3FKXAXK0WP,01M20X16AD7EKSEGH5WBVM39Q0,training,34,2,11,48,12,11,/tangrams/293_227.png,B3,"[""/tangrams/316_345.png"",""/tangrams/296_392.png"",""/tangrams/455_156.png"",""/tangrams/293_227.png""]","[""A4"",""C2"",""D1"",""B3""]",/tangrams/293_227.png,TRUE,/tangrams/293_227.png,01M2155PH51FH1Y7QSBY0YCPQ8,01M2153SDRH4EZ5F2YRG65W4Z9,1788895457937,NA,3
01M215M260GZY0Z2GZ212P971G,01M215K1RCENCVM87G4759AF5H,training,7,0,8,48,12,12,/tangrams/137_312.png,D2,"[""/tangrams/244_213.png"",""/tangrams/161_345.png"",""/tangrams/137_312.png"",""/tangrams/72_275.png""]","[""B3"",""C1"",""D2"",""A4""]",/tangrams/137_312.png,TRUE,/tangrams/137_312.png,01M21569Y0RK1B1KAXYKBVZA95,01M215AVP11B8QPDVCJRC6C334,1788894766905,NA,1
01M215Z2XDX58D6X9T0Y047N49,01M20X14TTKZWGB70XGMAFRR2H,training,21,1,10,48,12,8,/tangrams/192_219.png,D2,"[""/tangrams/192_235.png"",""/tangrams/368_219.png"",""/tangrams/192_219.png"",""/tangrams/353_436.png""]","[""D3"",""A2"",""D2"",""B1""]",/tangrams/192_219.png,TRUE,/tangrams/192_219.png,01M215F66CRM1GV0R6SDQ69WCM,01M215FK0ZT4PGXXVV13WRHJPB,1788896080834,NA,2
01M20YKS582MYZYXM1SXGQSKEH,01M20WZK5AY7SPG9YB2GY60XCH,training,25,2,2,48,12,8,/tangrams/192_436.png,D1,"[""/tangrams/192_436.png"",""/tangrams/353_235.png"",""/tangrams/368_219.png"",""/tangrams/265_444.png""]","[""D1"",""B3"",""A2"",""C4""]",NA,NA,NA,NA,NA,NA,NA,3
01M214K1ZSJKQQ1E3K53RR3QT0,01M20X11N5A2NXXZZPJ1AXFSW6,training,10,0,11,48,12,9,/tangrams/47_268.png,F6,"[""/tangrams/47_268.png"",""/tangrams/455_435.png"",""/tangrams/130_181.png"",""/tangrams/133_40.png""]","[""F6"",""F4"",""A1"",""F8""]",/tangrams/47_268.png,TRUE,/tangrams/47_268.png,01M214ERNYBYY3EBY90CCRQDQJ,01M214DGSKEJ8ZAHQ4WC2E0G7N,1788892850082,NA,1
01M214KY8PXHHX7NZ5RWWKM2QN,01M20X12WH32MX7V56M1SN262T,training,46,3,11,48,12,10,/tangrams/415_23.png,F4,"[""/tangrams/411_364.png"",""/tangrams/316_89.png"",""/tangrams/415_23.png"",""/tangrams/315_224.png""]","[""B2"",""F3"",""F4"",""F6""]",/tangrams/415_23.png,TRUE,/tangrams/415_23.png,01M214C29BTAAYH03KHSYPYBMR,01M214AY9SMBAC3FWH0EN358MB,1788893939984,NA,4
01M214QKG6FW7B1Z0R8H65910M,01M20X0YW742ZY2EX5FCQ61EFA,training,39,3,4,48,12,8,/tangrams/368_444.png,A4,"[""/tangrams/353_444.png"",""/tangrams/368_444.png"",""/tangrams/192_436.png"",""/tangrams/368_219.png""]","[""B4"",""A4"",""D1"",""A2""]",NA,NA,NA,NA,NA,NA,NA,4
01M215B0S19MVGVCY289Q1KTQD,01M20X13PPQ56SF2D1TXYZ1GT1,training,26,2,3,48,12,8,/tangrams/368_235.png,A3,"[""/tangrams/368_235.png"",""/tangrams/265_436.png"",""/tangrams/192_219.png"",""/tangrams/353_444.png""]","[""A3"",""C1"",""D2"",""B4""]",/tangrams/368_235.png,TRUE,/tangrams/368_235.png,01M2155RV91S7EYVKS22CN3J6W,01M21549E1T7PGG1H0FCWWP74Z,1788895001679,NA,3
01M215D05J8BF4TF6P6PYJ1WQ2,01M20X14TW6FQW067YRK6RNDKN,training,41,3,6,48,12,9,/tangrams/39_469.png,C4,"[""/tangrams/39_469.png"",""/tangrams/144_181.png"",""/tangrams/49_129.png"",""/tangrams/130_34.png""]","[""C4"",""B1"",""D3"",""A2""]",/tangrams/39_469.png,TRUE,/tangrams/39_469.png,01M2154QPBTEQ4FE8D65KC2SJY,01M2156K7QTNRYHY4BTF9XK016,1788895077985,NA,4
01M215K3EMEGBYT0QJ5PBD8TNE,01M20X175HY3CRCTEMGHN0JEQ3,training,25,2,2,48,12,11,/tangrams/316_345.png,A4,"[""/tangrams/316_345.png"",""/tangrams/293_156.png"",""/tangrams/455_227.png"",""/tangrams/296_392.png""]","[""A4"",""B1"",""D3"",""C2""]",/tangrams/316_345.png,TRUE,/tangrams/316_345.png,01M2154HBQMMKX5AJ9BGZ61E13,01M2154P1EJW4QYGH77ZY8V300,1788894456967,NA,3
01M215PM9EKBY6S9XZVDSQ0EY9,01M215M9N7M1Y02J02DK7JKTQA,training,9,0,10,48,12,13,/tangrams/113_142.png,C1,"[""/tangrams/66_164.png"",""/tangrams/113_142.png"",""/tangrams/42_63.png"",""/tangrams/403_335.png""]","[""A3"",""C1"",""B4"",""D2""]",NA,NA,NA,NA,NA,NA,NA,1
01M215PN7FYM0Q1YWWZB50NGFH,01M215M9N7M1Y02J02DK7JKTQA,training,47,3,12,48,12,13,/tangrams/42_142.png,B1,"[""/tangrams/113_63.png"",""/tangrams/403_164.png"",""/tangrams/42_142.png"",""/tangrams/66_335.png""]","[""C4"",""D3"",""B1"",""A2""]",NA,NA,NA,NA,NA,NA,NA,4
01M214JDAT2F306RXFXQXBRC9T,01M20X0YW4S4FB44B5GCQBDAXT,training,6,0,7,48,12,9,/tangrams/436_72.png,F7,"[""/tangrams/364_46.png"",""/tangrams/144_34.png"",""/tangrams/436_72.png"",""/tangrams/455_435.png""]","[""F1"",""B2"",""F7"",""F4""]",NA,NA,NA,NA,NA,NA,NA,1
01M20XZDD66RCEKBF6D08TBDFK,01M20WZK596SFHM9YDB6TD7NK1,training,34,2,11,48,12,6,/tangrams/4_264.png,C1,"[""/tangrams/4_437.png"",""/tangrams/445_264.png"",""/tangrams/4_264.png"",""/tangrams/275_153.png""]","[""C2"",""D1"",""C1"",""A4""]",/tangrams/4_264.png,TRUE,/tangrams/4_264.png,01M20XSN3R16DSBXVRQKQSS665,01M20X6CEXP7W9NTPEWK7QNX8Z,1788887219815,NA,3
01M214KY29JJXE7M9FQMXWZTJC,01M20X12WH32MX7V56M1SN262T,training,13,1,2,48,12,10,/tangrams/315_224.png,F6,"[""/tangrams/426_419.png"",""/tangrams/316_89.png"",""/tangrams/284_245.png"",""/tangrams/315_224.png""]","[""F8"",""F3"",""F7"",""F6""]",/tangrams/315_224.png,TRUE,/tangrams/315_224.png,01M214AY9SMBAC3FWH0EN358MB,01M214C29BTAAYH03KHSYPYBMR,1788893195002,NA,2
01M214QP7069RGJ5PHXYQAGT64,01M20X11N8F7DPTR5329TXEJ69,training,21,1,10,48,12,8,/tangrams/368_235.png,A3,"[""/tangrams/368_235.png"",""/tangrams/353_444.png"",""/tangrams/192_235.png"",""/tangrams/368_219.png""]","[""A3"",""B4"",""D3"",""A2""]",NA,NA,NA,NA,NA,NA,NA,2
01M215BMCW007A9VD39BJ4TS33,01M20X148Y8KBRQFNJTS9AKRW4,training,35,2,12,48,12,9,/tangrams/130_129.png,A3,"[""/tangrams/49_34.png"",""/tangrams/39_181.png"",""/tangrams/144_469.png"",""/tangrams/130_129.png""]","[""D2"",""C1"",""B4"",""A3""]",/tangrams/130_129.png,TRUE,/tangrams/130_129.png,01M21546HN9E95PWNR6ZWTAMM2,01M2154JXMHS9BTWF8FWDE7774,1788895165793,NA,3
01M215HAZ0EN9R79VSQ5VA001P,01M20X16AD7EKSEGH5WBVM39Q0,training,7,0,8,48,12,11,/tangrams/455_227.png,D3,"[""/tangrams/316_392.png"",""/tangrams/455_227.png"",""/tangrams/293_345.png"",""/tangrams/296_156.png""]","[""A2"",""D3"",""B4"",""C1""]",/tangrams/455_227.png,TRUE,/tangrams/455_227.png,01M2153SDRH4EZ5F2YRG65W4Z9,01M2155PH51FH1Y7QSBY0YCPQ8,1788894529442,NA,1
01M215M1HZG5TKW6GKABGQGR7T,01M215K1RCENCVM87G4759AF5H,training,27,2,4,48,12,12,/tangrams/137_345.png,D1,"[""/tangrams/137_345.png"",""/tangrams/244_275.png"",""/tangrams/72_213.png"",""/tangrams/161_312.png""]","[""D1"",""B4"",""A3"",""C2""]",/tangrams/137_345.png,TRUE,/tangrams/137_345.png,01M21569Y0RK1B1KAXYKBVZA95,01M215AVP11B8QPDVCJRC6C334,1788895142564,NA,3
01M20Z96J4VRP2Q5PPHN47KBET,01M20X11N92ZFWXFVKY2CVEME8,training,2,0,3,48,12,9,/tangrams/39_181.png,C1,"[""/tangrams/39_181.png"",""/tangrams/130_34.png"",""/tangrams/144_469.png"",""/tangrams/49_129.png""]","[""C1"",""A2"",""B4"",""D3""]",NA,FALSE,NA,01M20YR2K07K9X60T54DN4Z8Q0,01M20YGVWYARZ695AWDNJ9TT2P,NA,NA,1
01M215Z2GEQZRZR93VZB9KN67A,01M20X14TTKZWGB70XGMAFRR2H,training,10,0,11,48,12,8,/tangrams/192_235.png,D3,"[""/tangrams/265_444.png"",""/tangrams/192_219.png"",""/tangrams/368_235.png"",""/tangrams/192_235.png""]","[""C4"",""D2"",""A3"",""D3""]",/tangrams/192_235.png,TRUE,/tangrams/192_235.png,01M215FK0ZT4PGXXVV13WRHJPB,01M215F66CRM1GV0R6SDQ69WCM,1788895507577,NA,1
01M214JD869VF2E6HYVVEV7AAZ,01M20X0YW4S4FB44B5GCQBDAXT,training,11,0,12,48,12,9,/tangrams/39_129.png,C3,"[""/tangrams/49_469.png"",""/tangrams/130_181.png"",""/tangrams/47_268.png"",""/tangrams/39_129.png""]","[""D4"",""A1"",""F6"",""C3""]",NA,NA,NA,NA,NA,NA,NA,1
01M214K278PSPYB24XDVP7AYMT,01M20X11N5A2NXXZZPJ1AXFSW6,training,16,1,5,48,12,9,/tangrams/455_435.png,F4,"[""/tangrams/39_129.png"",""/tangrams/425_194.png"",""/tangrams/133_40.png"",""/tangrams/455_435.png""]","[""C3"",""F2"",""F8"",""F4""]",/tangrams/455_435.png,TRUE,/tangrams/455_435.png,01M214ERNYBYY3EBY90CCRQDQJ,01M214DGSKEJ8ZAHQ4WC2E0G7N,1788893004302,NA,2
01M21534DM623EFE88D223R4FH,01M20X13PNQ3DCXFM6ND825C25,training,28,2,5,48,12,9,/tangrams/130_34.png,A2,"[""/tangrams/49_34.png"",""/tangrams/130_34.png"",""/tangrams/130_469.png"",""/tangrams/144_181.png""]","[""D2"",""A2"",""A4"",""B1""]",/tangrams/144_181.png,FALSE,/tangrams/144_181.png,01M214P0SMCPMD4G6CRK6QKHYR,01M214JN3YRRY4RAVQ10A1MK5E,1788894923126,NA,3
01M215BME0JPWQAMA59SK7N0ZH,01M20X148Y8KBRQFNJTS9AKRW4,training,33,2,10,48,12,9,/tangrams/49_181.png,D1,"[""/tangrams/49_181.png"",""/tangrams/130_34.png"",""/tangrams/144_129.png"",""/tangrams/39_469.png""]","[""D1"",""A2"",""B3"",""C4""]",/tangrams/49_181.png,TRUE,/tangrams/49_181.png,01M21546HN9E95PWNR6ZWTAMM2,01M2154JXMHS9BTWF8FWDE7774,1788895113780,NA,3
01M215PMEJAQ5WCCQ8TS5NCZ3V,01M215M9N7M1Y02J02DK7JKTQA,training,14,1,3,48,12,13,/tangrams/42_142.png,B1,"[""/tangrams/403_335.png"",""/tangrams/42_142.png"",""/tangrams/66_164.png"",""/tangrams/113_63.png""]","[""D2"",""B1"",""A3"",""C4""]",NA,NA,NA,NA,NA,NA,NA,2
01M214K21Y71NZVD55QGEH0SNV,01M20X11N5A2NXXZZPJ1AXFSW6,training,38,3,3,48,12,9,/tangrams/133_40.png,F8,"[""/tangrams/39_129.png"",""/tangrams/364_46.png"",""/tangrams/133_40.png"",""/tangrams/425_194.png""]","[""C3"",""F1"",""F8"",""F2""]",/tangrams/133_40.png,TRUE,/tangrams/133_40.png,01M214ERNYBYY3EBY90CCRQDQJ,01M214DGSKEJ8ZAHQ4WC2E0G7N,1788893788776,NA,4
01M214ZFHMKE1TJHF7Z96Y5WRS,01M20X12WDNRHQCMYC0R9VEVHQ,training,5,0,6,48,12,9,/tangrams/130_129.png,A3,"[""/tangrams/130_129.png"",""/tangrams/49_129.png"",""/tangrams/144_469.png"",""/tangrams/130_34.png""]","[""A3"",""D3"",""B4"",""A2""]",NA,NA,NA,NA,NA,NA,NA,1
01M215B0P2VKVCGBS0RJG04KVK,01M20X13PPQ56SF2D1TXYZ1GT1,training,5,0,6,48,12,8,/tangrams/368_444.png,A4,"[""/tangrams/353_235.png"",""/tangrams/368_444.png"",""/tangrams/192_219.png"",""/tangrams/265_436.png""]","[""B3"",""A4"",""D2"",""C1""]",/tangrams/368_444.png,TRUE,/tangrams/368_444.png,01M21549E1T7PGG1H0FCWWP74Z,01M2155RV91S7EYVKS22CN3J6W,1788894453583,NA,1
01M215BM3VNW96M5KAV982FM50,01M20X148Y8KBRQFNJTS9AKRW4,training,9,0,10,48,12,9,/tangrams/144_129.png,B3,"[""/tangrams/130_469.png"",""/tangrams/144_129.png"",""/tangrams/49_34.png"",""/tangrams/39_181.png""]","[""A4"",""B3"",""D2"",""C1""]",/tangrams/144_129.png,TRUE,/tangrams/144_129.png,01M21546HN9E95PWNR6ZWTAMM2,01M2154JXMHS9BTWF8FWDE7774,1788894361544,NA,1
01M215BM70J328PGXZXV921DEV,01M20X148Y8KBRQFNJTS9AKRW4,training,47,3,12,48,12,9,/tangrams/144_129.png,B3,"[""/tangrams/130_34.png"",""/tangrams/49_181.png"",""/tangrams/144_129.png"",""/tangrams/39_469.png""]","[""A2"",""D1"",""B3"",""C4""]",/tangrams/144_129.png,TRUE,/tangrams/144_129.png,01M21546HN9E95PWNR6ZWTAMM2,01M2154JXMHS9BTWF8FWDE7774,1788895519208,NA,4
01M215Z3PGP5HT7MF6PSEFF4C4,01M20X14TTKZWGB70XGMAFRR2H,training,44,3,9,48,12,8,/tangrams/368_219.png,A2,"[""/tangrams/368_444.png"",""/tangrams/368_219.png"",""/tangrams/353_436.png"",""/tangrams/192_219.png""]","[""A4"",""A2"",""B1"",""D2""]",/tangrams/368_219.png,TRUE,/tangrams/368_219.png,01M215FK0ZT4PGXXVV13WRHJPB,01M215F66CRM1GV0R6SDQ69WCM,1788897060782,NA,4
01M20YKS72CMQDX3ZGF7X1D7WQ,01M20WZK5AY7SPG9YB2GY60XCH,training,35,2,12,48,12,8,/tangrams/192_219.png,D2,"[""/tangrams/368_235.png"",""/tangrams/265_436.png"",""/tangrams/353_444.png"",""/tangrams/192_219.png""]","[""A3"",""C1"",""B4"",""D2""]",NA,NA,NA,NA,NA,NA,NA,3
01M215HBTH67QE7EF4H224DT5G,01M20X16AD7EKSEGH5WBVM39Q0,training,39,3,4,48,12,11,/tangrams/455_227.png,D3,"[""/tangrams/296_156.png"",""/tangrams/316_392.png"",""/tangrams/293_345.png"",""/tangrams/455_227.png""]","[""C1"",""A2"",""B4"",""D3""]",/tangrams/455_227.png,TRUE,/tangrams/455_227.png,01M2153SDRH4EZ5F2YRG65W4Z9,01M2155PH51FH1Y7QSBY0YCPQ8,1788895558248,NA,4
01M215PMKE72179F0KRXDA7QGG,01M215M9N7M1Y02J02DK7JKTQA,training,19,1,8,48,12,13,/tangrams/113_142.png,C1,"[""/tangrams/42_63.png"",""/tangrams/403_164.png"",""/tangrams/66_335.png"",""/tangrams/113_142.png""]","[""B4"",""D3"",""A2"",""C1""]",NA,NA,NA,NA,NA,NA,NA,2
01M214K206VJPGDB3AEARDBDVB,01M20X11N5A2NXXZZPJ1AXFSW6,training,45,3,10,48,12,9,/tangrams/364_46.png,F1,"[""/tangrams/436_72.png"",""/tangrams/364_46.png"",""/tangrams/39_129.png"",""/tangrams/49_469.png""]","[""F7"",""F1"",""C3"",""D4""]",/tangrams/364_46.png,TRUE,/tangrams/364_46.png,01M214DGSKEJ8ZAHQ4WC2E0G7N,01M214ERNYBYY3EBY90CCRQDQJ,1788893892680,NA,4
01M214YX99PR7G5WH36PD1GX0R,01M20X148VH9T6HPBHADHZGVW4,training,33,2,10,48,12,11,/tangrams/444_435.png,F3,"[""/tangrams/311_23.png"",""/tangrams/293_392.png"",""/tangrams/321_431.png"",""/tangrams/444_435.png""]","[""F5"",""B2"",""F4"",""F3""]",/tangrams/444_435.png,TRUE,/tangrams/444_435.png,01M214CEQK5BQH1Z1J11PQVC16,01M214D5P3NXWG18WF1J3F1VFS,1788894368512,NA,3
01M215CZMNFHVNKNBPE89FNYJ2,01M20X14TW6FQW067YRK6RNDKN,training,8,0,9,48,12,9,/tangrams/39_181.png,C1,"[""/tangrams/144_469.png"",""/tangrams/130_129.png"",""/tangrams/39_181.png"",""/tangrams/49_34.png""]","[""B4"",""A3"",""C1"",""D2""]",/tangrams/39_181.png,TRUE,/tangrams/39_181.png,01M2156K7QTNRYHY4BTF9XK016,01M2154QPBTEQ4FE8D65KC2SJY,1788894043908,NA,1
01M215EGQH5JRY9306FFYVV8H2,01M20X15T7F67D04XT463JKFRX,training,6,0,7,48,12,10,/tangrams/62_364.png,C2,"[""/tangrams/62_364.png"",""/tangrams/18_107.png"",""/tangrams/411_112.png"",""/tangrams/382_463.png""]","[""C2"",""A4"",""B3"",""D1""]",/tangrams/62_364.png,TRUE,/tangrams/62_364.png,01M21557T3YDBSX3GT1DB1X6ZD,01M2154MFSP4VTTH1ZQNHW7C0J,1788893652876,NA,1
01M215EH9GK81JQQHD0EJ39YKR,01M20X15T7F67D04XT463JKFRX,training,44,3,9,48,12,10,/tangrams/411_107.png,B4,"[""/tangrams/18_364.png"",""/tangrams/62_463.png"",""/tangrams/382_112.png"",""/tangrams/411_107.png""]","[""A2"",""C1"",""D3"",""B4""]",/tangrams/411_107.png,TRUE,/tangrams/411_107.png,01M21557T3YDBSX3GT1DB1X6ZD,01M2154MFSP4VTTH1ZQNHW7C0J,1788894673616,NA,4
01M215N41M1H3DP21Y3EDBPN7Y,01M215K2BSVQ6X8DX5GH1YZX6B,training,42,3,7,48,12,12,/tangrams/244_345.png,B1,"[""/tangrams/161_275.png"",""/tangrams/244_345.png"",""/tangrams/137_213.png"",""/tangrams/72_312.png""]","[""C4"",""B1"",""D3"",""A2""]",/tangrams/244_345.png,TRUE,/tangrams/244_345.png,01M2159JAWAFEZB1KH9W5K5DTC,01M2157YJ34JPNQ0ZE6DJJD3G3,1788895836992,NA,4
01M215PMTK5A8M5VTWN9FSA6VW,01M215M9N7M1Y02J02DK7JKTQA,training,26,2,3,48,12,13,/tangrams/403_335.png,D2,"[""/tangrams/66_164.png"",""/tangrams/113_63.png"",""/tangrams/42_142.png"",""/tangrams/403_335.png""]","[""A3"",""C4"",""B1"",""D2""]",NA,NA,NA,NA,NA,NA,NA,3
01M20XZDDWQ86HEYC2PGTAYKXE,01M20WZK596SFHM9YDB6TD7NK1,training,26,2,3,48,12,6,/tangrams/275_437.png,A2,"[""/tangrams/275_153.png"",""/tangrams/4_264.png"",""/tangrams/275_437.png"",""/tangrams/445_437.png""]","[""A4"",""C1"",""A2"",""D2""]",/tangrams/275_437.png,TRUE,/tangrams/275_437.png,01M20XSN3R16DSBXVRQKQSS665,01M20X6CEXP7W9NTPEWK7QNX8Z,1788886963170,NA,3
01M20YD5TW6339H7WPJE6417K5,01M20WZK57NAX0A8X7B3WNHQN9,training,2,0,3,48,12,8,/tangrams/192_444.png,D4,"[""/tangrams/414_365.png"",""/tangrams/192_444.png"",""/tangrams/371_100.png"",""/tangrams/311_205.png""]","[""F6"",""D4"",""F1"",""F4""]",/tangrams/192_444.png,TRUE,/tangrams/192_444.png,01M20Y7KTG16QCRZCK67K4YDTR,01M20XW9BF9HJ5QA1N7YCTN8ZM,1788886329794,NA,1
01M214KY00DWFXNMM03B4NYYW9,01M20X12WH32MX7V56M1SN262T,training,2,0,3,48,12,10,/tangrams/382_107.png,D4,"[""/tangrams/62_112.png"",""/tangrams/180_425.png"",""/tangrams/382_107.png"",""/tangrams/315_224.png""]","[""C3"",""F5"",""D4"",""F6""]",/tangrams/382_107.png,TRUE,/tangrams/382_107.png,01M214C29BTAAYH03KHSYPYBMR,01M214AY9SMBAC3FWH0EN358MB,1788892732719,NA,1
01M214NB2KTM1GZ2DZ84SKEK12,01M20X13PJV655EHMJRF5XR4PG,training,14,1,3,48,12,10,/tangrams/315_224.png,F6,"[""/tangrams/315_224.png"",""/tangrams/405_327.png"",""/tangrams/180_425.png"",""/tangrams/426_419.png""]","[""F6"",""F1"",""F5"",""F8""]",/tangrams/315_224.png,TRUE,/tangrams/315_224.png,01M214E3AZ6Y0RHEASN5NQEEJN,01M214C6Z85CZDH1N1HARPXC77,1788893203941,NA,2
01M215N2ZQXP69F6JQQ49NCQP0,01M215K2BSVQ6X8DX5GH1YZX6B,training,16,1,5,48,12,12,/tangrams/72_275.png,A4,"[""/tangrams/72_275.png"",""/tangrams/244_213.png"",""/tangrams/161_345.png"",""/tangrams/137_312.png""]","[""A4"",""B3"",""C1"",""D2""]",/tangrams/72_275.png,TRUE,/tangrams/72_275.png,01M2159JAWAFEZB1KH9W5K5DTC,01M2157YJ34JPNQ0ZE6DJJD3G3,1788895246653,NA,2
01M215Z3EEFH27QKTEPMGA1RWR,01M20X14TTKZWGB70XGMAFRR2H,training,37,3,2,48,12,8,/tangrams/192_235.png,D3,"[""/tangrams/192_436.png"",""/tangrams/192_235.png"",""/tangrams/265_219.png"",""/tangrams/368_235.png""]","[""D1"",""D3"",""C2"",""A3""]",/tangrams/192_235.png,TRUE,/tangrams/192_235.png,01M215F66CRM1GV0R6SDQ69WCM,01M215FK0ZT4PGXXVV13WRHJPB,1788896781161,NA,4
01M20XZDE2ZEQ0MC488AE0VAXW,01M20WZK596SFHM9YDB6TD7NK1,training,25,2,2,48,12,6,/tangrams/81_324.png,B3,"[""/tangrams/81_324.png"",""/tangrams/81_153.png"",""/tangrams/275_324.png"",""/tangrams/445_264.png""]","[""B3"",""B4"",""A3"",""D1""]",/tangrams/81_324.png,TRUE,/tangrams/81_324.png,01M20X6CEXP7W9NTPEWK7QNX8Z,01M20XSN3R16DSBXVRQKQSS665,1788886938634,NA,3
01M20YSTT7DKF6VW886MG5T0E4,01M20X0YW80CVJTXB8KR0PJ9Z8,training,44,3,9,48,12,8,/tangrams/192_235.png,D3,"[""/tangrams/265_436.png"",""/tangrams/192_235.png"",""/tangrams/368_219.png"",""/tangrams/353_444.png""]","[""C1"",""D3"",""A2"",""B4""]",NA,NA,NA,NA,NA,NA,NA,4
01M20XZDCK6BTC61NWAKBZQWJV,01M20WZK596SFHM9YDB6TD7NK1,training,35,2,12,48,12,6,/tangrams/81_153.png,B4,"[""/tangrams/445_324.png"",""/tangrams/81_153.png"",""/tangrams/81_264.png"",""/tangrams/275_153.png""]","[""D3"",""B4"",""B1"",""A4""]",/tangrams/81_153.png,TRUE,/tangrams/81_153.png,01M20X6CEXP7W9NTPEWK7QNX8Z,01M20XSN3R16DSBXVRQKQSS665,1788887254276,NA,3
01M20YSTR61GJVN3TCWF1EA474,01M20X0YW80CVJTXB8KR0PJ9Z8,training,27,2,4,48,12,8,/tangrams/192_436.png,D1,"[""/tangrams/368_219.png"",""/tangrams/265_444.png"",""/tangrams/192_436.png"",""/tangrams/353_235.png""]","[""A2"",""C4"",""D1"",""B3""]",NA,NA,NA,NA,NA,NA,NA,3
01M215AA7EBKNKSZ213XGAVW1D,01M20X12WE7PPHA7JSTZZ2E6FT,training,1,0,2,48,12,8,/tangrams/353_235.png,B3,"[""/tangrams/192_436.png"",""/tangrams/265_219.png"",""/tangrams/353_235.png"",""/tangrams/368_444.png""]","[""D1"",""C2"",""B3"",""A4""]",/tangrams/353_235.png,TRUE,/tangrams/353_235.png,01M2154MN76WHSRHJG8SAKSTFM,01M2154T01JJAXZD005VWMS05B,1788893829644,NA,1
01M20YKS02RPBG7B54FACMA9RH,01M20WZK5AY7SPG9YB2GY60XCH,training,7,0,8,48,12,8,/tangrams/353_444.png,B4,"[""/tangrams/368_219.png"",""/tangrams/353_444.png"",""/tangrams/192_235.png"",""/tangrams/265_436.png""]","[""A2"",""B4"",""D3"",""C1""]",NA,NA,NA,NA,NA,NA,NA,1
01M20YSTSCESTEJVXHP8J283M8,01M20X0YW80CVJTXB8KR0PJ9Z8,training,15,1,4,48,12,8,/tangrams/265_444.png,C4,"[""/tangrams/192_219.png"",""/tangrams/265_444.png"",""/tangrams/353_436.png"",""/tangrams/368_235.png""]","[""D2"",""C4"",""B1"",""A3""]",NA,NA,NA,NA,NA,NA,NA,2
01M214K240TE0XVRG0HZNWY6EK,01M20X11N5A2NXXZZPJ1AXFSW6,training,32,2,9,48,12,9,/tangrams/130_181.png,A1,"[""/tangrams/130_181.png"",""/tangrams/364_46.png"",""/tangrams/436_72.png"",""/tangrams/6_423.png""]","[""A1"",""F1"",""F7"",""F3""]",/tangrams/130_181.png,TRUE,/tangrams/130_181.png,01M214ERNYBYY3EBY90CCRQDQJ,01M214DGSKEJ8ZAHQ4WC2E0G7N,1788893651693,NA,3
01M214QKCW9D8TC7D61BMF3045,01M20X0YW742ZY2EX5FCQ61EFA,training,5,0,6,48,12,8,/tangrams/368_235.png,A3,"[""/tangrams/192_436.png"",""/tangrams/368_235.png"",""/tangrams/368_219.png"",""/tangrams/353_235.png""]","[""D1"",""A3"",""A2"",""B3""]",NA,NA,NA,NA,NA,NA,NA,1
01M21534NW28C5841EDME400KM,01M20X13PNQ3DCXFM6ND825C25,training,20,1,9,48,12,9,/tangrams/49_181.png,D1,"[""/tangrams/49_34.png"",""/tangrams/39_181.png"",""/tangrams/144_469.png"",""/tangrams/49_181.png""]","[""D2"",""C1"",""B4"",""D1""]",/tangrams/49_181.png,TRUE,/tangrams/49_181.png,01M214P0SMCPMD4G6CRK6QKHYR,01M214JN3YRRY4RAVQ10A1MK5E,1788894467115,NA,2
01M215CZR1C1YDQGBJA93S2NHE,01M20X14TW6FQW067YRK6RNDKN,training,13,1,2,48,12,9,/tangrams/130_34.png,A2,"[""/tangrams/130_34.png"",""/tangrams/49_129.png"",""/tangrams/39_469.png"",""/tangrams/144_181.png""]","[""A2"",""D3"",""C4"",""B1""]",/tangrams/130_34.png,TRUE,/tangrams/130_34.png,01M2154QPBTEQ4FE8D65KC2SJY,01M2156K7QTNRYHY4BTF9XK016,1788894249716,NA,2
01M215DN8WWTF1N9WT2MC5Z1WZ,01M20X15BBYTN3YPSFQGJ5ZXF5,training,38,3,3,48,12,10,/tangrams/18_112.png,A3,"[""/tangrams/382_364.png"",""/tangrams/62_463.png"",""/tangrams/411_107.png"",""/tangrams/18_112.png""]","[""D2"",""C1"",""B4"",""A3""]",/tangrams/18_112.png,TRUE,/tangrams/18_112.png,01M21567THKMHSR683ZH4K0TNA,01M21552Z3FC5ZE6SYNEHHVAW4,1788895677127,NA,4
01M215Z3A23H82A75BFXM0X3S8,01M20X14TTKZWGB70XGMAFRR2H,training,33,2,10,48,12,8,/tangrams/353_436.png,B1,"[""/tangrams/353_444.png"",""/tangrams/353_436.png"",""/tangrams/265_436.png"",""/tangrams/192_219.png""]","[""B4"",""B1"",""C1"",""D2""]",/tangrams/353_436.png,TRUE,/tangrams/353_436.png,01M215F66CRM1GV0R6SDQ69WCM,01M215FK0ZT4PGXXVV13WRHJPB,1788896632397,NA,3
01M214QK5J2HT911K3F53M451W,01M20X0YW742ZY2EX5FCQ61EFA,training,29,2,6,48,12,8,/tangrams/192_436.png,D1,"[""/tangrams/265_444.png"",""/tangrams/353_436.png"",""/tangrams/192_436.png"",""/tangrams/192_219.png""]","[""C4"",""B1"",""D1"",""D2""]",NA,NA,NA,NA,NA,NA,NA,3
01M214YXA5C700AFR9MRSMQ6JQ,01M20X148VH9T6HPBHADHZGVW4,training,36,3,1,48,12,11,/tangrams/455_345.png,D4,"[""/tangrams/192_185.png"",""/tangrams/455_345.png"",""/tangrams/321_431.png"",""/tangrams/232_52.png""]","[""F6"",""D4"",""F4"",""F1""]",/tangrams/455_345.png,TRUE,/tangrams/455_345.png,01M214D5P3NXWG18WF1J3F1VFS,01M214CEQK5BQH1Z1J11PQVC16,1788894440680,NA,4
01M215GFSJAV3D00V31YKGCT6X,01M20X14TPRK3E5KMRXWZZW19Q,training,6,0,7,48,12,9,/tangrams/49_469.png,D4,"[""/tangrams/49_469.png"",""/tangrams/39_129.png"",""/tangrams/425_194.png"",""/tangrams/47_268.png""]","[""D4"",""C3"",""F2"",""F6""]",/tangrams/49_469.png,TRUE,/tangrams/49_469.png,01M214C4QNBNJ9JQSE7YJ5TDCV,01M214B7NK5TMY7WTYY3DVP911,1788894316493,1788894309299,1
01M215HHQHSEK4FFP4655X98WC,01M20X148Y8KBRQFNJT9HAMJT5,training,31,2,8,48,12,10,/tangrams/18_364.png,A2,"[""/tangrams/411_463.png"",""/tangrams/18_364.png"",""/tangrams/382_364.png"",""/tangrams/18_112.png""]","[""B1"",""A2"",""D2"",""A3""]",/tangrams/18_364.png,TRUE,/tangrams/18_364.png,01M214DZ3N8JPJ1Z6KSP8PYNZQ,01M214PMGV2W0E0MG6FCTN05EB,1788896314492,NA,3
01M214QKC4S56T6QXFK9102P88,01M20X0YW742ZY2EX5FCQ61EFA,training,7,0,8,48,12,8,/tangrams/265_436.png,C1,"[""/tangrams/265_219.png"",""/tangrams/265_436.png"",""/tangrams/368_235.png"",""/tangrams/192_436.png""]","[""C2"",""C1"",""A3"",""D1""]",NA,NA,NA,NA,NA,NA,NA,1
01M215AA3ETHH1BCKZ2A58EP55,01M20X12WE7PPHA7JSTZZ2E6FT,training,28,2,5,48,12,8,/tangrams/265_219.png,C2,"[""/tangrams/368_444.png"",""/tangrams/265_219.png"",""/tangrams/353_436.png"",""/tangrams/192_235.png""]","[""A4"",""C2"",""B1"",""D3""]",/tangrams/265_219.png,TRUE,/tangrams/265_219.png,01M2154T01JJAXZD005VWMS05B,01M2154MN76WHSRHJG8SAKSTFM,1788894545913,NA,3
01M215BM6CFND16CF4VYFYZ8BZ,01M20X148Y8KBRQFNJTS9AKRW4,training,26,2,3,48,12,9,/tangrams/49_34.png,D2,"[""/tangrams/49_34.png"",""/tangrams/144_181.png"",""/tangrams/130_129.png"",""/tangrams/39_469.png""]","[""D2"",""B1"",""A3"",""C4""]",/tangrams/49_34.png,TRUE,/tangrams/49_34.png,01M2154JXMHS9BTWF8FWDE7774,01M21546HN9E95PWNR6ZWTAMM2,1788894908258,NA,3
01M215DMVJFD4WA8C1MV3H3SCS,01M20X15BBYTN3YPSFQGJ5ZXF5,training,16,1,5,48,12,10,/tangrams/411_112.png,B3,"[""/tangrams/382_364.png"",""/tangrams/62_463.png"",""/tangrams/18_107.png"",""/tangrams/411_112.png""]","[""D2"",""C1"",""A4"",""B3""]",/tangrams/411_112.png,TRUE,/tangrams/411_112.png,01M21567THKMHSR683ZH4K0TNA,01M21552Z3FC5ZE6SYNEHHVAW4,1788894869879,NA,2
01M215K3WGPQR7WCAAGD6YGRY1,01M20X175HY3CRCTEMGHN0JEQ3,training,44,3,9,48,12,11,/tangrams/316_345.png,A4,"[""/tangrams/296_156.png"",""/tangrams/455_392.png"",""/tangrams/293_227.png"",""/tangrams/316_345.png""]","[""C1"",""D2"",""B3"",""A4""]",/tangrams/316_345.png,TRUE,/tangrams/316_345.png,01M2154P1EJW4QYGH77ZY8V300,01M2154HBQMMKX5AJ9BGZ61E13,1788894803687,NA,4
01M20YD5VCZKQNS8GAKMQPZGHB,01M20WZK57NAX0A8X7B3WNHQN9,training,8,0,9,48,12,8,/tangrams/277_238.png,F8,"[""/tangrams/368_436.png"",""/tangrams/277_238.png"",""/tangrams/192_444.png"",""/tangrams/311_205.png""]","[""A1"",""F8"",""D4"",""F4""]",/tangrams/277_238.png,TRUE,/tangrams/277_238.png,01M20Y7KTG16QCRZCK67K4YDTR,01M20XW9BF9HJ5QA1N7YCTN8ZM,1788886553580,NA,1
01M20YSTTQDK99NBXBCB4MBB02,01M20X0YW80CVJTXB8KR0PJ9Z8,training,36,3,1,48,12,8,/tangrams/368_235.png,A3,"[""/tangrams/353_444.png"",""/tangrams/192_436.png"",""/tangrams/368_235.png"",""/tangrams/265_219.png""]","[""B4"",""D1"",""A3"",""C2""]",NA,NA,NA,NA,NA,NA,NA,4
01M20Z96N4PY79XX5WXN3FKW4Z,01M20X11N92ZFWXFVKY2CVEME8,training,40,3,5,48,12,9,/tangrams/130_34.png,A2,"[""/tangrams/144_469.png"",""/tangrams/130_34.png"",""/tangrams/49_129.png"",""/tangrams/39_181.png""]","[""B4"",""A2"",""D3"",""C1""]",NA,NA,NA,NA,NA,NA,NA,4
01M214K1XD3YDSZEP5R1BT6WJ1,01M20X11N5A2NXXZZPJ1AXFSW6,training,47,3,12,48,12,9,/tangrams/455_435.png,F4,"[""/tangrams/425_194.png"",""/tangrams/436_72.png"",""/tangrams/39_129.png"",""/tangrams/455_435.png""]","[""F2"",""F7"",""C3"",""F4""]",/tangrams/455_435.png,TRUE,/tangrams/455_435.png,01M214DGSKEJ8ZAHQ4WC2E0G7N,01M214ERNYBYY3EBY90CCRQDQJ,1788893916847,NA,4
01M21534FCCX47MP14AXS7BE4A,01M20X13PNQ3DCXFM6ND825C25,training,25,2,2,48,12,9,/tangrams/39_469.png,C4,"[""/tangrams/144_469.png"",""/tangrams/39_181.png"",""/tangrams/130_129.png"",""/tangrams/39_469.png""]","[""B4"",""C1"",""A3"",""C4""]",/tangrams/39_469.png,TRUE,/tangrams/39_469.png,01M214JN3YRRY4RAVQ10A1MK5E,01M214P0SMCPMD4G6CRK6QKHYR,1788894740381,NA,3
01M215HJ6875N47H3C0A5993HR,01M20X148Y8KBRQFNJT9HAMJT5,training,22,1,11,48,12,10,/tangrams/18_364.png,A2,"[""/tangrams/18_364.png"",""/tangrams/62_364.png"",""/tangrams/18_107.png"",""/tangrams/411_463.png""]","[""A2"",""C2"",""A4"",""B1""]",/tangrams/18_364.png,TRUE,/tangrams/18_364.png,01M214PMGV2W0E0MG6FCTN05EB,01M214DZ3N8JPJ1Z6KSP8PYNZQ,1788895910998,NA,2
01M215PMSK0H1295T1G457NW57,01M215M9N7M1Y02J02DK7JKTQA,training,25,2,2,48,12,13,/tangrams/42_63.png,B4,"[""/tangrams/113_142.png"",""/tangrams/42_63.png"",""/tangrams/403_164.png"",""/tangrams/66_335.png""]","[""C1"",""B4"",""D3"",""A2""]",NA,NA,NA,NA,NA,NA,NA,3
01M20XZD86VKX67FJR3RS5AD86,01M20WZK596SFHM9YDB6TD7NK1,training,0,0,1,48,12,6,/tangrams/4_264.png,C1,"[""/tangrams/81_264.png"",""/tangrams/4_264.png"",""/tangrams/4_153.png"",""/tangrams/445_324.png""]","[""B1"",""C1"",""C4"",""D3""]",/tangrams/4_153.png,FALSE,/tangrams/4_153.png,01M20XSN3R16DSBXVRQKQSS665,01M20X6CEXP7W9NTPEWK7QNX8Z,1788885987707,NA,1
01M20YKS04TC14MW15WJH1RS74,01M20WZK5AY7SPG9YB2GY60XCH,training,47,3,12,48,12,8,/tangrams/192_219.png,D2,"[""/tangrams/192_219.png"",""/tangrams/353_444.png"",""/tangrams/265_436.png"",""/tangrams/368_235.png""]","[""D2"",""B4"",""C1"",""A3""]",NA,NA,NA,NA,NA,NA,NA,4
01M20YKS2QVMWWDHKDB48PB4FY,01M20WZK5AY7SPG9YB2GY60XCH,training,15,1,4,48,12,8,/tangrams/353_436.png,B1,"[""/tangrams/368_444.png"",""/tangrams/265_219.png"",""/tangrams/353_436.png"",""/tangrams/192_235.png""]","[""A4"",""C2"",""B1"",""D3""]",NA,NA,NA,NA,NA,NA,NA,2
01M215DN1G802P9PAXBSKJAFZT,01M20X15BBYTN3YPSFQGJ5ZXF5,training,26,2,3,48,12,10,/tangrams/18_112.png,A3,"[""/tangrams/411_107.png"",""/tangrams/62_364.png"",""/tangrams/18_112.png"",""/tangrams/382_463.png""]","[""B4"",""C2"",""A3"",""D1""]",/tangrams/18_112.png,TRUE,/tangrams/18_112.png,01M21567THKMHSR683ZH4K0TNA,01M21552Z3FC5ZE6SYNEHHVAW4,1788895255808,NA,3
01M215K3Y91S42WVJ9MB4KT3ND,01M20X175HY3CRCTEMGHN0JEQ3,training,42,3,7,48,12,11,/tangrams/455_392.png,D2,"[""/tangrams/293_345.png"",""/tangrams/455_392.png"",""/tangrams/296_156.png"",""/tangrams/316_227.png""]","[""B4"",""D2"",""C1"",""A3""]",/tangrams/455_392.png,TRUE,/tangrams/455_392.png,01M2154P1EJW4QYGH77ZY8V300,01M2154HBQMMKX5AJ9BGZ61E13,1788894774744,NA,4
01M20Z96G8PM7RY788TN0D7ARJ,01M20X11N92ZFWXFVKY2CVEME8,training,11,0,12,48,12,9,/tangrams/49_129.png,D3,"[""/tangrams/39_34.png"",""/tangrams/49_129.png"",""/tangrams/130_469.png"",""/tangrams/144_181.png""]","[""C2"",""D3"",""A4"",""B1""]",NA,NA,NA,NA,NA,NA,NA,1
01M214QKGDASNJ9G1CYRG8G181,01M20X0YW742ZY2EX5FCQ61EFA,training,40,3,5,48,12,8,/tangrams/265_436.png,C1,"[""/tangrams/265_219.png"",""/tangrams/368_235.png"",""/tangrams/265_436.png"",""/tangrams/353_436.png""]","[""C2"",""A3"",""C1"",""B1""]",NA,NA,NA,NA,NA,NA,NA,4
01M215M1G9YRMNYB47QGF598H5,01M215K1RCENCVM87G4759AF5H,training,29,2,6,48,12,12,/tangrams/161_312.png,C2,"[""/tangrams/72_275.png"",""/tangrams/137_213.png"",""/tangrams/244_345.png"",""/tangrams/161_312.png""]","[""A4"",""D3"",""B1"",""C2""]",/tangrams/161_312.png,TRUE,/tangrams/161_312.png,01M21569Y0RK1B1KAXYKBVZA95,01M215AVP11B8QPDVCJRC6C334,1788895165539,NA,3
01M215PNCRAEN0Q1FJX3RKYC9A,01M215M9N7M1Y02J02DK7JKTQA,training,41,3,6,48,12,13,/tangrams/42_63.png,B4,"[""/tangrams/113_142.png"",""/tangrams/66_164.png"",""/tangrams/403_335.png"",""/tangrams/42_63.png""]","[""C1"",""A3"",""D2"",""B4""]",NA,NA,NA,NA,NA,NA,NA,4
01M214QKAXX9GBJ33P8RK0FBQZ,01M20X0YW742ZY2EX5FCQ61EFA,training,10,0,11,48,12,8,/tangrams/368_219.png,A2,"[""/tangrams/192_219.png"",""/tangrams/368_444.png"",""/tangrams/353_436.png"",""/tangrams/368_219.png""]","[""D2"",""A4"",""B1"",""A2""]",NA,NA,NA,NA,NA,NA,NA,1
01M21534QHZWZ8ZE9DF2MZEBCP,01M20X13PNQ3DCXFM6ND825C25,training,18,1,7,48,12,9,/tangrams/144_469.png,B4,"[""/tangrams/49_181.png"",""/tangrams/144_469.png"",""/tangrams/144_129.png"",""/tangrams/130_469.png""]","[""D1"",""B4"",""B3"",""A4""]",/tangrams/130_469.png,FALSE,/tangrams/130_469.png,01M214P0SMCPMD4G6CRK6QKHYR,01M214JN3YRRY4RAVQ10A1MK5E,1788894366404,NA,2
01M215AAMJ4CS9J2KGKEZEJSSH,01M20X12WE7PPHA7JSTZZ2E6FT,training,23,1,12,48,12,8,/tangrams/368_444.png,A4,"[""/tangrams/353_235.png"",""/tangrams/192_219.png"",""/tangrams/265_436.png"",""/tangrams/368_444.png""]","[""B3"",""D2"",""C1"",""A4""]",/tangrams/368_444.png,TRUE,/tangrams/368_444.png,01M2154MN76WHSRHJG8SAKSTFM,01M2154T01JJAXZD005VWMS05B,1788894434448,NA,2
01M215AAW38Q1MB8ADNG2P3T8H,01M20X12WE7PPHA7JSTZZ2E6FT,training,39,3,4,48,12,8,/tangrams/353_444.png,B4,"[""/tangrams/192_219.png"",""/tangrams/368_235.png"",""/tangrams/353_444.png"",""/tangrams/265_436.png""]","[""D2"",""A3"",""B4"",""C1""]",/tangrams/353_444.png,TRUE,/tangrams/353_444.png,01M2154MN76WHSRHJG8SAKSTFM,01M2154T01JJAXZD005VWMS05B,1788894727199,NA,4
01M215DMWMSDJ8NYC7RA9H9CXJ,01M20X15BBYTN3YPSFQGJ5ZXF5,training,18,1,7,48,12,10,/tangrams/411_463.png,B1,"[""/tangrams/382_364.png"",""/tangrams/62_107.png"",""/tangrams/411_463.png"",""/tangrams/18_112.png""]","[""D2"",""C4"",""B1"",""A3""]",/tangrams/411_463.png,TRUE,/tangrams/411_463.png,01M21567THKMHSR683ZH4K0TNA,01M21552Z3FC5ZE6SYNEHHVAW4,1788894958628,NA,2
01M215DMYB5QCT2ES2Q0W9KCB5,01M20X15BBYTN3YPSFQGJ5ZXF5,training,21,1,10,48,12,10,/tangrams/62_364.png,C2,"[""/tangrams/62_364.png"",""/tangrams/18_112.png"",""/tangrams/382_463.png"",""/tangrams/411_107.png""]","[""C2"",""A3"",""D1"",""B4""]",/tangrams/62_364.png,TRUE,/tangrams/62_364.png,01M21552Z3FC5ZE6SYNEHHVAW4,01M21567THKMHSR683ZH4K0TNA,1788895101403,NA,2
01M20XZDADVY6NJPBRA5FSFHZS,01M20WZK596SFHM9YDB6TD7NK1,training,16,1,5,48,12,6,/tangrams/275_437.png,A2,"[""/tangrams/275_437.png"",""/tangrams/445_437.png"",""/tangrams/275_153.png"",""/tangrams/81_324.png""]","[""A2"",""D2"",""A4"",""B3""]",/tangrams/275_437.png,TRUE,/tangrams/275_437.png,01M20XSN3R16DSBXVRQKQSS665,01M20X6CEXP7W9NTPEWK7QNX8Z,1788886610283,NA,2
01M20YSTN1NH7XQG1VRA5CHGME,01M20X0YW80CVJTXB8KR0PJ9Z8,training,3,0,4,48,12,8,/tangrams/368_235.png,A3,"[""/tangrams/265_436.png"",""/tangrams/368_235.png"",""/tangrams/192_219.png"",""/tangrams/353_444.png""]","[""C1"",""A3"",""D2"",""B4""]",NA,FALSE,NA,01M20X9S6MHFD408HZGZ3B23DP,01M20YFWSW201KBFQ9VJEWCE3F,NA,NA,1
01M214JDE37583EG0CVVQJ69J4,01M20X0YW4S4FB44B5GCQBDAXT,training,29,2,6,48,12,9,/tangrams/39_129.png,C3,"[""/tangrams/39_129.png"",""/tangrams/6_423.png"",""/tangrams/47_268.png"",""/tangrams/455_435.png""]","[""C3"",""F3"",""F6"",""F4""]",NA,NA,NA,NA,NA,NA,NA,3
01M214K24RA5N35QMSRJ43Y9SC,01M20X11N5A2NXXZZPJ1AXFSW6,training,28,2,5,48,12,9,/tangrams/47_268.png,F6,"[""/tangrams/47_268.png"",""/tangrams/425_194.png"",""/tangrams/89_182.png"",""/tangrams/133_40.png""]","[""F6"",""F2"",""F5"",""F8""]",/tangrams/47_268.png,TRUE,/tangrams/47_268.png,01M214ERNYBYY3EBY90CCRQDQJ,01M214DGSKEJ8ZAHQ4WC2E0G7N,1788893581730,NA,3
01M214NB8V457ENQ5MXPPS7NYQ,01M20X13PJV655EHMJRF5XR4PG,training,32,2,9,48,12,10,/tangrams/18_463.png,A1,"[""/tangrams/18_463.png"",""/tangrams/382_107.png"",""/tangrams/62_112.png"",""/tangrams/405_327.png""]","[""A1"",""D4"",""C3"",""F1""]",NA,NA,NA,NA,NA,NA,NA,3
01M214QP2WM4Z9C444JK0XYETW,01M20X11N8F7DPTR5329TXEJ69,training,29,2,6,48,12,8,/tangrams/265_436.png,C1,"[""/tangrams/368_219.png"",""/tangrams/192_436.png"",""/tangrams/265_436.png"",""/tangrams/265_444.png""]","[""A2"",""D1"",""C1"",""C4""]",NA,NA,NA,NA,NA,NA,NA,3
01M215BM7FMXFCFCHEFPJ43JBT,01M20X148Y8KBRQFNJTS9AKRW4,training,46,3,11,48,12,9,/tangrams/49_181.png,D1,"[""/tangrams/39_34.png"",""/tangrams/49_181.png"",""/tangrams/144_129.png"",""/tangrams/130_469.png""]","[""C2"",""D1"",""B3"",""A4""]",/tangrams/49_181.png,TRUE,/tangrams/49_181.png,01M2154JXMHS9BTWF8FWDE7774,01M21546HN9E95PWNR6ZWTAMM2,1788895488851,NA,4
01M215DMX7ZVD7DB1DY7PG7ZRA,01M20X15BBYTN3YPSFQGJ5ZXF5,training,19,1,8,48,12,10,/tangrams/18_112.png,A3,"[""/tangrams/62_463.png"",""/tangrams/382_364.png"",""/tangrams/411_107.png"",""/tangrams/18_112.png""]","[""C1"",""D2"",""B4"",""A3""]",/tangrams/18_112.png,TRUE,/tangrams/18_112.png,01M21552Z3FC5ZE6SYNEHHVAW4,01M21567THKMHSR683ZH4K0TNA,1788895018387,NA,2
01M215HBR3WPVK0XQ3AQ9F6K9C,01M20X16AD7EKSEGH5WBVM39Q0,training,37,3,2,48,12,11,/tangrams/296_345.png,C4,"[""/tangrams/293_227.png"",""/tangrams/296_345.png"",""/tangrams/316_392.png"",""/tangrams/455_156.png""]","[""B3"",""C4"",""A2"",""D1""]",/tangrams/296_345.png,TRUE,/tangrams/296_345.png,01M2153SDRH4EZ5F2YRG65W4Z9,01M2155PH51FH1Y7QSBY0YCPQ8,1788895517156,NA,4
01M20XZDA7GK6G5FFNP60Y9S2A,01M20WZK596SFHM9YDB6TD7NK1,training,12,1,1,48,12,6,/tangrams/275_324.png,A3,"[""/tangrams/81_324.png"",""/tangrams/4_153.png"",""/tangrams/275_437.png"",""/tangrams/275_324.png""]","[""B3"",""C4"",""A2"",""A3""]",/tangrams/275_324.png,TRUE,/tangrams/275_324.png,01M20XSN3R16DSBXVRQKQSS665,01M20X6CEXP7W9NTPEWK7QNX8Z,1788886457118,NA,2
01M214NBA3TR4D4HDNTE854BEX,01M20X13PJV655EHMJRF5XR4PG,training,41,3,6,48,12,10,/tangrams/316_89.png,F3,"[""/tangrams/180_425.png"",""/tangrams/316_89.png"",""/tangrams/382_107.png"",""/tangrams/405_327.png""]","[""F5"",""F3"",""D4"",""F1""]",NA,NA,NA,NA,NA,NA,NA,4
01M214YX4RFBS3BG9ZNTKFSV23,01M20X148VH9T6HPBHADHZGVW4,training,16,1,5,48,12,11,/tangrams/192_185.png,F6,"[""/tangrams/328_256.png"",""/tangrams/311_23.png"",""/tangrams/192_185.png"",""/tangrams/232_52.png""]","[""F7"",""F5"",""F6"",""F1""]",/tangrams/192_185.png,TRUE,/tangrams/192_185.png,01M214D5P3NXWG18WF1J3F1VFS,01M214CEQK5BQH1Z1J11PQVC16,1788893930075,NA,2
01M214YX8Q5A658N086ATZRXQV,01M20X148VH9T6HPBHADHZGVW4,training,31,2,8,48,12,11,/tangrams/293_392.png,B2,"[""/tangrams/232_52.png"",""/tangrams/293_392.png"",""/tangrams/241_194.png"",""/tangrams/296_227.png""]","[""F1"",""B2"",""F8"",""C3""]",/tangrams/293_392.png,TRUE,/tangrams/293_392.png,01M214CEQK5BQH1Z1J11PQVC16,01M214D5P3NXWG18WF1J3F1VFS,1788894324122,NA,3
01M21534ETQTNFSASMTQN50EW9,01M20X13PNQ3DCXFM6ND825C25,training,26,2,3,48,12,9,/tangrams/130_469.png,A4,"[""/tangrams/144_469.png"",""/tangrams/130_34.png"",""/tangrams/39_181.png"",""/tangrams/130_469.png""]","[""B4"",""A2"",""C1"",""A4""]",NA,FALSE,NA,01M214P0SMCPMD4G6CRK6QKHYR,01M214JN3YRRY4RAVQ10A1MK5E,NA,NA,3
01M215HB9NK1DH6RBP5SK0QS4D,01M20X16AD7EKSEGH5WBVM39Q0,training,19,1,8,48,12,11,/tangrams/316_345.png,A4,"[""/tangrams/455_156.png"",""/tangrams/293_227.png"",""/tangrams/296_392.png"",""/tangrams/316_345.png""]","[""D1"",""B3"",""C2"",""A4""]",/tangrams/316_345.png,TRUE,/tangrams/316_345.png,01M2153SDRH4EZ5F2YRG65W4Z9,01M2155PH51FH1Y7QSBY0YCPQ8,1788895008364,NA,2
01M215HHVJYZXQZV3JWVTS500N,01M20X148Y8KBRQFNJT9HAMJT5,training,28,2,5,48,12,10,/tangrams/62_364.png,C2,"[""/tangrams/62_107.png"",""/tangrams/411_112.png"",""/tangrams/18_364.png"",""/tangrams/62_364.png""]","[""C4"",""B3"",""A2"",""C2""]",/tangrams/62_364.png,TRUE,/tangrams/62_364.png,01M214PMGV2W0E0MG6FCTN05EB,01M214DZ3N8JPJ1Z6KSP8PYNZQ,1788896165148,NA,3
01M20YD60A6QWTD56HV2HVMN68,01M20WZK57NAX0A8X7B3WNHQN9,training,40,3,5,48,12,8,/tangrams/192_444.png,D4,"[""/tangrams/311_205.png"",""/tangrams/277_238.png"",""/tangrams/38_309.png"",""/tangrams/192_444.png""]","[""F4"",""F8"",""F5"",""D4""]",/tangrams/192_444.png,TRUE,/tangrams/192_444.png,01M20Y7KTG16QCRZCK67K4YDTR,01M20XW9BF9HJ5QA1N7YCTN8ZM,1788887193690,NA,4
01M214QKCFVSZTNJ19ARWRQXM3,01M20X0YW742ZY2EX5FCQ61EFA,training,6,0,7,48,12,8,/tangrams/353_235.png,B3,"[""/tangrams/353_235.png"",""/tangrams/192_235.png"",""/tangrams/353_444.png"",""/tangrams/265_219.png""]","[""B3"",""D3"",""B4"",""C2""]",NA,NA,NA,NA,NA,NA,NA,1
01M214YXBKA8Q2RS6NFN6543W6,01M20X148VH9T6HPBHADHZGVW4,training,41,3,6,48,12,11,/tangrams/241_194.png,F8,"[""/tangrams/241_194.png"",""/tangrams/274_4.png"",""/tangrams/321_431.png"",""/tangrams/296_227.png""]","[""F8"",""F2"",""F4"",""C3""]",/tangrams/241_194.png,TRUE,/tangrams/241_194.png,01M214CEQK5BQH1Z1J11PQVC16,01M214D5P3NXWG18WF1J3F1VFS,1788894568303,NA,4
01M215349QESF8F8B6JY3A9DWW,01M20X13PNQ3DCXFM6ND825C25,training,39,3,4,48,12,9,/tangrams/130_129.png,A3,"[""/tangrams/144_469.png"",""/tangrams/49_129.png"",""/tangrams/130_129.png"",""/tangrams/130_34.png""]","[""B4"",""D3"",""A3"",""A2""]",/tangrams/130_129.png,TRUE,/tangrams/130_129.png,01M214JN3YRRY4RAVQ10A1MK5E,01M214P0SMCPMD4G6CRK6QKHYR,1788895492720,NA,4
01M215CZJNED81P0327K73D43Y,01M20X14TW6FQW067YRK6RNDKN,training,5,0,6,48,12,9,/tangrams/49_34.png,D2,"[""/tangrams/39_181.png"",""/tangrams/130_129.png"",""/tangrams/49_34.png"",""/tangrams/144_469.png""]","[""C1"",""A3"",""D2"",""B4""]",/tangrams/130_129.png,FALSE,/tangrams/130_129.png,01M2154QPBTEQ4FE8D65KC2SJY,01M2156K7QTNRYHY4BTF9XK016,1788893942926,NA,1
01M214NB7EJMNJQ9XD9X4AH6WT,01M20X13PJV655EHMJRF5XR4PG,training,29,2,6,48,12,10,/tangrams/411_364.png,B2,"[""/tangrams/62_112.png"",""/tangrams/284_245.png"",""/tangrams/411_364.png"",""/tangrams/57_85.png""]","[""C3"",""F7"",""B2"",""F2""]",NA,NA,NA,NA,NA,NA,NA,3
01M214QK72W00BD230X7EGG3F9,01M20X0YW742ZY2EX5FCQ61EFA,training,23,1,12,48,12,8,/tangrams/353_436.png,B1,"[""/tangrams/265_436.png"",""/tangrams/353_436.png"",""/tangrams/353_444.png"",""/tangrams/192_219.png""]","[""C1"",""B1"",""B4"",""D2""]",NA,NA,NA,NA,NA,NA,NA,2
01M214QKDFF7YPY77JDCYH20B5,01M20X0YW742ZY2EX5FCQ61EFA,training,3,0,4,48,12,8,/tangrams/265_219.png,C2,"[""/tangrams/265_436.png"",""/tangrams/368_444.png"",""/tangrams/192_219.png"",""/tangrams/265_219.png""]","[""C1"",""A4"",""D2"",""C2""]",NA,NA,NA,NA,NA,NA,NA,1
01M214QKETGJ9G3E0SA7QFAA1Z,01M20X0YW742ZY2EX5FCQ61EFA,training,46,3,11,48,12,8,/tangrams/353_235.png,B3,"[""/tangrams/265_436.png"",""/tangrams/353_444.png"",""/tangrams/192_235.png"",""/tangrams/353_235.png""]","[""C1"",""B4"",""D3"",""B3""]",NA,NA,NA,NA,NA,NA,NA,4
01M214ZFZCFKDFCBN58XRAH27A,01M20X12WDNRHQCMYC0R9VEVHQ,training,8,0,9,48,12,9,/tangrams/144_129.png,B3,"[""/tangrams/39_34.png"",""/tangrams/144_469.png"",""/tangrams/144_129.png"",""/tangrams/130_129.png""]","[""C2"",""B4"",""B3"",""A3""]",NA,NA,NA,NA,NA,NA,NA,1
01M215HBHG39RC2QX9J33X611F,01M20X16AD7EKSEGH5WBVM39Q0,training,29,2,6,48,12,11,/tangrams/293_156.png,B1,"[""/tangrams/316_227.png"",""/tangrams/296_345.png"",""/tangrams/455_392.png"",""/tangrams/293_156.png""]","[""A3"",""C4"",""D2"",""B1""]",/tangrams/293_156.png,TRUE,/tangrams/293_156.png,01M2153SDRH4EZ5F2YRG65W4Z9,01M2155PH51FH1Y7QSBY0YCPQ8,1788895306157,NA,3
01M20YSTQDP0FC3T1BJ60XE71F,01M20X0YW80CVJTXB8KR0PJ9Z8,training,47,3,12,48,12,8,/tangrams/368_219.png,A2,"[""/tangrams/192_436.png"",""/tangrams/368_219.png"",""/tangrams/353_235.png"",""/tangrams/265_444.png""]","[""D1"",""A2"",""B3"",""C4""]",NA,NA,NA,NA,NA,NA,NA,4
01M214JDDFCVNM5WNWP8W3C79T,01M20X0YW4S4FB44B5GCQBDAXT,training,17,1,6,48,12,9,/tangrams/133_40.png,F8,"[""/tangrams/133_40.png"",""/tangrams/47_268.png"",""/tangrams/6_423.png"",""/tangrams/425_194.png""]","[""F8"",""F6"",""F3"",""F2""]",NA,NA,NA,NA,NA,NA,NA,2
01M21534BA0Y7HJG3EDN15WCMH,01M20X13PNQ3DCXFM6ND825C25,training,35,2,12,48,12,9,/tangrams/49_181.png,D1,"[""/tangrams/130_469.png"",""/tangrams/144_181.png"",""/tangrams/49_181.png"",""/tangrams/49_129.png""]","[""A4"",""B1"",""D1"",""D3""]",/tangrams/49_181.png,TRUE,/tangrams/49_181.png,01M214JN3YRRY4RAVQ10A1MK5E,01M214P0SMCPMD4G6CRK6QKHYR,1788895277238,NA,3
01M215BMGF4NBMS1VZQVN0VXKT,01M20X148Y8KBRQFNJTS9AKRW4,training,29,2,6,48,12,9,/tangrams/144_129.png,B3,"[""/tangrams/39_469.png"",""/tangrams/49_181.png"",""/tangrams/144_129.png"",""/tangrams/130_34.png""]","[""C4"",""D1"",""B3"",""A2""]",/tangrams/144_129.png,TRUE,/tangrams/144_129.png,01M21546HN9E95PWNR6ZWTAMM2,01M2154JXMHS9BTWF8FWDE7774,1788895003075,NA,3
01M215HAWDYADZJAZT7ZNVQB34,01M20X16AD7EKSEGH5WBVM39Q0,training,4,0,5,48,12,11,/tangrams/293_227.png,B3,"[""/tangrams/293_227.png"",""/tangrams/455_156.png"",""/tangrams/316_392.png"",""/tangrams/296_345.png""]","[""B3"",""D1"",""A2"",""C4""]",/tangrams/293_227.png,TRUE,/tangrams/293_227.png,01M2155PH51FH1Y7QSBY0YCPQ8,01M2153SDRH4EZ5F2YRG65W4Z9,1788894371063,NA,1
01M215HJ3K62360ZR42QGQZX72,01M20X148Y8KBRQFNJT9HAMJT5,training,25,2,2,48,12,10,/tangrams/382_112.png,D3,"[""/tangrams/382_112.png"",""/tangrams/382_364.png"",""/tangrams/18_112.png"",""/tangrams/62_107.png""]","[""D3"",""D2"",""A3"",""C4""]",/tangrams/382_112.png,TRUE,/tangrams/382_112.png,01M214DZ3N8JPJ1Z6KSP8PYNZQ,01M214PMGV2W0E0MG6FCTN05EB,1788896003236,NA,3
01M215K3M2DWZKNQFH1MSP770D,01M20X175HY3CRCTEMGHN0JEQ3,training,31,2,8,48,12,11,/tangrams/316_227.png,A3,"[""/tangrams/316_227.png"",""/tangrams/455_156.png"",""/tangrams/293_345.png"",""/tangrams/296_392.png""]","[""A3"",""D1"",""B4"",""C2""]",/tangrams/316_227.png,TRUE,/tangrams/316_227.png,01M2154HBQMMKX5AJ9BGZ61E13,01M2154P1EJW4QYGH77ZY8V300,1788894575574,NA,3
01M215PNG4KR7TM6AHBK32ZK32,01M215M9N7M1Y02J02DK7JKTQA,training,44,3,9,48,12,13,/tangrams/403_142.png,D1,"[""/tangrams/113_335.png"",""/tangrams/403_142.png"",""/tangrams/66_164.png"",""/tangrams/42_63.png""]","[""C2"",""D1"",""A3"",""B4""]",NA,NA,NA,NA,NA,NA,NA,4
01M214JDBSQA7G7KPPHYJVAQZX,01M20X0YW4S4FB44B5GCQBDAXT,training,20,1,9,48,12,9,/tangrams/6_423.png,F3,"[""/tangrams/47_268.png"",""/tangrams/133_40.png"",""/tangrams/39_129.png"",""/tangrams/6_423.png""]","[""F6"",""F8"",""C3"",""F3""]",NA,NA,NA,NA,NA,NA,NA,2
01M214KXZVVCTB2ZQSJAPQ446G,01M20X12WH32MX7V56M1SN262T,training,1,0,2,48,12,10,/tangrams/18_463.png,A1,"[""/tangrams/405_327.png"",""/tangrams/18_463.png"",""/tangrams/382_107.png"",""/tangrams/284_245.png""]","[""F1"",""A1"",""D4"",""F7""]",/tangrams/18_463.png,TRUE,/tangrams/18_463.png,01M214AY9SMBAC3FWH0EN358MB,01M214C29BTAAYH03KHSYPYBMR,1788892688541,NA,1
01M214QK8AXXTHRS4SRGVHE8NN,01M20X0YW742ZY2EX5FCQ61EFA,training,18,1,7,48,12,8,/tangrams/368_444.png,A4,"[""/tangrams/192_219.png"",""/tangrams/368_444.png"",""/tangrams/353_444.png"",""/tangrams/368_235.png""]","[""D2"",""A4"",""B4"",""A3""]",NA,NA,NA,NA,NA,NA,NA,2
01M215CZZT0JXEGTGT2Q5W9VXC,01M20X14TW6FQW067YRK6RNDKN,training,25,2,2,48,12,9,/tangrams/144_469.png,B4,"[""/tangrams/144_469.png"",""/tangrams/49_129.png"",""/tangrams/130_34.png"",""/tangrams/39_181.png""]","[""B4"",""D3"",""A2"",""C1""]",/tangrams/130_34.png,FALSE,/tangrams/130_34.png,01M2154QPBTEQ4FE8D65KC2SJY,01M2156K7QTNRYHY4BTF9XK016,1788894613617,NA,3
01M215EGXETFSFHT9RYQ37CERC,01M20X15T7F67D04XT463JKFRX,training,29,2,6,48,12,10,/tangrams/18_107.png,A4,"[""/tangrams/411_112.png"",""/tangrams/62_463.png"",""/tangrams/382_364.png"",""/tangrams/18_107.png""]","[""B3"",""C1"",""D2"",""A4""]",/tangrams/18_107.png,TRUE,/tangrams/18_107.png,01M2154MFSP4VTTH1ZQNHW7C0J,01M21557T3YDBSX3GT1DB1X6ZD,1788894288996,NA,3
01M214ZFNFE29JN46WZF3B8VHE,01M20X12WDNRHQCMYC0R9VEVHQ,training,36,3,1,48,12,9,/tangrams/130_34.png,A2,"[""/tangrams/144_181.png"",""/tangrams/130_129.png"",""/tangrams/39_34.png"",""/tangrams/130_34.png""]","[""B1"",""A3"",""C2"",""A2""]",NA,NA,NA,NA,NA,NA,NA,4
01M215PNEVY3FK63E2M4EZ4EAB,01M215M9N7M1Y02J02DK7JKTQA,training,43,3,8,48,12,13,/tangrams/113_142.png,C1,"[""/tangrams/66_164.png"",""/tangrams/403_335.png"",""/tangrams/42_63.png"",""/tangrams/113_142.png""]","[""A3"",""D2"",""B4"",""C1""]",NA,NA,NA,NA,NA,NA,NA,4
01M215Z2S9E3R5GEPXGEDDT057,01M20X14TTKZWGB70XGMAFRR2H,training,17,1,6,48,12,8,/tangrams/368_219.png,A2,"[""/tangrams/368_235.png"",""/tangrams/368_219.png"",""/tangrams/353_436.png"",""/tangrams/265_219.png""]","[""A3"",""A2"",""B1"",""C2""]",/tangrams/368_219.png,TRUE,/tangrams/368_219.png,01M215F66CRM1GV0R6SDQ69WCM,01M215FK0ZT4PGXXVV13WRHJPB,1788895865942,NA,2
01M215Z3HH44GXS9MZWM3MFQJ2,01M20X14TTKZWGB70XGMAFRR2H,training,40,3,5,48,12,8,/tangrams/192_436.png,D1,"[""/tangrams/265_436.png"",""/tangrams/192_235.png"",""/tangrams/368_219.png"",""/tangrams/192_436.png""]","[""C1"",""D3"",""A2"",""D1""]",/tangrams/192_436.png,TRUE,/tangrams/192_436.png,01M215FK0ZT4PGXXVV13WRHJPB,01M215F66CRM1GV0R6SDQ69WCM,1788896892520,NA,4
01M20YKS064HRQF7P76GBNGMB5,01M20WZK5AY7SPG9YB2GY60XCH,training,9,0,10,48,12,8,/tangrams/368_219.png,A2,"[""/tangrams/265_444.png"",""/tangrams/353_436.png"",""/tangrams/192_235.png"",""/tangrams/368_219.png""]","[""C4"",""B1"",""D3"",""A2""]",NA,NA,NA,NA,NA,NA,NA,1
01M214K1YVS2S6KKPED89GAS5E,01M20X11N5A2NXXZZPJ1AXFSW6,training,4,0,5,48,12,9,/tangrams/49_469.png,D4,"[""/tangrams/89_182.png"",""/tangrams/49_469.png"",""/tangrams/425_194.png"",""/tangrams/436_72.png""]","[""F5"",""D4"",""F2"",""F7""]",/tangrams/49_469.png,TRUE,/tangrams/49_469.png,01M214ERNYBYY3EBY90CCRQDQJ,01M214DGSKEJ8ZAHQ4WC2E0G7N,1788892621263,NA,1
01M214K23HHYG5P0AT6KS5R2T0,01M20X11N5A2NXXZZPJ1AXFSW6,training,33,2,10,48,12,9,/tangrams/436_72.png,F7,"[""/tangrams/425_194.png"",""/tangrams/436_72.png"",""/tangrams/47_268.png"",""/tangrams/455_435.png""]","[""F2"",""F7"",""F6"",""F4""]",/tangrams/436_72.png,TRUE,/tangrams/436_72.png,01M214DGSKEJ8ZAHQ4WC2E0G7N,01M214ERNYBYY3EBY90CCRQDQJ,1788893666113,NA,3
01M214K26E66V863MCGY0ZSPVZ,01M20X11N5A2NXXZZPJ1AXFSW6,training,20,1,9,48,12,9,/tangrams/425_194.png,F2,"[""/tangrams/425_194.png"",""/tangrams/47_268.png"",""/tangrams/455_435.png"",""/tangrams/130_181.png""]","[""F2"",""F6"",""F4"",""A1""]",/tangrams/425_194.png,TRUE,/tangrams/425_194.png,01M214ERNYBYY3EBY90CCRQDQJ,01M214DGSKEJ8ZAHQ4WC2E0G7N,1788893182575,NA,2
01M214KY1M8ZK4WJ1VHAB52P1G,01M20X12WH32MX7V56M1SN262T,training,10,0,11,48,12,10,/tangrams/57_85.png,F2,"[""/tangrams/57_85.png"",""/tangrams/415_23.png"",""/tangrams/426_419.png"",""/tangrams/411_364.png""]","[""F2"",""F4"",""F8"",""B2""]",/tangrams/57_85.png,TRUE,/tangrams/57_85.png,01M214C29BTAAYH03KHSYPYBMR,01M214AY9SMBAC3FWH0EN358MB,1788893076206,NA,1
01M214QKAJJPTNCGW86KE7PR0F,01M20X0YW742ZY2EX5FCQ61EFA,training,11,0,12,48,12,8,/tangrams/368_444.png,A4,"[""/tangrams/368_444.png"",""/tangrams/368_219.png"",""/tangrams/353_444.png"",""/tangrams/192_235.png""]","[""A4"",""A2"",""B4"",""D3""]",NA,NA,NA,NA,NA,NA,NA,1
01M215DNCYB1F7ASRY1T35CZJG,01M20X15BBYTN3YPSFQGJ5ZXF5,training,44,3,9,48,12,10,/tangrams/382_364.png,D2,"[""/tangrams/382_364.png"",""/tangrams/18_112.png"",""/tangrams/62_463.png"",""/tangrams/411_107.png""]","[""D2"",""A3"",""C1"",""B4""]",/tangrams/382_364.png,TRUE,/tangrams/382_364.png,01M21567THKMHSR683ZH4K0TNA,01M21552Z3FC5ZE6SYNEHHVAW4,1788895853707,NA,4
01M215EH563XPZVAD91X5WRT6Q,01M20X15T7F67D04XT463JKFRX,training,17,1,6,48,12,10,/tangrams/62_463.png,C1,"[""/tangrams/382_112.png"",""/tangrams/411_107.png"",""/tangrams/18_364.png"",""/tangrams/62_463.png""]","[""D3"",""B4"",""A2"",""C1""]",/tangrams/62_463.png,TRUE,/tangrams/62_463.png,01M2154MFSP4VTTH1ZQNHW7C0J,01M21557T3YDBSX3GT1DB1X6ZD,1788893971048,NA,2
01M215K3NXVZJ4359V44DKGMZA,01M20X175HY3CRCTEMGHN0JEQ3,training,40,3,5,48,12,11,/tangrams/316_227.png,A3,"[""/tangrams/296_392.png"",""/tangrams/455_156.png"",""/tangrams/316_227.png"",""/tangrams/293_345.png""]","[""C2"",""D1"",""A3"",""B4""]",/tangrams/316_227.png,TRUE,/tangrams/316_227.png,01M2154P1EJW4QYGH77ZY8V300,01M2154HBQMMKX5AJ9BGZ61E13,1788894738151,NA,4
01M20Z96H0JEKV9PJ41ETDNK2R,01M20X11N92ZFWXFVKY2CVEME8,training,31,2,8,48,12,9,/tangrams/144_469.png,B4,"[""/tangrams/49_181.png"",""/tangrams/130_129.png"",""/tangrams/144_469.png"",""/tangrams/39_34.png""]","[""D1"",""A3"",""B4"",""C2""]",NA,NA,NA,NA,NA,NA,NA,3
01M20Z96HS4CBQ0F0ZYH181T6C,01M20X11N92ZFWXFVKY2CVEME8,training,5,0,6,48,12,9,/tangrams/49_181.png,D1,"[""/tangrams/144_469.png"",""/tangrams/130_129.png"",""/tangrams/49_181.png"",""/tangrams/39_34.png""]","[""B4"",""A3"",""D1"",""C2""]",NA,NA,NA,NA,NA,NA,NA,1
01M214QKFQ3F5J172Z7FCTH1JP,01M20X0YW742ZY2EX5FCQ61EFA,training,42,3,7,48,12,8,/tangrams/368_219.png,A2,"[""/tangrams/368_235.png"",""/tangrams/192_219.png"",""/tangrams/353_444.png"",""/tangrams/368_219.png""]","[""A3"",""D2"",""B4"",""A2""]",NA,NA,NA,NA,NA,NA,NA,4
01M214ZFMC5BM4SBAKRZYJJGF9,01M20X12WDNRHQCMYC0R9VEVHQ,training,39,3,4,48,12,9,/tangrams/130_469.png,A4,"[""/tangrams/49_34.png"",""/tangrams/39_469.png"",""/tangrams/130_469.png"",""/tangrams/130_129.png""]","[""D2"",""C4"",""A4"",""A3""]",NA,NA,NA,NA,NA,NA,NA,4
01M215B0T4TWWSTAF4BPJVA2KY,01M20X13PPQ56SF2D1TXYZ1GT1,training,24,2,1,48,12,8,/tangrams/353_235.png,B3,"[""/tangrams/265_219.png"",""/tangrams/368_444.png"",""/tangrams/192_436.png"",""/tangrams/353_235.png""]","[""C2"",""A4"",""D1"",""B3""]",/tangrams/353_235.png,TRUE,/tangrams/353_235.png,01M2155RV91S7EYVKS22CN3J6W,01M21549E1T7PGG1H0FCWWP74Z,1788894961735,NA,3
01M215K2YXBSXGFFGA12AVSFXQ,01M20X175HY3CRCTEMGHN0JEQ3,training,12,1,1,48,12,11,/tangrams/296_392.png,C2,"[""/tangrams/455_156.png"",""/tangrams/316_345.png"",""/tangrams/293_227.png"",""/tangrams/296_392.png""]","[""D1"",""A4"",""B3"",""C2""]",/tangrams/296_392.png,TRUE,/tangrams/296_392.png,01M2154P1EJW4QYGH77ZY8V300,01M2154HBQMMKX5AJ9BGZ61E13,1788894180553,NA,2
01M214JDB9K6AGD5MDTRVYQ69N,01M20X0YW4S4FB44B5GCQBDAXT,training,14,1,3,48,12,9,/tangrams/130_181.png,A1,"[""/tangrams/364_46.png"",""/tangrams/130_181.png"",""/tangrams/47_268.png"",""/tangrams/133_40.png""]","[""F1"",""A1"",""F6"",""F8""]",NA,NA,NA,NA,NA,NA,NA,2
01M215AA5V55ZW34SZM6W5HXFD,01M20X12WE7PPHA7JSTZZ2E6FT,training,29,2,6,48,12,8,/tangrams/192_235.png,D3,"[""/tangrams/353_436.png"",""/tangrams/265_219.png"",""/tangrams/368_444.png"",""/tangrams/192_235.png""]","[""B1"",""C2"",""A4"",""D3""]",/tangrams/192_235.png,TRUE,/tangrams/192_235.png,01M2154MN76WHSRHJG8SAKSTFM,01M2154T01JJAXZD005VWMS05B,1788894567399,NA,3
01M215BMBQNAKJRWVD3ETZBPJ0,01M20X148Y8KBRQFNJTS9AKRW4,training,37,3,2,48,12,9,/tangrams/39_181.png,C1,"[""/tangrams/130_469.png"",""/tangrams/39_181.png"",""/tangrams/144_129.png"",""/tangrams/49_34.png""]","[""A4"",""C1"",""B3"",""D2""]",/tangrams/39_181.png,TRUE,/tangrams/39_181.png,01M21546HN9E95PWNR6ZWTAMM2,01M2154JXMHS9BTWF8FWDE7774,1788895220549,NA,4
01M215GGDPGEPR2WQC1N9J636V,01M20X14TPRK3E5KMRXWZZW19Q,training,34,2,11,48,12,9,/tangrams/47_268.png,F6,"[""/tangrams/130_181.png"",""/tangrams/49_469.png"",""/tangrams/47_268.png"",""/tangrams/39_129.png""]","[""A1"",""D4"",""F6"",""C3""]",/tangrams/47_268.png,TRUE,/tangrams/47_268.png,01M214C4QNBNJ9JQSE7YJ5TDCV,01M214B7NK5TMY7WTYY3DVP911,1788895306587,NA,3
01M20XZD9KQC4WBGTCY8K3GR0B,01M20WZK596SFHM9YDB6TD7NK1,training,15,1,4,48,12,6,/tangrams/4_264.png,C1,"[""/tangrams/275_437.png"",""/tangrams/4_264.png"",""/tangrams/445_264.png"",""/tangrams/4_153.png""]","[""A2"",""C1"",""D1"",""C4""]",/tangrams/4_264.png,TRUE,/tangrams/4_264.png,01M20X6CEXP7W9NTPEWK7QNX8Z,01M20XSN3R16DSBXVRQKQSS665,1788886587860,NA,2
01M20YD5XX1BGSJKGS0JMY9VED,01M20WZK57NAX0A8X7B3WNHQN9,training,14,1,3,48,12,8,/tangrams/101_61.png,F2,"[""/tangrams/192_444.png"",""/tangrams/414_365.png"",""/tangrams/101_61.png"",""/tangrams/265_235.png""]","[""D4"",""F6"",""F2"",""C3""]",/tangrams/101_61.png,TRUE,/tangrams/101_61.png,01M20Y7KTG16QCRZCK67K4YDTR,01M20XW9BF9HJ5QA1N7YCTN8ZM,1788886709326,NA,2
01M214QK446FK3AZFPJ50AF1K5,01M20X0YW742ZY2EX5FCQ61EFA,training,34,2,11,48,12,8,/tangrams/353_444.png,B4,"[""/tangrams/265_444.png"",""/tangrams/353_444.png"",""/tangrams/192_235.png"",""/tangrams/353_436.png""]","[""C4"",""B4"",""D3"",""B1""]",NA,NA,NA,NA,NA,NA,NA,3
01M215GG2HS8VMZRVTHHRSM29R,01M20X14TPRK3E5KMRXWZZW19Q,training,18,1,7,48,12,9,/tangrams/39_129.png,C3,"[""/tangrams/455_435.png"",""/tangrams/133_40.png"",""/tangrams/425_194.png"",""/tangrams/39_129.png""]","[""F4"",""F8"",""F2"",""C3""]",/tangrams/39_129.png,TRUE,/tangrams/39_129.png,01M214C4QNBNJ9JQSE7YJ5TDCV,01M214B7NK5TMY7WTYY3DVP911,1788894757209,NA,2
01M215HJPK3FHK7T6S4TW4VGY3,01M20X148Y8KBRQFNJT9HAMJT5,training,40,3,5,48,12,10,/tangrams/382_112.png,D3,"[""/tangrams/382_112.png"",""/tangrams/411_112.png"",""/tangrams/382_364.png"",""/tangrams/62_107.png""]","[""D3"",""B3"",""D2"",""C4""]",/tangrams/382_112.png,TRUE,/tangrams/382_112.png,01M214PMGV2W0E0MG6FCTN05EB,01M214DZ3N8JPJ1Z6KSP8PYNZQ,1788896764536,NA,4
01M20YD5YGJ7GS25CBXQDN0HZJ,01M20WZK57NAX0A8X7B3WNHQN9,training,19,1,8,48,12,8,/tangrams/368_436.png,A1,"[""/tangrams/368_436.png"",""/tangrams/192_444.png"",""/tangrams/414_365.png"",""/tangrams/101_61.png""]","[""A1"",""D4"",""F6"",""F2""]",/tangrams/368_436.png,TRUE,/tangrams/368_436.png,01M20XW9BF9HJ5QA1N7YCTN8ZM,01M20Y7KTG16QCRZCK67K4YDTR,1788886828926,NA,2
01M215B0N6BD09KXBXRJWQ07F4,01M20X13PPQ56SF2D1TXYZ1GT1,training,3,0,4,48,12,8,/tangrams/265_444.png,C4,"[""/tangrams/368_219.png"",""/tangrams/265_444.png"",""/tangrams/192_436.png"",""/tangrams/353_235.png""]","[""A2"",""C4"",""D1"",""B3""]",/tangrams/265_444.png,TRUE,/tangrams/265_444.png,01M21549E1T7PGG1H0FCWWP74Z,01M2155RV91S7EYVKS22CN3J6W,1788894381906,NA,1
01M215M20VAF6M96THKGTX5GWM,01M215K1RCENCVM87G4759AF5H,training,12,1,1,48,12,12,/tangrams/161_345.png,C1,"[""/tangrams/161_345.png"",""/tangrams/72_275.png"",""/tangrams/137_312.png"",""/tangrams/244_213.png""]","[""C1"",""A4"",""D2"",""B3""]",/tangrams/161_345.png,TRUE,/tangrams/161_345.png,01M215AVP11B8QPDVCJRC6C334,01M21569Y0RK1B1KAXYKBVZA95,1788894885527,NA,2
01M20XZD9JSPZ2R0C7KHKXG33G,01M20WZK596SFHM9YDB6TD7NK1,training,2,0,3,48,12,6,/tangrams/4_437.png,C2,"[""/tangrams/275_437.png"",""/tangrams/4_437.png"",""/tangrams/81_153.png"",""/tangrams/4_264.png""]","[""A2"",""C2"",""B4"",""C1""]",/tangrams/4_437.png,TRUE,/tangrams/4_437.png,01M20XSN3R16DSBXVRQKQSS665,01M20X6CEXP7W9NTPEWK7QNX8Z,1788886053964,NA,1
01M20Z96FJXYJWP161K9A2EXFF,01M20X11N92ZFWXFVKY2CVEME8,training,14,1,3,48,12,9,/tangrams/39_469.png,C4,"[""/tangrams/130_34.png"",""/tangrams/39_469.png"",""/tangrams/49_129.png"",""/tangrams/144_181.png""]","[""A2"",""C4"",""D3"",""B1""]",NA,NA,NA,NA,NA,NA,NA,2
01M214K210VMHN56BWFSA276E2,01M20X11N5A2NXXZZPJ1AXFSW6,training,41,3,6,48,12,9,/tangrams/47_268.png,F6,"[""/tangrams/39_129.png"",""/tangrams/436_72.png"",""/tangrams/47_268.png"",""/tangrams/89_182.png""]","[""C3"",""F7"",""F6"",""F5""]",/tangrams/47_268.png,TRUE,/tangrams/47_268.png,01M214DGSKEJ8ZAHQ4WC2E0G7N,01M214ERNYBYY3EBY90CCRQDQJ,1788893836079,NA,4
01M214QKFG3CWM3HCATZH8FGE8,01M20X0YW742ZY2EX5FCQ61EFA,training,43,3,8,48,12,8,/tangrams/265_444.png,C4,"[""/tangrams/192_219.png"",""/tangrams/368_444.png"",""/tangrams/265_436.png"",""/tangrams/265_444.png""]","[""D2"",""A4"",""C1"",""C4""]",NA,NA,NA,NA,NA,NA,NA,4
01M215CZHN23G06BF49GBB632G,01M20X14TW6FQW067YRK6RNDKN,training,3,0,4,48,12,9,/tangrams/39_469.png,C4,"[""/tangrams/39_469.png"",""/tangrams/144_129.png"",""/tangrams/130_34.png"",""/tangrams/49_181.png""]","[""C4"",""B3"",""A2"",""D1""]",/tangrams/39_469.png,TRUE,/tangrams/39_469.png,01M2154QPBTEQ4FE8D65KC2SJY,01M2156K7QTNRYHY4BTF9XK016,1788893865828,NA,1
01M215HBVD5M2RAKG3JATC2ZN2,01M20X16AD7EKSEGH5WBVM39Q0,training,40,3,5,48,12,11,/tangrams/293_227.png,B3,"[""/tangrams/293_227.png"",""/tangrams/316_345.png"",""/tangrams/296_156.png"",""/tangrams/455_392.png""]","[""B3"",""A4"",""C1"",""D2""]",/tangrams/293_227.png,TRUE,/tangrams/293_227.png,01M2155PH51FH1Y7QSBY0YCPQ8,01M2153SDRH4EZ5F2YRG65W4Z9,1788895580218,NA,4
01M20YD5V66V2VP53S1FQMCYF3,01M20WZK57NAX0A8X7B3WNHQN9,training,3,0,4,48,12,8,/tangrams/38_309.png,F5,"[""/tangrams/38_309.png"",""/tangrams/265_235.png"",""/tangrams/368_436.png"",""/tangrams/101_61.png""]","[""F5"",""C3"",""A1"",""F2""]",/tangrams/38_309.png,TRUE,/tangrams/38_309.png,01M20XW9BF9HJ5QA1N7YCTN8ZM,01M20Y7KTG16QCRZCK67K4YDTR,1788886380135,NA,1
01M20YKS74GCANCXNJ0M4ZJRXT,01M20WZK5AY7SPG9YB2GY60XCH,training,37,3,2,48,12,8,/tangrams/192_436.png,D1,"[""/tangrams/353_444.png"",""/tangrams/192_436.png"",""/tangrams/368_235.png"",""/tangrams/265_219.png""]","[""B4"",""D1"",""A3"",""C2""]",NA,NA,NA,NA,NA,NA,NA,4
01M21534BM1M5WT5W302GXQJY3,01M20X13PNQ3DCXFM6ND825C25,training,34,2,11,48,12,9,/tangrams/144_129.png,B3,"[""/tangrams/49_129.png"",""/tangrams/130_469.png"",""/tangrams/144_181.png"",""/tangrams/144_129.png""]","[""D3"",""A4"",""B1"",""B3""]",/tangrams/144_129.png,TRUE,/tangrams/144_129.png,01M214P0SMCPMD4G6CRK6QKHYR,01M214JN3YRRY4RAVQ10A1MK5E,1788895247038,NA,3
01M215AAFDXK635BA2AK8RH0NV,01M20X12WE7PPHA7JSTZZ2E6FT,training,11,0,12,48,12,8,/tangrams/368_444.png,A4,"[""/tangrams/368_444.png"",""/tangrams/192_235.png"",""/tangrams/353_436.png"",""/tangrams/265_219.png""]","[""A4"",""D3"",""B1"",""C2""]",/tangrams/192_235.png,FALSE,/tangrams/192_235.png,01M2154MN76WHSRHJG8SAKSTFM,01M2154T01JJAXZD005VWMS05B,1788894140168,NA,1
01M215B15VCQS62FKTYR4HMKPB,01M20X13PPQ56SF2D1TXYZ1GT1,training,43,3,8,48,12,8,/tangrams/353_444.png,B4,"[""/tangrams/353_444.png"",""/tangrams/368_235.png"",""/tangrams/265_436.png"",""/tangrams/192_219.png""]","[""B4"",""A3"",""C1"",""D2""]",/tangrams/353_444.png,TRUE,/tangrams/353_444.png,01M21549E1T7PGG1H0FCWWP74Z,01M2155RV91S7EYVKS22CN3J6W,1788895302762,NA,4
01M215EH8Y2X4G6FG80PATNM2K,01M20X15T7F67D04XT463JKFRX,training,45,3,10,48,12,10,/tangrams/382_112.png,D3,"[""/tangrams/411_107.png"",""/tangrams/62_463.png"",""/tangrams/18_364.png"",""/tangrams/382_112.png""]","[""B4"",""C1"",""A2"",""D3""]",/tangrams/382_112.png,TRUE,/tangrams/382_112.png,01M2154MFSP4VTTH1ZQNHW7C0J,01M21557T3YDBSX3GT1DB1X6ZD,1788894707897,NA,4
01M20XZDA93SZGS7AYKRTX7NVG,01M20WZK596SFHM9YDB6TD7NK1,training,47,3,12,48,12,6,/tangrams/275_324.png,A3,"[""/tangrams/4_153.png"",""/tangrams/275_324.png"",""/tangrams/275_437.png"",""/tangrams/445_324.png""]","[""C4"",""A3"",""A2"",""D3""]",/tangrams/275_324.png,TRUE,/tangrams/275_324.png,01M20X6CEXP7W9NTPEWK7QNX8Z,01M20XSN3R16DSBXVRQKQSS665,1788887633414,NA,4
01M215EGV8MZSH0K9X3XX5E9XK,01M20X15T7F67D04XT463JKFRX,training,33,2,10,48,12,10,/tangrams/18_364.png,A2,"[""/tangrams/411_463.png"",""/tangrams/62_107.png"",""/tangrams/18_364.png"",""/tangrams/382_112.png""]","[""B1"",""C4"",""A2"",""D3""]",/tangrams/18_364.png,TRUE,/tangrams/18_364.png,01M2154MFSP4VTTH1ZQNHW7C0J,01M21557T3YDBSX3GT1DB1X6ZD,1788894376474,NA,3
01M215HBCKQP93SPZKDMNNGFR8,01M20X16AD7EKSEGH5WBVM39Q0,training,23,1,12,48,12,11,/tangrams/293_227.png,B3,"[""/tangrams/455_392.png"",""/tangrams/296_156.png"",""/tangrams/293_227.png"",""/tangrams/316_345.png""]","[""D2"",""C1"",""B3"",""A4""]",/tangrams/293_227.png,TRUE,/tangrams/293_227.png,01M2153SDRH4EZ5F2YRG65W4Z9,01M2155PH51FH1Y7QSBY0YCPQ8,1788895103454,NA,2
01M215HJ1CJYQHKSRKCH76KZ37,01M20X148Y8KBRQFNJT9HAMJT5,training,26,2,3,48,12,10,/tangrams/62_463.png,C1,"[""/tangrams/62_364.png"",""/tangrams/382_463.png"",""/tangrams/62_463.png"",""/tangrams/18_112.png""]","[""C2"",""D1"",""C1"",""A3""]",/tangrams/62_463.png,TRUE,/tangrams/62_463.png,01M214PMGV2W0E0MG6FCTN05EB,01M214DZ3N8JPJ1Z6KSP8PYNZQ,1788896068175,NA,3
01M20XZDD8X3XQ3VZ8A4G2RYKG,01M20WZK596SFHM9YDB6TD7NK1,training,28,2,5,48,12,6,/tangrams/445_264.png,D1,"[""/tangrams/445_264.png"",""/tangrams/445_437.png"",""/tangrams/81_264.png"",""/tangrams/275_324.png""]","[""D1"",""D2"",""B1"",""A3""]",/tangrams/445_264.png,TRUE,/tangrams/445_264.png,01M20XSN3R16DSBXVRQKQSS665,01M20X6CEXP7W9NTPEWK7QNX8Z,1788887038123,NA,3
01M20YKRZE6W094X8R31X6MAXJ,01M20WZK5AY7SPG9YB2GY60XCH,training,40,3,5,48,12,8,/tangrams/368_444.png,A4,"[""/tangrams/353_436.png"",""/tangrams/192_235.png"",""/tangrams/265_219.png"",""/tangrams/368_444.png""]","[""B1"",""D3"",""C2"",""A4""]",NA,NA,NA,NA,NA,NA,NA,4
01M214YWVK15ZTCWBDYFYM7D6T,01M20X148VH9T6HPBHADHZGVW4,training,46,3,11,48,12,11,/tangrams/293_392.png,B2,"[""/tangrams/455_345.png"",""/tangrams/296_227.png"",""/tangrams/444_435.png"",""/tangrams/293_392.png""]","[""D4"",""C3"",""F3"",""B2""]",/tangrams/293_392.png,TRUE,/tangrams/293_392.png,01M214D5P3NXWG18WF1J3F1VFS,01M214CEQK5BQH1Z1J11PQVC16,1788894672511,NA,4
01M215B1BA56GNDN8DYRCK2RNG,01M20X13PPQ56SF2D1TXYZ1GT1,training,33,2,10,48,12,8,/tangrams/192_436.png,D1,"[""/tangrams/265_219.png"",""/tangrams/192_436.png"",""/tangrams/368_235.png"",""/tangrams/353_444.png""]","[""C2"",""D1"",""A3"",""B4""]",/tangrams/192_436.png,TRUE,/tangrams/192_436.png,01M21549E1T7PGG1H0FCWWP74Z,01M2155RV91S7EYVKS22CN3J6W,1788895125882,NA,3
01M215D06E89E4R0ZK5W6K8ADX,01M20X14TW6FQW067YRK6RNDKN,training,35,2,12,48,12,9,/tangrams/39_181.png,C1,"[""/tangrams/144_129.png"",""/tangrams/130_469.png"",""/tangrams/49_34.png"",""/tangrams/39_181.png""]","[""B3"",""A4"",""D2"",""C1""]",/tangrams/39_181.png,TRUE,/tangrams/39_181.png,01M2154QPBTEQ4FE8D65KC2SJY,01M2156K7QTNRYHY4BTF9XK016,1788894902274,NA,3
01M215GGG33V3MHKSEFX0MMAZP,01M20X14TPRK3E5KMRXWZZW19Q,training,40,3,5,48,12,9,/tangrams/436_72.png,F7,"[""/tangrams/39_129.png"",""/tangrams/89_182.png"",""/tangrams/436_72.png"",""/tangrams/144_34.png""]","[""C3"",""F5"",""F7"",""B2""]",/tangrams/436_72.png,TRUE,/tangrams/436_72.png,01M214C4QNBNJ9JQSE7YJ5TDCV,01M214B7NK5TMY7WTYY3DVP911,1788895452932,NA,4
01M214QKBAAJFFNMK9QDRA7658,01M20X0YW742ZY2EX5FCQ61EFA,training,9,0,10,48,12,8,/tangrams/353_436.png,B1,"[""/tangrams/353_235.png"",""/tangrams/368_444.png"",""/tangrams/353_436.png"",""/tangrams/192_436.png""]","[""B3"",""A4"",""B1"",""D1""]",NA,NA,NA,NA,NA,NA,NA,1
01M215AATVKXF0EBB4NQS6C8AQ,01M20X12WE7PPHA7JSTZZ2E6FT,training,36,3,1,48,12,8,/tangrams/192_219.png,D2,"[""/tangrams/192_219.png"",""/tangrams/265_444.png"",""/tangrams/368_235.png"",""/tangrams/353_436.png""]","[""D2"",""C4"",""A3"",""B1""]",/tangrams/192_219.png,TRUE,/tangrams/192_219.png,01M2154T01JJAXZD005VWMS05B,01M2154MN76WHSRHJG8SAKSTFM,1788894688618,NA,4
01M215EGN4Y1VZEFJRCKW625E3,01M20X15T7F67D04XT463JKFRX,training,0,0,1,48,12,10,/tangrams/18_112.png,A3,"[""/tangrams/18_112.png"",""/tangrams/62_364.png"",""/tangrams/382_463.png"",""/tangrams/411_107.png""]","[""A3"",""C2"",""D1"",""B4""]",/tangrams/18_112.png,TRUE,/tangrams/18_112.png,01M21557T3YDBSX3GT1DB1X6ZD,01M2154MFSP4VTTH1ZQNHW7C0J,1788893483112,NA,1
01M20YKS3JYPPX6Q0J3FN36WQ2,01M20WZK5AY7SPG9YB2GY60XCH,training,18,1,7,48,12,8,/tangrams/265_444.png,C4,"[""/tangrams/192_219.png"",""/tangrams/353_436.png"",""/tangrams/368_235.png"",""/tangrams/265_444.png""]","[""D2"",""B1"",""A3"",""C4""]",NA,NA,NA,NA,NA,NA,NA,2
01M20Z96KM08NCKK5WBNA3Z53D,01M20X11N92ZFWXFVKY2CVEME8,training,47,3,12,48,12,9,/tangrams/39_34.png,C2,"[""/tangrams/39_34.png"",""/tangrams/130_129.png"",""/tangrams/49_181.png"",""/tangrams/144_469.png""]","[""C2"",""A3"",""D1"",""B4""]",NA,NA,NA,NA,NA,NA,NA,4
01M214NB7VA5YYV0J58KXATR4G,01M20X13PJV655EHMJRF5XR4PG,training,37,3,2,48,12,10,/tangrams/57_85.png,F2,"[""/tangrams/315_224.png"",""/tangrams/57_85.png"",""/tangrams/18_463.png"",""/tangrams/316_89.png""]","[""F6"",""F2"",""A1"",""F3""]",NA,NA,NA,NA,NA,NA,NA,4
01M214ZG05356RZK985PQQK8PN,01M20X12WDNRHQCMYC0R9VEVHQ,training,15,1,4,48,12,9,/tangrams/49_181.png,D1,"[""/tangrams/49_181.png"",""/tangrams/144_181.png"",""/tangrams/39_34.png"",""/tangrams/49_129.png""]","[""D1"",""B1"",""C2"",""D3""]",NA,NA,NA,NA,NA,NA,NA,2
01M215HB24JWM28XHM68QHMFWY,01M20X16AD7EKSEGH5WBVM39Q0,training,11,0,12,48,12,11,/tangrams/293_345.png,B4,"[""/tangrams/316_392.png"",""/tangrams/455_227.png"",""/tangrams/296_156.png"",""/tangrams/293_345.png""]","[""A2"",""D3"",""C1"",""B4""]",/tangrams/293_345.png,TRUE,/tangrams/293_345.png,01M2153SDRH4EZ5F2YRG65W4Z9,01M2155PH51FH1Y7QSBY0YCPQ8,1788894687585,NA,1
01M215N3CW9RKF65AWT8WB3KJZ,01M215K2BSVQ6X8DX5GH1YZX6B,training,2,0,3,48,12,12,/tangrams/244_275.png,B4,"[""/tangrams/244_275.png"",""/tangrams/72_312.png"",""/tangrams/137_213.png"",""/tangrams/161_345.png""]","[""B4"",""A2"",""D3"",""C1""]",/tangrams/244_275.png,TRUE,/tangrams/244_275.png,01M2159JAWAFEZB1KH9W5K5DTC,01M2157YJ34JPNQ0ZE6DJJD3G3,1788894682324,NA,1
01M214K27V66V0T7BJQ4Q59XG6,01M20X11N5A2NXXZZPJ1AXFSW6,training,13,1,2,48,12,9,/tangrams/364_46.png,F1,"[""/tangrams/364_46.png"",""/tangrams/49_469.png"",""/tangrams/455_435.png"",""/tangrams/144_34.png""]","[""F1"",""D4"",""F4"",""B2""]",/tangrams/364_46.png,TRUE,/tangrams/364_46.png,01M214DGSKEJ8ZAHQ4WC2E0G7N,01M214ERNYBYY3EBY90CCRQDQJ,1788892940466,NA,2
01M214KY8AK97NWB5AGG45RQ32,01M20X12WH32MX7V56M1SN262T,training,44,3,9,48,12,10,/tangrams/315_224.png,F6,"[""/tangrams/411_364.png"",""/tangrams/415_23.png"",""/tangrams/426_419.png"",""/tangrams/315_224.png""]","[""B2"",""F4"",""F8"",""F6""]",/tangrams/315_224.png,TRUE,/tangrams/315_224.png,01M214C29BTAAYH03KHSYPYBMR,01M214AY9SMBAC3FWH0EN358MB,1788893914927,NA,4
01M215B0QFVR2A7CFS0GBAC6KP,01M20X13PPQ56SF2D1TXYZ1GT1,training,8,0,9,48,12,8,/tangrams/353_235.png,B3,"[""/tangrams/368_219.png"",""/tangrams/353_235.png"",""/tangrams/192_436.png"",""/tangrams/265_444.png""]","[""A2"",""B3"",""D1"",""C4""]",/tangrams/353_235.png,TRUE,/tangrams/353_235.png,01M2155RV91S7EYVKS22CN3J6W,01M21549E1T7PGG1H0FCWWP74Z,1788894553691,NA,1
01M215EGYV633MXM8ZHY9X23WD,01M20X15T7F67D04XT463JKFRX,training,27,2,4,48,12,10,/tangrams/382_364.png,D2,"[""/tangrams/62_463.png"",""/tangrams/18_107.png"",""/tangrams/411_112.png"",""/tangrams/382_364.png""]","[""C1"",""A4"",""B3"",""D2""]",/tangrams/382_364.png,TRUE,/tangrams/382_364.png,01M2154MFSP4VTTH1ZQNHW7C0J,01M21557T3YDBSX3GT1DB1X6ZD,1788894235627,NA,3
01M20YSTQNQYS7MNSYHQBF06F4,01M20X0YW80CVJTXB8KR0PJ9Z8,training,33,2,10,48,12,8,/tangrams/353_235.png,B3,"[""/tangrams/353_235.png"",""/tangrams/265_219.png"",""/tangrams/368_444.png"",""/tangrams/192_436.png""]","[""B3"",""C2"",""A4"",""D1""]",NA,NA,NA,NA,NA,NA,NA,3
01M20Z96GPVENV8E2GXJFYMHGK,01M20X11N92ZFWXFVKY2CVEME8,training,34,2,11,48,12,9,/tangrams/144_129.png,B3,"[""/tangrams/130_469.png"",""/tangrams/144_129.png"",""/tangrams/49_34.png"",""/tangrams/39_181.png""]","[""A4"",""B3"",""D2"",""C1""]",NA,NA,NA,NA,NA,NA,NA,3
01M214KY596D36P7RA9Z69Y588,01M20X12WH32MX7V56M1SN262T,training,28,2,5,48,12,10,/tangrams/284_245.png,F7,"[""/tangrams/284_245.png"",""/tangrams/315_224.png"",""/tangrams/382_107.png"",""/tangrams/426_419.png""]","[""F7"",""F6"",""D4"",""F8""]",/tangrams/284_245.png,TRUE,/tangrams/284_245.png,01M214C29BTAAYH03KHSYPYBMR,01M214AY9SMBAC3FWH0EN358MB,1788893648791,NA,3
01M214NB6S3FKT9TY44NXFXX8H,01M20X13PJV655EHMJRF5XR4PG,training,2,0,3,48,12,10,/tangrams/62_112.png,C3,"[""/tangrams/426_419.png"",""/tangrams/382_107.png"",""/tangrams/415_23.png"",""/tangrams/62_112.png""]","[""F8"",""D4"",""F4"",""C3""]",/tangrams/382_107.png,FALSE,/tangrams/382_107.png,01M214E3AZ6Y0RHEASN5NQEEJN,01M214C6Z85CZDH1N1HARPXC77,1788892748309,NA,1
01M214YX7QSP2XQYV6XHGJWW4V,01M20X148VH9T6HPBHADHZGVW4,training,27,2,4,48,12,11,/tangrams/232_52.png,F1,"[""/tangrams/232_52.png"",""/tangrams/321_431.png"",""/tangrams/274_4.png"",""/tangrams/293_392.png""]","[""F1"",""F4"",""F2"",""B2""]",/tangrams/232_52.png,TRUE,/tangrams/232_52.png,01M214CEQK5BQH1Z1J11PQVC16,01M214D5P3NXWG18WF1J3F1VFS,1788894218271,NA,3
01M215DMME6GGD8N2QN52AZ7XE,01M20X15BBYTN3YPSFQGJ5ZXF5,training,5,0,6,48,12,10,/tangrams/411_112.png,B3,"[""/tangrams/382_463.png"",""/tangrams/411_112.png"",""/tangrams/18_364.png"",""/tangrams/62_107.png""]","[""D1"",""B3"",""A2"",""C4""]",/tangrams/411_112.png,TRUE,/tangrams/411_112.png,01M21552Z3FC5ZE6SYNEHHVAW4,01M21567THKMHSR683ZH4K0TNA,1788894422397,NA,1
01M215N3AY82N5WTKZNTFXWHDF,01M215K2BSVQ6X8DX5GH1YZX6B,training,24,2,1,48,12,12,/tangrams/244_275.png,B4,"[""/tangrams/161_345.png"",""/tangrams/137_312.png"",""/tangrams/244_275.png"",""/tangrams/72_213.png""]","[""C1"",""D2"",""B4"",""A3""]",/tangrams/244_275.png,TRUE,/tangrams/244_275.png,01M2159JAWAFEZB1KH9W5K5DTC,01M2157YJ34JPNQ0ZE6DJJD3G3,1788895428997,NA,3
01M214NB56PJGR1V0QNS12DVZ3,01M20X13PJV655EHMJRF5XR4PG,training,47,3,12,48,12,10,/tangrams/62_112.png,C3,"[""/tangrams/426_419.png"",""/tangrams/180_425.png"",""/tangrams/62_112.png"",""/tangrams/284_245.png""]","[""F8"",""F5"",""C3"",""F7""]",NA,NA,NA,NA,NA,NA,NA,4
01M214QKH00APYGDC34599XSMV,01M20X0YW742ZY2EX5FCQ61EFA,training,35,2,12,48,12,8,/tangrams/192_219.png,D2,"[""/tangrams/265_436.png"",""/tangrams/192_219.png"",""/tangrams/192_235.png"",""/tangrams/368_219.png""]","[""C1"",""D2"",""D3"",""A2""]",NA,NA,NA,NA,NA,NA,NA,3
01M20YD60KGCH624FCSEXREWF1,01M20WZK57NAX0A8X7B3WNHQN9,training,38,3,3,48,12,8,/tangrams/101_61.png,F2,"[""/tangrams/101_61.png"",""/tangrams/277_238.png"",""/tangrams/371_100.png"",""/tangrams/447_295.png""]","[""F2"",""F8"",""F1"",""F7""]",/tangrams/101_61.png,TRUE,/tangrams/101_61.png,01M20Y7KTG16QCRZCK67K4YDTR,01M20XW9BF9HJ5QA1N7YCTN8ZM,1788887173907,NA,4
01M20YKS46J7N4CS16M2RTHW1W,01M20WZK5AY7SPG9YB2GY60XCH,training,21,1,10,48,12,8,/tangrams/353_235.png,B3,"[""/tangrams/265_436.png"",""/tangrams/192_219.png"",""/tangrams/368_444.png"",""/tangrams/353_235.png""]","[""C1"",""D2"",""A4"",""B3""]",NA,NA,NA,NA,NA,NA,NA,2
01M214K26TXJ17FYD70ZX7NPW7,01M20X11N5A2NXXZZPJ1AXFSW6,training,18,1,7,48,12,9,/tangrams/89_182.png,F5,"[""/tangrams/89_182.png"",""/tangrams/39_129.png"",""/tangrams/130_181.png"",""/tangrams/6_423.png""]","[""F5"",""C3"",""A1"",""F3""]",/tangrams/89_182.png,TRUE,/tangrams/89_182.png,01M214ERNYBYY3EBY90CCRQDQJ,01M214DGSKEJ8ZAHQ4WC2E0G7N,1788893074462,NA,2
01M214K27NVWQ9DMN66XVCJXBZ,01M20X11N5A2NXXZZPJ1AXFSW6,training,14,1,3,48,12,9,/tangrams/47_268.png,F6,"[""/tangrams/89_182.png"",""/tangrams/49_469.png"",""/tangrams/47_268.png"",""/tangrams/130_181.png""]","[""F5"",""D4"",""F6"",""A1""]",/tangrams/47_268.png,TRUE,/tangrams/47_268.png,01M214ERNYBYY3EBY90CCRQDQJ,01M214DGSKEJ8ZAHQ4WC2E0G7N,1788892957411,NA,2
01M21534W1TKXXTQFDM54ZJHC8,01M20X13PNQ3DCXFM6ND825C25,training,9,0,10,48,12,9,/tangrams/49_129.png,D3,"[""/tangrams/144_129.png"",""/tangrams/49_34.png"",""/tangrams/49_129.png"",""/tangrams/39_181.png""]","[""B3"",""D2"",""D3"",""C1""]",/tangrams/49_129.png,TRUE,/tangrams/49_129.png,01M214JN3YRRY4RAVQ10A1MK5E,01M214P0SMCPMD4G6CRK6QKHYR,1788893960389,NA,1
01M215GGFDGH0JBB7ZVYQC4BMP,01M20X14TPRK3E5KMRXWZZW19Q,training,37,3,2,48,12,9,/tangrams/364_46.png,F1,"[""/tangrams/133_40.png"",""/tangrams/364_46.png"",""/tangrams/47_268.png"",""/tangrams/425_194.png""]","[""F8"",""F1"",""F6"",""F2""]",/tangrams/364_46.png,TRUE,/tangrams/364_46.png,01M214B7NK5TMY7WTYY3DVP911,01M214C4QNBNJ9JQSE7YJ5TDCV,1788895376003,NA,4
01M215HB3SNG20QZSC770BA856,01M20X16AD7EKSEGH5WBVM39Q0,training,13,1,2,48,12,11,/tangrams/296_156.png,C1,"[""/tangrams/316_345.png"",""/tangrams/296_156.png"",""/tangrams/455_392.png"",""/tangrams/293_227.png""]","[""A4"",""C1"",""D2"",""B3""]",/tangrams/296_156.png,TRUE,/tangrams/296_156.png,01M2153SDRH4EZ5F2YRG65W4Z9,01M2155PH51FH1Y7QSBY0YCPQ8,1788894770424,NA,2
01M214JDCZWYR6AZE1TD0AE5PA,01M20X0YW4S4FB44B5GCQBDAXT,training,15,1,4,48,12,9,/tangrams/47_268.png,F6,"[""/tangrams/47_268.png"",""/tangrams/39_129.png"",""/tangrams/6_423.png"",""/tangrams/144_34.png""]","[""F6"",""C3"",""F3"",""B2""]",NA,NA,NA,NA,NA,NA,NA,2
01M214JDHPY291Y5X5T9WQ0QGD,01M20X0YW4S4FB44B5GCQBDAXT,training,38,3,3,48,12,9,/tangrams/425_194.png,F2,"[""/tangrams/436_72.png"",""/tangrams/133_40.png"",""/tangrams/425_194.png"",""/tangrams/49_469.png""]","[""F7"",""F8"",""F2"",""D4""]",NA,NA,NA,NA,NA,NA,NA,4
01M214K1ZC8YKSE8FSBHZV8QC0,01M20X11N5A2NXXZZPJ1AXFSW6,training,0,0,1,48,12,9,/tangrams/6_423.png,F3,"[""/tangrams/364_46.png"",""/tangrams/425_194.png"",""/tangrams/6_423.png"",""/tangrams/89_182.png""]","[""F1"",""F2"",""F3"",""F5""]",/tangrams/425_194.png,FALSE,/tangrams/425_194.png,01M214ERNYBYY3EBY90CCRQDQJ,01M214DGSKEJ8ZAHQ4WC2E0G7N,1788892482767,NA,1
01M215AAYFPBRRQ5GDC81K7ZE6,01M20X12WE7PPHA7JSTZZ2E6FT,training,44,3,9,48,12,8,/tangrams/368_235.png,A3,"[""/tangrams/192_219.png"",""/tangrams/368_235.png"",""/tangrams/265_436.png"",""/tangrams/353_444.png""]","[""D2"",""A3"",""C1"",""B4""]",/tangrams/368_235.png,TRUE,/tangrams/368_235.png,01M2154T01JJAXZD005VWMS05B,01M2154MN76WHSRHJG8SAKSTFM,1788894808986,NA,4
01M215DMTZ6SKF31S1ET4J469F,01M20X15BBYTN3YPSFQGJ5ZXF5,training,15,1,4,48,12,10,/tangrams/62_463.png,C1,"[""/tangrams/18_364.png"",""/tangrams/382_112.png"",""/tangrams/62_463.png"",""/tangrams/411_107.png""]","[""A2"",""D3"",""C1"",""B4""]",/tangrams/62_463.png,TRUE,/tangrams/62_463.png,01M21552Z3FC5ZE6SYNEHHVAW4,01M21567THKMHSR683ZH4K0TNA,1788894842764,NA,2
01M214ZFM3X6G8X9882858XTFM,01M20X12WDNRHQCMYC0R9VEVHQ,training,40,3,5,48,12,9,/tangrams/49_181.png,D1,"[""/tangrams/49_34.png"",""/tangrams/39_181.png"",""/tangrams/49_181.png"",""/tangrams/130_469.png""]","[""D2"",""C1"",""D1"",""A4""]",NA,NA,NA,NA,NA,NA,NA,4
01M215CZX2H8AVJC0WR91KPR63,01M20X14TW6FQW067YRK6RNDKN,training,34,2,11,48,12,9,/tangrams/49_129.png,D3,"[""/tangrams/39_34.png"",""/tangrams/130_469.png"",""/tangrams/49_129.png"",""/tangrams/144_181.png""]","[""C2"",""A4"",""D3"",""B1""]",/tangrams/49_129.png,TRUE,/tangrams/49_129.png,01M2156K7QTNRYHY4BTF9XK016,01M2154QPBTEQ4FE8D65KC2SJY,1788894859499,NA,3
01M215DMSQCW44F1XGTG048NKP,01M20X15BBYTN3YPSFQGJ5ZXF5,training,13,1,2,48,12,10,/tangrams/18_364.png,A2,"[""/tangrams/62_107.png"",""/tangrams/382_463.png"",""/tangrams/411_112.png"",""/tangrams/18_364.png""]","[""C4"",""D1"",""B3"",""A2""]",/tangrams/18_364.png,TRUE,/tangrams/18_364.png,01M21552Z3FC5ZE6SYNEHHVAW4,01M21567THKMHSR683ZH4K0TNA,1788894749222,NA,2
01M215GGMSZY9FYMSR0BTAJZC7,01M20X14TPRK3E5KMRXWZZW19Q,training,46,3,11,48,12,9,/tangrams/47_268.png,F6,"[""/tangrams/47_268.png"",""/tangrams/6_423.png"",""/tangrams/130_181.png"",""/tangrams/144_34.png""]","[""F6"",""F3"",""A1"",""B2""]",/tangrams/47_268.png,TRUE,/tangrams/47_268.png,01M214C4QNBNJ9JQSE7YJ5TDCV,01M214B7NK5TMY7WTYY3DVP911,1788895602414,NA,4
01M215HJQBT522YRVC73ANK45K,01M20X148Y8KBRQFNJT9HAMJT5,training,39,3,4,48,12,10,/tangrams/18_112.png,A3,"[""/tangrams/411_112.png"",""/tangrams/62_107.png"",""/tangrams/18_364.png"",""/tangrams/18_112.png""]","[""B3"",""C4"",""A2"",""A3""]",/tangrams/411_112.png,FALSE,/tangrams/411_112.png,01M214DZ3N8JPJ1Z6KSP8PYNZQ,01M214PMGV2W0E0MG6FCTN05EB,1788896707811,NA,4
01M215K4185Q403DR2ZHM09T9Z,01M20X175HY3CRCTEMGHN0JEQ3,training,45,3,10,48,12,11,/tangrams/455_156.png,D1,"[""/tangrams/455_156.png"",""/tangrams/296_345.png"",""/tangrams/293_227.png"",""/tangrams/316_392.png""]","[""D1"",""C4"",""B3"",""A2""]",/tangrams/455_156.png,TRUE,/tangrams/455_156.png,01M2154HBQMMKX5AJ9BGZ61E13,01M2154P1EJW4QYGH77ZY8V300,1788894821832,NA,4
01M215PNBKMGDB88QCYQTTQ1TR,01M215M9N7M1Y02J02DK7JKTQA,training,39,3,4,48,12,13,/tangrams/113_63.png,C4,"[""/tangrams/403_164.png"",""/tangrams/113_63.png"",""/tangrams/66_335.png"",""/tangrams/42_142.png""]","[""D3"",""C4"",""A2"",""B1""]",NA,NA,NA,NA,NA,NA,NA,4
01M214JDA032XG8G4S75VNGHH2,01M20X0YW4S4FB44B5GCQBDAXT,training,2,0,3,48,12,9,/tangrams/49_469.png,D4,"[""/tangrams/364_46.png"",""/tangrams/144_34.png"",""/tangrams/49_469.png"",""/tangrams/89_182.png""]","[""F1"",""B2"",""D4"",""F5""]",NA,FALSE,NA,01M214EQ4FACEB4DB1G63HBRYM,01M20XC1CR2BQSQ9QRRT7VRXFA,NA,NA,1
01M21534RMXBF59KCBMTWSD9FD,01M20X13PNQ3DCXFM6ND825C25,training,16,1,5,48,12,9,/tangrams/39_34.png,C2,"[""/tangrams/49_34.png"",""/tangrams/144_469.png"",""/tangrams/39_34.png"",""/tangrams/39_181.png""]","[""D2"",""B4"",""C2"",""C1""]",/tangrams/39_34.png,TRUE,/tangrams/39_34.png,01M214P0SMCPMD4G6CRK6QKHYR,01M214JN3YRRY4RAVQ10A1MK5E,1788894279878,NA,2
01M215D03PB9HNAK0X96JHYPT3,01M20X14TW6FQW067YRK6RNDKN,training,31,2,8,48,12,9,/tangrams/39_34.png,C2,"[""/tangrams/49_181.png"",""/tangrams/130_129.png"",""/tangrams/39_34.png"",""/tangrams/144_469.png""]","[""D1"",""A3"",""C2"",""B4""]",/tangrams/39_34.png,TRUE,/tangrams/39_34.png,01M2154QPBTEQ4FE8D65KC2SJY,01M2156K7QTNRYHY4BTF9XK016,1788894799303,NA,3
01M215HAZQY84623YX7XN88XDV,01M20X16AD7EKSEGH5WBVM39Q0,training,8,0,9,48,12,11,/tangrams/455_156.png,D1,"[""/tangrams/455_156.png"",""/tangrams/296_392.png"",""/tangrams/293_227.png"",""/tangrams/316_345.png""]","[""D1"",""C2"",""B3"",""A4""]",/tangrams/455_156.png,TRUE,/tangrams/455_156.png,01M2155PH51FH1Y7QSBY0YCPQ8,01M2153SDRH4EZ5F2YRG65W4Z9,1788894573845,NA,1
01M215M1M5K4WBP2ANFMAK0DRJ,01M215K1RCENCVM87G4759AF5H,training,25,2,2,48,12,12,/tangrams/72_275.png,A4,"[""/tangrams/72_275.png"",""/tangrams/137_345.png"",""/tangrams/244_213.png"",""/tangrams/161_312.png""]","[""A4"",""D1"",""B3"",""C2""]",/tangrams/72_275.png,TRUE,/tangrams/72_275.png,01M21569Y0RK1B1KAXYKBVZA95,01M215AVP11B8QPDVCJRC6C334,1788895108303,NA,3
01M214JDDMZNVY14XKE9P58TS3,01M20X0YW4S4FB44B5GCQBDAXT,training,28,2,5,48,12,9,/tangrams/49_469.png,D4,"[""/tangrams/130_181.png"",""/tangrams/49_469.png"",""/tangrams/364_46.png"",""/tangrams/436_72.png""]","[""A1"",""D4"",""F1"",""F7""]",NA,NA,NA,NA,NA,NA,NA,3
01M215GG11N5KK7Z2QZ1B05YPE,01M20X14TPRK3E5KMRXWZZW19Q,training,16,1,5,48,12,9,/tangrams/455_435.png,F4,"[""/tangrams/133_40.png"",""/tangrams/6_423.png"",""/tangrams/455_435.png"",""/tangrams/144_34.png""]","[""F8"",""F3"",""F4"",""B2""]",/tangrams/455_435.png,TRUE,/tangrams/455_435.png,01M214C4QNBNJ9JQSE7YJ5TDCV,01M214B7NK5TMY7WTYY3DVP911,1788894651127,NA,2
01M20YKS5QAQGXVQA325DT36Z0,01M20WZK5AY7SPG9YB2GY60XCH,training,27,2,4,48,12,8,/tangrams/368_235.png,A3,"[""/tangrams/368_235.png"",""/tangrams/192_436.png"",""/tangrams/353_444.png"",""/tangrams/265_219.png""]","[""A3"",""D1"",""B4"",""C2""]",NA,NA,NA,NA,NA,NA,NA,3
01M20YSTRX4P11D7EJQH0232SD,01M20X0YW80CVJTXB8KR0PJ9Z8,training,19,1,8,48,12,8,/tangrams/353_235.png,B3,"[""/tangrams/353_235.png"",""/tangrams/368_444.png"",""/tangrams/265_436.png"",""/tangrams/192_219.png""]","[""B3"",""A4"",""C1"",""D2""]",NA,NA,NA,NA,NA,NA,NA,2
01M20Z96HXE8JRSP80ARCKFPMH,01M20X11N92ZFWXFVKY2CVEME8,training,4,0,5,48,12,9,/tangrams/144_129.png,B3,"[""/tangrams/39_34.png"",""/tangrams/130_469.png"",""/tangrams/144_129.png"",""/tangrams/49_181.png""]","[""C2"",""A4"",""B3"",""D1""]",NA,FALSE,NA,01M20YR2K07K9X60T54DN4Z8Q0,01M20YGVWYARZ695AWDNJ9TT2P,NA,NA,1
01M214YX8F27FGDXJ1GADR0F0T,01M20X148VH9T6HPBHADHZGVW4,training,30,2,7,48,12,11,/tangrams/296_227.png,C3,"[""/tangrams/241_194.png"",""/tangrams/311_23.png"",""/tangrams/296_227.png"",""/tangrams/274_4.png""]","[""F8"",""F5"",""C3"",""F2""]",/tangrams/274_4.png,FALSE,/tangrams/274_4.png,01M214D5P3NXWG18WF1J3F1VFS,01M214CEQK5BQH1Z1J11PQVC16,1788894307041,NA,3
01M215AAQSENR5HG1026JC4XA2,01M20X12WE7PPHA7JSTZZ2E6FT,training,31,2,8,48,12,8,/tangrams/368_235.png,A3,"[""/tangrams/353_436.png"",""/tangrams/192_219.png"",""/tangrams/368_235.png"",""/tangrams/265_444.png""]","[""B1"",""D2"",""A3"",""C4""]",/tangrams/368_235.png,TRUE,/tangrams/368_235.png,01M2154MN76WHSRHJG8SAKSTFM,01M2154T01JJAXZD005VWMS05B,1788894599591,NA,3
01M214NB1F5JDJAZNNWH8ZXRT4,01M20X13PJV655EHMJRF5XR4PG,training,19,1,8,48,12,10,/tangrams/411_364.png,B2,"[""/tangrams/18_463.png"",""/tangrams/415_23.png"",""/tangrams/315_224.png"",""/tangrams/411_364.png""]","[""A1"",""F4"",""F6"",""B2""]",NA,FALSE,NA,01M214C6Z85CZDH1N1HARPXC77,01M214E3AZ6Y0RHEASN5NQEEJN,NA,NA,2
01M21534FYPFSEC6ZRPPHQQQ0T,01M20X13PNQ3DCXFM6ND825C25,training,43,3,8,48,12,9,/tangrams/144_181.png,B1,"[""/tangrams/130_129.png"",""/tangrams/39_181.png"",""/tangrams/144_181.png"",""/tangrams/144_469.png""]","[""A3"",""C1"",""B1"",""B4""]",/tangrams/144_181.png,TRUE,/tangrams/144_181.png,01M214JN3YRRY4RAVQ10A1MK5E,01M214P0SMCPMD4G6CRK6QKHYR,1788895662368,NA,4
01M21534WFZ1BSERA7ZPQHVS20,01M20X13PNQ3DCXFM6ND825C25,training,8,0,9,48,12,9,/tangrams/39_181.png,C1,"[""/tangrams/49_181.png"",""/tangrams/39_181.png"",""/tangrams/130_129.png"",""/tangrams/39_469.png""]","[""D1"",""C1"",""A3"",""C4""]",/tangrams/39_181.png,TRUE,/tangrams/39_181.png,01M214P0SMCPMD4G6CRK6QKHYR,01M214JN3YRRY4RAVQ10A1MK5E,1788893927084,NA,1
01M215HBXSA57HHV453VAN2CH0,01M20X16AD7EKSEGH5WBVM39Q0,training,43,3,8,48,12,11,/tangrams/296_392.png,C2,"[""/tangrams/455_227.png"",""/tangrams/316_345.png"",""/tangrams/293_156.png"",""/tangrams/296_392.png""]","[""D3"",""A4"",""B1"",""C2""]",/tangrams/296_392.png,TRUE,/tangrams/296_392.png,01M2153SDRH4EZ5F2YRG65W4Z9,01M2155PH51FH1Y7QSBY0YCPQ8,1788895686011,NA,4
01M20YD6133T3RQNT79DMF74TS,01M20WZK57NAX0A8X7B3WNHQN9,training,35,2,12,48,12,8,/tangrams/101_61.png,F2,"[""/tangrams/38_309.png"",""/tangrams/194_445.png"",""/tangrams/101_61.png"",""/tangrams/192_444.png""]","[""F5"",""F3"",""F2"",""D4""]",/tangrams/101_61.png,TRUE,/tangrams/101_61.png,01M20XW9BF9HJ5QA1N7YCTN8ZM,01M20Y7KTG16QCRZCK67K4YDTR,1788887145084,NA,3
01M214KY2VE1S9T5BFEFDJ9GTP,01M20X12WH32MX7V56M1SN262T,training,16,1,5,48,12,10,/tangrams/284_245.png,F7,"[""/tangrams/284_245.png"",""/tangrams/57_85.png"",""/tangrams/405_327.png"",""/tangrams/382_107.png""]","[""F7"",""F2"",""F1"",""D4""]",/tangrams/284_245.png,TRUE,/tangrams/284_245.png,01M214C29BTAAYH03KHSYPYBMR,01M214AY9SMBAC3FWH0EN358MB,1788893454581,NA,2
01M214KY40GCP67GZKNJK682HX,01M20X12WH32MX7V56M1SN262T,training,22,1,11,48,12,10,/tangrams/382_107.png,D4,"[""/tangrams/382_107.png"",""/tangrams/57_85.png"",""/tangrams/405_327.png"",""/tangrams/284_245.png""]","[""D4"",""F2"",""F1"",""F7""]",/tangrams/382_107.png,TRUE,/tangrams/382_107.png,01M214C29BTAAYH03KHSYPYBMR,01M214AY9SMBAC3FWH0EN358MB,1788893561215,NA,2
01M215B0NMCSEB4BCFDTXQ2HVF,01M20X13PPQ56SF2D1TXYZ1GT1,training,4,0,5,48,12,8,/tangrams/265_219.png,C2,"[""/tangrams/368_444.png"",""/tangrams/192_235.png"",""/tangrams/353_436.png"",""/tangrams/265_219.png""]","[""A4"",""D3"",""B1"",""C2""]",/tangrams/265_219.png,TRUE,/tangrams/265_219.png,01M2155RV91S7EYVKS22CN3J6W,01M21549E1T7PGG1H0FCWWP74Z,1788894430304,NA,1
01M215B16F867P1Y5K9Q1PG2DZ,01M20X13PPQ56SF2D1TXYZ1GT1,training,42,3,7,48,12,8,/tangrams/353_235.png,B3,"[""/tangrams/265_436.png"",""/tangrams/353_235.png"",""/tangrams/192_219.png"",""/tangrams/368_444.png""]","[""C1"",""B3"",""D2"",""A4""]",/tangrams/353_235.png,TRUE,/tangrams/353_235.png,01M2155RV91S7EYVKS22CN3J6W,01M21549E1T7PGG1H0FCWWP74Z,1788895289022,NA,4
01M215CZVZ0GAY3NP48BX0AE4Q,01M20X14TW6FQW067YRK6RNDKN,training,20,1,9,48,12,9,/tangrams/49_129.png,D3,"[""/tangrams/144_181.png"",""/tangrams/49_129.png"",""/tangrams/39_469.png"",""/tangrams/130_34.png""]","[""B1"",""D3"",""C4"",""A2""]",/tangrams/49_129.png,TRUE,/tangrams/49_129.png,01M2156K7QTNRYHY4BTF9XK016,01M2154QPBTEQ4FE8D65KC2SJY,1788894455646,NA,2
01M215DN46VTJE0Y6PFABVRD4R,01M20X15BBYTN3YPSFQGJ5ZXF5,training,31,2,8,48,12,10,/tangrams/382_364.png,D2,"[""/tangrams/411_107.png"",""/tangrams/382_364.png"",""/tangrams/62_463.png"",""/tangrams/18_112.png""]","[""B4"",""D2"",""C1"",""A3""]",/tangrams/382_364.png,TRUE,/tangrams/382_364.png,01M21552Z3FC5ZE6SYNEHHVAW4,01M21567THKMHSR683ZH4K0TNA,1788895435136,NA,3
01M215GFV0EBM7YQP1WXDPRSTE,01M20X14TPRK3E5KMRXWZZW19Q,training,8,0,9,48,12,9,/tangrams/89_182.png,F5,"[""/tangrams/144_34.png"",""/tangrams/89_182.png"",""/tangrams/364_46.png"",""/tangrams/133_40.png""]","[""B2"",""F5"",""F1"",""F8""]",/tangrams/364_46.png,FALSE,/tangrams/364_46.png,01M214C4QNBNJ9JQSE7YJ5TDCV,01M214B7NK5TMY7WTYY3DVP911,1788894421569,NA,1
01M215B18AJY8K4F0R8K3EQH70,01M20X13PPQ56SF2D1TXYZ1GT1,training,39,3,4,48,12,8,/tangrams/368_444.png,A4,"[""/tangrams/368_444.png"",""/tangrams/353_436.png"",""/tangrams/265_219.png"",""/tangrams/192_235.png""]","[""A4"",""B1"",""C2"",""D3""]",/tangrams/368_444.png,TRUE,/tangrams/368_444.png,01M21549E1T7PGG1H0FCWWP74Z,01M2155RV91S7EYVKS22CN3J6W,1788895236907,NA,4
01M215BM1BC93X53GGB5V5ZHXW,01M20X148Y8KBRQFNJTS9AKRW4,training,13,1,2,48,12,9,/tangrams/49_181.png,D1,"[""/tangrams/49_181.png"",""/tangrams/39_34.png"",""/tangrams/130_129.png"",""/tangrams/144_469.png""]","[""D1"",""C2"",""A3"",""B4""]",/tangrams/49_181.png,TRUE,/tangrams/49_181.png,01M21546HN9E95PWNR6ZWTAMM2,01M2154JXMHS9BTWF8FWDE7774,1788894464570,NA,2
01M215DMRD4334DK3BJ01EZTVZ,01M20X15BBYTN3YPSFQGJ5ZXF5,training,11,0,12,48,12,10,/tangrams/382_463.png,D1,"[""/tangrams/18_107.png"",""/tangrams/411_112.png"",""/tangrams/382_463.png"",""/tangrams/62_364.png""]","[""A4"",""B3"",""D1"",""C2""]",/tangrams/382_463.png,TRUE,/tangrams/382_463.png,01M21552Z3FC5ZE6SYNEHHVAW4,01M21567THKMHSR683ZH4K0TNA,1788894693356,NA,1
01M215EH3BS5SG2T79X0KZVW54,01M20X15T7F67D04XT463JKFRX,training,20,1,9,48,12,10,/tangrams/18_112.png,A3,"[""/tangrams/411_463.png"",""/tangrams/382_364.png"",""/tangrams/18_112.png"",""/tangrams/62_107.png""]","[""B1"",""D2"",""A3"",""C4""]",/tangrams/18_112.png,TRUE,/tangrams/18_112.png,01M21557T3YDBSX3GT1DB1X6ZD,01M2154MFSP4VTTH1ZQNHW7C0J,1788894048603,NA,2
01M215GG8V3JET22DA83QTS7TT,01M20X14TPRK3E5KMRXWZZW19Q,training,27,2,4,48,12,9,/tangrams/6_423.png,F3,"[""/tangrams/49_469.png"",""/tangrams/39_129.png"",""/tangrams/6_423.png"",""/tangrams/133_40.png""]","[""D4"",""C3"",""F3"",""F8""]",/tangrams/49_469.png,FALSE,/tangrams/49_469.png,01M214B7NK5TMY7WTYY3DVP911,01M214C4QNBNJ9JQSE7YJ5TDCV,1788895127818,NA,3
01M215HJN57GZFFJEDB0N5P74F,01M20X148Y8KBRQFNJT9HAMJT5,training,42,3,7,48,12,10,/tangrams/382_364.png,D2,"[""/tangrams/62_463.png"",""/tangrams/382_364.png"",""/tangrams/382_112.png"",""/tangrams/18_364.png""]","[""C1"",""D2"",""D3"",""A2""]",/tangrams/18_364.png,FALSE,/tangrams/18_364.png,01M214PMGV2W0E0MG6FCTN05EB,01M214DZ3N8JPJ1Z6KSP8PYNZQ,1788896888591,NA,4
01M215K3BT457TXJZVYD0Q8GPK,01M20X175HY3CRCTEMGHN0JEQ3,training,22,1,11,48,12,11,/tangrams/296_156.png,C1,"[""/tangrams/455_392.png"",""/tangrams/296_156.png"",""/tangrams/316_345.png"",""/tangrams/293_227.png""]","[""D2"",""C1"",""A4"",""B3""]",/tangrams/296_156.png,TRUE,/tangrams/296_156.png,01M2154P1EJW4QYGH77ZY8V300,01M2154HBQMMKX5AJ9BGZ61E13,1788894403192,NA,2
01M214ZFK47XDXC4WFRWDEMZXG,01M20X12WDNRHQCMYC0R9VEVHQ,training,43,3,8,48,12,9,/tangrams/144_469.png,B4,"[""/tangrams/39_469.png"",""/tangrams/144_469.png"",""/tangrams/144_181.png"",""/tangrams/130_34.png""]","[""C4"",""B4"",""B1"",""A2""]",NA,NA,NA,NA,NA,NA,NA,4
01M215DMQ247EC6G2PR7XA5MGG,01M20X15BBYTN3YPSFQGJ5ZXF5,training,9,0,10,48,12,10,/tangrams/411_107.png,B4,"[""/tangrams/18_364.png"",""/tangrams/382_112.png"",""/tangrams/62_463.png"",""/tangrams/411_107.png""]","[""A2"",""D3"",""C1"",""B4""]",/tangrams/411_107.png,TRUE,/tangrams/411_107.png,01M21552Z3FC5ZE6SYNEHHVAW4,01M21567THKMHSR683ZH4K0TNA,1788894601519,NA,1
01M215GGBTXTB7K4FN5MT5MR0Z,01M20X14TPRK3E5KMRXWZZW19Q,training,31,2,8,48,12,9,/tangrams/49_469.png,D4,"[""/tangrams/39_129.png"",""/tangrams/144_34.png"",""/tangrams/425_194.png"",""/tangrams/49_469.png""]","[""C3"",""B2"",""F2"",""D4""]",/tangrams/49_469.png,TRUE,/tangrams/49_469.png,01M214B7NK5TMY7WTYY3DVP911,01M214C4QNBNJ9JQSE7YJ5TDCV,1788895243234,NA,3
01M215PM4NJN56TRDN6VARP8QA,01M215M9N7M1Y02J02DK7JKTQA,training,4,0,5,48,12,13,/tangrams/42_164.png,B3,"[""/tangrams/42_164.png"",""/tangrams/66_63.png"",""/tangrams/113_142.png"",""/tangrams/403_335.png""]","[""B3"",""A4"",""C1"",""D2""]",NA,NA,NA,NA,NA,NA,NA,1
01M20YSTTJA55Q4KB5K4B3J7ZT,01M20X0YW80CVJTXB8KR0PJ9Z8,training,38,3,3,48,12,8,/tangrams/353_436.png,B1,"[""/tangrams/368_444.png"",""/tangrams/192_235.png"",""/tangrams/265_219.png"",""/tangrams/353_436.png""]","[""A4"",""D3"",""C2"",""B1""]",NA,NA,NA,NA,NA,NA,NA,4
01M214JDEKKBZ2SBF39RMW37RJ,01M20X0YW4S4FB44B5GCQBDAXT,training,30,2,7,48,12,9,/tangrams/133_40.png,F8,"[""/tangrams/133_40.png"",""/tangrams/89_182.png"",""/tangrams/144_34.png"",""/tangrams/455_435.png""]","[""F8"",""F5"",""B2"",""F4""]",NA,NA,NA,NA,NA,NA,NA,3
01M214QP57G3QJTVXC9GRXSVZK,01M20X11N8F7DPTR5329TXEJ69,training,24,2,1,48,12,8,/tangrams/265_219.png,C2,"[""/tangrams/265_219.png"",""/tangrams/368_219.png"",""/tangrams/192_235.png"",""/tangrams/265_444.png""]","[""C2"",""A2"",""D3"",""C4""]",NA,NA,NA,NA,NA,NA,NA,3
01M215346VKK7NCR6DRP9J44HH,01M20X13PNQ3DCXFM6ND825C25,training,15,1,4,48,12,9,/tangrams/144_181.png,B1,"[""/tangrams/144_181.png"",""/tangrams/39_181.png"",""/tangrams/130_34.png"",""/tangrams/144_129.png""]","[""B1"",""C1"",""A2"",""B3""]",/tangrams/144_181.png,TRUE,/tangrams/144_181.png,01M214JN3YRRY4RAVQ10A1MK5E,01M214P0SMCPMD4G6CRK6QKHYR,1788894228726,NA,2
01M215CZTB2Y7AD1RGGKCCJRNS,01M20X14TW6FQW067YRK6RNDKN,training,17,1,6,48,12,9,/tangrams/144_129.png,B3,"[""/tangrams/130_469.png"",""/tangrams/39_34.png"",""/tangrams/144_129.png"",""/tangrams/49_181.png""]","[""A4"",""C2"",""B3"",""D1""]",/tangrams/144_129.png,TRUE,/tangrams/144_129.png,01M2154QPBTEQ4FE8D65KC2SJY,01M2156K7QTNRYHY4BTF9XK016,1788894367154,NA,2
01M215EH8AHH0E20R1RJ6MC4TS,01M20X15T7F67D04XT463JKFRX,training,14,1,3,48,12,10,/tangrams/411_112.png,B3,"[""/tangrams/18_107.png"",""/tangrams/62_364.png"",""/tangrams/411_112.png"",""/tangrams/382_463.png""]","[""A4"",""C2"",""B3"",""D1""]",/tangrams/411_112.png,TRUE,/tangrams/411_112.png,01M21557T3YDBSX3GT1DB1X6ZD,01M2154MFSP4VTTH1ZQNHW7C0J,1788893895879,NA,2
01M20YKS2VZJDMX11TDRFP5DQ6,01M20WZK5AY7SPG9YB2GY60XCH,training,17,1,6,48,12,8,/tangrams/192_235.png,D3,"[""/tangrams/353_436.png"",""/tangrams/192_235.png"",""/tangrams/368_444.png"",""/tangrams/265_219.png""]","[""B1"",""D3"",""A4"",""C2""]",NA,NA,NA,NA,NA,NA,NA,2
01M20Z96MAM2JT77PPXZ35NGAX,01M20X11N92ZFWXFVKY2CVEME8,training,42,3,7,48,12,9,/tangrams/144_129.png,B3,"[""/tangrams/130_34.png"",""/tangrams/49_181.png"",""/tangrams/39_469.png"",""/tangrams/144_129.png""]","[""A2"",""D1"",""C4"",""B3""]",NA,NA,NA,NA,NA,NA,NA,4
01M214KY4YTZNQ7GCQ6S7P5EXA,01M20X12WH32MX7V56M1SN262T,training,26,2,3,48,12,10,/tangrams/180_425.png,F5,"[""/tangrams/62_112.png"",""/tangrams/315_224.png"",""/tangrams/411_364.png"",""/tangrams/180_425.png""]","[""C3"",""F6"",""B2"",""F5""]",/tangrams/180_425.png,TRUE,/tangrams/180_425.png,01M214C29BTAAYH03KHSYPYBMR,01M214AY9SMBAC3FWH0EN358MB,1788893622879,NA,3
01M215B17N6XF52FK2T78GK8DD,01M20X13PPQ56SF2D1TXYZ1GT1,training,40,3,5,48,12,8,/tangrams/265_219.png,C2,"[""/tangrams/353_436.png"",""/tangrams/265_219.png"",""/tangrams/192_235.png"",""/tangrams/368_444.png""]","[""B1"",""C2"",""D3"",""A4""]",/tangrams/265_219.png,TRUE,/tangrams/265_219.png,01M2155RV91S7EYVKS22CN3J6W,01M21549E1T7PGG1H0FCWWP74Z,1788895254101,NA,4
01M215BM9EB6NKMVBASRFY0BQ7,01M20X148Y8KBRQFNJTS9AKRW4,training,42,3,7,48,12,9,/tangrams/130_34.png,A2,"[""/tangrams/144_469.png"",""/tangrams/39_181.png"",""/tangrams/130_34.png"",""/tangrams/49_129.png""]","[""B4"",""C1"",""A2"",""D3""]",/tangrams/130_34.png,TRUE,/tangrams/130_34.png,01M2154JXMHS9BTWF8FWDE7774,01M21546HN9E95PWNR6ZWTAMM2,1788895374902,NA,4
01M215GGHQ2WC5KETKA40SHRKD,01M20X14TPRK3E5KMRXWZZW19Q,training,42,3,7,48,12,9,/tangrams/49_469.png,D4,"[""/tangrams/425_194.png"",""/tangrams/436_72.png"",""/tangrams/144_34.png"",""/tangrams/49_469.png""]","[""F2"",""F7"",""B2"",""D4""]",/tangrams/49_469.png,TRUE,/tangrams/49_469.png,01M214C4QNBNJ9JQSE7YJ5TDCV,01M214B7NK5TMY7WTYY3DVP911,1788895502724,NA,4
01M215HBSRDDVNZCMX5MVNP4Y9,01M20X16AD7EKSEGH5WBVM39Q0,training,27,2,4,48,12,11,/tangrams/455_156.png,D1,"[""/tangrams/316_392.png"",""/tangrams/296_345.png"",""/tangrams/293_227.png"",""/tangrams/455_156.png""]","[""A2"",""C4"",""B3"",""D1""]",/tangrams/455_156.png,TRUE,/tangrams/455_156.png,01M2153SDRH4EZ5F2YRG65W4Z9,01M2155PH51FH1Y7QSBY0YCPQ8,1788895251608,NA,3
01M20XZDAE0H8QV003C0E4R2HZ,01M20WZK596SFHM9YDB6TD7NK1,training,45,3,10,48,12,6,/tangrams/4_153.png,C4,"[""/tangrams/275_153.png"",""/tangrams/445_324.png"",""/tangrams/4_264.png"",""/tangrams/4_153.png""]","[""A4"",""D3"",""C1"",""C4""]",/tangrams/4_153.png,TRUE,/tangrams/4_153.png,01M20X6CEXP7W9NTPEWK7QNX8Z,01M20XSN3R16DSBXVRQKQSS665,1788887589854,NA,4
01M214NAYB3Q0Z5AV4DZV5HCPM,01M20X13PJV655EHMJRF5XR4PG,training,45,3,10,48,12,10,/tangrams/411_364.png,B2,"[""/tangrams/18_463.png"",""/tangrams/405_327.png"",""/tangrams/415_23.png"",""/tangrams/411_364.png""]","[""A1"",""F1"",""F4"",""B2""]",NA,NA,NA,NA,NA,NA,NA,4
01M214YXB3D6SC68Z2CNRRY5T6,01M20X148VH9T6HPBHADHZGVW4,training,39,3,4,48,12,11,/tangrams/328_256.png,F7,"[""/tangrams/328_256.png"",""/tangrams/455_345.png"",""/tangrams/232_52.png"",""/tangrams/296_227.png""]","[""F7"",""D4"",""F1"",""C3""]",/tangrams/328_256.png,TRUE,/tangrams/328_256.png,01M214CEQK5BQH1Z1J11PQVC16,01M214D5P3NXWG18WF1J3F1VFS,1788894522909,NA,4
01M214KY14TH20K0VKRJN9HAWX,01M20X12WH32MX7V56M1SN262T,training,8,0,9,48,12,10,/tangrams/62_112.png,C3,"[""/tangrams/426_419.png"",""/tangrams/405_327.png"",""/tangrams/62_112.png"",""/tangrams/411_364.png""]","[""F8"",""F1"",""C3"",""B2""]",/tangrams/405_327.png,FALSE,/tangrams/405_327.png,01M214C29BTAAYH03KHSYPYBMR,01M214AY9SMBAC3FWH0EN358MB,1788892975271,NA,1
01M214QP1FRAB1NVTHRKZEPD37,01M20X11N8F7DPTR5329TXEJ69,training,36,3,1,48,12,8,/tangrams/265_444.png,C4,"[""/tangrams/265_444.png"",""/tangrams/265_436.png"",""/tangrams/353_444.png"",""/tangrams/192_219.png""]","[""C4"",""C1"",""B4"",""D2""]",NA,NA,NA,NA,NA,NA,NA,4
01M214QP2CZ3BQQBTBRYWS7R86,01M20X11N8F7DPTR5329TXEJ69,training,32,2,9,48,12,8,/tangrams/192_235.png,D3,"[""/tangrams/192_235.png"",""/tangrams/353_235.png"",""/tangrams/265_436.png"",""/tangrams/192_219.png""]","[""D3"",""B3"",""C1"",""D2""]",NA,NA,NA,NA,NA,NA,NA,3
01M215M1JZJZ2Y6XCSS18YV4JP,01M215K1RCENCVM87G4759AF5H,training,26,2,3,48,12,12,/tangrams/161_275.png,C4,"[""/tangrams/244_345.png"",""/tangrams/137_312.png"",""/tangrams/161_275.png"",""/tangrams/72_213.png""]","[""B1"",""D2"",""C4"",""A3""]",/tangrams/161_275.png,TRUE,/tangrams/161_275.png,01M215AVP11B8QPDVCJRC6C334,01M21569Y0RK1B1KAXYKBVZA95,1788895123149,NA,3
01M20Z96H4ZX31ZNGNKY4VX938,01M20X11N92ZFWXFVKY2CVEME8,training,30,2,7,48,12,9,/tangrams/39_34.png,C2,"[""/tangrams/144_129.png"",""/tangrams/39_34.png"",""/tangrams/130_469.png"",""/tangrams/49_181.png""]","[""B3"",""C2"",""A4"",""D1""]",NA,NA,NA,NA,NA,NA,NA,3
01M214YX26W6D2Y8NX35P4TBGW,01M20X148VH9T6HPBHADHZGVW4,training,12,1,1,48,12,11,/tangrams/316_156.png,A1,"[""/tangrams/316_156.png"",""/tangrams/444_435.png"",""/tangrams/241_194.png"",""/tangrams/296_227.png""]","[""A1"",""F3"",""F8"",""C3""]",/tangrams/296_227.png,FALSE,/tangrams/296_227.png,01M214D5P3NXWG18WF1J3F1VFS,01M214CEQK5BQH1Z1J11PQVC16,1788893792632,NA,2
01M215Z28X3X2JBN052GCTPGRD,01M20X14TTKZWGB70XGMAFRR2H,training,3,0,4,48,12,8,/tangrams/192_219.png,D2,"[""/tangrams/192_436.png"",""/tangrams/265_219.png"",""/tangrams/353_444.png"",""/tangrams/192_219.png""]","[""D1"",""C2"",""B4"",""D2""]",/tangrams/353_444.png,FALSE,/tangrams/353_444.png,01M215F66CRM1GV0R6SDQ69WCM,01M215FK0ZT4PGXXVV13WRHJPB,1788895147302,NA,1
01M214ZFGNV8MVK9K5MG0HZ3Q2,01M20X12WDNRHQCMYC0R9VEVHQ,training,1,0,2,48,12,9,/tangrams/144_469.png,B4,"[""/tangrams/144_129.png"",""/tangrams/49_181.png"",""/tangrams/144_469.png"",""/tangrams/39_469.png""]","[""B3"",""D1"",""B4"",""C4""]",NA,FALSE,NA,01M214C73WD84FZC09J8EC4573,01M214DJPXN2G9KF7M584ZNJA7,NA,1788893656847,1
01M215EH40XAJQSNK176FHJMZS,01M20X15T7F67D04XT463JKFRX,training,19,1,8,48,12,10,/tangrams/18_107.png,A4,"[""/tangrams/382_463.png"",""/tangrams/18_107.png"",""/tangrams/62_364.png"",""/tangrams/411_112.png""]","[""D1"",""A4"",""C2"",""B3""]",/tangrams/18_107.png,TRUE,/tangrams/18_107.png,01M2154MFSP4VTTH1ZQNHW7C0J,01M21557T3YDBSX3GT1DB1X6ZD,1788894024557,NA,2
01M215GGJFJSQS3CM6W74GW7KZ,01M20X14TPRK3E5KMRXWZZW19Q,training,43,3,8,48,12,9,/tangrams/6_423.png,F3,"[""/tangrams/144_34.png"",""/tangrams/89_182.png"",""/tangrams/39_129.png"",""/tangrams/6_423.png""]","[""B2"",""F5"",""C3"",""F3""]",/tangrams/6_423.png,TRUE,/tangrams/6_423.png,01M214B7NK5TMY7WTYY3DVP911,01M214C4QNBNJ9JQSE7YJ5TDCV,1788895539140,NA,4
01M215HJDMRM8GJ4Q18N6JPP52,01M20X148Y8KBRQFNJT9HAMJT5,training,14,1,3,48,12,10,/tangrams/18_107.png,A4,"[""/tangrams/62_107.png"",""/tangrams/18_107.png"",""/tangrams/382_112.png"",""/tangrams/18_364.png""]","[""C4"",""A4"",""D3"",""A2""]",/tangrams/18_107.png,TRUE,/tangrams/18_107.png,01M214PMGV2W0E0MG6FCTN05EB,01M214DZ3N8JPJ1Z6KSP8PYNZQ,1788895560632,NA,2
01M215M13QVDV56AYEXYRVJ40D,01M215K1RCENCVM87G4759AF5H,training,43,3,8,48,12,12,/tangrams/161_345.png,C1,"[""/tangrams/244_275.png"",""/tangrams/137_312.png"",""/tangrams/161_345.png"",""/tangrams/72_213.png""]","[""B4"",""D2"",""C1"",""A3""]",/tangrams/161_345.png,TRUE,/tangrams/161_345.png,01M21569Y0RK1B1KAXYKBVZA95,01M215AVP11B8QPDVCJRC6C334,1788895409325,NA,4
01M20YKRZ02B4YDFBYQ47P2QQT,01M20WZK5AY7SPG9YB2GY60XCH,training,39,3,4,48,12,8,/tangrams/265_436.png,C1,"[""/tangrams/265_436.png"",""/tangrams/353_444.png"",""/tangrams/192_219.png"",""/tangrams/368_235.png""]","[""C1"",""B4"",""D2"",""A3""]",NA,NA,NA,NA,NA,NA,NA,4
01M214YWWW3CW3MVVDR5FJRTTV,01M20X148VH9T6HPBHADHZGVW4,training,1,0,2,48,12,11,/tangrams/192_185.png,F6,"[""/tangrams/311_23.png"",""/tangrams/192_185.png"",""/tangrams/328_256.png"",""/tangrams/455_345.png""]","[""F5"",""F6"",""F7"",""D4""]",/tangrams/192_185.png,TRUE,/tangrams/192_185.png,01M214CEQK5BQH1Z1J11PQVC16,01M214D5P3NXWG18WF1J3F1VFS,1788893032605,NA,1
01M215K3K42PNSXKK5ZDFK33GP,01M20X175HY3CRCTEMGHN0JEQ3,training,30,2,7,48,12,11,/tangrams/455_392.png,D2,"[""/tangrams/293_345.png"",""/tangrams/316_227.png"",""/tangrams/296_156.png"",""/tangrams/455_392.png""]","[""B4"",""A3"",""C1"",""D2""]",/tangrams/455_392.png,TRUE,/tangrams/455_392.png,01M2154P1EJW4QYGH77ZY8V300,01M2154HBQMMKX5AJ9BGZ61E13,1788894559883,NA,3
01M215M1FAKGN4Y430MH7W8GDT,01M215K1RCENCVM87G4759AF5H,training,30,2,7,48,12,12,/tangrams/244_345.png,B1,"[""/tangrams/137_312.png"",""/tangrams/244_345.png"",""/tangrams/161_275.png"",""/tangrams/72_213.png""]","[""D2"",""B1"",""C4"",""A3""]",/tangrams/244_345.png,TRUE,/tangrams/244_345.png,01M215AVP11B8QPDVCJRC6C334,01M21569Y0RK1B1KAXYKBVZA95,1788895183214,NA,3
01M215M22YM4C7YK4ETHQB77RA,01M215K1RCENCVM87G4759AF5H,training,10,0,11,48,12,12,/tangrams/161_345.png,C1,"[""/tangrams/137_312.png"",""/tangrams/244_275.png"",""/tangrams/72_213.png"",""/tangrams/161_345.png""]","[""D2"",""B4"",""A3"",""C1""]",/tangrams/161_345.png,TRUE,/tangrams/161_345.png,01M215AVP11B8QPDVCJRC6C334,01M21569Y0RK1B1KAXYKBVZA95,1788894841351,NA,1
01M214KY0Q4Z7D2SA3X07ZJRE7,01M20X12WH32MX7V56M1SN262T,training,6,0,7,48,12,10,/tangrams/180_425.png,F5,"[""/tangrams/62_112.png"",""/tangrams/411_364.png"",""/tangrams/180_425.png"",""/tangrams/426_419.png""]","[""C3"",""B2"",""F5"",""F8""]",/tangrams/180_425.png,TRUE,/tangrams/180_425.png,01M214C29BTAAYH03KHSYPYBMR,01M214AY9SMBAC3FWH0EN358MB,1788892905167,NA,1
01M215B0QXBKR80CZZSYQ2N065,01M20X13PPQ56SF2D1TXYZ1GT1,training,9,0,10,48,12,8,/tangrams/265_436.png,C1,"[""/tangrams/368_235.png"",""/tangrams/265_436.png"",""/tangrams/192_219.png"",""/tangrams/353_444.png""]","[""A3"",""C1"",""D2"",""B4""]",/tangrams/265_436.png,TRUE,/tangrams/265_436.png,01M21549E1T7PGG1H0FCWWP74Z,01M2155RV91S7EYVKS22CN3J6W,1788894582276,NA,1
01M215M17DWX7CWAB1G4XMZ467,01M215K1RCENCVM87G4759AF5H,training,39,3,4,48,12,12,/tangrams/244_345.png,B1,"[""/tangrams/137_213.png"",""/tangrams/161_312.png"",""/tangrams/244_345.png"",""/tangrams/72_275.png""]","[""D3"",""C2"",""B1"",""A4""]",/tangrams/244_345.png,TRUE,/tangrams/244_345.png,01M21569Y0RK1B1KAXYKBVZA95,01M215AVP11B8QPDVCJRC6C334,1788895336903,NA,4
01M215Z2WDDMZ2XK6MY927PD3X,01M20X14TTKZWGB70XGMAFRR2H,training,20,1,9,48,12,8,/tangrams/353_235.png,B3,"[""/tangrams/353_235.png"",""/tangrams/368_444.png"",""/tangrams/353_436.png"",""/tangrams/192_235.png""]","[""B3"",""A4"",""B1"",""D3""]",/tangrams/353_235.png,TRUE,/tangrams/353_235.png,01M215FK0ZT4PGXXVV13WRHJPB,01M215F66CRM1GV0R6SDQ69WCM,1788896022314,NA,2
01M214JDBHT87D20GHE316KAEY,01M20X0YW4S4FB44B5GCQBDAXT,training,19,1,8,48,12,9,/tangrams/455_435.png,F4,"[""/tangrams/130_181.png"",""/tangrams/39_129.png"",""/tangrams/455_435.png"",""/tangrams/47_268.png""]","[""A1"",""C3"",""F4"",""F6""]",NA,NA,NA,NA,NA,NA,NA,2
01M214QK7A38RYVARYZ60G097X,01M20X0YW742ZY2EX5FCQ61EFA,training,22,1,11,48,12,8,/tangrams/192_235.png,D3,"[""/tangrams/265_436.png"",""/tangrams/192_219.png"",""/tangrams/192_235.png"",""/tangrams/368_235.png""]","[""C1"",""D2"",""D3"",""A3""]",NA,NA,NA,NA,NA,NA,NA,2
01M215D0BTQR6F53DY9EY8X1PS,01M20X14TW6FQW067YRK6RNDKN,training,46,3,11,48,12,9,/tangrams/144_181.png,B1,"[""/tangrams/130_129.png"",""/tangrams/49_34.png"",""/tangrams/144_181.png"",""/tangrams/39_469.png""]","[""A3"",""D2"",""B1"",""C4""]",/tangrams/144_181.png,TRUE,/tangrams/144_181.png,01M2156K7QTNRYHY4BTF9XK016,01M2154QPBTEQ4FE8D65KC2SJY,1788895192319,NA,4
01M215DMHM14GGE0VTFXMWEM2Z,01M20X15BBYTN3YPSFQGJ5ZXF5,training,2,0,3,48,12,10,/tangrams/382_364.png,D2,"[""/tangrams/18_112.png"",""/tangrams/411_463.png"",""/tangrams/382_364.png"",""/tangrams/62_107.png""]","[""A3"",""B1"",""D2"",""C4""]",/tangrams/382_364.png,TRUE,/tangrams/382_364.png,01M21567THKMHSR683ZH4K0TNA,01M21552Z3FC5ZE6SYNEHHVAW4,1788894308035,NA,1
01M215PN3D0NZKAD6BRV7HS8FC,01M215M9N7M1Y02J02DK7JKTQA,training,34,2,11,48,12,13,/tangrams/113_63.png,C4,"[""/tangrams/42_142.png"",""/tangrams/113_63.png"",""/tangrams/66_335.png"",""/tangrams/403_164.png""]","[""B1"",""C4"",""A2"",""D3""]",NA,NA,NA,NA,NA,NA,NA,3
01M214KY0CJQH3EZQY49GBB99R,01M20X12WH32MX7V56M1SN262T,training,4,0,5,48,12,10,/tangrams/426_419.png,F8,"[""/tangrams/426_419.png"",""/tangrams/315_224.png"",""/tangrams/284_245.png"",""/tangrams/382_107.png""]","[""F8"",""F6"",""F7"",""D4""]",/tangrams/426_419.png,TRUE,/tangrams/426_419.png,01M214C29BTAAYH03KHSYPYBMR,01M214AY9SMBAC3FWH0EN358MB,1788892801023,NA,1
01M214KY68YCVFAVVPSDDTVMZN,01M20X12WH32MX7V56M1SN262T,training,34,2,11,48,12,10,/tangrams/411_364.png,B2,"[""/tangrams/382_107.png"",""/tangrams/411_364.png"",""/tangrams/18_463.png"",""/tangrams/426_419.png""]","[""D4"",""B2"",""A1"",""F8""]",/tangrams/411_364.png,TRUE,/tangrams/411_364.png,01M214C29BTAAYH03KHSYPYBMR,01M214AY9SMBAC3FWH0EN358MB,1788893777401,NA,3
01M214ZFR3MT7XGTGDRDCZZWVD,01M20X12WDNRHQCMYC0R9VEVHQ,training,27,2,4,48,12,9,/tangrams/144_129.png,B3,"[""/tangrams/144_469.png"",""/tangrams/49_129.png"",""/tangrams/144_129.png"",""/tangrams/39_181.png""]","[""B4"",""D3"",""B3"",""C1""]",NA,NA,NA,NA,NA,NA,NA,3
01M215BMF2F81PDKT95TGVB6NF,01M20X148Y8KBRQFNJTS9AKRW4,training,31,2,8,48,12,9,/tangrams/39_34.png,C2,"[""/tangrams/49_181.png"",""/tangrams/39_34.png"",""/tangrams/130_129.png"",""/tangrams/144_469.png""]","[""D1"",""C2"",""A3"",""B4""]",/tangrams/39_34.png,TRUE,/tangrams/39_34.png,01M21546HN9E95PWNR6ZWTAMM2,01M2154JXMHS9BTWF8FWDE7774,1788895061907,NA,3
01M215N43N36J1Y9YXJJ80XZPS,01M215K2BSVQ6X8DX5GH1YZX6B,training,44,3,9,48,12,12,/tangrams/137_312.png,D2,"[""/tangrams/244_275.png"",""/tangrams/72_213.png"",""/tangrams/137_312.png"",""/tangrams/161_345.png""]","[""B4"",""A3"",""D2"",""C1""]",/tangrams/137_312.png,TRUE,/tangrams/137_312.png,01M2159JAWAFEZB1KH9W5K5DTC,01M2157YJ34JPNQ0ZE6DJJD3G3,1788895878742,NA,4
01M20YKS00MM67YVQWBHTP49Q2,01M20WZK5AY7SPG9YB2GY60XCH,training,6,0,7,48,12,8,/tangrams/265_219.png,C2,"[""/tangrams/265_219.png"",""/tangrams/368_444.png"",""/tangrams/192_235.png"",""/tangrams/353_436.png""]","[""C2"",""A4"",""D3"",""B1""]",NA,NA,NA,NA,NA,NA,NA,1
01M214K20AWW36RPT6Z37MP7D0,01M20X11N5A2NXXZZPJ1AXFSW6,training,44,3,9,48,12,9,/tangrams/49_469.png,D4,"[""/tangrams/89_182.png"",""/tangrams/47_268.png"",""/tangrams/133_40.png"",""/tangrams/49_469.png""]","[""F5"",""F6"",""F8"",""D4""]",/tangrams/49_469.png,TRUE,/tangrams/49_469.png,01M214ERNYBYY3EBY90CCRQDQJ,01M214DGSKEJ8ZAHQ4WC2E0G7N,1788893876822,NA,4
01M214NB9746DVCKY9AZ9EPR60,01M20X13PJV655EHMJRF5XR4PG,training,30,2,7,48,12,10,/tangrams/382_107.png,D4,"[""/tangrams/316_89.png"",""/tangrams/315_224.png"",""/tangrams/382_107.png"",""/tangrams/411_364.png""]","[""F3"",""F6"",""D4"",""B2""]",NA,NA,NA,NA,NA,NA,NA,3
01M20XZDCCPJ9X3DS0PPZSST8E,01M20WZK596SFHM9YDB6TD7NK1,training,36,3,1,48,12,6,/tangrams/81_264.png,B1,"[""/tangrams/445_264.png"",""/tangrams/81_324.png"",""/tangrams/81_264.png"",""/tangrams/275_153.png""]","[""D1"",""B3"",""B1"",""A4""]",/tangrams/81_264.png,TRUE,/tangrams/81_264.png,01M20XSN3R16DSBXVRQKQSS665,01M20X6CEXP7W9NTPEWK7QNX8Z,1788887283048,NA,4
01M214YWZVT0PF61M246APGK8X,01M20X148VH9T6HPBHADHZGVW4,training,7,0,8,48,12,11,/tangrams/328_256.png,F7,"[""/tangrams/328_256.png"",""/tangrams/241_194.png"",""/tangrams/316_156.png"",""/tangrams/296_227.png""]","[""F7"",""F8"",""A1"",""C3""]",NA,FALSE,NA,01M214CEQK5BQH1Z1J11PQVC16,01M214D5P3NXWG18WF1J3F1VFS,NA,NA,1
01M21534QZERBQ7MDPH52J6FE4,01M20X13PNQ3DCXFM6ND825C25,training,17,1,6,48,12,9,/tangrams/49_129.png,D3,"[""/tangrams/144_129.png"",""/tangrams/39_469.png"",""/tangrams/49_129.png"",""/tangrams/49_181.png""]","[""B3"",""C4"",""D3"",""D1""]",/tangrams/49_129.png,TRUE,/tangrams/49_129.png,01M214JN3YRRY4RAVQ10A1MK5E,01M214P0SMCPMD4G6CRK6QKHYR,1788894310357,NA,2
01M20YD6167H9K7H7YHHSE9JQS,01M20WZK57NAX0A8X7B3WNHQN9,training,31,2,8,48,12,8,/tangrams/311_205.png,F4,"[""/tangrams/192_444.png"",""/tangrams/371_100.png"",""/tangrams/38_309.png"",""/tangrams/311_205.png""]","[""D4"",""F1"",""F5"",""F4""]",/tangrams/311_205.png,TRUE,/tangrams/311_205.png,01M20XW9BF9HJ5QA1N7YCTN8ZM,01M20Y7KTG16QCRZCK67K4YDTR,1788887061876,NA,3
01M214NB70RWDQKPGQCKYM4NCV,01M20X13PJV655EHMJRF5XR4PG,training,1,0,2,48,12,10,/tangrams/18_463.png,A1,"[""/tangrams/411_364.png"",""/tangrams/18_463.png"",""/tangrams/180_425.png"",""/tangrams/57_85.png""]","[""B2"",""A1"",""F5"",""F2""]",/tangrams/18_463.png,TRUE,/tangrams/18_463.png,01M214C6Z85CZDH1N1HARPXC77,01M214E3AZ6Y0RHEASN5NQEEJN,1788892700497,NA,1
01M214QP6HVE2RBC5CJDXKWK9H,01M20X11N8F7DPTR5329TXEJ69,training,22,1,11,48,12,8,/tangrams/368_444.png,A4,"[""/tangrams/265_444.png"",""/tangrams/192_436.png"",""/tangrams/368_444.png"",""/tangrams/368_219.png""]","[""C4"",""D1"",""A4"",""A2""]",NA,NA,NA,NA,NA,NA,NA,2
01M215GGCDN894GXBGZXNG15YJ,01M20X14TPRK3E5KMRXWZZW19Q,training,32,2,9,48,12,9,/tangrams/39_129.png,C3,"[""/tangrams/47_268.png"",""/tangrams/39_129.png"",""/tangrams/144_34.png"",""/tangrams/6_423.png""]","[""F6"",""C3"",""B2"",""F3""]",/tangrams/6_423.png,FALSE,/tangrams/6_423.png,01M214C4QNBNJ9JQSE7YJ5TDCV,01M214B7NK5TMY7WTYY3DVP911,1788895266212,NA,3
01M215HAXB0GHGHA4WS64K4J5A,01M20X16AD7EKSEGH5WBVM39Q0,training,5,0,6,48,12,11,/tangrams/316_392.png,A2,"[""/tangrams/316_392.png"",""/tangrams/296_345.png"",""/tangrams/293_227.png"",""/tangrams/455_156.png""]","[""A2"",""C4"",""B3"",""D1""]",/tangrams/316_392.png,TRUE,/tangrams/316_392.png,01M2153SDRH4EZ5F2YRG65W4Z9,01M2155PH51FH1Y7QSBY0YCPQ8,1788894421529,NA,1
01M214KY2FKDR3G2BKK8HH4H4N,01M20X12WH32MX7V56M1SN262T,training,14,1,3,48,12,10,/tangrams/411_364.png,B2,"[""/tangrams/382_107.png"",""/tangrams/426_419.png"",""/tangrams/62_112.png"",""/tangrams/411_364.png""]","[""D4"",""F8"",""C3"",""B2""]",/tangrams/411_364.png,TRUE,/tangrams/411_364.png,01M214C29BTAAYH03KHSYPYBMR,01M214AY9SMBAC3FWH0EN358MB,1788893210414,NA,2
01M21534PRSVF2BZSKT8AK3K68,01M20X13PNQ3DCXFM6ND825C25,training,19,1,8,48,12,9,/tangrams/144_129.png,B3,"[""/tangrams/49_129.png"",""/tangrams/39_34.png"",""/tangrams/144_129.png"",""/tangrams/144_181.png""]","[""D3"",""C2"",""B3"",""B1""]",/tangrams/144_129.png,TRUE,/tangrams/144_129.png,01M214JN3YRRY4RAVQ10A1MK5E,01M214P0SMCPMD4G6CRK6QKHYR,1788894413998,NA,2
01M215B12536K35NJ0ENAD70JQ,01M20X13PPQ56SF2D1TXYZ1GT1,training,10,0,11,48,12,8,/tangrams/353_436.png,B1,"[""/tangrams/265_219.png"",""/tangrams/192_235.png"",""/tangrams/353_436.png"",""/tangrams/368_444.png""]","[""C2"",""D3"",""B1"",""A4""]",/tangrams/353_436.png,TRUE,/tangrams/353_436.png,01M2155RV91S7EYVKS22CN3J6W,01M21549E1T7PGG1H0FCWWP74Z,1788894614692,NA,1
01M215BMDGB8JW650CHGSE5P70,01M20X148Y8KBRQFNJTS9AKRW4,training,34,2,11,48,12,9,/tangrams/39_181.png,C1,"[""/tangrams/144_129.png"",""/tangrams/130_469.png"",""/tangrams/39_181.png"",""/tangrams/49_34.png""]","[""B3"",""A4"",""C1"",""D2""]",/tangrams/39_181.png,TRUE,/tangrams/39_181.png,01M2154JXMHS9BTWF8FWDE7774,01M21546HN9E95PWNR6ZWTAMM2,1788895135571,NA,3
01M215BMJC9CKFA6XVGF6Z0D10,01M20X148Y8KBRQFNJTS9AKRW4,training,25,2,2,48,12,9,/tangrams/144_469.png,B4,"[""/tangrams/130_129.png"",""/tangrams/144_469.png"",""/tangrams/39_181.png"",""/tangrams/49_34.png""]","[""A3"",""B4"",""C1"",""D2""]",/tangrams/144_469.png,TRUE,/tangrams/144_469.png,01M21546HN9E95PWNR6ZWTAMM2,01M2154JXMHS9BTWF8FWDE7774,1788894882683,NA,3
01M215GGB5K1H0404VCMR3KG4E,01M20X14TPRK3E5KMRXWZZW19Q,training,30,2,7,48,12,9,/tangrams/144_34.png,B2,"[""/tangrams/436_72.png"",""/tangrams/39_129.png"",""/tangrams/144_34.png"",""/tangrams/133_40.png""]","[""F7"",""C3"",""B2"",""F8""]",/tangrams/144_34.png,TRUE,/tangrams/144_34.png,01M214C4QNBNJ9JQSE7YJ5TDCV,01M214B7NK5TMY7WTYY3DVP911,1788895222565,NA,3
01M215HBW6PT1C05698DD1JEW5,01M20X16AD7EKSEGH5WBVM39Q0,training,41,3,6,48,12,11,/tangrams/316_345.png,A4,"[""/tangrams/316_345.png"",""/tangrams/296_392.png"",""/tangrams/293_156.png"",""/tangrams/455_227.png""]","[""A4"",""C2"",""B1"",""D3""]",/tangrams/316_345.png,TRUE,/tangrams/316_345.png,01M2153SDRH4EZ5F2YRG65W4Z9,01M2155PH51FH1Y7QSBY0YCPQ8,1788895598959,NA,4
01M215N2FKKDTXXPK9PPPFM28J,01M215K2BSVQ6X8DX5GH1YZX6B,training,7,0,8,48,12,12,/tangrams/161_275.png,C4,"[""/tangrams/161_275.png"",""/tangrams/137_213.png"",""/tangrams/244_345.png"",""/tangrams/72_312.png""]","[""C4"",""D3"",""B1"",""A2""]",/tangrams/161_275.png,TRUE,/tangrams/161_275.png,01M2157YJ34JPNQ0ZE6DJJD3G3,01M2159JAWAFEZB1KH9W5K5DTC,1788894936563,NA,1
01M20YKRXR53FM6QFTXMY8B8SX,01M20WZK5AY7SPG9YB2GY60XCH,training,0,0,1,48,12,8,/tangrams/192_436.png,D1,"[""/tangrams/353_235.png"",""/tangrams/265_219.png"",""/tangrams/368_444.png"",""/tangrams/192_436.png""]","[""B3"",""C2"",""A4"",""D1""]",NA,FALSE,NA,01M20YEZPY4YD17Q43C82WMQ6Y,01M20YD36D9GBWB9F2CSWYDDZG,NA,NA,1
01M20Z96KA1T1WZ9NNKY2W7XXG,01M20X11N92ZFWXFVKY2CVEME8,training,21,1,10,48,12,9,/tangrams/130_129.png,A3,"[""/tangrams/49_34.png"",""/tangrams/130_129.png"",""/tangrams/144_469.png"",""/tangrams/39_181.png""]","[""D2"",""A3"",""B4"",""C1""]",NA,NA,NA,NA,NA,NA,NA,2
01M215B158DKX51CCW4CP464GS,01M20X13PPQ56SF2D1TXYZ1GT1,training,44,3,9,48,12,8,/tangrams/192_219.png,D2,"[""/tangrams/265_444.png"",""/tangrams/192_219.png"",""/tangrams/353_436.png"",""/tangrams/368_235.png""]","[""C4"",""D2"",""B1"",""A3""]",/tangrams/192_219.png,TRUE,/tangrams/192_219.png,01M2155RV91S7EYVKS22CN3J6W,01M21549E1T7PGG1H0FCWWP74Z,1788895321321,NA,4
01M215CZVDE08AZT2Z0HHANN9E,01M20X14TW6FQW067YRK6RNDKN,training,19,1,8,48,12,9,/tangrams/144_181.png,B1,"[""/tangrams/144_181.png"",""/tangrams/130_129.png"",""/tangrams/49_34.png"",""/tangrams/39_469.png""]","[""B1"",""A3"",""D2"",""C4""]",/tangrams/144_181.png,TRUE,/tangrams/144_181.png,01M2154QPBTEQ4FE8D65KC2SJY,01M2156K7QTNRYHY4BTF9XK016,1788894438449,NA,2
01M215GFRT5NBEW4KZ28RH97XV,01M20X14TPRK3E5KMRXWZZW19Q,training,39,3,4,48,12,9,/tangrams/144_34.png,B2,"[""/tangrams/39_129.png"",""/tangrams/133_40.png"",""/tangrams/144_34.png"",""/tangrams/364_46.png""]","[""C3"",""F8"",""B2"",""F1""]",/tangrams/144_34.png,TRUE,/tangrams/144_34.png,01M214B7NK5TMY7WTYY3DVP911,01M214C4QNBNJ9JQSE7YJ5TDCV,1788895431502,NA,4
01M215M16G6YR8CSKYY8FKQG7D,01M215K1RCENCVM87G4759AF5H,training,40,3,5,48,12,12,/tangrams/72_213.png,A3,"[""/tangrams/161_275.png"",""/tangrams/244_345.png"",""/tangrams/137_312.png"",""/tangrams/72_213.png""]","[""C4"",""B1"",""D2"",""A3""]",/tangrams/72_213.png,TRUE,/tangrams/72_213.png,01M215AVP11B8QPDVCJRC6C334,01M21569Y0RK1B1KAXYKBVZA95,1788895353070,NA,4
01M214QP4R59CK145KVZPKHCYE,01M20X11N8F7DPTR5329TXEJ69,training,25,2,2,48,12,8,/tangrams/353_235.png,B3,"[""/tangrams/353_235.png"",""/tangrams/368_235.png"",""/tangrams/353_444.png"",""/tangrams/192_436.png""]","[""B3"",""A3"",""B4"",""D1""]",NA,NA,NA,NA,NA,NA,NA,3
01M215EH071SMXKAMR3MXE07XA,01M20X15T7F67D04XT463JKFRX,training,25,2,2,48,12,10,/tangrams/382_112.png,D3,"[""/tangrams/411_463.png"",""/tangrams/18_107.png"",""/tangrams/382_112.png"",""/tangrams/62_364.png""]","[""B1"",""A4"",""D3"",""C2""]",/tangrams/382_112.png,TRUE,/tangrams/382_112.png,01M2154MFSP4VTTH1ZQNHW7C0J,01M21557T3YDBSX3GT1DB1X6ZD,1788894188301,NA,3
01M215HHP5D4FWJYBBBW4N7ETY,01M20X148Y8KBRQFNJT9HAMJT5,training,33,2,10,48,12,10,/tangrams/382_364.png,D2,"[""/tangrams/382_463.png"",""/tangrams/382_364.png"",""/tangrams/62_364.png"",""/tangrams/411_112.png""]","[""D1"",""D2"",""C2"",""B3""]",/tangrams/382_463.png,FALSE,/tangrams/382_463.png,01M214DZ3N8JPJ1Z6KSP8PYNZQ,01M214PMGV2W0E0MG6FCTN05EB,1788896433534,NA,3
01M215HJSRERC501ZEVE3ZZN7H,01M20X148Y8KBRQFNJT9HAMJT5,training,8,0,9,48,12,10,/tangrams/382_463.png,D1,"[""/tangrams/382_364.png"",""/tangrams/18_112.png"",""/tangrams/382_463.png"",""/tangrams/411_463.png""]","[""D2"",""A3"",""D1"",""B1""]",NA,FALSE,NA,01M214PMGV2W0E0MG6FCTN05EB,01M214DZ3N8JPJ1Z6KSP8PYNZQ,NA,NA,1
01M215PN6GRKXS3ZP4HH6DR77Y,01M215M9N7M1Y02J02DK7JKTQA,training,36,3,1,48,12,13,/tangrams/403_164.png,D3,"[""/tangrams/113_63.png"",""/tangrams/66_335.png"",""/tangrams/42_142.png"",""/tangrams/403_164.png""]","[""C4"",""A2"",""B1"",""D3""]",NA,NA,NA,NA,NA,NA,NA,4
01M20Z96HBTB58PBG19KBTRR0P,01M20X11N92ZFWXFVKY2CVEME8,training,28,2,5,48,12,9,/tangrams/130_469.png,A4,"[""/tangrams/144_181.png"",""/tangrams/130_469.png"",""/tangrams/49_129.png"",""/tangrams/39_34.png""]","[""B1"",""A4"",""D3"",""C2""]",NA,NA,NA,NA,NA,NA,NA,3
01M214ZFTC5A8FXYG2S72T2NT7,01M20X12WDNRHQCMYC0R9VEVHQ,training,24,2,1,48,12,9,/tangrams/39_469.png,C4,"[""/tangrams/39_181.png"",""/tangrams/49_34.png"",""/tangrams/39_469.png"",""/tangrams/130_469.png""]","[""C1"",""D2"",""C4"",""A4""]",NA,NA,NA,NA,NA,NA,NA,3
01M215B0YWQ17SQSRG260QR0ER,01M20X13PPQ56SF2D1TXYZ1GT1,training,16,1,5,48,12,8,/tangrams/265_436.png,C1,"[""/tangrams/368_219.png"",""/tangrams/353_444.png"",""/tangrams/192_235.png"",""/tangrams/265_436.png""]","[""A2"",""B4"",""D3"",""C1""]",/tangrams/265_436.png,TRUE,/tangrams/265_436.png,01M2155RV91S7EYVKS22CN3J6W,01M21549E1T7PGG1H0FCWWP74Z,1788894763056,NA,2
01M215BMK2CFE17QTH33P88ZC7,01M20X148Y8KBRQFNJTS9AKRW4,training,24,2,1,48,12,9,/tangrams/144_181.png,B1,"[""/tangrams/49_34.png"",""/tangrams/144_181.png"",""/tangrams/130_129.png"",""/tangrams/39_469.png""]","[""D2"",""B1"",""A3"",""C4""]",/tangrams/144_181.png,TRUE,/tangrams/144_181.png,01M2154JXMHS9BTWF8FWDE7774,01M21546HN9E95PWNR6ZWTAMM2,1788894845341,NA,3
01M215GFKDPK22V9GZ5ZEN58FA,01M20X14TPRK3E5KMRXWZZW19Q,training,0,0,1,48,12,9,/tangrams/436_72.png,F7,"[""/tangrams/436_72.png"",""/tangrams/49_469.png"",""/tangrams/89_182.png"",""/tangrams/130_181.png""]","[""F7"",""D4"",""F5"",""A1""]",NA,FALSE,NA,01M214C4QNBNJ9JQSE7YJ5TDCV,01M214B7NK5TMY7WTYY3DVP911,NA,NA,1
01M215N3VARRMGEQDGNNPHHG9B,01M215K2BSVQ6X8DX5GH1YZX6B,training,37,3,2,48,12,12,/tangrams/72_275.png,A4,"[""/tangrams/161_312.png"",""/tangrams/137_213.png"",""/tangrams/244_345.png"",""/tangrams/72_275.png""]","[""C2"",""D3"",""B1"",""A4""]",/tangrams/72_275.png,TRUE,/tangrams/72_275.png,01M2157YJ34JPNQ0ZE6DJJD3G3,01M2159JAWAFEZB1KH9W5K5DTC,1788895722998,NA,4
01M215Z2B6V5EBAYFFPNMJQ65C,01M20X14TTKZWGB70XGMAFRR2H,training,5,0,6,48,12,8,/tangrams/368_219.png,A2,"[""/tangrams/368_219.png"",""/tangrams/192_436.png"",""/tangrams/265_219.png"",""/tangrams/368_235.png""]","[""A2"",""D1"",""C2"",""A3""]",/tangrams/368_219.png,TRUE,/tangrams/368_219.png,01M215F66CRM1GV0R6SDQ69WCM,01M215FK0ZT4PGXXVV13WRHJPB,1788895251512,NA,1
01M214QK4FV5B4ZFCXE4ZVHC8M,01M20X0YW742ZY2EX5FCQ61EFA,training,33,2,10,48,12,8,/tangrams/192_235.png,D3,"[""/tangrams/368_235.png"",""/tangrams/192_436.png"",""/tangrams/353_444.png"",""/tangrams/192_235.png""]","[""A3"",""D1"",""B4"",""D3""]",NA,NA,NA,NA,NA,NA,NA,3
01M214QNZR2J275K3MQKQ6J8BH,01M20X11N8F7DPTR5329TXEJ69,training,42,3,7,48,12,8,/tangrams/353_436.png,B1,"[""/tangrams/353_436.png"",""/tangrams/192_436.png"",""/tangrams/368_219.png"",""/tangrams/353_235.png""]","[""B1"",""D1"",""A2"",""B3""]",NA,NA,NA,NA,NA,NA,NA,4
01M215K2Q1AXCH4DG75K91V4X8,01M20X175HY3CRCTEMGHN0JEQ3,training,3,0,4,48,12,11,/tangrams/293_227.png,B3,"[""/tangrams/296_156.png"",""/tangrams/293_227.png"",""/tangrams/316_345.png"",""/tangrams/455_392.png""]","[""C1"",""B3"",""A4"",""D2""]",/tangrams/293_227.png,TRUE,/tangrams/293_227.png,01M2154HBQMMKX5AJ9BGZ61E13,01M2154P1EJW4QYGH77ZY8V300,1788893906232,NA,1
01M215N3ZE4S0MV5QG0JNY0Z6E,01M215K2BSVQ6X8DX5GH1YZX6B,training,40,3,5,48,12,12,/tangrams/161_345.png,C1,"[""/tangrams/244_213.png"",""/tangrams/72_275.png"",""/tangrams/161_345.png"",""/tangrams/137_312.png""]","[""B3"",""A4"",""C1"",""D2""]",/tangrams/161_345.png,TRUE,/tangrams/161_345.png,01M2159JAWAFEZB1KH9W5K5DTC,01M2157YJ34JPNQ0ZE6DJJD3G3,1788895791675,NA,4
01M20XZDAFA6THT3H5G8MA92T7,01M20WZK596SFHM9YDB6TD7NK1,training,9,0,10,48,12,6,/tangrams/445_437.png,D2,"[""/tangrams/275_153.png"",""/tangrams/445_324.png"",""/tangrams/445_437.png"",""/tangrams/4_437.png""]","[""A4"",""D3"",""D2"",""C2""]",/tangrams/445_437.png,TRUE,/tangrams/445_437.png,01M20X6CEXP7W9NTPEWK7QNX8Z,01M20XSN3R16DSBXVRQKQSS665,1788886346428,NA,1
01M20YKS6YKZVTVZTA89FV3ZF0,01M20WZK5AY7SPG9YB2GY60XCH,training,32,2,9,48,12,8,/tangrams/368_444.png,A4,"[""/tangrams/192_219.png"",""/tangrams/265_436.png"",""/tangrams/353_235.png"",""/tangrams/368_444.png""]","[""D2"",""C1"",""B3"",""A4""]",NA,NA,NA,NA,NA,NA,NA,3
01M20YKS73CYGN6WK7HDSQAXG8,01M20WZK5AY7SPG9YB2GY60XCH,training,36,3,1,48,12,8,/tangrams/368_235.png,A3,"[""/tangrams/353_436.png"",""/tangrams/192_219.png"",""/tangrams/265_444.png"",""/tangrams/368_235.png""]","[""B1"",""D2"",""C4"",""A3""]",NA,NA,NA,NA,NA,NA,NA,4
01M214ZFVHEY4RWATBBM2FJJ9F,01M20X12WDNRHQCMYC0R9VEVHQ,training,13,1,2,48,12,9,/tangrams/144_469.png,B4,"[""/tangrams/144_469.png"",""/tangrams/130_469.png"",""/tangrams/144_181.png"",""/tangrams/39_34.png""]","[""B4"",""A4"",""B1"",""C2""]",NA,NA,NA,NA,NA,NA,NA,2
01M215DMJBSRDV4W259N2J56C7,01M20X15BBYTN3YPSFQGJ5ZXF5,training,1,0,2,48,12,10,/tangrams/18_107.png,A4,"[""/tangrams/62_364.png"",""/tangrams/18_107.png"",""/tangrams/411_463.png"",""/tangrams/382_112.png""]","[""C2"",""A4"",""B1"",""D3""]",NA,FALSE,NA,01M21552Z3FC5ZE6SYNEHHVAW4,01M21567THKMHSR683ZH4K0TNA,NA,NA,1
01M215HB82DV4K7WD8E4N0CE9V,01M20X16AD7EKSEGH5WBVM39Q0,training,17,1,6,48,12,11,/tangrams/316_227.png,A3,"[""/tangrams/455_392.png"",""/tangrams/296_345.png"",""/tangrams/316_227.png"",""/tangrams/293_156.png""]","[""D2"",""C4"",""A3"",""B1""]",/tangrams/455_392.png,FALSE,/tangrams/455_392.png,01M2153SDRH4EZ5F2YRG65W4Z9,01M2155PH51FH1Y7QSBY0YCPQ8,1788894930717,NA,2
01M215N3MSNRGP7ZX5ZX487FQ0,01M215K2BSVQ6X8DX5GH1YZX6B,training,31,2,8,48,12,12,/tangrams/137_312.png,D2,"[""/tangrams/161_275.png"",""/tangrams/244_345.png"",""/tangrams/137_312.png"",""/tangrams/72_213.png""]","[""C4"",""B1"",""D2"",""A3""]",/tangrams/137_312.png,TRUE,/tangrams/137_312.png,01M2157YJ34JPNQ0ZE6DJJD3G3,01M2159JAWAFEZB1KH9W5K5DTC,1788895598882,NA,3
01M214JDANRFJN6RZWRYAVTMVB,01M20X0YW4S4FB44B5GCQBDAXT,training,5,0,6,48,12,9,/tangrams/130_181.png,A1,"[""/tangrams/130_181.png"",""/tangrams/144_34.png"",""/tangrams/425_194.png"",""/tangrams/39_129.png""]","[""A1"",""B2"",""F2"",""C3""]",NA,NA,NA,NA,NA,NA,NA,1
01M21534F3MYVTW9Y53464JWHA,01M20X13PNQ3DCXFM6ND825C25,training,44,3,9,48,12,9,/tangrams/49_34.png,D2,"[""/tangrams/49_34.png"",""/tangrams/130_34.png"",""/tangrams/49_129.png"",""/tangrams/39_469.png""]","[""D2"",""A2"",""D3"",""C4""]",/tangrams/49_34.png,TRUE,/tangrams/49_34.png,01M214P0SMCPMD4G6CRK6QKHYR,01M214JN3YRRY4RAVQ10A1MK5E,1788895705817,NA,4
01M215N487P6QHPEM4MZBKE9B4,01M215K2BSVQ6X8DX5GH1YZX6B,training,27,2,4,48,12,12,/tangrams/161_275.png,C4,"[""/tangrams/137_312.png"",""/tangrams/244_345.png"",""/tangrams/72_213.png"",""/tangrams/161_275.png""]","[""D2"",""B1"",""A3"",""C4""]",/tangrams/161_275.png,TRUE,/tangrams/161_275.png,01M2157YJ34JPNQ0ZE6DJJD3G3,01M2159JAWAFEZB1KH9W5K5DTC,1788895504119,NA,3
01M20XZDBS11BEX7FAWH0JT5N4,01M20WZK596SFHM9YDB6TD7NK1,training,5,0,6,48,12,6,/tangrams/4_153.png,C4,"[""/tangrams/4_153.png"",""/tangrams/4_264.png"",""/tangrams/445_437.png"",""/tangrams/81_153.png""]","[""C4"",""C1"",""D2"",""B4""]",/tangrams/4_264.png,FALSE,/tangrams/4_264.png,01M20X6CEXP7W9NTPEWK7QNX8Z,01M20XSN3R16DSBXVRQKQSS665,1788886176791,NA,1
01M214QK9E7M00C36B7JF8D9E9,01M20X0YW742ZY2EX5FCQ61EFA,training,14,1,3,48,12,8,/tangrams/368_219.png,A2,"[""/tangrams/265_219.png"",""/tangrams/368_444.png"",""/tangrams/368_219.png"",""/tangrams/192_436.png""]","[""C2"",""A4"",""A2"",""D1""]",NA,NA,NA,NA,NA,NA,NA,2
01M214QP5T7K9QQ757XMA5VPK2,01M20X11N8F7DPTR5329TXEJ69,training,11,0,12,48,12,8,/tangrams/353_436.png,B1,"[""/tangrams/353_436.png"",""/tangrams/353_444.png"",""/tangrams/265_436.png"",""/tangrams/368_235.png""]","[""B1"",""B4"",""C1"",""A3""]",NA,NA,NA,NA,NA,NA,NA,1
01M215K2QYBV5MERJBV615NEA7,01M20X175HY3CRCTEMGHN0JEQ3,training,4,0,5,48,12,11,/tangrams/316_392.png,A2,"[""/tangrams/455_227.png"",""/tangrams/296_156.png"",""/tangrams/316_392.png"",""/tangrams/293_345.png""]","[""D3"",""C1"",""A2"",""B4""]",/tangrams/316_392.png,TRUE,/tangrams/316_392.png,01M2154P1EJW4QYGH77ZY8V300,01M2154HBQMMKX5AJ9BGZ61E13,1788893944807,NA,1
01M215Z31ZM1SWR7M985PPQVD7,01M20X14TTKZWGB70XGMAFRR2H,training,25,2,2,48,12,8,/tangrams/192_219.png,D2,"[""/tangrams/368_444.png"",""/tangrams/192_219.png"",""/tangrams/192_436.png"",""/tangrams/265_219.png""]","[""A4"",""D2"",""D1"",""C2""]",/tangrams/192_219.png,TRUE,/tangrams/192_219.png,01M215F66CRM1GV0R6SDQ69WCM,01M215FK0ZT4PGXXVV13WRHJPB,1788896269983,NA,3
01M214YWTPFNKKW8RVX9VZTJ05,01M20X148VH9T6HPBHADHZGVW4,training,47,3,12,48,12,11,/tangrams/296_227.png,C3,"[""/tangrams/321_431.png"",""/tangrams/232_52.png"",""/tangrams/241_194.png"",""/tangrams/296_227.png""]","[""F4"",""F1"",""F8"",""C3""]",/tangrams/296_227.png,TRUE,/tangrams/296_227.png,01M214CEQK5BQH1Z1J11PQVC16,01M214D5P3NXWG18WF1J3F1VFS,1788894716504,NA,4
01M215AAG9C4AD5KQAD542SKGY,01M20X12WE7PPHA7JSTZZ2E6FT,training,13,1,2,48,12,8,/tangrams/265_219.png,C2,"[""/tangrams/192_436.png"",""/tangrams/368_444.png"",""/tangrams/353_235.png"",""/tangrams/265_219.png""]","[""D1"",""A4"",""B3"",""C2""]",/tangrams/265_219.png,TRUE,/tangrams/265_219.png,01M2154MN76WHSRHJG8SAKSTFM,01M2154T01JJAXZD005VWMS05B,1788894185832,NA,2
01M215HB4P4840428NBEWNXH47,01M20X16AD7EKSEGH5WBVM39Q0,training,14,1,3,48,12,11,/tangrams/293_345.png,B4,"[""/tangrams/296_156.png"",""/tangrams/316_227.png"",""/tangrams/455_392.png"",""/tangrams/293_345.png""]","[""C1"",""A3"",""D2"",""B4""]",/tangrams/293_345.png,TRUE,/tangrams/293_345.png,01M2155PH51FH1Y7QSBY0YCPQ8,01M2153SDRH4EZ5F2YRG65W4Z9,1788894796527,NA,2
01M20XZD85Z6RR6HTRABAQW9RW,01M20WZK596SFHM9YDB6TD7NK1,training,1,0,2,48,12,6,/tangrams/275_324.png,A3,"[""/tangrams/81_324.png"",""/tangrams/4_264.png"",""/tangrams/275_437.png"",""/tangrams/275_324.png""]","[""B3"",""C1"",""A2"",""A3""]",/tangrams/275_324.png,TRUE,/tangrams/275_324.png,01M20X6CEXP7W9NTPEWK7QNX8Z,01M20XSN3R16DSBXVRQKQSS665,1788886024474,NA,1
01M214ZFWABZ5046ADHR7C95H9,01M20X12WDNRHQCMYC0R9VEVHQ,training,12,1,1,48,12,9,/tangrams/130_469.png,A4,"[""/tangrams/39_469.png"",""/tangrams/130_34.png"",""/tangrams/130_469.png"",""/tangrams/144_181.png""]","[""C4"",""A2"",""A4"",""B1""]",NA,NA,NA,NA,NA,NA,NA,2
01M215HBD9HVGTY0RQ350PJJJX,01M20X16AD7EKSEGH5WBVM39Q0,training,24,2,1,48,12,11,/tangrams/316_345.png,A4,"[""/tangrams/293_227.png"",""/tangrams/316_345.png"",""/tangrams/455_392.png"",""/tangrams/296_156.png""]","[""B3"",""A4"",""D2"",""C1""]",/tangrams/316_345.png,TRUE,/tangrams/316_345.png,01M2155PH51FH1Y7QSBY0YCPQ8,01M2153SDRH4EZ5F2YRG65W4Z9,1788895126057,NA,3
01M215HBE12R5G3ESGME4CXDGC,01M20X16AD7EKSEGH5WBVM39Q0,training,25,2,2,48,12,11,/tangrams/296_392.png,C2,"[""/tangrams/293_227.png"",""/tangrams/296_392.png"",""/tangrams/455_156.png"",""/tangrams/316_345.png""]","[""B3"",""C2"",""D1"",""A4""]",/tangrams/296_392.png,TRUE,/tangrams/296_392.png,01M2153SDRH4EZ5F2YRG65W4Z9,01M2155PH51FH1Y7QSBY0YCPQ8,1788895185801,NA,3
01M20YKS7F82ZD0B4F42SKJS2G,01M20WZK5AY7SPG9YB2GY60XCH,training,46,3,11,48,12,8,/tangrams/265_219.png,C2,"[""/tangrams/368_235.png"",""/tangrams/192_436.png"",""/tangrams/265_219.png"",""/tangrams/353_444.png""]","[""A3"",""D1"",""C2"",""B4""]",NA,NA,NA,NA,NA,NA,NA,4
01M20Z96M47YK3S6R88FRVTZWW,01M20X11N92ZFWXFVKY2CVEME8,training,45,3,10,48,12,9,/tangrams/130_469.png,A4,"[""/tangrams/49_129.png"",""/tangrams/144_181.png"",""/tangrams/39_34.png"",""/tangrams/130_469.png""]","[""D3"",""B1"",""C2"",""A4""]",NA,NA,NA,NA,NA,NA,NA,4
01M214JDJWC5ETSPHMWEEJ29YX,01M20X0YW4S4FB44B5GCQBDAXT,training,39,3,4,48,12,9,/tangrams/6_423.png,F3,"[""/tangrams/144_34.png"",""/tangrams/133_40.png"",""/tangrams/39_129.png"",""/tangrams/6_423.png""]","[""B2"",""F8"",""C3"",""F3""]",NA,NA,NA,NA,NA,NA,NA,4
01M215AAWNDH6DC5JFA39PX5R1,01M20X12WE7PPHA7JSTZZ2E6FT,training,40,3,5,48,12,8,/tangrams/192_235.png,D3,"[""/tangrams/353_436.png"",""/tangrams/192_235.png"",""/tangrams/368_444.png"",""/tangrams/265_219.png""]","[""B1"",""D3"",""A4"",""C2""]",/tangrams/192_235.png,TRUE,/tangrams/192_235.png,01M2154T01JJAXZD005VWMS05B,01M2154MN76WHSRHJG8SAKSTFM,1788894748666,NA,4
01M215BM8FW8K7P98JBRYMMPHW,01M20X148Y8KBRQFNJTS9AKRW4,training,44,3,9,48,12,9,/tangrams/39_34.png,C2,"[""/tangrams/49_181.png"",""/tangrams/130_129.png"",""/tangrams/144_469.png"",""/tangrams/39_34.png""]","[""D1"",""A3"",""B4"",""C2""]",/tangrams/39_34.png,TRUE,/tangrams/39_34.png,01M2154JXMHS9BTWF8FWDE7774,01M21546HN9E95PWNR6ZWTAMM2,1788895441042,NA,4
01M215HB1E4MPM9D34S3CKCS2H,01M20X16AD7EKSEGH5WBVM39Q0,training,10,0,11,48,12,11,/tangrams/296_156.png,C1,"[""/tangrams/296_156.png"",""/tangrams/293_345.png"",""/tangrams/455_392.png"",""/tangrams/316_227.png""]","[""C1"",""B4"",""D2"",""A3""]",/tangrams/296_156.png,TRUE,/tangrams/296_156.png,01M2155PH51FH1Y7QSBY0YCPQ8,01M2153SDRH4EZ5F2YRG65W4Z9,1788894653212,NA,1
01M215M10GCH6GF2NJGZSY4JEP,01M215K1RCENCVM87G4759AF5H,training,1,0,2,48,12,12,/tangrams/72_275.png,A4,"[""/tangrams/161_312.png"",""/tangrams/137_213.png"",""/tangrams/72_275.png"",""/tangrams/244_345.png""]","[""C2"",""D3"",""A4"",""B1""]",/tangrams/72_275.png,TRUE,/tangrams/72_275.png,01M21569Y0RK1B1KAXYKBVZA95,01M215AVP11B8QPDVCJRC6C334,1788894530969,NA,1
01M215N3QVFMA6W1WCE7NY3E2Y,01M215K2BSVQ6X8DX5GH1YZX6B,training,34,2,11,48,12,12,/tangrams/72_312.png,A2,"[""/tangrams/72_312.png"",""/tangrams/161_275.png"",""/tangrams/137_213.png"",""/tangrams/244_345.png""]","[""A2"",""C4"",""D3"",""B1""]",/tangrams/72_312.png,TRUE,/tangrams/72_312.png,01M2159JAWAFEZB1KH9W5K5DTC,01M2157YJ34JPNQ0ZE6DJJD3G3,1788895669478,NA,3
01M20XZDEZSE2VFYS4S9ZK9JJB,01M20WZK596SFHM9YDB6TD7NK1,training,22,1,11,48,12,6,/tangrams/445_264.png,D1,"[""/tangrams/81_264.png"",""/tangrams/445_264.png"",""/tangrams/445_324.png"",""/tangrams/4_437.png""]","[""B1"",""D1"",""D3"",""C2""]",/tangrams/445_264.png,TRUE,/tangrams/445_264.png,01M20XSN3R16DSBXVRQKQSS665,01M20X6CEXP7W9NTPEWK7QNX8Z,1788886810896,NA,2
01M20YSTV7MEN9X2AMD8ZMZJQ9,01M20X0YW80CVJTXB8KR0PJ9Z8,training,6,0,7,48,12,8,/tangrams/353_436.png,B1,"[""/tangrams/368_219.png"",""/tangrams/192_235.png"",""/tangrams/265_444.png"",""/tangrams/353_436.png""]","[""A2"",""D3"",""C4"",""B1""]",NA,NA,NA,NA,NA,NA,NA,1
01M214KY06XJA8Q974PEWD8RTW,01M20X12WH32MX7V56M1SN262T,training,3,0,4,48,12,10,/tangrams/411_364.png,B2,"[""/tangrams/411_364.png"",""/tangrams/62_112.png"",""/tangrams/382_107.png"",""/tangrams/405_327.png""]","[""B2"",""C3"",""D4"",""F1""]",/tangrams/411_364.png,TRUE,/tangrams/411_364.png,01M214AY9SMBAC3FWH0EN358MB,01M214C29BTAAYH03KHSYPYBMR,1788892769419,NA,1
01M21534CS9QB8FJ22VVYN48EH,01M20X13PNQ3DCXFM6ND825C25,training,30,2,7,48,12,9,/tangrams/144_469.png,B4,"[""/tangrams/144_181.png"",""/tangrams/144_469.png"",""/tangrams/39_469.png"",""/tangrams/130_34.png""]","[""B1"",""B4"",""C4"",""A2""]",/tangrams/144_469.png,TRUE,/tangrams/144_469.png,01M214P0SMCPMD4G6CRK6QKHYR,01M214JN3YRRY4RAVQ10A1MK5E,1788895039626,NA,3
01M215D07RMRVN9FJRWE0YENBN,01M20X14TW6FQW067YRK6RNDKN,training,37,3,2,48,12,9,/tangrams/39_34.png,C2,"[""/tangrams/39_34.png"",""/tangrams/130_469.png"",""/tangrams/144_129.png"",""/tangrams/49_181.png""]","[""C2"",""A4"",""B3"",""D1""]",/tangrams/39_34.png,TRUE,/tangrams/39_34.png,01M2154QPBTEQ4FE8D65KC2SJY,01M2156K7QTNRYHY4BTF9XK016,1788894962124,NA,4
01M214JDBY4SCE1YX0EEDXMGM2,01M20X0YW4S4FB44B5GCQBDAXT,training,21,1,10,48,12,9,/tangrams/364_46.png,F1,"[""/tangrams/436_72.png"",""/tangrams/6_423.png"",""/tangrams/364_46.png"",""/tangrams/425_194.png""]","[""F7"",""F3"",""F1"",""F2""]",NA,NA,NA,NA,NA,NA,NA,2
01M21534AHPJ7J4TTWDAZSQ4MX,01M20X13PNQ3DCXFM6ND825C25,training,37,3,2,48,12,9,/tangrams/39_181.png,C1,"[""/tangrams/130_469.png"",""/tangrams/39_34.png"",""/tangrams/39_181.png"",""/tangrams/49_181.png""]","[""A4"",""C2"",""C1"",""D1""]",/tangrams/39_181.png,TRUE,/tangrams/39_181.png,01M214JN3YRRY4RAVQ10A1MK5E,01M214P0SMCPMD4G6CRK6QKHYR,1788895382543,NA,4
01M21534XKTCBHECPZVC18D4M5,01M20X13PNQ3DCXFM6ND825C25,training,6,0,7,48,12,9,/tangrams/144_129.png,B3,"[""/tangrams/49_129.png"",""/tangrams/144_129.png"",""/tangrams/39_469.png"",""/tangrams/144_181.png""]","[""D3"",""B3"",""C4"",""B1""]",/tangrams/49_129.png,FALSE,/tangrams/49_129.png,01M214P0SMCPMD4G6CRK6QKHYR,01M214JN3YRRY4RAVQ10A1MK5E,1788893819753,NA,1
01M215HB2W7B9DE9KR4MSPXQKR,01M20X16AD7EKSEGH5WBVM39Q0,training,12,1,1,48,12,11,/tangrams/316_392.png,A2,"[""/tangrams/296_345.png"",""/tangrams/455_227.png"",""/tangrams/293_156.png"",""/tangrams/316_392.png""]","[""C4"",""D3"",""B1"",""A2""]",/tangrams/316_392.png,TRUE,/tangrams/316_392.png,01M2155PH51FH1Y7QSBY0YCPQ8,01M2153SDRH4EZ5F2YRG65W4Z9,1788894711102,NA,2
01M215HHYNHVPT7HVW1VPPRXH5,01M20X148Y8KBRQFNJT9HAMJT5,training,27,2,4,48,12,10,/tangrams/18_112.png,A3,"[""/tangrams/382_463.png"",""/tangrams/18_364.png"",""/tangrams/411_112.png"",""/tangrams/18_112.png""]","[""D1"",""A2"",""B3"",""A3""]",/tangrams/382_463.png,FALSE,/tangrams/382_463.png,01M214DZ3N8JPJ1Z6KSP8PYNZQ,01M214PMGV2W0E0MG6FCTN05EB,1788896112993,NA,3
01M20YKS75ZEK79HYK406GGYRK,01M20WZK5AY7SPG9YB2GY60XCH,training,38,3,3,48,12,8,/tangrams/192_235.png,D3,"[""/tangrams/192_235.png"",""/tangrams/368_219.png"",""/tangrams/265_436.png"",""/tangrams/353_444.png""]","[""D3"",""A2"",""C1"",""B4""]",NA,NA,NA,NA,NA,NA,NA,4
01M214JD8GK75XWMJ7TBPYZM54,01M20X0YW4S4FB44B5GCQBDAXT,training,18,1,7,48,12,9,/tangrams/49_469.png,D4,"[""/tangrams/425_194.png"",""/tangrams/49_469.png"",""/tangrams/144_34.png"",""/tangrams/455_435.png""]","[""F2"",""D4"",""B2"",""F4""]",NA,NA,NA,NA,NA,NA,NA,2
01M214NB4WMND10ZHJKHMJRQQA,01M20X13PJV655EHMJRF5XR4PG,training,20,1,9,48,12,10,/tangrams/284_245.png,F7,"[""/tangrams/180_425.png"",""/tangrams/62_112.png"",""/tangrams/415_23.png"",""/tangrams/284_245.png""]","[""F5"",""C3"",""F4"",""F7""]",NA,FALSE,NA,01M214E3AZ6Y0RHEASN5NQEEJN,01M214C6Z85CZDH1N1HARPXC77,NA,NA,2
01M214NB5J4JG929GJXTJ5CB1E,01M20X13PJV655EHMJRF5XR4PG,training,46,3,11,48,12,10,/tangrams/315_224.png,F6,"[""/tangrams/405_327.png"",""/tangrams/315_224.png"",""/tangrams/62_112.png"",""/tangrams/18_463.png""]","[""F1"",""F6"",""C3"",""A1""]",NA,NA,NA,NA,NA,NA,NA,4
01M214NB5VA0CNVPCG1TSXGST6,01M20X13PJV655EHMJRF5XR4PG,training,5,0,6,48,12,10,/tangrams/316_89.png,F3,"[""/tangrams/62_112.png"",""/tangrams/415_23.png"",""/tangrams/316_89.png"",""/tangrams/405_327.png""]","[""C3"",""F4"",""F3"",""F1""]",/tangrams/316_89.png,TRUE,/tangrams/316_89.png,01M214C6Z85CZDH1N1HARPXC77,01M214E3AZ6Y0RHEASN5NQEEJN,1788892853817,NA,1
01M214NB7M7ZA8GH9NDEZYCBJS,01M20X13PJV655EHMJRF5XR4PG,training,38,3,3,48,12,10,/tangrams/180_425.png,F5,"[""/tangrams/180_425.png"",""/tangrams/62_112.png"",""/tangrams/316_89.png"",""/tangrams/411_364.png""]","[""F5"",""C3"",""F3"",""B2""]",NA,NA,NA,NA,NA,NA,NA,4
01M215B0PZ2E3EY1M9SM8N5YMY,01M20X13PPQ56SF2D1TXYZ1GT1,training,7,0,8,48,12,8,/tangrams/368_219.png,A2,"[""/tangrams/353_436.png"",""/tangrams/368_219.png"",""/tangrams/192_235.png"",""/tangrams/265_444.png""]","[""B1"",""A2"",""D3"",""C4""]",/tangrams/368_219.png,TRUE,/tangrams/368_219.png,01M21549E1T7PGG1H0FCWWP74Z,01M2155RV91S7EYVKS22CN3J6W,1788894512418,NA,1
01M215B1AYGRSCSP2J18GAWNB6,01M20X13PPQ56SF2D1TXYZ1GT1,training,34,2,11,48,12,8,/tangrams/368_444.png,A4,"[""/tangrams/192_235.png"",""/tangrams/265_219.png"",""/tangrams/353_436.png"",""/tangrams/368_444.png""]","[""D3"",""C2"",""B1"",""A4""]",/tangrams/368_444.png,TRUE,/tangrams/368_444.png,01M2155RV91S7EYVKS22CN3J6W,01M21549E1T7PGG1H0FCWWP74Z,1788895144722,NA,3
01M215CZK6R9X1VJHQNJAT5DY3,01M20X14TW6FQW067YRK6RNDKN,training,6,0,7,48,12,9,/tangrams/49_181.png,D1,"[""/tangrams/130_129.png"",""/tangrams/49_181.png"",""/tangrams/39_34.png"",""/tangrams/144_469.png""]","[""A3"",""D1"",""C2"",""B4""]",/tangrams/49_181.png,TRUE,/tangrams/49_181.png,01M2156K7QTNRYHY4BTF9XK016,01M2154QPBTEQ4FE8D65KC2SJY,1788893975991,NA,1
01M215EGZHRRA2NZ296M9DFRC6,01M20X15T7F67D04XT463JKFRX,training,26,2,3,48,12,10,/tangrams/411_463.png,B1,"[""/tangrams/382_364.png"",""/tangrams/62_107.png"",""/tangrams/18_112.png"",""/tangrams/411_463.png""]","[""D2"",""C4"",""A3"",""B1""]",/tangrams/411_463.png,TRUE,/tangrams/411_463.png,01M21557T3YDBSX3GT1DB1X6ZD,01M2154MFSP4VTTH1ZQNHW7C0J,1788894218394,NA,3
01M215K339E8NG6HMQFPH3EZTJ,01M20X175HY3CRCTEMGHN0JEQ3,training,14,1,3,48,12,11,/tangrams/316_227.png,A3,"[""/tangrams/293_345.png"",""/tangrams/296_156.png"",""/tangrams/455_392.png"",""/tangrams/316_227.png""]","[""B4"",""C1"",""D2"",""A3""]",/tangrams/316_227.png,TRUE,/tangrams/316_227.png,01M2154P1EJW4QYGH77ZY8V300,01M2154HBQMMKX5AJ9BGZ61E13,1788894217653,NA,2
01M215K34H1YCYWTQNAYCFKPNG,01M20X175HY3CRCTEMGHN0JEQ3,training,15,1,4,48,12,11,/tangrams/455_227.png,D3,"[""/tangrams/293_156.png"",""/tangrams/455_227.png"",""/tangrams/296_392.png"",""/tangrams/316_345.png""]","[""B1"",""D3"",""C2"",""A4""]",/tangrams/455_227.png,TRUE,/tangrams/455_227.png,01M2154HBQMMKX5AJ9BGZ61E13,01M2154P1EJW4QYGH77ZY8V300,1788894243488,NA,2
01M215M1DFF21DMY10WDJ6F1RY,01M215K1RCENCVM87G4759AF5H,training,32,2,9,48,12,12,/tangrams/161_345.png,C1,"[""/tangrams/161_345.png"",""/tangrams/72_312.png"",""/tangrams/137_213.png"",""/tangrams/244_275.png""]","[""C1"",""A2"",""D3"",""B4""]",/tangrams/161_345.png,TRUE,/tangrams/161_345.png,01M215AVP11B8QPDVCJRC6C334,01M21569Y0RK1B1KAXYKBVZA95,1788895229719,NA,3
01M215PM8JDMBKCGDRWX1GVBM7,01M215M9N7M1Y02J02DK7JKTQA,training,8,0,9,48,12,13,/tangrams/66_335.png,A2,"[""/tangrams/66_335.png"",""/tangrams/42_164.png"",""/tangrams/113_63.png"",""/tangrams/403_142.png""]","[""A2"",""B3"",""C4"",""D1""]",NA,NA,NA,NA,NA,NA,NA,1
01M214K24G5J75PBHF3M2G4AHV,01M20X11N5A2NXXZZPJ1AXFSW6,training,29,2,6,48,12,9,/tangrams/455_435.png,F4,"[""/tangrams/6_423.png"",""/tangrams/133_40.png"",""/tangrams/455_435.png"",""/tangrams/144_34.png""]","[""F3"",""F8"",""F4"",""B2""]",/tangrams/455_435.png,TRUE,/tangrams/455_435.png,01M214DGSKEJ8ZAHQ4WC2E0G7N,01M214ERNYBYY3EBY90CCRQDQJ,1788893598936,NA,3
01M214K2727NM29KY8BEVZ73Z1,01M20X11N5A2NXXZZPJ1AXFSW6,training,17,1,6,48,12,9,/tangrams/436_72.png,F7,"[""/tangrams/364_46.png"",""/tangrams/436_72.png"",""/tangrams/47_268.png"",""/tangrams/89_182.png""]","[""F1"",""F7"",""F6"",""F5""]",/tangrams/436_72.png,TRUE,/tangrams/436_72.png,01M214DGSKEJ8ZAHQ4WC2E0G7N,01M214ERNYBYY3EBY90CCRQDQJ,1788893031857,NA,2
01M214NB66QGM8DGVJC0HAJP3K,01M20X13PJV655EHMJRF5XR4PG,training,4,0,5,48,12,10,/tangrams/284_245.png,F7,"[""/tangrams/415_23.png"",""/tangrams/315_224.png"",""/tangrams/62_112.png"",""/tangrams/284_245.png""]","[""F4"",""F6"",""C3"",""F7""]",/tangrams/284_245.png,TRUE,/tangrams/284_245.png,01M214E3AZ6Y0RHEASN5NQEEJN,01M214C6Z85CZDH1N1HARPXC77,1788892826958,NA,1
01M214QKHAE277HJ03K5PRFHA8,01M20X0YW742ZY2EX5FCQ61EFA,training,37,3,2,48,12,8,/tangrams/353_436.png,B1,"[""/tangrams/368_219.png"",""/tangrams/192_436.png"",""/tangrams/353_436.png"",""/tangrams/353_235.png""]","[""A2"",""D1"",""B1"",""B3""]",NA,NA,NA,NA,NA,NA,NA,4
01M215B0VE5M13PMV2QY90H5Q2,01M20X13PPQ56SF2D1TXYZ1GT1,training,22,1,11,48,12,8,/tangrams/353_235.png,B3,"[""/tangrams/192_219.png"",""/tangrams/368_444.png"",""/tangrams/265_436.png"",""/tangrams/353_235.png""]","[""D2"",""A4"",""C1"",""B3""]",/tangrams/353_235.png,TRUE,/tangrams/353_235.png,01M2155RV91S7EYVKS22CN3J6W,01M21549E1T7PGG1H0FCWWP74Z,1788894908708,NA,2
01M214K246V4HM5EJPY4SM91NF,01M20X11N5A2NXXZZPJ1AXFSW6,training,31,2,8,48,12,9,/tangrams/39_129.png,C3,"[""/tangrams/39_129.png"",""/tangrams/133_40.png"",""/tangrams/130_181.png"",""/tangrams/6_423.png""]","[""C3"",""F8"",""A1"",""F3""]",/tangrams/39_129.png,TRUE,/tangrams/39_129.png,01M214DGSKEJ8ZAHQ4WC2E0G7N,01M214ERNYBYY3EBY90CCRQDQJ,1788893639463,NA,3
01M215EHCNHXDCY23VMNFMHJ7S,01M20X15T7F67D04XT463JKFRX,training,11,0,12,48,12,10,/tangrams/382_364.png,D2,"[""/tangrams/382_364.png"",""/tangrams/18_112.png"",""/tangrams/411_463.png"",""/tangrams/62_107.png""]","[""D2"",""A3"",""B1"",""C4""]",/tangrams/382_364.png,TRUE,/tangrams/382_364.png,01M2154MFSP4VTTH1ZQNHW7C0J,01M21557T3YDBSX3GT1DB1X6ZD,1788893822412,NA,1
01M215Z38WM4VBH1QBNJD443KY,01M20X14TTKZWGB70XGMAFRR2H,training,32,2,9,48,12,8,/tangrams/368_444.png,A4,"[""/tangrams/368_235.png"",""/tangrams/192_219.png"",""/tangrams/368_444.png"",""/tangrams/265_444.png""]","[""A3"",""D2"",""A4"",""C4""]",/tangrams/368_444.png,TRUE,/tangrams/368_444.png,01M215FK0ZT4PGXXVV13WRHJPB,01M215F66CRM1GV0R6SDQ69WCM,1788896581969,NA,3
01M214KY46N7NWCNGGZKWSGX45,01M20X12WH32MX7V56M1SN262T,training,23,1,12,48,12,10,/tangrams/62_112.png,C3,"[""/tangrams/62_112.png"",""/tangrams/180_425.png"",""/tangrams/18_463.png"",""/tangrams/415_23.png""]","[""C3"",""F5"",""A1"",""F4""]",/tangrams/62_112.png,TRUE,/tangrams/62_112.png,01M214AY9SMBAC3FWH0EN358MB,01M214C29BTAAYH03KHSYPYBMR,1788893582375,NA,2
01M215B1C6X4Q10DMXP7HCXER6,01M20X13PPQ56SF2D1TXYZ1GT1,training,31,2,8,48,12,8,/tangrams/353_436.png,B1,"[""/tangrams/368_235.png"",""/tangrams/192_219.png"",""/tangrams/353_436.png"",""/tangrams/265_444.png""]","[""A3"",""D2"",""B1"",""C4""]",/tangrams/353_436.png,TRUE,/tangrams/353_436.png,01M21549E1T7PGG1H0FCWWP74Z,01M2155RV91S7EYVKS22CN3J6W,1788895090401,NA,3
01M215HBGJV9GZJSEW1318XA6Q,01M20X16AD7EKSEGH5WBVM39Q0,training,28,2,5,48,12,11,/tangrams/455_227.png,D3,"[""/tangrams/293_156.png"",""/tangrams/316_392.png"",""/tangrams/296_345.png"",""/tangrams/455_227.png""]","[""B1"",""A2"",""C4"",""D3""]",/tangrams/455_227.png,TRUE,/tangrams/455_227.png,01M2155PH51FH1Y7QSBY0YCPQ8,01M2153SDRH4EZ5F2YRG65W4Z9,1788895273453,NA,3
01M20YKS48XMAQVEA2WHD369ZN,01M20WZK5AY7SPG9YB2GY60XCH,training,22,1,11,48,12,8,/tangrams/353_444.png,B4,"[""/tangrams/192_436.png"",""/tangrams/265_219.png"",""/tangrams/368_235.png"",""/tangrams/353_444.png""]","[""D1"",""C2"",""A3"",""B4""]",NA,NA,NA,NA,NA,NA,NA,2
01M215AAJ4H1TGKT31EBNQ7X1Q,01M20X12WE7PPHA7JSTZZ2E6FT,training,17,1,6,48,12,8,/tangrams/368_235.png,A3,"[""/tangrams/265_436.png"",""/tangrams/192_219.png"",""/tangrams/368_235.png"",""/tangrams/353_444.png""]","[""C1"",""D2"",""A3"",""B4""]",/tangrams/368_235.png,TRUE,/tangrams/368_235.png,01M2154MN76WHSRHJG8SAKSTFM,01M2154T01JJAXZD005VWMS05B,1788894290528,NA,2
01M215DMQQVG3WKNAQND2M5QQ2,01M20X15BBYTN3YPSFQGJ5ZXF5,training,10,0,11,48,12,10,/tangrams/62_107.png,C4,"[""/tangrams/18_364.png"",""/tangrams/382_463.png"",""/tangrams/62_107.png"",""/tangrams/411_112.png""]","[""A2"",""D1"",""C4"",""B3""]",/tangrams/62_107.png,TRUE,/tangrams/62_107.png,01M21567THKMHSR683ZH4K0TNA,01M21552Z3FC5ZE6SYNEHHVAW4,1788894625131,NA,1
01M215K2ST786748KDYN08ZTHW,01M20X175HY3CRCTEMGHN0JEQ3,training,6,0,7,48,12,11,/tangrams/316_227.png,A3,"[""/tangrams/293_156.png"",""/tangrams/316_227.png"",""/tangrams/455_392.png"",""/tangrams/296_345.png""]","[""B1"",""A3"",""D2"",""C4""]",/tangrams/316_227.png,TRUE,/tangrams/316_227.png,01M2154P1EJW4QYGH77ZY8V300,01M2154HBQMMKX5AJ9BGZ61E13,1788894015963,NA,1
01M215M21X3Y0S4FTKZ2J1N19J,01M215K1RCENCVM87G4759AF5H,training,11,0,12,48,12,12,/tangrams/244_345.png,B1,"[""/tangrams/161_275.png"",""/tangrams/137_213.png"",""/tangrams/244_345.png"",""/tangrams/72_312.png""]","[""C4"",""D3"",""B1"",""A2""]",/tangrams/244_345.png,TRUE,/tangrams/244_345.png,01M21569Y0RK1B1KAXYKBVZA95,01M215AVP11B8QPDVCJRC6C334,1788894867220,NA,1
01M215N35PPBZ7086R5GAPRVB6,01M215K2BSVQ6X8DX5GH1YZX6B,training,22,1,11,48,12,12,/tangrams/244_213.png,B3,"[""/tangrams/244_213.png"",""/tangrams/72_275.png"",""/tangrams/161_312.png"",""/tangrams/137_345.png""]","[""B3"",""A4"",""C2"",""D1""]",/tangrams/244_213.png,TRUE,/tangrams/244_213.png,01M2159JAWAFEZB1KH9W5K5DTC,01M2157YJ34JPNQ0ZE6DJJD3G3,1788895387698,NA,2
01M214YXBV5EVEJPT7DC7GKDDJ,01M20X148VH9T6HPBHADHZGVW4,training,42,3,7,48,12,11,/tangrams/274_4.png,F2,"[""/tangrams/274_4.png"",""/tangrams/316_156.png"",""/tangrams/296_227.png"",""/tangrams/293_392.png""]","[""F2"",""A1"",""C3"",""B2""]",/tangrams/274_4.png,TRUE,/tangrams/274_4.png,01M214D5P3NXWG18WF1J3F1VFS,01M214CEQK5BQH1Z1J11PQVC16,1788894586414,NA,4
01M21534S3AGXRXWXP5AYWY3ZW,01M20X13PNQ3DCXFM6ND825C25,training,14,1,3,48,12,9,/tangrams/130_469.png,A4,"[""/tangrams/39_469.png"",""/tangrams/144_129.png"",""/tangrams/130_469.png"",""/tangrams/130_34.png""]","[""C4"",""B3"",""A4"",""A2""]",/tangrams/130_469.png,TRUE,/tangrams/130_469.png,01M214P0SMCPMD4G6CRK6QKHYR,01M214JN3YRRY4RAVQ10A1MK5E,1788894185992,NA,2
01M215CZH3FQFYK3MVE9K92E39,01M20X14TW6FQW067YRK6RNDKN,training,2,0,3,48,12,9,/tangrams/130_469.png,A4,"[""/tangrams/130_469.png"",""/tangrams/39_34.png"",""/tangrams/144_129.png"",""/tangrams/49_181.png""]","[""A4"",""C2"",""B3"",""D1""]",/tangrams/130_469.png,TRUE,/tangrams/130_469.png,01M2156K7QTNRYHY4BTF9XK016,01M2154QPBTEQ4FE8D65KC2SJY,1788893834858,NA,1
01M214JDCDXMS0V7XSHARE2KAX,01M20X0YW4S4FB44B5GCQBDAXT,training,24,2,1,48,12,9,/tangrams/455_435.png,F4,"[""/tangrams/49_469.png"",""/tangrams/436_72.png"",""/tangrams/133_40.png"",""/tangrams/455_435.png""]","[""D4"",""F7"",""F8"",""F4""]",NA,NA,NA,NA,NA,NA,NA,3
01M214NB21WSZDMWDK364VT1KF,01M20X13PJV655EHMJRF5XR4PG,training,16,1,5,48,12,10,/tangrams/426_419.png,F8,"[""/tangrams/315_224.png"",""/tangrams/57_85.png"",""/tangrams/316_89.png"",""/tangrams/426_419.png""]","[""F6"",""F2"",""F3"",""F8""]",NA,FALSE,NA,01M214E3AZ6Y0RHEASN5NQEEJN,01M214C6Z85CZDH1N1HARPXC77,NA,NA,2
01M215D04Y02X768C26V8K9EHA,01M20X14TW6FQW067YRK6RNDKN,training,33,2,10,48,12,9,/tangrams/130_34.png,A2,"[""/tangrams/49_129.png"",""/tangrams/144_469.png"",""/tangrams/130_34.png"",""/tangrams/39_181.png""]","[""D3"",""B4"",""A2"",""C1""]",/tangrams/130_34.png,TRUE,/tangrams/130_34.png,01M2154QPBTEQ4FE8D65KC2SJY,01M2156K7QTNRYHY4BTF9XK016,1788894846843,NA,3
01M20YD5XHZC59YF3B8YPEXD68,01M20WZK57NAX0A8X7B3WNHQN9,training,11,0,12,48,12,8,/tangrams/414_365.png,F6,"[""/tangrams/311_205.png"",""/tangrams/192_444.png"",""/tangrams/414_365.png"",""/tangrams/371_100.png""]","[""F4"",""D4"",""F6"",""F1""]",/tangrams/414_365.png,TRUE,/tangrams/414_365.png,01M20XW9BF9HJ5QA1N7YCTN8ZM,01M20Y7KTG16QCRZCK67K4YDTR,1788886664823,NA,1
01M20YKS1CR3S3PRABJ6ANT7VB,01M20WZK5AY7SPG9YB2GY60XCH,training,10,0,11,48,12,8,/tangrams/265_444.png,C4,"[""/tangrams/368_219.png"",""/tangrams/192_235.png"",""/tangrams/353_436.png"",""/tangrams/265_444.png""]","[""A2"",""D3"",""B1"",""C4""]",NA,NA,NA,NA,NA,NA,NA,1
01M214K226JW3ATATGE577WKXV,01M20X11N5A2NXXZZPJ1AXFSW6,training,8,0,9,48,12,9,/tangrams/364_46.png,F1,"[""/tangrams/89_182.png"",""/tangrams/425_194.png"",""/tangrams/364_46.png"",""/tangrams/133_40.png""]","[""F5"",""F2"",""F1"",""F8""]",/tangrams/364_46.png,TRUE,/tangrams/364_46.png,01M214ERNYBYY3EBY90CCRQDQJ,01M214DGSKEJ8ZAHQ4WC2E0G7N,1788892800083,NA,1
01M214YXAWM1DG2JN7KWZKS8QN,01M20X148VH9T6HPBHADHZGVW4,training,38,3,3,48,12,11,/tangrams/316_156.png,A1,"[""/tangrams/311_23.png"",""/tangrams/241_194.png"",""/tangrams/316_156.png"",""/tangrams/321_431.png""]","[""F5"",""F8"",""A1"",""F4""]",/tangrams/316_156.png,TRUE,/tangrams/316_156.png,01M214D5P3NXWG18WF1J3F1VFS,01M214CEQK5BQH1Z1J11PQVC16,1788894482045,NA,4
01M214ZFQFBPEK4MC8WRKK6XBW,01M20X12WDNRHQCMYC0R9VEVHQ,training,29,2,6,48,12,9,/tangrams/130_129.png,A3,"[""/tangrams/39_181.png"",""/tangrams/130_129.png"",""/tangrams/130_34.png"",""/tangrams/49_129.png""]","[""C1"",""A3"",""A2"",""D3""]",NA,NA,NA,NA,NA,NA,NA,3
01M215EHDXTNCMGWTB4963PZG4,01M20X15T7F67D04XT463JKFRX,training,41,3,6,48,12,10,/tangrams/18_364.png,A2,"[""/tangrams/18_364.png"",""/tangrams/411_112.png"",""/tangrams/382_463.png"",""/tangrams/62_107.png""]","[""A2"",""B3"",""D1"",""C4""]",/tangrams/18_364.png,TRUE,/tangrams/18_364.png,01M2154MFSP4VTTH1ZQNHW7C0J,01M21557T3YDBSX3GT1DB1X6ZD,1788894586705,NA,4
01M215HK03KT7HDFAGTEWHDVWD,01M20X148Y8KBRQFNJT9HAMJT5,training,0,0,1,48,12,10,/tangrams/411_107.png,B4,"[""/tangrams/18_107.png"",""/tangrams/411_463.png"",""/tangrams/382_364.png"",""/tangrams/411_107.png""]","[""A4"",""B1"",""D2"",""B4""]",NA,FALSE,NA,01M214PMGV2W0E0MG6FCTN05EB,01M214DZ3N8JPJ1Z6KSP8PYNZQ,NA,NA,1
01M215N384V61PJF64AYC121J1,01M215K2BSVQ6X8DX5GH1YZX6B,training,23,1,12,48,12,12,/tangrams/161_275.png,C4,"[""/tangrams/161_275.png"",""/tangrams/72_312.png"",""/tangrams/137_345.png"",""/tangrams/244_213.png""]","[""C4"",""A2"",""D1"",""B3""]",/tangrams/161_275.png,TRUE,/tangrams/161_275.png,01M2157YJ34JPNQ0ZE6DJJD3G3,01M2159JAWAFEZB1KH9W5K5DTC,1788895408550,NA,2
01M215Z3CARRGB6D468WJ9XJC5,01M20X14TTKZWGB70XGMAFRR2H,training,35,2,12,48,12,8,/tangrams/265_444.png,C4,"[""/tangrams/265_219.png"",""/tangrams/368_444.png"",""/tangrams/265_444.png"",""/tangrams/192_436.png""]","[""C2"",""A4"",""C4"",""D1""]",/tangrams/265_444.png,TRUE,/tangrams/265_444.png,01M215F66CRM1GV0R6SDQ69WCM,01M215FK0ZT4PGXXVV13WRHJPB,1788896699137,NA,3
01M20Z96FFVZKCNZ0WT59MJEAB,01M20X11N92ZFWXFVKY2CVEME8,training,15,1,4,48,12,9,/tangrams/39_34.png,C2,"[""/tangrams/49_129.png"",""/tangrams/130_469.png"",""/tangrams/144_181.png"",""/tangrams/39_34.png""]","[""D3"",""A4"",""B1"",""C2""]",NA,NA,NA,NA,NA,NA,NA,2
01M214JDC2ZKFSGN68D00K61FP,01M20X0YW4S4FB44B5GCQBDAXT,training,22,1,11,48,12,9,/tangrams/144_34.png,B2,"[""/tangrams/455_435.png"",""/tangrams/39_129.png"",""/tangrams/47_268.png"",""/tangrams/144_34.png""]","[""F4"",""C3"",""F6"",""B2""]",NA,NA,NA,NA,NA,NA,NA,2
01M214QKEJHVCNDRMFJBP1HJ1G,01M20X0YW742ZY2EX5FCQ61EFA,training,1,0,2,48,12,8,/tangrams/265_444.png,C4,"[""/tangrams/265_219.png"",""/tangrams/192_235.png"",""/tangrams/368_444.png"",""/tangrams/265_444.png""]","[""C2"",""D3"",""A4"",""C4""]",NA,NA,NA,NA,NA,NA,NA,1
01M214ZFKFNAS3A9JQQ3RSVSV4,01M20X12WDNRHQCMYC0R9VEVHQ,training,42,3,7,48,12,9,/tangrams/39_181.png,C1,"[""/tangrams/39_34.png"",""/tangrams/130_469.png"",""/tangrams/39_181.png"",""/tangrams/49_181.png""]","[""C2"",""A4"",""C1"",""D1""]",NA,NA,NA,NA,NA,NA,NA,4
01M214ZFS0KC3MNDJPWSN87HS4,01M20X12WDNRHQCMYC0R9VEVHQ,training,26,2,3,48,12,9,/tangrams/49_181.png,D1,"[""/tangrams/144_469.png"",""/tangrams/49_181.png"",""/tangrams/49_129.png"",""/tangrams/39_181.png""]","[""B4"",""D1"",""D3"",""C1""]",NA,NA,NA,NA,NA,NA,NA,3
01M215DN2TQ7HAJA3APS36ANGX,01M20X15BBYTN3YPSFQGJ5ZXF5,training,28,2,5,48,12,10,/tangrams/411_107.png,B4,"[""/tangrams/18_112.png"",""/tangrams/62_463.png"",""/tangrams/382_364.png"",""/tangrams/411_107.png""]","[""A3"",""C1"",""D2"",""B4""]",/tangrams/411_107.png,TRUE,/tangrams/411_107.png,01M21567THKMHSR683ZH4K0TNA,01M21552Z3FC5ZE6SYNEHHVAW4,1788895326208,NA,3
01M215HBES7SRNWP6KRKARTWVX,01M20X16AD7EKSEGH5WBVM39Q0,training,26,2,3,48,12,11,/tangrams/455_392.png,D2,"[""/tangrams/296_156.png"",""/tangrams/293_227.png"",""/tangrams/455_392.png"",""/tangrams/316_345.png""]","[""C1"",""B3"",""D2"",""A4""]",/tangrams/455_392.png,TRUE,/tangrams/455_392.png,01M2155PH51FH1Y7QSBY0YCPQ8,01M2153SDRH4EZ5F2YRG65W4Z9,1788895209191,NA,3
01M215HC04JNYQHFZXCYVF6GTN,01M20X16AD7EKSEGH5WBVM39Q0,training,46,3,11,48,12,11,/tangrams/293_156.png,B1,"[""/tangrams/293_156.png"",""/tangrams/455_392.png"",""/tangrams/296_345.png"",""/tangrams/316_227.png""]","[""B1"",""D2"",""C4"",""A3""]",/tangrams/293_156.png,TRUE,/tangrams/293_156.png,01M2155PH51FH1Y7QSBY0YCPQ8,01M2153SDRH4EZ5F2YRG65W4Z9,1788895752912,NA,4
01M215Z2FDZ6NK5KXN1KHWD4W4,01M20X14TTKZWGB70XGMAFRR2H,training,9,0,10,48,12,8,/tangrams/192_436.png,D1,"[""/tangrams/192_436.png"",""/tangrams/353_444.png"",""/tangrams/265_436.png"",""/tangrams/192_219.png""]","[""D1"",""B4"",""C1"",""D2""]",/tangrams/192_219.png,FALSE,/tangrams/192_219.png,01M215F66CRM1GV0R6SDQ69WCM,01M215FK0ZT4PGXXVV13WRHJPB,1788895445584,NA,1
01M214JD8MVKBHERGWPH8J9B31,01M20X0YW4S4FB44B5GCQBDAXT,training,0,0,1,48,12,9,/tangrams/425_194.png,F2,"[""/tangrams/89_182.png"",""/tangrams/425_194.png"",""/tangrams/39_129.png"",""/tangrams/455_435.png""]","[""F5"",""F2"",""C3"",""F4""]",NA,FALSE,NA,01M214EQ4FACEB4DB1G63HBRYM,01M20XC1CR2BQSQ9QRRT7VRXFA,NA,NA,1
01M214KXYVVN701SV6D6YF7KWK,01M20X12WH32MX7V56M1SN262T,training,29,2,6,48,12,10,/tangrams/62_112.png,C3,"[""/tangrams/415_23.png"",""/tangrams/426_419.png"",""/tangrams/382_107.png"",""/tangrams/62_112.png""]","[""F4"",""F8"",""D4"",""C3""]",/tangrams/62_112.png,TRUE,/tangrams/62_112.png,01M214AY9SMBAC3FWH0EN358MB,01M214C29BTAAYH03KHSYPYBMR,1788893658097,NA,3
01M214QK7STM1W9RTSV8GEXB59,01M20X0YW742ZY2EX5FCQ61EFA,training,20,1,9,48,12,8,/tangrams/353_235.png,B3,"[""/tangrams/265_219.png"",""/tangrams/368_235.png"",""/tangrams/353_444.png"",""/tangrams/353_235.png""]","[""C2"",""A3"",""B4"",""B3""]",NA,NA,NA,NA,NA,NA,NA,2
01M215Z2TD3594F82YRWMRE1WZ,01M20X14TTKZWGB70XGMAFRR2H,training,18,1,7,48,12,8,/tangrams/265_219.png,C2,"[""/tangrams/265_436.png"",""/tangrams/192_219.png"",""/tangrams/265_219.png"",""/tangrams/353_235.png""]","[""C1"",""D2"",""C2"",""B3""]",/tangrams/265_219.png,TRUE,/tangrams/265_219.png,01M215FK0ZT4PGXXVV13WRHJPB,01M215F66CRM1GV0R6SDQ69WCM,1788895913511,NA,2
01M215B0TPK8TH6TEVSQKPHG5Z,01M20X13PPQ56SF2D1TXYZ1GT1,training,23,1,12,48,12,8,/tangrams/192_219.png,D2,"[""/tangrams/192_219.png"",""/tangrams/265_436.png"",""/tangrams/368_235.png"",""/tangrams/353_444.png""]","[""D2"",""C1"",""A3"",""B4""]",/tangrams/192_219.png,TRUE,/tangrams/192_219.png,01M21549E1T7PGG1H0FCWWP74Z,01M2155RV91S7EYVKS22CN3J6W,1788894943200,NA,2
01M215EHGKMNY28PBGD7WX9CZH,01M20X15T7F67D04XT463JKFRX,training,9,0,10,48,12,10,/tangrams/411_107.png,B4,"[""/tangrams/411_107.png"",""/tangrams/62_463.png"",""/tangrams/18_112.png"",""/tangrams/382_364.png""]","[""B4"",""C1"",""A3"",""D2""]",/tangrams/411_107.png,TRUE,/tangrams/411_107.png,01M2154MFSP4VTTH1ZQNHW7C0J,01M21557T3YDBSX3GT1DB1X6ZD,1788893774507,NA,1
01M20YD5Y91KT1D52RN9QNR476,01M20WZK57NAX0A8X7B3WNHQN9,training,18,1,7,48,12,8,/tangrams/311_205.png,F4,"[""/tangrams/277_238.png"",""/tangrams/311_205.png"",""/tangrams/38_309.png"",""/tangrams/265_235.png""]","[""F8"",""F4"",""F5"",""C3""]",/tangrams/311_205.png,TRUE,/tangrams/311_205.png,01M20Y7KTG16QCRZCK67K4YDTR,01M20XW9BF9HJ5QA1N7YCTN8ZM,1788886794694,NA,2
01M20YSTQF1J05Y0NBGXA6CW2W,01M20X0YW80CVJTXB8KR0PJ9Z8,training,4,0,5,48,12,8,/tangrams/265_444.png,C4,"[""/tangrams/353_436.png"",""/tangrams/265_444.png"",""/tangrams/192_235.png"",""/tangrams/368_219.png""]","[""B1"",""C4"",""D3"",""A2""]",NA,FALSE,NA,01M20YFWSW201KBFQ9VJEWCE3F,01M20X9S6MHFD408HZGZ3B23DP,NA,NA,1
01M214QK7HDF0Q5QJPGEMJ8PNG,01M20X0YW742ZY2EX5FCQ61EFA,training,21,1,10,48,12,8,/tangrams/192_436.png,D1,"[""/tangrams/265_436.png"",""/tangrams/368_444.png"",""/tangrams/192_219.png"",""/tangrams/192_436.png""]","[""C1"",""A4"",""D2"",""D1""]",NA,NA,NA,NA,NA,NA,NA,2
01M214QKDWS2D4XMX5NX2EGMA2,01M20X0YW742ZY2EX5FCQ61EFA,training,2,0,3,48,12,8,/tangrams/192_235.png,D3,"[""/tangrams/192_235.png"",""/tangrams/368_444.png"",""/tangrams/353_235.png"",""/tangrams/192_219.png""]","[""D3"",""A4"",""B3"",""D2""]",NA,NA,NA,NA,NA,NA,NA,1
01M215BMH21G6BN7BMMZ8JX8C2,01M20X148Y8KBRQFNJTS9AKRW4,training,28,2,5,48,12,9,/tangrams/39_469.png,C4,"[""/tangrams/130_34.png"",""/tangrams/144_129.png"",""/tangrams/39_469.png"",""/tangrams/49_181.png""]","[""A2"",""B3"",""C4"",""D1""]",/tangrams/39_469.png,TRUE,/tangrams/39_469.png,01M2154JXMHS9BTWF8FWDE7774,01M21546HN9E95PWNR6ZWTAMM2,1788894968845,NA,3
01M215Z34SN1Y4DY90ANNADXCB,01M20X14TTKZWGB70XGMAFRR2H,training,28,2,5,48,12,8,/tangrams/368_219.png,A2,"[""/tangrams/192_219.png"",""/tangrams/368_235.png"",""/tangrams/353_436.png"",""/tangrams/368_219.png""]","[""D2"",""A3"",""B1"",""A2""]",/tangrams/368_219.png,TRUE,/tangrams/368_219.png,01M215FK0ZT4PGXXVV13WRHJPB,01M215F66CRM1GV0R6SDQ69WCM,1788896412123,NA,3
01M215DN666KHW1GEMZR9P7A76,01M20X15BBYTN3YPSFQGJ5ZXF5,training,34,2,11,48,12,10,/tangrams/411_112.png,B3,"[""/tangrams/62_364.png"",""/tangrams/18_107.png"",""/tangrams/382_463.png"",""/tangrams/411_112.png""]","[""C2"",""A4"",""D1"",""B3""]",/tangrams/411_112.png,TRUE,/tangrams/411_112.png,01M21567THKMHSR683ZH4K0TNA,01M21552Z3FC5ZE6SYNEHHVAW4,1788895536939,NA,3
01M215N2QY51VBMHY480HFV10V,01M215K2BSVQ6X8DX5GH1YZX6B,training,11,0,12,48,12,12,/tangrams/244_345.png,B1,"[""/tangrams/72_275.png"",""/tangrams/137_213.png"",""/tangrams/161_312.png"",""/tangrams/244_345.png""]","[""A4"",""D3"",""C2"",""B1""]",/tangrams/244_345.png,TRUE,/tangrams/244_345.png,01M2157YJ34JPNQ0ZE6DJJD3G3,01M2159JAWAFEZB1KH9W5K5DTC,1788895092100,NA,1
01M215Z2KD2QP0Z3V7TNQASWYN,01M20X14TTKZWGB70XGMAFRR2H,training,12,1,1,48,12,8,/tangrams/368_235.png,A3,"[""/tangrams/353_235.png"",""/tangrams/368_444.png"",""/tangrams/192_436.png"",""/tangrams/368_235.png""]","[""B3"",""A4"",""D1"",""A3""]",/tangrams/368_235.png,TRUE,/tangrams/368_235.png,01M215FK0ZT4PGXXVV13WRHJPB,01M215F66CRM1GV0R6SDQ69WCM,1788895612888,NA,2
01M214K1YNJSBERQS2FJHPVPHP,01M20X11N5A2NXXZZPJ1AXFSW6,training,5,0,6,48,12,9,/tangrams/436_72.png,F7,"[""/tangrams/436_72.png"",""/tangrams/49_469.png"",""/tangrams/425_194.png"",""/tangrams/6_423.png""]","[""F7"",""D4"",""F2"",""F3""]",/tangrams/436_72.png,TRUE,/tangrams/436_72.png,01M214DGSKEJ8ZAHQ4WC2E0G7N,01M214ERNYBYY3EBY90CCRQDQJ,1788892672186,NA,1
01M215EGR5RGHJGTAB3S1R8WX6,01M20X15T7F67D04XT463JKFRX,training,5,0,6,48,12,10,/tangrams/18_107.png,A4,"[""/tangrams/382_112.png"",""/tangrams/411_463.png"",""/tangrams/62_364.png"",""/tangrams/18_107.png""]","[""D3"",""B1"",""C2"",""A4""]",/tangrams/18_107.png,TRUE,/tangrams/18_107.png,01M2154MFSP4VTTH1ZQNHW7C0J,01M21557T3YDBSX3GT1DB1X6ZD,1788893639340,NA,1
01M215HJNXFJV98TTPV0FTRVAW,01M20X148Y8KBRQFNJT9HAMJT5,training,41,3,6,48,12,10,/tangrams/411_463.png,B1,"[""/tangrams/411_107.png"",""/tangrams/62_463.png"",""/tangrams/382_112.png"",""/tangrams/411_463.png""]","[""B4"",""C1"",""D3"",""B1""]",/tangrams/411_107.png,FALSE,/tangrams/411_107.png,01M214DZ3N8JPJ1Z6KSP8PYNZQ,01M214PMGV2W0E0MG6FCTN05EB,1788896822602,NA,4
01M214KY623ERFAFV4HPYHKMGF,01M20X12WH32MX7V56M1SN262T,training,33,2,10,48,12,10,/tangrams/18_463.png,A1,"[""/tangrams/405_327.png"",""/tangrams/18_463.png"",""/tangrams/315_224.png"",""/tangrams/62_112.png""]","[""F1"",""A1"",""F6"",""C3""]",/tangrams/18_463.png,TRUE,/tangrams/18_463.png,01M214AY9SMBAC3FWH0EN358MB,01M214C29BTAAYH03KHSYPYBMR,1788893759145,NA,3
01M214NB3W6VBA7WZ66NY3K5HZ,01M20X13PJV655EHMJRF5XR4PG,training,10,0,11,48,12,10,/tangrams/315_224.png,F6,"[""/tangrams/315_224.png"",""/tangrams/180_425.png"",""/tangrams/57_85.png"",""/tangrams/18_463.png""]","[""F6"",""F5"",""F2"",""A1""]",/tangrams/315_224.png,TRUE,/tangrams/315_224.png,01M214E3AZ6Y0RHEASN5NQEEJN,01M214C6Z85CZDH1N1HARPXC77,1788893028099,NA,1
01M21534DCJHAJ1QZYTHM7W24B,01M20X13PNQ3DCXFM6ND825C25,training,47,3,12,48,12,9,/tangrams/49_129.png,D3,"[""/tangrams/49_129.png"",""/tangrams/49_181.png"",""/tangrams/130_129.png"",""/tangrams/144_469.png""]","[""D3"",""D1"",""A3"",""B4""]",/tangrams/49_129.png,TRUE,/tangrams/49_129.png,01M214JN3YRRY4RAVQ10A1MK5E,01M214P0SMCPMD4G6CRK6QKHYR,1788895817855,NA,4
01M215B17260RHVZWNPGHC64G1,01M20X13PPQ56SF2D1TXYZ1GT1,training,41,3,6,48,12,8,/tangrams/368_235.png,A3,"[""/tangrams/192_219.png"",""/tangrams/265_444.png"",""/tangrams/353_436.png"",""/tangrams/368_235.png""]","[""D2"",""C4"",""B1"",""A3""]",/tangrams/368_235.png,TRUE,/tangrams/368_235.png,01M21549E1T7PGG1H0FCWWP74Z,01M2155RV91S7EYVKS22CN3J6W,1788895270223,NA,4
01M215M1NTNSBZHKA75JJ9Z5EP,01M215K1RCENCVM87G4759AF5H,training,23,1,12,48,12,12,/tangrams/137_312.png,D2,"[""/tangrams/161_345.png"",""/tangrams/72_213.png"",""/tangrams/137_312.png"",""/tangrams/244_275.png""]","[""C1"",""A3"",""D2"",""B4""]",/tangrams/137_312.png,TRUE,/tangrams/137_312.png,01M21569Y0RK1B1KAXYKBVZA95,01M215AVP11B8QPDVCJRC6C334,1788895079480,NA,2
01M214NBAS1KPDAYMN03HJ8WPR,01M20X13PJV655EHMJRF5XR4PG,training,39,3,4,48,12,10,/tangrams/415_23.png,F4,"[""/tangrams/415_23.png"",""/tangrams/18_463.png"",""/tangrams/316_89.png"",""/tangrams/405_327.png""]","[""F4"",""A1"",""F3"",""F1""]",NA,NA,NA,NA,NA,NA,NA,4
01M214ZFY15XZNT2N4X660079M,01M20X12WDNRHQCMYC0R9VEVHQ,training,10,0,11,48,12,9,/tangrams/49_181.png,D1,"[""/tangrams/49_129.png"",""/tangrams/39_469.png"",""/tangrams/49_181.png"",""/tangrams/144_181.png""]","[""D3"",""C4"",""D1"",""B1""]",NA,NA,NA,NA,NA,NA,NA,1
01M215EGPT7VR3BKA3FN5M3EXT,01M20X15T7F67D04XT463JKFRX,training,1,0,2,48,12,10,/tangrams/411_112.png,B3,"[""/tangrams/411_112.png"",""/tangrams/18_107.png"",""/tangrams/62_463.png"",""/tangrams/382_364.png""]","[""B3"",""A4"",""C1"",""D2""]",/tangrams/411_112.png,TRUE,/tangrams/411_112.png,01M2154MFSP4VTTH1ZQNHW7C0J,01M21557T3YDBSX3GT1DB1X6ZD,1788893516834,NA,1
01M215K37AK1P6G4G5DH5RDNJG,01M20X175HY3CRCTEMGHN0JEQ3,training,46,3,11,48,12,11,/tangrams/293_227.png,B3,"[""/tangrams/455_156.png"",""/tangrams/296_392.png"",""/tangrams/316_345.png"",""/tangrams/293_227.png""]","[""D1"",""C2"",""A4"",""B3""]",/tangrams/293_227.png,TRUE,/tangrams/293_227.png,01M2154P1EJW4QYGH77ZY8V300,01M2154HBQMMKX5AJ9BGZ61E13,1788894843332,NA,4
01M20XZDDZ5RG6964SR7BQX3A1,01M20WZK596SFHM9YDB6TD7NK1,training,31,2,8,48,12,6,/tangrams/445_437.png,D2,"[""/tangrams/4_264.png"",""/tangrams/275_437.png"",""/tangrams/445_437.png"",""/tangrams/445_324.png""]","[""C1"",""A2"",""D2"",""D3""]",/tangrams/445_437.png,TRUE,/tangrams/445_437.png,01M20X6CEXP7W9NTPEWK7QNX8Z,01M20XSN3R16DSBXVRQKQSS665,1788887127413,NA,3
01M214JD7WMQGQW4XS3T9T41A6,01M20X0YW4S4FB44B5GCQBDAXT,training,9,0,10,48,12,9,/tangrams/89_182.png,F5,"[""/tangrams/47_268.png"",""/tangrams/364_46.png"",""/tangrams/425_194.png"",""/tangrams/89_182.png""]","[""F6"",""F1"",""F2"",""F5""]",NA,NA,NA,NA,NA,NA,NA,1
01M214QP8MMMK2YS5FY8HTCG0Y,01M20X11N8F7DPTR5329TXEJ69,training,5,0,6,48,12,8,/tangrams/368_219.png,A2,"[""/tangrams/353_444.png"",""/tangrams/265_219.png"",""/tangrams/368_219.png"",""/tangrams/368_235.png""]","[""B4"",""C2"",""A2"",""A3""]",NA,NA,NA,NA,NA,NA,NA,1
01M215BKT63XCZ907J7BKP6D41,01M20X148Y8KBRQFNJTS9AKRW4,training,5,0,6,48,12,9,/tangrams/144_469.png,B4,"[""/tangrams/39_34.png"",""/tangrams/49_181.png"",""/tangrams/144_469.png"",""/tangrams/130_129.png""]","[""C2"",""D1"",""B4"",""A3""]",/tangrams/144_469.png,TRUE,/tangrams/144_469.png,01M21546HN9E95PWNR6ZWTAMM2,01M2154JXMHS9BTWF8FWDE7774,1788894199067,NA,1
01M215HJ756E21QTEB0GGBM5VH,01M20X148Y8KBRQFNJT9HAMJT5,training,21,1,10,48,12,10,/tangrams/411_112.png,B3,"[""/tangrams/62_463.png"",""/tangrams/411_112.png"",""/tangrams/382_112.png"",""/tangrams/411_107.png""]","[""C1"",""B3"",""D3"",""B4""]",/tangrams/411_112.png,TRUE,/tangrams/411_112.png,01M214DZ3N8JPJ1Z6KSP8PYNZQ,01M214PMGV2W0E0MG6FCTN05EB,1788895874956,NA,2
01M214JDGMD4KRY4QEPGEYYNQ8,01M20X0YW4S4FB44B5GCQBDAXT,training,35,2,12,48,12,9,/tangrams/89_182.png,F5,"[""/tangrams/364_46.png"",""/tangrams/436_72.png"",""/tangrams/89_182.png"",""/tangrams/47_268.png""]","[""F1"",""F7"",""F5"",""F6""]",NA,NA,NA,NA,NA,NA,NA,3
01M214K1YBTYDF2KMKSVE17RY6,01M20X11N5A2NXXZZPJ1AXFSW6,training,7,0,8,48,12,9,/tangrams/133_40.png,F8,"[""/tangrams/144_34.png"",""/tangrams/47_268.png"",""/tangrams/133_40.png"",""/tangrams/89_182.png""]","[""B2"",""F6"",""F8"",""F5""]",/tangrams/133_40.png,TRUE,/tangrams/133_40.png,01M214DGSKEJ8ZAHQ4WC2E0G7N,01M214ERNYBYY3EBY90CCRQDQJ,1788892759571,NA,1
01M215EHFXYYEQD7XEMBF83WRM,01M20X15T7F67D04XT463JKFRX,training,38,3,3,48,12,10,/tangrams/18_107.png,A4,"[""/tangrams/62_364.png"",""/tangrams/18_107.png"",""/tangrams/382_463.png"",""/tangrams/411_112.png""]","[""C2"",""A4"",""D1"",""B3""]",/tangrams/18_107.png,TRUE,/tangrams/18_107.png,01M21557T3YDBSX3GT1DB1X6ZD,01M2154MFSP4VTTH1ZQNHW7C0J,1788894527257,NA,4
01M215HJHEV8AACKRSPZNNT51X,01M20X148Y8KBRQFNJT9HAMJT5,training,11,0,12,48,12,10,/tangrams/18_364.png,A2,"[""/tangrams/18_107.png"",""/tangrams/18_364.png"",""/tangrams/62_463.png"",""/tangrams/382_364.png""]","[""A4"",""A2"",""C1"",""D2""]",/tangrams/18_364.png,TRUE,/tangrams/18_364.png,01M214DZ3N8JPJ1Z6KSP8PYNZQ,01M214PMGV2W0E0MG6FCTN05EB,1788895457385,NA,1
01M20YD5YD7WQQS0G1Z6RVKQE8,01M20WZK57NAX0A8X7B3WNHQN9,training,47,3,12,48,12,8,/tangrams/311_205.png,F4,"[""/tangrams/192_444.png"",""/tangrams/194_445.png"",""/tangrams/311_205.png"",""/tangrams/265_235.png""]","[""D4"",""F3"",""F4"",""C3""]",/tangrams/311_205.png,TRUE,/tangrams/311_205.png,01M20XW9BF9HJ5QA1N7YCTN8ZM,01M20Y7KTG16QCRZCK67K4YDTR,1788887307776,NA,4
01M20Z96DYRVWA51Y91E33G65G,01M20X11N92ZFWXFVKY2CVEME8,training,7,0,8,48,12,9,/tangrams/39_469.png,C4,"[""/tangrams/144_129.png"",""/tangrams/49_181.png"",""/tangrams/130_34.png"",""/tangrams/39_469.png""]","[""B3"",""D1"",""A2"",""C4""]",NA,NA,NA,NA,NA,NA,NA,1
01M214JDMBH6ARPA90BG64DEGH,01M20X0YW4S4FB44B5GCQBDAXT,training,40,3,5,48,12,9,/tangrams/39_129.png,C3,"[""/tangrams/130_181.png"",""/tangrams/39_129.png"",""/tangrams/364_46.png"",""/tangrams/49_469.png""]","[""A1"",""C3"",""F1"",""D4""]",NA,NA,NA,NA,NA,NA,NA,4
01M214QP21VZT2HCJSSTYQRBXA,01M20X11N8F7DPTR5329TXEJ69,training,34,2,11,48,12,8,/tangrams/368_219.png,A2,"[""/tangrams/353_235.png"",""/tangrams/368_444.png"",""/tangrams/368_219.png"",""/tangrams/192_219.png""]","[""B3"",""A4"",""A2"",""D2""]",NA,NA,NA,NA,NA,NA,NA,3
01M215B1AGCWQMVTYKA5XJP5G8,01M20X13PPQ56SF2D1TXYZ1GT1,training,35,2,12,48,12,8,/tangrams/192_219.png,D2,"[""/tangrams/368_444.png"",""/tangrams/192_219.png"",""/tangrams/353_235.png"",""/tangrams/265_436.png""]","[""A4"",""D2"",""B3"",""C1""]",/tangrams/192_219.png,TRUE,/tangrams/192_219.png,01M21549E1T7PGG1H0FCWWP74Z,01M2155RV91S7EYVKS22CN3J6W,1788895163740,NA,3
01M215PN11HYNS20W2HDWJ32TX,01M215M9N7M1Y02J02DK7JKTQA,training,32,2,9,48,12,13,/tangrams/42_164.png,B3,"[""/tangrams/42_164.png"",""/tangrams/66_335.png"",""/tangrams/403_142.png"",""/tangrams/113_63.png""]","[""B3"",""A2"",""D1"",""C4""]",NA,NA,NA,NA,NA,NA,NA,3
01M215Z3FE3B8YBMT1NZ6GV8JA,01M20X14TTKZWGB70XGMAFRR2H,training,38,3,3,48,12,8,/tangrams/265_444.png,C4,"[""/tangrams/265_219.png"",""/tangrams/353_235.png"",""/tangrams/368_444.png"",""/tangrams/265_444.png""]","[""C2"",""B3"",""A4"",""C4""]",/tangrams/265_444.png,TRUE,/tangrams/265_444.png,01M215FK0ZT4PGXXVV13WRHJPB,01M215F66CRM1GV0R6SDQ69WCM,1788896822541,NA,4
01M215Z3M32TY49ZBTCMMXA21C,01M20X14TTKZWGB70XGMAFRR2H,training,42,3,7,48,12,8,/tangrams/353_436.png,B1,"[""/tangrams/353_235.png"",""/tangrams/353_436.png"",""/tangrams/368_444.png"",""/tangrams/265_436.png""]","[""B3"",""B1"",""A4"",""C1""]",/tangrams/353_436.png,TRUE,/tangrams/353_436.png,01M215FK0ZT4PGXXVV13WRHJPB,01M215F66CRM1GV0R6SDQ69WCM,1788896987649,NA,4
01M20XZDAG8CFKQXB1GQ62BREM,01M20WZK596SFHM9YDB6TD7NK1,training,8,0,9,48,12,6,/tangrams/275_437.png,A2,"[""/tangrams/275_324.png"",""/tangrams/4_437.png"",""/tangrams/275_437.png"",""/tangrams/445_264.png""]","[""A3"",""C2"",""A2"",""D1""]",/tangrams/275_437.png,TRUE,/tangrams/275_437.png,01M20XSN3R16DSBXVRQKQSS665,01M20X6CEXP7W9NTPEWK7QNX8Z,1788886311235,NA,1
01M214QKF1VZRZ3GCX4Y982EN3,01M20X0YW742ZY2EX5FCQ61EFA,training,45,3,10,48,12,8,/tangrams/192_235.png,D3,"[""/tangrams/192_235.png"",""/tangrams/192_436.png"",""/tangrams/353_235.png"",""/tangrams/368_219.png""]","[""D3"",""D1"",""B3"",""A2""]",NA,NA,NA,NA,NA,NA,NA,4
01M214QKFY4TFSBA7BBTRA0DP9,01M20X0YW742ZY2EX5FCQ61EFA,training,41,3,6,48,12,8,/tangrams/368_235.png,A3,"[""/tangrams/265_436.png"",""/tangrams/368_444.png"",""/tangrams/353_235.png"",""/tangrams/368_235.png""]","[""C1"",""A4"",""B3"",""A3""]",NA,NA,NA,NA,NA,NA,NA,4
01M214ZFT2CR41B9C1VJNW1BS7,01M20X12WDNRHQCMYC0R9VEVHQ,training,46,3,11,48,12,9,/tangrams/49_34.png,D2,"[""/tangrams/49_34.png"",""/tangrams/49_129.png"",""/tangrams/130_34.png"",""/tangrams/144_469.png""]","[""D2"",""D3"",""A2"",""B4""]",NA,NA,NA,NA,NA,NA,NA,4
01M215BM2M10BW5VM9CZJYRSC8,01M20X148Y8KBRQFNJTS9AKRW4,training,11,0,12,48,12,9,/tangrams/39_469.png,C4,"[""/tangrams/130_34.png"",""/tangrams/144_181.png"",""/tangrams/49_129.png"",""/tangrams/39_469.png""]","[""A2"",""B1"",""D3"",""C4""]",/tangrams/39_469.png,TRUE,/tangrams/39_469.png,01M21546HN9E95PWNR6ZWTAMM2,01M2154JXMHS9BTWF8FWDE7774,1788894417161,NA,1
01M215PNJHPMK4M72AEC1ZY2VM,01M215M9N7M1Y02J02DK7JKTQA,training,46,3,11,48,12,13,/tangrams/66_63.png,A4,"[""/tangrams/42_164.png"",""/tangrams/113_142.png"",""/tangrams/66_63.png"",""/tangrams/403_335.png""]","[""B3"",""C1"",""A4"",""D2""]",NA,NA,NA,NA,NA,NA,NA,4
01M20YD63TAWF3BWQ2X22S89S2,01M20WZK57NAX0A8X7B3WNHQN9,training,33,2,10,48,12,8,/tangrams/368_436.png,A1,"[""/tangrams/368_436.png"",""/tangrams/265_235.png"",""/tangrams/371_100.png"",""/tangrams/192_444.png""]","[""A1"",""C3"",""F1"",""D4""]",/tangrams/368_436.png,TRUE,/tangrams/368_436.png,01M20XW9BF9HJ5QA1N7YCTN8ZM,01M20Y7KTG16QCRZCK67K4YDTR,1788887089037,NA,3
01M20YKRZPF86SR3RVHAVZX5GE,01M20WZK5AY7SPG9YB2GY60XCH,training,41,3,6,48,12,8,/tangrams/265_444.png,C4,"[""/tangrams/265_444.png"",""/tangrams/368_235.png"",""/tangrams/192_219.png"",""/tangrams/353_436.png""]","[""C4"",""A3"",""D2"",""B1""]",NA,NA,NA,NA,NA,NA,NA,4
01M20Z96MM3R1WPW0KKKVENNYD,01M20X11N92ZFWXFVKY2CVEME8,training,41,3,6,48,12,9,/tangrams/39_469.png,C4,"[""/tangrams/130_34.png"",""/tangrams/39_469.png"",""/tangrams/49_181.png"",""/tangrams/144_129.png""]","[""A2"",""C4"",""D1"",""B3""]",NA,NA,NA,NA,NA,NA,NA,4
01M214KY79N5AH6K269ETE6E9K,01M20X12WH32MX7V56M1SN262T,training,39,3,4,48,12,10,/tangrams/180_425.png,F5,"[""/tangrams/415_23.png"",""/tangrams/180_425.png"",""/tangrams/411_364.png"",""/tangrams/18_463.png""]","[""F4"",""F5"",""B2"",""A1""]",/tangrams/180_425.png,TRUE,/tangrams/180_425.png,01M214AY9SMBAC3FWH0EN358MB,01M214C29BTAAYH03KHSYPYBMR,1788893839604,NA,4
01M215BM5SVAE8CY081C5TNV61,01M20X148Y8KBRQFNJTS9AKRW4,training,6,0,7,48,12,9,/tangrams/49_34.png,D2,"[""/tangrams/49_34.png"",""/tangrams/130_129.png"",""/tangrams/144_469.png"",""/tangrams/39_181.png""]","[""D2"",""A3"",""B4"",""C1""]",/tangrams/49_34.png,TRUE,/tangrams/49_34.png,01M2154JXMHS9BTWF8FWDE7774,01M21546HN9E95PWNR6ZWTAMM2,1788894250341,NA,1
01M215CZGBYDYR1G09HA8C73E6,01M20X14TW6FQW067YRK6RNDKN,training,39,3,4,48,12,9,/tangrams/144_129.png,B3,"[""/tangrams/130_469.png"",""/tangrams/144_129.png"",""/tangrams/39_181.png"",""/tangrams/49_34.png""]","[""A4"",""B3"",""C1"",""D2""]",/tangrams/144_129.png,TRUE,/tangrams/144_129.png,01M2154QPBTEQ4FE8D65KC2SJY,01M2156K7QTNRYHY4BTF9XK016,1788895016010,NA,4
01M215EGRQMQGY2TJ0125S0624,01M20X15T7F67D04XT463JKFRX,training,4,0,5,48,12,10,/tangrams/62_463.png,C1,"[""/tangrams/382_364.png"",""/tangrams/62_463.png"",""/tangrams/18_107.png"",""/tangrams/411_112.png""]","[""D2"",""C1"",""A4"",""B3""]",/tangrams/62_463.png,TRUE,/tangrams/62_463.png,01M21557T3YDBSX3GT1DB1X6ZD,01M2154MFSP4VTTH1ZQNHW7C0J,1788893594384,NA,1
01M215EGWAV4V82MQ0PT8FQNH4,01M20X15T7F67D04XT463JKFRX,training,31,2,8,48,12,10,/tangrams/411_107.png,B4,"[""/tangrams/382_463.png"",""/tangrams/62_364.png"",""/tangrams/18_112.png"",""/tangrams/411_107.png""]","[""D1"",""C2"",""A3"",""B4""]",/tangrams/411_107.png,TRUE,/tangrams/411_107.png,01M2154MFSP4VTTH1ZQNHW7C0J,01M21557T3YDBSX3GT1DB1X6ZD,1788894343875,NA,3
01M214K1Z732MZXNKXP828FYE7,01M20X11N5A2NXXZZPJ1AXFSW6,training,2,0,3,48,12,9,/tangrams/39_129.png,C3,"[""/tangrams/39_129.png"",""/tangrams/133_40.png"",""/tangrams/455_435.png"",""/tangrams/130_181.png""]","[""C3"",""F8"",""F4"",""A1""]",/tangrams/39_129.png,TRUE,/tangrams/39_129.png,01M214ERNYBYY3EBY90CCRQDQJ,01M214DGSKEJ8ZAHQ4WC2E0G7N,1788892551333,NA,1
01M214KY7FNP2MNNTHSFVE3REC,01M20X12WH32MX7V56M1SN262T,training,40,3,5,48,12,10,/tangrams/382_107.png,D4,"[""/tangrams/382_107.png"",""/tangrams/180_425.png"",""/tangrams/18_463.png"",""/tangrams/57_85.png""]","[""D4"",""F5"",""A1"",""F2""]",/tangrams/382_107.png,TRUE,/tangrams/382_107.png,01M214C29BTAAYH03KHSYPYBMR,01M214AY9SMBAC3FWH0EN358MB,1788893854216,NA,4
01M215EH7PFCT9PGZ4AHA48BAZ,01M20X15T7F67D04XT463JKFRX,training,15,1,4,48,12,10,/tangrams/18_364.png,A2,"[""/tangrams/411_107.png"",""/tangrams/62_463.png"",""/tangrams/382_112.png"",""/tangrams/18_364.png""]","[""B4"",""C1"",""D3"",""A2""]",/tangrams/18_364.png,TRUE,/tangrams/18_364.png,01M2154MFSP4VTTH1ZQNHW7C0J,01M21557T3YDBSX3GT1DB1X6ZD,1788893914977,NA,2
01M215M1PHSA140AWR6GD1FD2H,01M215K1RCENCVM87G4759AF5H,training,22,1,11,48,12,12,/tangrams/244_345.png,B1,"[""/tangrams/72_275.png"",""/tangrams/161_312.png"",""/tangrams/244_345.png"",""/tangrams/137_213.png""]","[""A4"",""C2"",""B1"",""D3""]",/tangrams/244_345.png,TRUE,/tangrams/244_345.png,01M215AVP11B8QPDVCJRC6C334,01M21569Y0RK1B1KAXYKBVZA95,1788895069567,NA,2
01M215N3FTYVQ9B9FR8FGKJWC4,01M215K2BSVQ6X8DX5GH1YZX6B,training,25,2,2,48,12,12,/tangrams/161_345.png,C1,"[""/tangrams/161_345.png"",""/tangrams/137_312.png"",""/tangrams/244_275.png"",""/tangrams/72_213.png""]","[""C1"",""D2"",""B4"",""A3""]",/tangrams/161_345.png,TRUE,/tangrams/161_345.png,01M2157YJ34JPNQ0ZE6DJJD3G3,01M2159JAWAFEZB1KH9W5K5DTC,1788895448779,NA,3
01M20YSTP3GGC4S20V15AQH46P,01M20X0YW80CVJTXB8KR0PJ9Z8,training,10,0,11,48,12,8,/tangrams/368_444.png,A4,"[""/tangrams/265_436.png"",""/tangrams/192_219.png"",""/tangrams/353_235.png"",""/tangrams/368_444.png""]","[""C1"",""D2"",""B3"",""A4""]",NA,NA,NA,NA,NA,NA,NA,1
01M214YWX6GSW84Z8YN1KSRW39,01M20X148VH9T6HPBHADHZGVW4,training,3,0,4,48,12,11,/tangrams/444_435.png,F3,"[""/tangrams/328_256.png"",""/tangrams/311_23.png"",""/tangrams/192_185.png"",""/tangrams/444_435.png""]","[""F7"",""F5"",""F6"",""F3""]",/tangrams/444_435.png,TRUE,/tangrams/444_435.png,01M214CEQK5BQH1Z1J11PQVC16,01M214D5P3NXWG18WF1J3F1VFS,1788893177187,NA,1
01M215BM0R1VQ52PANCPCP0ZZR,01M20X148Y8KBRQFNJTS9AKRW4,training,14,1,3,48,12,9,/tangrams/130_469.png,A4,"[""/tangrams/144_181.png"",""/tangrams/130_469.png"",""/tangrams/49_129.png"",""/tangrams/39_34.png""]","[""B1"",""A4"",""D3"",""C2""]",/tangrams/130_469.png,TRUE,/tangrams/130_469.png,01M2154JXMHS9BTWF8FWDE7774,01M21546HN9E95PWNR6ZWTAMM2,1788894490565,NA,2
01M215HB5HMXN062KM3T6X1Y03,01M20X16AD7EKSEGH5WBVM39Q0,training,15,1,4,48,12,11,/tangrams/455_227.png,D3,"[""/tangrams/296_392.png"",""/tangrams/455_227.png"",""/tangrams/316_345.png"",""/tangrams/293_156.png""]","[""C2"",""D3"",""A4"",""B1""]",/tangrams/455_227.png,TRUE,/tangrams/455_227.png,01M2153SDRH4EZ5F2YRG65W4Z9,01M2155PH51FH1Y7QSBY0YCPQ8,1788894825884,NA,2
01M20YKS71JD93VBXAVVCKV3SF,01M20WZK5AY7SPG9YB2GY60XCH,training,34,2,11,48,12,8,/tangrams/265_219.png,C2,"[""/tangrams/353_444.png"",""/tangrams/368_235.png"",""/tangrams/265_219.png"",""/tangrams/192_436.png""]","[""B4"",""A3"",""C2"",""D1""]",NA,NA,NA,NA,NA,NA,NA,3
01M20YSTTYB6KDTEDXDWP8Z4FV,01M20X0YW80CVJTXB8KR0PJ9Z8,training,7,0,8,48,12,8,/tangrams/192_436.png,D1,"[""/tangrams/265_219.png"",""/tangrams/368_235.png"",""/tangrams/353_444.png"",""/tangrams/192_436.png""]","[""C2"",""A3"",""B4"",""D1""]",NA,NA,NA,NA,NA,NA,NA,1
01M215GG5SBBTMV4C0XV8WGATA,01M20X14TPRK3E5KMRXWZZW19Q,training,23,1,12,48,12,9,/tangrams/89_182.png,F5,"[""/tangrams/47_268.png"",""/tangrams/364_46.png"",""/tangrams/89_182.png"",""/tangrams/425_194.png""]","[""F6"",""F1"",""F5"",""F2""]",/tangrams/425_194.png,FALSE,/tangrams/425_194.png,01M214B7NK5TMY7WTYY3DVP911,01M214C4QNBNJ9JQSE7YJ5TDCV,1788894967291,NA,2
01M215N3KTC3Q8THT5B926JD6R,01M215K2BSVQ6X8DX5GH1YZX6B,training,30,2,7,48,12,12,/tangrams/72_213.png,A3,"[""/tangrams/137_312.png"",""/tangrams/161_275.png"",""/tangrams/72_213.png"",""/tangrams/244_345.png""]","[""D2"",""C4"",""A3"",""B1""]",/tangrams/72_213.png,TRUE,/tangrams/72_213.png,01M2159JAWAFEZB1KH9W5K5DTC,01M2157YJ34JPNQ0ZE6DJJD3G3,1788895573846,NA,3
01M20YD5VB0EEWZT5KTFEJZAB8,01M20WZK57NAX0A8X7B3WNHQN9,training,4,0,5,48,12,8,/tangrams/368_436.png,A1,"[""/tangrams/265_235.png"",""/tangrams/414_365.png"",""/tangrams/368_436.png"",""/tangrams/192_444.png""]","[""C3"",""F6"",""A1"",""D4""]",/tangrams/368_436.png,TRUE,/tangrams/368_436.png,01M20Y7KTG16QCRZCK67K4YDTR,01M20XW9BF9HJ5QA1N7YCTN8ZM,1788886409581,NA,1
01M20Z96F3V2531DNSE6FYE9NB,01M20X11N92ZFWXFVKY2CVEME8,training,38,3,3,48,12,9,/tangrams/49_181.png,D1,"[""/tangrams/39_34.png"",""/tangrams/144_129.png"",""/tangrams/49_181.png"",""/tangrams/130_469.png""]","[""C2"",""B3"",""D1"",""A4""]",NA,NA,NA,NA,NA,NA,NA,4
01M214JDF9P063GR2NQ3PWS75H,01M20X0YW4S4FB44B5GCQBDAXT,training,31,2,8,48,12,9,/tangrams/425_194.png,F2,"[""/tangrams/364_46.png"",""/tangrams/455_435.png"",""/tangrams/425_194.png"",""/tangrams/436_72.png""]","[""F1"",""F4"",""F2"",""F7""]",NA,NA,NA,NA,NA,NA,NA,3
01M215B1BSPSA9DVX0NNHANSTK,01M20X13PPQ56SF2D1TXYZ1GT1,training,32,2,9,48,12,8,/tangrams/265_219.png,C2,"[""/tangrams/265_219.png"",""/tangrams/368_444.png"",""/tangrams/353_235.png"",""/tangrams/192_436.png""]","[""C2"",""A4"",""B3"",""D1""]",/tangrams/265_219.png,TRUE,/tangrams/265_219.png,01M2155RV91S7EYVKS22CN3J6W,01M21549E1T7PGG1H0FCWWP74Z,1788895112365,NA,3
01M215GFT9S6RGRKGE8DYE0D4A,01M20X14TPRK3E5KMRXWZZW19Q,training,7,0,8,48,12,9,/tangrams/39_129.png,C3,"[""/tangrams/49_469.png"",""/tangrams/364_46.png"",""/tangrams/39_129.png"",""/tangrams/455_435.png""]","[""D4"",""F1"",""C3"",""F4""]",/tangrams/39_129.png,TRUE,/tangrams/39_129.png,01M214B7NK5TMY7WTYY3DVP911,01M214C4QNBNJ9JQSE7YJ5TDCV,1788894362073,NA,1
01M215GFWJQ97KZKC7H2CQ36QM,01M20X14TPRK3E5KMRXWZZW19Q,training,10,0,11,48,12,9,/tangrams/455_435.png,F4,"[""/tangrams/144_34.png"",""/tangrams/39_129.png"",""/tangrams/364_46.png"",""/tangrams/455_435.png""]","[""B2"",""C3"",""F1"",""F4""]",/tangrams/455_435.png,TRUE,/tangrams/455_435.png,01M214C4QNBNJ9JQSE7YJ5TDCV,01M214B7NK5TMY7WTYY3DVP911,1788894473363,NA,1
01M215HJ92AR1SSJV962X96V4X,01M20X148Y8KBRQFNJT9HAMJT5,training,19,1,8,48,12,10,/tangrams/382_463.png,D1,"[""/tangrams/382_463.png"",""/tangrams/62_463.png"",""/tangrams/382_112.png"",""/tangrams/18_107.png""]","[""D1"",""C1"",""D3"",""A4""]",/tangrams/18_107.png,FALSE,/tangrams/18_107.png,01M214DZ3N8JPJ1Z6KSP8PYNZQ,01M214PMGV2W0E0MG6FCTN05EB,1788895761728,NA,2
01M215K2JWECYZGANDQZFG13TF,01M20X175HY3CRCTEMGHN0JEQ3,training,1,0,2,48,12,11,/tangrams/296_345.png,C4,"[""/tangrams/296_345.png"",""/tangrams/316_392.png"",""/tangrams/455_156.png"",""/tangrams/293_227.png""]","[""C4"",""A2"",""D1"",""B3""]",/tangrams/296_345.png,TRUE,/tangrams/296_345.png,01M2154HBQMMKX5AJ9BGZ61E13,01M2154P1EJW4QYGH77ZY8V300,1788893833795,NA,1
01M215PMNHAGEYM1RMQXH21CD4,01M215M9N7M1Y02J02DK7JKTQA,training,21,1,10,48,12,13,/tangrams/403_142.png,D1,"[""/tangrams/42_63.png"",""/tangrams/113_335.png"",""/tangrams/66_164.png"",""/tangrams/403_142.png""]","[""B4"",""C2"",""A3"",""D1""]",NA,NA,NA,NA,NA,NA,NA,2
01M215Z3QVQ4V92G2WHHD51YMQ,01M20X14TTKZWGB70XGMAFRR2H,training,45,3,10,48,12,8,/tangrams/353_235.png,B3,"[""/tangrams/192_219.png"",""/tangrams/368_235.png"",""/tangrams/353_235.png"",""/tangrams/353_444.png""]","[""D2"",""A3"",""B3"",""B4""]",/tangrams/353_235.png,TRUE,/tangrams/353_235.png,01M215F66CRM1GV0R6SDQ69WCM,01M215FK0ZT4PGXXVV13WRHJPB,1788897091119,NA,4
01M214KY4R8RN332919D415R4W,01M20X12WH32MX7V56M1SN262T,training,47,3,12,48,12,10,/tangrams/62_112.png,C3,"[""/tangrams/18_463.png"",""/tangrams/180_425.png"",""/tangrams/62_112.png"",""/tangrams/405_327.png""]","[""A1"",""F5"",""C3"",""F1""]",/tangrams/62_112.png,TRUE,/tangrams/62_112.png,01M214AY9SMBAC3FWH0EN358MB,01M214C29BTAAYH03KHSYPYBMR,1788893952011,NA,4
01M215AABN0EHPTT18TTRA9HCN,01M20X12WE7PPHA7JSTZZ2E6FT,training,6,0,7,48,12,8,/tangrams/192_219.png,D2,"[""/tangrams/368_444.png"",""/tangrams/265_436.png"",""/tangrams/353_235.png"",""/tangrams/192_219.png""]","[""A4"",""C1"",""B3"",""D2""]",/tangrams/192_219.png,TRUE,/tangrams/192_219.png,01M2154T01JJAXZD005VWMS05B,01M2154MN76WHSRHJG8SAKSTFM,1788893991057,NA,1
01M215AAFVYFHTACYQW493QP87,01M20X12WE7PPHA7JSTZZ2E6FT,training,12,1,1,48,12,8,/tangrams/353_444.png,B4,"[""/tangrams/265_436.png"",""/tangrams/192_235.png"",""/tangrams/353_444.png"",""/tangrams/368_219.png""]","[""C1"",""D3"",""B4"",""A2""]",/tangrams/353_444.png,TRUE,/tangrams/353_444.png,01M2154T01JJAXZD005VWMS05B,01M2154MN76WHSRHJG8SAKSTFM,1788894168937,NA,2
01M215HBQD65MNZ186H53JJNBF,01M20X16AD7EKSEGH5WBVM39Q0,training,36,3,1,48,12,11,/tangrams/455_392.png,D2,"[""/tangrams/316_227.png"",""/tangrams/296_156.png"",""/tangrams/455_392.png"",""/tangrams/293_345.png""]","[""A3"",""C1"",""D2"",""B4""]",/tangrams/455_392.png,TRUE,/tangrams/455_392.png,01M2155PH51FH1Y7QSBY0YCPQ8,01M2153SDRH4EZ5F2YRG65W4Z9,1788895498796,NA,4
01M215M27Z8XZS4AP9WW536TWV,01M215K1RCENCVM87G4759AF5H,training,5,0,6,48,12,12,/tangrams/244_275.png,B4,"[""/tangrams/137_312.png"",""/tangrams/72_213.png"",""/tangrams/244_275.png"",""/tangrams/161_345.png""]","[""D2"",""A3"",""B4"",""C1""]",/tangrams/244_275.png,TRUE,/tangrams/244_275.png,01M21569Y0RK1B1KAXYKBVZA95,01M215AVP11B8QPDVCJRC6C334,1788894711712,NA,1
01M214K262MY4522PGSFZAYKS3,01M20X11N5A2NXXZZPJ1AXFSW6,training,23,1,12,48,12,9,/tangrams/6_423.png,F3,"[""/tangrams/425_194.png"",""/tangrams/133_40.png"",""/tangrams/6_423.png"",""/tangrams/39_129.png""]","[""F2"",""F8"",""F3"",""C3""]",/tangrams/6_423.png,TRUE,/tangrams/6_423.png,01M214DGSKEJ8ZAHQ4WC2E0G7N,01M214ERNYBYY3EBY90CCRQDQJ,1788893496568,NA,2
01M214KY7WTMMJP6BMW715VW9W,01M20X12WH32MX7V56M1SN262T,training,42,3,7,48,12,10,/tangrams/411_364.png,B2,"[""/tangrams/180_425.png"",""/tangrams/382_107.png"",""/tangrams/411_364.png"",""/tangrams/405_327.png""]","[""F5"",""D4"",""B2"",""F1""]",/tangrams/411_364.png,TRUE,/tangrams/411_364.png,01M214C29BTAAYH03KHSYPYBMR,01M214AY9SMBAC3FWH0EN358MB,1788893877807,NA,4
01M215BKXFAHQ8K45D03MQZD3Q,01M20X148Y8KBRQFNJTS9AKRW4,training,19,1,8,48,12,9,/tangrams/39_181.png,C1,"[""/tangrams/144_469.png"",""/tangrams/49_34.png"",""/tangrams/39_181.png"",""/tangrams/130_129.png""]","[""B4"",""D2"",""C1"",""A3""]",/tangrams/39_181.png,TRUE,/tangrams/39_181.png,01M21546HN9E95PWNR6ZWTAMM2,01M2154JXMHS9BTWF8FWDE7774,1788894681262,NA,2
01M215N3GV9QYJ7H3G05BHRND0,01M215K2BSVQ6X8DX5GH1YZX6B,training,26,2,3,48,12,12,/tangrams/137_213.png,D3,"[""/tangrams/161_275.png"",""/tangrams/137_213.png"",""/tangrams/244_345.png"",""/tangrams/72_312.png""]","[""C4"",""D3"",""B1"",""A2""]",/tangrams/137_213.png,TRUE,/tangrams/137_213.png,01M2159JAWAFEZB1KH9W5K5DTC,01M2157YJ34JPNQ0ZE6DJJD3G3,1788895477730,NA,3
01M20YKS5V658HPFCT0VDZKXX4,01M20WZK5AY7SPG9YB2GY60XCH,training,28,2,5,48,12,8,/tangrams/265_436.png,C1,"[""/tangrams/265_436.png"",""/tangrams/368_235.png"",""/tangrams/353_444.png"",""/tangrams/192_219.png""]","[""C1"",""A3"",""B4"",""D2""]",NA,NA,NA,NA,NA,NA,NA,3
01M21534C7BH9P80VPYWR13EJZ,01M20X13PNQ3DCXFM6ND825C25,training,32,2,9,48,12,9,/tangrams/39_181.png,C1,"[""/tangrams/39_181.png"",""/tangrams/49_181.png"",""/tangrams/39_469.png"",""/tangrams/130_34.png""]","[""C1"",""D1"",""C4"",""A2""]",/tangrams/130_34.png,FALSE,/tangrams/130_34.png,01M214P0SMCPMD4G6CRK6QKHYR,01M214JN3YRRY4RAVQ10A1MK5E,1788895152693,NA,3
01M215DN8783K5AS858RPA07Y2,01M20X15BBYTN3YPSFQGJ5ZXF5,training,37,3,2,48,12,10,/tangrams/62_463.png,C1,"[""/tangrams/18_364.png"",""/tangrams/411_107.png"",""/tangrams/382_112.png"",""/tangrams/62_463.png""]","[""A2"",""B4"",""D3"",""C1""]",/tangrams/62_463.png,TRUE,/tangrams/62_463.png,01M21552Z3FC5ZE6SYNEHHVAW4,01M21567THKMHSR683ZH4K0TNA,1788895655772,NA,4
01M20XZDEB0H8ZMC9BXW569DF6,01M20WZK596SFHM9YDB6TD7NK1,training,24,2,1,48,12,6,/tangrams/4_153.png,C4,"[""/tangrams/4_153.png"",""/tangrams/4_437.png"",""/tangrams/81_324.png"",""/tangrams/275_153.png""]","[""C4"",""C2"",""B3"",""A4""]",/tangrams/4_153.png,TRUE,/tangrams/4_153.png,01M20XSN3R16DSBXVRQKQSS665,01M20X6CEXP7W9NTPEWK7QNX8Z,1788886892786,NA,3
01M214YX86N09T9VVYHE9TRDR3,01M20X148VH9T6HPBHADHZGVW4,training,29,2,6,48,12,11,/tangrams/328_256.png,F7,"[""/tangrams/328_256.png"",""/tangrams/316_156.png"",""/tangrams/274_4.png"",""/tangrams/321_431.png""]","[""F7"",""A1"",""F2"",""F4""]",/tangrams/328_256.png,TRUE,/tangrams/328_256.png,01M214CEQK5BQH1Z1J11PQVC16,01M214D5P3NXWG18WF1J3F1VFS,1788894279912,NA,3
01M215EHEHSYNCM9MYPG0MGD4H,01M20X15T7F67D04XT463JKFRX,training,10,0,11,48,12,10,/tangrams/62_107.png,C4,"[""/tangrams/382_112.png"",""/tangrams/62_107.png"",""/tangrams/411_463.png"",""/tangrams/18_364.png""]","[""D3"",""C4"",""B1"",""A2""]",/tangrams/62_107.png,TRUE,/tangrams/62_107.png,01M21557T3YDBSX3GT1DB1X6ZD,01M2154MFSP4VTTH1ZQNHW7C0J,1788893800933,NA,1
01M215EHH97QNRN91QQZ6EKQVW,01M20X15T7F67D04XT463JKFRX,training,8,0,9,48,12,10,/tangrams/382_112.png,D3,"[""/tangrams/62_463.png"",""/tangrams/382_112.png"",""/tangrams/18_364.png"",""/tangrams/411_107.png""]","[""C1"",""D3"",""A2"",""B4""]",/tangrams/382_112.png,TRUE,/tangrams/382_112.png,01M21557T3YDBSX3GT1DB1X6ZD,01M2154MFSP4VTTH1ZQNHW7C0J,1788893736008,NA,1
01M215N2KT3TKCEPR0YZ99W34M,01M215K2BSVQ6X8DX5GH1YZX6B,training,9,0,10,48,12,12,/tangrams/161_312.png,C2,"[""/tangrams/161_312.png"",""/tangrams/72_275.png"",""/tangrams/137_213.png"",""/tangrams/244_345.png""]","[""C2"",""A4"",""D3"",""B1""]",/tangrams/161_312.png,TRUE,/tangrams/161_312.png,01M2157YJ34JPNQ0ZE6DJJD3G3,01M2159JAWAFEZB1KH9W5K5DTC,1788895001939,NA,1
01M215BMEGDJMB0FE59AJ59S15,01M20X148Y8KBRQFNJTS9AKRW4,training,32,2,9,48,12,9,/tangrams/130_469.png,A4,"[""/tangrams/144_129.png"",""/tangrams/49_181.png"",""/tangrams/39_34.png"",""/tangrams/130_469.png""]","[""B3"",""D1"",""C2"",""A4""]",/tangrams/130_469.png,TRUE,/tangrams/130_469.png,01M2154JXMHS9BTWF8FWDE7774,01M21546HN9E95PWNR6ZWTAMM2,1788895091725,NA,3
01M215DNC82GBNS8420ACZGQEW,01M20X15BBYTN3YPSFQGJ5ZXF5,training,43,3,8,48,12,10,/tangrams/62_107.png,C4,"[""/tangrams/18_364.png"",""/tangrams/411_112.png"",""/tangrams/62_107.png"",""/tangrams/382_463.png""]","[""A2"",""B3"",""C4"",""D1""]",/tangrams/62_107.png,TRUE,/tangrams/62_107.png,01M21552Z3FC5ZE6SYNEHHVAW4,01M21567THKMHSR683ZH4K0TNA,1788895845982,NA,4
01M215HJKBF1BQZPBW1XWE8T4P,01M20X148Y8KBRQFNJT9HAMJT5,training,45,3,10,48,12,10,/tangrams/18_107.png,A4,"[""/tangrams/411_107.png"",""/tangrams/382_463.png"",""/tangrams/18_107.png"",""/tangrams/18_112.png""]","[""B4"",""D1"",""A4"",""A3""]",/tangrams/18_112.png,FALSE,/tangrams/18_112.png,01M214DZ3N8JPJ1Z6KSP8PYNZQ,01M214PMGV2W0E0MG6FCTN05EB,1788897016681,NA,4
01M215Z2E7NVWHR9G1GGTAK4XQ,01M20X14TTKZWGB70XGMAFRR2H,training,8,0,9,48,12,8,/tangrams/265_219.png,C2,"[""/tangrams/368_219.png"",""/tangrams/265_219.png"",""/tangrams/353_235.png"",""/tangrams/265_444.png""]","[""A2"",""C2"",""B3"",""C4""]",/tangrams/265_219.png,TRUE,/tangrams/265_219.png,01M215FK0ZT4PGXXVV13WRHJPB,01M215F66CRM1GV0R6SDQ69WCM,1788895392353,NA,1
01M214NB9TG1H46C3C8HJG6DZE,01M20X13PJV655EHMJRF5XR4PG,training,42,3,7,48,12,10,/tangrams/426_419.png,F8,"[""/tangrams/426_419.png"",""/tangrams/57_85.png"",""/tangrams/18_463.png"",""/tangrams/62_112.png""]","[""F8"",""F2"",""A1"",""C3""]",NA,NA,NA,NA,NA,NA,NA,4
01M215AA6ZF0SV8MZ4YXQR4JFT,01M20X12WE7PPHA7JSTZZ2E6FT,training,0,0,1,48,12,8,/tangrams/368_219.png,A2,"[""/tangrams/192_235.png"",""/tangrams/265_444.png"",""/tangrams/368_219.png"",""/tangrams/353_436.png""]","[""D3"",""C4"",""A2"",""B1""]",/tangrams/353_436.png,FALSE,/tangrams/353_436.png,01M2154T01JJAXZD005VWMS05B,01M2154MN76WHSRHJG8SAKSTFM,1788893806650,1788893787495,1
01M215HJ4HJ3C89PH449RGDE9M,01M20X148Y8KBRQFNJT9HAMJT5,training,24,2,1,48,12,10,/tangrams/411_107.png,B4,"[""/tangrams/18_107.png"",""/tangrams/382_463.png"",""/tangrams/411_112.png"",""/tangrams/411_107.png""]","[""A4"",""D1"",""B3"",""B4""]",/tangrams/411_107.png,TRUE,/tangrams/411_107.png,01M214PMGV2W0E0MG6FCTN05EB,01M214DZ3N8JPJ1Z6KSP8PYNZQ,1788895965196,NA,3
01M215M1A06E5SHXTX89WFJED2,01M215K1RCENCVM87G4759AF5H,training,36,3,1,48,12,12,/tangrams/137_312.png,D2,"[""/tangrams/244_345.png"",""/tangrams/72_213.png"",""/tangrams/137_312.png"",""/tangrams/161_275.png""]","[""B1"",""A3"",""D2"",""C4""]",/tangrams/137_312.png,TRUE,/tangrams/137_312.png,01M215AVP11B8QPDVCJRC6C334,01M21569Y0RK1B1KAXYKBVZA95,1788895292821,NA,4
01M215M1W36JDBVBDQAW6K36KS,01M215K1RCENCVM87G4759AF5H,training,16,1,5,48,12,12,/tangrams/137_213.png,D3,"[""/tangrams/137_213.png"",""/tangrams/244_345.png"",""/tangrams/161_275.png"",""/tangrams/72_312.png""]","[""D3"",""B1"",""C4"",""A2""]",/tangrams/137_213.png,TRUE,/tangrams/137_213.png,01M215AVP11B8QPDVCJRC6C334,01M21569Y0RK1B1KAXYKBVZA95,1788894976969,NA,2
01M20YSTQQ3C4PCYHDB6QDKXZJ,01M20X0YW80CVJTXB8KR0PJ9Z8,training,16,1,5,48,12,8,/tangrams/353_436.png,B1,"[""/tangrams/265_444.png"",""/tangrams/368_235.png"",""/tangrams/192_219.png"",""/tangrams/353_436.png""]","[""C4"",""A3"",""D2"",""B1""]",NA,NA,NA,NA,NA,NA,NA,2
01M214QK62Z38QQ7SRJFJDBFM0,01M20X0YW742ZY2EX5FCQ61EFA,training,27,2,4,48,12,8,/tangrams/353_235.png,B3,"[""/tangrams/368_219.png"",""/tangrams/353_235.png"",""/tangrams/353_436.png"",""/tangrams/192_235.png""]","[""A2"",""B3"",""B1"",""D3""]",NA,NA,NA,NA,NA,NA,NA,3
01M214YX35C5XVC9BWMNP7N8ZQ,01M20X148VH9T6HPBHADHZGVW4,training,14,1,3,48,12,11,/tangrams/455_345.png,D4,"[""/tangrams/296_227.png"",""/tangrams/274_4.png"",""/tangrams/455_345.png"",""/tangrams/328_256.png""]","[""C3"",""F2"",""D4"",""F7""]",/tangrams/455_345.png,TRUE,/tangrams/455_345.png,01M214D5P3NXWG18WF1J3F1VFS,01M214CEQK5BQH1Z1J11PQVC16,1788893881074,NA,2
01M214YXAH256K6M6QW55ENH5F,01M20X148VH9T6HPBHADHZGVW4,training,37,3,2,48,12,11,/tangrams/192_185.png,F6,"[""/tangrams/192_185.png"",""/tangrams/444_435.png"",""/tangrams/241_194.png"",""/tangrams/328_256.png""]","[""F6"",""F3"",""F8"",""F7""]",/tangrams/192_185.png,TRUE,/tangrams/192_185.png,01M214CEQK5BQH1Z1J11PQVC16,01M214D5P3NXWG18WF1J3F1VFS,1788894459497,NA,4
01M215AAJXWT308BZYS3T1M1JY,01M20X12WE7PPHA7JSTZZ2E6FT,training,19,1,8,48,12,8,/tangrams/192_436.png,D1,"[""/tangrams/265_219.png"",""/tangrams/192_436.png"",""/tangrams/353_444.png"",""/tangrams/368_235.png""]","[""C2"",""D1"",""B4"",""A3""]",/tangrams/192_436.png,TRUE,/tangrams/192_436.png,01M2154MN76WHSRHJG8SAKSTFM,01M2154T01JJAXZD005VWMS05B,1788894340048,NA,2
01M215EH6DZHTNMJAFJDM87P6J,01M20X15T7F67D04XT463JKFRX,training,47,3,12,48,12,10,/tangrams/62_107.png,C4,"[""/tangrams/18_364.png"",""/tangrams/62_107.png"",""/tangrams/382_112.png"",""/tangrams/411_463.png""]","[""A2"",""C4"",""D3"",""B1""]",/tangrams/62_107.png,TRUE,/tangrams/62_107.png,01M2154MFSP4VTTH1ZQNHW7C0J,01M21557T3YDBSX3GT1DB1X6ZD,1788894762559,NA,4
01M215EHC2MV0R9PB1YCZSV21Y,01M20X15T7F67D04XT463JKFRX,training,42,3,7,48,12,10,/tangrams/382_364.png,D2,"[""/tangrams/18_112.png"",""/tangrams/382_364.png"",""/tangrams/62_107.png"",""/tangrams/411_463.png""]","[""A3"",""D2"",""C4"",""B1""]",/tangrams/382_364.png,TRUE,/tangrams/382_364.png,01M21557T3YDBSX3GT1DB1X6ZD,01M2154MFSP4VTTH1ZQNHW7C0J,1788894602193,NA,4
01M20YSTREK0BHW7A54SQYBZ41,01M20X0YW80CVJTXB8KR0PJ9Z8,training,24,2,1,48,12,8,/tangrams/265_219.png,C2,"[""/tangrams/192_436.png"",""/tangrams/368_444.png"",""/tangrams/353_235.png"",""/tangrams/265_219.png""]","[""D1"",""A4"",""B3"",""C2""]",NA,NA,NA,NA,NA,NA,NA,3
01M20Z96KH63DSEE1X7VZ28RDK,01M20X11N92ZFWXFVKY2CVEME8,training,35,2,12,48,12,9,/tangrams/49_129.png,D3,"[""/tangrams/130_34.png"",""/tangrams/49_129.png"",""/tangrams/39_469.png"",""/tangrams/144_181.png""]","[""A2"",""D3"",""C4"",""B1""]",NA,NA,NA,NA,NA,NA,NA,3
01M214JDA6Z72PSMSF5YHSV18G,01M20X0YW4S4FB44B5GCQBDAXT,training,3,0,4,48,12,9,/tangrams/133_40.png,F8,"[""/tangrams/364_46.png"",""/tangrams/455_435.png"",""/tangrams/89_182.png"",""/tangrams/133_40.png""]","[""F1"",""F4"",""F5"",""F8""]",NA,FALSE,NA,01M20XC1CR2BQSQ9QRRT7VRXFA,01M214EQ4FACEB4DB1G63HBRYM,NA,NA,1
01M214KY0YV0R7XY2GBKPGA9PC,01M20X12WH32MX7V56M1SN262T,training,7,0,8,48,12,10,/tangrams/315_224.png,F6,"[""/tangrams/284_245.png"",""/tangrams/405_327.png"",""/tangrams/382_107.png"",""/tangrams/315_224.png""]","[""F7"",""F1"",""D4"",""F6""]",/tangrams/315_224.png,TRUE,/tangrams/315_224.png,01M214AY9SMBAC3FWH0EN358MB,01M214C29BTAAYH03KHSYPYBMR,1788892959453,NA,1
01M214KY54PT1Z6FZMBS8YZWNJ,01M20X12WH32MX7V56M1SN262T,training,27,2,4,48,12,10,/tangrams/316_89.png,F3,"[""/tangrams/411_364.png"",""/tangrams/316_89.png"",""/tangrams/284_245.png"",""/tangrams/180_425.png""]","[""B2"",""F3"",""F7"",""F5""]",/tangrams/316_89.png,TRUE,/tangrams/316_89.png,01M214AY9SMBAC3FWH0EN358MB,01M214C29BTAAYH03KHSYPYBMR,1788893633463,NA,3
01M2153476BX7DBA0RJYEQ4W97,01M20X13PNQ3DCXFM6ND825C25,training,0,0,1,48,12,9,/tangrams/144_181.png,B1,"[""/tangrams/144_469.png"",""/tangrams/49_181.png"",""/tangrams/144_181.png"",""/tangrams/39_34.png""]","[""B4"",""D1"",""B1"",""C2""]",NA,FALSE,NA,01M214P0SMCPMD4G6CRK6QKHYR,01M214JN3YRRY4RAVQ10A1MK5E,NA,NA,1
01M215GG9KKWFXS6AVMY4342PW,01M20X14TPRK3E5KMRXWZZW19Q,training,28,2,5,48,12,9,/tangrams/364_46.png,F1,"[""/tangrams/39_129.png"",""/tangrams/49_469.png"",""/tangrams/425_194.png"",""/tangrams/364_46.png""]","[""C3"",""D4"",""F2"",""F1""]",/tangrams/364_46.png,TRUE,/tangrams/364_46.png,01M214C4QNBNJ9JQSE7YJ5TDCV,01M214B7NK5TMY7WTYY3DVP911,1788895161237,NA,3
01M215HBX14DNZY9NJWP0JK0XN,01M20X16AD7EKSEGH5WBVM39Q0,training,42,3,7,48,12,11,/tangrams/296_156.png,C1,"[""/tangrams/296_156.png"",""/tangrams/455_392.png"",""/tangrams/316_227.png"",""/tangrams/293_345.png""]","[""C1"",""D2"",""A3"",""B4""]",/tangrams/296_156.png,TRUE,/tangrams/296_156.png,01M2155PH51FH1Y7QSBY0YCPQ8,01M2153SDRH4EZ5F2YRG65W4Z9,1788895635043,NA,4
01M215HJR1SENM5MZ53AQDQE1F,01M20X148Y8KBRQFNJT9HAMJT5,training,38,3,3,48,12,10,/tangrams/62_364.png,C2,"[""/tangrams/62_364.png"",""/tangrams/382_364.png"",""/tangrams/18_112.png"",""/tangrams/62_107.png""]","[""C2"",""D2"",""A3"",""C4""]",/tangrams/382_364.png,FALSE,/tangrams/382_364.png,01M214PMGV2W0E0MG6FCTN05EB,01M214DZ3N8JPJ1Z6KSP8PYNZQ,1788896654233,NA,4
01M215Z36TK2G30NN5KX3E1DVC,01M20X14TTKZWGB70XGMAFRR2H,training,30,2,7,48,12,8,/tangrams/353_235.png,B3,"[""/tangrams/353_444.png"",""/tangrams/368_219.png"",""/tangrams/192_235.png"",""/tangrams/353_235.png""]","[""B4"",""A2"",""D3"",""B3""]",/tangrams/353_235.png,TRUE,/tangrams/353_235.png,01M215FK0ZT4PGXXVV13WRHJPB,01M215F66CRM1GV0R6SDQ69WCM,1788896488017,NA,3
01M20YSTM0EFN3XSCV00M69930,01M20X0YW80CVJTXB8KR0PJ9Z8,training,0,0,1,48,12,8,/tangrams/192_219.png,D2,"[""/tangrams/192_219.png"",""/tangrams/265_436.png"",""/tangrams/353_444.png"",""/tangrams/368_235.png""]","[""D2"",""C1"",""B4"",""A3""]",NA,FALSE,NA,01M20YFWSW201KBFQ9VJEWCE3F,01M20X9S6MHFD408HZGZ3B23DP,NA,NA,1
01M214NB88K1Q3W1Z7XHVXT5PG,01M20X13PJV655EHMJRF5XR4PG,training,36,3,1,48,12,10,/tangrams/382_107.png,D4,"[""/tangrams/426_419.png"",""/tangrams/411_364.png"",""/tangrams/382_107.png"",""/tangrams/284_245.png""]","[""F8"",""B2"",""D4"",""F7""]",NA,NA,NA,NA,NA,NA,NA,4
01M215AAKAA3DTJ94ACB1478DZ,01M20X12WE7PPHA7JSTZZ2E6FT,training,20,1,9,48,12,8,/tangrams/265_436.png,C1,"[""/tangrams/192_235.png"",""/tangrams/368_219.png"",""/tangrams/353_444.png"",""/tangrams/265_436.png""]","[""D3"",""A2"",""B4"",""C1""]",/tangrams/265_436.png,TRUE,/tangrams/265_436.png,01M2154T01JJAXZD005VWMS05B,01M2154MN76WHSRHJG8SAKSTFM,1788894359560,NA,2
01M215DMNNCGKV0DDYGHTZFAQA,01M20X15BBYTN3YPSFQGJ5ZXF5,training,7,0,8,48,12,10,/tangrams/411_463.png,B1,"[""/tangrams/411_463.png"",""/tangrams/18_364.png"",""/tangrams/382_112.png"",""/tangrams/62_107.png""]","[""B1"",""A2"",""D3"",""C4""]",/tangrams/411_463.png,TRUE,/tangrams/411_463.png,01M21552Z3FC5ZE6SYNEHHVAW4,01M21567THKMHSR683ZH4K0TNA,1788894505938,NA,1
01M215GG81P5JPY0GQV8FZ6R19,01M20X14TPRK3E5KMRXWZZW19Q,training,26,2,3,48,12,9,/tangrams/89_182.png,F5,"[""/tangrams/49_469.png"",""/tangrams/89_182.png"",""/tangrams/6_423.png"",""/tangrams/144_34.png""]","[""D4"",""F5"",""F3"",""B2""]",/tangrams/89_182.png,TRUE,/tangrams/89_182.png,01M214C4QNBNJ9JQSE7YJ5TDCV,01M214B7NK5TMY7WTYY3DVP911,1788895067153,NA,3
01M215PN8FPVN8KEDDQ4FC2TEZ,01M215M9N7M1Y02J02DK7JKTQA,training,37,3,2,48,12,13,/tangrams/66_335.png,A2,"[""/tangrams/42_164.png"",""/tangrams/66_335.png"",""/tangrams/403_142.png"",""/tangrams/113_63.png""]","[""B3"",""A2"",""D1"",""C4""]",NA,NA,NA,NA,NA,NA,NA,4
01M215D012VFBHVMVGKDDVQCGX,01M20X14TW6FQW067YRK6RNDKN,training,27,2,4,48,12,9,/tangrams/49_181.png,D1,"[""/tangrams/130_34.png"",""/tangrams/49_181.png"",""/tangrams/39_469.png"",""/tangrams/144_129.png""]","[""A2"",""D1"",""C4"",""B3""]",/tangrams/49_181.png,TRUE,/tangrams/49_181.png,01M2154QPBTEQ4FE8D65KC2SJY,01M2156K7QTNRYHY4BTF9XK016,1788894682934,NA,3
01M215GGE84ENJ81S2V8MW4A52,01M20X14TPRK3E5KMRXWZZW19Q,training,35,2,12,48,12,9,/tangrams/425_194.png,F2,"[""/tangrams/49_469.png"",""/tangrams/89_182.png"",""/tangrams/425_194.png"",""/tangrams/130_181.png""]","[""D4"",""F5"",""F2"",""A1""]",/tangrams/425_194.png,TRUE,/tangrams/425_194.png,01M214B7NK5TMY7WTYY3DVP911,01M214C4QNBNJ9JQSE7YJ5TDCV,1788895331342,NA,3
01M215N42NGKQZ500YSW1QCZ1H,01M215K2BSVQ6X8DX5GH1YZX6B,training,43,3,8,48,12,12,/tangrams/72_213.png,A3,"[""/tangrams/137_312.png"",""/tangrams/161_345.png"",""/tangrams/244_275.png"",""/tangrams/72_213.png""]","[""D2"",""C1"",""B4"",""A3""]",/tangrams/72_213.png,TRUE,/tangrams/72_213.png,01M2157YJ34JPNQ0ZE6DJJD3G3,01M2159JAWAFEZB1KH9W5K5DTC,1788895852055,NA,4
01M215Z2Q25M35X402Q1VNZTB1,01M20X14TTKZWGB70XGMAFRR2H,training,15,1,4,48,12,8,/tangrams/192_235.png,D3,"[""/tangrams/353_436.png"",""/tangrams/368_235.png"",""/tangrams/192_235.png"",""/tangrams/192_219.png""]","[""B1"",""A3"",""D3"",""D2""]",/tangrams/192_235.png,TRUE,/tangrams/192_235.png,01M215F66CRM1GV0R6SDQ69WCM,01M215FK0ZT4PGXXVV13WRHJPB,1788895769334,NA,2
01M215Z2YDHCE77S5HQE4XV5ZF,01M20X14TTKZWGB70XGMAFRR2H,training,22,1,11,48,12,8,/tangrams/192_436.png,D1,"[""/tangrams/368_444.png"",""/tangrams/192_235.png"",""/tangrams/192_436.png"",""/tangrams/353_436.png""]","[""A4"",""D3"",""D1"",""B1""]",/tangrams/192_436.png,TRUE,/tangrams/192_436.png,01M215FK0ZT4PGXXVV13WRHJPB,01M215F66CRM1GV0R6SDQ69WCM,1788896137255,NA,2
01M20YKS6X7NXE55R43NX1MJ09,01M20WZK5AY7SPG9YB2GY60XCH,training,1,0,2,48,12,8,/tangrams/192_235.png,D3,"[""/tangrams/265_436.png"",""/tangrams/192_235.png"",""/tangrams/353_444.png"",""/tangrams/368_219.png""]","[""C1"",""D3"",""B4"",""A2""]",NA,FALSE,NA,01M20YD36D9GBWB9F2CSWYDDZG,01M20YEZPY4YD17Q43C82WMQ6Y,NA,NA,1
01M215B1CK63ZGA8ZP04Q4Q6QQ,01M20X13PPQ56SF2D1TXYZ1GT1,training,30,2,7,48,12,8,/tangrams/265_444.png,C4,"[""/tangrams/192_219.png"",""/tangrams/353_436.png"",""/tangrams/265_444.png"",""/tangrams/368_235.png""]","[""D2"",""B1"",""C4"",""A3""]",/tangrams/265_444.png,TRUE,/tangrams/265_444.png,01M2155RV91S7EYVKS22CN3J6W,01M21549E1T7PGG1H0FCWWP74Z,1788895076934,NA,3
01M215BKPZ0VM6T94ME5FE0C09,01M20X148Y8KBRQFNJTS9AKRW4,training,0,0,1,48,12,9,/tangrams/39_181.png,C1,"[""/tangrams/49_129.png"",""/tangrams/130_34.png"",""/tangrams/39_181.png"",""/tangrams/144_469.png""]","[""D3"",""A2"",""C1"",""B4""]",/tangrams/39_181.png,TRUE,/tangrams/39_181.png,01M2154JXMHS9BTWF8FWDE7774,01M21546HN9E95PWNR6ZWTAMM2,1788893978123,NA,1
01M214QKEAGX2M4B9NNEKR29K9,01M20X0YW742ZY2EX5FCQ61EFA,training,47,3,12,48,12,8,/tangrams/353_444.png,B4,"[""/tangrams/368_444.png"",""/tangrams/353_235.png"",""/tangrams/265_219.png"",""/tangrams/353_444.png""]","[""A4"",""B3"",""C2"",""B4""]",NA,NA,NA,NA,NA,NA,NA,4
01M215BM0418M32G5QKXYQ7ZJQ,01M20X148Y8KBRQFNJTS9AKRW4,training,15,1,4,48,12,9,/tangrams/130_129.png,A3,"[""/tangrams/39_34.png"",""/tangrams/144_469.png"",""/tangrams/49_181.png"",""/tangrams/130_129.png""]","[""C2"",""B4"",""D1"",""A3""]",/tangrams/130_129.png,TRUE,/tangrams/130_129.png,01M21546HN9E95PWNR6ZWTAMM2,01M2154JXMHS9BTWF8FWDE7774,1788894529902,NA,2
01M20YSTRT246Y1W3735M8Y0YY,01M20X0YW80CVJTXB8KR0PJ9Z8,training,20,1,9,48,12,8,/tangrams/368_444.png,A4,"[""/tangrams/192_235.png"",""/tangrams/265_219.png"",""/tangrams/368_444.png"",""/tangrams/353_436.png""]","[""D3"",""C2"",""A4"",""B1""]",NA,NA,NA,NA,NA,NA,NA,2
01M214YWV39J1K0KMP24Q18NDC,01M20X148VH9T6HPBHADHZGVW4,training,44,3,9,48,12,11,/tangrams/444_435.png,F3,"[""/tangrams/232_52.png"",""/tangrams/328_256.png"",""/tangrams/444_435.png"",""/tangrams/274_4.png""]","[""F1"",""F7"",""F3"",""F2""]",/tangrams/444_435.png,TRUE,/tangrams/444_435.png,01M214D5P3NXWG18WF1J3F1VFS,01M214CEQK5BQH1Z1J11PQVC16,1788894622403,NA,4
01M214ZFQSY3REMBJRKXFQSZWT,01M20X12WDNRHQCMYC0R9VEVHQ,training,28,2,5,48,12,9,/tangrams/39_34.png,C2,"[""/tangrams/39_181.png"",""/tangrams/39_34.png"",""/tangrams/49_34.png"",""/tangrams/144_469.png""]","[""C1"",""C2"",""D2"",""B4""]",NA,NA,NA,NA,NA,NA,NA,3
01M215HBK8DDW4QS3VEN0G2A1Y,01M20X16AD7EKSEGH5WBVM39Q0,training,31,2,8,48,12,11,/tangrams/296_345.png,C4,"[""/tangrams/293_156.png"",""/tangrams/296_345.png"",""/tangrams/455_227.png"",""/tangrams/316_392.png""]","[""B1"",""C4"",""D3"",""A2""]",/tangrams/296_345.png,TRUE,/tangrams/296_345.png,01M2153SDRH4EZ5F2YRG65W4Z9,01M2155PH51FH1Y7QSBY0YCPQ8,1788895368019,NA,3
01M215N3Y08Z4WHCBAYB4B8Z7E,01M215K2BSVQ6X8DX5GH1YZX6B,training,39,3,4,48,12,12,/tangrams/244_213.png,B3,"[""/tangrams/244_213.png"",""/tangrams/137_345.png"",""/tangrams/72_275.png"",""/tangrams/161_312.png""]","[""B3"",""D1"",""A4"",""C2""]",/tangrams/244_213.png,TRUE,/tangrams/244_213.png,01M2157YJ34JPNQ0ZE6DJJD3G3,01M2159JAWAFEZB1KH9W5K5DTC,1788895770731,NA,4
01M20YD5Z69HMZQPCTY5A6YRCN,01M20WZK57NAX0A8X7B3WNHQN9,training,44,3,9,48,12,8,/tangrams/194_445.png,F3,"[""/tangrams/353_219.png"",""/tangrams/194_445.png"",""/tangrams/414_365.png"",""/tangrams/277_238.png""]","[""B2"",""F3"",""F6"",""F8""]",/tangrams/194_445.png,TRUE,/tangrams/194_445.png,01M20Y7KTG16QCRZCK67K4YDTR,01M20XW9BF9HJ5QA1N7YCTN8ZM,1788887259556,NA,4
01M214JD824EGG5ZW6A4VZSCQ9,01M20X0YW4S4FB44B5GCQBDAXT,training,10,0,11,48,12,9,/tangrams/455_435.png,F4,"[""/tangrams/364_46.png"",""/tangrams/133_40.png"",""/tangrams/436_72.png"",""/tangrams/455_435.png""]","[""F1"",""F8"",""F7"",""F4""]",NA,NA,NA,NA,NA,NA,NA,1
01M214ZFS8S9Z2AEVYTH8KTJRE,01M20X12WDNRHQCMYC0R9VEVHQ,training,17,1,6,48,12,9,/tangrams/49_34.png,D2,"[""/tangrams/39_34.png"",""/tangrams/49_181.png"",""/tangrams/49_34.png"",""/tangrams/130_129.png""]","[""C2"",""D1"",""D2"",""A3""]",NA,NA,NA,NA,NA,NA,NA,2
01M215BMHQF01R361GS17K8BJN,01M20X148Y8KBRQFNJTS9AKRW4,training,27,2,4,48,12,9,/tangrams/49_129.png,D3,"[""/tangrams/144_181.png"",""/tangrams/130_34.png"",""/tangrams/49_129.png"",""/tangrams/39_469.png""]","[""B1"",""A2"",""D3"",""C4""]",/tangrams/49_129.png,TRUE,/tangrams/49_129.png,01M21546HN9E95PWNR6ZWTAMM2,01M2154JXMHS9BTWF8FWDE7774,1788894936239,NA,3
01M215EH5RDZKPVESNCMKR00EW,01M20X15T7F67D04XT463JKFRX,training,16,1,5,48,12,10,/tangrams/382_112.png,D3,"[""/tangrams/62_107.png"",""/tangrams/382_112.png"",""/tangrams/18_364.png"",""/tangrams/411_463.png""]","[""C4"",""D3"",""A2"",""B1""]",/tangrams/382_112.png,TRUE,/tangrams/382_112.png,01M21557T3YDBSX3GT1DB1X6ZD,01M2154MFSP4VTTH1ZQNHW7C0J,1788893951019,NA,2
01M215K38A1GM383JQ4DX713FH,01M20X175HY3CRCTEMGHN0JEQ3,training,18,1,7,48,12,11,/tangrams/296_345.png,C4,"[""/tangrams/316_392.png"",""/tangrams/293_156.png"",""/tangrams/296_345.png"",""/tangrams/455_227.png""]","[""A2"",""B1"",""C4"",""D3""]",/tangrams/296_345.png,TRUE,/tangrams/296_345.png,01M2154P1EJW4QYGH77ZY8V300,01M2154HBQMMKX5AJ9BGZ61E13,1788894321514,NA,2
01M215K3CR7M1HV1HG9NSZ0WSK,01M20X175HY3CRCTEMGHN0JEQ3,training,23,1,12,48,12,11,/tangrams/316_392.png,A2,"[""/tangrams/293_156.png"",""/tangrams/455_227.png"",""/tangrams/316_392.png"",""/tangrams/296_345.png""]","[""B1"",""D3"",""A2"",""C4""]",/tangrams/316_392.png,TRUE,/tangrams/316_392.png,01M2154HBQMMKX5AJ9BGZ61E13,01M2154P1EJW4QYGH77ZY8V300,1788894420561,NA,2
01M215N3NSMXY3MKM5D2GADRFJ,01M215K2BSVQ6X8DX5GH1YZX6B,training,32,2,9,48,12,12,/tangrams/244_213.png,B3,"[""/tangrams/161_345.png"",""/tangrams/244_213.png"",""/tangrams/72_275.png"",""/tangrams/137_312.png""]","[""C1"",""B3"",""A4"",""D2""]",/tangrams/244_213.png,TRUE,/tangrams/244_213.png,01M2159JAWAFEZB1KH9W5K5DTC,01M2157YJ34JPNQ0ZE6DJJD3G3,1788895626360,NA,3
01M20YD5Y0SPAA2D6FM8RTHQAK,01M20WZK57NAX0A8X7B3WNHQN9,training,16,1,5,48,12,8,/tangrams/447_295.png,F7,"[""/tangrams/447_295.png"",""/tangrams/265_235.png"",""/tangrams/368_436.png"",""/tangrams/194_445.png""]","[""F7"",""C3"",""A1"",""F3""]",/tangrams/447_295.png,TRUE,/tangrams/447_295.png,01M20Y7KTG16QCRZCK67K4YDTR,01M20XW9BF9HJ5QA1N7YCTN8ZM,1788886752102,NA,2
01M214NB8N4YVNWEPNT9MC7DR1,01M20X13PJV655EHMJRF5XR4PG,training,34,2,11,48,12,10,/tangrams/426_419.png,F8,"[""/tangrams/62_112.png"",""/tangrams/426_419.png"",""/tangrams/57_85.png"",""/tangrams/405_327.png""]","[""C3"",""F8"",""F2"",""F1""]",NA,NA,NA,NA,NA,NA,NA,3
01M214YWW73YJMXS2TF7NR42SY,01M20X148VH9T6HPBHADHZGVW4,training,0,0,1,48,12,11,/tangrams/296_227.png,C3,"[""/tangrams/293_392.png"",""/tangrams/311_23.png"",""/tangrams/192_185.png"",""/tangrams/296_227.png""]","[""B2"",""F5"",""F6"",""C3""]",NA,FALSE,NA,01M214D5P3NXWG18WF1J3F1VFS,01M214CEQK5BQH1Z1J11PQVC16,NA,NA,1
01M215AAM5G9PW0JJD9PHEVDXV,01M20X12WE7PPHA7JSTZZ2E6FT,training,22,1,11,48,12,8,/tangrams/353_436.png,B1,"[""/tangrams/368_235.png"",""/tangrams/265_444.png"",""/tangrams/353_436.png"",""/tangrams/192_219.png""]","[""A3"",""C4"",""B1"",""D2""]",/tangrams/353_436.png,TRUE,/tangrams/353_436.png,01M2154T01JJAXZD005VWMS05B,01M2154MN76WHSRHJG8SAKSTFM,1788894420122,NA,2
01M215AAXW1TWNW9HYYMR8CA6Z,01M20X12WE7PPHA7JSTZZ2E6FT,training,43,3,8,48,12,8,/tangrams/265_444.png,C4,"[""/tangrams/353_436.png"",""/tangrams/192_235.png"",""/tangrams/368_219.png"",""/tangrams/265_444.png""]","[""B1"",""D3"",""A2"",""C4""]",/tangrams/265_444.png,TRUE,/tangrams/265_444.png,01M2154MN76WHSRHJG8SAKSTFM,01M2154T01JJAXZD005VWMS05B,1788894792182,NA,4
01M215CZZ9HD13CD2Y0FS8WPW5,01M20X14TW6FQW067YRK6RNDKN,training,24,2,1,48,12,9,/tangrams/144_181.png,B1,"[""/tangrams/49_129.png"",""/tangrams/130_34.png"",""/tangrams/39_469.png"",""/tangrams/144_181.png""]","[""D3"",""A2"",""C4"",""B1""]",/tangrams/144_181.png,TRUE,/tangrams/144_181.png,01M2156K7QTNRYHY4BTF9XK016,01M2154QPBTEQ4FE8D65KC2SJY,1788894575780,NA,3
01M215HJEA7KE3BNS280JP5P5Z,01M20X148Y8KBRQFNJT9HAMJT5,training,13,1,2,48,12,10,/tangrams/18_112.png,A3,"[""/tangrams/411_112.png"",""/tangrams/18_112.png"",""/tangrams/18_107.png"",""/tangrams/62_463.png""]","[""B3"",""A3"",""A4"",""C1""]",/tangrams/18_112.png,TRUE,/tangrams/18_112.png,01M214DZ3N8JPJ1Z6KSP8PYNZQ,01M214PMGV2W0E0MG6FCTN05EB,1788895529394,NA,2
01M215N3HXSWZW3YWR8Y9YMPX2,01M215K2BSVQ6X8DX5GH1YZX6B,training,28,2,5,48,12,12,/tangrams/137_345.png,D1,"[""/tangrams/161_275.png"",""/tangrams/137_345.png"",""/tangrams/244_213.png"",""/tangrams/72_312.png""]","[""C4"",""D1"",""B3"",""A2""]",/tangrams/137_345.png,TRUE,/tangrams/137_345.png,01M2159JAWAFEZB1KH9W5K5DTC,01M2157YJ34JPNQ0ZE6DJJD3G3,1788895523729,NA,3
01M215PMG90G98YDMEBVCQV1HT,01M215M9N7M1Y02J02DK7JKTQA,training,16,1,5,48,12,13,/tangrams/113_335.png,C2,"[""/tangrams/403_142.png"",""/tangrams/42_164.png"",""/tangrams/66_63.png"",""/tangrams/113_335.png""]","[""D1"",""B3"",""A4"",""C2""]",NA,NA,NA,NA,NA,NA,NA,2
01M214NB4GYA560C5TSBR8BXV9,01M20X13PJV655EHMJRF5XR4PG,training,8,0,9,48,12,10,/tangrams/180_425.png,F5,"[""/tangrams/57_85.png"",""/tangrams/415_23.png"",""/tangrams/180_425.png"",""/tangrams/62_112.png""]","[""F2"",""F4"",""F5"",""C3""]",/tangrams/180_425.png,TRUE,/tangrams/180_425.png,01M214E3AZ6Y0RHEASN5NQEEJN,01M214C6Z85CZDH1N1HARPXC77,1788892941922,NA,1
01M215AANEHE6M1C8S6WGQ7G1P,01M20X12WE7PPHA7JSTZZ2E6FT,training,25,2,2,48,12,8,/tangrams/265_444.png,C4,"[""/tangrams/353_436.png"",""/tangrams/192_235.png"",""/tangrams/265_444.png"",""/tangrams/368_219.png""]","[""B1"",""D3"",""C4"",""A2""]",/tangrams/265_444.png,TRUE,/tangrams/265_444.png,01M2154MN76WHSRHJG8SAKSTFM,01M2154T01JJAXZD005VWMS05B,1788894481447,NA,3
01M215BKW30HJGCVTC8VDX6M41,01M20X148Y8KBRQFNJTS9AKRW4,training,2,0,3,48,12,9,/tangrams/130_469.png,A4,"[""/tangrams/49_34.png"",""/tangrams/144_129.png"",""/tangrams/130_469.png"",""/tangrams/39_181.png""]","[""D2"",""B3"",""A4"",""C1""]",/tangrams/130_469.png,TRUE,/tangrams/130_469.png,01M2154JXMHS9BTWF8FWDE7774,01M21546HN9E95PWNR6ZWTAMM2,1788894069482,NA,1
01M215D02CACG1MY3MJ9EB2BG6,01M20X14TW6FQW067YRK6RNDKN,training,29,2,6,48,12,9,/tangrams/144_129.png,B3,"[""/tangrams/49_34.png"",""/tangrams/39_181.png"",""/tangrams/144_129.png"",""/tangrams/130_469.png""]","[""D2"",""C1"",""B3"",""A4""]",/tangrams/144_129.png,TRUE,/tangrams/144_129.png,01M2154QPBTEQ4FE8D65KC2SJY,01M2156K7QTNRYHY4BTF9XK016,1788894741194,NA,3
01M20YSTTA2YR2QVJ2GADT16EZ,01M20X0YW80CVJTXB8KR0PJ9Z8,training,42,3,7,48,12,8,/tangrams/265_219.png,C2,"[""/tangrams/353_235.png"",""/tangrams/368_444.png"",""/tangrams/192_436.png"",""/tangrams/265_219.png""]","[""B3"",""A4"",""D1"",""C2""]",NA,NA,NA,NA,NA,NA,NA,4
01M214ZFPB5HPSR7M9M05GK2M9,01M20X12WDNRHQCMYC0R9VEVHQ,training,33,2,10,48,12,9,/tangrams/49_129.png,D3,"[""/tangrams/49_129.png"",""/tangrams/130_129.png"",""/tangrams/49_34.png"",""/tangrams/39_181.png""]","[""D3"",""A3"",""D2"",""C1""]",NA,NA,NA,NA,NA,NA,NA,3
01M21534N13GZA2HVYPY7J47A8,01M20X13PNQ3DCXFM6ND825C25,training,21,1,10,48,12,9,/tangrams/49_34.png,D2,"[""/tangrams/49_34.png"",""/tangrams/49_181.png"",""/tangrams/130_469.png"",""/tangrams/39_34.png""]","[""D2"",""D1"",""A4"",""C2""]",/tangrams/49_34.png,TRUE,/tangrams/49_34.png,01M214JN3YRRY4RAVQ10A1MK5E,01M214P0SMCPMD4G6CRK6QKHYR,1788894510390,NA,2
01M215AASJA6CDM24ECE9PA981,01M20X12WE7PPHA7JSTZZ2E6FT,training,34,2,11,48,12,8,/tangrams/265_436.png,C1,"[""/tangrams/353_444.png"",""/tangrams/192_219.png"",""/tangrams/265_436.png"",""/tangrams/368_235.png""]","[""B4"",""D2"",""C1"",""A3""]",/tangrams/265_436.png,TRUE,/tangrams/265_436.png,01M2154T01JJAXZD005VWMS05B,01M2154MN76WHSRHJG8SAKSTFM,1788894648706,NA,3
01M215M1R9X0W6H0MNC9Z97KWJ,01M215K1RCENCVM87G4759AF5H,training,20,1,9,48,12,12,/tangrams/161_312.png,C2,"[""/tangrams/137_345.png"",""/tangrams/72_275.png"",""/tangrams/161_312.png"",""/tangrams/244_213.png""]","[""D1"",""A4"",""C2"",""B3""]",/tangrams/161_312.png,TRUE,/tangrams/161_312.png,01M215AVP11B8QPDVCJRC6C334,01M21569Y0RK1B1KAXYKBVZA95,1788895034613,NA,2
01M215M1T4P9RYTT72W5RE6G4K,01M215K1RCENCVM87G4759AF5H,training,18,1,7,48,12,12,/tangrams/72_213.png,A3,"[""/tangrams/72_213.png"",""/tangrams/137_312.png"",""/tangrams/161_275.png"",""/tangrams/244_345.png""]","[""A3"",""D2"",""C4"",""B1""]",/tangrams/72_213.png,TRUE,/tangrams/72_213.png,01M215AVP11B8QPDVCJRC6C334,01M21569Y0RK1B1KAXYKBVZA95,1788895009214,NA,2
01M20YSTR30JX77S6PACCQ5NHH,01M20X0YW80CVJTXB8KR0PJ9Z8,training,28,2,5,48,12,8,/tangrams/368_219.png,A2,"[""/tangrams/265_444.png"",""/tangrams/368_219.png"",""/tangrams/192_235.png"",""/tangrams/353_436.png""]","[""C4"",""A2"",""D3"",""B1""]",NA,NA,NA,NA,NA,NA,NA,3
01M214YX7FHMD6D6T0W7T2VPYS,01M20X148VH9T6HPBHADHZGVW4,training,26,2,3,48,12,11,/tangrams/321_431.png,F4,"[""/tangrams/316_156.png"",""/tangrams/444_435.png"",""/tangrams/321_431.png"",""/tangrams/241_194.png""]","[""A1"",""F3"",""F4"",""F8""]",/tangrams/444_435.png,FALSE,/tangrams/444_435.png,01M214D5P3NXWG18WF1J3F1VFS,01M214CEQK5BQH1Z1J11PQVC16,1788894203749,NA,3
01M215D030DBFHPGQT7HAX9QKR,01M20X14TW6FQW067YRK6RNDKN,training,30,2,7,48,12,9,/tangrams/39_469.png,C4,"[""/tangrams/39_469.png"",""/tangrams/130_129.png"",""/tangrams/49_34.png"",""/tangrams/144_181.png""]","[""C4"",""A3"",""D2"",""B1""]",/tangrams/39_469.png,TRUE,/tangrams/39_469.png,01M2156K7QTNRYHY4BTF9XK016,01M2154QPBTEQ4FE8D65KC2SJY,1788894762532,NA,3
01M214K2674W1D3ZC3FV88XC6J,01M20X11N5A2NXXZZPJ1AXFSW6,training,22,1,11,48,12,9,/tangrams/133_40.png,F8,"[""/tangrams/6_423.png"",""/tangrams/133_40.png"",""/tangrams/47_268.png"",""/tangrams/144_34.png""]","[""F3"",""F8"",""F6"",""B2""]",/tangrams/133_40.png,TRUE,/tangrams/133_40.png,01M214ERNYBYY3EBY90CCRQDQJ,01M214DGSKEJ8ZAHQ4WC2E0G7N,1788893456425,NA,2
01M214NB466AEH336T00VAT9Z8,01M20X13PJV655EHMJRF5XR4PG,training,9,0,10,48,12,10,/tangrams/382_107.png,D4,"[""/tangrams/382_107.png"",""/tangrams/62_112.png"",""/tangrams/411_364.png"",""/tangrams/315_224.png""]","[""D4"",""C3"",""B2"",""F6""]",/tangrams/382_107.png,TRUE,/tangrams/382_107.png,01M214C6Z85CZDH1N1HARPXC77,01M214E3AZ6Y0RHEASN5NQEEJN,1788892973879,NA,1
01M215BM20EBFTM5JQJGEHB9J4,01M20X148Y8KBRQFNJTS9AKRW4,training,12,1,1,48,12,9,/tangrams/144_469.png,B4,"[""/tangrams/130_34.png"",""/tangrams/39_181.png"",""/tangrams/144_469.png"",""/tangrams/49_129.png""]","[""A2"",""C1"",""B4"",""D3""]",/tangrams/144_469.png,TRUE,/tangrams/144_469.png,01M2154JXMHS9BTWF8FWDE7774,01M21546HN9E95PWNR6ZWTAMM2,1788894444899,NA,2
01M20YSTNDGGBPVX9XER3A47AS,01M20X0YW80CVJTXB8KR0PJ9Z8,training,2,0,3,48,12,8,/tangrams/353_235.png,B3,"[""/tangrams/353_235.png"",""/tangrams/265_444.png"",""/tangrams/368_219.png"",""/tangrams/192_436.png""]","[""B3"",""C4"",""A2"",""D1""]",NA,FALSE,NA,01M20YFWSW201KBFQ9VJEWCE3F,01M20X9S6MHFD408HZGZ3B23DP,NA,NA,1
01M214K23CWD35YB3429Z1R3YF,01M20X11N5A2NXXZZPJ1AXFSW6,training,34,2,11,48,12,9,/tangrams/6_423.png,F3,"[""/tangrams/133_40.png"",""/tangrams/39_129.png"",""/tangrams/6_423.png"",""/tangrams/47_268.png""]","[""F8"",""C3"",""F3"",""F6""]",/tangrams/6_423.png,TRUE,/tangrams/6_423.png,01M214ERNYBYY3EBY90CCRQDQJ,01M214DGSKEJ8ZAHQ4WC2E0G7N,1788893692571,NA,3
01M214KY5F0K0VP6HX2B2VN5TC,01M20X12WH32MX7V56M1SN262T,training,30,2,7,48,12,10,/tangrams/405_327.png,F1,"[""/tangrams/62_112.png"",""/tangrams/315_224.png"",""/tangrams/415_23.png"",""/tangrams/405_327.png""]","[""C3"",""F6"",""F4"",""F1""]",/tangrams/405_327.png,TRUE,/tangrams/405_327.png,01M214C29BTAAYH03KHSYPYBMR,01M214AY9SMBAC3FWH0EN358MB,1788893673582,NA,3
01M214QP3BWYXAZQB2DRECDR8K,01M20X11N8F7DPTR5329TXEJ69,training,4,0,5,48,12,8,/tangrams/368_235.png,A3,"[""/tangrams/192_436.png"",""/tangrams/368_235.png"",""/tangrams/353_235.png"",""/tangrams/368_444.png""]","[""D1"",""A3"",""B3"",""A4""]",NA,FALSE,NA,01M20YQWJYNA2MEME27ZW87E1G,01M20XWQ0GDTRYQJGMWVAJFYND,NA,NA,1
01M214YX63AQK767D46831THT4,01M20X148VH9T6HPBHADHZGVW4,training,21,1,10,48,12,11,/tangrams/321_431.png,F4,"[""/tangrams/241_194.png"",""/tangrams/274_4.png"",""/tangrams/321_431.png"",""/tangrams/232_52.png""]","[""F8"",""F2"",""F4"",""F1""]",/tangrams/321_431.png,TRUE,/tangrams/321_431.png,01M214CEQK5BQH1Z1J11PQVC16,01M214D5P3NXWG18WF1J3F1VFS,1788894078717,NA,2
01M215BM9YX5JGGFE1Q8MY0FKX,01M20X148Y8KBRQFNJTS9AKRW4,training,41,3,6,48,12,9,/tangrams/130_469.png,A4,"[""/tangrams/49_181.png"",""/tangrams/130_469.png"",""/tangrams/39_34.png"",""/tangrams/144_129.png""]","[""D1"",""A4"",""C2"",""B3""]",/tangrams/130_469.png,TRUE,/tangrams/130_469.png,01M21546HN9E95PWNR6ZWTAMM2,01M2154JXMHS9BTWF8FWDE7774,1788895342509,NA,4
01M215DMXSS3360P05MWQ68695,01M20X15BBYTN3YPSFQGJ5ZXF5,training,20,1,9,48,12,10,/tangrams/382_112.png,D3,"[""/tangrams/18_364.png"",""/tangrams/411_107.png"",""/tangrams/62_463.png"",""/tangrams/382_112.png""]","[""A2"",""B4"",""C1"",""D3""]",/tangrams/382_112.png,TRUE,/tangrams/382_112.png,01M21567THKMHSR683ZH4K0TNA,01M21552Z3FC5ZE6SYNEHHVAW4,1788895030011,NA,2
01M215EH27XEQ2N7VMAZXSJ04W,01M20X15T7F67D04XT463JKFRX,training,22,1,11,48,12,10,/tangrams/411_463.png,B1,"[""/tangrams/382_112.png"",""/tangrams/411_463.png"",""/tangrams/62_107.png"",""/tangrams/18_364.png""]","[""D3"",""B1"",""C4"",""A2""]",/tangrams/411_463.png,TRUE,/tangrams/411_463.png,01M21557T3YDBSX3GT1DB1X6ZD,01M2154MFSP4VTTH1ZQNHW7C0J,1788894111726,NA,2
01M215HHKZB37WH56CVA0614A6,01M20X148Y8KBRQFNJT9HAMJT5,training,36,3,1,48,12,10,/tangrams/411_107.png,B4,"[""/tangrams/62_463.png"",""/tangrams/411_112.png"",""/tangrams/18_107.png"",""/tangrams/411_107.png""]","[""C1"",""B3"",""A4"",""B4""]",/tangrams/411_107.png,TRUE,/tangrams/411_107.png,01M214PMGV2W0E0MG6FCTN05EB,01M214DZ3N8JPJ1Z6KSP8PYNZQ,1788896584220,NA,4
01M215HJYC5SBGNDG8W08XWN2H,01M20X148Y8KBRQFNJT9HAMJT5,training,3,0,4,48,12,10,/tangrams/411_463.png,B1,"[""/tangrams/411_463.png"",""/tangrams/411_112.png"",""/tangrams/62_463.png"",""/tangrams/18_364.png""]","[""B1"",""B3"",""C1"",""A2""]",/tangrams/411_463.png,TRUE,/tangrams/411_463.png,01M214DZ3N8JPJ1Z6KSP8PYNZQ,01M214PMGV2W0E0MG6FCTN05EB,1788894991510,NA,1
01M215Z26064W5XHJKM5V1R67X,01M20X14TTKZWGB70XGMAFRR2H,training,1,0,2,48,12,8,/tangrams/265_444.png,C4,"[""/tangrams/192_235.png"",""/tangrams/265_444.png"",""/tangrams/368_444.png"",""/tangrams/265_219.png""]","[""D3"",""C4"",""A4"",""C2""]",/tangrams/192_235.png,FALSE,/tangrams/192_235.png,01M215F66CRM1GV0R6SDQ69WCM,01M215FK0ZT4PGXXVV13WRHJPB,1788895024322,NA,1
01M215Z37VGXAF5Y913HAGJQNP,01M20X14TTKZWGB70XGMAFRR2H,training,31,2,8,48,12,8,/tangrams/192_436.png,D1,"[""/tangrams/353_436.png"",""/tangrams/192_436.png"",""/tangrams/192_219.png"",""/tangrams/368_235.png""]","[""B1"",""D1"",""D2"",""A3""]",/tangrams/192_436.png,TRUE,/tangrams/192_436.png,01M215F66CRM1GV0R6SDQ69WCM,01M215FK0ZT4PGXXVV13WRHJPB,1788896535919,NA,3
01M20YD63Z7T4J6AX46BZMS8HR,01M20WZK57NAX0A8X7B3WNHQN9,training,42,3,7,48,12,8,/tangrams/447_295.png,F7,"[""/tangrams/447_295.png"",""/tangrams/368_436.png"",""/tangrams/194_445.png"",""/tangrams/311_205.png""]","[""F7"",""A1"",""F3"",""F4""]",/tangrams/447_295.png,TRUE,/tangrams/447_295.png,01M20Y7KTG16QCRZCK67K4YDTR,01M20XW9BF9HJ5QA1N7YCTN8ZM,1788887238257,NA,4
01M20Z96JWJAH4XTDJK2MWZ17R,01M20X11N92ZFWXFVKY2CVEME8,training,19,1,8,48,12,9,/tangrams/130_469.png,A4,"[""/tangrams/49_181.png"",""/tangrams/39_34.png"",""/tangrams/144_129.png"",""/tangrams/130_469.png""]","[""D1"",""C2"",""B3"",""A4""]",NA,NA,NA,NA,NA,NA,NA,2
01M214QP85PZG22G8VGBW9HTJ7,01M20X11N8F7DPTR5329TXEJ69,training,6,0,7,48,12,8,/tangrams/192_235.png,D3,"[""/tangrams/192_436.png"",""/tangrams/368_444.png"",""/tangrams/353_235.png"",""/tangrams/192_235.png""]","[""D1"",""A4"",""B3"",""D3""]",NA,NA,NA,NA,NA,NA,NA,1
01M215GGNHVJF99ZB6B67B80N9,01M20X14TPRK3E5KMRXWZZW19Q,training,47,3,12,48,12,9,/tangrams/425_194.png,F2,"[""/tangrams/455_435.png"",""/tangrams/364_46.png"",""/tangrams/425_194.png"",""/tangrams/39_129.png""]","[""F4"",""F1"",""F2"",""C3""]",/tangrams/425_194.png,TRUE,/tangrams/425_194.png,01M214B7NK5TMY7WTYY3DVP911,01M214C4QNBNJ9JQSE7YJ5TDCV,1788895623716,NA,4
01M214YX0YMRAT5GRDZB7SQC00,01M20X148VH9T6HPBHADHZGVW4,training,10,0,11,48,12,11,/tangrams/321_431.png,F4,"[""/tangrams/444_435.png"",""/tangrams/321_431.png"",""/tangrams/316_156.png"",""/tangrams/311_23.png""]","[""F3"",""F4"",""A1"",""F5""]",/tangrams/321_431.png,TRUE,/tangrams/321_431.png,01M214D5P3NXWG18WF1J3F1VFS,01M214CEQK5BQH1Z1J11PQVC16,1788893676650,NA,1
01M214ZFP2AMEBVQJ5H5KF0C9Q,01M20X12WDNRHQCMYC0R9VEVHQ,training,34,2,11,48,12,9,/tangrams/130_469.png,A4,"[""/tangrams/144_469.png"",""/tangrams/49_129.png"",""/tangrams/130_469.png"",""/tangrams/130_34.png""]","[""B4"",""D3"",""A4"",""A2""]",NA,NA,NA,NA,NA,NA,NA,3
01M215DMN2TCC796H133RJSNTW,01M20X15BBYTN3YPSFQGJ5ZXF5,training,6,0,7,48,12,10,/tangrams/18_112.png,A3,"[""/tangrams/382_364.png"",""/tangrams/62_107.png"",""/tangrams/18_112.png"",""/tangrams/411_463.png""]","[""D2"",""C4"",""A3"",""B1""]",/tangrams/18_112.png,TRUE,/tangrams/18_112.png,01M21567THKMHSR683ZH4K0TNA,01M21552Z3FC5ZE6SYNEHHVAW4,1788894447050,NA,1
01M215EGY4W2JZ8K03R8YWDRY9,01M20X15T7F67D04XT463JKFRX,training,28,2,5,48,12,10,/tangrams/62_107.png,C4,"[""/tangrams/62_107.png"",""/tangrams/382_364.png"",""/tangrams/18_112.png"",""/tangrams/411_463.png""]","[""C4"",""D2"",""A3"",""B1""]",/tangrams/62_107.png,TRUE,/tangrams/62_107.png,01M21557T3YDBSX3GT1DB1X6ZD,01M2154MFSP4VTTH1ZQNHW7C0J,1788894266969,NA,3
01M215GG52GA9154APA2P1S4WB,01M20X14TPRK3E5KMRXWZZW19Q,training,22,1,11,48,12,9,/tangrams/6_423.png,F3,"[""/tangrams/364_46.png"",""/tangrams/39_129.png"",""/tangrams/6_423.png"",""/tangrams/130_181.png""]","[""F1"",""C3"",""F3"",""A1""]",/tangrams/39_129.png,FALSE,/tangrams/39_129.png,01M214C4QNBNJ9JQSE7YJ5TDCV,01M214B7NK5TMY7WTYY3DVP911,1788894932050,NA,2
01M214K233KR6TCAS4TB2CZG0W,01M20X11N5A2NXXZZPJ1AXFSW6,training,35,2,12,48,12,9,/tangrams/133_40.png,F8,"[""/tangrams/6_423.png"",""/tangrams/47_268.png"",""/tangrams/130_181.png"",""/tangrams/133_40.png""]","[""F3"",""F6"",""A1"",""F8""]",/tangrams/133_40.png,TRUE,/tangrams/133_40.png,01M214DGSKEJ8ZAHQ4WC2E0G7N,01M214ERNYBYY3EBY90CCRQDQJ,1788893747423,NA,3
01M215EGSYZGBZ6EDTRJ4GXW3B,01M20X15T7F67D04XT463JKFRX,training,2,0,3,48,12,10,/tangrams/18_364.png,A2,"[""/tangrams/62_107.png"",""/tangrams/18_364.png"",""/tangrams/411_112.png"",""/tangrams/382_463.png""]","[""C4"",""A2"",""B3"",""D1""]",/tangrams/18_364.png,TRUE,/tangrams/18_364.png,01M21557T3YDBSX3GT1DB1X6ZD,01M2154MFSP4VTTH1ZQNHW7C0J,1788893530506,NA,1
01M215M0Y9GSADBC9VMVM01PS2,01M215K1RCENCVM87G4759AF5H,training,4,0,5,48,12,12,/tangrams/137_345.png,D1,"[""/tangrams/161_312.png"",""/tangrams/137_345.png"",""/tangrams/244_213.png"",""/tangrams/72_275.png""]","[""C2"",""D1"",""B3"",""A4""]",/tangrams/137_345.png,TRUE,/tangrams/137_345.png,01M215AVP11B8QPDVCJRC6C334,01M21569Y0RK1B1KAXYKBVZA95,1788894670606,NA,1
01M215Z2C5MV5M11NC2P3V3VN1,01M20X14TTKZWGB70XGMAFRR2H,training,6,0,7,48,12,8,/tangrams/368_235.png,A3,"[""/tangrams/368_444.png"",""/tangrams/368_235.png"",""/tangrams/192_235.png"",""/tangrams/353_436.png""]","[""A4"",""A3"",""D3"",""B1""]",/tangrams/368_235.png,TRUE,/tangrams/368_235.png,01M215FK0ZT4PGXXVV13WRHJPB,01M215F66CRM1GV0R6SDQ69WCM,1788895301114,NA,1
01M215Z32Z5N21FRVJAMJG6KN8,01M20X14TTKZWGB70XGMAFRR2H,training,26,2,3,48,12,8,/tangrams/265_219.png,C2,"[""/tangrams/265_444.png"",""/tangrams/368_235.png"",""/tangrams/192_219.png"",""/tangrams/265_219.png""]","[""C4"",""A3"",""D2"",""C2""]",/tangrams/265_219.png,TRUE,/tangrams/265_219.png,01M215FK0ZT4PGXXVV13WRHJPB,01M215F66CRM1GV0R6SDQ69WCM,1788896323796,NA,3
01M20XZDADVY6NJPBRB931N6ZD,01M20WZK596SFHM9YDB6TD7NK1,training,46,3,11,48,12,6,/tangrams/275_153.png,A4,"[""/tangrams/4_264.png"",""/tangrams/275_324.png"",""/tangrams/275_153.png"",""/tangrams/81_153.png""]","[""C1"",""A3"",""A4"",""B4""]",/tangrams/275_153.png,TRUE,/tangrams/275_153.png,01M20XSN3R16DSBXVRQKQSS665,01M20X6CEXP7W9NTPEWK7QNX8Z,1788887604743,NA,4
01M214QKBR471QDFVSP94Y529N,01M20X0YW742ZY2EX5FCQ61EFA,training,8,0,9,48,12,8,/tangrams/192_436.png,D1,"[""/tangrams/265_219.png"",""/tangrams/353_436.png"",""/tangrams/192_436.png"",""/tangrams/192_235.png""]","[""C2"",""B1"",""D1"",""D3""]",NA,NA,NA,NA,NA,NA,NA,1
01M214QKD3H68ANN9K7C0FJFNM,01M20X0YW742ZY2EX5FCQ61EFA,training,4,0,5,48,12,8,/tangrams/353_444.png,B4,"[""/tangrams/265_444.png"",""/tangrams/353_235.png"",""/tangrams/192_219.png"",""/tangrams/353_444.png""]","[""C4"",""B3"",""D2"",""B4""]",NA,NA,NA,NA,NA,NA,NA,1
01M214ZFYEF0B4ATSP6A3A9R3R,01M20X12WDNRHQCMYC0R9VEVHQ,training,19,1,8,48,12,9,/tangrams/49_129.png,D3,"[""/tangrams/39_469.png"",""/tangrams/49_181.png"",""/tangrams/49_129.png"",""/tangrams/144_129.png""]","[""C4"",""D1"",""D3"",""B3""]",NA,NA,NA,NA,NA,NA,NA,2
01M215B0M18DQZQ9P5H5VX3885,01M20X13PPQ56SF2D1TXYZ1GT1,training,1,0,2,48,12,8,/tangrams/368_235.png,A3,"[""/tangrams/368_235.png"",""/tangrams/265_444.png"",""/tangrams/192_219.png"",""/tangrams/353_436.png""]","[""A3"",""C4"",""D2"",""B1""]",/tangrams/368_235.png,TRUE,/tangrams/368_235.png,01M21549E1T7PGG1H0FCWWP74Z,01M2155RV91S7EYVKS22CN3J6W,1788894325148,NA,1
01M215EHAPRB79YD46R2B6JKXM,01M20X15T7F67D04XT463JKFRX,training,12,1,1,48,12,10,/tangrams/62_364.png,C2,"[""/tangrams/382_112.png"",""/tangrams/18_107.png"",""/tangrams/62_364.png"",""/tangrams/411_463.png""]","[""D3"",""A4"",""C2"",""B1""]",/tangrams/62_364.png,TRUE,/tangrams/62_364.png,01M21557T3YDBSX3GT1DB1X6ZD,01M2154MFSP4VTTH1ZQNHW7C0J,1788893841181,NA,2
01M215PN9KF6K1767KR4NZ78DY,01M215M9N7M1Y02J02DK7JKTQA,training,40,3,5,48,12,13,/tangrams/66_164.png,A3,"[""/tangrams/42_142.png"",""/tangrams/66_164.png"",""/tangrams/403_335.png"",""/tangrams/113_63.png""]","[""B1"",""A3"",""D2"",""C4""]",NA,NA,NA,NA,NA,NA,NA,4
01M215PNAM9SK4VHX0X8TT7W4B,01M215M9N7M1Y02J02DK7JKTQA,training,38,3,3,48,12,13,/tangrams/113_335.png,C2,"[""/tangrams/66_63.png"",""/tangrams/113_335.png"",""/tangrams/42_164.png"",""/tangrams/403_142.png""]","[""A4"",""C2"",""B3"",""D1""]",NA,NA,NA,NA,NA,NA,NA,4
01M214JDAYPC0AQKE28RKXYG9G,01M20X0YW4S4FB44B5GCQBDAXT,training,47,3,12,48,12,9,/tangrams/49_469.png,D4,"[""/tangrams/436_72.png"",""/tangrams/89_182.png"",""/tangrams/49_469.png"",""/tangrams/130_181.png""]","[""F7"",""F5"",""D4"",""A1""]",NA,NA,NA,NA,NA,NA,NA,4
01M214K20SHM9Y43S0XXSVBMRB,01M20X11N5A2NXXZZPJ1AXFSW6,training,42,3,7,48,12,9,/tangrams/130_181.png,A1,"[""/tangrams/425_194.png"",""/tangrams/6_423.png"",""/tangrams/89_182.png"",""/tangrams/130_181.png""]","[""F2"",""F3"",""F5"",""A1""]",/tangrams/130_181.png,TRUE,/tangrams/130_181.png,01M214ERNYBYY3EBY90CCRQDQJ,01M214DGSKEJ8ZAHQ4WC2E0G7N,1788893848299,NA,4
01M214QK6J083NK9RG3SMKY8RN,01M20X0YW742ZY2EX5FCQ61EFA,training,25,2,2,48,12,8,/tangrams/265_444.png,C4,"[""/tangrams/265_444.png"",""/tangrams/265_219.png"",""/tangrams/368_444.png"",""/tangrams/353_235.png""]","[""C4"",""C2"",""A4"",""B3""]",NA,NA,NA,NA,NA,NA,NA,3
01M21534T7MDX6NA837JQW8PNR,01M20X13PNQ3DCXFM6ND825C25,training,12,1,1,48,12,9,/tangrams/130_34.png,A2,"[""/tangrams/130_469.png"",""/tangrams/39_34.png"",""/tangrams/144_129.png"",""/tangrams/130_34.png""]","[""A4"",""C2"",""B3"",""A2""]",/tangrams/130_34.png,TRUE,/tangrams/130_34.png,01M214P0SMCPMD4G6CRK6QKHYR,01M214JN3YRRY4RAVQ10A1MK5E,1788894105434,NA,2
01M215BMMB309NB0MCBV15SDMF,01M20X148Y8KBRQFNJTS9AKRW4,training,22,1,11,48,12,9,/tangrams/49_129.png,D3,"[""/tangrams/49_129.png"",""/tangrams/39_34.png"",""/tangrams/130_469.png"",""/tangrams/144_181.png""]","[""D3"",""C2"",""A4"",""B1""]",/tangrams/49_129.png,TRUE,/tangrams/49_129.png,01M2154JXMHS9BTWF8FWDE7774,01M21546HN9E95PWNR6ZWTAMM2,1788894782845,NA,2
01M215DMS2N0KM0VW2GA8ENCT7,01M20X15BBYTN3YPSFQGJ5ZXF5,training,12,1,1,48,12,10,/tangrams/382_463.png,D1,"[""/tangrams/382_463.png"",""/tangrams/411_112.png"",""/tangrams/18_364.png"",""/tangrams/62_107.png""]","[""D1"",""B3"",""A2"",""C4""]",/tangrams/382_463.png,TRUE,/tangrams/382_463.png,01M21567THKMHSR683ZH4K0TNA,01M21552Z3FC5ZE6SYNEHHVAW4,1788894702764,NA,2
01M215GG3RY9TRY12S55PXN05Y,01M20X14TPRK3E5KMRXWZZW19Q,training,20,1,9,48,12,9,/tangrams/364_46.png,F1,"[""/tangrams/455_435.png"",""/tangrams/133_40.png"",""/tangrams/364_46.png"",""/tangrams/144_34.png""]","[""F4"",""F8"",""F1"",""B2""]",/tangrams/364_46.png,TRUE,/tangrams/364_46.png,01M214C4QNBNJ9JQSE7YJ5TDCV,01M214B7NK5TMY7WTYY3DVP911,1788894853459,NA,2
01M215GGD3JBMT84T1CC3MWN9P,01M20X14TPRK3E5KMRXWZZW19Q,training,33,2,10,48,12,9,/tangrams/455_435.png,F4,"[""/tangrams/364_46.png"",""/tangrams/39_129.png"",""/tangrams/6_423.png"",""/tangrams/455_435.png""]","[""F1"",""C3"",""F3"",""F4""]",/tangrams/455_435.png,TRUE,/tangrams/455_435.png,01M214B7NK5TMY7WTYY3DVP911,01M214C4QNBNJ9JQSE7YJ5TDCV,1788895280786,NA,3
01M215HBRY5TZBAXC8K1WEJ2F2,01M20X16AD7EKSEGH5WBVM39Q0,training,38,3,3,48,12,11,/tangrams/293_345.png,B4,"[""/tangrams/455_227.png"",""/tangrams/293_345.png"",""/tangrams/316_392.png"",""/tangrams/296_156.png""]","[""D3"",""B4"",""A2"",""C1""]",/tangrams/293_345.png,TRUE,/tangrams/293_345.png,01M2155PH51FH1Y7QSBY0YCPQ8,01M2153SDRH4EZ5F2YRG65W4Z9,1788895533183,NA,4
01M20YSTRAAMH0RH6FFS2VDF6F,01M20X0YW80CVJTXB8KR0PJ9Z8,training,25,2,2,48,12,8,/tangrams/192_219.png,D2,"[""/tangrams/368_444.png"",""/tangrams/353_235.png"",""/tangrams/192_219.png"",""/tangrams/265_436.png""]","[""A4"",""B3"",""D2"",""C1""]",NA,NA,NA,NA,NA,NA,NA,3
01M214NB3992GCAZNJ2Z0MF497,01M20X13PJV655EHMJRF5XR4PG,training,12,1,1,48,12,10,/tangrams/180_425.png,F5,"[""/tangrams/415_23.png"",""/tangrams/180_425.png"",""/tangrams/18_463.png"",""/tangrams/62_112.png""]","[""F4"",""F5"",""A1"",""C3""]",/tangrams/180_425.png,TRUE,/tangrams/180_425.png,01M214E3AZ6Y0RHEASN5NQEEJN,01M214C6Z85CZDH1N1HARPXC77,1788893129861,NA,2
01M215K2ZWDGWG6QX10P1G2VEW,01M20X175HY3CRCTEMGHN0JEQ3,training,13,1,2,48,12,11,/tangrams/455_392.png,D2,"[""/tangrams/316_345.png"",""/tangrams/293_227.png"",""/tangrams/455_392.png"",""/tangrams/296_156.png""]","[""A4"",""B3"",""D2"",""C1""]",/tangrams/455_392.png,TRUE,/tangrams/455_392.png,01M2154HBQMMKX5AJ9BGZ61E13,01M2154P1EJW4QYGH77ZY8V300,1788894201631,NA,2
01M20XZDA56Y6X5TZB0NVR569E,01M20WZK596SFHM9YDB6TD7NK1,training,13,1,2,48,12,6,/tangrams/81_324.png,B3,"[""/tangrams/81_324.png"",""/tangrams/4_264.png"",""/tangrams/275_324.png"",""/tangrams/81_153.png""]","[""B3"",""C1"",""A3"",""B4""]",/tangrams/81_324.png,TRUE,/tangrams/81_324.png,01M20X6CEXP7W9NTPEWK7QNX8Z,01M20XSN3R16DSBXVRQKQSS665,1788886488690,NA,2
01M20YD5TQSFNYTGFA0ZWP0TJ2,01M20WZK57NAX0A8X7B3WNHQN9,training,0,0,1,48,12,8,/tangrams/101_61.png,F2,"[""/tangrams/194_445.png"",""/tangrams/311_205.png"",""/tangrams/101_61.png"",""/tangrams/38_309.png""]","[""F3"",""F4"",""F2"",""F5""]",/tangrams/101_61.png,TRUE,/tangrams/101_61.png,01M20Y7KTG16QCRZCK67K4YDTR,01M20XW9BF9HJ5QA1N7YCTN8ZM,1788886286694,NA,1
01M20YKS2DV7XXVQ631V8SRWB6,01M20WZK5AY7SPG9YB2GY60XCH,training,12,1,1,48,12,8,/tangrams/368_219.png,A2,"[""/tangrams/368_219.png"",""/tangrams/353_444.png"",""/tangrams/265_436.png"",""/tangrams/192_235.png""]","[""A2"",""B4"",""C1"",""D3""]",NA,NA,NA,NA,NA,NA,NA,2
01M20YKS4AZMW3FHC1NFD8B39G,01M20WZK5AY7SPG9YB2GY60XCH,training,23,1,12,48,12,8,/tangrams/368_235.png,A3,"[""/tangrams/192_219.png"",""/tangrams/353_444.png"",""/tangrams/368_235.png"",""/tangrams/265_436.png""]","[""D2"",""B4"",""A3"",""C1""]",NA,NA,NA,NA,NA,NA,NA,2
01M20Z96GXBMN3MFN8Q1SH6W6A,01M20X11N92ZFWXFVKY2CVEME8,training,32,2,9,48,12,9,/tangrams/130_129.png,A3,"[""/tangrams/39_469.png"",""/tangrams/144_181.png"",""/tangrams/130_129.png"",""/tangrams/49_34.png""]","[""C4"",""B1"",""A3"",""D2""]",NA,NA,NA,NA,NA,NA,NA,3
01M215EGWVJY3DMNK8VJ7ZKQCD,01M20X15T7F67D04XT463JKFRX,training,30,2,7,48,12,10,/tangrams/62_364.png,C2,"[""/tangrams/411_107.png"",""/tangrams/382_463.png"",""/tangrams/62_364.png"",""/tangrams/18_112.png""]","[""B4"",""D1"",""C2"",""A3""]",/tangrams/62_364.png,TRUE,/tangrams/62_364.png,01M21557T3YDBSX3GT1DB1X6ZD,01M2154MFSP4VTTH1ZQNHW7C0J,1788894306671,NA,3
01M215HB8WWC5781KDM4HMRTGH,01M20X16AD7EKSEGH5WBVM39Q0,training,18,1,7,48,12,11,/tangrams/455_392.png,D2,"[""/tangrams/293_345.png"",""/tangrams/455_392.png"",""/tangrams/316_227.png"",""/tangrams/296_156.png""]","[""B4"",""D2"",""A3"",""C1""]",/tangrams/455_392.png,TRUE,/tangrams/455_392.png,01M2155PH51FH1Y7QSBY0YCPQ8,01M2153SDRH4EZ5F2YRG65W4Z9,1788894959788,NA,2
01M215K2P6YB704WYCPNH10QA2,01M20X175HY3CRCTEMGHN0JEQ3,training,33,2,10,48,12,11,/tangrams/316_392.png,A2,"[""/tangrams/293_227.png"",""/tangrams/455_156.png"",""/tangrams/316_392.png"",""/tangrams/296_345.png""]","[""B3"",""D1"",""A2"",""C4""]",/tangrams/316_392.png,TRUE,/tangrams/316_392.png,01M2154HBQMMKX5AJ9BGZ61E13,01M2154P1EJW4QYGH77ZY8V300,1788894608042,NA,3
01M215M1N0BPJDQAR4GMWVAE03,01M215K1RCENCVM87G4759AF5H,training,24,2,1,48,12,12,/tangrams/137_213.png,D3,"[""/tangrams/72_275.png"",""/tangrams/244_345.png"",""/tangrams/137_213.png"",""/tangrams/161_312.png""]","[""A4"",""B1"",""D3"",""C2""]",/tangrams/137_213.png,TRUE,/tangrams/137_213.png,01M215AVP11B8QPDVCJRC6C334,01M21569Y0RK1B1KAXYKBVZA95,1788895094141,NA,3
01M215Z3DD8KS1A6B435Y50XD1,01M20X14TTKZWGB70XGMAFRR2H,training,36,3,1,48,12,8,/tangrams/353_444.png,B4,"[""/tangrams/368_444.png"",""/tangrams/353_436.png"",""/tangrams/265_219.png"",""/tangrams/353_444.png""]","[""A4"",""B1"",""C2"",""B4""]",/tangrams/353_444.png,TRUE,/tangrams/353_444.png,01M215FK0ZT4PGXXVV13WRHJPB,01M215F66CRM1GV0R6SDQ69WCM,1788896737604,NA,4
01M20YKS2SGJFAYYXMEWDT0MTS,01M20WZK5AY7SPG9YB2GY60XCH,training,16,1,5,48,12,8,/tangrams/368_444.png,A4,"[""/tangrams/368_444.png"",""/tangrams/192_235.png"",""/tangrams/353_436.png"",""/tangrams/265_219.png""]","[""A4"",""D3"",""B1"",""C2""]",NA,NA,NA,NA,NA,NA,NA,2
01M20YKS6MQBFYPTBZP360KQVG,01M20WZK5AY7SPG9YB2GY60XCH,training,29,2,6,48,12,8,/tangrams/192_235.png,D3,"[""/tangrams/353_436.png"",""/tangrams/265_444.png"",""/tangrams/192_235.png"",""/tangrams/368_219.png""]","[""B1"",""C4"",""D3"",""A2""]",NA,NA,NA,NA,NA,NA,NA,3
01M214QKA4TANAZG08YAHE5YAS,01M20X0YW742ZY2EX5FCQ61EFA,training,12,1,1,48,12,8,/tangrams/265_444.png,C4,"[""/tangrams/265_436.png"",""/tangrams/368_219.png"",""/tangrams/265_444.png"",""/tangrams/353_444.png""]","[""C1"",""A2"",""C4"",""B4""]",NA,NA,NA,NA,NA,NA,NA,2
01M215CZWHA2JHFFX9R4H3KF27,01M20X14TW6FQW067YRK6RNDKN,training,47,3,12,48,12,9,/tangrams/49_129.png,D3,"[""/tangrams/49_129.png"",""/tangrams/39_34.png"",""/tangrams/130_469.png"",""/tangrams/144_181.png""]","[""D3"",""C2"",""A4"",""B1""]",/tangrams/49_129.png,TRUE,/tangrams/49_129.png,01M2154QPBTEQ4FE8D65KC2SJY,01M2156K7QTNRYHY4BTF9XK016,1788895212210,NA,4
01M215K3GDDVKY22Q25S875ZWN,01M20X175HY3CRCTEMGHN0JEQ3,training,27,2,4,48,12,11,/tangrams/296_345.png,C4,"[""/tangrams/293_156.png"",""/tangrams/455_392.png"",""/tangrams/296_345.png"",""/tangrams/316_227.png""]","[""B1"",""D2"",""C4"",""A3""]",/tangrams/296_345.png,TRUE,/tangrams/296_345.png,01M2154HBQMMKX5AJ9BGZ61E13,01M2154P1EJW4QYGH77ZY8V300,1788894491104,NA,3
01M20XZDAG8CFKQXB1HQYWPDDP,01M20WZK596SFHM9YDB6TD7NK1,training,43,3,8,48,12,6,/tangrams/81_324.png,B3,"[""/tangrams/81_324.png"",""/tangrams/81_264.png"",""/tangrams/275_324.png"",""/tangrams/4_437.png""]","[""B3"",""B1"",""A3"",""C2""]",/tangrams/81_324.png,TRUE,/tangrams/81_324.png,01M20X6CEXP7W9NTPEWK7QNX8Z,01M20XSN3R16DSBXVRQKQSS665,1788887534498,NA,4
01M214YX19RZHX7DBRFZ83Q6BE,01M20X148VH9T6HPBHADHZGVW4,training,11,0,12,48,12,11,/tangrams/316_156.png,A1,"[""/tangrams/293_392.png"",""/tangrams/274_4.png"",""/tangrams/192_185.png"",""/tangrams/316_156.png""]","[""B2"",""F2"",""F6"",""A1""]",/tangrams/192_185.png,FALSE,/tangrams/192_185.png,01M214CEQK5BQH1Z1J11PQVC16,01M214D5P3NXWG18WF1J3F1VFS,1788893734134,NA,1
01M214YX5TC5TBZTZ590ZRH84P,01M20X148VH9T6HPBHADHZGVW4,training,19,1,8,48,12,11,/tangrams/444_435.png,F3,"[""/tangrams/444_435.png"",""/tangrams/321_431.png"",""/tangrams/241_194.png"",""/tangrams/293_392.png""]","[""F3"",""F4"",""F8"",""B2""]",/tangrams/444_435.png,TRUE,/tangrams/444_435.png,01M214CEQK5BQH1Z1J11PQVC16,01M214D5P3NXWG18WF1J3F1VFS,1788894035078,NA,2
01M215GFNNX9HAZS049YKNKAD8,01M20X14TPRK3E5KMRXWZZW19Q,training,2,0,3,48,12,9,/tangrams/425_194.png,F2,"[""/tangrams/455_435.png"",""/tangrams/425_194.png"",""/tangrams/39_129.png"",""/tangrams/144_34.png""]","[""F4"",""F2"",""C3"",""B2""]",/tangrams/455_435.png,FALSE,/tangrams/455_435.png,01M214C4QNBNJ9JQSE7YJ5TDCV,01M214B7NK5TMY7WTYY3DVP911,1788894182606,NA,1
01M215HB6E5SN55WKFNM73EWFW,01M20X16AD7EKSEGH5WBVM39Q0,training,16,1,5,48,12,11,/tangrams/296_392.png,C2,"[""/tangrams/316_345.png"",""/tangrams/293_156.png"",""/tangrams/455_227.png"",""/tangrams/296_392.png""]","[""A4"",""B1"",""D3"",""C2""]",/tangrams/296_392.png,TRUE,/tangrams/296_392.png,01M2155PH51FH1Y7QSBY0YCPQ8,01M2153SDRH4EZ5F2YRG65W4Z9,1788894874188,NA,2
01M20XZDBCRCBBV0AQN3MV0EC6,01M20WZK596SFHM9YDB6TD7NK1,training,6,0,7,48,12,6,/tangrams/445_324.png,D3,"[""/tangrams/445_324.png"",""/tangrams/275_324.png"",""/tangrams/445_437.png"",""/tangrams/4_153.png""]","[""D3"",""A3"",""D2"",""C4""]",/tangrams/445_324.png,TRUE,/tangrams/445_324.png,01M20XSN3R16DSBXVRQKQSS665,01M20X6CEXP7W9NTPEWK7QNX8Z,1788886216447,NA,1
01M214KY306CX2F22VD9RTZV44,01M20X12WH32MX7V56M1SN262T,training,17,1,6,48,12,10,/tangrams/316_89.png,F3,"[""/tangrams/316_89.png"",""/tangrams/315_224.png"",""/tangrams/405_327.png"",""/tangrams/415_23.png""]","[""F3"",""F6"",""F1"",""F4""]",/tangrams/316_89.png,TRUE,/tangrams/316_89.png,01M214AY9SMBAC3FWH0EN358MB,01M214C29BTAAYH03KHSYPYBMR,1788893476605,NA,2
01M214NB11B1XDB53TTV4KHRZD,01M20X13PJV655EHMJRF5XR4PG,training,22,1,11,48,12,10,/tangrams/405_327.png,F1,"[""/tangrams/284_245.png"",""/tangrams/180_425.png"",""/tangrams/405_327.png"",""/tangrams/57_85.png""]","[""F7"",""F5"",""F1"",""F2""]",NA,NA,NA,NA,NA,NA,NA,2
01M215B0REQ3VH9W3X7AV01SG2,01M20X13PPQ56SF2D1TXYZ1GT1,training,27,2,4,48,12,8,/tangrams/192_235.png,D3,"[""/tangrams/192_235.png"",""/tangrams/265_444.png"",""/tangrams/368_219.png"",""/tangrams/353_436.png""]","[""D3"",""C4"",""A2"",""B1""]",/tangrams/192_235.png,TRUE,/tangrams/192_235.png,01M21549E1T7PGG1H0FCWWP74Z,01M2155RV91S7EYVKS22CN3J6W,1788895018144,NA,3
01M215HJCQK3TMWZ34MSS3HJR2,01M20X148Y8KBRQFNJT9HAMJT5,training,15,1,4,48,12,10,/tangrams/382_364.png,D2,"[""/tangrams/62_364.png"",""/tangrams/382_463.png"",""/tangrams/18_112.png"",""/tangrams/382_364.png""]","[""C2"",""D1"",""A3"",""D2""]",/tangrams/382_463.png,FALSE,/tangrams/382_463.png,01M214DZ3N8JPJ1Z6KSP8PYNZQ,01M214PMGV2W0E0MG6FCTN05EB,1788895584377,NA,2
01M215HJF9NZX5PCXJ7WQXADD1,01M20X148Y8KBRQFNJT9HAMJT5,training,12,1,1,48,12,10,/tangrams/62_463.png,C1,"[""/tangrams/411_112.png"",""/tangrams/382_463.png"",""/tangrams/62_463.png"",""/tangrams/62_107.png""]","[""B3"",""D1"",""C1"",""C4""]",/tangrams/62_463.png,TRUE,/tangrams/62_463.png,01M214PMGV2W0E0MG6FCTN05EB,01M214DZ3N8JPJ1Z6KSP8PYNZQ,1788895501461,NA,2
01M215K3DQMPVSSXBNZ9FPD970,01M20X175HY3CRCTEMGHN0JEQ3,training,24,2,1,48,12,11,/tangrams/293_156.png,B1,"[""/tangrams/296_345.png"",""/tangrams/293_156.png"",""/tangrams/455_227.png"",""/tangrams/316_392.png""]","[""C4"",""B1"",""D3"",""A2""]",/tangrams/293_156.png,TRUE,/tangrams/293_156.png,01M2154P1EJW4QYGH77ZY8V300,01M2154HBQMMKX5AJ9BGZ61E13,1788894440148,NA,3
01M20Z96DVHBGSYKKV6NNNWX3A,01M20X11N92ZFWXFVKY2CVEME8,training,8,0,9,48,12,9,/tangrams/144_469.png,B4,"[""/tangrams/144_469.png"",""/tangrams/49_129.png"",""/tangrams/39_181.png"",""/tangrams/130_34.png""]","[""B4"",""D3"",""C1"",""A2""]",NA,NA,NA,NA,NA,NA,NA,1
01M214JDP0WH3WHHT3WC7RGW66,01M20X0YW4S4FB44B5GCQBDAXT,training,46,3,11,48,12,9,/tangrams/436_72.png,F7,"[""/tangrams/49_469.png"",""/tangrams/364_46.png"",""/tangrams/133_40.png"",""/tangrams/436_72.png""]","[""D4"",""F1"",""F8"",""F7""]",NA,NA,NA,NA,NA,NA,NA,4
01M215DN5HZX3WM523ZRVX0FKX,01M20X15BBYTN3YPSFQGJ5ZXF5,training,33,2,10,48,12,10,/tangrams/411_463.png,B1,"[""/tangrams/411_463.png"",""/tangrams/62_364.png"",""/tangrams/382_112.png"",""/tangrams/18_107.png""]","[""B1"",""C2"",""D3"",""A4""]",/tangrams/411_463.png,TRUE,/tangrams/411_463.png,01M21552Z3FC5ZE6SYNEHHVAW4,01M21567THKMHSR683ZH4K0TNA,1788895511131,NA,3
01M215K3AYH2JQ6CNX35X693B3,01M20X175HY3CRCTEMGHN0JEQ3,training,21,1,10,48,12,11,/tangrams/293_227.png,B3,"[""/tangrams/316_392.png"",""/tangrams/293_227.png"",""/tangrams/296_345.png"",""/tangrams/455_156.png""]","[""A2"",""B3"",""C4"",""D1""]",/tangrams/293_227.png,TRUE,/tangrams/293_227.png,01M2154HBQMMKX5AJ9BGZ61E13,01M2154P1EJW4QYGH77ZY8V300,1788894381168,NA,2
01M214K22K0WKEX4QN9MQ53P05,01M20X11N5A2NXXZZPJ1AXFSW6,training,37,3,2,48,12,9,/tangrams/6_423.png,F3,"[""/tangrams/455_435.png"",""/tangrams/364_46.png"",""/tangrams/6_423.png"",""/tangrams/436_72.png""]","[""F4"",""F1"",""F3"",""F7""]",/tangrams/6_423.png,TRUE,/tangrams/6_423.png,01M214DGSKEJ8ZAHQ4WC2E0G7N,01M214ERNYBYY3EBY90CCRQDQJ,1788893775304,NA,4
01M214ZFZSADRY2T08Z79TJC0J,01M20X12WDNRHQCMYC0R9VEVHQ,training,16,1,5,48,12,9,/tangrams/144_129.png,B3,"[""/tangrams/130_129.png"",""/tangrams/144_181.png"",""/tangrams/144_129.png"",""/tangrams/39_34.png""]","[""A3"",""B1"",""B3"",""C2""]",NA,NA,NA,NA,NA,NA,NA,2
01M215M118BZ2M68VDHP0KTZR9,01M215K1RCENCVM87G4759AF5H,training,46,3,11,48,12,12,/tangrams/161_275.png,C4,"[""/tangrams/72_312.png"",""/tangrams/137_213.png"",""/tangrams/244_345.png"",""/tangrams/161_275.png""]","[""A2"",""D3"",""B1"",""C4""]",/tangrams/161_275.png,TRUE,/tangrams/161_275.png,01M215AVP11B8QPDVCJRC6C334,01M21569Y0RK1B1KAXYKBVZA95,1788895462856,NA,4
01M215N2DVE5HF329KFZS615WD,01M215K2BSVQ6X8DX5GH1YZX6B,training,6,0,7,48,12,12,/tangrams/72_213.png,A3,"[""/tangrams/137_345.png"",""/tangrams/244_275.png"",""/tangrams/72_213.png"",""/tangrams/161_312.png""]","[""D1"",""B4"",""A3"",""C2""]",/tangrams/72_213.png,TRUE,/tangrams/72_213.png,01M2159JAWAFEZB1KH9W5K5DTC,01M2157YJ34JPNQ0ZE6DJJD3G3,1788894897789,NA,1
01M215PMVN3JE6AF3MXDGK9SA0,01M215M9N7M1Y02J02DK7JKTQA,training,27,2,4,48,12,13,/tangrams/403_164.png,D3,"[""/tangrams/66_335.png"",""/tangrams/42_63.png"",""/tangrams/403_164.png"",""/tangrams/113_142.png""]","[""A2"",""B4"",""D3"",""C1""]",NA,NA,NA,NA,NA,NA,NA,3
01M20XZD9Q5D0P2GN4C8KRAJKG,01M20WZK596SFHM9YDB6TD7NK1,training,14,1,3,48,12,6,/tangrams/81_153.png,B4,"[""/tangrams/4_153.png"",""/tangrams/445_324.png"",""/tangrams/81_153.png"",""/tangrams/81_264.png""]","[""C4"",""D3"",""B4"",""B1""]",/tangrams/445_324.png,FALSE,/tangrams/445_324.png,01M20XSN3R16DSBXVRQKQSS665,01M20X6CEXP7W9NTPEWK7QNX8Z,1788886541860,NA,2
01M214NB1942M4WF7VQ3V52PXA,01M20X13PJV655EHMJRF5XR4PG,training,21,1,10,48,12,10,/tangrams/57_85.png,F2,"[""/tangrams/382_107.png"",""/tangrams/57_85.png"",""/tangrams/315_224.png"",""/tangrams/405_327.png""]","[""D4"",""F2"",""F6"",""F1""]",NA,NA,NA,NA,NA,NA,NA,2
01M214QK6TEF0VWGA5E13G8Y5Y,01M20X0YW742ZY2EX5FCQ61EFA,training,24,2,1,48,12,8,/tangrams/265_219.png,C2,"[""/tangrams/265_219.png"",""/tangrams/265_444.png"",""/tangrams/192_219.png"",""/tangrams/353_235.png""]","[""C2"",""C4"",""D2"",""B3""]",NA,NA,NA,NA,NA,NA,NA,3
01M215BKY44BF53BKXY64FPNCY,01M20X148Y8KBRQFNJTS9AKRW4,training,18,1,7,48,12,9,/tangrams/39_469.png,C4,"[""/tangrams/39_469.png"",""/tangrams/130_129.png"",""/tangrams/49_34.png"",""/tangrams/144_181.png""]","[""C4"",""A3"",""D2"",""B1""]",/tangrams/39_469.png,TRUE,/tangrams/39_469.png,01M2154JXMHS9BTWF8FWDE7774,01M21546HN9E95PWNR6ZWTAMM2,1788894659561,NA,2
01M20YD5X92SRG1WZW4K2TH3V7,01M20WZK57NAX0A8X7B3WNHQN9,training,9,0,10,48,12,8,/tangrams/353_219.png,B2,"[""/tangrams/353_219.png"",""/tangrams/101_61.png"",""/tangrams/414_365.png"",""/tangrams/192_444.png""]","[""B2"",""F2"",""F6"",""D4""]",/tangrams/353_219.png,TRUE,/tangrams/353_219.png,01M20XW9BF9HJ5QA1N7YCTN8ZM,01M20Y7KTG16QCRZCK67K4YDTR,1788886596252,NA,1
01M214KY82XNBK877K0SM1G6PG,01M20X12WH32MX7V56M1SN262T,training,43,3,8,48,12,10,/tangrams/57_85.png,F2,"[""/tangrams/62_112.png"",""/tangrams/57_85.png"",""/tangrams/405_327.png"",""/tangrams/415_23.png""]","[""C3"",""F2"",""F1"",""F4""]",/tangrams/57_85.png,TRUE,/tangrams/57_85.png,01M214AY9SMBAC3FWH0EN358MB,01M214C29BTAAYH03KHSYPYBMR,1788893887983,NA,4
01M214YXBBHWSBTPJE9GXMY1SJ,01M20X148VH9T6HPBHADHZGVW4,training,40,3,5,48,12,11,/tangrams/321_431.png,F4,"[""/tangrams/296_227.png"",""/tangrams/328_256.png"",""/tangrams/316_156.png"",""/tangrams/321_431.png""]","[""C3"",""F7"",""A1"",""F4""]",/tangrams/321_431.png,TRUE,/tangrams/321_431.png,01M214D5P3NXWG18WF1J3F1VFS,01M214CEQK5BQH1Z1J11PQVC16,1788894548136,NA,4
01M215PMJ95XERSNVTAZ4P23M9,01M215M9N7M1Y02J02DK7JKTQA,training,18,1,7,48,12,13,/tangrams/113_63.png,C4,"[""/tangrams/403_335.png"",""/tangrams/113_63.png"",""/tangrams/66_164.png"",""/tangrams/42_142.png""]","[""D2"",""C4"",""A3"",""B1""]",NA,NA,NA,NA,NA,NA,NA,2
01M20YKS76W8789PMCEC5T0R11,01M20WZK5AY7SPG9YB2GY60XCH,training,42,3,7,48,12,8,/tangrams/353_235.png,B3,"[""/tangrams/192_219.png"",""/tangrams/265_436.png"",""/tangrams/368_444.png"",""/tangrams/353_235.png""]","[""D2"",""C1"",""A4"",""B3""]",NA,NA,NA,NA,NA,NA,NA,4
01M214ZFYR3G8YBYSHK8E6EPCN,01M20X12WDNRHQCMYC0R9VEVHQ,training,18,1,7,48,12,9,/tangrams/130_129.png,A3,"[""/tangrams/130_129.png"",""/tangrams/144_181.png"",""/tangrams/49_129.png"",""/tangrams/130_34.png""]","[""A3"",""B1"",""D3"",""A2""]",NA,NA,NA,NA,NA,NA,NA,2
01M215HJZ7M69JPJRC1SWEBDFM,01M20X148Y8KBRQFNJT9HAMJT5,training,2,0,3,48,12,10,/tangrams/18_107.png,A4,"[""/tangrams/382_112.png"",""/tangrams/18_107.png"",""/tangrams/411_107.png"",""/tangrams/18_364.png""]","[""D3"",""A4"",""B4"",""A2""]",NA,FALSE,NA,01M214PMGV2W0E0MG6FCTN05EB,01M214DZ3N8JPJ1Z6KSP8PYNZQ,NA,NA,1
01M214KY3VVN31FDSEXQ2TG5B2,01M20X12WH32MX7V56M1SN262T,training,21,1,10,48,12,10,/tangrams/180_425.png,F5,"[""/tangrams/426_419.png"",""/tangrams/18_463.png"",""/tangrams/180_425.png"",""/tangrams/284_245.png""]","[""F8"",""A1"",""F5"",""F7""]",/tangrams/180_425.png,TRUE,/tangrams/180_425.png,01M214AY9SMBAC3FWH0EN358MB,01M214C29BTAAYH03KHSYPYBMR,1788893546835,NA,2
01M214NB1N204B30DFVFNG5JF1,01M20X13PJV655EHMJRF5XR4PG,training,18,1,7,48,12,10,/tangrams/382_107.png,D4,"[""/tangrams/284_245.png"",""/tangrams/57_85.png"",""/tangrams/180_425.png"",""/tangrams/382_107.png""]","[""F7"",""F2"",""F5"",""D4""]",NA,FALSE,NA,01M214E3AZ6Y0RHEASN5NQEEJN,01M214C6Z85CZDH1N1HARPXC77,NA,NA,2
01M215AAP0SKMSXDFHBHJTSHRH,01M20X12WE7PPHA7JSTZZ2E6FT,training,26,2,3,48,12,8,/tangrams/368_444.png,A4,"[""/tangrams/265_219.png"",""/tangrams/353_235.png"",""/tangrams/368_444.png"",""/tangrams/192_436.png""]","[""C2"",""B3"",""A4"",""D1""]",/tangrams/368_444.png,TRUE,/tangrams/368_444.png,01M2154T01JJAXZD005VWMS05B,01M2154MN76WHSRHJG8SAKSTFM,1788894506353,NA,3
01M215AARCNYACMFQVR32J60WB,01M20X12WE7PPHA7JSTZZ2E6FT,training,32,2,9,48,12,8,/tangrams/192_436.png,D1,"[""/tangrams/368_219.png"",""/tangrams/265_444.png"",""/tangrams/353_235.png"",""/tangrams/192_436.png""]","[""A2"",""C4"",""B3"",""D1""]",/tangrams/192_436.png,TRUE,/tangrams/192_436.png,01M2154T01JJAXZD005VWMS05B,01M2154MN76WHSRHJG8SAKSTFM,1788894618384,NA,3
01M21534CGCN3RAN164J0WQNBV,01M20X13PNQ3DCXFM6ND825C25,training,31,2,8,48,12,9,/tangrams/39_34.png,C2,"[""/tangrams/39_469.png"",""/tangrams/49_181.png"",""/tangrams/130_34.png"",""/tangrams/39_34.png""]","[""C4"",""D1"",""A2"",""C2""]",/tangrams/130_34.png,FALSE,/tangrams/130_34.png,01M214JN3YRRY4RAVQ10A1MK5E,01M214P0SMCPMD4G6CRK6QKHYR,1788895094247,NA,3
01M21534KP6XQ242SCK6C7W7GC,01M20X13PNQ3DCXFM6ND825C25,training,40,3,5,48,12,9,/tangrams/49_181.png,D1,"[""/tangrams/130_469.png"",""/tangrams/39_181.png"",""/tangrams/49_181.png"",""/tangrams/49_34.png""]","[""A4"",""C1"",""D1"",""D2""]",/tangrams/39_181.png,FALSE,/tangrams/39_181.png,01M214P0SMCPMD4G6CRK6QKHYR,01M214JN3YRRY4RAVQ10A1MK5E,1788895554182,NA,4
01M215AAPHA03KKG7DZZSVF7WA,01M20X12WE7PPHA7JSTZZ2E6FT,training,47,3,12,48,12,8,/tangrams/265_219.png,C2,"[""/tangrams/192_436.png"",""/tangrams/265_219.png"",""/tangrams/353_235.png"",""/tangrams/368_444.png""]","[""D1"",""C2"",""B3"",""A4""]",/tangrams/265_219.png,TRUE,/tangrams/265_219.png,01M2154MN76WHSRHJG8SAKSTFM,01M2154T01JJAXZD005VWMS05B,1788894860294,NA,4
01M215EH0YQ31RY7XZTKGMJXRE,01M20X15T7F67D04XT463JKFRX,training,24,2,1,48,12,10,/tangrams/18_112.png,A3,"[""/tangrams/382_364.png"",""/tangrams/62_463.png"",""/tangrams/411_107.png"",""/tangrams/18_112.png""]","[""D2"",""C1"",""B4"",""A3""]",/tangrams/411_107.png,FALSE,/tangrams/411_107.png,01M21557T3YDBSX3GT1DB1X6ZD,01M2154MFSP4VTTH1ZQNHW7C0J,1788894163218,NA,3
01M215HBFP4Q7B9FACBNNDV1VH,01M20X16AD7EKSEGH5WBVM39Q0,training,3,0,4,48,12,11,/tangrams/296_345.png,C4,"[""/tangrams/296_345.png"",""/tangrams/316_392.png"",""/tangrams/455_156.png"",""/tangrams/293_227.png""]","[""C4"",""A2"",""D1"",""B3""]",/tangrams/296_345.png,TRUE,/tangrams/296_345.png,01M2153SDRH4EZ5F2YRG65W4Z9,01M2155PH51FH1Y7QSBY0YCPQ8,1788894322542,NA,1
01M20YD5ZN72N0Q36P4J864C9H,01M20WZK57NAX0A8X7B3WNHQN9,training,27,2,4,48,12,8,/tangrams/371_100.png,F1,"[""/tangrams/371_100.png"",""/tangrams/368_436.png"",""/tangrams/277_238.png"",""/tangrams/414_365.png""]","[""F1"",""A1"",""F8"",""F6""]",/tangrams/371_100.png,TRUE,/tangrams/371_100.png,01M20XW9BF9HJ5QA1N7YCTN8ZM,01M20Y7KTG16QCRZCK67K4YDTR,1788886972155,NA,3
01M20Z96JR4KS0QKM797NZ3GD9,01M20X11N92ZFWXFVKY2CVEME8,training,27,2,4,48,12,9,/tangrams/39_469.png,C4,"[""/tangrams/39_469.png"",""/tangrams/130_129.png"",""/tangrams/49_34.png"",""/tangrams/144_181.png""]","[""C4"",""A3"",""D2"",""B1""]",NA,NA,NA,NA,NA,NA,NA,3
01M215CZS479PM2MEDXJZXCCS3,01M20X14TW6FQW067YRK6RNDKN,training,15,1,4,48,12,9,/tangrams/130_129.png,A3,"[""/tangrams/130_129.png"",""/tangrams/49_34.png"",""/tangrams/144_181.png"",""/tangrams/39_469.png""]","[""A3"",""D2"",""B1"",""C4""]",/tangrams/130_129.png,TRUE,/tangrams/130_129.png,01M2154QPBTEQ4FE8D65KC2SJY,01M2156K7QTNRYHY4BTF9XK016,1788894305831,NA,2
01M215M121RDEZMC4CVY1S8Y5G,01M215K1RCENCVM87G4759AF5H,training,45,3,10,48,12,12,/tangrams/72_275.png,A4,"[""/tangrams/244_213.png"",""/tangrams/72_275.png"",""/tangrams/161_312.png"",""/tangrams/137_345.png""]","[""B3"",""A4"",""C2"",""D1""]",/tangrams/72_275.png,TRUE,/tangrams/72_275.png,01M21569Y0RK1B1KAXYKBVZA95,01M215AVP11B8QPDVCJRC6C334,1788895444841,NA,4
01M20Z96E39JZ3M8Y3Y8PX39H6,01M20X11N92ZFWXFVKY2CVEME8,training,17,1,6,48,12,9,/tangrams/39_181.png,C1,"[""/tangrams/130_129.png"",""/tangrams/39_181.png"",""/tangrams/144_469.png"",""/tangrams/49_34.png""]","[""A3"",""C1"",""B4"",""D2""]",NA,NA,NA,NA,NA,NA,NA,2
01M214JDFHVM534Q5HQDK7YFZM,01M20X0YW4S4FB44B5GCQBDAXT,training,32,2,9,48,12,9,/tangrams/364_46.png,F1,"[""/tangrams/133_40.png"",""/tangrams/47_268.png"",""/tangrams/364_46.png"",""/tangrams/89_182.png""]","[""F8"",""F6"",""F1"",""F5""]",NA,NA,NA,NA,NA,NA,NA,3
01M215BM7ZP150AVB44EDSH3N5,01M20X148Y8KBRQFNJTS9AKRW4,training,45,3,10,48,12,9,/tangrams/49_129.png,D3,"[""/tangrams/49_129.png"",""/tangrams/130_34.png"",""/tangrams/39_181.png"",""/tangrams/144_469.png""]","[""D3"",""A2"",""C1"",""B4""]",/tangrams/49_129.png,TRUE,/tangrams/49_129.png,01M21546HN9E95PWNR6ZWTAMM2,01M2154JXMHS9BTWF8FWDE7774,1788895473962,NA,4
01M215GFYQ28HRT1P0W64MNNW3,01M20X14TPRK3E5KMRXWZZW19Q,training,13,1,2,48,12,9,/tangrams/436_72.png,F7,"[""/tangrams/455_435.png"",""/tangrams/436_72.png"",""/tangrams/425_194.png"",""/tangrams/6_423.png""]","[""F4"",""F7"",""F2"",""F3""]",/tangrams/436_72.png,TRUE,/tangrams/436_72.png,01M214B7NK5TMY7WTYY3DVP911,01M214C4QNBNJ9JQSE7YJ5TDCV,1788894560835,NA,2
01M215N3JVHT7YA7QS3AYXJ1H0,01M215K2BSVQ6X8DX5GH1YZX6B,training,29,2,6,48,12,12,/tangrams/72_275.png,A4,"[""/tangrams/72_275.png"",""/tangrams/244_213.png"",""/tangrams/161_312.png"",""/tangrams/137_345.png""]","[""A4"",""B3"",""C2"",""D1""]",/tangrams/72_275.png,TRUE,/tangrams/72_275.png,01M2157YJ34JPNQ0ZE6DJJD3G3,01M2159JAWAFEZB1KH9W5K5DTC,1788895553987,NA,3
01M215PM0EYCZ3GT1XR3D63VW4,01M215M9N7M1Y02J02DK7JKTQA,training,0,0,1,48,12,13,/tangrams/113_335.png,C2,"[""/tangrams/403_142.png"",""/tangrams/66_164.png"",""/tangrams/42_63.png"",""/tangrams/113_335.png""]","[""D1"",""A3"",""B4"",""C2""]",NA,NA,NA,NA,NA,NA,NA,1
01M214JD9PKNRB70K97DJ6S0T4,01M20X0YW4S4FB44B5GCQBDAXT,training,1,0,2,48,12,9,/tangrams/364_46.png,F1,"[""/tangrams/364_46.png"",""/tangrams/130_181.png"",""/tangrams/436_72.png"",""/tangrams/47_268.png""]","[""F1"",""A1"",""F7"",""F6""]",NA,FALSE,NA,01M20XC1CR2BQSQ9QRRT7VRXFA,01M214EQ4FACEB4DB1G63HBRYM,NA,1788892573880,1
01M215CZSQBCP6B29A9D03T7F9,01M20X14TW6FQW067YRK6RNDKN,training,16,1,5,48,12,9,/tangrams/130_469.png,A4,"[""/tangrams/130_469.png"",""/tangrams/39_181.png"",""/tangrams/144_129.png"",""/tangrams/49_34.png""]","[""A4"",""C1"",""B3"",""D2""]",/tangrams/130_469.png,TRUE,/tangrams/130_469.png,01M2156K7QTNRYHY4BTF9XK016,01M2154QPBTEQ4FE8D65KC2SJY,1788894340294,NA,2
01M215HAVPDZZ36QSH287B8QYM,01M20X16AD7EKSEGH5WBVM39Q0,training,2,0,3,48,12,11,/tangrams/296_392.png,C2,"[""/tangrams/293_345.png"",""/tangrams/296_392.png"",""/tangrams/316_227.png"",""/tangrams/455_156.png""]","[""B4"",""C2"",""A3"",""D1""]",/tangrams/455_156.png,FALSE,/tangrams/455_156.png,01M2155PH51FH1Y7QSBY0YCPQ8,01M2153SDRH4EZ5F2YRG65W4Z9,1788894285463,NA,1
01M215K3J7YCP3YTTT3520X8TC,01M20X175HY3CRCTEMGHN0JEQ3,training,29,2,6,48,12,11,/tangrams/293_345.png,B4,"[""/tangrams/316_392.png"",""/tangrams/293_345.png"",""/tangrams/455_227.png"",""/tangrams/296_156.png""]","[""A2"",""B4"",""D3"",""C1""]",/tangrams/293_345.png,TRUE,/tangrams/293_345.png,01M2154HBQMMKX5AJ9BGZ61E13,01M2154P1EJW4QYGH77ZY8V300,1788894536047,NA,3
01M215N2P9YGA306Q8MTTSZWGD,01M215K2BSVQ6X8DX5GH1YZX6B,training,10,0,11,48,12,12,/tangrams/137_345.png,D1,"[""/tangrams/72_275.png"",""/tangrams/161_312.png"",""/tangrams/244_213.png"",""/tangrams/137_345.png""]","[""A4"",""C2"",""B3"",""D1""]",/tangrams/137_345.png,TRUE,/tangrams/137_345.png,01M2159JAWAFEZB1KH9W5K5DTC,01M2157YJ34JPNQ0ZE6DJJD3G3,1788895037620,NA,1
01M215Z29ZJTM0GA4XJZEVQS07,01M20X14TTKZWGB70XGMAFRR2H,training,4,0,5,48,12,8,/tangrams/353_235.png,B3,"[""/tangrams/353_436.png"",""/tangrams/265_444.png"",""/tangrams/192_235.png"",""/tangrams/353_235.png""]","[""B1"",""C4"",""D3"",""B3""]",/tangrams/353_235.png,TRUE,/tangrams/353_235.png,01M215FK0ZT4PGXXVV13WRHJPB,01M215F66CRM1GV0R6SDQ69WCM,1788895217245,NA,1
01M20YSTPF88FEWKRH1HWMWFWG,01M20X0YW80CVJTXB8KR0PJ9Z8,training,9,0,10,48,12,8,/tangrams/368_219.png,A2,"[""/tangrams/192_436.png"",""/tangrams/265_444.png"",""/tangrams/368_219.png"",""/tangrams/353_235.png""]","[""D1"",""C4"",""A2"",""B3""]",NA,NA,NA,NA,NA,NA,NA,1
01M215CZN583BVMSJ9J5X5DT59,01M20X14TW6FQW067YRK6RNDKN,training,9,0,10,48,12,9,/tangrams/130_34.png,A2,"[""/tangrams/144_129.png"",""/tangrams/39_469.png"",""/tangrams/130_34.png"",""/tangrams/49_181.png""]","[""B3"",""C4"",""A2"",""D1""]",/tangrams/39_469.png,FALSE,/tangrams/39_469.png,01M2154QPBTEQ4FE8D65KC2SJY,01M2156K7QTNRYHY4BTF9XK016,1788894096588,NA,1
01M215D08HBFMSNSS489JY92N9,01M20X14TW6FQW067YRK6RNDKN,training,38,3,3,48,12,9,/tangrams/130_469.png,A4,"[""/tangrams/49_181.png"",""/tangrams/39_34.png"",""/tangrams/130_469.png"",""/tangrams/144_129.png""]","[""D1"",""C2"",""A4"",""B3""]",/tangrams/130_469.png,TRUE,/tangrams/130_469.png,01M2156K7QTNRYHY4BTF9XK016,01M2154QPBTEQ4FE8D65KC2SJY,1788894994354,NA,4
01M215DMK15JVEQCBWHE6TJ1TT,01M20X15BBYTN3YPSFQGJ5ZXF5,training,3,0,4,48,12,10,/tangrams/18_364.png,A2,"[""/tangrams/18_364.png"",""/tangrams/62_107.png"",""/tangrams/382_112.png"",""/tangrams/411_463.png""]","[""A2"",""C4"",""D3"",""B1""]",/tangrams/18_364.png,TRUE,/tangrams/18_364.png,01M21552Z3FC5ZE6SYNEHHVAW4,01M21567THKMHSR683ZH4K0TNA,1788894360490,NA,1
01M20YD649D597KK4KE72Y177Z,01M20WZK57NAX0A8X7B3WNHQN9,training,36,3,1,48,12,8,/tangrams/414_365.png,F6,"[""/tangrams/353_219.png"",""/tangrams/414_365.png"",""/tangrams/371_100.png"",""/tangrams/311_205.png""]","[""B2"",""F6"",""F1"",""F4""]",/tangrams/414_365.png,TRUE,/tangrams/414_365.png,01M20Y7KTG16QCRZCK67K4YDTR,01M20XW9BF9HJ5QA1N7YCTN8ZM,1788887153637,NA,4
01M20Z96HN8FZNF3N5XETKJTVV,01M20X11N92ZFWXFVKY2CVEME8,training,6,0,7,48,12,9,/tangrams/144_181.png,B1,"[""/tangrams/130_34.png"",""/tangrams/144_181.png"",""/tangrams/39_469.png"",""/tangrams/49_129.png""]","[""A2"",""B1"",""C4"",""D3""]",NA,NA,NA,NA,NA,NA,NA,1
01M214JDFZBWKW9PN9C7HPHSVZ,01M20X0YW4S4FB44B5GCQBDAXT,training,33,2,10,48,12,9,/tangrams/436_72.png,F7,"[""/tangrams/436_72.png"",""/tangrams/144_34.png"",""/tangrams/364_46.png"",""/tangrams/133_40.png""]","[""F7"",""B2"",""F1"",""F8""]",NA,NA,NA,NA,NA,NA,NA,3
01M214NB0TVNEAD3MMYYCBND14,01M20X13PJV655EHMJRF5XR4PG,training,23,1,12,48,12,10,/tangrams/62_112.png,C3,"[""/tangrams/57_85.png"",""/tangrams/411_364.png"",""/tangrams/405_327.png"",""/tangrams/62_112.png""]","[""F2"",""B2"",""F1"",""C3""]",NA,NA,NA,NA,NA,NA,NA,2
01M214NB91VEM5NKMDYQBT3JTE,01M20X13PJV655EHMJRF5XR4PG,training,31,2,8,48,12,10,/tangrams/284_245.png,F7,"[""/tangrams/18_463.png"",""/tangrams/180_425.png"",""/tangrams/426_419.png"",""/tangrams/284_245.png""]","[""A1"",""F5"",""F8"",""F7""]",NA,NA,NA,NA,NA,NA,NA,3
01M214QKF8D9W76AG9R9PSR8VE,01M20X0YW742ZY2EX5FCQ61EFA,training,44,3,9,48,12,8,/tangrams/192_436.png,D1,"[""/tangrams/353_436.png"",""/tangrams/368_444.png"",""/tangrams/192_219.png"",""/tangrams/192_436.png""]","[""B1"",""A4"",""D2"",""D1""]",NA,NA,NA,NA,NA,NA,NA,4
01M214ZFJ5HV6JK07DR4DF77AK,01M20X12WDNRHQCMYC0R9VEVHQ,training,3,0,4,48,12,9,/tangrams/39_181.png,C1,"[""/tangrams/39_469.png"",""/tangrams/49_181.png"",""/tangrams/39_181.png"",""/tangrams/130_129.png""]","[""C4"",""D1"",""C1"",""A3""]",NA,FALSE,NA,01M214C73WD84FZC09J8EC4573,01M214DJPXN2G9KF7M584ZNJA7,NA,NA,1
01M215N2CCRAD4R4RYMW69264S,01M215K2BSVQ6X8DX5GH1YZX6B,training,0,0,1,48,12,12,/tangrams/72_312.png,A2,"[""/tangrams/161_345.png"",""/tangrams/137_213.png"",""/tangrams/244_275.png"",""/tangrams/72_312.png""]","[""C1"",""D3"",""B4"",""A2""]",NA,FALSE,NA,01M2159JAWAFEZB1KH9W5K5DTC,01M2157YJ34JPNQ0ZE6DJJD3G3,NA,NA,1
01M215PMABGKZ2JR6GFQKGD1A4,01M215M9N7M1Y02J02DK7JKTQA,training,10,0,11,48,12,13,/tangrams/42_142.png,B1,"[""/tangrams/42_142.png"",""/tangrams/113_63.png"",""/tangrams/403_164.png"",""/tangrams/66_335.png""]","[""B1"",""C4"",""D3"",""A2""]",NA,NA,NA,NA,NA,NA,NA,1
01M20YD5Y21EX48DQ80KRJBGDV,01M20WZK57NAX0A8X7B3WNHQN9,training,17,1,6,48,12,8,/tangrams/353_219.png,B2,"[""/tangrams/353_219.png"",""/tangrams/194_445.png"",""/tangrams/414_365.png"",""/tangrams/277_238.png""]","[""B2"",""F3"",""F6"",""F8""]",/tangrams/353_219.png,TRUE,/tangrams/353_219.png,01M20XW9BF9HJ5QA1N7YCTN8ZM,01M20Y7KTG16QCRZCK67K4YDTR,1788886781784,NA,2
01M214NB78952ZMTCZYDYK57M2,01M20X13PJV655EHMJRF5XR4PG,training,0,0,1,48,12,10,/tangrams/405_327.png,F1,"[""/tangrams/316_89.png"",""/tangrams/415_23.png"",""/tangrams/405_327.png"",""/tangrams/315_224.png""]","[""F3"",""F4"",""F1"",""F6""]",/tangrams/405_327.png,TRUE,/tangrams/405_327.png,01M214E3AZ6Y0RHEASN5NQEEJN,01M214C6Z85CZDH1N1HARPXC77,1788892656551,NA,1
01M214NB9D4X32CGTFF4R90RVZ,01M20X13PJV655EHMJRF5XR4PG,training,44,3,9,48,12,10,/tangrams/405_327.png,F1,"[""/tangrams/316_89.png"",""/tangrams/405_327.png"",""/tangrams/180_425.png"",""/tangrams/415_23.png""]","[""F3"",""F1"",""F5"",""F4""]",NA,NA,NA,NA,NA,NA,NA,4
01M214QKGRNAHMQ8E123A29AHM,01M20X0YW742ZY2EX5FCQ61EFA,training,38,3,3,48,12,8,/tangrams/265_219.png,C2,"[""/tangrams/192_219.png"",""/tangrams/265_219.png"",""/tangrams/265_436.png"",""/tangrams/368_235.png""]","[""D2"",""C2"",""C1"",""A3""]",NA,NA,NA,NA,NA,NA,NA,4
01M214QNYWXC27846VB30P60TT,01M20X11N8F7DPTR5329TXEJ69,training,46,3,11,48,12,8,/tangrams/353_235.png,B3,"[""/tangrams/368_219.png"",""/tangrams/353_235.png"",""/tangrams/192_235.png"",""/tangrams/353_444.png""]","[""A2"",""B3"",""D3"",""B4""]",NA,NA,NA,NA,NA,NA,NA,4
01M21534A5F8SKF47NJCERFDAZ,01M20X13PNQ3DCXFM6ND825C25,training,38,3,3,48,12,9,/tangrams/39_34.png,C2,"[""/tangrams/39_181.png"",""/tangrams/144_129.png"",""/tangrams/39_34.png"",""/tangrams/130_34.png""]","[""C1"",""B3"",""C2"",""A2""]",/tangrams/130_34.png,FALSE,/tangrams/130_34.png,01M214P0SMCPMD4G6CRK6QKHYR,01M214JN3YRRY4RAVQ10A1MK5E,1788895445413,NA,4
01M215EHJKG0572Z5F2BHEQEGB,01M20X15T7F67D04XT463JKFRX,training,36,3,1,48,12,10,/tangrams/411_463.png,B1,"[""/tangrams/62_107.png"",""/tangrams/411_463.png"",""/tangrams/18_364.png"",""/tangrams/382_112.png""]","[""C4"",""B1"",""A2"",""D3""]",/tangrams/411_463.png,TRUE,/tangrams/411_463.png,01M21557T3YDBSX3GT1DB1X6ZD,01M2154MFSP4VTTH1ZQNHW7C0J,1788894466690,NA,4
01M215N471ARZDZ8Y8DGRPQ77J,01M215K2BSVQ6X8DX5GH1YZX6B,training,47,3,12,48,12,12,/tangrams/244_275.png,B4,"[""/tangrams/72_213.png"",""/tangrams/161_312.png"",""/tangrams/244_275.png"",""/tangrams/137_345.png""]","[""A3"",""C2"",""B4"",""D1""]",/tangrams/244_275.png,TRUE,/tangrams/244_275.png,01M2157YJ34JPNQ0ZE6DJJD3G3,01M2159JAWAFEZB1KH9W5K5DTC,1788895932030,NA,4
01M20YKS24PKBA3QTG2ZTXFVRW,01M20WZK5AY7SPG9YB2GY60XCH,training,11,0,12,48,12,8,/tangrams/192_219.png,D2,"[""/tangrams/265_436.png"",""/tangrams/353_235.png"",""/tangrams/192_219.png"",""/tangrams/368_444.png""]","[""C1"",""B3"",""D2"",""A4""]",NA,NA,NA,NA,NA,NA,NA,1
01M20Z96C3Y1MNQS7Y0STX4R6N,01M20X11N92ZFWXFVKY2CVEME8,training,0,0,1,48,12,9,/tangrams/130_34.png,A2,"[""/tangrams/144_129.png"",""/tangrams/39_469.png"",""/tangrams/49_181.png"",""/tangrams/130_34.png""]","[""B3"",""C4"",""D1"",""A2""]",NA,FALSE,NA,01M20YR2K07K9X60T54DN4Z8Q0,01M20YGVWYARZ695AWDNJ9TT2P,NA,NA,1
01M214K25FYW29B87MM7R9CHPK,01M20X11N5A2NXXZZPJ1AXFSW6,training,24,2,1,48,12,9,/tangrams/49_469.png,D4,"[""/tangrams/130_181.png"",""/tangrams/49_469.png"",""/tangrams/39_129.png"",""/tangrams/364_46.png""]","[""A1"",""D4"",""C3"",""F1""]",/tangrams/49_469.png,TRUE,/tangrams/49_469.png,01M214ERNYBYY3EBY90CCRQDQJ,01M214DGSKEJ8ZAHQ4WC2E0G7N,1788893518738,NA,3
01M21534EFJNPMNJTV7DV13DAV,01M20X13PNQ3DCXFM6ND825C25,training,45,3,10,48,12,9,/tangrams/39_469.png,C4,"[""/tangrams/130_34.png"",""/tangrams/39_469.png"",""/tangrams/39_181.png"",""/tangrams/144_469.png""]","[""A2"",""C4"",""C1"",""B4""]",/tangrams/39_469.png,TRUE,/tangrams/39_469.png,01M214JN3YRRY4RAVQ10A1MK5E,01M214P0SMCPMD4G6CRK6QKHYR,1788895745096,NA,4
01M215K3HARQ88EFVQVCD1HKX2,01M20X175HY3CRCTEMGHN0JEQ3,training,28,2,5,48,12,11,/tangrams/293_227.png,B3,"[""/tangrams/316_345.png"",""/tangrams/455_156.png"",""/tangrams/293_227.png"",""/tangrams/296_392.png""]","[""A4"",""D1"",""B3"",""C2""]",/tangrams/293_227.png,TRUE,/tangrams/293_227.png,01M2154P1EJW4QYGH77ZY8V300,01M2154HBQMMKX5AJ9BGZ61E13,1788894521655,NA,3
01M215M1QA97KHT87C33MHV3XJ,01M215K1RCENCVM87G4759AF5H,training,21,1,10,48,12,12,/tangrams/72_275.png,A4,"[""/tangrams/161_345.png"",""/tangrams/244_213.png"",""/tangrams/72_275.png"",""/tangrams/137_312.png""]","[""C1"",""B3"",""A4"",""D2""]",/tangrams/72_275.png,TRUE,/tangrams/72_275.png,01M21569Y0RK1B1KAXYKBVZA95,01M215AVP11B8QPDVCJRC6C334,1788895049923,NA,2
01M215N2TKR6RBFP736KP3DKNQ,01M215K2BSVQ6X8DX5GH1YZX6B,training,13,1,2,48,12,12,/tangrams/161_312.png,C2,"[""/tangrams/137_345.png"",""/tangrams/72_275.png"",""/tangrams/244_213.png"",""/tangrams/161_312.png""]","[""D1"",""A4"",""B3"",""C2""]",/tangrams/161_312.png,TRUE,/tangrams/161_312.png,01M2157YJ34JPNQ0ZE6DJJD3G3,01M2159JAWAFEZB1KH9W5K5DTC,1788895139777,NA,2
