id,batchID,batchIDLastChangedAt,chat,chatLastChangedAt,chatTimestamps,chatTimestampsLastChangedAt,clickBlockedAt,clickBlockedAtLastChangedAt,correct,correctLastChangedAt,director,directorLastChangedAt,displayLabels,displayLabelsLastChangedAt,ended,endedLastChangedAt,gameID,gameIDLastChangedAt,index,indexLastChangedAt,justStarted,justStartedLastChangedAt,matcher,matcherLastChangedAt,numItems,numItemsLastChangedAt,numTrials,numTrialsLastChangedAt,numTrialsPerBlock,numTrialsPerBlockLastChangedAt,phase,phaseLastChangedAt,repNum,repNumLastChangedAt,reps,repsLastChangedAt,response,responseLastChangedAt,selection,selectionLastChangedAt,selectionMadeAt,selectionMadeAtLastChangedAt,setId,setIdLastChangedAt,stageIndex,stageIndexLastChangedAt,start,startLastChangedAt,tangramURLs,tangramURLsLastChangedAt,target,targetLastChangedAt,targetLabel,targetLabelLastChangedAt,targetNum,targetNumLastChangedAt,trialNum,trialNumLastChangedAt
01M0WXAW67AMK0YYEW46DC6EDK,01M0WWQ73PEDYQHEYYBB88AXMD,2026-08-25T16:51:24.48749316Z,"[{""text"":""Slanted white rectangle inside"",""sender"":{""id"":""01M0WX9MXH1SX7Q50079HW9F7E"",""name"":""Minu"",""avatar"":""https://api.dicebear.com/8.x/rings/svg?seed=Minu""}}]",2026-08-25T17:15:57.57768575Z,[1787678157585],2026-08-25T17:15:57.587084361Z,,,true,2026-08-25T17:16:03.50589698Z,01M0WX9MXH1SX7Q50079HW9F7E,2026-08-25T17:15:48.594796354Z,"[""D2"",""A3"",""C4"",""B1""]",2026-08-25T16:51:24.48749316Z,true,2026-08-25T17:16:03.496695391Z,01M0WWQ74H7CSGCPAHPDSCJ0PV,2026-08-25T16:51:24.48749316Z,15,2026-08-25T16:51:24.48749316Z,false,2026-08-25T17:15:48.689022621Z,01M0WX667JRE4461924BYZ6YJ1,2026-08-25T17:15:48.594796354Z,,,48,2026-08-25T16:51:24.48749316Z,12,2026-08-25T16:51:24.48749316Z,training,2026-08-25T16:51:24.48749316Z,1,2026-08-25T16:51:24.48749316Z,4,2026-08-25T16:51:24.48749316Z,/tangrams/422_66.png,2026-08-25T17:16:03.50589698Z,/tangrams/422_66.png,2026-08-25T17:16:00.377498168Z,1787678160355,2026-08-25T17:16:00.369515314Z,0,2026-08-25T16:51:24.48749316Z,2,2026-08-25T16:51:24.939726709Z,true,2026-08-25T17:15:48.556700483Z,"[""/tangrams/279_339.png"",""/tangrams/138_405.png"",""/tangrams/422_66.png"",""/tangrams/366_244.png""]",2026-08-25T16:51:24.48749316Z,/tangrams/422_66.png,2026-08-25T16:51:24.48749316Z,C4,2026-08-25T16:51:24.48749316Z,3,2026-08-25T16:51:24.48749316Z,14,2026-08-25T16:51:24.48749316Z
01M0WY8WTWNDACTY3MZE7T4XYQ,01M0WWQAZ72GMKNB5E8VWC3WG2,2026-08-25T17:07:48.188426839Z,"[{""text"":""open box with diamond (partly cut off) coming our."",""sender"":{""id"":""01M0WY0YPE1FGB7GNWHKCY08ZN"",""name"":""Minu"",""avatar"":""https://api.dicebear.com/8.x/rings/svg?seed=Minu""}}]",2026-08-25T17:14:02.891825072Z,[1787678042898],2026-08-25T17:14:02.901268571Z,,,false,2026-08-25T17:14:18.871814708Z,01M0WY0YPE1FGB7GNWHKCY08ZN,2026-08-25T17:13:39.407314082Z,"[""F7"",""C3"",""D4"",""B2""]",2026-08-25T17:07:48.188426839Z,true,2026-08-25T17:14:18.859054561Z,01M0WWQAZTRSENW9JN2FSQ4BA7,2026-08-25T17:07:48.188426839Z,5,2026-08-25T17:07:48.188426839Z,false,2026-08-25T17:13:39.519679693Z,01M0WY09KXZQGZCXQXZTYFDW8C,2026-08-25T17:13:39.407314082Z,,,48,2026-08-25T17:07:48.188426839Z,12,2026-08-25T17:07:48.188426839Z,training,2026-08-25T17:07:48.188426839Z,0,2026-08-25T17:07:48.188426839Z,4,2026-08-25T17:07:48.188426839Z,/tangrams/411_352.png,2026-08-25T17:14:18.871814708Z,/tangrams/411_352.png,2026-08-25T17:14:15.752952478Z,1787678057138,2026-08-25T17:14:15.749447181Z,0,2026-08-25T17:07:48.188426839Z,2,2026-08-25T17:07:48.433713657Z,true,2026-08-25T17:13:39.375835378Z,"[""/tangrams/411_352.png"",""/tangrams/422_405.png"",""/tangrams/279_66.png"",""/tangrams/366_339.png""]",2026-08-25T17:07:48.188426839Z,/tangrams/279_66.png,2026-08-25T17:07:48.188426839Z,D4,2026-08-25T17:07:48.188426839Z,5,2026-08-25T17:07:48.188426839Z,4,2026-08-25T17:07:48.188426839Z
01M0WY96A3GPNVM391ND45TTX8,01M0WWQAZ72GMKNB5E8VWC3WG2,2026-08-25T17:07:57.891980882Z,"[{""text"":""Whole shape is shaped like a tent. One jagged leaning piece on the right side. Three large triangles on the left side pointing left"",""sender"":{""id"":""01M0WXSYNRXCYGT80QAR430CBD"",""name"":""Repi"",""avatar"":""https://api.dicebear.com/8.x/rings/svg?seed=Repi""}}]",2026-08-25T17:31:33.143716805Z,[1787679093156],2026-08-25T17:31:33.158361648Z,,,true,2026-08-25T17:32:01.899858687Z,01M0WXSYNRXCYGT80QAR430CBD,2026-08-25T17:31:01.593099244Z,"[""B1"",""A2"",""D1"",""B4""]",2026-08-25T17:07:57.891980882Z,true,2026-08-25T17:32:01.882284174Z,01M0WWQAZPP7VBJF1WXDE2YKFW,2026-08-25T17:07:57.891980882Z,8,2026-08-25T17:07:57.891980882Z,false,2026-08-25T17:31:01.910399051Z,01M0WY2T8PBZPVGKC7BWFHJ59J,2026-08-25T17:31:01.593099244Z,,,48,2026-08-25T17:07:57.891980882Z,12,2026-08-25T17:07:57.891980882Z,training,2026-08-25T17:07:57.891980882Z,0,2026-08-25T17:07:57.891980882Z,4,2026-08-25T17:07:57.891980882Z,/tangrams/348_314.png,2026-08-25T17:32:01.899858687Z,/tangrams/348_314.png,2026-08-25T17:31:58.691515573Z,1787679119616,2026-08-25T17:31:58.667224935Z,1,2026-08-25T17:07:57.891980882Z,2,2026-08-25T17:07:58.349862843Z,true,2026-08-25T17:31:01.526014846Z,"[""/tangrams/348_314.png"",""/tangrams/66_441.png"",""/tangrams/20_314.png"",""/tangrams/348_464.png""]",2026-08-25T17:07:57.891980882Z,/tangrams/348_314.png,2026-08-25T17:07:57.891980882Z,B1,2026-08-25T17:07:57.891980882Z,8,2026-08-25T17:07:57.891980882Z,7,2026-08-25T17:07:57.891980882Z
01M0WY96BJWW9VTCGB4KH2R567,01M0WWQAZ72GMKNB5E8VWC3WG2,2026-08-25T17:07:57.938437433Z,"[{""text"":""boat on its side on right, open rectangle in middle, 2 points facing left"",""sender"":{""id"":""01M0WY2T8PBZPVGKC7BWFHJ59J"",""name"":""Minu"",""avatar"":""https://api.dicebear.com/8.x/rings/svg?seed=Minu""}}]",2026-08-25T17:35:51.413266731Z,[1787679351423],2026-08-25T17:35:51.425322529Z,,,true,2026-08-25T17:36:00.248770352Z,01M0WY2T8PBZPVGKC7BWFHJ59J,2026-08-25T17:35:23.18434559Z,"[""B1"",""D3"",""B3"",""A4""]",2026-08-25T17:07:57.938437433Z,true,2026-08-25T17:36:00.235251715Z,01M0WWQAZPP7VBJF1WXDE2YKFW,2026-08-25T17:07:57.938437433Z,13,2026-08-25T17:07:57.938437433Z,false,2026-08-25T17:35:23.426806626Z,01M0WXSYNRXCYGT80QAR430CBD,2026-08-25T17:35:23.18434559Z,,,48,2026-08-25T17:07:57.938437433Z,12,2026-08-25T17:07:57.938437433Z,training,2026-08-25T17:07:57.938437433Z,1,2026-08-25T17:07:57.938437433Z,4,2026-08-25T17:07:57.938437433Z,/tangrams/348_24.png,2026-08-25T17:36:00.248770352Z,/tangrams/348_24.png,2026-08-25T17:35:57.091035319Z,1787679357664,2026-08-25T17:35:57.095382653Z,1,2026-08-25T17:07:57.938437433Z,2,2026-08-25T17:07:58.458433902Z,true,2026-08-25T17:35:23.11564254Z,"[""/tangrams/348_314.png"",""/tangrams/20_24.png"",""/tangrams/348_24.png"",""/tangrams/66_464.png""]",2026-08-25T17:07:57.938437433Z,/tangrams/348_24.png,2026-08-25T17:07:57.938437433Z,B3,2026-08-25T17:07:57.938437433Z,1,2026-08-25T17:07:57.938437433Z,12,2026-08-25T17:07:57.938437433Z
01M0WYEEW3JQXTDYZ6YDBVDMR2,01M0WWQAZ72GMKNB5E8VWC3WG2,2026-08-25T17:10:50.499349785Z,,,,,,,,,,,"[""A3"",""B4"",""D1"",""C2""]",2026-08-25T17:10:50.499349785Z,false,2026-08-25T17:10:50.499349785Z,01M0WWQAZRRWZPK3N7VE24RFV2,2026-08-25T17:10:50.499349785Z,44,2026-08-25T17:10:50.499349785Z,,,,,,,48,2026-08-25T17:10:50.499349785Z,12,2026-08-25T17:10:50.499349785Z,training,2026-08-25T17:10:50.499349785Z,3,2026-08-25T17:10:50.499349785Z,4,2026-08-25T17:10:50.499349785Z,,,,2026-08-25T17:10:50.499349785Z,,,1,2026-08-25T17:10:50.499349785Z,2,2026-08-25T17:10:51.898354436Z,false,2026-08-25T17:10:50.499349785Z,"[""/tangrams/66_24.png"",""/tangrams/348_464.png"",""/tangrams/20_314.png"",""/tangrams/202_441.png""]",2026-08-25T17:10:50.499349785Z,/tangrams/202_441.png,2026-08-25T17:10:50.499349785Z,C2,2026-08-25T17:10:50.499349785Z,8,2026-08-25T17:10:50.499349785Z,43,2026-08-25T17:10:50.499349785Z
01M0WY8WTPASQX09WQQYSHK2YA,01M0WWQAZ72GMKNB5E8VWC3WG2,2026-08-25T17:07:48.182089389Z,"[{""text"":""seperate v shape at the bottom and a box above with legs coming out diagonally"",""sender"":{""id"":""01M0WY09KXZQGZCXQXZTYFDW8C"",""name"":""Repi"",""avatar"":""https://api.dicebear.com/8.x/rings/svg?seed=Repi""}}]",2026-08-25T17:14:59.881514076Z,[1787678099888],2026-08-25T17:14:59.890415933Z,,,true,2026-08-25T17:15:08.778434089Z,01M0WY09KXZQGZCXQXZTYFDW8C,2026-08-25T17:14:18.916804728Z,"[""F2"",""F3"",""F4"",""F1""]",2026-08-25T17:07:48.182089389Z,true,2026-08-25T17:15:08.765477533Z,01M0WWQAZTRSENW9JN2FSQ4BA7,2026-08-25T17:07:48.182089389Z,6,2026-08-25T17:07:48.182089389Z,false,2026-08-25T17:14:19.02010941Z,01M0WY0YPE1FGB7GNWHKCY08ZN,2026-08-25T17:14:18.916804728Z,,,48,2026-08-25T17:07:48.182089389Z,12,2026-08-25T17:07:48.182089389Z,training,2026-08-25T17:07:48.182089389Z,0,2026-08-25T17:07:48.182089389Z,4,2026-08-25T17:07:48.182089389Z,/tangrams/170_154.png,2026-08-25T17:15:08.778434089Z,/tangrams/170_154.png,2026-08-25T17:15:05.652359843Z,1787678105683,2026-08-25T17:15:05.65527442Z,0,2026-08-25T17:07:48.182089389Z,2,2026-08-25T17:07:48.457407377Z,true,2026-08-25T17:14:18.88586029Z,"[""/tangrams/290_64.png"",""/tangrams/170_154.png"",""/tangrams/434_227.png"",""/tangrams/119_182.png""]",2026-08-25T17:07:48.182089389Z,/tangrams/170_154.png,2026-08-25T17:07:48.182089389Z,F3,2026-08-25T17:07:48.182089389Z,6,2026-08-25T17:07:48.182089389Z,5,2026-08-25T17:07:48.182089389Z
01M0WXEB75HPT08XHVF70Q63FR,01M0WWQ73PEDYQHEYYBB88AXMD,2026-08-25T16:53:18.181615771Z,,,,,,,,,,,"[""F8"",""F2"",""A1"",""F7""]",2026-08-25T16:53:18.181615771Z,false,2026-08-25T16:53:18.181615771Z,01M0WWQ74M3NWYAJGQB0ESKAD2,2026-08-25T16:53:18.181615771Z,41,2026-08-25T16:53:18.181615771Z,,,,,,,48,2026-08-25T16:53:18.181615771Z,12,2026-08-25T16:53:18.181615771Z,training,2026-08-25T16:53:18.181615771Z,3,2026-08-25T16:53:18.181615771Z,4,2026-08-25T16:53:18.181615771Z,,,,2026-08-25T16:53:18.181615771Z,,,0,2026-08-25T16:53:18.181615771Z,2,2026-08-25T16:53:19.177028314Z,false,2026-08-25T16:53:18.181615771Z,"[""/tangrams/37_144.png"",""/tangrams/290_64.png"",""/tangrams/138_244.png"",""/tangrams/411_352.png""]",2026-08-25T16:53:18.181615771Z,/tangrams/290_64.png,2026-08-25T16:53:18.181615771Z,F2,2026-08-25T16:53:18.181615771Z,5,2026-08-25T16:53:18.181615771Z,40,2026-08-25T16:53:18.181615771Z
01M0WXEBCZX895NZ40M1V1M8DE,01M0WWQ73PEDYQHEYYBB88AXMD,2026-08-25T16:53:18.367883737Z,,,,,,,,,,,"[""C3"",""F7"",""F6"",""B2""]",2026-08-25T16:53:18.367883737Z,false,2026-08-25T16:53:18.367883737Z,01M0WWQ74M3NWYAJGQB0ESKAD2,2026-08-25T16:53:18.367883737Z,34,2026-08-25T16:53:18.367883737Z,,,,,,,48,2026-08-25T16:53:18.367883737Z,12,2026-08-25T16:53:18.367883737Z,training,2026-08-25T16:53:18.367883737Z,2,2026-08-25T16:53:18.367883737Z,4,2026-08-25T16:53:18.367883737Z,,,,2026-08-25T16:53:18.367883737Z,,,0,2026-08-25T16:53:18.367883737Z,2,2026-08-25T16:53:19.041800109Z,false,2026-08-25T16:53:18.367883737Z,"[""/tangrams/422_405.png"",""/tangrams/411_352.png"",""/tangrams/134_125.png"",""/tangrams/366_339.png""]",2026-08-25T16:53:18.367883737Z,/tangrams/366_339.png,2026-08-25T16:53:18.367883737Z,B2,2026-08-25T16:53:18.367883737Z,10,2026-08-25T16:53:18.367883737Z,33,2026-08-25T16:53:18.367883737Z
01M0WY4EW99C2WCPS74X0CDWHV,01M0WWQ9XB6TMTWDYN7GB59TN7,2026-08-25T17:05:22.825257686Z,"[{""text"":""three shapes"",""sender"":{""id"":""01M0WY0ENCGBGZ9MKY7CZKA71D"",""name"":""Minu"",""avatar"":""https://api.dicebear.com/8.x/rings/svg?seed=Minu""}}]",2026-08-25T17:25:07.300044503Z,[1787678707308],2026-08-25T17:25:07.310284532Z,,,true,2026-08-25T17:25:12.519474723Z,01M0WY0ENCGBGZ9MKY7CZKA71D,2026-08-25T17:25:01.359306358Z,"[""A1"",""F5"",""F8"",""F6""]",2026-08-25T17:05:22.825257686Z,true,2026-08-25T17:25:12.507350643Z,01M0WWQ9XVXJV1JR4118CY5W09,2026-08-25T17:05:22.825257686Z,31,2026-08-25T17:05:22.825257686Z,false,2026-08-25T17:25:01.586242125Z,01M0WY0C090AZDG2K9X542KKDB,2026-08-25T17:25:01.359306358Z,,,48,2026-08-25T17:05:22.825257686Z,12,2026-08-25T17:05:22.825257686Z,training,2026-08-25T17:05:22.825257686Z,2,2026-08-25T17:05:22.825257686Z,4,2026-08-25T17:05:22.825257686Z,/tangrams/456_48.png,2026-08-25T17:25:12.519474723Z,/tangrams/456_48.png,2026-08-25T17:25:09.312304283Z,1787678709221,2026-08-25T17:25:09.316102291Z,0,2026-08-25T17:05:22.825257686Z,2,2026-08-25T17:05:23.628606291Z,true,2026-08-25T17:25:01.320122794Z,"[""/tangrams/138_244.png"",""/tangrams/456_48.png"",""/tangrams/37_144.png"",""/tangrams/134_125.png""]",2026-08-25T17:05:22.825257686Z,/tangrams/456_48.png,2026-08-25T17:05:22.825257686Z,F5,2026-08-25T17:05:22.825257686Z,7,2026-08-25T17:05:22.825257686Z,30,2026-08-25T17:05:22.825257686Z
01M0WXAW566C7GT40FYFZ5EGM7,01M0WWQ73PEDYQHEYYBB88AXMD,2026-08-25T16:51:24.454971648Z,"[{""text"":""black diamond on top"",""sender"":{""id"":""01M0WX667JRE4461924BYZ6YJ1"",""name"":""Repi"",""avatar"":""https://api.dicebear.com/8.x/rings/svg?seed=Repi""}}]",2026-08-25T17:24:11.406561835Z,[1787678651415],2026-08-25T17:24:11.417144833Z,,,true,2026-08-25T17:24:18.149056688Z,01M0WX667JRE4461924BYZ6YJ1,2026-08-25T17:24:02.744145068Z,"[""C4"",""B3"",""A2"",""D1""]",2026-08-25T16:51:24.454971648Z,true,2026-08-25T17:24:18.136753829Z,01M0WWQ74H7CSGCPAHPDSCJ0PV,2026-08-25T16:51:24.454971648Z,38,2026-08-25T16:51:24.454971648Z,false,2026-08-25T17:24:02.838685081Z,01M0WX9MXH1SX7Q50079HW9F7E,2026-08-25T17:24:02.744145068Z,,,48,2026-08-25T16:51:24.454971648Z,12,2026-08-25T16:51:24.454971648Z,training,2026-08-25T16:51:24.454971648Z,3,2026-08-25T16:51:24.454971648Z,4,2026-08-25T16:51:24.454971648Z,/tangrams/138_339.png,2026-08-25T17:24:18.149056688Z,/tangrams/138_339.png,2026-08-25T17:24:15.039868421Z,1787678654953,2026-08-25T17:24:15.035378362Z,0,2026-08-25T16:51:24.454971648Z,2,2026-08-25T16:51:25.322731992Z,true,2026-08-25T17:24:02.71069558Z,"[""/tangrams/422_66.png"",""/tangrams/366_405.png"",""/tangrams/138_339.png"",""/tangrams/279_244.png""]",2026-08-25T16:51:24.454971648Z,/tangrams/138_339.png,2026-08-25T16:51:24.454971648Z,A2,2026-08-25T16:51:24.454971648Z,2,2026-08-25T16:51:24.454971648Z,37,2026-08-25T16:51:24.454971648Z
01M0WXEBBNRPGT0M9KBHC34BZ2,01M0WWQ73PEDYQHEYYBB88AXMD,2026-08-25T16:53:18.325389221Z,,,,,,,,,,,"[""B2"",""D4"",""F6"",""F4""]",2026-08-25T16:53:18.325389221Z,false,2026-08-25T16:53:18.325389221Z,01M0WWQ74M3NWYAJGQB0ESKAD2,2026-08-25T16:53:18.325389221Z,23,2026-08-25T16:53:18.325389221Z,,,,,,,48,2026-08-25T16:53:18.325389221Z,12,2026-08-25T16:53:18.325389221Z,training,2026-08-25T16:53:18.325389221Z,1,2026-08-25T16:53:18.325389221Z,4,2026-08-25T16:53:18.325389221Z,,,,2026-08-25T16:53:18.325389221Z,,,0,2026-08-25T16:53:18.325389221Z,2,2026-08-25T16:53:18.841588971Z,false,2026-08-25T16:53:18.325389221Z,"[""/tangrams/366_339.png"",""/tangrams/279_66.png"",""/tangrams/134_125.png"",""/tangrams/434_227.png""]",2026-08-25T16:53:18.325389221Z,/tangrams/134_125.png,2026-08-25T16:53:18.325389221Z,F6,2026-08-25T16:53:18.325389221Z,11,2026-08-25T16:53:18.325389221Z,22,2026-08-25T16:53:18.325389221Z
01M0WY7GAMKJB55WG6VXTWZ105,01M0WWQ9XB6TMTWDYN7GB59TN7,2026-08-25T17:07:02.612523031Z,"[{""text"":""diamond on top"",""sender"":{""id"":""01M0WY0ECEQWZG8FEZD72ENETD"",""name"":""Minu"",""avatar"":""https://api.dicebear.com/8.x/rings/svg?seed=Minu""}},{""text"":""sitting on a total black base with a missing triangle under"",""sender"":{""id"":""01M0WY0ECEQWZG8FEZD72ENETD"",""name"":""Minu"",""avatar"":""https://api.dicebear.com/8.x/rings/svg?seed=Minu""}}]",2026-08-25T17:44:34.502288227Z,"[1787679863865,1787679874514]",2026-08-25T17:44:34.516703107Z,,,true,2026-08-25T17:44:40.055140976Z,01M0WY0ECEQWZG8FEZD72ENETD,2026-08-25T17:44:15.848795866Z,"[""D2"",""A2"",""B1"",""A4""]",2026-08-25T17:07:02.612523031Z,true,2026-08-25T17:44:40.040736295Z,01M0WWQ9XW83PGVA4HF3WT9HVR,2026-08-25T17:07:02.612523031Z,45,2026-08-25T17:07:02.612523031Z,false,2026-08-25T17:44:16.098216365Z,01M0WXR5QX7RT0467EJCPJ9Y2Y,2026-08-25T17:44:15.848795866Z,,,48,2026-08-25T17:07:02.612523031Z,12,2026-08-25T17:07:02.612523031Z,training,2026-08-25T17:07:02.612523031Z,3,2026-08-25T17:07:02.612523031Z,4,2026-08-25T17:07:02.612523031Z,/tangrams/138_339.png,2026-08-25T17:44:40.055140976Z,/tangrams/138_339.png,2026-08-25T17:44:36.896388311Z,1787679876789,2026-08-25T17:44:36.893200722Z,0,2026-08-25T17:07:02.612523031Z,2,2026-08-25T17:07:03.729770617Z,true,2026-08-25T17:44:15.79751841Z,"[""/tangrams/279_339.png"",""/tangrams/138_339.png"",""/tangrams/366_244.png"",""/tangrams/138_66.png""]",2026-08-25T17:07:02.612523031Z,/tangrams/138_339.png,2026-08-25T17:07:02.612523031Z,A2,2026-08-25T17:07:02.612523031Z,9,2026-08-25T17:07:02.612523031Z,44,2026-08-25T17:07:02.612523031Z
01M0WY8DBEGJ05JE8HYX7513CK,01M0WWQ9XB6TMTWDYN7GB59TN7,2026-08-25T17:07:32.334894944Z,"[{""text"":""triangle with a white triangle inside, the only one"",""sender"":{""id"":""01M0WY1FH5WQS14DQ3V446M8AM"",""name"":""Repi"",""avatar"":""https://api.dicebear.com/8.x/rings/svg?seed=Repi""}}]",2026-08-25T17:42:30.982156793Z,[1787679750993],2026-08-25T17:42:30.995083726Z,,,true,2026-08-25T17:42:56.836557676Z,01M0WY1FH5WQS14DQ3V446M8AM,2026-08-25T17:42:12.635571888Z,"[""A3"",""C4"",""B1"",""D2""]",2026-08-25T17:07:32.334894944Z,true,2026-08-25T17:42:56.8263824Z,01M0WWQ9XT2Q7RF2RHNCTTRDNK,2026-08-25T17:07:32.334894944Z,32,2026-08-25T17:07:32.334894944Z,false,2026-08-25T17:42:12.77971249Z,01M0WY1V9QET0HYE5N0547967Y,2026-08-25T17:42:12.635571888Z,,,48,2026-08-25T17:07:32.334894944Z,12,2026-08-25T17:07:32.334894944Z,training,2026-08-25T17:07:32.334894944Z,2,2026-08-25T17:07:32.334894944Z,4,2026-08-25T17:07:32.334894944Z,/tangrams/366_244.png,2026-08-25T17:42:56.836557676Z,/tangrams/366_244.png,2026-08-25T17:42:53.67403354Z,1787679774193,2026-08-25T17:42:53.679506786Z,0,2026-08-25T17:07:32.334894944Z,2,2026-08-25T17:07:33.166972185Z,true,2026-08-25T17:42:12.589104605Z,"[""/tangrams/138_405.png"",""/tangrams/422_66.png"",""/tangrams/366_244.png"",""/tangrams/279_339.png""]",2026-08-25T17:07:32.334894944Z,/tangrams/366_244.png,2026-08-25T17:07:32.334894944Z,B1,2026-08-25T17:07:32.334894944Z,8,2026-08-25T17:07:32.334894944Z,31,2026-08-25T17:07:32.334894944Z
01M0WY8WR24CWTY5QYYJ9XKZHY,01M0WWQAZ72GMKNB5E8VWC3WG2,2026-08-25T17:07:48.098306146Z,"[{""text"":""slim neck and head with spikes at the back"",""sender"":{""id"":""01M0WY09KXZQGZCXQXZTYFDW8C"",""name"":""Repi"",""avatar"":""https://api.dicebear.com/8.x/rings/svg?seed=Repi""}}]",2026-08-25T17:19:48.708389391Z,[1787678388716],2026-08-25T17:19:48.717882049Z,,,true,2026-08-25T17:19:57.207308083Z,01M0WY09KXZQGZCXQXZTYFDW8C,2026-08-25T17:19:38.515732387Z,"[""F2"",""C3"",""D4"",""F7""]",2026-08-25T17:07:48.098306146Z,true,2026-08-25T17:19:57.193096074Z,01M0WWQAZTRSENW9JN2FSQ4BA7,2026-08-25T17:07:48.098306146Z,14,2026-08-25T17:07:48.098306146Z,false,2026-08-25T17:19:38.620861385Z,01M0WY0YPE1FGB7GNWHKCY08ZN,2026-08-25T17:19:38.515732387Z,,,48,2026-08-25T17:07:48.098306146Z,12,2026-08-25T17:07:48.098306146Z,training,2026-08-25T17:07:48.098306146Z,1,2026-08-25T17:07:48.098306146Z,4,2026-08-25T17:07:48.098306146Z,/tangrams/290_64.png,2026-08-25T17:19:57.207308083Z,/tangrams/290_64.png,2026-08-25T17:19:53.99507046Z,1787678394025,2026-08-25T17:19:53.987398034Z,0,2026-08-25T17:07:48.098306146Z,2,2026-08-25T17:07:48.614326068Z,true,2026-08-25T17:19:38.480664111Z,"[""/tangrams/290_64.png"",""/tangrams/422_405.png"",""/tangrams/279_66.png"",""/tangrams/411_352.png""]",2026-08-25T17:07:48.098306146Z,/tangrams/290_64.png,2026-08-25T17:07:48.098306146Z,F2,2026-08-25T17:07:48.098306146Z,2,2026-08-25T17:07:48.098306146Z,13,2026-08-25T17:07:48.098306146Z
01M0WY968SM8BYT0K3A4E0FR9H,01M0WWQAZ72GMKNB5E8VWC3WG2,2026-08-25T17:07:57.849337143Z,,,,,,,,,,,,,true,2026-08-25T17:24:07.885817417Z,01M0WWQAZPP7VBJF1WXDE2YKFW,2026-08-25T17:07:57.849337143Z,0,2026-08-25T17:07:57.849337143Z,false,2026-08-25T17:08:03.614411354Z,,,20,2026-08-25T17:07:57.849337143Z,,,,,pretest,2026-08-25T17:07:57.849337143Z,,,,,,,,2026-08-25T17:08:03.303686662Z,,,,,1,2026-08-25T17:07:58.119810505Z,true,2026-08-25T17:08:00.373219301Z,[],2026-08-25T17:07:57.849337143Z,,2026-08-25T17:07:57.849337143Z,,,,,,
01M0WXEBBTTXK0ZNRFMR7QDY8B,01M0WWQ73PEDYQHEYYBB88AXMD,2026-08-25T16:53:18.330609158Z,,,,,,,,,,,"[""F5"",""F4"",""F6"",""F1""]",2026-08-25T16:53:18.330609158Z,false,2026-08-25T16:53:18.330609158Z,01M0WWQ74M3NWYAJGQB0ESKAD2,2026-08-25T16:53:18.330609158Z,26,2026-08-25T16:53:18.330609158Z,,,,,,,48,2026-08-25T16:53:18.330609158Z,12,2026-08-25T16:53:18.330609158Z,training,2026-08-25T16:53:18.330609158Z,2,2026-08-25T16:53:18.330609158Z,4,2026-08-25T16:53:18.330609158Z,,,,2026-08-25T16:53:18.330609158Z,,,0,2026-08-25T16:53:18.330609158Z,2,2026-08-25T16:53:18.884575693Z,false,2026-08-25T16:53:18.330609158Z,"[""/tangrams/456_48.png"",""/tangrams/434_227.png"",""/tangrams/134_125.png"",""/tangrams/119_182.png""]",2026-08-25T16:53:18.330609158Z,/tangrams/134_125.png,2026-08-25T16:53:18.330609158Z,F6,2026-08-25T16:53:18.330609158Z,2,2026-08-25T16:53:18.330609158Z,25,2026-08-25T16:53:18.330609158Z
01M0WY7G7RGN6F6QM7ZGB4V9E7,01M0WWQ9XB6TMTWDYN7GB59TN7,2026-08-25T17:07:02.52091737Z,"[{""text"":""were good at this ahha"",""sender"":{""id"":""01M0WXR5QX7RT0467EJCPJ9Y2Y"",""name"":""Repi"",""avatar"":""https://api.dicebear.com/8.x/rings/svg?seed=Repi""}},{""text"":""triangle with an open bottom"",""sender"":{""id"":""01M0WY0ECEQWZG8FEZD72ENETD"",""name"":""Minu"",""avatar"":""https://api.dicebear.com/8.x/rings/svg?seed=Minu""}},{""text"":""detached from the under"",""sender"":{""id"":""01M0WY0ECEQWZG8FEZD72ENETD"",""name"":""Minu"",""avatar"":""https://api.dicebear.com/8.x/rings/svg?seed=Minu""}},{""text"":""stairs to the left"",""sender"":{""id"":""01M0WY0ECEQWZG8FEZD72ENETD"",""name"":""Minu"",""avatar"":""https://api.dicebear.com/8.x/rings/svg?seed=Minu""}}]",2026-08-25T17:37:42.743183565Z,"[1787679449661,1787679455474,1787679458651,1787679462784]",2026-08-25T17:37:42.786241889Z,,,true,2026-08-25T17:37:45.886218328Z,01M0WY0ECEQWZG8FEZD72ENETD,2026-08-25T17:37:26.201475305Z,"[""B3"",""D3"",""B4"",""C1""]",2026-08-25T17:07:02.52091737Z,true,2026-08-25T17:37:45.869158758Z,01M0WWQ9XW83PGVA4HF3WT9HVR,2026-08-25T17:07:02.52091737Z,27,2026-08-25T17:07:02.52091737Z,false,2026-08-25T17:37:26.604514563Z,01M0WXR5QX7RT0467EJCPJ9Y2Y,2026-08-25T17:37:26.201475305Z,,,48,2026-08-25T17:07:02.52091737Z,12,2026-08-25T17:07:02.52091737Z,training,2026-08-25T17:07:02.52091737Z,2,2026-08-25T17:07:02.52091737Z,4,2026-08-25T17:07:02.52091737Z,/tangrams/366_405.png,2026-08-25T17:37:45.886218328Z,/tangrams/366_405.png,2026-08-25T17:37:42.712123754Z,1787679462604,2026-08-25T17:37:42.702847342Z,0,2026-08-25T17:07:02.52091737Z,2,2026-08-25T17:07:03.353465286Z,true,2026-08-25T17:37:26.148773898Z,"[""/tangrams/366_405.png"",""/tangrams/279_405.png"",""/tangrams/366_66.png"",""/tangrams/422_244.png""]",2026-08-25T17:07:02.52091737Z,/tangrams/366_405.png,2026-08-25T17:07:02.52091737Z,B3,2026-08-25T17:07:02.52091737Z,3,2026-08-25T17:07:02.52091737Z,26,2026-08-25T17:07:02.52091737Z
01M0WY8WNPQ4GF93XQJMPEHM24,01M0WWQAZ72GMKNB5E8VWC3WG2,2026-08-25T17:07:48.022274159Z,"[{""text"":""ship shape, small square in the middle"",""sender"":{""id"":""01M0WY09KXZQGZCXQXZTYFDW8C"",""name"":""Repi"",""avatar"":""https://api.dicebear.com/8.x/rings/svg?seed=Repi""}}]",2026-08-25T17:27:35.275352218Z,[1787678855284],2026-08-25T17:27:35.28616345Z,,,true,2026-08-25T17:27:41.213713057Z,01M0WY09KXZQGZCXQXZTYFDW8C,2026-08-25T17:27:22.30903356Z,"[""F7"",""F3"",""F4"",""F6""]",2026-08-25T17:07:48.022274159Z,true,2026-08-25T17:27:41.204634564Z,01M0WWQAZTRSENW9JN2FSQ4BA7,2026-08-25T17:07:48.022274159Z,36,2026-08-25T17:07:48.022274159Z,false,2026-08-25T17:27:22.438838543Z,01M0WY0YPE1FGB7GNWHKCY08ZN,2026-08-25T17:27:22.30903356Z,,,48,2026-08-25T17:07:48.022274159Z,12,2026-08-25T17:07:48.022274159Z,training,2026-08-25T17:07:48.022274159Z,2,2026-08-25T17:07:48.022274159Z,4,2026-08-25T17:07:48.022274159Z,/tangrams/434_227.png,2026-08-25T17:27:41.213713057Z,/tangrams/434_227.png,2026-08-25T17:27:38.090611676Z,1787678858136,2026-08-25T17:27:38.101478536Z,0,2026-08-25T17:07:48.022274159Z,2,2026-08-25T17:07:48.99822765Z,true,2026-08-25T17:27:22.259631743Z,"[""/tangrams/411_352.png"",""/tangrams/170_154.png"",""/tangrams/434_227.png"",""/tangrams/134_125.png""]",2026-08-25T17:07:48.022274159Z,/tangrams/434_227.png,2026-08-25T17:07:48.022274159Z,F4,2026-08-25T17:07:48.022274159Z,12,2026-08-25T17:07:48.022274159Z,35,2026-08-25T17:07:48.022274159Z
01M0WY8WSM8SQWNWYC00A6YT8V,01M0WWQAZ72GMKNB5E8VWC3WG2,2026-08-25T17:07:48.148247066Z,"[{""text"":""it looks like a dragon with a big eye facing right"",""sender"":{""id"":""01M0WY09KXZQGZCXQXZTYFDW8C"",""name"":""Repi"",""avatar"":""https://api.dicebear.com/8.x/rings/svg?seed=Repi""}}]",2026-08-25T17:16:04.919425451Z,[1787678164926],2026-08-25T17:16:04.92854704Z,,,true,2026-08-25T17:16:33.506001667Z,01M0WY09KXZQGZCXQXZTYFDW8C,2026-08-25T17:15:46.661451072Z,"[""D4"",""F8"",""A1"",""F2""]",2026-08-25T17:07:48.148247066Z,true,2026-08-25T17:16:33.496207833Z,01M0WWQAZTRSENW9JN2FSQ4BA7,2026-08-25T17:07:48.148247066Z,8,2026-08-25T17:07:48.148247066Z,false,2026-08-25T17:15:46.782350486Z,01M0WY0YPE1FGB7GNWHKCY08ZN,2026-08-25T17:15:46.661451072Z,,,48,2026-08-25T17:07:48.148247066Z,12,2026-08-25T17:07:48.148247066Z,training,2026-08-25T17:07:48.148247066Z,0,2026-08-25T17:07:48.148247066Z,4,2026-08-25T17:07:48.148247066Z,/tangrams/37_144.png,2026-08-25T17:16:33.506001667Z,/tangrams/37_144.png,2026-08-25T17:16:30.368772514Z,1787678190405,2026-08-25T17:16:30.372513263Z,0,2026-08-25T17:07:48.148247066Z,2,2026-08-25T17:07:48.494266684Z,true,2026-08-25T17:15:46.627626272Z,"[""/tangrams/279_66.png"",""/tangrams/37_144.png"",""/tangrams/138_244.png"",""/tangrams/290_64.png""]",2026-08-25T17:07:48.148247066Z,/tangrams/37_144.png,2026-08-25T17:07:48.148247066Z,F8,2026-08-25T17:07:48.148247066Z,8,2026-08-25T17:07:48.148247066Z,7,2026-08-25T17:07:48.148247066Z
01M0WY967KFFZ44BK4KWFGHFXV,01M0WWQAZ72GMKNB5E8VWC3WG2,2026-08-25T17:07:57.811622791Z,"[{""text"":""the left side of the shape is a rectangle with sharp points on the top and bottom. The right side is a jagged slanted shape leaning into the first shape"",""sender"":{""id"":""01M0WXSYNRXCYGT80QAR430CBD"",""name"":""Repi"",""avatar"":""https://api.dicebear.com/8.x/rings/svg?seed=Repi""}}]",2026-08-25T17:25:45.554308901Z,[1787678745563],2026-08-25T17:25:45.564870447Z,,,true,2026-08-25T17:26:12.221556308Z,01M0WXSYNRXCYGT80QAR430CBD,2026-08-25T17:25:09.348648232Z,"[""B3"",""C4"",""D1"",""B4""]",2026-08-25T17:07:57.811622791Z,true,2026-08-25T17:26:12.211169978Z,01M0WWQAZPP7VBJF1WXDE2YKFW,2026-08-25T17:07:57.811622791Z,2,2026-08-25T17:07:57.811622791Z,false,2026-08-25T17:25:09.766365877Z,01M0WY2T8PBZPVGKC7BWFHJ59J,2026-08-25T17:25:09.348648232Z,,,48,2026-08-25T17:07:57.811622791Z,12,2026-08-25T17:07:57.811622791Z,training,2026-08-25T17:07:57.811622791Z,0,2026-08-25T17:07:57.811622791Z,4,2026-08-25T17:07:57.811622791Z,/tangrams/348_464.png,2026-08-25T17:26:12.221556308Z,/tangrams/348_464.png,2026-08-25T17:26:09.105084183Z,1787678770052,2026-08-25T17:26:09.096915444Z,1,2026-08-25T17:07:57.811622791Z,2,2026-08-25T17:07:58.240231222Z,true,2026-08-25T17:25:09.29888323Z,"[""/tangrams/348_24.png"",""/tangrams/202_464.png"",""/tangrams/20_314.png"",""/tangrams/348_464.png""]",2026-08-25T17:07:57.811622791Z,/tangrams/348_464.png,2026-08-25T17:07:57.811622791Z,B4,2026-08-25T17:07:57.811622791Z,2,2026-08-25T17:07:57.811622791Z,1,2026-08-25T17:07:57.811622791Z
01M0WXEBBGWW5R59YRD8HBSG09,01M0WWQ73PEDYQHEYYBB88AXMD,2026-08-25T16:53:18.320062159Z,,,,,,,,,,,"[""C3"",""F7"",""F4"",""F2""]",2026-08-25T16:53:18.320062159Z,false,2026-08-25T16:53:18.320062159Z,01M0WWQ74M3NWYAJGQB0ESKAD2,2026-08-25T16:53:18.320062159Z,20,2026-08-25T16:53:18.320062159Z,,,,,,,48,2026-08-25T16:53:18.320062159Z,12,2026-08-25T16:53:18.320062159Z,training,2026-08-25T16:53:18.320062159Z,1,2026-08-25T16:53:18.320062159Z,4,2026-08-25T16:53:18.320062159Z,,,,2026-08-25T16:53:18.320062159Z,,,0,2026-08-25T16:53:18.320062159Z,2,2026-08-25T16:53:18.796426585Z,false,2026-08-25T16:53:18.320062159Z,"[""/tangrams/422_405.png"",""/tangrams/411_352.png"",""/tangrams/434_227.png"",""/tangrams/290_64.png""]",2026-08-25T16:53:18.320062159Z,/tangrams/290_64.png,2026-08-25T16:53:18.320062159Z,F2,2026-08-25T16:53:18.320062159Z,8,2026-08-25T16:53:18.320062159Z,19,2026-08-25T16:53:18.320062159Z
01M0WY4ESS8KA8ZFYYJRT5SGTC,01M0WWQ9XB6TMTWDYN7GB59TN7,2026-08-25T17:05:22.745942346Z,"[{""text"":""looks a bit like a frog"",""sender"":{""id"":""01M0WY0ENCGBGZ9MKY7CZKA71D"",""name"":""Minu"",""avatar"":""https://api.dicebear.com/8.x/rings/svg?seed=Minu""}},{""text"":""5 sided shape in centre in white"",""sender"":{""id"":""01M0WY0ENCGBGZ9MKY7CZKA71D"",""name"":""Minu"",""avatar"":""https://api.dicebear.com/8.x/rings/svg?seed=Minu""}}]",2026-08-25T17:17:25.420811163Z,"[1787678237972,1787678245428]",2026-08-25T17:17:25.430922191Z,,,true,2026-08-25T17:17:38.283826406Z,01M0WY0ENCGBGZ9MKY7CZKA71D,2026-08-25T17:17:10.911766521Z,"[""B2"",""A1"",""F7"",""F2""]",2026-08-25T17:05:22.745942346Z,true,2026-08-25T17:17:38.239648576Z,01M0WWQ9XVXJV1JR4118CY5W09,2026-08-25T17:05:22.745942346Z,9,2026-08-25T17:05:22.745942346Z,false,2026-08-25T17:17:11.15835979Z,01M0WY0C090AZDG2K9X542KKDB,2026-08-25T17:17:10.911766521Z,,,48,2026-08-25T17:05:22.745942346Z,12,2026-08-25T17:05:22.745942346Z,training,2026-08-25T17:05:22.745942346Z,0,2026-08-25T17:05:22.745942346Z,4,2026-08-25T17:05:22.745942346Z,/tangrams/366_339.png,2026-08-25T17:17:38.283826406Z,/tangrams/366_339.png,2026-08-25T17:17:35.144670802Z,1787678255041,2026-08-25T17:17:35.141352743Z,0,2026-08-25T17:05:22.745942346Z,2,2026-08-25T17:05:23.237206855Z,true,2026-08-25T17:17:10.874381431Z,"[""/tangrams/366_339.png"",""/tangrams/138_244.png"",""/tangrams/411_352.png"",""/tangrams/290_64.png""]",2026-08-25T17:05:22.745942346Z,/tangrams/366_339.png,2026-08-25T17:05:22.745942346Z,B2,2026-08-25T17:05:22.745942346Z,9,2026-08-25T17:05:22.745942346Z,8,2026-08-25T17:05:22.745942346Z
01M0WY8WREG2JRD2A6RTZMM5QW,01M0WWQAZ72GMKNB5E8VWC3WG2,2026-08-25T17:07:48.110957329Z,"[{""text"":""upward pointing arrow at the top. lots of shapes stacked"",""sender"":{""id"":""01M0WY0YPE1FGB7GNWHKCY08ZN"",""name"":""Minu"",""avatar"":""https://api.dicebear.com/8.x/rings/svg?seed=Minu""}}]",2026-08-25T17:18:22.677309491Z,[1787678302685],2026-08-25T17:18:22.687206689Z,,,true,2026-08-25T17:18:33.076958611Z,01M0WY0YPE1FGB7GNWHKCY08ZN,2026-08-25T17:17:56.270306285Z,"[""F4"",""F7"",""B2"",""F3""]",2026-08-25T17:07:48.110957329Z,true,2026-08-25T17:18:33.06453419Z,01M0WWQAZTRSENW9JN2FSQ4BA7,2026-08-25T17:07:48.110957329Z,11,2026-08-25T17:07:48.110957329Z,false,2026-08-25T17:17:56.385356613Z,01M0WY09KXZQGZCXQXZTYFDW8C,2026-08-25T17:17:56.270306285Z,,,48,2026-08-25T17:07:48.110957329Z,12,2026-08-25T17:07:48.110957329Z,training,2026-08-25T17:07:48.110957329Z,0,2026-08-25T17:07:48.110957329Z,4,2026-08-25T17:07:48.110957329Z,/tangrams/411_352.png,2026-08-25T17:18:33.076958611Z,/tangrams/411_352.png,2026-08-25T17:18:29.974583641Z,1787678311360,2026-08-25T17:18:29.967621108Z,0,2026-08-25T17:07:48.110957329Z,2,2026-08-25T17:07:48.556627358Z,true,2026-08-25T17:17:56.228483214Z,"[""/tangrams/434_227.png"",""/tangrams/411_352.png"",""/tangrams/366_339.png"",""/tangrams/170_154.png""]",2026-08-25T17:07:48.110957329Z,/tangrams/411_352.png,2026-08-25T17:07:48.110957329Z,F7,2026-08-25T17:07:48.110957329Z,11,2026-08-25T17:07:48.110957329Z,10,2026-08-25T17:07:48.110957329Z
01M0WY8WRTZQNJ43TR31PZAT9M,01M0WWQAZ72GMKNB5E8VWC3WG2,2026-08-25T17:07:48.122568368Z,"[{""text"":""shapes stacked on top of each other, a triangle at the top upside down triangle in the middle and bottom"",""sender"":{""id"":""01M0WY09KXZQGZCXQXZTYFDW8C"",""name"":""Repi"",""avatar"":""https://api.dicebear.com/8.x/rings/svg?seed=Repi""}}]",2026-08-25T17:17:48.294383536Z,[1787678268302],2026-08-25T17:17:48.304553306Z,,,true,2026-08-25T17:17:56.216653649Z,01M0WY09KXZQGZCXQXZTYFDW8C,2026-08-25T17:17:04.944323238Z,"[""F1"",""F6"",""F3"",""F2""]",2026-08-25T17:07:48.122568368Z,true,2026-08-25T17:17:56.203974092Z,01M0WWQAZTRSENW9JN2FSQ4BA7,2026-08-25T17:07:48.122568368Z,10,2026-08-25T17:07:48.122568368Z,false,2026-08-25T17:17:05.051037394Z,01M0WY0YPE1FGB7GNWHKCY08ZN,2026-08-25T17:17:04.944323238Z,,,48,2026-08-25T17:07:48.122568368Z,12,2026-08-25T17:07:48.122568368Z,training,2026-08-25T17:07:48.122568368Z,0,2026-08-25T17:07:48.122568368Z,4,2026-08-25T17:07:48.122568368Z,/tangrams/119_182.png,2026-08-25T17:17:56.216653649Z,/tangrams/119_182.png,2026-08-25T17:17:53.11301967Z,1787678273140,2026-08-25T17:17:53.107540012Z,0,2026-08-25T17:07:48.122568368Z,2,2026-08-25T17:07:48.537848443Z,true,2026-08-25T17:17:04.901849989Z,"[""/tangrams/119_182.png"",""/tangrams/134_125.png"",""/tangrams/170_154.png"",""/tangrams/290_64.png""]",2026-08-25T17:07:48.122568368Z,/tangrams/119_182.png,2026-08-25T17:07:48.122568368Z,F1,2026-08-25T17:07:48.122568368Z,10,2026-08-25T17:07:48.122568368Z,9,2026-08-25T17:07:48.122568368Z
01M0WY96AQVVG3BCQPW1PBN2JW,01M0WWQAZ72GMKNB5E8VWC3WG2,2026-08-25T17:07:57.911193897Z,"[{""text"":""open rectangle in middle"",""sender"":{""id"":""01M0WY2T8PBZPVGKC7BWFHJ59J"",""name"":""Minu"",""avatar"":""https://api.dicebear.com/8.x/rings/svg?seed=Minu""}},{""text"":""#corners cut away on right"",""sender"":{""id"":""01M0WY2T8PBZPVGKC7BWFHJ59J"",""name"":""Minu"",""avatar"":""https://api.dicebear.com/8.x/rings/svg?seed=Minu""}},{""text"":""the one that pretty much fills the entire box?"",""sender"":{""id"":""01M0WXSYNRXCYGT80QAR430CBD"",""name"":""Repi"",""avatar"":""https://api.dicebear.com/8.x/rings/svg?seed=Repi""}},{""text"":""just corners cut away"",""sender"":{""id"":""01M0WY2T8PBZPVGKC7BWFHJ59J"",""name"":""Minu"",""avatar"":""https://api.dicebear.com/8.x/rings/svg?seed=Minu""}}]",2026-08-25T17:41:37.221993004Z,"[1787679677664,1787679683672,1787679694801,1787679697232]",2026-08-25T17:41:37.234066374Z,,,true,2026-08-25T17:41:47.730202026Z,01M0WY2T8PBZPVGKC7BWFHJ59J,2026-08-25T17:41:08.485647632Z,"[""D3"",""D2"",""B1"",""A3""]",2026-08-25T17:07:57.911193897Z,true,2026-08-25T17:41:47.714305125Z,01M0WWQAZPP7VBJF1WXDE2YKFW,2026-08-25T17:07:57.911193897Z,21,2026-08-25T17:07:57.911193897Z,false,2026-08-25T17:41:08.69957845Z,01M0WXSYNRXCYGT80QAR430CBD,2026-08-25T17:41:08.485647632Z,,,48,2026-08-25T17:07:57.911193897Z,12,2026-08-25T17:07:57.911193897Z,training,2026-08-25T17:07:57.911193897Z,1,2026-08-25T17:07:57.911193897Z,4,2026-08-25T17:07:57.911193897Z,/tangrams/20_24.png,2026-08-25T17:41:47.730202026Z,/tangrams/20_24.png,2026-08-25T17:41:44.564106561Z,1787679705132,2026-08-25T17:41:44.569283353Z,1,2026-08-25T17:07:57.911193897Z,2,2026-08-25T17:07:58.62667543Z,true,2026-08-25T17:41:08.432979059Z,"[""/tangrams/20_24.png"",""/tangrams/20_441.png"",""/tangrams/348_314.png"",""/tangrams/66_24.png""]",2026-08-25T17:07:57.911193897Z,/tangrams/20_24.png,2026-08-25T17:07:57.911193897Z,D3,2026-08-25T17:07:57.911193897Z,9,2026-08-25T17:07:57.911193897Z,20,2026-08-25T17:07:57.911193897Z
01M0WY96ATB2ZTKVT0STTKFVYN,01M0WWQAZ72GMKNB5E8VWC3WG2,2026-08-25T17:07:57.914287243Z,"[{""text"":""upright rectangle that fills in the upper right corner. one small triangle pointing right in the bottom left corner."",""sender"":{""id"":""01M0WXSYNRXCYGT80QAR430CBD"",""name"":""Repi"",""avatar"":""https://api.dicebear.com/8.x/rings/svg?seed=Repi""}}]",2026-08-25T17:40:57.510426479Z,[1787679657521],2026-08-25T17:40:57.523529621Z,,,true,2026-08-25T17:41:08.417871101Z,01M0WXSYNRXCYGT80QAR430CBD,2026-08-25T17:40:33.197690531Z,"[""A2"",""B3"",""C4"",""C2""]",2026-08-25T17:07:57.914287243Z,true,2026-08-25T17:41:08.400870262Z,01M0WWQAZPP7VBJF1WXDE2YKFW,2026-08-25T17:07:57.914287243Z,20,2026-08-25T17:07:57.914287243Z,false,2026-08-25T17:40:33.480991904Z,01M0WY2T8PBZPVGKC7BWFHJ59J,2026-08-25T17:40:33.197690531Z,,,48,2026-08-25T17:07:57.914287243Z,12,2026-08-25T17:07:57.914287243Z,training,2026-08-25T17:07:57.914287243Z,1,2026-08-25T17:07:57.914287243Z,4,2026-08-25T17:07:57.914287243Z,/tangrams/202_441.png,2026-08-25T17:41:08.417871101Z,/tangrams/202_441.png,2026-08-25T17:41:05.272381144Z,1787679666212,2026-08-25T17:41:05.278883547Z,1,2026-08-25T17:07:57.914287243Z,2,2026-08-25T17:07:58.60486173Z,true,2026-08-25T17:40:33.150097147Z,"[""/tangrams/66_441.png"",""/tangrams/348_24.png"",""/tangrams/202_464.png"",""/tangrams/202_441.png""]",2026-08-25T17:07:57.914287243Z,/tangrams/202_441.png,2026-08-25T17:07:57.914287243Z,C2,2026-08-25T17:07:57.914287243Z,8,2026-08-25T17:07:57.914287243Z,19,2026-08-25T17:07:57.914287243Z
01M0WYEEQKCRQ3NGKJ4A1SP3QG,01M0WWQAZ72GMKNB5E8VWC3WG2,2026-08-25T17:10:50.355564555Z,,,,,,,,,,,"[""D2"",""C1"",""B4"",""A3""]",2026-08-25T17:10:50.355564555Z,false,2026-08-25T17:10:50.355564555Z,01M0WWQAZRRWZPK3N7VE24RFV2,2026-08-25T17:10:50.355564555Z,23,2026-08-25T17:10:50.355564555Z,,,,,,,48,2026-08-25T17:10:50.355564555Z,12,2026-08-25T17:10:50.355564555Z,training,2026-08-25T17:10:50.355564555Z,1,2026-08-25T17:10:50.355564555Z,4,2026-08-25T17:10:50.355564555Z,,,,2026-08-25T17:10:50.355564555Z,,,1,2026-08-25T17:10:50.355564555Z,2,2026-08-25T17:10:51.344162446Z,false,2026-08-25T17:10:50.355564555Z,"[""/tangrams/20_441.png"",""/tangrams/202_314.png"",""/tangrams/348_464.png"",""/tangrams/66_24.png""]",2026-08-25T17:10:50.355564555Z,/tangrams/348_464.png,2026-08-25T17:10:50.355564555Z,B4,2026-08-25T17:10:50.355564555Z,11,2026-08-25T17:10:50.355564555Z,22,2026-08-25T17:10:50.355564555Z
01M0WY4ESMX8T5F6KYZ2RXYX2B,01M0WWQ9XB6TMTWDYN7GB59TN7,2026-08-25T17:05:22.740069434Z,"[{""text"":""small diamond on top, wide base"",""sender"":{""id"":""01M0WY0ENCGBGZ9MKY7CZKA71D"",""name"":""Minu"",""avatar"":""https://api.dicebear.com/8.x/rings/svg?seed=Minu""}}]",2026-08-25T17:16:38.295593902Z,[1787678198303],2026-08-25T17:16:38.304639779Z,,,true,2026-08-25T17:16:47.729226762Z,01M0WY0ENCGBGZ9MKY7CZKA71D,2026-08-25T17:16:20.35540782Z,"[""F1"",""F5"",""B2"",""F6""]",2026-08-25T17:05:22.740069434Z,true,2026-08-25T17:16:47.691441797Z,01M0WWQ9XVXJV1JR4118CY5W09,2026-08-25T17:05:22.740069434Z,7,2026-08-25T17:05:22.740069434Z,false,2026-08-25T17:16:20.533980177Z,01M0WY0C090AZDG2K9X542KKDB,2026-08-25T17:16:20.35540782Z,,,48,2026-08-25T17:05:22.740069434Z,12,2026-08-25T17:05:22.740069434Z,training,2026-08-25T17:05:22.740069434Z,0,2026-08-25T17:05:22.740069434Z,4,2026-08-25T17:05:22.740069434Z,/tangrams/134_125.png,2026-08-25T17:16:47.729226762Z,/tangrams/134_125.png,2026-08-25T17:16:44.507394888Z,1787678204418,2026-08-25T17:16:44.513513605Z,0,2026-08-25T17:05:22.740069434Z,2,2026-08-25T17:05:23.206558763Z,true,2026-08-25T17:16:20.315320117Z,"[""/tangrams/119_182.png"",""/tangrams/456_48.png"",""/tangrams/366_339.png"",""/tangrams/134_125.png""]",2026-08-25T17:05:22.740069434Z,/tangrams/134_125.png,2026-08-25T17:05:22.740069434Z,F6,2026-08-25T17:05:22.740069434Z,7,2026-08-25T17:05:22.740069434Z,6,2026-08-25T17:05:22.740069434Z
01M0WY8D72DD4F87WE6G0M40KR,01M0WWQ9XB6TMTWDYN7GB59TN7,2026-08-25T17:07:32.194472322Z,"[{""text"":""triangle with white triangle inside"",""sender"":{""id"":""01M0WY1FH5WQS14DQ3V446M8AM"",""name"":""Repi"",""avatar"":""https://api.dicebear.com/8.x/rings/svg?seed=Repi""}},{""text"":""and its not diagonal its a diamond"",""sender"":{""id"":""01M0WY1FH5WQS14DQ3V446M8AM"",""name"":""Repi"",""avatar"":""https://api.dicebear.com/8.x/rings/svg?seed=Repi""}}]",2026-08-25T17:50:15.560826579Z,"[1787680196858,1787680215572]",2026-08-25T17:50:15.574490322Z,,,true,2026-08-25T17:50:16.528355938Z,01M0WY1FH5WQS14DQ3V446M8AM,2026-08-25T17:49:39.964815602Z,"[""A4"",""B1"",""C2"",""D3""]",2026-08-25T17:07:32.194472322Z,true,2026-08-25T17:50:16.508202754Z,01M0WWQ9XT2Q7RF2RHNCTTRDNK,2026-08-25T17:07:32.194472322Z,46,2026-08-25T17:07:32.194472322Z,false,2026-08-25T17:49:40.112426866Z,01M0WY1V9QET0HYE5N0547967Y,2026-08-25T17:49:39.964815602Z,,,48,2026-08-25T17:07:32.194472322Z,12,2026-08-25T17:07:32.194472322Z,training,2026-08-25T17:07:32.194472322Z,3,2026-08-25T17:07:32.194472322Z,4,2026-08-25T17:07:32.194472322Z,/tangrams/366_244.png,2026-08-25T17:50:16.528355938Z,/tangrams/366_244.png,2026-08-25T17:50:13.354708176Z,1787680213858,2026-08-25T17:50:13.34927222Z,0,2026-08-25T17:07:32.194472322Z,2,2026-08-25T17:07:33.412900186Z,true,2026-08-25T17:49:39.911111555Z,"[""/tangrams/138_66.png"",""/tangrams/366_244.png"",""/tangrams/422_339.png"",""/tangrams/279_405.png""]",2026-08-25T17:07:32.194472322Z,/tangrams/366_244.png,2026-08-25T17:07:32.194472322Z,B1,2026-08-25T17:07:32.194472322Z,10,2026-08-25T17:07:32.194472322Z,45,2026-08-25T17:07:32.194472322Z
01M0WY8WMNKQ71N1JBZQNQ7G2A,01M0WWQAZ72GMKNB5E8VWC3WG2,2026-08-25T17:07:47.989055298Z,"[{""text"":""diamond top, rectangle middle"",""sender"":{""id"":""01M0WY0YPE1FGB7GNWHKCY08ZN"",""name"":""Minu"",""avatar"":""https://api.dicebear.com/8.x/rings/svg?seed=Minu""}}]",2026-08-25T17:28:35.115957054Z,[1787678915125],2026-08-25T17:28:35.127263885Z,,,true,2026-08-25T17:28:41.055760846Z,01M0WY0YPE1FGB7GNWHKCY08ZN,2026-08-25T17:28:27.384432737Z,"[""D4"",""F6"",""C3"",""F7""]",2026-08-25T17:07:47.989055298Z,true,2026-08-25T17:28:41.039136315Z,01M0WWQAZTRSENW9JN2FSQ4BA7,2026-08-25T17:07:47.989055298Z,41,2026-08-25T17:07:47.989055298Z,false,2026-08-25T17:28:27.619700289Z,01M0WY09KXZQGZCXQXZTYFDW8C,2026-08-25T17:28:27.384432737Z,,,48,2026-08-25T17:07:47.989055298Z,12,2026-08-25T17:07:47.989055298Z,training,2026-08-25T17:07:47.989055298Z,3,2026-08-25T17:07:47.989055298Z,4,2026-08-25T17:07:47.989055298Z,/tangrams/134_125.png,2026-08-25T17:28:41.055760846Z,/tangrams/134_125.png,2026-08-25T17:28:37.916431678Z,1787678919309,2026-08-25T17:28:37.911375299Z,0,2026-08-25T17:07:47.989055298Z,2,2026-08-25T17:07:49.076790648Z,true,2026-08-25T17:28:27.338821253Z,"[""/tangrams/279_66.png"",""/tangrams/134_125.png"",""/tangrams/422_405.png"",""/tangrams/411_352.png""]",2026-08-25T17:07:47.989055298Z,/tangrams/134_125.png,2026-08-25T17:07:47.989055298Z,F6,2026-08-25T17:07:47.989055298Z,5,2026-08-25T17:07:47.989055298Z,40,2026-08-25T17:07:47.989055298Z
01M0WYEER4WPB3H1B2BZW8XAYV,01M0WWQAZ72GMKNB5E8VWC3WG2,2026-08-25T17:10:50.372942349Z,,,,,,,,,,,"[""A2"",""B4"",""C1"",""D3""]",2026-08-25T17:10:50.372942349Z,false,2026-08-25T17:10:50.372942349Z,01M0WWQAZRRWZPK3N7VE24RFV2,2026-08-25T17:10:50.372942349Z,33,2026-08-25T17:10:50.372942349Z,,,,,,,48,2026-08-25T17:10:50.372942349Z,12,2026-08-25T17:10:50.372942349Z,training,2026-08-25T17:10:50.372942349Z,2,2026-08-25T17:10:50.372942349Z,4,2026-08-25T17:10:50.372942349Z,,,,2026-08-25T17:10:50.372942349Z,,,1,2026-08-25T17:10:50.372942349Z,2,2026-08-25T17:10:51.593045142Z,false,2026-08-25T17:10:50.372942349Z,"[""/tangrams/66_441.png"",""/tangrams/348_464.png"",""/tangrams/202_314.png"",""/tangrams/20_24.png""]",2026-08-25T17:10:50.372942349Z,/tangrams/202_314.png,2026-08-25T17:10:50.372942349Z,C1,2026-08-25T17:10:50.372942349Z,9,2026-08-25T17:10:50.372942349Z,32,2026-08-25T17:10:50.372942349Z
01M0WXAWAZSZTCFGJNQP422T1V,01M0WWQ73PEDYQHEYYBB88AXMD,2026-08-25T16:51:24.639499574Z,"[{""text"":""black diamond on top"",""sender"":{""id"":""01M0WX9MXH1SX7Q50079HW9F7E"",""name"":""Minu"",""avatar"":""https://api.dicebear.com/8.x/rings/svg?seed=Minu""}}]",2026-08-25T17:22:53.737548502Z,[1787678573746],2026-08-25T17:22:53.74787443Z,,,true,2026-08-25T17:23:00.084357852Z,01M0WX9MXH1SX7Q50079HW9F7E,2026-08-25T17:22:40.017838064Z,"[""B3"",""A4"",""D1"",""C2""]",2026-08-25T16:51:24.639499574Z,true,2026-08-25T17:23:00.067603414Z,01M0WWQ74H7CSGCPAHPDSCJ0PV,2026-08-25T16:51:24.639499574Z,35,2026-08-25T16:51:24.639499574Z,false,2026-08-25T17:22:40.113255808Z,01M0WX667JRE4461924BYZ6YJ1,2026-08-25T17:22:40.017838064Z,,,48,2026-08-25T16:51:24.639499574Z,12,2026-08-25T16:51:24.639499574Z,training,2026-08-25T16:51:24.639499574Z,2,2026-08-25T16:51:24.639499574Z,4,2026-08-25T16:51:24.639499574Z,/tangrams/138_66.png,2026-08-25T17:23:00.084357852Z,/tangrams/138_66.png,2026-08-25T17:22:56.949607363Z,1787678576931,2026-08-25T17:22:56.945314932Z,0,2026-08-25T16:51:24.639499574Z,2,2026-08-25T16:51:25.255672609Z,true,2026-08-25T17:22:39.976697406Z,"[""/tangrams/366_405.png"",""/tangrams/138_66.png"",""/tangrams/279_244.png"",""/tangrams/422_339.png""]",2026-08-25T16:51:24.639499574Z,/tangrams/138_66.png,2026-08-25T16:51:24.639499574Z,A4,2026-08-25T16:51:24.639499574Z,11,2026-08-25T16:51:24.639499574Z,34,2026-08-25T16:51:24.639499574Z
01M0WY8D4VDKTFJFASBRF3ZN0V,01M0WWQ9XB6TMTWDYN7GB59TN7,2026-08-25T17:07:32.12378911Z,"[{""text"":""hi"",""sender"":{""id"":""01M0WY1FH5WQS14DQ3V446M8AM"",""name"":""Repi"",""avatar"":""https://api.dicebear.com/8.x/rings/svg?seed=Repi""}},{""text"":""description?"",""sender"":{""id"":""01M0WY1FH5WQS14DQ3V446M8AM"",""name"":""Repi"",""avatar"":""https://api.dicebear.com/8.x/rings/svg?seed=Repi""}}]",2026-08-25T17:22:59.417154195Z,"[1787678545409,1787678579425]",2026-08-25T17:22:59.427300811Z,1787678593017,2026-08-25T17:23:13.203696841Z,false,2026-08-25T17:23:19.811453086Z,01M0WY1V9QET0HYE5N0547967Y,2026-08-25T17:22:16.592095878Z,"[""C2"",""A3"",""B4"",""D1""]",2026-08-25T17:07:32.12378911Z,true,2026-08-25T17:23:19.78781018Z,01M0WWQ9XT2Q7RF2RHNCTTRDNK,2026-08-25T17:07:32.12378911Z,1,2026-08-25T17:07:32.12378911Z,false,2026-08-25T17:22:16.785994279Z,01M0WY1FH5WQS14DQ3V446M8AM,2026-08-25T17:22:16.592095878Z,,,48,2026-08-25T17:07:32.12378911Z,12,2026-08-25T17:07:32.12378911Z,training,2026-08-25T17:07:32.12378911Z,0,2026-08-25T17:07:32.12378911Z,4,2026-08-25T17:07:32.12378911Z,,2026-08-25T17:23:19.811453086Z,,2026-08-25T17:07:32.12378911Z,,,0,2026-08-25T17:07:32.12378911Z,2,2026-08-25T17:07:32.5026901Z,true,2026-08-25T17:22:16.553806668Z,"[""/tangrams/422_339.png"",""/tangrams/138_405.png"",""/tangrams/366_66.png"",""/tangrams/279_244.png""]",2026-08-25T17:07:32.12378911Z,/tangrams/366_66.png,2026-08-25T17:07:32.12378911Z,B4,2026-08-25T17:07:32.12378911Z,1,2026-08-25T17:07:32.12378911Z,0,2026-08-25T17:07:32.12378911Z
01M0WXEBB8QJ9XTEK22NWMS8Y9,01M0WWQ73PEDYQHEYYBB88AXMD,2026-08-25T16:53:18.31259318Z,,,,,,,,,,,"[""D4"",""B2"",""F2"",""F8""]",2026-08-25T16:53:18.31259318Z,false,2026-08-25T16:53:18.31259318Z,01M0WWQ74M3NWYAJGQB0ESKAD2,2026-08-25T16:53:18.31259318Z,16,2026-08-25T16:53:18.31259318Z,,,,,,,48,2026-08-25T16:53:18.31259318Z,12,2026-08-25T16:53:18.31259318Z,training,2026-08-25T16:53:18.31259318Z,1,2026-08-25T16:53:18.31259318Z,4,2026-08-25T16:53:18.31259318Z,,,,2026-08-25T16:53:18.31259318Z,,,0,2026-08-25T16:53:18.31259318Z,2,2026-08-25T16:53:18.696684425Z,false,2026-08-25T16:53:18.31259318Z,"[""/tangrams/279_66.png"",""/tangrams/366_339.png"",""/tangrams/290_64.png"",""/tangrams/37_144.png""]",2026-08-25T16:53:18.31259318Z,/tangrams/366_339.png,2026-08-25T16:53:18.31259318Z,B2,2026-08-25T16:53:18.31259318Z,4,2026-08-25T16:53:18.31259318Z,15,2026-08-25T16:53:18.31259318Z
01M0WXGEBK2RCDWGQWD5DQXGVS,01M0WWQ73PEDYQHEYYBB88AXMD,2026-08-25T16:54:26.93135422Z,,,,,,,,,,,"[""C2"",""D1"",""D3"",""A3""]",2026-08-25T16:54:26.93135422Z,false,2026-08-25T16:54:26.93135422Z,01M0WWQ74ND1AHANTF309RNWJE,2026-08-25T16:54:26.93135422Z,47,2026-08-25T16:54:26.93135422Z,,,,,,,48,2026-08-25T16:54:26.93135422Z,12,2026-08-25T16:54:26.93135422Z,training,2026-08-25T16:54:26.93135422Z,3,2026-08-25T16:54:26.93135422Z,4,2026-08-25T16:54:26.93135422Z,,,,2026-08-25T16:54:26.93135422Z,,,0,2026-08-25T16:54:26.93135422Z,2,2026-08-25T16:54:28.078305179Z,false,2026-08-25T16:54:26.93135422Z,"[""/tangrams/422_339.png"",""/tangrams/279_244.png"",""/tangrams/279_405.png"",""/tangrams/138_405.png""]",2026-08-25T16:54:26.93135422Z,/tangrams/279_405.png,2026-08-25T16:54:26.93135422Z,D3,2026-08-25T16:54:26.93135422Z,11,2026-08-25T16:54:26.93135422Z,46,2026-08-25T16:54:26.93135422Z
01M0WXGEH4HC8MA5HRZWKKMZ6Q,01M0WWQ73PEDYQHEYYBB88AXMD,2026-08-25T16:54:27.108772435Z,,,,,,,,,,,"[""D3"",""A2"",""A3"",""B1""]",2026-08-25T16:54:27.108772435Z,false,2026-08-25T16:54:27.108772435Z,01M0WWQ74ND1AHANTF309RNWJE,2026-08-25T16:54:27.108772435Z,24,2026-08-25T16:54:27.108772435Z,,,,,,,48,2026-08-25T16:54:27.108772435Z,12,2026-08-25T16:54:27.108772435Z,training,2026-08-25T16:54:27.108772435Z,1,2026-08-25T16:54:27.108772435Z,4,2026-08-25T16:54:27.108772435Z,,,,2026-08-25T16:54:27.108772435Z,,,0,2026-08-25T16:54:27.108772435Z,2,2026-08-25T16:54:27.640941606Z,false,2026-08-25T16:54:27.108772435Z,"[""/tangrams/279_405.png"",""/tangrams/138_339.png"",""/tangrams/138_405.png"",""/tangrams/366_244.png""]",2026-08-25T16:54:27.108772435Z,/tangrams/138_405.png,2026-08-25T16:54:27.108772435Z,A3,2026-08-25T16:54:27.108772435Z,12,2026-08-25T16:54:27.108772435Z,23,2026-08-25T16:54:27.108772435Z
01M0WY7G7GK9TEDRG570PPNP15,01M0WWQ9XB6TMTWDYN7GB59TN7,2026-08-25T17:07:02.512340417Z,"[{""text"":""hallelujah hands"",""sender"":{""id"":""01M0WXR5QX7RT0467EJCPJ9Y2Y"",""name"":""Repi"",""avatar"":""https://api.dicebear.com/8.x/rings/svg?seed=Repi""}},{""text"":""stairs on bottom left"",""sender"":{""id"":""01M0WXR5QX7RT0467EJCPJ9Y2Y"",""name"":""Repi"",""avatar"":""https://api.dicebear.com/8.x/rings/svg?seed=Repi""}},{""text"":""boot bottom right"",""sender"":{""id"":""01M0WXR5QX7RT0467EJCPJ9Y2Y"",""name"":""Repi"",""avatar"":""https://api.dicebear.com/8.x/rings/svg?seed=Repi""}},{""text"":""i love halleluyah hands lol"",""sender"":{""id"":""01M0WY0ECEQWZG8FEZD72ENETD"",""name"":""Minu"",""avatar"":""https://api.dicebear.com/8.x/rings/svg?seed=Minu""}}]",2026-08-25T17:36:28.513116341Z,"[1787679371628,1787679378575,1787679381872,1787679388523]",2026-08-25T17:36:28.525279527Z,,,true,2026-08-25T17:36:33.966147643Z,01M0WXR5QX7RT0467EJCPJ9Y2Y,2026-08-25T17:36:04.697164361Z,"[""D2"",""C4"",""B3"",""D3""]",2026-08-25T17:07:02.512340417Z,true,2026-08-25T17:36:33.953616434Z,01M0WWQ9XW83PGVA4HF3WT9HVR,2026-08-25T17:07:02.512340417Z,24,2026-08-25T17:07:02.512340417Z,false,2026-08-25T17:36:04.938872233Z,01M0WY0ECEQWZG8FEZD72ENETD,2026-08-25T17:36:04.697164361Z,,,48,2026-08-25T17:07:02.512340417Z,12,2026-08-25T17:07:02.512340417Z,training,2026-08-25T17:07:02.512340417Z,1,2026-08-25T17:07:02.512340417Z,4,2026-08-25T17:07:02.512340417Z,/tangrams/279_405.png,2026-08-25T17:36:33.966147643Z,/tangrams/279_405.png,2026-08-25T17:36:30.815790001Z,1787679390368,2026-08-25T17:36:30.806869253Z,0,2026-08-25T17:07:02.512340417Z,2,2026-08-25T17:07:03.286843628Z,true,2026-08-25T17:36:04.647258535Z,"[""/tangrams/279_339.png"",""/tangrams/422_66.png"",""/tangrams/366_405.png"",""/tangrams/279_405.png""]",2026-08-25T17:07:02.512340417Z,/tangrams/279_405.png,2026-08-25T17:07:02.512340417Z,D3,2026-08-25T17:07:02.512340417Z,12,2026-08-25T17:07:02.512340417Z,23,2026-08-25T17:07:02.512340417Z
01M0WY8D5PVFY1XD0GEJTFAJNT,01M0WWQ9XB6TMTWDYN7GB59TN7,2026-08-25T17:07:32.150719359Z,"[{""text"":""white rectangle in the middle the only one"",""sender"":{""id"":""01M0WY1FH5WQS14DQ3V446M8AM"",""name"":""Repi"",""avatar"":""https://api.dicebear.com/8.x/rings/svg?seed=Repi""}}]",2026-08-25T17:45:05.700686809Z,[1787679905712],2026-08-25T17:45:05.715351465Z,,,false,2026-08-25T17:45:13.01743065Z,01M0WY1FH5WQS14DQ3V446M8AM,2026-08-25T17:44:49.905276831Z,"[""C1"",""B4"",""A3"",""D2""]",2026-08-25T17:07:32.150719359Z,true,2026-08-25T17:45:12.997528906Z,01M0WWQ9XT2Q7RF2RHNCTTRDNK,2026-08-25T17:07:32.150719359Z,36,2026-08-25T17:07:32.150719359Z,false,2026-08-25T17:44:50.056863684Z,01M0WY1V9QET0HYE5N0547967Y,2026-08-25T17:44:49.905276831Z,,,48,2026-08-25T17:07:32.150719359Z,12,2026-08-25T17:07:32.150719359Z,training,2026-08-25T17:07:32.150719359Z,2,2026-08-25T17:07:32.150719359Z,4,2026-08-25T17:07:32.150719359Z,/tangrams/366_66.png,2026-08-25T17:45:13.01743065Z,/tangrams/366_66.png,2026-08-25T17:45:09.841085998Z,1787679910358,2026-08-25T17:45:09.846421124Z,0,2026-08-25T17:07:32.150719359Z,2,2026-08-25T17:07:33.226938053Z,true,2026-08-25T17:44:49.846701185Z,"[""/tangrams/422_244.png"",""/tangrams/366_66.png"",""/tangrams/138_405.png"",""/tangrams/279_339.png""]",2026-08-25T17:07:32.150719359Z,/tangrams/422_244.png,2026-08-25T17:07:32.150719359Z,C1,2026-08-25T17:07:32.150719359Z,12,2026-08-25T17:07:32.150719359Z,35,2026-08-25T17:07:32.150719359Z
01M0WXEBBASB95SJ7H0CDBJ6BR,01M0WWQ73PEDYQHEYYBB88AXMD,2026-08-25T16:53:18.314530598Z,,,,,,,,,,,"[""D4"",""F1"",""A1"",""F6""]",2026-08-25T16:53:18.314530598Z,false,2026-08-25T16:53:18.314530598Z,01M0WWQ74M3NWYAJGQB0ESKAD2,2026-08-25T16:53:18.314530598Z,17,2026-08-25T16:53:18.314530598Z,,,,,,,48,2026-08-25T16:53:18.314530598Z,12,2026-08-25T16:53:18.314530598Z,training,2026-08-25T16:53:18.314530598Z,1,2026-08-25T16:53:18.314530598Z,4,2026-08-25T16:53:18.314530598Z,,,,2026-08-25T16:53:18.314530598Z,,,0,2026-08-25T16:53:18.314530598Z,2,2026-08-25T16:53:18.733076865Z,false,2026-08-25T16:53:18.314530598Z,"[""/tangrams/279_66.png"",""/tangrams/119_182.png"",""/tangrams/138_244.png"",""/tangrams/134_125.png""]",2026-08-25T16:53:18.314530598Z,/tangrams/119_182.png,2026-08-25T16:53:18.314530598Z,F1,2026-08-25T16:53:18.314530598Z,5,2026-08-25T16:53:18.314530598Z,16,2026-08-25T16:53:18.314530598Z
01M0WY7G7KMZ1KFB3YZ13M3CHR,01M0WWQ9XB6TMTWDYN7GB59TN7,2026-08-25T17:07:02.515865415Z,"[{""text"":""hat at the top"",""sender"":{""id"":""01M0WY0ECEQWZG8FEZD72ENETD"",""name"":""Minu"",""avatar"":""https://api.dicebear.com/8.x/rings/svg?seed=Minu""}},{""text"":""irregular figure in the middle white"",""sender"":{""id"":""01M0WY0ECEQWZG8FEZD72ENETD"",""name"":""Minu"",""avatar"":""https://api.dicebear.com/8.x/rings/svg?seed=Minu""}},{""text"":""sitting on a base with a missing triangle under"",""sender"":{""id"":""01M0WY0ECEQWZG8FEZD72ENETD"",""name"":""Minu"",""avatar"":""https://api.dicebear.com/8.x/rings/svg?seed=Minu""}}]",2026-08-25T17:36:58.045461471Z,"[1787679401327,1787679408702,1787679418055]",2026-08-25T17:36:58.058741709Z,,,true,2026-08-25T17:37:04.164079825Z,01M0WY0ECEQWZG8FEZD72ENETD,2026-08-25T17:36:34.03689353Z,"[""A2"",""C1"",""B4"",""C2""]",2026-08-25T17:07:02.515865415Z,true,2026-08-25T17:37:04.147516247Z,01M0WWQ9XW83PGVA4HF3WT9HVR,2026-08-25T17:07:02.515865415Z,25,2026-08-25T17:07:02.515865415Z,false,2026-08-25T17:36:34.277406511Z,01M0WXR5QX7RT0467EJCPJ9Y2Y,2026-08-25T17:36:34.03689353Z,,,48,2026-08-25T17:07:02.515865415Z,12,2026-08-25T17:07:02.515865415Z,training,2026-08-25T17:07:02.515865415Z,2,2026-08-25T17:07:02.515865415Z,4,2026-08-25T17:07:02.515865415Z,/tangrams/422_339.png,2026-08-25T17:37:04.164079825Z,/tangrams/422_339.png,2026-08-25T17:37:00.993273148Z,1787679420897,2026-08-25T17:37:00.988420483Z,0,2026-08-25T17:07:02.515865415Z,2,2026-08-25T17:07:03.308992347Z,true,2026-08-25T17:36:33.980929855Z,"[""/tangrams/138_339.png"",""/tangrams/422_244.png"",""/tangrams/366_66.png"",""/tangrams/422_339.png""]",2026-08-25T17:07:02.515865415Z,/tangrams/422_339.png,2026-08-25T17:07:02.515865415Z,C2,2026-08-25T17:07:02.515865415Z,1,2026-08-25T17:07:02.515865415Z,24,2026-08-25T17:07:02.515865415Z
01M0WY8D6MHAGF2EWM4MPRCFFS,01M0WWQ9XB6TMTWDYN7GB59TN7,2026-08-25T17:07:32.180100402Z,"[{""text"":""little diagonal on hat"",""sender"":{""id"":""01M0WY1V9QET0HYE5N0547967Y"",""name"":""Minu"",""avatar"":""https://api.dicebear.com/8.x/rings/svg?seed=Minu""}}]",2026-08-25T17:47:17.323134545Z,[1787680037334],2026-08-25T17:47:17.337789228Z,,,true,2026-08-25T17:47:30.928388631Z,01M0WY1V9QET0HYE5N0547967Y,2026-08-25T17:47:00.733530817Z,"[""A4"",""B1"",""D3"",""C2""]",2026-08-25T17:07:32.180100402Z,true,2026-08-25T17:47:30.911156765Z,01M0WWQ9XT2Q7RF2RHNCTTRDNK,2026-08-25T17:07:32.180100402Z,41,2026-08-25T17:07:32.180100402Z,false,2026-08-25T17:47:00.981530629Z,01M0WY1FH5WQS14DQ3V446M8AM,2026-08-25T17:47:00.733530817Z,,,48,2026-08-25T17:07:32.180100402Z,12,2026-08-25T17:07:32.180100402Z,training,2026-08-25T17:07:32.180100402Z,3,2026-08-25T17:07:32.180100402Z,4,2026-08-25T17:07:32.180100402Z,/tangrams/138_66.png,2026-08-25T17:47:30.928388631Z,/tangrams/138_66.png,2026-08-25T17:47:27.729726919Z,1787680047503,2026-08-25T17:47:27.716890791Z,0,2026-08-25T17:07:32.180100402Z,2,2026-08-25T17:07:33.312026634Z,true,2026-08-25T17:47:00.679768625Z,"[""/tangrams/138_66.png"",""/tangrams/366_244.png"",""/tangrams/279_405.png"",""/tangrams/422_339.png""]",2026-08-25T17:07:32.180100402Z,/tangrams/138_66.png,2026-08-25T17:07:32.180100402Z,A4,2026-08-25T17:07:32.180100402Z,5,2026-08-25T17:07:32.180100402Z,40,2026-08-25T17:07:32.180100402Z
01M0WY8WN35NN5290KDEZRC1PH,01M0WWQAZ72GMKNB5E8VWC3WG2,2026-08-25T17:07:48.003942222Z,"[{""text"":""separate v at bottom"",""sender"":{""id"":""01M0WY0YPE1FGB7GNWHKCY08ZN"",""name"":""Minu"",""avatar"":""https://api.dicebear.com/8.x/rings/svg?seed=Minu""}}]",2026-08-25T17:28:57.571800635Z,[1787678937581],2026-08-25T17:28:57.582945636Z,,,true,2026-08-25T17:29:03.034716757Z,01M0WY0YPE1FGB7GNWHKCY08ZN,2026-08-25T17:28:49.863918735Z,"[""F2"",""C3"",""F3"",""D4""]",2026-08-25T17:07:48.003942222Z,true,2026-08-25T17:29:03.019508034Z,01M0WWQAZTRSENW9JN2FSQ4BA7,2026-08-25T17:07:48.003942222Z,43,2026-08-25T17:07:48.003942222Z,false,2026-08-25T17:28:49.998863087Z,01M0WY09KXZQGZCXQXZTYFDW8C,2026-08-25T17:28:49.863918735Z,,,48,2026-08-25T17:07:48.003942222Z,12,2026-08-25T17:07:48.003942222Z,training,2026-08-25T17:07:48.003942222Z,3,2026-08-25T17:07:48.003942222Z,4,2026-08-25T17:07:48.003942222Z,/tangrams/170_154.png,2026-08-25T17:29:03.034716757Z,/tangrams/170_154.png,2026-08-25T17:28:59.891769753Z,1787678941289,2026-08-25T17:28:59.904402921Z,0,2026-08-25T17:07:48.003942222Z,2,2026-08-25T17:07:49.109469826Z,true,2026-08-25T17:28:49.828439062Z,"[""/tangrams/290_64.png"",""/tangrams/422_405.png"",""/tangrams/170_154.png"",""/tangrams/279_66.png""]",2026-08-25T17:07:48.003942222Z,/tangrams/170_154.png,2026-08-25T17:07:48.003942222Z,F3,2026-08-25T17:07:48.003942222Z,7,2026-08-25T17:07:48.003942222Z,42,2026-08-25T17:07:48.003942222Z
01M0WY8WKQ5D7DN3FS1NPXR1ZG,01M0WWQAZ72GMKNB5E8VWC3WG2,2026-08-25T17:07:47.959972571Z,"[{""text"":""chair with no legs, diamond at top and bottom"",""sender"":{""id"":""01M0WY09KXZQGZCXQXZTYFDW8C"",""name"":""Repi"",""avatar"":""https://api.dicebear.com/8.x/rings/svg?seed=Repi""}}]",2026-08-25T17:22:28.092814287Z,[1787678548101],2026-08-25T17:22:28.103998755Z,,,true,2026-08-25T17:22:36.510291688Z,01M0WY09KXZQGZCXQXZTYFDW8C,2026-08-25T17:22:16.309082242Z,"[""B2"",""F6"",""A1"",""F8""]",2026-08-25T17:07:47.959972571Z,true,2026-08-25T17:22:36.494293375Z,01M0WWQAZTRSENW9JN2FSQ4BA7,2026-08-25T17:07:47.959972571Z,20,2026-08-25T17:07:47.959972571Z,false,2026-08-25T17:22:16.451949388Z,01M0WY0YPE1FGB7GNWHKCY08ZN,2026-08-25T17:22:16.309082242Z,,,48,2026-08-25T17:07:47.959972571Z,12,2026-08-25T17:07:47.959972571Z,training,2026-08-25T17:07:47.959972571Z,1,2026-08-25T17:07:47.959972571Z,4,2026-08-25T17:07:47.959972571Z,/tangrams/138_244.png,2026-08-25T17:22:36.510291688Z,/tangrams/138_244.png,2026-08-25T17:22:33.316339432Z,1787678553355,2026-08-25T17:22:33.313617214Z,0,2026-08-25T17:07:47.959972571Z,2,2026-08-25T17:07:48.718163007Z,true,2026-08-25T17:22:16.269612778Z,"[""/tangrams/366_339.png"",""/tangrams/134_125.png"",""/tangrams/138_244.png"",""/tangrams/37_144.png""]",2026-08-25T17:07:47.959972571Z,/tangrams/138_244.png,2026-08-25T17:07:47.959972571Z,A1,2026-08-25T17:07:47.959972571Z,8,2026-08-25T17:07:47.959972571Z,19,2026-08-25T17:07:47.959972571Z
01M0WXEBB4TB1X9XTF2P9CME8X,01M0WWQ73PEDYQHEYYBB88AXMD,2026-08-25T16:53:18.308730031Z,,,,,,,,,,,"[""F5"",""F3"",""B2"",""F6""]",2026-08-25T16:53:18.308730031Z,false,2026-08-25T16:53:18.308730031Z,01M0WWQ74M3NWYAJGQB0ESKAD2,2026-08-25T16:53:18.308730031Z,15,2026-08-25T16:53:18.308730031Z,,,,,,,48,2026-08-25T16:53:18.308730031Z,12,2026-08-25T16:53:18.308730031Z,training,2026-08-25T16:53:18.308730031Z,1,2026-08-25T16:53:18.308730031Z,4,2026-08-25T16:53:18.308730031Z,,,,2026-08-25T16:53:18.308730031Z,,,0,2026-08-25T16:53:18.308730031Z,2,2026-08-25T16:53:18.680472437Z,false,2026-08-25T16:53:18.308730031Z,"[""/tangrams/456_48.png"",""/tangrams/170_154.png"",""/tangrams/366_339.png"",""/tangrams/134_125.png""]",2026-08-25T16:53:18.308730031Z,/tangrams/170_154.png,2026-08-25T16:53:18.308730031Z,F3,2026-08-25T16:53:18.308730031Z,3,2026-08-25T16:53:18.308730031Z,14,2026-08-25T16:53:18.308730031Z
01M0WY8WKTGB2T9BKGDPHG99HV,01M0WWQAZ72GMKNB5E8VWC3WG2,2026-08-25T17:07:47.962431525Z,"[{""text"":""stacked shapes - diamond on top, stop sign on the bottom"",""sender"":{""id"":""01M0WY0YPE1FGB7GNWHKCY08ZN"",""name"":""Minu"",""avatar"":""https://api.dicebear.com/8.x/rings/svg?seed=Minu""}},{""text"":""house in the middle"",""sender"":{""id"":""01M0WY0YPE1FGB7GNWHKCY08ZN"",""name"":""Minu"",""avatar"":""https://api.dicebear.com/8.x/rings/svg?seed=Minu""}}]",2026-08-25T17:22:06.096743343Z,"[1787678523273,1787678526104]",2026-08-25T17:22:06.10636048Z,,,true,2026-08-25T17:22:16.253411916Z,01M0WY0YPE1FGB7GNWHKCY08ZN,2026-08-25T17:21:44.822948554Z,"[""F1"",""A1"",""F5"",""F2""]",2026-08-25T17:07:47.962431525Z,true,2026-08-25T17:22:16.238473619Z,01M0WWQAZTRSENW9JN2FSQ4BA7,2026-08-25T17:07:47.962431525Z,19,2026-08-25T17:07:47.962431525Z,false,2026-08-25T17:21:44.957231488Z,01M0WY09KXZQGZCXQXZTYFDW8C,2026-08-25T17:21:44.822948554Z,,,48,2026-08-25T17:07:47.962431525Z,12,2026-08-25T17:07:47.962431525Z,training,2026-08-25T17:07:47.962431525Z,1,2026-08-25T17:07:47.962431525Z,4,2026-08-25T17:07:47.962431525Z,/tangrams/456_48.png,2026-08-25T17:22:16.253411916Z,/tangrams/456_48.png,2026-08-25T17:22:13.138785247Z,1787678534527,2026-08-25T17:22:13.134527811Z,0,2026-08-25T17:07:47.962431525Z,2,2026-08-25T17:07:48.704787026Z,true,2026-08-25T17:21:44.783722304Z,"[""/tangrams/119_182.png"",""/tangrams/138_244.png"",""/tangrams/456_48.png"",""/tangrams/290_64.png""]",2026-08-25T17:07:47.962431525Z,/tangrams/456_48.png,2026-08-25T17:07:47.962431525Z,F5,2026-08-25T17:07:47.962431525Z,7,2026-08-25T17:07:47.962431525Z,18,2026-08-25T17:07:47.962431525Z
01M0WXAW6CFMQ9G8V1TVNWMDSS,01M0WWQ73PEDYQHEYYBB88AXMD,2026-08-25T16:51:24.492171166Z,"[{""text"":""The one with the legs facing towards the left"",""sender"":{""id"":""01M0WX9MXH1SX7Q50079HW9F7E"",""name"":""Minu"",""avatar"":""https://api.dicebear.com/8.x/rings/svg?seed=Minu""}}]",2026-08-25T17:15:04.79152247Z,[1787678104798],2026-08-25T17:15:04.80042744Z,,,true,2026-08-25T17:15:16.339216734Z,01M0WX9MXH1SX7Q50079HW9F7E,2026-08-25T17:14:52.687075756Z,"[""B1"",""C4"",""D3"",""A2""]",2026-08-25T16:51:24.492171166Z,true,2026-08-25T17:15:16.326922623Z,01M0WWQ74H7CSGCPAHPDSCJ0PV,2026-08-25T16:51:24.492171166Z,13,2026-08-25T16:51:24.492171166Z,false,2026-08-25T17:14:52.776669623Z,01M0WX667JRE4461924BYZ6YJ1,2026-08-25T17:14:52.687075756Z,,,48,2026-08-25T16:51:24.492171166Z,12,2026-08-25T16:51:24.492171166Z,training,2026-08-25T16:51:24.492171166Z,1,2026-08-25T16:51:24.492171166Z,4,2026-08-25T16:51:24.492171166Z,/tangrams/279_405.png,2026-08-25T17:15:16.339216734Z,/tangrams/279_405.png,2026-08-25T17:15:13.121884345Z,1787678113103,2026-08-25T17:15:13.118193104Z,0,2026-08-25T16:51:24.492171166Z,2,2026-08-25T16:51:24.885628708Z,true,2026-08-25T17:14:52.648299001Z,"[""/tangrams/366_244.png"",""/tangrams/422_66.png"",""/tangrams/279_405.png"",""/tangrams/138_339.png""]",2026-08-25T16:51:24.492171166Z,/tangrams/279_405.png,2026-08-25T16:51:24.492171166Z,D3,2026-08-25T16:51:24.492171166Z,1,2026-08-25T16:51:24.492171166Z,12,2026-08-25T16:51:24.492171166Z
01M0WY4ETEHHGKAXQ7QNKFC2DX,01M0WWQ9XB6TMTWDYN7GB59TN7,2026-08-25T17:05:22.766996306Z,"[{""text"":""arrows above and below"",""sender"":{""id"":""01M0WY0C090AZDG2K9X542KKDB"",""name"":""Repi"",""avatar"":""https://api.dicebear.com/8.x/rings/svg?seed=Repi""}}]",2026-08-25T17:20:59.300109079Z,[1787678459308],2026-08-25T17:20:59.309721198Z,,,true,2026-08-25T17:21:04.825029957Z,01M0WY0C090AZDG2K9X542KKDB,2026-08-25T17:20:45.669151577Z,"[""D4"",""F4"",""F3"",""F1""]",2026-08-25T17:05:22.766996306Z,true,2026-08-25T17:21:04.813803313Z,01M0WWQ9XVXJV1JR4118CY5W09,2026-08-25T17:05:22.766996306Z,18,2026-08-25T17:05:22.766996306Z,false,2026-08-25T17:20:45.895891289Z,01M0WY0ENCGBGZ9MKY7CZKA71D,2026-08-25T17:20:45.669151577Z,,,48,2026-08-25T17:05:22.766996306Z,12,2026-08-25T17:05:22.766996306Z,training,2026-08-25T17:05:22.766996306Z,1,2026-08-25T17:05:22.766996306Z,4,2026-08-25T17:05:22.766996306Z,/tangrams/119_182.png,2026-08-25T17:21:04.825029957Z,/tangrams/119_182.png,2026-08-25T17:21:01.695986856Z,1787678461717,2026-08-25T17:21:01.691666032Z,0,2026-08-25T17:05:22.766996306Z,2,2026-08-25T17:05:23.382668119Z,true,2026-08-25T17:20:45.636443726Z,"[""/tangrams/279_66.png"",""/tangrams/434_227.png"",""/tangrams/170_154.png"",""/tangrams/119_182.png""]",2026-08-25T17:05:22.766996306Z,/tangrams/119_182.png,2026-08-25T17:05:22.766996306Z,F1,2026-08-25T17:05:22.766996306Z,6,2026-08-25T17:05:22.766996306Z,17,2026-08-25T17:05:22.766996306Z
01M0WY96A9T7MD3P4WMT32ESKR,01M0WWQAZ72GMKNB5E8VWC3WG2,2026-08-25T17:07:57.897253996Z,"[{""text"":""boat on side, tree on its side, has an added brnch"",""sender"":{""id"":""01M0WY2T8PBZPVGKC7BWFHJ59J"",""name"":""Minu"",""avatar"":""https://api.dicebear.com/8.x/rings/svg?seed=Minu""}},{""text"":""branch"",""sender"":{""id"":""01M0WY2T8PBZPVGKC7BWFHJ59J"",""name"":""Minu"",""avatar"":""https://api.dicebear.com/8.x/rings/svg?seed=Minu""}}]",2026-08-25T17:46:17.538726202Z,"[1787679972126,1787679977548]",2026-08-25T17:46:17.551809875Z,,,true,2026-08-25T17:46:24.147749447Z,01M0WY2T8PBZPVGKC7BWFHJ59J,2026-08-25T17:45:45.999782452Z,"[""B4"",""A2"",""C4"",""B3""]",2026-08-25T17:07:57.897253996Z,true,2026-08-25T17:46:24.129390391Z,01M0WWQAZPP7VBJF1WXDE2YKFW,2026-08-25T17:07:57.897253996Z,29,2026-08-25T17:07:57.897253996Z,false,2026-08-25T17:45:46.224732595Z,01M0WXSYNRXCYGT80QAR430CBD,2026-08-25T17:45:45.999782452Z,,,48,2026-08-25T17:07:57.897253996Z,12,2026-08-25T17:07:57.897253996Z,training,2026-08-25T17:07:57.897253996Z,2,2026-08-25T17:07:57.897253996Z,4,2026-08-25T17:07:57.897253996Z,/tangrams/348_464.png,2026-08-25T17:46:24.147749447Z,/tangrams/348_464.png,2026-08-25T17:46:20.980674177Z,1787679981542,2026-08-25T17:46:20.973131366Z,1,2026-08-25T17:07:57.897253996Z,2,2026-08-25T17:07:58.794677521Z,true,2026-08-25T17:45:45.956150897Z,"[""/tangrams/348_464.png"",""/tangrams/66_441.png"",""/tangrams/202_464.png"",""/tangrams/348_24.png""]",2026-08-25T17:07:57.897253996Z,/tangrams/348_464.png,2026-08-25T17:07:57.897253996Z,B4,2026-08-25T17:07:57.897253996Z,5,2026-08-25T17:07:57.897253996Z,28,2026-08-25T17:07:57.897253996Z
01M0WY96BC8A5X61KD8D9YXV86,01M0WWQAZ72GMKNB5E8VWC3WG2,2026-08-25T17:07:57.932268102Z,"[{""text"":""one small triangle pointing to the right in the bottom left corner. Large rectangle with five visible sides, somewhat rounded on the right side."",""sender"":{""id"":""01M0WXSYNRXCYGT80QAR430CBD"",""name"":""Repi"",""avatar"":""https://api.dicebear.com/8.x/rings/svg?seed=Repi""}}]",2026-08-25T17:36:51.03748086Z,[1787679411048],2026-08-25T17:36:51.049860308Z,,,true,2026-08-25T17:37:02.500763453Z,01M0WXSYNRXCYGT80QAR430CBD,2026-08-25T17:36:00.319476615Z,"[""D2"",""C2"",""D1"",""B4""]",2026-08-25T17:07:57.932268102Z,true,2026-08-25T17:37:02.483223589Z,01M0WWQAZPP7VBJF1WXDE2YKFW,2026-08-25T17:07:57.932268102Z,14,2026-08-25T17:07:57.932268102Z,false,2026-08-25T17:36:00.605718793Z,01M0WY2T8PBZPVGKC7BWFHJ59J,2026-08-25T17:36:00.319476615Z,,,48,2026-08-25T17:07:57.932268102Z,12,2026-08-25T17:07:57.932268102Z,training,2026-08-25T17:07:57.932268102Z,1,2026-08-25T17:07:57.932268102Z,4,2026-08-25T17:07:57.932268102Z,/tangrams/20_441.png,2026-08-25T17:37:02.500763453Z,/tangrams/20_441.png,2026-08-25T17:36:59.345869792Z,1787679420291,2026-08-25T17:36:59.350645935Z,1,2026-08-25T17:07:57.932268102Z,2,2026-08-25T17:07:58.480998284Z,true,2026-08-25T17:36:00.268805043Z,"[""/tangrams/20_441.png"",""/tangrams/202_441.png"",""/tangrams/20_314.png"",""/tangrams/348_464.png""]",2026-08-25T17:07:57.932268102Z,/tangrams/20_441.png,2026-08-25T17:07:57.932268102Z,D2,2026-08-25T17:07:57.932268102Z,2,2026-08-25T17:07:57.932268102Z,13,2026-08-25T17:07:57.932268102Z
01M0WXGEEYM620V2G4DKN0Y8N4,01M0WWQ73PEDYQHEYYBB88AXMD,2026-08-25T16:54:27.038661456Z,,,,,,,,,,,"[""C2"",""C1"",""B3"",""D2""]",2026-08-25T16:54:27.038661456Z,false,2026-08-25T16:54:27.038661456Z,01M0WWQ74ND1AHANTF309RNWJE,2026-08-25T16:54:27.038661456Z,19,2026-08-25T16:54:27.038661456Z,,,,,,,48,2026-08-25T16:54:27.038661456Z,12,2026-08-25T16:54:27.038661456Z,training,2026-08-25T16:54:27.038661456Z,1,2026-08-25T16:54:27.038661456Z,4,2026-08-25T16:54:27.038661456Z,,,,2026-08-25T16:54:27.038661456Z,,,0,2026-08-25T16:54:27.038661456Z,2,2026-08-25T16:54:27.566211532Z,false,2026-08-25T16:54:27.038661456Z,"[""/tangrams/422_339.png"",""/tangrams/422_244.png"",""/tangrams/366_405.png"",""/tangrams/279_339.png""]",2026-08-25T16:54:27.038661456Z,/tangrams/422_339.png,2026-08-25T16:54:27.038661456Z,C2,2026-08-25T16:54:27.038661456Z,7,2026-08-25T16:54:27.038661456Z,18,2026-08-25T16:54:27.038661456Z
01M0WY4ES5WR62QBW2K67KW5N2,01M0WWQ9XB6TMTWDYN7GB59TN7,2026-08-25T17:05:22.725348243Z,,,,,,,,,,,,,true,2026-08-25T17:13:20.186365829Z,01M0WWQ9XVXJV1JR4118CY5W09,2026-08-25T17:05:22.725348243Z,0,2026-08-25T17:05:22.725348243Z,false,2026-08-25T17:05:27.266599599Z,,,8,2026-08-25T17:05:22.725348243Z,,,,,pretest,2026-08-25T17:05:22.725348243Z,,,,,,,,2026-08-25T17:05:27.016998833Z,,,,,1,2026-08-25T17:05:23.036298487Z,true,2026-08-25T17:05:24.883987537Z,[],2026-08-25T17:05:22.725348243Z,,2026-08-25T17:05:22.725348243Z,,,,,,
01M0WY8WR6J2H8B1N0P540ETRW,01M0WWQAZ72GMKNB5E8VWC3WG2,2026-08-25T17:07:48.102196911Z,"[{""text"":""upwards pointing arrow at the top. diamond on the bottom"",""sender"":{""id"":""01M0WY0YPE1FGB7GNWHKCY08ZN"",""name"":""Minu"",""avatar"":""https://api.dicebear.com/8.x/rings/svg?seed=Minu""}}]",2026-08-25T17:19:30.3963347Z,[1787678370404],2026-08-25T17:19:30.406158998Z,,,true,2026-08-25T17:19:38.46732466Z,01M0WY0YPE1FGB7GNWHKCY08ZN,2026-08-25T17:19:16.092787635Z,"[""D4"",""F7"",""F2"",""B2""]",2026-08-25T17:07:48.102196911Z,true,2026-08-25T17:19:38.455857902Z,01M0WWQAZTRSENW9JN2FSQ4BA7,2026-08-25T17:07:48.102196911Z,13,2026-08-25T17:07:48.102196911Z,false,2026-08-25T17:19:16.193079801Z,01M0WY09KXZQGZCXQXZTYFDW8C,2026-08-25T17:19:16.092787635Z,,,48,2026-08-25T17:07:48.102196911Z,12,2026-08-25T17:07:48.102196911Z,training,2026-08-25T17:07:48.102196911Z,1,2026-08-25T17:07:48.102196911Z,4,2026-08-25T17:07:48.102196911Z,/tangrams/411_352.png,2026-08-25T17:19:38.46732466Z,/tangrams/411_352.png,2026-08-25T17:19:35.267689264Z,1787678376655,2026-08-25T17:19:35.263724207Z,0,2026-08-25T17:07:48.102196911Z,2,2026-08-25T17:07:48.595184139Z,true,2026-08-25T17:19:16.055680552Z,"[""/tangrams/279_66.png"",""/tangrams/411_352.png"",""/tangrams/290_64.png"",""/tangrams/366_339.png""]",2026-08-25T17:07:48.102196911Z,/tangrams/411_352.png,2026-08-25T17:07:48.102196911Z,F7,2026-08-25T17:07:48.102196911Z,1,2026-08-25T17:07:48.102196911Z,12,2026-08-25T17:07:48.102196911Z
01M0WY96A60KHB7VHW8ATRJMT6,01M0WWQAZ72GMKNB5E8VWC3WG2,2026-08-25T17:07:57.894613339Z,"[{""text"":""large triangles pointing to the left. large solid, somewhat rounded shape on the right. NO boat."",""sender"":{""id"":""01M0WXSYNRXCYGT80QAR430CBD"",""name"":""Repi"",""avatar"":""https://api.dicebear.com/8.x/rings/svg?seed=Repi""}}]",2026-08-25T17:46:48.374408706Z,[1787680008386],2026-08-25T17:46:48.388664673Z,,,true,2026-08-25T17:47:00.862846527Z,01M0WXSYNRXCYGT80QAR430CBD,2026-08-25T17:46:24.205071021Z,"[""B1"",""D3"",""A4"",""D1""]",2026-08-25T17:07:57.894613339Z,true,2026-08-25T17:47:00.850356252Z,01M0WWQAZPP7VBJF1WXDE2YKFW,2026-08-25T17:07:57.894613339Z,30,2026-08-25T17:07:57.894613339Z,false,2026-08-25T17:46:24.412505931Z,01M0WY2T8PBZPVGKC7BWFHJ59J,2026-08-25T17:46:24.205071021Z,,,48,2026-08-25T17:07:57.894613339Z,12,2026-08-25T17:07:57.894613339Z,training,2026-08-25T17:07:57.894613339Z,2,2026-08-25T17:07:57.894613339Z,4,2026-08-25T17:07:57.894613339Z,/tangrams/20_314.png,2026-08-25T17:47:00.862846527Z,/tangrams/20_314.png,2026-08-25T17:46:57.490544096Z,1787680018420,2026-08-25T17:46:57.484907589Z,1,2026-08-25T17:07:57.894613339Z,2,2026-08-25T17:07:58.815155343Z,true,2026-08-25T17:46:24.162297268Z,"[""/tangrams/348_314.png"",""/tangrams/20_24.png"",""/tangrams/66_464.png"",""/tangrams/20_314.png""]",2026-08-25T17:07:57.894613339Z,/tangrams/20_314.png,2026-08-25T17:07:57.894613339Z,D1,2026-08-25T17:07:57.894613339Z,6,2026-08-25T17:07:57.894613339Z,29,2026-08-25T17:07:57.894613339Z
01M0WY96AMQ18K18ENJFV98XEW,01M0WWQAZ72GMKNB5E8VWC3WG2,2026-08-25T17:07:57.908196912Z,"[{""text"":""very jagged shape with one small triangle in the bottom left corner pointing right. The right shape is more squat. Not the tall one that goes from top to bottom of the box"",""sender"":{""id"":""01M0WXSYNRXCYGT80QAR430CBD"",""name"":""Repi"",""avatar"":""https://api.dicebear.com/8.x/rings/svg?seed=Repi""}}]",2026-08-25T17:42:23.740021512Z,[1787679743750],2026-08-25T17:42:23.751765089Z,,,true,2026-08-25T17:42:39.130448298Z,01M0WXSYNRXCYGT80QAR430CBD,2026-08-25T17:41:47.786600041Z,"[""A4"",""A2"",""D2"",""B3""]",2026-08-25T17:07:57.908196912Z,true,2026-08-25T17:42:39.114056542Z,01M0WWQAZPP7VBJF1WXDE2YKFW,2026-08-25T17:07:57.908196912Z,22,2026-08-25T17:07:57.908196912Z,false,2026-08-25T17:41:48.094327627Z,01M0WY2T8PBZPVGKC7BWFHJ59J,2026-08-25T17:41:47.786600041Z,,,48,2026-08-25T17:07:57.908196912Z,12,2026-08-25T17:07:57.908196912Z,training,2026-08-25T17:07:57.908196912Z,1,2026-08-25T17:07:57.908196912Z,4,2026-08-25T17:07:57.908196912Z,/tangrams/66_441.png,2026-08-25T17:42:39.130448298Z,/tangrams/66_441.png,2026-08-25T17:42:35.985711058Z,1787679756927,2026-08-25T17:42:35.997954059Z,1,2026-08-25T17:07:57.908196912Z,2,2026-08-25T17:07:58.650520034Z,true,2026-08-25T17:41:47.744783445Z,"[""/tangrams/66_464.png"",""/tangrams/66_441.png"",""/tangrams/20_441.png"",""/tangrams/348_24.png""]",2026-08-25T17:07:57.908196912Z,/tangrams/66_441.png,2026-08-25T17:07:57.908196912Z,A2,2026-08-25T17:07:57.908196912Z,10,2026-08-25T17:07:57.908196912Z,21,2026-08-25T17:07:57.908196912Z
01M0WXAW3GXJEYDSYRFCXFNEV9,01M0WWQ73PEDYQHEYYBB88AXMD,2026-08-25T16:51:24.40013834Z,,,,,,,,,,,,,true,2026-08-25T17:08:43.848888976Z,01M0WWQ74H7CSGCPAHPDSCJ0PV,2026-08-25T16:51:24.40013834Z,0,2026-08-25T16:51:24.40013834Z,false,2026-08-25T16:51:27.823098165Z,,,20,2026-08-25T16:51:24.40013834Z,,,,,pretest,2026-08-25T16:51:24.40013834Z,,,,,,,,2026-08-25T16:51:27.735664838Z,,,,,1,2026-08-25T16:51:24.698646252Z,true,2026-08-25T16:51:25.527160518Z,[],2026-08-25T16:51:24.40013834Z,,2026-08-25T16:51:24.40013834Z,,,,,,
01M0WXAW6HBME2NMSG8ZSQ59CD,01M0WWQ73PEDYQHEYYBB88AXMD,2026-08-25T16:51:24.497230951Z,"[{""text"":""At the bottom is what looks like a pair of legs facing left and on the top is a black diamond on its side"",""sender"":{""id"":""01M0WX9MXH1SX7Q50079HW9F7E"",""name"":""Minu"",""avatar"":""https://api.dicebear.com/8.x/rings/svg?seed=Minu""}}]",2026-08-25T17:11:54.613665437Z,[1787677914621],2026-08-25T17:11:54.622857091Z,,,true,2026-08-25T17:12:02.486917769Z,01M0WX9MXH1SX7Q50079HW9F7E,2026-08-25T17:11:38.601744438Z,"[""C4"",""D2"",""A3"",""B1""]",2026-08-25T16:51:24.497230951Z,true,2026-08-25T17:12:02.476807227Z,01M0WWQ74H7CSGCPAHPDSCJ0PV,2026-08-25T16:51:24.497230951Z,7,2026-08-25T16:51:24.497230951Z,false,2026-08-25T17:11:38.700691984Z,01M0WX667JRE4461924BYZ6YJ1,2026-08-25T17:11:38.601744438Z,,,48,2026-08-25T16:51:24.497230951Z,12,2026-08-25T16:51:24.497230951Z,training,2026-08-25T16:51:24.497230951Z,0,2026-08-25T16:51:24.497230951Z,4,2026-08-25T16:51:24.497230951Z,/tangrams/138_405.png,2026-08-25T17:12:02.486917769Z,/tangrams/138_405.png,2026-08-25T17:11:59.357728946Z,1787677919335,2026-08-25T17:11:59.354169652Z,0,2026-08-25T16:51:24.497230951Z,2,2026-08-25T16:51:24.806709783Z,true,2026-08-25T17:11:38.560774709Z,"[""/tangrams/422_66.png"",""/tangrams/279_339.png"",""/tangrams/138_405.png"",""/tangrams/366_244.png""]",2026-08-25T16:51:24.497230951Z,/tangrams/138_405.png,2026-08-25T16:51:24.497230951Z,A3,2026-08-25T16:51:24.497230951Z,7,2026-08-25T16:51:24.497230951Z,6,2026-08-25T16:51:24.497230951Z
01M0WXEBB0333AW0ZEWYZYPZAR,01M0WWQ73PEDYQHEYYBB88AXMD,2026-08-25T16:53:18.304424529Z,,,,,,,,,,,"[""F6"",""F1"",""F5"",""F2""]",2026-08-25T16:53:18.304424529Z,false,2026-08-25T16:53:18.304424529Z,01M0WWQ74M3NWYAJGQB0ESKAD2,2026-08-25T16:53:18.304424529Z,14,2026-08-25T16:53:18.304424529Z,,,,,,,48,2026-08-25T16:53:18.304424529Z,12,2026-08-25T16:53:18.304424529Z,training,2026-08-25T16:53:18.304424529Z,1,2026-08-25T16:53:18.304424529Z,4,2026-08-25T16:53:18.304424529Z,,,,2026-08-25T16:53:18.304424529Z,,,0,2026-08-25T16:53:18.304424529Z,2,2026-08-25T16:53:18.660129017Z,false,2026-08-25T16:53:18.304424529Z,"[""/tangrams/134_125.png"",""/tangrams/119_182.png"",""/tangrams/456_48.png"",""/tangrams/290_64.png""]",2026-08-25T16:53:18.304424529Z,/tangrams/456_48.png,2026-08-25T16:53:18.304424529Z,F5,2026-08-25T16:53:18.304424529Z,2,2026-08-25T16:53:18.304424529Z,13,2026-08-25T16:53:18.304424529Z
01M0WXEBD2W3SSKX0WR4CCXHPX,01M0WWQ73PEDYQHEYYBB88AXMD,2026-08-25T16:53:18.370620879Z,,,,,,,,,,,"[""B2"",""F2"",""F4"",""F7""]",2026-08-25T16:53:18.370620879Z,false,2026-08-25T16:53:18.370620879Z,01M0WWQ74M3NWYAJGQB0ESKAD2,2026-08-25T16:53:18.370620879Z,35,2026-08-25T16:53:18.370620879Z,,,,,,,48,2026-08-25T16:53:18.370620879Z,12,2026-08-25T16:53:18.370620879Z,training,2026-08-25T16:53:18.370620879Z,2,2026-08-25T16:53:18.370620879Z,4,2026-08-25T16:53:18.370620879Z,,,,2026-08-25T16:53:18.370620879Z,,,0,2026-08-25T16:53:18.370620879Z,2,2026-08-25T16:53:19.070322509Z,false,2026-08-25T16:53:18.370620879Z,"[""/tangrams/366_339.png"",""/tangrams/290_64.png"",""/tangrams/434_227.png"",""/tangrams/411_352.png""]",2026-08-25T16:53:18.370620879Z,/tangrams/290_64.png,2026-08-25T16:53:18.370620879Z,F2,2026-08-25T16:53:18.370620879Z,11,2026-08-25T16:53:18.370620879Z,34,2026-08-25T16:53:18.370620879Z
01M0WXGEBZC083CZ1PX5X3GV0P,01M0WWQ73PEDYQHEYYBB88AXMD,2026-08-25T16:54:26.943949046Z,,,,,,,,,,,"[""D1"",""C1"",""C4"",""A3""]",2026-08-25T16:54:26.943949046Z,false,2026-08-25T16:54:26.943949046Z,01M0WWQ74ND1AHANTF309RNWJE,2026-08-25T16:54:26.943949046Z,43,2026-08-25T16:54:26.943949046Z,,,,,,,48,2026-08-25T16:54:26.943949046Z,12,2026-08-25T16:54:26.943949046Z,training,2026-08-25T16:54:26.943949046Z,3,2026-08-25T16:54:26.943949046Z,4,2026-08-25T16:54:26.943949046Z,,,,2026-08-25T16:54:26.943949046Z,,,0,2026-08-25T16:54:26.943949046Z,2,2026-08-25T16:54:28.001024979Z,false,2026-08-25T16:54:26.943949046Z,"[""/tangrams/279_244.png"",""/tangrams/422_244.png"",""/tangrams/422_66.png"",""/tangrams/138_405.png""]",2026-08-25T16:54:26.943949046Z,/tangrams/422_244.png,2026-08-25T16:54:26.943949046Z,C1,2026-08-25T16:54:26.943949046Z,7,2026-08-25T16:54:26.943949046Z,42,2026-08-25T16:54:26.943949046Z
01M0WY4EZ73EKYV5B8GXKY83R9,01M0WWQ9XB6TMTWDYN7GB59TN7,2026-08-25T17:05:22.919762565Z,"[{""text"":""walking house"",""sender"":{""id"":""01M0WY0ENCGBGZ9MKY7CZKA71D"",""name"":""Minu"",""avatar"":""https://api.dicebear.com/8.x/rings/svg?seed=Minu""}}]",2026-08-25T17:26:44.765913915Z,[1787678804775],2026-08-25T17:26:44.776988902Z,,,true,2026-08-25T17:26:57.554121467Z,01M0WY0ENCGBGZ9MKY7CZKA71D,2026-08-25T17:26:40.333411297Z,"[""F1"",""F6"",""B2"",""C3""]",2026-08-25T17:05:22.919762565Z,true,2026-08-25T17:26:57.543031676Z,01M0WWQ9XVXJV1JR4118CY5W09,2026-08-25T17:05:22.919762565Z,37,2026-08-25T17:05:22.919762565Z,false,2026-08-25T17:26:40.505980368Z,01M0WY0C090AZDG2K9X542KKDB,2026-08-25T17:26:40.333411297Z,,,48,2026-08-25T17:05:22.919762565Z,12,2026-08-25T17:05:22.919762565Z,training,2026-08-25T17:05:22.919762565Z,3,2026-08-25T17:05:22.919762565Z,4,2026-08-25T17:05:22.919762565Z,/tangrams/422_405.png,2026-08-25T17:26:57.554121467Z,/tangrams/422_405.png,2026-08-25T17:26:54.345366354Z,1787678814254,2026-08-25T17:26:54.348425159Z,0,2026-08-25T17:05:22.919762565Z,2,2026-08-25T17:05:23.733108509Z,true,2026-08-25T17:26:40.285574409Z,"[""/tangrams/119_182.png"",""/tangrams/134_125.png"",""/tangrams/366_339.png"",""/tangrams/422_405.png""]",2026-08-25T17:05:22.919762565Z,/tangrams/422_405.png,2026-08-25T17:05:22.919762565Z,C3,2026-08-25T17:05:22.919762565Z,1,2026-08-25T17:05:22.919762565Z,36,2026-08-25T17:05:22.919762565Z
01M0WY96ABBVKA646PMAYSBYW7,01M0WWQAZ72GMKNB5E8VWC3WG2,2026-08-25T17:07:57.899873566Z,"[{""text"":""multiple big triangles pointing to the left. boat leaning against it."",""sender"":{""id"":""01M0WXSYNRXCYGT80QAR430CBD"",""name"":""Repi"",""avatar"":""https://api.dicebear.com/8.x/rings/svg?seed=Repi""}}]",2026-08-25T17:45:36.907751544Z,[1787679936918],2026-08-25T17:45:36.920554519Z,,,true,2026-08-25T17:45:45.940641635Z,01M0WXSYNRXCYGT80QAR430CBD,2026-08-25T17:45:17.857806462Z,"[""B1"",""B3"",""C2"",""D1""]",2026-08-25T17:07:57.899873566Z,true,2026-08-25T17:45:45.92551921Z,01M0WWQAZPP7VBJF1WXDE2YKFW,2026-08-25T17:07:57.899873566Z,28,2026-08-25T17:07:57.899873566Z,false,2026-08-25T17:45:18.080354369Z,01M0WY2T8PBZPVGKC7BWFHJ59J,2026-08-25T17:45:17.857806462Z,,,48,2026-08-25T17:07:57.899873566Z,12,2026-08-25T17:07:57.899873566Z,training,2026-08-25T17:07:57.899873566Z,2,2026-08-25T17:07:57.899873566Z,4,2026-08-25T17:07:57.899873566Z,/tangrams/348_314.png,2026-08-25T17:45:45.940641635Z,/tangrams/348_314.png,2026-08-25T17:45:42.795019095Z,1787679943736,2026-08-25T17:45:42.807997912Z,1,2026-08-25T17:07:57.899873566Z,2,2026-08-25T17:07:58.774035232Z,true,2026-08-25T17:45:17.815778945Z,"[""/tangrams/348_314.png"",""/tangrams/348_24.png"",""/tangrams/202_441.png"",""/tangrams/20_314.png""]",2026-08-25T17:07:57.899873566Z,/tangrams/348_314.png,2026-08-25T17:07:57.899873566Z,B1,2026-08-25T17:07:57.899873566Z,4,2026-08-25T17:07:57.899873566Z,27,2026-08-25T17:07:57.899873566Z
01M0WYEERBPK0XK05AT4664BKP,01M0WWQAZ72GMKNB5E8VWC3WG2,2026-08-25T17:10:50.379511549Z,,,,,,,,,,,"[""D2"",""A3"",""B1"",""C4""]",2026-08-25T17:10:50.379511549Z,false,2026-08-25T17:10:50.379511549Z,01M0WWQAZRRWZPK3N7VE24RFV2,2026-08-25T17:10:50.379511549Z,17,2026-08-25T17:10:50.379511549Z,,,,,,,48,2026-08-25T17:10:50.379511549Z,12,2026-08-25T17:10:50.379511549Z,training,2026-08-25T17:10:50.379511549Z,1,2026-08-25T17:10:50.379511549Z,4,2026-08-25T17:10:50.379511549Z,,,,2026-08-25T17:10:50.379511549Z,,,1,2026-08-25T17:10:50.379511549Z,2,2026-08-25T17:10:51.20089756Z,false,2026-08-25T17:10:50.379511549Z,"[""/tangrams/20_441.png"",""/tangrams/66_24.png"",""/tangrams/348_314.png"",""/tangrams/202_464.png""]",2026-08-25T17:10:50.379511549Z,/tangrams/348_314.png,2026-08-25T17:10:50.379511549Z,B1,2026-08-25T17:10:50.379511549Z,5,2026-08-25T17:10:50.379511549Z,16,2026-08-25T17:10:50.379511549Z
01M0WY4F2CJVCKB4D7DEPC8XQM,01M0WWQ9XB6TMTWDYN7GB59TN7,2026-08-25T17:05:23.020825868Z,"[{""text"":""spiky above space below"",""sender"":{""id"":""01M0WY0C090AZDG2K9X542KKDB"",""name"":""Repi"",""avatar"":""https://api.dicebear.com/8.x/rings/svg?seed=Repi""}}]",2026-08-25T17:29:34.895894073Z,[1787678974906],2026-08-25T17:29:34.907701815Z,,,true,2026-08-25T17:29:44.134611636Z,01M0WY0C090AZDG2K9X542KKDB,2026-08-25T17:29:15.147438557Z,"[""F1"",""F3"",""F6"",""F5""]",2026-08-25T17:05:23.020825868Z,true,2026-08-25T17:29:44.117808586Z,01M0WWQ9XVXJV1JR4118CY5W09,2026-08-25T17:05:23.020825868Z,46,2026-08-25T17:05:23.020825868Z,false,2026-08-25T17:29:15.319733382Z,01M0WY0ENCGBGZ9MKY7CZKA71D,2026-08-25T17:29:15.147438557Z,,,48,2026-08-25T17:05:23.020825868Z,12,2026-08-25T17:05:23.020825868Z,training,2026-08-25T17:05:23.020825868Z,3,2026-08-25T17:05:23.020825868Z,4,2026-08-25T17:05:23.020825868Z,/tangrams/170_154.png,2026-08-25T17:29:44.134611636Z,/tangrams/170_154.png,2026-08-25T17:29:40.98196283Z,1787678981011,2026-08-25T17:29:40.987045962Z,0,2026-08-25T17:05:23.020825868Z,2,2026-08-25T17:05:23.947852781Z,true,2026-08-25T17:29:15.097595454Z,"[""/tangrams/119_182.png"",""/tangrams/170_154.png"",""/tangrams/134_125.png"",""/tangrams/456_48.png""]",2026-08-25T17:05:23.020825868Z,/tangrams/170_154.png,2026-08-25T17:05:23.020825868Z,F3,2026-08-25T17:05:23.020825868Z,10,2026-08-25T17:05:23.020825868Z,45,2026-08-25T17:05:23.020825868Z
01M0WXAW4Y49Y4HWK8ED0F12GC,01M0WWQ73PEDYQHEYYBB88AXMD,2026-08-25T16:51:24.446418619Z,"[{""text"":""black diamond on top ... bye bro"",""sender"":{""id"":""01M0WX667JRE4461924BYZ6YJ1"",""name"":""Repi"",""avatar"":""https://api.dicebear.com/8.x/rings/svg?seed=Repi""}}]",2026-08-25T17:27:17.177819946Z,[1787678837187],2026-08-25T17:27:17.188977191Z,,,true,2026-08-25T17:27:23.529004366Z,01M0WX667JRE4461924BYZ6YJ1,2026-08-25T17:27:06.396079152Z,"[""A4"",""C2"",""D1"",""B3""]",2026-08-25T16:51:24.446418619Z,true,2026-08-25T17:27:23.512451346Z,01M0WWQ74H7CSGCPAHPDSCJ0PV,2026-08-25T16:51:24.446418619Z,48,2026-08-25T16:51:24.446418619Z,false,2026-08-25T17:27:06.49260646Z,01M0WX9MXH1SX7Q50079HW9F7E,2026-08-25T17:27:06.396079152Z,,,48,2026-08-25T16:51:24.446418619Z,12,2026-08-25T16:51:24.446418619Z,training,2026-08-25T16:51:24.446418619Z,3,2026-08-25T16:51:24.446418619Z,4,2026-08-25T16:51:24.446418619Z,/tangrams/138_66.png,2026-08-25T17:27:23.529004366Z,/tangrams/138_66.png,2026-08-25T17:27:20.204318746Z,1787678840069,2026-08-25T17:27:20.195453398Z,0,2026-08-25T16:51:24.446418619Z,2,2026-08-25T16:51:25.470903432Z,true,2026-08-25T17:27:06.347059589Z,"[""/tangrams/138_66.png"",""/tangrams/422_339.png"",""/tangrams/279_244.png"",""/tangrams/366_405.png""]",2026-08-25T16:51:24.446418619Z,/tangrams/138_66.png,2026-08-25T16:51:24.446418619Z,A4,2026-08-25T16:51:24.446418619Z,12,2026-08-25T16:51:24.446418619Z,47,2026-08-25T16:51:24.446418619Z
01M0WXAWB0BFNFZQZ26HYHDMBZ,01M0WWQ73PEDYQHEYYBB88AXMD,2026-08-25T16:51:24.640524083Z,"[{""text"":""white triangle bottom"",""sender"":{""id"":""01M0WX9MXH1SX7Q50079HW9F7E"",""name"":""Minu"",""avatar"":""https://api.dicebear.com/8.x/rings/svg?seed=Minu""}}]",2026-08-25T17:22:18.368500416Z,[1787678538377],2026-08-25T17:22:18.378723476Z,,,true,2026-08-25T17:22:25.870682484Z,01M0WX9MXH1SX7Q50079HW9F7E,2026-08-25T17:22:12.303348597Z,"[""B1"",""A2"",""C4"",""D3""]",2026-08-25T16:51:24.640524083Z,true,2026-08-25T17:22:25.857282247Z,01M0WWQ74H7CSGCPAHPDSCJ0PV,2026-08-25T16:51:24.640524083Z,33,2026-08-25T16:51:24.640524083Z,false,2026-08-25T17:22:12.391154801Z,01M0WX667JRE4461924BYZ6YJ1,2026-08-25T17:22:12.303348597Z,,,48,2026-08-25T16:51:24.640524083Z,12,2026-08-25T16:51:24.640524083Z,training,2026-08-25T16:51:24.640524083Z,2,2026-08-25T16:51:24.640524083Z,4,2026-08-25T16:51:24.640524083Z,/tangrams/138_339.png,2026-08-25T17:22:25.870682484Z,/tangrams/138_339.png,2026-08-25T17:22:22.74665215Z,1787678542727,2026-08-25T17:22:22.742254122Z,0,2026-08-25T16:51:24.640524083Z,2,2026-08-25T16:51:25.225909179Z,true,2026-08-25T17:22:12.264794304Z,"[""/tangrams/366_244.png"",""/tangrams/138_339.png"",""/tangrams/422_66.png"",""/tangrams/279_405.png""]",2026-08-25T16:51:24.640524083Z,/tangrams/138_339.png,2026-08-25T16:51:24.640524083Z,A2,2026-08-25T16:51:24.640524083Z,9,2026-08-25T16:51:24.640524083Z,32,2026-08-25T16:51:24.640524083Z
01M0WXEB7H3CHXHKXA327EDM5J,01M0WWQ73PEDYQHEYYBB88AXMD,2026-08-25T16:53:18.193596313Z,"[{""text"":""Looks like a house with a triangle cut out the bottom of the shape"",""sender"":{""id"":""01M0WWZBDJ6CA985ZGF4JYT3P6"",""name"":""Repi"",""avatar"":""https://api.dicebear.com/8.x/rings/svg?seed=Repi""}},{""text"":""hellooo"",""sender"":{""id"":""01M0WWZBDJ6CA985ZGF4JYT3P6"",""name"":""Repi"",""avatar"":""https://api.dicebear.com/8.x/rings/svg?seed=Repi""}}]",2026-08-25T17:05:25.615129721Z,"[1787677503745,1787677527026]",2026-08-25T17:05:27.02742921Z,,,false,2026-08-25T17:05:36.146053041Z,01M0WWZBDJ6CA985ZGF4JYT3P6,2026-08-25T17:04:33.04033032Z,"[""B2"",""F5"",""F7"",""A1""]",2026-08-25T16:53:18.193596313Z,true,2026-08-25T17:05:36.140638581Z,01M0WWQ74M3NWYAJGQB0ESKAD2,2026-08-25T16:53:18.193596313Z,8,2026-08-25T16:53:18.193596313Z,false,2026-08-25T17:04:33.322063466Z,01M0WX6P9Z1RRJ4EYT8244HGBW,2026-08-25T17:04:33.04033032Z,,,48,2026-08-25T16:53:18.193596313Z,12,2026-08-25T16:53:18.193596313Z,training,2026-08-25T16:53:18.193596313Z,0,2026-08-25T16:53:18.193596313Z,4,2026-08-25T16:53:18.193596313Z,,2026-08-25T17:05:36.146053041Z,,2026-08-25T16:53:18.193596313Z,,,0,2026-08-25T16:53:18.193596313Z,2,2026-08-25T16:53:18.564004616Z,true,2026-08-25T17:04:33.012808693Z,"[""/tangrams/366_339.png"",""/tangrams/456_48.png"",""/tangrams/411_352.png"",""/tangrams/138_244.png""]",2026-08-25T16:53:18.193596313Z,/tangrams/366_339.png,2026-08-25T16:53:18.193596313Z,B2,2026-08-25T16:53:18.193596313Z,8,2026-08-25T16:53:18.193596313Z,7,2026-08-25T16:53:18.193596313Z
01M0WXGEEW34T6FQBH2B2PRH1Z,01M0WWQ73PEDYQHEYYBB88AXMD,2026-08-25T16:54:27.036333561Z,,,,,,,,,,,"[""B4"",""A3"",""D1"",""D3""]",2026-08-25T16:54:27.036333561Z,false,2026-08-25T16:54:27.036333561Z,01M0WWQ74ND1AHANTF309RNWJE,2026-08-25T16:54:27.036333561Z,15,2026-08-25T16:54:27.036333561Z,,,,,,,48,2026-08-25T16:54:27.036333561Z,12,2026-08-25T16:54:27.036333561Z,training,2026-08-25T16:54:27.036333561Z,1,2026-08-25T16:54:27.036333561Z,4,2026-08-25T16:54:27.036333561Z,,,,2026-08-25T16:54:27.036333561Z,,,0,2026-08-25T16:54:27.036333561Z,2,2026-08-25T16:54:27.503384048Z,false,2026-08-25T16:54:27.036333561Z,"[""/tangrams/366_66.png"",""/tangrams/138_405.png"",""/tangrams/279_244.png"",""/tangrams/279_405.png""]",2026-08-25T16:54:27.036333561Z,/tangrams/279_405.png,2026-08-25T16:54:27.036333561Z,D3,2026-08-25T16:54:27.036333561Z,3,2026-08-25T16:54:27.036333561Z,14,2026-08-25T16:54:27.036333561Z
01M0WY4ETJBKBM82P7HVNGHZE8,01M0WWQ9XB6TMTWDYN7GB59TN7,2026-08-25T17:05:22.770467665Z,"[{""text"":""arrow at the top, diamond beneath"",""sender"":{""id"":""01M0WY0C090AZDG2K9X542KKDB"",""name"":""Repi"",""avatar"":""https://api.dicebear.com/8.x/rings/svg?seed=Repi""}}]",2026-08-25T17:21:34.574522715Z,[1787678494582],2026-08-25T17:21:34.584958159Z,,,true,2026-08-25T17:21:40.889447945Z,01M0WY0C090AZDG2K9X542KKDB,2026-08-25T17:21:20.961973712Z,"[""F8"",""F1"",""D4"",""F7""]",2026-08-25T17:05:22.770467665Z,true,2026-08-25T17:21:40.874423667Z,01M0WWQ9XVXJV1JR4118CY5W09,2026-08-25T17:05:22.770467665Z,20,2026-08-25T17:05:22.770467665Z,false,2026-08-25T17:21:21.123245167Z,01M0WY0ENCGBGZ9MKY7CZKA71D,2026-08-25T17:21:20.961973712Z,,,48,2026-08-25T17:05:22.770467665Z,12,2026-08-25T17:05:22.770467665Z,training,2026-08-25T17:05:22.770467665Z,1,2026-08-25T17:05:22.770467665Z,4,2026-08-25T17:05:22.770467665Z,/tangrams/411_352.png,2026-08-25T17:21:40.889447945Z,/tangrams/411_352.png,2026-08-25T17:21:37.773764726Z,1787678497796,2026-08-25T17:21:37.769683835Z,0,2026-08-25T17:05:22.770467665Z,2,2026-08-25T17:05:23.443758536Z,true,2026-08-25T17:21:20.888274824Z,"[""/tangrams/37_144.png"",""/tangrams/119_182.png"",""/tangrams/279_66.png"",""/tangrams/411_352.png""]",2026-08-25T17:05:22.770467665Z,/tangrams/411_352.png,2026-08-25T17:05:22.770467665Z,F7,2026-08-25T17:05:22.770467665Z,8,2026-08-25T17:05:22.770467665Z,19,2026-08-25T17:05:22.770467665Z
01M0WY4EV2BACJXYYT96EREWCA,01M0WWQ9XB6TMTWDYN7GB59TN7,2026-08-25T17:05:22.786187686Z,"[{""text"":""small diamond at top wide base"",""sender"":{""id"":""01M0WY0ENCGBGZ9MKY7CZKA71D"",""name"":""Minu"",""avatar"":""https://api.dicebear.com/8.x/rings/svg?seed=Minu""}}]",2026-08-25T17:23:36.371908749Z,[1787678616380],2026-08-25T17:23:36.382527101Z,,,false,2026-08-25T17:23:42.062103401Z,01M0WY0ENCGBGZ9MKY7CZKA71D,2026-08-25T17:23:24.037922377Z,"[""B2"",""A1"",""F1"",""F6""]",2026-08-25T17:05:22.786187686Z,true,2026-08-25T17:23:42.047408173Z,01M0WWQ9XVXJV1JR4118CY5W09,2026-08-25T17:05:22.786187686Z,27,2026-08-25T17:05:22.786187686Z,false,2026-08-25T17:23:24.212514117Z,01M0WY0C090AZDG2K9X542KKDB,2026-08-25T17:23:24.037922377Z,,,48,2026-08-25T17:05:22.786187686Z,12,2026-08-25T17:05:22.786187686Z,training,2026-08-25T17:05:22.786187686Z,2,2026-08-25T17:05:22.786187686Z,4,2026-08-25T17:05:22.786187686Z,/tangrams/138_244.png,2026-08-25T17:23:42.062103401Z,/tangrams/138_244.png,2026-08-25T17:23:38.936832206Z,1787678618851,2026-08-25T17:23:38.942621505Z,0,2026-08-25T17:05:22.786187686Z,2,2026-08-25T17:05:23.554593754Z,true,2026-08-25T17:23:23.990051324Z,"[""/tangrams/366_339.png"",""/tangrams/138_244.png"",""/tangrams/119_182.png"",""/tangrams/134_125.png""]",2026-08-25T17:05:22.786187686Z,/tangrams/134_125.png,2026-08-25T17:05:22.786187686Z,F6,2026-08-25T17:05:22.786187686Z,3,2026-08-25T17:05:22.786187686Z,26,2026-08-25T17:05:22.786187686Z
01M0WY96DXFG9608A53RPMX9SY,01M0WWQAZ72GMKNB5E8VWC3WG2,2026-08-25T17:07:58.013490368Z,"[{""text"":""a small trisngle bottom left, r=facing right. a5 sided rectangle on the right"",""sender"":{""id"":""01M0WY2T8PBZPVGKC7BWFHJ59J"",""name"":""Minu"",""avatar"":""https://api.dicebear.com/8.x/rings/svg?seed=Minu""}}]",2026-08-25T17:26:46.517316689Z,[1787678806528],2026-08-25T17:26:46.53013271Z,,,false,2026-08-25T17:27:05.587153216Z,01M0WY2T8PBZPVGKC7BWFHJ59J,2026-08-25T17:26:12.283231648Z,"[""D3"",""A4"",""C2"",""D2""]",2026-08-25T17:07:58.013490368Z,true,2026-08-25T17:27:05.57177486Z,01M0WWQAZPP7VBJF1WXDE2YKFW,2026-08-25T17:07:58.013490368Z,3,2026-08-25T17:07:58.013490368Z,false,2026-08-25T17:26:12.58303821Z,01M0WXSYNRXCYGT80QAR430CBD,2026-08-25T17:26:12.283231648Z,,,48,2026-08-25T17:07:58.013490368Z,12,2026-08-25T17:07:58.013490368Z,training,2026-08-25T17:07:58.013490368Z,0,2026-08-25T17:07:58.013490368Z,4,2026-08-25T17:07:58.013490368Z,/tangrams/202_441.png,2026-08-25T17:27:05.587153216Z,/tangrams/202_441.png,2026-08-25T17:27:02.460037913Z,1787678823020,2026-08-25T17:27:02.456642042Z,1,2026-08-25T17:07:58.013490368Z,2,2026-08-25T17:07:58.26046166Z,true,2026-08-25T17:26:12.232660084Z,"[""/tangrams/20_24.png"",""/tangrams/66_464.png"",""/tangrams/202_441.png"",""/tangrams/20_441.png""]",2026-08-25T17:07:58.013490368Z,/tangrams/20_441.png,2026-08-25T17:07:58.013490368Z,D2,2026-08-25T17:07:58.013490368Z,3,2026-08-25T17:07:58.013490368Z,2,2026-08-25T17:07:58.013490368Z
01M0WXAW6PTDV3M2086CCVR1DF,01M0WWQ73PEDYQHEYYBB88AXMD,2026-08-25T16:51:24.502082097Z,"[{""text"":""legs facing left"",""sender"":{""id"":""01M0WX667JRE4461924BYZ6YJ1"",""name"":""Repi"",""avatar"":""https://api.dicebear.com/8.x/rings/svg?seed=Repi""}}]",2026-08-25T17:17:58.742426782Z,[1787678278750],2026-08-25T17:17:58.751956484Z,,,true,2026-08-25T17:18:07.517561888Z,01M0WX667JRE4461924BYZ6YJ1,2026-08-25T17:17:50.736701079Z,"[""A3"",""C2"",""D1"",""B4""]",2026-08-25T16:51:24.502082097Z,true,2026-08-25T17:18:07.503549171Z,01M0WWQ74H7CSGCPAHPDSCJ0PV,2026-08-25T16:51:24.502082097Z,20,2026-08-25T16:51:24.502082097Z,false,2026-08-25T17:17:50.84539136Z,01M0WX9MXH1SX7Q50079HW9F7E,2026-08-25T17:17:50.736701079Z,,,48,2026-08-25T16:51:24.502082097Z,12,2026-08-25T16:51:24.502082097Z,training,2026-08-25T16:51:24.502082097Z,1,2026-08-25T16:51:24.502082097Z,4,2026-08-25T16:51:24.502082097Z,/tangrams/138_405.png,2026-08-25T17:18:07.517561888Z,/tangrams/138_405.png,2026-08-25T17:18:04.214741437Z,1787678284121,2026-08-25T17:18:04.208958455Z,0,2026-08-25T16:51:24.502082097Z,2,2026-08-25T16:51:25.015347709Z,true,2026-08-25T17:17:50.692638872Z,"[""/tangrams/138_405.png"",""/tangrams/422_339.png"",""/tangrams/279_244.png"",""/tangrams/366_66.png""]",2026-08-25T16:51:24.502082097Z,/tangrams/138_405.png,2026-08-25T16:51:24.502082097Z,A3,2026-08-25T16:51:24.502082097Z,8,2026-08-25T16:51:24.502082097Z,19,2026-08-25T16:51:24.502082097Z
01M0WYEES0AEVQBSN1SGDWFZ4W,01M0WWQAZ72GMKNB5E8VWC3WG2,2026-08-25T17:10:50.40008586Z,,,,,,,,,,,"[""B1"",""D2"",""C4"",""A3""]",2026-08-25T17:10:50.40008586Z,false,2026-08-25T17:10:50.40008586Z,01M0WWQAZRRWZPK3N7VE24RFV2,2026-08-25T17:10:50.40008586Z,13,2026-08-25T17:10:50.40008586Z,,,,,,,48,2026-08-25T17:10:50.40008586Z,12,2026-08-25T17:10:50.40008586Z,training,2026-08-25T17:10:50.40008586Z,1,2026-08-25T17:10:50.40008586Z,4,2026-08-25T17:10:50.40008586Z,,,,2026-08-25T17:10:50.40008586Z,,,1,2026-08-25T17:10:50.40008586Z,2,2026-08-25T17:10:51.081537806Z,false,2026-08-25T17:10:50.40008586Z,"[""/tangrams/348_314.png"",""/tangrams/20_441.png"",""/tangrams/202_464.png"",""/tangrams/66_24.png""]",2026-08-25T17:10:50.40008586Z,/tangrams/202_464.png,2026-08-25T17:10:50.40008586Z,C4,2026-08-25T17:10:50.40008586Z,1,2026-08-25T17:10:50.40008586Z,12,2026-08-25T17:10:50.40008586Z
01M0WYEETGVY3HKTSY50539TEM,01M0WWQAZ72GMKNB5E8VWC3WG2,2026-08-25T17:10:50.448050116Z,,,,,,,false,2026-08-25T17:32:15.575247382Z,01M0WYD27PCMGYRRX23HHYX14S,2026-08-25T17:31:12.239360186Z,"[""C1"",""B3"",""A4"",""D2""]",2026-08-25T17:10:50.448050116Z,true,2026-08-25T17:32:15.550591122Z,01M0WWQAZRRWZPK3N7VE24RFV2,2026-08-25T17:10:50.448050116Z,5,2026-08-25T17:10:50.448050116Z,false,2026-08-25T17:31:12.48960229Z,01M0WX5VAPVJ9YCV9FVF85YXW2,2026-08-25T17:31:12.239360186Z,,,48,2026-08-25T17:10:50.448050116Z,12,2026-08-25T17:10:50.448050116Z,training,2026-08-25T17:10:50.448050116Z,0,2026-08-25T17:10:50.448050116Z,4,2026-08-25T17:10:50.448050116Z,,2026-08-25T17:32:15.575247382Z,,2026-08-25T17:10:50.448050116Z,,,1,2026-08-25T17:10:50.448050116Z,2,2026-08-25T17:10:50.855848649Z,true,2026-08-25T17:31:12.172807167Z,"[""/tangrams/202_314.png"",""/tangrams/348_24.png"",""/tangrams/66_464.png"",""/tangrams/20_441.png""]",2026-08-25T17:10:50.448050116Z,/tangrams/348_24.png,2026-08-25T17:10:50.448050116Z,B3,2026-08-25T17:10:50.448050116Z,5,2026-08-25T17:10:50.448050116Z,4,2026-08-25T17:10:50.448050116Z
01M0WXEBC8ZPPHHS7RE09A87XP,01M0WWQ73PEDYQHEYYBB88AXMD,2026-08-25T16:53:18.344329767Z,,,,,,,,,,,"[""F2"",""F3"",""F8"",""D4""]",2026-08-25T16:53:18.344329767Z,false,2026-08-25T16:53:18.344329767Z,01M0WWQ74M3NWYAJGQB0ESKAD2,2026-08-25T16:53:18.344329767Z,31,2026-08-25T16:53:18.344329767Z,,,,,,,48,2026-08-25T16:53:18.344329767Z,12,2026-08-25T16:53:18.344329767Z,training,2026-08-25T16:53:18.344329767Z,2,2026-08-25T16:53:18.344329767Z,4,2026-08-25T16:53:18.344329767Z,,,,2026-08-25T16:53:18.344329767Z,,,0,2026-08-25T16:53:18.344329767Z,2,2026-08-25T16:53:18.954738325Z,false,2026-08-25T16:53:18.344329767Z,"[""/tangrams/290_64.png"",""/tangrams/170_154.png"",""/tangrams/37_144.png"",""/tangrams/279_66.png""]",2026-08-25T16:53:18.344329767Z,/tangrams/37_144.png,2026-08-25T16:53:18.344329767Z,F8,2026-08-25T16:53:18.344329767Z,7,2026-08-25T16:53:18.344329767Z,30,2026-08-25T16:53:18.344329767Z
01M0WXGEB4AX4XJQE801W40209,01M0WWQ73PEDYQHEYYBB88AXMD,2026-08-25T16:54:26.916886593Z,,,,,,,,,,,"[""B3"",""C4"",""A2"",""B4""]",2026-08-25T16:54:26.916886593Z,false,2026-08-25T16:54:26.916886593Z,01M0WWQ74ND1AHANTF309RNWJE,2026-08-25T16:54:26.916886593Z,36,2026-08-25T16:54:26.916886593Z,,,,,,,48,2026-08-25T16:54:26.916886593Z,12,2026-08-25T16:54:26.916886593Z,training,2026-08-25T16:54:26.916886593Z,2,2026-08-25T16:54:26.916886593Z,4,2026-08-25T16:54:26.916886593Z,,,,2026-08-25T16:54:26.916886593Z,,,0,2026-08-25T16:54:26.916886593Z,2,2026-08-25T16:54:27.876675864Z,false,2026-08-25T16:54:26.916886593Z,"[""/tangrams/366_405.png"",""/tangrams/422_66.png"",""/tangrams/138_339.png"",""/tangrams/366_66.png""]",2026-08-25T16:54:26.916886593Z,/tangrams/366_66.png,2026-08-25T16:54:26.916886593Z,B4,2026-08-25T16:54:26.916886593Z,12,2026-08-25T16:54:26.916886593Z,35,2026-08-25T16:54:26.916886593Z
01M0WXGEFHS4NT121Q528VFY0T,01M0WWQ73PEDYQHEYYBB88AXMD,2026-08-25T16:54:27.057106431Z,"[{""text"":""looks like creature 2"",""sender"":{""id"":""01M0WX0T78NE9YVPZSCJ5NTGX1"",""name"":""Minu"",""avatar"":""https://api.dicebear.com/8.x/rings/svg?seed=Minu""}},{""text"":""legs"",""sender"":{""id"":""01M0WX0T78NE9YVPZSCJ5NTGX1"",""name"":""Minu"",""avatar"":""https://api.dicebear.com/8.x/rings/svg?seed=Minu""}}]",2026-08-25T17:11:21.418279113Z,"[1787677866288,1787677881425]",2026-08-25T17:11:21.427645931Z,,,true,2026-08-25T17:11:28.358707275Z,01M0WX0T78NE9YVPZSCJ5NTGX1,2026-08-25T17:10:25.470013533Z,"[""C2"",""D1"",""D3"",""B3""]",2026-08-25T16:54:27.057106431Z,true,2026-08-25T17:11:28.342379033Z,01M0WWQ74ND1AHANTF309RNWJE,2026-08-25T16:54:27.057106431Z,3,2026-08-25T16:54:27.057106431Z,false,2026-08-25T17:10:25.902523192Z,01M0WWVKKHKMSSWB9WS1N6GRNZ,2026-08-25T17:10:25.470013533Z,,,48,2026-08-25T16:54:27.057106431Z,12,2026-08-25T16:54:27.057106431Z,training,2026-08-25T16:54:27.057106431Z,0,2026-08-25T16:54:27.057106431Z,4,2026-08-25T16:54:27.057106431Z,/tangrams/279_405.png,2026-08-25T17:11:28.358707275Z,/tangrams/279_405.png,2026-08-25T17:11:25.13354108Z,1787677885051,2026-08-25T17:11:25.137190135Z,0,2026-08-25T16:54:27.057106431Z,2,2026-08-25T16:54:27.255730347Z,true,2026-08-25T17:10:25.424766482Z,"[""/tangrams/422_339.png"",""/tangrams/279_244.png"",""/tangrams/279_405.png"",""/tangrams/366_405.png""]",2026-08-25T16:54:27.057106431Z,/tangrams/279_405.png,2026-08-25T16:54:27.057106431Z,D3,2026-08-25T16:54:27.057106431Z,3,2026-08-25T16:54:27.057106431Z,2,2026-08-25T16:54:27.057106431Z
01M0WY4ES7PX92A9597NZ7M58E,01M0WWQ9XB6TMTWDYN7GB59TN7,2026-08-25T17:05:22.727113682Z,"[{""text"":""boat shape"",""sender"":{""id"":""01M0WY0ENCGBGZ9MKY7CZKA71D"",""name"":""Minu"",""avatar"":""https://api.dicebear.com/8.x/rings/svg?seed=Minu""}}]",2026-08-25T17:13:34.827569216Z,[1787678014834],2026-08-25T17:13:34.838370028Z,,,true,2026-08-25T17:13:42.958953577Z,01M0WY0ENCGBGZ9MKY7CZKA71D,2026-08-25T17:13:20.253024379Z,"[""B2"",""F4"",""C3"",""F8""]",2026-08-25T17:05:22.727113682Z,true,2026-08-25T17:13:42.943849855Z,01M0WWQ9XVXJV1JR4118CY5W09,2026-08-25T17:05:22.727113682Z,1,2026-08-25T17:05:22.727113682Z,false,2026-08-25T17:13:20.515323234Z,01M0WY0C090AZDG2K9X542KKDB,2026-08-25T17:13:20.253024379Z,,,48,2026-08-25T17:05:22.727113682Z,12,2026-08-25T17:05:22.727113682Z,training,2026-08-25T17:05:22.727113682Z,0,2026-08-25T17:05:22.727113682Z,4,2026-08-25T17:05:22.727113682Z,/tangrams/434_227.png,2026-08-25T17:13:42.958953577Z,/tangrams/434_227.png,2026-08-25T17:13:39.845266873Z,1787678019757,2026-08-25T17:13:39.841820653Z,0,2026-08-25T17:05:22.727113682Z,2,2026-08-25T17:05:23.116271326Z,true,2026-08-25T17:13:20.206496725Z,"[""/tangrams/366_339.png"",""/tangrams/434_227.png"",""/tangrams/422_405.png"",""/tangrams/37_144.png""]",2026-08-25T17:05:22.727113682Z,/tangrams/434_227.png,2026-08-25T17:05:22.727113682Z,F4,2026-08-25T17:05:22.727113682Z,1,2026-08-25T17:05:22.727113682Z,0,2026-08-25T17:05:22.727113682Z
01M0WY8D87GKWVD0AFTQPK9B09,01M0WWQ9XB6TMTWDYN7GB59TN7,2026-08-25T17:07:32.231191105Z,"[{""text"":""looks like a bullhorn with two wide legs at the bottom."",""sender"":{""id"":""01M0WY1FH5WQS14DQ3V446M8AM"",""name"":""Repi"",""avatar"":""https://api.dicebear.com/8.x/rings/svg?seed=Repi""}},{""text"":""you need read well pls"",""sender"":{""id"":""01M0WY1V9QET0HYE5N0547967Y"",""name"":""Minu"",""avatar"":""https://api.dicebear.com/8.x/rings/svg?seed=Minu""}}]",2026-08-25T17:31:46.935518397Z,"[1787679104927,1787679106946]",2026-08-25T17:31:46.948152078Z,,,false,2026-08-25T17:31:55.384193255Z,01M0WY1FH5WQS14DQ3V446M8AM,2026-08-25T17:31:23.953340191Z,"[""B1"",""C4"",""D2"",""A3""]",2026-08-25T17:07:32.231191105Z,true,2026-08-25T17:31:55.361839443Z,01M0WWQ9XT2Q7RF2RHNCTTRDNK,2026-08-25T17:07:32.231191105Z,14,2026-08-25T17:07:32.231191105Z,false,2026-08-25T17:31:24.159563907Z,01M0WY1V9QET0HYE5N0547967Y,2026-08-25T17:31:23.953340191Z,,,48,2026-08-25T17:07:32.231191105Z,12,2026-08-25T17:07:32.231191105Z,training,2026-08-25T17:07:32.231191105Z,1,2026-08-25T17:07:32.231191105Z,4,2026-08-25T17:07:32.231191105Z,/tangrams/138_405.png,2026-08-25T17:31:55.384193255Z,/tangrams/138_405.png,2026-08-25T17:31:52.168367202Z,1787679112694,2026-08-25T17:31:52.155478584Z,0,2026-08-25T17:07:32.231191105Z,2,2026-08-25T17:07:32.81974218Z,true,2026-08-25T17:31:23.878132397Z,"[""/tangrams/366_244.png"",""/tangrams/422_66.png"",""/tangrams/279_339.png"",""/tangrams/138_405.png""]",2026-08-25T17:07:32.231191105Z,/tangrams/279_339.png,2026-08-25T17:07:32.231191105Z,D2,2026-08-25T17:07:32.231191105Z,2,2026-08-25T17:07:32.231191105Z,13,2026-08-25T17:07:32.231191105Z
01M0WXEBBRDX9MET8VZD298T5C,01M0WWQ73PEDYQHEYYBB88AXMD,2026-08-25T16:53:18.328894245Z,,,,,,,,,,,"[""F5"",""F2"",""F1"",""A1""]",2026-08-25T16:53:18.328894245Z,false,2026-08-25T16:53:18.328894245Z,01M0WWQ74M3NWYAJGQB0ESKAD2,2026-08-25T16:53:18.328894245Z,25,2026-08-25T16:53:18.328894245Z,,,,,,,48,2026-08-25T16:53:18.328894245Z,12,2026-08-25T16:53:18.328894245Z,training,2026-08-25T16:53:18.328894245Z,2,2026-08-25T16:53:18.328894245Z,4,2026-08-25T16:53:18.328894245Z,,,,2026-08-25T16:53:18.328894245Z,,,0,2026-08-25T16:53:18.328894245Z,2,2026-08-25T16:53:18.868119271Z,false,2026-08-25T16:53:18.328894245Z,"[""/tangrams/456_48.png"",""/tangrams/290_64.png"",""/tangrams/119_182.png"",""/tangrams/138_244.png""]",2026-08-25T16:53:18.328894245Z,/tangrams/456_48.png,2026-08-25T16:53:18.328894245Z,F5,2026-08-25T16:53:18.328894245Z,1,2026-08-25T16:53:18.328894245Z,24,2026-08-25T16:53:18.328894245Z
01M0WY8D5KT14ENG7SJSK52P4K,01M0WWQ9XB6TMTWDYN7GB59TN7,2026-08-25T17:07:32.147650065Z,"[{""text"":""looks like two legs with bull horns on top"",""sender"":{""id"":""01M0WY1FH5WQS14DQ3V446M8AM"",""name"":""Repi"",""avatar"":""https://api.dicebear.com/8.x/rings/svg?seed=Repi""}}]",2026-08-25T17:23:36.619558182Z,[1787678616628],2026-08-25T17:23:36.629838214Z,,,true,2026-08-25T17:23:48.436524265Z,01M0WY1FH5WQS14DQ3V446M8AM,2026-08-25T17:23:19.901761717Z,"[""B1"",""D3"",""C2"",""A4""]",2026-08-25T17:07:32.147650065Z,true,2026-08-25T17:23:48.42642155Z,01M0WWQ9XT2Q7RF2RHNCTTRDNK,2026-08-25T17:07:32.147650065Z,2,2026-08-25T17:07:32.147650065Z,false,2026-08-25T17:23:20.086092697Z,01M0WY1V9QET0HYE5N0547967Y,2026-08-25T17:23:19.901761717Z,,,48,2026-08-25T17:07:32.147650065Z,12,2026-08-25T17:07:32.147650065Z,training,2026-08-25T17:07:32.147650065Z,0,2026-08-25T17:07:32.147650065Z,4,2026-08-25T17:07:32.147650065Z,/tangrams/279_405.png,2026-08-25T17:23:48.436524265Z,/tangrams/279_405.png,2026-08-25T17:23:45.314317956Z,1787678625860,2026-08-25T17:23:45.30978713Z,0,2026-08-25T17:07:32.147650065Z,2,2026-08-25T17:07:32.585596392Z,true,2026-08-25T17:23:19.824516815Z,"[""/tangrams/366_244.png"",""/tangrams/279_405.png"",""/tangrams/422_339.png"",""/tangrams/138_66.png""]",2026-08-25T17:07:32.147650065Z,/tangrams/279_405.png,2026-08-25T17:07:32.147650065Z,D3,2026-08-25T17:07:32.147650065Z,2,2026-08-25T17:07:32.147650065Z,1,2026-08-25T17:07:32.147650065Z
01M0WY96FK30TS85BWR7ZVG5E9,01M0WWQAZ72GMKNB5E8VWC3WG2,2026-08-25T17:07:58.067545274Z,"[{""text"":""tree on its side"",""sender"":{""id"":""01M0WY2T8PBZPVGKC7BWFHJ59J"",""name"":""Minu"",""avatar"":""https://api.dicebear.com/8.x/rings/svg?seed=Minu""}},{""text"":""pointing facing central"",""sender"":{""id"":""01M0WY2T8PBZPVGKC7BWFHJ59J"",""name"":""Minu"",""avatar"":""https://api.dicebear.com/8.x/rings/svg?seed=Minu""}}]",2026-08-25T17:49:48.703812219Z,"[1787680176313,1787680188715]",2026-08-25T17:49:48.718035091Z,,,true,2026-08-25T17:49:57.970907768Z,01M0WY2T8PBZPVGKC7BWFHJ59J,2026-08-25T17:49:26.237151742Z,"[""A4"",""A2"",""B3"",""C4""]",2026-08-25T17:07:58.067545274Z,true,2026-08-25T17:49:57.955079346Z,01M0WWQAZPP7VBJF1WXDE2YKFW,2026-08-25T17:07:58.067545274Z,37,2026-08-25T17:07:58.067545274Z,false,2026-08-25T17:49:26.475773867Z,01M0WXSYNRXCYGT80QAR430CBD,2026-08-25T17:49:26.237151742Z,,,48,2026-08-25T17:07:58.067545274Z,12,2026-08-25T17:07:58.067545274Z,training,2026-08-25T17:07:58.067545274Z,3,2026-08-25T17:07:58.067545274Z,4,2026-08-25T17:07:58.067545274Z,/tangrams/66_464.png,2026-08-25T17:49:57.970907768Z,/tangrams/66_464.png,2026-08-25T17:49:54.798322536Z,1787680195315,2026-08-25T17:49:54.781539715Z,1,2026-08-25T17:07:58.067545274Z,2,2026-08-25T17:07:58.939140988Z,true,2026-08-25T17:49:26.194600192Z,"[""/tangrams/66_464.png"",""/tangrams/66_441.png"",""/tangrams/348_24.png"",""/tangrams/202_464.png""]",2026-08-25T17:07:58.067545274Z,/tangrams/66_464.png,2026-08-25T17:07:58.067545274Z,A4,2026-08-25T17:07:58.067545274Z,1,2026-08-25T17:07:58.067545274Z,36,2026-08-25T17:07:58.067545274Z
01M0WYEEVG69W6N0EJZN3M9CFA,01M0WWQAZ72GMKNB5E8VWC3WG2,2026-08-25T17:10:50.48014075Z,,,,,,,,,,,"[""D1"",""C2"",""B3"",""A4""]",2026-08-25T17:10:50.48014075Z,false,2026-08-25T17:10:50.48014075Z,01M0WWQAZRRWZPK3N7VE24RFV2,2026-08-25T17:10:50.48014075Z,31,2026-08-25T17:10:50.48014075Z,,,,,,,48,2026-08-25T17:10:50.48014075Z,12,2026-08-25T17:10:50.48014075Z,training,2026-08-25T17:10:50.48014075Z,2,2026-08-25T17:10:50.48014075Z,4,2026-08-25T17:10:50.48014075Z,,,,2026-08-25T17:10:50.48014075Z,,,1,2026-08-25T17:10:50.48014075Z,2,2026-08-25T17:10:51.540565401Z,false,2026-08-25T17:10:50.48014075Z,"[""/tangrams/20_314.png"",""/tangrams/202_441.png"",""/tangrams/348_24.png"",""/tangrams/66_464.png""]",2026-08-25T17:10:50.48014075Z,/tangrams/348_24.png,2026-08-25T17:10:50.48014075Z,B3,2026-08-25T17:10:50.48014075Z,7,2026-08-25T17:10:50.48014075Z,30,2026-08-25T17:10:50.48014075Z
01M0WXAW6JASYZN5773BMW2RT0,01M0WWQ73PEDYQHEYYBB88AXMD,2026-08-25T16:51:24.498970171Z,"[{""text"":""There is a white triangle at the bottom and a black Diamond on its side at the top"",""sender"":{""id"":""01M0WX9MXH1SX7Q50079HW9F7E"",""name"":""Minu"",""avatar"":""https://api.dicebear.com/8.x/rings/svg?seed=Minu""}}]",2026-08-25T17:11:01.202750396Z,[1787677861210],2026-08-25T17:11:01.211737882Z,,,true,2026-08-25T17:11:15.256585016Z,01M0WX9MXH1SX7Q50079HW9F7E,2026-08-25T17:10:41.409546745Z,"[""A2"",""D3"",""C1"",""B4""]",2026-08-25T16:51:24.498970171Z,true,2026-08-25T17:11:15.242617411Z,01M0WWQ74H7CSGCPAHPDSCJ0PV,2026-08-25T16:51:24.498970171Z,5,2026-08-25T16:51:24.498970171Z,false,2026-08-25T17:10:41.500289196Z,01M0WX667JRE4461924BYZ6YJ1,2026-08-25T17:10:41.409546745Z,,,48,2026-08-25T16:51:24.498970171Z,12,2026-08-25T16:51:24.498970171Z,training,2026-08-25T16:51:24.498970171Z,0,2026-08-25T16:51:24.498970171Z,4,2026-08-25T16:51:24.498970171Z,/tangrams/138_339.png,2026-08-25T17:11:15.256585016Z,/tangrams/138_339.png,2026-08-25T17:11:12.136780956Z,1787677872117,2026-08-25T17:11:12.133101697Z,0,2026-08-25T16:51:24.498970171Z,2,2026-08-25T16:51:24.778626809Z,true,2026-08-25T17:10:41.370646859Z,"[""/tangrams/138_339.png"",""/tangrams/279_405.png"",""/tangrams/422_244.png"",""/tangrams/366_66.png""]",2026-08-25T16:51:24.498970171Z,/tangrams/138_339.png,2026-08-25T16:51:24.498970171Z,A2,2026-08-25T16:51:24.498970171Z,5,2026-08-25T16:51:24.498970171Z,4,2026-08-25T16:51:24.498970171Z
01M0WY4F1Z2P22052AFSXPAPVE,01M0WWQ9XB6TMTWDYN7GB59TN7,2026-08-25T17:05:23.00755298Z,"[{""text"":""P with chimney"",""sender"":{""id"":""01M0WY0ENCGBGZ9MKY7CZKA71D"",""name"":""Minu"",""avatar"":""https://api.dicebear.com/8.x/rings/svg?seed=Minu""}}]",2026-08-25T17:29:08.054139829Z,[1787678948063],2026-08-25T17:29:08.065462818Z,,,true,2026-08-25T17:29:15.083846627Z,01M0WY0ENCGBGZ9MKY7CZKA71D,2026-08-25T17:29:02.362686998Z,"[""F2"",""F7"",""F8"",""F1""]",2026-08-25T17:05:23.00755298Z,true,2026-08-25T17:29:15.066626924Z,01M0WWQ9XVXJV1JR4118CY5W09,2026-08-25T17:05:23.00755298Z,45,2026-08-25T17:05:23.00755298Z,false,2026-08-25T17:29:02.541639241Z,01M0WY0C090AZDG2K9X542KKDB,2026-08-25T17:29:02.362686998Z,,,48,2026-08-25T17:05:23.00755298Z,12,2026-08-25T17:05:23.00755298Z,training,2026-08-25T17:05:23.00755298Z,3,2026-08-25T17:05:23.00755298Z,4,2026-08-25T17:05:23.00755298Z,/tangrams/37_144.png,2026-08-25T17:29:15.083846627Z,/tangrams/37_144.png,2026-08-25T17:29:11.948595714Z,1787678951870,2026-08-25T17:29:11.960145279Z,0,2026-08-25T17:05:23.00755298Z,2,2026-08-25T17:05:23.926423949Z,true,2026-08-25T17:29:02.32278296Z,"[""/tangrams/290_64.png"",""/tangrams/411_352.png"",""/tangrams/37_144.png"",""/tangrams/119_182.png""]",2026-08-25T17:05:23.00755298Z,/tangrams/37_144.png,2026-08-25T17:05:23.00755298Z,F8,2026-08-25T17:05:23.00755298Z,9,2026-08-25T17:05:23.00755298Z,44,2026-08-25T17:05:23.00755298Z
01M0WY8WP8X35ATRH4ERPHZP37,01M0WWQAZ72GMKNB5E8VWC3WG2,2026-08-25T17:07:48.040936098Z,"[{""text"":""stop sign bottom"",""sender"":{""id"":""01M0WY0YPE1FGB7GNWHKCY08ZN"",""name"":""Minu"",""avatar"":""https://api.dicebear.com/8.x/rings/svg?seed=Minu""}}]",2026-08-25T17:26:46.522319439Z,[1787678806536],2026-08-25T17:26:46.537503844Z,,,true,2026-08-25T17:26:52.193401826Z,01M0WY0YPE1FGB7GNWHKCY08ZN,2026-08-25T17:26:37.433316062Z,"[""F5"",""F3"",""A1"",""F2""]",2026-08-25T17:07:48.040936098Z,true,2026-08-25T17:26:52.180608865Z,01M0WWQAZTRSENW9JN2FSQ4BA7,2026-08-25T17:07:48.040936098Z,33,2026-08-25T17:07:48.040936098Z,false,2026-08-25T17:26:37.540065431Z,01M0WY09KXZQGZCXQXZTYFDW8C,2026-08-25T17:26:37.433316062Z,,,48,2026-08-25T17:07:48.040936098Z,12,2026-08-25T17:07:48.040936098Z,training,2026-08-25T17:07:48.040936098Z,2,2026-08-25T17:07:48.040936098Z,4,2026-08-25T17:07:48.040936098Z,/tangrams/456_48.png,2026-08-25T17:26:52.193401826Z,/tangrams/456_48.png,2026-08-25T17:26:49.061100067Z,1787678810453,2026-08-25T17:26:49.056264361Z,0,2026-08-25T17:07:48.040936098Z,2,2026-08-25T17:07:48.945683787Z,true,2026-08-25T17:26:37.392717869Z,"[""/tangrams/456_48.png"",""/tangrams/170_154.png"",""/tangrams/138_244.png"",""/tangrams/290_64.png""]",2026-08-25T17:07:48.040936098Z,/tangrams/456_48.png,2026-08-25T17:07:48.040936098Z,F5,2026-08-25T17:07:48.040936098Z,9,2026-08-25T17:07:48.040936098Z,32,2026-08-25T17:07:48.040936098Z
01M0WY8WSXSNF5FRNC4KEW1T4G,01M0WWQAZ72GMKNB5E8VWC3WG2,2026-08-25T17:07:48.157403744Z,"[{""text"":""small diamond on the top, wide rectangle in the middle (not the stop sign one)"",""sender"":{""id"":""01M0WY0YPE1FGB7GNWHKCY08ZN"",""name"":""Minu"",""avatar"":""https://api.dicebear.com/8.x/rings/svg?seed=Minu""}}]",2026-08-25T17:15:34.424215643Z,[1787678134431],2026-08-25T17:15:34.433242676Z,,,true,2026-08-25T17:15:46.607897669Z,01M0WY0YPE1FGB7GNWHKCY08ZN,2026-08-25T17:15:08.829060439Z,"[""F2"",""F5"",""F8"",""F6""]",2026-08-25T17:07:48.157403744Z,true,2026-08-25T17:15:46.59272937Z,01M0WWQAZTRSENW9JN2FSQ4BA7,2026-08-25T17:07:48.157403744Z,7,2026-08-25T17:07:48.157403744Z,false,2026-08-25T17:15:08.947045125Z,01M0WY09KXZQGZCXQXZTYFDW8C,2026-08-25T17:15:08.829060439Z,,,48,2026-08-25T17:07:48.157403744Z,12,2026-08-25T17:07:48.157403744Z,training,2026-08-25T17:07:48.157403744Z,0,2026-08-25T17:07:48.157403744Z,4,2026-08-25T17:07:48.157403744Z,/tangrams/134_125.png,2026-08-25T17:15:46.607897669Z,/tangrams/134_125.png,2026-08-25T17:15:43.490030385Z,1787678144868,2026-08-25T17:15:43.483580789Z,0,2026-08-25T17:07:48.157403744Z,2,2026-08-25T17:07:48.47528851Z,true,2026-08-25T17:15:08.795822205Z,"[""/tangrams/290_64.png"",""/tangrams/456_48.png"",""/tangrams/37_144.png"",""/tangrams/134_125.png""]",2026-08-25T17:07:48.157403744Z,/tangrams/134_125.png,2026-08-25T17:07:48.157403744Z,F6,2026-08-25T17:07:48.157403744Z,7,2026-08-25T17:07:48.157403744Z,6,2026-08-25T17:07:48.157403744Z
01M0WYEEV0DQVNVEF77K0V0M67,01M0WWQAZ72GMKNB5E8VWC3WG2,2026-08-25T17:10:50.464549109Z,"[{""text"":""Sunglasses on its side with a hat."",""sender"":{""id"":""01M0WYD27PCMGYRRX23HHYX14S"",""name"":""Minu"",""avatar"":""https://api.dicebear.com/8.x/rings/svg?seed=Minu""}}]",2026-08-25T17:27:23.672224177Z,[1787678843681],2026-08-25T17:27:23.68289252Z,,,false,2026-08-25T17:28:02.291538804Z,01M0WYD27PCMGYRRX23HHYX14S,2026-08-25T17:26:59.019229665Z,"[""A3"",""D2"",""B1"",""C4""]",2026-08-25T17:10:50.464549109Z,true,2026-08-25T17:28:02.282185016Z,01M0WWQAZRRWZPK3N7VE24RFV2,2026-08-25T17:10:50.464549109Z,1,2026-08-25T17:10:50.464549109Z,false,2026-08-25T17:26:59.378662198Z,01M0WX5VAPVJ9YCV9FVF85YXW2,2026-08-25T17:26:59.019229665Z,,,48,2026-08-25T17:10:50.464549109Z,12,2026-08-25T17:10:50.464549109Z,training,2026-08-25T17:10:50.464549109Z,0,2026-08-25T17:10:50.464549109Z,4,2026-08-25T17:10:50.464549109Z,,2026-08-25T17:28:02.291538804Z,,2026-08-25T17:10:50.464549109Z,,,1,2026-08-25T17:10:50.464549109Z,2,2026-08-25T17:10:50.757983515Z,true,2026-08-25T17:26:58.982226637Z,"[""/tangrams/66_24.png"",""/tangrams/20_441.png"",""/tangrams/348_314.png"",""/tangrams/202_464.png""]",2026-08-25T17:10:50.464549109Z,/tangrams/66_24.png,2026-08-25T17:10:50.464549109Z,A3,2026-08-25T17:10:50.464549109Z,1,2026-08-25T17:10:50.464549109Z,0,2026-08-25T17:10:50.464549109Z
01M0WXAWAXBFKD0KXHS3Z0DKRM,01M0WWQ73PEDYQHEYYBB88AXMD,2026-08-25T16:51:24.637916576Z,"[{""text"":""black pointy triangle on top with white bit underneath"",""sender"":{""id"":""01M0WX9MXH1SX7Q50079HW9F7E"",""name"":""Minu"",""avatar"":""https://api.dicebear.com/8.x/rings/svg?seed=Minu""}}]",2026-08-25T17:23:44.102498921Z,[1787678624111],2026-08-25T17:23:44.113478438Z,,,true,2026-08-25T17:24:02.694812206Z,01M0WX9MXH1SX7Q50079HW9F7E,2026-08-25T17:23:22.973315202Z,"[""C1"",""D2"",""A3"",""B4""]",2026-08-25T16:51:24.637916576Z,true,2026-08-25T17:24:02.681578598Z,01M0WWQ74H7CSGCPAHPDSCJ0PV,2026-08-25T16:51:24.637916576Z,37,2026-08-25T16:51:24.637916576Z,false,2026-08-25T17:23:23.078016602Z,01M0WX667JRE4461924BYZ6YJ1,2026-08-25T17:23:22.973315202Z,,,48,2026-08-25T16:51:24.637916576Z,12,2026-08-25T16:51:24.637916576Z,training,2026-08-25T16:51:24.637916576Z,3,2026-08-25T16:51:24.637916576Z,4,2026-08-25T16:51:24.637916576Z,/tangrams/366_66.png,2026-08-25T17:24:02.694812206Z,/tangrams/366_66.png,2026-08-25T17:23:59.570466815Z,1787678639546,2026-08-25T17:23:59.560813136Z,0,2026-08-25T16:51:24.637916576Z,2,2026-08-25T16:51:25.298896078Z,true,2026-08-25T17:23:22.934652033Z,"[""/tangrams/422_244.png"",""/tangrams/279_339.png"",""/tangrams/138_405.png"",""/tangrams/366_66.png""]",2026-08-25T16:51:24.637916576Z,/tangrams/366_66.png,2026-08-25T16:51:24.637916576Z,B4,2026-08-25T16:51:24.637916576Z,1,2026-08-25T16:51:24.637916576Z,36,2026-08-25T16:51:24.637916576Z
01M0WY7G4XNVATRXACH49P4VM2,01M0WWQ9XB6TMTWDYN7GB59TN7,2026-08-25T17:07:02.429756692Z,"[{""text"":""quick!"",""sender"":{""id"":""01M0WXR5QX7RT0467EJCPJ9Y2Y"",""name"":""Repi"",""avatar"":""https://api.dicebear.com/8.x/rings/svg?seed=Repi""}}]",2026-08-25T17:21:55.597274669Z,[1787678515605],2026-08-25T17:21:55.607137937Z,1787678522924,2026-08-25T17:22:03.01636235Z,false,2026-08-25T17:22:06.150246768Z,01M0WY0ECEQWZG8FEZD72ENETD,2026-08-25T17:21:02.96394652Z,"[""D1"",""C4"",""A2"",""A4""]",2026-08-25T17:07:02.429756692Z,true,2026-08-25T17:22:06.137805909Z,01M0WWQ9XW83PGVA4HF3WT9HVR,2026-08-25T17:07:02.429756692Z,1,2026-08-25T17:07:02.429756692Z,false,2026-08-25T17:21:03.309972212Z,01M0WXR5QX7RT0467EJCPJ9Y2Y,2026-08-25T17:21:02.96394652Z,,,48,2026-08-25T17:07:02.429756692Z,12,2026-08-25T17:07:02.429756692Z,training,2026-08-25T17:07:02.429756692Z,0,2026-08-25T17:07:02.429756692Z,4,2026-08-25T17:07:02.429756692Z,,2026-08-25T17:22:06.150246768Z,,2026-08-25T17:07:02.429756692Z,,,0,2026-08-25T17:07:02.429756692Z,2,2026-08-25T17:07:02.78353609Z,true,2026-08-25T17:21:02.929182689Z,"[""/tangrams/279_244.png"",""/tangrams/422_66.png"",""/tangrams/138_339.png"",""/tangrams/138_66.png""]",2026-08-25T17:07:02.429756692Z,/tangrams/138_66.png,2026-08-25T17:07:02.429756692Z,A4,2026-08-25T17:07:02.429756692Z,1,2026-08-25T17:07:02.429756692Z,0,2026-08-25T17:07:02.429756692Z
01M0WY8WVSNJN2FR44XPSXYA80,01M0WWQAZ72GMKNB5E8VWC3WG2,2026-08-25T17:07:48.217779721Z,"[{""text"":""it looks like a house and its pointing to the left"",""sender"":{""id"":""01M0WY09KXZQGZCXQXZTYFDW8C"",""name"":""Repi"",""avatar"":""https://api.dicebear.com/8.x/rings/svg?seed=Repi""}}]",2026-08-25T17:12:04.853944608Z,[1787677924861],2026-08-25T17:12:04.863842869Z,,,true,2026-08-25T17:12:15.308825832Z,01M0WY09KXZQGZCXQXZTYFDW8C,2026-08-25T17:11:48.94589386Z,"[""F7"",""F2"",""B2"",""F3""]",2026-08-25T17:07:48.217779721Z,true,2026-08-25T17:12:15.296736674Z,01M0WWQAZTRSENW9JN2FSQ4BA7,2026-08-25T17:07:48.217779721Z,2,2026-08-25T17:07:48.217779721Z,false,2026-08-25T17:11:49.062303132Z,01M0WY0YPE1FGB7GNWHKCY08ZN,2026-08-25T17:11:48.94589386Z,,,48,2026-08-25T17:07:48.217779721Z,12,2026-08-25T17:07:48.217779721Z,training,2026-08-25T17:07:48.217779721Z,0,2026-08-25T17:07:48.217779721Z,4,2026-08-25T17:07:48.217779721Z,/tangrams/366_339.png,2026-08-25T17:12:15.308825832Z,/tangrams/366_339.png,2026-08-25T17:12:12.155297355Z,1787677932183,2026-08-25T17:12:12.151650394Z,0,2026-08-25T17:07:48.217779721Z,2,2026-08-25T17:07:48.312900153Z,true,2026-08-25T17:11:48.911022143Z,"[""/tangrams/411_352.png"",""/tangrams/290_64.png"",""/tangrams/366_339.png"",""/tangrams/170_154.png""]",2026-08-25T17:07:48.217779721Z,/tangrams/366_339.png,2026-08-25T17:07:48.217779721Z,B2,2026-08-25T17:07:48.217779721Z,2,2026-08-25T17:07:48.217779721Z,1,2026-08-25T17:07:48.217779721Z
01M0WY96B3MFS9AT30KA8XQQ97,01M0WWQAZ72GMKNB5E8VWC3WG2,2026-08-25T17:07:57.92329769Z,"[{""text"":""open rectangle in middle"",""sender"":{""id"":""01M0WY2T8PBZPVGKC7BWFHJ59J"",""name"":""Minu"",""avatar"":""https://api.dicebear.com/8.x/rings/svg?seed=Minu""}},{""text"":""boat on the right?"",""sender"":{""id"":""01M0WXSYNRXCYGT80QAR430CBD"",""name"":""Repi"",""avatar"":""https://api.dicebear.com/8.x/rings/svg?seed=Repi""}},{""text"":""right is a rectangle with corners cut away"",""sender"":{""id"":""01M0WY2T8PBZPVGKC7BWFHJ59J"",""name"":""Minu"",""avatar"":""https://api.dicebear.com/8.x/rings/svg?seed=Minu""}},{""text"":""no boat"",""sender"":{""id"":""01M0WY2T8PBZPVGKC7BWFHJ59J"",""name"":""Minu"",""avatar"":""https://api.dicebear.com/8.x/rings/svg?seed=Minu""}}]",2026-08-25T17:39:22.751541006Z,"[1787679542760,1787679552156,1787679558271,1787679562764]",2026-08-25T17:39:22.766347993Z,,,true,2026-08-25T17:39:25.925181964Z,01M0WY2T8PBZPVGKC7BWFHJ59J,2026-08-25T17:38:52.252054395Z,"[""A3"",""D1"",""B3"",""A2""]",2026-08-25T17:07:57.92329769Z,true,2026-08-25T17:39:25.911866733Z,01M0WWQAZPP7VBJF1WXDE2YKFW,2026-08-25T17:07:57.92329769Z,17,2026-08-25T17:07:57.92329769Z,false,2026-08-25T17:38:52.454099925Z,01M0WXSYNRXCYGT80QAR430CBD,2026-08-25T17:38:52.252054395Z,,,48,2026-08-25T17:07:57.92329769Z,12,2026-08-25T17:07:57.92329769Z,training,2026-08-25T17:07:57.92329769Z,1,2026-08-25T17:07:57.92329769Z,4,2026-08-25T17:07:57.92329769Z,/tangrams/66_24.png,2026-08-25T17:39:25.925181964Z,/tangrams/66_24.png,2026-08-25T17:39:22.737522712Z,1787679563295,2026-08-25T17:39:22.742481524Z,1,2026-08-25T17:07:57.92329769Z,2,2026-08-25T17:07:58.547525579Z,true,2026-08-25T17:38:52.138281709Z,"[""/tangrams/66_24.png"",""/tangrams/20_314.png"",""/tangrams/348_24.png"",""/tangrams/66_441.png""]",2026-08-25T17:07:57.92329769Z,/tangrams/66_24.png,2026-08-25T17:07:57.92329769Z,A3,2026-08-25T17:07:57.92329769Z,5,2026-08-25T17:07:57.92329769Z,16,2026-08-25T17:07:57.92329769Z
01M0WXAW6MCBTQKKX5115PB283,01M0WWQ73PEDYQHEYYBB88AXMD,2026-08-25T16:51:24.500759362Z,"[{""text"":""slanted white rectangle"",""sender"":{""id"":""01M0WX667JRE4461924BYZ6YJ1"",""name"":""Repi"",""avatar"":""https://api.dicebear.com/8.x/rings/svg?seed=Repi""}}]",2026-08-25T17:26:40.188385964Z,[1787678800197],2026-08-25T17:26:40.199545739Z,,,true,2026-08-25T17:26:46.025390823Z,01M0WX667JRE4461924BYZ6YJ1,2026-08-25T17:26:32.167399096Z,"[""C2"",""D1"",""B4"",""A3""]",2026-08-25T16:51:24.500759362Z,true,2026-08-25T17:26:46.014624914Z,01M0WWQ74H7CSGCPAHPDSCJ0PV,2026-08-25T16:51:24.500759362Z,46,2026-08-25T16:51:24.500759362Z,false,2026-08-25T17:26:32.268909629Z,01M0WX9MXH1SX7Q50079HW9F7E,2026-08-25T17:26:32.167399096Z,,,48,2026-08-25T16:51:24.500759362Z,12,2026-08-25T16:51:24.500759362Z,training,2026-08-25T16:51:24.500759362Z,3,2026-08-25T16:51:24.500759362Z,4,2026-08-25T16:51:24.500759362Z,/tangrams/422_339.png,2026-08-25T17:26:46.025390823Z,/tangrams/422_339.png,2026-08-25T17:26:42.89317417Z,1787678802760,2026-08-25T17:26:42.884375816Z,0,2026-08-25T16:51:24.500759362Z,2,2026-08-25T16:51:25.442055882Z,true,2026-08-25T17:26:32.124706554Z,"[""/tangrams/422_339.png"",""/tangrams/279_244.png"",""/tangrams/366_66.png"",""/tangrams/138_405.png""]",2026-08-25T16:51:24.500759362Z,/tangrams/422_339.png,2026-08-25T16:51:24.500759362Z,C2,2026-08-25T16:51:24.500759362Z,10,2026-08-25T16:51:24.500759362Z,45,2026-08-25T16:51:24.500759362Z
01M0WXEBBQ5MR21WMTRCENC0QH,01M0WWQ73PEDYQHEYYBB88AXMD,2026-08-25T16:53:18.327116257Z,,,,,,,,,,,"[""F7"",""B2"",""F4"",""F3""]",2026-08-25T16:53:18.327116257Z,false,2026-08-25T16:53:18.327116257Z,01M0WWQ74M3NWYAJGQB0ESKAD2,2026-08-25T16:53:18.327116257Z,24,2026-08-25T16:53:18.327116257Z,,,,,,,48,2026-08-25T16:53:18.327116257Z,12,2026-08-25T16:53:18.327116257Z,training,2026-08-25T16:53:18.327116257Z,1,2026-08-25T16:53:18.327116257Z,4,2026-08-25T16:53:18.327116257Z,,,,2026-08-25T16:53:18.327116257Z,,,0,2026-08-25T16:53:18.327116257Z,2,2026-08-25T16:53:18.855765167Z,false,2026-08-25T16:53:18.327116257Z,"[""/tangrams/411_352.png"",""/tangrams/366_339.png"",""/tangrams/434_227.png"",""/tangrams/170_154.png""]",2026-08-25T16:53:18.327116257Z,/tangrams/411_352.png,2026-08-25T16:53:18.327116257Z,F7,2026-08-25T16:53:18.327116257Z,12,2026-08-25T16:53:18.327116257Z,23,2026-08-25T16:53:18.327116257Z
01M0WY4ESGQWQASYKCRNDT39H1,01M0WWQ9XB6TMTWDYN7GB59TN7,2026-08-25T17:05:22.736962127Z,"[{""text"":""has like 2 horns"",""sender"":{""id"":""01M0WY0C090AZDG2K9X542KKDB"",""name"":""Repi"",""avatar"":""https://api.dicebear.com/8.x/rings/svg?seed=Repi""}}]",2026-08-25T17:16:14.530528758Z,[1787678174537],2026-08-25T17:16:14.54044825Z,,,true,2026-08-25T17:16:20.300461211Z,01M0WY0C090AZDG2K9X542KKDB,2026-08-25T17:15:58.895620046Z,"[""D4"",""F1"",""A1"",""F4""]",2026-08-25T17:05:22.736962127Z,true,2026-08-25T17:16:20.286313249Z,01M0WWQ9XVXJV1JR4118CY5W09,2026-08-25T17:05:22.736962127Z,6,2026-08-25T17:05:22.736962127Z,false,2026-08-25T17:15:59.175503435Z,01M0WY0ENCGBGZ9MKY7CZKA71D,2026-08-25T17:15:58.895620046Z,,,48,2026-08-25T17:05:22.736962127Z,12,2026-08-25T17:05:22.736962127Z,training,2026-08-25T17:05:22.736962127Z,0,2026-08-25T17:05:22.736962127Z,4,2026-08-25T17:05:22.736962127Z,/tangrams/279_66.png,2026-08-25T17:16:20.300461211Z,/tangrams/279_66.png,2026-08-25T17:16:17.153875425Z,1787678177170,2026-08-25T17:16:17.149592007Z,0,2026-08-25T17:05:22.736962127Z,2,2026-08-25T17:05:23.187829812Z,true,2026-08-25T17:15:58.853163519Z,"[""/tangrams/279_66.png"",""/tangrams/119_182.png"",""/tangrams/138_244.png"",""/tangrams/434_227.png""]",2026-08-25T17:05:22.736962127Z,/tangrams/279_66.png,2026-08-25T17:05:22.736962127Z,D4,2026-08-25T17:05:22.736962127Z,6,2026-08-25T17:05:22.736962127Z,5,2026-08-25T17:05:22.736962127Z
01M0WY8D75MBZ2RD4XN9AGWAFJ,01M0WWQ9XB6TMTWDYN7GB59TN7,2026-08-25T17:07:32.197093863Z,"[{""text"":""got a little diagonal on top"",""sender"":{""id"":""01M0WY1V9QET0HYE5N0547967Y"",""name"":""Minu"",""avatar"":""https://api.dicebear.com/8.x/rings/svg?seed=Minu""}}]",2026-08-25T17:50:28.077857531Z,[1787680228089],2026-08-25T17:50:28.091502105Z,,,true,2026-08-25T17:50:36.053128473Z,01M0WY1V9QET0HYE5N0547967Y,2026-08-25T17:50:16.59199731Z,"[""B4"",""A2"",""D3"",""C1""]",2026-08-25T17:07:32.197093863Z,true,2026-08-25T17:50:36.036768417Z,01M0WWQ9XT2Q7RF2RHNCTTRDNK,2026-08-25T17:07:32.197093863Z,47,2026-08-25T17:07:32.197093863Z,false,2026-08-25T17:50:16.767182228Z,01M0WY1FH5WQS14DQ3V446M8AM,2026-08-25T17:50:16.59199731Z,,,48,2026-08-25T17:07:32.197093863Z,12,2026-08-25T17:07:32.197093863Z,training,2026-08-25T17:07:32.197093863Z,3,2026-08-25T17:07:32.197093863Z,4,2026-08-25T17:07:32.197093863Z,/tangrams/138_339.png,2026-08-25T17:50:36.053128473Z,/tangrams/138_339.png,2026-08-25T17:50:32.871633163Z,1787680232650,2026-08-25T17:50:32.88152191Z,0,2026-08-25T17:07:32.197093863Z,2,2026-08-25T17:07:33.432025155Z,true,2026-08-25T17:50:16.546888432Z,"[""/tangrams/366_66.png"",""/tangrams/138_339.png"",""/tangrams/279_405.png"",""/tangrams/422_244.png""]",2026-08-25T17:07:32.197093863Z,/tangrams/138_339.png,2026-08-25T17:07:32.197093863Z,A2,2026-08-25T17:07:32.197093863Z,11,2026-08-25T17:07:32.197093863Z,46,2026-08-25T17:07:32.197093863Z
01M0WY8WKBZDCT922103J745P0,01M0WWQAZ72GMKNB5E8VWC3WG2,2026-08-25T17:07:47.947800059Z,,,,,,,,,,,,,true,2026-08-25T17:10:57.148384542Z,01M0WWQAZTRSENW9JN2FSQ4BA7,2026-08-25T17:07:47.947800059Z,0,2026-08-25T17:07:47.947800059Z,false,2026-08-25T17:07:52.940678565Z,,,8,2026-08-25T17:07:47.947800059Z,,,,,pretest,2026-08-25T17:07:47.947800059Z,,,,,,,,2026-08-25T17:07:52.831110508Z,,,,,1,2026-08-25T17:07:48.221719836Z,true,2026-08-25T17:07:49.950830014Z,[],2026-08-25T17:07:47.947800059Z,,2026-08-25T17:07:47.947800059Z,,,,,,
01M0WXAW6JASYZN57723MQ4H3T,01M0WWQ73PEDYQHEYYBB88AXMD,2026-08-25T16:51:24.498504377Z,"[{""text"":""legs facing left"",""sender"":{""id"":""01M0WX9MXH1SX7Q50079HW9F7E"",""name"":""Minu"",""avatar"":""https://api.dicebear.com/8.x/rings/svg?seed=Minu""}}]",2026-08-25T17:20:19.046470745Z,[1787678419054],2026-08-25T17:20:19.056227149Z,,,true,2026-08-25T17:20:23.874518169Z,01M0WX9MXH1SX7Q50079HW9F7E,2026-08-25T17:20:07.834282901Z,"[""B3"",""C1"",""A4"",""D2""]",2026-08-25T16:51:24.498504377Z,true,2026-08-25T17:20:23.8605015Z,01M0WWQ74H7CSGCPAHPDSCJ0PV,2026-08-25T16:51:24.498504377Z,27,2026-08-25T16:51:24.498504377Z,false,2026-08-25T17:20:07.977031909Z,01M0WX667JRE4461924BYZ6YJ1,2026-08-25T17:20:07.834282901Z,,,48,2026-08-25T16:51:24.498504377Z,12,2026-08-25T16:51:24.498504377Z,training,2026-08-25T16:51:24.498504377Z,2,2026-08-25T16:51:24.498504377Z,4,2026-08-25T16:51:24.498504377Z,/tangrams/366_405.png,2026-08-25T17:20:23.874518169Z,/tangrams/366_405.png,2026-08-25T17:20:20.75030805Z,1787678420731,2026-08-25T17:20:20.74627363Z,0,2026-08-25T16:51:24.498504377Z,2,2026-08-25T16:51:25.144521786Z,true,2026-08-25T17:20:07.788284411Z,"[""/tangrams/366_405.png"",""/tangrams/422_244.png"",""/tangrams/138_66.png"",""/tangrams/279_339.png""]",2026-08-25T16:51:24.498504377Z,/tangrams/366_405.png,2026-08-25T16:51:24.498504377Z,B3,2026-08-25T16:51:24.498504377Z,3,2026-08-25T16:51:24.498504377Z,26,2026-08-25T16:51:24.498504377Z
01M0WYEEXK74K55ZS7TV1DZ2SD,01M0WWQAZ72GMKNB5E8VWC3WG2,2026-08-25T17:10:50.547182542Z,,,,,,,,,,,"[""B4"",""C1"",""A3"",""D2""]",2026-08-25T17:10:50.547182542Z,false,2026-08-25T17:10:50.547182542Z,01M0WWQAZRRWZPK3N7VE24RFV2,2026-08-25T17:10:50.547182542Z,38,2026-08-25T17:10:50.547182542Z,,,,,,,48,2026-08-25T17:10:50.547182542Z,12,2026-08-25T17:10:50.547182542Z,training,2026-08-25T17:10:50.547182542Z,3,2026-08-25T17:10:50.547182542Z,4,2026-08-25T17:10:50.547182542Z,,,,2026-08-25T17:10:50.547182542Z,,,1,2026-08-25T17:10:50.547182542Z,2,2026-08-25T17:10:51.711957831Z,false,2026-08-25T17:10:50.547182542Z,"[""/tangrams/348_464.png"",""/tangrams/202_314.png"",""/tangrams/66_24.png"",""/tangrams/20_441.png""]",2026-08-25T17:10:50.547182542Z,/tangrams/202_314.png,2026-08-25T17:10:50.547182542Z,C1,2026-08-25T17:10:50.547182542Z,2,2026-08-25T17:10:50.547182542Z,37,2026-08-25T17:10:50.547182542Z
01M0WXAW4BB3B1AF8G7BC14NZD,01M0WWQ73PEDYQHEYYBB88AXMD,2026-08-25T16:51:24.427865675Z,"[{""text"":""..."",""sender"":{""id"":""01M0WX9MXH1SX7Q50079HW9F7E"",""name"":""Minu"",""avatar"":""https://api.dicebear.com/8.x/rings/svg?seed=Minu""}},{""text"":""at the bottom towards the right a space that looks like a triangle the bottom has like a rectangle yg"",""sender"":{""id"":""01M0WX667JRE4461924BYZ6YJ1"",""name"":""Repi"",""avatar"":""https://api.dicebear.com/8.x/rings/svg?seed=Repi""}}]",2026-08-25T17:10:31.841002356Z,"[1787677824570,1787677831847]",2026-08-25T17:10:31.850265167Z,,,false,2026-08-25T17:10:41.357813241Z,01M0WX667JRE4461924BYZ6YJ1,2026-08-25T17:10:01.21530037Z,"[""B4"",""A3"",""C1"",""D2""]",2026-08-25T16:51:24.427865675Z,true,2026-08-25T17:10:41.34475974Z,01M0WWQ74H7CSGCPAHPDSCJ0PV,2026-08-25T16:51:24.427865675Z,4,2026-08-25T16:51:24.427865675Z,false,2026-08-25T17:10:01.374467652Z,01M0WX9MXH1SX7Q50079HW9F7E,2026-08-25T17:10:01.21530037Z,,,48,2026-08-25T16:51:24.427865675Z,12,2026-08-25T16:51:24.427865675Z,training,2026-08-25T16:51:24.427865675Z,0,2026-08-25T16:51:24.427865675Z,4,2026-08-25T16:51:24.427865675Z,/tangrams/422_244.png,2026-08-25T17:10:41.357813241Z,/tangrams/422_244.png,2026-08-25T17:10:38.233021003Z,1787677838155,2026-08-25T17:10:38.229643108Z,0,2026-08-25T16:51:24.427865675Z,2,2026-08-25T16:51:24.762682821Z,true,2026-08-25T17:10:01.147346833Z,"[""/tangrams/366_66.png"",""/tangrams/138_405.png"",""/tangrams/422_244.png"",""/tangrams/279_339.png""]",2026-08-25T16:51:24.427865675Z,/tangrams/279_339.png,2026-08-25T16:51:24.427865675Z,D2,2026-08-25T16:51:24.427865675Z,4,2026-08-25T16:51:24.427865675Z,3,2026-08-25T16:51:24.427865675Z
01M0WXAW6NBMJ6BCMNQQ7HDMN9,01M0WWQ73PEDYQHEYYBB88AXMD,2026-08-25T16:51:24.501640112Z,"[{""text"":""slanted white rectangle"",""sender"":{""id"":""01M0WX9MXH1SX7Q50079HW9F7E"",""name"":""Minu"",""avatar"":""https://api.dicebear.com/8.x/rings/svg?seed=Minu""}}]",2026-08-25T17:26:19.455547632Z,[1787678779468],2026-08-25T17:26:19.47256547Z,,,true,2026-08-25T17:26:32.109002166Z,01M0WX9MXH1SX7Q50079HW9F7E,2026-08-25T17:26:11.974328273Z,"[""D3"",""A2"",""C4"",""B1""]",2026-08-25T16:51:24.501640112Z,true,2026-08-25T17:26:32.094264981Z,01M0WWQ74H7CSGCPAHPDSCJ0PV,2026-08-25T16:51:24.501640112Z,45,2026-08-25T16:51:24.501640112Z,false,2026-08-25T17:26:12.08063085Z,01M0WX667JRE4461924BYZ6YJ1,2026-08-25T17:26:11.974328273Z,,,48,2026-08-25T16:51:24.501640112Z,12,2026-08-25T16:51:24.501640112Z,training,2026-08-25T16:51:24.501640112Z,3,2026-08-25T16:51:24.501640112Z,4,2026-08-25T16:51:24.501640112Z,/tangrams/422_66.png,2026-08-25T17:26:32.109002166Z,/tangrams/422_66.png,2026-08-25T17:26:28.970629969Z,1787678788950,2026-08-25T17:26:28.965651242Z,0,2026-08-25T16:51:24.501640112Z,2,2026-08-25T16:51:25.428221026Z,true,2026-08-25T17:26:11.932702553Z,"[""/tangrams/279_405.png"",""/tangrams/138_339.png"",""/tangrams/422_66.png"",""/tangrams/366_244.png""]",2026-08-25T16:51:24.501640112Z,/tangrams/422_66.png,2026-08-25T16:51:24.501640112Z,C4,2026-08-25T16:51:24.501640112Z,9,2026-08-25T16:51:24.501640112Z,44,2026-08-25T16:51:24.501640112Z
01M0WXGEBFQ77THKEKZ2EJGQ73,01M0WWQ73PEDYQHEYYBB88AXMD,2026-08-25T16:54:26.92741213Z,,,,,,,,,,,"[""A3"",""C2"",""A4"",""B3""]",2026-08-25T16:54:26.92741213Z,false,2026-08-25T16:54:26.92741213Z,01M0WWQ74ND1AHANTF309RNWJE,2026-08-25T16:54:26.92741213Z,48,2026-08-25T16:54:26.92741213Z,,,,,,,48,2026-08-25T16:54:26.92741213Z,12,2026-08-25T16:54:26.92741213Z,training,2026-08-25T16:54:26.92741213Z,3,2026-08-25T16:54:26.92741213Z,4,2026-08-25T16:54:26.92741213Z,,,,2026-08-25T16:54:26.92741213Z,,,0,2026-08-25T16:54:26.92741213Z,2,2026-08-25T16:54:28.103036Z,false,2026-08-25T16:54:26.92741213Z,"[""/tangrams/138_405.png"",""/tangrams/422_339.png"",""/tangrams/138_66.png"",""/tangrams/366_405.png""]",2026-08-25T16:54:26.92741213Z,/tangrams/138_405.png,2026-08-25T16:54:26.92741213Z,A3,2026-08-25T16:54:26.92741213Z,12,2026-08-25T16:54:26.92741213Z,47,2026-08-25T16:54:26.92741213Z
01M0WY7G4VMKY0JE3F94J4DGNW,01M0WWQ9XB6TMTWDYN7GB59TN7,2026-08-25T17:07:02.427170104Z,"[{""text"":""house with irregular white shape in"",""sender"":{""id"":""01M0WXR5QX7RT0467EJCPJ9Y2Y"",""name"":""Repi"",""avatar"":""https://api.dicebear.com/8.x/rings/svg?seed=Repi""}},{""text"":""on aledge"",""sender"":{""id"":""01M0WXR5QX7RT0467EJCPJ9Y2Y"",""name"":""Repi"",""avatar"":""https://api.dicebear.com/8.x/rings/svg?seed=Repi""}},{""text"":""with triangle facing left"",""sender"":{""id"":""01M0WXR5QX7RT0467EJCPJ9Y2Y"",""name"":""Repi"",""avatar"":""https://api.dicebear.com/8.x/rings/svg?seed=Repi""}}]",2026-08-25T17:46:09.561176223Z,"[1787679962960,1787679965598,1787679969572]",2026-08-25T17:46:09.574286799Z,,,true,2026-08-25T17:46:12.908925373Z,01M0WXR5QX7RT0467EJCPJ9Y2Y,2026-08-25T17:45:53.632133423Z,"[""C1"",""C4"",""A3"",""B1""]",2026-08-25T17:07:02.427170104Z,true,2026-08-25T17:46:12.890580676Z,01M0WWQ9XW83PGVA4HF3WT9HVR,2026-08-25T17:07:02.427170104Z,48,2026-08-25T17:07:02.427170104Z,false,2026-08-25T17:45:53.926274759Z,01M0WY0ECEQWZG8FEZD72ENETD,2026-08-25T17:45:53.632133423Z,,,48,2026-08-25T17:07:02.427170104Z,12,2026-08-25T17:07:02.427170104Z,training,2026-08-25T17:07:02.427170104Z,3,2026-08-25T17:07:02.427170104Z,4,2026-08-25T17:07:02.427170104Z,/tangrams/422_244.png,2026-08-25T17:46:12.908925373Z,/tangrams/422_244.png,2026-08-25T17:46:09.772723086Z,1787679969301,2026-08-25T17:46:09.760390233Z,0,2026-08-25T17:07:02.427170104Z,2,2026-08-25T17:07:03.816991241Z,true,2026-08-25T17:45:53.579362028Z,"[""/tangrams/422_244.png"",""/tangrams/422_66.png"",""/tangrams/138_405.png"",""/tangrams/366_244.png""]",2026-08-25T17:07:02.427170104Z,/tangrams/422_244.png,2026-08-25T17:07:02.427170104Z,C1,2026-08-25T17:07:02.427170104Z,12,2026-08-25T17:07:02.427170104Z,47,2026-08-25T17:07:02.427170104Z
01M0WY7G7BZM645E8EPSE6F7VP,01M0WWQ9XB6TMTWDYN7GB59TN7,2026-08-25T17:07:02.50741093Z,"[{""text"":""diamond at the top"",""sender"":{""id"":""01M0WXR5QX7RT0467EJCPJ9Y2Y"",""name"":""Repi"",""avatar"":""https://api.dicebear.com/8.x/rings/svg?seed=Repi""}},{""text"":""on top of a rectangle"",""sender"":{""id"":""01M0WXR5QX7RT0467EJCPJ9Y2Y"",""name"":""Repi"",""avatar"":""https://api.dicebear.com/8.x/rings/svg?seed=Repi""}},{""text"":""on top of a house"",""sender"":{""id"":""01M0WXR5QX7RT0467EJCPJ9Y2Y"",""name"":""Repi"",""avatar"":""https://api.dicebear.com/8.x/rings/svg?seed=Repi""}},{""text"":""no white inside the shape at all"",""sender"":{""id"":""01M0WXR5QX7RT0467EJCPJ9Y2Y"",""name"":""Repi"",""avatar"":""https://api.dicebear.com/8.x/rings/svg?seed=Repi""}}]",2026-08-25T17:35:30.998101033Z,"[1787679316051,1787679321039,1787679325179,1787679331013]",2026-08-25T17:35:31.018293625Z,,,true,2026-08-25T17:35:38.391754727Z,01M0WXR5QX7RT0467EJCPJ9Y2Y,2026-08-25T17:35:10.872304648Z,"[""B4"",""A4"",""D1"",""A2""]",2026-08-25T17:07:02.50741093Z,true,2026-08-25T17:35:38.372807559Z,01M0WWQ9XW83PGVA4HF3WT9HVR,2026-08-25T17:07:02.50741093Z,22,2026-08-25T17:07:02.50741093Z,false,2026-08-25T17:35:11.158935935Z,01M0WY0ECEQWZG8FEZD72ENETD,2026-08-25T17:35:10.872304648Z,,,48,2026-08-25T17:07:02.50741093Z,12,2026-08-25T17:07:02.50741093Z,training,2026-08-25T17:07:02.50741093Z,1,2026-08-25T17:07:02.50741093Z,4,2026-08-25T17:07:02.50741093Z,/tangrams/138_66.png,2026-08-25T17:35:38.391754727Z,/tangrams/138_66.png,2026-08-25T17:35:35.157766462Z,1787679334718,2026-08-25T17:35:35.151398559Z,0,2026-08-25T17:07:02.50741093Z,2,2026-08-25T17:07:03.244278815Z,true,2026-08-25T17:35:10.780887028Z,"[""/tangrams/366_66.png"",""/tangrams/138_66.png"",""/tangrams/279_244.png"",""/tangrams/138_339.png""]",2026-08-25T17:07:02.50741093Z,/tangrams/138_66.png,2026-08-25T17:07:02.50741093Z,A4,2026-08-25T17:07:02.50741093Z,10,2026-08-25T17:07:02.50741093Z,21,2026-08-25T17:07:02.50741093Z
01M0WXEBC0T0P6Y6AJ6Z9M9X2K,01M0WWQ73PEDYQHEYYBB88AXMD,2026-08-25T16:53:18.336582808Z,,,,,,,,,,,"[""F8"",""F5"",""A1"",""F1""]",2026-08-25T16:53:18.336582808Z,false,2026-08-25T16:53:18.336582808Z,01M0WWQ74M3NWYAJGQB0ESKAD2,2026-08-25T16:53:18.336582808Z,28,2026-08-25T16:53:18.336582808Z,,,,,,,48,2026-08-25T16:53:18.336582808Z,12,2026-08-25T16:53:18.336582808Z,training,2026-08-25T16:53:18.336582808Z,2,2026-08-25T16:53:18.336582808Z,4,2026-08-25T16:53:18.336582808Z,,,,2026-08-25T16:53:18.336582808Z,,,0,2026-08-25T16:53:18.336582808Z,2,2026-08-25T16:53:18.911367041Z,false,2026-08-25T16:53:18.336582808Z,"[""/tangrams/37_144.png"",""/tangrams/456_48.png"",""/tangrams/138_244.png"",""/tangrams/119_182.png""]",2026-08-25T16:53:18.336582808Z,/tangrams/119_182.png,2026-08-25T16:53:18.336582808Z,F1,2026-08-25T16:53:18.336582808Z,4,2026-08-25T16:53:18.336582808Z,27,2026-08-25T16:53:18.336582808Z
01M0WY8D68985QGBVHMW9C9612,01M0WWQ9XB6TMTWDYN7GB59TN7,2026-08-25T17:07:32.168429707Z,"[{""text"":""house with an white triangle in middle the only one"",""sender"":{""id"":""01M0WY1FH5WQS14DQ3V446M8AM"",""name"":""Repi"",""avatar"":""https://api.dicebear.com/8.x/rings/svg?seed=Repi""}}]",2026-08-25T17:45:52.058572585Z,[1787679952069],2026-08-25T17:45:52.071421967Z,,,true,2026-08-25T17:46:02.385722986Z,01M0WY1FH5WQS14DQ3V446M8AM,2026-08-25T17:45:34.789581526Z,"[""B4"",""D2"",""C1"",""A3""]",2026-08-25T17:07:32.168429707Z,true,2026-08-25T17:46:02.370406448Z,01M0WWQ9XT2Q7RF2RHNCTTRDNK,2026-08-25T17:07:32.168429707Z,38,2026-08-25T17:07:32.168429707Z,false,2026-08-25T17:45:34.945463113Z,01M0WY1V9QET0HYE5N0547967Y,2026-08-25T17:45:34.789581526Z,,,48,2026-08-25T17:07:32.168429707Z,12,2026-08-25T17:07:32.168429707Z,training,2026-08-25T17:07:32.168429707Z,3,2026-08-25T17:07:32.168429707Z,4,2026-08-25T17:07:32.168429707Z,/tangrams/366_66.png,2026-08-25T17:46:02.385722986Z,/tangrams/366_66.png,2026-08-25T17:45:59.239319431Z,1787679959751,2026-08-25T17:45:59.244917878Z,0,2026-08-25T17:07:32.168429707Z,2,2026-08-25T17:07:33.257523413Z,true,2026-08-25T17:45:34.735517018Z,"[""/tangrams/366_66.png"",""/tangrams/279_339.png"",""/tangrams/422_244.png"",""/tangrams/138_405.png""]",2026-08-25T17:07:32.168429707Z,/tangrams/366_66.png,2026-08-25T17:07:32.168429707Z,B4,2026-08-25T17:07:32.168429707Z,2,2026-08-25T17:07:32.168429707Z,37,2026-08-25T17:07:32.168429707Z
01M0WYEERJEXVY93MJGBX2WWC8,01M0WWQAZ72GMKNB5E8VWC3WG2,2026-08-25T17:10:50.386490159Z,,,,,,,,,,,"[""C2"",""B1"",""D3"",""A4""]",2026-08-25T17:10:50.386490159Z,false,2026-08-25T17:10:50.386490159Z,01M0WWQAZRRWZPK3N7VE24RFV2,2026-08-25T17:10:50.386490159Z,15,2026-08-25T17:10:50.386490159Z,,,,,,,48,2026-08-25T17:10:50.386490159Z,12,2026-08-25T17:10:50.386490159Z,training,2026-08-25T17:10:50.386490159Z,1,2026-08-25T17:10:50.386490159Z,4,2026-08-25T17:10:50.386490159Z,,,,2026-08-25T17:10:50.386490159Z,,,1,2026-08-25T17:10:50.386490159Z,2,2026-08-25T17:10:51.156367617Z,false,2026-08-25T17:10:50.386490159Z,"[""/tangrams/202_441.png"",""/tangrams/348_314.png"",""/tangrams/20_24.png"",""/tangrams/66_464.png""]",2026-08-25T17:10:50.386490159Z,/tangrams/20_24.png,2026-08-25T17:10:50.386490159Z,D3,2026-08-25T17:10:50.386490159Z,3,2026-08-25T17:10:50.386490159Z,14,2026-08-25T17:10:50.386490159Z
01M0WYEEWMZDSR4T0GXR40Z1FA,01M0WWQAZ72GMKNB5E8VWC3WG2,2026-08-25T17:10:50.51667371Z,,,,,,,,,,,"[""A3"",""C4"",""D2"",""B1""]",2026-08-25T17:10:50.51667371Z,false,2026-08-25T17:10:50.51667371Z,01M0WWQAZRRWZPK3N7VE24RFV2,2026-08-25T17:10:50.51667371Z,41,2026-08-25T17:10:50.51667371Z,,,,,,,48,2026-08-25T17:10:50.51667371Z,12,2026-08-25T17:10:50.51667371Z,training,2026-08-25T17:10:50.51667371Z,3,2026-08-25T17:10:50.51667371Z,4,2026-08-25T17:10:50.51667371Z,,,,2026-08-25T17:10:50.51667371Z,,,1,2026-08-25T17:10:50.51667371Z,2,2026-08-25T17:10:51.796130997Z,false,2026-08-25T17:10:50.51667371Z,"[""/tangrams/66_24.png"",""/tangrams/202_464.png"",""/tangrams/20_441.png"",""/tangrams/348_314.png""]",2026-08-25T17:10:50.51667371Z,/tangrams/20_441.png,2026-08-25T17:10:50.51667371Z,D2,2026-08-25T17:10:50.51667371Z,5,2026-08-25T17:10:50.51667371Z,40,2026-08-25T17:10:50.51667371Z
01M0WXEB7PKTW988NYVHTG5MJW,01M0WWQ73PEDYQHEYYBB88AXMD,2026-08-25T16:53:18.19811018Z,,,,,,,,,,,"[""F4"",""B2"",""D4"",""F7""]",2026-08-25T16:53:18.19811018Z,false,2026-08-25T16:53:18.19811018Z,01M0WWQ74M3NWYAJGQB0ESKAD2,2026-08-25T16:53:18.19811018Z,47,2026-08-25T16:53:18.19811018Z,,,,,,,48,2026-08-25T16:53:18.19811018Z,12,2026-08-25T16:53:18.19811018Z,training,2026-08-25T16:53:18.19811018Z,3,2026-08-25T16:53:18.19811018Z,4,2026-08-25T16:53:18.19811018Z,,,,2026-08-25T16:53:18.19811018Z,,,0,2026-08-25T16:53:18.19811018Z,2,2026-08-25T16:53:19.262880134Z,false,2026-08-25T16:53:18.19811018Z,"[""/tangrams/434_227.png"",""/tangrams/366_339.png"",""/tangrams/279_66.png"",""/tangrams/411_352.png""]",2026-08-25T16:53:18.19811018Z,/tangrams/434_227.png,2026-08-25T16:53:18.19811018Z,F4,2026-08-25T16:53:18.19811018Z,11,2026-08-25T16:53:18.19811018Z,46,2026-08-25T16:53:18.19811018Z
01M0WY4EYP0CXAH53AJ5SQAZYN,01M0WWQ9XB6TMTWDYN7GB59TN7,2026-08-25T17:05:22.902835966Z,"[{""text"":""house frog thing"",""sender"":{""id"":""01M0WY0ENCGBGZ9MKY7CZKA71D"",""name"":""Minu"",""avatar"":""https://api.dicebear.com/8.x/rings/svg?seed=Minu""}}]",2026-08-25T17:25:42.109702117Z,[1787678742118],2026-08-25T17:25:42.120233548Z,,,true,2026-08-25T17:25:49.563306474Z,01M0WY0ENCGBGZ9MKY7CZKA71D,2026-08-25T17:25:35.970917331Z,"[""F3"",""D4"",""F5"",""B2""]",2026-08-25T17:05:22.902835966Z,true,2026-08-25T17:25:49.554613228Z,01M0WWQ9XVXJV1JR4118CY5W09,2026-08-25T17:05:22.902835966Z,33,2026-08-25T17:05:22.902835966Z,false,2026-08-25T17:25:36.237126136Z,01M0WY0C090AZDG2K9X542KKDB,2026-08-25T17:25:35.970917331Z,,,48,2026-08-25T17:05:22.902835966Z,12,2026-08-25T17:05:22.902835966Z,training,2026-08-25T17:05:22.902835966Z,2,2026-08-25T17:05:22.902835966Z,4,2026-08-25T17:05:22.902835966Z,/tangrams/366_339.png,2026-08-25T17:25:49.563306474Z,/tangrams/366_339.png,2026-08-25T17:25:46.367087947Z,1787678746280,2026-08-25T17:25:46.36187829Z,0,2026-08-25T17:05:22.902835966Z,2,2026-08-25T17:05:23.670631489Z,true,2026-08-25T17:25:35.930634323Z,"[""/tangrams/170_154.png"",""/tangrams/279_66.png"",""/tangrams/456_48.png"",""/tangrams/366_339.png""]",2026-08-25T17:05:22.902835966Z,/tangrams/366_339.png,2026-08-25T17:05:22.902835966Z,B2,2026-08-25T17:05:22.902835966Z,9,2026-08-25T17:05:22.902835966Z,32,2026-08-25T17:05:22.902835966Z
01M0WY7G81P2MZ5KNYYR1R91G6,01M0WWQ9XB6TMTWDYN7GB59TN7,2026-08-25T17:07:02.529382492Z,"[{""text"":""diamond on top"",""sender"":{""id"":""01M0WXR5QX7RT0467EJCPJ9Y2Y"",""name"":""Repi"",""avatar"":""https://api.dicebear.com/8.x/rings/svg?seed=Repi""}},{""text"":""on a rectangle"",""sender"":{""id"":""01M0WXR5QX7RT0467EJCPJ9Y2Y"",""name"":""Repi"",""avatar"":""https://api.dicebear.com/8.x/rings/svg?seed=Repi""}},{""text"":""left has a point outwards"",""sender"":{""id"":""01M0WXR5QX7RT0467EJCPJ9Y2Y"",""name"":""Repi"",""avatar"":""https://api.dicebear.com/8.x/rings/svg?seed=Repi""}},{""text"":""white traingle inside base"",""sender"":{""id"":""01M0WXR5QX7RT0467EJCPJ9Y2Y"",""name"":""Repi"",""avatar"":""https://api.dicebear.com/8.x/rings/svg?seed=Repi""}},{""text"":""mainly dark image"",""sender"":{""id"":""01M0WXR5QX7RT0467EJCPJ9Y2Y"",""name"":""Repi"",""avatar"":""https://api.dicebear.com/8.x/rings/svg?seed=Repi""}}]",2026-08-25T17:39:01.620841077Z,"[1787679517679,1787679521844,1787679527560,1787679532689,1787679541633]",2026-08-25T17:39:01.636313284Z,,,true,2026-08-25T17:39:03.691312342Z,01M0WXR5QX7RT0467EJCPJ9Y2Y,2026-08-25T17:38:33.201504305Z,"[""A3"",""C2"",""A2"",""B1""]",2026-08-25T17:07:02.529382492Z,true,2026-08-25T17:39:03.674707745Z,01M0WWQ9XW83PGVA4HF3WT9HVR,2026-08-25T17:07:02.529382492Z,30,2026-08-25T17:07:02.529382492Z,false,2026-08-25T17:38:33.492609328Z,01M0WY0ECEQWZG8FEZD72ENETD,2026-08-25T17:38:33.201504305Z,,,48,2026-08-25T17:07:02.529382492Z,12,2026-08-25T17:07:02.529382492Z,training,2026-08-25T17:07:02.529382492Z,2,2026-08-25T17:07:02.529382492Z,4,2026-08-25T17:07:02.529382492Z,/tangrams/138_339.png,2026-08-25T17:39:03.691312342Z,/tangrams/138_339.png,2026-08-25T17:39:00.518883882Z,1787679540085,2026-08-25T17:39:00.524217404Z,0,2026-08-25T17:07:02.529382492Z,2,2026-08-25T17:07:03.412888537Z,true,2026-08-25T17:38:33.152774017Z,"[""/tangrams/138_405.png"",""/tangrams/422_339.png"",""/tangrams/138_339.png"",""/tangrams/366_244.png""]",2026-08-25T17:07:02.529382492Z,/tangrams/138_339.png,2026-08-25T17:07:02.529382492Z,A2,2026-08-25T17:07:02.529382492Z,6,2026-08-25T17:07:02.529382492Z,29,2026-08-25T17:07:02.529382492Z
01M0WY7G9BC1DGBX7QZ76Z2FJD,01M0WWQ9XB6TMTWDYN7GB59TN7,2026-08-25T17:07:02.571184076Z,"[{""text"":""house with irreuglar shape"",""sender"":{""id"":""01M0WXR5QX7RT0467EJCPJ9Y2Y"",""name"":""Repi"",""avatar"":""https://api.dicebear.com/8.x/rings/svg?seed=Repi""}},{""text"":""underneath looks like a box"",""sender"":{""id"":""01M0WXR5QX7RT0467EJCPJ9Y2Y"",""name"":""Repi"",""avatar"":""https://api.dicebear.com/8.x/rings/svg?seed=Repi""}},{""text"":""completely black"",""sender"":{""id"":""01M0WXR5QX7RT0467EJCPJ9Y2Y"",""name"":""Repi"",""avatar"":""https://api.dicebear.com/8.x/rings/svg?seed=Repi""}}]",2026-08-25T17:42:16.285248711Z,"[1787679728675,1787679733536,1787679736296]",2026-08-25T17:42:16.298278951Z,,,true,2026-08-25T17:42:21.166641526Z,01M0WXR5QX7RT0467EJCPJ9Y2Y,2026-08-25T17:42:01.784480343Z,"[""B4"",""C4"",""C1"",""A2""]",2026-08-25T17:07:02.571184076Z,true,2026-08-25T17:42:21.148339752Z,01M0WWQ9XW83PGVA4HF3WT9HVR,2026-08-25T17:07:02.571184076Z,38,2026-08-25T17:07:02.571184076Z,false,2026-08-25T17:42:01.981952858Z,01M0WY0ECEQWZG8FEZD72ENETD,2026-08-25T17:42:01.784480343Z,,,48,2026-08-25T17:07:02.571184076Z,12,2026-08-25T17:07:02.571184076Z,training,2026-08-25T17:07:02.571184076Z,3,2026-08-25T17:07:02.571184076Z,4,2026-08-25T17:07:02.571184076Z,/tangrams/422_66.png,2026-08-25T17:42:21.166641526Z,/tangrams/422_66.png,2026-08-25T17:42:18.013661754Z,1787679737587,2026-08-25T17:42:18.018783262Z,0,2026-08-25T17:07:02.571184076Z,2,2026-08-25T17:07:03.563506267Z,true,2026-08-25T17:42:01.71157696Z,"[""/tangrams/366_66.png"",""/tangrams/422_66.png"",""/tangrams/422_244.png"",""/tangrams/138_339.png""]",2026-08-25T17:07:02.571184076Z,/tangrams/422_66.png,2026-08-25T17:07:02.571184076Z,C4,2026-08-25T17:07:02.571184076Z,2,2026-08-25T17:07:02.571184076Z,37,2026-08-25T17:07:02.571184076Z
01M0WXEBCXZSA0SDRC2J4Y0QTK,01M0WWQ73PEDYQHEYYBB88AXMD,2026-08-25T16:53:18.365564923Z,,,,,,,,,,,"[""D4"",""F2"",""C3"",""F1""]",2026-08-25T16:53:18.365564923Z,false,2026-08-25T16:53:18.365564923Z,01M0WWQ74M3NWYAJGQB0ESKAD2,2026-08-25T16:53:18.365564923Z,33,2026-08-25T16:53:18.365564923Z,,,,,,,48,2026-08-25T16:53:18.365564923Z,12,2026-08-25T16:53:18.365564923Z,training,2026-08-25T16:53:18.365564923Z,2,2026-08-25T16:53:18.365564923Z,4,2026-08-25T16:53:18.365564923Z,,,,2026-08-25T16:53:18.365564923Z,,,0,2026-08-25T16:53:18.365564923Z,2,2026-08-25T16:53:19.011414089Z,false,2026-08-25T16:53:18.365564923Z,"[""/tangrams/279_66.png"",""/tangrams/290_64.png"",""/tangrams/422_405.png"",""/tangrams/119_182.png""]",2026-08-25T16:53:18.365564923Z,/tangrams/279_66.png,2026-08-25T16:53:18.365564923Z,D4,2026-08-25T16:53:18.365564923Z,9,2026-08-25T16:53:18.365564923Z,32,2026-08-25T16:53:18.365564923Z
01M0WXGEES3GVK43QC88EEFS2C,01M0WWQ73PEDYQHEYYBB88AXMD,2026-08-25T16:54:27.034023296Z,,,,,,,,,,,"[""A2"",""D2"",""D3"",""B1""]",2026-08-25T16:54:27.034023296Z,false,2026-08-25T16:54:27.034023296Z,01M0WWQ74ND1AHANTF309RNWJE,2026-08-25T16:54:27.034023296Z,40,2026-08-25T16:54:27.034023296Z,,,,,,,48,2026-08-25T16:54:27.034023296Z,12,2026-08-25T16:54:27.034023296Z,training,2026-08-25T16:54:27.034023296Z,3,2026-08-25T16:54:27.034023296Z,4,2026-08-25T16:54:27.034023296Z,,,,2026-08-25T16:54:27.034023296Z,,,0,2026-08-25T16:54:27.034023296Z,2,2026-08-25T16:54:27.951599921Z,false,2026-08-25T16:54:27.034023296Z,"[""/tangrams/138_339.png"",""/tangrams/279_339.png"",""/tangrams/279_405.png"",""/tangrams/366_244.png""]",2026-08-25T16:54:27.034023296Z,/tangrams/279_339.png,2026-08-25T16:54:27.034023296Z,D2,2026-08-25T16:54:27.034023296Z,4,2026-08-25T16:54:27.034023296Z,39,2026-08-25T16:54:27.034023296Z
01M0WY8D6DKRASH2HYKQCNMVBH,01M0WWQ9XB6TMTWDYN7GB59TN7,2026-08-25T17:07:32.173513048Z,"[{""text"":""white rectangle in the middle the onl one"",""sender"":{""id"":""01M0WY1FH5WQS14DQ3V446M8AM"",""name"":""Repi"",""avatar"":""https://api.dicebear.com/8.x/rings/svg?seed=Repi""}}]",2026-08-25T17:44:06.329600665Z,[1787679846340],2026-08-25T17:44:06.341897154Z,,,true,2026-08-25T17:44:17.444316517Z,01M0WY1FH5WQS14DQ3V446M8AM,2026-08-25T17:43:33.756989639Z,"[""C2"",""A4"",""B1"",""D3""]",2026-08-25T17:07:32.173513048Z,true,2026-08-25T17:44:17.426047828Z,01M0WWQ9XT2Q7RF2RHNCTTRDNK,2026-08-25T17:07:32.173513048Z,34,2026-08-25T17:07:32.173513048Z,false,2026-08-25T17:43:33.924240744Z,01M0WY1V9QET0HYE5N0547967Y,2026-08-25T17:43:33.756989639Z,,,48,2026-08-25T17:07:32.173513048Z,12,2026-08-25T17:07:32.173513048Z,training,2026-08-25T17:07:32.173513048Z,2,2026-08-25T17:07:32.173513048Z,4,2026-08-25T17:07:32.173513048Z,/tangrams/422_339.png,2026-08-25T17:44:17.444316517Z,/tangrams/422_339.png,2026-08-25T17:44:14.266854238Z,1787679854780,2026-08-25T17:44:14.261239243Z,0,2026-08-25T17:07:32.173513048Z,2,2026-08-25T17:07:33.197806143Z,true,2026-08-25T17:43:33.64396125Z,"[""/tangrams/422_339.png"",""/tangrams/138_66.png"",""/tangrams/366_244.png"",""/tangrams/279_405.png""]",2026-08-25T17:07:32.173513048Z,/tangrams/422_339.png,2026-08-25T17:07:32.173513048Z,C2,2026-08-25T17:07:32.173513048Z,10,2026-08-25T17:07:32.173513048Z,33,2026-08-25T17:07:32.173513048Z
01M0WY8D7C4RHGYE0WT3A27X8X,01M0WWQ9XB6TMTWDYN7GB59TN7,2026-08-25T17:07:32.204319462Z,"[{""text"":""?"",""sender"":{""id"":""01M0WY1FH5WQS14DQ3V446M8AM"",""name"":""Repi"",""avatar"":""https://api.dicebear.com/8.x/rings/svg?seed=Repi""}},{""text"":""has  awhite rectangle in the middle"",""sender"":{""id"":""01M0WY1V9QET0HYE5N0547967Y"",""name"":""Minu"",""avatar"":""https://api.dicebear.com/8.x/rings/svg?seed=Minu""}}]",2026-08-25T17:27:59.507284422Z,"[1787678868749,1787678879517]",2026-08-25T17:27:59.518626086Z,,,true,2026-08-25T17:28:06.742270512Z,01M0WY1V9QET0HYE5N0547967Y,2026-08-25T17:27:33.624426625Z,"[""D1"",""C4"",""B3"",""A2""]",2026-08-25T17:07:32.204319462Z,true,2026-08-25T17:28:06.727549798Z,01M0WWQ9XT2Q7RF2RHNCTTRDNK,2026-08-25T17:07:32.204319462Z,9,2026-08-25T17:07:32.204319462Z,false,2026-08-25T17:27:33.802216951Z,01M0WY1FH5WQS14DQ3V446M8AM,2026-08-25T17:27:33.624426625Z,,,48,2026-08-25T17:07:32.204319462Z,12,2026-08-25T17:07:32.204319462Z,training,2026-08-25T17:07:32.204319462Z,0,2026-08-25T17:07:32.204319462Z,4,2026-08-25T17:07:32.204319462Z,/tangrams/422_66.png,2026-08-25T17:28:06.742270512Z,/tangrams/422_66.png,2026-08-25T17:28:03.592396665Z,1787678883382,2026-08-25T17:28:03.587269745Z,0,2026-08-25T17:07:32.204319462Z,2,2026-08-25T17:07:32.731808898Z,true,2026-08-25T17:27:33.588545825Z,"[""/tangrams/279_244.png"",""/tangrams/422_66.png"",""/tangrams/366_405.png"",""/tangrams/138_339.png""]",2026-08-25T17:07:32.204319462Z,/tangrams/422_66.png,2026-08-25T17:07:32.204319462Z,C4,2026-08-25T17:07:32.204319462Z,9,2026-08-25T17:07:32.204319462Z,8,2026-08-25T17:07:32.204319462Z
01M0WY96GCNYGCXZKBBNFTHQY1,01M0WWQAZ72GMKNB5E8VWC3WG2,2026-08-25T17:07:58.092172617Z,"[{""text"":""tree laying on its side. boat. (also great work! we did amazing)"",""sender"":{""id"":""01M0WXSYNRXCYGT80QAR430CBD"",""name"":""Repi"",""avatar"":""https://api.dicebear.com/8.x/rings/svg?seed=Repi""}}]",2026-08-25T17:55:10.785157272Z,[1787680510797],2026-08-25T17:55:10.804871759Z,,,true,2026-08-25T17:55:21.822540425Z,01M0WXSYNRXCYGT80QAR430CBD,2026-08-25T17:54:51.338400221Z,"[""B3"",""A4"",""C1"",""B4""]",2026-08-25T17:07:58.092172617Z,true,2026-08-25T17:55:21.809807899Z,01M0WWQAZPP7VBJF1WXDE2YKFW,2026-08-25T17:07:58.092172617Z,48,2026-08-25T17:07:58.092172617Z,false,2026-08-25T17:54:51.611811613Z,01M0WY2T8PBZPVGKC7BWFHJ59J,2026-08-25T17:54:51.338400221Z,,,48,2026-08-25T17:07:58.092172617Z,12,2026-08-25T17:07:58.092172617Z,training,2026-08-25T17:07:58.092172617Z,3,2026-08-25T17:07:58.092172617Z,4,2026-08-25T17:07:58.092172617Z,/tangrams/348_464.png,2026-08-25T17:55:21.822540425Z,/tangrams/348_464.png,2026-08-25T17:55:18.634968317Z,1787680519569,2026-08-25T17:55:18.648288849Z,1,2026-08-25T17:07:58.092172617Z,2,2026-08-25T17:07:59.152117929Z,true,2026-08-25T17:54:51.284797541Z,"[""/tangrams/348_24.png"",""/tangrams/66_464.png"",""/tangrams/202_314.png"",""/tangrams/348_464.png""]",2026-08-25T17:07:58.092172617Z,/tangrams/348_464.png,2026-08-25T17:07:58.092172617Z,B4,2026-08-25T17:07:58.092172617Z,12,2026-08-25T17:07:58.092172617Z,47,2026-08-25T17:07:58.092172617Z
01M0WY8DB8HVD0Z4J5R97AGQ1F,01M0WWQ9XB6TMTWDYN7GB59TN7,2026-08-25T17:07:32.328520433Z,"[{""text"":""bull horns with a black triangle and diamond at left hand side"",""sender"":{""id"":""01M0WY1FH5WQS14DQ3V446M8AM"",""name"":""Repi"",""avatar"":""https://api.dicebear.com/8.x/rings/svg?seed=Repi""}},{""text"":""bottom"",""sender"":{""id"":""01M0WY1FH5WQS14DQ3V446M8AM"",""name"":""Repi"",""avatar"":""https://api.dicebear.com/8.x/rings/svg?seed=Repi""}}]",2026-08-25T17:41:33.03352977Z,"[1787679689214,1787679693045]",2026-08-25T17:41:33.047209445Z,,,true,2026-08-25T17:41:44.021735155Z,01M0WY1FH5WQS14DQ3V446M8AM,2026-08-25T17:40:59.662892818Z,"[""B3"",""D1"",""C2"",""A4""]",2026-08-25T17:07:32.328520433Z,true,2026-08-25T17:41:44.00989583Z,01M0WWQ9XT2Q7RF2RHNCTTRDNK,2026-08-25T17:07:32.328520433Z,30,2026-08-25T17:07:32.328520433Z,false,2026-08-25T17:40:59.85739541Z,01M0WY1V9QET0HYE5N0547967Y,2026-08-25T17:40:59.662892818Z,,,48,2026-08-25T17:07:32.328520433Z,12,2026-08-25T17:07:32.328520433Z,training,2026-08-25T17:07:32.328520433Z,2,2026-08-25T17:07:32.328520433Z,4,2026-08-25T17:07:32.328520433Z,/tangrams/279_244.png,2026-08-25T17:41:44.021735155Z,/tangrams/279_244.png,2026-08-25T17:41:40.875278877Z,1787679701392,2026-08-25T17:41:40.880453122Z,0,2026-08-25T17:07:32.328520433Z,2,2026-08-25T17:07:33.129468631Z,true,2026-08-25T17:40:59.615619995Z,"[""/tangrams/366_405.png"",""/tangrams/279_244.png"",""/tangrams/422_339.png"",""/tangrams/138_66.png""]",2026-08-25T17:07:32.328520433Z,/tangrams/279_244.png,2026-08-25T17:07:32.328520433Z,D1,2026-08-25T17:07:32.328520433Z,6,2026-08-25T17:07:32.328520433Z,29,2026-08-25T17:07:32.328520433Z
01M0WY9688S44V0CKEM1E0Z0CG,01M0WWQAZ72GMKNB5E8VWC3WG2,2026-08-25T17:07:57.832537624Z,"[{""text"":""very jagged shape. one triangle in bottom left. NOT the one the fills in the top right corner."",""sender"":{""id"":""01M0WXSYNRXCYGT80QAR430CBD"",""name"":""Repi"",""avatar"":""https://api.dicebear.com/8.x/rings/svg?seed=Repi""}}]",2026-08-25T17:44:36.634742445Z,[1787679876645],2026-08-25T17:44:36.647808154Z,,,true,2026-08-25T17:44:51.14917847Z,01M0WXSYNRXCYGT80QAR430CBD,2026-08-25T17:44:07.272197456Z,"[""A2"",""C2"",""B3"",""A4""]",2026-08-25T17:07:57.832537624Z,true,2026-08-25T17:44:51.133553833Z,01M0WWQAZPP7VBJF1WXDE2YKFW,2026-08-25T17:07:57.832537624Z,26,2026-08-25T17:07:57.832537624Z,false,2026-08-25T17:44:07.521797198Z,01M0WY2T8PBZPVGKC7BWFHJ59J,2026-08-25T17:44:07.272197456Z,,,48,2026-08-25T17:07:57.832537624Z,12,2026-08-25T17:07:57.832537624Z,training,2026-08-25T17:07:57.832537624Z,2,2026-08-25T17:07:57.832537624Z,4,2026-08-25T17:07:57.832537624Z,/tangrams/66_441.png,2026-08-25T17:44:51.14917847Z,/tangrams/66_441.png,2026-08-25T17:44:48.000420172Z,1787679888930,2026-08-25T17:44:47.988835Z,1,2026-08-25T17:07:57.832537624Z,2,2026-08-25T17:07:58.726995097Z,true,2026-08-25T17:44:07.232353284Z,"[""/tangrams/66_441.png"",""/tangrams/202_441.png"",""/tangrams/348_24.png"",""/tangrams/66_464.png""]",2026-08-25T17:07:57.832537624Z,/tangrams/66_441.png,2026-08-25T17:07:57.832537624Z,A2,2026-08-25T17:07:57.832537624Z,2,2026-08-25T17:07:57.832537624Z,25,2026-08-25T17:07:57.832537624Z
01M0WXAW6PTDV3M2088Z1XCY5N,01M0WWQ73PEDYQHEYYBB88AXMD,2026-08-25T16:51:24.502971682Z,"[{""text"":""legs"",""sender"":{""id"":""01M0WX667JRE4461924BYZ6YJ1"",""name"":""Repi"",""avatar"":""https://api.dicebear.com/8.x/rings/svg?seed=Repi""}}]",2026-08-25T17:26:01.323873022Z,[1787678761333],2026-08-25T17:26:01.334840288Z,,,true,2026-08-25T17:26:11.917941063Z,01M0WX667JRE4461924BYZ6YJ1,2026-08-25T17:25:56.883801883Z,"[""C2"",""D1"",""A3"",""B4""]",2026-08-25T16:51:24.502971682Z,true,2026-08-25T17:26:11.907676365Z,01M0WWQ74H7CSGCPAHPDSCJ0PV,2026-08-25T16:51:24.502971682Z,44,2026-08-25T16:51:24.502971682Z,false,2026-08-25T17:25:56.987633294Z,01M0WX9MXH1SX7Q50079HW9F7E,2026-08-25T17:25:56.883801883Z,,,48,2026-08-25T16:51:24.502971682Z,12,2026-08-25T16:51:24.502971682Z,training,2026-08-25T16:51:24.502971682Z,3,2026-08-25T16:51:24.502971682Z,4,2026-08-25T16:51:24.502971682Z,/tangrams/138_405.png,2026-08-25T17:26:11.917941063Z,/tangrams/138_405.png,2026-08-25T17:26:08.790963324Z,1787678768657,2026-08-25T17:26:08.782337555Z,0,2026-08-25T16:51:24.502971682Z,2,2026-08-25T16:51:25.414125194Z,true,2026-08-25T17:25:56.84392341Z,"[""/tangrams/422_339.png"",""/tangrams/279_244.png"",""/tangrams/138_405.png"",""/tangrams/366_66.png""]",2026-08-25T16:51:24.502971682Z,/tangrams/138_405.png,2026-08-25T16:51:24.502971682Z,A3,2026-08-25T16:51:24.502971682Z,8,2026-08-25T16:51:24.502971682Z,43,2026-08-25T16:51:24.502971682Z
01M0WXAW6YYZQTD5X1XXN5NZ4K,01M0WWQ73PEDYQHEYYBB88AXMD,2026-08-25T16:51:24.510122505Z,"[{""text"":""On the bottom it looks like two legs facing left,"",""sender"":{""id"":""01M0WX9MXH1SX7Q50079HW9F7E"",""name"":""Minu"",""avatar"":""https://api.dicebear.com/8.x/rings/svg?seed=Minu""}}]",2026-08-25T17:09:54.595635958Z,[1787677794602],2026-08-25T17:09:54.605598542Z,,,true,2026-08-25T17:10:01.116186346Z,01M0WX9MXH1SX7Q50079HW9F7E,2026-08-25T17:09:40.466099875Z,"[""C1"",""D3"",""A2"",""B4""]",2026-08-25T16:51:24.510122505Z,true,2026-08-25T17:10:01.095788061Z,01M0WWQ74H7CSGCPAHPDSCJ0PV,2026-08-25T16:51:24.510122505Z,3,2026-08-25T16:51:24.510122505Z,false,2026-08-25T17:09:40.563569464Z,01M0WX667JRE4461924BYZ6YJ1,2026-08-25T17:09:40.466099875Z,,,48,2026-08-25T16:51:24.510122505Z,12,2026-08-25T16:51:24.510122505Z,training,2026-08-25T16:51:24.510122505Z,0,2026-08-25T16:51:24.510122505Z,4,2026-08-25T16:51:24.510122505Z,/tangrams/279_405.png,2026-08-25T17:10:01.116186346Z,/tangrams/279_405.png,2026-08-25T17:09:57.97446891Z,1787677797956,2026-08-25T17:09:57.971027641Z,0,2026-08-25T16:51:24.510122505Z,2,2026-08-25T16:51:24.7474757Z,true,2026-08-25T17:09:40.428103246Z,"[""/tangrams/422_244.png"",""/tangrams/279_405.png"",""/tangrams/138_339.png"",""/tangrams/366_66.png""]",2026-08-25T16:51:24.510122505Z,/tangrams/279_405.png,2026-08-25T16:51:24.510122505Z,D3,2026-08-25T16:51:24.510122505Z,3,2026-08-25T16:51:24.510122505Z,2,2026-08-25T16:51:24.510122505Z
01M0WXGEBVBSBERJS28AMCMGWM,01M0WWQ73PEDYQHEYYBB88AXMD,2026-08-25T16:54:26.939822033Z,"[{""text"":""little white roof at bottom, white trianlge at the top as well"",""sender"":{""id"":""01M0WWVKKHKMSSWB9WS1N6GRNZ"",""name"":""Repi"",""avatar"":""https://api.dicebear.com/8.x/rings/svg?seed=Repi""}}]",2026-08-25T17:16:46.628442808Z,[1787678206636],2026-08-25T17:16:46.637823159Z,,,false,2026-08-25T17:17:23.744119231Z,01M0WWVKKHKMSSWB9WS1N6GRNZ,2026-08-25T17:16:20.565875434Z,"[""D3"",""A2"",""D2"",""C4""]",2026-08-25T16:54:26.939822033Z,true,2026-08-25T17:17:23.731513642Z,01M0WWQ74ND1AHANTF309RNWJE,2026-08-25T16:54:26.939822033Z,10,2026-08-25T16:54:26.939822033Z,false,2026-08-25T17:16:20.823243773Z,01M0WX0T78NE9YVPZSCJ5NTGX1,2026-08-25T17:16:20.565875434Z,,,48,2026-08-25T16:54:26.939822033Z,12,2026-08-25T16:54:26.939822033Z,training,2026-08-25T16:54:26.939822033Z,0,2026-08-25T16:54:26.939822033Z,4,2026-08-25T16:54:26.939822033Z,,2026-08-25T17:17:23.744119231Z,,2026-08-25T16:54:26.939822033Z,,,0,2026-08-25T16:54:26.939822033Z,2,2026-08-25T16:54:27.415361268Z,true,2026-08-25T17:16:20.526836729Z,"[""/tangrams/279_405.png"",""/tangrams/138_339.png"",""/tangrams/279_339.png"",""/tangrams/422_66.png""]",2026-08-25T16:54:26.939822033Z,/tangrams/279_339.png,2026-08-25T16:54:26.939822033Z,D2,2026-08-25T16:54:26.939822033Z,10,2026-08-25T16:54:26.939822033Z,9,2026-08-25T16:54:26.939822033Z
01M0WY4EZ6R5AE8C9WPZ8V45HB,01M0WWQ9XB6TMTWDYN7GB59TN7,2026-08-25T17:05:22.918655947Z,"[{""text"":""white center, chimney above"",""sender"":{""id"":""01M0WY0C090AZDG2K9X542KKDB"",""name"":""Repi"",""avatar"":""https://api.dicebear.com/8.x/rings/svg?seed=Repi""}}]",2026-08-25T17:26:35.473711924Z,[1787678795483],2026-08-25T17:26:35.484746935Z,,,true,2026-08-25T17:26:40.269572601Z,01M0WY0C090AZDG2K9X542KKDB,2026-08-25T17:26:19.715883459Z,"[""F6"",""F8"",""F4"",""F3""]",2026-08-25T17:05:22.918655947Z,true,2026-08-25T17:26:40.253076297Z,01M0WWQ9XVXJV1JR4118CY5W09,2026-08-25T17:05:22.918655947Z,36,2026-08-25T17:05:22.918655947Z,false,2026-08-25T17:26:19.924803659Z,01M0WY0ENCGBGZ9MKY7CZKA71D,2026-08-25T17:26:19.715883459Z,,,48,2026-08-25T17:05:22.918655947Z,12,2026-08-25T17:05:22.918655947Z,training,2026-08-25T17:05:22.918655947Z,2,2026-08-25T17:05:22.918655947Z,4,2026-08-25T17:05:22.918655947Z,/tangrams/37_144.png,2026-08-25T17:26:40.269572601Z,/tangrams/37_144.png,2026-08-25T17:26:37.143870704Z,1787678797168,2026-08-25T17:26:37.137752611Z,0,2026-08-25T17:05:22.918655947Z,2,2026-08-25T17:05:23.713107899Z,true,2026-08-25T17:26:19.675834992Z,"[""/tangrams/134_125.png"",""/tangrams/37_144.png"",""/tangrams/434_227.png"",""/tangrams/170_154.png""]",2026-08-25T17:05:22.918655947Z,/tangrams/37_144.png,2026-08-25T17:05:22.918655947Z,F8,2026-08-25T17:05:22.918655947Z,12,2026-08-25T17:05:22.918655947Z,35,2026-08-25T17:05:22.918655947Z
01M0WY7GA4FPC9GGZ9HZ3TZ5ZS,01M0WWQ9XB6TMTWDYN7GB59TN7,2026-08-25T17:07:02.597026272Z,"[{""text"":""traingle with a house in it"",""sender"":{""id"":""01M0WXR5QX7RT0467EJCPJ9Y2Y"",""name"":""Repi"",""avatar"":""https://api.dicebear.com/8.x/rings/svg?seed=Repi""}},{""text"":""but a triangle pointing upwards"",""sender"":{""id"":""01M0WXR5QX7RT0467EJCPJ9Y2Y"",""name"":""Repi"",""avatar"":""https://api.dicebear.com/8.x/rings/svg?seed=Repi""}},{""text"":""with stairs"",""sender"":{""id"":""01M0WXR5QX7RT0467EJCPJ9Y2Y"",""name"":""Repi"",""avatar"":""https://api.dicebear.com/8.x/rings/svg?seed=Repi""}},{""text"":""n boot"",""sender"":{""id"":""01M0WXR5QX7RT0467EJCPJ9Y2Y"",""name"":""Repi"",""avatar"":""https://api.dicebear.com/8.x/rings/svg?seed=Repi""}},{""text"":""quite open"",""sender"":{""id"":""01M0WXR5QX7RT0467EJCPJ9Y2Y"",""name"":""Repi"",""avatar"":""https://api.dicebear.com/8.x/rings/svg?seed=Repi""}},{""text"":""lot of white"",""sender"":{""id"":""01M0WXR5QX7RT0467EJCPJ9Y2Y"",""name"":""Repi"",""avatar"":""https://api.dicebear.com/8.x/rings/svg?seed=Repi""}}]",2026-08-25T17:43:31.907565477Z,"[1787679797326,1787679802610,1787679804420,1787679806014,1787679808312,1787679811918]",2026-08-25T17:43:31.920108408Z,,,true,2026-08-25T17:43:43.156527632Z,01M0WXR5QX7RT0467EJCPJ9Y2Y,2026-08-25T17:43:08.480123389Z,"[""D2"",""B4"",""B3"",""A3""]",2026-08-25T17:07:02.597026272Z,true,2026-08-25T17:43:43.145670754Z,01M0WWQ9XW83PGVA4HF3WT9HVR,2026-08-25T17:07:02.597026272Z,42,2026-08-25T17:07:02.597026272Z,false,2026-08-25T17:43:08.853129598Z,01M0WY0ECEQWZG8FEZD72ENETD,2026-08-25T17:43:08.480123389Z,,,48,2026-08-25T17:07:02.597026272Z,12,2026-08-25T17:07:02.597026272Z,training,2026-08-25T17:07:02.597026272Z,3,2026-08-25T17:07:02.597026272Z,4,2026-08-25T17:07:02.597026272Z,/tangrams/366_405.png,2026-08-25T17:43:43.156527632Z,/tangrams/366_405.png,2026-08-25T17:43:40.007444866Z,1787679819554,2026-08-25T17:43:40.012985335Z,0,2026-08-25T17:07:02.597026272Z,2,2026-08-25T17:07:03.660908707Z,true,2026-08-25T17:43:08.429472024Z,"[""/tangrams/279_339.png"",""/tangrams/366_66.png"",""/tangrams/366_405.png"",""/tangrams/138_405.png""]",2026-08-25T17:07:02.597026272Z,/tangrams/366_405.png,2026-08-25T17:07:02.597026272Z,B3,2026-08-25T17:07:02.597026272Z,6,2026-08-25T17:07:02.597026272Z,41,2026-08-25T17:07:02.597026272Z
01M0WXAW4TBKW0X3CPSVPSAWN1,01M0WWQ73PEDYQHEYYBB88AXMD,2026-08-25T16:51:24.442280689Z,"[{""text"":""Black triangle and diamond at the bottom"",""sender"":{""id"":""01M0WX9MXH1SX7Q50079HW9F7E"",""name"":""Minu"",""avatar"":""https://api.dicebear.com/8.x/rings/svg?seed=Minu""}}]",2026-08-25T17:19:06.024609877Z,[1787678346033],2026-08-25T17:19:06.034871952Z,,,true,2026-08-25T17:19:11.685934321Z,01M0WX9MXH1SX7Q50079HW9F7E,2026-08-25T17:18:53.870949835Z,"[""C2"",""A4"",""B1"",""D3""]",2026-08-25T16:51:24.442280689Z,true,2026-08-25T17:19:11.670781414Z,01M0WWQ74H7CSGCPAHPDSCJ0PV,2026-08-25T16:51:24.442280689Z,23,2026-08-25T16:51:24.442280689Z,false,2026-08-25T17:18:54.062109104Z,01M0WX667JRE4461924BYZ6YJ1,2026-08-25T17:18:53.870949835Z,,,48,2026-08-25T16:51:24.442280689Z,12,2026-08-25T16:51:24.442280689Z,training,2026-08-25T16:51:24.442280689Z,1,2026-08-25T16:51:24.442280689Z,4,2026-08-25T16:51:24.442280689Z,/tangrams/366_244.png,2026-08-25T17:19:11.685934321Z,/tangrams/366_244.png,2026-08-25T17:19:08.566235524Z,1787678348547,2026-08-25T17:19:08.562249672Z,0,2026-08-25T16:51:24.442280689Z,2,2026-08-25T16:51:25.069117391Z,true,2026-08-25T17:18:53.827538385Z,"[""/tangrams/422_339.png"",""/tangrams/138_66.png"",""/tangrams/366_244.png"",""/tangrams/279_405.png""]",2026-08-25T16:51:24.442280689Z,/tangrams/366_244.png,2026-08-25T16:51:24.442280689Z,B1,2026-08-25T16:51:24.442280689Z,11,2026-08-25T16:51:24.442280689Z,22,2026-08-25T16:51:24.442280689Z
01M0WY4EZ5DRTYJZN8QAH74C6E,01M0WWQ9XB6TMTWDYN7GB59TN7,2026-08-25T17:05:22.917425699Z,"[{""text"":""like a house white center"",""sender"":{""id"":""01M0WY0C090AZDG2K9X542KKDB"",""name"":""Repi"",""avatar"":""https://api.dicebear.com/8.x/rings/svg?seed=Repi""}}]",2026-08-25T17:25:59.659033482Z,[1787678759668],2026-08-25T17:25:59.669866791Z,,,true,2026-08-25T17:26:05.188882207Z,01M0WY0C090AZDG2K9X542KKDB,2026-08-25T17:25:49.616321113Z,"[""F2"",""F5"",""F7"",""C3""]",2026-08-25T17:05:22.917425699Z,true,2026-08-25T17:26:05.172240695Z,01M0WWQ9XVXJV1JR4118CY5W09,2026-08-25T17:05:22.917425699Z,34,2026-08-25T17:05:22.917425699Z,false,2026-08-25T17:25:49.816702051Z,01M0WY0ENCGBGZ9MKY7CZKA71D,2026-08-25T17:25:49.616321113Z,,,48,2026-08-25T17:05:22.917425699Z,12,2026-08-25T17:05:22.917425699Z,training,2026-08-25T17:05:22.917425699Z,2,2026-08-25T17:05:22.917425699Z,4,2026-08-25T17:05:22.917425699Z,/tangrams/422_405.png,2026-08-25T17:26:05.188882207Z,/tangrams/422_405.png,2026-08-25T17:26:02.046544498Z,1787678762072,2026-08-25T17:26:02.041730902Z,0,2026-08-25T17:05:22.917425699Z,2,2026-08-25T17:05:23.684183215Z,true,2026-08-25T17:25:49.574423133Z,"[""/tangrams/290_64.png"",""/tangrams/456_48.png"",""/tangrams/411_352.png"",""/tangrams/422_405.png""]",2026-08-25T17:05:22.917425699Z,/tangrams/422_405.png,2026-08-25T17:05:22.917425699Z,C3,2026-08-25T17:05:22.917425699Z,10,2026-08-25T17:05:22.917425699Z,33,2026-08-25T17:05:22.917425699Z
01M0WY7G70RJ6BEM6PJX0VQ12E,01M0WWQ9XB6TMTWDYN7GB59TN7,2026-08-25T17:07:02.49675726Z,"[{""text"":""traingle with a shape that looks like a house inside of it"",""sender"":{""id"":""01M0WXR5QX7RT0467EJCPJ9Y2Y"",""name"":""Repi"",""avatar"":""https://api.dicebear.com/8.x/rings/svg?seed=Repi""}},{""text"":""bottom has traingle facing left"",""sender"":{""id"":""01M0WXR5QX7RT0467EJCPJ9Y2Y"",""name"":""Repi"",""avatar"":""https://api.dicebear.com/8.x/rings/svg?seed=Repi""}},{""text"":""and diamond attached"",""sender"":{""id"":""01M0WXR5QX7RT0467EJCPJ9Y2Y"",""name"":""Repi"",""avatar"":""https://api.dicebear.com/8.x/rings/svg?seed=Repi""}}]",2026-08-25T17:33:36.912723173Z,"[1787679208876,1787679214214,1787679216925]",2026-08-25T17:33:36.928076616Z,,,true,2026-08-25T17:33:50.236816162Z,01M0WXR5QX7RT0467EJCPJ9Y2Y,2026-08-25T17:33:16.00365627Z,"[""B1"",""D2"",""B3"",""C1""]",2026-08-25T17:07:02.49675726Z,true,2026-08-25T17:33:50.210029843Z,01M0WWQ9XW83PGVA4HF3WT9HVR,2026-08-25T17:07:02.49675726Z,18,2026-08-25T17:07:02.49675726Z,false,2026-08-25T17:33:16.264200701Z,01M0WY0ECEQWZG8FEZD72ENETD,2026-08-25T17:33:16.00365627Z,,,48,2026-08-25T17:07:02.49675726Z,12,2026-08-25T17:07:02.49675726Z,training,2026-08-25T17:07:02.49675726Z,1,2026-08-25T17:07:02.49675726Z,4,2026-08-25T17:07:02.49675726Z,/tangrams/366_244.png,2026-08-25T17:33:50.236816162Z,/tangrams/366_244.png,2026-08-25T17:33:46.99719712Z,1787679226536,2026-08-25T17:33:46.982448966Z,0,2026-08-25T17:07:02.49675726Z,2,2026-08-25T17:07:03.153151576Z,true,2026-08-25T17:33:15.923284904Z,"[""/tangrams/366_244.png"",""/tangrams/279_339.png"",""/tangrams/366_405.png"",""/tangrams/422_244.png""]",2026-08-25T17:07:02.49675726Z,/tangrams/366_244.png,2026-08-25T17:07:02.49675726Z,B1,2026-08-25T17:07:02.49675726Z,6,2026-08-25T17:07:02.49675726Z,17,2026-08-25T17:07:02.49675726Z
01M0WY7G8DGN0TZWCM79P6TSFG,01M0WWQ9XB6TMTWDYN7GB59TN7,2026-08-25T17:07:02.541844088Z,"[{""text"":""hallelujah hands"",""sender"":{""id"":""01M0WXR5QX7RT0467EJCPJ9Y2Y"",""name"":""Repi"",""avatar"":""https://api.dicebear.com/8.x/rings/svg?seed=Repi""}},{""text"":""with stairs"",""sender"":{""id"":""01M0WXR5QX7RT0467EJCPJ9Y2Y"",""name"":""Repi"",""avatar"":""https://api.dicebear.com/8.x/rings/svg?seed=Repi""}},{""text"":""n boot"",""sender"":{""id"":""01M0WXR5QX7RT0467EJCPJ9Y2Y"",""name"":""Repi"",""avatar"":""https://api.dicebear.com/8.x/rings/svg?seed=Repi""}}]",2026-08-25T17:40:28.852062467Z,"[1787679625705,1787679627342,1787679628862]",2026-08-25T17:40:28.864174725Z,,,true,2026-08-25T17:40:35.552352982Z,01M0WXR5QX7RT0467EJCPJ9Y2Y,2026-08-25T17:40:19.813697987Z,"[""A4"",""D3"",""D1"",""B3""]",2026-08-25T17:07:02.541844088Z,true,2026-08-25T17:40:35.514706476Z,01M0WWQ9XW83PGVA4HF3WT9HVR,2026-08-25T17:07:02.541844088Z,34,2026-08-25T17:07:02.541844088Z,false,2026-08-25T17:40:20.090073036Z,01M0WY0ECEQWZG8FEZD72ENETD,2026-08-25T17:40:19.813697987Z,,,48,2026-08-25T17:07:02.541844088Z,12,2026-08-25T17:07:02.541844088Z,training,2026-08-25T17:07:02.541844088Z,2,2026-08-25T17:07:02.541844088Z,4,2026-08-25T17:07:02.541844088Z,/tangrams/279_405.png,2026-08-25T17:40:35.552352982Z,/tangrams/279_405.png,2026-08-25T17:40:32.378998533Z,1787679631938,2026-08-25T17:40:32.384145895Z,0,2026-08-25T17:07:02.541844088Z,2,2026-08-25T17:07:03.49190158Z,true,2026-08-25T17:40:19.760216825Z,"[""/tangrams/138_66.png"",""/tangrams/279_405.png"",""/tangrams/279_244.png"",""/tangrams/366_405.png""]",2026-08-25T17:07:02.541844088Z,/tangrams/279_405.png,2026-08-25T17:07:02.541844088Z,D3,2026-08-25T17:07:02.541844088Z,10,2026-08-25T17:07:02.541844088Z,33,2026-08-25T17:07:02.541844088Z
01M0WY8D5H19JVCFN9TJ651611,01M0WWQ9XB6TMTWDYN7GB59TN7,2026-08-25T17:07:32.145969534Z,"[{""text"":""the only one that has got white diagonal inside"",""sender"":{""id"":""01M0WY1V9QET0HYE5N0547967Y"",""name"":""Minu"",""avatar"":""https://api.dicebear.com/8.x/rings/svg?seed=Minu""}}]",2026-08-25T17:43:26.303075378Z,[1787679806314],2026-08-25T17:43:26.316737634Z,,,true,2026-08-25T17:43:33.618257561Z,01M0WY1V9QET0HYE5N0547967Y,2026-08-25T17:42:56.895047949Z,"[""D3"",""C4"",""B1"",""A2""]",2026-08-25T17:07:32.145969534Z,true,2026-08-25T17:43:33.581813905Z,01M0WWQ9XT2Q7RF2RHNCTTRDNK,2026-08-25T17:07:32.145969534Z,33,2026-08-25T17:07:32.145969534Z,false,2026-08-25T17:42:57.048707218Z,01M0WY1FH5WQS14DQ3V446M8AM,2026-08-25T17:42:56.895047949Z,,,48,2026-08-25T17:07:32.145969534Z,12,2026-08-25T17:07:32.145969534Z,training,2026-08-25T17:07:32.145969534Z,2,2026-08-25T17:07:32.145969534Z,4,2026-08-25T17:07:32.145969534Z,/tangrams/422_66.png,2026-08-25T17:43:33.618257561Z,/tangrams/422_66.png,2026-08-25T17:43:30.424748454Z,1787679810204,2026-08-25T17:43:30.415756822Z,0,2026-08-25T17:07:32.145969534Z,2,2026-08-25T17:07:33.180912966Z,true,2026-08-25T17:42:56.856430274Z,"[""/tangrams/279_405.png"",""/tangrams/422_66.png"",""/tangrams/366_244.png"",""/tangrams/138_339.png""]",2026-08-25T17:07:32.145969534Z,/tangrams/422_66.png,2026-08-25T17:07:32.145969534Z,C4,2026-08-25T17:07:32.145969534Z,9,2026-08-25T17:07:32.145969534Z,32,2026-08-25T17:07:32.145969534Z
01M0WY8DAJMQJXVH4308ZTFPQB,01M0WWQ9XB6TMTWDYN7GB59TN7,2026-08-25T17:07:32.30621782Z,"[{""text"":""a small diagonal on top of a hat"",""sender"":{""id"":""01M0WY1V9QET0HYE5N0547967Y"",""name"":""Minu"",""avatar"":""https://api.dicebear.com/8.x/rings/svg?seed=Minu""}}]",2026-08-25T17:38:23.715373071Z,[1787679503725],2026-08-25T17:38:23.72842831Z,,,true,2026-08-25T17:38:33.372912652Z,01M0WY1V9QET0HYE5N0547967Y,2026-08-25T17:38:02.377486692Z,"[""B3"",""A4"",""C1"",""D2""]",2026-08-25T17:07:32.30621782Z,true,2026-08-25T17:38:33.360701673Z,01M0WWQ9XT2Q7RF2RHNCTTRDNK,2026-08-25T17:07:32.30621782Z,25,2026-08-25T17:07:32.30621782Z,false,2026-08-25T17:38:02.531825955Z,01M0WY1FH5WQS14DQ3V446M8AM,2026-08-25T17:38:02.377486692Z,,,48,2026-08-25T17:07:32.30621782Z,12,2026-08-25T17:07:32.30621782Z,training,2026-08-25T17:07:32.30621782Z,2,2026-08-25T17:07:32.30621782Z,4,2026-08-25T17:07:32.30621782Z,/tangrams/138_66.png,2026-08-25T17:38:33.372912652Z,/tangrams/138_66.png,2026-08-25T17:38:30.210676448Z,1787679510003,2026-08-25T17:38:30.205636572Z,0,2026-08-25T17:07:32.30621782Z,2,2026-08-25T17:07:33.032606458Z,true,2026-08-25T17:38:02.335023227Z,"[""/tangrams/366_405.png"",""/tangrams/138_66.png"",""/tangrams/422_244.png"",""/tangrams/279_339.png""]",2026-08-25T17:07:32.30621782Z,/tangrams/138_66.png,2026-08-25T17:07:32.30621782Z,A4,2026-08-25T17:07:32.30621782Z,1,2026-08-25T17:07:32.30621782Z,24,2026-08-25T17:07:32.30621782Z
01M0WY8WM14112NAT8NTJNDQ6G,01M0WWQAZ72GMKNB5E8VWC3WG2,2026-08-25T17:07:47.969248159Z,"[{""text"":""a separate v shape at the bottom and above a square with lines diagonally"",""sender"":{""id"":""01M0WY09KXZQGZCXQXZTYFDW8C"",""name"":""Repi"",""avatar"":""https://api.dicebear.com/8.x/rings/svg?seed=Repi""}}]",2026-08-25T17:24:06.558064808Z,[1787678646566],2026-08-25T17:24:06.56837362Z,,,true,2026-08-25T17:24:13.689106707Z,01M0WY09KXZQGZCXQXZTYFDW8C,2026-08-25T17:23:43.857640012Z,"[""A1"",""F3"",""D4"",""B2""]",2026-08-25T17:07:47.969248159Z,true,2026-08-25T17:24:13.672001871Z,01M0WWQAZTRSENW9JN2FSQ4BA7,2026-08-25T17:07:47.969248159Z,24,2026-08-25T17:07:47.969248159Z,false,2026-08-25T17:23:43.987600626Z,01M0WY0YPE1FGB7GNWHKCY08ZN,2026-08-25T17:23:43.857640012Z,,,48,2026-08-25T17:07:47.969248159Z,12,2026-08-25T17:07:47.969248159Z,training,2026-08-25T17:07:47.969248159Z,1,2026-08-25T17:07:47.969248159Z,4,2026-08-25T17:07:47.969248159Z,/tangrams/170_154.png,2026-08-25T17:24:13.689106707Z,/tangrams/170_154.png,2026-08-25T17:24:10.56524896Z,1787678650597,2026-08-25T17:24:10.554336196Z,0,2026-08-25T17:07:47.969248159Z,2,2026-08-25T17:07:48.787593651Z,true,2026-08-25T17:23:43.812319536Z,"[""/tangrams/138_244.png"",""/tangrams/170_154.png"",""/tangrams/279_66.png"",""/tangrams/366_339.png""]",2026-08-25T17:07:47.969248159Z,/tangrams/170_154.png,2026-08-25T17:07:47.969248159Z,F3,2026-08-25T17:07:47.969248159Z,12,2026-08-25T17:07:47.969248159Z,23,2026-08-25T17:07:47.969248159Z
01M0WY968QT4TMW1TREP95C7BN,01M0WWQAZ72GMKNB5E8VWC3WG2,2026-08-25T17:07:57.847200538Z,"[{""text"":""small triang;e on left"",""sender"":{""id"":""01M0WY2T8PBZPVGKC7BWFHJ59J"",""name"":""Minu"",""avatar"":""https://api.dicebear.com/8.x/rings/svg?seed=Minu""}},{""text"":""arrow pointing top right"",""sender"":{""id"":""01M0WY2T8PBZPVGKC7BWFHJ59J"",""name"":""Minu"",""avatar"":""https://api.dicebear.com/8.x/rings/svg?seed=Minu""}}]",2026-08-25T17:53:45.257645447Z,"[1787680418641,1787680425269]",2026-08-25T17:53:45.274848327Z,,,true,2026-08-25T17:53:50.61504773Z,01M0WY2T8PBZPVGKC7BWFHJ59J,2026-08-25T17:53:28.743903501Z,"[""C2"",""B4"",""A2"",""C1""]",2026-08-25T17:07:57.847200538Z,true,2026-08-25T17:53:50.600453528Z,01M0WWQAZPP7VBJF1WXDE2YKFW,2026-08-25T17:07:57.847200538Z,45,2026-08-25T17:07:57.847200538Z,false,2026-08-25T17:53:28.982114758Z,01M0WXSYNRXCYGT80QAR430CBD,2026-08-25T17:53:28.743903501Z,,,48,2026-08-25T17:07:57.847200538Z,12,2026-08-25T17:07:57.847200538Z,training,2026-08-25T17:07:57.847200538Z,3,2026-08-25T17:07:57.847200538Z,4,2026-08-25T17:07:57.847200538Z,/tangrams/202_441.png,2026-08-25T17:53:50.61504773Z,/tangrams/202_441.png,2026-08-25T17:53:47.445749908Z,1787680427982,2026-08-25T17:53:47.451437431Z,1,2026-08-25T17:07:57.847200538Z,2,2026-08-25T17:07:59.09550758Z,true,2026-08-25T17:53:28.572711476Z,"[""/tangrams/202_441.png"",""/tangrams/348_464.png"",""/tangrams/66_441.png"",""/tangrams/202_314.png""]",2026-08-25T17:07:57.847200538Z,/tangrams/202_441.png,2026-08-25T17:07:57.847200538Z,C2,2026-08-25T17:07:57.847200538Z,9,2026-08-25T17:07:57.847200538Z,44,2026-08-25T17:07:57.847200538Z
01M0WXAW6DN75RG9NG85N56X3P,01M0WWQ73PEDYQHEYYBB88AXMD,2026-08-25T16:51:24.493774147Z,"[{""text"":""Black triangle and diamond at the bottom"",""sender"":{""id"":""01M0WX9MXH1SX7Q50079HW9F7E"",""name"":""Minu"",""avatar"":""https://api.dicebear.com/8.x/rings/svg?seed=Minu""}}]",2026-08-25T17:21:26.264681471Z,[1787678486273],2026-08-25T17:21:26.274984244Z,,,true,2026-08-25T17:21:38.003175958Z,01M0WX9MXH1SX7Q50079HW9F7E,2026-08-25T17:21:22.96475111Z,"[""C1"",""B4"",""A3"",""D2""]",2026-08-25T16:51:24.493774147Z,true,2026-08-25T17:21:37.986540458Z,01M0WWQ74H7CSGCPAHPDSCJ0PV,2026-08-25T16:51:24.493774147Z,31,2026-08-25T16:51:24.493774147Z,false,2026-08-25T17:21:23.085393775Z,01M0WX667JRE4461924BYZ6YJ1,2026-08-25T17:21:22.96475111Z,,,48,2026-08-25T16:51:24.493774147Z,12,2026-08-25T16:51:24.493774147Z,training,2026-08-25T16:51:24.493774147Z,2,2026-08-25T16:51:24.493774147Z,4,2026-08-25T16:51:24.493774147Z,/tangrams/422_244.png,2026-08-25T17:21:38.003175958Z,/tangrams/422_244.png,2026-08-25T17:21:34.870750196Z,1787678494851,2026-08-25T17:21:34.866538754Z,0,2026-08-25T16:51:24.493774147Z,2,2026-08-25T16:51:25.19278727Z,true,2026-08-25T17:21:22.928775357Z,"[""/tangrams/422_244.png"",""/tangrams/366_66.png"",""/tangrams/138_405.png"",""/tangrams/279_339.png""]",2026-08-25T16:51:24.493774147Z,/tangrams/422_244.png,2026-08-25T16:51:24.493774147Z,C1,2026-08-25T16:51:24.493774147Z,7,2026-08-25T16:51:24.493774147Z,30,2026-08-25T16:51:24.493774147Z
01M0WY8WK6JZEK5ZFGZ5FY3RA6,01M0WWQAZ72GMKNB5E8VWC3WG2,2026-08-25T17:07:47.942567173Z,"[{""text"":""skinny neck, spikes on side of head"",""sender"":{""id"":""01M0WY0YPE1FGB7GNWHKCY08ZN"",""name"":""Minu"",""avatar"":""https://api.dicebear.com/8.x/rings/svg?seed=Minu""}}]",2026-08-25T17:25:08.927194197Z,[1787678708935],2026-08-25T17:25:08.937447553Z,,,true,2026-08-25T17:25:15.510260877Z,01M0WY0YPE1FGB7GNWHKCY08ZN,2026-08-25T17:24:56.918108816Z,"[""D4"",""F2"",""B2"",""F1""]",2026-08-25T17:07:47.942567173Z,true,2026-08-25T17:25:15.493930075Z,01M0WWQAZTRSENW9JN2FSQ4BA7,2026-08-25T17:07:47.942567173Z,27,2026-08-25T17:07:47.942567173Z,false,2026-08-25T17:24:57.021883022Z,01M0WY09KXZQGZCXQXZTYFDW8C,2026-08-25T17:24:56.918108816Z,,,48,2026-08-25T17:07:47.942567173Z,12,2026-08-25T17:07:47.942567173Z,training,2026-08-25T17:07:47.942567173Z,2,2026-08-25T17:07:47.942567173Z,4,2026-08-25T17:07:47.942567173Z,/tangrams/290_64.png,2026-08-25T17:25:15.510260877Z,/tangrams/290_64.png,2026-08-25T17:25:12.396610098Z,1787678713780,2026-08-25T17:25:12.384388037Z,0,2026-08-25T17:07:47.942567173Z,2,2026-08-25T17:07:48.844698485Z,true,2026-08-25T17:24:56.873331437Z,"[""/tangrams/279_66.png"",""/tangrams/290_64.png"",""/tangrams/366_339.png"",""/tangrams/119_182.png""]",2026-08-25T17:07:47.942567173Z,/tangrams/290_64.png,2026-08-25T17:07:47.942567173Z,F2,2026-08-25T17:07:47.942567173Z,3,2026-08-25T17:07:47.942567173Z,26,2026-08-25T17:07:47.942567173Z
01M0WY8WKWTYA67J66DD7SXRRT,01M0WWQAZ72GMKNB5E8VWC3WG2,2026-08-25T17:07:47.964937597Z,"[{""text"":""it looks like a ship with a small square on top"",""sender"":{""id"":""01M0WY09KXZQGZCXQXZTYFDW8C"",""name"":""Repi"",""avatar"":""https://api.dicebear.com/8.x/rings/svg?seed=Repi""}}]",2026-08-25T17:21:35.494641944Z,[1787678495502],2026-08-25T17:21:35.50514103Z,,,true,2026-08-25T17:21:44.76658616Z,01M0WY09KXZQGZCXQXZTYFDW8C,2026-08-25T17:21:07.890580763Z,"[""A1"",""F8"",""F4"",""C3""]",2026-08-25T17:07:47.964937597Z,true,2026-08-25T17:21:44.753502465Z,01M0WWQAZTRSENW9JN2FSQ4BA7,2026-08-25T17:07:47.964937597Z,18,2026-08-25T17:07:47.964937597Z,false,2026-08-25T17:21:08.044592768Z,01M0WY0YPE1FGB7GNWHKCY08ZN,2026-08-25T17:21:07.890580763Z,,,48,2026-08-25T17:07:47.964937597Z,12,2026-08-25T17:07:47.964937597Z,training,2026-08-25T17:07:47.964937597Z,1,2026-08-25T17:07:47.964937597Z,4,2026-08-25T17:07:47.964937597Z,/tangrams/434_227.png,2026-08-25T17:21:44.76658616Z,/tangrams/434_227.png,2026-08-25T17:21:41.639940844Z,1787678501673,2026-08-25T17:21:41.635747664Z,0,2026-08-25T17:07:47.964937597Z,2,2026-08-25T17:07:48.686090535Z,true,2026-08-25T17:21:07.848716862Z,"[""/tangrams/138_244.png"",""/tangrams/37_144.png"",""/tangrams/434_227.png"",""/tangrams/422_405.png""]",2026-08-25T17:07:47.964937597Z,/tangrams/434_227.png,2026-08-25T17:07:47.964937597Z,F4,2026-08-25T17:07:47.964937597Z,6,2026-08-25T17:07:47.964937597Z,17,2026-08-25T17:07:47.964937597Z
01M0WY9680ZJQ90EFBQKN4G7W8,01M0WWQAZ72GMKNB5E8VWC3WG2,2026-08-25T17:07:57.824033237Z,"[{""text"":""tree on its side"",""sender"":{""id"":""01M0WY2T8PBZPVGKC7BWFHJ59J"",""name"":""Minu"",""avatar"":""https://api.dicebear.com/8.x/rings/svg?seed=Minu""}},{""text"":""no boat"",""sender"":{""id"":""01M0WY2T8PBZPVGKC7BWFHJ59J"",""name"":""Minu"",""avatar"":""https://api.dicebear.com/8.x/rings/svg?seed=Minu""}}]",2026-08-25T17:48:03.5891909Z,"[1787680080929,1787680083600]",2026-08-25T17:48:03.602661321Z,,,true,2026-08-25T17:48:10.306650823Z,01M0WY2T8PBZPVGKC7BWFHJ59J,2026-08-25T17:47:54.717077656Z,"[""B4"",""D1"",""C4"",""C2""]",2026-08-25T17:07:57.824033237Z,true,2026-08-25T17:48:10.277266951Z,01M0WWQAZPP7VBJF1WXDE2YKFW,2026-08-25T17:07:57.824033237Z,33,2026-08-25T17:07:57.824033237Z,false,2026-08-25T17:47:54.998211026Z,01M0WXSYNRXCYGT80QAR430CBD,2026-08-25T17:47:54.717077656Z,,,48,2026-08-25T17:07:57.824033237Z,12,2026-08-25T17:07:57.824033237Z,training,2026-08-25T17:07:57.824033237Z,2,2026-08-25T17:07:57.824033237Z,4,2026-08-25T17:07:57.824033237Z,/tangrams/202_464.png,2026-08-25T17:48:10.306650823Z,/tangrams/202_464.png,2026-08-25T17:48:07.065794412Z,1787680087654,2026-08-25T17:48:07.10748207Z,1,2026-08-25T17:07:57.824033237Z,2,2026-08-25T17:07:58.867932348Z,true,2026-08-25T17:47:54.669874916Z,"[""/tangrams/348_464.png"",""/tangrams/20_314.png"",""/tangrams/202_464.png"",""/tangrams/202_441.png""]",2026-08-25T17:07:57.824033237Z,/tangrams/202_464.png,2026-08-25T17:07:57.824033237Z,C4,2026-08-25T17:07:57.824033237Z,9,2026-08-25T17:07:57.824033237Z,32,2026-08-25T17:07:57.824033237Z
01M0WXAW6K6PD99RSMBBF8RKQJ,01M0WWQ73PEDYQHEYYBB88AXMD,2026-08-25T16:51:24.49983252Z,"[{""text"":""Black triangle and diamond at the bottom"",""sender"":{""id"":""01M0WX9MXH1SX7Q50079HW9F7E"",""name"":""Minu"",""avatar"":""https://api.dicebear.com/8.x/rings/svg?seed=Minu""}}]",2026-08-25T17:19:44.384613526Z,[1787678384392],2026-08-25T17:19:44.394378102Z,,,true,2026-08-25T17:19:53.557882099Z,01M0WX9MXH1SX7Q50079HW9F7E,2026-08-25T17:19:34.884072769Z,"[""A3"",""D2"",""B1"",""C4""]",2026-08-25T16:51:24.49983252Z,true,2026-08-25T17:19:53.54328758Z,01M0WWQ74H7CSGCPAHPDSCJ0PV,2026-08-25T16:51:24.49983252Z,25,2026-08-25T16:51:24.49983252Z,false,2026-08-25T17:19:34.987000371Z,01M0WX667JRE4461924BYZ6YJ1,2026-08-25T17:19:34.884072769Z,,,48,2026-08-25T16:51:24.49983252Z,12,2026-08-25T16:51:24.49983252Z,training,2026-08-25T16:51:24.49983252Z,2,2026-08-25T16:51:24.49983252Z,4,2026-08-25T16:51:24.49983252Z,/tangrams/366_244.png,2026-08-25T17:19:53.557882099Z,/tangrams/366_244.png,2026-08-25T17:19:50.429033784Z,1787678390407,2026-08-25T17:19:50.421441813Z,0,2026-08-25T16:51:24.49983252Z,2,2026-08-25T16:51:25.104042277Z,true,2026-08-25T17:19:34.835625007Z,"[""/tangrams/138_405.png"",""/tangrams/279_339.png"",""/tangrams/366_244.png"",""/tangrams/422_66.png""]",2026-08-25T16:51:24.49983252Z,/tangrams/366_244.png,2026-08-25T16:51:24.49983252Z,B1,2026-08-25T16:51:24.49983252Z,1,2026-08-25T16:51:24.49983252Z,24,2026-08-25T16:51:24.49983252Z
01M0WXGEB1H0731V7P9WGN6J4W,01M0WWQ73PEDYQHEYYBB88AXMD,2026-08-25T16:54:26.913447055Z,,,,,,,,,,,"[""D2"",""C2"",""C1"",""A4""]",2026-08-25T16:54:26.913447055Z,false,2026-08-25T16:54:26.913447055Z,01M0WWQ74ND1AHANTF309RNWJE,2026-08-25T16:54:26.913447055Z,41,2026-08-25T16:54:26.913447055Z,,,,,,,48,2026-08-25T16:54:26.913447055Z,12,2026-08-25T16:54:26.913447055Z,training,2026-08-25T16:54:26.913447055Z,3,2026-08-25T16:54:26.913447055Z,4,2026-08-25T16:54:26.913447055Z,,,,2026-08-25T16:54:26.913447055Z,,,0,2026-08-25T16:54:26.913447055Z,2,2026-08-25T16:54:27.966241016Z,false,2026-08-25T16:54:26.913447055Z,"[""/tangrams/279_339.png"",""/tangrams/422_339.png"",""/tangrams/422_244.png"",""/tangrams/138_66.png""]",2026-08-25T16:54:26.913447055Z,/tangrams/422_339.png,2026-08-25T16:54:26.913447055Z,C2,2026-08-25T16:54:26.913447055Z,5,2026-08-25T16:54:26.913447055Z,40,2026-08-25T16:54:26.913447055Z
01M0WYEES5EEZKYSZ21WBP6BJK,01M0WWQAZ72GMKNB5E8VWC3WG2,2026-08-25T17:10:50.405214762Z,,,,,,,,,,,"[""D3"",""B1"",""A2"",""C4""]",2026-08-25T17:10:50.405214762Z,false,2026-08-25T17:10:50.405214762Z,01M0WWQAZRRWZPK3N7VE24RFV2,2026-08-25T17:10:50.405214762Z,12,2026-08-25T17:10:50.405214762Z,,,,,,,48,2026-08-25T17:10:50.405214762Z,12,2026-08-25T17:10:50.405214762Z,training,2026-08-25T17:10:50.405214762Z,0,2026-08-25T17:10:50.405214762Z,4,2026-08-25T17:10:50.405214762Z,,,,2026-08-25T17:10:50.405214762Z,,,1,2026-08-25T17:10:50.405214762Z,2,2026-08-25T17:10:51.030631449Z,false,2026-08-25T17:10:50.405214762Z,"[""/tangrams/20_24.png"",""/tangrams/348_314.png"",""/tangrams/66_441.png"",""/tangrams/202_464.png""]",2026-08-25T17:10:50.405214762Z,/tangrams/348_314.png,2026-08-25T17:10:50.405214762Z,B1,2026-08-25T17:10:50.405214762Z,12,2026-08-25T17:10:50.405214762Z,11,2026-08-25T17:10:50.405214762Z
01M0WXEB77CNERR8NY3PEAJ4X0,01M0WWQ73PEDYQHEYYBB88AXMD,2026-08-25T16:53:18.183428158Z,,,,,,,,,,,"[""A1"",""F1"",""C3"",""D4""]",2026-08-25T16:53:18.183428158Z,false,2026-08-25T16:53:18.183428158Z,01M0WWQ74M3NWYAJGQB0ESKAD2,2026-08-25T16:53:18.183428158Z,40,2026-08-25T16:53:18.183428158Z,,,,,,,48,2026-08-25T16:53:18.183428158Z,12,2026-08-25T16:53:18.183428158Z,training,2026-08-25T16:53:18.183428158Z,3,2026-08-25T16:53:18.183428158Z,4,2026-08-25T16:53:18.183428158Z,,,,2026-08-25T16:53:18.183428158Z,,,0,2026-08-25T16:53:18.183428158Z,2,2026-08-25T16:53:19.163678815Z,false,2026-08-25T16:53:18.183428158Z,"[""/tangrams/138_244.png"",""/tangrams/119_182.png"",""/tangrams/422_405.png"",""/tangrams/279_66.png""]",2026-08-25T16:53:18.183428158Z,/tangrams/422_405.png,2026-08-25T16:53:18.183428158Z,C3,2026-08-25T16:53:18.183428158Z,4,2026-08-25T16:53:18.183428158Z,39,2026-08-25T16:53:18.183428158Z
01M0WY4ETPFD8J4A8P750KZVTQ,01M0WWQ9XB6TMTWDYN7GB59TN7,2026-08-25T17:05:22.774420103Z,"[{""text"":""diamond at top"",""sender"":{""id"":""01M0WY0ENCGBGZ9MKY7CZKA71D"",""name"":""Minu"",""avatar"":""https://api.dicebear.com/8.x/rings/svg?seed=Minu""}}]",2026-08-25T17:21:47.691832836Z,[1787678507700],2026-08-25T17:21:47.70176923Z,,,true,2026-08-25T17:21:53.268928911Z,01M0WY0ENCGBGZ9MKY7CZKA71D,2026-08-25T17:21:40.945855108Z,"[""F6"",""F7"",""F2"",""F4""]",2026-08-25T17:05:22.774420103Z,true,2026-08-25T17:21:53.236468618Z,01M0WWQ9XVXJV1JR4118CY5W09,2026-08-25T17:05:22.774420103Z,21,2026-08-25T17:05:22.774420103Z,false,2026-08-25T17:21:41.192633663Z,01M0WY0C090AZDG2K9X542KKDB,2026-08-25T17:21:40.945855108Z,,,48,2026-08-25T17:05:22.774420103Z,12,2026-08-25T17:05:22.774420103Z,training,2026-08-25T17:05:22.774420103Z,1,2026-08-25T17:05:22.774420103Z,4,2026-08-25T17:05:22.774420103Z,/tangrams/134_125.png,2026-08-25T17:21:53.268928911Z,/tangrams/134_125.png,2026-08-25T17:21:50.092516955Z,1787678510004,2026-08-25T17:21:50.095505805Z,0,2026-08-25T17:05:22.774420103Z,2,2026-08-25T17:05:23.458714786Z,true,2026-08-25T17:21:40.906890182Z,"[""/tangrams/134_125.png"",""/tangrams/411_352.png"",""/tangrams/290_64.png"",""/tangrams/434_227.png""]",2026-08-25T17:05:22.774420103Z,/tangrams/134_125.png,2026-08-25T17:05:22.774420103Z,F6,2026-08-25T17:05:22.774420103Z,9,2026-08-25T17:05:22.774420103Z,20,2026-08-25T17:05:22.774420103Z
01M0WY8D8AH379GKWXX8X3CQDX,01M0WWQ9XB6TMTWDYN7GB59TN7,2026-08-25T17:07:32.234414716Z,"[{""text"":""looks like a house with a black diamond on top"",""sender"":{""id"":""01M0WY1FH5WQS14DQ3V446M8AM"",""name"":""Repi"",""avatar"":""https://api.dicebear.com/8.x/rings/svg?seed=Repi""}}]",2026-08-25T17:32:35.860742189Z,[1787679155871],2026-08-25T17:32:35.87567845Z,,,true,2026-08-25T17:32:43.480344673Z,01M0WY1FH5WQS14DQ3V446M8AM,2026-08-25T17:32:16.009094577Z,"[""C2"",""A4"",""D1"",""B3""]",2026-08-25T17:07:32.234414716Z,true,2026-08-25T17:32:43.46871907Z,01M0WWQ9XT2Q7RF2RHNCTTRDNK,2026-08-25T17:07:32.234414716Z,16,2026-08-25T17:07:32.234414716Z,false,2026-08-25T17:32:16.224134206Z,01M0WY1V9QET0HYE5N0547967Y,2026-08-25T17:32:16.009094577Z,,,48,2026-08-25T17:07:32.234414716Z,12,2026-08-25T17:07:32.234414716Z,training,2026-08-25T17:07:32.234414716Z,1,2026-08-25T17:07:32.234414716Z,4,2026-08-25T17:07:32.234414716Z,/tangrams/138_66.png,2026-08-25T17:32:43.480344673Z,/tangrams/138_66.png,2026-08-25T17:32:40.318711309Z,1787679160846,2026-08-25T17:32:40.309272531Z,0,2026-08-25T17:07:32.234414716Z,2,2026-08-25T17:07:32.859745851Z,true,2026-08-25T17:32:15.912778196Z,"[""/tangrams/422_339.png"",""/tangrams/138_66.png"",""/tangrams/279_244.png"",""/tangrams/366_405.png""]",2026-08-25T17:07:32.234414716Z,/tangrams/138_66.png,2026-08-25T17:07:32.234414716Z,A4,2026-08-25T17:07:32.234414716Z,4,2026-08-25T17:07:32.234414716Z,15,2026-08-25T17:07:32.234414716Z
01M0WXGEBHPF26NRN7EFJBM92E,01M0WWQ73PEDYQHEYYBB88AXMD,2026-08-25T16:54:26.929094511Z,,,,,,,,,,,"[""C2"",""D2"",""C1"",""B4""]",2026-08-25T16:54:26.929094511Z,false,2026-08-25T16:54:26.929094511Z,01M0WWQ74ND1AHANTF309RNWJE,2026-08-25T16:54:26.929094511Z,32,2026-08-25T16:54:26.929094511Z,,,,,,,48,2026-08-25T16:54:26.929094511Z,12,2026-08-25T16:54:26.929094511Z,training,2026-08-25T16:54:26.929094511Z,2,2026-08-25T16:54:26.929094511Z,4,2026-08-25T16:54:26.929094511Z,,,,2026-08-25T16:54:26.929094511Z,,,0,2026-08-25T16:54:26.929094511Z,2,2026-08-25T16:54:27.791597419Z,false,2026-08-25T16:54:26.929094511Z,"[""/tangrams/422_339.png"",""/tangrams/279_339.png"",""/tangrams/422_244.png"",""/tangrams/366_66.png""]",2026-08-25T16:54:26.929094511Z,/tangrams/422_339.png,2026-08-25T16:54:26.929094511Z,C2,2026-08-25T16:54:26.929094511Z,8,2026-08-25T16:54:26.929094511Z,31,2026-08-25T16:54:26.929094511Z
01M0WY8D8B0J03X5MBCZMVMAG1,01M0WWQ9XB6TMTWDYN7GB59TN7,2026-08-25T17:07:32.235949343Z,"[{""text"":""your description are bad, not clear"",""sender"":{""id"":""01M0WY1FH5WQS14DQ3V446M8AM"",""name"":""Repi"",""avatar"":""https://api.dicebear.com/8.x/rings/svg?seed=Repi""}},{""text"":""got bull horn legs"",""sender"":{""id"":""01M0WY1V9QET0HYE5N0547967Y"",""name"":""Minu"",""avatar"":""https://api.dicebear.com/8.x/rings/svg?seed=Minu""}},{""text"":""write like me"",""sender"":{""id"":""01M0WY1FH5WQS14DQ3V446M8AM"",""name"":""Repi"",""avatar"":""https://api.dicebear.com/8.x/rings/svg?seed=Repi""}}]",2026-08-25T17:33:00.471284042Z,"[1787679175661,1787679176692,1787679180483]",2026-08-25T17:33:00.486558125Z,,,false,2026-08-25T17:33:10.665413804Z,01M0WY1V9QET0HYE5N0547967Y,2026-08-25T17:32:43.55038975Z,"[""C1"",""D2"",""A4"",""B3""]",2026-08-25T17:07:32.235949343Z,true,2026-08-25T17:33:10.645670076Z,01M0WWQ9XT2Q7RF2RHNCTTRDNK,2026-08-25T17:07:32.235949343Z,17,2026-08-25T17:07:32.235949343Z,false,2026-08-25T17:32:43.699835676Z,01M0WY1FH5WQS14DQ3V446M8AM,2026-08-25T17:32:43.55038975Z,,,48,2026-08-25T17:07:32.235949343Z,12,2026-08-25T17:07:32.235949343Z,training,2026-08-25T17:07:32.235949343Z,1,2026-08-25T17:07:32.235949343Z,4,2026-08-25T17:07:32.235949343Z,/tangrams/279_339.png,2026-08-25T17:33:10.665413804Z,/tangrams/279_339.png,2026-08-25T17:33:07.40723559Z,1787679187191,2026-08-25T17:33:07.40036236Z,0,2026-08-25T17:07:32.235949343Z,2,2026-08-25T17:07:32.874774838Z,true,2026-08-25T17:32:43.500681425Z,"[""/tangrams/422_244.png"",""/tangrams/279_339.png"",""/tangrams/138_66.png"",""/tangrams/366_405.png""]",2026-08-25T17:07:32.235949343Z,/tangrams/422_244.png,2026-08-25T17:07:32.235949343Z,C1,2026-08-25T17:07:32.235949343Z,5,2026-08-25T17:07:32.235949343Z,16,2026-08-25T17:07:32.235949343Z
01M0WY96EMB252B3TTX6S57116,01M0WWQAZ72GMKNB5E8VWC3WG2,2026-08-25T17:07:58.036480219Z,"[{""text"":""boat on side, rectangle empty in middle"",""sender"":{""id"":""01M0WY2T8PBZPVGKC7BWFHJ59J"",""name"":""Minu"",""avatar"":""https://api.dicebear.com/8.x/rings/svg?seed=Minu""}}]",2026-08-25T17:51:32.874671463Z,[1787680292886],2026-08-25T17:51:32.890283175Z,,,true,2026-08-25T17:51:41.831201538Z,01M0WY2T8PBZPVGKC7BWFHJ59J,2026-08-25T17:51:20.892191602Z,"[""B4"",""B3"",""D1"",""A3""]",2026-08-25T17:07:58.036480219Z,true,2026-08-25T17:51:41.812686158Z,01M0WWQAZPP7VBJF1WXDE2YKFW,2026-08-25T17:07:58.036480219Z,41,2026-08-25T17:07:58.036480219Z,false,2026-08-25T17:51:21.139545389Z,01M0WXSYNRXCYGT80QAR430CBD,2026-08-25T17:51:20.892191602Z,,,48,2026-08-25T17:07:58.036480219Z,12,2026-08-25T17:07:58.036480219Z,training,2026-08-25T17:07:58.036480219Z,3,2026-08-25T17:07:58.036480219Z,4,2026-08-25T17:07:58.036480219Z,/tangrams/348_24.png,2026-08-25T17:51:41.831201538Z,/tangrams/348_24.png,2026-08-25T17:51:38.586958034Z,1787680299146,2026-08-25T17:51:38.583280156Z,1,2026-08-25T17:07:58.036480219Z,2,2026-08-25T17:07:59.015728989Z,true,2026-08-25T17:51:20.84333896Z,"[""/tangrams/348_464.png"",""/tangrams/348_24.png"",""/tangrams/20_314.png"",""/tangrams/66_24.png""]",2026-08-25T17:07:58.036480219Z,/tangrams/348_24.png,2026-08-25T17:07:58.036480219Z,B3,2026-08-25T17:07:58.036480219Z,5,2026-08-25T17:07:58.036480219Z,40,2026-08-25T17:07:58.036480219Z
01M0WYEERETXTP9B2BVQZ6G9S1,01M0WWQAZ72GMKNB5E8VWC3WG2,2026-08-25T17:10:50.382978994Z,,,,,,,,,,,"[""D1"",""A3"",""C2"",""B4""]",2026-08-25T17:10:50.382978994Z,false,2026-08-25T17:10:50.382978994Z,01M0WWQAZRRWZPK3N7VE24RFV2,2026-08-25T17:10:50.382978994Z,16,2026-08-25T17:10:50.382978994Z,,,,,,,48,2026-08-25T17:10:50.382978994Z,12,2026-08-25T17:10:50.382978994Z,training,2026-08-25T17:10:50.382978994Z,1,2026-08-25T17:10:50.382978994Z,4,2026-08-25T17:10:50.382978994Z,,,,2026-08-25T17:10:50.382978994Z,,,1,2026-08-25T17:10:50.382978994Z,2,2026-08-25T17:10:51.178903823Z,false,2026-08-25T17:10:50.382978994Z,"[""/tangrams/20_314.png"",""/tangrams/66_24.png"",""/tangrams/202_441.png"",""/tangrams/348_464.png""]",2026-08-25T17:10:50.382978994Z,/tangrams/66_24.png,2026-08-25T17:10:50.382978994Z,A3,2026-08-25T17:10:50.382978994Z,4,2026-08-25T17:10:50.382978994Z,15,2026-08-25T17:10:50.382978994Z
01M0WYEETAJFQSQZNCPXAK162T,01M0WWQAZ72GMKNB5E8VWC3WG2,2026-08-25T17:10:50.442226235Z,,,,,,,,,,,"[""D3"",""B4"",""A2"",""C1""]",2026-08-25T17:10:50.442226235Z,false,2026-08-25T17:10:50.442226235Z,01M0WWQAZRRWZPK3N7VE24RFV2,2026-08-25T17:10:50.442226235Z,6,2026-08-25T17:10:50.442226235Z,,,,,,,48,2026-08-25T17:10:50.442226235Z,12,2026-08-25T17:10:50.442226235Z,training,2026-08-25T17:10:50.442226235Z,0,2026-08-25T17:10:50.442226235Z,4,2026-08-25T17:10:50.442226235Z,,,,2026-08-25T17:10:50.442226235Z,,,1,2026-08-25T17:10:50.442226235Z,2,2026-08-25T17:10:50.877157135Z,false,2026-08-25T17:10:50.442226235Z,"[""/tangrams/20_24.png"",""/tangrams/348_464.png"",""/tangrams/66_441.png"",""/tangrams/202_314.png""]",2026-08-25T17:10:50.442226235Z,/tangrams/66_441.png,2026-08-25T17:10:50.442226235Z,A2,2026-08-25T17:10:50.442226235Z,6,2026-08-25T17:10:50.442226235Z,5,2026-08-25T17:10:50.442226235Z
01M0WXAW6MCBTQKKX4ZYX2R8K5,01M0WWQ73PEDYQHEYYBB88AXMD,2026-08-25T16:51:24.500307203Z,"[{""text"":""black trinagle and diamond at the bottom"",""sender"":{""id"":""01M0WX667JRE4461924BYZ6YJ1"",""name"":""Repi"",""avatar"":""https://api.dicebear.com/8.x/rings/svg?seed=Repi""}}]",2026-08-25T17:18:47.600894617Z,[1787678327609],2026-08-25T17:18:47.61159504Z,,,true,2026-08-25T17:18:53.814387604Z,01M0WX667JRE4461924BYZ6YJ1,2026-08-25T17:18:34.182003043Z,"[""C1"",""B4"",""D3"",""A2""]",2026-08-25T16:51:24.500307203Z,true,2026-08-25T17:18:53.799444919Z,01M0WWQ74H7CSGCPAHPDSCJ0PV,2026-08-25T16:51:24.500307203Z,22,2026-08-25T16:51:24.500307203Z,false,2026-08-25T17:18:34.279988215Z,01M0WX9MXH1SX7Q50079HW9F7E,2026-08-25T17:18:34.182003043Z,,,48,2026-08-25T16:51:24.500307203Z,12,2026-08-25T16:51:24.500307203Z,training,2026-08-25T16:51:24.500307203Z,1,2026-08-25T16:51:24.500307203Z,4,2026-08-25T16:51:24.500307203Z,/tangrams/422_244.png,2026-08-25T17:18:53.814387604Z,/tangrams/422_244.png,2026-08-25T17:18:50.687353219Z,1787678330607,2026-08-25T17:18:50.691233643Z,0,2026-08-25T16:51:24.500307203Z,2,2026-08-25T16:51:25.052359573Z,true,2026-08-25T17:18:34.144116924Z,"[""/tangrams/422_244.png"",""/tangrams/366_66.png"",""/tangrams/279_405.png"",""/tangrams/138_339.png""]",2026-08-25T16:51:24.500307203Z,/tangrams/422_244.png,2026-08-25T16:51:24.500307203Z,C1,2026-08-25T16:51:24.500307203Z,10,2026-08-25T16:51:24.500307203Z,21,2026-08-25T16:51:24.500307203Z
01M0WXGEDE976CV4R6ABD5BYXF,01M0WWQ73PEDYQHEYYBB88AXMD,2026-08-25T16:54:26.990761597Z,,,,,,,,,,,"[""A4"",""C2"",""C1"",""B1""]",2026-08-25T16:54:26.990761597Z,false,2026-08-25T16:54:26.990761597Z,01M0WWQ74ND1AHANTF309RNWJE,2026-08-25T16:54:26.990761597Z,29,2026-08-25T16:54:26.990761597Z,,,,,,,48,2026-08-25T16:54:26.990761597Z,12,2026-08-25T16:54:26.990761597Z,training,2026-08-25T16:54:26.990761597Z,2,2026-08-25T16:54:26.990761597Z,4,2026-08-25T16:54:26.990761597Z,,,,2026-08-25T16:54:26.990761597Z,,,0,2026-08-25T16:54:26.990761597Z,2,2026-08-25T16:54:27.729640704Z,false,2026-08-25T16:54:26.990761597Z,"[""/tangrams/138_66.png"",""/tangrams/422_339.png"",""/tangrams/422_244.png"",""/tangrams/366_244.png""]",2026-08-25T16:54:26.990761597Z,/tangrams/422_244.png,2026-08-25T16:54:26.990761597Z,C1,2026-08-25T16:54:26.990761597Z,5,2026-08-25T16:54:26.990761597Z,28,2026-08-25T16:54:26.990761597Z
01M0WXGEFK5YNZB7CGP5X48KHH,01M0WWQ73PEDYQHEYYBB88AXMD,2026-08-25T16:54:27.059459212Z,"[{""text"":""Tower with white rectangle in the middle, 4 think spikes"",""sender"":{""id"":""01M0WWVKKHKMSSWB9WS1N6GRNZ"",""name"":""Repi"",""avatar"":""https://api.dicebear.com/8.x/rings/svg?seed=Repi""}},{""text"":""thin"",""sender"":{""id"":""01M0WWVKKHKMSSWB9WS1N6GRNZ"",""name"":""Repi"",""avatar"":""https://api.dicebear.com/8.x/rings/svg?seed=Repi""}}]",2026-08-25T17:10:20.299755213Z,"[1787677814183,1787677820307]",2026-08-25T17:10:20.310155248Z,,,true,2026-08-25T17:10:25.41149068Z,01M0WWVKKHKMSSWB9WS1N6GRNZ,2026-08-25T17:09:41.95680827Z,"[""C4"",""D1"",""A4"",""C2""]",2026-08-25T16:54:27.059459212Z,true,2026-08-25T17:10:25.400925335Z,01M0WWQ74ND1AHANTF309RNWJE,2026-08-25T16:54:27.059459212Z,2,2026-08-25T16:54:27.059459212Z,false,2026-08-25T17:09:42.141379146Z,01M0WX0T78NE9YVPZSCJ5NTGX1,2026-08-25T17:09:41.95680827Z,,,48,2026-08-25T16:54:27.059459212Z,12,2026-08-25T16:54:27.059459212Z,training,2026-08-25T16:54:27.059459212Z,0,2026-08-25T16:54:27.059459212Z,4,2026-08-25T16:54:27.059459212Z,/tangrams/422_66.png,2026-08-25T17:10:25.41149068Z,/tangrams/422_66.png,2026-08-25T17:10:22.296571719Z,1787677821331,2026-08-25T17:10:22.288793924Z,0,2026-08-25T16:54:27.059459212Z,2,2026-08-25T16:54:27.228609651Z,true,2026-08-25T17:09:41.921801329Z,"[""/tangrams/422_66.png"",""/tangrams/279_244.png"",""/tangrams/138_66.png"",""/tangrams/422_339.png""]",2026-08-25T16:54:27.059459212Z,/tangrams/422_66.png,2026-08-25T16:54:27.059459212Z,C4,2026-08-25T16:54:27.059459212Z,2,2026-08-25T16:54:27.059459212Z,1,2026-08-25T16:54:27.059459212Z
01M0WY4ETWYENNFCR5XNMMRH7C,01M0WWQ9XB6TMTWDYN7GB59TN7,2026-08-25T17:05:22.780144922Z,"[{""text"":""white center, chimney above"",""sender"":{""id"":""01M0WY0C090AZDG2K9X542KKDB"",""name"":""Repi"",""avatar"":""https://api.dicebear.com/8.x/rings/svg?seed=Repi""}}]",2026-08-25T17:22:43.684469795Z,[1787678563692],2026-08-25T17:22:43.694446841Z,,,true,2026-08-25T17:22:49.626551722Z,01M0WY0C090AZDG2K9X542KKDB,2026-08-25T17:22:30.45026856Z,"[""F8"",""F5"",""A1"",""D4""]",2026-08-25T17:05:22.780144922Z,true,2026-08-25T17:22:49.616758482Z,01M0WWQ9XVXJV1JR4118CY5W09,2026-08-25T17:05:22.780144922Z,24,2026-08-25T17:05:22.780144922Z,false,2026-08-25T17:22:30.634351968Z,01M0WY0ENCGBGZ9MKY7CZKA71D,2026-08-25T17:22:30.45026856Z,,,48,2026-08-25T17:05:22.780144922Z,12,2026-08-25T17:05:22.780144922Z,training,2026-08-25T17:05:22.780144922Z,1,2026-08-25T17:05:22.780144922Z,4,2026-08-25T17:05:22.780144922Z,/tangrams/37_144.png,2026-08-25T17:22:49.626551722Z,/tangrams/37_144.png,2026-08-25T17:22:46.503775268Z,1787678566526,2026-08-25T17:22:46.497891956Z,0,2026-08-25T17:05:22.780144922Z,2,2026-08-25T17:05:23.51148852Z,true,2026-08-25T17:22:30.408657169Z,"[""/tangrams/37_144.png"",""/tangrams/456_48.png"",""/tangrams/138_244.png"",""/tangrams/279_66.png""]",2026-08-25T17:05:22.780144922Z,/tangrams/37_144.png,2026-08-25T17:05:22.780144922Z,F8,2026-08-25T17:05:22.780144922Z,12,2026-08-25T17:05:22.780144922Z,23,2026-08-25T17:05:22.780144922Z
01M0WYEEW6Z8NADDX0KWCYEBWQ,01M0WWQAZ72GMKNB5E8VWC3WG2,2026-08-25T17:10:50.503027179Z,,,,,,,,,,,"[""B1"",""C4"",""D3"",""A2""]",2026-08-25T17:10:50.503027179Z,false,2026-08-25T17:10:50.503027179Z,01M0WWQAZRRWZPK3N7VE24RFV2,2026-08-25T17:10:50.503027179Z,43,2026-08-25T17:10:50.503027179Z,,,,,,,48,2026-08-25T17:10:50.503027179Z,12,2026-08-25T17:10:50.503027179Z,training,2026-08-25T17:10:50.503027179Z,3,2026-08-25T17:10:50.503027179Z,4,2026-08-25T17:10:50.503027179Z,,,,2026-08-25T17:10:50.503027179Z,,,1,2026-08-25T17:10:50.503027179Z,2,2026-08-25T17:10:51.862117062Z,false,2026-08-25T17:10:50.503027179Z,"[""/tangrams/348_314.png"",""/tangrams/202_464.png"",""/tangrams/20_24.png"",""/tangrams/66_441.png""]",2026-08-25T17:10:50.503027179Z,/tangrams/20_24.png,2026-08-25T17:10:50.503027179Z,D3,2026-08-25T17:10:50.503027179Z,7,2026-08-25T17:10:50.503027179Z,42,2026-08-25T17:10:50.503027179Z
01M0WXAW4SBEDQEAEQAVM9PYEG,01M0WWQ73PEDYQHEYYBB88AXMD,2026-08-25T16:51:24.44126315Z,"[{""text"":""legs facing left"",""sender"":{""id"":""01M0WX667JRE4461924BYZ6YJ1"",""name"":""Repi"",""avatar"":""https://api.dicebear.com/8.x/rings/svg?seed=Repi""}}]",2026-08-25T17:19:21.007551357Z,[1787678361015],2026-08-25T17:19:21.017268177Z,,,true,2026-08-25T17:19:34.822409173Z,01M0WX667JRE4461924BYZ6YJ1,2026-08-25T17:19:11.738241928Z,"[""D1"",""A4"",""B3"",""C2""]",2026-08-25T16:51:24.44126315Z,true,2026-08-25T17:19:34.812106383Z,01M0WWQ74H7CSGCPAHPDSCJ0PV,2026-08-25T16:51:24.44126315Z,24,2026-08-25T16:51:24.44126315Z,false,2026-08-25T17:19:11.841427369Z,01M0WX9MXH1SX7Q50079HW9F7E,2026-08-25T17:19:11.738241928Z,,,48,2026-08-25T16:51:24.44126315Z,12,2026-08-25T16:51:24.44126315Z,training,2026-08-25T16:51:24.44126315Z,1,2026-08-25T16:51:24.44126315Z,4,2026-08-25T16:51:24.44126315Z,/tangrams/366_405.png,2026-08-25T17:19:34.822409173Z,/tangrams/366_405.png,2026-08-25T17:19:31.699915424Z,1787678371609,2026-08-25T17:19:31.69730089Z,0,2026-08-25T16:51:24.44126315Z,2,2026-08-25T16:51:25.08607161Z,true,2026-08-25T17:19:11.69904909Z,"[""/tangrams/279_244.png"",""/tangrams/138_66.png"",""/tangrams/366_405.png"",""/tangrams/422_339.png""]",2026-08-25T16:51:24.44126315Z,/tangrams/366_405.png,2026-08-25T16:51:24.44126315Z,B3,2026-08-25T16:51:24.44126315Z,12,2026-08-25T16:51:24.44126315Z,23,2026-08-25T16:51:24.44126315Z
01M0WXEBC625QZT22K8TYMY4F4,01M0WWQ73PEDYQHEYYBB88AXMD,2026-08-25T16:53:18.342635688Z,,,,,,,,,,,"[""D4"",""A1"",""F7"",""F2""]",2026-08-25T16:53:18.342635688Z,false,2026-08-25T16:53:18.342635688Z,01M0WWQ74M3NWYAJGQB0ESKAD2,2026-08-25T16:53:18.342635688Z,30,2026-08-25T16:53:18.342635688Z,,,,,,,48,2026-08-25T16:53:18.342635688Z,12,2026-08-25T16:53:18.342635688Z,training,2026-08-25T16:53:18.342635688Z,2,2026-08-25T16:53:18.342635688Z,4,2026-08-25T16:53:18.342635688Z,,,,2026-08-25T16:53:18.342635688Z,,,0,2026-08-25T16:53:18.342635688Z,2,2026-08-25T16:53:18.942455725Z,false,2026-08-25T16:53:18.342635688Z,"[""/tangrams/279_66.png"",""/tangrams/138_244.png"",""/tangrams/411_352.png"",""/tangrams/290_64.png""]",2026-08-25T16:53:18.342635688Z,/tangrams/411_352.png,2026-08-25T16:53:18.342635688Z,F7,2026-08-25T16:53:18.342635688Z,6,2026-08-25T16:53:18.342635688Z,29,2026-08-25T16:53:18.342635688Z
01M0WY4EZ80NY4XRCDT9Z9RDKV,01M0WWQ9XB6TMTWDYN7GB59TN7,2026-08-25T17:05:22.920908905Z,"[{""text"":""like a boat or ship"",""sender"":{""id"":""01M0WY0C090AZDG2K9X542KKDB"",""name"":""Repi"",""avatar"":""https://api.dicebear.com/8.x/rings/svg?seed=Repi""}}]",2026-08-25T17:27:11.443555279Z,[1787678831453],2026-08-25T17:27:11.454632925Z,,,true,2026-08-25T17:27:17.241386133Z,01M0WY0C090AZDG2K9X542KKDB,2026-08-25T17:26:57.612213973Z,"[""F4"",""F2"",""C3"",""F8""]",2026-08-25T17:05:22.920908905Z,true,2026-08-25T17:27:17.22922871Z,01M0WWQ9XVXJV1JR4118CY5W09,2026-08-25T17:05:22.920908905Z,38,2026-08-25T17:05:22.920908905Z,false,2026-08-25T17:26:57.812665611Z,01M0WY0ENCGBGZ9MKY7CZKA71D,2026-08-25T17:26:57.612213973Z,,,48,2026-08-25T17:05:22.920908905Z,12,2026-08-25T17:05:22.920908905Z,training,2026-08-25T17:05:22.920908905Z,3,2026-08-25T17:05:22.920908905Z,4,2026-08-25T17:05:22.920908905Z,/tangrams/434_227.png,2026-08-25T17:27:17.241386133Z,/tangrams/434_227.png,2026-08-25T17:27:14.105480269Z,1787678834129,2026-08-25T17:27:14.100564628Z,0,2026-08-25T17:05:22.920908905Z,2,2026-08-25T17:05:23.748602598Z,true,2026-08-25T17:26:57.56883136Z,"[""/tangrams/434_227.png"",""/tangrams/290_64.png"",""/tangrams/422_405.png"",""/tangrams/37_144.png""]",2026-08-25T17:05:22.920908905Z,/tangrams/434_227.png,2026-08-25T17:05:22.920908905Z,F4,2026-08-25T17:05:22.920908905Z,2,2026-08-25T17:05:22.920908905Z,37,2026-08-25T17:05:22.920908905Z
01M0WY968D2ZQRADCEPA37XRWD,01M0WWQAZ72GMKNB5E8VWC3WG2,2026-08-25T17:07:57.837652159Z,"[{""text"":""large triangles pointing to the left. arrow pointing to the top right corner."",""sender"":{""id"":""01M0WXSYNRXCYGT80QAR430CBD"",""name"":""Repi"",""avatar"":""https://api.dicebear.com/8.x/rings/svg?seed=Repi""}}]",2026-08-25T17:54:12.283465609Z,[1787680452295],2026-08-25T17:54:12.299824759Z,,,true,2026-08-25T17:54:22.749761854Z,01M0WXSYNRXCYGT80QAR430CBD,2026-08-25T17:53:50.694059733Z,"[""C1"",""D1"",""C2"",""B3""]",2026-08-25T17:07:57.837652159Z,true,2026-08-25T17:54:22.732264719Z,01M0WWQAZPP7VBJF1WXDE2YKFW,2026-08-25T17:07:57.837652159Z,46,2026-08-25T17:07:57.837652159Z,false,2026-08-25T17:53:50.960758648Z,01M0WY2T8PBZPVGKC7BWFHJ59J,2026-08-25T17:53:50.694059733Z,,,48,2026-08-25T17:07:57.837652159Z,12,2026-08-25T17:07:57.837652159Z,training,2026-08-25T17:07:57.837652159Z,3,2026-08-25T17:07:57.837652159Z,4,2026-08-25T17:07:57.837652159Z,/tangrams/202_314.png,2026-08-25T17:54:22.749761854Z,/tangrams/202_314.png,2026-08-25T17:54:19.589135491Z,1787680460507,2026-08-25T17:54:19.585448803Z,1,2026-08-25T17:07:57.837652159Z,2,2026-08-25T17:07:59.116843119Z,true,2026-08-25T17:53:50.632756386Z,"[""/tangrams/202_314.png"",""/tangrams/20_314.png"",""/tangrams/202_441.png"",""/tangrams/348_24.png""]",2026-08-25T17:07:57.837652159Z,/tangrams/202_314.png,2026-08-25T17:07:57.837652159Z,C1,2026-08-25T17:07:57.837652159Z,10,2026-08-25T17:07:57.837652159Z,45,2026-08-25T17:07:57.837652159Z
01M0WYEEVMWB5EGVG2GWD5PPGS,01M0WWQAZ72GMKNB5E8VWC3WG2,2026-08-25T17:10:50.48452436Z,,,,,,,,,,,"[""B1"",""D3"",""C2"",""A4""]",2026-08-25T17:10:50.48452436Z,false,2026-08-25T17:10:50.48452436Z,01M0WWQAZRRWZPK3N7VE24RFV2,2026-08-25T17:10:50.48452436Z,30,2026-08-25T17:10:50.48452436Z,,,,,,,48,2026-08-25T17:10:50.48452436Z,12,2026-08-25T17:10:50.48452436Z,training,2026-08-25T17:10:50.48452436Z,2,2026-08-25T17:10:50.48452436Z,4,2026-08-25T17:10:50.48452436Z,,,,2026-08-25T17:10:50.48452436Z,,,1,2026-08-25T17:10:50.48452436Z,2,2026-08-25T17:10:51.514043029Z,false,2026-08-25T17:10:50.48452436Z,"[""/tangrams/348_314.png"",""/tangrams/20_24.png"",""/tangrams/202_441.png"",""/tangrams/66_464.png""]",2026-08-25T17:10:50.48452436Z,/tangrams/202_441.png,2026-08-25T17:10:50.48452436Z,C2,2026-08-25T17:10:50.48452436Z,6,2026-08-25T17:10:50.48452436Z,29,2026-08-25T17:10:50.48452436Z
01M0WY4ESEDH7AFA6WZBYEBR58,01M0WWQ9XB6TMTWDYN7GB59TN7,2026-08-25T17:05:22.734557912Z,"[{""text"":""noooo!"",""sender"":{""id"":""01M0WY0ENCGBGZ9MKY7CZKA71D"",""name"":""Minu"",""avatar"":""https://api.dicebear.com/8.x/rings/svg?seed=Minu""}},{""text"":""very spiky left side and top"",""sender"":{""id"":""01M0WY0ENCGBGZ9MKY7CZKA71D"",""name"":""Minu"",""avatar"":""https://api.dicebear.com/8.x/rings/svg?seed=Minu""}},{""text"":""no right side"",""sender"":{""id"":""01M0WY0ENCGBGZ9MKY7CZKA71D"",""name"":""Minu"",""avatar"":""https://api.dicebear.com/8.x/rings/svg?seed=Minu""}}]",2026-08-25T17:15:52.835905387Z,"[1787678130949,1787678148857,1787678152843]",2026-08-25T17:15:52.844792525Z,,,true,2026-08-25T17:15:58.840027415Z,01M0WY0ENCGBGZ9MKY7CZKA71D,2026-08-25T17:15:26.918617705Z,"[""D4"",""F2"",""F6"",""F4""]",2026-08-25T17:05:22.734557912Z,true,2026-08-25T17:15:58.829025042Z,01M0WWQ9XVXJV1JR4118CY5W09,2026-08-25T17:05:22.734557912Z,5,2026-08-25T17:05:22.734557912Z,false,2026-08-25T17:15:27.146506878Z,01M0WY0C090AZDG2K9X542KKDB,2026-08-25T17:15:26.918617705Z,,,48,2026-08-25T17:05:22.734557912Z,12,2026-08-25T17:05:22.734557912Z,training,2026-08-25T17:05:22.734557912Z,0,2026-08-25T17:05:22.734557912Z,4,2026-08-25T17:05:22.734557912Z,/tangrams/290_64.png,2026-08-25T17:15:58.840027415Z,/tangrams/290_64.png,2026-08-25T17:15:55.721645685Z,1787678155551,2026-08-25T17:15:55.731462728Z,0,2026-08-25T17:05:22.734557912Z,2,2026-08-25T17:05:23.172177429Z,true,2026-08-25T17:15:26.878580666Z,"[""/tangrams/279_66.png"",""/tangrams/290_64.png"",""/tangrams/134_125.png"",""/tangrams/434_227.png""]",2026-08-25T17:05:22.734557912Z,/tangrams/290_64.png,2026-08-25T17:05:22.734557912Z,F2,2026-08-25T17:05:22.734557912Z,5,2026-08-25T17:05:22.734557912Z,4,2026-08-25T17:05:22.734557912Z
01M0WY4ESX3DVWYFYK6JHG1641,01M0WWQ9XB6TMTWDYN7GB59TN7,2026-08-25T17:05:22.749743615Z,"[{""text"":""looks like a house"",""sender"":{""id"":""01M0WY0C090AZDG2K9X542KKDB"",""name"":""Repi"",""avatar"":""https://api.dicebear.com/8.x/rings/svg?seed=Repi""}}]",2026-08-25T17:18:44.327677131Z,[1787678324335],2026-08-25T17:18:44.337726747Z,,,true,2026-08-25T17:18:49.099777672Z,01M0WY0C090AZDG2K9X542KKDB,2026-08-25T17:18:32.086551452Z,"[""F7"",""A1"",""C3"",""F6""]",2026-08-25T17:05:22.749743615Z,true,2026-08-25T17:18:49.088209493Z,01M0WWQ9XVXJV1JR4118CY5W09,2026-08-25T17:05:22.749743615Z,12,2026-08-25T17:05:22.749743615Z,false,2026-08-25T17:18:32.263680155Z,01M0WY0ENCGBGZ9MKY7CZKA71D,2026-08-25T17:18:32.086551452Z,,,48,2026-08-25T17:05:22.749743615Z,12,2026-08-25T17:05:22.749743615Z,training,2026-08-25T17:05:22.749743615Z,0,2026-08-25T17:05:22.749743615Z,4,2026-08-25T17:05:22.749743615Z,/tangrams/422_405.png,2026-08-25T17:18:49.099777672Z,/tangrams/422_405.png,2026-08-25T17:18:45.956793604Z,1787678325973,2026-08-25T17:18:45.949764247Z,0,2026-08-25T17:05:22.749743615Z,2,2026-08-25T17:05:23.288068845Z,true,2026-08-25T17:18:32.039371044Z,"[""/tangrams/411_352.png"",""/tangrams/138_244.png"",""/tangrams/422_405.png"",""/tangrams/134_125.png""]",2026-08-25T17:05:22.749743615Z,/tangrams/422_405.png,2026-08-25T17:05:22.749743615Z,C3,2026-08-25T17:05:22.749743615Z,12,2026-08-25T17:05:22.749743615Z,11,2026-08-25T17:05:22.749743615Z
01M0WY7G8ZDRHE68A7K27446RJ,01M0WWQ9XB6TMTWDYN7GB59TN7,2026-08-25T17:07:02.559987631Z,"[{""text"":""house with irregular shapr inside"",""sender"":{""id"":""01M0WY0ECEQWZG8FEZD72ENETD"",""name"":""Minu"",""avatar"":""https://api.dicebear.com/8.x/rings/svg?seed=Minu""}},{""text"":""missing triangle underneath"",""sender"":{""id"":""01M0WY0ECEQWZG8FEZD72ENETD"",""name"":""Minu"",""avatar"":""https://api.dicebear.com/8.x/rings/svg?seed=Minu""}}]",2026-08-25T17:41:53.567502628Z,"[1787679707018,1787679713578]",2026-08-25T17:41:53.581242407Z,,,true,2026-08-25T17:42:01.682698941Z,01M0WY0ECEQWZG8FEZD72ENETD,2026-08-25T17:41:39.414573057Z,"[""A3"",""C4"",""D2"",""C2""]",2026-08-25T17:07:02.559987631Z,true,2026-08-25T17:42:01.635222117Z,01M0WWQ9XW83PGVA4HF3WT9HVR,2026-08-25T17:07:02.559987631Z,37,2026-08-25T17:07:02.559987631Z,false,2026-08-25T17:41:39.662992482Z,01M0WXR5QX7RT0467EJCPJ9Y2Y,2026-08-25T17:41:39.414573057Z,,,48,2026-08-25T17:07:02.559987631Z,12,2026-08-25T17:07:02.559987631Z,training,2026-08-25T17:07:02.559987631Z,3,2026-08-25T17:07:02.559987631Z,4,2026-08-25T17:07:02.559987631Z,/tangrams/422_339.png,2026-08-25T17:42:01.682698941Z,/tangrams/422_339.png,2026-08-25T17:41:58.482685076Z,1787679718377,2026-08-25T17:41:58.469078167Z,0,2026-08-25T17:07:02.559987631Z,2,2026-08-25T17:07:03.543823042Z,true,2026-08-25T17:41:39.376474129Z,"[""/tangrams/138_405.png"",""/tangrams/422_66.png"",""/tangrams/279_339.png"",""/tangrams/422_339.png""]",2026-08-25T17:07:02.559987631Z,/tangrams/422_339.png,2026-08-25T17:07:02.559987631Z,C2,2026-08-25T17:07:02.559987631Z,1,2026-08-25T17:07:02.559987631Z,36,2026-08-25T17:07:02.559987631Z
01M0WXAW69HH2S9GRE62WAVKSW,01M0WWQ73PEDYQHEYYBB88AXMD,2026-08-25T16:51:24.489479694Z,"[{""text"":""a black diamond at the verytop"",""sender"":{""id"":""01M0WX667JRE4461924BYZ6YJ1"",""name"":""Repi"",""avatar"":""https://api.dicebear.com/8.x/rings/svg?seed=Repi""}}]",2026-08-25T17:15:29.058461688Z,[1787678129065],2026-08-25T17:15:29.067754413Z,,,true,2026-08-25T17:15:48.543658559Z,01M0WX667JRE4461924BYZ6YJ1,2026-08-25T17:15:16.403864951Z,"[""D2"",""B3"",""A4"",""C1""]",2026-08-25T16:51:24.489479694Z,true,2026-08-25T17:15:48.529184588Z,01M0WWQ74H7CSGCPAHPDSCJ0PV,2026-08-25T16:51:24.489479694Z,14,2026-08-25T16:51:24.489479694Z,false,2026-08-25T17:15:16.50888398Z,01M0WX9MXH1SX7Q50079HW9F7E,2026-08-25T17:15:16.403864951Z,,,48,2026-08-25T16:51:24.489479694Z,12,2026-08-25T16:51:24.489479694Z,training,2026-08-25T16:51:24.489479694Z,1,2026-08-25T16:51:24.489479694Z,4,2026-08-25T16:51:24.489479694Z,/tangrams/138_66.png,2026-08-25T17:15:48.543658559Z,/tangrams/138_66.png,2026-08-25T17:15:45.427115455Z,1787678145347,2026-08-25T17:15:45.423489874Z,0,2026-08-25T16:51:24.489479694Z,2,2026-08-25T16:51:24.898720103Z,true,2026-08-25T17:15:16.352789879Z,"[""/tangrams/279_339.png"",""/tangrams/366_405.png"",""/tangrams/138_66.png"",""/tangrams/422_244.png""]",2026-08-25T16:51:24.489479694Z,/tangrams/138_66.png,2026-08-25T16:51:24.489479694Z,A4,2026-08-25T16:51:24.489479694Z,2,2026-08-25T16:51:24.489479694Z,13,2026-08-25T16:51:24.489479694Z
01M0WXEB6VBBZ87J5RJDHBQJCW,01M0WWQ73PEDYQHEYYBB88AXMD,2026-08-25T16:53:18.171725688Z,,,,,,,,,,,"[""F8"",""B2"",""F6"",""F2""]",2026-08-25T16:53:18.171725688Z,false,2026-08-25T16:53:18.171725688Z,01M0WWQ74M3NWYAJGQB0ESKAD2,2026-08-25T16:53:18.171725688Z,13,2026-08-25T16:53:18.171725688Z,,,,,,,48,2026-08-25T16:53:18.171725688Z,12,2026-08-25T16:53:18.171725688Z,training,2026-08-25T16:53:18.171725688Z,1,2026-08-25T16:53:18.171725688Z,4,2026-08-25T16:53:18.171725688Z,,,,2026-08-25T16:53:18.171725688Z,,,0,2026-08-25T16:53:18.171725688Z,2,2026-08-25T16:53:18.64728273Z,false,2026-08-25T16:53:18.171725688Z,"[""/tangrams/37_144.png"",""/tangrams/366_339.png"",""/tangrams/134_125.png"",""/tangrams/290_64.png""]",2026-08-25T16:53:18.171725688Z,/tangrams/37_144.png,2026-08-25T16:53:18.171725688Z,F8,2026-08-25T16:53:18.171725688Z,1,2026-08-25T16:53:18.171725688Z,12,2026-08-25T16:53:18.171725688Z
01M0WY4EZBF0X5NY62AAMPKJ2R,01M0WWQ9XB6TMTWDYN7GB59TN7,2026-08-25T17:05:22.923049039Z,"[{""text"":""a crown at the top"",""sender"":{""id"":""01M0WY0C090AZDG2K9X542KKDB"",""name"":""Repi"",""avatar"":""https://api.dicebear.com/8.x/rings/svg?seed=Repi""}}]",2026-08-25T17:27:57.610545088Z,[1787678877620],2026-08-25T17:27:57.621645748Z,,,true,2026-08-25T17:28:02.92575128Z,01M0WY0C090AZDG2K9X542KKDB,2026-08-25T17:27:45.317932826Z,"[""F4"",""D4"",""C3"",""F2""]",2026-08-25T17:05:22.923049039Z,true,2026-08-25T17:28:02.914700667Z,01M0WWQ9XVXJV1JR4118CY5W09,2026-08-25T17:05:22.923049039Z,40,2026-08-25T17:05:22.923049039Z,false,2026-08-25T17:27:45.529739672Z,01M0WY0ENCGBGZ9MKY7CZKA71D,2026-08-25T17:27:45.317932826Z,,,48,2026-08-25T17:05:22.923049039Z,12,2026-08-25T17:05:22.923049039Z,training,2026-08-25T17:05:22.923049039Z,3,2026-08-25T17:05:22.923049039Z,4,2026-08-25T17:05:22.923049039Z,/tangrams/290_64.png,2026-08-25T17:28:02.92575128Z,/tangrams/290_64.png,2026-08-25T17:27:59.788857799Z,1787678879810,2026-08-25T17:27:59.783889169Z,0,2026-08-25T17:05:22.923049039Z,2,2026-08-25T17:05:23.784271403Z,true,2026-08-25T17:27:45.26858808Z,"[""/tangrams/434_227.png"",""/tangrams/279_66.png"",""/tangrams/422_405.png"",""/tangrams/290_64.png""]",2026-08-25T17:05:22.923049039Z,/tangrams/290_64.png,2026-08-25T17:05:22.923049039Z,F2,2026-08-25T17:05:22.923049039Z,4,2026-08-25T17:05:22.923049039Z,39,2026-08-25T17:05:22.923049039Z
01M0WY8D789NK5J4X0VK3FQB46,01M0WWQ9XB6TMTWDYN7GB59TN7,2026-08-25T17:07:32.200707439Z,"[{""text"":""has a white rectangle in the middle"",""sender"":{""id"":""01M0WY1FH5WQS14DQ3V446M8AM"",""name"":""Repi"",""avatar"":""https://api.dicebear.com/8.x/rings/svg?seed=Repi""}}]",2026-08-25T17:27:22.409594754Z,[1787678842417],2026-08-25T17:27:22.419291841Z,,,true,2026-08-25T17:27:33.567524851Z,01M0WY1FH5WQS14DQ3V446M8AM,2026-08-25T17:27:04.292007326Z,"[""B4"",""D3"",""A2"",""C1""]",2026-08-25T17:07:32.200707439Z,true,2026-08-25T17:27:33.547340101Z,01M0WWQ9XT2Q7RF2RHNCTTRDNK,2026-08-25T17:07:32.200707439Z,8,2026-08-25T17:07:32.200707439Z,false,2026-08-25T17:27:04.497360492Z,01M0WY1V9QET0HYE5N0547967Y,2026-08-25T17:27:04.292007326Z,,,48,2026-08-25T17:07:32.200707439Z,12,2026-08-25T17:07:32.200707439Z,training,2026-08-25T17:07:32.200707439Z,0,2026-08-25T17:07:32.200707439Z,4,2026-08-25T17:07:32.200707439Z,/tangrams/422_244.png,2026-08-25T17:27:33.567524851Z,/tangrams/422_244.png,2026-08-25T17:27:30.409219495Z,1787678850954,2026-08-25T17:27:30.414991394Z,0,2026-08-25T17:07:32.200707439Z,2,2026-08-25T17:07:32.714707881Z,true,2026-08-25T17:27:04.247782473Z,"[""/tangrams/366_66.png"",""/tangrams/279_405.png"",""/tangrams/138_339.png"",""/tangrams/422_244.png""]",2026-08-25T17:07:32.200707439Z,/tangrams/422_244.png,2026-08-25T17:07:32.200707439Z,C1,2026-08-25T17:07:32.200707439Z,8,2026-08-25T17:07:32.200707439Z,7,2026-08-25T17:07:32.200707439Z
01M0WY96AHJMZZDGHS4CMS44NY,01M0WWQAZ72GMKNB5E8VWC3WG2,2026-08-25T17:07:57.905239872Z,"[{""text"":""boat on its side"",""sender"":{""id"":""01M0WY2T8PBZPVGKC7BWFHJ59J"",""name"":""Minu"",""avatar"":""https://api.dicebear.com/8.x/rings/svg?seed=Minu""}},{""text"":""up against a tree on its side"",""sender"":{""id"":""01M0WY2T8PBZPVGKC7BWFHJ59J"",""name"":""Minu"",""avatar"":""https://api.dicebear.com/8.x/rings/svg?seed=Minu""}}]",2026-08-25T17:42:56.518820057Z,"[1787679767613,1787679776529]",2026-08-25T17:42:56.53094067Z,,,true,2026-08-25T17:43:06.240135083Z,01M0WY2T8PBZPVGKC7BWFHJ59J,2026-08-25T17:42:39.185955798Z,"[""B4"",""D2"",""C4"",""B3""]",2026-08-25T17:07:57.905239872Z,true,2026-08-25T17:43:06.223135683Z,01M0WWQAZPP7VBJF1WXDE2YKFW,2026-08-25T17:07:57.905239872Z,23,2026-08-25T17:07:57.905239872Z,false,2026-08-25T17:42:39.478074837Z,01M0WXSYNRXCYGT80QAR430CBD,2026-08-25T17:42:39.185955798Z,,,48,2026-08-25T17:07:57.905239872Z,12,2026-08-25T17:07:57.905239872Z,training,2026-08-25T17:07:57.905239872Z,1,2026-08-25T17:07:57.905239872Z,4,2026-08-25T17:07:57.905239872Z,/tangrams/348_464.png,2026-08-25T17:43:06.240135083Z,/tangrams/348_464.png,2026-08-25T17:43:03.114689634Z,1787679783590,2026-08-25T17:43:03.107694289Z,1,2026-08-25T17:07:57.905239872Z,2,2026-08-25T17:07:58.671606756Z,true,2026-08-25T17:42:39.149610123Z,"[""/tangrams/348_464.png"",""/tangrams/20_441.png"",""/tangrams/202_464.png"",""/tangrams/348_24.png""]",2026-08-25T17:07:57.905239872Z,/tangrams/348_464.png,2026-08-25T17:07:57.905239872Z,B4,2026-08-25T17:07:57.905239872Z,11,2026-08-25T17:07:57.905239872Z,22,2026-08-25T17:07:57.905239872Z
01M0WY8D889CQGZGH8H6VD0EH7,01M0WWQ9XB6TMTWDYN7GB59TN7,2026-08-25T17:07:32.232892324Z,"[{""text"":""two legs with bull horn"",""sender"":{""id"":""01M0WY1V9QET0HYE5N0547967Y"",""name"":""Minu"",""avatar"":""https://api.dicebear.com/8.x/rings/svg?seed=Minu""}}]",2026-08-25T17:32:09.455637263Z,[1787679129470],2026-08-25T17:32:09.472608277Z,,,true,2026-08-25T17:32:15.894272317Z,01M0WY1V9QET0HYE5N0547967Y,2026-08-25T17:31:55.472437076Z,"[""D3"",""C1"",""A2"",""B4""]",2026-08-25T17:07:32.232892324Z,true,2026-08-25T17:32:15.876849621Z,01M0WWQ9XT2Q7RF2RHNCTTRDNK,2026-08-25T17:07:32.232892324Z,15,2026-08-25T17:07:32.232892324Z,false,2026-08-25T17:31:55.663484287Z,01M0WY1FH5WQS14DQ3V446M8AM,2026-08-25T17:31:55.472437076Z,,,48,2026-08-25T17:07:32.232892324Z,12,2026-08-25T17:07:32.232892324Z,training,2026-08-25T17:07:32.232892324Z,1,2026-08-25T17:07:32.232892324Z,4,2026-08-25T17:07:32.232892324Z,/tangrams/279_405.png,2026-08-25T17:32:15.894272317Z,/tangrams/279_405.png,2026-08-25T17:32:12.649525407Z,1787679132444,2026-08-25T17:32:12.656463419Z,0,2026-08-25T17:07:32.232892324Z,2,2026-08-25T17:07:32.838880407Z,true,2026-08-25T17:31:55.401844769Z,"[""/tangrams/279_405.png"",""/tangrams/422_244.png"",""/tangrams/138_339.png"",""/tangrams/366_66.png""]",2026-08-25T17:07:32.232892324Z,/tangrams/279_405.png,2026-08-25T17:07:32.232892324Z,D3,2026-08-25T17:07:32.232892324Z,3,2026-08-25T17:07:32.232892324Z,14,2026-08-25T17:07:32.232892324Z
01M0WY8WPVNJX6YDZ6HGBQ69GA,01M0WWQAZ72GMKNB5E8VWC3WG2,2026-08-25T17:07:48.059074445Z,"[{""text"":""it looks like a chair without the legs, diamonds at the top and bottom"",""sender"":{""id"":""01M0WY09KXZQGZCXQXZTYFDW8C"",""name"":""Repi"",""avatar"":""https://api.dicebear.com/8.x/rings/svg?seed=Repi""}}]",2026-08-25T17:19:00.248825014Z,[1787678340256],2026-08-25T17:19:00.258280201Z,,,true,2026-08-25T17:19:16.045126407Z,01M0WY09KXZQGZCXQXZTYFDW8C,2026-08-25T17:18:33.119268707Z,"[""F4"",""A1"",""F3"",""D4""]",2026-08-25T17:07:48.059074445Z,true,2026-08-25T17:19:16.031033817Z,01M0WWQAZTRSENW9JN2FSQ4BA7,2026-08-25T17:07:48.059074445Z,12,2026-08-25T17:07:48.059074445Z,false,2026-08-25T17:18:33.240435505Z,01M0WY0YPE1FGB7GNWHKCY08ZN,2026-08-25T17:18:33.119268707Z,,,48,2026-08-25T17:07:48.059074445Z,12,2026-08-25T17:07:48.059074445Z,training,2026-08-25T17:07:48.059074445Z,0,2026-08-25T17:07:48.059074445Z,4,2026-08-25T17:07:48.059074445Z,/tangrams/138_244.png,2026-08-25T17:19:16.045126407Z,/tangrams/138_244.png,2026-08-25T17:19:12.929659462Z,1787678352958,2026-08-25T17:19:12.924653792Z,0,2026-08-25T17:07:48.059074445Z,2,2026-08-25T17:07:48.574826614Z,true,2026-08-25T17:18:33.087761999Z,"[""/tangrams/434_227.png"",""/tangrams/138_244.png"",""/tangrams/170_154.png"",""/tangrams/279_66.png""]",2026-08-25T17:07:48.059074445Z,/tangrams/138_244.png,2026-08-25T17:07:48.059074445Z,A1,2026-08-25T17:07:48.059074445Z,12,2026-08-25T17:07:48.059074445Z,11,2026-08-25T17:07:48.059074445Z
01M0WYEEWRB54T4ZJHY5CCAD69,01M0WWQAZ72GMKNB5E8VWC3WG2,2026-08-25T17:10:50.520523077Z,,,,,,,,,,,"[""B4"",""D3"",""A2"",""C1""]",2026-08-25T17:10:50.520523077Z,false,2026-08-25T17:10:50.520523077Z,01M0WWQAZRRWZPK3N7VE24RFV2,2026-08-25T17:10:50.520523077Z,39,2026-08-25T17:10:50.520523077Z,,,,,,,48,2026-08-25T17:10:50.520523077Z,12,2026-08-25T17:10:50.520523077Z,training,2026-08-25T17:10:50.520523077Z,3,2026-08-25T17:10:50.520523077Z,4,2026-08-25T17:10:50.520523077Z,,,,2026-08-25T17:10:50.520523077Z,,,1,2026-08-25T17:10:50.520523077Z,2,2026-08-25T17:10:51.732399001Z,false,2026-08-25T17:10:50.520523077Z,"[""/tangrams/348_464.png"",""/tangrams/20_24.png"",""/tangrams/66_441.png"",""/tangrams/202_314.png""]",2026-08-25T17:10:50.520523077Z,/tangrams/348_464.png,2026-08-25T17:10:50.520523077Z,B4,2026-08-25T17:10:50.520523077Z,3,2026-08-25T17:10:50.520523077Z,38,2026-08-25T17:10:50.520523077Z
01M0WXEB6MYXEXDJN6CQGRHPZE,01M0WWQ73PEDYQHEYYBB88AXMD,2026-08-25T16:53:18.164159504Z,,,,,,,,,,,"[""F7"",""A1"",""F8"",""B2""]",2026-08-25T16:53:18.164159504Z,false,2026-08-25T16:53:18.164159504Z,01M0WWQ74M3NWYAJGQB0ESKAD2,2026-08-25T16:53:18.164159504Z,10,2026-08-25T16:53:18.164159504Z,,,,,,,48,2026-08-25T16:53:18.164159504Z,12,2026-08-25T16:53:18.164159504Z,training,2026-08-25T16:53:18.164159504Z,0,2026-08-25T16:53:18.164159504Z,4,2026-08-25T16:53:18.164159504Z,,,,2026-08-25T16:53:18.164159504Z,,,0,2026-08-25T16:53:18.164159504Z,2,2026-08-25T16:53:18.595159234Z,false,2026-08-25T16:53:18.164159504Z,"[""/tangrams/411_352.png"",""/tangrams/138_244.png"",""/tangrams/37_144.png"",""/tangrams/366_339.png""]",2026-08-25T16:53:18.164159504Z,/tangrams/138_244.png,2026-08-25T16:53:18.164159504Z,A1,2026-08-25T16:53:18.164159504Z,10,2026-08-25T16:53:18.164159504Z,9,2026-08-25T16:53:18.164159504Z
01M0WXEB7MVBX33ZR8RG4491A8,01M0WWQ73PEDYQHEYYBB88AXMD,2026-08-25T16:53:18.196790917Z,,,,,,,,,,,"[""B2"",""D4"",""F1"",""A1""]",2026-08-25T16:53:18.196790917Z,false,2026-08-25T16:53:18.196790917Z,01M0WWQ74M3NWYAJGQB0ESKAD2,2026-08-25T16:53:18.196790917Z,48,2026-08-25T16:53:18.196790917Z,,,,,,,48,2026-08-25T16:53:18.196790917Z,12,2026-08-25T16:53:18.196790917Z,training,2026-08-25T16:53:18.196790917Z,3,2026-08-25T16:53:18.196790917Z,4,2026-08-25T16:53:18.196790917Z,,,,2026-08-25T16:53:18.196790917Z,,,0,2026-08-25T16:53:18.196790917Z,2,2026-08-25T16:53:19.279454845Z,false,2026-08-25T16:53:18.196790917Z,"[""/tangrams/366_339.png"",""/tangrams/279_66.png"",""/tangrams/119_182.png"",""/tangrams/138_244.png""]",2026-08-25T16:53:18.196790917Z,/tangrams/138_244.png,2026-08-25T16:53:18.196790917Z,A1,2026-08-25T16:53:18.196790917Z,12,2026-08-25T16:53:18.196790917Z,47,2026-08-25T16:53:18.196790917Z
01M0WXGEB997HXE9A55173V66Z,01M0WWQ73PEDYQHEYYBB88AXMD,2026-08-25T16:54:26.921196395Z,,,,,,,,,,,"[""D2"",""D1"",""A4"",""B1""]",2026-08-25T16:54:26.921196395Z,false,2026-08-25T16:54:26.921196395Z,01M0WWQ74ND1AHANTF309RNWJE,2026-08-25T16:54:26.921196395Z,17,2026-08-25T16:54:26.921196395Z,,,,,,,48,2026-08-25T16:54:26.921196395Z,12,2026-08-25T16:54:26.921196395Z,training,2026-08-25T16:54:26.921196395Z,1,2026-08-25T16:54:26.921196395Z,4,2026-08-25T16:54:26.921196395Z,,,,2026-08-25T16:54:26.921196395Z,,,0,2026-08-25T16:54:26.921196395Z,2,2026-08-25T16:54:27.535240038Z,false,2026-08-25T16:54:26.921196395Z,"[""/tangrams/279_339.png"",""/tangrams/279_244.png"",""/tangrams/138_66.png"",""/tangrams/366_244.png""]",2026-08-25T16:54:26.921196395Z,/tangrams/279_244.png,2026-08-25T16:54:26.921196395Z,D1,2026-08-25T16:54:26.921196395Z,5,2026-08-25T16:54:26.921196395Z,16,2026-08-25T16:54:26.921196395Z
01M0WY8D9V11HNG2QVX5S5H50E,01M0WWQ9XB6TMTWDYN7GB59TN7,2026-08-25T17:07:32.283770703Z,"[{""text"":""are u reading at all mate"",""sender"":{""id"":""01M0WY1V9QET0HYE5N0547967Y"",""name"":""Minu"",""avatar"":""https://api.dicebear.com/8.x/rings/svg?seed=Minu""}},{""text"":""your not typing the right thing."",""sender"":{""id"":""01M0WY1FH5WQS14DQ3V446M8AM"",""name"":""Repi"",""avatar"":""https://api.dicebear.com/8.x/rings/svg?seed=Repi""}},{""text"":""makes your stuff clear"",""sender"":{""id"":""01M0WY1FH5WQS14DQ3V446M8AM"",""name"":""Repi"",""avatar"":""https://api.dicebear.com/8.x/rings/svg?seed=Repi""}},{""text"":""use ur descretion  this is descriptive"",""sender"":{""id"":""01M0WY1V9QET0HYE5N0547967Y"",""name"":""Minu"",""avatar"":""https://api.dicebear.com/8.x/rings/svg?seed=Minu""}},{""text"":""two boxes with a white recttangle in the middle"",""sender"":{""id"":""01M0WY1FH5WQS14DQ3V446M8AM"",""name"":""Repi"",""avatar"":""https://api.dicebear.com/8.x/rings/svg?seed=Repi""}}]",2026-08-25T17:36:14.53867436Z,"[1787679342678,1787679353234,1787679360690,1787679370307,1787679374549]",2026-08-25T17:36:14.551376342Z,,,true,2026-08-25T17:36:27.156673133Z,01M0WY1FH5WQS14DQ3V446M8AM,2026-08-25T17:35:34.904705954Z,"[""D2"",""B1"",""C4"",""A3""]",2026-08-25T17:07:32.283770703Z,true,2026-08-25T17:36:27.138108002Z,01M0WWQ9XT2Q7RF2RHNCTTRDNK,2026-08-25T17:07:32.283770703Z,22,2026-08-25T17:07:32.283770703Z,false,2026-08-25T17:35:35.086024509Z,01M0WY1V9QET0HYE5N0547967Y,2026-08-25T17:35:34.904705954Z,,,48,2026-08-25T17:07:32.283770703Z,12,2026-08-25T17:07:32.283770703Z,training,2026-08-25T17:07:32.283770703Z,1,2026-08-25T17:07:32.283770703Z,4,2026-08-25T17:07:32.283770703Z,/tangrams/422_66.png,2026-08-25T17:36:27.156673133Z,/tangrams/422_66.png,2026-08-25T17:36:23.992456426Z,1787679384514,2026-08-25T17:36:23.983023237Z,0,2026-08-25T17:07:32.283770703Z,2,2026-08-25T17:07:32.972379555Z,true,2026-08-25T17:35:34.779021512Z,"[""/tangrams/279_339.png"",""/tangrams/366_244.png"",""/tangrams/422_66.png"",""/tangrams/138_405.png""]",2026-08-25T17:07:32.283770703Z,/tangrams/422_66.png,2026-08-25T17:07:32.283770703Z,C4,2026-08-25T17:07:32.283770703Z,10,2026-08-25T17:07:32.283770703Z,21,2026-08-25T17:07:32.283770703Z
01M0WY8WV1PTPAWDQKDH6502CC,01M0WWQAZ72GMKNB5E8VWC3WG2,2026-08-25T17:07:48.193715075Z,"[{""text"":""slim neck and head with spikes at the back"",""sender"":{""id"":""01M0WY09KXZQGZCXQXZTYFDW8C"",""name"":""Repi"",""avatar"":""https://api.dicebear.com/8.x/rings/svg?seed=Repi""}}]",2026-08-25T17:13:27.695292029Z,[1787678007702],2026-08-25T17:13:27.705254825Z,,,true,2026-08-25T17:13:39.356823061Z,01M0WY09KXZQGZCXQXZTYFDW8C,2026-08-25T17:13:11.457440151Z,"[""F6"",""D4"",""F5"",""F2""]",2026-08-25T17:07:48.193715075Z,true,2026-08-25T17:13:39.343993504Z,01M0WWQAZTRSENW9JN2FSQ4BA7,2026-08-25T17:07:48.193715075Z,4,2026-08-25T17:07:48.193715075Z,false,2026-08-25T17:13:11.65880712Z,01M0WY0YPE1FGB7GNWHKCY08ZN,2026-08-25T17:13:11.457440151Z,,,48,2026-08-25T17:07:48.193715075Z,12,2026-08-25T17:07:48.193715075Z,training,2026-08-25T17:07:48.193715075Z,0,2026-08-25T17:07:48.193715075Z,4,2026-08-25T17:07:48.193715075Z,/tangrams/290_64.png,2026-08-25T17:13:39.356823061Z,/tangrams/290_64.png,2026-08-25T17:13:36.231210549Z,1787678016264,2026-08-25T17:13:36.234711963Z,0,2026-08-25T17:07:48.193715075Z,2,2026-08-25T17:07:48.390404618Z,true,2026-08-25T17:13:11.403141552Z,"[""/tangrams/134_125.png"",""/tangrams/279_66.png"",""/tangrams/456_48.png"",""/tangrams/290_64.png""]",2026-08-25T17:07:48.193715075Z,/tangrams/290_64.png,2026-08-25T17:07:48.193715075Z,F2,2026-08-25T17:07:48.193715075Z,4,2026-08-25T17:07:48.193715075Z,3,2026-08-25T17:07:48.193715075Z
01M0WYEEV47VA3PAV2PSKJS44Z,01M0WWQAZ72GMKNB5E8VWC3WG2,2026-08-25T17:10:50.468053121Z,,,,,,,,,,,"[""D3"",""C1"",""B4"",""A2""]",2026-08-25T17:10:50.468053121Z,false,2026-08-25T17:10:50.468053121Z,01M0WWQAZRRWZPK3N7VE24RFV2,2026-08-25T17:10:50.468053121Z,34,2026-08-25T17:10:50.468053121Z,,,,,,,48,2026-08-25T17:10:50.468053121Z,12,2026-08-25T17:10:50.468053121Z,training,2026-08-25T17:10:50.468053121Z,2,2026-08-25T17:10:50.468053121Z,4,2026-08-25T17:10:50.468053121Z,,,,2026-08-25T17:10:50.468053121Z,,,1,2026-08-25T17:10:50.468053121Z,2,2026-08-25T17:10:51.614166204Z,false,2026-08-25T17:10:50.468053121Z,"[""/tangrams/20_24.png"",""/tangrams/202_314.png"",""/tangrams/348_464.png"",""/tangrams/66_441.png""]",2026-08-25T17:10:50.468053121Z,/tangrams/20_24.png,2026-08-25T17:10:50.468053121Z,D3,2026-08-25T17:10:50.468053121Z,10,2026-08-25T17:10:50.468053121Z,33,2026-08-25T17:10:50.468053121Z
01M0WXAW6NBMJ6BCMNPETTFRJF,01M0WWQ73PEDYQHEYYBB88AXMD,2026-08-25T16:51:24.501202129Z,"[{""text"":""white traingle at bottom black diamons on top"",""sender"":{""id"":""01M0WX9MXH1SX7Q50079HW9F7E"",""name"":""Minu"",""avatar"":""https://api.dicebear.com/8.x/rings/svg?seed=Minu""}}]",2026-08-25T17:18:26.243435874Z,[1787678306251],2026-08-25T17:18:26.254181128Z,,,true,2026-08-25T17:18:34.134106018Z,01M0WX9MXH1SX7Q50079HW9F7E,2026-08-25T17:18:07.569033211Z,"[""C4"",""A2"",""B3"",""D1""]",2026-08-25T16:51:24.501202129Z,true,2026-08-25T17:18:34.124213102Z,01M0WWQ74H7CSGCPAHPDSCJ0PV,2026-08-25T16:51:24.501202129Z,21,2026-08-25T16:51:24.501202129Z,false,2026-08-25T17:18:07.695833372Z,01M0WX667JRE4461924BYZ6YJ1,2026-08-25T17:18:07.569033211Z,,,48,2026-08-25T16:51:24.501202129Z,12,2026-08-25T16:51:24.501202129Z,training,2026-08-25T16:51:24.501202129Z,1,2026-08-25T16:51:24.501202129Z,4,2026-08-25T16:51:24.501202129Z,/tangrams/138_339.png,2026-08-25T17:18:34.134106018Z,/tangrams/138_339.png,2026-08-25T17:18:31.009040659Z,1787678310987,2026-08-25T17:18:31.005062837Z,0,2026-08-25T16:51:24.501202129Z,2,2026-08-25T16:51:25.031868841Z,true,2026-08-25T17:18:07.528431275Z,"[""/tangrams/422_66.png"",""/tangrams/138_339.png"",""/tangrams/366_405.png"",""/tangrams/279_244.png""]",2026-08-25T16:51:24.501202129Z,/tangrams/138_339.png,2026-08-25T16:51:24.501202129Z,A2,2026-08-25T16:51:24.501202129Z,9,2026-08-25T16:51:24.501202129Z,20,2026-08-25T16:51:24.501202129Z
01M0WXGEF24H1BXZR5KT83B2BD,01M0WWQ73PEDYQHEYYBB88AXMD,2026-08-25T16:54:27.04297268Z,"[{""text"":""house with a small white tent"",""sender"":{""id"":""01M0WWVKKHKMSSWB9WS1N6GRNZ"",""name"":""Repi"",""avatar"":""https://api.dicebear.com/8.x/rings/svg?seed=Repi""}}]",2026-08-25T17:11:42.886690605Z,[1787677902894],2026-08-25T17:11:42.895855581Z,,,true,2026-08-25T17:11:51.89749894Z,01M0WWVKKHKMSSWB9WS1N6GRNZ,2026-08-25T17:11:28.412307652Z,"[""B3"",""D1"",""A4"",""B4""]",2026-08-25T16:54:27.04297268Z,true,2026-08-25T17:11:51.887006693Z,01M0WWQ74ND1AHANTF309RNWJE,2026-08-25T16:54:27.04297268Z,4,2026-08-25T16:54:27.04297268Z,false,2026-08-25T17:11:28.601932176Z,01M0WX0T78NE9YVPZSCJ5NTGX1,2026-08-25T17:11:28.412307652Z,,,48,2026-08-25T16:54:27.04297268Z,12,2026-08-25T16:54:27.04297268Z,training,2026-08-25T16:54:27.04297268Z,0,2026-08-25T16:54:27.04297268Z,4,2026-08-25T16:54:27.04297268Z,/tangrams/366_66.png,2026-08-25T17:11:51.89749894Z,/tangrams/366_66.png,2026-08-25T17:11:48.776052735Z,1787677907810,2026-08-25T17:11:48.761804104Z,0,2026-08-25T16:54:27.04297268Z,2,2026-08-25T16:54:27.294032308Z,true,2026-08-25T17:11:28.377188361Z,"[""/tangrams/366_405.png"",""/tangrams/279_244.png"",""/tangrams/138_66.png"",""/tangrams/366_66.png""]",2026-08-25T16:54:27.04297268Z,/tangrams/366_66.png,2026-08-25T16:54:27.04297268Z,B4,2026-08-25T16:54:27.04297268Z,4,2026-08-25T16:54:27.04297268Z,3,2026-08-25T16:54:27.04297268Z
01M0WXGEG34Z6QGA0EC8TQSZBN,01M0WWQ73PEDYQHEYYBB88AXMD,2026-08-25T16:54:27.075103724Z,,,,,,,,,,,"[""A2"",""B1"",""B3"",""D3""]",2026-08-25T16:54:27.075103724Z,false,2026-08-25T16:54:27.075103724Z,01M0WWQ74ND1AHANTF309RNWJE,2026-08-25T16:54:27.075103724Z,25,2026-08-25T16:54:27.075103724Z,,,,,,,48,2026-08-25T16:54:27.075103724Z,12,2026-08-25T16:54:27.075103724Z,training,2026-08-25T16:54:27.075103724Z,2,2026-08-25T16:54:27.075103724Z,4,2026-08-25T16:54:27.075103724Z,,,,2026-08-25T16:54:27.075103724Z,,,0,2026-08-25T16:54:27.075103724Z,2,2026-08-25T16:54:27.65322921Z,false,2026-08-25T16:54:27.075103724Z,"[""/tangrams/138_339.png"",""/tangrams/366_244.png"",""/tangrams/366_405.png"",""/tangrams/279_405.png""]",2026-08-25T16:54:27.075103724Z,/tangrams/366_405.png,2026-08-25T16:54:27.075103724Z,B3,2026-08-25T16:54:27.075103724Z,1,2026-08-25T16:54:27.075103724Z,24,2026-08-25T16:54:27.075103724Z
01M0WY8D6J79KCK2JKC9ZPQM2E,01M0WWQ9XB6TMTWDYN7GB59TN7,2026-08-25T17:07:32.178312717Z,"[{""text"":""two wide legs with bull horns on top"",""sender"":{""id"":""01M0WY1FH5WQS14DQ3V446M8AM"",""name"":""Repi"",""avatar"":""https://api.dicebear.com/8.x/rings/svg?seed=Repi""}}]",2026-08-25T17:46:47.850067128Z,[1787680007862],2026-08-25T17:46:47.866338573Z,,,true,2026-08-25T17:47:00.66534653Z,01M0WY1FH5WQS14DQ3V446M8AM,2026-08-25T17:46:30.476818719Z,"[""A3"",""B1"",""D2"",""C4""]",2026-08-25T17:07:32.178312717Z,true,2026-08-25T17:47:00.648041326Z,01M0WWQ9XT2Q7RF2RHNCTTRDNK,2026-08-25T17:07:32.178312717Z,40,2026-08-25T17:07:32.178312717Z,false,2026-08-25T17:46:30.629731662Z,01M0WY1V9QET0HYE5N0547967Y,2026-08-25T17:46:30.476818719Z,,,48,2026-08-25T17:07:32.178312717Z,12,2026-08-25T17:07:32.178312717Z,training,2026-08-25T17:07:32.178312717Z,3,2026-08-25T17:07:32.178312717Z,4,2026-08-25T17:07:32.178312717Z,/tangrams/279_339.png,2026-08-25T17:47:00.66534653Z,/tangrams/279_339.png,2026-08-25T17:46:57.454933195Z,1787680017963,2026-08-25T17:46:57.449341146Z,0,2026-08-25T17:07:32.178312717Z,2,2026-08-25T17:07:33.293183506Z,true,2026-08-25T17:46:30.424775167Z,"[""/tangrams/138_405.png"",""/tangrams/366_244.png"",""/tangrams/279_339.png"",""/tangrams/422_66.png""]",2026-08-25T17:07:32.178312717Z,/tangrams/279_339.png,2026-08-25T17:07:32.178312717Z,D2,2026-08-25T17:07:32.178312717Z,4,2026-08-25T17:07:32.178312717Z,39,2026-08-25T17:07:32.178312717Z
01M0WYEEPKFRSKGSVSH44FAV7D,01M0WWQAZ72GMKNB5E8VWC3WG2,2026-08-25T17:10:50.323266613Z,,,,,,,,,,,"[""C4"",""B1"",""A2"",""D3""]",2026-08-25T17:10:50.323266613Z,false,2026-08-25T17:10:50.323266613Z,01M0WWQAZRRWZPK3N7VE24RFV2,2026-08-25T17:10:50.323266613Z,48,2026-08-25T17:10:50.323266613Z,,,,,,,48,2026-08-25T17:10:50.323266613Z,12,2026-08-25T17:10:50.323266613Z,training,2026-08-25T17:10:50.323266613Z,3,2026-08-25T17:10:50.323266613Z,4,2026-08-25T17:10:50.323266613Z,,,,2026-08-25T17:10:50.323266613Z,,,1,2026-08-25T17:10:50.323266613Z,2,2026-08-25T17:10:52.00744262Z,false,2026-08-25T17:10:50.323266613Z,"[""/tangrams/202_464.png"",""/tangrams/348_314.png"",""/tangrams/66_441.png"",""/tangrams/20_24.png""]",2026-08-25T17:10:50.323266613Z,/tangrams/202_464.png,2026-08-25T17:10:50.323266613Z,C4,2026-08-25T17:10:50.323266613Z,12,2026-08-25T17:10:50.323266613Z,47,2026-08-25T17:10:50.323266613Z
01M0WY4F19NPNWPEX7KZKSW48E,01M0WWQ9XB6TMTWDYN7GB59TN7,2026-08-25T17:05:22.985169087Z,"[{""text"":""crown at the top"",""sender"":{""id"":""01M0WY0C090AZDG2K9X542KKDB"",""name"":""Repi"",""avatar"":""https://api.dicebear.com/8.x/rings/svg?seed=Repi""}}]",2026-08-25T17:23:18.475247993Z,[1787678598483],2026-08-25T17:23:18.485297032Z,,,true,2026-08-25T17:23:23.973788284Z,01M0WY0C090AZDG2K9X542KKDB,2026-08-25T17:23:10.248563431Z,"[""F1"",""F8"",""F2"",""D4""]",2026-08-25T17:05:22.985169087Z,true,2026-08-25T17:23:23.957200804Z,01M0WWQ9XVXJV1JR4118CY5W09,2026-08-25T17:05:22.985169087Z,26,2026-08-25T17:05:22.985169087Z,false,2026-08-25T17:23:10.481242046Z,01M0WY0ENCGBGZ9MKY7CZKA71D,2026-08-25T17:23:10.248563431Z,,,48,2026-08-25T17:05:22.985169087Z,12,2026-08-25T17:05:22.985169087Z,training,2026-08-25T17:05:22.985169087Z,2,2026-08-25T17:05:22.985169087Z,4,2026-08-25T17:05:22.985169087Z,/tangrams/290_64.png,2026-08-25T17:23:23.973788284Z,/tangrams/290_64.png,2026-08-25T17:23:20.838047937Z,1787678600860,2026-08-25T17:23:20.833707921Z,0,2026-08-25T17:05:22.985169087Z,2,2026-08-25T17:05:23.540863358Z,true,2026-08-25T17:23:10.215004418Z,"[""/tangrams/119_182.png"",""/tangrams/37_144.png"",""/tangrams/290_64.png"",""/tangrams/279_66.png""]",2026-08-25T17:05:22.985169087Z,/tangrams/290_64.png,2026-08-25T17:05:22.985169087Z,F2,2026-08-25T17:05:22.985169087Z,2,2026-08-25T17:05:22.985169087Z,25,2026-08-25T17:05:22.985169087Z
01M0WY7G4ZG9WW043DZCA2E9CW,01M0WWQ9XB6TMTWDYN7GB59TN7,2026-08-25T17:07:02.431977183Z,"[{""text"":""top half looks like a diaomond shape wiht a traingle missing from it"",""sender"":{""id"":""01M0WXR5QX7RT0467EJCPJ9Y2Y"",""name"":""Repi"",""avatar"":""https://api.dicebear.com/8.x/rings/svg?seed=Repi""}},{""text"":""bottom has white triangle missning"",""sender"":{""id"":""01M0WXR5QX7RT0467EJCPJ9Y2Y"",""name"":""Repi"",""avatar"":""https://api.dicebear.com/8.x/rings/svg?seed=Repi""}},{""text"":""left side has a point"",""sender"":{""id"":""01M0WXR5QX7RT0467EJCPJ9Y2Y"",""name"":""Repi"",""avatar"":""https://api.dicebear.com/8.x/rings/svg?seed=Repi""}},{""text"":""right side is 90 degree"",""sender"":{""id"":""01M0WXR5QX7RT0467EJCPJ9Y2Y"",""name"":""Repi"",""avatar"":""https://api.dicebear.com/8.x/rings/svg?seed=Repi""}}]",2026-08-25T17:23:55.904288764Z,"[1787678610186,1787678621157,1787678628285,1787678635913]",2026-08-25T17:23:55.914734698Z,,,false,2026-08-25T17:24:05.655790827Z,01M0WXR5QX7RT0467EJCPJ9Y2Y,2026-08-25T17:23:14.156541793Z,"[""C2"",""D2"",""D1"",""A3""]",2026-08-25T17:07:02.431977183Z,true,2026-08-25T17:24:05.600792047Z,01M0WWQ9XW83PGVA4HF3WT9HVR,2026-08-25T17:07:02.431977183Z,4,2026-08-25T17:07:02.431977183Z,false,2026-08-25T17:23:14.419613281Z,01M0WY0ECEQWZG8FEZD72ENETD,2026-08-25T17:23:14.156541793Z,,,48,2026-08-25T17:07:02.431977183Z,12,2026-08-25T17:07:02.431977183Z,training,2026-08-25T17:07:02.431977183Z,0,2026-08-25T17:07:02.431977183Z,4,2026-08-25T17:07:02.431977183Z,/tangrams/138_405.png,2026-08-25T17:24:05.655790827Z,/tangrams/138_405.png,2026-08-25T17:24:02.431773783Z,1787678641984,2026-08-25T17:24:02.436023981Z,0,2026-08-25T17:07:02.431977183Z,2,2026-08-25T17:07:02.847998759Z,true,2026-08-25T17:23:14.118521835Z,"[""/tangrams/422_339.png"",""/tangrams/279_339.png"",""/tangrams/279_244.png"",""/tangrams/138_405.png""]",2026-08-25T17:07:02.431977183Z,/tangrams/279_339.png,2026-08-25T17:07:02.431977183Z,D2,2026-08-25T17:07:02.431977183Z,4,2026-08-25T17:07:02.431977183Z,3,2026-08-25T17:07:02.431977183Z
01M0WYEEQ0AM8GDG8B2TVKVY2T,01M0WWQAZ72GMKNB5E8VWC3WG2,2026-08-25T17:10:50.336327942Z,,,,,,,,,,,"[""B1"",""C2"",""D3"",""A4""]",2026-08-25T17:10:50.336327942Z,false,2026-08-25T17:10:50.336327942Z,01M0WWQAZRRWZPK3N7VE24RFV2,2026-08-25T17:10:50.336327942Z,27,2026-08-25T17:10:50.336327942Z,,,,,,,48,2026-08-25T17:10:50.336327942Z,12,2026-08-25T17:10:50.336327942Z,training,2026-08-25T17:10:50.336327942Z,2,2026-08-25T17:10:50.336327942Z,4,2026-08-25T17:10:50.336327942Z,,,,2026-08-25T17:10:50.336327942Z,,,1,2026-08-25T17:10:50.336327942Z,2,2026-08-25T17:10:51.445670408Z,false,2026-08-25T17:10:50.336327942Z,"[""/tangrams/348_314.png"",""/tangrams/202_441.png"",""/tangrams/20_24.png"",""/tangrams/66_464.png""]",2026-08-25T17:10:50.336327942Z,/tangrams/348_314.png,2026-08-25T17:10:50.336327942Z,B1,2026-08-25T17:10:50.336327942Z,3,2026-08-25T17:10:50.336327942Z,26,2026-08-25T17:10:50.336327942Z
01M0WY4EWM8K32A27QMN8F53EM,01M0WWQ9XB6TMTWDYN7GB59TN7,2026-08-25T17:05:22.836975671Z,"[{""text"":""diamond above and beneath"",""sender"":{""id"":""01M0WY0C090AZDG2K9X542KKDB"",""name"":""Repi"",""avatar"":""https://api.dicebear.com/8.x/rings/svg?seed=Repi""}}]",2026-08-25T17:25:30.111838801Z,[1787678730121],2026-08-25T17:25:30.12271841Z,,,true,2026-08-25T17:25:35.916439189Z,01M0WY0C090AZDG2K9X542KKDB,2026-08-25T17:25:12.574401059Z,"[""A1"",""F1"",""F3"",""C3""]",2026-08-25T17:05:22.836975671Z,true,2026-08-25T17:25:35.901632578Z,01M0WWQ9XVXJV1JR4118CY5W09,2026-08-25T17:05:22.836975671Z,32,2026-08-25T17:05:22.836975671Z,false,2026-08-25T17:25:12.753406773Z,01M0WY0ENCGBGZ9MKY7CZKA71D,2026-08-25T17:25:12.574401059Z,,,48,2026-08-25T17:05:22.836975671Z,12,2026-08-25T17:05:22.836975671Z,training,2026-08-25T17:05:22.836975671Z,2,2026-08-25T17:05:22.836975671Z,4,2026-08-25T17:05:22.836975671Z,/tangrams/138_244.png,2026-08-25T17:25:35.916439189Z,/tangrams/138_244.png,2026-08-25T17:25:32.792339884Z,1787678732817,2026-08-25T17:25:32.787744206Z,0,2026-08-25T17:05:22.836975671Z,2,2026-08-25T17:05:23.649312899Z,true,2026-08-25T17:25:12.537844592Z,"[""/tangrams/138_244.png"",""/tangrams/119_182.png"",""/tangrams/170_154.png"",""/tangrams/422_405.png""]",2026-08-25T17:05:22.836975671Z,/tangrams/138_244.png,2026-08-25T17:05:22.836975671Z,A1,2026-08-25T17:05:22.836975671Z,8,2026-08-25T17:05:22.836975671Z,31,2026-08-25T17:05:22.836975671Z
01M0WXAW6QACATDKGAYJK5RJNN,01M0WWQ73PEDYQHEYYBB88AXMD,2026-08-25T16:51:24.503396174Z,"[{""text"":""Black triangle and diamond at the bottom]"",""sender"":{""id"":""01M0WX9MXH1SX7Q50079HW9F7E"",""name"":""Minu"",""avatar"":""https://api.dicebear.com/8.x/rings/svg?seed=Minu""}}]",2026-08-25T17:25:41.713468318Z,[1787678741723],2026-08-25T17:25:41.724756505Z,,,true,2026-08-25T17:25:56.827931234Z,01M0WX9MXH1SX7Q50079HW9F7E,2026-08-25T17:25:34.110847055Z,"[""C2"",""A4"",""B3"",""D1""]",2026-08-25T16:51:24.503396174Z,true,2026-08-25T17:25:56.81256561Z,01M0WWQ74H7CSGCPAHPDSCJ0PV,2026-08-25T16:51:24.503396174Z,43,2026-08-25T16:51:24.503396174Z,false,2026-08-25T17:25:34.220354194Z,01M0WX667JRE4461924BYZ6YJ1,2026-08-25T17:25:34.110847055Z,,,48,2026-08-25T16:51:24.503396174Z,12,2026-08-25T16:51:24.503396174Z,training,2026-08-25T16:51:24.503396174Z,3,2026-08-25T16:51:24.503396174Z,4,2026-08-25T16:51:24.503396174Z,/tangrams/279_244.png,2026-08-25T17:25:56.827931234Z,/tangrams/279_244.png,2026-08-25T17:25:53.62658782Z,1787678753608,2026-08-25T17:25:53.621738869Z,0,2026-08-25T16:51:24.503396174Z,2,2026-08-25T16:51:25.400510566Z,true,2026-08-25T17:25:34.064263271Z,"[""/tangrams/422_339.png"",""/tangrams/138_66.png"",""/tangrams/366_405.png"",""/tangrams/279_244.png""]",2026-08-25T16:51:24.503396174Z,/tangrams/279_244.png,2026-08-25T16:51:24.503396174Z,D1,2026-08-25T16:51:24.503396174Z,7,2026-08-25T16:51:24.503396174Z,42,2026-08-25T16:51:24.503396174Z
01M0WXGEBRCQEY5TJN43CAPZKR,01M0WWQ73PEDYQHEYYBB88AXMD,2026-08-25T16:54:26.936757853Z,,,,,,,,,,,"[""C4"",""A4"",""B1"",""C2""]",2026-08-25T16:54:26.936757853Z,false,2026-08-25T16:54:26.936757853Z,01M0WWQ74ND1AHANTF309RNWJE,2026-08-25T16:54:26.936757853Z,26,2026-08-25T16:54:26.936757853Z,,,,,,,48,2026-08-25T16:54:26.936757853Z,12,2026-08-25T16:54:26.936757853Z,training,2026-08-25T16:54:26.936757853Z,2,2026-08-25T16:54:26.936757853Z,4,2026-08-25T16:54:26.936757853Z,,,,2026-08-25T16:54:26.936757853Z,,,0,2026-08-25T16:54:26.936757853Z,2,2026-08-25T16:54:27.66805716Z,false,2026-08-25T16:54:26.936757853Z,"[""/tangrams/422_66.png"",""/tangrams/138_66.png"",""/tangrams/366_244.png"",""/tangrams/422_339.png""]",2026-08-25T16:54:26.936757853Z,/tangrams/422_66.png,2026-08-25T16:54:26.936757853Z,C4,2026-08-25T16:54:26.936757853Z,2,2026-08-25T16:54:26.936757853Z,25,2026-08-25T16:54:26.936757853Z
01M0WY4EZCNQCX862V1SX8TT6Y,01M0WWQ9XB6TMTWDYN7GB59TN7,2026-08-25T17:05:22.924156878Z,"[{""text"":""diamond top and bottom"",""sender"":{""id"":""01M0WY0ENCGBGZ9MKY7CZKA71D"",""name"":""Minu"",""avatar"":""https://api.dicebear.com/8.x/rings/svg?seed=Minu""}}]",2026-08-25T17:28:10.209996679Z,[1787678890219],2026-08-25T17:28:10.221403899Z,,,true,2026-08-25T17:28:15.814015363Z,01M0WY0ENCGBGZ9MKY7CZKA71D,2026-08-25T17:28:02.980764651Z,"[""F2"",""A1"",""F4"",""D4""]",2026-08-25T17:05:22.924156878Z,true,2026-08-25T17:28:15.799470699Z,01M0WWQ9XVXJV1JR4118CY5W09,2026-08-25T17:05:22.924156878Z,41,2026-08-25T17:05:22.924156878Z,false,2026-08-25T17:28:03.26046716Z,01M0WY0C090AZDG2K9X542KKDB,2026-08-25T17:28:02.980764651Z,,,48,2026-08-25T17:05:22.924156878Z,12,2026-08-25T17:05:22.924156878Z,training,2026-08-25T17:05:22.924156878Z,3,2026-08-25T17:05:22.924156878Z,4,2026-08-25T17:05:22.924156878Z,/tangrams/138_244.png,2026-08-25T17:28:15.814015363Z,/tangrams/138_244.png,2026-08-25T17:28:12.692043119Z,1787678892604,2026-08-25T17:28:12.6993733Z,0,2026-08-25T17:05:22.924156878Z,2,2026-08-25T17:05:23.805030349Z,true,2026-08-25T17:28:02.939734681Z,"[""/tangrams/290_64.png"",""/tangrams/138_244.png"",""/tangrams/434_227.png"",""/tangrams/279_66.png""]",2026-08-25T17:05:22.924156878Z,/tangrams/138_244.png,2026-08-25T17:05:22.924156878Z,A1,2026-08-25T17:05:22.924156878Z,5,2026-08-25T17:05:22.924156878Z,40,2026-08-25T17:05:22.924156878Z
01M0WY7G556YRT5F46XMSCNWRP,01M0WWQ9XB6TMTWDYN7GB59TN7,2026-08-25T17:07:02.437850131Z,"[{""text"":""triangle at the top with a house shaped inside of it"",""sender"":{""id"":""01M0WY0ECEQWZG8FEZD72ENETD"",""name"":""Minu"",""avatar"":""https://api.dicebear.com/8.x/rings/svg?seed=Minu""}},{""text"":""connected to a base that has like a v shaped figure"",""sender"":{""id"":""01M0WY0ECEQWZG8FEZD72ENETD"",""name"":""Minu"",""avatar"":""https://api.dicebear.com/8.x/rings/svg?seed=Minu""}},{""text"":""bottom half fully black? or bottom half look like stairs?"",""sender"":{""id"":""01M0WXR5QX7RT0467EJCPJ9Y2Y"",""name"":""Repi"",""avatar"":""https://api.dicebear.com/8.x/rings/svg?seed=Repi""}},{""text"":""they both connected"",""sender"":{""id"":""01M0WY0ECEQWZG8FEZD72ENETD"",""name"":""Minu"",""avatar"":""https://api.dicebear.com/8.x/rings/svg?seed=Minu""}},{""text"":""bottom half fully black"",""sender"":{""id"":""01M0WY0ECEQWZG8FEZD72ENETD"",""name"":""Minu"",""avatar"":""https://api.dicebear.com/8.x/rings/svg?seed=Minu""}}]",2026-08-25T17:26:21.285982447Z,"[1787678751493,1787678768310,1787678772698,1787678773501,1787678781310]",2026-08-25T17:26:21.312366253Z,,,true,2026-08-25T17:26:26.247212078Z,01M0WY0ECEQWZG8FEZD72ENETD,2026-08-25T17:25:35.607072162Z,"[""A4"",""D2"",""B4"",""B3""]",2026-08-25T17:07:02.437850131Z,true,2026-08-25T17:26:26.235010341Z,01M0WWQ9XW83PGVA4HF3WT9HVR,2026-08-25T17:07:02.437850131Z,7,2026-08-25T17:07:02.437850131Z,false,2026-08-25T17:25:35.856076175Z,01M0WXR5QX7RT0467EJCPJ9Y2Y,2026-08-25T17:25:35.607072162Z,,,48,2026-08-25T17:07:02.437850131Z,12,2026-08-25T17:07:02.437850131Z,training,2026-08-25T17:07:02.437850131Z,0,2026-08-25T17:07:02.437850131Z,4,2026-08-25T17:07:02.437850131Z,/tangrams/366_66.png,2026-08-25T17:26:26.247212078Z,/tangrams/366_66.png,2026-08-25T17:26:23.104803125Z,1787678782994,2026-08-25T17:26:23.093288565Z,0,2026-08-25T17:07:02.437850131Z,2,2026-08-25T17:07:02.916578757Z,true,2026-08-25T17:25:35.557638992Z,"[""/tangrams/138_66.png"",""/tangrams/279_339.png"",""/tangrams/366_66.png"",""/tangrams/366_405.png""]",2026-08-25T17:07:02.437850131Z,/tangrams/366_66.png,2026-08-25T17:07:02.437850131Z,B4,2026-08-25T17:07:02.437850131Z,7,2026-08-25T17:07:02.437850131Z,6,2026-08-25T17:07:02.437850131Z
01M0WY969P5W21WZ8RJNA2PYNH,01M0WWQAZ72GMKNB5E8VWC3WG2,2026-08-25T17:07:57.878649466Z,"[{""text"":""small triangle left, larger sold block on right"",""sender"":{""id"":""01M0WY2T8PBZPVGKC7BWFHJ59J"",""name"":""Minu"",""avatar"":""https://api.dicebear.com/8.x/rings/svg?seed=Minu""}}]",2026-08-25T17:47:20.980654241Z,[1787680040991],2026-08-25T17:47:20.994201098Z,,,true,2026-08-25T17:47:29.080344017Z,01M0WY2T8PBZPVGKC7BWFHJ59J,2026-08-25T17:47:00.927817079Z,"[""C4"",""D2"",""A2"",""D3""]",2026-08-25T17:07:57.878649466Z,true,2026-08-25T17:47:29.067367191Z,01M0WWQAZPP7VBJF1WXDE2YKFW,2026-08-25T17:07:57.878649466Z,31,2026-08-25T17:07:57.878649466Z,false,2026-08-25T17:47:01.123577006Z,01M0WXSYNRXCYGT80QAR430CBD,2026-08-25T17:47:00.927817079Z,,,48,2026-08-25T17:07:57.878649466Z,12,2026-08-25T17:07:57.878649466Z,training,2026-08-25T17:07:57.878649466Z,2,2026-08-25T17:07:57.878649466Z,4,2026-08-25T17:07:57.878649466Z,/tangrams/20_441.png,2026-08-25T17:47:29.080344017Z,/tangrams/20_441.png,2026-08-25T17:47:25.91249455Z,1787680046497,2026-08-25T17:47:25.91795906Z,1,2026-08-25T17:07:57.878649466Z,2,2026-08-25T17:07:58.832888848Z,true,2026-08-25T17:47:00.874248028Z,"[""/tangrams/202_464.png"",""/tangrams/20_441.png"",""/tangrams/66_441.png"",""/tangrams/20_24.png""]",2026-08-25T17:07:57.878649466Z,/tangrams/20_441.png,2026-08-25T17:07:57.878649466Z,D2,2026-08-25T17:07:57.878649466Z,7,2026-08-25T17:07:57.878649466Z,30,2026-08-25T17:07:57.878649466Z
01M0WXEBBETH6CKFSZDFQQXNM0,01M0WWQ73PEDYQHEYYBB88AXMD,2026-08-25T16:53:18.318267732Z,,,,,,,,,,,"[""F7"",""A1"",""F8"",""D4""]",2026-08-25T16:53:18.318267732Z,false,2026-08-25T16:53:18.318267732Z,01M0WWQ74M3NWYAJGQB0ESKAD2,2026-08-25T16:53:18.318267732Z,19,2026-08-25T16:53:18.318267732Z,,,,,,,48,2026-08-25T16:53:18.318267732Z,12,2026-08-25T16:53:18.318267732Z,training,2026-08-25T16:53:18.318267732Z,1,2026-08-25T16:53:18.318267732Z,4,2026-08-25T16:53:18.318267732Z,,,,2026-08-25T16:53:18.318267732Z,,,0,2026-08-25T16:53:18.318267732Z,2,2026-08-25T16:53:18.784107107Z,false,2026-08-25T16:53:18.318267732Z,"[""/tangrams/411_352.png"",""/tangrams/138_244.png"",""/tangrams/37_144.png"",""/tangrams/279_66.png""]",2026-08-25T16:53:18.318267732Z,/tangrams/138_244.png,2026-08-25T16:53:18.318267732Z,A1,2026-08-25T16:53:18.318267732Z,7,2026-08-25T16:53:18.318267732Z,18,2026-08-25T16:53:18.318267732Z
01M0WXGEBEKK0STE7E8XB2N7DY,01M0WWQ73PEDYQHEYYBB88AXMD,2026-08-25T16:54:26.926348314Z,,,,,,,,,,,"[""D3"",""B4"",""A2"",""A4""]",2026-08-25T16:54:26.926348314Z,false,2026-08-25T16:54:26.926348314Z,01M0WWQ74ND1AHANTF309RNWJE,2026-08-25T16:54:26.926348314Z,28,2026-08-25T16:54:26.926348314Z,,,,,,,48,2026-08-25T16:54:26.926348314Z,12,2026-08-25T16:54:26.926348314Z,training,2026-08-25T16:54:26.926348314Z,2,2026-08-25T16:54:26.926348314Z,4,2026-08-25T16:54:26.926348314Z,,,,2026-08-25T16:54:26.926348314Z,,,0,2026-08-25T16:54:26.926348314Z,2,2026-08-25T16:54:27.711307254Z,false,2026-08-25T16:54:26.926348314Z,"[""/tangrams/279_405.png"",""/tangrams/366_66.png"",""/tangrams/138_339.png"",""/tangrams/138_66.png""]",2026-08-25T16:54:26.926348314Z,/tangrams/138_66.png,2026-08-25T16:54:26.926348314Z,A4,2026-08-25T16:54:26.926348314Z,4,2026-08-25T16:54:26.926348314Z,27,2026-08-25T16:54:26.926348314Z
01M0WXGEDKMFC66H96D4JNB2JX,01M0WWQ73PEDYQHEYYBB88AXMD,2026-08-25T16:54:26.995583876Z,,,,,,,false,2026-08-25T17:18:26.997401447Z,01M0WX0T78NE9YVPZSCJ5NTGX1,2026-08-25T17:17:23.805245905Z,"[""D2"",""A2"",""A4"",""B3""]",2026-08-25T16:54:26.995583876Z,true,2026-08-25T17:18:26.98431329Z,01M0WWQ74ND1AHANTF309RNWJE,2026-08-25T16:54:26.995583876Z,11,2026-08-25T16:54:26.995583876Z,false,2026-08-25T17:17:24.048525278Z,01M0WWVKKHKMSSWB9WS1N6GRNZ,2026-08-25T17:17:23.805245905Z,,,48,2026-08-25T16:54:26.995583876Z,12,2026-08-25T16:54:26.995583876Z,training,2026-08-25T16:54:26.995583876Z,0,2026-08-25T16:54:26.995583876Z,4,2026-08-25T16:54:26.995583876Z,,2026-08-25T17:18:26.997401447Z,,2026-08-25T16:54:26.995583876Z,,,0,2026-08-25T16:54:26.995583876Z,2,2026-08-25T16:54:27.433874041Z,true,2026-08-25T17:17:23.757950639Z,"[""/tangrams/279_339.png"",""/tangrams/138_339.png"",""/tangrams/138_66.png"",""/tangrams/366_405.png""]",2026-08-25T16:54:26.995583876Z,/tangrams/138_339.png,2026-08-25T16:54:26.995583876Z,A2,2026-08-25T16:54:26.995583876Z,11,2026-08-25T16:54:26.995583876Z,10,2026-08-25T16:54:26.995583876Z
01M0WY7G85HT9D6VVYB895KQA2,01M0WWQ9XB6TMTWDYN7GB59TN7,2026-08-25T17:07:02.533597416Z,"[{""text"":""hat like top"",""sender"":{""id"":""01M0WY0ECEQWZG8FEZD72ENETD"",""name"":""Minu"",""avatar"":""https://api.dicebear.com/8.x/rings/svg?seed=Minu""}},{""text"":""irregular white inside"",""sender"":{""id"":""01M0WY0ECEQWZG8FEZD72ENETD"",""name"":""Minu"",""avatar"":""https://api.dicebear.com/8.x/rings/svg?seed=Minu""}},{""text"":""triangle to the left with diamond touching it"",""sender"":{""id"":""01M0WY0ECEQWZG8FEZD72ENETD"",""name"":""Minu"",""avatar"":""https://api.dicebear.com/8.x/rings/svg?seed=Minu""}}]",2026-08-25T17:39:24.533771734Z,"[1787679550256,1787679555930,1787679564544]",2026-08-25T17:39:24.548654911Z,,,true,2026-08-25T17:39:29.233700251Z,01M0WY0ECEQWZG8FEZD72ENETD,2026-08-25T17:39:03.818919565Z,"[""C1"",""C4"",""D1"",""A2""]",2026-08-25T17:07:02.533597416Z,true,2026-08-25T17:39:29.222309269Z,01M0WWQ9XW83PGVA4HF3WT9HVR,2026-08-25T17:07:02.533597416Z,31,2026-08-25T17:07:02.533597416Z,false,2026-08-25T17:39:04.075391898Z,01M0WXR5QX7RT0467EJCPJ9Y2Y,2026-08-25T17:39:03.818919565Z,,,48,2026-08-25T17:07:02.533597416Z,12,2026-08-25T17:07:02.533597416Z,training,2026-08-25T17:07:02.533597416Z,2,2026-08-25T17:07:02.533597416Z,4,2026-08-25T17:07:02.533597416Z,/tangrams/422_244.png,2026-08-25T17:39:29.233700251Z,/tangrams/422_244.png,2026-08-25T17:39:26.067322841Z,1787679565949,2026-08-25T17:39:26.041402228Z,0,2026-08-25T17:07:02.533597416Z,2,2026-08-25T17:07:03.434559733Z,true,2026-08-25T17:39:03.704730211Z,"[""/tangrams/422_244.png"",""/tangrams/422_66.png"",""/tangrams/279_244.png"",""/tangrams/138_339.png""]",2026-08-25T17:07:02.533597416Z,/tangrams/422_244.png,2026-08-25T17:07:02.533597416Z,C1,2026-08-25T17:07:02.533597416Z,7,2026-08-25T17:07:02.533597416Z,30,2026-08-25T17:07:02.533597416Z
01M0WY8DB1PNCPVCQXGARAY1MA,01M0WWQ9XB6TMTWDYN7GB59TN7,2026-08-25T17:07:32.321769715Z,"[{""text"":""two wide tell with a bull horns on top"",""sender"":{""id"":""01M0WY1FH5WQS14DQ3V446M8AM"",""name"":""Repi"",""avatar"":""https://api.dicebear.com/8.x/rings/svg?seed=Repi""}},{""text"":""legs*"",""sender"":{""id"":""01M0WY1FH5WQS14DQ3V446M8AM"",""name"":""Repi"",""avatar"":""https://api.dicebear.com/8.x/rings/svg?seed=Repi""}}]",2026-08-25T17:40:03.948921842Z,"[1787679592099,1787679603959]",2026-08-25T17:40:03.960817121Z,,,true,2026-08-25T17:40:23.665067003Z,01M0WY1FH5WQS14DQ3V446M8AM,2026-08-25T17:39:32.756383262Z,"[""C1"",""B3"",""D2"",""A4""]",2026-08-25T17:07:32.321769715Z,true,2026-08-25T17:40:23.650423167Z,01M0WWQ9XT2Q7RF2RHNCTTRDNK,2026-08-25T17:07:32.321769715Z,28,2026-08-25T17:07:32.321769715Z,false,2026-08-25T17:39:32.94046215Z,01M0WY1V9QET0HYE5N0547967Y,2026-08-25T17:39:32.756383262Z,,,48,2026-08-25T17:07:32.321769715Z,12,2026-08-25T17:07:32.321769715Z,training,2026-08-25T17:07:32.321769715Z,2,2026-08-25T17:07:32.321769715Z,4,2026-08-25T17:07:32.321769715Z,/tangrams/279_339.png,2026-08-25T17:40:23.665067003Z,/tangrams/279_339.png,2026-08-25T17:40:20.512482291Z,1787679621015,2026-08-25T17:40:20.519461865Z,0,2026-08-25T17:07:32.321769715Z,2,2026-08-25T17:07:33.091341452Z,true,2026-08-25T17:39:32.714566251Z,"[""/tangrams/422_244.png"",""/tangrams/366_405.png"",""/tangrams/279_339.png"",""/tangrams/138_66.png""]",2026-08-25T17:07:32.321769715Z,/tangrams/279_339.png,2026-08-25T17:07:32.321769715Z,D2,2026-08-25T17:07:32.321769715Z,4,2026-08-25T17:07:32.321769715Z,27,2026-08-25T17:07:32.321769715Z
01M0WXAWAYSZYQG2G9THW9WWJT,01M0WWQ73PEDYQHEYYBB88AXMD,2026-08-25T16:51:24.638477244Z,"[{""text"":""white triagle nder"",""sender"":{""id"":""01M0WX667JRE4461924BYZ6YJ1"",""name"":""Repi"",""avatar"":""https://api.dicebear.com/8.x/rings/svg?seed=Repi""}}]",2026-08-25T17:23:13.896811785Z,[1787678593905],2026-08-25T17:23:13.907710225Z,,,true,2026-08-25T17:23:22.918228202Z,01M0WX667JRE4461924BYZ6YJ1,2026-08-25T17:23:00.147422268Z,"[""C2"",""A3"",""B4"",""D1""]",2026-08-25T16:51:24.638477244Z,true,2026-08-25T17:23:22.906234224Z,01M0WWQ74H7CSGCPAHPDSCJ0PV,2026-08-25T16:51:24.638477244Z,36,2026-08-25T16:51:24.638477244Z,false,2026-08-25T17:23:00.250795415Z,01M0WX9MXH1SX7Q50079HW9F7E,2026-08-25T17:23:00.147422268Z,,,48,2026-08-25T16:51:24.638477244Z,12,2026-08-25T16:51:24.638477244Z,training,2026-08-25T16:51:24.638477244Z,2,2026-08-25T16:51:24.638477244Z,4,2026-08-25T16:51:24.638477244Z,/tangrams/422_339.png,2026-08-25T17:23:22.918228202Z,/tangrams/422_339.png,2026-08-25T17:23:19.745127502Z,1787678599650,2026-08-25T17:23:19.734525368Z,0,2026-08-25T16:51:24.638477244Z,2,2026-08-25T16:51:25.270097918Z,true,2026-08-25T17:23:00.100739152Z,"[""/tangrams/422_339.png"",""/tangrams/138_405.png"",""/tangrams/366_66.png"",""/tangrams/279_244.png""]",2026-08-25T16:51:24.638477244Z,/tangrams/422_339.png,2026-08-25T16:51:24.638477244Z,C2,2026-08-25T16:51:24.638477244Z,12,2026-08-25T16:51:24.638477244Z,35,2026-08-25T16:51:24.638477244Z
01M0WXEB8SQ04PTYWH38BJSWZ9,01M0WWQ73PEDYQHEYYBB88AXMD,2026-08-25T16:53:18.233835635Z,,,,,,,,,,,"[""B2"",""C3"",""F8"",""F4""]",2026-08-25T16:53:18.233835635Z,false,2026-08-25T16:53:18.233835635Z,01M0WWQ74M3NWYAJGQB0ESKAD2,2026-08-25T16:53:18.233835635Z,45,2026-08-25T16:53:18.233835635Z,,,,,,,48,2026-08-25T16:53:18.233835635Z,12,2026-08-25T16:53:18.233835635Z,training,2026-08-25T16:53:18.233835635Z,3,2026-08-25T16:53:18.233835635Z,4,2026-08-25T16:53:18.233835635Z,,,,2026-08-25T16:53:18.233835635Z,,,0,2026-08-25T16:53:18.233835635Z,2,2026-08-25T16:53:19.234836683Z,false,2026-08-25T16:53:18.233835635Z,"[""/tangrams/366_339.png"",""/tangrams/422_405.png"",""/tangrams/37_144.png"",""/tangrams/434_227.png""]",2026-08-25T16:53:18.233835635Z,/tangrams/366_339.png,2026-08-25T16:53:18.233835635Z,B2,2026-08-25T16:53:18.233835635Z,9,2026-08-25T16:53:18.233835635Z,44,2026-08-25T16:53:18.233835635Z
01M0WXGED7ENGZNQ5GRFSCQ0W4,01M0WWQ73PEDYQHEYYBB88AXMD,2026-08-25T16:54:26.983146641Z,,,,,,,,,,,"[""A3"",""A2"",""D3"",""C1""]",2026-08-25T16:54:26.983146641Z,false,2026-08-25T16:54:26.983146641Z,01M0WWQ74ND1AHANTF309RNWJE,2026-08-25T16:54:26.983146641Z,33,2026-08-25T16:54:26.983146641Z,,,,,,,48,2026-08-25T16:54:26.983146641Z,12,2026-08-25T16:54:26.983146641Z,training,2026-08-25T16:54:26.983146641Z,2,2026-08-25T16:54:26.983146641Z,4,2026-08-25T16:54:26.983146641Z,,,,2026-08-25T16:54:26.983146641Z,,,0,2026-08-25T16:54:26.983146641Z,2,2026-08-25T16:54:27.803695217Z,false,2026-08-25T16:54:26.983146641Z,"[""/tangrams/138_405.png"",""/tangrams/138_339.png"",""/tangrams/279_405.png"",""/tangrams/422_244.png""]",2026-08-25T16:54:26.983146641Z,/tangrams/138_405.png,2026-08-25T16:54:26.983146641Z,A3,2026-08-25T16:54:26.983146641Z,9,2026-08-25T16:54:26.983146641Z,32,2026-08-25T16:54:26.983146641Z
01M0WY4ET7B155SZW64KC7HX0Z,01M0WWQ9XB6TMTWDYN7GB59TN7,2026-08-25T17:05:22.759816526Z,"[{""text"":""looks like house"",""sender"":{""id"":""01M0WY0C090AZDG2K9X542KKDB"",""name"":""Repi"",""avatar"":""https://api.dicebear.com/8.x/rings/svg?seed=Repi""}}]",2026-08-25T17:19:16.770910542Z,[1787678356778],2026-08-25T17:19:16.781042448Z,,,true,2026-08-25T17:19:21.954377745Z,01M0WY0C090AZDG2K9X542KKDB,2026-08-25T17:19:05.499117204Z,"[""F2"",""C3"",""F6"",""F8""]",2026-08-25T17:05:22.759816526Z,true,2026-08-25T17:19:21.939735994Z,01M0WWQ9XVXJV1JR4118CY5W09,2026-08-25T17:05:22.759816526Z,14,2026-08-25T17:05:22.759816526Z,false,2026-08-25T17:19:05.680800073Z,01M0WY0ENCGBGZ9MKY7CZKA71D,2026-08-25T17:19:05.499117204Z,,,48,2026-08-25T17:05:22.759816526Z,12,2026-08-25T17:05:22.759816526Z,training,2026-08-25T17:05:22.759816526Z,1,2026-08-25T17:05:22.759816526Z,4,2026-08-25T17:05:22.759816526Z,/tangrams/422_405.png,2026-08-25T17:19:21.954377745Z,/tangrams/422_405.png,2026-08-25T17:19:18.830791481Z,1787678358850,2026-08-25T17:19:18.825681947Z,0,2026-08-25T17:05:22.759816526Z,2,2026-08-25T17:05:23.31911052Z,true,2026-08-25T17:19:05.453216356Z,"[""/tangrams/290_64.png"",""/tangrams/422_405.png"",""/tangrams/134_125.png"",""/tangrams/37_144.png""]",2026-08-25T17:05:22.759816526Z,/tangrams/422_405.png,2026-08-25T17:05:22.759816526Z,C3,2026-08-25T17:05:22.759816526Z,2,2026-08-25T17:05:22.759816526Z,13,2026-08-25T17:05:22.759816526Z
01M0WY8D9BBVH6ZVBVHF01QYKG,01M0WWQ9XB6TMTWDYN7GB59TN7,2026-08-25T17:07:32.267829983Z,"[{""text"":""two legs wide and a diagonal on top"",""sender"":{""id"":""01M0WY1V9QET0HYE5N0547967Y"",""name"":""Minu"",""avatar"":""https://api.dicebear.com/8.x/rings/svg?seed=Minu""}}]",2026-08-25T17:35:23.135810609Z,[1787679323225],2026-08-25T17:35:23.227511172Z,,,false,2026-08-25T17:35:34.742061667Z,01M0WY1V9QET0HYE5N0547967Y,2026-08-25T17:35:01.303637359Z,"[""D2"",""C1"",""A3"",""B4""]",2026-08-25T17:07:32.267829983Z,true,2026-08-25T17:35:34.69932395Z,01M0WWQ9XT2Q7RF2RHNCTTRDNK,2026-08-25T17:07:32.267829983Z,21,2026-08-25T17:07:32.267829983Z,false,2026-08-25T17:35:01.517765705Z,01M0WY1FH5WQS14DQ3V446M8AM,2026-08-25T17:35:01.303637359Z,,,48,2026-08-25T17:07:32.267829983Z,12,2026-08-25T17:07:32.267829983Z,training,2026-08-25T17:07:32.267829983Z,1,2026-08-25T17:07:32.267829983Z,4,2026-08-25T17:07:32.267829983Z,/tangrams/138_405.png,2026-08-25T17:35:34.742061667Z,/tangrams/138_405.png,2026-08-25T17:35:31.466276567Z,1787679331242,2026-08-25T17:35:31.459566324Z,0,2026-08-25T17:07:32.267829983Z,2,2026-08-25T17:07:32.955310022Z,true,2026-08-25T17:35:01.232273399Z,"[""/tangrams/279_339.png"",""/tangrams/422_244.png"",""/tangrams/138_405.png"",""/tangrams/366_66.png""]",2026-08-25T17:07:32.267829983Z,/tangrams/366_66.png,2026-08-25T17:07:32.267829983Z,B4,2026-08-25T17:07:32.267829983Z,9,2026-08-25T17:07:32.267829983Z,20,2026-08-25T17:07:32.267829983Z
01M0WXGEEF5G4SPT5W3F9EWFW0,01M0WWQ73PEDYQHEYYBB88AXMD,2026-08-25T16:54:27.023464803Z,,,,,,,,,,,"[""B1"",""A3"",""D2"",""D1""]",2026-08-25T16:54:27.023464803Z,false,2026-08-25T16:54:27.023464803Z,01M0WWQ74ND1AHANTF309RNWJE,2026-08-25T16:54:27.023464803Z,34,2026-08-25T16:54:27.023464803Z,,,,,,,48,2026-08-25T16:54:27.023464803Z,12,2026-08-25T16:54:27.023464803Z,training,2026-08-25T16:54:27.023464803Z,2,2026-08-25T16:54:27.023464803Z,4,2026-08-25T16:54:27.023464803Z,,,,2026-08-25T16:54:27.023464803Z,,,0,2026-08-25T16:54:27.023464803Z,2,2026-08-25T16:54:27.822423648Z,false,2026-08-25T16:54:27.023464803Z,"[""/tangrams/366_244.png"",""/tangrams/138_405.png"",""/tangrams/279_339.png"",""/tangrams/279_244.png""]",2026-08-25T16:54:27.023464803Z,/tangrams/279_244.png,2026-08-25T16:54:27.023464803Z,D1,2026-08-25T16:54:27.023464803Z,10,2026-08-25T16:54:27.023464803Z,33,2026-08-25T16:54:27.023464803Z
01M0WY7GA0S4SVXVQE8NTSZB66,01M0WWQ9XB6TMTWDYN7GB59TN7,2026-08-25T17:07:02.592524793Z,"[{""text"":""hallelujah hands"",""sender"":{""id"":""01M0WY0ECEQWZG8FEZD72ENETD"",""name"":""Minu"",""avatar"":""https://api.dicebear.com/8.x/rings/svg?seed=Minu""}},{""text"":""missing triangle under"",""sender"":{""id"":""01M0WY0ECEQWZG8FEZD72ENETD"",""name"":""Minu"",""avatar"":""https://api.dicebear.com/8.x/rings/svg?seed=Minu""}}]",2026-08-25T17:43:03.907735106Z,"[1787679779039,1787679783918]",2026-08-25T17:43:03.920099151Z,,,true,2026-08-25T17:43:08.408660225Z,01M0WY0ECEQWZG8FEZD72ENETD,2026-08-25T17:42:52.911539234Z,"[""C2"",""D3"",""B1"",""D2""]",2026-08-25T17:07:02.592524793Z,true,2026-08-25T17:43:08.396525516Z,01M0WWQ9XW83PGVA4HF3WT9HVR,2026-08-25T17:07:02.592524793Z,41,2026-08-25T17:07:02.592524793Z,false,2026-08-25T17:42:53.170923418Z,01M0WXR5QX7RT0467EJCPJ9Y2Y,2026-08-25T17:42:52.911539234Z,,,48,2026-08-25T17:07:02.592524793Z,12,2026-08-25T17:07:02.592524793Z,training,2026-08-25T17:07:02.592524793Z,3,2026-08-25T17:07:02.592524793Z,4,2026-08-25T17:07:02.592524793Z,/tangrams/279_339.png,2026-08-25T17:43:08.408660225Z,/tangrams/279_339.png,2026-08-25T17:43:05.261137005Z,1787679785163,2026-08-25T17:43:05.264972554Z,0,2026-08-25T17:07:02.592524793Z,2,2026-08-25T17:07:03.637428114Z,true,2026-08-25T17:42:52.872902588Z,"[""/tangrams/422_339.png"",""/tangrams/279_405.png"",""/tangrams/366_244.png"",""/tangrams/279_339.png""]",2026-08-25T17:07:02.592524793Z,/tangrams/279_339.png,2026-08-25T17:07:02.592524793Z,D2,2026-08-25T17:07:02.592524793Z,5,2026-08-25T17:07:02.592524793Z,40,2026-08-25T17:07:02.592524793Z
01M0WY8D7TE4GERTY21PTPV18M,01M0WWQ9XB6TMTWDYN7GB59TN7,2026-08-25T17:07:32.21855811Z,"[{""text"":""looks like bull horns, with a black triangle and diamond at the bottom on the left side."",""sender"":{""id"":""01M0WY1FH5WQS14DQ3V446M8AM"",""name"":""Repi"",""avatar"":""https://api.dicebear.com/8.x/rings/svg?seed=Repi""}}]",2026-08-25T17:30:20.373364143Z,[1787679020385],2026-08-25T17:30:20.387849442Z,,,true,2026-08-25T17:30:49.066567232Z,01M0WY1FH5WQS14DQ3V446M8AM,2026-08-25T17:29:49.501192609Z,"[""D1"",""C2"",""A3"",""B4""]",2026-08-25T17:07:32.21855811Z,true,2026-08-25T17:30:49.048766872Z,01M0WWQ9XT2Q7RF2RHNCTTRDNK,2026-08-25T17:07:32.21855811Z,12,2026-08-25T17:07:32.21855811Z,false,2026-08-25T17:29:49.65311306Z,01M0WY1V9QET0HYE5N0547967Y,2026-08-25T17:29:49.501192609Z,,,48,2026-08-25T17:07:32.21855811Z,12,2026-08-25T17:07:32.21855811Z,training,2026-08-25T17:07:32.21855811Z,0,2026-08-25T17:07:32.21855811Z,4,2026-08-25T17:07:32.21855811Z,/tangrams/279_244.png,2026-08-25T17:30:49.066567232Z,/tangrams/279_244.png,2026-08-25T17:30:45.732967634Z,1787679046270,2026-08-25T17:30:45.740119728Z,0,2026-08-25T17:07:32.21855811Z,2,2026-08-25T17:07:32.782984624Z,true,2026-08-25T17:29:49.447619336Z,"[""/tangrams/279_244.png"",""/tangrams/422_339.png"",""/tangrams/138_405.png"",""/tangrams/366_66.png""]",2026-08-25T17:07:32.21855811Z,/tangrams/279_244.png,2026-08-25T17:07:32.21855811Z,D1,2026-08-25T17:07:32.21855811Z,12,2026-08-25T17:07:32.21855811Z,11,2026-08-25T17:07:32.21855811Z
01M0WXGEB7D5GMEDD6YDFN9QM9,01M0WWQ73PEDYQHEYYBB88AXMD,2026-08-25T16:54:26.919691501Z,,,,,,,,,,,"[""A3"",""C1"",""B4"",""B3""]",2026-08-25T16:54:26.919691501Z,false,2026-08-25T16:54:26.919691501Z,01M0WWQ74ND1AHANTF309RNWJE,2026-08-25T16:54:26.919691501Z,18,2026-08-25T16:54:26.919691501Z,,,,,,,48,2026-08-25T16:54:26.919691501Z,12,2026-08-25T16:54:26.919691501Z,training,2026-08-25T16:54:26.919691501Z,1,2026-08-25T16:54:26.919691501Z,4,2026-08-25T16:54:26.919691501Z,,,,2026-08-25T16:54:26.919691501Z,,,0,2026-08-25T16:54:26.919691501Z,2,2026-08-25T16:54:27.551408256Z,false,2026-08-25T16:54:26.919691501Z,"[""/tangrams/138_405.png"",""/tangrams/422_244.png"",""/tangrams/366_66.png"",""/tangrams/366_405.png""]",2026-08-25T16:54:26.919691501Z,/tangrams/366_405.png,2026-08-25T16:54:26.919691501Z,B3,2026-08-25T16:54:26.919691501Z,6,2026-08-25T16:54:26.919691501Z,17,2026-08-25T16:54:26.919691501Z
01M0WXAW6HBME2NMSGA4MZ4Y89,01M0WWQ73PEDYQHEYYBB88AXMD,2026-08-25T16:51:24.497665411Z,"[{""text"":""slanted white rectangle in middle"",""sender"":{""id"":""01M0WX667JRE4461924BYZ6YJ1"",""name"":""Repi"",""avatar"":""https://api.dicebear.com/8.x/rings/svg?seed=Repi""}}]",2026-08-25T17:20:33.715074624Z,[1787678433723],2026-08-25T17:20:33.725559263Z,,,true,2026-08-25T17:20:44.786447502Z,01M0WX667JRE4461924BYZ6YJ1,2026-08-25T17:20:23.927234725Z,"[""D3"",""A2"",""B1"",""C4""]",2026-08-25T16:51:24.497665411Z,true,2026-08-25T17:20:44.772025925Z,01M0WWQ74H7CSGCPAHPDSCJ0PV,2026-08-25T16:51:24.497665411Z,28,2026-08-25T16:51:24.497665411Z,false,2026-08-25T17:20:24.05741368Z,01M0WX9MXH1SX7Q50079HW9F7E,2026-08-25T17:20:23.927234725Z,,,48,2026-08-25T16:51:24.497665411Z,12,2026-08-25T16:51:24.497665411Z,training,2026-08-25T16:51:24.497665411Z,2,2026-08-25T16:51:24.497665411Z,4,2026-08-25T16:51:24.497665411Z,/tangrams/422_66.png,2026-08-25T17:20:44.786447502Z,/tangrams/422_66.png,2026-08-25T17:20:41.651421299Z,1787678441565,2026-08-25T17:20:41.654214921Z,0,2026-08-25T16:51:24.497665411Z,2,2026-08-25T16:51:25.155684513Z,true,2026-08-25T17:20:23.887057382Z,"[""/tangrams/279_405.png"",""/tangrams/138_339.png"",""/tangrams/366_244.png"",""/tangrams/422_66.png""]",2026-08-25T16:51:24.497665411Z,/tangrams/422_66.png,2026-08-25T16:51:24.497665411Z,C4,2026-08-25T16:51:24.497665411Z,4,2026-08-25T16:51:24.497665411Z,27,2026-08-25T16:51:24.497665411Z
01M0WXGEBX2CX4RPP7T5N2BDTG,01M0WWQ73PEDYQHEYYBB88AXMD,2026-08-25T16:54:26.941691466Z,,,,,,,,,,,"[""B1"",""A3"",""B4"",""C1""]",2026-08-25T16:54:26.941691466Z,false,2026-08-25T16:54:26.941691466Z,01M0WWQ74ND1AHANTF309RNWJE,2026-08-25T16:54:26.941691466Z,44,2026-08-25T16:54:26.941691466Z,,,,,,,48,2026-08-25T16:54:26.941691466Z,12,2026-08-25T16:54:26.941691466Z,training,2026-08-25T16:54:26.941691466Z,3,2026-08-25T16:54:26.941691466Z,4,2026-08-25T16:54:26.941691466Z,,,,2026-08-25T16:54:26.941691466Z,,,0,2026-08-25T16:54:26.941691466Z,2,2026-08-25T16:54:28.015748423Z,false,2026-08-25T16:54:26.941691466Z,"[""/tangrams/366_244.png"",""/tangrams/138_405.png"",""/tangrams/366_66.png"",""/tangrams/422_244.png""]",2026-08-25T16:54:26.941691466Z,/tangrams/366_244.png,2026-08-25T16:54:26.941691466Z,B1,2026-08-25T16:54:26.941691466Z,8,2026-08-25T16:54:26.941691466Z,43,2026-08-25T16:54:26.941691466Z
01M0WY4ESA9SW9V250JZPK6QPR,01M0WWQ9XB6TMTWDYN7GB59TN7,2026-08-25T17:05:22.730628976Z,"[{""text"":""smily face helmet thing"",""sender"":{""id"":""01M0WY0ENCGBGZ9MKY7CZKA71D"",""name"":""Minu"",""avatar"":""https://api.dicebear.com/8.x/rings/svg?seed=Minu""}},{""text"":""pointy ears"",""sender"":{""id"":""01M0WY0ENCGBGZ9MKY7CZKA71D"",""name"":""Minu"",""avatar"":""https://api.dicebear.com/8.x/rings/svg?seed=Minu""}}]",2026-08-25T17:14:54.783602652Z,"[1787678081060,1787678094790]",2026-08-25T17:14:54.7931494Z,,,true,2026-08-25T17:15:01.149616884Z,01M0WY0ENCGBGZ9MKY7CZKA71D,2026-08-25T17:14:29.879602815Z,"[""F8"",""B2"",""F2"",""F3""]",2026-08-25T17:05:22.730628976Z,true,2026-08-25T17:15:01.125896222Z,01M0WWQ9XVXJV1JR4118CY5W09,2026-08-25T17:05:22.730628976Z,3,2026-08-25T17:05:22.730628976Z,false,2026-08-25T17:14:30.078210926Z,01M0WY0C090AZDG2K9X542KKDB,2026-08-25T17:14:29.879602815Z,,,48,2026-08-25T17:05:22.730628976Z,12,2026-08-25T17:05:22.730628976Z,training,2026-08-25T17:05:22.730628976Z,0,2026-08-25T17:05:22.730628976Z,4,2026-08-25T17:05:22.730628976Z,/tangrams/170_154.png,2026-08-25T17:15:01.149616884Z,/tangrams/170_154.png,2026-08-25T17:14:58.011821902Z,1787678097917,2026-08-25T17:14:58.014099426Z,0,2026-08-25T17:05:22.730628976Z,2,2026-08-25T17:05:23.145720829Z,true,2026-08-25T17:14:29.844509406Z,"[""/tangrams/37_144.png"",""/tangrams/366_339.png"",""/tangrams/290_64.png"",""/tangrams/170_154.png""]",2026-08-25T17:05:22.730628976Z,/tangrams/170_154.png,2026-08-25T17:05:22.730628976Z,F3,2026-08-25T17:05:22.730628976Z,3,2026-08-25T17:05:22.730628976Z,2,2026-08-25T17:05:22.730628976Z
01M0WY4ETTFGH1H6QCCZSFB311,01M0WWQ9XB6TMTWDYN7GB59TN7,2026-08-25T17:05:22.778304785Z,"[{""text"":""three shapes"",""sender"":{""id"":""01M0WY0ENCGBGZ9MKY7CZKA71D"",""name"":""Minu"",""avatar"":""https://api.dicebear.com/8.x/rings/svg?seed=Minu""}}]",2026-08-25T17:22:23.065715851Z,[1787678543074],2026-08-25T17:22:23.077069917Z,,,true,2026-08-25T17:22:30.395198574Z,01M0WY0ENCGBGZ9MKY7CZKA71D,2026-08-25T17:22:14.25322639Z,"[""F5"",""A1"",""F7"",""F6""]",2026-08-25T17:05:22.778304785Z,true,2026-08-25T17:22:30.380031885Z,01M0WWQ9XVXJV1JR4118CY5W09,2026-08-25T17:05:22.778304785Z,23,2026-08-25T17:05:22.778304785Z,false,2026-08-25T17:22:14.475980286Z,01M0WY0C090AZDG2K9X542KKDB,2026-08-25T17:22:14.25322639Z,,,48,2026-08-25T17:05:22.778304785Z,12,2026-08-25T17:05:22.778304785Z,training,2026-08-25T17:05:22.778304785Z,1,2026-08-25T17:05:22.778304785Z,4,2026-08-25T17:05:22.778304785Z,/tangrams/456_48.png,2026-08-25T17:22:30.395198574Z,/tangrams/456_48.png,2026-08-25T17:22:27.281117166Z,1787678547188,2026-08-25T17:22:27.2786538Z,0,2026-08-25T17:05:22.778304785Z,2,2026-08-25T17:05:23.491997337Z,true,2026-08-25T17:22:14.179850363Z,"[""/tangrams/456_48.png"",""/tangrams/138_244.png"",""/tangrams/411_352.png"",""/tangrams/134_125.png""]",2026-08-25T17:05:22.778304785Z,/tangrams/456_48.png,2026-08-25T17:05:22.778304785Z,F5,2026-08-25T17:05:22.778304785Z,11,2026-08-25T17:05:22.778304785Z,22,2026-08-25T17:05:22.778304785Z
01M0WY7G7PYJ7VAR4QQT0Z1XFW,01M0WWQ9XB6TMTWDYN7GB59TN7,2026-08-25T17:07:02.518377975Z,"[{""text"":""diamond top"",""sender"":{""id"":""01M0WXR5QX7RT0467EJCPJ9Y2Y"",""name"":""Repi"",""avatar"":""https://api.dicebear.com/8.x/rings/svg?seed=Repi""}},{""text"":""sitting on a hat"",""sender"":{""id"":""01M0WXR5QX7RT0467EJCPJ9Y2Y"",""name"":""Repi"",""avatar"":""https://api.dicebear.com/8.x/rings/svg?seed=Repi""}},{""text"":""with stairs to left"",""sender"":{""id"":""01M0WXR5QX7RT0467EJCPJ9Y2Y"",""name"":""Repi"",""avatar"":""https://api.dicebear.com/8.x/rings/svg?seed=Repi""}},{""text"":""and boot"",""sender"":{""id"":""01M0WXR5QX7RT0467EJCPJ9Y2Y"",""name"":""Repi"",""avatar"":""https://api.dicebear.com/8.x/rings/svg?seed=Repi""}}]",2026-08-25T17:37:18.039337634Z,"[1787679428634,1787679432366,1787679436330,1787679438050]",2026-08-25T17:37:18.051978894Z,,,true,2026-08-25T17:37:26.115824859Z,01M0WXR5QX7RT0467EJCPJ9Y2Y,2026-08-25T17:37:04.222897836Z,"[""D1"",""B3"",""A4"",""A3""]",2026-08-25T17:07:02.518377975Z,true,2026-08-25T17:37:26.081920862Z,01M0WWQ9XW83PGVA4HF3WT9HVR,2026-08-25T17:07:02.518377975Z,26,2026-08-25T17:07:02.518377975Z,false,2026-08-25T17:37:04.503744323Z,01M0WY0ECEQWZG8FEZD72ENETD,2026-08-25T17:37:04.222897836Z,,,48,2026-08-25T17:07:02.518377975Z,12,2026-08-25T17:07:02.518377975Z,training,2026-08-25T17:07:02.518377975Z,2,2026-08-25T17:07:02.518377975Z,4,2026-08-25T17:07:02.518377975Z,/tangrams/138_405.png,2026-08-25T17:37:26.115824859Z,/tangrams/138_405.png,2026-08-25T17:37:22.755684923Z,1787679442300,2026-08-25T17:37:22.743157223Z,0,2026-08-25T17:07:02.518377975Z,2,2026-08-25T17:07:03.334771121Z,true,2026-08-25T17:37:04.178052501Z,"[""/tangrams/279_244.png"",""/tangrams/366_405.png"",""/tangrams/138_66.png"",""/tangrams/138_405.png""]",2026-08-25T17:07:02.518377975Z,/tangrams/138_405.png,2026-08-25T17:07:02.518377975Z,A3,2026-08-25T17:07:02.518377975Z,2,2026-08-25T17:07:02.518377975Z,25,2026-08-25T17:07:02.518377975Z
01M0WY7GAJWHSZPSVZAYPK0R0T,01M0WWQ9XB6TMTWDYN7GB59TN7,2026-08-25T17:07:02.610162306Z,"[{""text"":""hallelujah!!"",""sender"":{""id"":""01M0WXR5QX7RT0467EJCPJ9Y2Y"",""name"":""Repi"",""avatar"":""https://api.dicebear.com/8.x/rings/svg?seed=Repi""}},{""text"":""stairs n boot"",""sender"":{""id"":""01M0WXR5QX7RT0467EJCPJ9Y2Y"",""name"":""Repi"",""avatar"":""https://api.dicebear.com/8.x/rings/svg?seed=Repi""}}]",2026-08-25T17:44:10.523918258Z,"[1787679847172,1787679850535]",2026-08-25T17:44:10.537275423Z,,,true,2026-08-25T17:44:15.783941942Z,01M0WXR5QX7RT0467EJCPJ9Y2Y,2026-08-25T17:44:02.987464062Z,"[""D1"",""C2"",""D3"",""A3""]",2026-08-25T17:07:02.610162306Z,true,2026-08-25T17:44:15.764029072Z,01M0WWQ9XW83PGVA4HF3WT9HVR,2026-08-25T17:07:02.610162306Z,44,2026-08-25T17:07:02.610162306Z,false,2026-08-25T17:44:03.32151848Z,01M0WY0ECEQWZG8FEZD72ENETD,2026-08-25T17:44:02.987464062Z,,,48,2026-08-25T17:07:02.610162306Z,12,2026-08-25T17:07:02.610162306Z,training,2026-08-25T17:07:02.610162306Z,3,2026-08-25T17:07:02.610162306Z,4,2026-08-25T17:07:02.610162306Z,/tangrams/279_405.png,2026-08-25T17:44:15.783941942Z,/tangrams/279_405.png,2026-08-25T17:44:12.627739657Z,1787679852174,2026-08-25T17:44:12.62247016Z,0,2026-08-25T17:07:02.610162306Z,2,2026-08-25T17:07:03.700060592Z,true,2026-08-25T17:44:02.94057213Z,"[""/tangrams/279_244.png"",""/tangrams/422_339.png"",""/tangrams/279_405.png"",""/tangrams/138_405.png""]",2026-08-25T17:07:02.610162306Z,/tangrams/279_405.png,2026-08-25T17:07:02.610162306Z,D3,2026-08-25T17:07:02.610162306Z,8,2026-08-25T17:07:02.610162306Z,43,2026-08-25T17:07:02.610162306Z
01M0WY96F1R2FGM5H3C141BHP2,01M0WWQAZ72GMKNB5E8VWC3WG2,2026-08-25T17:07:58.04969099Z,"[{""text"":""small trianlge on left, corners cut on right"",""sender"":{""id"":""01M0WY2T8PBZPVGKC7BWFHJ59J"",""name"":""Minu"",""avatar"":""https://api.dicebear.com/8.x/rings/svg?seed=Minu""}}]",2026-08-25T17:50:37.707116556Z,[1787680237718],2026-08-25T17:50:37.720511025Z,,,true,2026-08-25T17:50:45.893847062Z,01M0WY2T8PBZPVGKC7BWFHJ59J,2026-08-25T17:50:21.496763351Z,"[""D1"",""D2"",""C2"",""A3""]",2026-08-25T17:07:58.04969099Z,true,2026-08-25T17:50:45.879361665Z,01M0WWQAZPP7VBJF1WXDE2YKFW,2026-08-25T17:07:58.04969099Z,39,2026-08-25T17:07:58.04969099Z,false,2026-08-25T17:50:21.70904518Z,01M0WXSYNRXCYGT80QAR430CBD,2026-08-25T17:50:21.496763351Z,,,48,2026-08-25T17:07:58.04969099Z,12,2026-08-25T17:07:58.04969099Z,training,2026-08-25T17:07:58.04969099Z,3,2026-08-25T17:07:58.04969099Z,4,2026-08-25T17:07:58.04969099Z,/tangrams/20_441.png,2026-08-25T17:50:45.893847062Z,/tangrams/20_441.png,2026-08-25T17:50:42.714259919Z,1787680243299,2026-08-25T17:50:42.724276888Z,1,2026-08-25T17:07:58.04969099Z,2,2026-08-25T17:07:58.976851405Z,true,2026-08-25T17:50:21.442751292Z,"[""/tangrams/20_314.png"",""/tangrams/20_441.png"",""/tangrams/202_441.png"",""/tangrams/66_24.png""]",2026-08-25T17:07:58.04969099Z,/tangrams/20_441.png,2026-08-25T17:07:58.04969099Z,D2,2026-08-25T17:07:58.04969099Z,3,2026-08-25T17:07:58.04969099Z,38,2026-08-25T17:07:58.04969099Z
01M0WXAW6X09PBCFMQCBVDHNDJ,01M0WWQ73PEDYQHEYYBB88AXMD,2026-08-25T16:51:24.509148279Z,"[{""text"":""legs"",""sender"":{""id"":""01M0WX9MXH1SX7Q50079HW9F7E"",""name"":""Minu"",""avatar"":""https://api.dicebear.com/8.x/rings/svg?seed=Minu""}}]",2026-08-25T17:25:14.613505036Z,[1787678714622],2026-08-25T17:25:14.624377118Z,,,true,2026-08-25T17:25:20.078147141Z,01M0WX9MXH1SX7Q50079HW9F7E,2026-08-25T17:25:02.870567245Z,"[""A2"",""C4"",""D1"",""B3""]",2026-08-25T16:51:24.509148279Z,true,2026-08-25T17:25:20.061731448Z,01M0WWQ74H7CSGCPAHPDSCJ0PV,2026-08-25T16:51:24.509148279Z,41,2026-08-25T16:51:24.509148279Z,false,2026-08-25T17:25:02.975446611Z,01M0WX667JRE4461924BYZ6YJ1,2026-08-25T17:25:02.870567245Z,,,48,2026-08-25T16:51:24.509148279Z,12,2026-08-25T16:51:24.509148279Z,training,2026-08-25T16:51:24.509148279Z,3,2026-08-25T16:51:24.509148279Z,4,2026-08-25T16:51:24.509148279Z,/tangrams/366_405.png,2026-08-25T17:25:20.078147141Z,/tangrams/366_405.png,2026-08-25T17:25:16.897352306Z,1787678716878,2026-08-25T17:25:16.892651439Z,0,2026-08-25T16:51:24.509148279Z,2,2026-08-25T16:51:25.376005705Z,true,2026-08-25T17:25:02.823946546Z,"[""/tangrams/138_339.png"",""/tangrams/422_66.png"",""/tangrams/279_244.png"",""/tangrams/366_405.png""]",2026-08-25T16:51:24.509148279Z,/tangrams/366_405.png,2026-08-25T16:51:24.509148279Z,B3,2026-08-25T16:51:24.509148279Z,5,2026-08-25T16:51:24.509148279Z,40,2026-08-25T16:51:24.509148279Z
01M0WXGEBQ5P8JX91BZSPFWZFF,01M0WWQ73PEDYQHEYYBB88AXMD,2026-08-25T16:54:26.935380378Z,,,,,,,,,,,"[""C1"",""B1"",""B3"",""D2""]",2026-08-25T16:54:26.935380378Z,false,2026-08-25T16:54:26.935380378Z,01M0WWQ74ND1AHANTF309RNWJE,2026-08-25T16:54:26.935380378Z,27,2026-08-25T16:54:26.935380378Z,,,,,,,48,2026-08-25T16:54:26.935380378Z,12,2026-08-25T16:54:26.935380378Z,training,2026-08-25T16:54:26.935380378Z,2,2026-08-25T16:54:26.935380378Z,4,2026-08-25T16:54:26.935380378Z,,,,2026-08-25T16:54:26.935380378Z,,,0,2026-08-25T16:54:26.935380378Z,2,2026-08-25T16:54:27.692191056Z,false,2026-08-25T16:54:26.935380378Z,"[""/tangrams/422_244.png"",""/tangrams/366_244.png"",""/tangrams/366_405.png"",""/tangrams/279_339.png""]",2026-08-25T16:54:26.935380378Z,/tangrams/366_244.png,2026-08-25T16:54:26.935380378Z,B1,2026-08-25T16:54:26.935380378Z,3,2026-08-25T16:54:26.935380378Z,26,2026-08-25T16:54:26.935380378Z
01M0WXGEDVF5PP6AEKQRG5W7YR,01M0WWQ73PEDYQHEYYBB88AXMD,2026-08-25T16:54:27.003238038Z,"[{""text"":""black rectangle center pieces bottom"",""sender"":{""id"":""01M0WX0T78NE9YVPZSCJ5NTGX1"",""name"":""Minu"",""avatar"":""https://api.dicebear.com/8.x/rings/svg?seed=Minu""}}]",2026-08-25T17:14:05.658561749Z,[1787678045665],2026-08-25T17:14:05.667659627Z,,,false,2026-08-25T17:14:14.014534941Z,01M0WX0T78NE9YVPZSCJ5NTGX1,2026-08-25T17:13:13.532817227Z,"[""C1"",""D2"",""D1"",""A3""]",2026-08-25T16:54:27.003238038Z,true,2026-08-25T17:14:14.004137118Z,01M0WWQ74ND1AHANTF309RNWJE,2026-08-25T16:54:27.003238038Z,7,2026-08-25T16:54:27.003238038Z,false,2026-08-25T17:13:13.704187577Z,01M0WWVKKHKMSSWB9WS1N6GRNZ,2026-08-25T17:13:13.532817227Z,,,48,2026-08-25T16:54:27.003238038Z,12,2026-08-25T16:54:27.003238038Z,training,2026-08-25T16:54:27.003238038Z,0,2026-08-25T16:54:27.003238038Z,4,2026-08-25T16:54:27.003238038Z,/tangrams/422_244.png,2026-08-25T17:14:14.014534941Z,/tangrams/422_244.png,2026-08-25T17:14:10.888502708Z,1787678050803,2026-08-25T17:14:10.88494397Z,0,2026-08-25T16:54:27.003238038Z,2,2026-08-25T16:54:27.353115259Z,true,2026-08-25T17:13:13.488811617Z,"[""/tangrams/422_244.png"",""/tangrams/279_339.png"",""/tangrams/279_244.png"",""/tangrams/138_405.png""]",2026-08-25T16:54:27.003238038Z,/tangrams/279_244.png,2026-08-25T16:54:27.003238038Z,D1,2026-08-25T16:54:27.003238038Z,7,2026-08-25T16:54:27.003238038Z,6,2026-08-25T16:54:27.003238038Z
01M0WY7G5JXAZG922G9S5RF400,01M0WWQ9XB6TMTWDYN7GB59TN7,2026-08-25T17:07:02.450985327Z,"[{""text"":""top is opened like a"",""sender"":{""id"":""01M0WY0ECEQWZG8FEZD72ENETD"",""name"":""Minu"",""avatar"":""https://api.dicebear.com/8.x/rings/svg?seed=Minu""}},{""text"":""with a triangle facing left"",""sender"":{""id"":""01M0WY0ECEQWZG8FEZD72ENETD"",""name"":""Minu"",""avatar"":""https://api.dicebear.com/8.x/rings/svg?seed=Minu""}},{""text"":""but wait"",""sender"":{""id"":""01M0WY0ECEQWZG8FEZD72ENETD"",""name"":""Minu"",""avatar"":""https://api.dicebear.com/8.x/rings/svg?seed=Minu""}},{""text"":""the top is opened"",""sender"":{""id"":""01M0WY0ECEQWZG8FEZD72ENETD"",""name"":""Minu"",""avatar"":""https://api.dicebear.com/8.x/rings/svg?seed=Minu""}},{""text"":""is like your hands are saying hallelujay"",""sender"":{""id"":""01M0WY0ECEQWZG8FEZD72ENETD"",""name"":""Minu"",""avatar"":""https://api.dicebear.com/8.x/rings/svg?seed=Minu""}},{""text"":""is there a white triangle at the bottom half?"",""sender"":{""id"":""01M0WXR5QX7RT0467EJCPJ9Y2Y"",""name"":""Repi"",""avatar"":""https://api.dicebear.com/8.x/rings/svg?seed=Repi""}},{""text"":""no triangle facing left"",""sender"":{""id"":""01M0WY0ECEQWZG8FEZD72ENETD"",""name"":""Minu"",""avatar"":""https://api.dicebear.com/8.x/rings/svg?seed=Minu""}}]",2026-08-25T17:29:45.988526695Z,"[1787678942717,1787678949737,1787678951274,1787678959686,1787678968584,1787678976061,1787678985998]",2026-08-25T17:29:46.001378178Z,,,true,2026-08-25T17:29:50.788929577Z,01M0WY0ECEQWZG8FEZD72ENETD,2026-08-25T17:28:53.152109643Z,"[""B1"",""D2"",""A3"",""D1""]",2026-08-25T17:07:02.450985327Z,true,2026-08-25T17:29:50.776357158Z,01M0WWQ9XW83PGVA4HF3WT9HVR,2026-08-25T17:07:02.450985327Z,11,2026-08-25T17:07:02.450985327Z,false,2026-08-25T17:28:53.410836748Z,01M0WXR5QX7RT0467EJCPJ9Y2Y,2026-08-25T17:28:53.152109643Z,,,48,2026-08-25T17:07:02.450985327Z,12,2026-08-25T17:07:02.450985327Z,training,2026-08-25T17:07:02.450985327Z,0,2026-08-25T17:07:02.450985327Z,4,2026-08-25T17:07:02.450985327Z,/tangrams/279_244.png,2026-08-25T17:29:50.788929577Z,/tangrams/279_244.png,2026-08-25T17:29:47.637636484Z,1787678987539,2026-08-25T17:29:47.644788048Z,0,2026-08-25T17:07:02.450985327Z,2,2026-08-25T17:07:03.005101797Z,true,2026-08-25T17:28:53.105225528Z,"[""/tangrams/366_244.png"",""/tangrams/279_339.png"",""/tangrams/138_405.png"",""/tangrams/279_244.png""]",2026-08-25T17:07:02.450985327Z,/tangrams/279_244.png,2026-08-25T17:07:02.450985327Z,D1,2026-08-25T17:07:02.450985327Z,11,2026-08-25T17:07:02.450985327Z,10,2026-08-25T17:07:02.450985327Z
01M0WY8D7E2CHPZ2SVK65V1T81,01M0WWQ9XB6TMTWDYN7GB59TN7,2026-08-25T17:07:32.20609579Z,"[{""text"":""it look like two thick legs with a black diamond at the top, its the only one with something on top"",""sender"":{""id"":""01M0WY1FH5WQS14DQ3V446M8AM"",""name"":""Repi"",""avatar"":""https://api.dicebear.com/8.x/rings/svg?seed=Repi""}}]",2026-08-25T17:28:34.639447369Z,[1787678914649],2026-08-25T17:28:34.65095008Z,,,true,2026-08-25T17:28:55.784897928Z,01M0WY1FH5WQS14DQ3V446M8AM,2026-08-25T17:28:06.805453856Z,"[""B3"",""D1"",""C4"",""A2""]",2026-08-25T17:07:32.20609579Z,true,2026-08-25T17:28:55.774810916Z,01M0WWQ9XT2Q7RF2RHNCTTRDNK,2026-08-25T17:07:32.20609579Z,10,2026-08-25T17:07:32.20609579Z,false,2026-08-25T17:28:06.949465153Z,01M0WY1V9QET0HYE5N0547967Y,2026-08-25T17:28:06.805453856Z,,,48,2026-08-25T17:07:32.20609579Z,12,2026-08-25T17:07:32.20609579Z,training,2026-08-25T17:07:32.20609579Z,0,2026-08-25T17:07:32.20609579Z,4,2026-08-25T17:07:32.20609579Z,/tangrams/138_339.png,2026-08-25T17:28:55.784897928Z,/tangrams/138_339.png,2026-08-25T17:28:52.644941452Z,1787678933180,2026-08-25T17:28:52.639702543Z,0,2026-08-25T17:07:32.20609579Z,2,2026-08-25T17:07:32.7473515Z,true,2026-08-25T17:28:06.755646617Z,"[""/tangrams/366_405.png"",""/tangrams/279_244.png"",""/tangrams/422_66.png"",""/tangrams/138_339.png""]",2026-08-25T17:07:32.20609579Z,/tangrams/138_339.png,2026-08-25T17:07:32.20609579Z,A2,2026-08-25T17:07:32.20609579Z,10,2026-08-25T17:07:32.20609579Z,9,2026-08-25T17:07:32.20609579Z
01M0WY96F8V60YXXVJCB8BNAN7,01M0WWQAZ72GMKNB5E8VWC3WG2,2026-08-25T17:07:58.056151475Z,"[{""text"":""tree on its side. No boat."",""sender"":{""id"":""01M0WXSYNRXCYGT80QAR430CBD"",""name"":""Repi"",""avatar"":""https://api.dicebear.com/8.x/rings/svg?seed=Repi""}}]",2026-08-25T17:50:07.257319134Z,[1787680207268],2026-08-25T17:50:07.271224181Z,,,true,2026-08-25T17:50:21.425006286Z,01M0WXSYNRXCYGT80QAR430CBD,2026-08-25T17:49:58.036189662Z,"[""C4"",""C2"",""D3"",""B4""]",2026-08-25T17:07:58.056151475Z,true,2026-08-25T17:50:21.407690329Z,01M0WWQAZPP7VBJF1WXDE2YKFW,2026-08-25T17:07:58.056151475Z,38,2026-08-25T17:07:58.056151475Z,false,2026-08-25T17:49:58.271721065Z,01M0WY2T8PBZPVGKC7BWFHJ59J,2026-08-25T17:49:58.036189662Z,,,48,2026-08-25T17:07:58.056151475Z,12,2026-08-25T17:07:58.056151475Z,training,2026-08-25T17:07:58.056151475Z,3,2026-08-25T17:07:58.056151475Z,4,2026-08-25T17:07:58.056151475Z,/tangrams/202_464.png,2026-08-25T17:50:21.425006286Z,/tangrams/202_464.png,2026-08-25T17:50:18.238249847Z,1787680219172,2026-08-25T17:50:18.250422953Z,1,2026-08-25T17:07:58.056151475Z,2,2026-08-25T17:07:58.957845381Z,true,2026-08-25T17:49:57.990424608Z,"[""/tangrams/202_464.png"",""/tangrams/202_441.png"",""/tangrams/20_24.png"",""/tangrams/348_464.png""]",2026-08-25T17:07:58.056151475Z,/tangrams/202_464.png,2026-08-25T17:07:58.056151475Z,C4,2026-08-25T17:07:58.056151475Z,2,2026-08-25T17:07:58.056151475Z,37,2026-08-25T17:07:58.056151475Z
01M0WYEEQFM1WJBHC4E1T7Y19C,01M0WWQAZ72GMKNB5E8VWC3WG2,2026-08-25T17:10:50.351996508Z,,,,,,,,,,,"[""B3"",""D1"",""A4"",""C2""]",2026-08-25T17:10:50.351996508Z,false,2026-08-25T17:10:50.351996508Z,01M0WWQAZRRWZPK3N7VE24RFV2,2026-08-25T17:10:50.351996508Z,22,2026-08-25T17:10:50.351996508Z,,,,,,,48,2026-08-25T17:10:50.351996508Z,12,2026-08-25T17:10:50.351996508Z,training,2026-08-25T17:10:50.351996508Z,1,2026-08-25T17:10:50.351996508Z,4,2026-08-25T17:10:50.351996508Z,,,,2026-08-25T17:10:50.351996508Z,,,1,2026-08-25T17:10:50.351996508Z,2,2026-08-25T17:10:51.315316849Z,false,2026-08-25T17:10:50.351996508Z,"[""/tangrams/348_24.png"",""/tangrams/20_314.png"",""/tangrams/66_464.png"",""/tangrams/202_441.png""]",2026-08-25T17:10:50.351996508Z,/tangrams/20_314.png,2026-08-25T17:10:50.351996508Z,D1,2026-08-25T17:10:50.351996508Z,10,2026-08-25T17:10:50.351996508Z,21,2026-08-25T17:10:50.351996508Z
01M0WY4ESC1D30B2D25JQG0XJV,01M0WWQ9XB6TMTWDYN7GB59TN7,2026-08-25T17:05:22.732345233Z,"[{""text"":""has a chimney above"",""sender"":{""id"":""01M0WY0C090AZDG2K9X542KKDB"",""name"":""Repi"",""avatar"":""https://api.dicebear.com/8.x/rings/svg?seed=Repi""}}]",2026-08-25T17:15:20.444439601Z,[1787678120451],2026-08-25T17:15:20.453175412Z,,,false,2026-08-25T17:15:26.869803742Z,01M0WY0C090AZDG2K9X542KKDB,2026-08-25T17:15:01.200531518Z,"[""F7"",""F8"",""F6"",""D4""]",2026-08-25T17:05:22.732345233Z,true,2026-08-25T17:15:26.856776415Z,01M0WWQ9XVXJV1JR4118CY5W09,2026-08-25T17:05:22.732345233Z,4,2026-08-25T17:05:22.732345233Z,false,2026-08-25T17:15:01.410389961Z,01M0WY0ENCGBGZ9MKY7CZKA71D,2026-08-25T17:15:01.200531518Z,,,48,2026-08-25T17:05:22.732345233Z,12,2026-08-25T17:05:22.732345233Z,training,2026-08-25T17:05:22.732345233Z,0,2026-08-25T17:05:22.732345233Z,4,2026-08-25T17:05:22.732345233Z,/tangrams/411_352.png,2026-08-25T17:15:26.869803742Z,/tangrams/411_352.png,2026-08-25T17:15:23.756389075Z,1787678123774,2026-08-25T17:15:23.752896193Z,0,2026-08-25T17:05:22.732345233Z,2,2026-08-25T17:05:23.158186507Z,true,2026-08-25T17:15:01.168149022Z,"[""/tangrams/411_352.png"",""/tangrams/37_144.png"",""/tangrams/134_125.png"",""/tangrams/279_66.png""]",2026-08-25T17:05:22.732345233Z,/tangrams/37_144.png,2026-08-25T17:05:22.732345233Z,F8,2026-08-25T17:05:22.732345233Z,4,2026-08-25T17:05:22.732345233Z,3,2026-08-25T17:05:22.732345233Z
01M0WY4ESZWJVWR2WT11D4SSJ5,01M0WWQ9XB6TMTWDYN7GB59TN7,2026-08-25T17:05:22.751438091Z,"[{""text"":""smily face"",""sender"":{""id"":""01M0WY0ENCGBGZ9MKY7CZKA71D"",""name"":""Minu"",""avatar"":""https://api.dicebear.com/8.x/rings/svg?seed=Minu""}},{""text"":""two horns"",""sender"":{""id"":""01M0WY0ENCGBGZ9MKY7CZKA71D"",""name"":""Minu"",""avatar"":""https://api.dicebear.com/8.x/rings/svg?seed=Minu""}}]",2026-08-25T17:19:00.585818223Z,"[1787678337228,1787678340593]",2026-08-25T17:19:00.595439164Z,,,true,2026-08-25T17:19:05.439217302Z,01M0WY0ENCGBGZ9MKY7CZKA71D,2026-08-25T17:18:49.157828738Z,"[""A1"",""F3"",""F8"",""F4""]",2026-08-25T17:05:22.751438091Z,true,2026-08-25T17:19:05.422987963Z,01M0WWQ9XVXJV1JR4118CY5W09,2026-08-25T17:05:22.751438091Z,13,2026-08-25T17:05:22.751438091Z,false,2026-08-25T17:18:49.337991348Z,01M0WY0C090AZDG2K9X542KKDB,2026-08-25T17:18:49.157828738Z,,,48,2026-08-25T17:05:22.751438091Z,12,2026-08-25T17:05:22.751438091Z,training,2026-08-25T17:05:22.751438091Z,1,2026-08-25T17:05:22.751438091Z,4,2026-08-25T17:05:22.751438091Z,/tangrams/170_154.png,2026-08-25T17:19:05.439217302Z,/tangrams/170_154.png,2026-08-25T17:19:02.313276119Z,1787678342224,2026-08-25T17:19:02.315896456Z,0,2026-08-25T17:05:22.751438091Z,2,2026-08-25T17:05:23.304956379Z,true,2026-08-25T17:18:49.120814912Z,"[""/tangrams/138_244.png"",""/tangrams/170_154.png"",""/tangrams/37_144.png"",""/tangrams/434_227.png""]",2026-08-25T17:05:22.751438091Z,/tangrams/170_154.png,2026-08-25T17:05:22.751438091Z,F3,2026-08-25T17:05:22.751438091Z,1,2026-08-25T17:05:22.751438091Z,12,2026-08-25T17:05:22.751438091Z
01M0WY8WJW7Q08TEKTGGYZVHJM,01M0WWQAZ72GMKNB5E8VWC3WG2,2026-08-25T17:07:47.932128379Z,"[{""text"":""mass to the left hand side with boat-like shape moving towards the right"",""sender"":{""id"":""01M0WY0YPE1FGB7GNWHKCY08ZN"",""name"":""Minu"",""avatar"":""https://api.dicebear.com/8.x/rings/svg?seed=Minu""}}]",2026-08-25T17:11:37.914006925Z,[1787677897922],2026-08-25T17:11:37.925272489Z,,,false,2026-08-25T17:11:48.895362922Z,01M0WY0YPE1FGB7GNWHKCY08ZN,2026-08-25T17:10:57.194670586Z,"[""F4"",""C3"",""F2"",""F8""]",2026-08-25T17:07:47.932128379Z,true,2026-08-25T17:11:48.884678336Z,01M0WWQAZTRSENW9JN2FSQ4BA7,2026-08-25T17:07:47.932128379Z,1,2026-08-25T17:07:47.932128379Z,false,2026-08-25T17:10:57.612785597Z,01M0WY09KXZQGZCXQXZTYFDW8C,2026-08-25T17:10:57.194670586Z,,,48,2026-08-25T17:07:47.932128379Z,12,2026-08-25T17:07:47.932128379Z,training,2026-08-25T17:07:47.932128379Z,0,2026-08-25T17:07:47.932128379Z,4,2026-08-25T17:07:47.932128379Z,/tangrams/37_144.png,2026-08-25T17:11:48.895362922Z,/tangrams/37_144.png,2026-08-25T17:11:45.726143593Z,1787677907108,2026-08-25T17:11:45.72230522Z,0,2026-08-25T17:07:47.932128379Z,2,2026-08-25T17:07:48.29661909Z,true,2026-08-25T17:10:57.168452332Z,"[""/tangrams/434_227.png"",""/tangrams/422_405.png"",""/tangrams/290_64.png"",""/tangrams/37_144.png""]",2026-08-25T17:07:47.932128379Z,/tangrams/434_227.png,2026-08-25T17:07:47.932128379Z,F4,2026-08-25T17:07:47.932128379Z,1,2026-08-25T17:07:47.932128379Z,0,2026-08-25T17:07:47.932128379Z
01M0WY4ETYRQKRH77TY2AKWYJF,01M0WWQ9XB6TMTWDYN7GB59TN7,2026-08-25T17:05:22.782843793Z,"[{""text"":""symmetrical spiky"",""sender"":{""id"":""01M0WY0ENCGBGZ9MKY7CZKA71D"",""name"":""Minu"",""avatar"":""https://api.dicebear.com/8.x/rings/svg?seed=Minu""}}]",2026-08-25T17:23:00.201115876Z,[1787678580231],2026-08-25T17:23:00.236866115Z,,,false,2026-08-25T17:23:10.196786128Z,01M0WY0ENCGBGZ9MKY7CZKA71D,2026-08-25T17:22:49.677046724Z,"[""D4"",""F1"",""F2"",""F6""]",2026-08-25T17:05:22.782843793Z,true,2026-08-25T17:23:10.179173564Z,01M0WWQ9XVXJV1JR4118CY5W09,2026-08-25T17:05:22.782843793Z,25,2026-08-25T17:05:22.782843793Z,false,2026-08-25T17:22:49.906248704Z,01M0WY0C090AZDG2K9X542KKDB,2026-08-25T17:22:49.677046724Z,,,48,2026-08-25T17:05:22.782843793Z,12,2026-08-25T17:05:22.782843793Z,training,2026-08-25T17:05:22.782843793Z,2,2026-08-25T17:05:22.782843793Z,4,2026-08-25T17:05:22.782843793Z,/tangrams/290_64.png,2026-08-25T17:23:10.196786128Z,/tangrams/290_64.png,2026-08-25T17:23:07.081163302Z,1787678586987,2026-08-25T17:23:07.075547474Z,0,2026-08-25T17:05:22.782843793Z,2,2026-08-25T17:05:23.527246325Z,true,2026-08-25T17:22:49.638561238Z,"[""/tangrams/279_66.png"",""/tangrams/119_182.png"",""/tangrams/290_64.png"",""/tangrams/134_125.png""]",2026-08-25T17:05:22.782843793Z,/tangrams/119_182.png,2026-08-25T17:05:22.782843793Z,F1,2026-08-25T17:05:22.782843793Z,1,2026-08-25T17:05:22.782843793Z,24,2026-08-25T17:05:22.782843793Z
01M0WY4F1CKP5GH2PSQZADS37G,01M0WWQ9XB6TMTWDYN7GB59TN7,2026-08-25T17:05:22.988981118Z,"[{""text"":""three shapes"",""sender"":{""id"":""01M0WY0ENCGBGZ9MKY7CZKA71D"",""name"":""Minu"",""avatar"":""https://api.dicebear.com/8.x/rings/svg?seed=Minu""}}]",2026-08-25T17:28:35.501901528Z,[1787678915511],2026-08-25T17:28:35.513319321Z,,,true,2026-08-25T17:28:41.370486181Z,01M0WY0ENCGBGZ9MKY7CZKA71D,2026-08-25T17:28:28.759617319Z,"[""F2"",""F8"",""F7"",""F5""]",2026-08-25T17:05:22.988981118Z,true,2026-08-25T17:28:41.352893038Z,01M0WWQ9XVXJV1JR4118CY5W09,2026-08-25T17:05:22.988981118Z,43,2026-08-25T17:05:22.988981118Z,false,2026-08-25T17:28:28.955535254Z,01M0WY0C090AZDG2K9X542KKDB,2026-08-25T17:28:28.759617319Z,,,48,2026-08-25T17:05:22.988981118Z,12,2026-08-25T17:05:22.988981118Z,training,2026-08-25T17:05:22.988981118Z,3,2026-08-25T17:05:22.988981118Z,4,2026-08-25T17:05:22.988981118Z,/tangrams/456_48.png,2026-08-25T17:28:41.370486181Z,/tangrams/456_48.png,2026-08-25T17:28:38.161893448Z,1787678918070,2026-08-25T17:28:38.165368512Z,0,2026-08-25T17:05:22.988981118Z,2,2026-08-25T17:05:23.842279288Z,true,2026-08-25T17:28:28.707417268Z,"[""/tangrams/290_64.png"",""/tangrams/37_144.png"",""/tangrams/411_352.png"",""/tangrams/456_48.png""]",2026-08-25T17:05:22.988981118Z,/tangrams/456_48.png,2026-08-25T17:05:22.988981118Z,F5,2026-08-25T17:05:22.988981118Z,7,2026-08-25T17:05:22.988981118Z,42,2026-08-25T17:05:22.988981118Z
01M0WXGEBBBE5XYFPY10E9RJBZ,01M0WWQ73PEDYQHEYYBB88AXMD,2026-08-25T16:54:26.924021818Z,,,,,,,,,,,"[""A2"",""D2"",""A4"",""C1""]",2026-08-25T16:54:26.924021818Z,false,2026-08-25T16:54:26.924021818Z,01M0WWQ74ND1AHANTF309RNWJE,2026-08-25T16:54:26.924021818Z,31,2026-08-25T16:54:26.924021818Z,,,,,,,48,2026-08-25T16:54:26.924021818Z,12,2026-08-25T16:54:26.924021818Z,training,2026-08-25T16:54:26.924021818Z,2,2026-08-25T16:54:26.924021818Z,4,2026-08-25T16:54:26.924021818Z,,,,2026-08-25T16:54:26.924021818Z,,,0,2026-08-25T16:54:26.924021818Z,2,2026-08-25T16:54:27.777699512Z,false,2026-08-25T16:54:26.924021818Z,"[""/tangrams/138_339.png"",""/tangrams/279_339.png"",""/tangrams/138_66.png"",""/tangrams/422_244.png""]",2026-08-25T16:54:26.924021818Z,/tangrams/138_339.png,2026-08-25T16:54:26.924021818Z,A2,2026-08-25T16:54:26.924021818Z,7,2026-08-25T16:54:26.924021818Z,30,2026-08-25T16:54:26.924021818Z
01M0WY8D85S53DAVVZG58GE5PX,01M0WWQ9XB6TMTWDYN7GB59TN7,2026-08-25T17:07:32.229115392Z,"[{""text"":""can you please type faster."",""sender"":{""id"":""01M0WY1FH5WQS14DQ3V446M8AM"",""name"":""Repi"",""avatar"":""https://api.dicebear.com/8.x/rings/svg?seed=Repi""}},{""text"":""the only one that has got triangle on it"",""sender"":{""id"":""01M0WY1V9QET0HYE5N0547967Y"",""name"":""Minu"",""avatar"":""https://api.dicebear.com/8.x/rings/svg?seed=Minu""}}]",2026-08-25T17:31:12.966965326Z,"[1787679058495,1787679072978]",2026-08-25T17:31:12.980651312Z,,,false,2026-08-25T17:31:23.861812245Z,01M0WY1V9QET0HYE5N0547967Y,2026-08-25T17:30:49.165625605Z,"[""C4"",""A2"",""D1"",""B3""]",2026-08-25T17:07:32.229115392Z,true,2026-08-25T17:31:23.839995967Z,01M0WWQ9XT2Q7RF2RHNCTTRDNK,2026-08-25T17:07:32.229115392Z,13,2026-08-25T17:07:32.229115392Z,false,2026-08-25T17:30:49.386493Z,01M0WY1FH5WQS14DQ3V446M8AM,2026-08-25T17:30:49.165625605Z,,,48,2026-08-25T17:07:32.229115392Z,12,2026-08-25T17:07:32.229115392Z,training,2026-08-25T17:07:32.229115392Z,1,2026-08-25T17:07:32.229115392Z,4,2026-08-25T17:07:32.229115392Z,/tangrams/366_405.png,2026-08-25T17:31:23.861812245Z,/tangrams/366_405.png,2026-08-25T17:31:20.596044777Z,1787679080109,2026-08-25T17:31:20.610266265Z,0,2026-08-25T17:07:32.229115392Z,2,2026-08-25T17:07:32.80572613Z,true,2026-08-25T17:30:49.086853936Z,"[""/tangrams/422_66.png"",""/tangrams/138_339.png"",""/tangrams/279_244.png"",""/tangrams/366_405.png""]",2026-08-25T17:07:32.229115392Z,/tangrams/279_244.png,2026-08-25T17:07:32.229115392Z,D1,2026-08-25T17:07:32.229115392Z,1,2026-08-25T17:07:32.229115392Z,12,2026-08-25T17:07:32.229115392Z
01M0WY8WM7WEHDRGT8PSK8Y5P9,01M0WWQAZ72GMKNB5E8VWC3WG2,2026-08-25T17:07:47.97591249Z,"[{""text"":""chair without legs"",""sender"":{""id"":""01M0WY0YPE1FGB7GNWHKCY08ZN"",""name"":""Minu"",""avatar"":""https://api.dicebear.com/8.x/rings/svg?seed=Minu""}}]",2026-08-25T17:29:41.515709119Z,[1787678981525],2026-08-25T17:29:41.527551181Z,,,true,2026-08-25T17:29:46.941945099Z,01M0WY0YPE1FGB7GNWHKCY08ZN,2026-08-25T17:29:35.466804226Z,"[""F3"",""A1"",""F8"",""F7""]",2026-08-25T17:07:47.97591249Z,true,2026-08-25T17:29:46.924026921Z,01M0WWQAZTRSENW9JN2FSQ4BA7,2026-08-25T17:07:47.97591249Z,47,2026-08-25T17:07:47.97591249Z,false,2026-08-25T17:29:35.588824031Z,01M0WY09KXZQGZCXQXZTYFDW8C,2026-08-25T17:29:35.466804226Z,,,48,2026-08-25T17:07:47.97591249Z,12,2026-08-25T17:07:47.97591249Z,training,2026-08-25T17:07:47.97591249Z,3,2026-08-25T17:07:47.97591249Z,4,2026-08-25T17:07:47.97591249Z,/tangrams/138_244.png,2026-08-25T17:29:46.941945099Z,/tangrams/138_244.png,2026-08-25T17:29:43.663669682Z,1787678985060,2026-08-25T17:29:43.676426705Z,0,2026-08-25T17:07:47.97591249Z,2,2026-08-25T17:07:49.178969417Z,true,2026-08-25T17:29:35.412456272Z,"[""/tangrams/170_154.png"",""/tangrams/138_244.png"",""/tangrams/37_144.png"",""/tangrams/411_352.png""]",2026-08-25T17:07:47.97591249Z,/tangrams/138_244.png,2026-08-25T17:07:47.97591249Z,A1,2026-08-25T17:07:47.97591249Z,11,2026-08-25T17:07:47.97591249Z,46,2026-08-25T17:07:47.97591249Z
01M0WY96C09N7THBA1J91CX1W9,01M0WWQAZ72GMKNB5E8VWC3WG2,2026-08-25T17:07:57.952690068Z,"[{""text"":""right facing sideways triangle in bottom left. Right side is upright rectangle that fills in the top right corner"",""sender"":{""id"":""01M0WXSYNRXCYGT80QAR430CBD"",""name"":""Repi"",""avatar"":""https://api.dicebear.com/8.x/rings/svg?seed=Repi""}}]",2026-08-25T17:35:07.989334315Z,[1787679308001],2026-08-25T17:35:08.003482432Z,,,false,2026-08-25T17:35:23.091176841Z,01M0WXSYNRXCYGT80QAR430CBD,2026-08-25T17:34:41.988524423Z,"[""D3"",""C1"",""C2"",""A2""]",2026-08-25T17:07:57.952690068Z,true,2026-08-25T17:35:23.061804215Z,01M0WWQAZPP7VBJF1WXDE2YKFW,2026-08-25T17:07:57.952690068Z,12,2026-08-25T17:07:57.952690068Z,false,2026-08-25T17:34:42.249812979Z,01M0WY2T8PBZPVGKC7BWFHJ59J,2026-08-25T17:34:41.988524423Z,,,48,2026-08-25T17:07:57.952690068Z,12,2026-08-25T17:07:57.952690068Z,training,2026-08-25T17:07:57.952690068Z,0,2026-08-25T17:07:57.952690068Z,4,2026-08-25T17:07:57.952690068Z,/tangrams/66_441.png,2026-08-25T17:35:23.091176841Z,/tangrams/66_441.png,2026-08-25T17:35:19.84951522Z,1787679320795,2026-08-25T17:35:19.843327325Z,1,2026-08-25T17:07:57.952690068Z,2,2026-08-25T17:07:58.436376715Z,true,2026-08-25T17:34:41.89632598Z,"[""/tangrams/20_24.png"",""/tangrams/202_314.png"",""/tangrams/202_441.png"",""/tangrams/66_441.png""]",2026-08-25T17:07:57.952690068Z,/tangrams/202_441.png,2026-08-25T17:07:57.952690068Z,C2,2026-08-25T17:07:57.952690068Z,12,2026-08-25T17:07:57.952690068Z,11,2026-08-25T17:07:57.952690068Z
01M0WY7G58W97JXXHCMJ4EHV2T,01M0WWQ9XB6TMTWDYN7GB59TN7,2026-08-25T17:07:02.44082051Z,"[{""text"":""house at the top with distorted diamond inside it"",""sender"":{""id"":""01M0WXR5QX7RT0467EJCPJ9Y2Y"",""name"":""Repi"",""avatar"":""https://api.dicebear.com/8.x/rings/svg?seed=Repi""}},{""text"":""bottom half is black with white triangle"",""sender"":{""id"":""01M0WXR5QX7RT0467EJCPJ9Y2Y"",""name"":""Repi"",""avatar"":""https://api.dicebear.com/8.x/rings/svg?seed=Repi""}},{""text"":""left side has a point outwards"",""sender"":{""id"":""01M0WXR5QX7RT0467EJCPJ9Y2Y"",""name"":""Repi"",""avatar"":""https://api.dicebear.com/8.x/rings/svg?seed=Repi""}},{""text"":""both has points outwards"",""sender"":{""id"":""01M0WY0ECEQWZG8FEZD72ENETD"",""name"":""Minu"",""avatar"":""https://api.dicebear.com/8.x/rings/svg?seed=Minu""}},{""text"":""give me something else"",""sender"":{""id"":""01M0WY0ECEQWZG8FEZD72ENETD"",""name"":""Minu"",""avatar"":""https://api.dicebear.com/8.x/rings/svg?seed=Minu""}},{""text"":""top looks like a house"",""sender"":{""id"":""01M0WXR5QX7RT0467EJCPJ9Y2Y"",""name"":""Repi"",""avatar"":""https://api.dicebear.com/8.x/rings/svg?seed=Repi""}}]",2026-08-25T17:27:18.25576813Z,"[1787678802614,1787678809595,1787678816874,1787678830409,1787678835368,1787678838265]",2026-08-25T17:27:18.267197967Z,,,false,2026-08-25T17:27:21.558732988Z,01M0WXR5QX7RT0467EJCPJ9Y2Y,2026-08-25T17:26:26.303622867Z,"[""C2"",""C1"",""A2"",""B3""]",2026-08-25T17:07:02.44082051Z,true,2026-08-25T17:27:21.5448697Z,01M0WWQ9XW83PGVA4HF3WT9HVR,2026-08-25T17:07:02.44082051Z,8,2026-08-25T17:07:02.44082051Z,false,2026-08-25T17:26:26.564299466Z,01M0WY0ECEQWZG8FEZD72ENETD,2026-08-25T17:26:26.303622867Z,,,48,2026-08-25T17:07:02.44082051Z,12,2026-08-25T17:07:02.44082051Z,training,2026-08-25T17:07:02.44082051Z,0,2026-08-25T17:07:02.44082051Z,4,2026-08-25T17:07:02.44082051Z,/tangrams/138_339.png,2026-08-25T17:27:21.558732988Z,/tangrams/138_339.png,2026-08-25T17:27:18.428199625Z,1787678837987,2026-08-25T17:27:18.423463578Z,0,2026-08-25T17:07:02.44082051Z,2,2026-08-25T17:07:02.937973122Z,true,2026-08-25T17:26:26.265026642Z,"[""/tangrams/422_339.png"",""/tangrams/422_244.png"",""/tangrams/138_339.png"",""/tangrams/366_405.png""]",2026-08-25T17:07:02.44082051Z,/tangrams/422_339.png,2026-08-25T17:07:02.44082051Z,C2,2026-08-25T17:07:02.44082051Z,8,2026-08-25T17:07:02.44082051Z,7,2026-08-25T17:07:02.44082051Z
01M0WY7GAXB13VCX42FZ0JW298,01M0WWQ9XB6TMTWDYN7GB59TN7,2026-08-25T17:07:02.621382862Z,"[{""text"":""triangle with a house inside"",""sender"":{""id"":""01M0WY0ECEQWZG8FEZD72ENETD"",""name"":""Minu"",""avatar"":""https://api.dicebear.com/8.x/rings/svg?seed=Minu""}},{""text"":""all dark base"",""sender"":{""id"":""01M0WY0ECEQWZG8FEZD72ENETD"",""name"":""Minu"",""avatar"":""https://api.dicebear.com/8.x/rings/svg?seed=Minu""}}]",2026-08-25T17:45:48.784747883Z,"[1787679946370,1787679948795]",2026-08-25T17:45:48.79775872Z,,,true,2026-08-25T17:45:53.563277362Z,01M0WY0ECEQWZG8FEZD72ENETD,2026-08-25T17:45:39.920788682Z,"[""D3"",""C4"",""B4"",""B1""]",2026-08-25T17:07:02.621382862Z,true,2026-08-25T17:45:53.545828251Z,01M0WWQ9XW83PGVA4HF3WT9HVR,2026-08-25T17:07:02.621382862Z,47,2026-08-25T17:07:02.621382862Z,false,2026-08-25T17:45:40.234694589Z,01M0WXR5QX7RT0467EJCPJ9Y2Y,2026-08-25T17:45:39.920788682Z,,,48,2026-08-25T17:07:02.621382862Z,12,2026-08-25T17:07:02.621382862Z,training,2026-08-25T17:07:02.621382862Z,3,2026-08-25T17:07:02.621382862Z,4,2026-08-25T17:07:02.621382862Z,/tangrams/366_66.png,2026-08-25T17:45:53.563277362Z,/tangrams/366_66.png,2026-08-25T17:45:50.408541231Z,1787679950310,2026-08-25T17:45:50.411955019Z,0,2026-08-25T17:07:02.621382862Z,2,2026-08-25T17:07:03.786461983Z,true,2026-08-25T17:45:39.873036982Z,"[""/tangrams/279_405.png"",""/tangrams/422_66.png"",""/tangrams/366_66.png"",""/tangrams/366_244.png""]",2026-08-25T17:07:02.621382862Z,/tangrams/366_66.png,2026-08-25T17:07:02.621382862Z,B4,2026-08-25T17:07:02.621382862Z,11,2026-08-25T17:07:02.621382862Z,46,2026-08-25T17:07:02.621382862Z
01M0WXAW6R6ZR4FRNVKGYKB4PY,01M0WWQ73PEDYQHEYYBB88AXMD,2026-08-25T16:51:24.504957542Z,"[{""text"":""black triangle and diamond at the bottom"",""sender"":{""id"":""01M0WX667JRE4461924BYZ6YJ1"",""name"":""Repi"",""avatar"":""https://api.dicebear.com/8.x/rings/svg?seed=Repi""}}]",2026-08-25T17:17:10.657506692Z,[1787678230665],2026-08-25T17:17:10.668161036Z,,,true,2026-08-25T17:17:32.75334762Z,01M0WX667JRE4461924BYZ6YJ1,2026-08-25T17:17:00.430941376Z,"[""B4"",""A3"",""D1"",""C2""]",2026-08-25T16:51:24.504957542Z,true,2026-08-25T17:17:32.740770227Z,01M0WWQ74H7CSGCPAHPDSCJ0PV,2026-08-25T16:51:24.504957542Z,18,2026-08-25T16:51:24.504957542Z,false,2026-08-25T17:17:00.524498563Z,01M0WX9MXH1SX7Q50079HW9F7E,2026-08-25T17:17:00.430941376Z,,,48,2026-08-25T16:51:24.504957542Z,12,2026-08-25T16:51:24.504957542Z,training,2026-08-25T16:51:24.504957542Z,1,2026-08-25T16:51:24.504957542Z,4,2026-08-25T16:51:24.504957542Z,/tangrams/279_244.png,2026-08-25T17:17:32.75334762Z,/tangrams/279_244.png,2026-08-25T17:17:29.629282823Z,1787678249544,2026-08-25T17:17:29.622588471Z,0,2026-08-25T16:51:24.504957542Z,2,2026-08-25T16:51:24.991667559Z,true,2026-08-25T17:17:00.392548096Z,"[""/tangrams/366_66.png"",""/tangrams/138_405.png"",""/tangrams/279_244.png"",""/tangrams/422_339.png""]",2026-08-25T16:51:24.504957542Z,/tangrams/279_244.png,2026-08-25T16:51:24.504957542Z,D1,2026-08-25T16:51:24.504957542Z,6,2026-08-25T16:51:24.504957542Z,17,2026-08-25T16:51:24.504957542Z
01M0WY7G5V7G5J4BYE8D12PFB5,01M0WWQ9XB6TMTWDYN7GB59TN7,2026-08-25T17:07:02.459492483Z,"[{""text"":""top half looks like a diaomng with half triangle missing from it"",""sender"":{""id"":""01M0WXR5QX7RT0467EJCPJ9Y2Y"",""name"":""Repi"",""avatar"":""https://api.dicebear.com/8.x/rings/svg?seed=Repi""}},{""text"":""bottom left looks like stairs"",""sender"":{""id"":""01M0WXR5QX7RT0467EJCPJ9Y2Y"",""name"":""Repi"",""avatar"":""https://api.dicebear.com/8.x/rings/svg?seed=Repi""}}]",2026-08-25T17:22:28.88901306Z,"[1787678542697,1787678548897]",2026-08-25T17:22:28.899356944Z,,,false,2026-08-25T17:22:36.33819639Z,01M0WXR5QX7RT0467EJCPJ9Y2Y,2026-08-25T17:22:06.204564887Z,"[""D3"",""C1"",""D2"",""A3""]",2026-08-25T17:07:02.459492483Z,true,2026-08-25T17:22:36.32391982Z,01M0WWQ9XW83PGVA4HF3WT9HVR,2026-08-25T17:07:02.459492483Z,2,2026-08-25T17:07:02.459492483Z,false,2026-08-25T17:22:06.467750429Z,01M0WY0ECEQWZG8FEZD72ENETD,2026-08-25T17:22:06.204564887Z,,,48,2026-08-25T17:07:02.459492483Z,12,2026-08-25T17:07:02.459492483Z,training,2026-08-25T17:07:02.459492483Z,0,2026-08-25T17:07:02.459492483Z,4,2026-08-25T17:07:02.459492483Z,/tangrams/138_405.png,2026-08-25T17:22:36.33819639Z,/tangrams/138_405.png,2026-08-25T17:22:33.208339237Z,1787678552745,2026-08-25T17:22:33.217890363Z,0,2026-08-25T17:07:02.459492483Z,2,2026-08-25T17:07:02.806551518Z,true,2026-08-25T17:22:06.163011773Z,"[""/tangrams/279_405.png"",""/tangrams/422_244.png"",""/tangrams/279_339.png"",""/tangrams/138_405.png""]",2026-08-25T17:07:02.459492483Z,/tangrams/279_405.png,2026-08-25T17:07:02.459492483Z,D3,2026-08-25T17:07:02.459492483Z,2,2026-08-25T17:07:02.459492483Z,1,2026-08-25T17:07:02.459492483Z
01M0WXAW6PTDV3M2087SV2P2KX,01M0WWQ73PEDYQHEYYBB88AXMD,2026-08-25T16:51:24.502527805Z,"[{""text"":""White triangle at the bottom and white slanted rectangle inside"",""sender"":{""id"":""01M0WX9MXH1SX7Q50079HW9F7E"",""name"":""Minu"",""avatar"":""https://api.dicebear.com/8.x/rings/svg?seed=Minu""}}]",2026-08-25T17:17:43.270374406Z,[1787678263278],2026-08-25T17:17:43.280810008Z,,,true,2026-08-25T17:17:50.680634308Z,01M0WX9MXH1SX7Q50079HW9F7E,2026-08-25T17:17:32.811885369Z,"[""C2"",""D1"",""B3"",""A4""]",2026-08-25T16:51:24.502527805Z,true,2026-08-25T17:17:50.665539833Z,01M0WWQ74H7CSGCPAHPDSCJ0PV,2026-08-25T16:51:24.502527805Z,19,2026-08-25T16:51:24.502527805Z,false,2026-08-25T17:17:32.913524753Z,01M0WX667JRE4461924BYZ6YJ1,2026-08-25T17:17:32.811885369Z,,,48,2026-08-25T16:51:24.502527805Z,12,2026-08-25T16:51:24.502527805Z,training,2026-08-25T16:51:24.502527805Z,1,2026-08-25T16:51:24.502527805Z,4,2026-08-25T16:51:24.502527805Z,/tangrams/422_339.png,2026-08-25T17:17:50.680634308Z,/tangrams/422_339.png,2026-08-25T17:17:47.45226287Z,1787678267438,2026-08-25T17:17:47.455984721Z,0,2026-08-25T16:51:24.502527805Z,2,2026-08-25T16:51:25.002651273Z,true,2026-08-25T17:17:32.769664239Z,"[""/tangrams/422_339.png"",""/tangrams/279_244.png"",""/tangrams/366_405.png"",""/tangrams/138_66.png""]",2026-08-25T16:51:24.502527805Z,/tangrams/422_339.png,2026-08-25T16:51:24.502527805Z,C2,2026-08-25T16:51:24.502527805Z,7,2026-08-25T16:51:24.502527805Z,18,2026-08-25T16:51:24.502527805Z
01M0WXEB7B69Z28GD9NRKN67XA,01M0WWQ73PEDYQHEYYBB88AXMD,2026-08-25T16:53:18.187921257Z,,,,,,,,,,,"[""D4"",""F7"",""F3"",""F4""]",2026-08-25T16:53:18.187921257Z,false,2026-08-25T16:53:18.187921257Z,01M0WWQ74M3NWYAJGQB0ESKAD2,2026-08-25T16:53:18.187921257Z,39,2026-08-25T16:53:18.187921257Z,,,,,,,48,2026-08-25T16:53:18.187921257Z,12,2026-08-25T16:53:18.187921257Z,training,2026-08-25T16:53:18.187921257Z,3,2026-08-25T16:53:18.187921257Z,4,2026-08-25T16:53:18.187921257Z,,,,2026-08-25T16:53:18.187921257Z,,,0,2026-08-25T16:53:18.187921257Z,2,2026-08-25T16:53:19.151328268Z,false,2026-08-25T16:53:18.187921257Z,"[""/tangrams/279_66.png"",""/tangrams/411_352.png"",""/tangrams/170_154.png"",""/tangrams/434_227.png""]",2026-08-25T16:53:18.187921257Z,/tangrams/279_66.png,2026-08-25T16:53:18.187921257Z,D4,2026-08-25T16:53:18.187921257Z,3,2026-08-25T16:53:18.187921257Z,38,2026-08-25T16:53:18.187921257Z
01M0WXEBBHGA43TB77XCFX18WH,01M0WWQ73PEDYQHEYYBB88AXMD,2026-08-25T16:53:18.321799371Z,,,,,,,,,,,"[""C3"",""F5"",""B2"",""F4""]",2026-08-25T16:53:18.321799371Z,false,2026-08-25T16:53:18.321799371Z,01M0WWQ74M3NWYAJGQB0ESKAD2,2026-08-25T16:53:18.321799371Z,21,2026-08-25T16:53:18.321799371Z,,,,,,,48,2026-08-25T16:53:18.321799371Z,12,2026-08-25T16:53:18.321799371Z,training,2026-08-25T16:53:18.321799371Z,1,2026-08-25T16:53:18.321799371Z,4,2026-08-25T16:53:18.321799371Z,,,,2026-08-25T16:53:18.321799371Z,,,0,2026-08-25T16:53:18.321799371Z,2,2026-08-25T16:53:18.813291564Z,false,2026-08-25T16:53:18.321799371Z,"[""/tangrams/422_405.png"",""/tangrams/456_48.png"",""/tangrams/366_339.png"",""/tangrams/434_227.png""]",2026-08-25T16:53:18.321799371Z,/tangrams/434_227.png,2026-08-25T16:53:18.321799371Z,F4,2026-08-25T16:53:18.321799371Z,9,2026-08-25T16:53:18.321799371Z,20,2026-08-25T16:53:18.321799371Z
01M0WY7G8BBZSY2T67SBD55T8Q,01M0WWQ9XB6TMTWDYN7GB59TN7,2026-08-25T17:07:02.539272558Z,"[{""text"":""halleluja hands"",""sender"":{""id"":""01M0WY0ECEQWZG8FEZD72ENETD"",""name"":""Minu"",""avatar"":""https://api.dicebear.com/8.x/rings/svg?seed=Minu""}},{""text"":""sitting on a ledge"",""sender"":{""id"":""01M0WY0ECEQWZG8FEZD72ENETD"",""name"":""Minu"",""avatar"":""https://api.dicebear.com/8.x/rings/svg?seed=Minu""}},{""text"":""triangle and diamond touching it"",""sender"":{""id"":""01M0WY0ECEQWZG8FEZD72ENETD"",""name"":""Minu"",""avatar"":""https://api.dicebear.com/8.x/rings/svg?seed=Minu""}}]",2026-08-25T17:40:15.224037023Z,"[1787679602534,1787679605681,1787679615235]",2026-08-25T17:40:15.23705698Z,,,true,2026-08-25T17:40:19.74853069Z,01M0WY0ECEQWZG8FEZD72ENETD,2026-08-25T17:39:54.595620062Z,"[""D1"",""B3"",""D2"",""C1""]",2026-08-25T17:07:02.539272558Z,true,2026-08-25T17:40:19.725482599Z,01M0WWQ9XW83PGVA4HF3WT9HVR,2026-08-25T17:07:02.539272558Z,33,2026-08-25T17:07:02.539272558Z,false,2026-08-25T17:39:54.837079249Z,01M0WXR5QX7RT0467EJCPJ9Y2Y,2026-08-25T17:39:54.595620062Z,,,48,2026-08-25T17:07:02.539272558Z,12,2026-08-25T17:07:02.539272558Z,training,2026-08-25T17:07:02.539272558Z,2,2026-08-25T17:07:02.539272558Z,4,2026-08-25T17:07:02.539272558Z,/tangrams/279_244.png,2026-08-25T17:40:19.74853069Z,/tangrams/279_244.png,2026-08-25T17:40:16.573333357Z,1787679616469,2026-08-25T17:40:16.577089268Z,0,2026-08-25T17:07:02.539272558Z,2,2026-08-25T17:07:03.474320883Z,true,2026-08-25T17:39:54.546612285Z,"[""/tangrams/279_244.png"",""/tangrams/366_405.png"",""/tangrams/279_339.png"",""/tangrams/422_244.png""]",2026-08-25T17:07:02.539272558Z,/tangrams/279_244.png,2026-08-25T17:07:02.539272558Z,D1,2026-08-25T17:07:02.539272558Z,9,2026-08-25T17:07:02.539272558Z,32,2026-08-25T17:07:02.539272558Z
01M0WXEB681AG80HWFZWMW2NE9,01M0WWQ73PEDYQHEYYBB88AXMD,2026-08-25T16:53:18.152249114Z,"[{""text"":""The one that looks the sharpest, big triangle on top"",""sender"":{""id"":""01M0WWZBDJ6CA985ZGF4JYT3P6"",""name"":""Repi"",""avatar"":""https://api.dicebear.com/8.x/rings/svg?seed=Repi""}}]",2026-08-25T17:01:13.619833368Z,[1787677273623],2026-08-25T17:01:13.625857415Z,,,true,2026-08-25T17:01:23.48280673Z,01M0WWZBDJ6CA985ZGF4JYT3P6,2026-08-25T17:00:37.452634132Z,"[""F5"",""D4"",""F7"",""F1""]",2026-08-25T16:53:18.152249114Z,true,2026-08-25T17:01:23.473935877Z,01M0WWQ74M3NWYAJGQB0ESKAD2,2026-08-25T16:53:18.152249114Z,4,2026-08-25T16:53:18.152249114Z,false,2026-08-25T17:00:37.719437501Z,01M0WX6P9Z1RRJ4EYT8244HGBW,2026-08-25T17:00:37.452634132Z,,,48,2026-08-25T16:53:18.152249114Z,12,2026-08-25T16:53:18.152249114Z,training,2026-08-25T16:53:18.152249114Z,0,2026-08-25T16:53:18.152249114Z,4,2026-08-25T16:53:18.152249114Z,/tangrams/119_182.png,2026-08-25T17:01:23.48280673Z,/tangrams/119_182.png,2026-08-25T17:01:20.397665162Z,1787677280148,2026-08-25T17:01:20.392074659Z,0,2026-08-25T16:53:18.152249114Z,2,2026-08-25T16:53:18.493545118Z,true,2026-08-25T17:00:37.424829844Z,"[""/tangrams/456_48.png"",""/tangrams/279_66.png"",""/tangrams/411_352.png"",""/tangrams/119_182.png""]",2026-08-25T16:53:18.152249114Z,/tangrams/119_182.png,2026-08-25T16:53:18.152249114Z,F1,2026-08-25T16:53:18.152249114Z,4,2026-08-25T16:53:18.152249114Z,3,2026-08-25T16:53:18.152249114Z
01M0WY8D8FMK9X35YHNJF3PRDK,01M0WWQ9XB6TMTWDYN7GB59TN7,2026-08-25T17:07:32.239517768Z,"[{""text"":""the only one that has diamond  on top"",""sender"":{""id"":""01M0WY1V9QET0HYE5N0547967Y"",""name"":""Minu"",""avatar"":""https://api.dicebear.com/8.x/rings/svg?seed=Minu""}}]",2026-08-25T17:34:07.655545797Z,[1787679247665],2026-08-25T17:34:07.66782096Z,,,false,2026-08-25T17:34:15.904391588Z,01M0WY1V9QET0HYE5N0547967Y,2026-08-25T17:33:48.687653967Z,"[""A3"",""D1"",""C2"",""B4""]",2026-08-25T17:07:32.239517768Z,true,2026-08-25T17:34:15.877202446Z,01M0WWQ9XT2Q7RF2RHNCTTRDNK,2026-08-25T17:07:32.239517768Z,19,2026-08-25T17:07:32.239517768Z,false,2026-08-25T17:33:48.926216598Z,01M0WY1FH5WQS14DQ3V446M8AM,2026-08-25T17:33:48.687653967Z,,,48,2026-08-25T17:07:32.239517768Z,12,2026-08-25T17:07:32.239517768Z,training,2026-08-25T17:07:32.239517768Z,1,2026-08-25T17:07:32.239517768Z,4,2026-08-25T17:07:32.239517768Z,/tangrams/138_405.png,2026-08-25T17:34:15.904391588Z,/tangrams/138_405.png,2026-08-25T17:34:12.637708894Z,1787679252423,2026-08-25T17:34:12.645147413Z,0,2026-08-25T17:07:32.239517768Z,2,2026-08-25T17:07:32.921375669Z,true,2026-08-25T17:33:48.600884174Z,"[""/tangrams/138_405.png"",""/tangrams/279_244.png"",""/tangrams/422_339.png"",""/tangrams/366_66.png""]",2026-08-25T17:07:32.239517768Z,/tangrams/422_339.png,2026-08-25T17:07:32.239517768Z,C2,2026-08-25T17:07:32.239517768Z,7,2026-08-25T17:07:32.239517768Z,18,2026-08-25T17:07:32.239517768Z
01M0WYEESVDH2Z6V7WZAR4J0TB,01M0WWQAZ72GMKNB5E8VWC3WG2,2026-08-25T17:10:50.427522709Z,,,,,,,,,,,"[""A3"",""B4"",""C2"",""D1""]",2026-08-25T17:10:50.427522709Z,false,2026-08-25T17:10:50.427522709Z,01M0WWQAZRRWZPK3N7VE24RFV2,2026-08-25T17:10:50.427522709Z,8,2026-08-25T17:10:50.427522709Z,,,,,,,48,2026-08-25T17:10:50.427522709Z,12,2026-08-25T17:10:50.427522709Z,training,2026-08-25T17:10:50.427522709Z,0,2026-08-25T17:10:50.427522709Z,4,2026-08-25T17:10:50.427522709Z,,,,2026-08-25T17:10:50.427522709Z,,,1,2026-08-25T17:10:50.427522709Z,2,2026-08-25T17:10:50.925385898Z,false,2026-08-25T17:10:50.427522709Z,"[""/tangrams/66_24.png"",""/tangrams/348_464.png"",""/tangrams/202_441.png"",""/tangrams/20_314.png""]",2026-08-25T17:10:50.427522709Z,/tangrams/202_441.png,2026-08-25T17:10:50.427522709Z,C2,2026-08-25T17:10:50.427522709Z,8,2026-08-25T17:10:50.427522709Z,7,2026-08-25T17:10:50.427522709Z
01M0WY8DA6G8W97KXS2YJKDA9G,01M0WWQ9XB6TMTWDYN7GB59TN7,2026-08-25T17:07:32.294574013Z,"[{""text"":""make it clear, use color, shpaes liek that"",""sender"":{""id"":""01M0WY1FH5WQS14DQ3V446M8AM"",""name"":""Repi"",""avatar"":""https://api.dicebear.com/8.x/rings/svg?seed=Repi""}},{""text"":""?"",""sender"":{""id"":""01M0WY1FH5WQS14DQ3V446M8AM"",""name"":""Repi"",""avatar"":""https://api.dicebear.com/8.x/rings/svg?seed=Repi""}},{""text"":""got arrow and a diagonal underneath"",""sender"":{""id"":""01M0WY1V9QET0HYE5N0547967Y"",""name"":""Minu"",""avatar"":""https://api.dicebear.com/8.x/rings/svg?seed=Minu""}}]",2026-08-25T17:37:18.974507273Z,"[1787679397511,1787679428405,1787679438985]",2026-08-25T17:37:18.987088562Z,,,true,2026-08-25T17:37:25.839706158Z,01M0WY1V9QET0HYE5N0547967Y,2026-08-25T17:36:27.241949247Z,"[""B1"",""C4"",""A2"",""D3""]",2026-08-25T17:07:32.294574013Z,true,2026-08-25T17:37:25.814307536Z,01M0WWQ9XT2Q7RF2RHNCTTRDNK,2026-08-25T17:07:32.294574013Z,23,2026-08-25T17:07:32.294574013Z,false,2026-08-25T17:36:27.412683127Z,01M0WY1FH5WQS14DQ3V446M8AM,2026-08-25T17:36:27.241949247Z,,,48,2026-08-25T17:07:32.294574013Z,12,2026-08-25T17:07:32.294574013Z,training,2026-08-25T17:07:32.294574013Z,1,2026-08-25T17:07:32.294574013Z,4,2026-08-25T17:07:32.294574013Z,/tangrams/366_244.png,2026-08-25T17:37:25.839706158Z,/tangrams/366_244.png,2026-08-25T17:37:22.649297499Z,1787679442427,2026-08-25T17:37:22.640752239Z,0,2026-08-25T17:07:32.294574013Z,2,2026-08-25T17:07:32.994029824Z,true,2026-08-25T17:36:27.17884948Z,"[""/tangrams/366_244.png"",""/tangrams/422_66.png"",""/tangrams/138_339.png"",""/tangrams/279_405.png""]",2026-08-25T17:07:32.294574013Z,/tangrams/366_244.png,2026-08-25T17:07:32.294574013Z,B1,2026-08-25T17:07:32.294574013Z,11,2026-08-25T17:07:32.294574013Z,22,2026-08-25T17:07:32.294574013Z
01M0WY8WMQVDP7KSGDCTTJKJ60,01M0WWQAZ72GMKNB5E8VWC3WG2,2026-08-25T17:07:47.991375348Z,"[{""text"":""spikes at the back"",""sender"":{""id"":""01M0WY09KXZQGZCXQXZTYFDW8C"",""name"":""Repi"",""avatar"":""https://api.dicebear.com/8.x/rings/svg?seed=Repi""}}]",2026-08-25T17:28:21.178827739Z,[1787678901188],2026-08-25T17:28:21.189948219Z,,,true,2026-08-25T17:28:27.322496572Z,01M0WY09KXZQGZCXQXZTYFDW8C,2026-08-25T17:28:15.677603651Z,"[""F6"",""F2"",""F3"",""F1""]",2026-08-25T17:07:47.991375348Z,true,2026-08-25T17:28:27.311716499Z,01M0WWQAZTRSENW9JN2FSQ4BA7,2026-08-25T17:07:47.991375348Z,40,2026-08-25T17:07:47.991375348Z,false,2026-08-25T17:28:15.789960251Z,01M0WY0YPE1FGB7GNWHKCY08ZN,2026-08-25T17:28:15.677603651Z,,,48,2026-08-25T17:07:47.991375348Z,12,2026-08-25T17:07:47.991375348Z,training,2026-08-25T17:07:47.991375348Z,3,2026-08-25T17:07:47.991375348Z,4,2026-08-25T17:07:47.991375348Z,/tangrams/290_64.png,2026-08-25T17:28:27.322496572Z,/tangrams/290_64.png,2026-08-25T17:28:24.179258416Z,1787678904224,2026-08-25T17:28:24.184332439Z,0,2026-08-25T17:07:47.991375348Z,2,2026-08-25T17:07:49.061072976Z,true,2026-08-25T17:28:15.628744442Z,"[""/tangrams/134_125.png"",""/tangrams/290_64.png"",""/tangrams/170_154.png"",""/tangrams/119_182.png""]",2026-08-25T17:07:47.991375348Z,/tangrams/290_64.png,2026-08-25T17:07:47.991375348Z,F2,2026-08-25T17:07:47.991375348Z,4,2026-08-25T17:07:47.991375348Z,39,2026-08-25T17:07:47.991375348Z
01M0WXGEBMH85RKBGJ307QAT8F,01M0WWQ73PEDYQHEYYBB88AXMD,2026-08-25T16:54:26.932929583Z,,,,,,,,,,,"[""D1"",""D3"",""B3"",""C4""]",2026-08-25T16:54:26.932929583Z,false,2026-08-25T16:54:26.932929583Z,01M0WWQ74ND1AHANTF309RNWJE,2026-08-25T16:54:26.932929583Z,30,2026-08-25T16:54:26.932929583Z,,,,,,,48,2026-08-25T16:54:26.932929583Z,12,2026-08-25T16:54:26.932929583Z,training,2026-08-25T16:54:26.932929583Z,2,2026-08-25T16:54:26.932929583Z,4,2026-08-25T16:54:26.932929583Z,,,,2026-08-25T16:54:26.932929583Z,,,0,2026-08-25T16:54:26.932929583Z,2,2026-08-25T16:54:27.758145248Z,false,2026-08-25T16:54:26.932929583Z,"[""/tangrams/279_244.png"",""/tangrams/279_405.png"",""/tangrams/366_405.png"",""/tangrams/422_66.png""]",2026-08-25T16:54:26.932929583Z,/tangrams/279_405.png,2026-08-25T16:54:26.932929583Z,D3,2026-08-25T16:54:26.932929583Z,6,2026-08-25T16:54:26.932929583Z,29,2026-08-25T16:54:26.932929583Z
01M0WY8WN8ZCY5D90188SR8BTW,01M0WWQAZ72GMKNB5E8VWC3WG2,2026-08-25T17:07:48.008333898Z,"[{""text"":""upward arrow"",""sender"":{""id"":""01M0WY0YPE1FGB7GNWHKCY08ZN"",""name"":""Minu"",""avatar"":""https://api.dicebear.com/8.x/rings/svg?seed=Minu""}}]",2026-08-25T17:28:09.492530176Z,[1787678889502],2026-08-25T17:28:09.503769288Z,,,true,2026-08-25T17:28:15.613853741Z,01M0WY0YPE1FGB7GNWHKCY08ZN,2026-08-25T17:28:01.763090512Z,"[""F4"",""F5"",""F7"",""F1""]",2026-08-25T17:07:48.008333898Z,true,2026-08-25T17:28:15.595040055Z,01M0WWQAZTRSENW9JN2FSQ4BA7,2026-08-25T17:07:48.008333898Z,39,2026-08-25T17:07:48.008333898Z,false,2026-08-25T17:28:01.878277868Z,01M0WY09KXZQGZCXQXZTYFDW8C,2026-08-25T17:28:01.763090512Z,,,48,2026-08-25T17:07:48.008333898Z,12,2026-08-25T17:07:48.008333898Z,training,2026-08-25T17:07:48.008333898Z,3,2026-08-25T17:07:48.008333898Z,4,2026-08-25T17:07:48.008333898Z,/tangrams/411_352.png,2026-08-25T17:28:15.613853741Z,/tangrams/411_352.png,2026-08-25T17:28:12.476261587Z,1787678893797,2026-08-25T17:28:12.404001677Z,0,2026-08-25T17:07:48.008333898Z,2,2026-08-25T17:07:49.047529202Z,true,2026-08-25T17:28:01.720147009Z,"[""/tangrams/434_227.png"",""/tangrams/456_48.png"",""/tangrams/411_352.png"",""/tangrams/119_182.png""]",2026-08-25T17:07:48.008333898Z,/tangrams/411_352.png,2026-08-25T17:07:48.008333898Z,F7,2026-08-25T17:07:48.008333898Z,3,2026-08-25T17:07:48.008333898Z,38,2026-08-25T17:07:48.008333898Z
01M0WXAW6S8WY2HBJ5AM7Q5M60,01M0WWQ73PEDYQHEYYBB88AXMD,2026-08-25T16:51:24.505425883Z,"[{""text"":""white triangle under"",""sender"":{""id"":""01M0WX667JRE4461924BYZ6YJ1"",""name"":""Repi"",""avatar"":""https://api.dicebear.com/8.x/rings/svg?seed=Repi""}}]",2026-08-25T17:25:26.282072803Z,[1787678726291],2026-08-25T17:25:26.293849565Z,,,true,2026-08-25T17:25:34.052829155Z,01M0WX667JRE4461924BYZ6YJ1,2026-08-25T17:25:20.147131284Z,"[""C1"",""A4"",""B3"",""D2""]",2026-08-25T16:51:24.505425883Z,true,2026-08-25T17:25:34.040708508Z,01M0WWQ74H7CSGCPAHPDSCJ0PV,2026-08-25T16:51:24.505425883Z,42,2026-08-25T16:51:24.505425883Z,false,2026-08-25T17:25:20.252712779Z,01M0WX9MXH1SX7Q50079HW9F7E,2026-08-25T17:25:20.147131284Z,,,48,2026-08-25T16:51:24.505425883Z,12,2026-08-25T16:51:24.505425883Z,training,2026-08-25T16:51:24.505425883Z,3,2026-08-25T16:51:24.505425883Z,4,2026-08-25T16:51:24.505425883Z,/tangrams/279_339.png,2026-08-25T17:25:34.052829155Z,/tangrams/279_339.png,2026-08-25T17:25:30.914277355Z,1787678730782,2026-08-25T17:25:30.901360667Z,0,2026-08-25T16:51:24.505425883Z,2,2026-08-25T16:51:25.388601289Z,true,2026-08-25T17:25:20.096305673Z,"[""/tangrams/422_244.png"",""/tangrams/138_66.png"",""/tangrams/366_405.png"",""/tangrams/279_339.png""]",2026-08-25T16:51:24.505425883Z,/tangrams/279_339.png,2026-08-25T16:51:24.505425883Z,D2,2026-08-25T16:51:24.505425883Z,6,2026-08-25T16:51:24.505425883Z,41,2026-08-25T16:51:24.505425883Z
01M0WY8WS7VEECD9C1A844FR33,01M0WWQAZ72GMKNB5E8VWC3WG2,2026-08-25T17:07:48.135652618Z,"[{""text"":""a house with a white shape in it. looks like it's on legs which are running"",""sender"":{""id"":""01M0WY0YPE1FGB7GNWHKCY08ZN"",""name"":""Minu"",""avatar"":""https://api.dicebear.com/8.x/rings/svg?seed=Minu""}}]",2026-08-25T17:16:55.429756673Z,[1787678215437],2026-08-25T17:16:55.439015235Z,,,true,2026-08-25T17:17:04.8901341Z,01M0WY0YPE1FGB7GNWHKCY08ZN,2026-08-25T17:16:33.556071226Z,"[""F2"",""F7"",""C3"",""B2""]",2026-08-25T17:07:48.135652618Z,true,2026-08-25T17:17:04.876780861Z,01M0WWQAZTRSENW9JN2FSQ4BA7,2026-08-25T17:07:48.135652618Z,9,2026-08-25T17:07:48.135652618Z,false,2026-08-25T17:16:33.662668628Z,01M0WY09KXZQGZCXQXZTYFDW8C,2026-08-25T17:16:33.556071226Z,,,48,2026-08-25T17:07:48.135652618Z,12,2026-08-25T17:07:48.135652618Z,training,2026-08-25T17:07:48.135652618Z,0,2026-08-25T17:07:48.135652618Z,4,2026-08-25T17:07:48.135652618Z,/tangrams/422_405.png,2026-08-25T17:17:04.8901341Z,/tangrams/422_405.png,2026-08-25T17:17:01.763763002Z,1787678223152,2026-08-25T17:17:01.760743622Z,0,2026-08-25T17:07:48.135652618Z,2,2026-08-25T17:07:48.517368444Z,true,2026-08-25T17:16:33.519645359Z,"[""/tangrams/290_64.png"",""/tangrams/411_352.png"",""/tangrams/422_405.png"",""/tangrams/366_339.png""]",2026-08-25T17:07:48.135652618Z,/tangrams/422_405.png,2026-08-25T17:07:48.135652618Z,C3,2026-08-25T17:07:48.135652618Z,9,2026-08-25T17:07:48.135652618Z,8,2026-08-25T17:07:48.135652618Z
01M0WY968W2G43X59ARWCBBCAK,01M0WWQAZ72GMKNB5E8VWC3WG2,2026-08-25T17:07:57.852127767Z,"[{""text"":""tree on its side. the one that does NOT have the boat."",""sender"":{""id"":""01M0WXSYNRXCYGT80QAR430CBD"",""name"":""Repi"",""avatar"":""https://api.dicebear.com/8.x/rings/svg?seed=Repi""}}]",2026-08-25T17:43:29.051280693Z,[1787679809062],2026-08-25T17:43:29.064920119Z,,,true,2026-08-25T17:43:40.574097303Z,01M0WXSYNRXCYGT80QAR430CBD,2026-08-25T17:43:06.307731363Z,"[""B4"",""C1"",""A4"",""A3""]",2026-08-25T17:07:57.852127767Z,true,2026-08-25T17:43:40.562868957Z,01M0WWQAZPP7VBJF1WXDE2YKFW,2026-08-25T17:07:57.852127767Z,24,2026-08-25T17:07:57.852127767Z,false,2026-08-25T17:43:06.592232439Z,01M0WY2T8PBZPVGKC7BWFHJ59J,2026-08-25T17:43:06.307731363Z,,,48,2026-08-25T17:07:57.852127767Z,12,2026-08-25T17:07:57.852127767Z,training,2026-08-25T17:07:57.852127767Z,1,2026-08-25T17:07:57.852127767Z,4,2026-08-25T17:07:57.852127767Z,/tangrams/66_464.png,2026-08-25T17:43:40.574097303Z,/tangrams/66_464.png,2026-08-25T17:43:37.438729764Z,1787679818368,2026-08-25T17:43:37.42634489Z,1,2026-08-25T17:07:57.852127767Z,2,2026-08-25T17:07:58.690418854Z,true,2026-08-25T17:43:06.256686565Z,"[""/tangrams/348_464.png"",""/tangrams/202_314.png"",""/tangrams/66_464.png"",""/tangrams/66_24.png""]",2026-08-25T17:07:57.852127767Z,/tangrams/66_464.png,2026-08-25T17:07:57.852127767Z,A4,2026-08-25T17:07:57.852127767Z,12,2026-08-25T17:07:57.852127767Z,23,2026-08-25T17:07:57.852127767Z
01M0WXEB6H3MJKE90FDCAQKB6Q,01M0WWQ73PEDYQHEYYBB88AXMD,2026-08-25T16:53:18.161928147Z,"[{""text"":""hi hi hi?"",""sender"":{""id"":""01M0WWZBDJ6CA985ZGF4JYT3P6"",""name"":""Repi"",""avatar"":""https://api.dicebear.com/8.x/rings/svg?seed=Repi""}},{""text"":""U there?"",""sender"":{""id"":""01M0WWZBDJ6CA985ZGF4JYT3P6"",""name"":""Repi"",""avatar"":""https://api.dicebear.com/8.x/rings/svg?seed=Repi""}}]",2026-08-25T17:05:52.00587824Z,"[1787677546545,1787677552010]",2026-08-25T17:05:52.012138435Z,1787677555916,2026-08-25T17:05:57.628758849Z,false,2026-08-25T17:06:39.300185107Z,01M0WX6P9Z1RRJ4EYT8244HGBW,2026-08-25T17:05:36.18043904Z,"[""F8"",""F4"",""F1"",""F6""]",2026-08-25T16:53:18.161928147Z,true,2026-08-25T17:06:39.292644267Z,01M0WWQ74M3NWYAJGQB0ESKAD2,2026-08-25T16:53:18.161928147Z,9,2026-08-25T16:53:18.161928147Z,false,2026-08-25T17:05:36.460373283Z,01M0WWZBDJ6CA985ZGF4JYT3P6,2026-08-25T17:05:36.18043904Z,,,48,2026-08-25T16:53:18.161928147Z,12,2026-08-25T16:53:18.161928147Z,training,2026-08-25T16:53:18.161928147Z,0,2026-08-25T16:53:18.161928147Z,4,2026-08-25T16:53:18.161928147Z,,2026-08-25T17:06:39.300185107Z,,2026-08-25T16:53:18.161928147Z,,,0,2026-08-25T16:53:18.161928147Z,2,2026-08-25T16:53:18.579385395Z,true,2026-08-25T17:05:36.155754486Z,"[""/tangrams/37_144.png"",""/tangrams/434_227.png"",""/tangrams/119_182.png"",""/tangrams/134_125.png""]",2026-08-25T16:53:18.161928147Z,/tangrams/134_125.png,2026-08-25T16:53:18.161928147Z,F6,2026-08-25T16:53:18.161928147Z,9,2026-08-25T16:53:18.161928147Z,8,2026-08-25T16:53:18.161928147Z
01M0WXEB7GWHEKNV2ZTV5MN9PV,01M0WWQ73PEDYQHEYYBB88AXMD,2026-08-25T16:53:18.192646557Z,"[{""text"":""U still there?"",""sender"":{""id"":""01M0WWZBDJ6CA985ZGF4JYT3P6"",""name"":""Repi"",""avatar"":""https://api.dicebear.com/8.x/rings/svg?seed=Repi""}},{""text"":""helloooo"",""sender"":{""id"":""01M0WWZBDJ6CA985ZGF4JYT3P6"",""name"":""Repi"",""avatar"":""https://api.dicebear.com/8.x/rings/svg?seed=Repi""}}]",2026-08-25T17:04:03.871066074Z,"[1787677438479,1787677443874]",2026-08-25T17:04:03.877482121Z,1787677418365,2026-08-25T17:03:40.073701762Z,false,2026-08-25T17:04:33.002006671Z,01M0WX6P9Z1RRJ4EYT8244HGBW,2026-08-25T17:03:29.883080499Z,"[""C3"",""F6"",""F5"",""F1""]",2026-08-25T16:53:18.192646557Z,true,2026-08-25T17:04:32.994302475Z,01M0WWQ74M3NWYAJGQB0ESKAD2,2026-08-25T16:53:18.192646557Z,7,2026-08-25T16:53:18.192646557Z,false,2026-08-25T17:03:30.170063475Z,01M0WWZBDJ6CA985ZGF4JYT3P6,2026-08-25T17:03:29.883080499Z,,,48,2026-08-25T16:53:18.192646557Z,12,2026-08-25T16:53:18.192646557Z,training,2026-08-25T16:53:18.192646557Z,0,2026-08-25T16:53:18.192646557Z,4,2026-08-25T16:53:18.192646557Z,,2026-08-25T17:04:33.002006671Z,,2026-08-25T16:53:18.192646557Z,,,0,2026-08-25T16:53:18.192646557Z,2,2026-08-25T16:53:18.54531638Z,true,2026-08-25T17:03:29.856734605Z,"[""/tangrams/422_405.png"",""/tangrams/134_125.png"",""/tangrams/456_48.png"",""/tangrams/119_182.png""]",2026-08-25T16:53:18.192646557Z,/tangrams/456_48.png,2026-08-25T16:53:18.192646557Z,F5,2026-08-25T16:53:18.192646557Z,7,2026-08-25T16:53:18.192646557Z,6,2026-08-25T16:53:18.192646557Z
01M0WY8D8W235WCT4A4KAQPPJH,01M0WWQ9XB6TMTWDYN7GB59TN7,2026-08-25T17:07:32.252652154Z,"[{""text"":""u need read well mate pls"",""sender"":{""id"":""01M0WY1V9QET0HYE5N0547967Y"",""name"":""Minu"",""avatar"":""https://api.dicebear.com/8.x/rings/svg?seed=Minu""}},{""text"":""no you need to type better,"",""sender"":{""id"":""01M0WY1FH5WQS14DQ3V446M8AM"",""name"":""Repi"",""avatar"":""https://api.dicebear.com/8.x/rings/svg?seed=Repi""}},{""text"":""two legs with triangle on top"",""sender"":{""id"":""01M0WY1FH5WQS14DQ3V446M8AM"",""name"":""Repi"",""avatar"":""https://api.dicebear.com/8.x/rings/svg?seed=Repi""}}]",2026-08-25T17:34:52.346445883Z,"[1787679267663,1787679282034,1787679292358]",2026-08-25T17:34:52.360437042Z,,,true,2026-08-25T17:35:01.213678808Z,01M0WY1FH5WQS14DQ3V446M8AM,2026-08-25T17:34:15.992257162Z,"[""B3"",""C1"",""D2"",""A4""]",2026-08-25T17:07:32.252652154Z,true,2026-08-25T17:35:01.195830818Z,01M0WWQ9XT2Q7RF2RHNCTTRDNK,2026-08-25T17:07:32.252652154Z,20,2026-08-25T17:07:32.252652154Z,false,2026-08-25T17:34:16.187357688Z,01M0WY1V9QET0HYE5N0547967Y,2026-08-25T17:34:15.992257162Z,,,48,2026-08-25T17:07:32.252652154Z,12,2026-08-25T17:07:32.252652154Z,training,2026-08-25T17:07:32.252652154Z,1,2026-08-25T17:07:32.252652154Z,4,2026-08-25T17:07:32.252652154Z,/tangrams/366_405.png,2026-08-25T17:35:01.213678808Z,/tangrams/366_405.png,2026-08-25T17:34:57.96916757Z,1787679298493,2026-08-25T17:34:57.963187126Z,0,2026-08-25T17:07:32.252652154Z,2,2026-08-25T17:07:32.936290255Z,true,2026-08-25T17:34:15.919853244Z,"[""/tangrams/366_405.png"",""/tangrams/422_244.png"",""/tangrams/279_339.png"",""/tangrams/138_66.png""]",2026-08-25T17:07:32.252652154Z,/tangrams/366_405.png,2026-08-25T17:07:32.252652154Z,B3,2026-08-25T17:07:32.252652154Z,8,2026-08-25T17:07:32.252652154Z,19,2026-08-25T17:07:32.252652154Z
01M0WY96B9H6C04PH6M8Y7FFBY,01M0WWQAZ72GMKNB5E8VWC3WG2,2026-08-25T17:07:57.92929644Z,"[{""text"":""zagged edges on left rectangle type shape on right with corners cut away"",""sender"":{""id"":""01M0WY2T8PBZPVGKC7BWFHJ59J"",""name"":""Minu"",""avatar"":""https://api.dicebear.com/8.x/rings/svg?seed=Minu""}}]",2026-08-25T17:37:35.938343282Z,[1787679455951],2026-08-25T17:37:35.953340714Z,,,false,2026-08-25T17:38:00.655835714Z,01M0WY2T8PBZPVGKC7BWFHJ59J,2026-08-25T17:37:02.560067139Z,"[""D1"",""D2"",""C1"",""A4""]",2026-08-25T17:07:57.92929644Z,true,2026-08-25T17:38:00.637229545Z,01M0WWQAZPP7VBJF1WXDE2YKFW,2026-08-25T17:07:57.92929644Z,15,2026-08-25T17:07:57.92929644Z,false,2026-08-25T17:37:02.775310247Z,01M0WXSYNRXCYGT80QAR430CBD,2026-08-25T17:37:02.560067139Z,,,48,2026-08-25T17:07:57.92929644Z,12,2026-08-25T17:07:57.92929644Z,training,2026-08-25T17:07:57.92929644Z,1,2026-08-25T17:07:57.92929644Z,4,2026-08-25T17:07:57.92929644Z,/tangrams/20_441.png,2026-08-25T17:38:00.655835714Z,/tangrams/20_441.png,2026-08-25T17:37:57.499687043Z,1787679478058,2026-08-25T17:37:57.494166282Z,1,2026-08-25T17:07:57.92929644Z,2,2026-08-25T17:07:58.503004558Z,true,2026-08-25T17:37:02.516506167Z,"[""/tangrams/20_314.png"",""/tangrams/20_441.png"",""/tangrams/202_314.png"",""/tangrams/66_464.png""]",2026-08-25T17:07:57.92929644Z,/tangrams/20_314.png,2026-08-25T17:07:57.92929644Z,D1,2026-08-25T17:07:57.92929644Z,3,2026-08-25T17:07:57.92929644Z,14,2026-08-25T17:07:57.92929644Z
01M0WYEEPPE4BSV3ES4B35MCGQ,01M0WWQAZ72GMKNB5E8VWC3WG2,2026-08-25T17:10:50.326907426Z,,,,,,,,,,,"[""B4"",""D3"",""A2"",""C1""]",2026-08-25T17:10:50.326907426Z,false,2026-08-25T17:10:50.326907426Z,01M0WWQAZRRWZPK3N7VE24RFV2,2026-08-25T17:10:50.326907426Z,47,2026-08-25T17:10:50.326907426Z,,,,,,,48,2026-08-25T17:10:50.326907426Z,12,2026-08-25T17:10:50.326907426Z,training,2026-08-25T17:10:50.326907426Z,3,2026-08-25T17:10:50.326907426Z,4,2026-08-25T17:10:50.326907426Z,,,,2026-08-25T17:10:50.326907426Z,,,1,2026-08-25T17:10:50.326907426Z,2,2026-08-25T17:10:51.982703004Z,false,2026-08-25T17:10:50.326907426Z,"[""/tangrams/348_464.png"",""/tangrams/20_24.png"",""/tangrams/66_441.png"",""/tangrams/202_314.png""]",2026-08-25T17:10:50.326907426Z,/tangrams/66_441.png,2026-08-25T17:10:50.326907426Z,A2,2026-08-25T17:10:50.326907426Z,11,2026-08-25T17:10:50.326907426Z,46,2026-08-25T17:10:50.326907426Z
01M0WYEEZKJVC7HCSH1EFJ1MZ3,01M0WWQAZ72GMKNB5E8VWC3WG2,2026-08-25T17:10:50.611610051Z,,,,,,,,,,,,,true,2026-08-25T17:26:58.958216536Z,01M0WWQAZRRWZPK3N7VE24RFV2,2026-08-25T17:10:50.611610051Z,0,2026-08-25T17:10:50.611610051Z,false,2026-08-25T17:10:57.240177111Z,,,20,2026-08-25T17:10:50.611610051Z,,,,,pretest,2026-08-25T17:10:50.611610051Z,,,,,,,,2026-08-25T17:10:56.962788131Z,,,,,1,2026-08-25T17:10:50.69189972Z,true,2026-08-25T17:10:53.499002061Z,[],2026-08-25T17:10:50.611610051Z,,2026-08-25T17:10:50.611610051Z,,,,,,
01M0WXEBBCKF6KCNT4RCTZKF6H,01M0WWQ73PEDYQHEYYBB88AXMD,2026-08-25T16:53:18.316419912Z,,,,,,,,,,,"[""F4"",""F5"",""C3"",""F2""]",2026-08-25T16:53:18.316419912Z,false,2026-08-25T16:53:18.316419912Z,01M0WWQ74M3NWYAJGQB0ESKAD2,2026-08-25T16:53:18.316419912Z,18,2026-08-25T16:53:18.316419912Z,,,,,,,48,2026-08-25T16:53:18.316419912Z,12,2026-08-25T16:53:18.316419912Z,training,2026-08-25T16:53:18.316419912Z,1,2026-08-25T16:53:18.316419912Z,4,2026-08-25T16:53:18.316419912Z,,,,2026-08-25T16:53:18.316419912Z,,,0,2026-08-25T16:53:18.316419912Z,2,2026-08-25T16:53:18.771476154Z,false,2026-08-25T16:53:18.316419912Z,"[""/tangrams/434_227.png"",""/tangrams/456_48.png"",""/tangrams/422_405.png"",""/tangrams/290_64.png""]",2026-08-25T16:53:18.316419912Z,/tangrams/422_405.png,2026-08-25T16:53:18.316419912Z,C3,2026-08-25T16:53:18.316419912Z,6,2026-08-25T16:53:18.316419912Z,17,2026-08-25T16:53:18.316419912Z
01M0WY4ESVVK5QXDYG6NDV7SP0,01M0WWQ9XB6TMTWDYN7GB59TN7,2026-08-25T17:05:22.748006788Z,"[{""text"":""three shapes staked, diamond on top"",""sender"":{""id"":""01M0WY0ENCGBGZ9MKY7CZKA71D"",""name"":""Minu"",""avatar"":""https://api.dicebear.com/8.x/rings/svg?seed=Minu""}},{""text"":""stacked"",""sender"":{""id"":""01M0WY0ENCGBGZ9MKY7CZKA71D"",""name"":""Minu"",""avatar"":""https://api.dicebear.com/8.x/rings/svg?seed=Minu""}}]",2026-08-25T17:18:25.065765449Z,"[1787678300425,1787678305073]",2026-08-25T17:18:25.075777901Z,,,true,2026-08-25T17:18:32.027130986Z,01M0WY0ENCGBGZ9MKY7CZKA71D,2026-08-25T17:18:04.305757451Z,"[""A1"",""F1"",""F5"",""B2""]",2026-08-25T17:05:22.748006788Z,true,2026-08-25T17:18:32.014285924Z,01M0WWQ9XVXJV1JR4118CY5W09,2026-08-25T17:05:22.748006788Z,11,2026-08-25T17:05:22.748006788Z,false,2026-08-25T17:18:04.525304026Z,01M0WY0C090AZDG2K9X542KKDB,2026-08-25T17:18:04.305757451Z,,,48,2026-08-25T17:05:22.748006788Z,12,2026-08-25T17:05:22.748006788Z,training,2026-08-25T17:05:22.748006788Z,0,2026-08-25T17:05:22.748006788Z,4,2026-08-25T17:05:22.748006788Z,/tangrams/456_48.png,2026-08-25T17:18:32.027130986Z,/tangrams/456_48.png,2026-08-25T17:18:28.913897115Z,1787678308820,2026-08-25T17:18:28.911483668Z,0,2026-08-25T17:05:22.748006788Z,2,2026-08-25T17:05:23.270035575Z,true,2026-08-25T17:18:04.263716407Z,"[""/tangrams/138_244.png"",""/tangrams/119_182.png"",""/tangrams/456_48.png"",""/tangrams/366_339.png""]",2026-08-25T17:05:22.748006788Z,/tangrams/456_48.png,2026-08-25T17:05:22.748006788Z,F5,2026-08-25T17:05:22.748006788Z,11,2026-08-25T17:05:22.748006788Z,10,2026-08-25T17:05:22.748006788Z
01M0WY8D4XQYGV5VP3FPQVA0EF,01M0WWQ9XB6TMTWDYN7GB59TN7,2026-08-25T17:07:32.125737969Z,"[{""text"":""white rectangle in the middle"",""sender"":{""id"":""01M0WY1V9QET0HYE5N0547967Y"",""name"":""Minu"",""avatar"":""https://api.dicebear.com/8.x/rings/svg?seed=Minu""}}]",2026-08-25T17:45:26.243262854Z,[1787679926254],2026-08-25T17:45:26.25629427Z,,,true,2026-08-25T17:45:34.722219566Z,01M0WY1V9QET0HYE5N0547967Y,2026-08-25T17:45:13.083769736Z,"[""D1"",""C2"",""A3"",""B4""]",2026-08-25T17:07:32.125737969Z,true,2026-08-25T17:45:34.70858432Z,01M0WWQ9XT2Q7RF2RHNCTTRDNK,2026-08-25T17:07:32.125737969Z,37,2026-08-25T17:07:32.125737969Z,false,2026-08-25T17:45:13.23362518Z,01M0WY1FH5WQS14DQ3V446M8AM,2026-08-25T17:45:13.083769736Z,,,48,2026-08-25T17:07:32.125737969Z,12,2026-08-25T17:07:32.125737969Z,training,2026-08-25T17:07:32.125737969Z,3,2026-08-25T17:07:32.125737969Z,4,2026-08-25T17:07:32.125737969Z,/tangrams/422_339.png,2026-08-25T17:45:34.722219566Z,/tangrams/422_339.png,2026-08-25T17:45:31.555098867Z,1787679931344,2026-08-25T17:45:31.560744736Z,0,2026-08-25T17:07:32.125737969Z,2,2026-08-25T17:07:33.241665862Z,true,2026-08-25T17:45:13.032696797Z,"[""/tangrams/279_244.png"",""/tangrams/422_339.png"",""/tangrams/138_405.png"",""/tangrams/366_66.png""]",2026-08-25T17:07:32.125737969Z,/tangrams/422_339.png,2026-08-25T17:07:32.125737969Z,C2,2026-08-25T17:07:32.125737969Z,1,2026-08-25T17:07:32.125737969Z,36,2026-08-25T17:07:32.125737969Z
01M0WY8WQ3Z500CTPRBKZ32SCH,01M0WWQAZ72GMKNB5E8VWC3WG2,2026-08-25T17:07:48.067823809Z,"[{""text"":""has a house shape inside of it, looks like its pointing left"",""sender"":{""id"":""01M0WY09KXZQGZCXQXZTYFDW8C"",""name"":""Repi"",""avatar"":""https://api.dicebear.com/8.x/rings/svg?seed=Repi""}}]",2026-08-25T17:20:42.869229519Z,[1787678442877],2026-08-25T17:20:42.879110028Z,,,true,2026-08-25T17:20:50.290837659Z,01M0WY09KXZQGZCXQXZTYFDW8C,2026-08-25T17:20:21.972967248Z,"[""A1"",""F2"",""F6"",""B2""]",2026-08-25T17:07:48.067823809Z,true,2026-08-25T17:20:50.281351078Z,01M0WWQAZTRSENW9JN2FSQ4BA7,2026-08-25T17:07:48.067823809Z,16,2026-08-25T17:07:48.067823809Z,false,2026-08-25T17:20:22.094425902Z,01M0WY0YPE1FGB7GNWHKCY08ZN,2026-08-25T17:20:21.972967248Z,,,48,2026-08-25T17:07:48.067823809Z,12,2026-08-25T17:07:48.067823809Z,training,2026-08-25T17:07:48.067823809Z,1,2026-08-25T17:07:48.067823809Z,4,2026-08-25T17:07:48.067823809Z,/tangrams/366_339.png,2026-08-25T17:20:50.290837659Z,/tangrams/366_339.png,2026-08-25T17:20:47.173478459Z,1787678447209,2026-08-25T17:20:47.169450732Z,0,2026-08-25T17:07:48.067823809Z,2,2026-08-25T17:07:48.648418679Z,true,2026-08-25T17:20:21.936251568Z,"[""/tangrams/138_244.png"",""/tangrams/290_64.png"",""/tangrams/134_125.png"",""/tangrams/366_339.png""]",2026-08-25T17:07:48.067823809Z,/tangrams/366_339.png,2026-08-25T17:07:48.067823809Z,B2,2026-08-25T17:07:48.067823809Z,4,2026-08-25T17:07:48.067823809Z,15,2026-08-25T17:07:48.067823809Z
01M0WYEET4HWZD40HZF0GKHA3P,01M0WWQAZ72GMKNB5E8VWC3WG2,2026-08-25T17:10:50.436608582Z,,,,,,,,,,,"[""A2"",""B3"",""C4"",""D1""]",2026-08-25T17:10:50.436608582Z,false,2026-08-25T17:10:50.436608582Z,01M0WWQAZRRWZPK3N7VE24RFV2,2026-08-25T17:10:50.436608582Z,7,2026-08-25T17:10:50.436608582Z,,,,,,,48,2026-08-25T17:10:50.436608582Z,12,2026-08-25T17:10:50.436608582Z,training,2026-08-25T17:10:50.436608582Z,0,2026-08-25T17:10:50.436608582Z,4,2026-08-25T17:10:50.436608582Z,,,,2026-08-25T17:10:50.436608582Z,,,1,2026-08-25T17:10:50.436608582Z,2,2026-08-25T17:10:50.899404518Z,false,2026-08-25T17:10:50.436608582Z,"[""/tangrams/66_441.png"",""/tangrams/348_24.png"",""/tangrams/202_464.png"",""/tangrams/20_314.png""]",2026-08-25T17:10:50.436608582Z,/tangrams/202_464.png,2026-08-25T17:10:50.436608582Z,C4,2026-08-25T17:10:50.436608582Z,7,2026-08-25T17:10:50.436608582Z,6,2026-08-25T17:10:50.436608582Z
01M0WXGECFBN6911HNC211VMYM,01M0WWQ73PEDYQHEYYBB88AXMD,2026-08-25T16:54:26.959251139Z,"[{""text"":""house white shape black pieces"",""sender"":{""id"":""01M0WX0T78NE9YVPZSCJ5NTGX1"",""name"":""Minu"",""avatar"":""https://api.dicebear.com/8.x/rings/svg?seed=Minu""}}]",2026-08-25T17:12:29.175675863Z,[1787677949183],2026-08-25T17:12:29.186092282Z,,,true,2026-08-25T17:12:37.869302682Z,01M0WX0T78NE9YVPZSCJ5NTGX1,2026-08-25T17:11:51.951261556Z,"[""B3"",""C2"",""D1"",""C1""]",2026-08-25T16:54:26.959251139Z,true,2026-08-25T17:12:37.860675324Z,01M0WWQ74ND1AHANTF309RNWJE,2026-08-25T16:54:26.959251139Z,5,2026-08-25T16:54:26.959251139Z,false,2026-08-25T17:11:52.081361098Z,01M0WWVKKHKMSSWB9WS1N6GRNZ,2026-08-25T17:11:51.951261556Z,,,48,2026-08-25T16:54:26.959251139Z,12,2026-08-25T16:54:26.959251139Z,training,2026-08-25T16:54:26.959251139Z,0,2026-08-25T16:54:26.959251139Z,4,2026-08-25T16:54:26.959251139Z,/tangrams/422_244.png,2026-08-25T17:12:37.869302682Z,/tangrams/422_244.png,2026-08-25T17:12:34.744022188Z,1787677954655,2026-08-25T17:12:34.737910254Z,0,2026-08-25T16:54:26.959251139Z,2,2026-08-25T16:54:27.318569241Z,true,2026-08-25T17:11:51.913779687Z,"[""/tangrams/366_405.png"",""/tangrams/422_339.png"",""/tangrams/279_244.png"",""/tangrams/422_244.png""]",2026-08-25T16:54:26.959251139Z,/tangrams/422_244.png,2026-08-25T16:54:26.959251139Z,C1,2026-08-25T16:54:26.959251139Z,5,2026-08-25T16:54:26.959251139Z,4,2026-08-25T16:54:26.959251139Z
01M0WY4EV4HS1QBF49PC63PVN1,01M0WWQ9XB6TMTWDYN7GB59TN7,2026-08-25T17:05:22.788804864Z,"[{""text"":""arrow at the top, diamond beneath"",""sender"":{""id"":""01M0WY0C090AZDG2K9X542KKDB"",""name"":""Repi"",""avatar"":""https://api.dicebear.com/8.x/rings/svg?seed=Repi""}},{""text"":""something is going on you're picking the correct shape..."",""sender"":{""id"":""01M0WY0ENCGBGZ9MKY7CZKA71D"",""name"":""Minu"",""avatar"":""https://api.dicebear.com/8.x/rings/svg?seed=Minu""}}]",2026-08-25T17:24:13.597854137Z,"[1787678640327,1787678653606]",2026-08-25T17:24:13.608439125Z,,,true,2026-08-25T17:24:19.541488726Z,01M0WY0C090AZDG2K9X542KKDB,2026-08-25T17:23:42.173654991Z,"[""F1"",""F7"",""F4"",""D4""]",2026-08-25T17:05:22.788804864Z,true,2026-08-25T17:24:19.528954112Z,01M0WWQ9XVXJV1JR4118CY5W09,2026-08-25T17:05:22.788804864Z,28,2026-08-25T17:05:22.788804864Z,false,2026-08-25T17:23:42.347700526Z,01M0WY0ENCGBGZ9MKY7CZKA71D,2026-08-25T17:23:42.173654991Z,,,48,2026-08-25T17:05:22.788804864Z,12,2026-08-25T17:05:22.788804864Z,training,2026-08-25T17:05:22.788804864Z,2,2026-08-25T17:05:22.788804864Z,4,2026-08-25T17:05:22.788804864Z,/tangrams/411_352.png,2026-08-25T17:24:19.541488726Z,/tangrams/411_352.png,2026-08-25T17:24:16.416653011Z,1787678656441,2026-08-25T17:24:16.411918916Z,0,2026-08-25T17:05:22.788804864Z,2,2026-08-25T17:05:23.570962148Z,true,2026-08-25T17:23:42.090306128Z,"[""/tangrams/119_182.png"",""/tangrams/411_352.png"",""/tangrams/434_227.png"",""/tangrams/279_66.png""]",2026-08-25T17:05:22.788804864Z,/tangrams/411_352.png,2026-08-25T17:05:22.788804864Z,F7,2026-08-25T17:05:22.788804864Z,4,2026-08-25T17:05:22.788804864Z,27,2026-08-25T17:05:22.788804864Z
01M0WY7G53Z5XZCC74W0W511X9,01M0WWQ9XB6TMTWDYN7GB59TN7,2026-08-25T17:07:02.435916392Z,"[{""text"":""triangle at the top"",""sender"":{""id"":""01M0WXR5QX7RT0467EJCPJ9Y2Y"",""name"":""Repi"",""avatar"":""https://api.dicebear.com/8.x/rings/svg?seed=Repi""}},{""text"":""with white part in middle that looks like a house"",""sender"":{""id"":""01M0WXR5QX7RT0467EJCPJ9Y2Y"",""name"":""Repi"",""avatar"":""https://api.dicebear.com/8.x/rings/svg?seed=Repi""}},{""text"":""botom has a triangle facing left"",""sender"":{""id"":""01M0WXR5QX7RT0467EJCPJ9Y2Y"",""name"":""Repi"",""avatar"":""https://api.dicebear.com/8.x/rings/svg?seed=Repi""}},{""text"":""with diamond attached to it"",""sender"":{""id"":""01M0WXR5QX7RT0467EJCPJ9Y2Y"",""name"":""Repi"",""avatar"":""https://api.dicebear.com/8.x/rings/svg?seed=Repi""}}]",2026-08-25T17:25:27.181990001Z,"[1787678705645,1787678713732,1787678720860,1787678727190]",2026-08-25T17:25:27.192385638Z,,,true,2026-08-25T17:25:35.544071847Z,01M0WXR5QX7RT0467EJCPJ9Y2Y,2026-08-25T17:24:59.412901548Z,"[""C4"",""D1"",""B1"",""B3""]",2026-08-25T17:07:02.435916392Z,true,2026-08-25T17:25:35.529234824Z,01M0WWQ9XW83PGVA4HF3WT9HVR,2026-08-25T17:07:02.435916392Z,6,2026-08-25T17:07:02.435916392Z,false,2026-08-25T17:24:59.710397357Z,01M0WY0ECEQWZG8FEZD72ENETD,2026-08-25T17:24:59.412901548Z,,,48,2026-08-25T17:07:02.435916392Z,12,2026-08-25T17:07:02.435916392Z,training,2026-08-25T17:07:02.435916392Z,0,2026-08-25T17:07:02.435916392Z,4,2026-08-25T17:07:02.435916392Z,/tangrams/366_244.png,2026-08-25T17:25:35.544071847Z,/tangrams/366_244.png,2026-08-25T17:25:32.388639579Z,1787678731935,2026-08-25T17:25:32.376553094Z,0,2026-08-25T17:07:02.435916392Z,2,2026-08-25T17:07:02.891627657Z,true,2026-08-25T17:24:59.372225987Z,"[""/tangrams/422_66.png"",""/tangrams/279_244.png"",""/tangrams/366_244.png"",""/tangrams/366_405.png""]",2026-08-25T17:07:02.435916392Z,/tangrams/366_244.png,2026-08-25T17:07:02.435916392Z,B1,2026-08-25T17:07:02.435916392Z,6,2026-08-25T17:07:02.435916392Z,5,2026-08-25T17:07:02.435916392Z
01M0WY8D5BNZZJZ14AZBYDX0G3,01M0WWQ9XB6TMTWDYN7GB59TN7,2026-08-25T17:07:32.139712649Z,"[{""text"":""?"",""sender"":{""id"":""01M0WY1FH5WQS14DQ3V446M8AM"",""name"":""Repi"",""avatar"":""https://api.dicebear.com/8.x/rings/svg?seed=Repi""}},{""text"":""has a white triangle in the middle and got two legs"",""sender"":{""id"":""01M0WY1V9QET0HYE5N0547967Y"",""name"":""Minu"",""avatar"":""https://api.dicebear.com/8.x/rings/svg?seed=Minu""}}]",2026-08-25T17:26:55.998072504Z,"[1787678793638,1787678816007]",2026-08-25T17:26:56.008986829Z,,,false,2026-08-25T17:27:04.236340803Z,01M0WY1V9QET0HYE5N0547967Y,2026-08-25T17:26:19.296663172Z,"[""A4"",""B1"",""D3"",""C2""]",2026-08-25T17:07:32.139712649Z,true,2026-08-25T17:27:04.21997514Z,01M0WWQ9XT2Q7RF2RHNCTTRDNK,2026-08-25T17:07:32.139712649Z,7,2026-08-25T17:07:32.139712649Z,false,2026-08-25T17:26:19.463623739Z,01M0WY1FH5WQS14DQ3V446M8AM,2026-08-25T17:26:19.296663172Z,,,48,2026-08-25T17:07:32.139712649Z,12,2026-08-25T17:07:32.139712649Z,training,2026-08-25T17:07:32.139712649Z,0,2026-08-25T17:07:32.139712649Z,4,2026-08-25T17:07:32.139712649Z,/tangrams/279_405.png,2026-08-25T17:27:04.236340803Z,/tangrams/279_405.png,2026-08-25T17:27:01.105046096Z,1787678820895,2026-08-25T17:27:01.100089695Z,0,2026-08-25T17:07:32.139712649Z,2,2026-08-25T17:07:32.689830847Z,true,2026-08-25T17:26:19.256228365Z,"[""/tangrams/138_66.png"",""/tangrams/366_244.png"",""/tangrams/279_405.png"",""/tangrams/422_339.png""]",2026-08-25T17:07:32.139712649Z,/tangrams/366_244.png,2026-08-25T17:07:32.139712649Z,B1,2026-08-25T17:07:32.139712649Z,7,2026-08-25T17:07:32.139712649Z,6,2026-08-25T17:07:32.139712649Z
01M0WY968359CBM5PXT1FK1EZC,01M0WWQAZ72GMKNB5E8VWC3WG2,2026-08-25T17:07:57.827180294Z,"[{""text"":""empty rectangle in middle"",""sender"":{""id"":""01M0WY2T8PBZPVGKC7BWFHJ59J"",""name"":""Minu"",""avatar"":""https://api.dicebear.com/8.x/rings/svg?seed=Minu""}},{""text"":""right cut away more"",""sender"":{""id"":""01M0WY2T8PBZPVGKC7BWFHJ59J"",""name"":""Minu"",""avatar"":""https://api.dicebear.com/8.x/rings/svg?seed=Minu""}}]",2026-08-25T17:54:43.997330327Z,"[1787680476670,1787680484009]",2026-08-25T17:54:44.011850534Z,,,true,2026-08-25T17:54:51.265787768Z,01M0WY2T8PBZPVGKC7BWFHJ59J,2026-08-25T17:54:22.822986735Z,"[""C2"",""A4"",""A3"",""D3""]",2026-08-25T17:07:57.827180294Z,true,2026-08-25T17:54:51.248801205Z,01M0WWQAZPP7VBJF1WXDE2YKFW,2026-08-25T17:07:57.827180294Z,47,2026-08-25T17:07:57.827180294Z,false,2026-08-25T17:54:23.106799286Z,01M0WXSYNRXCYGT80QAR430CBD,2026-08-25T17:54:22.822986735Z,,,48,2026-08-25T17:07:57.827180294Z,12,2026-08-25T17:07:57.827180294Z,training,2026-08-25T17:07:57.827180294Z,3,2026-08-25T17:07:57.827180294Z,4,2026-08-25T17:07:57.827180294Z,/tangrams/66_24.png,2026-08-25T17:54:51.265787768Z,/tangrams/66_24.png,2026-08-25T17:54:48.100774155Z,1787680488657,2026-08-25T17:54:48.641017119Z,1,2026-08-25T17:07:57.827180294Z,2,2026-08-25T17:07:59.134402979Z,true,2026-08-25T17:54:22.764721259Z,"[""/tangrams/202_441.png"",""/tangrams/66_464.png"",""/tangrams/66_24.png"",""/tangrams/20_24.png""]",2026-08-25T17:07:57.827180294Z,/tangrams/66_24.png,2026-08-25T17:07:57.827180294Z,A3,2026-08-25T17:07:57.827180294Z,11,2026-08-25T17:07:57.827180294Z,46,2026-08-25T17:07:57.827180294Z
01M0WY4ET9XSJQ8FYRMZBA3373,01M0WWQ9XB6TMTWDYN7GB59TN7,2026-08-25T17:05:22.761863593Z,"[{""text"":""diamond top and bottom"",""sender"":{""id"":""01M0WY0ENCGBGZ9MKY7CZKA71D"",""name"":""Minu"",""avatar"":""https://api.dicebear.com/8.x/rings/svg?seed=Minu""}}]",2026-08-25T17:19:38.2547099Z,[1787678378262],2026-08-25T17:19:38.264649117Z,,,true,2026-08-25T17:19:45.939772101Z,01M0WY0ENCGBGZ9MKY7CZKA71D,2026-08-25T17:19:22.004273893Z,"[""F5"",""A1"",""F7"",""F4""]",2026-08-25T17:05:22.761863593Z,true,2026-08-25T17:19:45.926317393Z,01M0WWQ9XVXJV1JR4118CY5W09,2026-08-25T17:05:22.761863593Z,15,2026-08-25T17:05:22.761863593Z,false,2026-08-25T17:19:22.267027505Z,01M0WY0C090AZDG2K9X542KKDB,2026-08-25T17:19:22.004273893Z,,,48,2026-08-25T17:05:22.761863593Z,12,2026-08-25T17:05:22.761863593Z,training,2026-08-25T17:05:22.761863593Z,1,2026-08-25T17:05:22.761863593Z,4,2026-08-25T17:05:22.761863593Z,/tangrams/138_244.png,2026-08-25T17:19:45.939772101Z,/tangrams/138_244.png,2026-08-25T17:19:42.816182297Z,1787678382727,2026-08-25T17:19:42.820639307Z,0,2026-08-25T17:05:22.761863593Z,2,2026-08-25T17:05:23.332768935Z,true,2026-08-25T17:19:21.974914154Z,"[""/tangrams/456_48.png"",""/tangrams/138_244.png"",""/tangrams/411_352.png"",""/tangrams/434_227.png""]",2026-08-25T17:05:22.761863593Z,/tangrams/138_244.png,2026-08-25T17:05:22.761863593Z,A1,2026-08-25T17:05:22.761863593Z,3,2026-08-25T17:05:22.761863593Z,14,2026-08-25T17:05:22.761863593Z
01M0WY8D4SGEVYPJ79ZQGNFSCF,01M0WWQ9XB6TMTWDYN7GB59TN7,2026-08-25T17:07:32.121340377Z,"[{""text"":""white rectangle in middle"",""sender"":{""id"":""01M0WY1FH5WQS14DQ3V446M8AM"",""name"":""Repi"",""avatar"":""https://api.dicebear.com/8.x/rings/svg?seed=Repi""}}]",2026-08-25T17:50:47.485021465Z,[1787680247496],2026-08-25T17:50:47.498715601Z,,,true,2026-08-25T17:50:57.66086998Z,01M0WY1FH5WQS14DQ3V446M8AM,2026-08-25T17:50:36.118073837Z,"[""A2"",""C4"",""B3"",""D1""]",2026-08-25T17:07:32.121340377Z,true,2026-08-25T17:50:57.644035423Z,01M0WWQ9XT2Q7RF2RHNCTTRDNK,2026-08-25T17:07:32.121340377Z,48,2026-08-25T17:07:32.121340377Z,false,2026-08-25T17:50:36.27134095Z,01M0WY1V9QET0HYE5N0547967Y,2026-08-25T17:50:36.118073837Z,,,48,2026-08-25T17:07:32.121340377Z,12,2026-08-25T17:07:32.121340377Z,training,2026-08-25T17:07:32.121340377Z,3,2026-08-25T17:07:32.121340377Z,4,2026-08-25T17:07:32.121340377Z,/tangrams/422_66.png,2026-08-25T17:50:57.66086998Z,/tangrams/422_66.png,2026-08-25T17:50:54.461984413Z,1787680254962,2026-08-25T17:50:54.456049798Z,0,2026-08-25T17:07:32.121340377Z,2,2026-08-25T17:07:33.454950278Z,true,2026-08-25T17:50:36.06846729Z,"[""/tangrams/138_339.png"",""/tangrams/422_66.png"",""/tangrams/366_405.png"",""/tangrams/279_244.png""]",2026-08-25T17:07:32.121340377Z,/tangrams/422_66.png,2026-08-25T17:07:32.121340377Z,C4,2026-08-25T17:07:32.121340377Z,12,2026-08-25T17:07:32.121340377Z,47,2026-08-25T17:07:32.121340377Z
01M0WY8D4ZT947G8DP8BX81P2B,01M0WWQ9XB6TMTWDYN7GB59TN7,2026-08-25T17:07:32.127573929Z,"[{""text"":""?"",""sender"":{""id"":""01M0WY1FH5WQS14DQ3V446M8AM"",""name"":""Repi"",""avatar"":""https://api.dicebear.com/8.x/rings/svg?seed=Repi""}},{""text"":""looks like bull horn on top two legs"",""sender"":{""id"":""01M0WY1V9QET0HYE5N0547967Y"",""name"":""Minu"",""avatar"":""https://api.dicebear.com/8.x/rings/svg?seed=Minu""}}]",2026-08-25T17:25:33.210645492Z,"[1787678729974,1787678733226]",2026-08-25T17:25:33.227663347Z,,,true,2026-08-25T17:25:42.230385578Z,01M0WY1V9QET0HYE5N0547967Y,2026-08-25T17:25:10.288713917Z,"[""A4"",""D1"",""C2"",""B3""]",2026-08-25T17:07:32.127573929Z,true,2026-08-25T17:25:42.214948189Z,01M0WWQ9XT2Q7RF2RHNCTTRDNK,2026-08-25T17:07:32.127573929Z,5,2026-08-25T17:07:32.127573929Z,false,2026-08-25T17:25:10.426925064Z,01M0WY1FH5WQS14DQ3V446M8AM,2026-08-25T17:25:10.288713917Z,,,48,2026-08-25T17:07:32.127573929Z,12,2026-08-25T17:07:32.127573929Z,training,2026-08-25T17:07:32.127573929Z,0,2026-08-25T17:07:32.127573929Z,4,2026-08-25T17:07:32.127573929Z,/tangrams/366_405.png,2026-08-25T17:25:42.230385578Z,/tangrams/366_405.png,2026-08-25T17:25:39.080700009Z,1787678738883,2026-08-25T17:25:39.085386478Z,0,2026-08-25T17:07:32.127573929Z,2,2026-08-25T17:07:32.645577842Z,true,2026-08-25T17:25:10.245331085Z,"[""/tangrams/138_66.png"",""/tangrams/279_244.png"",""/tangrams/422_339.png"",""/tangrams/366_405.png""]",2026-08-25T17:07:32.127573929Z,/tangrams/366_405.png,2026-08-25T17:07:32.127573929Z,B3,2026-08-25T17:07:32.127573929Z,5,2026-08-25T17:07:32.127573929Z,4,2026-08-25T17:07:32.127573929Z
01M0WY8WP2K2Y85BBEHSPR9VAX,01M0WWQAZ72GMKNB5E8VWC3WG2,2026-08-25T17:07:48.034237969Z,"[{""text"":""chair with no legs"",""sender"":{""id"":""01M0WY0YPE1FGB7GNWHKCY08ZN"",""name"":""Minu"",""avatar"":""https://api.dicebear.com/8.x/rings/svg?seed=Minu""}}]",2026-08-25T17:27:14.876524867Z,[1787678834885],2026-08-25T17:27:14.887677962Z,,,true,2026-08-25T17:27:22.245078705Z,01M0WY0YPE1FGB7GNWHKCY08ZN,2026-08-25T17:27:02.810786196Z,"[""A1"",""F8"",""F4"",""B2""]",2026-08-25T17:07:48.034237969Z,true,2026-08-25T17:27:22.22781996Z,01M0WWQAZTRSENW9JN2FSQ4BA7,2026-08-25T17:07:48.034237969Z,35,2026-08-25T17:07:48.034237969Z,false,2026-08-25T17:27:02.931921156Z,01M0WY09KXZQGZCXQXZTYFDW8C,2026-08-25T17:27:02.810786196Z,,,48,2026-08-25T17:07:48.034237969Z,12,2026-08-25T17:07:48.034237969Z,training,2026-08-25T17:07:48.034237969Z,2,2026-08-25T17:07:48.034237969Z,4,2026-08-25T17:07:48.034237969Z,/tangrams/138_244.png,2026-08-25T17:27:22.245078705Z,/tangrams/138_244.png,2026-08-25T17:27:19.114972546Z,1787678840506,2026-08-25T17:27:19.121769869Z,0,2026-08-25T17:07:48.034237969Z,2,2026-08-25T17:07:48.980464594Z,true,2026-08-25T17:27:02.769039639Z,"[""/tangrams/138_244.png"",""/tangrams/37_144.png"",""/tangrams/434_227.png"",""/tangrams/366_339.png""]",2026-08-25T17:07:48.034237969Z,/tangrams/138_244.png,2026-08-25T17:07:48.034237969Z,A1,2026-08-25T17:07:48.034237969Z,11,2026-08-25T17:07:48.034237969Z,34,2026-08-25T17:07:48.034237969Z
01M0WY968BGKQC5W9TRXM0YM9J,01M0WWQAZ72GMKNB5E8VWC3WG2,2026-08-25T17:07:57.835247107Z,"[{""text"":""large point facing top right corner"",""sender"":{""id"":""01M0WY2T8PBZPVGKC7BWFHJ59J"",""name"":""Minu"",""avatar"":""https://api.dicebear.com/8.x/rings/svg?seed=Minu""}},{""text"":""zagged edge on left"",""sender"":{""id"":""01M0WY2T8PBZPVGKC7BWFHJ59J"",""name"":""Minu"",""avatar"":""https://api.dicebear.com/8.x/rings/svg?seed=Minu""}}]",2026-08-25T17:44:00.146308625Z,"[1787679833745,1787679840156]",2026-08-25T17:44:00.158646323Z,,,true,2026-08-25T17:44:07.21714934Z,01M0WY2T8PBZPVGKC7BWFHJ59J,2026-08-25T17:43:40.637902661Z,"[""D1"",""C2"",""A4"",""C1""]",2026-08-25T17:07:57.835247107Z,true,2026-08-25T17:44:07.200574946Z,01M0WWQAZPP7VBJF1WXDE2YKFW,2026-08-25T17:07:57.835247107Z,25,2026-08-25T17:07:57.835247107Z,false,2026-08-25T17:43:40.838076036Z,01M0WXSYNRXCYGT80QAR430CBD,2026-08-25T17:43:40.637902661Z,,,48,2026-08-25T17:07:57.835247107Z,12,2026-08-25T17:07:57.835247107Z,training,2026-08-25T17:07:57.835247107Z,2,2026-08-25T17:07:57.835247107Z,4,2026-08-25T17:07:57.835247107Z,/tangrams/202_314.png,2026-08-25T17:44:07.21714934Z,/tangrams/202_314.png,2026-08-25T17:44:04.083118909Z,1787679844636,2026-08-25T17:44:04.068766319Z,1,2026-08-25T17:07:57.835247107Z,2,2026-08-25T17:07:58.709533627Z,true,2026-08-25T17:43:40.587159516Z,"[""/tangrams/20_314.png"",""/tangrams/202_441.png"",""/tangrams/66_464.png"",""/tangrams/202_314.png""]",2026-08-25T17:07:57.835247107Z,/tangrams/202_314.png,2026-08-25T17:07:57.835247107Z,C1,2026-08-25T17:07:57.835247107Z,1,2026-08-25T17:07:57.835247107Z,24,2026-08-25T17:07:57.835247107Z
01M0WXGEBARSGCP6133H652ZZ8,01M0WWQ73PEDYQHEYYBB88AXMD,2026-08-25T16:54:26.922709628Z,,,,,,,,,,,"[""A2"",""B4"",""A4"",""C1""]",2026-08-25T16:54:26.922709628Z,false,2026-08-25T16:54:26.922709628Z,01M0WWQ74ND1AHANTF309RNWJE,2026-08-25T16:54:26.922709628Z,16,2026-08-25T16:54:26.922709628Z,,,,,,,48,2026-08-25T16:54:26.922709628Z,12,2026-08-25T16:54:26.922709628Z,training,2026-08-25T16:54:26.922709628Z,1,2026-08-25T16:54:26.922709628Z,4,2026-08-25T16:54:26.922709628Z,,,,2026-08-25T16:54:26.922709628Z,,,0,2026-08-25T16:54:26.922709628Z,2,2026-08-25T16:54:27.519478749Z,false,2026-08-25T16:54:26.922709628Z,"[""/tangrams/138_339.png"",""/tangrams/366_66.png"",""/tangrams/138_66.png"",""/tangrams/422_244.png""]",2026-08-25T16:54:26.922709628Z,/tangrams/138_66.png,2026-08-25T16:54:26.922709628Z,A4,2026-08-25T16:54:26.922709628Z,4,2026-08-25T16:54:26.922709628Z,15,2026-08-25T16:54:26.922709628Z
01M0WXGEDTQ37XQEWXKSCFH54K,01M0WWQ73PEDYQHEYYBB88AXMD,2026-08-25T16:54:27.002179074Z,"[{""text"":""house with wthite rectanlge, little roof at bottom in white"",""sender"":{""id"":""01M0WWVKKHKMSSWB9WS1N6GRNZ"",""name"":""Repi"",""avatar"":""https://api.dicebear.com/8.x/rings/svg?seed=Repi""}}]",2026-08-25T17:14:53.649811834Z,[1787678093657],2026-08-25T17:14:53.659365769Z,,,false,2026-08-25T17:15:17.288226642Z,01M0WWVKKHKMSSWB9WS1N6GRNZ,2026-08-25T17:14:14.064657066Z,"[""B3"",""C2"",""C4"",""A2""]",2026-08-25T16:54:27.002179074Z,true,2026-08-25T17:15:17.276766738Z,01M0WWQ74ND1AHANTF309RNWJE,2026-08-25T16:54:27.002179074Z,8,2026-08-25T16:54:27.002179074Z,false,2026-08-25T17:14:14.31140868Z,01M0WX0T78NE9YVPZSCJ5NTGX1,2026-08-25T17:14:14.064657066Z,,,48,2026-08-25T16:54:27.002179074Z,12,2026-08-25T16:54:27.002179074Z,training,2026-08-25T16:54:27.002179074Z,0,2026-08-25T16:54:27.002179074Z,4,2026-08-25T16:54:27.002179074Z,,2026-08-25T17:15:17.288226642Z,,2026-08-25T16:54:27.002179074Z,,,0,2026-08-25T16:54:27.002179074Z,2,2026-08-25T16:54:27.384069394Z,true,2026-08-25T17:14:14.024853573Z,"[""/tangrams/366_405.png"",""/tangrams/422_339.png"",""/tangrams/422_66.png"",""/tangrams/138_339.png""]",2026-08-25T16:54:27.002179074Z,/tangrams/422_339.png,2026-08-25T16:54:27.002179074Z,C2,2026-08-25T16:54:27.002179074Z,8,2026-08-25T16:54:27.002179074Z,7,2026-08-25T16:54:27.002179074Z
01M0WY7G5QBES0Z4XWE68F0X2Z,01M0WWQ9XB6TMTWDYN7GB59TN7,2026-08-25T17:07:02.455717413Z,"[{""text"":""diamond at the very top"",""sender"":{""id"":""01M0WXR5QX7RT0467EJCPJ9Y2Y"",""name"":""Repi"",""avatar"":""https://api.dicebear.com/8.x/rings/svg?seed=Repi""}},{""text"":""looks like a hat underneath the diamond"",""sender"":{""id"":""01M0WXR5QX7RT0467EJCPJ9Y2Y"",""name"":""Repi"",""avatar"":""https://api.dicebear.com/8.x/rings/svg?seed=Repi""}},{""text"":""bottom half has stairs going to the left"",""sender"":{""id"":""01M0WXR5QX7RT0467EJCPJ9Y2Y"",""name"":""Repi"",""avatar"":""https://api.dicebear.com/8.x/rings/svg?seed=Repi""}},{""text"":""and what looks like a boot on the bottom right"",""sender"":{""id"":""01M0WXR5QX7RT0467EJCPJ9Y2Y"",""name"":""Repi"",""avatar"":""https://api.dicebear.com/8.x/rings/svg?seed=Repi""}}]",2026-08-25T17:30:25.738748563Z,"[1787679000894,1787679011284,1787679018977,1787679025749]",2026-08-25T17:30:25.751158116Z,,,true,2026-08-25T17:30:31.704277057Z,01M0WXR5QX7RT0467EJCPJ9Y2Y,2026-08-25T17:29:50.855217193Z,"[""A2"",""B3"",""A3"",""C4""]",2026-08-25T17:07:02.455717413Z,true,2026-08-25T17:30:31.655484949Z,01M0WWQ9XW83PGVA4HF3WT9HVR,2026-08-25T17:07:02.455717413Z,12,2026-08-25T17:07:02.455717413Z,false,2026-08-25T17:29:51.097548447Z,01M0WY0ECEQWZG8FEZD72ENETD,2026-08-25T17:29:50.855217193Z,,,48,2026-08-25T17:07:02.455717413Z,12,2026-08-25T17:07:02.455717413Z,training,2026-08-25T17:07:02.455717413Z,0,2026-08-25T17:07:02.455717413Z,4,2026-08-25T17:07:02.455717413Z,/tangrams/138_405.png,2026-08-25T17:30:31.704277057Z,/tangrams/138_405.png,2026-08-25T17:30:28.438245503Z,1787679027992,2026-08-25T17:30:28.422646761Z,0,2026-08-25T17:07:02.455717413Z,2,2026-08-25T17:07:03.029626984Z,true,2026-08-25T17:29:50.803204318Z,"[""/tangrams/138_339.png"",""/tangrams/366_405.png"",""/tangrams/138_405.png"",""/tangrams/422_66.png""]",2026-08-25T17:07:02.455717413Z,/tangrams/138_405.png,2026-08-25T17:07:02.455717413Z,A3,2026-08-25T17:07:02.455717413Z,12,2026-08-25T17:07:02.455717413Z,11,2026-08-25T17:07:02.455717413Z
01M0WY8WMC86GG67MW3WHK580Y,01M0WWQAZ72GMKNB5E8VWC3WG2,2026-08-25T17:07:47.980236103Z,"[{""text"":""house on legs"",""sender"":{""id"":""01M0WY09KXZQGZCXQXZTYFDW8C"",""name"":""Repi"",""avatar"":""https://api.dicebear.com/8.x/rings/svg?seed=Repi""}}]",2026-08-25T17:29:30.681396487Z,[1787678970691],2026-08-25T17:29:30.693389984Z,,,true,2026-08-25T17:29:35.392681117Z,01M0WY09KXZQGZCXQXZTYFDW8C,2026-08-25T17:29:26.125480965Z,"[""B2"",""F5"",""C3"",""D4""]",2026-08-25T17:07:47.980236103Z,true,2026-08-25T17:29:35.374616278Z,01M0WWQAZTRSENW9JN2FSQ4BA7,2026-08-25T17:07:47.980236103Z,46,2026-08-25T17:07:47.980236103Z,false,2026-08-25T17:29:26.252951169Z,01M0WY0YPE1FGB7GNWHKCY08ZN,2026-08-25T17:29:26.125480965Z,,,48,2026-08-25T17:07:47.980236103Z,12,2026-08-25T17:07:47.980236103Z,training,2026-08-25T17:07:47.980236103Z,3,2026-08-25T17:07:47.980236103Z,4,2026-08-25T17:07:47.980236103Z,/tangrams/422_405.png,2026-08-25T17:29:35.392681117Z,/tangrams/422_405.png,2026-08-25T17:29:32.237830485Z,1787678972274,2026-08-25T17:29:32.228741277Z,0,2026-08-25T17:07:47.980236103Z,2,2026-08-25T17:07:49.162199255Z,true,2026-08-25T17:29:26.072512789Z,"[""/tangrams/366_339.png"",""/tangrams/456_48.png"",""/tangrams/422_405.png"",""/tangrams/279_66.png""]",2026-08-25T17:07:47.980236103Z,/tangrams/422_405.png,2026-08-25T17:07:47.980236103Z,C3,2026-08-25T17:07:47.980236103Z,10,2026-08-25T17:07:47.980236103Z,45,2026-08-25T17:07:47.980236103Z
01M0WY8WMJQGEZ29W55ZJNPFQD,01M0WWQAZ72GMKNB5E8VWC3WG2,2026-08-25T17:07:47.987007678Z,"[{""text"":""dragon"",""sender"":{""id"":""01M0WY09KXZQGZCXQXZTYFDW8C"",""name"":""Repi"",""avatar"":""https://api.dicebear.com/8.x/rings/svg?seed=Repi""}}]",2026-08-25T17:29:06.546832469Z,[1787678946556],2026-08-25T17:29:06.557930808Z,,,true,2026-08-25T17:29:11.28499762Z,01M0WY09KXZQGZCXQXZTYFDW8C,2026-08-25T17:29:03.09193487Z,"[""F6"",""F8"",""B2"",""F4""]",2026-08-25T17:07:47.987007678Z,true,2026-08-25T17:29:11.263869284Z,01M0WWQAZTRSENW9JN2FSQ4BA7,2026-08-25T17:07:47.987007678Z,44,2026-08-25T17:07:47.987007678Z,false,2026-08-25T17:29:03.209450613Z,01M0WY0YPE1FGB7GNWHKCY08ZN,2026-08-25T17:29:03.09193487Z,,,48,2026-08-25T17:07:47.987007678Z,12,2026-08-25T17:07:47.987007678Z,training,2026-08-25T17:07:47.987007678Z,3,2026-08-25T17:07:47.987007678Z,4,2026-08-25T17:07:47.987007678Z,/tangrams/37_144.png,2026-08-25T17:29:11.28499762Z,/tangrams/37_144.png,2026-08-25T17:29:08.140813101Z,1787678948178,2026-08-25T17:29:08.1317966Z,0,2026-08-25T17:07:47.987007678Z,2,2026-08-25T17:07:49.12636268Z,true,2026-08-25T17:29:03.052435752Z,"[""/tangrams/134_125.png"",""/tangrams/37_144.png"",""/tangrams/366_339.png"",""/tangrams/434_227.png""]",2026-08-25T17:07:47.987007678Z,/tangrams/37_144.png,2026-08-25T17:07:47.987007678Z,F8,2026-08-25T17:07:47.987007678Z,8,2026-08-25T17:07:47.987007678Z,43,2026-08-25T17:07:47.987007678Z
01M0WY8WPPNCXXBRWK7P71PZFA,01M0WWQAZ72GMKNB5E8VWC3WG2,2026-08-25T17:07:48.054818532Z,"[{""text"":""dragon, big eye"",""sender"":{""id"":""01M0WY0YPE1FGB7GNWHKCY08ZN"",""name"":""Minu"",""avatar"":""https://api.dicebear.com/8.x/rings/svg?seed=Minu""}}]",2026-08-25T17:26:19.27041188Z,[1787678779317],2026-08-25T17:26:19.318805537Z,,,true,2026-08-25T17:26:24.345031013Z,01M0WY0YPE1FGB7GNWHKCY08ZN,2026-08-25T17:26:12.673035955Z,"[""F1"",""F7"",""F2"",""F8""]",2026-08-25T17:07:48.054818532Z,true,2026-08-25T17:26:24.332723964Z,01M0WWQAZTRSENW9JN2FSQ4BA7,2026-08-25T17:07:48.054818532Z,31,2026-08-25T17:07:48.054818532Z,false,2026-08-25T17:26:12.792804232Z,01M0WY09KXZQGZCXQXZTYFDW8C,2026-08-25T17:26:12.673035955Z,,,48,2026-08-25T17:07:48.054818532Z,12,2026-08-25T17:07:48.054818532Z,training,2026-08-25T17:07:48.054818532Z,2,2026-08-25T17:07:48.054818532Z,4,2026-08-25T17:07:48.054818532Z,/tangrams/37_144.png,2026-08-25T17:26:24.345031013Z,/tangrams/37_144.png,2026-08-25T17:26:21.20309617Z,1787678782598,2026-08-25T17:26:21.208112028Z,0,2026-08-25T17:07:48.054818532Z,2,2026-08-25T17:07:48.912671627Z,true,2026-08-25T17:26:12.616343112Z,"[""/tangrams/119_182.png"",""/tangrams/411_352.png"",""/tangrams/290_64.png"",""/tangrams/37_144.png""]",2026-08-25T17:07:48.054818532Z,/tangrams/37_144.png,2026-08-25T17:07:48.054818532Z,F8,2026-08-25T17:07:48.054818532Z,7,2026-08-25T17:07:48.054818532Z,30,2026-08-25T17:07:48.054818532Z
01M0WY96AX9ENT9126V73VAW9Q,01M0WWQAZ72GMKNB5E8VWC3WG2,2026-08-25T17:07:57.917268153Z,"[{""text"":""boat on its side"",""sender"":{""id"":""01M0WY2T8PBZPVGKC7BWFHJ59J"",""name"":""Minu"",""avatar"":""https://api.dicebear.com/8.x/rings/svg?seed=Minu""}},{""text"":""triangles on the left?"",""sender"":{""id"":""01M0WXSYNRXCYGT80QAR430CBD"",""name"":""Repi"",""avatar"":""https://api.dicebear.com/8.x/rings/svg?seed=Repi""}},{""text"":""zagged edges on left, multiple"",""sender"":{""id"":""01M0WY2T8PBZPVGKC7BWFHJ59J"",""name"":""Minu"",""avatar"":""https://api.dicebear.com/8.x/rings/svg?seed=Minu""}}]",2026-08-25T17:40:25.399085519Z,"[1787679612238,1787679624142,1787679625409]",2026-08-25T17:40:25.411057052Z,,,true,2026-08-25T17:40:33.130575551Z,01M0WY2T8PBZPVGKC7BWFHJ59J,2026-08-25T17:40:06.435798229Z,"[""A2"",""B3"",""B1"",""D1""]",2026-08-25T17:07:57.917268153Z,true,2026-08-25T17:40:33.116783004Z,01M0WWQAZPP7VBJF1WXDE2YKFW,2026-08-25T17:07:57.917268153Z,19,2026-08-25T17:07:57.917268153Z,false,2026-08-25T17:40:06.683143061Z,01M0WXSYNRXCYGT80QAR430CBD,2026-08-25T17:40:06.435798229Z,,,48,2026-08-25T17:07:57.917268153Z,12,2026-08-25T17:07:57.917268153Z,training,2026-08-25T17:07:57.917268153Z,1,2026-08-25T17:07:57.917268153Z,4,2026-08-25T17:07:57.917268153Z,/tangrams/348_314.png,2026-08-25T17:40:33.130575551Z,/tangrams/348_314.png,2026-08-25T17:40:30.055487291Z,1787679630540,2026-08-25T17:40:29.983249007Z,1,2026-08-25T17:07:57.917268153Z,2,2026-08-25T17:07:58.585135202Z,true,2026-08-25T17:40:06.389434131Z,"[""/tangrams/66_441.png"",""/tangrams/348_24.png"",""/tangrams/348_314.png"",""/tangrams/20_314.png""]",2026-08-25T17:07:57.917268153Z,/tangrams/348_314.png,2026-08-25T17:07:57.917268153Z,B1,2026-08-25T17:07:57.917268153Z,7,2026-08-25T17:07:57.917268153Z,18,2026-08-25T17:07:57.917268153Z
01M0WY8D432DJGNWQ9WNJTMSV8,01M0WWQ9XB6TMTWDYN7GB59TN7,2026-08-25T17:07:32.100027745Z,,,,,,,,,,,,,true,2026-08-25T17:22:16.523327398Z,01M0WWQ9XT2Q7RF2RHNCTTRDNK,2026-08-25T17:07:32.100027745Z,0,2026-08-25T17:07:32.100027745Z,false,2026-08-25T17:07:37.243063087Z,,,20,2026-08-25T17:07:32.100027745Z,,,,,pretest,2026-08-25T17:07:32.100027745Z,,,,,,,,2026-08-25T17:07:37.040580398Z,,,,,1,2026-08-25T17:07:32.372549972Z,true,2026-08-25T17:07:34.537789256Z,[],2026-08-25T17:07:32.100027745Z,,2026-08-25T17:07:32.100027745Z,,,,,,
01M0WY8D6RN5YXJXVC45HEHZQG,01M0WWQ9XB6TMTWDYN7GB59TN7,2026-08-25T17:07:32.184472641Z,"[{""text"":""two legs with a triangle that looks like arms"",""sender"":{""id"":""01M0WY1FH5WQS14DQ3V446M8AM"",""name"":""Repi"",""avatar"":""https://api.dicebear.com/8.x/rings/svg?seed=Repi""}}]",2026-08-25T17:47:51.9983626Z,[1787680072010],2026-08-25T17:47:52.012035358Z,,,true,2026-08-25T17:48:06.917306047Z,01M0WY1FH5WQS14DQ3V446M8AM,2026-08-25T17:47:30.99565287Z,"[""D2"",""C1"",""A4"",""B3""]",2026-08-25T17:07:32.184472641Z,true,2026-08-25T17:48:06.900752244Z,01M0WWQ9XT2Q7RF2RHNCTTRDNK,2026-08-25T17:07:32.184472641Z,42,2026-08-25T17:07:32.184472641Z,false,2026-08-25T17:47:31.143127565Z,01M0WY1V9QET0HYE5N0547967Y,2026-08-25T17:47:30.99565287Z,,,48,2026-08-25T17:07:32.184472641Z,12,2026-08-25T17:07:32.184472641Z,training,2026-08-25T17:07:32.184472641Z,3,2026-08-25T17:07:32.184472641Z,4,2026-08-25T17:07:32.184472641Z,/tangrams/366_405.png,2026-08-25T17:48:06.917306047Z,/tangrams/366_405.png,2026-08-25T17:48:03.736812779Z,1787680084243,2026-08-25T17:48:03.731288094Z,0,2026-08-25T17:07:32.184472641Z,2,2026-08-25T17:07:33.335846934Z,true,2026-08-25T17:47:30.94571346Z,"[""/tangrams/279_339.png"",""/tangrams/422_244.png"",""/tangrams/138_66.png"",""/tangrams/366_405.png""]",2026-08-25T17:07:32.184472641Z,/tangrams/366_405.png,2026-08-25T17:07:32.184472641Z,B3,2026-08-25T17:07:32.184472641Z,6,2026-08-25T17:07:32.184472641Z,41,2026-08-25T17:07:32.184472641Z
01M0WY969KEV2DM5BT5SP2VR3S,01M0WWQAZ72GMKNB5E8VWC3WG2,2026-08-25T17:07:57.875974708Z,"[{""text"":""tree on its side. solid shape on the right. NO boat."",""sender"":{""id"":""01M0WXSYNRXCYGT80QAR430CBD"",""name"":""Repi"",""avatar"":""https://api.dicebear.com/8.x/rings/svg?seed=Repi""}}]",2026-08-25T17:47:45.739888658Z,[1787680065750],2026-08-25T17:47:45.753284892Z,,,true,2026-08-25T17:47:54.651990244Z,01M0WXSYNRXCYGT80QAR430CBD,2026-08-25T17:47:29.143699744Z,"[""A2"",""A4"",""B4"",""D3""]",2026-08-25T17:07:57.875974708Z,true,2026-08-25T17:47:54.639801204Z,01M0WWQAZPP7VBJF1WXDE2YKFW,2026-08-25T17:07:57.875974708Z,32,2026-08-25T17:07:57.875974708Z,false,2026-08-25T17:47:29.36207105Z,01M0WY2T8PBZPVGKC7BWFHJ59J,2026-08-25T17:47:29.143699744Z,,,48,2026-08-25T17:07:57.875974708Z,12,2026-08-25T17:07:57.875974708Z,training,2026-08-25T17:07:57.875974708Z,2,2026-08-25T17:07:57.875974708Z,4,2026-08-25T17:07:57.875974708Z,/tangrams/66_464.png,2026-08-25T17:47:54.651990244Z,/tangrams/66_464.png,2026-08-25T17:47:51.492728461Z,1787680072421,2026-08-25T17:47:51.483395952Z,1,2026-08-25T17:07:57.875974708Z,2,2026-08-25T17:07:58.850974814Z,true,2026-08-25T17:47:29.099704278Z,"[""/tangrams/66_441.png"",""/tangrams/66_464.png"",""/tangrams/348_464.png"",""/tangrams/20_24.png""]",2026-08-25T17:07:57.875974708Z,/tangrams/66_464.png,2026-08-25T17:07:57.875974708Z,A4,2026-08-25T17:07:57.875974708Z,8,2026-08-25T17:07:57.875974708Z,31,2026-08-25T17:07:57.875974708Z
01M0WY8D6TXSN714Q36JCSFFZQ,01M0WWQ9XB6TMTWDYN7GB59TN7,2026-08-25T17:07:32.187014071Z,"[{""text"":""its got arrow underneat and little diagonal"",""sender"":{""id"":""01M0WY1V9QET0HYE5N0547967Y"",""name"":""Minu"",""avatar"":""https://api.dicebear.com/8.x/rings/svg?seed=Minu""}}]",2026-08-25T17:48:26.412901018Z,[1787680106424],2026-08-25T17:48:26.426816751Z,,,true,2026-08-25T17:48:34.932384568Z,01M0WY1V9QET0HYE5N0547967Y,2026-08-25T17:48:06.994400368Z,"[""C2"",""B4"",""A3"",""D1""]",2026-08-25T17:07:32.187014071Z,true,2026-08-25T17:48:34.919195843Z,01M0WWQ9XT2Q7RF2RHNCTTRDNK,2026-08-25T17:07:32.187014071Z,43,2026-08-25T17:07:32.187014071Z,false,2026-08-25T17:48:07.228392978Z,01M0WY1FH5WQS14DQ3V446M8AM,2026-08-25T17:48:06.994400368Z,,,48,2026-08-25T17:07:32.187014071Z,12,2026-08-25T17:07:32.187014071Z,training,2026-08-25T17:07:32.187014071Z,3,2026-08-25T17:07:32.187014071Z,4,2026-08-25T17:07:32.187014071Z,/tangrams/279_244.png,2026-08-25T17:48:34.932384568Z,/tangrams/279_244.png,2026-08-25T17:48:31.766572729Z,1787680111546,2026-08-25T17:48:31.760831452Z,0,2026-08-25T17:07:32.187014071Z,2,2026-08-25T17:07:33.352652719Z,true,2026-08-25T17:48:06.931510722Z,"[""/tangrams/422_339.png"",""/tangrams/366_66.png"",""/tangrams/138_405.png"",""/tangrams/279_244.png""]",2026-08-25T17:07:32.187014071Z,/tangrams/279_244.png,2026-08-25T17:07:32.187014071Z,D1,2026-08-25T17:07:32.187014071Z,7,2026-08-25T17:07:32.187014071Z,42,2026-08-25T17:07:32.187014071Z
01M0WY8WK95VJKSVZC7YDQJMR4,01M0WWQAZ72GMKNB5E8VWC3WG2,2026-08-25T17:07:47.945345809Z,"[{""text"":""diamond at top rectangle in middle"",""sender"":{""id"":""01M0WY09KXZQGZCXQXZTYFDW8C"",""name"":""Repi"",""avatar"":""https://api.dicebear.com/8.x/rings/svg?seed=Repi""}}]",2026-08-25T17:24:50.132917541Z,[1787678690141],2026-08-25T17:24:50.143350778Z,,,true,2026-08-25T17:24:56.859752719Z,01M0WY09KXZQGZCXQXZTYFDW8C,2026-08-25T17:24:39.181228017Z,"[""F5"",""F7"",""F6"",""A1""]",2026-08-25T17:07:47.945345809Z,true,2026-08-25T17:24:56.843019624Z,01M0WWQAZTRSENW9JN2FSQ4BA7,2026-08-25T17:07:47.945345809Z,26,2026-08-25T17:07:47.945345809Z,false,2026-08-25T17:24:39.282163438Z,01M0WY0YPE1FGB7GNWHKCY08ZN,2026-08-25T17:24:39.181228017Z,,,48,2026-08-25T17:07:47.945345809Z,12,2026-08-25T17:07:47.945345809Z,training,2026-08-25T17:07:47.945345809Z,2,2026-08-25T17:07:47.945345809Z,4,2026-08-25T17:07:47.945345809Z,/tangrams/134_125.png,2026-08-25T17:24:56.859752719Z,/tangrams/134_125.png,2026-08-25T17:24:53.71916584Z,1787678693757,2026-08-25T17:24:53.714617127Z,0,2026-08-25T17:07:47.945345809Z,2,2026-08-25T17:07:48.826455147Z,true,2026-08-25T17:24:39.152669376Z,"[""/tangrams/456_48.png"",""/tangrams/411_352.png"",""/tangrams/134_125.png"",""/tangrams/138_244.png""]",2026-08-25T17:07:47.945345809Z,/tangrams/134_125.png,2026-08-25T17:07:47.945345809Z,F6,2026-08-25T17:07:47.945345809Z,2,2026-08-25T17:07:47.945345809Z,25,2026-08-25T17:07:47.945345809Z
01M0WY8WKKWKRQN2XTXQ3GGJFR,01M0WWQAZ72GMKNB5E8VWC3WG2,2026-08-25T17:07:47.955073639Z,"[{""text"":""stacked shapes, 3 triangles in it"",""sender"":{""id"":""01M0WY09KXZQGZCXQXZTYFDW8C"",""name"":""Repi"",""avatar"":""https://api.dicebear.com/8.x/rings/svg?seed=Repi""}}]",2026-08-25T17:23:00.232754808Z,[1787678580241],2026-08-25T17:23:00.242729202Z,,,true,2026-08-25T17:23:08.023786766Z,01M0WY09KXZQGZCXQXZTYFDW8C,2026-08-25T17:22:51.472576977Z,"[""F1"",""F8"",""C3"",""F6""]",2026-08-25T17:07:47.955073639Z,true,2026-08-25T17:23:08.007389637Z,01M0WWQAZTRSENW9JN2FSQ4BA7,2026-08-25T17:07:47.955073639Z,22,2026-08-25T17:07:47.955073639Z,false,2026-08-25T17:22:51.675472391Z,01M0WY0YPE1FGB7GNWHKCY08ZN,2026-08-25T17:22:51.472576977Z,,,48,2026-08-25T17:07:47.955073639Z,12,2026-08-25T17:07:47.955073639Z,training,2026-08-25T17:07:47.955073639Z,1,2026-08-25T17:07:47.955073639Z,4,2026-08-25T17:07:47.955073639Z,/tangrams/119_182.png,2026-08-25T17:23:08.023786766Z,/tangrams/119_182.png,2026-08-25T17:23:04.903416998Z,1787678584934,2026-08-25T17:23:04.893289679Z,0,2026-08-25T17:07:47.955073639Z,2,2026-08-25T17:07:48.749191313Z,true,2026-08-25T17:22:51.404912864Z,"[""/tangrams/119_182.png"",""/tangrams/37_144.png"",""/tangrams/422_405.png"",""/tangrams/134_125.png""]",2026-08-25T17:07:47.955073639Z,/tangrams/119_182.png,2026-08-25T17:07:47.955073639Z,F1,2026-08-25T17:07:47.955073639Z,10,2026-08-25T17:07:47.955073639Z,21,2026-08-25T17:07:47.955073639Z
01M0WY96B0AYVN97RBTBSKAHBX,01M0WWQAZ72GMKNB5E8VWC3WG2,2026-08-25T17:07:57.920297549Z,"[{""text"":""long pointy triangles that look like fish fins. upright rectangle that fills in the upper right corner."",""sender"":{""id"":""01M0WXSYNRXCYGT80QAR430CBD"",""name"":""Repi"",""avatar"":""https://api.dicebear.com/8.x/rings/svg?seed=Repi""}}]",2026-08-25T17:39:56.066106119Z,[1787679596075],2026-08-25T17:39:56.077525847Z,,,true,2026-08-25T17:40:06.379412922Z,01M0WXSYNRXCYGT80QAR430CBD,2026-08-25T17:39:25.990000061Z,"[""B4"",""A3"",""C4"",""C2""]",2026-08-25T17:07:57.920297549Z,true,2026-08-25T17:40:06.368804345Z,01M0WWQAZPP7VBJF1WXDE2YKFW,2026-08-25T17:07:57.920297549Z,18,2026-08-25T17:07:57.920297549Z,false,2026-08-25T17:39:26.279657754Z,01M0WY2T8PBZPVGKC7BWFHJ59J,2026-08-25T17:39:25.990000061Z,,,48,2026-08-25T17:07:57.920297549Z,12,2026-08-25T17:07:57.920297549Z,training,2026-08-25T17:07:57.920297549Z,1,2026-08-25T17:07:57.920297549Z,4,2026-08-25T17:07:57.920297549Z,/tangrams/202_464.png,2026-08-25T17:40:06.379412922Z,/tangrams/202_464.png,2026-08-25T17:40:03.219049881Z,1787679604153,2026-08-25T17:40:03.216449268Z,1,2026-08-25T17:07:57.920297549Z,2,2026-08-25T17:07:58.566530847Z,true,2026-08-25T17:39:25.944698124Z,"[""/tangrams/348_464.png"",""/tangrams/66_24.png"",""/tangrams/202_464.png"",""/tangrams/202_441.png""]",2026-08-25T17:07:57.920297549Z,/tangrams/202_464.png,2026-08-25T17:07:57.920297549Z,C4,2026-08-25T17:07:57.920297549Z,6,2026-08-25T17:07:57.920297549Z,17,2026-08-25T17:07:57.920297549Z
01M0WXAW6FVETNVQHCQSM5JV0D,01M0WWQ73PEDYQHEYYBB88AXMD,2026-08-25T16:51:24.495499746Z,"[{""text"":""black triangle and diamond under"",""sender"":{""id"":""01M0WX667JRE4461924BYZ6YJ1"",""name"":""Repi"",""avatar"":""https://api.dicebear.com/8.x/rings/svg?seed=Repi""}}]",2026-08-25T17:21:15.766373137Z,[1787678475774],2026-08-25T17:21:15.776122199Z,,,true,2026-08-25T17:21:22.913137091Z,01M0WX667JRE4461924BYZ6YJ1,2026-08-25T17:20:58.686988007Z,"[""D1"",""B3"",""A4"",""C2""]",2026-08-25T16:51:24.495499746Z,true,2026-08-25T17:21:22.900747705Z,01M0WWQ74H7CSGCPAHPDSCJ0PV,2026-08-25T16:51:24.495499746Z,30,2026-08-25T16:51:24.495499746Z,false,2026-08-25T17:20:58.798027217Z,01M0WX9MXH1SX7Q50079HW9F7E,2026-08-25T17:20:58.686988007Z,,,48,2026-08-25T16:51:24.495499746Z,12,2026-08-25T16:51:24.495499746Z,training,2026-08-25T16:51:24.495499746Z,2,2026-08-25T16:51:24.495499746Z,4,2026-08-25T16:51:24.495499746Z,/tangrams/279_244.png,2026-08-25T17:21:22.913137091Z,/tangrams/279_244.png,2026-08-25T17:21:19.787079015Z,1787678479697,2026-08-25T17:21:19.779508025Z,0,2026-08-25T16:51:24.495499746Z,2,2026-08-25T16:51:25.180208709Z,true,2026-08-25T17:20:58.647692549Z,"[""/tangrams/279_244.png"",""/tangrams/366_405.png"",""/tangrams/138_66.png"",""/tangrams/422_339.png""]",2026-08-25T16:51:24.495499746Z,/tangrams/279_244.png,2026-08-25T16:51:24.495499746Z,D1,2026-08-25T16:51:24.495499746Z,6,2026-08-25T16:51:24.495499746Z,29,2026-08-25T16:51:24.495499746Z
01M0WXEB6S3AG5MS6MVWCZAAN7,01M0WWQ73PEDYQHEYYBB88AXMD,2026-08-25T16:53:18.169231333Z,,,,,,,,,,,"[""D4"",""F3"",""B2"",""C3""]",2026-08-25T16:53:18.169231333Z,false,2026-08-25T16:53:18.169231333Z,01M0WWQ74M3NWYAJGQB0ESKAD2,2026-08-25T16:53:18.169231333Z,11,2026-08-25T16:53:18.169231333Z,,,,,,,48,2026-08-25T16:53:18.169231333Z,12,2026-08-25T16:53:18.169231333Z,training,2026-08-25T16:53:18.169231333Z,0,2026-08-25T16:53:18.169231333Z,4,2026-08-25T16:53:18.169231333Z,,,,2026-08-25T16:53:18.169231333Z,,,0,2026-08-25T16:53:18.169231333Z,2,2026-08-25T16:53:18.61457053Z,false,2026-08-25T16:53:18.169231333Z,"[""/tangrams/279_66.png"",""/tangrams/170_154.png"",""/tangrams/366_339.png"",""/tangrams/422_405.png""]",2026-08-25T16:53:18.169231333Z,/tangrams/422_405.png,2026-08-25T16:53:18.169231333Z,C3,2026-08-25T16:53:18.169231333Z,11,2026-08-25T16:53:18.169231333Z,10,2026-08-25T16:53:18.169231333Z
01M0WXGEA3VYEP1S0PN597PM2P,01M0WWQ73PEDYQHEYYBB88AXMD,2026-08-25T16:54:26.883572008Z,,,,,,,,,,,,,true,2026-08-25T17:08:54.872719373Z,01M0WWQ74ND1AHANTF309RNWJE,2026-08-25T16:54:26.883572008Z,0,2026-08-25T16:54:26.883572008Z,false,2026-08-25T16:54:31.47189467Z,,,20,2026-08-25T16:54:26.883572008Z,,,,,pretest,2026-08-25T16:54:26.883572008Z,,,,,,,,2026-08-25T16:54:31.057182082Z,,,,,1,2026-08-25T16:54:27.141109726Z,true,2026-08-25T16:54:29.009784524Z,[],2026-08-25T16:54:26.883572008Z,,2026-08-25T16:54:26.883572008Z,,,,,,
01M0WXGEFX338HKWMTS2HEQ33W,01M0WWQ73PEDYQHEYYBB88AXMD,2026-08-25T16:54:27.07000401Z,"[{""text"":""Arch with legs, white tent in the middle"",""sender"":{""id"":""01M0WWVKKHKMSSWB9WS1N6GRNZ"",""name"":""Repi"",""avatar"":""https://api.dicebear.com/8.x/rings/svg?seed=Repi""}}]",2026-08-25T17:13:05.198426313Z,[1787677985205],2026-08-25T17:13:05.208185014Z,,,true,2026-08-25T17:13:13.475969153Z,01M0WWVKKHKMSSWB9WS1N6GRNZ,2026-08-25T17:12:37.92547639Z,"[""B4"",""A3"",""D1"",""B3""]",2026-08-25T16:54:27.07000401Z,true,2026-08-25T17:13:13.467001867Z,01M0WWQ74ND1AHANTF309RNWJE,2026-08-25T16:54:27.07000401Z,6,2026-08-25T16:54:27.07000401Z,false,2026-08-25T17:12:38.068930806Z,01M0WX0T78NE9YVPZSCJ5NTGX1,2026-08-25T17:12:37.92547639Z,,,48,2026-08-25T16:54:27.07000401Z,12,2026-08-25T16:54:27.07000401Z,training,2026-08-25T16:54:27.07000401Z,0,2026-08-25T16:54:27.07000401Z,4,2026-08-25T16:54:27.07000401Z,/tangrams/366_405.png,2026-08-25T17:13:13.475969153Z,/tangrams/366_405.png,2026-08-25T17:13:10.344720546Z,1787677989381,2026-08-25T17:13:10.348797326Z,0,2026-08-25T16:54:27.07000401Z,2,2026-08-25T16:54:27.33504669Z,true,2026-08-25T17:12:37.884353071Z,"[""/tangrams/366_66.png"",""/tangrams/138_405.png"",""/tangrams/279_244.png"",""/tangrams/366_405.png""]",2026-08-25T16:54:27.07000401Z,/tangrams/366_405.png,2026-08-25T16:54:27.07000401Z,B3,2026-08-25T16:54:27.07000401Z,6,2026-08-25T16:54:27.07000401Z,5,2026-08-25T16:54:27.07000401Z
01M0WY7G7DDBMXZMTCWPNSKPEY,01M0WWQ9XB6TMTWDYN7GB59TN7,2026-08-25T17:07:02.509945767Z,"[{""text"":""triangle with a house inside of it detached from the base"",""sender"":{""id"":""01M0WY0ECEQWZG8FEZD72ENETD"",""name"":""Minu"",""avatar"":""https://api.dicebear.com/8.x/rings/svg?seed=Minu""}},{""text"":""stairs to the left"",""sender"":{""id"":""01M0WY0ECEQWZG8FEZD72ENETD"",""name"":""Minu"",""avatar"":""https://api.dicebear.com/8.x/rings/svg?seed=Minu""}},{""text"":""boot size to the right"",""sender"":{""id"":""01M0WY0ECEQWZG8FEZD72ENETD"",""name"":""Minu"",""avatar"":""https://api.dicebear.com/8.x/rings/svg?seed=Minu""}}]",2026-08-25T17:35:57.897098222Z,"[1787679350105,1787679353065,1787679357907]",2026-08-25T17:35:57.909862117Z,,,true,2026-08-25T17:36:04.627524814Z,01M0WY0ECEQWZG8FEZD72ENETD,2026-08-25T17:35:38.487252913Z,"[""B3"",""B4"",""D3"",""C2""]",2026-08-25T17:07:02.509945767Z,true,2026-08-25T17:36:04.611018582Z,01M0WWQ9XW83PGVA4HF3WT9HVR,2026-08-25T17:07:02.509945767Z,23,2026-08-25T17:07:02.509945767Z,false,2026-08-25T17:35:38.728162641Z,01M0WXR5QX7RT0467EJCPJ9Y2Y,2026-08-25T17:35:38.487252913Z,,,48,2026-08-25T17:07:02.509945767Z,12,2026-08-25T17:07:02.509945767Z,training,2026-08-25T17:07:02.509945767Z,1,2026-08-25T17:07:02.509945767Z,4,2026-08-25T17:07:02.509945767Z,/tangrams/366_405.png,2026-08-25T17:36:04.627524814Z,/tangrams/366_405.png,2026-08-25T17:36:01.48267601Z,1787679361380,2026-08-25T17:36:01.477266019Z,0,2026-08-25T17:07:02.509945767Z,2,2026-08-25T17:07:03.27000868Z,true,2026-08-25T17:35:38.41669063Z,"[""/tangrams/366_405.png"",""/tangrams/366_66.png"",""/tangrams/279_405.png"",""/tangrams/422_339.png""]",2026-08-25T17:07:02.509945767Z,/tangrams/366_405.png,2026-08-25T17:07:02.509945767Z,B3,2026-08-25T17:07:02.509945767Z,11,2026-08-25T17:07:02.509945767Z,22,2026-08-25T17:07:02.509945767Z
01M0WY96C9SQ6VW4E95XFRH4H5,01M0WWQAZ72GMKNB5E8VWC3WG2,2026-08-25T17:07:57.96204217Z,"[{""text"":""zagged edges on left, 2 ountain shapes, open rectangle in middle, boat shape resting on right side"",""sender"":{""id"":""01M0WY2T8PBZPVGKC7BWFHJ59J"",""name"":""Minu"",""avatar"":""https://api.dicebear.com/8.x/rings/svg?seed=Minu""}},{""text"":""mountain"",""sender"":{""id"":""01M0WY2T8PBZPVGKC7BWFHJ59J"",""name"":""Minu"",""avatar"":""https://api.dicebear.com/8.x/rings/svg?seed=Minu""}}]",2026-08-25T17:34:31.230873559Z,"[1787679265414,1787679271242]",2026-08-25T17:34:31.245256651Z,,,true,2026-08-25T17:34:41.876901046Z,01M0WY2T8PBZPVGKC7BWFHJ59J,2026-08-25T17:33:49.710778188Z,"[""B3"",""B4"",""D3"",""A2""]",2026-08-25T17:07:57.96204217Z,true,2026-08-25T17:34:41.849552037Z,01M0WWQAZPP7VBJF1WXDE2YKFW,2026-08-25T17:07:57.96204217Z,11,2026-08-25T17:07:57.96204217Z,false,2026-08-25T17:33:49.963781374Z,01M0WXSYNRXCYGT80QAR430CBD,2026-08-25T17:33:49.710778188Z,,,48,2026-08-25T17:07:57.96204217Z,12,2026-08-25T17:07:57.96204217Z,training,2026-08-25T17:07:57.96204217Z,0,2026-08-25T17:07:57.96204217Z,4,2026-08-25T17:07:57.96204217Z,/tangrams/348_24.png,2026-08-25T17:34:41.876901046Z,/tangrams/348_24.png,2026-08-25T17:34:38.61572582Z,1787679279148,2026-08-25T17:34:38.611603432Z,1,2026-08-25T17:07:57.96204217Z,2,2026-08-25T17:07:58.413157378Z,true,2026-08-25T17:33:49.6200462Z,"[""/tangrams/348_24.png"",""/tangrams/348_464.png"",""/tangrams/20_24.png"",""/tangrams/66_441.png""]",2026-08-25T17:07:57.96204217Z,/tangrams/348_24.png,2026-08-25T17:07:57.96204217Z,B3,2026-08-25T17:07:57.96204217Z,11,2026-08-25T17:07:57.96204217Z,10,2026-08-25T17:07:57.96204217Z
01M0WYEEWEVC1CS096R6BE9W4Y,01M0WWQAZ72GMKNB5E8VWC3WG2,2026-08-25T17:10:50.510241266Z,,,,,,,,,,,"[""C1"",""A4"",""D2"",""B3""]",2026-08-25T17:10:50.510241266Z,false,2026-08-25T17:10:50.510241266Z,01M0WWQAZRRWZPK3N7VE24RFV2,2026-08-25T17:10:50.510241266Z,42,2026-08-25T17:10:50.510241266Z,,,,,,,48,2026-08-25T17:10:50.510241266Z,12,2026-08-25T17:10:50.510241266Z,training,2026-08-25T17:10:50.510241266Z,3,2026-08-25T17:10:50.510241266Z,4,2026-08-25T17:10:50.510241266Z,,,,2026-08-25T17:10:50.510241266Z,,,1,2026-08-25T17:10:50.510241266Z,2,2026-08-25T17:10:51.827335006Z,false,2026-08-25T17:10:50.510241266Z,"[""/tangrams/202_314.png"",""/tangrams/66_464.png"",""/tangrams/20_441.png"",""/tangrams/348_24.png""]",2026-08-25T17:10:50.510241266Z,/tangrams/348_24.png,2026-08-25T17:10:50.510241266Z,B3,2026-08-25T17:10:50.510241266Z,6,2026-08-25T17:10:50.510241266Z,41,2026-08-25T17:10:50.510241266Z
01M0WY4EVNS0TTCPC88VQX96J1,01M0WWQ9XB6TMTWDYN7GB59TN7,2026-08-25T17:05:22.805331234Z,"[{""text"":""horns at top"",""sender"":{""id"":""01M0WY0ENCGBGZ9MKY7CZKA71D"",""name"":""Minu"",""avatar"":""https://api.dicebear.com/8.x/rings/svg?seed=Minu""}}]",2026-08-25T17:24:28.013860776Z,[1787678668022],2026-08-25T17:24:28.024517269Z,,,true,2026-08-25T17:24:33.493233403Z,01M0WY0ENCGBGZ9MKY7CZKA71D,2026-08-25T17:24:19.59299224Z,"[""B2"",""D4"",""A1"",""F6""]",2026-08-25T17:05:22.805331234Z,true,2026-08-25T17:24:33.478031592Z,01M0WWQ9XVXJV1JR4118CY5W09,2026-08-25T17:05:22.805331234Z,29,2026-08-25T17:05:22.805331234Z,false,2026-08-25T17:24:19.785368301Z,01M0WY0C090AZDG2K9X542KKDB,2026-08-25T17:24:19.59299224Z,,,48,2026-08-25T17:05:22.805331234Z,12,2026-08-25T17:05:22.805331234Z,training,2026-08-25T17:05:22.805331234Z,2,2026-08-25T17:05:22.805331234Z,4,2026-08-25T17:05:22.805331234Z,/tangrams/279_66.png,2026-08-25T17:24:33.493233403Z,/tangrams/279_66.png,2026-08-25T17:24:30.35884594Z,1787678670270,2026-08-25T17:24:30.36248371Z,0,2026-08-25T17:05:22.805331234Z,2,2026-08-25T17:05:23.588082335Z,true,2026-08-25T17:24:19.553076392Z,"[""/tangrams/366_339.png"",""/tangrams/279_66.png"",""/tangrams/138_244.png"",""/tangrams/134_125.png""]",2026-08-25T17:05:22.805331234Z,/tangrams/279_66.png,2026-08-25T17:05:22.805331234Z,D4,2026-08-25T17:05:22.805331234Z,5,2026-08-25T17:05:22.805331234Z,28,2026-08-25T17:05:22.805331234Z
01M0WY7G78NSMCZ9931E1ABC0H,01M0WWQ9XB6TMTWDYN7GB59TN7,2026-08-25T17:07:02.504943561Z,"[{""text"":""an open top all the way down to the base"",""sender"":{""id"":""01M0WY0ECEQWZG8FEZD72ENETD"",""name"":""Minu"",""avatar"":""https://api.dicebear.com/8.x/rings/svg?seed=Minu""}},{""text"":""not sitting on a ledge"",""sender"":{""id"":""01M0WY0ECEQWZG8FEZD72ENETD"",""name"":""Minu"",""avatar"":""https://api.dicebear.com/8.x/rings/svg?seed=Minu""}},{""text"":""it's like a full body down"",""sender"":{""id"":""01M0WY0ECEQWZG8FEZD72ENETD"",""name"":""Minu"",""avatar"":""https://api.dicebear.com/8.x/rings/svg?seed=Minu""}},{""text"":""with pointy outwards to thr left"",""sender"":{""id"":""01M0WY0ECEQWZG8FEZD72ENETD"",""name"":""Minu"",""avatar"":""https://api.dicebear.com/8.x/rings/svg?seed=Minu""}}]",2026-08-25T17:35:05.286699695Z,"[1787679289645,1787679293413,1787679297194,1787679305298]",2026-08-25T17:35:05.300103589Z,,,true,2026-08-25T17:35:10.761450952Z,01M0WY0ECEQWZG8FEZD72ENETD,2026-08-25T17:34:35.968914171Z,"[""D2"",""D1"",""B3"",""A2""]",2026-08-25T17:07:02.504943561Z,true,2026-08-25T17:35:10.732631729Z,01M0WWQ9XW83PGVA4HF3WT9HVR,2026-08-25T17:07:02.504943561Z,21,2026-08-25T17:07:02.504943561Z,false,2026-08-25T17:34:36.213145497Z,01M0WXR5QX7RT0467EJCPJ9Y2Y,2026-08-25T17:34:35.968914171Z,,,48,2026-08-25T17:07:02.504943561Z,12,2026-08-25T17:07:02.504943561Z,training,2026-08-25T17:07:02.504943561Z,1,2026-08-25T17:07:02.504943561Z,4,2026-08-25T17:07:02.504943561Z,/tangrams/279_339.png,2026-08-25T17:35:10.761450952Z,/tangrams/279_339.png,2026-08-25T17:35:07.53523379Z,1787679307426,2026-08-25T17:35:07.522865114Z,0,2026-08-25T17:07:02.504943561Z,2,2026-08-25T17:07:03.223186389Z,true,2026-08-25T17:34:35.919351186Z,"[""/tangrams/279_339.png"",""/tangrams/279_244.png"",""/tangrams/366_405.png"",""/tangrams/138_339.png""]",2026-08-25T17:07:02.504943561Z,/tangrams/279_339.png,2026-08-25T17:07:02.504943561Z,D2,2026-08-25T17:07:02.504943561Z,9,2026-08-25T17:07:02.504943561Z,20,2026-08-25T17:07:02.504943561Z
01M0WY8WPHMKYESJBM86E941PE,01M0WWQAZ72GMKNB5E8VWC3WG2,2026-08-25T17:07:48.050004184Z,"[{""text"":""house on legs"",""sender"":{""id"":""01M0WY09KXZQGZCXQXZTYFDW8C"",""name"":""Repi"",""avatar"":""https://api.dicebear.com/8.x/rings/svg?seed=Repi""}}]",2026-08-25T17:26:57.044668633Z,[1787678817053],2026-08-25T17:26:57.055526057Z,,,true,2026-08-25T17:27:02.755321453Z,01M0WY09KXZQGZCXQXZTYFDW8C,2026-08-25T17:26:52.256845963Z,"[""F6"",""C3"",""F5"",""F8""]",2026-08-25T17:07:48.050004184Z,true,2026-08-25T17:27:02.739164758Z,01M0WWQAZTRSENW9JN2FSQ4BA7,2026-08-25T17:07:48.050004184Z,34,2026-08-25T17:07:48.050004184Z,false,2026-08-25T17:26:52.374490175Z,01M0WY0YPE1FGB7GNWHKCY08ZN,2026-08-25T17:26:52.256845963Z,,,48,2026-08-25T17:07:48.050004184Z,12,2026-08-25T17:07:48.050004184Z,training,2026-08-25T17:07:48.050004184Z,2,2026-08-25T17:07:48.050004184Z,4,2026-08-25T17:07:48.050004184Z,/tangrams/422_405.png,2026-08-25T17:27:02.755321453Z,/tangrams/422_405.png,2026-08-25T17:26:59.625364802Z,1787678819670,2026-08-25T17:26:59.630080319Z,0,2026-08-25T17:07:48.050004184Z,2,2026-08-25T17:07:48.962565509Z,true,2026-08-25T17:26:52.212761457Z,"[""/tangrams/134_125.png"",""/tangrams/422_405.png"",""/tangrams/456_48.png"",""/tangrams/37_144.png""]",2026-08-25T17:07:48.050004184Z,/tangrams/422_405.png,2026-08-25T17:07:48.050004184Z,C3,2026-08-25T17:07:48.050004184Z,10,2026-08-25T17:07:48.050004184Z,33,2026-08-25T17:07:48.050004184Z
01M0WY4ETG61K7YQS20XXP0XDY,01M0WWQ9XB6TMTWDYN7GB59TN7,2026-08-25T17:05:22.768768791Z,"[{""text"":""two horns at top"",""sender"":{""id"":""01M0WY0ENCGBGZ9MKY7CZKA71D"",""name"":""Minu"",""avatar"":""https://api.dicebear.com/8.x/rings/svg?seed=Minu""}}]",2026-08-25T17:21:15.489887231Z,[1787678475498],2026-08-25T17:21:15.501443715Z,,,true,2026-08-25T17:21:20.849443676Z,01M0WY0ENCGBGZ9MKY7CZKA71D,2026-08-25T17:21:04.878000777Z,"[""F1"",""F5"",""D4"",""F4""]",2026-08-25T17:05:22.768768791Z,true,2026-08-25T17:21:20.817083334Z,01M0WWQ9XVXJV1JR4118CY5W09,2026-08-25T17:05:22.768768791Z,19,2026-08-25T17:05:22.768768791Z,false,2026-08-25T17:21:05.066222954Z,01M0WY0C090AZDG2K9X542KKDB,2026-08-25T17:21:04.878000777Z,,,48,2026-08-25T17:05:22.768768791Z,12,2026-08-25T17:05:22.768768791Z,training,2026-08-25T17:05:22.768768791Z,1,2026-08-25T17:05:22.768768791Z,4,2026-08-25T17:05:22.768768791Z,/tangrams/279_66.png,2026-08-25T17:21:20.849443676Z,/tangrams/279_66.png,2026-08-25T17:21:17.713879873Z,1787678477626,2026-08-25T17:21:17.716525422Z,0,2026-08-25T17:05:22.768768791Z,2,2026-08-25T17:05:23.399974075Z,true,2026-08-25T17:21:04.84459891Z,"[""/tangrams/119_182.png"",""/tangrams/456_48.png"",""/tangrams/279_66.png"",""/tangrams/434_227.png""]",2026-08-25T17:05:22.768768791Z,/tangrams/279_66.png,2026-08-25T17:05:22.768768791Z,D4,2026-08-25T17:05:22.768768791Z,7,2026-08-25T17:05:22.768768791Z,18,2026-08-25T17:05:22.768768791Z
01M0WY4ETSP0DQFN6KJ5H7TV9S,01M0WWQ9XB6TMTWDYN7GB59TN7,2026-08-25T17:05:22.777094672Z,"[{""text"":""looks like a house white center"",""sender"":{""id"":""01M0WY0C090AZDG2K9X542KKDB"",""name"":""Repi"",""avatar"":""https://api.dicebear.com/8.x/rings/svg?seed=Repi""}}]",2026-08-25T17:22:07.557992925Z,[1787678527566],2026-08-25T17:22:07.567800962Z,,,true,2026-08-25T17:22:14.162160757Z,01M0WY0C090AZDG2K9X542KKDB,2026-08-25T17:21:53.363208813Z,"[""F5"",""B2"",""F4"",""F6""]",2026-08-25T17:05:22.777094672Z,true,2026-08-25T17:22:14.150930394Z,01M0WWQ9XVXJV1JR4118CY5W09,2026-08-25T17:05:22.777094672Z,22,2026-08-25T17:05:22.777094672Z,false,2026-08-25T17:21:53.52479842Z,01M0WY0ENCGBGZ9MKY7CZKA71D,2026-08-25T17:21:53.363208813Z,,,48,2026-08-25T17:05:22.777094672Z,12,2026-08-25T17:05:22.777094672Z,training,2026-08-25T17:05:22.777094672Z,1,2026-08-25T17:05:22.777094672Z,4,2026-08-25T17:05:22.777094672Z,/tangrams/366_339.png,2026-08-25T17:22:14.162160757Z,/tangrams/366_339.png,2026-08-25T17:22:11.037958026Z,1787678531060,2026-08-25T17:22:11.033853134Z,0,2026-08-25T17:05:22.777094672Z,2,2026-08-25T17:05:23.474441456Z,true,2026-08-25T17:21:53.296782843Z,"[""/tangrams/456_48.png"",""/tangrams/366_339.png"",""/tangrams/434_227.png"",""/tangrams/134_125.png""]",2026-08-25T17:05:22.777094672Z,/tangrams/366_339.png,2026-08-25T17:05:22.777094672Z,B2,2026-08-25T17:05:22.777094672Z,10,2026-08-25T17:05:22.777094672Z,21,2026-08-25T17:05:22.777094672Z
01M0WY96DC5XZNWZYYVSYF8WR4,01M0WWQAZ72GMKNB5E8VWC3WG2,2026-08-25T17:07:57.996282334Z,"[{""text"":""The right side is half a hexagon (four visible sides). The left side is a jumble of jagged shapes. A right facing triangle on the bottom"",""sender"":{""id"":""01M0WXSYNRXCYGT80QAR430CBD"",""name"":""Repi"",""avatar"":""https://api.dicebear.com/8.x/rings/svg?seed=Repi""}}]",2026-08-25T17:29:45.28555966Z,[1787678985295],2026-08-25T17:29:45.297506618Z,,,false,2026-08-25T17:29:59.231975128Z,01M0WXSYNRXCYGT80QAR430CBD,2026-08-25T17:28:57.120983112Z,"[""D1"",""A2"",""A3"",""C2""]",2026-08-25T17:07:57.996282334Z,true,2026-08-25T17:29:59.216964825Z,01M0WWQAZPP7VBJF1WXDE2YKFW,2026-08-25T17:07:57.996282334Z,6,2026-08-25T17:07:57.996282334Z,false,2026-08-25T17:28:57.333563588Z,01M0WY2T8PBZPVGKC7BWFHJ59J,2026-08-25T17:28:57.120983112Z,,,48,2026-08-25T17:07:57.996282334Z,12,2026-08-25T17:07:57.996282334Z,training,2026-08-25T17:07:57.996282334Z,0,2026-08-25T17:07:57.996282334Z,4,2026-08-25T17:07:57.996282334Z,/tangrams/202_441.png,2026-08-25T17:29:59.231975128Z,/tangrams/202_441.png,2026-08-25T17:29:56.01747646Z,1787678996971,2026-08-25T17:29:56.030206Z,1,2026-08-25T17:07:57.996282334Z,2,2026-08-25T17:07:58.31776419Z,true,2026-08-25T17:28:57.080819852Z,"[""/tangrams/20_314.png"",""/tangrams/66_441.png"",""/tangrams/66_24.png"",""/tangrams/202_441.png""]",2026-08-25T17:07:57.996282334Z,/tangrams/66_441.png,2026-08-25T17:07:57.996282334Z,A2,2026-08-25T17:07:57.996282334Z,6,2026-08-25T17:07:57.996282334Z,5,2026-08-25T17:07:57.996282334Z
01M0WYEETX41AHKCY29YR3WZA2,01M0WWQAZ72GMKNB5E8VWC3WG2,2026-08-25T17:10:50.461453801Z,,,,,1787678910538,2026-08-25T17:28:30.635159856Z,false,2026-08-25T17:29:05.561634496Z,01M0WX5VAPVJ9YCV9FVF85YXW2,2026-08-25T17:28:02.342782692Z,"[""D3"",""A2"",""B4"",""C1""]",2026-08-25T17:10:50.461453801Z,true,2026-08-25T17:29:05.548583864Z,01M0WWQAZRRWZPK3N7VE24RFV2,2026-08-25T17:10:50.461453801Z,2,2026-08-25T17:10:50.461453801Z,false,2026-08-25T17:28:02.619478939Z,01M0WYD27PCMGYRRX23HHYX14S,2026-08-25T17:28:02.342782692Z,,,48,2026-08-25T17:10:50.461453801Z,12,2026-08-25T17:10:50.461453801Z,training,2026-08-25T17:10:50.461453801Z,0,2026-08-25T17:10:50.461453801Z,4,2026-08-25T17:10:50.461453801Z,,2026-08-25T17:29:05.561634496Z,,2026-08-25T17:10:50.461453801Z,,,1,2026-08-25T17:10:50.461453801Z,2,2026-08-25T17:10:50.782420173Z,true,2026-08-25T17:28:02.30200283Z,"[""/tangrams/20_24.png"",""/tangrams/66_441.png"",""/tangrams/348_464.png"",""/tangrams/202_314.png""]",2026-08-25T17:10:50.461453801Z,/tangrams/348_464.png,2026-08-25T17:10:50.461453801Z,B4,2026-08-25T17:10:50.461453801Z,2,2026-08-25T17:10:50.461453801Z,1,2026-08-25T17:10:50.461453801Z
01M0WXAW5D7MAAM7NXGX6N8YWG,01M0WWQ73PEDYQHEYYBB88AXMD,2026-08-25T16:51:24.4614946Z,"[{""text"":""On the bottom left there is a triangle facing left next to it there's a black diamond"",""sender"":{""id"":""01M0WX9MXH1SX7Q50079HW9F7E"",""name"":""Minu"",""avatar"":""https://api.dicebear.com/8.x/rings/svg?seed=Minu""}}]",2026-08-25T17:14:06.327607467Z,[1787678046334],2026-08-25T17:14:06.33753374Z,,,true,2026-08-25T17:14:13.287122417Z,01M0WX9MXH1SX7Q50079HW9F7E,2026-08-25T17:13:48.339055133Z,"[""B3"",""D1"",""A2"",""C4""]",2026-08-25T16:51:24.4614946Z,true,2026-08-25T17:14:13.275070231Z,01M0WWQ74H7CSGCPAHPDSCJ0PV,2026-08-25T16:51:24.4614946Z,11,2026-08-25T16:51:24.4614946Z,false,2026-08-25T17:13:48.435767817Z,01M0WX667JRE4461924BYZ6YJ1,2026-08-25T17:13:48.339055133Z,,,48,2026-08-25T16:51:24.4614946Z,12,2026-08-25T16:51:24.4614946Z,training,2026-08-25T16:51:24.4614946Z,0,2026-08-25T16:51:24.4614946Z,4,2026-08-25T16:51:24.4614946Z,/tangrams/279_244.png,2026-08-25T17:14:13.287122417Z,/tangrams/279_244.png,2026-08-25T17:14:10.155334521Z,1787678050136,2026-08-25T17:14:10.151784843Z,0,2026-08-25T16:51:24.4614946Z,2,2026-08-25T16:51:24.863420506Z,true,2026-08-25T17:13:48.297976223Z,"[""/tangrams/366_405.png"",""/tangrams/279_244.png"",""/tangrams/138_339.png"",""/tangrams/422_66.png""]",2026-08-25T16:51:24.4614946Z,/tangrams/279_244.png,2026-08-25T16:51:24.4614946Z,D1,2026-08-25T16:51:24.4614946Z,11,2026-08-25T16:51:24.4614946Z,10,2026-08-25T16:51:24.4614946Z
01M0WXAW62YXAS27YCTHC25QPB,01M0WWQ73PEDYQHEYYBB88AXMD,2026-08-25T16:51:24.482528981Z,"[{""text"":""White triangle at the bottom"",""sender"":{""id"":""01M0WX9MXH1SX7Q50079HW9F7E"",""name"":""Minu"",""avatar"":""https://api.dicebear.com/8.x/rings/svg?seed=Minu""}}]",2026-08-25T17:16:53.911624026Z,[1787678213919],2026-08-25T17:16:53.921862034Z,,,true,2026-08-25T17:17:00.370796328Z,01M0WX9MXH1SX7Q50079HW9F7E,2026-08-25T17:16:44.422527035Z,"[""B3"",""C1"",""A4"",""D2""]",2026-08-25T16:51:24.482528981Z,true,2026-08-25T17:17:00.35934461Z,01M0WWQ74H7CSGCPAHPDSCJ0PV,2026-08-25T16:51:24.482528981Z,17,2026-08-25T16:51:24.482528981Z,false,2026-08-25T17:16:44.515874633Z,01M0WX667JRE4461924BYZ6YJ1,2026-08-25T17:16:44.422527035Z,,,48,2026-08-25T16:51:24.482528981Z,12,2026-08-25T16:51:24.482528981Z,training,2026-08-25T16:51:24.482528981Z,1,2026-08-25T16:51:24.482528981Z,4,2026-08-25T16:51:24.482528981Z,/tangrams/279_339.png,2026-08-25T17:17:00.370796328Z,/tangrams/279_339.png,2026-08-25T17:16:57.239771609Z,1787678217196,2026-08-25T17:16:57.233156489Z,0,2026-08-25T16:51:24.482528981Z,2,2026-08-25T16:51:24.972937732Z,true,2026-08-25T17:16:44.384100754Z,"[""/tangrams/366_405.png"",""/tangrams/422_244.png"",""/tangrams/138_66.png"",""/tangrams/279_339.png""]",2026-08-25T16:51:24.482528981Z,/tangrams/279_339.png,2026-08-25T16:51:24.482528981Z,D2,2026-08-25T16:51:24.482528981Z,5,2026-08-25T16:51:24.482528981Z,16,2026-08-25T16:51:24.482528981Z
01M0WXEB739MN7H50NN2YN85PR,01M0WWQ73PEDYQHEYYBB88AXMD,2026-08-25T16:53:18.179684268Z,,,,,,,,,,,"[""C3"",""F3"",""F1"",""A1""]",2026-08-25T16:53:18.179684268Z,false,2026-08-25T16:53:18.179684268Z,01M0WWQ74M3NWYAJGQB0ESKAD2,2026-08-25T16:53:18.179684268Z,42,2026-08-25T16:53:18.179684268Z,,,,,,,48,2026-08-25T16:53:18.179684268Z,12,2026-08-25T16:53:18.179684268Z,training,2026-08-25T16:53:18.179684268Z,3,2026-08-25T16:53:18.179684268Z,4,2026-08-25T16:53:18.179684268Z,,,,2026-08-25T16:53:18.179684268Z,,,0,2026-08-25T16:53:18.179684268Z,2,2026-08-25T16:53:19.191341553Z,false,2026-08-25T16:53:18.179684268Z,"[""/tangrams/422_405.png"",""/tangrams/170_154.png"",""/tangrams/119_182.png"",""/tangrams/138_244.png""]",2026-08-25T16:53:18.179684268Z,/tangrams/119_182.png,2026-08-25T16:53:18.179684268Z,F1,2026-08-25T16:53:18.179684268Z,6,2026-08-25T16:53:18.179684268Z,41,2026-08-25T16:53:18.179684268Z
01M0WYEEPXYM6R026X0VPJX4DJ,01M0WWQAZ72GMKNB5E8VWC3WG2,2026-08-25T17:10:50.333739182Z,,,,,,,,,,,"[""A3"",""D2"",""C4"",""B1""]",2026-08-25T17:10:50.333739182Z,false,2026-08-25T17:10:50.333739182Z,01M0WWQAZRRWZPK3N7VE24RFV2,2026-08-25T17:10:50.333739182Z,45,2026-08-25T17:10:50.333739182Z,,,,,,,48,2026-08-25T17:10:50.333739182Z,12,2026-08-25T17:10:50.333739182Z,training,2026-08-25T17:10:50.333739182Z,3,2026-08-25T17:10:50.333739182Z,4,2026-08-25T17:10:50.333739182Z,,,,2026-08-25T17:10:50.333739182Z,,,1,2026-08-25T17:10:50.333739182Z,2,2026-08-25T17:10:51.934168042Z,false,2026-08-25T17:10:50.333739182Z,"[""/tangrams/66_24.png"",""/tangrams/20_441.png"",""/tangrams/202_464.png"",""/tangrams/348_314.png""]",2026-08-25T17:10:50.333739182Z,/tangrams/66_24.png,2026-08-25T17:10:50.333739182Z,A3,2026-08-25T17:10:50.333739182Z,9,2026-08-25T17:10:50.333739182Z,44,2026-08-25T17:10:50.333739182Z
01M0WXAW6X09PBCFMQDHYT7MS5,01M0WWQ73PEDYQHEYYBB88AXMD,2026-08-25T16:51:24.509647768Z,"[{""text"":""black triangle and diamond at the bottom"",""sender"":{""id"":""01M0WX667JRE4461924BYZ6YJ1"",""name"":""Repi"",""avatar"":""https://api.dicebear.com/8.x/rings/svg?seed=Repi""}}]",2026-08-25T17:24:46.178495226Z,[1787678686187],2026-08-25T17:24:46.189076159Z,,,true,2026-08-25T17:25:02.809829858Z,01M0WX667JRE4461924BYZ6YJ1,2026-08-25T17:24:33.379556775Z,"[""D3"",""C4"",""A2"",""B1""]",2026-08-25T16:51:24.509647768Z,true,2026-08-25T17:25:02.793239567Z,01M0WWQ74H7CSGCPAHPDSCJ0PV,2026-08-25T16:51:24.509647768Z,40,2026-08-25T16:51:24.509647768Z,false,2026-08-25T17:24:33.481810373Z,01M0WX9MXH1SX7Q50079HW9F7E,2026-08-25T17:24:33.379556775Z,,,48,2026-08-25T16:51:24.509647768Z,12,2026-08-25T16:51:24.509647768Z,training,2026-08-25T16:51:24.509647768Z,3,2026-08-25T16:51:24.509647768Z,4,2026-08-25T16:51:24.509647768Z,/tangrams/366_244.png,2026-08-25T17:25:02.809829858Z,/tangrams/366_244.png,2026-08-25T17:24:59.655280978Z,1787678699535,2026-08-25T17:24:59.659828895Z,0,2026-08-25T16:51:24.509647768Z,2,2026-08-25T16:51:25.365110392Z,true,2026-08-25T17:24:33.33679946Z,"[""/tangrams/279_405.png"",""/tangrams/422_66.png"",""/tangrams/138_339.png"",""/tangrams/366_244.png""]",2026-08-25T16:51:24.509647768Z,/tangrams/366_244.png,2026-08-25T16:51:24.509647768Z,B1,2026-08-25T16:51:24.509647768Z,4,2026-08-25T16:51:24.509647768Z,39,2026-08-25T16:51:24.509647768Z
01M0WXAW6FVETNVQHCRWZR1G97,01M0WWQ73PEDYQHEYYBB88AXMD,2026-08-25T16:51:24.49592911Z,"[{""text"":""at the bottom a black triangle facing the wrong direction with a diamond beside"",""sender"":{""id"":""01M0WX667JRE4461924BYZ6YJ1"",""name"":""Repi"",""avatar"":""https://api.dicebear.com/8.x/rings/svg?seed=Repi""}}]",2026-08-25T17:13:34.927241213Z,[1787678014934],2026-08-25T17:13:34.936751798Z,,,true,2026-08-25T17:13:48.285585286Z,01M0WX667JRE4461924BYZ6YJ1,2026-08-25T17:13:13.785396641Z,"[""C4"",""B1"",""A2"",""D3""]",2026-08-25T16:51:24.49592911Z,true,2026-08-25T17:13:48.272812028Z,01M0WWQ74H7CSGCPAHPDSCJ0PV,2026-08-25T16:51:24.49592911Z,10,2026-08-25T16:51:24.49592911Z,false,2026-08-25T17:13:13.883915657Z,01M0WX9MXH1SX7Q50079HW9F7E,2026-08-25T17:13:13.785396641Z,,,48,2026-08-25T16:51:24.49592911Z,12,2026-08-25T16:51:24.49592911Z,training,2026-08-25T16:51:24.49592911Z,0,2026-08-25T16:51:24.49592911Z,4,2026-08-25T16:51:24.49592911Z,/tangrams/366_244.png,2026-08-25T17:13:48.285585286Z,/tangrams/366_244.png,2026-08-25T17:13:45.174215473Z,1787678024979,2026-08-25T17:13:45.170617663Z,0,2026-08-25T16:51:24.49592911Z,2,2026-08-25T16:51:24.851393076Z,true,2026-08-25T17:13:13.742593294Z,"[""/tangrams/422_66.png"",""/tangrams/366_244.png"",""/tangrams/138_339.png"",""/tangrams/279_405.png""]",2026-08-25T16:51:24.49592911Z,/tangrams/366_244.png,2026-08-25T16:51:24.49592911Z,B1,2026-08-25T16:51:24.49592911Z,10,2026-08-25T16:51:24.49592911Z,9,2026-08-25T16:51:24.49592911Z
01M0WXAW6K6PD99RSMA3VP24MT,01M0WWQ73PEDYQHEYYBB88AXMD,2026-08-25T16:51:24.499407339Z,"[{""text"":""legs facing lef"",""sender"":{""id"":""01M0WX667JRE4461924BYZ6YJ1"",""name"":""Repi"",""avatar"":""https://api.dicebear.com/8.x/rings/svg?seed=Repi""}}]",2026-08-25T17:20:01.442295319Z,[1787678401453],2026-08-25T17:20:01.455425464Z,,,true,2026-08-25T17:20:07.77500676Z,01M0WX667JRE4461924BYZ6YJ1,2026-08-25T17:19:53.619374578Z,"[""B4"",""D2"",""C1"",""A3""]",2026-08-25T16:51:24.499407339Z,true,2026-08-25T17:20:07.758834345Z,01M0WWQ74H7CSGCPAHPDSCJ0PV,2026-08-25T16:51:24.499407339Z,26,2026-08-25T16:51:24.499407339Z,false,2026-08-25T17:19:53.733190303Z,01M0WX9MXH1SX7Q50079HW9F7E,2026-08-25T17:19:53.619374578Z,,,48,2026-08-25T16:51:24.499407339Z,12,2026-08-25T16:51:24.499407339Z,training,2026-08-25T16:51:24.499407339Z,2,2026-08-25T16:51:24.499407339Z,4,2026-08-25T16:51:24.499407339Z,/tangrams/138_405.png,2026-08-25T17:20:07.77500676Z,/tangrams/138_405.png,2026-08-25T17:20:04.63421923Z,1787678404547,2026-08-25T17:20:04.627444377Z,0,2026-08-25T16:51:24.499407339Z,2,2026-08-25T16:51:25.117331239Z,true,2026-08-25T17:19:53.569879527Z,"[""/tangrams/366_66.png"",""/tangrams/279_339.png"",""/tangrams/422_244.png"",""/tangrams/138_405.png""]",2026-08-25T16:51:24.499407339Z,/tangrams/138_405.png,2026-08-25T16:51:24.499407339Z,A3,2026-08-25T16:51:24.499407339Z,2,2026-08-25T16:51:24.499407339Z,25,2026-08-25T16:51:24.499407339Z
01M0WY7G6ZDSX9D9EH232ZGYN7,01M0WWQ9XB6TMTWDYN7GB59TN7,2026-08-25T17:07:02.495084867Z,"[{""text"":""looks like a house at the top"",""sender"":{""id"":""01M0WXR5QX7RT0467EJCPJ9Y2Y"",""name"":""Repi"",""avatar"":""https://api.dicebear.com/8.x/rings/svg?seed=Repi""}},{""text"":""bottom hs white triangle missing from mainly black bottom"",""sender"":{""id"":""01M0WXR5QX7RT0467EJCPJ9Y2Y"",""name"":""Repi"",""avatar"":""https://api.dicebear.com/8.x/rings/svg?seed=Repi""}},{""text"":""left side has a point outwards"",""sender"":{""id"":""01M0WXR5QX7RT0467EJCPJ9Y2Y"",""name"":""Repi"",""avatar"":""https://api.dicebear.com/8.x/rings/svg?seed=Repi""}},{""text"":""right side is 90 degree angle"",""sender"":{""id"":""01M0WXR5QX7RT0467EJCPJ9Y2Y"",""name"":""Repi"",""avatar"":""https://api.dicebear.com/8.x/rings/svg?seed=Repi""}}]",2026-08-25T17:32:41.179975469Z,"[1787679136257,1787679146553,1787679155609,1787679161190]",2026-08-25T17:32:41.192369452Z,,,true,2026-08-25T17:32:44.85734634Z,01M0WXR5QX7RT0467EJCPJ9Y2Y,2026-08-25T17:32:07.204401424Z,"[""D3"",""C4"",""C2"",""A2""]",2026-08-25T17:07:02.495084867Z,true,2026-08-25T17:32:44.837881093Z,01M0WWQ9XW83PGVA4HF3WT9HVR,2026-08-25T17:07:02.495084867Z,16,2026-08-25T17:07:02.495084867Z,false,2026-08-25T17:32:07.466912573Z,01M0WY0ECEQWZG8FEZD72ENETD,2026-08-25T17:32:07.204401424Z,,,48,2026-08-25T17:07:02.495084867Z,12,2026-08-25T17:07:02.495084867Z,training,2026-08-25T17:07:02.495084867Z,1,2026-08-25T17:07:02.495084867Z,4,2026-08-25T17:07:02.495084867Z,/tangrams/422_339.png,2026-08-25T17:32:44.85734634Z,/tangrams/422_339.png,2026-08-25T17:32:41.702163203Z,1787679161234,2026-08-25T17:32:41.696393152Z,0,2026-08-25T17:07:02.495084867Z,2,2026-08-25T17:07:03.116442788Z,true,2026-08-25T17:32:07.121519912Z,"[""/tangrams/279_405.png"",""/tangrams/422_66.png"",""/tangrams/422_339.png"",""/tangrams/138_339.png""]",2026-08-25T17:07:02.495084867Z,/tangrams/422_339.png,2026-08-25T17:07:02.495084867Z,C2,2026-08-25T17:07:02.495084867Z,4,2026-08-25T17:07:02.495084867Z,15,2026-08-25T17:07:02.495084867Z
01M0WY7G7YHSBRT2PBMMW67GKX,01M0WWQ9XB6TMTWDYN7GB59TN7,2026-08-25T17:07:02.526839868Z,"[{""text"":""triangle top with a house inside"",""sender"":{""id"":""01M0WY0ECEQWZG8FEZD72ENETD"",""name"":""Minu"",""avatar"":""https://api.dicebear.com/8.x/rings/svg?seed=Minu""}},{""text"":""with triangle to thr left and diamond beside it"",""sender"":{""id"":""01M0WY0ECEQWZG8FEZD72ENETD"",""name"":""Minu"",""avatar"":""https://api.dicebear.com/8.x/rings/svg?seed=Minu""}},{""text"":""triangle top"",""sender"":{""id"":""01M0WY0ECEQWZG8FEZD72ENETD"",""name"":""Minu"",""avatar"":""https://api.dicebear.com/8.x/rings/svg?seed=Minu""}}]",2026-08-25T17:38:29.543277734Z,"[1787679495849,1787679506658,1787679509553]",2026-08-25T17:38:29.554921411Z,,,true,2026-08-25T17:38:33.132045808Z,01M0WY0ECEQWZG8FEZD72ENETD,2026-08-25T17:38:05.914840432Z,"[""D3"",""B4"",""C1"",""B1""]",2026-08-25T17:07:02.526839868Z,true,2026-08-25T17:38:33.11371929Z,01M0WWQ9XW83PGVA4HF3WT9HVR,2026-08-25T17:07:02.526839868Z,29,2026-08-25T17:07:02.526839868Z,false,2026-08-25T17:38:06.16874077Z,01M0WXR5QX7RT0467EJCPJ9Y2Y,2026-08-25T17:38:05.914840432Z,,,48,2026-08-25T17:07:02.526839868Z,12,2026-08-25T17:07:02.526839868Z,training,2026-08-25T17:07:02.526839868Z,2,2026-08-25T17:07:02.526839868Z,4,2026-08-25T17:07:02.526839868Z,/tangrams/366_244.png,2026-08-25T17:38:33.132045808Z,/tangrams/366_244.png,2026-08-25T17:38:29.970492596Z,1787679509867,2026-08-25T17:38:29.9591154Z,0,2026-08-25T17:07:02.526839868Z,2,2026-08-25T17:07:03.392281051Z,true,2026-08-25T17:38:05.868797057Z,"[""/tangrams/279_405.png"",""/tangrams/366_66.png"",""/tangrams/422_244.png"",""/tangrams/366_244.png""]",2026-08-25T17:07:02.526839868Z,/tangrams/366_244.png,2026-08-25T17:07:02.526839868Z,B1,2026-08-25T17:07:02.526839868Z,5,2026-08-25T17:07:02.526839868Z,28,2026-08-25T17:07:02.526839868Z
01M0WY7G8SCEXTAGVA7N91EEPW,01M0WWQ9XB6TMTWDYN7GB59TN7,2026-08-25T17:07:02.554000487Z,"[{""text"":""triangle with an inner opening attached to a black base"",""sender"":{""id"":""01M0WY0ECEQWZG8FEZD72ENETD"",""name"":""Minu"",""avatar"":""https://api.dicebear.com/8.x/rings/svg?seed=Minu""}},{""text"":""all total black base"",""sender"":{""id"":""01M0WY0ECEQWZG8FEZD72ENETD"",""name"":""Minu"",""avatar"":""https://api.dicebear.com/8.x/rings/svg?seed=Minu""}},{""text"":""triangle with a home inside"",""sender"":{""id"":""01M0WY0ECEQWZG8FEZD72ENETD"",""name"":""Minu"",""avatar"":""https://api.dicebear.com/8.x/rings/svg?seed=Minu""}}]",2026-08-25T17:41:08.190803192Z,"[1787679654082,1787679661824,1787679668201]",2026-08-25T17:41:08.203640787Z,,,true,2026-08-25T17:41:14.887149043Z,01M0WY0ECEQWZG8FEZD72ENETD,2026-08-25T17:40:35.691374988Z,"[""A4"",""D1"",""B4"",""B3""]",2026-08-25T17:07:02.554000487Z,true,2026-08-25T17:41:14.869168115Z,01M0WWQ9XW83PGVA4HF3WT9HVR,2026-08-25T17:07:02.554000487Z,35,2026-08-25T17:07:02.554000487Z,false,2026-08-25T17:40:35.889706162Z,01M0WXR5QX7RT0467EJCPJ9Y2Y,2026-08-25T17:40:35.691374988Z,,,48,2026-08-25T17:07:02.554000487Z,12,2026-08-25T17:07:02.554000487Z,training,2026-08-25T17:07:02.554000487Z,2,2026-08-25T17:07:02.554000487Z,4,2026-08-25T17:07:02.554000487Z,/tangrams/366_66.png,2026-08-25T17:41:14.887149043Z,/tangrams/366_66.png,2026-08-25T17:41:11.723800622Z,1787679671631,2026-08-25T17:41:11.732200056Z,0,2026-08-25T17:07:02.554000487Z,2,2026-08-25T17:07:03.508315421Z,true,2026-08-25T17:40:35.591886165Z,"[""/tangrams/138_66.png"",""/tangrams/279_244.png"",""/tangrams/366_66.png"",""/tangrams/366_405.png""]",2026-08-25T17:07:02.554000487Z,/tangrams/366_66.png,2026-08-25T17:07:02.554000487Z,B4,2026-08-25T17:07:02.554000487Z,11,2026-08-25T17:07:02.554000487Z,34,2026-08-25T17:07:02.554000487Z
01M0WY8D6GHA9HHZ21BTENMXZ6,01M0WWQ9XB6TMTWDYN7GB59TN7,2026-08-25T17:07:32.176747853Z,"[{""text"":""two wide thin  legs"",""sender"":{""id"":""01M0WY1V9QET0HYE5N0547967Y"",""name"":""Minu"",""avatar"":""https://api.dicebear.com/8.x/rings/svg?seed=Minu""}}]",2026-08-25T17:46:19.537275647Z,[1787679979548],2026-08-25T17:46:19.54991795Z,,,true,2026-08-25T17:46:30.411412007Z,01M0WY1V9QET0HYE5N0547967Y,2026-08-25T17:46:02.441848561Z,"[""B4"",""D3"",""C1"",""A2""]",2026-08-25T17:07:32.176747853Z,true,2026-08-25T17:46:30.399026736Z,01M0WWQ9XT2Q7RF2RHNCTTRDNK,2026-08-25T17:07:32.176747853Z,39,2026-08-25T17:07:32.176747853Z,false,2026-08-25T17:46:02.589806724Z,01M0WY1FH5WQS14DQ3V446M8AM,2026-08-25T17:46:02.441848561Z,,,48,2026-08-25T17:07:32.176747853Z,12,2026-08-25T17:07:32.176747853Z,training,2026-08-25T17:07:32.176747853Z,3,2026-08-25T17:07:32.176747853Z,4,2026-08-25T17:07:32.176747853Z,/tangrams/279_405.png,2026-08-25T17:46:30.411412007Z,/tangrams/279_405.png,2026-08-25T17:46:27.165114164Z,1787679986943,2026-08-25T17:46:27.155489078Z,0,2026-08-25T17:07:32.176747853Z,2,2026-08-25T17:07:33.273622181Z,true,2026-08-25T17:46:02.404439686Z,"[""/tangrams/366_66.png"",""/tangrams/279_405.png"",""/tangrams/422_244.png"",""/tangrams/138_339.png""]",2026-08-25T17:07:32.176747853Z,/tangrams/279_405.png,2026-08-25T17:07:32.176747853Z,D3,2026-08-25T17:07:32.176747853Z,3,2026-08-25T17:07:32.176747853Z,38,2026-08-25T17:07:32.176747853Z
01M0WXAW6JASYZN5770YG59JMJ,01M0WWQ73PEDYQHEYYBB88AXMD,2026-08-25T16:51:24.49807903Z,"[{""text"":""..."",""sender"":{""id"":""01M0WX9MXH1SX7Q50079HW9F7E"",""name"":""Minu"",""avatar"":""https://api.dicebear.com/8.x/rings/svg?seed=Minu""}},{""text"":""there is a black diamond at the very top"",""sender"":{""id"":""01M0WX667JRE4461924BYZ6YJ1"",""name"":""Repi"",""avatar"":""https://api.dicebear.com/8.x/rings/svg?seed=Repi""}}]",2026-08-25T17:11:29.966618733Z,"[1787677878156,1787677889973]",2026-08-25T17:11:29.975604836Z,,,true,2026-08-25T17:11:38.549201843Z,01M0WX667JRE4461924BYZ6YJ1,2026-08-25T17:11:15.31418114Z,"[""A4"",""C2"",""D3"",""B1""]",2026-08-25T16:51:24.49807903Z,true,2026-08-25T17:11:38.539763171Z,01M0WWQ74H7CSGCPAHPDSCJ0PV,2026-08-25T16:51:24.49807903Z,6,2026-08-25T16:51:24.49807903Z,false,2026-08-25T17:11:15.4300298Z,01M0WX9MXH1SX7Q50079HW9F7E,2026-08-25T17:11:15.31418114Z,,,48,2026-08-25T16:51:24.49807903Z,12,2026-08-25T16:51:24.49807903Z,training,2026-08-25T16:51:24.49807903Z,0,2026-08-25T16:51:24.49807903Z,4,2026-08-25T16:51:24.49807903Z,/tangrams/138_66.png,2026-08-25T17:11:38.549201843Z,/tangrams/138_66.png,2026-08-25T17:11:35.431111512Z,1787677895348,2026-08-25T17:11:35.4245778Z,0,2026-08-25T16:51:24.49807903Z,2,2026-08-25T16:51:24.78904303Z,true,2026-08-25T17:11:15.275863604Z,"[""/tangrams/138_66.png"",""/tangrams/422_339.png"",""/tangrams/279_405.png"",""/tangrams/366_244.png""]",2026-08-25T16:51:24.49807903Z,/tangrams/138_66.png,2026-08-25T16:51:24.49807903Z,A4,2026-08-25T16:51:24.49807903Z,6,2026-08-25T16:51:24.49807903Z,5,2026-08-25T16:51:24.49807903Z
01M0WXAW6G8CMRXJFX7SGCQ6MA,01M0WWQ73PEDYQHEYYBB88AXMD,2026-08-25T16:51:24.496821706Z,"[{""text"":""white triangle at bottom"",""sender"":{""id"":""01M0WX9MXH1SX7Q50079HW9F7E"",""name"":""Minu"",""avatar"":""https://api.dicebear.com/8.x/rings/svg?seed=Minu""}}]",2026-08-25T17:20:52.549600288Z,[1787678452557],2026-08-25T17:20:52.559455073Z,,,true,2026-08-25T17:20:58.632723056Z,01M0WX9MXH1SX7Q50079HW9F7E,2026-08-25T17:20:44.839490427Z,"[""C4"",""B1"",""A3"",""D2""]",2026-08-25T16:51:24.496821706Z,true,2026-08-25T17:20:58.620735875Z,01M0WWQ74H7CSGCPAHPDSCJ0PV,2026-08-25T16:51:24.496821706Z,29,2026-08-25T16:51:24.496821706Z,false,2026-08-25T17:20:44.93612126Z,01M0WX667JRE4461924BYZ6YJ1,2026-08-25T17:20:44.839490427Z,,,48,2026-08-25T16:51:24.496821706Z,12,2026-08-25T16:51:24.496821706Z,training,2026-08-25T16:51:24.496821706Z,2,2026-08-25T16:51:24.496821706Z,4,2026-08-25T16:51:24.496821706Z,/tangrams/279_339.png,2026-08-25T17:20:58.632723056Z,/tangrams/279_339.png,2026-08-25T17:20:55.495726134Z,1787678455477,2026-08-25T17:20:55.491436736Z,0,2026-08-25T16:51:24.496821706Z,2,2026-08-25T16:51:25.168767827Z,true,2026-08-25T17:20:44.803000108Z,"[""/tangrams/422_66.png"",""/tangrams/366_244.png"",""/tangrams/138_405.png"",""/tangrams/279_339.png""]",2026-08-25T16:51:24.496821706Z,/tangrams/279_339.png,2026-08-25T16:51:24.496821706Z,D2,2026-08-25T16:51:24.496821706Z,5,2026-08-25T16:51:24.496821706Z,28,2026-08-25T16:51:24.496821706Z
01M0WY8D6F1DS9JXRVQ6PX1493,01M0WWQ9XB6TMTWDYN7GB59TN7,2026-08-25T17:07:32.175152731Z,"[{""text"":""looks like a bulls horn on top of two legs"",""sender"":{""id"":""01M0WY1FH5WQS14DQ3V446M8AM"",""name"":""Repi"",""avatar"":""https://api.dicebear.com/8.x/rings/svg?seed=Repi""}}]",2026-08-25T17:24:50.171811147Z,[1787678690179],2026-08-25T17:24:50.181022377Z,,,false,2026-08-25T17:25:10.235593191Z,01M0WY1FH5WQS14DQ3V446M8AM,2026-08-25T17:24:34.29698099Z,"[""B4"",""D2"",""A3"",""C1""]",2026-08-25T17:07:32.175152731Z,true,2026-08-25T17:25:10.221821633Z,01M0WWQ9XT2Q7RF2RHNCTTRDNK,2026-08-25T17:07:32.175152731Z,4,2026-08-25T17:07:32.175152731Z,false,2026-08-25T17:24:34.439624666Z,01M0WY1V9QET0HYE5N0547967Y,2026-08-25T17:24:34.29698099Z,,,48,2026-08-25T17:07:32.175152731Z,12,2026-08-25T17:07:32.175152731Z,training,2026-08-25T17:07:32.175152731Z,0,2026-08-25T17:07:32.175152731Z,4,2026-08-25T17:07:32.175152731Z,/tangrams/138_405.png,2026-08-25T17:25:10.235593191Z,/tangrams/138_405.png,2026-08-25T17:25:07.111911445Z,1787678707649,2026-08-25T17:25:07.101215855Z,0,2026-08-25T17:07:32.175152731Z,2,2026-08-25T17:07:32.62661356Z,true,2026-08-25T17:24:34.258438797Z,"[""/tangrams/366_66.png"",""/tangrams/279_339.png"",""/tangrams/138_405.png"",""/tangrams/422_244.png""]",2026-08-25T17:07:32.175152731Z,/tangrams/279_339.png,2026-08-25T17:07:32.175152731Z,D2,2026-08-25T17:07:32.175152731Z,4,2026-08-25T17:07:32.175152731Z,3,2026-08-25T17:07:32.175152731Z
01M0WYEF094D3BTYYTK8MD8YRV,01M0WWQAZ72GMKNB5E8VWC3WG2,2026-08-25T17:10:50.633722465Z,,,,,,,,,,,"[""C4"",""D1"",""B3"",""A2""]",2026-08-25T17:10:50.633722465Z,false,2026-08-25T17:10:50.633722465Z,01M0WWQAZRRWZPK3N7VE24RFV2,2026-08-25T17:10:50.633722465Z,20,2026-08-25T17:10:50.633722465Z,,,,,,,48,2026-08-25T17:10:50.633722465Z,12,2026-08-25T17:10:50.633722465Z,training,2026-08-25T17:10:50.633722465Z,1,2026-08-25T17:10:50.633722465Z,4,2026-08-25T17:10:50.633722465Z,,,,2026-08-25T17:10:50.633722465Z,,,1,2026-08-25T17:10:50.633722465Z,2,2026-08-25T17:10:51.264935551Z,false,2026-08-25T17:10:50.633722465Z,"[""/tangrams/202_464.png"",""/tangrams/20_314.png"",""/tangrams/348_24.png"",""/tangrams/66_441.png""]",2026-08-25T17:10:50.633722465Z,/tangrams/66_441.png,2026-08-25T17:10:50.633722465Z,A2,2026-08-25T17:10:50.633722465Z,8,2026-08-25T17:10:50.633722465Z,19,2026-08-25T17:10:50.633722465Z
01M0WXAW3NRDWKKHNXDDFPZ1DZ,01M0WWQ73PEDYQHEYYBB88AXMD,2026-08-25T16:51:24.40548669Z,"[{""text"":""hello"",""sender"":{""id"":""01M0WX9MXH1SX7Q50079HW9F7E"",""name"":""Minu"",""avatar"":""https://api.dicebear.com/8.x/rings/svg?seed=Minu""}},{""text"":""hey what does it look like"",""sender"":{""id"":""01M0WX667JRE4461924BYZ6YJ1"",""name"":""Repi"",""avatar"":""https://api.dicebear.com/8.x/rings/svg?seed=Repi""}},{""text"":""It has a pointy triangle on the top"",""sender"":{""id"":""01M0WX9MXH1SX7Q50079HW9F7E"",""name"":""Minu"",""avatar"":""https://api.dicebear.com/8.x/rings/svg?seed=Minu""}}]",2026-08-25T17:09:10.339759564Z,"[1787677733617,1787677743620,1787677750346]",2026-08-25T17:09:10.350631651Z,,,true,2026-08-25T17:09:17.486865605Z,01M0WX9MXH1SX7Q50079HW9F7E,2026-08-25T17:08:43.905207829Z,"[""D1"",""C2"",""A3"",""B4""]",2026-08-25T16:51:24.40548669Z,true,2026-08-25T17:09:17.476806849Z,01M0WWQ74H7CSGCPAHPDSCJ0PV,2026-08-25T16:51:24.40548669Z,1,2026-08-25T16:51:24.40548669Z,false,2026-08-25T17:08:43.992260958Z,01M0WX667JRE4461924BYZ6YJ1,2026-08-25T17:08:43.905207829Z,,,48,2026-08-25T16:51:24.40548669Z,12,2026-08-25T16:51:24.40548669Z,training,2026-08-25T16:51:24.40548669Z,0,2026-08-25T16:51:24.40548669Z,4,2026-08-25T16:51:24.40548669Z,/tangrams/366_66.png,2026-08-25T17:09:17.486865605Z,/tangrams/366_66.png,2026-08-25T17:09:14.383058158Z,1787677754359,2026-08-25T17:09:14.374342922Z,0,2026-08-25T16:51:24.40548669Z,2,2026-08-25T16:51:24.717288715Z,true,2026-08-25T17:08:43.871306987Z,"[""/tangrams/279_244.png"",""/tangrams/422_339.png"",""/tangrams/138_405.png"",""/tangrams/366_66.png""]",2026-08-25T16:51:24.40548669Z,/tangrams/366_66.png,2026-08-25T16:51:24.40548669Z,B4,2026-08-25T16:51:24.40548669Z,1,2026-08-25T16:51:24.40548669Z,0,2026-08-25T16:51:24.40548669Z
01M0WY4F2FMHPXGEFSBDWB58AT,01M0WWQ9XB6TMTWDYN7GB59TN7,2026-08-25T17:05:23.023216678Z,"[{""text"":""up top down below spiky"",""sender"":{""id"":""01M0WY0ENCGBGZ9MKY7CZKA71D"",""name"":""Minu"",""avatar"":""https://api.dicebear.com/8.x/rings/svg?seed=Minu""}},{""text"":""arrows?"",""sender"":{""id"":""01M0WY0C090AZDG2K9X542KKDB"",""name"":""Repi"",""avatar"":""https://api.dicebear.com/8.x/rings/svg?seed=Repi""}},{""text"":""no diamonds"",""sender"":{""id"":""01M0WY0ENCGBGZ9MKY7CZKA71D"",""name"":""Minu"",""avatar"":""https://api.dicebear.com/8.x/rings/svg?seed=Minu""}},{""text"":""arrows"",""sender"":{""id"":""01M0WY0ENCGBGZ9MKY7CZKA71D"",""name"":""Minu"",""avatar"":""https://api.dicebear.com/8.x/rings/svg?seed=Minu""}},{""text"":""yes"",""sender"":{""id"":""01M0WY0ENCGBGZ9MKY7CZKA71D"",""name"":""Minu"",""avatar"":""https://api.dicebear.com/8.x/rings/svg?seed=Minu""}}]",2026-08-25T17:30:19.036287238Z,"[1787679000300,1787679012220,1787679013323,1787679017771,1787679019057]",2026-08-25T17:30:19.059445892Z,,,true,2026-08-25T17:30:22.253077535Z,01M0WY0ENCGBGZ9MKY7CZKA71D,2026-08-25T17:29:44.198965539Z,"[""F1"",""D4"",""A1"",""F8""]",2026-08-25T17:05:23.023216678Z,true,2026-08-25T17:30:22.22829322Z,01M0WWQ9XVXJV1JR4118CY5W09,2026-08-25T17:05:23.023216678Z,47,2026-08-25T17:05:23.023216678Z,false,2026-08-25T17:29:44.418197909Z,01M0WY0C090AZDG2K9X542KKDB,2026-08-25T17:29:44.198965539Z,,,48,2026-08-25T17:05:23.023216678Z,12,2026-08-25T17:05:23.023216678Z,training,2026-08-25T17:05:23.023216678Z,3,2026-08-25T17:05:23.023216678Z,4,2026-08-25T17:05:23.023216678Z,/tangrams/119_182.png,2026-08-25T17:30:22.253077535Z,/tangrams/119_182.png,2026-08-25T17:30:19.021170509Z,1787679018926,2026-08-25T17:30:19.029544414Z,0,2026-08-25T17:05:23.023216678Z,2,2026-08-25T17:05:23.975866079Z,true,2026-08-25T17:29:44.147653981Z,"[""/tangrams/119_182.png"",""/tangrams/279_66.png"",""/tangrams/138_244.png"",""/tangrams/37_144.png""]",2026-08-25T17:05:23.023216678Z,/tangrams/119_182.png,2026-08-25T17:05:23.023216678Z,F1,2026-08-25T17:05:23.023216678Z,11,2026-08-25T17:05:23.023216678Z,46,2026-08-25T17:05:23.023216678Z
01M0WY96G42TWQX2PKP81D6SRC,01M0WWQAZ72GMKNB5E8VWC3WG2,2026-08-25T17:07:58.084244493Z,"[{""text"":""Solid shape with the white rectangle within it. boat leaning against it."",""sender"":{""id"":""01M0WXSYNRXCYGT80QAR430CBD"",""name"":""Repi"",""avatar"":""https://api.dicebear.com/8.x/rings/svg?seed=Repi""}}]",2026-08-25T17:48:30.652483545Z,[1787680110663],2026-08-25T17:48:30.665232595Z,,,true,2026-08-25T17:48:39.048057904Z,01M0WXSYNRXCYGT80QAR430CBD,2026-08-25T17:48:10.378327155Z,"[""A3"",""B1"",""B3"",""D2""]",2026-08-25T17:07:58.084244493Z,true,2026-08-25T17:48:39.036690562Z,01M0WWQAZPP7VBJF1WXDE2YKFW,2026-08-25T17:07:58.084244493Z,34,2026-08-25T17:07:58.084244493Z,false,2026-08-25T17:48:10.639175677Z,01M0WY2T8PBZPVGKC7BWFHJ59J,2026-08-25T17:48:10.378327155Z,,,48,2026-08-25T17:07:58.084244493Z,12,2026-08-25T17:07:58.084244493Z,training,2026-08-25T17:07:58.084244493Z,2,2026-08-25T17:07:58.084244493Z,4,2026-08-25T17:07:58.084244493Z,/tangrams/348_24.png,2026-08-25T17:48:39.048057904Z,/tangrams/348_24.png,2026-08-25T17:48:35.784218146Z,1787680116714,2026-08-25T17:48:35.794394291Z,1,2026-08-25T17:07:58.084244493Z,2,2026-08-25T17:07:58.88539107Z,true,2026-08-25T17:48:10.32483214Z,"[""/tangrams/66_24.png"",""/tangrams/348_314.png"",""/tangrams/348_24.png"",""/tangrams/20_441.png""]",2026-08-25T17:07:58.084244493Z,/tangrams/348_24.png,2026-08-25T17:07:58.084244493Z,B3,2026-08-25T17:07:58.084244493Z,10,2026-08-25T17:07:58.084244493Z,33,2026-08-25T17:07:58.084244493Z
01M0WY7G51E1NB179WAGDESYCG,01M0WWQ9XB6TMTWDYN7GB59TN7,2026-08-25T17:07:02.434017436Z,"[{""text"":""triangle at the top shaped"",""sender"":{""id"":""01M0WY0ECEQWZG8FEZD72ENETD"",""name"":""Minu"",""avatar"":""https://api.dicebear.com/8.x/rings/svg?seed=Minu""}},{""text"":""and then another under it but not triangle"",""sender"":{""id"":""01M0WY0ECEQWZG8FEZD72ENETD"",""name"":""Minu"",""avatar"":""https://api.dicebear.com/8.x/rings/svg?seed=Minu""}},{""text"":""both disconnected"",""sender"":{""id"":""01M0WY0ECEQWZG8FEZD72ENETD"",""name"":""Minu"",""avatar"":""https://api.dicebear.com/8.x/rings/svg?seed=Minu""}},{""text"":""look like stairs?"",""sender"":{""id"":""01M0WXR5QX7RT0467EJCPJ9Y2Y"",""name"":""Repi"",""avatar"":""https://api.dicebear.com/8.x/rings/svg?seed=Repi""}},{""text"":""not touching each other"",""sender"":{""id"":""01M0WY0ECEQWZG8FEZD72ENETD"",""name"":""Minu"",""avatar"":""https://api.dicebear.com/8.x/rings/svg?seed=Minu""}},{""text"":""on the left?"",""sender"":{""id"":""01M0WXR5QX7RT0467EJCPJ9Y2Y"",""name"":""Repi"",""avatar"":""https://api.dicebear.com/8.x/rings/svg?seed=Repi""}},{""text"":""yes like stairs  by the left"",""sender"":{""id"":""01M0WY0ECEQWZG8FEZD72ENETD"",""name"":""Minu"",""avatar"":""https://api.dicebear.com/8.x/rings/svg?seed=Minu""}}]",2026-08-25T17:24:55.112209785Z,"[1787678654280,1787678672327,1787678680303,1787678680716,1787678684923,1787678687976,1787678695121]",2026-08-25T17:24:55.122926834Z,,,true,2026-08-25T17:24:59.357159868Z,01M0WY0ECEQWZG8FEZD72ENETD,2026-08-25T17:24:05.704289295Z,"[""A3"",""B1"",""C2"",""B3""]",2026-08-25T17:07:02.434017436Z,true,2026-08-25T17:24:59.341478865Z,01M0WWQ9XW83PGVA4HF3WT9HVR,2026-08-25T17:07:02.434017436Z,5,2026-08-25T17:07:02.434017436Z,false,2026-08-25T17:24:05.926221825Z,01M0WXR5QX7RT0467EJCPJ9Y2Y,2026-08-25T17:24:05.704289295Z,,,48,2026-08-25T17:07:02.434017436Z,12,2026-08-25T17:07:02.434017436Z,training,2026-08-25T17:07:02.434017436Z,0,2026-08-25T17:07:02.434017436Z,4,2026-08-25T17:07:02.434017436Z,/tangrams/366_405.png,2026-08-25T17:24:59.357159868Z,/tangrams/366_405.png,2026-08-25T17:24:56.221025011Z,1787678696119,2026-08-25T17:24:56.209336565Z,0,2026-08-25T17:07:02.434017436Z,2,2026-08-25T17:07:02.868297139Z,true,2026-08-25T17:24:05.668959237Z,"[""/tangrams/138_405.png"",""/tangrams/366_244.png"",""/tangrams/422_339.png"",""/tangrams/366_405.png""]",2026-08-25T17:07:02.434017436Z,/tangrams/366_405.png,2026-08-25T17:07:02.434017436Z,B3,2026-08-25T17:07:02.434017436Z,5,2026-08-25T17:07:02.434017436Z,4,2026-08-25T17:07:02.434017436Z
01M0WY7G8XBD9V9ZYV0X0MKKMV,01M0WWQ9XB6TMTWDYN7GB59TN7,2026-08-25T17:07:02.557237471Z,"[{""text"":""house with irreuglar shape inside"",""sender"":{""id"":""01M0WXR5QX7RT0467EJCPJ9Y2Y"",""name"":""Repi"",""avatar"":""https://api.dicebear.com/8.x/rings/svg?seed=Repi""}},{""text"":""on a black box"",""sender"":{""id"":""01M0WXR5QX7RT0467EJCPJ9Y2Y"",""name"":""Repi"",""avatar"":""https://api.dicebear.com/8.x/rings/svg?seed=Repi""}},{""text"":""bottom is completely black"",""sender"":{""id"":""01M0WXR5QX7RT0467EJCPJ9Y2Y"",""name"":""Repi"",""avatar"":""https://api.dicebear.com/8.x/rings/svg?seed=Repi""}}]",2026-08-25T17:41:34.081410012Z,"[1787679684030,1787679687460,1787679694092]",2026-08-25T17:41:34.09459734Z,,,true,2026-08-25T17:41:39.359216229Z,01M0WXR5QX7RT0467EJCPJ9Y2Y,2026-08-25T17:41:14.963714515Z,"[""A4"",""B3"",""C1"",""C4""]",2026-08-25T17:07:02.557237471Z,true,2026-08-25T17:41:39.347885225Z,01M0WWQ9XW83PGVA4HF3WT9HVR,2026-08-25T17:07:02.557237471Z,36,2026-08-25T17:07:02.557237471Z,false,2026-08-25T17:41:15.194140051Z,01M0WY0ECEQWZG8FEZD72ENETD,2026-08-25T17:41:14.963714515Z,,,48,2026-08-25T17:07:02.557237471Z,12,2026-08-25T17:07:02.557237471Z,training,2026-08-25T17:07:02.557237471Z,2,2026-08-25T17:07:02.557237471Z,4,2026-08-25T17:07:02.557237471Z,/tangrams/422_66.png,2026-08-25T17:41:39.359216229Z,/tangrams/422_66.png,2026-08-25T17:41:36.2187446Z,1787679695773,2026-08-25T17:41:36.21367443Z,0,2026-08-25T17:07:02.557237471Z,2,2026-08-25T17:07:03.524276635Z,true,2026-08-25T17:41:14.908674882Z,"[""/tangrams/138_66.png"",""/tangrams/366_405.png"",""/tangrams/422_244.png"",""/tangrams/422_66.png""]",2026-08-25T17:07:02.557237471Z,/tangrams/422_66.png,2026-08-25T17:07:02.557237471Z,C4,2026-08-25T17:07:02.557237471Z,12,2026-08-25T17:07:02.557237471Z,35,2026-08-25T17:07:02.557237471Z
01M0WY7G9D45EEKFK7KZNEZWJ5,01M0WWQ9XB6TMTWDYN7GB59TN7,2026-08-25T17:07:02.573935675Z,"[{""text"":""hallelujah hands"",""sender"":{""id"":""01M0WY0ECEQWZG8FEZD72ENETD"",""name"":""Minu"",""avatar"":""https://api.dicebear.com/8.x/rings/svg?seed=Minu""}},{""text"":""sitting on a ledge"",""sender"":{""id"":""01M0WY0ECEQWZG8FEZD72ENETD"",""name"":""Minu"",""avatar"":""https://api.dicebear.com/8.x/rings/svg?seed=Minu""}}]",2026-08-25T17:42:31.125920332Z,"[1787679747674,1787679751136]",2026-08-25T17:42:31.138130445Z,,,true,2026-08-25T17:42:36.363839701Z,01M0WY0ECEQWZG8FEZD72ENETD,2026-08-25T17:42:21.231513689Z,"[""A4"",""B1"",""D1"",""D2""]",2026-08-25T17:07:02.573935675Z,true,2026-08-25T17:42:36.345963736Z,01M0WWQ9XW83PGVA4HF3WT9HVR,2026-08-25T17:07:02.573935675Z,39,2026-08-25T17:07:02.573935675Z,false,2026-08-25T17:42:21.542801551Z,01M0WXR5QX7RT0467EJCPJ9Y2Y,2026-08-25T17:42:21.231513689Z,,,48,2026-08-25T17:07:02.573935675Z,12,2026-08-25T17:07:02.573935675Z,training,2026-08-25T17:07:02.573935675Z,3,2026-08-25T17:07:02.573935675Z,4,2026-08-25T17:07:02.573935675Z,/tangrams/279_244.png,2026-08-25T17:42:36.363839701Z,/tangrams/279_244.png,2026-08-25T17:42:33.200336891Z,1787679753104,2026-08-25T17:42:33.194821568Z,0,2026-08-25T17:07:02.573935675Z,2,2026-08-25T17:07:03.59056049Z,true,2026-08-25T17:42:21.179877225Z,"[""/tangrams/138_66.png"",""/tangrams/366_244.png"",""/tangrams/279_244.png"",""/tangrams/279_339.png""]",2026-08-25T17:07:02.573935675Z,/tangrams/279_244.png,2026-08-25T17:07:02.573935675Z,D1,2026-08-25T17:07:02.573935675Z,3,2026-08-25T17:07:02.573935675Z,38,2026-08-25T17:07:02.573935675Z
01M0WY8D6XRQ1FJY1X1AWMK4ZV,01M0WWQ9XB6TMTWDYN7GB59TN7,2026-08-25T17:07:32.189525764Z,"[{""text"":""two legs with a hat top top with a black diamond on top the hat ."",""sender"":{""id"":""01M0WY1FH5WQS14DQ3V446M8AM"",""name"":""Repi"",""avatar"":""https://api.dicebear.com/8.x/rings/svg?seed=Repi""}},{""text"":""only one w"",""sender"":{""id"":""01M0WY1FH5WQS14DQ3V446M8AM"",""name"":""Repi"",""avatar"":""https://api.dicebear.com/8.x/rings/svg?seed=Repi""}}]",2026-08-25T17:49:02.309382133Z,"[1787680137548,1787680142320]",2026-08-25T17:49:02.322311396Z,,,true,2026-08-25T17:49:14.444826601Z,01M0WY1FH5WQS14DQ3V446M8AM,2026-08-25T17:48:34.994396906Z,"[""A3"",""D2"",""C4"",""B1""]",2026-08-25T17:07:32.189525764Z,true,2026-08-25T17:49:14.431240098Z,01M0WWQ9XT2Q7RF2RHNCTTRDNK,2026-08-25T17:07:32.189525764Z,44,2026-08-25T17:07:32.189525764Z,false,2026-08-25T17:48:35.156489871Z,01M0WY1V9QET0HYE5N0547967Y,2026-08-25T17:48:34.994396906Z,,,48,2026-08-25T17:07:32.189525764Z,12,2026-08-25T17:07:32.189525764Z,training,2026-08-25T17:07:32.189525764Z,3,2026-08-25T17:07:32.189525764Z,4,2026-08-25T17:07:32.189525764Z,/tangrams/138_405.png,2026-08-25T17:49:14.444826601Z,/tangrams/138_405.png,2026-08-25T17:49:11.277083237Z,1787680151865,2026-08-25T17:49:11.39105213Z,0,2026-08-25T17:07:32.189525764Z,2,2026-08-25T17:07:33.369391833Z,true,2026-08-25T17:48:34.95246708Z,"[""/tangrams/138_405.png"",""/tangrams/279_339.png"",""/tangrams/422_66.png"",""/tangrams/366_244.png""]",2026-08-25T17:07:32.189525764Z,/tangrams/138_405.png,2026-08-25T17:07:32.189525764Z,A3,2026-08-25T17:07:32.189525764Z,8,2026-08-25T17:07:32.189525764Z,43,2026-08-25T17:07:32.189525764Z
01M0WXEB72KD1D8SXVT2494W2W,01M0WWQ73PEDYQHEYYBB88AXMD,2026-08-25T16:53:18.178436032Z,,,,,,,,,,,"[""F3"",""F5"",""F2"",""B2""]",2026-08-25T16:53:18.178436032Z,false,2026-08-25T16:53:18.178436032Z,01M0WWQ74M3NWYAJGQB0ESKAD2,2026-08-25T16:53:18.178436032Z,43,2026-08-25T16:53:18.178436032Z,,,,,,,48,2026-08-25T16:53:18.178436032Z,12,2026-08-25T16:53:18.178436032Z,training,2026-08-25T16:53:18.178436032Z,3,2026-08-25T16:53:18.178436032Z,4,2026-08-25T16:53:18.178436032Z,,,,2026-08-25T16:53:18.178436032Z,,,0,2026-08-25T16:53:18.178436032Z,2,2026-08-25T16:53:19.202153558Z,false,2026-08-25T16:53:18.178436032Z,"[""/tangrams/170_154.png"",""/tangrams/456_48.png"",""/tangrams/290_64.png"",""/tangrams/366_339.png""]",2026-08-25T16:53:18.178436032Z,/tangrams/456_48.png,2026-08-25T16:53:18.178436032Z,F5,2026-08-25T16:53:18.178436032Z,7,2026-08-25T16:53:18.178436032Z,42,2026-08-25T16:53:18.178436032Z
01M0WY9697GC8G95288JJA9DZG,01M0WWQAZ72GMKNB5E8VWC3WG2,2026-08-25T17:07:57.863234286Z,"[{""text"":""boat on its side, zagged edges on left"",""sender"":{""id"":""01M0WY2T8PBZPVGKC7BWFHJ59J"",""name"":""Minu"",""avatar"":""https://api.dicebear.com/8.x/rings/svg?seed=Minu""}}]",2026-08-25T17:52:44.320781413Z,[1787680364332],2026-08-25T17:52:44.334783728Z,,,true,2026-08-25T17:52:52.488495006Z,01M0WY2T8PBZPVGKC7BWFHJ59J,2026-08-25T17:52:28.118124688Z,"[""B1"",""B4"",""D1"",""A3""]",2026-08-25T17:07:57.863234286Z,true,2026-08-25T17:52:52.476694515Z,01M0WWQAZPP7VBJF1WXDE2YKFW,2026-08-25T17:07:57.863234286Z,43,2026-08-25T17:07:57.863234286Z,false,2026-08-25T17:52:28.352314726Z,01M0WXSYNRXCYGT80QAR430CBD,2026-08-25T17:52:28.118124688Z,,,48,2026-08-25T17:07:57.863234286Z,12,2026-08-25T17:07:57.863234286Z,training,2026-08-25T17:07:57.863234286Z,3,2026-08-25T17:07:57.863234286Z,4,2026-08-25T17:07:57.863234286Z,/tangrams/348_314.png,2026-08-25T17:52:52.488495006Z,/tangrams/348_314.png,2026-08-25T17:52:49.312453215Z,1787680369874,2026-08-25T17:52:49.322888652Z,1,2026-08-25T17:07:57.863234286Z,2,2026-08-25T17:07:59.056316533Z,true,2026-08-25T17:52:28.071628113Z,"[""/tangrams/348_314.png"",""/tangrams/348_464.png"",""/tangrams/20_314.png"",""/tangrams/66_24.png""]",2026-08-25T17:07:57.863234286Z,/tangrams/348_314.png,2026-08-25T17:07:57.863234286Z,B1,2026-08-25T17:07:57.863234286Z,7,2026-08-25T17:07:57.863234286Z,42,2026-08-25T17:07:57.863234286Z
01M0WY4EYM82EYN7VAQVYAYP8X,01M0WWQ9XB6TMTWDYN7GB59TN7,2026-08-25T17:05:22.900239943Z,"[{""text"":""side boat"",""sender"":{""id"":""01M0WY0ENCGBGZ9MKY7CZKA71D"",""name"":""Minu"",""avatar"":""https://api.dicebear.com/8.x/rings/svg?seed=Minu""}}]",2026-08-25T17:26:10.573805521Z,[1787678770583],2026-08-25T17:26:10.584820656Z,,,true,2026-08-25T17:26:19.662982965Z,01M0WY0ENCGBGZ9MKY7CZKA71D,2026-08-25T17:26:05.257237655Z,"[""F4"",""F5"",""A1"",""F6""]",2026-08-25T17:05:22.900239943Z,true,2026-08-25T17:26:19.649442048Z,01M0WWQ9XVXJV1JR4118CY5W09,2026-08-25T17:05:22.900239943Z,35,2026-08-25T17:05:22.900239943Z,false,2026-08-25T17:26:05.421659508Z,01M0WY0C090AZDG2K9X542KKDB,2026-08-25T17:26:05.257237655Z,,,48,2026-08-25T17:05:22.900239943Z,12,2026-08-25T17:05:22.900239943Z,training,2026-08-25T17:05:22.900239943Z,2,2026-08-25T17:05:22.900239943Z,4,2026-08-25T17:05:22.900239943Z,/tangrams/434_227.png,2026-08-25T17:26:19.662982965Z,/tangrams/434_227.png,2026-08-25T17:26:16.538389897Z,1787678776454,2026-08-25T17:26:16.549213942Z,0,2026-08-25T17:05:22.900239943Z,2,2026-08-25T17:05:23.697087772Z,true,2026-08-25T17:26:05.203457111Z,"[""/tangrams/434_227.png"",""/tangrams/456_48.png"",""/tangrams/138_244.png"",""/tangrams/134_125.png""]",2026-08-25T17:05:22.900239943Z,/tangrams/434_227.png,2026-08-25T17:05:22.900239943Z,F4,2026-08-25T17:05:22.900239943Z,11,2026-08-25T17:05:22.900239943Z,34,2026-08-25T17:05:22.900239943Z
01M0WY8DAEK9ZTS1YE2D57S3QA,01M0WWQ9XB6TMTWDYN7GB59TN7,2026-08-25T17:07:32.302860765Z,"[{""text"":""two legs walking, with a hat and a black diamond on top"",""sender"":{""id"":""01M0WY1FH5WQS14DQ3V446M8AM"",""name"":""Repi"",""avatar"":""https://api.dicebear.com/8.x/rings/svg?seed=Repi""}}]",2026-08-25T17:37:49.487513212Z,[1787679469497],2026-08-25T17:37:49.499237012Z,,,true,2026-08-25T17:38:02.318019095Z,01M0WY1FH5WQS14DQ3V446M8AM,2026-08-25T17:37:25.93022437Z,"[""B1"",""A3"",""C4"",""D2""]",2026-08-25T17:07:32.302860765Z,true,2026-08-25T17:38:02.30474169Z,01M0WWQ9XT2Q7RF2RHNCTTRDNK,2026-08-25T17:07:32.302860765Z,24,2026-08-25T17:07:32.302860765Z,false,2026-08-25T17:37:26.129601139Z,01M0WY1V9QET0HYE5N0547967Y,2026-08-25T17:37:25.93022437Z,,,48,2026-08-25T17:07:32.302860765Z,12,2026-08-25T17:07:32.302860765Z,training,2026-08-25T17:07:32.302860765Z,1,2026-08-25T17:07:32.302860765Z,4,2026-08-25T17:07:32.302860765Z,/tangrams/138_405.png,2026-08-25T17:38:02.318019095Z,/tangrams/138_405.png,2026-08-25T17:37:59.172261123Z,1787679479694,2026-08-25T17:37:59.16703636Z,0,2026-08-25T17:07:32.302860765Z,2,2026-08-25T17:07:33.01280465Z,true,2026-08-25T17:37:25.860635832Z,"[""/tangrams/366_244.png"",""/tangrams/138_405.png"",""/tangrams/422_66.png"",""/tangrams/279_339.png""]",2026-08-25T17:07:32.302860765Z,/tangrams/138_405.png,2026-08-25T17:07:32.302860765Z,A3,2026-08-25T17:07:32.302860765Z,12,2026-08-25T17:07:32.302860765Z,23,2026-08-25T17:07:32.302860765Z
01M0WY96EVCAX7AKFRHK9Q6BVM,01M0WWQAZ72GMKNB5E8VWC3WG2,2026-08-25T17:07:58.043164234Z,"[{""text"":""solid shape that almost fills the whole box. white empty rectangle in the center. just corners cut from larger shape."",""sender"":{""id"":""01M0WXSYNRXCYGT80QAR430CBD"",""name"":""Repi"",""avatar"":""https://api.dicebear.com/8.x/rings/svg?seed=Repi""}}]",2026-08-25T17:51:11.183756544Z,[1787680271194],2026-08-25T17:51:11.197293511Z,,,true,2026-08-25T17:51:20.82507594Z,01M0WXSYNRXCYGT80QAR430CBD,2026-08-25T17:50:45.96676278Z,"[""A3"",""B4"",""D2"",""D3""]",2026-08-25T17:07:58.043164234Z,true,2026-08-25T17:51:20.806888885Z,01M0WWQAZPP7VBJF1WXDE2YKFW,2026-08-25T17:07:58.043164234Z,40,2026-08-25T17:07:58.043164234Z,false,2026-08-25T17:50:46.176270614Z,01M0WY2T8PBZPVGKC7BWFHJ59J,2026-08-25T17:50:45.96676278Z,,,48,2026-08-25T17:07:58.043164234Z,12,2026-08-25T17:07:58.043164234Z,training,2026-08-25T17:07:58.043164234Z,3,2026-08-25T17:07:58.043164234Z,4,2026-08-25T17:07:58.043164234Z,/tangrams/20_24.png,2026-08-25T17:51:20.82507594Z,/tangrams/20_24.png,2026-08-25T17:51:17.650245452Z,1787680278585,2026-08-25T17:51:17.659639944Z,1,2026-08-25T17:07:58.043164234Z,2,2026-08-25T17:07:58.994496886Z,true,2026-08-25T17:50:45.915521106Z,"[""/tangrams/66_24.png"",""/tangrams/348_464.png"",""/tangrams/20_441.png"",""/tangrams/20_24.png""]",2026-08-25T17:07:58.043164234Z,/tangrams/20_24.png,2026-08-25T17:07:58.043164234Z,D3,2026-08-25T17:07:58.043164234Z,4,2026-08-25T17:07:58.043164234Z,39,2026-08-25T17:07:58.043164234Z
01M0WYEESR5GTN2HBNN0R95AAG,01M0WWQAZ72GMKNB5E8VWC3WG2,2026-08-25T17:10:50.424560546Z,,,,,,,,,,,"[""B3"",""D1"",""A2"",""C4""]",2026-08-25T17:10:50.424560546Z,false,2026-08-25T17:10:50.424560546Z,01M0WWQAZRRWZPK3N7VE24RFV2,2026-08-25T17:10:50.424560546Z,9,2026-08-25T17:10:50.424560546Z,,,,,,,48,2026-08-25T17:10:50.424560546Z,12,2026-08-25T17:10:50.424560546Z,training,2026-08-25T17:10:50.424560546Z,0,2026-08-25T17:10:50.424560546Z,4,2026-08-25T17:10:50.424560546Z,,,,2026-08-25T17:10:50.424560546Z,,,1,2026-08-25T17:10:50.424560546Z,2,2026-08-25T17:10:50.947204886Z,false,2026-08-25T17:10:50.424560546Z,"[""/tangrams/348_24.png"",""/tangrams/20_314.png"",""/tangrams/66_441.png"",""/tangrams/202_464.png""]",2026-08-25T17:10:50.424560546Z,/tangrams/20_314.png,2026-08-25T17:10:50.424560546Z,D1,2026-08-25T17:10:50.424560546Z,9,2026-08-25T17:10:50.424560546Z,8,2026-08-25T17:10:50.424560546Z
01M0WXGEG1T2FDEDH4P583RGT0,01M0WWQ73PEDYQHEYYBB88AXMD,2026-08-25T16:54:27.073188897Z,,,,,,,,,,,"[""D3"",""C1"",""B4"",""C4""]",2026-08-25T16:54:27.073188897Z,false,2026-08-25T16:54:27.073188897Z,01M0WWQ74ND1AHANTF309RNWJE,2026-08-25T16:54:27.073188897Z,45,2026-08-25T16:54:27.073188897Z,,,,,,,48,2026-08-25T16:54:27.073188897Z,12,2026-08-25T16:54:27.073188897Z,training,2026-08-25T16:54:27.073188897Z,3,2026-08-25T16:54:27.073188897Z,4,2026-08-25T16:54:27.073188897Z,,,,2026-08-25T16:54:27.073188897Z,,,0,2026-08-25T16:54:27.073188897Z,2,2026-08-25T16:54:28.034005606Z,false,2026-08-25T16:54:27.073188897Z,"[""/tangrams/279_405.png"",""/tangrams/422_244.png"",""/tangrams/366_66.png"",""/tangrams/422_66.png""]",2026-08-25T16:54:27.073188897Z,/tangrams/422_66.png,2026-08-25T16:54:27.073188897Z,C4,2026-08-25T16:54:27.073188897Z,9,2026-08-25T16:54:27.073188897Z,44,2026-08-25T16:54:27.073188897Z
01M0WXEBC4YZHXQS1RMVZTF0N0,01M0WWQ73PEDYQHEYYBB88AXMD,2026-08-25T16:53:18.34090305Z,,,,,,,,,,,"[""F8"",""C3"",""A1"",""D4""]",2026-08-25T16:53:18.34090305Z,false,2026-08-25T16:53:18.34090305Z,01M0WWQ74M3NWYAJGQB0ESKAD2,2026-08-25T16:53:18.34090305Z,29,2026-08-25T16:53:18.34090305Z,,,,,,,48,2026-08-25T16:53:18.34090305Z,12,2026-08-25T16:53:18.34090305Z,training,2026-08-25T16:53:18.34090305Z,2,2026-08-25T16:53:18.34090305Z,4,2026-08-25T16:53:18.34090305Z,,,,2026-08-25T16:53:18.34090305Z,,,0,2026-08-25T16:53:18.34090305Z,2,2026-08-25T16:53:18.928181256Z,false,2026-08-25T16:53:18.34090305Z,"[""/tangrams/37_144.png"",""/tangrams/422_405.png"",""/tangrams/138_244.png"",""/tangrams/279_66.png""]",2026-08-25T16:53:18.34090305Z,/tangrams/138_244.png,2026-08-25T16:53:18.34090305Z,A1,2026-08-25T16:53:18.34090305Z,5,2026-08-25T16:53:18.34090305Z,28,2026-08-25T16:53:18.34090305Z
01M0WY8WQXDTBH28CSF6S691WR,01M0WWQAZ72GMKNB5E8VWC3WG2,2026-08-25T17:07:48.093098595Z,"[{""text"":""little diamond on the top, wide rectangle in the middle"",""sender"":{""id"":""01M0WY0YPE1FGB7GNWHKCY08ZN"",""name"":""Minu"",""avatar"":""https://api.dicebear.com/8.x/rings/svg?seed=Minu""}}]",2026-08-25T17:20:14.330470186Z,[1787678414338],2026-08-25T17:20:14.339914166Z,,,true,2026-08-25T17:20:21.924115761Z,01M0WY0YPE1FGB7GNWHKCY08ZN,2026-08-25T17:19:57.266118518Z,"[""C3"",""F1"",""F6"",""F3""]",2026-08-25T17:07:48.093098595Z,true,2026-08-25T17:20:21.91200315Z,01M0WWQAZTRSENW9JN2FSQ4BA7,2026-08-25T17:07:48.093098595Z,15,2026-08-25T17:07:48.093098595Z,false,2026-08-25T17:19:57.407390773Z,01M0WY09KXZQGZCXQXZTYFDW8C,2026-08-25T17:19:57.266118518Z,,,48,2026-08-25T17:07:48.093098595Z,12,2026-08-25T17:07:48.093098595Z,training,2026-08-25T17:07:48.093098595Z,1,2026-08-25T17:07:48.093098595Z,4,2026-08-25T17:07:48.093098595Z,/tangrams/134_125.png,2026-08-25T17:20:21.924115761Z,/tangrams/134_125.png,2026-08-25T17:20:18.802007132Z,1787678420194,2026-08-25T17:20:18.806266315Z,0,2026-08-25T17:07:48.093098595Z,2,2026-08-25T17:07:48.633695009Z,true,2026-08-25T17:19:57.221877781Z,"[""/tangrams/422_405.png"",""/tangrams/119_182.png"",""/tangrams/134_125.png"",""/tangrams/170_154.png""]",2026-08-25T17:07:48.093098595Z,/tangrams/134_125.png,2026-08-25T17:07:48.093098595Z,F6,2026-08-25T17:07:48.093098595Z,3,2026-08-25T17:07:48.093098595Z,14,2026-08-25T17:07:48.093098595Z
01M0WXEB7D85C5EED9WBEDQSFF,01M0WWQ73PEDYQHEYYBB88AXMD,2026-08-25T16:53:18.189750832Z,"[{""text"":""Looks like a guy climbing into a box. Imagine his legs and butt sticking out the top as hes crawling in lol"",""sender"":{""id"":""01M0WWZBDJ6CA985ZGF4JYT3P6"",""name"":""Repi"",""avatar"":""https://api.dicebear.com/8.x/rings/svg?seed=Repi""}}]",2026-08-25T17:02:51.186867024Z,[1787677371190],2026-08-25T17:02:51.193895508Z,,,false,2026-08-25T17:03:29.846734214Z,01M0WWZBDJ6CA985ZGF4JYT3P6,2026-08-25T17:02:26.692573657Z,"[""F1"",""D4"",""F7"",""B2""]",2026-08-25T16:53:18.189750832Z,true,2026-08-25T17:03:29.83880541Z,01M0WWQ74M3NWYAJGQB0ESKAD2,2026-08-25T16:53:18.189750832Z,6,2026-08-25T16:53:18.189750832Z,false,2026-08-25T17:02:26.984740484Z,01M0WX6P9Z1RRJ4EYT8244HGBW,2026-08-25T17:02:26.692573657Z,,,48,2026-08-25T16:53:18.189750832Z,12,2026-08-25T16:53:18.189750832Z,training,2026-08-25T16:53:18.189750832Z,0,2026-08-25T16:53:18.189750832Z,4,2026-08-25T16:53:18.189750832Z,,2026-08-25T17:03:29.846734214Z,,2026-08-25T16:53:18.189750832Z,,,0,2026-08-25T16:53:18.189750832Z,2,2026-08-25T16:53:18.531642683Z,true,2026-08-25T17:02:26.669074575Z,"[""/tangrams/119_182.png"",""/tangrams/279_66.png"",""/tangrams/411_352.png"",""/tangrams/366_339.png""]",2026-08-25T16:53:18.189750832Z,/tangrams/279_66.png,2026-08-25T16:53:18.189750832Z,D4,2026-08-25T16:53:18.189750832Z,6,2026-08-25T16:53:18.189750832Z,5,2026-08-25T16:53:18.189750832Z
01M0WYEEYK2JEP6VS4ZJPM5GBP,01M0WWQAZ72GMKNB5E8VWC3WG2,2026-08-25T17:10:50.579778005Z,,,,,,,,,,,"[""A4"",""D2"",""B3"",""C1""]",2026-08-25T17:10:50.579778005Z,false,2026-08-25T17:10:50.579778005Z,01M0WWQAZRRWZPK3N7VE24RFV2,2026-08-25T17:10:50.579778005Z,37,2026-08-25T17:10:50.579778005Z,,,,,,,48,2026-08-25T17:10:50.579778005Z,12,2026-08-25T17:10:50.579778005Z,training,2026-08-25T17:10:50.579778005Z,3,2026-08-25T17:10:50.579778005Z,4,2026-08-25T17:10:50.579778005Z,,,,2026-08-25T17:10:50.579778005Z,,,1,2026-08-25T17:10:50.579778005Z,2,2026-08-25T17:10:51.68866948Z,false,2026-08-25T17:10:50.579778005Z,"[""/tangrams/66_464.png"",""/tangrams/20_441.png"",""/tangrams/348_24.png"",""/tangrams/202_314.png""]",2026-08-25T17:10:50.579778005Z,/tangrams/66_464.png,2026-08-25T17:10:50.579778005Z,A4,2026-08-25T17:10:50.579778005Z,1,2026-08-25T17:10:50.579778005Z,36,2026-08-25T17:10:50.579778005Z
01M0WXEB63NHEA0KY67KYVJRAM,01M0WWQ73PEDYQHEYYBB88AXMD,2026-08-25T16:53:18.147124328Z,,,,,,,,,,,,,true,2026-08-25T16:59:11.415457397Z,01M0WWQ74M3NWYAJGQB0ESKAD2,2026-08-25T16:53:18.147124328Z,0,2026-08-25T16:53:18.147124328Z,false,2026-08-25T16:53:22.128094726Z,,,8,2026-08-25T16:53:18.147124328Z,,,,,pretest,2026-08-25T16:53:18.147124328Z,,,,,,,,2026-08-25T16:53:21.854326844Z,,,,,1,2026-08-25T16:53:18.425518135Z,true,2026-08-25T16:53:19.360977041Z,[],2026-08-25T16:53:18.147124328Z,,2026-08-25T16:53:18.147124328Z,,,,,,
01M0WY7G5XCGCNWKGXBF7R5F2N,01M0WWQ9XB6TMTWDYN7GB59TN7,2026-08-25T17:07:02.461189005Z,"[{""text"":""top is like a hat"",""sender"":{""id"":""01M0WY0ECEQWZG8FEZD72ENETD"",""name"":""Minu"",""avatar"":""https://api.dicebear.com/8.x/rings/svg?seed=Minu""}},{""text"":""with a irregular shape inside of it"",""sender"":{""id"":""01M0WY0ECEQWZG8FEZD72ENETD"",""name"":""Minu"",""avatar"":""https://api.dicebear.com/8.x/rings/svg?seed=Minu""}},{""text"":""both sides pointing outwards"",""sender"":{""id"":""01M0WY0ECEQWZG8FEZD72ENETD"",""name"":""Minu"",""avatar"":""https://api.dicebear.com/8.x/rings/svg?seed=Minu""}},{""text"":""all dark the base"",""sender"":{""id"":""01M0WY0ECEQWZG8FEZD72ENETD"",""name"":""Minu"",""avatar"":""https://api.dicebear.com/8.x/rings/svg?seed=Minu""}}]",2026-08-25T17:33:10.919573925Z,"[1787679172106,1787679178871,1787679185821,1787679190952]",2026-08-25T17:33:10.954598105Z,,,true,2026-08-25T17:33:15.902258328Z,01M0WY0ECEQWZG8FEZD72ENETD,2026-08-25T17:32:44.925180328Z,"[""D3"",""C4"",""B4"",""C1""]",2026-08-25T17:07:02.461189005Z,true,2026-08-25T17:33:15.870225484Z,01M0WWQ9XW83PGVA4HF3WT9HVR,2026-08-25T17:07:02.461189005Z,17,2026-08-25T17:07:02.461189005Z,false,2026-08-25T17:32:45.228266815Z,01M0WXR5QX7RT0467EJCPJ9Y2Y,2026-08-25T17:32:44.925180328Z,,,48,2026-08-25T17:07:02.461189005Z,12,2026-08-25T17:07:02.461189005Z,training,2026-08-25T17:07:02.461189005Z,1,2026-08-25T17:07:02.461189005Z,4,2026-08-25T17:07:02.461189005Z,/tangrams/422_66.png,2026-08-25T17:33:15.902258328Z,/tangrams/422_66.png,2026-08-25T17:33:12.524482765Z,1787679192427,2026-08-25T17:33:12.548375733Z,0,2026-08-25T17:07:02.461189005Z,2,2026-08-25T17:07:03.133056319Z,true,2026-08-25T17:32:44.872290795Z,"[""/tangrams/279_405.png"",""/tangrams/422_66.png"",""/tangrams/366_66.png"",""/tangrams/422_244.png""]",2026-08-25T17:07:02.461189005Z,/tangrams/422_66.png,2026-08-25T17:07:02.461189005Z,C4,2026-08-25T17:07:02.461189005Z,5,2026-08-25T17:07:02.461189005Z,16,2026-08-25T17:07:02.461189005Z
01M0WY8WKG2ZBFW74X8VKABAZ5,01M0WWQAZ72GMKNB5E8VWC3WG2,2026-08-25T17:07:47.952680307Z,"[{""text"":""open box with big diamond coming out (triangle inside the diamond)"",""sender"":{""id"":""01M0WY0YPE1FGB7GNWHKCY08ZN"",""name"":""Minu"",""avatar"":""https://api.dicebear.com/8.x/rings/svg?seed=Minu""}}]",2026-08-25T17:23:35.962084822Z,[1787678615970],2026-08-25T17:23:35.972941681Z,,,true,2026-08-25T17:23:43.798131054Z,01M0WY0YPE1FGB7GNWHKCY08ZN,2026-08-25T17:23:08.088346348Z,"[""D4"",""B2"",""F6"",""F7""]",2026-08-25T17:07:47.952680307Z,true,2026-08-25T17:23:43.782276629Z,01M0WWQAZTRSENW9JN2FSQ4BA7,2026-08-25T17:07:47.952680307Z,23,2026-08-25T17:07:47.952680307Z,false,2026-08-25T17:23:08.214175789Z,01M0WY09KXZQGZCXQXZTYFDW8C,2026-08-25T17:23:08.088346348Z,,,48,2026-08-25T17:07:47.952680307Z,12,2026-08-25T17:07:47.952680307Z,training,2026-08-25T17:07:47.952680307Z,1,2026-08-25T17:07:47.952680307Z,4,2026-08-25T17:07:47.952680307Z,/tangrams/279_66.png,2026-08-25T17:23:43.798131054Z,/tangrams/279_66.png,2026-08-25T17:23:40.656657732Z,1787678622048,2026-08-25T17:23:40.667596089Z,0,2026-08-25T17:07:47.952680307Z,2,2026-08-25T17:07:48.766019242Z,true,2026-08-25T17:23:08.038153322Z,"[""/tangrams/279_66.png"",""/tangrams/366_339.png"",""/tangrams/134_125.png"",""/tangrams/411_352.png""]",2026-08-25T17:07:47.952680307Z,/tangrams/279_66.png,2026-08-25T17:07:47.952680307Z,D4,2026-08-25T17:07:47.952680307Z,11,2026-08-25T17:07:47.952680307Z,22,2026-08-25T17:07:47.952680307Z
01M0WY96DGR3JJT546F6N7TRKH,01M0WWQAZ72GMKNB5E8VWC3WG2,2026-08-25T17:07:58.000205219Z,"[{""text"":""a tree on its side, with a pointed right side facing the middle of the box"",""sender"":{""id"":""01M0WY2T8PBZPVGKC7BWFHJ59J"",""name"":""Minu"",""avatar"":""https://api.dicebear.com/8.x/rings/svg?seed=Minu""}}]",2026-08-25T17:28:34.949223076Z,[1787678914958],2026-08-25T17:28:34.960618906Z,,,false,2026-08-25T17:28:57.068501805Z,01M0WY2T8PBZPVGKC7BWFHJ59J,2026-08-25T17:27:58.489221886Z,"[""A4"",""B1"",""C4"",""A2""]",2026-08-25T17:07:58.000205219Z,true,2026-08-25T17:28:57.052258417Z,01M0WWQAZPP7VBJF1WXDE2YKFW,2026-08-25T17:07:58.000205219Z,5,2026-08-25T17:07:58.000205219Z,false,2026-08-25T17:27:58.779627027Z,01M0WXSYNRXCYGT80QAR430CBD,2026-08-25T17:27:58.489221886Z,,,48,2026-08-25T17:07:58.000205219Z,12,2026-08-25T17:07:58.000205219Z,training,2026-08-25T17:07:58.000205219Z,0,2026-08-25T17:07:58.000205219Z,4,2026-08-25T17:07:58.000205219Z,/tangrams/348_314.png,2026-08-25T17:28:57.068501805Z,/tangrams/348_314.png,2026-08-25T17:28:53.873055903Z,1787678934456,2026-08-25T17:28:53.864284958Z,1,2026-08-25T17:07:58.000205219Z,2,2026-08-25T17:07:58.299872348Z,true,2026-08-25T17:27:58.441521933Z,"[""/tangrams/66_464.png"",""/tangrams/348_314.png"",""/tangrams/202_464.png"",""/tangrams/66_441.png""]",2026-08-25T17:07:58.000205219Z,/tangrams/66_464.png,2026-08-25T17:07:58.000205219Z,A4,2026-08-25T17:07:58.000205219Z,5,2026-08-25T17:07:58.000205219Z,4,2026-08-25T17:07:58.000205219Z
01M0WXAW598VBCFKE1R3EBA066,01M0WWQ73PEDYQHEYYBB88AXMD,2026-08-25T16:51:24.457946644Z,"[{""text"":""legs"",""sender"":{""id"":""01M0WX9MXH1SX7Q50079HW9F7E"",""name"":""Minu"",""avatar"":""https://api.dicebear.com/8.x/rings/svg?seed=Minu""}}]",2026-08-25T17:27:01.287431582Z,[1787678821297],2026-08-25T17:27:01.298919398Z,,,true,2026-08-25T17:27:06.331177894Z,01M0WX9MXH1SX7Q50079HW9F7E,2026-08-25T17:26:46.116945648Z,"[""B4"",""D3"",""A2"",""C1""]",2026-08-25T16:51:24.457946644Z,true,2026-08-25T17:27:06.316083668Z,01M0WWQ74H7CSGCPAHPDSCJ0PV,2026-08-25T16:51:24.457946644Z,47,2026-08-25T16:51:24.457946644Z,false,2026-08-25T17:26:46.274011256Z,01M0WX667JRE4461924BYZ6YJ1,2026-08-25T17:26:46.116945648Z,,,48,2026-08-25T16:51:24.457946644Z,12,2026-08-25T16:51:24.457946644Z,training,2026-08-25T16:51:24.457946644Z,3,2026-08-25T16:51:24.457946644Z,4,2026-08-25T16:51:24.457946644Z,/tangrams/279_405.png,2026-08-25T17:27:06.331177894Z,/tangrams/279_405.png,2026-08-25T17:27:03.193286676Z,1787678823174,2026-08-25T17:27:03.188532389Z,0,2026-08-25T16:51:24.457946644Z,2,2026-08-25T16:51:25.456627508Z,true,2026-08-25T17:26:46.048654561Z,"[""/tangrams/366_66.png"",""/tangrams/279_405.png"",""/tangrams/138_339.png"",""/tangrams/422_244.png""]",2026-08-25T16:51:24.457946644Z,/tangrams/279_405.png,2026-08-25T16:51:24.457946644Z,D3,2026-08-25T16:51:24.457946644Z,11,2026-08-25T16:51:24.457946644Z,46,2026-08-25T16:51:24.457946644Z
01M0WXEB89ZYG6BR37DA5ZTBSV,01M0WWQ73PEDYQHEYYBB88AXMD,2026-08-25T16:53:18.217263604Z,,,,,,,,,,,"[""F3"",""A1"",""B2"",""F7""]",2026-08-25T16:53:18.217263604Z,false,2026-08-25T16:53:18.217263604Z,01M0WWQ74M3NWYAJGQB0ESKAD2,2026-08-25T16:53:18.217263604Z,46,2026-08-25T16:53:18.217263604Z,,,,,,,48,2026-08-25T16:53:18.217263604Z,12,2026-08-25T16:53:18.217263604Z,training,2026-08-25T16:53:18.217263604Z,3,2026-08-25T16:53:18.217263604Z,4,2026-08-25T16:53:18.217263604Z,,,,2026-08-25T16:53:18.217263604Z,,,0,2026-08-25T16:53:18.217263604Z,2,2026-08-25T16:53:19.247362394Z,false,2026-08-25T16:53:18.217263604Z,"[""/tangrams/170_154.png"",""/tangrams/138_244.png"",""/tangrams/366_339.png"",""/tangrams/411_352.png""]",2026-08-25T16:53:18.217263604Z,/tangrams/170_154.png,2026-08-25T16:53:18.217263604Z,F3,2026-08-25T16:53:18.217263604Z,10,2026-08-25T16:53:18.217263604Z,45,2026-08-25T16:53:18.217263604Z
01M0WXEBCPJ89WBZ9BJCWGGNPJ,01M0WWQ73PEDYQHEYYBB88AXMD,2026-08-25T16:53:18.358798508Z,,,,,,,,,,,"[""F1"",""F2"",""B2"",""C3""]",2026-08-25T16:53:18.358798508Z,false,2026-08-25T16:53:18.358798508Z,01M0WWQ74M3NWYAJGQB0ESKAD2,2026-08-25T16:53:18.358798508Z,32,2026-08-25T16:53:18.358798508Z,,,,,,,48,2026-08-25T16:53:18.358798508Z,12,2026-08-25T16:53:18.358798508Z,training,2026-08-25T16:53:18.358798508Z,2,2026-08-25T16:53:18.358798508Z,4,2026-08-25T16:53:18.358798508Z,,,,2026-08-25T16:53:18.358798508Z,,,0,2026-08-25T16:53:18.358798508Z,2,2026-08-25T16:53:18.967925252Z,false,2026-08-25T16:53:18.358798508Z,"[""/tangrams/119_182.png"",""/tangrams/290_64.png"",""/tangrams/366_339.png"",""/tangrams/422_405.png""]",2026-08-25T16:53:18.358798508Z,/tangrams/422_405.png,2026-08-25T16:53:18.358798508Z,C3,2026-08-25T16:53:18.358798508Z,8,2026-08-25T16:53:18.358798508Z,31,2026-08-25T16:53:18.358798508Z
01M0WXGECVR2GRWBNAGB7BJZ90,01M0WWQ73PEDYQHEYYBB88AXMD,2026-08-25T16:54:26.971998184Z,,,,,,,,,,,"[""D1"",""D3"",""B1"",""A4""]",2026-08-25T16:54:26.971998184Z,false,2026-08-25T16:54:26.971998184Z,01M0WWQ74ND1AHANTF309RNWJE,2026-08-25T16:54:26.971998184Z,37,2026-08-25T16:54:26.971998184Z,,,,,,,48,2026-08-25T16:54:26.971998184Z,12,2026-08-25T16:54:26.971998184Z,training,2026-08-25T16:54:26.971998184Z,3,2026-08-25T16:54:26.971998184Z,4,2026-08-25T16:54:26.971998184Z,,,,2026-08-25T16:54:26.971998184Z,,,0,2026-08-25T16:54:26.971998184Z,2,2026-08-25T16:54:27.894501128Z,false,2026-08-25T16:54:26.971998184Z,"[""/tangrams/279_244.png"",""/tangrams/279_405.png"",""/tangrams/366_244.png"",""/tangrams/138_66.png""]",2026-08-25T16:54:26.971998184Z,/tangrams/279_244.png,2026-08-25T16:54:26.971998184Z,D1,2026-08-25T16:54:26.971998184Z,1,2026-08-25T16:54:26.971998184Z,36,2026-08-25T16:54:26.971998184Z
01M0WY96DK64QDG5CHMXZ4YKBE,01M0WWQAZ72GMKNB5E8VWC3WG2,2026-08-25T17:07:58.003724513Z,"[{""text"":""The right side of the shape is somewhat rounded. The left side of the shape is multiple sideways triangles pointing left."",""sender"":{""id"":""01M0WXSYNRXCYGT80QAR430CBD"",""name"":""Repi"",""avatar"":""https://api.dicebear.com/8.x/rings/svg?seed=Repi""}}]",2026-08-25T17:27:38.754401272Z,[1787678858763],2026-08-25T17:27:38.765644996Z,,,true,2026-08-25T17:27:58.42766225Z,01M0WXSYNRXCYGT80QAR430CBD,2026-08-25T17:27:05.650612193Z,"[""A4"",""C1"",""D3"",""D1""]",2026-08-25T17:07:58.003724513Z,true,2026-08-25T17:27:58.412692592Z,01M0WWQAZPP7VBJF1WXDE2YKFW,2026-08-25T17:07:58.003724513Z,4,2026-08-25T17:07:58.003724513Z,false,2026-08-25T17:27:05.868335645Z,01M0WY2T8PBZPVGKC7BWFHJ59J,2026-08-25T17:27:05.650612193Z,,,48,2026-08-25T17:07:58.003724513Z,12,2026-08-25T17:07:58.003724513Z,training,2026-08-25T17:07:58.003724513Z,0,2026-08-25T17:07:58.003724513Z,4,2026-08-25T17:07:58.003724513Z,/tangrams/20_314.png,2026-08-25T17:27:58.42766225Z,/tangrams/20_314.png,2026-08-25T17:27:55.276054838Z,1787678876216,2026-08-25T17:27:55.268659449Z,1,2026-08-25T17:07:58.003724513Z,2,2026-08-25T17:07:58.281547347Z,true,2026-08-25T17:27:05.59997915Z,"[""/tangrams/66_464.png"",""/tangrams/202_314.png"",""/tangrams/20_24.png"",""/tangrams/20_314.png""]",2026-08-25T17:07:58.003724513Z,/tangrams/20_314.png,2026-08-25T17:07:58.003724513Z,D1,2026-08-25T17:07:58.003724513Z,4,2026-08-25T17:07:58.003724513Z,3,2026-08-25T17:07:58.003724513Z
01M0WXGECT7GR0R08W36SGM1XV,01M0WWQ73PEDYQHEYYBB88AXMD,2026-08-25T16:54:26.970765122Z,,,,,,,,,,,"[""A4"",""A2"",""D3"",""C4""]",2026-08-25T16:54:26.970765122Z,false,2026-08-25T16:54:26.970765122Z,01M0WWQ74ND1AHANTF309RNWJE,2026-08-25T16:54:26.970765122Z,38,2026-08-25T16:54:26.970765122Z,,,,,,,48,2026-08-25T16:54:26.970765122Z,12,2026-08-25T16:54:26.970765122Z,training,2026-08-25T16:54:26.970765122Z,3,2026-08-25T16:54:26.970765122Z,4,2026-08-25T16:54:26.970765122Z,,,,2026-08-25T16:54:26.970765122Z,,,0,2026-08-25T16:54:26.970765122Z,2,2026-08-25T16:54:27.910623829Z,false,2026-08-25T16:54:26.970765122Z,"[""/tangrams/138_66.png"",""/tangrams/138_339.png"",""/tangrams/279_405.png"",""/tangrams/422_66.png""]",2026-08-25T16:54:26.970765122Z,/tangrams/138_66.png,2026-08-25T16:54:26.970765122Z,A4,2026-08-25T16:54:26.970765122Z,2,2026-08-25T16:54:26.970765122Z,37,2026-08-25T16:54:26.970765122Z
01M0WY7G5Z3P0M5TSNXAAVCTTW,01M0WWQ9XB6TMTWDYN7GB59TN7,2026-08-25T17:07:02.46387122Z,"[{""text"":""okay so its a v shaped top"",""sender"":{""id"":""01M0WY0ECEQWZG8FEZD72ENETD"",""name"":""Minu"",""avatar"":""https://api.dicebear.com/8.x/rings/svg?seed=Minu""}},{""text"":""sitting on a stick or a ledge attached to it"",""sender"":{""id"":""01M0WY0ECEQWZG8FEZD72ENETD"",""name"":""Minu"",""avatar"":""https://api.dicebear.com/8.x/rings/svg?seed=Minu""}}]",2026-08-25T17:32:00.723689009Z,"[1787679111466,1787679120735]",2026-08-25T17:32:00.738006019Z,,,false,2026-08-25T17:32:07.104590356Z,01M0WY0ECEQWZG8FEZD72ENETD,2026-08-25T17:31:36.486167774Z,"[""D2"",""D1"",""B1"",""C4""]",2026-08-25T17:07:02.46387122Z,true,2026-08-25T17:32:07.076621667Z,01M0WWQ9XW83PGVA4HF3WT9HVR,2026-08-25T17:07:02.46387122Z,15,2026-08-25T17:07:02.46387122Z,false,2026-08-25T17:31:36.740020127Z,01M0WXR5QX7RT0467EJCPJ9Y2Y,2026-08-25T17:31:36.486167774Z,,,48,2026-08-25T17:07:02.46387122Z,12,2026-08-25T17:07:02.46387122Z,training,2026-08-25T17:07:02.46387122Z,1,2026-08-25T17:07:02.46387122Z,4,2026-08-25T17:07:02.46387122Z,/tangrams/366_244.png,2026-08-25T17:32:07.104590356Z,/tangrams/366_244.png,2026-08-25T17:32:03.884263885Z,1787679123790,2026-08-25T17:32:03.906181579Z,0,2026-08-25T17:07:02.46387122Z,2,2026-08-25T17:07:03.095349886Z,true,2026-08-25T17:31:36.400885008Z,"[""/tangrams/279_339.png"",""/tangrams/279_244.png"",""/tangrams/366_244.png"",""/tangrams/422_66.png""]",2026-08-25T17:07:02.46387122Z,/tangrams/279_244.png,2026-08-25T17:07:02.46387122Z,D1,2026-08-25T17:07:02.46387122Z,3,2026-08-25T17:07:02.46387122Z,14,2026-08-25T17:07:02.46387122Z
01M0WY7GAVMM0EF9WHVMXPMFED,01M0WWQ9XB6TMTWDYN7GB59TN7,2026-08-25T17:07:02.619434068Z,"[{""text"":""triangle facing uo"",""sender"":{""id"":""01M0WXR5QX7RT0467EJCPJ9Y2Y"",""name"":""Repi"",""avatar"":""https://api.dicebear.com/8.x/rings/svg?seed=Repi""}},{""text"":""with house inside"",""sender"":{""id"":""01M0WXR5QX7RT0467EJCPJ9Y2Y"",""name"":""Repi"",""avatar"":""https://api.dicebear.com/8.x/rings/svg?seed=Repi""}},{""text"":""triangle facing left at bottom"",""sender"":{""id"":""01M0WXR5QX7RT0467EJCPJ9Y2Y"",""name"":""Repi"",""avatar"":""https://api.dicebear.com/8.x/rings/svg?seed=Repi""}},{""text"":""with diamond attache"",""sender"":{""id"":""01M0WXR5QX7RT0467EJCPJ9Y2Y"",""name"":""Repi"",""avatar"":""https://api.dicebear.com/8.x/rings/svg?seed=Repi""}},{""text"":""bottom very white"",""sender"":{""id"":""01M0WXR5QX7RT0467EJCPJ9Y2Y"",""name"":""Repi"",""avatar"":""https://api.dicebear.com/8.x/rings/svg?seed=Repi""}},{""text"":""how you mean facing up"",""sender"":{""id"":""01M0WY0ECEQWZG8FEZD72ENETD"",""name"":""Minu"",""avatar"":""https://api.dicebear.com/8.x/rings/svg?seed=Minu""}},{""text"":""traingle facing up"",""sender"":{""id"":""01M0WXR5QX7RT0467EJCPJ9Y2Y"",""name"":""Repi"",""avatar"":""https://api.dicebear.com/8.x/rings/svg?seed=Repi""}},{""text"":""with house inside"",""sender"":{""id"":""01M0WXR5QX7RT0467EJCPJ9Y2Y"",""name"":""Repi"",""avatar"":""https://api.dicebear.com/8.x/rings/svg?seed=Repi""}}]",2026-08-25T17:45:23.143512358Z,"[1787679888881,1787679891872,1787679895959,1787679899811,1787679907049,1787679914322,1787679919519,1787679923154]",2026-08-25T17:45:23.156223708Z,,,true,2026-08-25T17:45:39.859301317Z,01M0WXR5QX7RT0467EJCPJ9Y2Y,2026-08-25T17:44:40.112490693Z,"[""D1"",""A3"",""B4"",""B1""]",2026-08-25T17:07:02.619434068Z,true,2026-08-25T17:45:39.844546577Z,01M0WWQ9XW83PGVA4HF3WT9HVR,2026-08-25T17:07:02.619434068Z,46,2026-08-25T17:07:02.619434068Z,false,2026-08-25T17:44:40.399421824Z,01M0WY0ECEQWZG8FEZD72ENETD,2026-08-25T17:44:40.112490693Z,,,48,2026-08-25T17:07:02.619434068Z,12,2026-08-25T17:07:02.619434068Z,training,2026-08-25T17:07:02.619434068Z,3,2026-08-25T17:07:02.619434068Z,4,2026-08-25T17:07:02.619434068Z,/tangrams/366_244.png,2026-08-25T17:45:39.859301317Z,/tangrams/366_244.png,2026-08-25T17:45:36.724103063Z,1787679936280,2026-08-25T17:45:36.710044932Z,0,2026-08-25T17:07:02.619434068Z,2,2026-08-25T17:07:03.758099025Z,true,2026-08-25T17:44:40.0687233Z,"[""/tangrams/279_244.png"",""/tangrams/138_405.png"",""/tangrams/366_66.png"",""/tangrams/366_244.png""]",2026-08-25T17:07:02.619434068Z,/tangrams/366_244.png,2026-08-25T17:07:02.619434068Z,B1,2026-08-25T17:07:02.619434068Z,10,2026-08-25T17:07:02.619434068Z,45,2026-08-25T17:07:02.619434068Z
01M0WYEER7XX6Y3FB678EGZXZT,01M0WWQAZ72GMKNB5E8VWC3WG2,2026-08-25T17:10:50.375823626Z,,,,,,,,,,,"[""A2"",""B1"",""D3"",""C4""]",2026-08-25T17:10:50.375823626Z,false,2026-08-25T17:10:50.375823626Z,01M0WWQAZRRWZPK3N7VE24RFV2,2026-08-25T17:10:50.375823626Z,26,2026-08-25T17:10:50.375823626Z,,,,,,,48,2026-08-25T17:10:50.375823626Z,12,2026-08-25T17:10:50.375823626Z,training,2026-08-25T17:10:50.375823626Z,2,2026-08-25T17:10:50.375823626Z,4,2026-08-25T17:10:50.375823626Z,,,,2026-08-25T17:10:50.375823626Z,,,1,2026-08-25T17:10:50.375823626Z,2,2026-08-25T17:10:51.42124819Z,false,2026-08-25T17:10:50.375823626Z,"[""/tangrams/66_441.png"",""/tangrams/348_314.png"",""/tangrams/20_24.png"",""/tangrams/202_464.png""]",2026-08-25T17:10:50.375823626Z,/tangrams/202_464.png,2026-08-25T17:10:50.375823626Z,C4,2026-08-25T17:10:50.375823626Z,2,2026-08-25T17:10:50.375823626Z,25,2026-08-25T17:10:50.375823626Z
01M0WYEEY3FPWNBCBT2GYBTT3F,01M0WWQAZ72GMKNB5E8VWC3WG2,2026-08-25T17:10:50.563274901Z,,,,,,,,,,,"[""A4"",""B3"",""D2"",""C1""]",2026-08-25T17:10:50.563274901Z,false,2026-08-25T17:10:50.563274901Z,01M0WWQAZRRWZPK3N7VE24RFV2,2026-08-25T17:10:50.563274901Z,24,2026-08-25T17:10:50.563274901Z,,,,,,,48,2026-08-25T17:10:50.563274901Z,12,2026-08-25T17:10:50.563274901Z,training,2026-08-25T17:10:50.563274901Z,1,2026-08-25T17:10:50.563274901Z,4,2026-08-25T17:10:50.563274901Z,,,,2026-08-25T17:10:50.563274901Z,,,1,2026-08-25T17:10:50.563274901Z,2,2026-08-25T17:10:51.372062796Z,false,2026-08-25T17:10:50.563274901Z,"[""/tangrams/66_464.png"",""/tangrams/348_24.png"",""/tangrams/20_441.png"",""/tangrams/202_314.png""]",2026-08-25T17:10:50.563274901Z,/tangrams/202_314.png,2026-08-25T17:10:50.563274901Z,C1,2026-08-25T17:10:50.563274901Z,12,2026-08-25T17:10:50.563274901Z,23,2026-08-25T17:10:50.563274901Z
01M0WXAW57R2E5VZHPE3TNDKA0,01M0WWQ73PEDYQHEYYBB88AXMD,2026-08-25T16:51:24.455449251Z,"[{""text"":""At the bottom is a pair of legs facing left and at the top is a black hollow triangle with a smaller triangle inside a bit like a White House"",""sender"":{""id"":""01M0WX9MXH1SX7Q50079HW9F7E"",""name"":""Minu"",""avatar"":""https://api.dicebear.com/8.x/rings/svg?seed=Minu""}}]",2026-08-25T17:13:06.956699197Z,[1787677986964],2026-08-25T17:13:06.967213492Z,,,true,2026-08-25T17:13:13.72551291Z,01M0WX9MXH1SX7Q50079HW9F7E,2026-08-25T17:12:42.556934657Z,"[""A2"",""D1"",""C4"",""B3""]",2026-08-25T16:51:24.455449251Z,true,2026-08-25T17:13:13.710104221Z,01M0WWQ74H7CSGCPAHPDSCJ0PV,2026-08-25T16:51:24.455449251Z,9,2026-08-25T16:51:24.455449251Z,false,2026-08-25T17:12:42.734743446Z,01M0WX667JRE4461924BYZ6YJ1,2026-08-25T17:12:42.556934657Z,,,48,2026-08-25T16:51:24.455449251Z,12,2026-08-25T16:51:24.455449251Z,training,2026-08-25T16:51:24.455449251Z,0,2026-08-25T16:51:24.455449251Z,4,2026-08-25T16:51:24.455449251Z,/tangrams/366_405.png,2026-08-25T17:13:13.72551291Z,/tangrams/366_405.png,2026-08-25T17:13:10.576550054Z,1787677990558,2026-08-25T17:13:10.57283906Z,0,2026-08-25T16:51:24.455449251Z,2,2026-08-25T16:51:24.838987582Z,true,2026-08-25T17:12:42.512699132Z,"[""/tangrams/138_339.png"",""/tangrams/279_244.png"",""/tangrams/422_66.png"",""/tangrams/366_405.png""]",2026-08-25T16:51:24.455449251Z,/tangrams/366_405.png,2026-08-25T16:51:24.455449251Z,B3,2026-08-25T16:51:24.455449251Z,9,2026-08-25T16:51:24.455449251Z,8,2026-08-25T16:51:24.455449251Z
01M0WY4F08M244E2T2DJGXC895,01M0WWQ9XB6TMTWDYN7GB59TN7,2026-08-25T17:05:22.952736914Z,"[{""text"":""small diamond above, flat base"",""sender"":{""id"":""01M0WY0C090AZDG2K9X542KKDB"",""name"":""Repi"",""avatar"":""https://api.dicebear.com/8.x/rings/svg?seed=Repi""}},{""text"":""nice playing with you!"",""sender"":{""id"":""01M0WY0ENCGBGZ9MKY7CZKA71D"",""name"":""Minu"",""avatar"":""https://api.dicebear.com/8.x/rings/svg?seed=Minu""}},{""text"":""same here"",""sender"":{""id"":""01M0WY0C090AZDG2K9X542KKDB"",""name"":""Repi"",""avatar"":""https://api.dicebear.com/8.x/rings/svg?seed=Repi""}}]",2026-08-25T17:30:43.593498721Z,"[1787679035701,1787679037419,1787679043604]",2026-08-25T17:30:43.606338654Z,,,true,2026-08-25T17:30:44.196265481Z,01M0WY0C090AZDG2K9X542KKDB,2026-08-25T17:30:22.358832016Z,"[""C3"",""F4"",""F6"",""F5""]",2026-08-25T17:05:22.952736914Z,true,2026-08-25T17:30:44.172864528Z,01M0WWQ9XVXJV1JR4118CY5W09,2026-08-25T17:05:22.952736914Z,48,2026-08-25T17:05:22.952736914Z,false,2026-08-25T17:30:22.637220092Z,01M0WY0ENCGBGZ9MKY7CZKA71D,2026-08-25T17:30:22.358832016Z,,,48,2026-08-25T17:05:22.952736914Z,12,2026-08-25T17:05:22.952736914Z,training,2026-08-25T17:05:22.952736914Z,3,2026-08-25T17:05:22.952736914Z,4,2026-08-25T17:05:22.952736914Z,/tangrams/134_125.png,2026-08-25T17:30:44.196265481Z,/tangrams/134_125.png,2026-08-25T17:30:40.990210225Z,1787679041018,2026-08-25T17:30:40.984601171Z,0,2026-08-25T17:05:22.952736914Z,2,2026-08-25T17:05:23.991203933Z,true,2026-08-25T17:30:22.2780784Z,"[""/tangrams/422_405.png"",""/tangrams/434_227.png"",""/tangrams/134_125.png"",""/tangrams/456_48.png""]",2026-08-25T17:05:22.952736914Z,/tangrams/134_125.png,2026-08-25T17:05:22.952736914Z,F6,2026-08-25T17:05:22.952736914Z,12,2026-08-25T17:05:22.952736914Z,47,2026-08-25T17:05:22.952736914Z
01M0WY8WNA45QR5P73F4KCJX54,01M0WWQAZ72GMKNB5E8VWC3WG2,2026-08-25T17:07:48.010834205Z,"[{""text"":""stop sign"",""sender"":{""id"":""01M0WY09KXZQGZCXQXZTYFDW8C"",""name"":""Repi"",""avatar"":""https://api.dicebear.com/8.x/rings/svg?seed=Repi""}}]",2026-08-25T17:27:56.494868046Z,[1787678876504],2026-08-25T17:27:56.505919149Z,,,true,2026-08-25T17:28:01.706575564Z,01M0WY09KXZQGZCXQXZTYFDW8C,2026-08-25T17:27:51.361377621Z,"[""F5"",""F1"",""C3"",""F3""]",2026-08-25T17:07:48.010834205Z,true,2026-08-25T17:28:01.689487404Z,01M0WWQAZTRSENW9JN2FSQ4BA7,2026-08-25T17:07:48.010834205Z,38,2026-08-25T17:07:48.010834205Z,false,2026-08-25T17:27:51.475710416Z,01M0WY0YPE1FGB7GNWHKCY08ZN,2026-08-25T17:27:51.361377621Z,,,48,2026-08-25T17:07:48.010834205Z,12,2026-08-25T17:07:48.010834205Z,training,2026-08-25T17:07:48.010834205Z,3,2026-08-25T17:07:48.010834205Z,4,2026-08-25T17:07:48.010834205Z,/tangrams/456_48.png,2026-08-25T17:28:01.706575564Z,/tangrams/456_48.png,2026-08-25T17:27:58.498930255Z,1787678878536,2026-08-25T17:27:58.509073087Z,0,2026-08-25T17:07:48.010834205Z,2,2026-08-25T17:07:49.030455713Z,true,2026-08-25T17:27:51.316594459Z,"[""/tangrams/456_48.png"",""/tangrams/119_182.png"",""/tangrams/422_405.png"",""/tangrams/170_154.png""]",2026-08-25T17:07:48.010834205Z,/tangrams/456_48.png,2026-08-25T17:07:48.010834205Z,F5,2026-08-25T17:07:48.010834205Z,2,2026-08-25T17:07:48.010834205Z,37,2026-08-25T17:07:48.010834205Z
01M0WXEBBY5N8R093D8MNM08T5,01M0WWQ73PEDYQHEYYBB88AXMD,2026-08-25T16:53:18.33477662Z,,,,,,,,,,,"[""A1"",""F1"",""F3"",""D4""]",2026-08-25T16:53:18.33477662Z,false,2026-08-25T16:53:18.33477662Z,01M0WWQ74M3NWYAJGQB0ESKAD2,2026-08-25T16:53:18.33477662Z,27,2026-08-25T16:53:18.33477662Z,,,,,,,48,2026-08-25T16:53:18.33477662Z,12,2026-08-25T16:53:18.33477662Z,training,2026-08-25T16:53:18.33477662Z,2,2026-08-25T16:53:18.33477662Z,4,2026-08-25T16:53:18.33477662Z,,,,2026-08-25T16:53:18.33477662Z,,,0,2026-08-25T16:53:18.33477662Z,2,2026-08-25T16:53:18.898719364Z,false,2026-08-25T16:53:18.33477662Z,"[""/tangrams/138_244.png"",""/tangrams/119_182.png"",""/tangrams/170_154.png"",""/tangrams/279_66.png""]",2026-08-25T16:53:18.33477662Z,/tangrams/170_154.png,2026-08-25T16:53:18.33477662Z,F3,2026-08-25T16:53:18.33477662Z,3,2026-08-25T16:53:18.33477662Z,26,2026-08-25T16:53:18.33477662Z
01M0WY96CKBE2B2SVT0H2JRRSY,01M0WWQAZ72GMKNB5E8VWC3WG2,2026-08-25T17:07:57.971832813Z,"[{""text"":""Pointy long upright and down triangles on the left side. Right side is like an upright rectangle that fills in the top right corner"",""sender"":{""id"":""01M0WXSYNRXCYGT80QAR430CBD"",""name"":""Repi"",""avatar"":""https://api.dicebear.com/8.x/rings/svg?seed=Repi""}}]",2026-08-25T17:33:38.194342228Z,[1787679218223],2026-08-25T17:33:38.233623816Z,,,true,2026-08-25T17:33:49.59509058Z,01M0WXSYNRXCYGT80QAR430CBD,2026-08-25T17:32:50.607755782Z,"[""A4"",""D1"",""C2"",""C4""]",2026-08-25T17:07:57.971832813Z,true,2026-08-25T17:33:49.563603337Z,01M0WWQAZPP7VBJF1WXDE2YKFW,2026-08-25T17:07:57.971832813Z,10,2026-08-25T17:07:57.971832813Z,false,2026-08-25T17:32:50.868102059Z,01M0WY2T8PBZPVGKC7BWFHJ59J,2026-08-25T17:32:50.607755782Z,,,48,2026-08-25T17:07:57.971832813Z,12,2026-08-25T17:07:57.971832813Z,training,2026-08-25T17:07:57.971832813Z,0,2026-08-25T17:07:57.971832813Z,4,2026-08-25T17:07:57.971832813Z,/tangrams/202_464.png,2026-08-25T17:33:49.59509058Z,/tangrams/202_464.png,2026-08-25T17:33:46.34268772Z,1787679227170,2026-08-25T17:33:46.335478417Z,1,2026-08-25T17:07:57.971832813Z,2,2026-08-25T17:07:58.393055717Z,true,2026-08-25T17:32:50.542444698Z,"[""/tangrams/66_464.png"",""/tangrams/20_314.png"",""/tangrams/202_441.png"",""/tangrams/202_464.png""]",2026-08-25T17:07:57.971832813Z,/tangrams/202_464.png,2026-08-25T17:07:57.971832813Z,C4,2026-08-25T17:07:57.971832813Z,10,2026-08-25T17:07:57.971832813Z,9,2026-08-25T17:07:57.971832813Z
01M0WY96FSKJQ9CGTXF52Y165A,01M0WWQAZ72GMKNB5E8VWC3WG2,2026-08-25T17:07:58.073455747Z,"[{""text"":""empty rectangle in the middle of shape. No boat."",""sender"":{""id"":""01M0WXSYNRXCYGT80QAR430CBD"",""name"":""Repi"",""avatar"":""https://api.dicebear.com/8.x/rings/svg?seed=Repi""}}]",2026-08-25T17:49:17.473225414Z,[1787680157484],2026-08-25T17:49:17.486172425Z,,,true,2026-08-25T17:49:26.182046899Z,01M0WXSYNRXCYGT80QAR430CBD,2026-08-25T17:48:58.818606168Z,"[""A3"",""B3"",""A4"",""D2""]",2026-08-25T17:07:58.073455747Z,true,2026-08-25T17:49:26.170630943Z,01M0WWQAZPP7VBJF1WXDE2YKFW,2026-08-25T17:07:58.073455747Z,36,2026-08-25T17:07:58.073455747Z,false,2026-08-25T17:48:59.063578396Z,01M0WY2T8PBZPVGKC7BWFHJ59J,2026-08-25T17:48:58.818606168Z,,,48,2026-08-25T17:07:58.073455747Z,12,2026-08-25T17:07:58.073455747Z,training,2026-08-25T17:07:58.073455747Z,2,2026-08-25T17:07:58.073455747Z,4,2026-08-25T17:07:58.073455747Z,/tangrams/66_24.png,2026-08-25T17:49:26.182046899Z,/tangrams/66_24.png,2026-08-25T17:49:23.017023282Z,1787680163946,2026-08-25T17:49:23.020864854Z,1,2026-08-25T17:07:58.073455747Z,2,2026-08-25T17:07:58.919673989Z,true,2026-08-25T17:48:58.774763028Z,"[""/tangrams/66_24.png"",""/tangrams/348_24.png"",""/tangrams/66_464.png"",""/tangrams/20_441.png""]",2026-08-25T17:07:58.073455747Z,/tangrams/66_24.png,2026-08-25T17:07:58.073455747Z,A3,2026-08-25T17:07:58.073455747Z,12,2026-08-25T17:07:58.073455747Z,35,2026-08-25T17:07:58.073455747Z
01M0WYEER1ZV6ZK6B8H6GZKFGW,01M0WWQAZ72GMKNB5E8VWC3WG2,2026-08-25T17:10:50.369212905Z,,,,,,,,,,,"[""B4"",""D1"",""A3"",""C2""]",2026-08-25T17:10:50.369212905Z,false,2026-08-25T17:10:50.369212905Z,01M0WWQAZRRWZPK3N7VE24RFV2,2026-08-25T17:10:50.369212905Z,32,2026-08-25T17:10:50.369212905Z,,,,,,,48,2026-08-25T17:10:50.369212905Z,12,2026-08-25T17:10:50.369212905Z,training,2026-08-25T17:10:50.369212905Z,2,2026-08-25T17:10:50.369212905Z,4,2026-08-25T17:10:50.369212905Z,,,,2026-08-25T17:10:50.369212905Z,,,1,2026-08-25T17:10:50.369212905Z,2,2026-08-25T17:10:51.569463476Z,false,2026-08-25T17:10:50.369212905Z,"[""/tangrams/348_464.png"",""/tangrams/20_314.png"",""/tangrams/66_24.png"",""/tangrams/202_441.png""]",2026-08-25T17:10:50.369212905Z,/tangrams/348_464.png,2026-08-25T17:10:50.369212905Z,B4,2026-08-25T17:10:50.369212905Z,8,2026-08-25T17:10:50.369212905Z,31,2026-08-25T17:10:50.369212905Z
01M0WYEEZGKVD1NB64W53PZ3WW,01M0WWQAZ72GMKNB5E8VWC3WG2,2026-08-25T17:10:50.608528331Z,,,,,,,,,,,"[""C4"",""A2"",""D3"",""B1""]",2026-08-25T17:10:50.608528331Z,false,2026-08-25T17:10:50.608528331Z,01M0WWQAZRRWZPK3N7VE24RFV2,2026-08-25T17:10:50.608528331Z,35,2026-08-25T17:10:50.608528331Z,,,,,,,48,2026-08-25T17:10:50.608528331Z,12,2026-08-25T17:10:50.608528331Z,training,2026-08-25T17:10:50.608528331Z,2,2026-08-25T17:10:50.608528331Z,4,2026-08-25T17:10:50.608528331Z,,,,2026-08-25T17:10:50.608528331Z,,,1,2026-08-25T17:10:50.608528331Z,2,2026-08-25T17:10:51.639466964Z,false,2026-08-25T17:10:50.608528331Z,"[""/tangrams/202_464.png"",""/tangrams/66_441.png"",""/tangrams/20_24.png"",""/tangrams/348_314.png""]",2026-08-25T17:10:50.608528331Z,/tangrams/66_441.png,2026-08-25T17:10:50.608528331Z,A2,2026-08-25T17:10:50.608528331Z,11,2026-08-25T17:10:50.608528331Z,34,2026-08-25T17:10:50.608528331Z
01M0WXAW6G8CMRXJFX6KBRKRDX,01M0WWQ73PEDYQHEYYBB88AXMD,2026-08-25T16:51:24.496344551Z,"[{""text"":""at the bottom a black triangle facing the worng direction with a diamond beside"",""sender"":{""id"":""01M0WX667JRE4461924BYZ6YJ1"",""name"":""Repi"",""avatar"":""https://api.dicebear.com/8.x/rings/svg?seed=Repi""}}]",2026-08-25T17:12:28.987859899Z,[1787677948995],2026-08-25T17:12:28.997668527Z,,,true,2026-08-25T17:12:42.498218508Z,01M0WX667JRE4461924BYZ6YJ1,2026-08-25T17:12:02.541417381Z,"[""A4"",""D2"",""B3"",""C1""]",2026-08-25T16:51:24.496344551Z,true,2026-08-25T17:12:42.483027925Z,01M0WWQ74H7CSGCPAHPDSCJ0PV,2026-08-25T16:51:24.496344551Z,8,2026-08-25T16:51:24.496344551Z,false,2026-08-25T17:12:02.635513071Z,01M0WX9MXH1SX7Q50079HW9F7E,2026-08-25T17:12:02.541417381Z,,,48,2026-08-25T16:51:24.496344551Z,12,2026-08-25T16:51:24.496344551Z,training,2026-08-25T16:51:24.496344551Z,0,2026-08-25T16:51:24.496344551Z,4,2026-08-25T16:51:24.496344551Z,/tangrams/422_244.png,2026-08-25T17:12:42.498218508Z,/tangrams/422_244.png,2026-08-25T17:12:39.360467308Z,1787677959282,2026-08-25T17:12:39.363845608Z,0,2026-08-25T16:51:24.496344551Z,2,2026-08-25T16:51:24.827535773Z,true,2026-08-25T17:12:02.500693683Z,"[""/tangrams/138_66.png"",""/tangrams/279_339.png"",""/tangrams/366_405.png"",""/tangrams/422_244.png""]",2026-08-25T16:51:24.496344551Z,/tangrams/422_244.png,2026-08-25T16:51:24.496344551Z,C1,2026-08-25T16:51:24.496344551Z,8,2026-08-25T16:51:24.496344551Z,7,2026-08-25T16:51:24.496344551Z
01M0WYEF02PBS6H9MP5TM5QPN5,01M0WWQAZ72GMKNB5E8VWC3WG2,2026-08-25T17:10:50.626826283Z,,,,,,,,,,,"[""B3"",""D1"",""C4"",""A2""]",2026-08-25T17:10:50.626826283Z,false,2026-08-25T17:10:50.626826283Z,01M0WWQAZRRWZPK3N7VE24RFV2,2026-08-25T17:10:50.626826283Z,21,2026-08-25T17:10:50.626826283Z,,,,,,,48,2026-08-25T17:10:50.626826283Z,12,2026-08-25T17:10:50.626826283Z,training,2026-08-25T17:10:50.626826283Z,1,2026-08-25T17:10:50.626826283Z,4,2026-08-25T17:10:50.626826283Z,,,,2026-08-25T17:10:50.626826283Z,,,1,2026-08-25T17:10:50.626826283Z,2,2026-08-25T17:10:51.292088821Z,false,2026-08-25T17:10:50.626826283Z,"[""/tangrams/348_24.png"",""/tangrams/20_314.png"",""/tangrams/202_464.png"",""/tangrams/66_441.png""]",2026-08-25T17:10:50.626826283Z,/tangrams/348_24.png,2026-08-25T17:10:50.626826283Z,B3,2026-08-25T17:10:50.626826283Z,9,2026-08-25T17:10:50.626826283Z,20,2026-08-25T17:10:50.626826283Z
01M0WXGED8HTKNMHWS2XDSP446,01M0WWQ73PEDYQHEYYBB88AXMD,2026-08-25T16:54:26.984285888Z,,,,,,,,,,,"[""A3"",""C2"",""D1"",""A2""]",2026-08-25T16:54:26.984285888Z,false,2026-08-25T16:54:26.984285888Z,01M0WWQ74ND1AHANTF309RNWJE,2026-08-25T16:54:26.984285888Z,14,2026-08-25T16:54:26.984285888Z,,,,,,,48,2026-08-25T16:54:26.984285888Z,12,2026-08-25T16:54:26.984285888Z,training,2026-08-25T16:54:26.984285888Z,1,2026-08-25T16:54:26.984285888Z,4,2026-08-25T16:54:26.984285888Z,,,,2026-08-25T16:54:26.984285888Z,,,0,2026-08-25T16:54:26.984285888Z,2,2026-08-25T16:54:27.487043671Z,false,2026-08-25T16:54:26.984285888Z,"[""/tangrams/138_405.png"",""/tangrams/422_339.png"",""/tangrams/279_244.png"",""/tangrams/138_339.png""]",2026-08-25T16:54:26.984285888Z,/tangrams/138_339.png,2026-08-25T16:54:26.984285888Z,A2,2026-08-25T16:54:26.984285888Z,2,2026-08-25T16:54:26.984285888Z,13,2026-08-25T16:54:26.984285888Z
01M0WY7G5SHQJJCQM9P78P79MA,01M0WWQ9XB6TMTWDYN7GB59TN7,2026-08-25T17:07:02.457682887Z,"[{""text"":""diamond at the top"",""sender"":{""id"":""01M0WY0ECEQWZG8FEZD72ENETD"",""name"":""Minu"",""avatar"":""https://api.dicebear.com/8.x/rings/svg?seed=Minu""}},{""text"":""looks like a hat"",""sender"":{""id"":""01M0WY0ECEQWZG8FEZD72ENETD"",""name"":""Minu"",""avatar"":""https://api.dicebear.com/8.x/rings/svg?seed=Minu""}},{""text"":""stairs on the left"",""sender"":{""id"":""01M0WY0ECEQWZG8FEZD72ENETD"",""name"":""Minu"",""avatar"":""https://api.dicebear.com/8.x/rings/svg?seed=Minu""}}]",2026-08-25T17:30:48.16737205Z,"[1787679039513,1787679042584,1787679048179]",2026-08-25T17:30:48.18138546Z,,,true,2026-08-25T17:30:53.955460517Z,01M0WY0ECEQWZG8FEZD72ENETD,2026-08-25T17:30:31.824654343Z,"[""B3"",""A3"",""D2"",""A4""]",2026-08-25T17:07:02.457682887Z,true,2026-08-25T17:30:53.929435854Z,01M0WWQ9XW83PGVA4HF3WT9HVR,2026-08-25T17:07:02.457682887Z,13,2026-08-25T17:07:02.457682887Z,false,2026-08-25T17:30:32.07374189Z,01M0WXR5QX7RT0467EJCPJ9Y2Y,2026-08-25T17:30:31.824654343Z,,,48,2026-08-25T17:07:02.457682887Z,12,2026-08-25T17:07:02.457682887Z,training,2026-08-25T17:07:02.457682887Z,1,2026-08-25T17:07:02.457682887Z,4,2026-08-25T17:07:02.457682887Z,/tangrams/138_405.png,2026-08-25T17:30:53.955460517Z,/tangrams/138_405.png,2026-08-25T17:30:50.729731073Z,1787679050636,2026-08-25T17:30:50.756044479Z,0,2026-08-25T17:07:02.457682887Z,2,2026-08-25T17:07:03.054024322Z,true,2026-08-25T17:30:31.725210564Z,"[""/tangrams/366_405.png"",""/tangrams/138_405.png"",""/tangrams/279_339.png"",""/tangrams/138_66.png""]",2026-08-25T17:07:02.457682887Z,/tangrams/138_405.png,2026-08-25T17:07:02.457682887Z,A3,2026-08-25T17:07:02.457682887Z,1,2026-08-25T17:07:02.457682887Z,12,2026-08-25T17:07:02.457682887Z
01M0WY8D59S63V3JZJ0WZJWYYX,01M0WWQ9XB6TMTWDYN7GB59TN7,2026-08-25T17:07:32.137403449Z,"[{""text"":""has a white rectangle in the middle its the only one like that"",""sender"":{""id"":""01M0WY1FH5WQS14DQ3V446M8AM"",""name"":""Repi"",""avatar"":""https://api.dicebear.com/8.x/rings/svg?seed=Repi""}}]",2026-08-25T17:26:01.955337565Z,[1787678761964],2026-08-25T17:26:01.96596939Z,,,true,2026-08-25T17:26:19.236805662Z,01M0WY1FH5WQS14DQ3V446M8AM,2026-08-25T17:25:42.292759196Z,"[""A4"",""B3"",""C2"",""D1""]",2026-08-25T17:07:32.137403449Z,true,2026-08-25T17:26:19.222786342Z,01M0WWQ9XT2Q7RF2RHNCTTRDNK,2026-08-25T17:07:32.137403449Z,6,2026-08-25T17:07:32.137403449Z,false,2026-08-25T17:25:42.433015425Z,01M0WY1V9QET0HYE5N0547967Y,2026-08-25T17:25:42.292759196Z,,,48,2026-08-25T17:07:32.137403449Z,12,2026-08-25T17:07:32.137403449Z,training,2026-08-25T17:07:32.137403449Z,0,2026-08-25T17:07:32.137403449Z,4,2026-08-25T17:07:32.137403449Z,/tangrams/422_339.png,2026-08-25T17:26:19.236805662Z,/tangrams/422_339.png,2026-08-25T17:26:16.100603025Z,1787678776638,2026-08-25T17:26:16.095776791Z,0,2026-08-25T17:07:32.137403449Z,2,2026-08-25T17:07:32.668479624Z,true,2026-08-25T17:25:42.244129748Z,"[""/tangrams/138_66.png"",""/tangrams/366_405.png"",""/tangrams/422_339.png"",""/tangrams/279_244.png""]",2026-08-25T17:07:32.137403449Z,/tangrams/422_339.png,2026-08-25T17:07:32.137403449Z,C2,2026-08-25T17:07:32.137403449Z,6,2026-08-25T17:07:32.137403449Z,5,2026-08-25T17:07:32.137403449Z
01M0WXEBBKZ039C9ZA2E5C9V7S,01M0WWQ73PEDYQHEYYBB88AXMD,2026-08-25T16:53:18.3235519Z,,,,,,,,,,,"[""D4"",""F1"",""F6"",""A1""]",2026-08-25T16:53:18.3235519Z,false,2026-08-25T16:53:18.3235519Z,01M0WWQ74M3NWYAJGQB0ESKAD2,2026-08-25T16:53:18.3235519Z,22,2026-08-25T16:53:18.3235519Z,,,,,,,48,2026-08-25T16:53:18.3235519Z,12,2026-08-25T16:53:18.3235519Z,training,2026-08-25T16:53:18.3235519Z,1,2026-08-25T16:53:18.3235519Z,4,2026-08-25T16:53:18.3235519Z,,,,2026-08-25T16:53:18.3235519Z,,,0,2026-08-25T16:53:18.3235519Z,2,2026-08-25T16:53:18.827593295Z,false,2026-08-25T16:53:18.3235519Z,"[""/tangrams/279_66.png"",""/tangrams/119_182.png"",""/tangrams/134_125.png"",""/tangrams/138_244.png""]",2026-08-25T16:53:18.3235519Z,/tangrams/279_66.png,2026-08-25T16:53:18.3235519Z,D4,2026-08-25T16:53:18.3235519Z,10,2026-08-25T16:53:18.3235519Z,21,2026-08-25T16:53:18.3235519Z
01M0WXGEEDP89THXQTQRJ8KG49,01M0WWQ73PEDYQHEYYBB88AXMD,2026-08-25T16:54:27.021306922Z,"[{""text"":""traingle and diamond at bottom, white tent shape in middle"",""sender"":{""id"":""01M0WWVKKHKMSSWB9WS1N6GRNZ"",""name"":""Repi"",""avatar"":""https://api.dicebear.com/8.x/rings/svg?seed=Repi""}}]",2026-08-25T17:19:01.587568099Z,[1787678341595],2026-08-25T17:19:01.597261904Z,,,false,2026-08-25T17:19:30.212944522Z,01M0WWVKKHKMSSWB9WS1N6GRNZ,2026-08-25T17:18:27.048295936Z,"[""B4"",""C1"",""A2"",""B1""]",2026-08-25T16:54:27.021306922Z,true,2026-08-25T17:19:30.20368193Z,01M0WWQ74ND1AHANTF309RNWJE,2026-08-25T16:54:27.021306922Z,12,2026-08-25T16:54:27.021306922Z,false,2026-08-25T17:18:27.405129672Z,01M0WX0T78NE9YVPZSCJ5NTGX1,2026-08-25T17:18:27.048295936Z,,,48,2026-08-25T16:54:27.021306922Z,12,2026-08-25T16:54:27.021306922Z,training,2026-08-25T16:54:27.021306922Z,0,2026-08-25T16:54:27.021306922Z,4,2026-08-25T16:54:27.021306922Z,,2026-08-25T17:19:30.212944522Z,,2026-08-25T16:54:27.021306922Z,,,0,2026-08-25T16:54:27.021306922Z,2,2026-08-25T16:54:27.449796305Z,true,2026-08-25T17:18:27.008551888Z,"[""/tangrams/366_66.png"",""/tangrams/422_244.png"",""/tangrams/138_339.png"",""/tangrams/366_244.png""]",2026-08-25T16:54:27.021306922Z,/tangrams/366_244.png,2026-08-25T16:54:27.021306922Z,B1,2026-08-25T16:54:27.021306922Z,12,2026-08-25T16:54:27.021306922Z,11,2026-08-25T16:54:27.021306922Z
01M0WXAWB0BFNFZQZ25HW26B8S,01M0WWQ73PEDYQHEYYBB88AXMD,2026-08-25T16:51:24.640058853Z,"[{""text"":""legs"",""sender"":{""id"":""01M0WX667JRE4461924BYZ6YJ1"",""name"":""Repi"",""avatar"":""https://api.dicebear.com/8.x/rings/svg?seed=Repi""}}]",2026-08-25T17:22:30.687256363Z,[1787678550695],2026-08-25T17:22:30.697676183Z,,,true,2026-08-25T17:22:39.962018769Z,01M0WX667JRE4461924BYZ6YJ1,2026-08-25T17:22:25.924867721Z,"[""C2"",""D3"",""B1"",""A4""]",2026-08-25T16:51:24.640058853Z,true,2026-08-25T17:22:39.952694485Z,01M0WWQ74H7CSGCPAHPDSCJ0PV,2026-08-25T16:51:24.640058853Z,34,2026-08-25T16:51:24.640058853Z,false,2026-08-25T17:22:26.022043233Z,01M0WX9MXH1SX7Q50079HW9F7E,2026-08-25T17:22:25.924867721Z,,,48,2026-08-25T16:51:24.640058853Z,12,2026-08-25T16:51:24.640058853Z,training,2026-08-25T16:51:24.640058853Z,2,2026-08-25T16:51:24.640058853Z,4,2026-08-25T16:51:24.640058853Z,/tangrams/279_405.png,2026-08-25T17:22:39.962018769Z,/tangrams/279_405.png,2026-08-25T17:22:36.830872163Z,1787678556740,2026-08-25T17:22:36.826491901Z,0,2026-08-25T16:51:24.640058853Z,2,2026-08-25T16:51:25.239515573Z,true,2026-08-25T17:22:25.886114044Z,"[""/tangrams/422_339.png"",""/tangrams/279_405.png"",""/tangrams/366_244.png"",""/tangrams/138_66.png""]",2026-08-25T16:51:24.640058853Z,/tangrams/279_405.png,2026-08-25T16:51:24.640058853Z,D3,2026-08-25T16:51:24.640058853Z,10,2026-08-25T16:51:24.640058853Z,33,2026-08-25T16:51:24.640058853Z
01M0WXEB65VN8VRR64C62KT2J2,01M0WWQ73PEDYQHEYYBB88AXMD,2026-08-25T16:53:18.149623871Z,"[{""text"":""Abstract shapes with what looks like a little house on top"",""sender"":{""id"":""01M0WWZBDJ6CA985ZGF4JYT3P6"",""name"":""Repi"",""avatar"":""https://api.dicebear.com/8.x/rings/svg?seed=Repi""}}]",2026-08-25T16:59:58.858482623Z,[1787677198862],2026-08-25T16:59:58.864870492Z,,,false,2026-08-25T17:00:06.455660093Z,01M0WWZBDJ6CA985ZGF4JYT3P6,2026-08-25T16:59:39.778759087Z,"[""F7"",""F5"",""F8"",""B2""]",2026-08-25T16:53:18.149623871Z,true,2026-08-25T17:00:06.444920144Z,01M0WWQ74M3NWYAJGQB0ESKAD2,2026-08-25T16:53:18.149623871Z,2,2026-08-25T16:53:18.149623871Z,false,2026-08-25T16:59:40.051544079Z,01M0WX6P9Z1RRJ4EYT8244HGBW,2026-08-25T16:59:39.778759087Z,,,48,2026-08-25T16:53:18.149623871Z,12,2026-08-25T16:53:18.149623871Z,training,2026-08-25T16:53:18.149623871Z,0,2026-08-25T16:53:18.149623871Z,4,2026-08-25T16:53:18.149623871Z,/tangrams/366_339.png,2026-08-25T17:00:06.455660093Z,/tangrams/366_339.png,2026-08-25T17:00:03.370492873Z,1787677203087,2026-08-25T17:00:03.369761204Z,0,2026-08-25T16:53:18.149623871Z,2,2026-08-25T16:53:18.461099867Z,true,2026-08-25T16:59:39.756710692Z,"[""/tangrams/411_352.png"",""/tangrams/456_48.png"",""/tangrams/37_144.png"",""/tangrams/366_339.png""]",2026-08-25T16:53:18.149623871Z,/tangrams/411_352.png,2026-08-25T16:53:18.149623871Z,F7,2026-08-25T16:53:18.149623871Z,2,2026-08-25T16:53:18.149623871Z,1,2026-08-25T16:53:18.149623871Z
01M0WXEB66246Z08B0NAYCR3E8,01M0WWQ73PEDYQHEYYBB88AXMD,2026-08-25T16:53:18.15097412Z,"[{""text"":""the most solid figure"",""sender"":{""id"":""01M0WX6P9Z1RRJ4EYT8244HGBW"",""name"":""Minu"",""avatar"":""https://api.dicebear.com/8.x/rings/svg?seed=Minu""}}]",2026-08-25T17:00:28.802492729Z,[1787677228806],2026-08-25T17:00:28.808501189Z,,,false,2026-08-25T17:00:37.410880004Z,01M0WX6P9Z1RRJ4EYT8244HGBW,2026-08-25T17:00:06.492349898Z,"[""D4"",""F2"",""A1"",""C3""]",2026-08-25T16:53:18.15097412Z,true,2026-08-25T17:00:37.40417458Z,01M0WWQ74M3NWYAJGQB0ESKAD2,2026-08-25T16:53:18.15097412Z,3,2026-08-25T16:53:18.15097412Z,false,2026-08-25T17:00:06.76663037Z,01M0WWZBDJ6CA985ZGF4JYT3P6,2026-08-25T17:00:06.492349898Z,,,48,2026-08-25T16:53:18.15097412Z,12,2026-08-25T16:53:18.15097412Z,training,2026-08-25T16:53:18.15097412Z,0,2026-08-25T16:53:18.15097412Z,4,2026-08-25T16:53:18.15097412Z,/tangrams/279_66.png,2026-08-25T17:00:37.410880004Z,/tangrams/279_66.png,2026-08-25T17:00:34.315429871Z,1787677232604,2026-08-25T17:00:34.311878917Z,0,2026-08-25T16:53:18.15097412Z,2,2026-08-25T16:53:18.475930468Z,true,2026-08-25T17:00:06.469208105Z,"[""/tangrams/279_66.png"",""/tangrams/290_64.png"",""/tangrams/138_244.png"",""/tangrams/422_405.png""]",2026-08-25T16:53:18.15097412Z,/tangrams/290_64.png,2026-08-25T16:53:18.15097412Z,F2,2026-08-25T16:53:18.15097412Z,3,2026-08-25T16:53:18.15097412Z,2,2026-08-25T16:53:18.15097412Z
01M0WY8WKNWA8H9629N5TNQQEG,01M0WWQAZ72GMKNB5E8VWC3WG2,2026-08-25T17:07:47.957511114Z,"[{""text"":""dragon with big eye!"",""sender"":{""id"":""01M0WY0YPE1FGB7GNWHKCY08ZN"",""name"":""Minu"",""avatar"":""https://api.dicebear.com/8.x/rings/svg?seed=Minu""}}]",2026-08-25T17:22:45.663809214Z,[1787678565672],2026-08-25T17:22:45.673785539Z,,,true,2026-08-25T17:22:51.389717866Z,01M0WY0YPE1FGB7GNWHKCY08ZN,2026-08-25T17:22:36.567644512Z,"[""F8"",""F4"",""F2"",""F1""]",2026-08-25T17:07:47.957511114Z,true,2026-08-25T17:22:51.376743149Z,01M0WWQAZTRSENW9JN2FSQ4BA7,2026-08-25T17:07:47.957511114Z,21,2026-08-25T17:07:47.957511114Z,false,2026-08-25T17:22:36.777787152Z,01M0WY09KXZQGZCXQXZTYFDW8C,2026-08-25T17:22:36.567644512Z,,,48,2026-08-25T17:07:47.957511114Z,12,2026-08-25T17:07:47.957511114Z,training,2026-08-25T17:07:47.957511114Z,1,2026-08-25T17:07:47.957511114Z,4,2026-08-25T17:07:47.957511114Z,/tangrams/37_144.png,2026-08-25T17:22:51.389717866Z,/tangrams/37_144.png,2026-08-25T17:22:48.142519024Z,1787678569532,2026-08-25T17:22:48.13797551Z,0,2026-08-25T17:07:47.957511114Z,2,2026-08-25T17:07:48.733806434Z,true,2026-08-25T17:22:36.523795654Z,"[""/tangrams/37_144.png"",""/tangrams/434_227.png"",""/tangrams/290_64.png"",""/tangrams/119_182.png""]",2026-08-25T17:07:47.957511114Z,/tangrams/37_144.png,2026-08-25T17:07:47.957511114Z,F8,2026-08-25T17:07:47.957511114Z,9,2026-08-25T17:07:47.957511114Z,20,2026-08-25T17:07:47.957511114Z
01M0WXGEFNGENV5E5QDKK6HHW9,01M0WWQ73PEDYQHEYYBB88AXMD,2026-08-25T16:54:27.061616804Z,"[{""text"":""house with legs"",""sender"":{""id"":""01M0WX0T78NE9YVPZSCJ5NTGX1"",""name"":""Minu"",""avatar"":""https://api.dicebear.com/8.x/rings/svg?seed=Minu""}}]",2026-08-25T17:09:32.872326591Z,[1787677772879],2026-08-25T17:09:32.880968899Z,,,true,2026-08-25T17:09:41.90711177Z,01M0WX0T78NE9YVPZSCJ5NTGX1,2026-08-25T17:08:54.930954738Z,"[""A3"",""D1"",""A4"",""B3""]",2026-08-25T16:54:27.061616804Z,true,2026-08-25T17:09:41.899400996Z,01M0WWQ74ND1AHANTF309RNWJE,2026-08-25T16:54:27.061616804Z,1,2026-08-25T16:54:27.061616804Z,false,2026-08-25T17:08:55.169524296Z,01M0WWVKKHKMSSWB9WS1N6GRNZ,2026-08-25T17:08:54.930954738Z,,,48,2026-08-25T16:54:27.061616804Z,12,2026-08-25T16:54:27.061616804Z,training,2026-08-25T16:54:27.061616804Z,0,2026-08-25T16:54:27.061616804Z,4,2026-08-25T16:54:27.061616804Z,/tangrams/138_405.png,2026-08-25T17:09:41.90711177Z,/tangrams/138_405.png,2026-08-25T17:09:38.790726026Z,1787677778703,2026-08-25T17:09:38.787412413Z,0,2026-08-25T16:54:27.061616804Z,2,2026-08-25T16:54:27.207949407Z,true,2026-08-25T17:08:54.896344859Z,"[""/tangrams/138_405.png"",""/tangrams/279_244.png"",""/tangrams/138_66.png"",""/tangrams/366_405.png""]",2026-08-25T16:54:27.061616804Z,/tangrams/138_405.png,2026-08-25T16:54:27.061616804Z,A3,2026-08-25T16:54:27.061616804Z,1,2026-08-25T16:54:27.061616804Z,0,2026-08-25T16:54:27.061616804Z
01M0WY96E70T8WSBPJYRTRDJM4,01M0WWQAZ72GMKNB5E8VWC3WG2,2026-08-25T17:07:58.023080139Z,"[{""text"":""large triangles pointing to the left. Large solid shape with corners cut on the right."",""sender"":{""id"":""01M0WXSYNRXCYGT80QAR430CBD"",""name"":""Repi"",""avatar"":""https://api.dicebear.com/8.x/rings/svg?seed=Repi""}}]",2026-08-25T17:53:18.026512656Z,[1787680398038],2026-08-25T17:53:18.04089568Z,,,true,2026-08-25T17:53:28.555656101Z,01M0WXSYNRXCYGT80QAR430CBD,2026-08-25T17:52:52.551228968Z,"[""D3"",""C1"",""B4"",""D1""]",2026-08-25T17:07:58.023080139Z,true,2026-08-25T17:53:28.542523774Z,01M0WWQAZPP7VBJF1WXDE2YKFW,2026-08-25T17:07:58.023080139Z,44,2026-08-25T17:07:58.023080139Z,false,2026-08-25T17:52:52.845471662Z,01M0WY2T8PBZPVGKC7BWFHJ59J,2026-08-25T17:52:52.551228968Z,,,48,2026-08-25T17:07:58.023080139Z,12,2026-08-25T17:07:58.023080139Z,training,2026-08-25T17:07:58.023080139Z,3,2026-08-25T17:07:58.023080139Z,4,2026-08-25T17:07:58.023080139Z,/tangrams/20_314.png,2026-08-25T17:53:28.555656101Z,/tangrams/20_314.png,2026-08-25T17:53:25.403145674Z,1787680406331,2026-08-25T17:53:25.397336377Z,1,2026-08-25T17:07:58.023080139Z,2,2026-08-25T17:07:59.076873286Z,true,2026-08-25T17:52:52.50475321Z,"[""/tangrams/20_24.png"",""/tangrams/202_314.png"",""/tangrams/348_464.png"",""/tangrams/20_314.png""]",2026-08-25T17:07:58.023080139Z,/tangrams/20_314.png,2026-08-25T17:07:58.023080139Z,D1,2026-08-25T17:07:58.023080139Z,8,2026-08-25T17:07:58.023080139Z,43,2026-08-25T17:07:58.023080139Z
01M0WYEETKANV22XWXSKC724QD,01M0WWQAZ72GMKNB5E8VWC3WG2,2026-08-25T17:10:50.451980248Z,,,,,1787679012698,2026-08-25T17:30:12.794402591Z,false,2026-08-25T17:31:12.156750056Z,01M0WX5VAPVJ9YCV9FVF85YXW2,2026-08-25T17:30:08.903955603Z,"[""A2"",""D3"",""C4"",""B1""]",2026-08-25T17:10:50.451980248Z,true,2026-08-25T17:31:12.139560841Z,01M0WWQAZRRWZPK3N7VE24RFV2,2026-08-25T17:10:50.451980248Z,4,2026-08-25T17:10:50.451980248Z,false,2026-08-25T17:30:09.192162245Z,01M0WYD27PCMGYRRX23HHYX14S,2026-08-25T17:30:08.903955603Z,,,48,2026-08-25T17:10:50.451980248Z,12,2026-08-25T17:10:50.451980248Z,training,2026-08-25T17:10:50.451980248Z,0,2026-08-25T17:10:50.451980248Z,4,2026-08-25T17:10:50.451980248Z,,2026-08-25T17:31:12.156750056Z,,2026-08-25T17:10:50.451980248Z,,,1,2026-08-25T17:10:50.451980248Z,2,2026-08-25T17:10:50.830320267Z,true,2026-08-25T17:30:08.858099923Z,"[""/tangrams/66_441.png"",""/tangrams/20_24.png"",""/tangrams/202_464.png"",""/tangrams/348_314.png""]",2026-08-25T17:10:50.451980248Z,/tangrams/20_24.png,2026-08-25T17:10:50.451980248Z,D3,2026-08-25T17:10:50.451980248Z,4,2026-08-25T17:10:50.451980248Z,3,2026-08-25T17:10:50.451980248Z
01M0WYEEVVFX0J0S8E0Q4F619Z,01M0WWQAZ72GMKNB5E8VWC3WG2,2026-08-25T17:10:50.491333811Z,,,,,,,,,,,"[""A3"",""C2"",""B4"",""D1""]",2026-08-25T17:10:50.491333811Z,false,2026-08-25T17:10:50.491333811Z,01M0WWQAZRRWZPK3N7VE24RFV2,2026-08-25T17:10:50.491333811Z,28,2026-08-25T17:10:50.491333811Z,,,,,,,48,2026-08-25T17:10:50.491333811Z,12,2026-08-25T17:10:50.491333811Z,training,2026-08-25T17:10:50.491333811Z,2,2026-08-25T17:10:50.491333811Z,4,2026-08-25T17:10:50.491333811Z,,,,2026-08-25T17:10:50.491333811Z,,,1,2026-08-25T17:10:50.491333811Z,2,2026-08-25T17:10:51.46633021Z,false,2026-08-25T17:10:50.491333811Z,"[""/tangrams/66_24.png"",""/tangrams/202_441.png"",""/tangrams/348_464.png"",""/tangrams/20_314.png""]",2026-08-25T17:10:50.491333811Z,/tangrams/20_314.png,2026-08-25T17:10:50.491333811Z,D1,2026-08-25T17:10:50.491333811Z,4,2026-08-25T17:10:50.491333811Z,27,2026-08-25T17:10:50.491333811Z
01M0WXGEB6M7FRBYQ0BH6H08R3,01M0WWQ73PEDYQHEYYBB88AXMD,2026-08-25T16:54:26.91837766Z,,,,,,,,,,,"[""B4"",""D2"",""D1"",""A2""]",2026-08-25T16:54:26.91837766Z,false,2026-08-25T16:54:26.91837766Z,01M0WWQ74ND1AHANTF309RNWJE,2026-08-25T16:54:26.91837766Z,35,2026-08-25T16:54:26.91837766Z,,,,,,,48,2026-08-25T16:54:26.91837766Z,12,2026-08-25T16:54:26.91837766Z,training,2026-08-25T16:54:26.91837766Z,2,2026-08-25T16:54:26.91837766Z,4,2026-08-25T16:54:26.91837766Z,,,,2026-08-25T16:54:26.91837766Z,,,0,2026-08-25T16:54:26.91837766Z,2,2026-08-25T16:54:27.843665665Z,false,2026-08-25T16:54:26.91837766Z,"[""/tangrams/366_66.png"",""/tangrams/279_339.png"",""/tangrams/279_244.png"",""/tangrams/138_339.png""]",2026-08-25T16:54:26.91837766Z,/tangrams/279_339.png,2026-08-25T16:54:26.91837766Z,D2,2026-08-25T16:54:26.91837766Z,11,2026-08-25T16:54:26.91837766Z,34,2026-08-25T16:54:26.91837766Z
01M0WXGEF0YGMXB455EP6T9PH3,01M0WWQ73PEDYQHEYYBB88AXMD,2026-08-25T16:54:27.040882412Z,,,,,,,,,,,"[""A2"",""B3"",""B1"",""D1""]",2026-08-25T16:54:27.040882412Z,false,2026-08-25T16:54:27.040882412Z,01M0WWQ74ND1AHANTF309RNWJE,2026-08-25T16:54:27.040882412Z,20,2026-08-25T16:54:27.040882412Z,,,,,,,48,2026-08-25T16:54:27.040882412Z,12,2026-08-25T16:54:27.040882412Z,training,2026-08-25T16:54:27.040882412Z,1,2026-08-25T16:54:27.040882412Z,4,2026-08-25T16:54:27.040882412Z,,,,2026-08-25T16:54:27.040882412Z,,,0,2026-08-25T16:54:27.040882412Z,2,2026-08-25T16:54:27.579009689Z,false,2026-08-25T16:54:27.040882412Z,"[""/tangrams/138_339.png"",""/tangrams/366_405.png"",""/tangrams/366_244.png"",""/tangrams/279_244.png""]",2026-08-25T16:54:27.040882412Z,/tangrams/366_244.png,2026-08-25T16:54:27.040882412Z,B1,2026-08-25T16:54:27.040882412Z,8,2026-08-25T16:54:27.040882412Z,19,2026-08-25T16:54:27.040882412Z
01M0WY7G5YZTZY1P0BASW26M84,01M0WWQ9XB6TMTWDYN7GB59TN7,2026-08-25T17:07:02.462554001Z,"[{""text"":""looks like a house"",""sender"":{""id"":""01M0WXR5QX7RT0467EJCPJ9Y2Y"",""name"":""Repi"",""avatar"":""https://api.dicebear.com/8.x/rings/svg?seed=Repi""}},{""text"":""bottom has triangle facing left"",""sender"":{""id"":""01M0WXR5QX7RT0467EJCPJ9Y2Y"",""name"":""Repi"",""avatar"":""https://api.dicebear.com/8.x/rings/svg?seed=Repi""}},{""text"":""with diamond attached to it"",""sender"":{""id"":""01M0WXR5QX7RT0467EJCPJ9Y2Y"",""name"":""Repi"",""avatar"":""https://api.dicebear.com/8.x/rings/svg?seed=Repi""}},{""text"":""top has inside white irregular diamond"",""sender"":{""id"":""01M0WXR5QX7RT0467EJCPJ9Y2Y"",""name"":""Repi"",""avatar"":""https://api.dicebear.com/8.x/rings/svg?seed=Repi""}},{""text"":""house or hallelujah"",""sender"":{""id"":""01M0WY0ECEQWZG8FEZD72ENETD"",""name"":""Minu"",""avatar"":""https://api.dicebear.com/8.x/rings/svg?seed=Minu""}},{""text"":""house"",""sender"":{""id"":""01M0WXR5QX7RT0467EJCPJ9Y2Y"",""name"":""Repi"",""avatar"":""https://api.dicebear.com/8.x/rings/svg?seed=Repi""}}]",2026-08-25T17:31:31.027138851Z,"[1787679062373,1787679069143,1787679075690,1787679087446,1787679088146,1787679091042]",2026-08-25T17:31:31.044786948Z,,,true,2026-08-25T17:31:36.374168981Z,01M0WXR5QX7RT0467EJCPJ9Y2Y,2026-08-25T17:30:54.055882198Z,"[""D1"",""C2"",""A3"",""C1""]",2026-08-25T17:07:02.462554001Z,true,2026-08-25T17:31:36.356671135Z,01M0WWQ9XW83PGVA4HF3WT9HVR,2026-08-25T17:07:02.462554001Z,14,2026-08-25T17:07:02.462554001Z,false,2026-08-25T17:30:54.296624187Z,01M0WY0ECEQWZG8FEZD72ENETD,2026-08-25T17:30:54.055882198Z,,,48,2026-08-25T17:07:02.462554001Z,12,2026-08-25T17:07:02.462554001Z,training,2026-08-25T17:07:02.462554001Z,1,2026-08-25T17:07:02.462554001Z,4,2026-08-25T17:07:02.462554001Z,/tangrams/422_244.png,2026-08-25T17:31:36.374168981Z,/tangrams/422_244.png,2026-08-25T17:31:33.174909337Z,1787679092739,2026-08-25T17:31:33.165896437Z,0,2026-08-25T17:07:02.462554001Z,2,2026-08-25T17:07:03.07441606Z,true,2026-08-25T17:30:53.972980365Z,"[""/tangrams/279_244.png"",""/tangrams/422_339.png"",""/tangrams/138_405.png"",""/tangrams/422_244.png""]",2026-08-25T17:07:02.462554001Z,/tangrams/422_244.png,2026-08-25T17:07:02.462554001Z,C1,2026-08-25T17:07:02.462554001Z,2,2026-08-25T17:07:02.462554001Z,13,2026-08-25T17:07:02.462554001Z
01M0WY8D5RX4BP7N0N7SS59WTW,01M0WWQ9XB6TMTWDYN7GB59TN7,2026-08-25T17:07:32.152246514Z,"[{""text"":""descirption"",""sender"":{""id"":""01M0WY1FH5WQS14DQ3V446M8AM"",""name"":""Repi"",""avatar"":""https://api.dicebear.com/8.x/rings/svg?seed=Repi""}},{""text"":""type here"",""sender"":{""id"":""01M0WY1FH5WQS14DQ3V446M8AM"",""name"":""Repi"",""avatar"":""https://api.dicebear.com/8.x/rings/svg?seed=Repi""}},{""text"":""????"",""sender"":{""id"":""01M0WY1FH5WQS14DQ3V446M8AM"",""name"":""Repi"",""avatar"":""https://api.dicebear.com/8.x/rings/svg?seed=Repi""}},{""text"":""has a triangle on it and arrow pointing left"",""sender"":{""id"":""01M0WY1V9QET0HYE5N0547967Y"",""name"":""Minu"",""avatar"":""https://api.dicebear.com/8.x/rings/svg?seed=Minu""}}]",2026-08-25T17:24:25.607951893Z,"[1787678632592,1787678634409,1787678653436,1787678665617]",2026-08-25T17:24:25.618774743Z,1787678658362,2026-08-25T17:24:18.572988826Z,false,2026-08-25T17:24:34.246937272Z,01M0WY1V9QET0HYE5N0547967Y,2026-08-25T17:23:48.494628879Z,"[""C2"",""B1"",""A4"",""D3""]",2026-08-25T17:07:32.152246514Z,true,2026-08-25T17:24:34.235788651Z,01M0WWQ9XT2Q7RF2RHNCTTRDNK,2026-08-25T17:07:32.152246514Z,3,2026-08-25T17:07:32.152246514Z,false,2026-08-25T17:23:48.622595976Z,01M0WY1FH5WQS14DQ3V446M8AM,2026-08-25T17:23:48.494628879Z,,,48,2026-08-25T17:07:32.152246514Z,12,2026-08-25T17:07:32.152246514Z,training,2026-08-25T17:07:32.152246514Z,0,2026-08-25T17:07:32.152246514Z,4,2026-08-25T17:07:32.152246514Z,/tangrams/366_244.png,2026-08-25T17:24:34.246937272Z,/tangrams/366_244.png,2026-08-25T17:24:31.099854339Z,1787678670895,2026-08-25T17:24:31.092427971Z,0,2026-08-25T17:07:32.152246514Z,2,2026-08-25T17:07:32.607753413Z,true,2026-08-25T17:23:48.44971489Z,"[""/tangrams/422_339.png"",""/tangrams/366_244.png"",""/tangrams/138_66.png"",""/tangrams/279_405.png""]",2026-08-25T17:07:32.152246514Z,/tangrams/138_66.png,2026-08-25T17:07:32.152246514Z,A4,2026-08-25T17:07:32.152246514Z,3,2026-08-25T17:07:32.152246514Z,2,2026-08-25T17:07:32.152246514Z
01M0WY96A1RYC0PTFPN9V3A6C1,01M0WWQAZ72GMKNB5E8VWC3WG2,2026-08-25T17:07:57.889151354Z,"[{""text"":""one triangle in bottom left corner. jagged shape overall. more squat smaller shape on the right, not the tall larger one."",""sender"":{""id"":""01M0WXSYNRXCYGT80QAR430CBD"",""name"":""Repi"",""avatar"":""https://api.dicebear.com/8.x/rings/svg?seed=Repi""}}]",2026-08-25T17:52:13.758620904Z,[1787680333770],2026-08-25T17:52:13.773980247Z,,,true,2026-08-25T17:52:28.053841377Z,01M0WXSYNRXCYGT80QAR430CBD,2026-08-25T17:51:41.895612463Z,"[""D2"",""A3"",""C1"",""A2""]",2026-08-25T17:07:57.889151354Z,true,2026-08-25T17:52:28.037930377Z,01M0WWQAZPP7VBJF1WXDE2YKFW,2026-08-25T17:07:57.889151354Z,42,2026-08-25T17:07:57.889151354Z,false,2026-08-25T17:51:42.176093181Z,01M0WY2T8PBZPVGKC7BWFHJ59J,2026-08-25T17:51:41.895612463Z,,,48,2026-08-25T17:07:57.889151354Z,12,2026-08-25T17:07:57.889151354Z,training,2026-08-25T17:07:57.889151354Z,3,2026-08-25T17:07:57.889151354Z,4,2026-08-25T17:07:57.889151354Z,/tangrams/66_441.png,2026-08-25T17:52:28.053841377Z,/tangrams/66_441.png,2026-08-25T17:52:24.889716617Z,1787680345824,2026-08-25T17:52:24.898158694Z,1,2026-08-25T17:07:57.889151354Z,2,2026-08-25T17:07:59.03726888Z,true,2026-08-25T17:51:41.848715309Z,"[""/tangrams/20_441.png"",""/tangrams/66_24.png"",""/tangrams/202_314.png"",""/tangrams/66_441.png""]",2026-08-25T17:07:57.889151354Z,/tangrams/66_441.png,2026-08-25T17:07:57.889151354Z,A2,2026-08-25T17:07:57.889151354Z,6,2026-08-25T17:07:57.889151354Z,41,2026-08-25T17:07:57.889151354Z
01M0WYEETQNPHVXGQJSR1P54WB,01M0WWQAZ72GMKNB5E8VWC3WG2,2026-08-25T17:10:50.455278938Z,,,,,,,false,2026-08-25T17:30:08.846130596Z,01M0WYD27PCMGYRRX23HHYX14S,2026-08-25T17:29:05.619967933Z,"[""C2"",""A4"",""B1"",""D3""]",2026-08-25T17:10:50.455278938Z,true,2026-08-25T17:30:08.832276274Z,01M0WWQAZRRWZPK3N7VE24RFV2,2026-08-25T17:10:50.455278938Z,3,2026-08-25T17:10:50.455278938Z,false,2026-08-25T17:29:05.884635752Z,01M0WX5VAPVJ9YCV9FVF85YXW2,2026-08-25T17:29:05.619967933Z,,,48,2026-08-25T17:10:50.455278938Z,12,2026-08-25T17:10:50.455278938Z,training,2026-08-25T17:10:50.455278938Z,0,2026-08-25T17:10:50.455278938Z,4,2026-08-25T17:10:50.455278938Z,,2026-08-25T17:30:08.846130596Z,,2026-08-25T17:10:50.455278938Z,,,1,2026-08-25T17:10:50.455278938Z,2,2026-08-25T17:10:50.8079109Z,true,2026-08-25T17:29:05.574337801Z,"[""/tangrams/202_441.png"",""/tangrams/66_464.png"",""/tangrams/348_314.png"",""/tangrams/20_24.png""]",2026-08-25T17:10:50.455278938Z,/tangrams/66_464.png,2026-08-25T17:10:50.455278938Z,A4,2026-08-25T17:10:50.455278938Z,3,2026-08-25T17:10:50.455278938Z,2,2026-08-25T17:10:50.455278938Z
01M0WXEB6T53XB31SA725PSRCW,01M0WWQ73PEDYQHEYYBB88AXMD,2026-08-25T16:53:18.17050569Z,,,,,,,,,,,"[""A1"",""F1"",""F3"",""F6""]",2026-08-25T16:53:18.17050569Z,false,2026-08-25T16:53:18.17050569Z,01M0WWQ74M3NWYAJGQB0ESKAD2,2026-08-25T16:53:18.17050569Z,12,2026-08-25T16:53:18.17050569Z,,,,,,,48,2026-08-25T16:53:18.17050569Z,12,2026-08-25T16:53:18.17050569Z,training,2026-08-25T16:53:18.17050569Z,0,2026-08-25T16:53:18.17050569Z,4,2026-08-25T16:53:18.17050569Z,,,,2026-08-25T16:53:18.17050569Z,,,0,2026-08-25T16:53:18.17050569Z,2,2026-08-25T16:53:18.626827303Z,false,2026-08-25T16:53:18.17050569Z,"[""/tangrams/138_244.png"",""/tangrams/119_182.png"",""/tangrams/170_154.png"",""/tangrams/134_125.png""]",2026-08-25T16:53:18.17050569Z,/tangrams/170_154.png,2026-08-25T16:53:18.17050569Z,F3,2026-08-25T16:53:18.17050569Z,12,2026-08-25T16:53:18.17050569Z,11,2026-08-25T16:53:18.17050569Z
01M0WY8WPZE8P2EF21XW7ZZYVR,01M0WWQAZ72GMKNB5E8VWC3WG2,2026-08-25T17:07:48.063537598Z,"[{""text"":""house shape inside, pointing left"",""sender"":{""id"":""01M0WY09KXZQGZCXQXZTYFDW8C"",""name"":""Repi"",""avatar"":""https://api.dicebear.com/8.x/rings/svg?seed=Repi""}}]",2026-08-25T17:26:06.194343635Z,[1787678766203],2026-08-25T17:26:06.20478609Z,,,true,2026-08-25T17:26:12.603374603Z,01M0WY09KXZQGZCXQXZTYFDW8C,2026-08-25T17:25:55.204979623Z,"[""C3"",""B2"",""F4"",""F3""]",2026-08-25T17:07:48.063537598Z,true,2026-08-25T17:26:12.587817255Z,01M0WWQAZTRSENW9JN2FSQ4BA7,2026-08-25T17:07:48.063537598Z,30,2026-08-25T17:07:48.063537598Z,false,2026-08-25T17:25:55.318471239Z,01M0WY0YPE1FGB7GNWHKCY08ZN,2026-08-25T17:25:55.204979623Z,,,48,2026-08-25T17:07:48.063537598Z,12,2026-08-25T17:07:48.063537598Z,training,2026-08-25T17:07:48.063537598Z,2,2026-08-25T17:07:48.063537598Z,4,2026-08-25T17:07:48.063537598Z,/tangrams/366_339.png,2026-08-25T17:26:12.603374603Z,/tangrams/366_339.png,2026-08-25T17:26:09.459677661Z,1787678769503,2026-08-25T17:26:09.4644658Z,0,2026-08-25T17:07:48.063537598Z,2,2026-08-25T17:07:48.896032496Z,true,2026-08-25T17:25:55.157805922Z,"[""/tangrams/422_405.png"",""/tangrams/366_339.png"",""/tangrams/434_227.png"",""/tangrams/170_154.png""]",2026-08-25T17:07:48.063537598Z,/tangrams/366_339.png,2026-08-25T17:07:48.063537598Z,B2,2026-08-25T17:07:48.063537598Z,6,2026-08-25T17:07:48.063537598Z,29,2026-08-25T17:07:48.063537598Z
01M0WXAW4SBEDQEAEQC25Z7MN2,01M0WWQ73PEDYQHEYYBB88AXMD,2026-08-25T16:51:24.441801262Z,"[{""text"":""Black triangle and diamond at the bottom"",""sender"":{""id"":""01M0WX9MXH1SX7Q50079HW9F7E"",""name"":""Minu"",""avatar"":""https://api.dicebear.com/8.x/rings/svg?seed=Minu""}}]",2026-08-25T17:24:23.924545129Z,[1787678663933],2026-08-25T17:24:23.935836305Z,,,true,2026-08-25T17:24:33.322100323Z,01M0WX9MXH1SX7Q50079HW9F7E,2026-08-25T17:24:18.19502672Z,"[""D2"",""C1"",""A3"",""B4""]",2026-08-25T16:51:24.441801262Z,true,2026-08-25T17:24:33.308243045Z,01M0WWQ74H7CSGCPAHPDSCJ0PV,2026-08-25T16:51:24.441801262Z,39,2026-08-25T16:51:24.441801262Z,false,2026-08-25T17:24:18.291687011Z,01M0WX667JRE4461924BYZ6YJ1,2026-08-25T17:24:18.19502672Z,,,48,2026-08-25T16:51:24.441801262Z,12,2026-08-25T16:51:24.441801262Z,training,2026-08-25T16:51:24.441801262Z,3,2026-08-25T16:51:24.441801262Z,4,2026-08-25T16:51:24.441801262Z,/tangrams/422_244.png,2026-08-25T17:24:33.322100323Z,/tangrams/422_244.png,2026-08-25T17:24:30.170257516Z,1787678670150,2026-08-25T17:24:30.165635991Z,0,2026-08-25T16:51:24.441801262Z,2,2026-08-25T16:51:25.347122138Z,true,2026-08-25T17:24:18.162673209Z,"[""/tangrams/279_339.png"",""/tangrams/422_244.png"",""/tangrams/138_405.png"",""/tangrams/366_66.png""]",2026-08-25T16:51:24.441801262Z,/tangrams/422_244.png,2026-08-25T16:51:24.441801262Z,C1,2026-08-25T16:51:24.441801262Z,3,2026-08-25T16:51:24.441801262Z,38,2026-08-25T16:51:24.441801262Z
01M0WXEBDF00G8P8R20MQPYFSJ,01M0WWQ73PEDYQHEYYBB88AXMD,2026-08-25T16:53:18.383316365Z,,,,,,,,,,,"[""B2"",""A1"",""F4"",""F7""]",2026-08-25T16:53:18.383316365Z,false,2026-08-25T16:53:18.383316365Z,01M0WWQ74M3NWYAJGQB0ESKAD2,2026-08-25T16:53:18.383316365Z,36,2026-08-25T16:53:18.383316365Z,,,,,,,48,2026-08-25T16:53:18.383316365Z,12,2026-08-25T16:53:18.383316365Z,training,2026-08-25T16:53:18.383316365Z,2,2026-08-25T16:53:18.383316365Z,4,2026-08-25T16:53:18.383316365Z,,,,2026-08-25T16:53:18.383316365Z,,,0,2026-08-25T16:53:18.383316365Z,2,2026-08-25T16:53:19.102492197Z,false,2026-08-25T16:53:18.383316365Z,"[""/tangrams/366_339.png"",""/tangrams/138_244.png"",""/tangrams/434_227.png"",""/tangrams/411_352.png""]",2026-08-25T16:53:18.383316365Z,/tangrams/434_227.png,2026-08-25T16:53:18.383316365Z,F4,2026-08-25T16:53:18.383316365Z,12,2026-08-25T16:53:18.383316365Z,35,2026-08-25T16:53:18.383316365Z
01M0WY8WMFCAQKYSFJYZ17TAKD,01M0WWQAZ72GMKNB5E8VWC3WG2,2026-08-25T17:07:47.983486193Z,"[{""text"":""ship with square in middle"",""sender"":{""id"":""01M0WY0YPE1FGB7GNWHKCY08ZN"",""name"":""Minu"",""avatar"":""https://api.dicebear.com/8.x/rings/svg?seed=Minu""}}]",2026-08-25T17:29:20.867006837Z,[1787678960877],2026-08-25T17:29:20.878783533Z,,,true,2026-08-25T17:29:26.057379922Z,01M0WY0YPE1FGB7GNWHKCY08ZN,2026-08-25T17:29:11.345719922Z,"[""F5"",""F7"",""F3"",""F4""]",2026-08-25T17:07:47.983486193Z,true,2026-08-25T17:29:26.041063409Z,01M0WWQAZTRSENW9JN2FSQ4BA7,2026-08-25T17:07:47.983486193Z,45,2026-08-25T17:07:47.983486193Z,false,2026-08-25T17:29:11.458782849Z,01M0WY09KXZQGZCXQXZTYFDW8C,2026-08-25T17:29:11.345719922Z,,,48,2026-08-25T17:07:47.983486193Z,12,2026-08-25T17:07:47.983486193Z,training,2026-08-25T17:07:47.983486193Z,3,2026-08-25T17:07:47.983486193Z,4,2026-08-25T17:07:47.983486193Z,/tangrams/434_227.png,2026-08-25T17:29:26.057379922Z,/tangrams/434_227.png,2026-08-25T17:29:22.901229201Z,1787678964294,2026-08-25T17:29:22.89596021Z,0,2026-08-25T17:07:47.983486193Z,2,2026-08-25T17:07:49.144732687Z,true,2026-08-25T17:29:11.304814571Z,"[""/tangrams/456_48.png"",""/tangrams/411_352.png"",""/tangrams/170_154.png"",""/tangrams/434_227.png""]",2026-08-25T17:07:47.983486193Z,/tangrams/434_227.png,2026-08-25T17:07:47.983486193Z,F4,2026-08-25T17:07:47.983486193Z,9,2026-08-25T17:07:47.983486193Z,44,2026-08-25T17:07:47.983486193Z
01M0WXAW3J2XC27KW8X7V6AM2C,01M0WWQ73PEDYQHEYYBB88AXMD,2026-08-25T16:51:24.403003715Z,"[{""text"":""not a lot of time"",""sender"":{""id"":""01M0WX9MXH1SX7Q50079HW9F7E"",""name"":""Minu"",""avatar"":""https://api.dicebear.com/8.x/rings/svg?seed=Minu""}},{""text"":""has a space below that looks like a triangle"",""sender"":{""id"":""01M0WX667JRE4461924BYZ6YJ1"",""name"":""Repi"",""avatar"":""https://api.dicebear.com/8.x/rings/svg?seed=Repi""}}]",2026-08-25T17:09:33.666758213Z,"[1787677770404,1787677773673]",2026-08-25T17:09:33.675343012Z,,,false,2026-08-25T17:09:40.416522004Z,01M0WX667JRE4461924BYZ6YJ1,2026-08-25T17:09:17.537286253Z,"[""B1"",""C2"",""A4"",""D3""]",2026-08-25T16:51:24.403003715Z,true,2026-08-25T17:09:40.407668615Z,01M0WWQ74H7CSGCPAHPDSCJ0PV,2026-08-25T16:51:24.403003715Z,2,2026-08-25T16:51:24.403003715Z,false,2026-08-25T17:09:17.633887467Z,01M0WX9MXH1SX7Q50079HW9F7E,2026-08-25T17:09:17.537286253Z,,,48,2026-08-25T16:51:24.403003715Z,12,2026-08-25T16:51:24.403003715Z,training,2026-08-25T16:51:24.403003715Z,0,2026-08-25T16:51:24.403003715Z,4,2026-08-25T16:51:24.403003715Z,/tangrams/366_244.png,2026-08-25T17:09:40.416522004Z,/tangrams/366_244.png,2026-08-25T17:09:37.289500346Z,1787677777204,2026-08-25T17:09:37.292773843Z,0,2026-08-25T16:51:24.403003715Z,2,2026-08-25T16:51:24.730376206Z,true,2026-08-25T17:09:17.506399017Z,"[""/tangrams/366_244.png"",""/tangrams/422_339.png"",""/tangrams/138_66.png"",""/tangrams/279_405.png""]",2026-08-25T16:51:24.403003715Z,/tangrams/422_339.png,2026-08-25T16:51:24.403003715Z,C2,2026-08-25T16:51:24.403003715Z,2,2026-08-25T16:51:24.403003715Z,1,2026-08-25T16:51:24.403003715Z
01M0WXEB7CMEJCN6WCX1HM6RR8,01M0WWQ73PEDYQHEYYBB88AXMD,2026-08-25T16:53:18.188802904Z,"[{""text"":""hello!"",""sender"":{""id"":""01M0WWZBDJ6CA985ZGF4JYT3P6"",""name"":""Repi"",""avatar"":""https://api.dicebear.com/8.x/rings/svg?seed=Repi""}}]",2026-08-25T17:02:10.656202307Z,[1787677330659],2026-08-25T17:02:10.661910236Z,1787677341101,2026-08-25T17:02:22.813170418Z,false,2026-08-25T17:02:26.658722812Z,01M0WX6P9Z1RRJ4EYT8244HGBW,2026-08-25T17:01:23.523333447Z,"[""F2"",""A1"",""F4"",""F7""]",2026-08-25T16:53:18.188802904Z,true,2026-08-25T17:02:26.652869262Z,01M0WWQ74M3NWYAJGQB0ESKAD2,2026-08-25T16:53:18.188802904Z,5,2026-08-25T16:53:18.188802904Z,false,2026-08-25T17:01:23.793956409Z,01M0WWZBDJ6CA985ZGF4JYT3P6,2026-08-25T17:01:23.523333447Z,,,48,2026-08-25T16:53:18.188802904Z,12,2026-08-25T16:53:18.188802904Z,training,2026-08-25T16:53:18.188802904Z,0,2026-08-25T16:53:18.188802904Z,4,2026-08-25T16:53:18.188802904Z,,2026-08-25T17:02:26.658722812Z,,2026-08-25T16:53:18.188802904Z,,,0,2026-08-25T16:53:18.188802904Z,2,2026-08-25T16:53:18.516393456Z,true,2026-08-25T17:01:23.496493907Z,"[""/tangrams/290_64.png"",""/tangrams/138_244.png"",""/tangrams/434_227.png"",""/tangrams/411_352.png""]",2026-08-25T16:53:18.188802904Z,/tangrams/434_227.png,2026-08-25T16:53:18.188802904Z,F4,2026-08-25T16:53:18.188802904Z,5,2026-08-25T16:53:18.188802904Z,4,2026-08-25T16:53:18.188802904Z
01M0WY8D8DRCA2WGC3NSTYZQDF,01M0WWQ9XB6TMTWDYN7GB59TN7,2026-08-25T17:07:32.237623836Z,"[{""text"":""two wide legs with a black diamond on top"",""sender"":{""id"":""01M0WY1FH5WQS14DQ3V446M8AM"",""name"":""Repi"",""avatar"":""https://api.dicebear.com/8.x/rings/svg?seed=Repi""}}]",2026-08-25T17:33:41.167008968Z,[1787679221182],2026-08-25T17:33:41.184797477Z,,,false,2026-08-25T17:33:48.58293993Z,01M0WY1FH5WQS14DQ3V446M8AM,2026-08-25T17:33:10.760065299Z,"[""C4"",""A2"",""B1"",""D3""]",2026-08-25T17:07:32.237623836Z,true,2026-08-25T17:33:48.561149789Z,01M0WWQ9XT2Q7RF2RHNCTTRDNK,2026-08-25T17:07:32.237623836Z,18,2026-08-25T17:07:32.237623836Z,false,2026-08-25T17:33:10.979497369Z,01M0WY1V9QET0HYE5N0547967Y,2026-08-25T17:33:10.760065299Z,,,48,2026-08-25T17:07:32.237623836Z,12,2026-08-25T17:07:32.237623836Z,training,2026-08-25T17:07:32.237623836Z,1,2026-08-25T17:07:32.237623836Z,4,2026-08-25T17:07:32.237623836Z,/tangrams/279_405.png,2026-08-25T17:33:48.58293993Z,/tangrams/279_405.png,2026-08-25T17:33:45.339707237Z,1787679225873,2026-08-25T17:33:45.346635545Z,0,2026-08-25T17:07:32.237623836Z,2,2026-08-25T17:07:32.898258095Z,true,2026-08-25T17:33:10.685019674Z,"[""/tangrams/422_66.png"",""/tangrams/138_339.png"",""/tangrams/366_244.png"",""/tangrams/279_405.png""]",2026-08-25T17:07:32.237623836Z,/tangrams/138_339.png,2026-08-25T17:07:32.237623836Z,A2,2026-08-25T17:07:32.237623836Z,6,2026-08-25T17:07:32.237623836Z,17,2026-08-25T17:07:32.237623836Z
01M0WYEEWVAZG981N8V6QEMYN2,01M0WWQAZ72GMKNB5E8VWC3WG2,2026-08-25T17:10:50.52334271Z,,,,,,,,,,,"[""A3"",""B4"",""D2"",""C1""]",2026-08-25T17:10:50.52334271Z,false,2026-08-25T17:10:50.52334271Z,01M0WWQAZRRWZPK3N7VE24RFV2,2026-08-25T17:10:50.52334271Z,25,2026-08-25T17:10:50.52334271Z,,,,,,,48,2026-08-25T17:10:50.52334271Z,12,2026-08-25T17:10:50.52334271Z,training,2026-08-25T17:10:50.52334271Z,2,2026-08-25T17:10:50.52334271Z,4,2026-08-25T17:10:50.52334271Z,,,,2026-08-25T17:10:50.52334271Z,,,1,2026-08-25T17:10:50.52334271Z,2,2026-08-25T17:10:51.397511485Z,false,2026-08-25T17:10:50.52334271Z,"[""/tangrams/66_24.png"",""/tangrams/348_464.png"",""/tangrams/20_441.png"",""/tangrams/202_314.png""]",2026-08-25T17:10:50.52334271Z,/tangrams/66_24.png,2026-08-25T17:10:50.52334271Z,A3,2026-08-25T17:10:50.52334271Z,1,2026-08-25T17:10:50.52334271Z,24,2026-08-25T17:10:50.52334271Z
01M0WY7G753XTA4DS4QMSCW520,01M0WWQ9XB6TMTWDYN7GB59TN7,2026-08-25T17:07:02.501630966Z,"[{""text"":""diamond at very top"",""sender"":{""id"":""01M0WXR5QX7RT0467EJCPJ9Y2Y"",""name"":""Repi"",""avatar"":""https://api.dicebear.com/8.x/rings/svg?seed=Repi""}},{""text"":""on top of a rectangle"",""sender"":{""id"":""01M0WXR5QX7RT0467EJCPJ9Y2Y"",""name"":""Repi"",""avatar"":""https://api.dicebear.com/8.x/rings/svg?seed=Repi""}},{""text"":""bottom has a white missing triangle"",""sender"":{""id"":""01M0WXR5QX7RT0467EJCPJ9Y2Y"",""name"":""Repi"",""avatar"":""https://api.dicebear.com/8.x/rings/svg?seed=Repi""}}]",2026-08-25T17:34:29.241187531Z,"[1787679259125,1787679263755,1787679269254]",2026-08-25T17:34:29.256852539Z,,,true,2026-08-25T17:34:35.902408499Z,01M0WXR5QX7RT0467EJCPJ9Y2Y,2026-08-25T17:34:14.002689261Z,"[""A2"",""C1"",""A4"",""D2""]",2026-08-25T17:07:02.501630966Z,true,2026-08-25T17:34:35.88394626Z,01M0WWQ9XW83PGVA4HF3WT9HVR,2026-08-25T17:07:02.501630966Z,20,2026-08-25T17:07:02.501630966Z,false,2026-08-25T17:34:14.310984958Z,01M0WY0ECEQWZG8FEZD72ENETD,2026-08-25T17:34:14.002689261Z,,,48,2026-08-25T17:07:02.501630966Z,12,2026-08-25T17:07:02.501630966Z,training,2026-08-25T17:07:02.501630966Z,1,2026-08-25T17:07:02.501630966Z,4,2026-08-25T17:07:02.501630966Z,/tangrams/138_339.png,2026-08-25T17:34:35.902408499Z,/tangrams/138_339.png,2026-08-25T17:34:32.756292014Z,1787679272304,2026-08-25T17:34:32.751431382Z,0,2026-08-25T17:07:02.501630966Z,2,2026-08-25T17:07:03.203722204Z,true,2026-08-25T17:34:13.916753757Z,"[""/tangrams/138_339.png"",""/tangrams/422_244.png"",""/tangrams/138_66.png"",""/tangrams/279_339.png""]",2026-08-25T17:07:02.501630966Z,/tangrams/138_339.png,2026-08-25T17:07:02.501630966Z,A2,2026-08-25T17:07:02.501630966Z,8,2026-08-25T17:07:02.501630966Z,19,2026-08-25T17:07:02.501630966Z
01M0WY7G9JB725YS1652Q94YSF,01M0WWQ9XB6TMTWDYN7GB59TN7,2026-08-25T17:07:02.578691865Z,"[{""text"":""diamond on top"",""sender"":{""id"":""01M0WXR5QX7RT0467EJCPJ9Y2Y"",""name"":""Repi"",""avatar"":""https://api.dicebear.com/8.x/rings/svg?seed=Repi""}},{""text"":""bottom stairs"",""sender"":{""id"":""01M0WXR5QX7RT0467EJCPJ9Y2Y"",""name"":""Repi"",""avatar"":""https://api.dicebear.com/8.x/rings/svg?seed=Repi""}},{""text"":""and boot"",""sender"":{""id"":""01M0WXR5QX7RT0467EJCPJ9Y2Y"",""name"":""Repi"",""avatar"":""https://api.dicebear.com/8.x/rings/svg?seed=Repi""}}]",2026-08-25T17:42:47.758822292Z,"[1787679763665,1787679766069,1787679767769]",2026-08-25T17:42:47.770951627Z,,,true,2026-08-25T17:42:52.857127767Z,01M0WXR5QX7RT0467EJCPJ9Y2Y,2026-08-25T17:42:36.428883839Z,"[""C4"",""A3"",""A2"",""D3""]",2026-08-25T17:07:02.578691865Z,true,2026-08-25T17:42:52.844815895Z,01M0WWQ9XW83PGVA4HF3WT9HVR,2026-08-25T17:07:02.578691865Z,40,2026-08-25T17:07:02.578691865Z,false,2026-08-25T17:42:36.699783582Z,01M0WY0ECEQWZG8FEZD72ENETD,2026-08-25T17:42:36.428883839Z,,,48,2026-08-25T17:07:02.578691865Z,12,2026-08-25T17:07:02.578691865Z,training,2026-08-25T17:07:02.578691865Z,3,2026-08-25T17:07:02.578691865Z,4,2026-08-25T17:07:02.578691865Z,/tangrams/138_405.png,2026-08-25T17:42:52.857127767Z,/tangrams/138_405.png,2026-08-25T17:42:49.702901351Z,1787679769241,2026-08-25T17:42:49.714666337Z,0,2026-08-25T17:07:02.578691865Z,2,2026-08-25T17:07:03.611632722Z,true,2026-08-25T17:42:36.377394341Z,"[""/tangrams/422_66.png"",""/tangrams/138_405.png"",""/tangrams/138_339.png"",""/tangrams/279_405.png""]",2026-08-25T17:07:02.578691865Z,/tangrams/138_405.png,2026-08-25T17:07:02.578691865Z,A3,2026-08-25T17:07:02.578691865Z,4,2026-08-25T17:07:02.578691865Z,39,2026-08-25T17:07:02.578691865Z
01M0WYEEPTRYMDAAEA2YJF1H9F,01M0WWQAZ72GMKNB5E8VWC3WG2,2026-08-25T17:10:50.330400397Z,,,,,,,,,,,"[""A4"",""D3"",""C2"",""B1""]",2026-08-25T17:10:50.330400397Z,false,2026-08-25T17:10:50.330400397Z,01M0WWQAZRRWZPK3N7VE24RFV2,2026-08-25T17:10:50.330400397Z,46,2026-08-25T17:10:50.330400397Z,,,,,,,48,2026-08-25T17:10:50.330400397Z,12,2026-08-25T17:10:50.330400397Z,training,2026-08-25T17:10:50.330400397Z,3,2026-08-25T17:10:50.330400397Z,4,2026-08-25T17:10:50.330400397Z,,,,2026-08-25T17:10:50.330400397Z,,,1,2026-08-25T17:10:50.330400397Z,2,2026-08-25T17:10:51.960014464Z,false,2026-08-25T17:10:50.330400397Z,"[""/tangrams/66_464.png"",""/tangrams/20_24.png"",""/tangrams/202_441.png"",""/tangrams/348_314.png""]",2026-08-25T17:10:50.330400397Z,/tangrams/348_314.png,2026-08-25T17:10:50.330400397Z,B1,2026-08-25T17:10:50.330400397Z,10,2026-08-25T17:10:50.330400397Z,45,2026-08-25T17:10:50.330400397Z
01M0WY8DAR54E31SRFCKX0798W,01M0WWQ9XB6TMTWDYN7GB59TN7,2026-08-25T17:07:32.312610794Z,"[{""text"":""a small diagonal on the hat"",""sender"":{""id"":""01M0WY1V9QET0HYE5N0547967Y"",""name"":""Minu"",""avatar"":""https://api.dicebear.com/8.x/rings/svg?seed=Minu""}}]",2026-08-25T17:39:23.643356686Z,[1787679563653],2026-08-25T17:39:23.654996069Z,,,true,2026-08-25T17:39:32.702432961Z,01M0WY1V9QET0HYE5N0547967Y,2026-08-25T17:39:04.728641297Z,"[""D2"",""B4"",""A3"",""C1""]",2026-08-25T17:07:32.312610794Z,true,2026-08-25T17:39:32.68659925Z,01M0WWQ9XT2Q7RF2RHNCTTRDNK,2026-08-25T17:07:32.312610794Z,27,2026-08-25T17:07:32.312610794Z,false,2026-08-25T17:39:04.898997699Z,01M0WY1FH5WQS14DQ3V446M8AM,2026-08-25T17:39:04.728641297Z,,,48,2026-08-25T17:07:32.312610794Z,12,2026-08-25T17:07:32.312610794Z,training,2026-08-25T17:07:32.312610794Z,2,2026-08-25T17:07:32.312610794Z,4,2026-08-25T17:07:32.312610794Z,/tangrams/138_405.png,2026-08-25T17:39:32.702432961Z,/tangrams/138_405.png,2026-08-25T17:39:29.538080193Z,1787679569335,2026-08-25T17:39:29.533054347Z,0,2026-08-25T17:07:32.312610794Z,2,2026-08-25T17:07:33.070811151Z,true,2026-08-25T17:39:04.677288795Z,"[""/tangrams/279_339.png"",""/tangrams/366_66.png"",""/tangrams/138_405.png"",""/tangrams/422_244.png""]",2026-08-25T17:07:32.312610794Z,/tangrams/138_405.png,2026-08-25T17:07:32.312610794Z,A3,2026-08-25T17:07:32.312610794Z,3,2026-08-25T17:07:32.312610794Z,26,2026-08-25T17:07:32.312610794Z
01M0WY9685FVDBXV7N2ERWS941,01M0WWQAZ72GMKNB5E8VWC3WG2,2026-08-25T17:07:57.829387648Z,"[{""text"":""2 triangles on its side facing left. an empty rectangle in the middle, a single point facing right"",""sender"":{""id"":""01M0WY2T8PBZPVGKC7BWFHJ59J"",""name"":""Minu"",""avatar"":""https://api.dicebear.com/8.x/rings/svg?seed=Minu""}}]",2026-08-25T17:24:54.918718927Z,[1787678694927],2026-08-25T17:24:54.928822832Z,,,true,2026-08-25T17:25:09.284370412Z,01M0WY2T8PBZPVGKC7BWFHJ59J,2026-08-25T17:24:07.944689821Z,"[""A3"",""B1"",""D3"",""A4""]",2026-08-25T17:07:57.829387648Z,true,2026-08-25T17:25:09.269889985Z,01M0WWQAZPP7VBJF1WXDE2YKFW,2026-08-25T17:07:57.829387648Z,1,2026-08-25T17:07:57.829387648Z,false,2026-08-25T17:24:08.283423131Z,01M0WXSYNRXCYGT80QAR430CBD,2026-08-25T17:24:07.944689821Z,,,48,2026-08-25T17:07:57.829387648Z,12,2026-08-25T17:07:57.829387648Z,training,2026-08-25T17:07:57.829387648Z,0,2026-08-25T17:07:57.829387648Z,4,2026-08-25T17:07:57.829387648Z,/tangrams/66_24.png,2026-08-25T17:25:09.284370412Z,/tangrams/66_24.png,2026-08-25T17:25:06.071277618Z,1787678706648,2026-08-25T17:25:06.065651252Z,1,2026-08-25T17:07:57.829387648Z,2,2026-08-25T17:07:58.222424407Z,true,2026-08-25T17:24:07.909637747Z,"[""/tangrams/66_24.png"",""/tangrams/348_314.png"",""/tangrams/20_24.png"",""/tangrams/66_464.png""]",2026-08-25T17:07:57.829387648Z,/tangrams/66_24.png,2026-08-25T17:07:57.829387648Z,A3,2026-08-25T17:07:57.829387648Z,1,2026-08-25T17:07:57.829387648Z,0,2026-08-25T17:07:57.829387648Z
01M0WXGEBY4GT2M7ZKCGZ7T4A7,01M0WWQ73PEDYQHEYYBB88AXMD,2026-08-25T16:54:26.942690711Z,,,,,,,false,2026-08-25T17:16:20.513705993Z,01M0WX0T78NE9YVPZSCJ5NTGX1,2026-08-25T17:15:17.339774451Z,"[""B4"",""A4"",""A3"",""C1""]",2026-08-25T16:54:26.942690711Z,true,2026-08-25T17:16:20.5023128Z,01M0WWQ74ND1AHANTF309RNWJE,2026-08-25T16:54:26.942690711Z,9,2026-08-25T16:54:26.942690711Z,false,2026-08-25T17:15:17.596189286Z,01M0WWVKKHKMSSWB9WS1N6GRNZ,2026-08-25T17:15:17.339774451Z,,,48,2026-08-25T16:54:26.942690711Z,12,2026-08-25T16:54:26.942690711Z,training,2026-08-25T16:54:26.942690711Z,0,2026-08-25T16:54:26.942690711Z,4,2026-08-25T16:54:26.942690711Z,,2026-08-25T17:16:20.513705993Z,,2026-08-25T16:54:26.942690711Z,,,0,2026-08-25T16:54:26.942690711Z,2,2026-08-25T16:54:27.400197864Z,true,2026-08-25T17:15:17.298063313Z,"[""/tangrams/366_66.png"",""/tangrams/138_66.png"",""/tangrams/138_405.png"",""/tangrams/422_244.png""]",2026-08-25T16:54:26.942690711Z,/tangrams/138_66.png,2026-08-25T16:54:26.942690711Z,A4,2026-08-25T16:54:26.942690711Z,9,2026-08-25T16:54:26.942690711Z,8,2026-08-25T16:54:26.942690711Z
01M0WY7G7WXH77PJDAZW8GT0HH,01M0WWQ9XB6TMTWDYN7GB59TN7,2026-08-25T17:07:02.524268816Z,"[{""text"":""diamond top"",""sender"":{""id"":""01M0WXR5QX7RT0467EJCPJ9Y2Y"",""name"":""Repi"",""avatar"":""https://api.dicebear.com/8.x/rings/svg?seed=Repi""}},{""text"":""on top of rectangle"",""sender"":{""id"":""01M0WXR5QX7RT0467EJCPJ9Y2Y"",""name"":""Repi"",""avatar"":""https://api.dicebear.com/8.x/rings/svg?seed=Repi""}},{""text"":""on a house"",""sender"":{""id"":""01M0WXR5QX7RT0467EJCPJ9Y2Y"",""name"":""Repi"",""avatar"":""https://api.dicebear.com/8.x/rings/svg?seed=Repi""}},{""text"":""all black"",""sender"":{""id"":""01M0WXR5QX7RT0467EJCPJ9Y2Y"",""name"":""Repi"",""avatar"":""https://api.dicebear.com/8.x/rings/svg?seed=Repi""}},{""text"":""no white gaps"",""sender"":{""id"":""01M0WXR5QX7RT0467EJCPJ9Y2Y"",""name"":""Repi"",""avatar"":""https://api.dicebear.com/8.x/rings/svg?seed=Repi""}}]",2026-08-25T17:38:00.922797871Z,"[1787679470568,1787679473547,1787679476506,1787679478161,1787679480939]",2026-08-25T17:38:00.940927087Z,,,true,2026-08-25T17:38:05.854968626Z,01M0WXR5QX7RT0467EJCPJ9Y2Y,2026-08-25T17:37:45.948735898Z,"[""A4"",""C4"",""B1"",""A3""]",2026-08-25T17:07:02.524268816Z,true,2026-08-25T17:38:05.844442087Z,01M0WWQ9XW83PGVA4HF3WT9HVR,2026-08-25T17:07:02.524268816Z,28,2026-08-25T17:07:02.524268816Z,false,2026-08-25T17:37:46.204085609Z,01M0WY0ECEQWZG8FEZD72ENETD,2026-08-25T17:37:45.948735898Z,,,48,2026-08-25T17:07:02.524268816Z,12,2026-08-25T17:07:02.524268816Z,training,2026-08-25T17:07:02.524268816Z,2,2026-08-25T17:07:02.524268816Z,4,2026-08-25T17:07:02.524268816Z,/tangrams/138_66.png,2026-08-25T17:38:05.854968626Z,/tangrams/138_66.png,2026-08-25T17:38:02.699817166Z,1787679482256,2026-08-25T17:38:02.694853252Z,0,2026-08-25T17:07:02.524268816Z,2,2026-08-25T17:07:03.373836255Z,true,2026-08-25T17:37:45.898826949Z,"[""/tangrams/138_66.png"",""/tangrams/422_66.png"",""/tangrams/366_244.png"",""/tangrams/138_405.png""]",2026-08-25T17:07:02.524268816Z,/tangrams/138_66.png,2026-08-25T17:07:02.524268816Z,A4,2026-08-25T17:07:02.524268816Z,4,2026-08-25T17:07:02.524268816Z,27,2026-08-25T17:07:02.524268816Z
01M0WXEBDJN3Y334HQ88M2FQ2S,01M0WWQ73PEDYQHEYYBB88AXMD,2026-08-25T16:53:18.386302277Z,,,,,,,,,,,"[""F6"",""F4"",""A1"",""D4""]",2026-08-25T16:53:18.386302277Z,false,2026-08-25T16:53:18.386302277Z,01M0WWQ74M3NWYAJGQB0ESKAD2,2026-08-25T16:53:18.386302277Z,37,2026-08-25T16:53:18.386302277Z,,,,,,,48,2026-08-25T16:53:18.386302277Z,12,2026-08-25T16:53:18.386302277Z,training,2026-08-25T16:53:18.386302277Z,3,2026-08-25T16:53:18.386302277Z,4,2026-08-25T16:53:18.386302277Z,,,,2026-08-25T16:53:18.386302277Z,,,0,2026-08-25T16:53:18.386302277Z,2,2026-08-25T16:53:19.123071348Z,false,2026-08-25T16:53:18.386302277Z,"[""/tangrams/134_125.png"",""/tangrams/434_227.png"",""/tangrams/138_244.png"",""/tangrams/279_66.png""]",2026-08-25T16:53:18.386302277Z,/tangrams/134_125.png,2026-08-25T16:53:18.386302277Z,F6,2026-08-25T16:53:18.386302277Z,1,2026-08-25T16:53:18.386302277Z,36,2026-08-25T16:53:18.386302277Z
01M0WY4ETBS2PPZDN6FT6561A3,01M0WWQ9XB6TMTWDYN7GB59TN7,2026-08-25T17:05:22.7635923Z,"[{""text"":""has a crown at the top"",""sender"":{""id"":""01M0WY0C090AZDG2K9X542KKDB"",""name"":""Repi"",""avatar"":""https://api.dicebear.com/8.x/rings/svg?seed=Repi""}}]",2026-08-25T17:20:05.184710946Z,[1787678405192],2026-08-25T17:20:05.194337502Z,,,true,2026-08-25T17:20:10.287348516Z,01M0WY0C090AZDG2K9X542KKDB,2026-08-25T17:19:45.991203368Z,"[""F2"",""F8"",""A1"",""F1""]",2026-08-25T17:05:22.7635923Z,true,2026-08-25T17:20:10.270693168Z,01M0WWQ9XVXJV1JR4118CY5W09,2026-08-25T17:05:22.7635923Z,16,2026-08-25T17:05:22.7635923Z,false,2026-08-25T17:19:46.194146853Z,01M0WY0ENCGBGZ9MKY7CZKA71D,2026-08-25T17:19:45.991203368Z,,,48,2026-08-25T17:05:22.7635923Z,12,2026-08-25T17:05:22.7635923Z,training,2026-08-25T17:05:22.7635923Z,1,2026-08-25T17:05:22.7635923Z,4,2026-08-25T17:05:22.7635923Z,/tangrams/290_64.png,2026-08-25T17:20:10.287348516Z,/tangrams/290_64.png,2026-08-25T17:20:07.157705615Z,1787678407176,2026-08-25T17:20:07.1529307Z,0,2026-08-25T17:05:22.7635923Z,2,2026-08-25T17:05:23.348883186Z,true,2026-08-25T17:19:45.951773143Z,"[""/tangrams/290_64.png"",""/tangrams/37_144.png"",""/tangrams/138_244.png"",""/tangrams/119_182.png""]",2026-08-25T17:05:22.7635923Z,/tangrams/290_64.png,2026-08-25T17:05:22.7635923Z,F2,2026-08-25T17:05:22.7635923Z,4,2026-08-25T17:05:22.7635923Z,15,2026-08-25T17:05:22.7635923Z
01M0WY4EV8AY1EX1X5PGYBR0RS,01M0WWQ9XB6TMTWDYN7GB59TN7,2026-08-25T17:05:22.792694422Z,"[{""text"":""an arrow at the top, diamond beneath"",""sender"":{""id"":""01M0WY0C090AZDG2K9X542KKDB"",""name"":""Repi"",""avatar"":""https://api.dicebear.com/8.x/rings/svg?seed=Repi""}}]",2026-08-25T17:17:55.983980898Z,[1787678275991],2026-08-25T17:17:55.993645962Z,,,true,2026-08-25T17:18:04.24761864Z,01M0WY0C090AZDG2K9X542KKDB,2026-08-25T17:17:38.391937774Z,"[""F8"",""F7"",""D4"",""F5""]",2026-08-25T17:05:22.792694422Z,true,2026-08-25T17:18:04.227803323Z,01M0WWQ9XVXJV1JR4118CY5W09,2026-08-25T17:05:22.792694422Z,10,2026-08-25T17:05:22.792694422Z,false,2026-08-25T17:17:38.55539063Z,01M0WY0ENCGBGZ9MKY7CZKA71D,2026-08-25T17:17:38.391937774Z,,,48,2026-08-25T17:05:22.792694422Z,12,2026-08-25T17:05:22.792694422Z,training,2026-08-25T17:05:22.792694422Z,0,2026-08-25T17:05:22.792694422Z,4,2026-08-25T17:05:22.792694422Z,/tangrams/411_352.png,2026-08-25T17:18:04.24761864Z,/tangrams/411_352.png,2026-08-25T17:18:01.107609576Z,1787678281125,2026-08-25T17:18:01.101632367Z,0,2026-08-25T17:05:22.792694422Z,2,2026-08-25T17:05:23.252927345Z,true,2026-08-25T17:17:38.316315445Z,"[""/tangrams/37_144.png"",""/tangrams/411_352.png"",""/tangrams/279_66.png"",""/tangrams/456_48.png""]",2026-08-25T17:05:22.792694422Z,/tangrams/411_352.png,2026-08-25T17:05:22.792694422Z,F7,2026-08-25T17:05:22.792694422Z,10,2026-08-25T17:05:22.792694422Z,9,2026-08-25T17:05:22.792694422Z
01M0WXEB613R883BP7CRQQ1YFM,01M0WWQ73PEDYQHEYYBB88AXMD,2026-08-25T16:53:18.145549049Z,"[{""text"":""kind of resembles a water fountain"",""sender"":{""id"":""01M0WX6P9Z1RRJ4EYT8244HGBW"",""name"":""Minu"",""avatar"":""https://api.dicebear.com/8.x/rings/svg?seed=Minu""}}]",2026-08-25T16:59:30.108048293Z,[1787677170111],2026-08-25T16:59:30.114694912Z,,,true,2026-08-25T16:59:39.742421555Z,01M0WX6P9Z1RRJ4EYT8244HGBW,2026-08-25T16:59:11.467029201Z,"[""A1"",""F8"",""C3"",""B2""]",2026-08-25T16:53:18.145549049Z,true,2026-08-25T16:59:39.735950984Z,01M0WWQ74M3NWYAJGQB0ESKAD2,2026-08-25T16:53:18.145549049Z,1,2026-08-25T16:53:18.145549049Z,false,2026-08-25T16:59:11.845957283Z,01M0WWZBDJ6CA985ZGF4JYT3P6,2026-08-25T16:59:11.467029201Z,,,48,2026-08-25T16:53:18.145549049Z,12,2026-08-25T16:53:18.145549049Z,training,2026-08-25T16:53:18.145549049Z,0,2026-08-25T16:53:18.145549049Z,4,2026-08-25T16:53:18.145549049Z,/tangrams/37_144.png,2026-08-25T16:59:39.742421555Z,/tangrams/37_144.png,2026-08-25T16:59:36.654415993Z,1787677174950,2026-08-25T16:59:36.652508888Z,0,2026-08-25T16:53:18.145549049Z,2,2026-08-25T16:53:18.446955216Z,true,2026-08-25T16:59:11.44075276Z,"[""/tangrams/138_244.png"",""/tangrams/37_144.png"",""/tangrams/422_405.png"",""/tangrams/366_339.png""]",2026-08-25T16:53:18.145549049Z,/tangrams/37_144.png,2026-08-25T16:53:18.145549049Z,F8,2026-08-25T16:53:18.145549049Z,1,2026-08-25T16:53:18.145549049Z,0,2026-08-25T16:53:18.145549049Z
01M0WY8D6ZG6SVDWRW7EP6GRJP,01M0WWQ9XB6TMTWDYN7GB59TN7,2026-08-25T17:07:32.191924948Z,"[{""text"":""arrow underneath with a little diagonal"",""sender"":{""id"":""01M0WY1V9QET0HYE5N0547967Y"",""name"":""Minu"",""avatar"":""https://api.dicebear.com/8.x/rings/svg?seed=Minu""}}]",2026-08-25T17:49:31.497277385Z,[1787680171509],2026-08-25T17:49:31.512920313Z,,,true,2026-08-25T17:49:39.897401582Z,01M0WY1V9QET0HYE5N0547967Y,2026-08-25T17:49:14.510208444Z,"[""C1"",""A4"",""D2"",""B3""]",2026-08-25T17:07:32.191924948Z,true,2026-08-25T17:49:39.881322507Z,01M0WWQ9XT2Q7RF2RHNCTTRDNK,2026-08-25T17:07:32.191924948Z,45,2026-08-25T17:07:32.191924948Z,false,2026-08-25T17:49:14.672683203Z,01M0WY1FH5WQS14DQ3V446M8AM,2026-08-25T17:49:14.510208444Z,,,48,2026-08-25T17:07:32.191924948Z,12,2026-08-25T17:07:32.191924948Z,training,2026-08-25T17:07:32.191924948Z,3,2026-08-25T17:07:32.191924948Z,4,2026-08-25T17:07:32.191924948Z,/tangrams/422_244.png,2026-08-25T17:49:39.897401582Z,/tangrams/422_244.png,2026-08-25T17:49:36.740555297Z,1787680176519,2026-08-25T17:49:36.735116371Z,0,2026-08-25T17:07:32.191924948Z,2,2026-08-25T17:07:33.392182671Z,true,2026-08-25T17:49:14.460781848Z,"[""/tangrams/422_244.png"",""/tangrams/138_66.png"",""/tangrams/279_339.png"",""/tangrams/366_405.png""]",2026-08-25T17:07:32.191924948Z,/tangrams/422_244.png,2026-08-25T17:07:32.191924948Z,C1,2026-08-25T17:07:32.191924948Z,9,2026-08-25T17:07:32.191924948Z,44,2026-08-25T17:07:32.191924948Z
01M0WXGEB2FY866XAXH96RGCG2,01M0WWQ73PEDYQHEYYBB88AXMD,2026-08-25T16:54:26.914832361Z,,,,,,,,,,,"[""D2"",""C2"",""B3"",""D1""]",2026-08-25T16:54:26.914832361Z,false,2026-08-25T16:54:26.914832361Z,01M0WWQ74ND1AHANTF309RNWJE,2026-08-25T16:54:26.914832361Z,21,2026-08-25T16:54:26.914832361Z,,,,,,,48,2026-08-25T16:54:26.914832361Z,12,2026-08-25T16:54:26.914832361Z,training,2026-08-25T16:54:26.914832361Z,1,2026-08-25T16:54:26.914832361Z,4,2026-08-25T16:54:26.914832361Z,,,,2026-08-25T16:54:26.914832361Z,,,0,2026-08-25T16:54:26.914832361Z,2,2026-08-25T16:54:27.59157845Z,false,2026-08-25T16:54:26.914832361Z,"[""/tangrams/279_339.png"",""/tangrams/422_339.png"",""/tangrams/366_405.png"",""/tangrams/279_244.png""]",2026-08-25T16:54:26.914832361Z,/tangrams/279_339.png,2026-08-25T16:54:26.914832361Z,D2,2026-08-25T16:54:26.914832361Z,9,2026-08-25T16:54:26.914832361Z,20,2026-08-25T16:54:26.914832361Z
01M0WY8WPFP15DB2YBHAGAF95J,01M0WWQAZ72GMKNB5E8VWC3WG2,2026-08-25T17:07:48.04735731Z,"[{""text"":""3 triangles"",""sender"":{""id"":""01M0WY09KXZQGZCXQXZTYFDW8C"",""name"":""Repi"",""avatar"":""https://api.dicebear.com/8.x/rings/svg?seed=Repi""}}]",2026-08-25T17:26:31.342530653Z,[1787678791351],2026-08-25T17:26:31.353519539Z,,,true,2026-08-25T17:26:37.37999394Z,01M0WY09KXZQGZCXQXZTYFDW8C,2026-08-25T17:26:24.408200006Z,"[""C3"",""F1"",""F4"",""A1""]",2026-08-25T17:07:48.04735731Z,true,2026-08-25T17:26:37.369494987Z,01M0WWQAZTRSENW9JN2FSQ4BA7,2026-08-25T17:07:48.04735731Z,32,2026-08-25T17:07:48.04735731Z,false,2026-08-25T17:26:24.519976249Z,01M0WY0YPE1FGB7GNWHKCY08ZN,2026-08-25T17:26:24.408200006Z,,,48,2026-08-25T17:07:48.04735731Z,12,2026-08-25T17:07:48.04735731Z,training,2026-08-25T17:07:48.04735731Z,2,2026-08-25T17:07:48.04735731Z,4,2026-08-25T17:07:48.04735731Z,/tangrams/119_182.png,2026-08-25T17:26:37.37999394Z,/tangrams/119_182.png,2026-08-25T17:26:34.258376995Z,1787678794294,2026-08-25T17:26:34.249747423Z,0,2026-08-25T17:07:48.04735731Z,2,2026-08-25T17:07:48.931023964Z,true,2026-08-25T17:26:24.360689957Z,"[""/tangrams/422_405.png"",""/tangrams/119_182.png"",""/tangrams/434_227.png"",""/tangrams/138_244.png""]",2026-08-25T17:07:48.04735731Z,/tangrams/119_182.png,2026-08-25T17:07:48.04735731Z,F1,2026-08-25T17:07:48.04735731Z,8,2026-08-25T17:07:48.04735731Z,31,2026-08-25T17:07:48.04735731Z
01M0WYEESCJ34Y617CCWWYPK5E,01M0WWQAZ72GMKNB5E8VWC3WG2,2026-08-25T17:10:50.412806827Z,,,,,,,,,,,"[""C4"",""D2"",""A3"",""B1""]",2026-08-25T17:10:50.412806827Z,false,2026-08-25T17:10:50.412806827Z,01M0WWQAZRRWZPK3N7VE24RFV2,2026-08-25T17:10:50.412806827Z,11,2026-08-25T17:10:50.412806827Z,,,,,,,48,2026-08-25T17:10:50.412806827Z,12,2026-08-25T17:10:50.412806827Z,training,2026-08-25T17:10:50.412806827Z,0,2026-08-25T17:10:50.412806827Z,4,2026-08-25T17:10:50.412806827Z,,,,2026-08-25T17:10:50.412806827Z,,,1,2026-08-25T17:10:50.412806827Z,2,2026-08-25T17:10:51.001104321Z,false,2026-08-25T17:10:50.412806827Z,"[""/tangrams/202_464.png"",""/tangrams/20_441.png"",""/tangrams/66_24.png"",""/tangrams/348_314.png""]",2026-08-25T17:10:50.412806827Z,/tangrams/20_441.png,2026-08-25T17:10:50.412806827Z,D2,2026-08-25T17:10:50.412806827Z,11,2026-08-25T17:10:50.412806827Z,10,2026-08-25T17:10:50.412806827Z
01M0WYEF10M0Q3DPYNRQ82G981,01M0WWQAZ72GMKNB5E8VWC3WG2,2026-08-25T17:10:50.656296283Z,,,,,,,,,,,"[""B3"",""C2"",""D1"",""A4""]",2026-08-25T17:10:50.656296283Z,false,2026-08-25T17:10:50.656296283Z,01M0WWQAZRRWZPK3N7VE24RFV2,2026-08-25T17:10:50.656296283Z,18,2026-08-25T17:10:50.656296283Z,,,,,,,48,2026-08-25T17:10:50.656296283Z,12,2026-08-25T17:10:50.656296283Z,training,2026-08-25T17:10:50.656296283Z,1,2026-08-25T17:10:50.656296283Z,4,2026-08-25T17:10:50.656296283Z,,,,2026-08-25T17:10:50.656296283Z,,,1,2026-08-25T17:10:50.656296283Z,2,2026-08-25T17:10:51.220150169Z,false,2026-08-25T17:10:50.656296283Z,"[""/tangrams/348_24.png"",""/tangrams/202_441.png"",""/tangrams/20_314.png"",""/tangrams/66_464.png""]",2026-08-25T17:10:50.656296283Z,/tangrams/66_464.png,2026-08-25T17:10:50.656296283Z,A4,2026-08-25T17:10:50.656296283Z,6,2026-08-25T17:10:50.656296283Z,17,2026-08-25T17:10:50.656296283Z
01M0WY4EW4PXHS83RR3E0WHHAP,01M0WWQ9XB6TMTWDYN7GB59TN7,2026-08-25T17:05:22.820718496Z,"[{""text"":""spiky above"",""sender"":{""id"":""01M0WY0C090AZDG2K9X542KKDB"",""name"":""Repi"",""avatar"":""https://api.dicebear.com/8.x/rings/svg?seed=Repi""}}]",2026-08-25T17:24:54.426990999Z,[1787678694435],2026-08-25T17:24:54.438397537Z,,,true,2026-08-25T17:25:01.302287221Z,01M0WY0C090AZDG2K9X542KKDB,2026-08-25T17:24:33.548856765Z,"[""C3"",""D4"",""F3"",""F8""]",2026-08-25T17:05:22.820718496Z,true,2026-08-25T17:25:01.289021979Z,01M0WWQ9XVXJV1JR4118CY5W09,2026-08-25T17:05:22.820718496Z,30,2026-08-25T17:05:22.820718496Z,false,2026-08-25T17:24:33.726992693Z,01M0WY0ENCGBGZ9MKY7CZKA71D,2026-08-25T17:24:33.548856765Z,,,48,2026-08-25T17:05:22.820718496Z,12,2026-08-25T17:05:22.820718496Z,training,2026-08-25T17:05:22.820718496Z,2,2026-08-25T17:05:22.820718496Z,4,2026-08-25T17:05:22.820718496Z,/tangrams/170_154.png,2026-08-25T17:25:01.302287221Z,/tangrams/170_154.png,2026-08-25T17:24:58.174627241Z,1787678698198,2026-08-25T17:24:58.169922723Z,0,2026-08-25T17:05:22.820718496Z,2,2026-08-25T17:05:23.606183147Z,true,2026-08-25T17:24:33.510472678Z,"[""/tangrams/422_405.png"",""/tangrams/279_66.png"",""/tangrams/170_154.png"",""/tangrams/37_144.png""]",2026-08-25T17:05:22.820718496Z,/tangrams/170_154.png,2026-08-25T17:05:22.820718496Z,F3,2026-08-25T17:05:22.820718496Z,6,2026-08-25T17:05:22.820718496Z,29,2026-08-25T17:05:22.820718496Z
01M0WY7G87NZFSD1GS4H01E6AV,01M0WWQ9XB6TMTWDYN7GB59TN7,2026-08-25T17:07:02.535686139Z,"[{""text"":""hallelujah hands"",""sender"":{""id"":""01M0WXR5QX7RT0467EJCPJ9Y2Y"",""name"":""Repi"",""avatar"":""https://api.dicebear.com/8.x/rings/svg?seed=Repi""}},{""text"":""balck bas with triangle pointin left"",""sender"":{""id"":""01M0WXR5QX7RT0467EJCPJ9Y2Y"",""name"":""Repi"",""avatar"":""https://api.dicebear.com/8.x/rings/svg?seed=Repi""}},{""text"":""NOT STAIR ONE!"",""sender"":{""id"":""01M0WXR5QX7RT0467EJCPJ9Y2Y"",""name"":""Repi"",""avatar"":""https://api.dicebear.com/8.x/rings/svg?seed=Repi""}},{""text"":""white triangle in bottom"",""sender"":{""id"":""01M0WXR5QX7RT0467EJCPJ9Y2Y"",""name"":""Repi"",""avatar"":""https://api.dicebear.com/8.x/rings/svg?seed=Repi""}}]",2026-08-25T17:39:51.400737792Z,"[1787679573822,1787679581629,1787679585166,1787679591422]",2026-08-25T17:39:51.424121939Z,,,true,2026-08-25T17:39:54.527936601Z,01M0WXR5QX7RT0467EJCPJ9Y2Y,2026-08-25T17:39:29.295146118Z,"[""C2"",""D2"",""B4"",""D3""]",2026-08-25T17:07:02.535686139Z,true,2026-08-25T17:39:54.508689546Z,01M0WWQ9XW83PGVA4HF3WT9HVR,2026-08-25T17:07:02.535686139Z,32,2026-08-25T17:07:02.535686139Z,false,2026-08-25T17:39:29.612720916Z,01M0WY0ECEQWZG8FEZD72ENETD,2026-08-25T17:39:29.295146118Z,,,48,2026-08-25T17:07:02.535686139Z,12,2026-08-25T17:07:02.535686139Z,training,2026-08-25T17:07:02.535686139Z,2,2026-08-25T17:07:02.535686139Z,4,2026-08-25T17:07:02.535686139Z,/tangrams/279_339.png,2026-08-25T17:39:54.527936601Z,/tangrams/279_339.png,2026-08-25T17:39:51.358863695Z,1787679590902,2026-08-25T17:39:51.35001422Z,0,2026-08-25T17:07:02.535686139Z,2,2026-08-25T17:07:03.454513409Z,true,2026-08-25T17:39:29.24502438Z,"[""/tangrams/422_339.png"",""/tangrams/279_339.png"",""/tangrams/366_66.png"",""/tangrams/279_405.png""]",2026-08-25T17:07:02.535686139Z,/tangrams/279_339.png,2026-08-25T17:07:02.535686139Z,D2,2026-08-25T17:07:02.535686139Z,8,2026-08-25T17:07:02.535686139Z,31,2026-08-25T17:07:02.535686139Z
01M0WY8WK2PQ29JX6CJ3H0PSHR,01M0WWQAZ72GMKNB5E8VWC3WG2,2026-08-25T17:07:47.938331542Z,"[{""text"":""v shape and square with diagonal lines"",""sender"":{""id"":""01M0WY09KXZQGZCXQXZTYFDW8C"",""name"":""Repi"",""avatar"":""https://api.dicebear.com/8.x/rings/svg?seed=Repi""}}]",2026-08-25T17:25:29.681067763Z,[1787678729690],2026-08-25T17:25:29.692039887Z,,,true,2026-08-25T17:25:36.363455561Z,01M0WY09KXZQGZCXQXZTYFDW8C,2026-08-25T17:25:15.571691377Z,"[""F1"",""F3"",""F2"",""A1""]",2026-08-25T17:07:47.938331542Z,true,2026-08-25T17:25:36.3488644Z,01M0WWQAZTRSENW9JN2FSQ4BA7,2026-08-25T17:07:47.938331542Z,28,2026-08-25T17:07:47.938331542Z,false,2026-08-25T17:25:15.684566914Z,01M0WY0YPE1FGB7GNWHKCY08ZN,2026-08-25T17:25:15.571691377Z,,,48,2026-08-25T17:07:47.938331542Z,12,2026-08-25T17:07:47.938331542Z,training,2026-08-25T17:07:47.938331542Z,2,2026-08-25T17:07:47.938331542Z,4,2026-08-25T17:07:47.938331542Z,/tangrams/170_154.png,2026-08-25T17:25:36.363455561Z,/tangrams/170_154.png,2026-08-25T17:25:33.196160477Z,1787678733238,2026-08-25T17:25:33.201209996Z,0,2026-08-25T17:07:47.938331542Z,2,2026-08-25T17:07:48.864068597Z,true,2026-08-25T17:25:15.524101499Z,"[""/tangrams/119_182.png"",""/tangrams/170_154.png"",""/tangrams/290_64.png"",""/tangrams/138_244.png""]",2026-08-25T17:07:47.938331542Z,/tangrams/170_154.png,2026-08-25T17:07:47.938331542Z,F3,2026-08-25T17:07:47.938331542Z,4,2026-08-25T17:07:47.938331542Z,27,2026-08-25T17:07:47.938331542Z
01M0WXGEBS8X17E3S2V6NPZRBY,01M0WWQ73PEDYQHEYYBB88AXMD,2026-08-25T16:54:26.93784527Z,,,,,,,,,,,"[""B4"",""B3"",""C2"",""A4""]",2026-08-25T16:54:26.93784527Z,false,2026-08-25T16:54:26.93784527Z,01M0WWQ74ND1AHANTF309RNWJE,2026-08-25T16:54:26.93784527Z,22,2026-08-25T16:54:26.93784527Z,,,,,,,48,2026-08-25T16:54:26.93784527Z,12,2026-08-25T16:54:26.93784527Z,training,2026-08-25T16:54:26.93784527Z,1,2026-08-25T16:54:26.93784527Z,4,2026-08-25T16:54:26.93784527Z,,,,2026-08-25T16:54:26.93784527Z,,,0,2026-08-25T16:54:26.93784527Z,2,2026-08-25T16:54:27.603609121Z,false,2026-08-25T16:54:26.93784527Z,"[""/tangrams/366_66.png"",""/tangrams/366_405.png"",""/tangrams/422_339.png"",""/tangrams/138_66.png""]",2026-08-25T16:54:26.93784527Z,/tangrams/366_66.png,2026-08-25T16:54:26.93784527Z,B4,2026-08-25T16:54:26.93784527Z,10,2026-08-25T16:54:26.93784527Z,21,2026-08-25T16:54:26.93784527Z
01M0WXGECB5YZGX1VCX5V2SMAM,01M0WWQ73PEDYQHEYYBB88AXMD,2026-08-25T16:54:26.956052865Z,,,,,,,,,,,"[""B4"",""B1"",""D3"",""A4""]",2026-08-25T16:54:26.956052865Z,false,2026-08-25T16:54:26.956052865Z,01M0WWQ74ND1AHANTF309RNWJE,2026-08-25T16:54:26.956052865Z,42,2026-08-25T16:54:26.956052865Z,,,,,,,48,2026-08-25T16:54:26.956052865Z,12,2026-08-25T16:54:26.956052865Z,training,2026-08-25T16:54:26.956052865Z,3,2026-08-25T16:54:26.956052865Z,4,2026-08-25T16:54:26.956052865Z,,,,2026-08-25T16:54:26.956052865Z,,,0,2026-08-25T16:54:26.956052865Z,2,2026-08-25T16:54:27.982718156Z,false,2026-08-25T16:54:26.956052865Z,"[""/tangrams/366_66.png"",""/tangrams/366_244.png"",""/tangrams/279_405.png"",""/tangrams/138_66.png""]",2026-08-25T16:54:26.956052865Z,/tangrams/366_66.png,2026-08-25T16:54:26.956052865Z,B4,2026-08-25T16:54:26.956052865Z,6,2026-08-25T16:54:26.956052865Z,41,2026-08-25T16:54:26.956052865Z
01M0WY4EZ9GG2NZRGYB3R0ZCT3,01M0WWQ9XB6TMTWDYN7GB59TN7,2026-08-25T17:05:22.921982165Z,"[{""text"":""very spiky"",""sender"":{""id"":""01M0WY0ENCGBGZ9MKY7CZKA71D"",""name"":""Minu"",""avatar"":""https://api.dicebear.com/8.x/rings/svg?seed=Minu""}},{""text"":""arrow"",""sender"":{""id"":""01M0WY0ENCGBGZ9MKY7CZKA71D"",""name"":""Minu"",""avatar"":""https://api.dicebear.com/8.x/rings/svg?seed=Minu""}},{""text"":""diamond below"",""sender"":{""id"":""01M0WY0ENCGBGZ9MKY7CZKA71D"",""name"":""Minu"",""avatar"":""https://api.dicebear.com/8.x/rings/svg?seed=Minu""}}]",2026-08-25T17:27:37.548154208Z,"[1787678845163,1787678847693,1787678857557]",2026-08-25T17:27:37.559351493Z,,,true,2026-08-25T17:27:45.253880932Z,01M0WY0ENCGBGZ9MKY7CZKA71D,2026-08-25T17:27:17.301210196Z,"[""B2"",""A1"",""F3"",""F7""]",2026-08-25T17:05:22.921982165Z,true,2026-08-25T17:27:45.243609614Z,01M0WWQ9XVXJV1JR4118CY5W09,2026-08-25T17:05:22.921982165Z,39,2026-08-25T17:05:22.921982165Z,false,2026-08-25T17:27:17.471426329Z,01M0WY0C090AZDG2K9X542KKDB,2026-08-25T17:27:17.301210196Z,,,48,2026-08-25T17:05:22.921982165Z,12,2026-08-25T17:05:22.921982165Z,training,2026-08-25T17:05:22.921982165Z,3,2026-08-25T17:05:22.921982165Z,4,2026-08-25T17:05:22.921982165Z,/tangrams/411_352.png,2026-08-25T17:27:45.253880932Z,/tangrams/411_352.png,2026-08-25T17:27:42.120513898Z,1787678862041,2026-08-25T17:27:42.132594843Z,0,2026-08-25T17:05:22.921982165Z,2,2026-08-25T17:05:23.767191987Z,true,2026-08-25T17:27:17.2607058Z,"[""/tangrams/366_339.png"",""/tangrams/138_244.png"",""/tangrams/170_154.png"",""/tangrams/411_352.png""]",2026-08-25T17:05:22.921982165Z,/tangrams/411_352.png,2026-08-25T17:05:22.921982165Z,F7,2026-08-25T17:05:22.921982165Z,3,2026-08-25T17:05:22.921982165Z,38,2026-08-25T17:05:22.921982165Z
01M0WY7G5CRHN1S2W9HVNF4PX3,01M0WWQ9XB6TMTWDYN7GB59TN7,2026-08-25T17:07:02.444278378Z,"[{""text"":""so its a house shaped top"",""sender"":{""id"":""01M0WY0ECEQWZG8FEZD72ENETD"",""name"":""Minu"",""avatar"":""https://api.dicebear.com/8.x/rings/svg?seed=Minu""}},{""text"":""with an irregular shaped diamond inside"",""sender"":{""id"":""01M0WY0ECEQWZG8FEZD72ENETD"",""name"":""Minu"",""avatar"":""https://api.dicebear.com/8.x/rings/svg?seed=Minu""}},{""text"":""triangle to the left"",""sender"":{""id"":""01M0WY0ECEQWZG8FEZD72ENETD"",""name"":""Minu"",""avatar"":""https://api.dicebear.com/8.x/rings/svg?seed=Minu""}},{""text"":""diamond touching the triangle"",""sender"":{""id"":""01M0WY0ECEQWZG8FEZD72ENETD"",""name"":""Minu"",""avatar"":""https://api.dicebear.com/8.x/rings/svg?seed=Minu""}}]",2026-08-25T17:27:57.387995913Z,"[1787678854269,1787678864501,1787678868813,1787678877397]",2026-08-25T17:27:57.399204192Z,,,true,2026-08-25T17:28:03.149224875Z,01M0WY0ECEQWZG8FEZD72ENETD,2026-08-25T17:27:21.622832117Z,"[""C2"",""B4"",""C1"",""D1""]",2026-08-25T17:07:02.444278378Z,true,2026-08-25T17:28:03.137407833Z,01M0WWQ9XW83PGVA4HF3WT9HVR,2026-08-25T17:07:02.444278378Z,9,2026-08-25T17:07:02.444278378Z,false,2026-08-25T17:27:21.870996139Z,01M0WXR5QX7RT0467EJCPJ9Y2Y,2026-08-25T17:27:21.622832117Z,,,48,2026-08-25T17:07:02.444278378Z,12,2026-08-25T17:07:02.444278378Z,training,2026-08-25T17:07:02.444278378Z,0,2026-08-25T17:07:02.444278378Z,4,2026-08-25T17:07:02.444278378Z,/tangrams/422_244.png,2026-08-25T17:28:03.149224875Z,/tangrams/422_244.png,2026-08-25T17:27:59.997137889Z,1787678879904,2026-08-25T17:28:00.009159183Z,0,2026-08-25T17:07:02.444278378Z,2,2026-08-25T17:07:02.963052772Z,true,2026-08-25T17:27:21.569116052Z,"[""/tangrams/422_339.png"",""/tangrams/366_66.png"",""/tangrams/422_244.png"",""/tangrams/279_244.png""]",2026-08-25T17:07:02.444278378Z,/tangrams/422_244.png,2026-08-25T17:07:02.444278378Z,C1,2026-08-25T17:07:02.444278378Z,9,2026-08-25T17:07:02.444278378Z,8,2026-08-25T17:07:02.444278378Z
01M0WY8WVDH75AK6D1W39JHEJ0,01M0WWQAZ72GMKNB5E8VWC3WG2,2026-08-25T17:07:48.205970876Z,"[{""text"":""stop sign with a roof on it at the bottom, diamond at the top, a house shape in the middle"",""sender"":{""id"":""01M0WY0YPE1FGB7GNWHKCY08ZN"",""name"":""Minu"",""avatar"":""https://api.dicebear.com/8.x/rings/svg?seed=Minu""}}]",2026-08-25T17:12:57.241250839Z,[1787677977248],2026-08-25T17:12:57.250812378Z,,,true,2026-08-25T17:13:11.38732837Z,01M0WY0YPE1FGB7GNWHKCY08ZN,2026-08-25T17:12:15.367150044Z,"[""A1"",""F5"",""F3"",""B2""]",2026-08-25T17:07:48.205970876Z,true,2026-08-25T17:13:11.371273144Z,01M0WWQAZTRSENW9JN2FSQ4BA7,2026-08-25T17:07:48.205970876Z,3,2026-08-25T17:07:48.205970876Z,false,2026-08-25T17:12:15.472650579Z,01M0WY09KXZQGZCXQXZTYFDW8C,2026-08-25T17:12:15.367150044Z,,,48,2026-08-25T17:07:48.205970876Z,12,2026-08-25T17:07:48.205970876Z,training,2026-08-25T17:07:48.205970876Z,0,2026-08-25T17:07:48.205970876Z,4,2026-08-25T17:07:48.205970876Z,/tangrams/456_48.png,2026-08-25T17:13:11.38732837Z,/tangrams/456_48.png,2026-08-25T17:13:08.246699385Z,1787677989630,2026-08-25T17:13:08.242789066Z,0,2026-08-25T17:07:48.205970876Z,2,2026-08-25T17:07:48.329287313Z,true,2026-08-25T17:12:15.328346411Z,"[""/tangrams/138_244.png"",""/tangrams/456_48.png"",""/tangrams/170_154.png"",""/tangrams/366_339.png""]",2026-08-25T17:07:48.205970876Z,/tangrams/456_48.png,2026-08-25T17:07:48.205970876Z,F5,2026-08-25T17:07:48.205970876Z,3,2026-08-25T17:07:48.205970876Z,2,2026-08-25T17:07:48.205970876Z
01M0WXAW64FY1CGPWHBFFM7P4X,01M0WWQ73PEDYQHEYYBB88AXMD,2026-08-25T16:51:24.485032475Z,"[{""text"":""lokks like a big triangle like shape with a space in it of the same shapre and the uder is box ike"",""sender"":{""id"":""01M0WX667JRE4461924BYZ6YJ1"",""name"":""Repi"",""avatar"":""https://api.dicebear.com/8.x/rings/svg?seed=Repi""}}]",2026-08-25T17:16:31.457947934Z,[1787678191465],2026-08-25T17:16:31.468780705Z,,,true,2026-08-25T17:16:44.372905986Z,01M0WX667JRE4461924BYZ6YJ1,2026-08-25T17:16:03.560095458Z,"[""D3"",""B4"",""C1"",""A2""]",2026-08-25T16:51:24.485032475Z,true,2026-08-25T17:16:44.357489586Z,01M0WWQ74H7CSGCPAHPDSCJ0PV,2026-08-25T16:51:24.485032475Z,16,2026-08-25T16:51:24.485032475Z,false,2026-08-25T17:16:03.70090381Z,01M0WX9MXH1SX7Q50079HW9F7E,2026-08-25T17:16:03.560095458Z,,,48,2026-08-25T16:51:24.485032475Z,12,2026-08-25T16:51:24.485032475Z,training,2026-08-25T16:51:24.485032475Z,1,2026-08-25T16:51:24.485032475Z,4,2026-08-25T16:51:24.485032475Z,/tangrams/366_66.png,2026-08-25T17:16:44.372905986Z,/tangrams/366_66.png,2026-08-25T17:16:41.170974075Z,1787678201085,2026-08-25T17:16:41.167381373Z,0,2026-08-25T16:51:24.485032475Z,2,2026-08-25T16:51:24.953708693Z,true,2026-08-25T17:16:03.523483285Z,"[""/tangrams/279_405.png"",""/tangrams/366_66.png"",""/tangrams/422_244.png"",""/tangrams/138_339.png""]",2026-08-25T16:51:24.485032475Z,/tangrams/366_66.png,2026-08-25T16:51:24.485032475Z,B4,2026-08-25T16:51:24.485032475Z,4,2026-08-25T16:51:24.485032475Z,15,2026-08-25T16:51:24.485032475Z
01M0WXGEBDF2F0ZJA4H41S3AV1,01M0WWQ73PEDYQHEYYBB88AXMD,2026-08-25T16:54:26.925183677Z,,,,,,,,,,,"[""C4"",""A2"",""C1"",""D1""]",2026-08-25T16:54:26.925183677Z,false,2026-08-25T16:54:26.925183677Z,01M0WWQ74ND1AHANTF309RNWJE,2026-08-25T16:54:26.925183677Z,13,2026-08-25T16:54:26.925183677Z,,,,,,,48,2026-08-25T16:54:26.925183677Z,12,2026-08-25T16:54:26.925183677Z,training,2026-08-25T16:54:26.925183677Z,1,2026-08-25T16:54:26.925183677Z,4,2026-08-25T16:54:26.925183677Z,,,,2026-08-25T16:54:26.925183677Z,,,0,2026-08-25T16:54:26.925183677Z,2,2026-08-25T16:54:27.466566663Z,false,2026-08-25T16:54:26.925183677Z,"[""/tangrams/422_66.png"",""/tangrams/138_339.png"",""/tangrams/422_244.png"",""/tangrams/279_244.png""]",2026-08-25T16:54:26.925183677Z,/tangrams/422_244.png,2026-08-25T16:54:26.925183677Z,C1,2026-08-25T16:54:26.925183677Z,1,2026-08-25T16:54:26.925183677Z,12,2026-08-25T16:54:26.925183677Z
01M0WY4ETD41E6R78QNNYKWMSC,01M0WWQ9XB6TMTWDYN7GB59TN7,2026-08-25T17:05:22.765397236Z,"[{""text"":""chimney on left"",""sender"":{""id"":""01M0WY0ENCGBGZ9MKY7CZKA71D"",""name"":""Minu"",""avatar"":""https://api.dicebear.com/8.x/rings/svg?seed=Minu""}},{""text"":""bit like a boat from the side"",""sender"":{""id"":""01M0WY0ENCGBGZ9MKY7CZKA71D"",""name"":""Minu"",""avatar"":""https://api.dicebear.com/8.x/rings/svg?seed=Minu""}}]",2026-08-25T17:20:39.385812567Z,"[1787678425041,1787678439394]",2026-08-25T17:20:39.396532203Z,,,true,2026-08-25T17:20:45.616452018Z,01M0WY0ENCGBGZ9MKY7CZKA71D,2026-08-25T17:20:10.344725368Z,"[""F5"",""F6"",""F4"",""F1""]",2026-08-25T17:05:22.765397236Z,true,2026-08-25T17:20:45.604741529Z,01M0WWQ9XVXJV1JR4118CY5W09,2026-08-25T17:05:22.765397236Z,17,2026-08-25T17:05:22.765397236Z,false,2026-08-25T17:20:10.568004817Z,01M0WY0C090AZDG2K9X542KKDB,2026-08-25T17:20:10.344725368Z,,,48,2026-08-25T17:05:22.765397236Z,12,2026-08-25T17:05:22.765397236Z,training,2026-08-25T17:05:22.765397236Z,1,2026-08-25T17:05:22.765397236Z,4,2026-08-25T17:05:22.765397236Z,/tangrams/434_227.png,2026-08-25T17:20:45.616452018Z,/tangrams/434_227.png,2026-08-25T17:20:42.498861025Z,1787678442409,2026-08-25T17:20:42.501442981Z,0,2026-08-25T17:05:22.765397236Z,2,2026-08-25T17:05:23.366909403Z,true,2026-08-25T17:20:10.304463424Z,"[""/tangrams/456_48.png"",""/tangrams/134_125.png"",""/tangrams/434_227.png"",""/tangrams/119_182.png""]",2026-08-25T17:05:22.765397236Z,/tangrams/434_227.png,2026-08-25T17:05:22.765397236Z,F4,2026-08-25T17:05:22.765397236Z,5,2026-08-25T17:05:22.765397236Z,16,2026-08-25T17:05:22.765397236Z
01M0WY7G4DA9ETP6XQ259BR0SD,01M0WWQ9XB6TMTWDYN7GB59TN7,2026-08-25T17:07:02.413886853Z,"[{""text"":""top looks like a diamond on it"",""sender"":{""id"":""01M0WY0ECEQWZG8FEZD72ENETD"",""name"":""Minu"",""avatar"":""https://api.dicebear.com/8.x/rings/svg?seed=Minu""}},{""text"":""is the bottome fully black or no"",""sender"":{""id"":""01M0WXR5QX7RT0467EJCPJ9Y2Y"",""name"":""Repi"",""avatar"":""https://api.dicebear.com/8.x/rings/svg?seed=Repi""}},{""text"":""body looks rectangular"",""sender"":{""id"":""01M0WY0ECEQWZG8FEZD72ENETD"",""name"":""Minu"",""avatar"":""https://api.dicebear.com/8.x/rings/svg?seed=Minu""}},{""text"":""with two legs by the side"",""sender"":{""id"":""01M0WY0ECEQWZG8FEZD72ENETD"",""name"":""Minu"",""avatar"":""https://api.dicebear.com/8.x/rings/svg?seed=Minu""}},{""text"":""triangle in white ?"",""sender"":{""id"":""01M0WXR5QX7RT0467EJCPJ9Y2Y"",""name"":""Repi"",""avatar"":""https://api.dicebear.com/8.x/rings/svg?seed=Repi""}}]",2026-08-25T17:23:03.404345163Z,"[1787678565246,1787678574289,1787678574417,1787678583134,1787678583412]",2026-08-25T17:23:03.414563743Z,,,false,2026-08-25T17:23:14.104266352Z,01M0WY0ECEQWZG8FEZD72ENETD,2026-08-25T17:22:36.395441732Z,"[""A4"",""C2"",""A2"",""D3""]",2026-08-25T17:07:02.413886853Z,true,2026-08-25T17:23:14.092735518Z,01M0WWQ9XW83PGVA4HF3WT9HVR,2026-08-25T17:07:02.413886853Z,3,2026-08-25T17:07:02.413886853Z,false,2026-08-25T17:22:36.651384959Z,01M0WXR5QX7RT0467EJCPJ9Y2Y,2026-08-25T17:22:36.395441732Z,,,48,2026-08-25T17:07:02.413886853Z,12,2026-08-25T17:07:02.413886853Z,training,2026-08-25T17:07:02.413886853Z,0,2026-08-25T17:07:02.413886853Z,4,2026-08-25T17:07:02.413886853Z,/tangrams/279_405.png,2026-08-25T17:23:14.104266352Z,/tangrams/279_405.png,2026-08-25T17:23:10.964600314Z,1787678590872,2026-08-25T17:23:10.96884227Z,0,2026-08-25T17:07:02.413886853Z,2,2026-08-25T17:07:02.825447281Z,true,2026-08-25T17:22:36.358217856Z,"[""/tangrams/138_66.png"",""/tangrams/422_339.png"",""/tangrams/138_339.png"",""/tangrams/279_405.png""]",2026-08-25T17:07:02.413886853Z,/tangrams/138_339.png,2026-08-25T17:07:02.413886853Z,A2,2026-08-25T17:07:02.413886853Z,3,2026-08-25T17:07:02.413886853Z,2,2026-08-25T17:07:02.413886853Z
01M0WY8DB5E5GRZ0C0W70SQVFJ,01M0WWQ9XB6TMTWDYN7GB59TN7,2026-08-25T17:07:32.325357943Z,"[{""text"":""?"",""sender"":{""id"":""01M0WY1FH5WQS14DQ3V446M8AM"",""name"":""Repi"",""avatar"":""https://api.dicebear.com/8.x/rings/svg?seed=Repi""}},{""text"":""two thin legs  wide witha triangle on top"",""sender"":{""id"":""01M0WY1V9QET0HYE5N0547967Y"",""name"":""Minu"",""avatar"":""https://api.dicebear.com/8.x/rings/svg?seed=Minu""}}]",2026-08-25T17:40:52.829506121Z,"[1787679650200,1787679652840]",2026-08-25T17:40:52.842075655Z,,,true,2026-08-25T17:40:59.59727473Z,01M0WY1V9QET0HYE5N0547967Y,2026-08-25T17:40:23.719587502Z,"[""B3"",""C4"",""D1"",""A2""]",2026-08-25T17:07:32.325357943Z,true,2026-08-25T17:40:59.580248237Z,01M0WWQ9XT2Q7RF2RHNCTTRDNK,2026-08-25T17:07:32.325357943Z,29,2026-08-25T17:07:32.325357943Z,false,2026-08-25T17:40:23.91081739Z,01M0WY1FH5WQS14DQ3V446M8AM,2026-08-25T17:40:23.719587502Z,,,48,2026-08-25T17:07:32.325357943Z,12,2026-08-25T17:07:32.325357943Z,training,2026-08-25T17:07:32.325357943Z,2,2026-08-25T17:07:32.325357943Z,4,2026-08-25T17:07:32.325357943Z,/tangrams/366_405.png,2026-08-25T17:40:59.59727473Z,/tangrams/366_405.png,2026-08-25T17:40:56.435839224Z,1787679656226,2026-08-25T17:40:56.427621338Z,0,2026-08-25T17:07:32.325357943Z,2,2026-08-25T17:07:33.110890535Z,true,2026-08-25T17:40:23.679461512Z,"[""/tangrams/366_405.png"",""/tangrams/422_66.png"",""/tangrams/279_244.png"",""/tangrams/138_339.png""]",2026-08-25T17:07:32.325357943Z,/tangrams/366_405.png,2026-08-25T17:07:32.325357943Z,B3,2026-08-25T17:07:32.325357943Z,5,2026-08-25T17:07:32.325357943Z,28,2026-08-25T17:07:32.325357943Z
01M0WY8D5NGYYKGTV1JP84TW5Z,01M0WWQ9XB6TMTWDYN7GB59TN7,2026-08-25T17:07:32.149227054Z,"[{""text"":""got a little diagonal on top"",""sender"":{""id"":""01M0WY1V9QET0HYE5N0547967Y"",""name"":""Minu"",""avatar"":""https://api.dicebear.com/8.x/rings/svg?seed=Minu""}}]",2026-08-25T17:44:40.384729224Z,[1787679880396],2026-08-25T17:44:40.403507495Z,,,true,2026-08-25T17:44:49.832642648Z,01M0WY1V9QET0HYE5N0547967Y,2026-08-25T17:44:17.511168751Z,"[""C1"",""D3"",""B4"",""A2""]",2026-08-25T17:07:32.149227054Z,true,2026-08-25T17:44:49.817079734Z,01M0WWQ9XT2Q7RF2RHNCTTRDNK,2026-08-25T17:07:32.149227054Z,35,2026-08-25T17:07:32.149227054Z,false,2026-08-25T17:44:17.678007689Z,01M0WY1FH5WQS14DQ3V446M8AM,2026-08-25T17:44:17.511168751Z,,,48,2026-08-25T17:07:32.149227054Z,12,2026-08-25T17:07:32.149227054Z,training,2026-08-25T17:07:32.149227054Z,2,2026-08-25T17:07:32.149227054Z,4,2026-08-25T17:07:32.149227054Z,/tangrams/138_339.png,2026-08-25T17:44:49.832642648Z,/tangrams/138_339.png,2026-08-25T17:44:46.679947978Z,1787679886461,2026-08-25T17:44:46.674355737Z,0,2026-08-25T17:07:32.149227054Z,2,2026-08-25T17:07:33.211568586Z,true,2026-08-25T17:44:17.457673205Z,"[""/tangrams/422_244.png"",""/tangrams/279_405.png"",""/tangrams/366_66.png"",""/tangrams/138_339.png""]",2026-08-25T17:07:32.149227054Z,/tangrams/138_339.png,2026-08-25T17:07:32.149227054Z,A2,2026-08-25T17:07:32.149227054Z,11,2026-08-25T17:07:32.149227054Z,34,2026-08-25T17:07:32.149227054Z
01M0WY8WQ1X78VV8NE687CA56V,01M0WWQAZ72GMKNB5E8VWC3WG2,2026-08-25T17:07:48.066020356Z,"[{""text"":""open box with diamond/triangle coming out"",""sender"":{""id"":""01M0WY0YPE1FGB7GNWHKCY08ZN"",""name"":""Minu"",""avatar"":""https://api.dicebear.com/8.x/rings/svg?seed=Minu""}}]",2026-08-25T17:25:49.934150175Z,[1787678749942],2026-08-25T17:25:49.943820895Z,,,true,2026-08-25T17:25:55.141747547Z,01M0WY0YPE1FGB7GNWHKCY08ZN,2026-08-25T17:25:36.429704402Z,"[""A1"",""B2"",""D4"",""F3""]",2026-08-25T17:07:48.066020356Z,true,2026-08-25T17:25:55.12508279Z,01M0WWQAZTRSENW9JN2FSQ4BA7,2026-08-25T17:07:48.066020356Z,29,2026-08-25T17:07:48.066020356Z,false,2026-08-25T17:25:36.537655644Z,01M0WY09KXZQGZCXQXZTYFDW8C,2026-08-25T17:25:36.429704402Z,,,48,2026-08-25T17:07:48.066020356Z,12,2026-08-25T17:07:48.066020356Z,training,2026-08-25T17:07:48.066020356Z,2,2026-08-25T17:07:48.066020356Z,4,2026-08-25T17:07:48.066020356Z,/tangrams/279_66.png,2026-08-25T17:25:55.141747547Z,/tangrams/279_66.png,2026-08-25T17:25:52.015397005Z,1787678753410,2026-08-25T17:25:52.026912411Z,0,2026-08-25T17:07:48.066020356Z,2,2026-08-25T17:07:48.879081973Z,true,2026-08-25T17:25:36.378771977Z,"[""/tangrams/138_244.png"",""/tangrams/366_339.png"",""/tangrams/279_66.png"",""/tangrams/170_154.png""]",2026-08-25T17:07:48.066020356Z,/tangrams/279_66.png,2026-08-25T17:07:48.066020356Z,D4,2026-08-25T17:07:48.066020356Z,5,2026-08-25T17:07:48.066020356Z,28,2026-08-25T17:07:48.066020356Z
01M0WYEESG9RV48RPBKDEMY0GX,01M0WWQAZ72GMKNB5E8VWC3WG2,2026-08-25T17:10:50.416463343Z,,,,,,,,,,,"[""D2"",""C1"",""B4"",""A3""]",2026-08-25T17:10:50.416463343Z,false,2026-08-25T17:10:50.416463343Z,01M0WWQAZRRWZPK3N7VE24RFV2,2026-08-25T17:10:50.416463343Z,10,2026-08-25T17:10:50.416463343Z,,,,,,,48,2026-08-25T17:10:50.416463343Z,12,2026-08-25T17:10:50.416463343Z,training,2026-08-25T17:10:50.416463343Z,0,2026-08-25T17:10:50.416463343Z,4,2026-08-25T17:10:50.416463343Z,,,,2026-08-25T17:10:50.416463343Z,,,1,2026-08-25T17:10:50.416463343Z,2,2026-08-25T17:10:50.969667721Z,false,2026-08-25T17:10:50.416463343Z,"[""/tangrams/20_441.png"",""/tangrams/202_314.png"",""/tangrams/348_464.png"",""/tangrams/66_24.png""]",2026-08-25T17:10:50.416463343Z,/tangrams/202_314.png,2026-08-25T17:10:50.416463343Z,C1,2026-08-25T17:10:50.416463343Z,10,2026-08-25T17:10:50.416463343Z,9,2026-08-25T17:10:50.416463343Z
01M0WXAWAYSZYQG2G9VK5QTMW6,01M0WWQ73PEDYQHEYYBB88AXMD,2026-08-25T16:51:24.638961434Z,"[{""text"":""shape with the same shape in it and box like under"",""sender"":{""id"":""01M0WX667JRE4461924BYZ6YJ1"",""name"":""Repi"",""avatar"":""https://api.dicebear.com/8.x/rings/svg?seed=Repi""}}]",2026-08-25T17:21:55.489801196Z,[1787678515498],2026-08-25T17:21:55.500749643Z,,,true,2026-08-25T17:22:12.246701339Z,01M0WX667JRE4461924BYZ6YJ1,2026-08-25T17:21:38.059743866Z,"[""B4"",""D2"",""A3"",""C1""]",2026-08-25T16:51:24.638961434Z,true,2026-08-25T17:22:12.231396807Z,01M0WWQ74H7CSGCPAHPDSCJ0PV,2026-08-25T16:51:24.638961434Z,32,2026-08-25T16:51:24.638961434Z,false,2026-08-25T17:21:38.198521179Z,01M0WX9MXH1SX7Q50079HW9F7E,2026-08-25T17:21:38.059743866Z,,,48,2026-08-25T16:51:24.638961434Z,12,2026-08-25T16:51:24.638961434Z,training,2026-08-25T16:51:24.638961434Z,2,2026-08-25T16:51:24.638961434Z,4,2026-08-25T16:51:24.638961434Z,/tangrams/366_66.png,2026-08-25T17:22:12.246701339Z,/tangrams/366_66.png,2026-08-25T17:22:09.113504326Z,1787678529019,2026-08-25T17:22:09.116348644Z,0,2026-08-25T16:51:24.638961434Z,2,2026-08-25T16:51:25.204989051Z,true,2026-08-25T17:21:38.019249802Z,"[""/tangrams/366_66.png"",""/tangrams/279_339.png"",""/tangrams/138_405.png"",""/tangrams/422_244.png""]",2026-08-25T16:51:24.638961434Z,/tangrams/366_66.png,2026-08-25T16:51:24.638961434Z,B4,2026-08-25T16:51:24.638961434Z,8,2026-08-25T16:51:24.638961434Z,31,2026-08-25T16:51:24.638961434Z
01M0WY4EZN76KEWCDRXE0BCXH5,01M0WWQ9XB6TMTWDYN7GB59TN7,2026-08-25T17:05:22.933542131Z,"[{""text"":""2 horns"",""sender"":{""id"":""01M0WY0C090AZDG2K9X542KKDB"",""name"":""Repi"",""avatar"":""https://api.dicebear.com/8.x/rings/svg?seed=Repi""}}]",2026-08-25T17:28:23.313996564Z,[1787678903324],2026-08-25T17:28:23.325664202Z,,,true,2026-08-25T17:28:28.691546789Z,01M0WY0C090AZDG2K9X542KKDB,2026-08-25T17:28:15.868107299Z,"[""D4"",""A1"",""F8"",""F4""]",2026-08-25T17:05:22.933542131Z,true,2026-08-25T17:28:28.674224792Z,01M0WWQ9XVXJV1JR4118CY5W09,2026-08-25T17:05:22.933542131Z,42,2026-08-25T17:05:22.933542131Z,false,2026-08-25T17:28:16.046307857Z,01M0WY0ENCGBGZ9MKY7CZKA71D,2026-08-25T17:28:15.868107299Z,,,48,2026-08-25T17:05:22.933542131Z,12,2026-08-25T17:05:22.933542131Z,training,2026-08-25T17:05:22.933542131Z,3,2026-08-25T17:05:22.933542131Z,4,2026-08-25T17:05:22.933542131Z,/tangrams/279_66.png,2026-08-25T17:28:28.691546789Z,/tangrams/279_66.png,2026-08-25T17:28:25.544939549Z,1787678905572,2026-08-25T17:28:25.539925817Z,0,2026-08-25T17:05:22.933542131Z,2,2026-08-25T17:05:23.824253254Z,true,2026-08-25T17:28:15.826847869Z,"[""/tangrams/279_66.png"",""/tangrams/138_244.png"",""/tangrams/37_144.png"",""/tangrams/434_227.png""]",2026-08-25T17:05:22.933542131Z,/tangrams/279_66.png,2026-08-25T17:05:22.933542131Z,D4,2026-08-25T17:05:22.933542131Z,6,2026-08-25T17:05:22.933542131Z,41,2026-08-25T17:05:22.933542131Z
01M0WY7G4R9JNA99BJCTE295BR,01M0WWQ9XB6TMTWDYN7GB59TN7,2026-08-25T17:07:02.424625393Z,,,,,,,,,,,,,true,2026-08-25T17:21:02.906025903Z,01M0WWQ9XW83PGVA4HF3WT9HVR,2026-08-25T17:07:02.424625393Z,0,2026-08-25T17:07:02.424625393Z,false,2026-08-25T17:07:07.810025422Z,,,20,2026-08-25T17:07:02.424625393Z,,,,,pretest,2026-08-25T17:07:02.424625393Z,,,,,,,,2026-08-25T17:07:07.393003342Z,,,,,1,2026-08-25T17:07:02.716256864Z,true,2026-08-25T17:07:04.912153837Z,[],2026-08-25T17:07:02.424625393Z,,2026-08-25T17:07:02.424625393Z,,,,,,
01M0WY8DANEE04SZP2WVVS33FX,01M0WWQ9XB6TMTWDYN7GB59TN7,2026-08-25T17:07:32.309224862Z,"[{""text"":""a box with a triangle roof with a white triangle in the middle, its the only one"",""sender"":{""id"":""01M0WY1FH5WQS14DQ3V446M8AM"",""name"":""Repi"",""avatar"":""https://api.dicebear.com/8.x/rings/svg?seed=Repi""}}]",2026-08-25T17:38:55.117124064Z,[1787679535127],2026-08-25T17:38:55.132777162Z,,,true,2026-08-25T17:39:04.663814242Z,01M0WY1FH5WQS14DQ3V446M8AM,2026-08-25T17:38:33.439352758Z,"[""B4"",""A2"",""C1"",""D3""]",2026-08-25T17:07:32.309224862Z,true,2026-08-25T17:39:04.644686664Z,01M0WWQ9XT2Q7RF2RHNCTTRDNK,2026-08-25T17:07:32.309224862Z,26,2026-08-25T17:07:32.309224862Z,false,2026-08-25T17:38:33.624113443Z,01M0WY1V9QET0HYE5N0547967Y,2026-08-25T17:38:33.439352758Z,,,48,2026-08-25T17:07:32.309224862Z,12,2026-08-25T17:07:32.309224862Z,training,2026-08-25T17:07:32.309224862Z,2,2026-08-25T17:07:32.309224862Z,4,2026-08-25T17:07:32.309224862Z,/tangrams/366_66.png,2026-08-25T17:39:04.663814242Z,/tangrams/366_66.png,2026-08-25T17:39:01.496979391Z,1787679542020,2026-08-25T17:39:01.506186281Z,0,2026-08-25T17:07:32.309224862Z,2,2026-08-25T17:07:33.052158599Z,true,2026-08-25T17:38:33.384198602Z,"[""/tangrams/366_66.png"",""/tangrams/138_339.png"",""/tangrams/422_244.png"",""/tangrams/279_405.png""]",2026-08-25T17:07:32.309224862Z,/tangrams/366_66.png,2026-08-25T17:07:32.309224862Z,B4,2026-08-25T17:07:32.309224862Z,2,2026-08-25T17:07:32.309224862Z,25,2026-08-25T17:07:32.309224862Z
01M0WYEERTNTG7AQ5CAG7TN9BN,01M0WWQAZ72GMKNB5E8VWC3WG2,2026-08-25T17:10:50.394751919Z,,,,,,,,,,,"[""C2"",""A4"",""B3"",""D1""]",2026-08-25T17:10:50.394751919Z,false,2026-08-25T17:10:50.394751919Z,01M0WWQAZRRWZPK3N7VE24RFV2,2026-08-25T17:10:50.394751919Z,14,2026-08-25T17:10:50.394751919Z,,,,,,,48,2026-08-25T17:10:50.394751919Z,12,2026-08-25T17:10:50.394751919Z,training,2026-08-25T17:10:50.394751919Z,1,2026-08-25T17:10:50.394751919Z,4,2026-08-25T17:10:50.394751919Z,,,,2026-08-25T17:10:50.394751919Z,,,1,2026-08-25T17:10:50.394751919Z,2,2026-08-25T17:10:51.12295396Z,false,2026-08-25T17:10:50.394751919Z,"[""/tangrams/202_441.png"",""/tangrams/66_464.png"",""/tangrams/348_24.png"",""/tangrams/20_314.png""]",2026-08-25T17:10:50.394751919Z,/tangrams/202_441.png,2026-08-25T17:10:50.394751919Z,C2,2026-08-25T17:10:50.394751919Z,2,2026-08-25T17:10:50.394751919Z,13,2026-08-25T17:10:50.394751919Z
01M0WYEEZ4QKGCHFW2R7994MPM,01M0WWQAZ72GMKNB5E8VWC3WG2,2026-08-25T17:10:50.596254254Z,,,,,,,,,,,"[""C1"",""A4"",""B3"",""D2""]",2026-08-25T17:10:50.596254254Z,false,2026-08-25T17:10:50.596254254Z,01M0WWQAZRRWZPK3N7VE24RFV2,2026-08-25T17:10:50.596254254Z,36,2026-08-25T17:10:50.596254254Z,,,,,,,48,2026-08-25T17:10:50.596254254Z,12,2026-08-25T17:10:50.596254254Z,training,2026-08-25T17:10:50.596254254Z,2,2026-08-25T17:10:50.596254254Z,4,2026-08-25T17:10:50.596254254Z,,,,2026-08-25T17:10:50.596254254Z,,,1,2026-08-25T17:10:50.596254254Z,2,2026-08-25T17:10:51.666170293Z,false,2026-08-25T17:10:50.596254254Z,"[""/tangrams/202_314.png"",""/tangrams/66_464.png"",""/tangrams/348_24.png"",""/tangrams/20_441.png""]",2026-08-25T17:10:50.596254254Z,/tangrams/66_464.png,2026-08-25T17:10:50.596254254Z,A4,2026-08-25T17:10:50.596254254Z,12,2026-08-25T17:10:50.596254254Z,35,2026-08-25T17:10:50.596254254Z
01M0WXAW5D7MAAM7NXFQA14XN6,01M0WWQ73PEDYQHEYYBB88AXMD,2026-08-25T16:51:24.461068079Z,"[{""text"":""in the middle there is a space that looks like a rectangle that is bent"",""sender"":{""id"":""01M0WX667JRE4461924BYZ6YJ1"",""name"":""Repi"",""avatar"":""https://api.dicebear.com/8.x/rings/svg?seed=Repi""}}]",2026-08-25T17:14:29.51887569Z,[1787678069526],2026-08-25T17:14:29.528973094Z,,,true,2026-08-25T17:14:52.636544382Z,01M0WX667JRE4461924BYZ6YJ1,2026-08-25T17:14:13.391951237Z,"[""D1"",""B3"",""C4"",""A2""]",2026-08-25T16:51:24.461068079Z,true,2026-08-25T17:14:52.622494353Z,01M0WWQ74H7CSGCPAHPDSCJ0PV,2026-08-25T16:51:24.461068079Z,12,2026-08-25T16:51:24.461068079Z,false,2026-08-25T17:14:13.503736099Z,01M0WX9MXH1SX7Q50079HW9F7E,2026-08-25T17:14:13.391951237Z,,,48,2026-08-25T16:51:24.461068079Z,12,2026-08-25T16:51:24.461068079Z,training,2026-08-25T16:51:24.461068079Z,0,2026-08-25T16:51:24.461068079Z,4,2026-08-25T16:51:24.461068079Z,/tangrams/422_66.png,2026-08-25T17:14:52.636544382Z,/tangrams/422_66.png,2026-08-25T17:14:49.50553296Z,1787678089430,2026-08-25T17:14:49.508907001Z,0,2026-08-25T16:51:24.461068079Z,2,2026-08-25T16:51:24.873707818Z,true,2026-08-25T17:14:13.306744171Z,"[""/tangrams/279_244.png"",""/tangrams/366_405.png"",""/tangrams/422_66.png"",""/tangrams/138_339.png""]",2026-08-25T16:51:24.461068079Z,/tangrams/422_66.png,2026-08-25T16:51:24.461068079Z,C4,2026-08-25T16:51:24.461068079Z,12,2026-08-25T16:51:24.461068079Z,11,2026-08-25T16:51:24.461068079Z
01M0WXEB6ZJAEKKKHH2BRFB8K3,01M0WWQ73PEDYQHEYYBB88AXMD,2026-08-25T16:53:18.175282578Z,,,,,,,,,,,"[""B2"",""F7"",""F2"",""F5""]",2026-08-25T16:53:18.175282578Z,false,2026-08-25T16:53:18.175282578Z,01M0WWQ74M3NWYAJGQB0ESKAD2,2026-08-25T16:53:18.175282578Z,44,2026-08-25T16:53:18.175282578Z,,,,,,,48,2026-08-25T16:53:18.175282578Z,12,2026-08-25T16:53:18.175282578Z,training,2026-08-25T16:53:18.175282578Z,3,2026-08-25T16:53:18.175282578Z,4,2026-08-25T16:53:18.175282578Z,,,,2026-08-25T16:53:18.175282578Z,,,0,2026-08-25T16:53:18.175282578Z,2,2026-08-25T16:53:19.216534311Z,false,2026-08-25T16:53:18.175282578Z,"[""/tangrams/366_339.png"",""/tangrams/411_352.png"",""/tangrams/290_64.png"",""/tangrams/456_48.png""]",2026-08-25T16:53:18.175282578Z,/tangrams/411_352.png,2026-08-25T16:53:18.175282578Z,F7,2026-08-25T16:53:18.175282578Z,8,2026-08-25T16:53:18.175282578Z,43,2026-08-25T16:53:18.175282578Z
01M0WY7G5FQ4V999YEMXXH0VQC,01M0WWQ9XB6TMTWDYN7GB59TN7,2026-08-25T17:07:02.447708471Z,"[{""text"":""bottom half looks llike an open box"",""sender"":{""id"":""01M0WXR5QX7RT0467EJCPJ9Y2Y"",""name"":""Repi"",""avatar"":""https://api.dicebear.com/8.x/rings/svg?seed=Repi""}},{""text"":""top half looks like a house"",""sender"":{""id"":""01M0WXR5QX7RT0467EJCPJ9Y2Y"",""name"":""Repi"",""avatar"":""https://api.dicebear.com/8.x/rings/svg?seed=Repi""}},{""text"":""with irregular shape diamond inside"",""sender"":{""id"":""01M0WXR5QX7RT0467EJCPJ9Y2Y"",""name"":""Repi"",""avatar"":""https://api.dicebear.com/8.x/rings/svg?seed=Repi""}},{""text"":""top of the \""house\"" has a rectangle"",""sender"":{""id"":""01M0WXR5QX7RT0467EJCPJ9Y2Y"",""name"":""Repi"",""avatar"":""https://api.dicebear.com/8.x/rings/svg?seed=Repi""}},{""text"":""bottom half is comleteley black"",""sender"":{""id"":""01M0WXR5QX7RT0467EJCPJ9Y2Y"",""name"":""Repi"",""avatar"":""https://api.dicebear.com/8.x/rings/svg?seed=Repi""}},{""text"":""okay"",""sender"":{""id"":""01M0WY0ECEQWZG8FEZD72ENETD"",""name"":""Minu"",""avatar"":""https://api.dicebear.com/8.x/rings/svg?seed=Minu""}}]",2026-08-25T17:28:41.630476536Z,"[1787678891260,1787678897155,1787678905867,1787678913654,1787678921320,1787678921640]",2026-08-25T17:28:41.641920274Z,,,true,2026-08-25T17:28:53.092849339Z,01M0WXR5QX7RT0467EJCPJ9Y2Y,2026-08-25T17:28:03.217787818Z,"[""C4"",""A3"",""C1"",""B4""]",2026-08-25T17:07:02.447708471Z,true,2026-08-25T17:28:53.078814276Z,01M0WWQ9XW83PGVA4HF3WT9HVR,2026-08-25T17:07:02.447708471Z,10,2026-08-25T17:07:02.447708471Z,false,2026-08-25T17:28:03.45752291Z,01M0WY0ECEQWZG8FEZD72ENETD,2026-08-25T17:28:03.217787818Z,,,48,2026-08-25T17:07:02.447708471Z,12,2026-08-25T17:07:02.447708471Z,training,2026-08-25T17:07:02.447708471Z,0,2026-08-25T17:07:02.447708471Z,4,2026-08-25T17:07:02.447708471Z,/tangrams/422_66.png,2026-08-25T17:28:53.092849339Z,/tangrams/422_66.png,2026-08-25T17:28:49.895455471Z,1787678929453,2026-08-25T17:28:49.886604761Z,0,2026-08-25T17:07:02.447708471Z,2,2026-08-25T17:07:02.981710689Z,true,2026-08-25T17:28:03.164250705Z,"[""/tangrams/422_66.png"",""/tangrams/138_405.png"",""/tangrams/422_244.png"",""/tangrams/366_66.png""]",2026-08-25T17:07:02.447708471Z,/tangrams/422_66.png,2026-08-25T17:07:02.447708471Z,C4,2026-08-25T17:07:02.447708471Z,10,2026-08-25T17:07:02.447708471Z,9,2026-08-25T17:07:02.447708471Z
01M0WYEEVQRQ3R709ZG7R4C1M9,01M0WWQAZ72GMKNB5E8VWC3WG2,2026-08-25T17:10:50.48758984Z,,,,,,,,,,,"[""A4"",""D2"",""C1"",""B3""]",2026-08-25T17:10:50.48758984Z,false,2026-08-25T17:10:50.48758984Z,01M0WWQAZRRWZPK3N7VE24RFV2,2026-08-25T17:10:50.48758984Z,29,2026-08-25T17:10:50.48758984Z,,,,,,,48,2026-08-25T17:10:50.48758984Z,12,2026-08-25T17:10:50.48758984Z,training,2026-08-25T17:10:50.48758984Z,2,2026-08-25T17:10:50.48758984Z,4,2026-08-25T17:10:50.48758984Z,,,,2026-08-25T17:10:50.48758984Z,,,1,2026-08-25T17:10:50.48758984Z,2,2026-08-25T17:10:51.490419478Z,false,2026-08-25T17:10:50.48758984Z,"[""/tangrams/66_464.png"",""/tangrams/20_441.png"",""/tangrams/202_314.png"",""/tangrams/348_24.png""]",2026-08-25T17:10:50.48758984Z,/tangrams/20_441.png,2026-08-25T17:10:50.48758984Z,D2,2026-08-25T17:10:50.48758984Z,5,2026-08-25T17:10:50.48758984Z,28,2026-08-25T17:10:50.48758984Z
01M0WYEF0H9BPD2NEHQC4E8BAQ,01M0WWQAZ72GMKNB5E8VWC3WG2,2026-08-25T17:10:50.641335664Z,,,,,,,,,,,"[""B4"",""A3"",""D2"",""C1""]",2026-08-25T17:10:50.641335664Z,false,2026-08-25T17:10:50.641335664Z,01M0WWQAZRRWZPK3N7VE24RFV2,2026-08-25T17:10:50.641335664Z,19,2026-08-25T17:10:50.641335664Z,,,,,,,48,2026-08-25T17:10:50.641335664Z,12,2026-08-25T17:10:50.641335664Z,training,2026-08-25T17:10:50.641335664Z,1,2026-08-25T17:10:50.641335664Z,4,2026-08-25T17:10:50.641335664Z,,,,2026-08-25T17:10:50.641335664Z,,,1,2026-08-25T17:10:50.641335664Z,2,2026-08-25T17:10:51.242199236Z,false,2026-08-25T17:10:50.641335664Z,"[""/tangrams/348_464.png"",""/tangrams/66_24.png"",""/tangrams/20_441.png"",""/tangrams/202_314.png""]",2026-08-25T17:10:50.641335664Z,/tangrams/20_441.png,2026-08-25T17:10:50.641335664Z,D2,2026-08-25T17:10:50.641335664Z,7,2026-08-25T17:10:50.641335664Z,18,2026-08-25T17:10:50.641335664Z
01M0WY8WKZP9NH429E385K1ZHC,01M0WWQAZ72GMKNB5E8VWC3WG2,2026-08-25T17:07:47.967355259Z,"[{""text"":""house on legs, running left"",""sender"":{""id"":""01M0WY0YPE1FGB7GNWHKCY08ZN"",""name"":""Minu"",""avatar"":""https://api.dicebear.com/8.x/rings/svg?seed=Minu""}}]",2026-08-25T17:21:02.313627338Z,[1787678462321],2026-08-25T17:21:02.323646122Z,,,true,2026-08-25T17:21:07.833033962Z,01M0WY0YPE1FGB7GNWHKCY08ZN,2026-08-25T17:20:50.350380961Z,"[""B2"",""F3"",""C3"",""F7""]",2026-08-25T17:07:47.967355259Z,true,2026-08-25T17:21:07.817387143Z,01M0WWQAZTRSENW9JN2FSQ4BA7,2026-08-25T17:07:47.967355259Z,17,2026-08-25T17:07:47.967355259Z,false,2026-08-25T17:20:50.480635871Z,01M0WY09KXZQGZCXQXZTYFDW8C,2026-08-25T17:20:50.350380961Z,,,48,2026-08-25T17:07:47.967355259Z,12,2026-08-25T17:07:47.967355259Z,training,2026-08-25T17:07:47.967355259Z,1,2026-08-25T17:07:47.967355259Z,4,2026-08-25T17:07:47.967355259Z,/tangrams/422_405.png,2026-08-25T17:21:07.833033962Z,/tangrams/422_405.png,2026-08-25T17:21:04.704461139Z,1787678466090,2026-08-25T17:21:04.69701047Z,0,2026-08-25T17:07:47.967355259Z,2,2026-08-25T17:07:48.666544441Z,true,2026-08-25T17:20:50.304475332Z,"[""/tangrams/366_339.png"",""/tangrams/170_154.png"",""/tangrams/422_405.png"",""/tangrams/411_352.png""]",2026-08-25T17:07:47.967355259Z,/tangrams/422_405.png,2026-08-25T17:07:47.967355259Z,C3,2026-08-25T17:07:47.967355259Z,5,2026-08-25T17:07:47.967355259Z,16,2026-08-25T17:07:47.967355259Z
01M0WY8WM32FNG2JE202Q6ZZEJ,01M0WWQAZ72GMKNB5E8VWC3WG2,2026-08-25T17:07:47.971843366Z,"[{""text"":""house shape inside of it"",""sender"":{""id"":""01M0WY09KXZQGZCXQXZTYFDW8C"",""name"":""Repi"",""avatar"":""https://api.dicebear.com/8.x/rings/svg?seed=Repi""}}]",2026-08-25T17:29:53.245950339Z,[1787678993255],2026-08-25T17:29:53.257640724Z,,,true,2026-08-25T17:29:59.408571725Z,01M0WY09KXZQGZCXQXZTYFDW8C,2026-08-25T17:29:47.008016699Z,"[""A1"",""C3"",""B2"",""F3""]",2026-08-25T17:07:47.971843366Z,true,2026-08-25T17:29:59.394519626Z,01M0WWQAZTRSENW9JN2FSQ4BA7,2026-08-25T17:07:47.971843366Z,48,2026-08-25T17:07:47.971843366Z,false,2026-08-25T17:29:47.136478077Z,01M0WY0YPE1FGB7GNWHKCY08ZN,2026-08-25T17:29:47.008016699Z,,,48,2026-08-25T17:07:47.971843366Z,12,2026-08-25T17:07:47.971843366Z,training,2026-08-25T17:07:47.971843366Z,3,2026-08-25T17:07:47.971843366Z,4,2026-08-25T17:07:47.971843366Z,/tangrams/366_339.png,2026-08-25T17:29:59.408571725Z,/tangrams/366_339.png,2026-08-25T17:29:56.150789914Z,1787678996186,2026-08-25T17:29:56.179591347Z,0,2026-08-25T17:07:47.971843366Z,2,2026-08-25T17:07:49.196248658Z,true,2026-08-25T17:29:46.955896681Z,"[""/tangrams/138_244.png"",""/tangrams/422_405.png"",""/tangrams/366_339.png"",""/tangrams/170_154.png""]",2026-08-25T17:07:47.971843366Z,/tangrams/366_339.png,2026-08-25T17:07:47.971843366Z,B2,2026-08-25T17:07:47.971843366Z,12,2026-08-25T17:07:47.971843366Z,47,2026-08-25T17:07:47.971843366Z
01M0WY8WN5RB5JF4N3A57Q34HN,01M0WWQAZ72GMKNB5E8VWC3WG2,2026-08-25T17:07:48.005921602Z,"[{""text"":""3 triangles"",""sender"":{""id"":""01M0WY09KXZQGZCXQXZTYFDW8C"",""name"":""Repi"",""avatar"":""https://api.dicebear.com/8.x/rings/svg?seed=Repi""}}]",2026-08-25T17:28:44.695072805Z,[1787678924705],2026-08-25T17:28:44.706709919Z,,,true,2026-08-25T17:28:49.809355212Z,01M0WY09KXZQGZCXQXZTYFDW8C,2026-08-25T17:28:41.117214879Z,"[""D4"",""F5"",""F1"",""F2""]",2026-08-25T17:07:48.005921602Z,true,2026-08-25T17:28:49.795538695Z,01M0WWQAZTRSENW9JN2FSQ4BA7,2026-08-25T17:07:48.005921602Z,42,2026-08-25T17:07:48.005921602Z,false,2026-08-25T17:28:41.244323395Z,01M0WY0YPE1FGB7GNWHKCY08ZN,2026-08-25T17:28:41.117214879Z,,,48,2026-08-25T17:07:48.005921602Z,12,2026-08-25T17:07:48.005921602Z,training,2026-08-25T17:07:48.005921602Z,3,2026-08-25T17:07:48.005921602Z,4,2026-08-25T17:07:48.005921602Z,/tangrams/119_182.png,2026-08-25T17:28:49.809355212Z,/tangrams/119_182.png,2026-08-25T17:28:46.676763968Z,1787678926712,2026-08-25T17:28:46.667938638Z,0,2026-08-25T17:07:48.005921602Z,2,2026-08-25T17:07:49.09214426Z,true,2026-08-25T17:28:41.068932312Z,"[""/tangrams/279_66.png"",""/tangrams/456_48.png"",""/tangrams/119_182.png"",""/tangrams/290_64.png""]",2026-08-25T17:07:48.005921602Z,/tangrams/119_182.png,2026-08-25T17:07:48.005921602Z,F1,2026-08-25T17:07:48.005921602Z,6,2026-08-25T17:07:48.005921602Z,41,2026-08-25T17:07:48.005921602Z
01M0WXGEG0GMWDF9G4QKQ3W88K,01M0WWQ73PEDYQHEYYBB88AXMD,2026-08-25T16:54:27.072106633Z,,,,,,,,,,,"[""A3"",""B3"",""C2"",""B1""]",2026-08-25T16:54:27.072106633Z,false,2026-08-25T16:54:27.072106633Z,01M0WWQ74ND1AHANTF309RNWJE,2026-08-25T16:54:27.072106633Z,39,2026-08-25T16:54:27.072106633Z,,,,,,,48,2026-08-25T16:54:27.072106633Z,12,2026-08-25T16:54:27.072106633Z,training,2026-08-25T16:54:27.072106633Z,3,2026-08-25T16:54:27.072106633Z,4,2026-08-25T16:54:27.072106633Z,,,,2026-08-25T16:54:27.072106633Z,,,0,2026-08-25T16:54:27.072106633Z,2,2026-08-25T16:54:27.935541791Z,false,2026-08-25T16:54:27.072106633Z,"[""/tangrams/138_405.png"",""/tangrams/366_405.png"",""/tangrams/422_339.png"",""/tangrams/366_244.png""]",2026-08-25T16:54:27.072106633Z,/tangrams/366_405.png,2026-08-25T16:54:27.072106633Z,B3,2026-08-25T16:54:27.072106633Z,3,2026-08-25T16:54:27.072106633Z,38,2026-08-25T16:54:27.072106633Z
01M0WY4ES8D179KPZE1JQP1T8H,01M0WWQ9XB6TMTWDYN7GB59TN7,2026-08-25T17:05:22.728940365Z,"[{""text"":""both pointed ends"",""sender"":{""id"":""01M0WY0C090AZDG2K9X542KKDB"",""name"":""Repi"",""avatar"":""https://api.dicebear.com/8.x/rings/svg?seed=Repi""}},{""text"":""hello"",""sender"":{""id"":""01M0WY0ENCGBGZ9MKY7CZKA71D"",""name"":""Minu"",""avatar"":""https://api.dicebear.com/8.x/rings/svg?seed=Minu""}}]",2026-08-25T17:14:22.565594206Z,"[1787678061405,1787678062572]",2026-08-25T17:14:22.576060419Z,,,true,2026-08-25T17:14:29.828386211Z,01M0WY0C090AZDG2K9X542KKDB,2026-08-25T17:13:43.013708684Z,"[""A1"",""F1"",""F4"",""F7""]",2026-08-25T17:05:22.728940365Z,true,2026-08-25T17:14:29.816706259Z,01M0WWQ9XVXJV1JR4118CY5W09,2026-08-25T17:05:22.728940365Z,2,2026-08-25T17:05:22.728940365Z,false,2026-08-25T17:13:43.276870703Z,01M0WY0ENCGBGZ9MKY7CZKA71D,2026-08-25T17:13:43.013708684Z,,,48,2026-08-25T17:05:22.728940365Z,12,2026-08-25T17:05:22.728940365Z,training,2026-08-25T17:05:22.728940365Z,0,2026-08-25T17:05:22.728940365Z,4,2026-08-25T17:05:22.728940365Z,/tangrams/119_182.png,2026-08-25T17:14:29.828386211Z,/tangrams/119_182.png,2026-08-25T17:14:26.6981494Z,1787678066712,2026-08-25T17:14:26.693531807Z,0,2026-08-25T17:05:22.728940365Z,2,2026-08-25T17:05:23.130382883Z,true,2026-08-25T17:13:42.972836325Z,"[""/tangrams/138_244.png"",""/tangrams/119_182.png"",""/tangrams/434_227.png"",""/tangrams/411_352.png""]",2026-08-25T17:05:22.728940365Z,/tangrams/119_182.png,2026-08-25T17:05:22.728940365Z,F1,2026-08-25T17:05:22.728940365Z,2,2026-08-25T17:05:22.728940365Z,1,2026-08-25T17:05:22.728940365Z
01M0WY8D7NQT3GYWF5VQ9NSEAZ,01M0WWQ9XB6TMTWDYN7GB59TN7,2026-08-25T17:07:32.213181219Z,"[{""text"":""?"",""sender"":{""id"":""01M0WY1FH5WQS14DQ3V446M8AM"",""name"":""Repi"",""avatar"":""https://api.dicebear.com/8.x/rings/svg?seed=Repi""}},{""text"":""??"",""sender"":{""id"":""01M0WY1FH5WQS14DQ3V446M8AM"",""name"":""Repi"",""avatar"":""https://api.dicebear.com/8.x/rings/svg?seed=Repi""}},{""text"":""it looks like a roof house and same shape inside"",""sender"":{""id"":""01M0WY1V9QET0HYE5N0547967Y"",""name"":""Minu"",""avatar"":""https://api.dicebear.com/8.x/rings/svg?seed=Minu""}}]",2026-08-25T17:29:43.529002375Z,"[1787678949226,1787678980359,1787678983539]",2026-08-25T17:29:43.540750997Z,,,false,2026-08-25T17:29:49.435748639Z,01M0WY1V9QET0HYE5N0547967Y,2026-08-25T17:28:55.844509854Z,"[""D1"",""A3"",""B4"",""C2""]",2026-08-25T17:07:32.213181219Z,true,2026-08-25T17:29:49.423929723Z,01M0WWQ9XT2Q7RF2RHNCTTRDNK,2026-08-25T17:07:32.213181219Z,11,2026-08-25T17:07:32.213181219Z,false,2026-08-25T17:28:55.993540433Z,01M0WY1FH5WQS14DQ3V446M8AM,2026-08-25T17:28:55.844509854Z,,,48,2026-08-25T17:07:32.213181219Z,12,2026-08-25T17:07:32.213181219Z,training,2026-08-25T17:07:32.213181219Z,0,2026-08-25T17:07:32.213181219Z,4,2026-08-25T17:07:32.213181219Z,/tangrams/422_339.png,2026-08-25T17:29:49.435748639Z,/tangrams/422_339.png,2026-08-25T17:29:46.296712575Z,1787678986084,2026-08-25T17:29:46.287262552Z,0,2026-08-25T17:07:32.213181219Z,2,2026-08-25T17:07:32.764100059Z,true,2026-08-25T17:28:55.800719056Z,"[""/tangrams/279_244.png"",""/tangrams/138_405.png"",""/tangrams/366_66.png"",""/tangrams/422_339.png""]",2026-08-25T17:07:32.213181219Z,/tangrams/138_405.png,2026-08-25T17:07:32.213181219Z,A3,2026-08-25T17:07:32.213181219Z,11,2026-08-25T17:07:32.213181219Z,10,2026-08-25T17:07:32.213181219Z
01M0WY96B6Q147131RRXXMS6GX,01M0WWQAZ72GMKNB5E8VWC3WG2,2026-08-25T17:07:57.9263138Z,"[{""text"":""left side is multiple large triangles pointing left. the right side is an upright rectangle that fills in the top right corner"",""sender"":{""id"":""01M0WXSYNRXCYGT80QAR430CBD"",""name"":""Repi"",""avatar"":""https://api.dicebear.com/8.x/rings/svg?seed=Repi""}}]",2026-08-25T17:38:34.304591899Z,[1787679514314],2026-08-25T17:38:34.31677931Z,,,true,2026-08-25T17:38:52.112705818Z,01M0WXSYNRXCYGT80QAR430CBD,2026-08-25T17:38:00.718144737Z,"[""C1"",""B4"",""C2"",""D1""]",2026-08-25T17:07:57.9263138Z,true,2026-08-25T17:38:52.093621904Z,01M0WWQAZPP7VBJF1WXDE2YKFW,2026-08-25T17:07:57.9263138Z,16,2026-08-25T17:07:57.9263138Z,false,2026-08-25T17:38:00.927746693Z,01M0WY2T8PBZPVGKC7BWFHJ59J,2026-08-25T17:38:00.718144737Z,,,48,2026-08-25T17:07:57.9263138Z,12,2026-08-25T17:07:57.9263138Z,training,2026-08-25T17:07:57.9263138Z,1,2026-08-25T17:07:57.9263138Z,4,2026-08-25T17:07:57.9263138Z,/tangrams/202_314.png,2026-08-25T17:38:52.112705818Z,/tangrams/202_314.png,2026-08-25T17:38:48.943865101Z,1787679529890,2026-08-25T17:38:48.952236969Z,1,2026-08-25T17:07:57.9263138Z,2,2026-08-25T17:07:58.525820135Z,true,2026-08-25T17:38:00.669627717Z,"[""/tangrams/202_314.png"",""/tangrams/348_464.png"",""/tangrams/202_441.png"",""/tangrams/20_314.png""]",2026-08-25T17:07:57.9263138Z,/tangrams/202_314.png,2026-08-25T17:07:57.9263138Z,C1,2026-08-25T17:07:57.9263138Z,4,2026-08-25T17:07:57.9263138Z,15,2026-08-25T17:07:57.9263138Z
01M0WXGEAZFX6WHDZZX3266CE4,01M0WWQ73PEDYQHEYYBB88AXMD,2026-08-25T16:54:26.911096052Z,,,,,,,,,,,"[""A2"",""B4"",""A3"",""C2""]",2026-08-25T16:54:26.911096052Z,false,2026-08-25T16:54:26.911096052Z,01M0WWQ74ND1AHANTF309RNWJE,2026-08-25T16:54:26.911096052Z,46,2026-08-25T16:54:26.911096052Z,,,,,,,48,2026-08-25T16:54:26.911096052Z,12,2026-08-25T16:54:26.911096052Z,training,2026-08-25T16:54:26.911096052Z,3,2026-08-25T16:54:26.911096052Z,4,2026-08-25T16:54:26.911096052Z,,,,2026-08-25T16:54:26.911096052Z,,,0,2026-08-25T16:54:26.911096052Z,2,2026-08-25T16:54:28.052133692Z,false,2026-08-25T16:54:26.911096052Z,"[""/tangrams/138_339.png"",""/tangrams/366_66.png"",""/tangrams/138_405.png"",""/tangrams/422_339.png""]",2026-08-25T16:54:26.911096052Z,/tangrams/138_339.png,2026-08-25T16:54:26.911096052Z,A2,2026-08-25T16:54:26.911096052Z,10,2026-08-25T16:54:26.911096052Z,45,2026-08-25T16:54:26.911096052Z
01M0WY4ESQ2BRVNFPKJ7QCJHK7,01M0WWQ9XB6TMTWDYN7GB59TN7,2026-08-25T17:05:22.743397409Z,"[{""text"":""2 diamonds, top and bottom"",""sender"":{""id"":""01M0WY0C090AZDG2K9X542KKDB"",""name"":""Repi"",""avatar"":""https://api.dicebear.com/8.x/rings/svg?seed=Repi""}}]",2026-08-25T17:17:01.61983653Z,[1787678221627],2026-08-25T17:17:01.628722283Z,,,true,2026-08-25T17:17:10.863752226Z,01M0WY0C090AZDG2K9X542KKDB,2026-08-25T17:16:47.790742088Z,"[""B2"",""F4"",""A1"",""F1""]",2026-08-25T17:05:22.743397409Z,true,2026-08-25T17:17:10.854960756Z,01M0WWQ9XVXJV1JR4118CY5W09,2026-08-25T17:05:22.743397409Z,8,2026-08-25T17:05:22.743397409Z,false,2026-08-25T17:16:47.964116719Z,01M0WY0ENCGBGZ9MKY7CZKA71D,2026-08-25T17:16:47.790742088Z,,,48,2026-08-25T17:05:22.743397409Z,12,2026-08-25T17:05:22.743397409Z,training,2026-08-25T17:05:22.743397409Z,0,2026-08-25T17:05:22.743397409Z,4,2026-08-25T17:05:22.743397409Z,/tangrams/138_244.png,2026-08-25T17:17:10.863752226Z,/tangrams/138_244.png,2026-08-25T17:17:07.751500665Z,1787678227770,2026-08-25T17:17:07.747811845Z,0,2026-08-25T17:05:22.743397409Z,2,2026-08-25T17:05:23.221008924Z,true,2026-08-25T17:16:47.750274141Z,"[""/tangrams/366_339.png"",""/tangrams/434_227.png"",""/tangrams/138_244.png"",""/tangrams/119_182.png""]",2026-08-25T17:05:22.743397409Z,/tangrams/138_244.png,2026-08-25T17:05:22.743397409Z,A1,2026-08-25T17:05:22.743397409Z,8,2026-08-25T17:05:22.743397409Z,7,2026-08-25T17:05:22.743397409Z
01M0WY4F1WVFXEQV1KS1MTXDJ5,01M0WWQ9XB6TMTWDYN7GB59TN7,2026-08-25T17:05:23.004751057Z,"[{""text"":""a house, white center"",""sender"":{""id"":""01M0WY0C090AZDG2K9X542KKDB"",""name"":""Repi"",""avatar"":""https://api.dicebear.com/8.x/rings/svg?seed=Repi""}}]",2026-08-25T17:28:57.343061023Z,[1787678937350],2026-08-25T17:28:57.352425509Z,,,true,2026-08-25T17:29:02.306838755Z,01M0WY0C090AZDG2K9X542KKDB,2026-08-25T17:28:41.434767651Z,"[""B2"",""F2"",""D4"",""F5""]",2026-08-25T17:05:23.004751057Z,true,2026-08-25T17:29:02.295722716Z,01M0WWQ9XVXJV1JR4118CY5W09,2026-08-25T17:05:23.004751057Z,44,2026-08-25T17:05:23.004751057Z,false,2026-08-25T17:28:41.651417387Z,01M0WY0ENCGBGZ9MKY7CZKA71D,2026-08-25T17:28:41.434767651Z,,,48,2026-08-25T17:05:23.004751057Z,12,2026-08-25T17:05:23.004751057Z,training,2026-08-25T17:05:23.004751057Z,3,2026-08-25T17:05:23.004751057Z,4,2026-08-25T17:05:23.004751057Z,/tangrams/366_339.png,2026-08-25T17:29:02.306838755Z,/tangrams/366_339.png,2026-08-25T17:28:59.16743144Z,1787678939194,2026-08-25T17:28:59.16240184Z,0,2026-08-25T17:05:23.004751057Z,2,2026-08-25T17:05:23.88192986Z,true,2026-08-25T17:28:41.38518289Z,"[""/tangrams/366_339.png"",""/tangrams/290_64.png"",""/tangrams/279_66.png"",""/tangrams/456_48.png""]",2026-08-25T17:05:23.004751057Z,/tangrams/366_339.png,2026-08-25T17:05:23.004751057Z,B2,2026-08-25T17:05:23.004751057Z,8,2026-08-25T17:05:23.004751057Z,43,2026-08-25T17:05:23.004751057Z
01M0WY968MG2PG96FZXNBECRM2,01M0WWQAZ72GMKNB5E8VWC3WG2,2026-08-25T17:07:57.844785506Z,"[{""text"":""a sold shape with a rectabgle hole on the middle. right side is a bit like a hexagon"",""sender"":{""id"":""01M0WY2T8PBZPVGKC7BWFHJ59J"",""name"":""Minu"",""avatar"":""https://api.dicebear.com/8.x/rings/svg?seed=Minu""}}]",2026-08-25T17:32:35.795707902Z,[1787679155807],2026-08-25T17:32:35.809279671Z,,,true,2026-08-25T17:32:50.525157954Z,01M0WY2T8PBZPVGKC7BWFHJ59J,2026-08-25T17:32:01.988230189Z,"[""B3"",""C4"",""D3"",""D1""]",2026-08-25T17:07:57.844785506Z,true,2026-08-25T17:32:50.502510935Z,01M0WWQAZPP7VBJF1WXDE2YKFW,2026-08-25T17:07:57.844785506Z,9,2026-08-25T17:07:57.844785506Z,false,2026-08-25T17:32:02.252180487Z,01M0WXSYNRXCYGT80QAR430CBD,2026-08-25T17:32:01.988230189Z,,,48,2026-08-25T17:07:57.844785506Z,12,2026-08-25T17:07:57.844785506Z,training,2026-08-25T17:07:57.844785506Z,0,2026-08-25T17:07:57.844785506Z,4,2026-08-25T17:07:57.844785506Z,/tangrams/20_24.png,2026-08-25T17:32:50.525157954Z,/tangrams/20_24.png,2026-08-25T17:32:46.649317636Z,1787679167221,2026-08-25T17:32:46.642640701Z,1,2026-08-25T17:07:57.844785506Z,2,2026-08-25T17:07:58.373174513Z,true,2026-08-25T17:32:01.918522728Z,"[""/tangrams/348_24.png"",""/tangrams/202_464.png"",""/tangrams/20_24.png"",""/tangrams/20_314.png""]",2026-08-25T17:07:57.844785506Z,/tangrams/20_24.png,2026-08-25T17:07:57.844785506Z,D3,2026-08-25T17:07:57.844785506Z,9,2026-08-25T17:07:57.844785506Z,8,2026-08-25T17:07:57.844785506Z
01M0WY96CP8T2PX10CHC9S92HB,01M0WWQAZ72GMKNB5E8VWC3WG2,2026-08-25T17:07:57.974815012Z,"[{""text"":""left is a zagged shape with 2 triangles, right has a triangle pointing to top right corner"",""sender"":{""id"":""01M0WY2T8PBZPVGKC7BWFHJ59J"",""name"":""Minu"",""avatar"":""https://api.dicebear.com/8.x/rings/svg?seed=Minu""}}]",2026-08-25T17:30:32.358833635Z,[1787679032370],2026-08-25T17:30:32.372578937Z,,,false,2026-08-25T17:31:01.508335965Z,01M0WY2T8PBZPVGKC7BWFHJ59J,2026-08-25T17:29:59.287556626Z,"[""B1"",""A3"",""C4"",""C1""]",2026-08-25T17:07:57.974815012Z,true,2026-08-25T17:31:01.480696808Z,01M0WWQAZPP7VBJF1WXDE2YKFW,2026-08-25T17:07:57.974815012Z,7,2026-08-25T17:07:57.974815012Z,false,2026-08-25T17:29:59.509668878Z,01M0WXSYNRXCYGT80QAR430CBD,2026-08-25T17:29:59.287556626Z,,,48,2026-08-25T17:07:57.974815012Z,12,2026-08-25T17:07:57.974815012Z,training,2026-08-25T17:07:57.974815012Z,0,2026-08-25T17:07:57.974815012Z,4,2026-08-25T17:07:57.974815012Z,/tangrams/348_314.png,2026-08-25T17:31:01.508335965Z,/tangrams/348_314.png,2026-08-25T17:30:58.203308955Z,1787679058697,2026-08-25T17:30:58.194315084Z,1,2026-08-25T17:07:57.974815012Z,2,2026-08-25T17:07:58.333777594Z,true,2026-08-25T17:29:59.248480324Z,"[""/tangrams/348_314.png"",""/tangrams/66_24.png"",""/tangrams/202_464.png"",""/tangrams/202_314.png""]",2026-08-25T17:07:57.974815012Z,/tangrams/202_314.png,2026-08-25T17:07:57.974815012Z,C1,2026-08-25T17:07:57.974815012Z,7,2026-08-25T17:07:57.974815012Z,6,2026-08-25T17:07:57.974815012Z
01M0WYEEQCC80S9YNZQPPHVRTV,01M0WWQAZ72GMKNB5E8VWC3WG2,2026-08-25T17:10:50.348689914Z,,,,,,,,,,,"[""A4"",""B3"",""D1"",""C2""]",2026-08-25T17:10:50.348689914Z,false,2026-08-25T17:10:50.348689914Z,01M0WWQAZRRWZPK3N7VE24RFV2,2026-08-25T17:10:50.348689914Z,40,2026-08-25T17:10:50.348689914Z,,,,,,,48,2026-08-25T17:10:50.348689914Z,12,2026-08-25T17:10:50.348689914Z,training,2026-08-25T17:10:50.348689914Z,3,2026-08-25T17:10:50.348689914Z,4,2026-08-25T17:10:50.348689914Z,,,,2026-08-25T17:10:50.348689914Z,,,1,2026-08-25T17:10:50.348689914Z,2,2026-08-25T17:10:51.76003064Z,false,2026-08-25T17:10:50.348689914Z,"[""/tangrams/66_464.png"",""/tangrams/348_24.png"",""/tangrams/20_314.png"",""/tangrams/202_441.png""]",2026-08-25T17:10:50.348689914Z,/tangrams/20_314.png,2026-08-25T17:10:50.348689914Z,D1,2026-08-25T17:10:50.348689914Z,4,2026-08-25T17:10:50.348689914Z,39,2026-08-25T17:10:50.348689914Z
01M0WXEBE1SM55DR3W3J9GQJRH,01M0WWQ73PEDYQHEYYBB88AXMD,2026-08-25T16:53:18.401243067Z,,,,,,,,,,,"[""F1"",""F8"",""C3"",""A1""]",2026-08-25T16:53:18.401243067Z,false,2026-08-25T16:53:18.401243067Z,01M0WWQ74M3NWYAJGQB0ESKAD2,2026-08-25T16:53:18.401243067Z,38,2026-08-25T16:53:18.401243067Z,,,,,,,48,2026-08-25T16:53:18.401243067Z,12,2026-08-25T16:53:18.401243067Z,training,2026-08-25T16:53:18.401243067Z,3,2026-08-25T16:53:18.401243067Z,4,2026-08-25T16:53:18.401243067Z,,,,2026-08-25T16:53:18.401243067Z,,,0,2026-08-25T16:53:18.401243067Z,2,2026-08-25T16:53:19.137054219Z,false,2026-08-25T16:53:18.401243067Z,"[""/tangrams/119_182.png"",""/tangrams/37_144.png"",""/tangrams/422_405.png"",""/tangrams/138_244.png""]",2026-08-25T16:53:18.401243067Z,/tangrams/37_144.png,2026-08-25T16:53:18.401243067Z,F8,2026-08-25T16:53:18.401243067Z,2,2026-08-25T16:53:18.401243067Z,37,2026-08-25T16:53:18.401243067Z
01M0WY96G0GQ1X6T2J8TQ7EEGT,01M0WWQAZ72GMKNB5E8VWC3WG2,2026-08-25T17:07:58.080989438Z,"[{""text"":""empty rectangle in middle"",""sender"":{""id"":""01M0WY2T8PBZPVGKC7BWFHJ59J"",""name"":""Minu"",""avatar"":""https://api.dicebear.com/8.x/rings/svg?seed=Minu""}},{""text"":""no boat"",""sender"":{""id"":""01M0WY2T8PBZPVGKC7BWFHJ59J"",""name"":""Minu"",""avatar"":""https://api.dicebear.com/8.x/rings/svg?seed=Minu""}}]",2026-08-25T17:48:52.369353847Z,"[1787680130173,1787680132380]",2026-08-25T17:48:52.381940579Z,,,true,2026-08-25T17:48:58.75598553Z,01M0WY2T8PBZPVGKC7BWFHJ59J,2026-08-25T17:48:39.10605366Z,"[""D2"",""C4"",""B3"",""D3""]",2026-08-25T17:07:58.080989438Z,true,2026-08-25T17:48:58.743595877Z,01M0WWQAZPP7VBJF1WXDE2YKFW,2026-08-25T17:07:58.080989438Z,35,2026-08-25T17:07:58.080989438Z,false,2026-08-25T17:48:39.395204304Z,01M0WXSYNRXCYGT80QAR430CBD,2026-08-25T17:48:39.10605366Z,,,48,2026-08-25T17:07:58.080989438Z,12,2026-08-25T17:07:58.080989438Z,training,2026-08-25T17:07:58.080989438Z,2,2026-08-25T17:07:58.080989438Z,4,2026-08-25T17:07:58.080989438Z,/tangrams/20_24.png,2026-08-25T17:48:58.75598553Z,/tangrams/20_24.png,2026-08-25T17:48:55.592451001Z,1787680136064,2026-08-25T17:48:55.601408809Z,1,2026-08-25T17:07:58.080989438Z,2,2026-08-25T17:07:58.903855374Z,true,2026-08-25T17:48:39.063541497Z,"[""/tangrams/20_441.png"",""/tangrams/202_464.png"",""/tangrams/348_24.png"",""/tangrams/20_24.png""]",2026-08-25T17:07:58.080989438Z,/tangrams/20_24.png,2026-08-25T17:07:58.080989438Z,D3,2026-08-25T17:07:58.080989438Z,11,2026-08-25T17:07:58.080989438Z,34,2026-08-25T17:07:58.080989438Z
01M0WXGEH7Q0CNMJYD4WH5M02S,01M0WWQ73PEDYQHEYYBB88AXMD,2026-08-25T16:54:27.111180968Z,,,,,,,,,,,"[""C4"",""A4"",""B3"",""C2""]",2026-08-25T16:54:27.111180968Z,false,2026-08-25T16:54:27.111180968Z,01M0WWQ74ND1AHANTF309RNWJE,2026-08-25T16:54:27.111180968Z,23,2026-08-25T16:54:27.111180968Z,,,,,,,48,2026-08-25T16:54:27.111180968Z,12,2026-08-25T16:54:27.111180968Z,training,2026-08-25T16:54:27.111180968Z,1,2026-08-25T16:54:27.111180968Z,4,2026-08-25T16:54:27.111180968Z,,,,2026-08-25T16:54:27.111180968Z,,,0,2026-08-25T16:54:27.111180968Z,2,2026-08-25T16:54:27.62503591Z,false,2026-08-25T16:54:27.111180968Z,"[""/tangrams/422_66.png"",""/tangrams/138_66.png"",""/tangrams/366_405.png"",""/tangrams/422_339.png""]",2026-08-25T16:54:27.111180968Z,/tangrams/422_66.png,2026-08-25T16:54:27.111180968Z,C4,2026-08-25T16:54:27.111180968Z,11,2026-08-25T16:54:27.111180968Z,22,2026-08-25T16:54:27.111180968Z
01M0WY7GAC3SF2HT8D1YF5T90E,01M0WWQ9XB6TMTWDYN7GB59TN7,2026-08-25T17:07:02.605032702Z,"[{""text"":""diamond on top"",""sender"":{""id"":""01M0WY0ECEQWZG8FEZD72ENETD"",""name"":""Minu"",""avatar"":""https://api.dicebear.com/8.x/rings/svg?seed=Minu""}},{""text"":""sitting on a total black base with outward points"",""sender"":{""id"":""01M0WY0ECEQWZG8FEZD72ENETD"",""name"":""Minu"",""avatar"":""https://api.dicebear.com/8.x/rings/svg?seed=Minu""}}]",2026-08-25T17:43:57.359244435Z,"[1787679827711,1787679837371]",2026-08-25T17:43:57.373141796Z,,,true,2026-08-25T17:44:02.928456283Z,01M0WY0ECEQWZG8FEZD72ENETD,2026-08-25T17:43:43.212211918Z,"[""A4"",""A3"",""B4"",""D1""]",2026-08-25T17:07:02.605032702Z,true,2026-08-25T17:44:02.911795511Z,01M0WWQ9XW83PGVA4HF3WT9HVR,2026-08-25T17:07:02.605032702Z,43,2026-08-25T17:07:02.605032702Z,false,2026-08-25T17:43:43.537419372Z,01M0WXR5QX7RT0467EJCPJ9Y2Y,2026-08-25T17:43:43.212211918Z,,,48,2026-08-25T17:07:02.605032702Z,12,2026-08-25T17:07:02.605032702Z,training,2026-08-25T17:07:02.605032702Z,3,2026-08-25T17:07:02.605032702Z,4,2026-08-25T17:07:02.605032702Z,/tangrams/138_66.png,2026-08-25T17:44:02.928456283Z,/tangrams/138_66.png,2026-08-25T17:43:59.684738182Z,1787679839579,2026-08-25T17:43:59.675467687Z,0,2026-08-25T17:07:02.605032702Z,2,2026-08-25T17:07:03.679337562Z,true,2026-08-25T17:43:43.166736233Z,"[""/tangrams/138_66.png"",""/tangrams/138_405.png"",""/tangrams/366_66.png"",""/tangrams/279_244.png""]",2026-08-25T17:07:02.605032702Z,/tangrams/138_66.png,2026-08-25T17:07:02.605032702Z,A4,2026-08-25T17:07:02.605032702Z,7,2026-08-25T17:07:02.605032702Z,42,2026-08-25T17:07:02.605032702Z
01M0WY8DBB24GYE3D4A0VKQRPW,01M0WWQ9XB6TMTWDYN7GB59TN7,2026-08-25T17:07:32.331524864Z,"[{""text"":""two this wide legs with a bull horn"",""sender"":{""id"":""01M0WY1V9QET0HYE5N0547967Y"",""name"":""Minu"",""avatar"":""https://api.dicebear.com/8.x/rings/svg?seed=Minu""}}]",2026-08-25T17:42:05.748161663Z,[1787679725759],2026-08-25T17:42:05.761040304Z,,,true,2026-08-25T17:42:12.578199429Z,01M0WY1V9QET0HYE5N0547967Y,2026-08-25T17:41:44.078035951Z,"[""B1"",""A2"",""C4"",""D3""]",2026-08-25T17:07:32.331524864Z,true,2026-08-25T17:42:12.561077632Z,01M0WWQ9XT2Q7RF2RHNCTTRDNK,2026-08-25T17:07:32.331524864Z,31,2026-08-25T17:07:32.331524864Z,false,2026-08-25T17:41:44.228711504Z,01M0WY1FH5WQS14DQ3V446M8AM,2026-08-25T17:41:44.078035951Z,,,48,2026-08-25T17:07:32.331524864Z,12,2026-08-25T17:07:32.331524864Z,training,2026-08-25T17:07:32.331524864Z,2,2026-08-25T17:07:32.331524864Z,4,2026-08-25T17:07:32.331524864Z,/tangrams/279_405.png,2026-08-25T17:42:12.578199429Z,/tangrams/279_405.png,2026-08-25T17:42:09.432203141Z,1787679729211,2026-08-25T17:42:09.425486656Z,0,2026-08-25T17:07:32.331524864Z,2,2026-08-25T17:07:33.146124708Z,true,2026-08-25T17:41:44.03354644Z,"[""/tangrams/366_244.png"",""/tangrams/138_339.png"",""/tangrams/422_66.png"",""/tangrams/279_405.png""]",2026-08-25T17:07:32.331524864Z,/tangrams/279_405.png,2026-08-25T17:07:32.331524864Z,D3,2026-08-25T17:07:32.331524864Z,7,2026-08-25T17:07:32.331524864Z,30,2026-08-25T17:07:32.331524864Z
01M0WY96AERDK30AXYN9V8TM7C,01M0WWQAZ72GMKNB5E8VWC3WG2,2026-08-25T17:07:57.90225813Z,"[{""text"":""small triangle bottom left"",""sender"":{""id"":""01M0WY2T8PBZPVGKC7BWFHJ59J"",""name"":""Minu"",""avatar"":""https://api.dicebear.com/8.x/rings/svg?seed=Minu""}},{""text"":""large traingle pointing to top right"",""sender"":{""id"":""01M0WY2T8PBZPVGKC7BWFHJ59J"",""name"":""Minu"",""avatar"":""https://api.dicebear.com/8.x/rings/svg?seed=Minu""}}]",2026-08-25T17:45:07.905631579Z,"[1787679900449,1787679907916]",2026-08-25T17:45:07.918170443Z,,,true,2026-08-25T17:45:17.801017372Z,01M0WY2T8PBZPVGKC7BWFHJ59J,2026-08-25T17:44:51.212968336Z,"[""C1"",""D2"",""C2"",""B4""]",2026-08-25T17:07:57.90225813Z,true,2026-08-25T17:45:17.785406521Z,01M0WWQAZPP7VBJF1WXDE2YKFW,2026-08-25T17:07:57.90225813Z,27,2026-08-25T17:07:57.90225813Z,false,2026-08-25T17:44:51.502295421Z,01M0WXSYNRXCYGT80QAR430CBD,2026-08-25T17:44:51.212968336Z,,,48,2026-08-25T17:07:57.90225813Z,12,2026-08-25T17:07:57.90225813Z,training,2026-08-25T17:07:57.90225813Z,2,2026-08-25T17:07:57.90225813Z,4,2026-08-25T17:07:57.90225813Z,/tangrams/202_441.png,2026-08-25T17:45:17.801017372Z,/tangrams/202_441.png,2026-08-25T17:45:14.657776408Z,1787679915232,2026-08-25T17:45:14.66468472Z,1,2026-08-25T17:07:57.90225813Z,2,2026-08-25T17:07:58.746293376Z,true,2026-08-25T17:44:51.161562712Z,"[""/tangrams/202_314.png"",""/tangrams/20_441.png"",""/tangrams/202_441.png"",""/tangrams/348_464.png""]",2026-08-25T17:07:57.90225813Z,/tangrams/202_441.png,2026-08-25T17:07:57.90225813Z,C2,2026-08-25T17:07:57.90225813Z,3,2026-08-25T17:07:57.90225813Z,26,2026-08-25T17:07:57.90225813Z
01M0WY7G723ER3P6A4X3C5NTQN,01M0WWQ9XB6TMTWDYN7GB59TN7,2026-08-25T17:07:02.498162241Z,"[{""text"":""triangle that looks like a house is inside of it"",""sender"":{""id"":""01M0WY0ECEQWZG8FEZD72ENETD"",""name"":""Minu"",""avatar"":""https://api.dicebear.com/8.x/rings/svg?seed=Minu""}},{""text"":""but this time the base is all dark"",""sender"":{""id"":""01M0WY0ECEQWZG8FEZD72ENETD"",""name"":""Minu"",""avatar"":""https://api.dicebear.com/8.x/rings/svg?seed=Minu""}}]",2026-08-25T17:34:07.239897483Z,"[1787679242455,1787679247250]",2026-08-25T17:34:07.25280016Z,,,true,2026-08-25T17:34:13.898620846Z,01M0WY0ECEQWZG8FEZD72ENETD,2026-08-25T17:33:50.36066379Z,"[""A4"",""B4"",""D2"",""B1""]",2026-08-25T17:07:02.498162241Z,true,2026-08-25T17:34:13.882747803Z,01M0WWQ9XW83PGVA4HF3WT9HVR,2026-08-25T17:07:02.498162241Z,19,2026-08-25T17:07:02.498162241Z,false,2026-08-25T17:33:50.631054627Z,01M0WXR5QX7RT0467EJCPJ9Y2Y,2026-08-25T17:33:50.36066379Z,,,48,2026-08-25T17:07:02.498162241Z,12,2026-08-25T17:07:02.498162241Z,training,2026-08-25T17:07:02.498162241Z,1,2026-08-25T17:07:02.498162241Z,4,2026-08-25T17:07:02.498162241Z,/tangrams/366_66.png,2026-08-25T17:34:13.898620846Z,/tangrams/366_66.png,2026-08-25T17:34:10.717159139Z,1787679250614,2026-08-25T17:34:10.707391611Z,0,2026-08-25T17:07:02.498162241Z,2,2026-08-25T17:07:03.1833541Z,true,2026-08-25T17:33:50.263227723Z,"[""/tangrams/138_66.png"",""/tangrams/366_66.png"",""/tangrams/279_339.png"",""/tangrams/366_244.png""]",2026-08-25T17:07:02.498162241Z,/tangrams/366_66.png,2026-08-25T17:07:02.498162241Z,B4,2026-08-25T17:07:02.498162241Z,7,2026-08-25T17:07:02.498162241Z,18,2026-08-25T17:07:02.498162241Z
01M0WY8WKDCE3EJGCZB8H1YRVN,01M0WWQAZ72GMKNB5E8VWC3WG2,2026-08-25T17:07:47.949479668Z,"[{""text"":""upwards pointing arrow at top, small diamond on the bottom"",""sender"":{""id"":""01M0WY0YPE1FGB7GNWHKCY08ZN"",""name"":""Minu"",""avatar"":""https://api.dicebear.com/8.x/rings/svg?seed=Minu""}}]",2026-08-25T17:24:32.082413598Z,[1787678672091],2026-08-25T17:24:32.092779361Z,,,true,2026-08-25T17:24:39.13471919Z,01M0WY0YPE1FGB7GNWHKCY08ZN,2026-08-25T17:24:13.75369309Z,"[""F7"",""B2"",""F8"",""F5""]",2026-08-25T17:07:47.949479668Z,true,2026-08-25T17:24:39.124119271Z,01M0WWQAZTRSENW9JN2FSQ4BA7,2026-08-25T17:07:47.949479668Z,25,2026-08-25T17:07:47.949479668Z,false,2026-08-25T17:24:13.865364337Z,01M0WY09KXZQGZCXQXZTYFDW8C,2026-08-25T17:24:13.75369309Z,,,48,2026-08-25T17:07:47.949479668Z,12,2026-08-25T17:07:47.949479668Z,training,2026-08-25T17:07:47.949479668Z,2,2026-08-25T17:07:47.949479668Z,4,2026-08-25T17:07:47.949479668Z,/tangrams/411_352.png,2026-08-25T17:24:39.13471919Z,/tangrams/411_352.png,2026-08-25T17:24:35.96631464Z,1787678677359,2026-08-25T17:24:35.977489647Z,0,2026-08-25T17:07:47.949479668Z,2,2026-08-25T17:07:48.809811555Z,true,2026-08-25T17:24:13.704718029Z,"[""/tangrams/411_352.png"",""/tangrams/366_339.png"",""/tangrams/37_144.png"",""/tangrams/456_48.png""]",2026-08-25T17:07:47.949479668Z,/tangrams/411_352.png,2026-08-25T17:07:47.949479668Z,F7,2026-08-25T17:07:47.949479668Z,1,2026-08-25T17:07:47.949479668Z,24,2026-08-25T17:07:47.949479668Z
01M0WY8WNKP86N08919QZ7NSTT,01M0WWQAZ72GMKNB5E8VWC3WG2,2026-08-25T17:07:48.019244183Z,"[{""text"":""open box"",""sender"":{""id"":""01M0WY0YPE1FGB7GNWHKCY08ZN"",""name"":""Minu"",""avatar"":""https://api.dicebear.com/8.x/rings/svg?seed=Minu""}}]",2026-08-25T17:27:46.429491042Z,[1787678866438],2026-08-25T17:27:46.440453248Z,,,true,2026-08-25T17:27:51.300029342Z,01M0WY0YPE1FGB7GNWHKCY08ZN,2026-08-25T17:27:41.26577552Z,"[""F1"",""D4"",""F2"",""F5""]",2026-08-25T17:07:48.019244183Z,true,2026-08-25T17:27:51.282489065Z,01M0WWQAZTRSENW9JN2FSQ4BA7,2026-08-25T17:07:48.019244183Z,37,2026-08-25T17:07:48.019244183Z,false,2026-08-25T17:27:41.370645645Z,01M0WY09KXZQGZCXQXZTYFDW8C,2026-08-25T17:27:41.26577552Z,,,48,2026-08-25T17:07:48.019244183Z,12,2026-08-25T17:07:48.019244183Z,training,2026-08-25T17:07:48.019244183Z,3,2026-08-25T17:07:48.019244183Z,4,2026-08-25T17:07:48.019244183Z,/tangrams/279_66.png,2026-08-25T17:27:51.300029342Z,/tangrams/279_66.png,2026-08-25T17:27:48.147340572Z,1787678869543,2026-08-25T17:27:48.15779699Z,0,2026-08-25T17:07:48.019244183Z,2,2026-08-25T17:07:49.013236637Z,true,2026-08-25T17:27:41.226773139Z,"[""/tangrams/119_182.png"",""/tangrams/279_66.png"",""/tangrams/290_64.png"",""/tangrams/456_48.png""]",2026-08-25T17:07:48.019244183Z,/tangrams/279_66.png,2026-08-25T17:07:48.019244183Z,D4,2026-08-25T17:07:48.019244183Z,1,2026-08-25T17:07:48.019244183Z,36,2026-08-25T17:07:48.019244183Z
