roundID,gameID,trialNum,block,selectionMadeAt,correct,stage_started,stage_ended,playerID,renderedAt
01M0XEYNWTZT82J1K53F3HJ7CH,01M0XEBHFAZN8J8K9QJ4PMADCV,13,2,1787697052720,TRUE,2026-08-25T22:29:55Z,2026-08-25T22:30:55Z,01M0XES5Y1NQT19B2QBEJ1SE2V,1787696992642
01M0XEYNWTZT82J1K53F3HJ7CH,01M0XEBHFAZN8J8K9QJ4PMADCV,13,2,1787697052720,TRUE,2026-08-25T22:29:55Z,2026-08-25T22:30:55Z,01M0XEREB3GCTAQVXHQ8WY91H4,1787696996253
01M0XFQX013E4F044HJKS952NR,01M0XEP3TXK5Z02SVJR2VASG8P,22,2,1787697151691,TRUE,2026-08-25T22:32:02Z,2026-08-25T22:32:32Z,01M0XFGKS364T502MY6BASRSP2,1787697122643
01M0XFQX013E4F044HJKS952NR,01M0XEP3TXK5Z02SVJR2VASG8P,22,2,1787697151691,TRUE,2026-08-25T22:32:02Z,2026-08-25T22:32:32Z,01M0XEX8ATRQ9G1A1T9FCE8VQM,1787697121766
01M0XEXFQXV1J847S8027TZW45,01M0XEBFZ0825AFF4R333DJ4HK,40,4,1787697022586,TRUE,2026-08-25T22:30:07Z,2026-08-25T22:30:22Z,01M0XER0XX29HJPEX4FRYGSWYD,1787697007039
01M0XEXFQXV1J847S8027TZW45,01M0XEBFZ0825AFF4R333DJ4HK,40,4,1787697022586,TRUE,2026-08-25T22:30:07Z,2026-08-25T22:30:22Z,01M0XEQXMFVE0GRKM8DY7Y5DHN,1787697007205
01M0XF75C9RVXWSCCXZWXM2Z8Q,01M0XEBJH4G5D0NKPXZ6BYKGS7,40,4,1787697265472,TRUE,2026-08-25T22:33:54Z,2026-08-25T22:34:25Z,01M0XERQ8TV5N8Y3NVYKQG5TNE,1787697233516
01M0XF75C9RVXWSCCXZWXM2Z8Q,01M0XEBJH4G5D0NKPXZ6BYKGS7,40,4,1787697265472,TRUE,2026-08-25T22:33:54Z,2026-08-25T22:34:25Z,01M0XER6FPF3N9GKNC8JSYE9M7,1787697234826
01M0XEYNY1TAXERJDH8BHYEHHG,01M0XEBHFAZN8J8K9QJ4PMADCV,37,4,1787698132549,TRUE,2026-08-25T22:48:34Z,2026-08-25T22:48:55Z,01M0XEREB3GCTAQVXHQ8WY91H4,1787698115230
01M0XEYNY1TAXERJDH8BHYEHHG,01M0XEBHFAZN8J8K9QJ4PMADCV,37,4,1787698132549,TRUE,2026-08-25T22:48:34Z,2026-08-25T22:48:55Z,01M0XES5Y1NQT19B2QBEJ1SE2V,1787698112390
01M0XF02YH0PNGKNPHKAE8S9SC,01M0XEBFYZ40VDCCZ70PM6EWHK,17,2,1787696052951,TRUE,2026-08-25T22:13:51Z,2026-08-25T22:14:13Z,01M0XERQP1ZQ8ZKRV6F98VE778,1787696031258
01M0XF02YH0PNGKNPHKAE8S9SC,01M0XEBFYZ40VDCCZ70PM6EWHK,17,2,1787696052951,TRUE,2026-08-25T22:13:51Z,2026-08-25T22:14:13Z,01M0XEW4XVCD53BQGS5F5TWC4E,1787696031301
01M0XFED4VN0A1K1EC7P9DZNE3,01M0XF36KPEANMAA2FHR330CGB,37,4,1787698314681,TRUE,2026-08-25T22:51:44Z,2026-08-25T22:51:55Z,01M0XES7WHX0W3E8PJ1JTK03A6,1787698304188
01M0XFED4VN0A1K1EC7P9DZNE3,01M0XF36KPEANMAA2FHR330CGB,37,4,1787698314681,TRUE,2026-08-25T22:51:44Z,2026-08-25T22:51:55Z,01M0XETGWM5RF9ZVRZXVQJA69R,1787698304116
01M0XF6K07XMCT7GER9F4XEE8K,01M0XEBKS2G948HDY26TVYK1X9,27,3,1787696475863,TRUE,2026-08-25T22:21:06Z,2026-08-25T22:21:16Z,01M0XEQS1Y61NYBS2B9X56Y7HM,1787696467532
01M0XF6K07XMCT7GER9F4XEE8K,01M0XEBKS2G948HDY26TVYK1X9,27,3,1787696475863,TRUE,2026-08-25T22:21:06Z,2026-08-25T22:21:16Z,01M0XERWA6XTSFFEAXHF1XTBP1,1787696466022
01M0XF6K64R36RSB8RWJRRVEW3,01M0XEBKS2G948HDY26TVYK1X9,44,4,1787696850316,TRUE,2026-08-25T22:27:16Z,2026-08-25T22:27:29Z,01M0XERWA6XTSFFEAXHF1XTBP1,1787696836016
01M0XF6K64R36RSB8RWJRRVEW3,01M0XEBKS2G948HDY26TVYK1X9,44,4,1787696850316,TRUE,2026-08-25T22:27:16Z,2026-08-25T22:27:29Z,01M0XEQS1Y61NYBS2B9X56Y7HM,1787696837466
01M0XF031RVJMRYQHFDNKV5510,01M0XEBFYZ40VDCCZ70PM6EWHK,8,1,1787695803933,FALSE,2026-08-25T22:09:26Z,2026-08-25T22:10:04Z,01M0XERQP1ZQ8ZKRV6F98VE778,1787695767179
01M0XF031RVJMRYQHFDNKV5510,01M0XEBFYZ40VDCCZ70PM6EWHK,8,1,1787695803933,FALSE,2026-08-25T22:09:26Z,2026-08-25T22:10:04Z,01M0XEW4XVCD53BQGS5F5TWC4E,1787695766898
01M0XF2S0GYR3DD9VFG4ZFJGZQ,01M0XEBKS0ZEFNX9SMQDQW2PZ4,14,2,1787697220004,FALSE,2026-08-25T22:32:43Z,2026-08-25T22:33:05Z,01M0XER9CN1N4H5AFH0XVE2HCE,1787697198616
01M0XF2S0GYR3DD9VFG4ZFJGZQ,01M0XEBKS0ZEFNX9SMQDQW2PZ4,14,2,1787697220004,FALSE,2026-08-25T22:32:43Z,2026-08-25T22:33:05Z,01M0XES69GNPHVSPMR1TVP4HAR,1787697165020
01M0XF7M41Y9BRHEQCG4CEE7FP,01M0XEBKS0ZEFNX9SMQQNF9DE2,30,3,NA,NA,NA,2026-08-25T22:04:13Z,NA,NA
01M0XFCCZRE5938YYPDHCWX4NV,01M0XEP3TSE5MTCHYTC004C3XD,8,1,1787696757175,FALSE,2026-08-25T22:25:14Z,2026-08-25T22:25:57Z,01M0XETPA4APE5RG3CX52WNZAV,1787696714656
01M0XFCCZRE5938YYPDHCWX4NV,01M0XEP3TSE5MTCHYTC004C3XD,8,1,1787696757175,FALSE,2026-08-25T22:25:14Z,2026-08-25T22:25:57Z,01M0XEY6K6WQC3AV5JQQ7N3PQV,1785655112926
01M0XF395NAXWQPGFC51GJWD5Y,01M0XEBHF9Z6MD8PTP8NQ2PV26,37,4,1787696657899,TRUE,2026-08-25T22:24:10Z,2026-08-25T22:24:17Z,01M0XESRDHZJ3M6V0HK46Z1NMP,1787696650104
01M0XF395NAXWQPGFC51GJWD5Y,01M0XEBHF9Z6MD8PTP8NQ2PV26,37,4,1787696657899,TRUE,2026-08-25T22:24:10Z,2026-08-25T22:24:17Z,01M0XESCE3HXZW59M8QA45SWJ1,1787696646960
01M0XFQX1RBF4827SDJJQZ8YJP,01M0XEP3TXK5Z02SVJR2VASG8P,26,3,1787697271515,TRUE,2026-08-25T22:34:23Z,2026-08-25T22:34:32Z,01M0XFGKS364T502MY6BASRSP2,1787697263396
01M0XFQX1RBF4827SDJJQZ8YJP,01M0XEP3TXK5Z02SVJR2VASG8P,26,3,1787697271515,TRUE,2026-08-25T22:34:23Z,2026-08-25T22:34:32Z,01M0XEX8ATRQ9G1A1T9FCE8VQM,1787697265393
01M0XEXFSJNXS77PHWZGB93VXK,01M0XEBFZ0825AFF4R333DJ4HK,30,3,1787696814135,TRUE,2026-08-25T22:26:38Z,2026-08-25T22:26:54Z,01M0XEQXMFVE0GRKM8DY7Y5DHN,1787696798066
01M0XEXFSJNXS77PHWZGB93VXK,01M0XEBFZ0825AFF4R333DJ4HK,30,3,1787696814135,TRUE,2026-08-25T22:26:38Z,2026-08-25T22:26:54Z,01M0XER0XX29HJPEX4FRYGSWYD,1787696797774
01M0XF5J4BF3WXEQ34KMFHPFW4,01M0XEBJH60M51NVP8EGS7231S,3,1,1787695880991,FALSE,2026-08-25T22:11:02Z,2026-08-25T22:11:21Z,01M0XEQNJ9809PHWDZ742E11VG,1787695863363
01M0XF5J4BF3WXEQ34KMFHPFW4,01M0XEBJH60M51NVP8EGS7231S,3,1,1787695880991,FALSE,2026-08-25T22:11:02Z,2026-08-25T22:11:21Z,01M0XF1AW05AX3PDCQ9PWGAR99,1787695862565
01M0XF7KYE0HCK9BER0MWHJYBF,01M0XEBKS0ZEFNX9SMQQNF9DE2,1,1,NA,NA,NA,2026-08-25T22:04:12Z,NA,NA
01M0XFEDCKH2FJ0AZFZKHKXYW1,01M0XF36KPEANMAA2FHR330CGB,20,2,1787697876549,TRUE,2026-08-25T22:44:12Z,2026-08-25T22:44:37Z,01M0XES7WHX0W3E8PJ1JTK03A6,1787697852325
01M0XFEDCKH2FJ0AZFZKHKXYW1,01M0XF36KPEANMAA2FHR330CGB,20,2,1787697876549,TRUE,2026-08-25T22:44:12Z,2026-08-25T22:44:37Z,01M0XETGWM5RF9ZVRZXVQJA69R,1787697852233
01M0XFCD29CPWMWQTKQ85G79QJ,01M0XEP3TSE5MTCHYTC004C3XD,0,1,NA,FALSE,2026-08-25T22:17:24Z,2026-08-25T22:18:24Z,01M0XEY6K6WQC3AV5JQQ7N3PQV,1785654642195
01M0XFCD29CPWMWQTKQ85G79QJ,01M0XEP3TSE5MTCHYTC004C3XD,0,1,NA,FALSE,2026-08-25T22:17:24Z,2026-08-25T22:18:24Z,01M0XETPA4APE5RG3CX52WNZAV,1787696244096
01M0XEXFR4DEZM5BCC92B73ANH,01M0XEBFZ0825AFF4R333DJ4HK,38,4,1787696986558,TRUE,2026-08-25T22:29:28Z,2026-08-25T22:29:46Z,01M0XEQXMFVE0GRKM8DY7Y5DHN,1787696968413
01M0XEXFR4DEZM5BCC92B73ANH,01M0XEBFZ0825AFF4R333DJ4HK,38,4,1787696986558,TRUE,2026-08-25T22:29:28Z,2026-08-25T22:29:46Z,01M0XER0XX29HJPEX4FRYGSWYD,1787696968223
01M0XF1MJF5WQT6Z5TNZ00DKRJ,01M0XEBHFGJ74MNH9PTVJNK0S2,1,1,1787696428545,TRUE,2026-08-25T22:20:01Z,2026-08-25T22:20:28Z,01M0XEREZ46CDWNZWM86P2TTE7,1787696401287
01M0XF1MJF5WQT6Z5TNZ00DKRJ,01M0XEBHFGJ74MNH9PTVJNK0S2,1,1,1787696428545,TRUE,2026-08-25T22:20:01Z,2026-08-25T22:20:28Z,01M0XERNMK293CWHFMH4HQ05K1,1787696401627
01M0XFQX8GY2C9CE3DK6NZBGHM,01M0XEP3TXK5Z02SVJR2VASG8P,45,4,1787697798877,TRUE,2026-08-25T22:42:33Z,2026-08-25T22:43:18Z,01M0XFGKS364T502MY6BASRSP2,1787697753976
01M0XFQX8GY2C9CE3DK6NZBGHM,01M0XEP3TXK5Z02SVJR2VASG8P,45,4,1787697798877,TRUE,2026-08-25T22:42:33Z,2026-08-25T22:43:18Z,01M0XEX8ATRQ9G1A1T9FCE8VQM,1787697753505
01M0XEXFNW949MP8XQCQE077H7,01M0XEBFZ0825AFF4R333DJ4HK,44,4,1787697119366,TRUE,2026-08-25T22:31:41Z,2026-08-25T22:31:59Z,01M0XER0XX29HJPEX4FRYGSWYD,1787697101492
01M0XEXFNW949MP8XQCQE077H7,01M0XEBFZ0825AFF4R333DJ4HK,44,4,1787697119366,TRUE,2026-08-25T22:31:41Z,2026-08-25T22:31:59Z,01M0XEQXMFVE0GRKM8DY7Y5DHN,1787697101812
01M0XEXFQ059T3DRAEA317SC73,01M0XEBFZ0825AFF4R333DJ4HK,20,2,1787696545263,TRUE,2026-08-25T22:21:59Z,2026-08-25T22:22:25Z,01M0XER0XX29HJPEX4FRYGSWYD,1787696519734
01M0XEXFQ059T3DRAEA317SC73,01M0XEBFZ0825AFF4R333DJ4HK,20,2,1787696545263,TRUE,2026-08-25T22:21:59Z,2026-08-25T22:22:25Z,01M0XEQXMFVE0GRKM8DY7Y5DHN,1787696519841
01M0XF07BQHTW7T8W4PARGVCWZ,01M0XEBFYW1G5QWYVD4F1CEJQ3,7,1,1787696187012,TRUE,2026-08-25T22:16:06Z,2026-08-25T22:16:27Z,01M0XEQXM9M74Y1X1MWHARYCDC,1787696166794
01M0XF07BQHTW7T8W4PARGVCWZ,01M0XEBFYW1G5QWYVD4F1CEJQ3,7,1,1787696187012,TRUE,2026-08-25T22:16:06Z,2026-08-25T22:16:27Z,01M0XER53CMDT435QVPYSPB86P,1787696165942
01M0XF7KZSAJKJT5RAT4K67XXW,01M0XEBKS0ZEFNX9SMQQNF9DE2,47,4,NA,NA,NA,2026-08-25T22:04:14Z,NA,NA
01M0XF75B2AAVDH1Q6D9Y7Q8GE,01M0XEBJH4G5D0NKPXZ6BYKGS7,31,3,1787697045753,TRUE,2026-08-25T22:30:24Z,2026-08-25T22:30:46Z,01M0XERQ8TV5N8Y3NVYKQG5TNE,1787697023877
01M0XF75B2AAVDH1Q6D9Y7Q8GE,01M0XEBJH4G5D0NKPXZ6BYKGS7,31,3,1787697045753,TRUE,2026-08-25T22:30:24Z,2026-08-25T22:30:46Z,01M0XER6FPF3N9GKNC8JSYE9M7,1787697025215
01M0XFCD20WSB7HVM5SXCJRM8R,01M0XEP3TSE5MTCHYTC004C3XD,1,1,1785654747205,FALSE,2026-08-25T22:18:27Z,2026-08-25T22:19:09Z,01M0XEY6K6WQC3AV5JQQ7N3PQV,1785654705637
01M0XFCD20WSB7HVM5SXCJRM8R,01M0XEP3TSE5MTCHYTC004C3XD,1,1,1785654747205,FALSE,2026-08-25T22:18:27Z,2026-08-25T22:19:09Z,01M0XETPA4APE5RG3CX52WNZAV,1787696307539
01M0XEXFQ2Q4DS4Q8NHX88GZ5W,01M0XEBFZ0825AFF4R333DJ4HK,19,2,1787696515851,FALSE,2026-08-25T22:21:13Z,2026-08-25T22:21:56Z,01M0XEQXMFVE0GRKM8DY7Y5DHN,1787696473918
01M0XEXFQ2Q4DS4Q8NHX88GZ5W,01M0XEBFZ0825AFF4R333DJ4HK,19,2,1787696515851,FALSE,2026-08-25T22:21:13Z,2026-08-25T22:21:56Z,01M0XER0XX29HJPEX4FRYGSWYD,1787696473747
01M0XF5J9M399MEPCM8AFE37NM,01M0XEBJH60M51NVP8EGS7231S,32,3,1787696553494,TRUE,2026-08-25T22:22:25Z,2026-08-25T22:22:32Z,01M0XEQNJ9809PHWDZ742E11VG,1787696546091
01M0XF5J9M399MEPCM8AFE37NM,01M0XEBJH60M51NVP8EGS7231S,32,3,1787696553494,TRUE,2026-08-25T22:22:25Z,2026-08-25T22:22:32Z,01M0XF1AW05AX3PDCQ9PWGAR99,1787696545211
01M0XFEDD16A4S6EEYCKRMGNGK,01M0XF36KPEANMAA2FHR330CGB,19,2,1787697848502,TRUE,2026-08-25T22:43:38Z,2026-08-25T22:44:08Z,01M0XES7WHX0W3E8PJ1JTK03A6,1787697818199
01M0XFEDD16A4S6EEYCKRMGNGK,01M0XF36KPEANMAA2FHR330CGB,19,2,1787697848502,TRUE,2026-08-25T22:43:38Z,2026-08-25T22:44:08Z,01M0XETGWM5RF9ZVRZXVQJA69R,1787697818111
01M0XF6JYFCWCCVS3XQ64S2MV3,01M0XEBKS2G948HDY26TVYK1X9,46,4,1787696892686,TRUE,2026-08-25T22:27:44Z,2026-08-25T22:28:12Z,01M0XERWA6XTSFFEAXHF1XTBP1,1787696863964
01M0XF6JYFCWCCVS3XQ64S2MV3,01M0XEBKS2G948HDY26TVYK1X9,46,4,1787696892686,TRUE,2026-08-25T22:27:44Z,2026-08-25T22:28:12Z,01M0XEQS1Y61NYBS2B9X56Y7HM,1787696865409
01M0XF7KZYMCYWVPR7C21BW73C,01M0XEBKS0ZEFNX9SMQQNF9DE2,46,4,NA,NA,NA,2026-08-25T22:04:14Z,NA,NA
01M0XF7M7NQ75KGPH6PZ6CPK64,01M0XEBKS0ZEFNX9SMQQNF9DE2,10,1,NA,NA,NA,2026-08-25T22:04:13Z,NA,NA
01M0XF1C94YGYMA0ZE3YSM2EB0,01M0XEBJH722J4730WC5V8GCA8,32,3,1787697012560,TRUE,2026-08-25T22:29:58Z,2026-08-25T22:30:13Z,01M0XESZDE3CCGRVTP6G18ANBY,1787696998404
01M0XF1C94YGYMA0ZE3YSM2EB0,01M0XEBJH722J4730WC5V8GCA8,32,3,1787697012560,TRUE,2026-08-25T22:29:58Z,2026-08-25T22:30:13Z,01M0XERZFWJEZDBR149P6YH3F1,1787696997644
01M0XFEDHKXRZG2XFNXGJTV2NJ,01M0XF36KPEANMAA2FHR330CGB,14,2,1787697694136,TRUE,2026-08-25T22:40:51Z,2026-08-25T22:41:35Z,01M0XETGWM5RF9ZVRZXVQJA69R,1787697651680
01M0XFEDHKXRZG2XFNXGJTV2NJ,01M0XF36KPEANMAA2FHR330CGB,14,2,1787697694136,TRUE,2026-08-25T22:40:51Z,2026-08-25T22:41:35Z,01M0XES7WHX0W3E8PJ1JTK03A6,1787697651760
01M0XFEDVNXFFVFYZHJ7R2EQSP,01M0XF36KPEANMAA2FHR330CGB,5,1,1787697240839,TRUE,2026-08-25T22:33:09Z,2026-08-25T22:34:01Z,01M0XETGWM5RF9ZVRZXVQJA69R,1787697189447
01M0XFEDVNXFFVFYZHJ7R2EQSP,01M0XF36KPEANMAA2FHR330CGB,5,1,1787697240839,TRUE,2026-08-25T22:33:09Z,2026-08-25T22:34:01Z,01M0XES7WHX0W3E8PJ1JTK03A6,1787697189549
01M0XF7KXCMAZWEQQCS1F2E5SQ,01M0XEBKS0ZEFNX9SMQQNF9DE2,28,3,NA,NA,NA,2026-08-25T22:04:13Z,NA,NA
01M0XF7M748RAPJMP5G76VQPE7,01M0XEBKS0ZEFNX9SMQQNF9DE2,13,2,NA,NA,NA,2026-08-25T22:04:13Z,NA,NA
01M0XFCCZAYHNBEQPANV8ZB4H2,01M0XEP3TSE5MTCHYTC004C3XD,9,1,NA,FALSE,2026-08-25T22:26:00Z,2026-08-25T22:27:00Z,01M0XETPA4APE5RG3CX52WNZAV,1787696760882
01M0XFCCZAYHNBEQPANV8ZB4H2,01M0XEP3TSE5MTCHYTC004C3XD,9,1,NA,FALSE,2026-08-25T22:26:00Z,2026-08-25T22:27:00Z,01M0XEY6K6WQC3AV5JQQ7N3PQV,1785655158975
01M0XF397D480FT6JCQTBAJHF3,01M0XEBHF9Z6MD8PTP8NQ2PV26,45,4,1787696779226,TRUE,2026-08-25T22:26:10Z,2026-08-25T22:26:19Z,01M0XESRDHZJ3M6V0HK46Z1NMP,1787696770347
01M0XF397D480FT6JCQTBAJHF3,01M0XEBHF9Z6MD8PTP8NQ2PV26,45,4,1787696779226,TRUE,2026-08-25T22:26:10Z,2026-08-25T22:26:19Z,01M0XESCE3HXZW59M8QA45SWJ1,1787696766904
01M0XF5S2373DPVCMNK4262DTX,01M0XEP3V3T2RJX1S58T7Z1N3B,0,1,1787696200287,FALSE,2026-08-25T22:16:01Z,2026-08-25T22:16:40Z,01M0XERTSZ0TCDWRGM6GX23TW0,1787696161340
01M0XF5S2373DPVCMNK4262DTX,01M0XEP3V3T2RJX1S58T7Z1N3B,0,1,1787696200287,FALSE,2026-08-25T22:16:01Z,2026-08-25T22:16:40Z,01M0XEWYY70E7AF4NMGH9FGS3V,1787696161741
01M0XFED577DBBPZK02RCP2D9C,01M0XF36KPEANMAA2FHR330CGB,36,4,1787698300333,TRUE,2026-08-25T22:51:26Z,2026-08-25T22:51:40Z,01M0XES7WHX0W3E8PJ1JTK03A6,1787698286348
01M0XFED577DBBPZK02RCP2D9C,01M0XF36KPEANMAA2FHR330CGB,36,4,1787698300333,TRUE,2026-08-25T22:51:26Z,2026-08-25T22:51:40Z,01M0XETGWM5RF9ZVRZXVQJA69R,1787698286268
01M0XEYNX8J9TE6M6DMMZZTCXE,01M0XEBHFAZN8J8K9QJ4PMADCV,25,3,1787697622202,TRUE,2026-08-25T22:40:03Z,2026-08-25T22:40:25Z,01M0XEREB3GCTAQVXHQ8WY91H4,1787697604225
01M0XEYNX8J9TE6M6DMMZZTCXE,01M0XEBHFAZN8J8K9QJ4PMADCV,25,3,1787697622202,TRUE,2026-08-25T22:40:03Z,2026-08-25T22:40:25Z,01M0XES5Y1NQT19B2QBEJ1SE2V,1787697600942
01M0XF5J97VQME5JR5WF37NEBW,01M0XEBJH60M51NVP8EGS7231S,30,3,1787696528557,TRUE,2026-08-25T22:21:59Z,2026-08-25T22:22:07Z,01M0XF1AW05AX3PDCQ9PWGAR99,1787696519626
01M0XF5J97VQME5JR5WF37NEBW,01M0XEBJH60M51NVP8EGS7231S,30,3,1787696528557,TRUE,2026-08-25T22:21:59Z,2026-08-25T22:22:07Z,01M0XEQNJ9809PHWDZ742E11VG,1787696520560
01M0XF757MK103NGM4FFZ8DA7P,01M0XEBJH4G5D0NKPXZ6BYKGS7,15,2,1787696721539,TRUE,2026-08-25T22:25:13Z,2026-08-25T22:25:22Z,01M0XERQ8TV5N8Y3NVYKQG5TNE,1787696712017
01M0XF757MK103NGM4FFZ8DA7P,01M0XEBJH4G5D0NKPXZ6BYKGS7,15,2,1787696721539,TRUE,2026-08-25T22:25:13Z,2026-08-25T22:25:22Z,01M0XER6FPF3N9GKNC8JSYE9M7,1787696713312
01M0XEXFKJAHDNW8BBRZJQBWFC,01M0XEBFZ0825AFF4R333DJ4HK,4,1,1787695981981,TRUE,2026-08-25T22:12:22Z,2026-08-25T22:13:02Z,01M0XER0XX29HJPEX4FRYGSWYD,1787695942583
01M0XEXFKJAHDNW8BBRZJQBWFC,01M0XEBFZ0825AFF4R333DJ4HK,4,1,1787695981981,TRUE,2026-08-25T22:12:22Z,2026-08-25T22:13:02Z,01M0XEQXMFVE0GRKM8DY7Y5DHN,1787695942653
01M0XEYNVEEY7AATDS6CVP0PRQ,01M0XEBHFAZN8J8K9QJ4PMADCV,5,1,1787696625591,TRUE,2026-08-25T22:23:00Z,2026-08-25T22:23:49Z,01M0XES5Y1NQT19B2QBEJ1SE2V,1787696577481
01M0XEYNVEEY7AATDS6CVP0PRQ,01M0XEBHFAZN8J8K9QJ4PMADCV,5,1,1787696625591,TRUE,2026-08-25T22:23:00Z,2026-08-25T22:23:49Z,01M0XEREB3GCTAQVXHQ8WY91H4,1787696581066
01M0XF5JC5HJT0M4FY2VKSTZ8E,01M0XEBJH60M51NVP8EGS7231S,45,4,1787696716720,TRUE,2026-08-25T22:25:07Z,2026-08-25T22:25:17Z,01M0XEQNJ9809PHWDZ742E11VG,1787696708470
01M0XF5JC5HJT0M4FY2VKSTZ8E,01M0XEBJH60M51NVP8EGS7231S,45,4,1787696716720,TRUE,2026-08-25T22:25:07Z,2026-08-25T22:25:17Z,01M0XF1AW05AX3PDCQ9PWGAR99,1787696707596
01M0XF75A4566CXPEGGYHSQ8X7,01M0XEBJH4G5D0NKPXZ6BYKGS7,27,3,1787696968506,TRUE,2026-08-25T22:29:17Z,2026-08-25T22:29:29Z,01M0XERQ8TV5N8Y3NVYKQG5TNE,1787696956112
01M0XF75A4566CXPEGGYHSQ8X7,01M0XEBJH4G5D0NKPXZ6BYKGS7,27,3,1787696968506,TRUE,2026-08-25T22:29:17Z,2026-08-25T22:29:29Z,01M0XER6FPF3N9GKNC8JSYE9M7,1787696957416
01M0XFQWWSQF26DV2NNXF75GZD,01M0XEP3TXK5Z02SVJR2VASG8P,18,2,1787697011507,TRUE,2026-08-25T22:30:02Z,2026-08-25T22:30:12Z,01M0XFGKS364T502MY6BASRSP2,1787697002815
01M0XFQWWSQF26DV2NNXF75GZD,01M0XEP3TXK5Z02SVJR2VASG8P,18,2,1787697011507,TRUE,2026-08-25T22:30:02Z,2026-08-25T22:30:12Z,01M0XEX8ATRQ9G1A1T9FCE8VQM,1787697001833
01M0XF02WAMEADXVMA3TFBK0PM,01M0XEBFYZ40VDCCZ70PM6EWHK,1,1,1787695595097,TRUE,2026-08-25T22:06:06Z,2026-08-25T22:06:35Z,01M0XEW4XVCD53BQGS5F5TWC4E,1787695566236
01M0XF02WAMEADXVMA3TFBK0PM,01M0XEBFYZ40VDCCZ70PM6EWHK,1,1,1787695595097,TRUE,2026-08-25T22:06:06Z,2026-08-25T22:06:35Z,01M0XERQP1ZQ8ZKRV6F98VE778,1787695566196
01M0XF38Z447T19A9MSDTV2PTX,01M0XEBHF9Z6MD8PTP8NQ2PV26,25,3,1787696463856,TRUE,2026-08-25T22:20:49Z,2026-08-25T22:21:03Z,01M0XESRDHZJ3M6V0HK46Z1NMP,1787696449407
01M0XF38Z447T19A9MSDTV2PTX,01M0XEBHF9Z6MD8PTP8NQ2PV26,25,3,1787696463856,TRUE,2026-08-25T22:20:49Z,2026-08-25T22:21:03Z,01M0XESCE3HXZW59M8QA45SWJ1,1787696446458
01M0XF02WKVK5ST8YWSKHKX5EP,01M0XEBFYZ40VDCCZ70PM6EWHK,33,3,1787696421148,TRUE,2026-08-25T22:19:51Z,2026-08-25T22:20:21Z,01M0XEW4XVCD53BQGS5F5TWC4E,1787696391477
01M0XF02WKVK5ST8YWSKHKX5EP,01M0XEBFYZ40VDCCZ70PM6EWHK,33,3,1787696421148,TRUE,2026-08-25T22:19:51Z,2026-08-25T22:20:21Z,01M0XERQP1ZQ8ZKRV6F98VE778,1787696391463
01M0XF1CCJQ8E136MW309XXF5Z,01M0XEBJH722J4730WC5V8GCA8,20,2,1787696616864,TRUE,2026-08-25T22:23:06Z,2026-08-25T22:23:37Z,01M0XESZDE3CCGRVTP6G18ANBY,1787696586148
01M0XF1CCJQ8E136MW309XXF5Z,01M0XEBJH722J4730WC5V8GCA8,20,2,1787696616864,TRUE,2026-08-25T22:23:06Z,2026-08-25T22:23:37Z,01M0XERZFWJEZDBR149P6YH3F1,1787696585370
01M0XF02VD1FAXK89VX1VJ5BYQ,01M0XEBFYZ40VDCCZ70PM6EWHK,24,3,1787696220753,TRUE,2026-08-25T22:16:35Z,2026-08-25T22:17:00Z,01M0XEW4XVCD53BQGS5F5TWC4E,1787696195831
01M0XF02VD1FAXK89VX1VJ5BYQ,01M0XEBFYZ40VDCCZ70PM6EWHK,24,3,1787696220753,TRUE,2026-08-25T22:16:35Z,2026-08-25T22:17:00Z,01M0XERQP1ZQ8ZKRV6F98VE778,1787696195772
01M0XFCD6J513VK8A1K18WDVS6,01M0XEP3TSE5MTCHYTC004C3XD,40,4,1787697675323,TRUE,2026-08-25T22:41:05Z,2026-08-25T22:41:15Z,01M0XEY6K6WQC3AV5JQQ7N3PQV,1785656063180
01M0XFCD6J513VK8A1K18WDVS6,01M0XEP3TSE5MTCHYTC004C3XD,40,4,1787697675323,TRUE,2026-08-25T22:41:05Z,2026-08-25T22:41:15Z,01M0XETPA4APE5RG3CX52WNZAV,1787697665110
01M0XF1MPNF56BM0686FASDCV7,01M0XEBHFGJ74MNH9PTVJNK0S2,13,2,1787696764695,TRUE,2026-08-25T22:25:40Z,2026-08-25T22:26:04Z,01M0XERNMK293CWHFMH4HQ05K1,1787696740982
01M0XF1MPNF56BM0686FASDCV7,01M0XEBHFGJ74MNH9PTVJNK0S2,13,2,1787696764695,TRUE,2026-08-25T22:25:40Z,2026-08-25T22:26:04Z,01M0XEREZ46CDWNZWM86P2TTE7,1787696740644
01M0XF1MQ7BMDT1Y9WEDZ1YMEF,01M0XEBHFGJ74MNH9PTVJNK0S2,24,3,1787697051906,TRUE,2026-08-25T22:30:34Z,2026-08-25T22:30:52Z,01M0XERNMK293CWHFMH4HQ05K1,1787697034218
01M0XF1MQ7BMDT1Y9WEDZ1YMEF,01M0XEBHFGJ74MNH9PTVJNK0S2,24,3,1787697051906,TRUE,2026-08-25T22:30:34Z,2026-08-25T22:30:52Z,01M0XEREZ46CDWNZWM86P2TTE7,1787697033874
01M0XF6JV14QNQ9D6DJSXWS6WN,01M0XEBKS2G948HDY26TVYK1X9,11,1,1787696072567,TRUE,2026-08-25T22:13:55Z,2026-08-25T22:14:33Z,01M0XERWA6XTSFFEAXHF1XTBP1,1787696034324
01M0XF6JV14QNQ9D6DJSXWS6WN,01M0XEBKS2G948HDY26TVYK1X9,11,1,1787696072567,TRUE,2026-08-25T22:13:55Z,2026-08-25T22:14:33Z,01M0XEQS1Y61NYBS2B9X56Y7HM,1787696035899
01M0XF1CEG0TT6D4CD61JSFVG4,01M0XEBJH722J4730WC5V8GCA8,30,3,1787696967437,TRUE,2026-08-25T22:29:07Z,2026-08-25T22:29:28Z,01M0XERZFWJEZDBR149P6YH3F1,1787696946700
01M0XF1CEG0TT6D4CD61JSFVG4,01M0XEBJH722J4730WC5V8GCA8,30,3,1787696967437,TRUE,2026-08-25T22:29:07Z,2026-08-25T22:29:28Z,01M0XESZDE3CCGRVTP6G18ANBY,1787696947330
01M0XF5J7BV8DBEAKBYV3ZYFY5,01M0XEBJH60M51NVP8EGS7231S,19,2,1787696340902,TRUE,2026-08-25T22:18:24Z,2026-08-25T22:19:01Z,01M0XEQNJ9809PHWDZ742E11VG,1787696305396
01M0XF5J7BV8DBEAKBYV3ZYFY5,01M0XEBJH60M51NVP8EGS7231S,19,2,1787696340902,TRUE,2026-08-25T22:18:24Z,2026-08-25T22:19:01Z,01M0XF1AW05AX3PDCQ9PWGAR99,1787696304532
01M0XFQWTY32PNJ17C17A5F7YK,01M0XEP3TXK5Z02SVJR2VASG8P,15,2,1787696915962,TRUE,2026-08-25T22:28:11Z,2026-08-25T22:28:35Z,01M0XFGKS364T502MY6BASRSP2,1787696891788
01M0XFQWTY32PNJ17C17A5F7YK,01M0XEP3TXK5Z02SVJR2VASG8P,15,2,1787696915962,TRUE,2026-08-25T22:28:11Z,2026-08-25T22:28:35Z,01M0XEX8ATRQ9G1A1T9FCE8VQM,1787696892575
01M0XEYNW6DAJDW7NTGWC5GWEF,01M0XEBHFAZN8J8K9QJ4PMADCV,8,1,NA,FALSE,2026-08-25T22:25:47Z,2026-08-25T22:26:48Z,01M0XES5Y1NQT19B2QBEJ1SE2V,1787696745404
01M0XEYNW6DAJDW7NTGWC5GWEF,01M0XEBHFAZN8J8K9QJ4PMADCV,8,1,NA,FALSE,2026-08-25T22:25:47Z,2026-08-25T22:26:48Z,01M0XEREB3GCTAQVXHQ8WY91H4,1787696748676
01M0XF02XXEX0VTS17ND3JB1NZ,01M0XEBFYZ40VDCCZ70PM6EWHK,23,2,1787696192352,TRUE,2026-08-25T22:16:03Z,2026-08-25T22:16:32Z,01M0XEW4XVCD53BQGS5F5TWC4E,1787696163727
01M0XF02XXEX0VTS17ND3JB1NZ,01M0XEBFYZ40VDCCZ70PM6EWHK,23,2,1787696192352,TRUE,2026-08-25T22:16:03Z,2026-08-25T22:16:32Z,01M0XERQP1ZQ8ZKRV6F98VE778,1787696163677
01M0XF7M1ZPTMK4CP9Q50HF21B,01M0XEBKS0ZEFNX9SMQQNF9DE2,38,4,NA,NA,NA,2026-08-25T22:04:14Z,NA,NA
01M0XFEDEGJAT6EEPRRW9891P8,01M0XF36KPEANMAA2FHR330CGB,18,2,1787697814254,TRUE,2026-08-25T22:43:10Z,2026-08-25T22:43:34Z,01M0XETGWM5RF9ZVRZXVQJA69R,1787697790643
01M0XFEDEGJAT6EEPRRW9891P8,01M0XF36KPEANMAA2FHR330CGB,18,2,1787697814254,TRUE,2026-08-25T22:43:10Z,2026-08-25T22:43:34Z,01M0XES7WHX0W3E8PJ1JTK03A6,1787697790726
01M0XEYNWXGMP9AV68073ZAWY4,01M0XEBHFAZN8J8K9QJ4PMADCV,14,2,NA,FALSE,2026-08-25T22:30:59Z,2026-08-25T22:31:59Z,01M0XEREB3GCTAQVXHQ8WY91H4,1787697060284
01M0XEYNWXGMP9AV68073ZAWY4,01M0XEBHFAZN8J8K9QJ4PMADCV,14,2,NA,FALSE,2026-08-25T22:30:59Z,2026-08-25T22:31:59Z,01M0XES5Y1NQT19B2QBEJ1SE2V,1787697056675
01M0XF02V2MEERA7GZ5P9KMK9E,01M0XEBFYZ40VDCCZ70PM6EWHK,29,3,1787696313232,TRUE,2026-08-25T22:18:22Z,2026-08-25T22:18:33Z,01M0XERQP1ZQ8ZKRV6F98VE778,1787696302449
01M0XF02V2MEERA7GZ5P9KMK9E,01M0XEBFYZ40VDCCZ70PM6EWHK,29,3,1787696313232,TRUE,2026-08-25T22:18:22Z,2026-08-25T22:18:33Z,01M0XEW4XVCD53BQGS5F5TWC4E,1787696302468
01M0XF396QXWMM3MSM9183JTDS,01M0XEBHF9Z6MD8PTP8NQ2PV26,41,4,1787696715887,TRUE,2026-08-25T22:25:06Z,2026-08-25T22:25:15Z,01M0XESCE3HXZW59M8QA45SWJ1,1787696703094
01M0XF396QXWMM3MSM9183JTDS,01M0XEBHF9Z6MD8PTP8NQ2PV26,41,4,1787696715887,TRUE,2026-08-25T22:25:06Z,2026-08-25T22:25:15Z,01M0XESRDHZJ3M6V0HK46Z1NMP,1787696706475
01M0XF6JYPRZ6WQ82ZMVF8HDR5,01M0XEBKS2G948HDY26TVYK1X9,32,3,1787696584198,TRUE,2026-08-25T22:22:37Z,2026-08-25T22:23:03Z,01M0XEQS1Y61NYBS2B9X56Y7HM,1787696557877
01M0XF6JYPRZ6WQ82ZMVF8HDR5,01M0XEBKS2G948HDY26TVYK1X9,32,3,1787696584198,TRUE,2026-08-25T22:22:37Z,2026-08-25T22:23:03Z,01M0XERWA6XTSFFEAXHF1XTBP1,1787696556400
01M0XF7KYPBX6GEGMAE2NS6ADF,01M0XEBKS0ZEFNX9SMQQNF9DE2,2,1,NA,NA,NA,2026-08-25T22:04:12Z,NA,NA
01M0XF02YW14DSV22EHPGJPJDV,01M0XEBFYZ40VDCCZ70PM6EWHK,16,2,1787696027819,TRUE,2026-08-25T22:13:17Z,2026-08-25T22:13:47Z,01M0XERQP1ZQ8ZKRV6F98VE778,1787695997488
01M0XF02YW14DSV22EHPGJPJDV,01M0XEBFYZ40VDCCZ70PM6EWHK,16,2,1787696027819,TRUE,2026-08-25T22:13:17Z,2026-08-25T22:13:47Z,01M0XEW4XVCD53BQGS5F5TWC4E,1787695997559
01M0XF392PYEBBT0ZSFQS9A7N5,01M0XEBHF9Z6MD8PTP8NQ2PV26,4,1,1787695767071,FALSE,2026-08-25T22:09:04Z,2026-08-25T22:09:30Z,01M0XESCE3HXZW59M8QA45SWJ1,1787695741072
01M0XF392PYEBBT0ZSFQS9A7N5,01M0XEBHF9Z6MD8PTP8NQ2PV26,4,1,1787695767071,FALSE,2026-08-25T22:09:04Z,2026-08-25T22:09:30Z,01M0XESRDHZJ3M6V0HK46Z1NMP,1787695744286
01M0XF07BHJS0CPCASPK21Y0CY,01M0XEBFYW1G5QWYVD4F1CEJQ3,40,4,1787696832746,TRUE,2026-08-25T22:27:06Z,2026-08-25T22:27:12Z,01M0XER53CMDT435QVPYSPB86P,1787696825844
01M0XF07BHJS0CPCASPK21Y0CY,01M0XEBFYW1G5QWYVD4F1CEJQ3,40,4,1787696832746,TRUE,2026-08-25T22:27:06Z,2026-08-25T22:27:12Z,01M0XEQXM9M74Y1X1MWHARYCDC,1787696826597
01M0XEXFKKSA74R6JYRRRJ1J76,01M0XEBFZ0825AFF4R333DJ4HK,3,1,1787695938864,TRUE,2026-08-25T22:11:44Z,2026-08-25T22:12:19Z,01M0XER0XX29HJPEX4FRYGSWYD,1787695904697
01M0XEXFKKSA74R6JYRRRJ1J76,01M0XEBFZ0825AFF4R333DJ4HK,3,1,1787695938864,TRUE,2026-08-25T22:11:44Z,2026-08-25T22:12:19Z,01M0XEQXMFVE0GRKM8DY7Y5DHN,1787695904810
01M0XF1C928F984JPG6R76X5AF,01M0XEBJH722J4730WC5V8GCA8,2,1,1787696008560,TRUE,2026-08-25T22:12:51Z,2026-08-25T22:13:29Z,01M0XERZFWJEZDBR149P6YH3F1,1787695971024
01M0XF1C928F984JPG6R76X5AF,01M0XEBJH722J4730WC5V8GCA8,2,1,1787696008560,TRUE,2026-08-25T22:12:51Z,2026-08-25T22:13:29Z,01M0XESZDE3CCGRVTP6G18ANBY,1787695971731
01M0XF1MMMV1VPF78P8Y4ADKNE,01M0XEBHFGJ74MNH9PTVJNK0S2,3,1,1787696497841,TRUE,2026-08-25T22:21:12Z,2026-08-25T22:21:37Z,01M0XERNMK293CWHFMH4HQ05K1,1787696472240
01M0XF1MMMV1VPF78P8Y4ADKNE,01M0XEBHFGJ74MNH9PTVJNK0S2,3,1,1787696497841,TRUE,2026-08-25T22:21:12Z,2026-08-25T22:21:37Z,01M0XEREZ46CDWNZWM86P2TTE7,1787696471911
01M0XF1MNVG430DP5AEVQCFAF9,01M0XEBHFGJ74MNH9PTVJNK0S2,9,1,1787696680440,FALSE,2026-08-25T22:24:16Z,2026-08-25T22:24:40Z,01M0XEREZ46CDWNZWM86P2TTE7,1787696656005
01M0XF1MNVG430DP5AEVQCFAF9,01M0XEBHFGJ74MNH9PTVJNK0S2,9,1,1787696680440,FALSE,2026-08-25T22:24:16Z,2026-08-25T22:24:40Z,01M0XERNMK293CWHFMH4HQ05K1,1787696656339
01M0XF3914BXH8P9MNA4Q9RPBK,01M0XEBHF9Z6MD8PTP8NQ2PV26,28,3,1787696501003,TRUE,2026-08-25T22:21:31Z,2026-08-25T22:21:44Z,01M0XESCE3HXZW59M8QA45SWJ1,1787696488861
01M0XF3914BXH8P9MNA4Q9RPBK,01M0XEBHF9Z6MD8PTP8NQ2PV26,28,3,1787696501003,TRUE,2026-08-25T22:21:31Z,2026-08-25T22:21:44Z,01M0XESRDHZJ3M6V0HK46Z1NMP,1787696491969
01M0XFED9402V90ME5FJ08YV1X,01M0XF36KPEANMAA2FHR330CGB,27,3,1787698100186,TRUE,2026-08-25T22:47:32Z,2026-08-25T22:48:20Z,01M0XES7WHX0W3E8PJ1JTK03A6,1787698052062
01M0XFED9402V90ME5FJ08YV1X,01M0XF36KPEANMAA2FHR330CGB,27,3,1787698100186,TRUE,2026-08-25T22:47:32Z,2026-08-25T22:48:20Z,01M0XETGWM5RF9ZVRZXVQJA69R,1787698051863
01M0XF5S9DAGNS8HRNKFF7FRC9,01M0XEP3V3T2RJX1S58T7Z1N3B,32,3,1787697296896,TRUE,2026-08-25T22:34:22Z,2026-08-25T22:34:57Z,01M0XERTSZ0TCDWRGM6GX23TW0,1787697262649
01M0XF5S9DAGNS8HRNKFF7FRC9,01M0XEP3V3T2RJX1S58T7Z1N3B,32,3,1787697296896,TRUE,2026-08-25T22:34:22Z,2026-08-25T22:34:57Z,01M0XEWYY70E7AF4NMGH9FGS3V,1787697262970
01M0XEXFJ3TKEPDRJTT0KKFNVY,01M0XEBFZ0825AFF4R333DJ4HK,9,1,1787696180708,TRUE,2026-08-25T22:15:49Z,2026-08-25T22:16:21Z,01M0XER0XX29HJPEX4FRYGSWYD,1787696149668
01M0XEXFJ3TKEPDRJTT0KKFNVY,01M0XEBFZ0825AFF4R333DJ4HK,9,1,1787696180708,TRUE,2026-08-25T22:15:49Z,2026-08-25T22:16:21Z,01M0XEQXMFVE0GRKM8DY7Y5DHN,1787696149930
01M0XF02X1C7ZX4VWFNAW144G6,01M0XEBFYZ40VDCCZ70PM6EWHK,43,4,1787696588215,TRUE,2026-08-25T22:22:50Z,2026-08-25T22:23:08Z,01M0XERQP1ZQ8ZKRV6F98VE778,1787696570322
01M0XF02X1C7ZX4VWFNAW144G6,01M0XEBFYZ40VDCCZ70PM6EWHK,43,4,1787696588215,TRUE,2026-08-25T22:22:50Z,2026-08-25T22:23:08Z,01M0XEW4XVCD53BQGS5F5TWC4E,1787696570326
01M0XF07CR69PSNSMQEEDRJE21,01M0XEBFYW1G5QWYVD4F1CEJQ3,27,3,1787696641036,TRUE,2026-08-25T22:23:43Z,2026-08-25T22:24:01Z,01M0XEQXM9M74Y1X1MWHARYCDC,1787696623507
01M0XF07CR69PSNSMQEEDRJE21,01M0XEBFYW1G5QWYVD4F1CEJQ3,27,3,1787696641036,TRUE,2026-08-25T22:23:43Z,2026-08-25T22:24:01Z,01M0XER53CMDT435QVPYSPB86P,1787696622880
01M0XF2RYT6D5CY3KWZF8X6HG9,01M0XEBKS0ZEFNX9SMQDQW2PZ4,1,1,1787696583232,FALSE,2026-08-25T22:22:13Z,2026-08-25T22:23:02Z,01M0XER9CN1N4H5AFH0XVE2HCE,1787696568465
01M0XF2RYT6D5CY3KWZF8X6HG9,01M0XEBKS0ZEFNX9SMQDQW2PZ4,1,1,1787696583232,FALSE,2026-08-25T22:22:13Z,2026-08-25T22:23:02Z,01M0XES69GNPHVSPMR1TVP4HAR,1787696534842
01M0XF392J9RCWKVDW41GFKEAW,01M0XEBHF9Z6MD8PTP8NQ2PV26,21,2,1787696352515,TRUE,2026-08-25T22:18:51Z,2026-08-25T22:19:12Z,01M0XESRDHZJ3M6V0HK46Z1NMP,1787696331361
01M0XF392J9RCWKVDW41GFKEAW,01M0XEBHF9Z6MD8PTP8NQ2PV26,21,2,1787696352515,TRUE,2026-08-25T22:18:51Z,2026-08-25T22:19:12Z,01M0XESCE3HXZW59M8QA45SWJ1,1787696328335
01M0XF5J5KFH7FWPTJTFWPK9Q9,01M0XEBJH60M51NVP8EGS7231S,9,1,1787696046307,TRUE,2026-08-25T22:13:41Z,2026-08-25T22:14:06Z,01M0XEQNJ9809PHWDZ742E11VG,1787696022751
01M0XF5J5KFH7FWPTJTFWPK9Q9,01M0XEBJH60M51NVP8EGS7231S,9,1,1787696046307,TRUE,2026-08-25T22:13:41Z,2026-08-25T22:14:06Z,01M0XF1AW05AX3PDCQ9PWGAR99,1787696021669
01M0XF6K2VTKGJ0N4JHJZR65HV,01M0XEBKS2G948HDY26TVYK1X9,17,2,1787696219375,TRUE,2026-08-25T22:16:40Z,2026-08-25T22:17:00Z,01M0XERWA6XTSFFEAXHF1XTBP1,1787696199493
01M0XF6K2VTKGJ0N4JHJZR65HV,01M0XEBKS2G948HDY26TVYK1X9,17,2,1787696219375,TRUE,2026-08-25T22:16:40Z,2026-08-25T22:17:00Z,01M0XEQS1Y61NYBS2B9X56Y7HM,1787696201042
01M0XFQWVZDHFH905XQY84P8KB,01M0XEP3TXK5Z02SVJR2VASG8P,17,2,1787696998690,TRUE,2026-08-25T22:28:58Z,2026-08-25T22:29:58Z,01M0XEX8ATRQ9G1A1T9FCE8VQM,1787696938498
01M0XFQWVZDHFH905XQY84P8KB,01M0XEP3TXK5Z02SVJR2VASG8P,17,2,1787696998690,TRUE,2026-08-25T22:28:58Z,2026-08-25T22:29:58Z,01M0XFGKS364T502MY6BASRSP2,1787696938542
01M0XEXFNVV72Y5FRVA9966K6P,01M0XEBFZ0825AFF4R333DJ4HK,45,4,1787697138389,TRUE,2026-08-25T22:32:03Z,2026-08-25T22:32:18Z,01M0XEQXMFVE0GRKM8DY7Y5DHN,1787697123204
01M0XEXFNVV72Y5FRVA9966K6P,01M0XEBFZ0825AFF4R333DJ4HK,45,4,1787697138389,TRUE,2026-08-25T22:32:03Z,2026-08-25T22:32:18Z,01M0XER0XX29HJPEX4FRYGSWYD,1787697122880
01M0XF02VPQPPMFFY9F7T4FRQW,01M0XEBFYZ40VDCCZ70PM6EWHK,36,4,1787696467074,TRUE,2026-08-25T22:20:59Z,2026-08-25T22:21:07Z,01M0XEW4XVCD53BQGS5F5TWC4E,1787696459310
01M0XF02VPQPPMFFY9F7T4FRQW,01M0XEBFYZ40VDCCZ70PM6EWHK,36,4,1787696467074,TRUE,2026-08-25T22:20:59Z,2026-08-25T22:21:07Z,01M0XERQP1ZQ8ZKRV6F98VE778,1787696459261
01M0XF5J4WF7SKRSHC0FR5WME6,01M0XEBJH60M51NVP8EGS7231S,7,1,1787695997196,FALSE,2026-08-25T22:12:54Z,2026-08-25T22:13:16Z,01M0XF1AW05AX3PDCQ9PWGAR99,1787695974697
01M0XF5J4WF7SKRSHC0FR5WME6,01M0XEBJH60M51NVP8EGS7231S,7,1,1787695997196,FALSE,2026-08-25T22:12:54Z,2026-08-25T22:13:16Z,01M0XEQNJ9809PHWDZ742E11VG,1787695975544
01M0XF1C9BYT5V0G64G9PV5KGN,01M0XEBJH722J4730WC5V8GCA8,3,1,1787696028128,TRUE,2026-08-25T22:13:32Z,2026-08-25T22:13:48Z,01M0XESZDE3CCGRVTP6G18ANBY,1787696012976
01M0XF1C9BYT5V0G64G9PV5KGN,01M0XEBJH722J4730WC5V8GCA8,3,1,1787696028128,TRUE,2026-08-25T22:13:32Z,2026-08-25T22:13:48Z,01M0XERZFWJEZDBR149P6YH3F1,1787696012222
01M0XF1MRVTDVC1H5P03P3VVK4,01M0XEBHFGJ74MNH9PTVJNK0S2,30,3,1787697186014,TRUE,2026-08-25T22:32:43Z,2026-08-25T22:33:06Z,01M0XERNMK293CWHFMH4HQ05K1,1787697163593
01M0XF1MRVTDVC1H5P03P3VVK4,01M0XEBHFGJ74MNH9PTVJNK0S2,30,3,1787697186014,TRUE,2026-08-25T22:32:43Z,2026-08-25T22:33:06Z,01M0XEREZ46CDWNZWM86P2TTE7,1787697163249
01M0XF5JAWRVE7WPXNPS9K5KYS,01M0XEBJH60M51NVP8EGS7231S,40,4,1787696660251,TRUE,2026-08-25T22:24:11Z,2026-08-25T22:24:19Z,01M0XF1AW05AX3PDCQ9PWGAR99,1787696651737
01M0XF5JAWRVE7WPXNPS9K5KYS,01M0XEBJH60M51NVP8EGS7231S,40,4,1787696660251,TRUE,2026-08-25T22:24:11Z,2026-08-25T22:24:19Z,01M0XEQNJ9809PHWDZ742E11VG,1787696652657
01M0XFED4FGP5X1WD5H8K4QMXH,01M0XF36KPEANMAA2FHR330CGB,38,4,1787698333269,TRUE,2026-08-25T22:51:58Z,2026-08-25T22:52:14Z,01M0XES7WHX0W3E8PJ1JTK03A6,1787698318591
01M0XFED4FGP5X1WD5H8K4QMXH,01M0XF36KPEANMAA2FHR330CGB,38,4,1787698333269,TRUE,2026-08-25T22:51:58Z,2026-08-25T22:52:14Z,01M0XETGWM5RF9ZVRZXVQJA69R,1787698318504
01M0XF2S0DXGA9RATYRNNTXZGR,01M0XEBKS0ZEFNX9SMQDQW2PZ4,9,1,1787696953652,FALSE,2026-08-25T22:28:16Z,2026-08-25T22:29:12Z,01M0XER9CN1N4H5AFH0XVE2HCE,1787696931375
01M0XF2S0DXGA9RATYRNNTXZGR,01M0XEBKS0ZEFNX9SMQDQW2PZ4,9,1,1787696953652,FALSE,2026-08-25T22:28:16Z,2026-08-25T22:29:12Z,01M0XES69GNPHVSPMR1TVP4HAR,1787696897783
01M0XF5J6Z0V9HT5M65Z4J1QS5,01M0XEBJH60M51NVP8EGS7231S,16,2,1787696263123,TRUE,2026-08-25T22:17:25Z,2026-08-25T22:17:42Z,01M0XF1AW05AX3PDCQ9PWGAR99,1787696245929
01M0XF5J6Z0V9HT5M65Z4J1QS5,01M0XEBJH60M51NVP8EGS7231S,16,2,1787696263123,TRUE,2026-08-25T22:17:25Z,2026-08-25T22:17:42Z,01M0XEQNJ9809PHWDZ742E11VG,1787696246825
01M0XF6JXEC4EH2TQM0PGVYK6F,01M0XEBKS2G948HDY26TVYK1X9,3,1,1787695826823,TRUE,2026-08-25T22:09:57Z,2026-08-25T22:10:27Z,01M0XERWA6XTSFFEAXHF1XTBP1,1787695796352
01M0XF6JXEC4EH2TQM0PGVYK6F,01M0XEBKS2G948HDY26TVYK1X9,3,1,1787695826823,TRUE,2026-08-25T22:09:57Z,2026-08-25T22:10:27Z,01M0XEQS1Y61NYBS2B9X56Y7HM,1787695797954
01M0XEYNW8BVT42R0WFB6CNGV3,01M0XEBHFAZN8J8K9QJ4PMADCV,9,1,1787696866765,TRUE,2026-08-25T22:26:51Z,2026-08-25T22:27:50Z,01M0XES5Y1NQT19B2QBEJ1SE2V,1787696809375
01M0XEYNW8BVT42R0WFB6CNGV3,01M0XEBHFAZN8J8K9QJ4PMADCV,9,1,1787696866765,TRUE,2026-08-25T22:26:51Z,2026-08-25T22:27:50Z,01M0XEREB3GCTAQVXHQ8WY91H4,1787696812280
01M0XF1CC516HHHS1Y0Q4XQG6D,01M0XEBJH722J4730WC5V8GCA8,40,4,NA,NA,NA,2026-08-25T22:00:48Z,NA,NA
01M0XF5S5TTQHS3W5DVWDQSSF7,01M0XEP3V3T2RJX1S58T7Z1N3B,16,2,1787696771826,TRUE,2026-08-25T22:25:50Z,2026-08-25T22:26:12Z,01M0XEWYY70E7AF4NMGH9FGS3V,1787696750704
01M0XF5S5TTQHS3W5DVWDQSSF7,01M0XEP3V3T2RJX1S58T7Z1N3B,16,2,1787696771826,TRUE,2026-08-25T22:25:50Z,2026-08-25T22:26:12Z,01M0XERTSZ0TCDWRGM6GX23TW0,1787696750328
01M0XFQX4383STXKNN7358ETHD,01M0XEP3TXK5Z02SVJR2VASG8P,32,3,1787697446938,TRUE,2026-08-25T22:37:13Z,2026-08-25T22:37:28Z,01M0XEX8ATRQ9G1A1T9FCE8VQM,1787697438037
01M0XFQX4383STXKNN7358ETHD,01M0XEP3TXK5Z02SVJR2VASG8P,32,3,1787697446938,TRUE,2026-08-25T22:37:13Z,2026-08-25T22:37:28Z,01M0XFGKS364T502MY6BASRSP2,1787697433635
01M0XF391DEC0GSC7DK7VR44A2,01M0XEBHF9Z6MD8PTP8NQ2PV26,13,2,1787696130545,TRUE,2026-08-25T22:15:12Z,2026-08-25T22:15:30Z,01M0XESCE3HXZW59M8QA45SWJ1,1787696109381
01M0XF391DEC0GSC7DK7VR44A2,01M0XEBHF9Z6MD8PTP8NQ2PV26,13,2,1787696130545,TRUE,2026-08-25T22:15:12Z,2026-08-25T22:15:30Z,01M0XESRDHZJ3M6V0HK46Z1NMP,1787696112796
01M0XF7M8MX344EECP5KAXYB5D,01M0XEBKS0ZEFNX9SMQQNF9DE2,5,1,NA,NA,NA,2026-08-25T22:04:12Z,NA,NA
01M0XFCCKX02XJT4RMTMQF8650,01M0XEP3TSE5MTCHYTC004C3XD,24,3,1787697434091,TRUE,2026-08-25T22:36:52Z,2026-08-25T22:37:14Z,01M0XEY6K6WQC3AV5JQQ7N3PQV,1785655810214
01M0XFCCKX02XJT4RMTMQF8650,01M0XEP3TSE5MTCHYTC004C3XD,24,3,1787697434091,TRUE,2026-08-25T22:36:52Z,2026-08-25T22:37:14Z,01M0XETPA4APE5RG3CX52WNZAV,1787697412103
01M0XF1C6EDR4N27SQ8YBFVQT9,01M0XEBJH722J4730WC5V8GCA8,1,1,1787695968139,TRUE,2026-08-25T22:12:27Z,2026-08-25T22:12:48Z,01M0XERZFWJEZDBR149P6YH3F1,1787695946992
01M0XF1C6EDR4N27SQ8YBFVQT9,01M0XEBJH722J4730WC5V8GCA8,1,1,1787695968139,TRUE,2026-08-25T22:12:27Z,2026-08-25T22:12:48Z,01M0XESZDE3CCGRVTP6G18ANBY,1787695947779
01M0XF5J8G29HHX01AZ0MMD5R4,01M0XEBJH60M51NVP8EGS7231S,25,3,1787696451060,TRUE,2026-08-25T22:20:39Z,2026-08-25T22:20:51Z,01M0XEQNJ9809PHWDZ742E11VG,1787696440581
01M0XF5J8G29HHX01AZ0MMD5R4,01M0XEBJH60M51NVP8EGS7231S,25,3,1787696451060,TRUE,2026-08-25T22:20:39Z,2026-08-25T22:20:51Z,01M0XF1AW05AX3PDCQ9PWGAR99,1787696439580
01M0XF6K4R0CCES15PW646KBTK,01M0XEBKS2G948HDY26TVYK1X9,13,2,1787696105479,TRUE,2026-08-25T22:14:55Z,2026-08-25T22:15:06Z,01M0XERWA6XTSFFEAXHF1XTBP1,1787696094535
01M0XF6K4R0CCES15PW646KBTK,01M0XEBKS2G948HDY26TVYK1X9,13,2,1787696105479,TRUE,2026-08-25T22:14:55Z,2026-08-25T22:15:06Z,01M0XEQS1Y61NYBS2B9X56Y7HM,1787696096109
01M0XF5J445MR6FX8PW9SY1ZJF,01M0XEBJH60M51NVP8EGS7231S,2,1,1787695859807,TRUE,2026-08-25T22:10:42Z,2026-08-25T22:10:59Z,01M0XEQNJ9809PHWDZ742E11VG,1787695844086
01M0XF5J445MR6FX8PW9SY1ZJF,01M0XEBJH60M51NVP8EGS7231S,2,1,1787695859807,TRUE,2026-08-25T22:10:42Z,2026-08-25T22:10:59Z,01M0XF1AW05AX3PDCQ9PWGAR99,1787695843217
01M0XF75565WMTNVCVJK7XB7KN,01M0XEBJH4G5D0NKPXZ6BYKGS7,3,1,1787696340762,TRUE,2026-08-25T22:18:22Z,2026-08-25T22:19:01Z,01M0XER6FPF3N9GKNC8JSYE9M7,1787696303072
01M0XF75565WMTNVCVJK7XB7KN,01M0XEBJH4G5D0NKPXZ6BYKGS7,3,1,1787696340762,TRUE,2026-08-25T22:18:22Z,2026-08-25T22:19:01Z,01M0XERQ8TV5N8Y3NVYKQG5TNE,1787696301735
01M0XFCD589T05EXSY8CVTN6D0,01M0XEP3TSE5MTCHYTC004C3XD,25,3,1785655843928,TRUE,2026-08-25T22:37:17Z,2026-08-25T22:37:26Z,01M0XETPA4APE5RG3CX52WNZAV,1787697437827
01M0XFCD589T05EXSY8CVTN6D0,01M0XEP3TSE5MTCHYTC004C3XD,25,3,1785655843928,TRUE,2026-08-25T22:37:17Z,2026-08-25T22:37:26Z,01M0XEY6K6WQC3AV5JQQ7N3PQV,1785655835914
01M0XF07A7MQV7N0DGQ9E9T25A,01M0XEBFYW1G5QWYVD4F1CEJQ3,46,4,1787696921266,TRUE,2026-08-25T22:28:32Z,2026-08-25T22:28:41Z,01M0XER53CMDT435QVPYSPB86P,1787696911864
01M0XF07A7MQV7N0DGQ9E9T25A,01M0XEBFYW1G5QWYVD4F1CEJQ3,46,4,1787696921266,TRUE,2026-08-25T22:28:32Z,2026-08-25T22:28:41Z,01M0XEQXM9M74Y1X1MWHARYCDC,1787696912519
01M0XF1MN04CAGK8CDJ215EBRZ,01M0XEBHFGJ74MNH9PTVJNK0S2,4,1,1787696540391,FALSE,2026-08-25T22:21:41Z,2026-08-25T22:22:21Z,01M0XERNMK293CWHFMH4HQ05K1,1787696501325
01M0XF1MN04CAGK8CDJ215EBRZ,01M0XEBHFGJ74MNH9PTVJNK0S2,4,1,1787696540391,FALSE,2026-08-25T22:21:41Z,2026-08-25T22:22:21Z,01M0XEREZ46CDWNZWM86P2TTE7,1787696501008
01M0XF1MM8GQDWM0BX1ADEQ1QF,01M0XEBHFGJ74MNH9PTVJNK0S2,2,1,1787696468266,TRUE,2026-08-25T22:20:31Z,2026-08-25T22:21:08Z,01M0XERNMK293CWHFMH4HQ05K1,1787696432020
01M0XF1MM8GQDWM0BX1ADEQ1QF,01M0XEBHFGJ74MNH9PTVJNK0S2,2,1,1787696468266,TRUE,2026-08-25T22:20:31Z,2026-08-25T22:21:08Z,01M0XEREZ46CDWNZWM86P2TTE7,1787696431710
01M0XF7M5T8ATTK4VHP00PJFKE,01M0XEBKS0ZEFNX9SMQQNF9DE2,19,2,NA,NA,NA,2026-08-25T22:04:13Z,NA,NA
01M0XFQX0A9K78Z39ECZC3Q4WG,01M0XEP3TXK5Z02SVJR2VASG8P,23,2,1787697213325,TRUE,2026-08-25T22:32:36Z,2026-08-25T22:33:33Z,01M0XEX8ATRQ9G1A1T9FCE8VQM,1787697158182
01M0XFQX0A9K78Z39ECZC3Q4WG,01M0XEP3TXK5Z02SVJR2VASG8P,23,2,1787697213325,TRUE,2026-08-25T22:32:36Z,2026-08-25T22:33:33Z,01M0XFGKS364T502MY6BASRSP2,1787697156513
01M0XF07BBSPRXX3WYXG7RDVQ1,01M0XEBFYW1G5QWYVD4F1CEJQ3,41,4,1787696844821,TRUE,2026-08-25T22:27:16Z,2026-08-25T22:27:25Z,01M0XEQXM9M74Y1X1MWHARYCDC,1787696836732
01M0XF07BBSPRXX3WYXG7RDVQ1,01M0XEBFYW1G5QWYVD4F1CEJQ3,41,4,1787696844821,TRUE,2026-08-25T22:27:16Z,2026-08-25T22:27:25Z,01M0XER53CMDT435QVPYSPB86P,1787696836016
01M0XF6K19SE13TVTCW6A62260,01M0XEBKS2G948HDY26TVYK1X9,22,2,1787696374509,TRUE,2026-08-25T22:19:08Z,2026-08-25T22:19:33Z,01M0XERWA6XTSFFEAXHF1XTBP1,1787696348157
01M0XF6K19SE13TVTCW6A62260,01M0XEBKS2G948HDY26TVYK1X9,22,2,1787696374509,TRUE,2026-08-25T22:19:08Z,2026-08-25T22:19:33Z,01M0XEQS1Y61NYBS2B9X56Y7HM,1787696349678
01M0XF75D8EGSKDMJXA9HFKWEX,01M0XEBJH4G5D0NKPXZ6BYKGS7,45,4,1787697349190,TRUE,2026-08-25T22:35:33Z,2026-08-25T22:35:50Z,01M0XER6FPF3N9GKNC8JSYE9M7,1787697334141
01M0XF75D8EGSKDMJXA9HFKWEX,01M0XEBJH4G5D0NKPXZ6BYKGS7,45,4,1787697349190,TRUE,2026-08-25T22:35:33Z,2026-08-25T22:35:50Z,01M0XERQ8TV5N8Y3NVYKQG5TNE,1787697332785
01M0XF07DQ808FYF24KE6QEGSA,01M0XEBFYW1G5QWYVD4F1CEJQ3,17,2,1787696443900,TRUE,2026-08-25T22:20:30Z,2026-08-25T22:20:44Z,01M0XER53CMDT435QVPYSPB86P,1787696430297
01M0XF07DQ808FYF24KE6QEGSA,01M0XEBFYW1G5QWYVD4F1CEJQ3,17,2,1787696443900,TRUE,2026-08-25T22:20:30Z,2026-08-25T22:20:44Z,01M0XEQXM9M74Y1X1MWHARYCDC,1787696430917
01M0XF5S4PQMSGM3F8T1BJ3J9W,01M0XEP3V3T2RJX1S58T7Z1N3B,21,2,1787696952580,TRUE,2026-08-25T22:28:45Z,2026-08-25T22:29:12Z,01M0XERTSZ0TCDWRGM6GX23TW0,1787696925266
01M0XF5S4PQMSGM3F8T1BJ3J9W,01M0XEP3V3T2RJX1S58T7Z1N3B,21,2,1787696952580,TRUE,2026-08-25T22:28:45Z,2026-08-25T22:29:12Z,01M0XEWYY70E7AF4NMGH9FGS3V,1787696925618
01M0XF1CB5ZDC676CN6HXK48H4,01M0XEBJH722J4730WC5V8GCA8,10,1,1787696299679,TRUE,2026-08-25T22:17:43Z,2026-08-25T22:18:20Z,01M0XESZDE3CCGRVTP6G18ANBY,1787696263877
01M0XF1CB5ZDC676CN6HXK48H4,01M0XEBJH722J4730WC5V8GCA8,10,1,1787696299679,TRUE,2026-08-25T22:17:43Z,2026-08-25T22:18:20Z,01M0XERZFWJEZDBR149P6YH3F1,1787696263096
01M0XFQX5NY8G1EZQPHAPFAPZT,01M0XEP3TXK5Z02SVJR2VASG8P,36,4,1787697578973,TRUE,2026-08-25T22:39:28Z,2026-08-25T22:39:40Z,01M0XEX8ATRQ9G1A1T9FCE8VQM,1787697567943
01M0XFQX5NY8G1EZQPHAPFAPZT,01M0XEP3TXK5Z02SVJR2VASG8P,36,4,1787697578973,TRUE,2026-08-25T22:39:28Z,2026-08-25T22:39:40Z,01M0XFGKS364T502MY6BASRSP2,1787697568799
01M0XFQX8SVHRJJJZJAPY8C60S,01M0XEP3TXK5Z02SVJR2VASG8P,46,4,1787697811561,TRUE,2026-08-25T22:43:22Z,2026-08-25T22:43:32Z,01M0XEX8ATRQ9G1A1T9FCE8VQM,1787697802022
01M0XFQX8SVHRJJJZJAPY8C60S,01M0XEP3TXK5Z02SVJR2VASG8P,46,4,1787697811561,TRUE,2026-08-25T22:43:22Z,2026-08-25T22:43:32Z,01M0XFGKS364T502MY6BASRSP2,1787697802565
01M0XF02WQ4GBC5R6C5TG0SRS7,01M0XEBFYZ40VDCCZ70PM6EWHK,32,3,1787696387984,TRUE,2026-08-25T22:19:15Z,2026-08-25T22:19:48Z,01M0XEW4XVCD53BQGS5F5TWC4E,1787696355344
01M0XF02WQ4GBC5R6C5TG0SRS7,01M0XEBFYZ40VDCCZ70PM6EWHK,32,3,1787696387984,TRUE,2026-08-25T22:19:15Z,2026-08-25T22:19:48Z,01M0XERQP1ZQ8ZKRV6F98VE778,1787696355335
01M0XF07B80KW0HQGJNNE18HN5,01M0XEBFYW1G5QWYVD4F1CEJQ3,8,1,1787696201544,TRUE,2026-08-25T22:16:30Z,2026-08-25T22:16:41Z,01M0XEQXM9M74Y1X1MWHARYCDC,1787696191357
01M0XF07B80KW0HQGJNNE18HN5,01M0XEBFYW1G5QWYVD4F1CEJQ3,8,1,1787696201544,TRUE,2026-08-25T22:16:30Z,2026-08-25T22:16:41Z,01M0XER53CMDT435QVPYSPB86P,1787696190543
01M0XF2S5767F8GQGJWQWBMD0M,01M0XEBKS0ZEFNX9SMQDQW2PZ4,44,4,1787698477501,TRUE,2026-08-25T22:53:22Z,2026-08-25T22:54:03Z,01M0XER9CN1N4H5AFH0XVE2HCE,1787698437161
01M0XF2S5767F8GQGJWQWBMD0M,01M0XEBKS0ZEFNX9SMQDQW2PZ4,44,4,1787698477501,TRUE,2026-08-25T22:53:22Z,2026-08-25T22:54:03Z,01M0XES69GNPHVSPMR1TVP4HAR,1787698403606
01M0XF6K7MBY6V1ZD57NNY5GTQ,01M0XEBKS2G948HDY26TVYK1X9,41,4,1787696792895,TRUE,2026-08-25T22:25:56Z,2026-08-25T22:26:33Z,01M0XEQS1Y61NYBS2B9X56Y7HM,1787696757083
01M0XF6K7MBY6V1ZD57NNY5GTQ,01M0XEBKS2G948HDY26TVYK1X9,41,4,1787696792895,TRUE,2026-08-25T22:25:56Z,2026-08-25T22:26:33Z,01M0XERWA6XTSFFEAXHF1XTBP1,1787696755625
01M0XF5S79CC4D399WH0GNF58P,01M0XEP3V3T2RJX1S58T7Z1N3B,4,1,1787696340965,TRUE,2026-08-25T22:18:24Z,2026-08-25T22:19:01Z,01M0XERTSZ0TCDWRGM6GX23TW0,1787696304392
01M0XF5S79CC4D399WH0GNF58P,01M0XEP3V3T2RJX1S58T7Z1N3B,4,1,1787696340965,TRUE,2026-08-25T22:18:24Z,2026-08-25T22:19:01Z,01M0XEWYY70E7AF4NMGH9FGS3V,1787696304816
01M0XF1C85E1KV918G3R1WW0K7,01M0XEBJH722J4730WC5V8GCA8,28,3,1787696906285,TRUE,2026-08-25T22:27:57Z,2026-08-25T22:28:27Z,01M0XERZFWJEZDBR149P6YH3F1,1787696877027
01M0XF1C85E1KV918G3R1WW0K7,01M0XEBJH722J4730WC5V8GCA8,28,3,1787696906285,TRUE,2026-08-25T22:27:57Z,2026-08-25T22:28:27Z,01M0XESZDE3CCGRVTP6G18ANBY,1787696877783
01M0XFED6CR7DZC41A4DASPVGK,01M0XF36KPEANMAA2FHR330CGB,33,3,1787698242093,TRUE,2026-08-25T22:50:29Z,2026-08-25T22:50:42Z,01M0XES7WHX0W3E8PJ1JTK03A6,1787698229545
01M0XFED6CR7DZC41A4DASPVGK,01M0XF36KPEANMAA2FHR330CGB,33,3,1787698242093,TRUE,2026-08-25T22:50:29Z,2026-08-25T22:50:42Z,01M0XETGWM5RF9ZVRZXVQJA69R,1787698229466
01M0XFEDBK84PZ389F7W6XWDS9,01M0XF36KPEANMAA2FHR330CGB,22,2,1787697936946,TRUE,2026-08-25T22:45:02Z,2026-08-25T22:45:37Z,01M0XES7WHX0W3E8PJ1JTK03A6,1787697902555
01M0XFEDBK84PZ389F7W6XWDS9,01M0XF36KPEANMAA2FHR330CGB,22,2,1787697936946,TRUE,2026-08-25T22:45:02Z,2026-08-25T22:45:37Z,01M0XETGWM5RF9ZVRZXVQJA69R,1787697902468
01M0XF6JY8N5WXQJY3YR3170X1,01M0XEBKS2G948HDY26TVYK1X9,47,4,1787696905367,FALSE,2026-08-25T22:28:16Z,2026-08-25T22:28:26Z,01M0XERWA6XTSFFEAXHF1XTBP1,1787696895173
01M0XF6JY8N5WXQJY3YR3170X1,01M0XEBKS2G948HDY26TVYK1X9,47,4,1787696905367,FALSE,2026-08-25T22:28:16Z,2026-08-25T22:28:26Z,01M0XEQS1Y61NYBS2B9X56Y7HM,1787696896618
01M0XF756CMHP6ZG50CYR4XRJ2,01M0XEBJH4G5D0NKPXZ6BYKGS7,9,1,1787696601374,FALSE,2026-08-25T22:22:36Z,2026-08-25T22:23:22Z,01M0XERQ8TV5N8Y3NVYKQG5TNE,1787696555761
01M0XF756CMHP6ZG50CYR4XRJ2,01M0XEBJH4G5D0NKPXZ6BYKGS7,9,1,1787696601374,FALSE,2026-08-25T22:22:36Z,2026-08-25T22:23:22Z,01M0XER6FPF3N9GKNC8JSYE9M7,1787696557077
01M0XF758N3M245FASXA965734,01M0XEBJH4G5D0NKPXZ6BYKGS7,21,2,1787696858051,TRUE,2026-08-25T22:27:15Z,2026-08-25T22:27:39Z,01M0XERQ8TV5N8Y3NVYKQG5TNE,1787696834336
01M0XF758N3M245FASXA965734,01M0XEBJH4G5D0NKPXZ6BYKGS7,21,2,1787696858051,TRUE,2026-08-25T22:27:15Z,2026-08-25T22:27:39Z,01M0XER6FPF3N9GKNC8JSYE9M7,1787696835627
01M0XEYNX4VKADAT40ZRVCAWPZ,01M0XEBHFAZN8J8K9QJ4PMADCV,23,2,1787697555752,FALSE,2026-08-25T22:38:34Z,2026-08-25T22:39:19Z,01M0XEREB3GCTAQVXHQ8WY91H4,1787697515243
01M0XEYNX4VKADAT40ZRVCAWPZ,01M0XEBHFAZN8J8K9QJ4PMADCV,23,2,1787697555752,FALSE,2026-08-25T22:38:34Z,2026-08-25T22:39:19Z,01M0XES5Y1NQT19B2QBEJ1SE2V,1787697511628
01M0XF07DD7WE31MD37VBVH8GY,01M0XEBFYW1G5QWYVD4F1CEJQ3,20,2,1787696497222,TRUE,2026-08-25T22:21:28Z,2026-08-25T22:21:37Z,01M0XEQXM9M74Y1X1MWHARYCDC,1787696488449
01M0XF07DD7WE31MD37VBVH8GY,01M0XEBFYW1G5QWYVD4F1CEJQ3,20,2,1787696497222,TRUE,2026-08-25T22:21:28Z,2026-08-25T22:21:37Z,01M0XER53CMDT435QVPYSPB86P,1787696487833
01M0XEYNZ92YES2F4W491B0ME6,01M0XEBHFAZN8J8K9QJ4PMADCV,45,4,1787698399963,TRUE,2026-08-25T22:52:51Z,2026-08-25T22:53:23Z,01M0XES5Y1NQT19B2QBEJ1SE2V,1787698367952
01M0XEYNZ92YES2F4W491B0ME6,01M0XEBHFAZN8J8K9QJ4PMADCV,45,4,1787698399963,TRUE,2026-08-25T22:52:51Z,2026-08-25T22:53:23Z,01M0XEREB3GCTAQVXHQ8WY91H4,1787698371600
01M0XF7M7FRN16N3FZSMCQBMWE,01M0XEBKS0ZEFNX9SMQQNF9DE2,11,1,NA,NA,NA,2026-08-25T22:04:13Z,NA,NA
01M0XEXFSD6FQ7TKS8CH1EN90A,01M0XEBFZ0825AFF4R333DJ4HK,34,3,1787696905797,TRUE,2026-08-25T22:28:02Z,2026-08-25T22:28:25Z,01M0XER0XX29HJPEX4FRYGSWYD,1787696882025
01M0XEXFSD6FQ7TKS8CH1EN90A,01M0XEBFZ0825AFF4R333DJ4HK,34,3,1787696905797,TRUE,2026-08-25T22:28:02Z,2026-08-25T22:28:25Z,01M0XEQXMFVE0GRKM8DY7Y5DHN,1787696882339
01M0XEYNWA3MJSV98G37WKJZ7P,01M0XEBHFAZN8J8K9QJ4PMADCV,10,1,NA,FALSE,2026-08-25T22:27:54Z,2026-08-25T22:28:54Z,01M0XES5Y1NQT19B2QBEJ1SE2V,1787696871034
01M0XEYNWA3MJSV98G37WKJZ7P,01M0XEBHFAZN8J8K9QJ4PMADCV,10,1,NA,FALSE,2026-08-25T22:27:54Z,2026-08-25T22:28:54Z,01M0XEREB3GCTAQVXHQ8WY91H4,1787696874580
01M0XF758FTJA24X93M964AD0D,01M0XEBJH4G5D0NKPXZ6BYKGS7,20,2,1787696831906,FALSE,2026-08-25T22:26:52Z,2026-08-25T22:27:11Z,01M0XERQ8TV5N8Y3NVYKQG5TNE,1787696811054
01M0XF758FTJA24X93M964AD0D,01M0XEBJH4G5D0NKPXZ6BYKGS7,20,2,1787696831906,FALSE,2026-08-25T22:26:52Z,2026-08-25T22:27:11Z,01M0XER6FPF3N9GKNC8JSYE9M7,1787696812318
01M0XEYNVBPXJF9HW5QYVSYG7J,01M0XEBHFAZN8J8K9QJ4PMADCV,2,1,1787696470977,TRUE,2026-08-25T22:20:11Z,2026-08-25T22:21:10Z,01M0XEREB3GCTAQVXHQ8WY91H4,1787696411851
01M0XEYNVBPXJF9HW5QYVSYG7J,01M0XEBHFAZN8J8K9QJ4PMADCV,2,1,1787696470977,TRUE,2026-08-25T22:20:11Z,2026-08-25T22:21:10Z,01M0XES5Y1NQT19B2QBEJ1SE2V,1787696408103
01M0XF02WZYAT537K4QXRZ5QND,01M0XEBFYZ40VDCCZ70PM6EWHK,31,3,1787696351832,TRUE,2026-08-25T22:19:01Z,2026-08-25T22:19:11Z,01M0XEW4XVCD53BQGS5F5TWC4E,1787696341623
01M0XF02WZYAT537K4QXRZ5QND,01M0XEBFYZ40VDCCZ70PM6EWHK,31,3,1787696351832,TRUE,2026-08-25T22:19:01Z,2026-08-25T22:19:11Z,01M0XERQP1ZQ8ZKRV6F98VE778,1787696341616
01M0XF6KA719AP6YH4K1F7BXWA,01M0XEBKS2G948HDY26TVYK1X9,36,4,1787696671605,TRUE,2026-08-25T22:24:19Z,2026-08-25T22:24:31Z,01M0XERWA6XTSFFEAXHF1XTBP1,1787696658487
01M0XF6KA719AP6YH4K1F7BXWA,01M0XEBKS2G948HDY26TVYK1X9,36,4,1787696671605,TRUE,2026-08-25T22:24:19Z,2026-08-25T22:24:31Z,01M0XEQS1Y61NYBS2B9X56Y7HM,1787696659964
01M0XEYNXBN7EDJ90D251CSQ0K,01M0XEBHFAZN8J8K9QJ4PMADCV,26,3,1787697655628,TRUE,2026-08-25T22:40:29Z,2026-08-25T22:40:55Z,01M0XEREB3GCTAQVXHQ8WY91H4,1787697629743
01M0XEYNXBN7EDJ90D251CSQ0K,01M0XEBHFAZN8J8K9QJ4PMADCV,26,3,1787697655628,TRUE,2026-08-25T22:40:29Z,2026-08-25T22:40:55Z,01M0XES5Y1NQT19B2QBEJ1SE2V,1787697626122
01M0XF02VA7DX6TVAPQH8DACR4,01M0XEBFYZ40VDCCZ70PM6EWHK,26,3,1787696258356,TRUE,2026-08-25T22:17:22Z,2026-08-25T22:17:38Z,01M0XERQP1ZQ8ZKRV6F98VE778,1787696242891
01M0XF02VA7DX6TVAPQH8DACR4,01M0XEBFYZ40VDCCZ70PM6EWHK,26,3,1787696258356,TRUE,2026-08-25T22:17:22Z,2026-08-25T22:17:38Z,01M0XEW4XVCD53BQGS5F5TWC4E,1787696242939
01M0XF392CQK08EFKX9NSR0HB2,01M0XEBHF9Z6MD8PTP8NQ2PV26,20,2,1787696324313,TRUE,2026-08-25T22:18:18Z,2026-08-25T22:18:47Z,01M0XESRDHZJ3M6V0HK46Z1NMP,1787696298823
01M0XF392CQK08EFKX9NSR0HB2,01M0XEBHF9Z6MD8PTP8NQ2PV26,20,2,1787696324313,TRUE,2026-08-25T22:18:18Z,2026-08-25T22:18:47Z,01M0XESCE3HXZW59M8QA45SWJ1,1787696295804
01M0XF7KXKJECX69WMRQY2CCJY,01M0XEBKS0ZEFNX9SMQQNF9DE2,27,3,NA,NA,NA,2026-08-25T22:04:13Z,NA,NA
01M0XF1CBZ63E9XA8DDSDMY74M,01M0XEBJH722J4730WC5V8GCA8,17,2,1787696537343,TRUE,2026-08-25T22:21:46Z,2026-08-25T22:22:17Z,01M0XESZDE3CCGRVTP6G18ANBY,1787696506687
01M0XF1CBZ63E9XA8DDSDMY74M,01M0XEBJH722J4730WC5V8GCA8,17,2,1787696537343,TRUE,2026-08-25T22:21:46Z,2026-08-25T22:22:17Z,01M0XERZFWJEZDBR149P6YH3F1,1787696506085
01M0XF1CAY2SD8QEK1RN2AGDT1,01M0XEBJH722J4730WC5V8GCA8,8,1,1787696204260,TRUE,2026-08-25T22:16:13Z,2026-08-25T22:16:45Z,01M0XESZDE3CCGRVTP6G18ANBY,1787696173257
01M0XF1CAY2SD8QEK1RN2AGDT1,01M0XEBJH722J4730WC5V8GCA8,8,1,1787696204260,TRUE,2026-08-25T22:16:13Z,2026-08-25T22:16:45Z,01M0XERZFWJEZDBR149P6YH3F1,1787696172476
01M0XFCD02G52MZ184ARA37YEX,01M0XEP3TSE5MTCHYTC004C3XD,7,1,NA,FALSE,2026-08-25T22:24:11Z,2026-08-25T22:25:11Z,01M0XETPA4APE5RG3CX52WNZAV,1787696651111
01M0XFCD02G52MZ184ARA37YEX,01M0XEP3TSE5MTCHYTC004C3XD,7,1,NA,FALSE,2026-08-25T22:24:11Z,2026-08-25T22:25:11Z,01M0XEY6K6WQC3AV5JQQ7N3PQV,1785655049354
01M0XFQWRWGV4JS8KYJAXCD1PC,01M0XEP3TXK5Z02SVJR2VASG8P,11,1,1787696801362,FALSE,2026-08-25T22:25:42Z,2026-08-25T22:26:41Z,01M0XFGKS364T502MY6BASRSP2,1787696743149
01M0XFQWRWGV4JS8KYJAXCD1PC,01M0XEP3TXK5Z02SVJR2VASG8P,11,1,1787696801362,FALSE,2026-08-25T22:25:42Z,2026-08-25T22:26:41Z,01M0XEX8ATRQ9G1A1T9FCE8VQM,1787696743795
01M0XF3937HZJ77RBNK8BGR4Q6,01M0XEBHF9Z6MD8PTP8NQ2PV26,31,3,1787696558872,TRUE,2026-08-25T22:22:23Z,2026-08-25T22:22:38Z,01M0XESRDHZJ3M6V0HK46Z1NMP,1787696543976
01M0XF3937HZJ77RBNK8BGR4Q6,01M0XEBHF9Z6MD8PTP8NQ2PV26,31,3,1787696558872,TRUE,2026-08-25T22:22:23Z,2026-08-25T22:22:38Z,01M0XESCE3HXZW59M8QA45SWJ1,1787696541387
01M0XF395G9QJ2WH0BPM3K9MSM,01M0XEBHF9Z6MD8PTP8NQ2PV26,1,1,1787695701579,TRUE,2026-08-25T22:07:41Z,2026-08-25T22:08:21Z,01M0XESCE3HXZW59M8QA45SWJ1,1787695658738
01M0XF395G9QJ2WH0BPM3K9MSM,01M0XEBHF9Z6MD8PTP8NQ2PV26,1,1,1787695701579,TRUE,2026-08-25T22:07:41Z,2026-08-25T22:08:21Z,01M0XESRDHZJ3M6V0HK46Z1NMP,1787695661904
01M0XEXFQ3B8EQ34TQCC7NYGWA,01M0XEBFZ0825AFF4R333DJ4HK,18,2,1787696470380,TRUE,2026-08-25T22:20:38Z,2026-08-25T22:21:10Z,01M0XEQXMFVE0GRKM8DY7Y5DHN,1787696438418
01M0XEXFQ3B8EQ34TQCC7NYGWA,01M0XEBFZ0825AFF4R333DJ4HK,18,2,1787696470380,TRUE,2026-08-25T22:20:38Z,2026-08-25T22:21:10Z,01M0XER0XX29HJPEX4FRYGSWYD,1787696438137
01M0XF2S50AA8P2RCJSJ9K0MKP,01M0XEBKS0ZEFNX9SMQDQW2PZ4,42,4,1787698386335,TRUE,2026-08-25T22:52:04Z,2026-08-25T22:52:31Z,01M0XER9CN1N4H5AFH0XVE2HCE,1787698358775
01M0XF2S50AA8P2RCJSJ9K0MKP,01M0XEBKS0ZEFNX9SMQDQW2PZ4,42,4,1787698386335,TRUE,2026-08-25T22:52:04Z,2026-08-25T22:52:31Z,01M0XES69GNPHVSPMR1TVP4HAR,1787698325219
01M0XFEDGWH2YN7EMYBKQA44HF,01M0XF36KPEANMAA2FHR330CGB,15,2,1787697726410,TRUE,2026-08-25T22:41:38Z,2026-08-25T22:42:06Z,01M0XETGWM5RF9ZVRZXVQJA69R,1787697698528
01M0XFEDGWH2YN7EMYBKQA44HF,01M0XF36KPEANMAA2FHR330CGB,15,2,1787697726410,TRUE,2026-08-25T22:41:38Z,2026-08-25T22:42:06Z,01M0XES7WHX0W3E8PJ1JTK03A6,1787697698616
01M0XFQWQDSC2AV526PTEX86RM,01M0XEP3TXK5Z02SVJR2VASG8P,6,1,1787696607525,TRUE,2026-08-25T22:23:13Z,2026-08-25T22:23:28Z,01M0XEX8ATRQ9G1A1T9FCE8VQM,1787696594392
01M0XFQWQDSC2AV526PTEX86RM,01M0XEP3TXK5Z02SVJR2VASG8P,6,1,1787696607525,TRUE,2026-08-25T22:23:13Z,2026-08-25T22:23:28Z,01M0XFGKS364T502MY6BASRSP2,1787696593837
01M0XF2S3SKKRPQ90HG4K42HNX,01M0XEBKS0ZEFNX9SMQDQW2PZ4,35,3,1787698094909,FALSE,2026-08-25T22:47:35Z,2026-08-25T22:48:13Z,01M0XER9CN1N4H5AFH0XVE2HCE,1787698090507
01M0XF2S3SKKRPQ90HG4K42HNX,01M0XEBKS0ZEFNX9SMQDQW2PZ4,35,3,1787698094909,FALSE,2026-08-25T22:47:35Z,2026-08-25T22:48:13Z,01M0XES69GNPHVSPMR1TVP4HAR,1787698056949
01M0XF2S5C6A29FNCNGN2JZM1A,01M0XEBKS0ZEFNX9SMQDQW2PZ4,45,4,1787698476422,TRUE,2026-08-25T22:54:06Z,2026-08-25T22:54:35Z,01M0XER9CN1N4H5AFH0XVE2HCE,1787698481259
01M0XF2S5C6A29FNCNGN2JZM1A,01M0XEBKS0ZEFNX9SMQDQW2PZ4,45,4,1787698476422,TRUE,2026-08-25T22:54:06Z,2026-08-25T22:54:35Z,01M0XES69GNPHVSPMR1TVP4HAR,1787698447721
01M0XF6K1EAMTDB2GT08ZG6TFH,01M0XEBKS2G948HDY26TVYK1X9,21,2,1787696344423,TRUE,2026-08-25T22:18:50Z,2026-08-25T22:19:05Z,01M0XERWA6XTSFFEAXHF1XTBP1,1787696329280
01M0XF6K1EAMTDB2GT08ZG6TFH,01M0XEBKS2G948HDY26TVYK1X9,21,2,1787696344423,TRUE,2026-08-25T22:18:50Z,2026-08-25T22:19:05Z,01M0XEQS1Y61NYBS2B9X56Y7HM,1787696330791
01M0XF07CVNN63A8TJ9D2PH8T2,01M0XEBFYW1G5QWYVD4F1CEJQ3,26,3,1787696619860,TRUE,2026-08-25T22:23:29Z,2026-08-25T22:23:39Z,01M0XEQXM9M74Y1X1MWHARYCDC,1787696609889
01M0XF07CVNN63A8TJ9D2PH8T2,01M0XEBFYW1G5QWYVD4F1CEJQ3,26,3,1787696619860,TRUE,2026-08-25T22:23:29Z,2026-08-25T22:23:39Z,01M0XER53CMDT435QVPYSPB86P,1787696609249
01M0XF1CEA4YJ1JBZWY6SZSCRZ,01M0XEBJH722J4730WC5V8GCA8,27,3,1787696873776,FALSE,2026-08-25T22:27:39Z,2026-08-25T22:27:54Z,01M0XESZDE3CCGRVTP6G18ANBY,1787696859392
01M0XF1CEA4YJ1JBZWY6SZSCRZ,01M0XEBJH722J4730WC5V8GCA8,27,3,1787696873776,FALSE,2026-08-25T22:27:39Z,2026-08-25T22:27:54Z,01M0XERZFWJEZDBR149P6YH3F1,1787696858644
01M0XF755K3PBZGA5WV6S36TSK,01M0XEBJH4G5D0NKPXZ6BYKGS7,5,1,1787696438404,TRUE,2026-08-25T22:20:02Z,2026-08-25T22:20:39Z,01M0XER6FPF3N9GKNC8JSYE9M7,1787696402671
01M0XF755K3PBZGA5WV6S36TSK,01M0XEBJH4G5D0NKPXZ6BYKGS7,5,1,1787696438404,TRUE,2026-08-25T22:20:02Z,2026-08-25T22:20:39Z,01M0XERQ8TV5N8Y3NVYKQG5TNE,1787696401274
01M0XFQX62D1SSVWVQ65QF40T9,01M0XEP3TXK5Z02SVJR2VASG8P,39,4,1787697654387,TRUE,2026-08-25T22:40:38Z,2026-08-25T22:40:54Z,01M0XEX8ATRQ9G1A1T9FCE8VQM,1787697638773
01M0XFQX62D1SSVWVQ65QF40T9,01M0XEP3TXK5Z02SVJR2VASG8P,39,4,1787697654387,TRUE,2026-08-25T22:40:38Z,2026-08-25T22:40:54Z,01M0XFGKS364T502MY6BASRSP2,1787697638335
01M0XF7M7ARS06988M15B28214,01M0XEBKS0ZEFNX9SMQQNF9DE2,12,2,NA,NA,NA,2026-08-25T22:04:13Z,NA,NA
01M0XF07BTE49ET4MNJDQ3T26K,01M0XEBFYW1G5QWYVD4F1CEJQ3,35,3,1787696763323,TRUE,2026-08-25T22:25:46Z,2026-08-25T22:26:03Z,01M0XEQXM9M74Y1X1MWHARYCDC,1787696747032
01M0XF07BTE49ET4MNJDQ3T26K,01M0XEBFYW1G5QWYVD4F1CEJQ3,35,3,1787696763323,TRUE,2026-08-25T22:25:46Z,2026-08-25T22:26:03Z,01M0XER53CMDT435QVPYSPB86P,1787696746254
01M0XF6K9Q3Q4P0NW9XQ38JE76,01M0XEBKS2G948HDY26TVYK1X9,37,4,1787696682279,TRUE,2026-08-25T22:24:34Z,2026-08-25T22:24:43Z,01M0XERWA6XTSFFEAXHF1XTBP1,1787696673809
01M0XF6K9Q3Q4P0NW9XQ38JE76,01M0XEBKS2G948HDY26TVYK1X9,37,4,1787696682279,TRUE,2026-08-25T22:24:34Z,2026-08-25T22:24:43Z,01M0XEQS1Y61NYBS2B9X56Y7HM,1787696675266
01M0XFEDWS3AX1PS854X8AYKB4,01M0XF36KPEANMAA2FHR330CGB,2,1,1787697086211,TRUE,2026-08-25T22:30:31Z,2026-08-25T22:31:26Z,01M0XETGWM5RF9ZVRZXVQJA69R,1787697031407
01M0XFEDWS3AX1PS854X8AYKB4,01M0XF36KPEANMAA2FHR330CGB,2,1,1787697086211,TRUE,2026-08-25T22:30:31Z,2026-08-25T22:31:26Z,01M0XES7WHX0W3E8PJ1JTK03A6,1787697031518
01M0XF394GVG3RAF97ZT3JJKKD,01M0XEBHF9Z6MD8PTP8NQ2PV26,8,1,1787695936955,TRUE,2026-08-25T22:11:38Z,2026-08-25T22:12:20Z,01M0XESCE3HXZW59M8QA45SWJ1,1787695894833
01M0XF394GVG3RAF97ZT3JJKKD,01M0XEBHF9Z6MD8PTP8NQ2PV26,8,1,1787695936955,TRUE,2026-08-25T22:11:38Z,2026-08-25T22:12:20Z,01M0XESRDHZJ3M6V0HK46Z1NMP,1787695898131
01M0XF6JZJTPY32Q78GFQ5XG6F,01M0XEBKS2G948HDY26TVYK1X9,29,3,1787696512703,TRUE,2026-08-25T22:21:42Z,2026-08-25T22:21:53Z,01M0XEQS1Y61NYBS2B9X56Y7HM,1787696503517
01M0XF6JZJTPY32Q78GFQ5XG6F,01M0XEBKS2G948HDY26TVYK1X9,29,3,1787696512703,TRUE,2026-08-25T22:21:42Z,2026-08-25T22:21:53Z,01M0XERWA6XTSFFEAXHF1XTBP1,1787696502025
01M0XEXFG1EX1A6CQDV2BQCZRC,01M0XEBFZ0825AFF4R333DJ4HK,1,1,1787695859053,TRUE,2026-08-25T22:10:30Z,2026-08-25T22:10:59Z,01M0XEQXMFVE0GRKM8DY7Y5DHN,1787695830720
01M0XEXFG1EX1A6CQDV2BQCZRC,01M0XEBFZ0825AFF4R333DJ4HK,1,1,1787695859053,TRUE,2026-08-25T22:10:30Z,2026-08-25T22:10:59Z,01M0XER0XX29HJPEX4FRYGSWYD,1787695830662
01M0XF2S0ASMHT5RT2KFXG6XQX,01M0XEBKS0ZEFNX9SMQDQW2PZ4,8,1,1787696927671,TRUE,2026-08-25T22:27:34Z,2026-08-25T22:28:13Z,01M0XER9CN1N4H5AFH0XVE2HCE,1787696888837
01M0XF2S0ASMHT5RT2KFXG6XQX,01M0XEBKS0ZEFNX9SMQDQW2PZ4,8,1,1787696927671,TRUE,2026-08-25T22:27:34Z,2026-08-25T22:28:13Z,01M0XES69GNPHVSPMR1TVP4HAR,1787696855226
01M0XF2S4KZPTSQP93GDRJ2REP,01M0XEBKS0ZEFNX9SMQDQW2PZ4,39,4,1787698244215,TRUE,2026-08-25T22:50:01Z,2026-08-25T22:50:43Z,01M0XER9CN1N4H5AFH0XVE2HCE,1787698236173
01M0XF2S4KZPTSQP93GDRJ2REP,01M0XEBKS0ZEFNX9SMQDQW2PZ4,39,4,1787698244215,TRUE,2026-08-25T22:50:01Z,2026-08-25T22:50:43Z,01M0XES69GNPHVSPMR1TVP4HAR,1787698202662
01M0XF5JC0FG46BT3F2JVSFEJR,01M0XEBJH60M51NVP8EGS7231S,44,4,1787696704630,TRUE,2026-08-25T22:24:56Z,2026-08-25T22:25:03Z,01M0XEQNJ9809PHWDZ742E11VG,1787696697648
01M0XF5JC0FG46BT3F2JVSFEJR,01M0XEBJH60M51NVP8EGS7231S,44,4,1787696704630,TRUE,2026-08-25T22:24:56Z,2026-08-25T22:25:03Z,01M0XF1AW05AX3PDCQ9PWGAR99,1787696696768
01M0XEYNZ5FR7X0CDYG08JVYNQ,01M0XEBHFAZN8J8K9QJ4PMADCV,42,4,1787698295073,TRUE,2026-08-25T22:51:18Z,2026-08-25T22:51:34Z,01M0XEREB3GCTAQVXHQ8WY91H4,1787698279474
01M0XEYNZ5FR7X0CDYG08JVYNQ,01M0XEBHFAZN8J8K9QJ4PMADCV,42,4,1787698295073,TRUE,2026-08-25T22:51:18Z,2026-08-25T22:51:34Z,01M0XES5Y1NQT19B2QBEJ1SE2V,1787698276030
01M0XFCD4N925H7NT9C1QQD77E,01M0XEP3TSE5MTCHYTC004C3XD,27,3,1785655880303,TRUE,2026-08-25T22:37:54Z,2026-08-25T22:38:02Z,01M0XEY6K6WQC3AV5JQQ7N3PQV,1785655873039
01M0XFCD4N925H7NT9C1QQD77E,01M0XEP3TSE5MTCHYTC004C3XD,27,3,1785655880303,TRUE,2026-08-25T22:37:54Z,2026-08-25T22:38:02Z,01M0XETPA4APE5RG3CX52WNZAV,1787697474967
01M0XEYNXF6FP8266K43VESKWG,01M0XEBHFAZN8J8K9QJ4PMADCV,28,3,1787697742383,TRUE,2026-08-25T22:41:29Z,2026-08-25T22:42:21Z,01M0XES5Y1NQT19B2QBEJ1SE2V,1787697686113
01M0XEYNXF6FP8266K43VESKWG,01M0XEBHFAZN8J8K9QJ4PMADCV,28,3,1787697742383,TRUE,2026-08-25T22:41:29Z,2026-08-25T22:42:21Z,01M0XEREB3GCTAQVXHQ8WY91H4,1787697689753
01M0XF2S54HMTWTQP6J1D5M7JS,01M0XEBKS0ZEFNX9SMQDQW2PZ4,43,4,1787698399861,TRUE,2026-08-25T22:52:35Z,2026-08-25T22:53:18Z,01M0XES69GNPHVSPMR1TVP4HAR,1787698356574
01M0XF2S54HMTWTQP6J1D5M7JS,01M0XEBKS0ZEFNX9SMQDQW2PZ4,43,4,1787698399861,TRUE,2026-08-25T22:52:35Z,2026-08-25T22:53:18Z,01M0XER9CN1N4H5AFH0XVE2HCE,1787698390124
01M0XF390BPX9KZ6PB19BV78PQ,01M0XEBHF9Z6MD8PTP8NQ2PV26,11,1,1787696065471,FALSE,2026-08-25T22:13:42Z,2026-08-25T22:14:25Z,01M0XESRDHZJ3M6V0HK46Z1NMP,1787696022661
01M0XF390BPX9KZ6PB19BV78PQ,01M0XEBHF9Z6MD8PTP8NQ2PV26,11,1,1787696065471,FALSE,2026-08-25T22:13:42Z,2026-08-25T22:14:25Z,01M0XESCE3HXZW59M8QA45SWJ1,1787696019355
01M0XF5JA5RNABSJYZDQ1TZN6Z,01M0XEBJH60M51NVP8EGS7231S,36,4,1787696616741,TRUE,2026-08-25T22:23:27Z,2026-08-25T22:23:35Z,01M0XF1AW05AX3PDCQ9PWGAR99,1787696608036
01M0XF5JA5RNABSJYZDQ1TZN6Z,01M0XEBJH60M51NVP8EGS7231S,36,4,1787696616741,TRUE,2026-08-25T22:23:27Z,2026-08-25T22:23:35Z,01M0XEQNJ9809PHWDZ742E11VG,1787696608896
01M0XEYNVT5A83GY8K323HWXAW,01M0XEBHFAZN8J8K9QJ4PMADCV,7,1,1787696740723,FALSE,2026-08-25T22:24:55Z,2026-08-25T22:25:44Z,01M0XES5Y1NQT19B2QBEJ1SE2V,1787696692781
01M0XEYNVT5A83GY8K323HWXAW,01M0XEBHFAZN8J8K9QJ4PMADCV,7,1,1787696740723,FALSE,2026-08-25T22:24:55Z,2026-08-25T22:25:44Z,01M0XEREB3GCTAQVXHQ8WY91H4,1787696696553
01M0XF02Y2THHPSD3VBVV6DV7E,01M0XEBFYZ40VDCCZ70PM6EWHK,21,2,1787696132735,TRUE,2026-08-25T22:15:13Z,2026-08-25T22:15:32Z,01M0XEW4XVCD53BQGS5F5TWC4E,1787696113817
01M0XF02Y2THHPSD3VBVV6DV7E,01M0XEBFYZ40VDCCZ70PM6EWHK,21,2,1787696132735,TRUE,2026-08-25T22:15:13Z,2026-08-25T22:15:32Z,01M0XERQP1ZQ8ZKRV6F98VE778,1787696113780
01M0XFCD2W1EDMRNW060THZXJV,01M0XEP3TSE5MTCHYTC004C3XD,45,4,1785656131419,TRUE,2026-08-25T22:42:05Z,2026-08-25T22:42:13Z,01M0XETPA4APE5RG3CX52WNZAV,1787697725155
01M0XFCD2W1EDMRNW060THZXJV,01M0XEP3TSE5MTCHYTC004C3XD,45,4,1785656131419,TRUE,2026-08-25T22:42:05Z,2026-08-25T22:42:13Z,01M0XEY6K6WQC3AV5JQQ7N3PQV,1785656123227
01M0XF757EH50BQ64QADC5QH33,01M0XEBJH4G5D0NKPXZ6BYKGS7,14,2,1787696709655,TRUE,2026-08-25T22:24:53Z,2026-08-25T22:25:09Z,01M0XER6FPF3N9GKNC8JSYE9M7,1787696693405
01M0XF757EH50BQ64QADC5QH33,01M0XEBJH4G5D0NKPXZ6BYKGS7,14,2,1787696709655,TRUE,2026-08-25T22:24:53Z,2026-08-25T22:25:09Z,01M0XERQ8TV5N8Y3NVYKQG5TNE,1787696692107
01M0XFQX10TZGJ75F90MYHTJEB,01M0XEP3TXK5Z02SVJR2VASG8P,0,1,1787696346283,FALSE,2026-08-25T22:18:44Z,2026-08-25T22:19:07Z,01M0XEX8ATRQ9G1A1T9FCE8VQM,1787696326138
01M0XFQX10TZGJ75F90MYHTJEB,01M0XEP3TXK5Z02SVJR2VASG8P,0,1,1787696346283,FALSE,2026-08-25T22:18:44Z,2026-08-25T22:19:07Z,01M0XFGKS364T502MY6BASRSP2,1787696325172
01M0XF031XSVFPKZRD4S5FDK90,01M0XEBFYZ40VDCCZ70PM6EWHK,4,1,1787695668638,TRUE,2026-08-25T22:07:29Z,2026-08-25T22:07:48Z,01M0XEW4XVCD53BQGS5F5TWC4E,1787695649136
01M0XF031XSVFPKZRD4S5FDK90,01M0XEBFYZ40VDCCZ70PM6EWHK,4,1,1787695668638,TRUE,2026-08-25T22:07:29Z,2026-08-25T22:07:48Z,01M0XERQP1ZQ8ZKRV6F98VE778,1787695649089
01M0XF1MPWG814Y7FYDQ9CZ55V,01M0XEBHFGJ74MNH9PTVJNK0S2,15,2,1787696802284,TRUE,2026-08-25T22:26:26Z,2026-08-25T22:26:42Z,01M0XEREZ46CDWNZWM86P2TTE7,1787696786501
01M0XF1MPWG814Y7FYDQ9CZ55V,01M0XEBHFGJ74MNH9PTVJNK0S2,15,2,1787696802284,TRUE,2026-08-25T22:26:26Z,2026-08-25T22:26:42Z,01M0XERNMK293CWHFMH4HQ05K1,1787696786840
01M0XFEDA465SMYW91F0QF0X0G,01M0XF36KPEANMAA2FHR330CGB,25,3,1787698012457,TRUE,2026-08-25T22:46:35Z,2026-08-25T22:46:52Z,01M0XETGWM5RF9ZVRZXVQJA69R,1787697995457
01M0XFEDA465SMYW91F0QF0X0G,01M0XF36KPEANMAA2FHR330CGB,25,3,1787698012457,TRUE,2026-08-25T22:46:35Z,2026-08-25T22:46:52Z,01M0XES7WHX0W3E8PJ1JTK03A6,1787697995557
01M0XFQWXMBY2STHVWEK3CFF6K,01M0XEP3TXK5Z02SVJR2VASG8P,19,2,1787697069179,TRUE,2026-08-25T22:30:16Z,2026-08-25T22:31:09Z,01M0XFGKS364T502MY6BASRSP2,1787697016330
01M0XFQWXMBY2STHVWEK3CFF6K,01M0XEP3TXK5Z02SVJR2VASG8P,19,2,1787697069179,TRUE,2026-08-25T22:30:16Z,2026-08-25T22:31:09Z,01M0XEX8ATRQ9G1A1T9FCE8VQM,1787697016533
01M0XFCD0NPDFR6CWFET83FE11,01M0XEP3TSE5MTCHYTC004C3XD,5,1,NA,FALSE,2026-08-25T22:22:03Z,2026-08-25T22:23:03Z,01M0XEY6K6WQC3AV5JQQ7N3PQV,1785654921805
01M0XFCD0NPDFR6CWFET83FE11,01M0XEP3TSE5MTCHYTC004C3XD,5,1,NA,FALSE,2026-08-25T22:22:03Z,2026-08-25T22:23:03Z,01M0XETPA4APE5RG3CX52WNZAV,1787696523731
01M0XF02V892PXXEFQ5BSQ1QYW,01M0XEBFYZ40VDCCZ70PM6EWHK,27,3,1787696279692,TRUE,2026-08-25T22:17:41Z,2026-08-25T22:17:59Z,01M0XEW4XVCD53BQGS5F5TWC4E,1787696261870
01M0XF02V892PXXEFQ5BSQ1QYW,01M0XEBFYZ40VDCCZ70PM6EWHK,27,3,1787696279692,TRUE,2026-08-25T22:17:41Z,2026-08-25T22:17:59Z,01M0XERQP1ZQ8ZKRV6F98VE778,1787696261828
01M0XF2S30XPAHWJ0WDQXPR36B,01M0XEBKS0ZEFNX9SMQDQW2PZ4,27,3,NA,FALSE,2026-08-25T22:40:56Z,2026-08-25T22:41:56Z,01M0XES69GNPHVSPMR1TVP4HAR,1787697657530
01M0XF2S30XPAHWJ0WDQXPR36B,01M0XEBKS0ZEFNX9SMQDQW2PZ4,27,3,NA,FALSE,2026-08-25T22:40:56Z,2026-08-25T22:41:56Z,01M0XER9CN1N4H5AFH0XVE2HCE,1787697691121
01M0XF5SBAMY2751P15JPG8YF5,01M0XEP3V3T2RJX1S58T7Z1N3B,42,4,1787697528380,TRUE,2026-08-25T22:38:39Z,2026-08-25T22:38:48Z,01M0XEWYY70E7AF4NMGH9FGS3V,1787697519769
01M0XF5SBAMY2751P15JPG8YF5,01M0XEP3V3T2RJX1S58T7Z1N3B,42,4,1787697528380,TRUE,2026-08-25T22:38:39Z,2026-08-25T22:38:48Z,01M0XERTSZ0TCDWRGM6GX23TW0,1787697519473
01M0XF6K1YSQ7KXXBW7KEMDRQS,01M0XEBKS2G948HDY26TVYK1X9,18,2,1787696275858,TRUE,2026-08-25T22:17:03Z,2026-08-25T22:17:55Z,01M0XEQS1Y61NYBS2B9X56Y7HM,1787696224422
01M0XF6K1YSQ7KXXBW7KEMDRQS,01M0XEBKS2G948HDY26TVYK1X9,18,2,1787696275858,TRUE,2026-08-25T22:17:03Z,2026-08-25T22:17:55Z,01M0XERWA6XTSFFEAXHF1XTBP1,1787696222876
01M0XEXFPYW4F849RSY8TCYV4K,01M0XEBFZ0825AFF4R333DJ4HK,21,2,1787696585694,TRUE,2026-08-25T22:22:28Z,2026-08-25T22:23:06Z,01M0XEQXMFVE0GRKM8DY7Y5DHN,1787696548833
01M0XEXFPYW4F849RSY8TCYV4K,01M0XEBFZ0825AFF4R333DJ4HK,21,2,1787696585694,TRUE,2026-08-25T22:22:28Z,2026-08-25T22:23:06Z,01M0XER0XX29HJPEX4FRYGSWYD,1787696548702
01M0XF5J8NYXR95Z1JBKEV9GE4,01M0XEBJH60M51NVP8EGS7231S,26,3,1787696468356,TRUE,2026-08-25T22:20:54Z,2026-08-25T22:21:07Z,01M0XEQNJ9809PHWDZ742E11VG,1787696455504
01M0XF5J8NYXR95Z1JBKEV9GE4,01M0XEBJH60M51NVP8EGS7231S,26,3,1787696468356,TRUE,2026-08-25T22:20:54Z,2026-08-25T22:21:07Z,01M0XF1AW05AX3PDCQ9PWGAR99,1787696454604
01M0XF5S43C2A9GBHB9KBJZBXK,01M0XEP3V3T2RJX1S58T7Z1N3B,8,1,1787696498589,TRUE,2026-08-25T22:21:15Z,2026-08-25T22:21:39Z,01M0XERTSZ0TCDWRGM6GX23TW0,1787696474836
01M0XF5S43C2A9GBHB9KBJZBXK,01M0XEP3V3T2RJX1S58T7Z1N3B,8,1,1787696498589,TRUE,2026-08-25T22:21:15Z,2026-08-25T22:21:39Z,01M0XEWYY70E7AF4NMGH9FGS3V,1787696475243
01M0XFEE0CNPDBMGWA6Y9E6HN4,01M0XF36KPEANMAA2FHR330CGB,46,4,1787698496824,TRUE,2026-08-25T22:54:45Z,2026-08-25T22:54:57Z,01M0XES7WHX0W3E8PJ1JTK03A6,1787698485727
01M0XFEE0CNPDBMGWA6Y9E6HN4,01M0XF36KPEANMAA2FHR330CGB,46,4,1787698496824,TRUE,2026-08-25T22:54:45Z,2026-08-25T22:54:57Z,01M0XETGWM5RF9ZVRZXVQJA69R,1787698485661
01M0XFQWNS0MAM5HTZK0M7G0SD,01M0XEP3TXK5Z02SVJR2VASG8P,2,1,1787696430304,FALSE,2026-08-25T22:20:14Z,2026-08-25T22:20:31Z,01M0XFGKS364T502MY6BASRSP2,1787696414323
01M0XFQWNS0MAM5HTZK0M7G0SD,01M0XEP3TXK5Z02SVJR2VASG8P,2,1,1787696430304,FALSE,2026-08-25T22:20:14Z,2026-08-25T22:20:31Z,01M0XEX8ATRQ9G1A1T9FCE8VQM,1787696413939
01M0XEYNTVZ5W2TA77D38JDK8B,01M0XEBHFAZN8J8K9QJ4PMADCV,16,2,1787697213788,TRUE,2026-08-25T22:33:00Z,2026-08-25T22:33:33Z,01M0XES5Y1NQT19B2QBEJ1SE2V,1787697177712
01M0XEYNTVZ5W2TA77D38JDK8B,01M0XEBHFAZN8J8K9QJ4PMADCV,16,2,1787697213788,TRUE,2026-08-25T22:33:00Z,2026-08-25T22:33:33Z,01M0XEREB3GCTAQVXHQ8WY91H4,1787697181140
01M0XEYNX6WJCXD9T2VY65CA5K,01M0XEBHFAZN8J8K9QJ4PMADCV,24,3,1787697600433,TRUE,2026-08-25T22:39:22Z,2026-08-25T22:40:00Z,01M0XEREB3GCTAQVXHQ8WY91H4,1787697563416
01M0XEYNX6WJCXD9T2VY65CA5K,01M0XEBHFAZN8J8K9QJ4PMADCV,24,3,1787697600433,TRUE,2026-08-25T22:39:22Z,2026-08-25T22:40:00Z,01M0XES5Y1NQT19B2QBEJ1SE2V,1787697560251
01M0XF1MQ1P0NWB4BR1E2J9TGJ,01M0XEBHFGJ74MNH9PTVJNK0S2,23,2,1787697030594,TRUE,2026-08-25T22:30:03Z,2026-08-25T22:30:30Z,01M0XERNMK293CWHFMH4HQ05K1,1787697003283
01M0XF1MQ1P0NWB4BR1E2J9TGJ,01M0XEBHFGJ74MNH9PTVJNK0S2,23,2,1787697030594,TRUE,2026-08-25T22:30:03Z,2026-08-25T22:30:30Z,01M0XEREZ46CDWNZWM86P2TTE7,1787697002937
01M0XF75AWF8E6VGM0GHD8JKB3,01M0XEBJH4G5D0NKPXZ6BYKGS7,30,3,1787697021539,TRUE,2026-08-25T22:30:09Z,2026-08-25T22:30:21Z,01M0XERQ8TV5N8Y3NVYKQG5TNE,1787697008593
01M0XF75AWF8E6VGM0GHD8JKB3,01M0XEBJH4G5D0NKPXZ6BYKGS7,30,3,1787697021539,TRUE,2026-08-25T22:30:09Z,2026-08-25T22:30:21Z,01M0XER6FPF3N9GKNC8JSYE9M7,1787697009815
01M0XF75C4ZT0GECZRSHGKDF8T,01M0XEBJH4G5D0NKPXZ6BYKGS7,35,3,1787697153047,TRUE,2026-08-25T22:32:23Z,2026-08-25T22:32:34Z,01M0XER6FPF3N9GKNC8JSYE9M7,1787697143365
01M0XF75C4ZT0GECZRSHGKDF8T,01M0XEBJH4G5D0NKPXZ6BYKGS7,35,3,1787697153047,TRUE,2026-08-25T22:32:23Z,2026-08-25T22:32:34Z,01M0XERQ8TV5N8Y3NVYKQG5TNE,1787697142059
01M0XF07EK8ZAMR36TH1T7BRWK,01M0XEBFYW1G5QWYVD4F1CEJQ3,2,1,1787696075304,TRUE,2026-08-25T22:14:20Z,2026-08-25T22:14:35Z,01M0XER53CMDT435QVPYSPB86P,1787696060592
01M0XF07EK8ZAMR36TH1T7BRWK,01M0XEBFYW1G5QWYVD4F1CEJQ3,2,1,1787696075304,TRUE,2026-08-25T22:14:20Z,2026-08-25T22:14:35Z,01M0XEQXM9M74Y1X1MWHARYCDC,1787696061404
01M0XF1C68Q3KAMJ2X432S1HWH,01M0XEBJH722J4730WC5V8GCA8,45,4,NA,NA,NA,2026-08-25T22:00:48Z,NA,NA
01M0XF7M62Q78Z81A6TJ6XPHVM,01M0XEBKS0ZEFNX9SMQQNF9DE2,18,2,NA,NA,NA,2026-08-25T22:04:13Z,NA,NA
01M0XFEDYKJ4FHFADAM6KK5VRQ,01M0XF36KPEANMAA2FHR330CGB,41,4,1787698391886,TRUE,2026-08-25T22:53:02Z,2026-08-25T22:53:12Z,01M0XES7WHX0W3E8PJ1JTK03A6,1787698382030
01M0XFEDYKJ4FHFADAM6KK5VRQ,01M0XF36KPEANMAA2FHR330CGB,41,4,1787698391886,TRUE,2026-08-25T22:53:02Z,2026-08-25T22:53:12Z,01M0XETGWM5RF9ZVRZXVQJA69R,1787698381933
01M0XF1MRGVKT76CD6G9NT8HAP,01M0XEBHFGJ74MNH9PTVJNK0S2,20,2,1787696953890,TRUE,2026-08-25T22:28:57Z,2026-08-25T22:29:14Z,01M0XERNMK293CWHFMH4HQ05K1,1787696937133
01M0XF1MRGVKT76CD6G9NT8HAP,01M0XEBHFGJ74MNH9PTVJNK0S2,20,2,1787696953890,TRUE,2026-08-25T22:28:57Z,2026-08-25T22:29:14Z,01M0XEREZ46CDWNZWM86P2TTE7,1787696936792
01M0XF6JWDFK8VESN554T2X918,01M0XEBKS2G948HDY26TVYK1X9,7,1,1787695931935,TRUE,2026-08-25T22:11:46Z,2026-08-25T22:12:12Z,01M0XEQS1Y61NYBS2B9X56Y7HM,1787695907532
01M0XF6JWDFK8VESN554T2X918,01M0XEBKS2G948HDY26TVYK1X9,7,1,1787695931935,TRUE,2026-08-25T22:11:46Z,2026-08-25T22:12:12Z,01M0XERWA6XTSFFEAXHF1XTBP1,1787695905934
01M0XF6K1J7HQSWDK81KY4D9EY,01M0XEBKS2G948HDY26TVYK1X9,20,2,1787696327251,TRUE,2026-08-25T22:18:15Z,2026-08-25T22:18:46Z,01M0XERWA6XTSFFEAXHF1XTBP1,1787696294207
01M0XF6K1J7HQSWDK81KY4D9EY,01M0XEBKS2G948HDY26TVYK1X9,20,2,1787696327251,TRUE,2026-08-25T22:18:15Z,2026-08-25T22:18:46Z,01M0XEQS1Y61NYBS2B9X56Y7HM,1787696295726
01M0XF7M4CE5AFTK3ZG8JFN6D3,01M0XEBKS0ZEFNX9SMQQNF9DE2,24,3,NA,NA,NA,2026-08-25T22:04:13Z,NA,NA
01M0XF02VFZY8746MS2M0Y1N9D,01M0XEBFYZ40VDCCZ70PM6EWHK,47,4,1787696665780,TRUE,2026-08-25T22:24:09Z,2026-08-25T22:24:25Z,01M0XEW4XVCD53BQGS5F5TWC4E,1787696649642
01M0XF02VFZY8746MS2M0Y1N9D,01M0XEBFYZ40VDCCZ70PM6EWHK,47,4,1787696665780,TRUE,2026-08-25T22:24:09Z,2026-08-25T22:24:25Z,01M0XERQP1ZQ8ZKRV6F98VE778,1787696649627
01M0XF393R7QSGKMS3VARR04DB,01M0XEBHF9Z6MD8PTP8NQ2PV26,33,3,1787696597383,TRUE,2026-08-25T22:23:00Z,2026-08-25T22:23:17Z,01M0XESRDHZJ3M6V0HK46Z1NMP,1787696580139
01M0XF393R7QSGKMS3VARR04DB,01M0XEBHF9Z6MD8PTP8NQ2PV26,33,3,1787696597383,TRUE,2026-08-25T22:23:00Z,2026-08-25T22:23:17Z,01M0XESCE3HXZW59M8QA45SWJ1,1787696576857
01M0XFCD0YEH4SK7E497GG4PYT,01M0XEP3TSE5MTCHYTC004C3XD,4,1,1787696520158,FALSE,2026-08-25T22:21:16Z,2026-08-25T22:22:00Z,01M0XEY6K6WQC3AV5JQQ7N3PQV,1785654874756
01M0XFCD0YEH4SK7E497GG4PYT,01M0XEP3TSE5MTCHYTC004C3XD,4,1,1787696520158,FALSE,2026-08-25T22:21:16Z,2026-08-25T22:22:00Z,01M0XETPA4APE5RG3CX52WNZAV,1787696476637
01M0XEYNVBPXJF9HW5PV1NT3KM,01M0XEBHFAZN8J8K9QJ4PMADCV,19,2,1787697327758,TRUE,2026-08-25T22:35:02Z,2026-08-25T22:35:31Z,01M0XES5Y1NQT19B2QBEJ1SE2V,1787697299796
01M0XEYNVBPXJF9HW5PV1NT3KM,01M0XEBHFAZN8J8K9QJ4PMADCV,19,2,1787697327758,TRUE,2026-08-25T22:35:02Z,2026-08-25T22:35:31Z,01M0XEREB3GCTAQVXHQ8WY91H4,1787697303093
01M0XF394ME61SKWBQXAPJX6HR,01M0XEBHF9Z6MD8PTP8NQ2PV26,9,1,1787695980415,TRUE,2026-08-25T22:12:23Z,2026-08-25T22:13:00Z,01M0XESRDHZJ3M6V0HK46Z1NMP,1787695943958
01M0XF394ME61SKWBQXAPJX6HR,01M0XEBHF9Z6MD8PTP8NQ2PV26,9,1,1787695980415,TRUE,2026-08-25T22:12:23Z,2026-08-25T22:13:00Z,01M0XESCE3HXZW59M8QA45SWJ1,1787695940725
01M0XFQX2VG79QG65XMJF4J17S,01M0XEP3TXK5Z02SVJR2VASG8P,29,3,1787697382598,TRUE,2026-08-25T22:35:58Z,2026-08-25T22:36:22Z,01M0XFGKS364T502MY6BASRSP2,1787697358600
01M0XFQX2VG79QG65XMJF4J17S,01M0XEP3TXK5Z02SVJR2VASG8P,29,3,1787697382598,TRUE,2026-08-25T22:35:58Z,2026-08-25T22:36:22Z,01M0XEX8ATRQ9G1A1T9FCE8VQM,1787697358342
01M0XF5S72ATDBZQNPVW8YE9JB,01M0XEP3V3T2RJX1S58T7Z1N3B,5,1,1787696381685,TRUE,2026-08-25T22:19:05Z,2026-08-25T22:19:41Z,01M0XEWYY70E7AF4NMGH9FGS3V,1787696345102
01M0XF5S72ATDBZQNPVW8YE9JB,01M0XEP3V3T2RJX1S58T7Z1N3B,5,1,1787696381685,TRUE,2026-08-25T22:19:05Z,2026-08-25T22:19:41Z,01M0XERTSZ0TCDWRGM6GX23TW0,1787696344683
01M0XF39322JKJNCP2SDNYN6ZA,01M0XEBHF9Z6MD8PTP8NQ2PV26,30,3,1787696536869,TRUE,2026-08-25T22:22:06Z,2026-08-25T22:22:20Z,01M0XESRDHZJ3M6V0HK46Z1NMP,1787696526236
01M0XF39322JKJNCP2SDNYN6ZA,01M0XEBHF9Z6MD8PTP8NQ2PV26,30,3,1787696536869,TRUE,2026-08-25T22:22:06Z,2026-08-25T22:22:20Z,01M0XESCE3HXZW59M8QA45SWJ1,1787696523148
01M0XF5J9Y559PEGTBKX07B9N7,01M0XEBJH60M51NVP8EGS7231S,34,3,1787696591530,TRUE,2026-08-25T22:22:54Z,2026-08-25T22:23:10Z,01M0XF1AW05AX3PDCQ9PWGAR99,1787696574733
01M0XF5J9Y559PEGTBKX07B9N7,01M0XEBJH60M51NVP8EGS7231S,34,3,1787696591530,TRUE,2026-08-25T22:22:54Z,2026-08-25T22:23:10Z,01M0XEQNJ9809PHWDZ742E11VG,1787696575617
01M0XFCD4AGEHK3321SKB0ZAA5,01M0XEP3TSE5MTCHYTC004C3XD,28,3,1787697513574,TRUE,2026-08-25T22:38:06Z,2026-08-25T22:38:33Z,01M0XEY6K6WQC3AV5JQQ7N3PQV,1785655884656
01M0XFCD4AGEHK3321SKB0ZAA5,01M0XEP3TSE5MTCHYTC004C3XD,28,3,1787697513574,TRUE,2026-08-25T22:38:06Z,2026-08-25T22:38:33Z,01M0XETPA4APE5RG3CX52WNZAV,1787697486284
01M0XF1C8HZBDPSA7JTP7QQB6X,01M0XEBJH722J4730WC5V8GCA8,46,4,NA,NA,NA,2026-08-25T22:00:48Z,NA,NA
01M0XF1CB12KBFT402P9GCFJ6W,01M0XEBJH722J4730WC5V8GCA8,9,1,1787696260338,FALSE,2026-08-25T22:16:48Z,2026-08-25T22:17:40Z,01M0XESZDE3CCGRVTP6G18ANBY,1787696208602
01M0XF1CB12KBFT402P9GCFJ6W,01M0XEBJH722J4730WC5V8GCA8,9,1,1787696260338,FALSE,2026-08-25T22:16:48Z,2026-08-25T22:17:40Z,01M0XERZFWJEZDBR149P6YH3F1,1787696207847
01M0XF1MN4AENBB32XGSJ7Z690,01M0XEBHFGJ74MNH9PTVJNK0S2,5,1,1787696574203,TRUE,2026-08-25T22:22:24Z,2026-08-25T22:22:54Z,01M0XEREZ46CDWNZWM86P2TTE7,1787696544187
01M0XF1MN4AENBB32XGSJ7Z690,01M0XEBHFGJ74MNH9PTVJNK0S2,5,1,1787696574203,TRUE,2026-08-25T22:22:24Z,2026-08-25T22:22:54Z,01M0XERNMK293CWHFMH4HQ05K1,1787696544527
01M0XF1MQHW4TJDCGC8V7QZDGP,01M0XEBHFGJ74MNH9PTVJNK0S2,25,3,1787697076793,TRUE,2026-08-25T22:30:56Z,2026-08-25T22:31:16Z,01M0XERNMK293CWHFMH4HQ05K1,1787697056065
01M0XF1MQHW4TJDCGC8V7QZDGP,01M0XEBHFGJ74MNH9PTVJNK0S2,25,3,1787697076793,TRUE,2026-08-25T22:30:56Z,2026-08-25T22:31:16Z,01M0XEREZ46CDWNZWM86P2TTE7,1787697055720
01M0XEYNWK3ESMCT77R130EF4Y,01M0XEBHFAZN8J8K9QJ4PMADCV,47,4,1787698460698,TRUE,2026-08-25T22:54:03Z,2026-08-25T22:54:24Z,01M0XES5Y1NQT19B2QBEJ1SE2V,1787698441213
01M0XEYNWK3ESMCT77R130EF4Y,01M0XEBHFAZN8J8K9QJ4PMADCV,47,4,1787698460698,TRUE,2026-08-25T22:54:03Z,2026-08-25T22:54:24Z,01M0XEREB3GCTAQVXHQ8WY91H4,1787698444400
01M0XF7M47T3V9GFWAPYF1PZ7A,01M0XEBKS0ZEFNX9SMQQNF9DE2,29,3,NA,NA,NA,2026-08-25T22:04:13Z,NA,NA
01M0XF07E06GD6QHH865XDH0R8,01M0XEBFYW1G5QWYVD4F1CEJQ3,15,2,1787696408693,TRUE,2026-08-25T22:19:57Z,2026-08-25T22:20:09Z,01M0XEQXM9M74Y1X1MWHARYCDC,1787696398336
01M0XF07E06GD6QHH865XDH0R8,01M0XEBFYW1G5QWYVD4F1CEJQ3,15,2,1787696408693,TRUE,2026-08-25T22:19:57Z,2026-08-25T22:20:09Z,01M0XER53CMDT435QVPYSPB86P,1787696397590
01M0XF1CCRS3ZGD4PA38SVZC58,01M0XEBJH722J4730WC5V8GCA8,42,4,NA,NA,NA,2026-08-25T22:00:48Z,NA,NA
01M0XF7592MJW4PHTG197CRB5B,01M0XEBJH4G5D0NKPXZ6BYKGS7,22,2,1787696877953,TRUE,2026-08-25T22:27:42Z,2026-08-25T22:27:57Z,01M0XERQ8TV5N8Y3NVYKQG5TNE,1787696861969
01M0XF7592MJW4PHTG197CRB5B,01M0XEBJH4G5D0NKPXZ6BYKGS7,22,2,1787696877953,TRUE,2026-08-25T22:27:42Z,2026-08-25T22:27:57Z,01M0XER6FPF3N9GKNC8JSYE9M7,1787696863248
01M0XF5S8PMHRX5VZ6TGTR771K,01M0XEP3V3T2RJX1S58T7Z1N3B,27,3,1787697131262,TRUE,2026-08-25T22:31:52Z,2026-08-25T22:32:11Z,01M0XEWYY70E7AF4NMGH9FGS3V,1787697112766
01M0XF5S8PMHRX5VZ6TGTR771K,01M0XEP3V3T2RJX1S58T7Z1N3B,27,3,1787697131262,TRUE,2026-08-25T22:31:52Z,2026-08-25T22:32:11Z,01M0XERTSZ0TCDWRGM6GX23TW0,1787697112427
01M0XFED5MAPM3KEQYNVPBSQ3N,01M0XF36KPEANMAA2FHR330CGB,35,3,1787698282456,TRUE,2026-08-25T22:51:08Z,2026-08-25T22:51:22Z,01M0XES7WHX0W3E8PJ1JTK03A6,1787698268683
01M0XFED5MAPM3KEQYNVPBSQ3N,01M0XF36KPEANMAA2FHR330CGB,35,3,1787698282456,TRUE,2026-08-25T22:51:08Z,2026-08-25T22:51:22Z,01M0XETGWM5RF9ZVRZXVQJA69R,1787698268614
01M0XF02WNZBKR56EBFYKXT9YJ,01M0XEBFYZ40VDCCZ70PM6EWHK,41,4,1787696548498,TRUE,2026-08-25T22:22:12Z,2026-08-25T22:22:28Z,01M0XERQP1ZQ8ZKRV6F98VE778,1787696532751
01M0XF02WNZBKR56EBFYKXT9YJ,01M0XEBFYZ40VDCCZ70PM6EWHK,41,4,1787696548498,TRUE,2026-08-25T22:22:12Z,2026-08-25T22:22:28Z,01M0XEW4XVCD53BQGS5F5TWC4E,1787696532765
01M0XF07BS9SPFZ2VWQ7XGHKB2,01M0XEBFYW1G5QWYVD4F1CEJQ3,36,4,1787696783720,TRUE,2026-08-25T22:26:07Z,2026-08-25T22:26:23Z,01M0XEQXM9M74Y1X1MWHARYCDC,1787696767920
01M0XF07BS9SPFZ2VWQ7XGHKB2,01M0XEBFYW1G5QWYVD4F1CEJQ3,36,4,1787696783720,TRUE,2026-08-25T22:26:07Z,2026-08-25T22:26:23Z,01M0XER53CMDT435QVPYSPB86P,1787696767046
01M0XF2S2CEN98EPJ27QPNEPWM,01M0XEBKS0ZEFNX9SMQDQW2PZ4,23,2,1787697542951,FALSE,2026-08-25T22:38:04Z,2026-08-25T22:39:02Z,01M0XER9CN1N4H5AFH0XVE2HCE,1787697519358
01M0XF2S2CEN98EPJ27QPNEPWM,01M0XEBKS0ZEFNX9SMQDQW2PZ4,23,2,1787697542951,FALSE,2026-08-25T22:38:04Z,2026-08-25T22:39:02Z,01M0XES69GNPHVSPMR1TVP4HAR,1787697485777
01M0XFQWYZYHNRTAQSQHBV446N,01M0XEP3TXK5Z02SVJR2VASG8P,21,2,1787697118937,TRUE,2026-08-25T22:31:35Z,2026-08-25T22:31:58Z,01M0XEX8ATRQ9G1A1T9FCE8VQM,1787697095557
01M0XFQWYZYHNRTAQSQHBV446N,01M0XEP3TXK5Z02SVJR2VASG8P,21,2,1787697118937,TRUE,2026-08-25T22:31:35Z,2026-08-25T22:31:58Z,01M0XFGKS364T502MY6BASRSP2,1787697095973
01M0XF1CC3N7VMAJ45NC6AHNZ5,01M0XEBJH722J4730WC5V8GCA8,18,2,1787696564993,TRUE,2026-08-25T22:22:20Z,2026-08-25T22:22:45Z,01M0XESZDE3CCGRVTP6G18ANBY,1787696541037
01M0XF1CC3N7VMAJ45NC6AHNZ5,01M0XEBJH722J4730WC5V8GCA8,18,2,1787696564993,TRUE,2026-08-25T22:22:20Z,2026-08-25T22:22:45Z,01M0XERZFWJEZDBR149P6YH3F1,1787696540276
01M0XF02WTPRTPSQ5NYQ1SM94Y,01M0XEBFYZ40VDCCZ70PM6EWHK,42,4,1787696566733,TRUE,2026-08-25T22:22:32Z,2026-08-25T22:22:46Z,01M0XERQP1ZQ8ZKRV6F98VE778,1787696552267
01M0XF02WTPRTPSQ5NYQ1SM94Y,01M0XEBFYZ40VDCCZ70PM6EWHK,42,4,1787696566733,TRUE,2026-08-25T22:22:32Z,2026-08-25T22:22:46Z,01M0XEW4XVCD53BQGS5F5TWC4E,1787696552281
01M0XFEDB3302T4K7D3CY8J82T,01M0XF36KPEANMAA2FHR330CGB,23,2,1787697970453,TRUE,2026-08-25T22:45:41Z,2026-08-25T22:46:10Z,01M0XETGWM5RF9ZVRZXVQJA69R,1787697940796
01M0XFEDB3302T4K7D3CY8J82T,01M0XF36KPEANMAA2FHR330CGB,23,2,1787697970453,TRUE,2026-08-25T22:45:41Z,2026-08-25T22:46:10Z,01M0XES7WHX0W3E8PJ1JTK03A6,1787697940896
01M0XF755SYRZNW2KZXBCYSQ5X,01M0XEBJH4G5D0NKPXZ6BYKGS7,6,1,1787696488795,TRUE,2026-08-25T22:20:43Z,2026-08-25T22:21:28Z,01M0XER6FPF3N9GKNC8JSYE9M7,1787696443289
01M0XF755SYRZNW2KZXBCYSQ5X,01M0XEBJH4G5D0NKPXZ6BYKGS7,6,1,1787696488795,TRUE,2026-08-25T22:20:43Z,2026-08-25T22:21:28Z,01M0XERQ8TV5N8Y3NVYKQG5TNE,1787696441993
01M0XFEDX7VXJ7D6J0MY523BW9,01M0XF36KPEANMAA2FHR330CGB,1,1,1787697027713,FALSE,2026-08-25T22:29:36Z,2026-08-25T22:30:28Z,01M0XETGWM5RF9ZVRZXVQJA69R,1787696976127
01M0XFEDX7VXJ7D6J0MY523BW9,01M0XF36KPEANMAA2FHR330CGB,1,1,1787697027713,FALSE,2026-08-25T22:29:36Z,2026-08-25T22:30:28Z,01M0XES7WHX0W3E8PJ1JTK03A6,1787696976240
01M0XF02WHH7D9TN71T8ZB1B6F,01M0XEBFYZ40VDCCZ70PM6EWHK,40,4,1787696529263,TRUE,2026-08-25T22:21:56Z,2026-08-25T22:22:09Z,01M0XEW4XVCD53BQGS5F5TWC4E,1787696516835
01M0XF02WHH7D9TN71T8ZB1B6F,01M0XEBFYZ40VDCCZ70PM6EWHK,40,4,1787696529263,TRUE,2026-08-25T22:21:56Z,2026-08-25T22:22:09Z,01M0XERQP1ZQ8ZKRV6F98VE778,1787696516831
01M0XF3923ZPPV46YQ7R4KFCEA,01M0XEBHF9Z6MD8PTP8NQ2PV26,18,2,1787696257176,TRUE,2026-08-25T22:16:56Z,2026-08-25T22:17:40Z,01M0XESRDHZJ3M6V0HK46Z1NMP,1787696216153
01M0XF3923ZPPV46YQ7R4KFCEA,01M0XEBHF9Z6MD8PTP8NQ2PV26,18,2,1787696257176,TRUE,2026-08-25T22:16:56Z,2026-08-25T22:17:40Z,01M0XESCE3HXZW59M8QA45SWJ1,1787696212948
01M0XFEDJA2GKJKK1SHVSGFY57,01M0XF36KPEANMAA2FHR330CGB,11,1,1787697562769,TRUE,2026-08-25T22:38:31Z,2026-08-25T22:39:23Z,01M0XES7WHX0W3E8PJ1JTK03A6,1787697510878
01M0XFEDJA2GKJKK1SHVSGFY57,01M0XF36KPEANMAA2FHR330CGB,11,1,1787697562769,TRUE,2026-08-25T22:38:31Z,2026-08-25T22:39:23Z,01M0XETGWM5RF9ZVRZXVQJA69R,1787697510797
01M0XF5S5BMH804Q6VN89HQ4VD,01M0XEP3V3T2RJX1S58T7Z1N3B,19,2,1787696863932,TRUE,2026-08-25T22:27:03Z,2026-08-25T22:27:44Z,01M0XERTSZ0TCDWRGM6GX23TW0,1787696823408
01M0XF5S5BMH804Q6VN89HQ4VD,01M0XEP3V3T2RJX1S58T7Z1N3B,19,2,1787696863932,TRUE,2026-08-25T22:27:03Z,2026-08-25T22:27:44Z,01M0XEWYY70E7AF4NMGH9FGS3V,1787696823771
01M0XF6K6BESBWNRD1D613DNFG,01M0XEBKS2G948HDY26TVYK1X9,43,4,1787696831792,TRUE,2026-08-25T22:26:57Z,2026-08-25T22:27:12Z,01M0XERWA6XTSFFEAXHF1XTBP1,1787696816523
01M0XF6K6BESBWNRD1D613DNFG,01M0XEBKS2G948HDY26TVYK1X9,43,4,1787696831792,TRUE,2026-08-25T22:26:57Z,2026-08-25T22:27:12Z,01M0XEQS1Y61NYBS2B9X56Y7HM,1787696817956
01M0XFQWMFJ1CSAD29V9W8MJFQ,01M0XEP3TXK5Z02SVJR2VASG8P,38,4,1787697633302,TRUE,2026-08-25T22:40:13Z,2026-08-25T22:40:34Z,01M0XEX8ATRQ9G1A1T9FCE8VQM,1787697612999
01M0XFQWMFJ1CSAD29V9W8MJFQ,01M0XEP3TXK5Z02SVJR2VASG8P,38,4,1787697633302,TRUE,2026-08-25T22:40:13Z,2026-08-25T22:40:34Z,01M0XFGKS364T502MY6BASRSP2,1787697613912
01M0XF02VKSPWWX2ZG2EPH7F6P,01M0XEBFYZ40VDCCZ70PM6EWHK,3,1,1787695645580,TRUE,2026-08-25T22:07:07Z,2026-08-25T22:07:25Z,01M0XERQP1ZQ8ZKRV6F98VE778,1787695627502
01M0XF02VKSPWWX2ZG2EPH7F6P,01M0XEBFYZ40VDCCZ70PM6EWHK,3,1,1787695645580,TRUE,2026-08-25T22:07:07Z,2026-08-25T22:07:25Z,01M0XEW4XVCD53BQGS5F5TWC4E,1787695627539
01M0XF1C657X6DYKWP6M502CRM,01M0XEBJH722J4730WC5V8GCA8,0,1,1787695943310,TRUE,2026-08-25T22:11:33Z,2026-08-25T22:12:24Z,01M0XESZDE3CCGRVTP6G18ANBY,1787695893674
01M0XF1C657X6DYKWP6M502CRM,01M0XEBJH722J4730WC5V8GCA8,0,1,1787695943310,TRUE,2026-08-25T22:11:33Z,2026-08-25T22:12:24Z,01M0XERZFWJEZDBR149P6YH3F1,1787695892935
01M0XF755002947GCRZ0W8MMSW,01M0XEBJH4G5D0NKPXZ6BYKGS7,2,1,1787696299315,TRUE,2026-08-25T22:17:31Z,2026-08-25T22:18:19Z,01M0XERQ8TV5N8Y3NVYKQG5TNE,1787696250425
01M0XF755002947GCRZ0W8MMSW,01M0XEBJH4G5D0NKPXZ6BYKGS7,2,1,1787696299315,TRUE,2026-08-25T22:17:31Z,2026-08-25T22:18:19Z,01M0XER6FPF3N9GKNC8JSYE9M7,1787696251730
01M0XFQX25RQEHQSSJWPFBSD2Z,01M0XEP3TXK5Z02SVJR2VASG8P,27,3,1787697336781,TRUE,2026-08-25T22:34:36Z,2026-08-25T22:35:36Z,01M0XFGKS364T502MY6BASRSP2,1787697276751
01M0XFQX25RQEHQSSJWPFBSD2Z,01M0XEP3TXK5Z02SVJR2VASG8P,27,3,1787697336781,TRUE,2026-08-25T22:34:36Z,2026-08-25T22:35:36Z,01M0XEX8ATRQ9G1A1T9FCE8VQM,1787697276806
01M0XEXFR0F4ADKGBFN7MNFQ9P,01M0XEBFZ0825AFF4R333DJ4HK,39,4,1787697002936,TRUE,2026-08-25T22:29:50Z,2026-08-25T22:30:03Z,01M0XEQXMFVE0GRKM8DY7Y5DHN,1787696990234
01M0XEXFR0F4ADKGBFN7MNFQ9P,01M0XEBFZ0825AFF4R333DJ4HK,39,4,1787697002936,TRUE,2026-08-25T22:29:50Z,2026-08-25T22:30:03Z,01M0XER0XX29HJPEX4FRYGSWYD,1787696990036
01M0XF2RZYGTFE4M1YFV9H0NCC,01M0XEBKS0ZEFNX9SMQDQW2PZ4,13,2,1787697161006,TRUE,2026-08-25T22:31:50Z,2026-08-25T22:32:40Z,01M0XES69GNPHVSPMR1TVP4HAR,1787697111215
01M0XF2RZYGTFE4M1YFV9H0NCC,01M0XEBKS0ZEFNX9SMQDQW2PZ4,13,2,1787697161006,TRUE,2026-08-25T22:31:50Z,2026-08-25T22:32:40Z,01M0XER9CN1N4H5AFH0XVE2HCE,1787697144816
01M0XFEDXM68DTX6EMCYAJH6NA,01M0XF36KPEANMAA2FHR330CGB,47,4,1787698518327,TRUE,2026-08-25T22:55:00Z,2026-08-25T22:55:18Z,01M0XETGWM5RF9ZVRZXVQJA69R,1787698500769
01M0XFEDXM68DTX6EMCYAJH6NA,01M0XF36KPEANMAA2FHR330CGB,47,4,1787698518327,TRUE,2026-08-25T22:55:00Z,2026-08-25T22:55:18Z,01M0XES7WHX0W3E8PJ1JTK03A6,1787698500837
01M0XF02TVT4EHZV9FNBWSVDCW,01M0XEBFYZ40VDCCZ70PM6EWHK,0,1,1787695562647,FALSE,2026-08-25T22:05:19Z,2026-08-25T22:06:02Z,01M0XERQP1ZQ8ZKRV6F98VE778,1787695519051
01M0XF02TVT4EHZV9FNBWSVDCW,01M0XEBFYZ40VDCCZ70PM6EWHK,0,1,1787695562647,FALSE,2026-08-25T22:05:19Z,2026-08-25T22:06:02Z,01M0XEW4XVCD53BQGS5F5TWC4E,1787695519099
01M0XFCD6779Y8YYVHBYQAXFYZ,01M0XEP3TSE5MTCHYTC004C3XD,41,4,1785656082437,TRUE,2026-08-25T22:41:19Z,2026-08-25T22:41:24Z,01M0XETPA4APE5RG3CX52WNZAV,1787697679069
01M0XFCD6779Y8YYVHBYQAXFYZ,01M0XEP3TSE5MTCHYTC004C3XD,41,4,1785656082437,TRUE,2026-08-25T22:41:19Z,2026-08-25T22:41:24Z,01M0XEY6K6WQC3AV5JQQ7N3PQV,1785656077143
01M0XEYNTWJ0NYBMEZC0XYJSHJ,01M0XEBHFAZN8J8K9QJ4PMADCV,17,2,1787697255405,TRUE,2026-08-25T22:33:37Z,2026-08-25T22:34:18Z,01M0XEREB3GCTAQVXHQ8WY91H4,1787697217768
01M0XEYNTWJ0NYBMEZC0XYJSHJ,01M0XEBHFAZN8J8K9QJ4PMADCV,17,2,1787697255405,TRUE,2026-08-25T22:33:37Z,2026-08-25T22:34:18Z,01M0XES5Y1NQT19B2QBEJ1SE2V,1787697214149
01M0XEYNZ7SWRW22TNBAF5N6PC,01M0XEBHFAZN8J8K9QJ4PMADCV,43,4,1787698326874,TRUE,2026-08-25T22:51:38Z,2026-08-25T22:52:10Z,01M0XEREB3GCTAQVXHQ8WY91H4,1787698298812
01M0XEYNZ7SWRW22TNBAF5N6PC,01M0XEBHFAZN8J8K9QJ4PMADCV,43,4,1787698326874,TRUE,2026-08-25T22:51:38Z,2026-08-25T22:52:10Z,01M0XES5Y1NQT19B2QBEJ1SE2V,1787698295164
01M0XF02XGRS82PE0D8CYDCHR2,01M0XEBFYZ40VDCCZ70PM6EWHK,45,4,1787696633464,FALSE,2026-08-25T22:23:28Z,2026-08-25T22:23:53Z,01M0XEW4XVCD53BQGS5F5TWC4E,1787696608378
01M0XF02XGRS82PE0D8CYDCHR2,01M0XEBFYZ40VDCCZ70PM6EWHK,45,4,1787696633464,FALSE,2026-08-25T22:23:28Z,2026-08-25T22:23:53Z,01M0XERQP1ZQ8ZKRV6F98VE778,1787696608357
01M0XF1MS7H2B6XPVKV0AJ3XGC,01M0XEBHFGJ74MNH9PTVJNK0S2,32,3,1787697227661,TRUE,2026-08-25T22:33:35Z,2026-08-25T22:33:48Z,01M0XEREZ46CDWNZWM86P2TTE7,1787697214759
01M0XF1MS7H2B6XPVKV0AJ3XGC,01M0XEBHFGJ74MNH9PTVJNK0S2,32,3,1787697227661,TRUE,2026-08-25T22:33:35Z,2026-08-25T22:33:48Z,01M0XERNMK293CWHFMH4HQ05K1,1787697215077
01M0XF1CBFFWMBFYZVCAJ0EWEE,01M0XEBJH722J4730WC5V8GCA8,38,4,NA,FALSE,2026-08-25T22:34:59Z,2026-08-25T22:35:59Z,01M0XESZDE3CCGRVTP6G18ANBY,1787697299710
01M0XF1CBFFWMBFYZVCAJ0EWEE,01M0XEBJH722J4730WC5V8GCA8,38,4,NA,FALSE,2026-08-25T22:34:59Z,2026-08-25T22:35:59Z,01M0XERZFWJEZDBR149P6YH3F1,1787697298957
01M0XF6K0GD93PPRWFWWZCCDNH,01M0XEBKS2G948HDY26TVYK1X9,26,3,1787696463989,TRUE,2026-08-25T22:20:45Z,2026-08-25T22:21:03Z,01M0XEQS1Y61NYBS2B9X56Y7HM,1787696445778
01M0XF6K0GD93PPRWFWWZCCDNH,01M0XEBKS2G948HDY26TVYK1X9,26,3,1787696463989,TRUE,2026-08-25T22:20:45Z,2026-08-25T22:21:03Z,01M0XERWA6XTSFFEAXHF1XTBP1,1787696444273
01M0XF7KZKG2SPC04EVN9PFA13,01M0XEBKS0ZEFNX9SMQQNF9DE2,4,1,NA,NA,NA,2026-08-25T22:04:12Z,NA,NA
01M0XF7M57XYV7A924JQ8EZK17,01M0XEBKS0ZEFNX9SMQQNF9DE2,21,2,NA,NA,NA,2026-08-25T22:04:13Z,NA,NA
01M0XEYNWQNH95WHF1A32F7ZVX,01M0XEBHFAZN8J8K9QJ4PMADCV,11,1,1787696955178,FALSE,2026-08-25T22:28:57Z,2026-08-25T22:29:18Z,01M0XES5Y1NQT19B2QBEJ1SE2V,1787696934506
01M0XEYNWQNH95WHF1A32F7ZVX,01M0XEBHFAZN8J8K9QJ4PMADCV,11,1,1787696955178,FALSE,2026-08-25T22:28:57Z,2026-08-25T22:29:18Z,01M0XEREB3GCTAQVXHQ8WY91H4,1787696938112
01M0XF1CC1NW7FQ52N0VW3X4AM,01M0XEBJH722J4730WC5V8GCA8,39,4,NA,NA,NA,2026-08-25T22:00:48Z,NA,NA
01M0XFEDKQ21VERA9AEQMEFQR8,01M0XF36KPEANMAA2FHR330CGB,9,1,1787697451288,TRUE,2026-08-25T22:36:46Z,2026-08-25T22:37:31Z,01M0XETGWM5RF9ZVRZXVQJA69R,1787697406750
01M0XFEDKQ21VERA9AEQMEFQR8,01M0XF36KPEANMAA2FHR330CGB,9,1,1787697451288,TRUE,2026-08-25T22:36:46Z,2026-08-25T22:37:31Z,01M0XES7WHX0W3E8PJ1JTK03A6,1787697406836
01M0XF7M802G2AXKVQYHGKPDFS,01M0XEBKS0ZEFNX9SMQQNF9DE2,8,1,NA,NA,NA,2026-08-25T22:04:12Z,NA,NA
01M0XF1MP85EE3YC2XKVJM2VAS,01M0XEBHFGJ74MNH9PTVJNK0S2,12,2,1787696736258,TRUE,2026-08-25T22:25:17Z,2026-08-25T22:25:36Z,01M0XEREZ46CDWNZWM86P2TTE7,1787696716736
01M0XF1MP85EE3YC2XKVJM2VAS,01M0XEBHFGJ74MNH9PTVJNK0S2,12,2,1787696736258,TRUE,2026-08-25T22:25:17Z,2026-08-25T22:25:36Z,01M0XERNMK293CWHFMH4HQ05K1,1787696717073
01M0XF1MR5P2T1M46AWTFXC8NY,01M0XEBHFGJ74MNH9PTVJNK0S2,22,2,1787696997946,TRUE,2026-08-25T22:29:35Z,2026-08-25T22:29:58Z,01M0XEREZ46CDWNZWM86P2TTE7,1787696975622
01M0XF1MR5P2T1M46AWTFXC8NY,01M0XEBHFGJ74MNH9PTVJNK0S2,22,2,1787696997946,TRUE,2026-08-25T22:29:35Z,2026-08-25T22:29:58Z,01M0XERNMK293CWHFMH4HQ05K1,1787696975960
01M0XF2S0R6D89WXWR1BWPEX8R,01M0XEBKS0ZEFNX9SMQDQW2PZ4,16,2,1787697295576,TRUE,2026-08-25T22:33:53Z,2026-08-25T22:34:21Z,01M0XER9CN1N4H5AFH0XVE2HCE,1787697268129
01M0XF2S0R6D89WXWR1BWPEX8R,01M0XEBKS0ZEFNX9SMQDQW2PZ4,16,2,1787697295576,TRUE,2026-08-25T22:33:53Z,2026-08-25T22:34:21Z,01M0XES69GNPHVSPMR1TVP4HAR,1787697234532
01M0XF393B94NWZNH7RW9PNSJP,01M0XEBHF9Z6MD8PTP8NQ2PV26,32,3,1787696573049,TRUE,2026-08-25T22:22:42Z,2026-08-25T22:22:56Z,01M0XESRDHZJ3M6V0HK46Z1NMP,1787696562373
01M0XF393B94NWZNH7RW9PNSJP,01M0XEBHF9Z6MD8PTP8NQ2PV26,32,3,1787696573049,TRUE,2026-08-25T22:22:42Z,2026-08-25T22:22:56Z,01M0XESCE3HXZW59M8QA45SWJ1,1787696559818
01M0XF5S6SRQ9GCVRCCP01H26G,01M0XEP3V3T2RJX1S58T7Z1N3B,10,1,1787696567036,FALSE,2026-08-25T22:22:19Z,2026-08-25T22:22:47Z,01M0XERTSZ0TCDWRGM6GX23TW0,1787696539582
01M0XF5S6SRQ9GCVRCCP01H26G,01M0XEP3V3T2RJX1S58T7Z1N3B,10,1,1787696567036,FALSE,2026-08-25T22:22:19Z,2026-08-25T22:22:47Z,01M0XEWYY70E7AF4NMGH9FGS3V,1787696539962
01M0XF756H1ARN9H8AY8XMMQ6G,01M0XEBJH4G5D0NKPXZ6BYKGS7,10,1,1787696638121,TRUE,2026-08-25T22:23:26Z,2026-08-25T22:23:57Z,01M0XERQ8TV5N8Y3NVYKQG5TNE,1787696605096
01M0XF756H1ARN9H8AY8XMMQ6G,01M0XEBJH4G5D0NKPXZ6BYKGS7,10,1,1787696638121,TRUE,2026-08-25T22:23:26Z,2026-08-25T22:23:57Z,01M0XER6FPF3N9GKNC8JSYE9M7,1787696606392
01M0XF75D2HE7FKH6S4DDYAX77,01M0XEBJH4G5D0NKPXZ6BYKGS7,44,4,1787697330170,TRUE,2026-08-25T22:35:17Z,2026-08-25T22:35:30Z,01M0XERQ8TV5N8Y3NVYKQG5TNE,1787697316978
01M0XF75D2HE7FKH6S4DDYAX77,01M0XEBJH4G5D0NKPXZ6BYKGS7,44,4,1787697330170,TRUE,2026-08-25T22:35:17Z,2026-08-25T22:35:30Z,01M0XER6FPF3N9GKNC8JSYE9M7,1787697318270
01M0XFQX4WBWGKFTN81WFA22WZ,01M0XEP3TXK5Z02SVJR2VASG8P,34,3,1787697531131,FALSE,2026-08-25T22:37:56Z,2026-08-25T22:38:56Z,01M0XFGKS364T502MY6BASRSP2,1787697476527
01M0XFQX4WBWGKFTN81WFA22WZ,01M0XEP3TXK5Z02SVJR2VASG8P,34,3,1787697531131,FALSE,2026-08-25T22:37:56Z,2026-08-25T22:38:56Z,01M0XEX8ATRQ9G1A1T9FCE8VQM,1787697476912
01M0XF1MRZJ43029XQ4QWZFCYP,01M0XEBHFGJ74MNH9PTVJNK0S2,14,2,1787696782594,TRUE,2026-08-25T22:26:08Z,2026-08-25T22:26:23Z,01M0XEREZ46CDWNZWM86P2TTE7,1787696768018
01M0XF1MRZJ43029XQ4QWZFCYP,01M0XEBHFGJ74MNH9PTVJNK0S2,14,2,1787696782594,TRUE,2026-08-25T22:26:08Z,2026-08-25T22:26:23Z,01M0XERNMK293CWHFMH4HQ05K1,1787696768357
01M0XF38Y79FY8NC42MYSWVYXE,01M0XEBHF9Z6MD8PTP8NQ2PV26,0,1,1787695654748,TRUE,2026-08-25T22:07:04Z,2026-08-25T22:07:38Z,01M0XESCE3HXZW59M8QA45SWJ1,1787695621389
01M0XF38Y79FY8NC42MYSWVYXE,01M0XEBHF9Z6MD8PTP8NQ2PV26,0,1,1787695654748,TRUE,2026-08-25T22:07:04Z,2026-08-25T22:07:38Z,01M0XESRDHZJ3M6V0HK46Z1NMP,1787695624597
01M0XF5SBWEVF2NHVAVCBNQMM9,01M0XEP3V3T2RJX1S58T7Z1N3B,44,4,1787697577792,TRUE,2026-08-25T22:39:16Z,2026-08-25T22:39:38Z,01M0XERTSZ0TCDWRGM6GX23TW0,1787697556525
01M0XF5SBWEVF2NHVAVCBNQMM9,01M0XEP3V3T2RJX1S58T7Z1N3B,44,4,1787697577792,TRUE,2026-08-25T22:39:16Z,2026-08-25T22:39:38Z,01M0XEWYY70E7AF4NMGH9FGS3V,1787697556824
01M0XF75608FCAZ7SY0NQ1RG7N,01M0XEBJH4G5D0NKPXZ6BYKGS7,7,1,1787696523483,TRUE,2026-08-25T22:21:32Z,2026-08-25T22:22:04Z,01M0XERQ8TV5N8Y3NVYKQG5TNE,1787696491231
01M0XF75608FCAZ7SY0NQ1RG7N,01M0XEBJH4G5D0NKPXZ6BYKGS7,7,1,1787696523483,TRUE,2026-08-25T22:21:32Z,2026-08-25T22:22:04Z,01M0XER6FPF3N9GKNC8JSYE9M7,1787696492529
01M0XF395CFMHVZ99F6YAWM1HZ,01M0XEBHF9Z6MD8PTP8NQ2PV26,36,4,1787696642873,TRUE,2026-08-25T22:23:51Z,2026-08-25T22:24:06Z,01M0XESRDHZJ3M6V0HK46Z1NMP,1787696631846
01M0XF395CFMHVZ99F6YAWM1HZ,01M0XEBHF9Z6MD8PTP8NQ2PV26,36,4,1787696642873,TRUE,2026-08-25T22:23:51Z,2026-08-25T22:24:06Z,01M0XESCE3HXZW59M8QA45SWJ1,1787696629147
01M0XF5SAD9YGSQ6E9SK3H6CWC,01M0XEP3V3T2RJX1S58T7Z1N3B,38,4,1787697445861,TRUE,2026-08-25T22:37:15Z,2026-08-25T22:37:26Z,01M0XEWYY70E7AF4NMGH9FGS3V,1787697435340
01M0XF5SAD9YGSQ6E9SK3H6CWC,01M0XEP3V3T2RJX1S58T7Z1N3B,38,4,1787697445861,TRUE,2026-08-25T22:37:15Z,2026-08-25T22:37:26Z,01M0XERTSZ0TCDWRGM6GX23TW0,1787697435036
01M0XFCD2JKMGJK7VP0M796208,01M0XEP3TSE5MTCHYTC004C3XD,46,4,1787697747273,TRUE,2026-08-25T22:42:17Z,2026-08-25T22:42:27Z,01M0XEY6K6WQC3AV5JQQ7N3PQV,1785656135401
01M0XFCD2JKMGJK7VP0M796208,01M0XEP3TSE5MTCHYTC004C3XD,46,4,1787697747273,TRUE,2026-08-25T22:42:17Z,2026-08-25T22:42:27Z,01M0XETPA4APE5RG3CX52WNZAV,1787697737282
01M0XFCD416TQZDF2A2PXAM9MW,01M0XEP3TSE5MTCHYTC004C3XD,29,3,1785655922956,TRUE,2026-08-25T22:38:37Z,2026-08-25T22:38:45Z,01M0XEY6K6WQC3AV5JQQ7N3PQV,1785655915433
01M0XFCD416TQZDF2A2PXAM9MW,01M0XEP3TSE5MTCHYTC004C3XD,29,3,1785655922956,TRUE,2026-08-25T22:38:37Z,2026-08-25T22:38:45Z,01M0XETPA4APE5RG3CX52WNZAV,1787697517360
01M0XF07EBR791PXN48Z5BJ2RR,01M0XEBFYW1G5QWYVD4F1CEJQ3,11,1,1787696322585,TRUE,2026-08-25T22:18:12Z,2026-08-25T22:18:43Z,01M0XEQXM9M74Y1X1MWHARYCDC,1787696293357
01M0XF07EBR791PXN48Z5BJ2RR,01M0XEBFYW1G5QWYVD4F1CEJQ3,11,1,1787696322585,TRUE,2026-08-25T22:18:12Z,2026-08-25T22:18:43Z,01M0XER53CMDT435QVPYSPB86P,1787696292636
01M0XFCD8GNP60AFWQ2CM51VDT,01M0XEP3TSE5MTCHYTC004C3XD,35,3,1785656007339,FALSE,2026-08-25T22:39:56Z,2026-08-25T22:40:09Z,01M0XETPA4APE5RG3CX52WNZAV,1787697596601
01M0XFCD8GNP60AFWQ2CM51VDT,01M0XEP3TSE5MTCHYTC004C3XD,35,3,1785656007339,FALSE,2026-08-25T22:39:56Z,2026-08-25T22:40:09Z,01M0XEY6K6WQC3AV5JQQ7N3PQV,1785655994685
01M0XF6K3KCMJ58MF75ENPY6ED,01M0XEBKS2G948HDY26TVYK1X9,15,2,1787696159623,TRUE,2026-08-25T22:15:46Z,2026-08-25T22:16:00Z,01M0XEQS1Y61NYBS2B9X56Y7HM,1787696147299
01M0XF6K3KCMJ58MF75ENPY6ED,01M0XEBKS2G948HDY26TVYK1X9,15,2,1787696159623,TRUE,2026-08-25T22:15:46Z,2026-08-25T22:16:00Z,01M0XERWA6XTSFFEAXHF1XTBP1,1787696145745
01M0XEXFKEAPNGAR4E82FXH113,01M0XEBFZ0825AFF4R333DJ4HK,7,1,1787696115664,TRUE,2026-08-25T22:14:49Z,2026-08-25T22:15:16Z,01M0XER0XX29HJPEX4FRYGSWYD,1787696089743
01M0XEXFKEAPNGAR4E82FXH113,01M0XEBFZ0825AFF4R333DJ4HK,7,1,1787696115664,TRUE,2026-08-25T22:14:49Z,2026-08-25T22:15:16Z,01M0XEQXMFVE0GRKM8DY7Y5DHN,1787696089853
01M0XEYNWZ2W4NSQRV9BP7G4RY,01M0XEBHFAZN8J8K9QJ4PMADCV,15,2,1787697173629,TRUE,2026-08-25T22:32:03Z,2026-08-25T22:32:57Z,01M0XEREB3GCTAQVXHQ8WY91H4,1787697124507
01M0XEYNWZ2W4NSQRV9BP7G4RY,01M0XEBHFAZN8J8K9QJ4PMADCV,15,2,1787697173629,TRUE,2026-08-25T22:32:03Z,2026-08-25T22:32:57Z,01M0XES5Y1NQT19B2QBEJ1SE2V,1787697120901
01M0XEXFPXVXD4ENGKMDESAPCG,01M0XEBFZ0825AFF4R333DJ4HK,22,2,1787696611013,FALSE,2026-08-25T22:23:09Z,2026-08-25T22:23:31Z,01M0XEQXMFVE0GRKM8DY7Y5DHN,1787696589962
01M0XEXFPXVXD4ENGKMDESAPCG,01M0XEBFZ0825AFF4R333DJ4HK,22,2,1787696611013,FALSE,2026-08-25T22:23:09Z,2026-08-25T22:23:31Z,01M0XER0XX29HJPEX4FRYGSWYD,1787696589750
01M0XEYNTY8CD02RCRR0C4MG8W,01M0XEBHFAZN8J8K9QJ4PMADCV,18,2,1787697299288,TRUE,2026-08-25T22:34:22Z,2026-08-25T22:34:58Z,01M0XES5Y1NQT19B2QBEJ1SE2V,1787697259372
01M0XEYNTY8CD02RCRR0C4MG8W,01M0XEBHFAZN8J8K9QJ4PMADCV,18,2,1787697299288,TRUE,2026-08-25T22:34:22Z,2026-08-25T22:34:58Z,01M0XEREB3GCTAQVXHQ8WY91H4,1787697262996
01M0XF07C6QPKMEA4NVPSJJ4AY,01M0XEBFYW1G5QWYVD4F1CEJQ3,33,3,1787696733053,TRUE,2026-08-25T22:25:21Z,2026-08-25T22:25:33Z,01M0XEQXM9M74Y1X1MWHARYCDC,1787696721406
01M0XF07C6QPKMEA4NVPSJJ4AY,01M0XEBFYW1G5QWYVD4F1CEJQ3,33,3,1787696733053,TRUE,2026-08-25T22:25:21Z,2026-08-25T22:25:33Z,01M0XER53CMDT435QVPYSPB86P,1787696720776
01M0XF6JZ8KJKZ2QXKPMZXP2WP,01M0XEBKS2G948HDY26TVYK1X9,31,3,1787696552831,TRUE,2026-08-25T22:22:16Z,2026-08-25T22:22:33Z,01M0XEQS1Y61NYBS2B9X56Y7HM,1787696537245
01M0XF6JZ8KJKZ2QXKPMZXP2WP,01M0XEBKS2G948HDY26TVYK1X9,31,3,1787696552831,TRUE,2026-08-25T22:22:16Z,2026-08-25T22:22:33Z,01M0XERWA6XTSFFEAXHF1XTBP1,1787696535756
01M0XFEDRRTR0K6JC2GG1BHN1C,01M0XF36KPEANMAA2FHR330CGB,7,1,1787697348481,FALSE,2026-08-25T22:34:54Z,2026-08-25T22:35:48Z,01M0XETGWM5RF9ZVRZXVQJA69R,1787697294259
01M0XFEDRRTR0K6JC2GG1BHN1C,01M0XF36KPEANMAA2FHR330CGB,7,1,1787697348481,FALSE,2026-08-25T22:34:54Z,2026-08-25T22:35:48Z,01M0XES7WHX0W3E8PJ1JTK03A6,1787697294345
01M0XF07A6TZ42D45T9VDA92A4,01M0XEBFYW1G5QWYVD4F1CEJQ3,47,4,1787696938863,FALSE,2026-08-25T22:28:45Z,2026-08-25T22:28:59Z,01M0XER53CMDT435QVPYSPB86P,1787696924689
01M0XF07A6TZ42D45T9VDA92A4,01M0XEBFYW1G5QWYVD4F1CEJQ3,47,4,1787696938863,FALSE,2026-08-25T22:28:45Z,2026-08-25T22:28:59Z,01M0XEQXM9M74Y1X1MWHARYCDC,1787696925417
01M0XF6KBD7QGXWGVPXS8MRQWD,01M0XEBKS2G948HDY26TVYK1X9,33,3,1787696604135,FALSE,2026-08-25T22:23:07Z,2026-08-25T22:23:25Z,01M0XERWA6XTSFFEAXHF1XTBP1,1787696586284
01M0XF6KBD7QGXWGVPXS8MRQWD,01M0XEBKS2G948HDY26TVYK1X9,33,3,1787696604135,FALSE,2026-08-25T22:23:07Z,2026-08-25T22:23:25Z,01M0XEQS1Y61NYBS2B9X56Y7HM,1787696587761
01M0XEYNZ8VVENB112MWSRQWCR,01M0XEBHFAZN8J8K9QJ4PMADCV,44,4,1787698367804,TRUE,2026-08-25T22:52:14Z,2026-08-25T22:52:47Z,01M0XEREB3GCTAQVXHQ8WY91H4,1787698334607
01M0XEYNZ8VVENB112MWSRQWCR,01M0XEBHFAZN8J8K9QJ4PMADCV,44,4,1787698367804,TRUE,2026-08-25T22:52:14Z,2026-08-25T22:52:47Z,01M0XES5Y1NQT19B2QBEJ1SE2V,1787698330979
01M0XF2S4D5BRD6S95T40ENYJ1,01M0XEBKS0ZEFNX9SMQDQW2PZ4,38,4,1787698231837,TRUE,2026-08-25T22:49:39Z,2026-08-25T22:49:57Z,01M0XES69GNPHVSPMR1TVP4HAR,1787698181061
01M0XF2S4D5BRD6S95T40ENYJ1,01M0XEBKS0ZEFNX9SMQDQW2PZ4,38,4,1787698231837,TRUE,2026-08-25T22:49:39Z,2026-08-25T22:49:57Z,01M0XER9CN1N4H5AFH0XVE2HCE,1787698214622
01M0XFQX3P5CCQ64FHP98NYJ5V,01M0XEP3TXK5Z02SVJR2VASG8P,31,3,1787697429871,TRUE,2026-08-25T22:36:44Z,2026-08-25T22:37:09Z,01M0XEX8ATRQ9G1A1T9FCE8VQM,1787697411985
01M0XFQX3P5CCQ64FHP98NYJ5V,01M0XEP3TXK5Z02SVJR2VASG8P,31,3,1787697429871,TRUE,2026-08-25T22:36:44Z,2026-08-25T22:37:09Z,01M0XFGKS364T502MY6BASRSP2,1787697404775
01M0XF7572KJZEYJA28A6G4X6R,01M0XEBJH4G5D0NKPXZ6BYKGS7,13,2,1787696688371,TRUE,2026-08-25T22:24:39Z,2026-08-25T22:24:49Z,01M0XER6FPF3N9GKNC8JSYE9M7,1787696680108
01M0XF7572KJZEYJA28A6G4X6R,01M0XEBJH4G5D0NKPXZ6BYKGS7,13,2,1787696688371,TRUE,2026-08-25T22:24:39Z,2026-08-25T22:24:49Z,01M0XERQ8TV5N8Y3NVYKQG5TNE,1787696678795
01M0XF7M0S1W64EQWQNR47V6NV,01M0XEBKS0ZEFNX9SMQQNF9DE2,43,4,NA,NA,NA,2026-08-25T22:04:14Z,NA,NA
01M0XFEDAMPSVK0VJTQ4MVR5K1,01M0XF36KPEANMAA2FHR330CGB,24,3,1787697991500,TRUE,2026-08-25T22:46:14Z,2026-08-25T22:46:32Z,01M0XES7WHX0W3E8PJ1JTK03A6,1787697974290
01M0XFEDAMPSVK0VJTQ4MVR5K1,01M0XF36KPEANMAA2FHR330CGB,24,3,1787697991500,TRUE,2026-08-25T22:46:14Z,2026-08-25T22:46:32Z,01M0XETGWM5RF9ZVRZXVQJA69R,1787697974204
01M0XF2S35PWHAR8XBVXV2AMQD,01M0XEBKS0ZEFNX9SMQDQW2PZ4,28,3,1787697790727,TRUE,2026-08-25T22:42:00Z,2026-08-25T22:42:36Z,01M0XER9CN1N4H5AFH0XVE2HCE,1787697754698
01M0XF2S35PWHAR8XBVXV2AMQD,01M0XEBKS0ZEFNX9SMQDQW2PZ4,28,3,1787697790727,TRUE,2026-08-25T22:42:00Z,2026-08-25T22:42:36Z,01M0XES69GNPHVSPMR1TVP4HAR,1787697721128
01M0XF7M7TPK75A65TSTZT9XJB,01M0XEBKS0ZEFNX9SMQQNF9DE2,9,1,NA,NA,NA,2026-08-25T22:04:13Z,NA,NA
01M0XF1MSAVAG3F93JMBP7E3WG,01M0XEBHFGJ74MNH9PTVJNK0S2,33,3,1787697246395,TRUE,2026-08-25T22:33:51Z,2026-08-25T22:34:06Z,01M0XEREZ46CDWNZWM86P2TTE7,1787697231395
01M0XF1MSAVAG3F93JMBP7E3WG,01M0XEBHFGJ74MNH9PTVJNK0S2,33,3,1787697246395,TRUE,2026-08-25T22:33:51Z,2026-08-25T22:34:06Z,01M0XERNMK293CWHFMH4HQ05K1,1787697231744
01M0XF7M6XBS8P8YYTKJTBR61S,01M0XEBKS0ZEFNX9SMQQNF9DE2,14,2,NA,NA,NA,2026-08-25T22:04:13Z,NA,NA
01M0XFCCYHFTP56VYHBQ5298FJ,01M0XEP3TSE5MTCHYTC004C3XD,11,1,NA,FALSE,2026-08-25T22:27:37Z,2026-08-25T22:28:37Z,01M0XETPA4APE5RG3CX52WNZAV,1787696857164
01M0XFCCYHFTP56VYHBQ5298FJ,01M0XEP3TSE5MTCHYTC004C3XD,11,1,NA,FALSE,2026-08-25T22:27:37Z,2026-08-25T22:28:37Z,01M0XEY6K6WQC3AV5JQQ7N3PQV,1785655255242
01M0XFED8MHJAX5JESYEFQ6K81,01M0XF36KPEANMAA2FHR330CGB,28,3,1787698121920,TRUE,2026-08-25T22:48:24Z,2026-08-25T22:48:42Z,01M0XETGWM5RF9ZVRZXVQJA69R,1787698104079
01M0XFED8MHJAX5JESYEFQ6K81,01M0XF36KPEANMAA2FHR330CGB,28,3,1787698121920,TRUE,2026-08-25T22:48:24Z,2026-08-25T22:48:42Z,01M0XES7WHX0W3E8PJ1JTK03A6,1787698104161
01M0XF1MTCTYCMD50GYWNFYYBN,01M0XEBHFGJ74MNH9PTVJNK0S2,44,4,1787697446454,TRUE,2026-08-25T22:37:14Z,2026-08-25T22:37:27Z,01M0XEREZ46CDWNZWM86P2TTE7,1787697434540
01M0XF1MTCTYCMD50GYWNFYYBN,01M0XEBHFGJ74MNH9PTVJNK0S2,44,4,1787697446454,TRUE,2026-08-25T22:37:14Z,2026-08-25T22:37:27Z,01M0XERNMK293CWHFMH4HQ05K1,1787697434887
01M0XFCD3R9GDB2D23GYRHTFBE,01M0XEP3TSE5MTCHYTC004C3XD,30,3,1787697538574,TRUE,2026-08-25T22:38:48Z,2026-08-25T22:38:58Z,01M0XETPA4APE5RG3CX52WNZAV,1787697528904
01M0XFCD3R9GDB2D23GYRHTFBE,01M0XEP3TSE5MTCHYTC004C3XD,30,3,1787697538574,TRUE,2026-08-25T22:38:48Z,2026-08-25T22:38:58Z,01M0XEY6K6WQC3AV5JQQ7N3PQV,1785655926976
01M0XEXFSC9QE3NYTEZPW070K7,01M0XEBFZ0825AFF4R333DJ4HK,35,3,1787696924190,TRUE,2026-08-25T22:28:29Z,2026-08-25T22:28:44Z,01M0XEQXMFVE0GRKM8DY7Y5DHN,1787696909443
01M0XEXFSC9QE3NYTEZPW070K7,01M0XEBFZ0825AFF4R333DJ4HK,35,3,1787696924190,TRUE,2026-08-25T22:28:29Z,2026-08-25T22:28:44Z,01M0XER0XX29HJPEX4FRYGSWYD,1787696909244
01M0XEXFSHFNB78M9KVMDJMPNP,01M0XEBFZ0825AFF4R333DJ4HK,31,3,1787696832926,TRUE,2026-08-25T22:26:57Z,2026-08-25T22:27:13Z,01M0XEQXMFVE0GRKM8DY7Y5DHN,1787696817854
01M0XEXFSHFNB78M9KVMDJMPNP,01M0XEBFZ0825AFF4R333DJ4HK,31,3,1787696832926,TRUE,2026-08-25T22:26:57Z,2026-08-25T22:27:13Z,01M0XER0XX29HJPEX4FRYGSWYD,1787696817646
01M0XF5J3GPYP3K51XC2E26WVP,01M0XEBJH60M51NVP8EGS7231S,0,1,NA,FALSE,2026-08-25T22:08:36Z,2026-08-25T22:09:36Z,01M0XF1AW05AX3PDCQ9PWGAR99,1787695716348
01M0XF5J3GPYP3K51XC2E26WVP,01M0XEBJH60M51NVP8EGS7231S,0,1,NA,FALSE,2026-08-25T22:08:36Z,2026-08-25T22:09:36Z,01M0XEQNJ9809PHWDZ742E11VG,1787695717251
01M0XFQWQS40BXH21WF7BVE0Y2,01M0XEP3TXK5Z02SVJR2VASG8P,7,1,1787696644057,TRUE,2026-08-25T22:23:32Z,2026-08-25T22:24:03Z,01M0XFGKS364T502MY6BASRSP2,1787696612793
01M0XFQWQS40BXH21WF7BVE0Y2,01M0XEP3TXK5Z02SVJR2VASG8P,7,1,1787696644057,TRUE,2026-08-25T22:23:32Z,2026-08-25T22:24:03Z,01M0XEX8ATRQ9G1A1T9FCE8VQM,1787696612959
01M0XEXFS7QC1WZPAEVFH9K6EN,01M0XEBFZ0825AFF4R333DJ4HK,37,4,1787696964073,TRUE,2026-08-25T22:29:12Z,2026-08-25T22:29:24Z,01M0XER0XX29HJPEX4FRYGSWYD,1787696951968
01M0XEXFS7QC1WZPAEVFH9K6EN,01M0XEBFZ0825AFF4R333DJ4HK,37,4,1787696964073,TRUE,2026-08-25T22:29:12Z,2026-08-25T22:29:24Z,01M0XEQXMFVE0GRKM8DY7Y5DHN,1787696952287
01M0XF397NN0TMNSPVTWHY2GJG,01M0XEBHF9Z6MD8PTP8NQ2PV26,46,4,1787696806233,TRUE,2026-08-25T22:26:23Z,2026-08-25T22:26:50Z,01M0XESCE3HXZW59M8QA45SWJ1,1787696779674
01M0XF397NN0TMNSPVTWHY2GJG,01M0XEBHF9Z6MD8PTP8NQ2PV26,46,4,1787696806233,TRUE,2026-08-25T22:26:23Z,2026-08-25T22:26:50Z,01M0XESRDHZJ3M6V0HK46Z1NMP,1787696783157
01M0XF6K5AN7K43GQW7TDGQH9S,01M0XEBKS2G948HDY26TVYK1X9,12,2,1787696092653,TRUE,2026-08-25T22:14:36Z,2026-08-25T22:14:52Z,01M0XEQS1Y61NYBS2B9X56Y7HM,1787696077595
01M0XF6K5AN7K43GQW7TDGQH9S,01M0XEBKS2G948HDY26TVYK1X9,12,2,1787696092653,TRUE,2026-08-25T22:14:36Z,2026-08-25T22:14:52Z,01M0XERWA6XTSFFEAXHF1XTBP1,1787696076018
01M0XFED6050QXPDXTZ0BE0AJ5,01M0XF36KPEANMAA2FHR330CGB,34,3,1787698264678,TRUE,2026-08-25T22:50:46Z,2026-08-25T22:51:05Z,01M0XES7WHX0W3E8PJ1JTK03A6,1787698245944
01M0XFED6050QXPDXTZ0BE0AJ5,01M0XF36KPEANMAA2FHR330CGB,34,3,1787698264678,TRUE,2026-08-25T22:50:46Z,2026-08-25T22:51:05Z,01M0XETGWM5RF9ZVRZXVQJA69R,1787698245869
01M0XF5J7276SAN9ZY7C8CQKHM,01M0XEBJH60M51NVP8EGS7231S,17,2,1787696292303,TRUE,2026-08-25T22:17:45Z,2026-08-25T22:18:12Z,01M0XF1AW05AX3PDCQ9PWGAR99,1787696265922
01M0XF5J7276SAN9ZY7C8CQKHM,01M0XEBJH60M51NVP8EGS7231S,17,2,1787696292303,TRUE,2026-08-25T22:17:45Z,2026-08-25T22:18:12Z,01M0XEQNJ9809PHWDZ742E11VG,1787696266686
01M0XFCCXQR1V48PJZMY4BF3HF,01M0XEP3TSE5MTCHYTC004C3XD,13,2,1785655430040,FALSE,2026-08-25T22:29:42Z,2026-08-25T22:30:32Z,01M0XETPA4APE5RG3CX52WNZAV,1787696982277
01M0XFCCXQR1V48PJZMY4BF3HF,01M0XEP3TSE5MTCHYTC004C3XD,13,2,1785655430040,FALSE,2026-08-25T22:29:42Z,2026-08-25T22:30:32Z,01M0XEY6K6WQC3AV5JQQ7N3PQV,1785655380365
01M0XFQX7N0Q11XPX8C3KS6308,01M0XEP3TXK5Z02SVJR2VASG8P,43,4,1787697731474,TRUE,2026-08-25T22:41:52Z,2026-08-25T22:42:11Z,01M0XEX8ATRQ9G1A1T9FCE8VQM,1787697712515
01M0XFQX7N0Q11XPX8C3KS6308,01M0XEP3TXK5Z02SVJR2VASG8P,43,4,1787697731474,TRUE,2026-08-25T22:41:52Z,2026-08-25T22:42:11Z,01M0XFGKS364T502MY6BASRSP2,1787697712716
01M0XF38Z02H8WHGA1EX13Z4GM,01M0XEBHF9Z6MD8PTP8NQ2PV26,24,3,1787696442336,TRUE,2026-08-25T22:20:31Z,2026-08-25T22:20:45Z,01M0XESRDHZJ3M6V0HK46Z1NMP,1787696431613
01M0XF38Z02H8WHGA1EX13Z4GM,01M0XEBHF9Z6MD8PTP8NQ2PV26,24,3,1787696442336,TRUE,2026-08-25T22:20:31Z,2026-08-25T22:20:45Z,01M0XESCE3HXZW59M8QA45SWJ1,1787696428539
01M0XF5S93DPNKHS7ZZ0V645CH,01M0XEP3V3T2RJX1S58T7Z1N3B,30,3,1787697230350,TRUE,2026-08-25T22:33:24Z,2026-08-25T22:33:50Z,01M0XERTSZ0TCDWRGM6GX23TW0,1787697204591
01M0XF5S93DPNKHS7ZZ0V645CH,01M0XEP3V3T2RJX1S58T7Z1N3B,30,3,1787697230350,TRUE,2026-08-25T22:33:24Z,2026-08-25T22:33:50Z,01M0XEWYY70E7AF4NMGH9FGS3V,1787697204904
01M0XF6KB70CTX1BYYP9DFACJB,01M0XEBKS2G948HDY26TVYK1X9,34,3,1787696643453,TRUE,2026-08-25T22:23:29Z,2026-08-25T22:24:02Z,01M0XERWA6XTSFFEAXHF1XTBP1,1787696608352
01M0XF6KB70CTX1BYYP9DFACJB,01M0XEBKS2G948HDY26TVYK1X9,34,3,1787696643453,TRUE,2026-08-25T22:23:29Z,2026-08-25T22:24:02Z,01M0XEQS1Y61NYBS2B9X56Y7HM,1787696609828
01M0XF757STNT61PGX0W3BAPR5,01M0XEBJH4G5D0NKPXZ6BYKGS7,16,2,1787696736157,TRUE,2026-08-25T22:25:26Z,2026-08-25T22:25:35Z,01M0XER6FPF3N9GKNC8JSYE9M7,1787696727075
01M0XF757STNT61PGX0W3BAPR5,01M0XEBJH4G5D0NKPXZ6BYKGS7,16,2,1787696736157,TRUE,2026-08-25T22:25:26Z,2026-08-25T22:25:35Z,01M0XERQ8TV5N8Y3NVYKQG5TNE,1787696725304
01M0XF5J8S18TSJ0YJVF3C3HTE,01M0XEBJH60M51NVP8EGS7231S,27,3,1787696478492,TRUE,2026-08-25T22:21:11Z,2026-08-25T22:21:18Z,01M0XF1AW05AX3PDCQ9PWGAR99,1787696471427
01M0XF5J8S18TSJ0YJVF3C3HTE,01M0XEBJH60M51NVP8EGS7231S,27,3,1787696478492,TRUE,2026-08-25T22:21:11Z,2026-08-25T22:21:18Z,01M0XEQNJ9809PHWDZ742E11VG,1787696472304
01M0XEXFQHZS21NY8EWKQ7KGJH,01M0XEBFZ0825AFF4R333DJ4HK,41,4,1787697046897,TRUE,2026-08-25T22:30:26Z,2026-08-25T22:30:47Z,01M0XER0XX29HJPEX4FRYGSWYD,1787697025964
01M0XEXFQHZS21NY8EWKQ7KGJH,01M0XEBFZ0825AFF4R333DJ4HK,41,4,1787697046897,TRUE,2026-08-25T22:30:26Z,2026-08-25T22:30:47Z,01M0XEQXMFVE0GRKM8DY7Y5DHN,1787697026283
01M0XF02XC5D7VJK2H6ZMC9W4N,01M0XEBFYZ40VDCCZ70PM6EWHK,44,4,1787696604670,TRUE,2026-08-25T22:23:11Z,2026-08-25T22:23:24Z,01M0XERQP1ZQ8ZKRV6F98VE778,1787696591756
01M0XF02XC5D7VJK2H6ZMC9W4N,01M0XEBFYZ40VDCCZ70PM6EWHK,44,4,1787696604670,TRUE,2026-08-25T22:23:11Z,2026-08-25T22:23:24Z,01M0XEW4XVCD53BQGS5F5TWC4E,1787696591773
01M0XFCD9YGEV96HXH2Z1JMD7V,01M0XEP3TSE5MTCHYTC004C3XD,44,4,1787697721408,TRUE,2026-08-25T22:41:51Z,2026-08-25T22:42:01Z,01M0XEY6K6WQC3AV5JQQ7N3PQV,1785656109367
01M0XFCD9YGEV96HXH2Z1JMD7V,01M0XEP3TSE5MTCHYTC004C3XD,44,4,1787697721408,TRUE,2026-08-25T22:41:51Z,2026-08-25T22:42:01Z,01M0XETPA4APE5RG3CX52WNZAV,1787697711287
01M0XF5JAQ9FTXPBPWRX1C7BNS,01M0XEBJH60M51NVP8EGS7231S,39,4,1787696648057,TRUE,2026-08-25T22:23:58Z,2026-08-25T22:24:08Z,01M0XF1AW05AX3PDCQ9PWGAR99,1787696638534
01M0XF5JAQ9FTXPBPWRX1C7BNS,01M0XEBJH60M51NVP8EGS7231S,39,4,1787696648057,TRUE,2026-08-25T22:23:58Z,2026-08-25T22:24:08Z,01M0XEQNJ9809PHWDZ742E11VG,1787696639420
01M0XF5SAHFP553108BGAX0E6R,01M0XEP3V3T2RJX1S58T7Z1N3B,39,4,1787697463444,TRUE,2026-08-25T22:37:30Z,2026-08-25T22:37:43Z,01M0XERTSZ0TCDWRGM6GX23TW0,1787697450015
01M0XF5SAHFP553108BGAX0E6R,01M0XEP3V3T2RJX1S58T7Z1N3B,39,4,1787697463444,TRUE,2026-08-25T22:37:30Z,2026-08-25T22:37:43Z,01M0XEWYY70E7AF4NMGH9FGS3V,1787697450320
01M0XFQWRHY24AY4E7J2V9MM0G,01M0XEP3TXK5Z02SVJR2VASG8P,10,1,1787696738154,TRUE,2026-08-25T22:25:22Z,2026-08-25T22:25:39Z,01M0XFGKS364T502MY6BASRSP2,1787696722447
01M0XFQWRHY24AY4E7J2V9MM0G,01M0XEP3TXK5Z02SVJR2VASG8P,10,1,1787696738154,TRUE,2026-08-25T22:25:22Z,2026-08-25T22:25:39Z,01M0XEX8ATRQ9G1A1T9FCE8VQM,1787696723319
01M0XF6K952CYRMMGSNR7GAQK7,01M0XEBKS2G948HDY26TVYK1X9,38,4,1787696714942,TRUE,2026-08-25T22:24:46Z,2026-08-25T22:25:14Z,01M0XEQS1Y61NYBS2B9X56Y7HM,1787696687362
01M0XF6K952CYRMMGSNR7GAQK7,01M0XEBKS2G948HDY26TVYK1X9,38,4,1787696714942,TRUE,2026-08-25T22:24:46Z,2026-08-25T22:25:14Z,01M0XERWA6XTSFFEAXHF1XTBP1,1787696685901
01M0XFCCYXDQ8BQ39QNFNJZRDF,01M0XEP3TSE5MTCHYTC004C3XD,10,1,1787696853409,FALSE,2026-08-25T22:27:04Z,2026-08-25T22:27:33Z,01M0XETPA4APE5RG3CX52WNZAV,1787696824507
01M0XFCCYXDQ8BQ39QNFNJZRDF,01M0XEP3TSE5MTCHYTC004C3XD,10,1,1787696853409,FALSE,2026-08-25T22:27:04Z,2026-08-25T22:27:33Z,01M0XEY6K6WQC3AV5JQQ7N3PQV,1785655222595
01M0XF07C9MJEBD0SS6ZTAV8WB,01M0XEBFYW1G5QWYVD4F1CEJQ3,32,3,1787696717062,TRUE,2026-08-25T22:25:10Z,2026-08-25T22:25:17Z,01M0XEQXM9M74Y1X1MWHARYCDC,1787696710876
01M0XF07C9MJEBD0SS6ZTAV8WB,01M0XEBFYW1G5QWYVD4F1CEJQ3,32,3,1787696717062,TRUE,2026-08-25T22:25:10Z,2026-08-25T22:25:17Z,01M0XER53CMDT435QVPYSPB86P,1787696710102
01M0XF1MPRYQ41BFQEHPDABJSA,01M0XEBHFGJ74MNH9PTVJNK0S2,47,4,1787697490864,TRUE,2026-08-25T22:37:59Z,2026-08-25T22:38:10Z,01M0XEREZ46CDWNZWM86P2TTE7,1787697478693
01M0XF1MPRYQ41BFQEHPDABJSA,01M0XEBHFGJ74MNH9PTVJNK0S2,47,4,1787697490864,TRUE,2026-08-25T22:37:59Z,2026-08-25T22:38:10Z,01M0XERNMK293CWHFMH4HQ05K1,1787697479048
01M0XFQX2HPFRPGXGGBAY0QPZY,01M0XEP3TXK5Z02SVJR2VASG8P,28,3,1787697353660,TRUE,2026-08-25T22:35:40Z,2026-08-25T22:35:54Z,01M0XEX8ATRQ9G1A1T9FCE8VQM,1787697342901
01M0XFQX2HPFRPGXGGBAY0QPZY,01M0XEP3TXK5Z02SVJR2VASG8P,28,3,1787697353660,TRUE,2026-08-25T22:35:40Z,2026-08-25T22:35:54Z,01M0XFGKS364T502MY6BASRSP2,1787697340666
01M0XF5S4TNSZ8ANB16H6VPJAG,01M0XEP3V3T2RJX1S58T7Z1N3B,6,1,1787696414939,FALSE,2026-08-25T22:19:45Z,2026-08-25T22:20:15Z,01M0XEWYY70E7AF4NMGH9FGS3V,1787696385607
01M0XF5S4TNSZ8ANB16H6VPJAG,01M0XEP3V3T2RJX1S58T7Z1N3B,6,1,1787696414939,FALSE,2026-08-25T22:19:45Z,2026-08-25T22:20:15Z,01M0XERTSZ0TCDWRGM6GX23TW0,1787696385187
01M0XF5S85M8KFDT1NC8VJGNT5,01M0XEP3V3T2RJX1S58T7Z1N3B,47,4,1787697657593,TRUE,2026-08-25T22:40:20Z,2026-08-25T22:40:57Z,01M0XERTSZ0TCDWRGM6GX23TW0,1787697620244
01M0XF5S85M8KFDT1NC8VJGNT5,01M0XEP3V3T2RJX1S58T7Z1N3B,47,4,1787697657593,TRUE,2026-08-25T22:40:20Z,2026-08-25T22:40:57Z,01M0XEWYY70E7AF4NMGH9FGS3V,1787697620500
01M0XF1C963BGCAC9XHRXFJKJG,01M0XEBJH722J4730WC5V8GCA8,34,3,NA,FALSE,2026-08-25T22:30:45Z,2026-08-25T22:31:45Z,01M0XESZDE3CCGRVTP6G18ANBY,1787697045502
01M0XF1C963BGCAC9XHRXFJKJG,01M0XEBJH722J4730WC5V8GCA8,34,3,NA,FALSE,2026-08-25T22:30:45Z,2026-08-25T22:31:45Z,01M0XERZFWJEZDBR149P6YH3F1,1787697044822
01M0XF1C9D4WFWHTQRH1K43EPX,01M0XEBJH722J4730WC5V8GCA8,5,1,1787696106919,FALSE,2026-08-25T22:14:33Z,2026-08-25T22:15:07Z,01M0XESZDE3CCGRVTP6G18ANBY,1787696073245
01M0XF1C9D4WFWHTQRH1K43EPX,01M0XEBJH722J4730WC5V8GCA8,5,1,1787696106919,FALSE,2026-08-25T22:14:33Z,2026-08-25T22:15:07Z,01M0XERZFWJEZDBR149P6YH3F1,1787696072491
01M0XF1CDSWX84B5YANFRREZ8A,01M0XEBJH722J4730WC5V8GCA8,24,3,1787696727458,TRUE,2026-08-25T22:25:10Z,2026-08-25T22:25:28Z,01M0XESZDE3CCGRVTP6G18ANBY,1787696710113
01M0XF1CDSWX84B5YANFRREZ8A,01M0XEBJH722J4730WC5V8GCA8,24,3,1787696727458,TRUE,2026-08-25T22:25:10Z,2026-08-25T22:25:28Z,01M0XERZFWJEZDBR149P6YH3F1,1787696709358
01M0XF5J804NXAYXYJM4QX73AQ,01M0XEBJH60M51NVP8EGS7231S,22,2,1787696405551,TRUE,2026-08-25T22:19:37Z,2026-08-25T22:20:04Z,01M0XEQNJ9809PHWDZ742E11VG,1787696378206
01M0XF5J804NXAYXYJM4QX73AQ,01M0XEBJH60M51NVP8EGS7231S,22,2,1787696405551,TRUE,2026-08-25T22:19:37Z,2026-08-25T22:20:04Z,01M0XF1AW05AX3PDCQ9PWGAR99,1787696377237
01M0XF02Z89YG7Y95S14VF7G3D,01M0XEBFYZ40VDCCZ70PM6EWHK,15,2,1787695983350,TRUE,2026-08-25T22:12:52Z,2026-08-25T22:13:03Z,01M0XEW4XVCD53BQGS5F5TWC4E,1787695972100
01M0XF02Z89YG7Y95S14VF7G3D,01M0XEBFYZ40VDCCZ70PM6EWHK,15,2,1787695983350,TRUE,2026-08-25T22:12:52Z,2026-08-25T22:13:03Z,01M0XERQP1ZQ8ZKRV6F98VE778,1787695972062
01M0XF3928QMWE9NKE3QSF29GY,01M0XEBHF9Z6MD8PTP8NQ2PV26,19,2,1787696295240,TRUE,2026-08-25T22:17:44Z,2026-08-25T22:18:15Z,01M0XESRDHZJ3M6V0HK46Z1NMP,1787696264259
01M0XF3928QMWE9NKE3QSF29GY,01M0XEBHF9Z6MD8PTP8NQ2PV26,19,2,1787696295240,TRUE,2026-08-25T22:17:44Z,2026-08-25T22:18:15Z,01M0XESCE3HXZW59M8QA45SWJ1,1787696261151
01M0XF5S2P176PXD0PFRMN19XA,01M0XEP3V3T2RJX1S58T7Z1N3B,24,3,1787697022459,TRUE,2026-08-25T22:30:14Z,2026-08-25T22:30:22Z,01M0XEWYY70E7AF4NMGH9FGS3V,1787697014238
01M0XF5S2P176PXD0PFRMN19XA,01M0XEP3V3T2RJX1S58T7Z1N3B,24,3,1787697022459,TRUE,2026-08-25T22:30:14Z,2026-08-25T22:30:22Z,01M0XERTSZ0TCDWRGM6GX23TW0,1787697013892
01M0XF5SAADEWGCC7A454S7J1Y,01M0XEP3V3T2RJX1S58T7Z1N3B,37,4,1787697431510,TRUE,2026-08-25T22:36:53Z,2026-08-25T22:37:11Z,01M0XERTSZ0TCDWRGM6GX23TW0,1787697413472
01M0XF5SAADEWGCC7A454S7J1Y,01M0XEP3V3T2RJX1S58T7Z1N3B,37,4,1787697431510,TRUE,2026-08-25T22:36:53Z,2026-08-25T22:37:11Z,01M0XEWYY70E7AF4NMGH9FGS3V,1787697413786
01M0XF6K863NKAF28Z7DVPKVBS,01M0XEBKS2G948HDY26TVYK1X9,40,4,1787696753353,TRUE,2026-08-25T22:25:31Z,2026-08-25T22:25:52Z,01M0XEQS1Y61NYBS2B9X56Y7HM,1787696731756
01M0XF6K863NKAF28Z7DVPKVBS,01M0XEBKS2G948HDY26TVYK1X9,40,4,1787696753353,TRUE,2026-08-25T22:25:31Z,2026-08-25T22:25:52Z,01M0XERWA6XTSFFEAXHF1XTBP1,1787696730302
01M0XF7584J17SPHX3CM82F2MH,01M0XEBJH4G5D0NKPXZ6BYKGS7,18,2,1787696771661,FALSE,2026-08-25T22:25:56Z,2026-08-25T22:26:11Z,01M0XERQ8TV5N8Y3NVYKQG5TNE,1787696755128
01M0XF7584J17SPHX3CM82F2MH,01M0XEBJH4G5D0NKPXZ6BYKGS7,18,2,1787696771661,FALSE,2026-08-25T22:25:56Z,2026-08-25T22:26:11Z,01M0XER6FPF3N9GKNC8JSYE9M7,1787696756291
01M0XFED7697413TM1FX9YT4VR,01M0XF36KPEANMAA2FHR330CGB,31,3,1787698204765,TRUE,2026-08-25T22:49:45Z,2026-08-25T22:50:05Z,01M0XES7WHX0W3E8PJ1JTK03A6,1787698185105
01M0XFED7697413TM1FX9YT4VR,01M0XF36KPEANMAA2FHR330CGB,31,3,1787698204765,TRUE,2026-08-25T22:49:45Z,2026-08-25T22:50:05Z,01M0XETGWM5RF9ZVRZXVQJA69R,1787698185030
01M0XFEDGFRXRQDJGMS9PV1DJ9,01M0XF36KPEANMAA2FHR330CGB,16,2,1787697747235,TRUE,2026-08-25T22:42:10Z,2026-08-25T22:42:27Z,01M0XETGWM5RF9ZVRZXVQJA69R,1787697730145
01M0XFEDGFRXRQDJGMS9PV1DJ9,01M0XF36KPEANMAA2FHR330CGB,16,2,1787697747235,TRUE,2026-08-25T22:42:10Z,2026-08-25T22:42:27Z,01M0XES7WHX0W3E8PJ1JTK03A6,1787697730229
01M0XF1MR1HDPV8PZVWEKBJFJP,01M0XEBHFGJ74MNH9PTVJNK0S2,27,3,1787697119455,TRUE,2026-08-25T22:31:36Z,2026-08-25T22:31:59Z,01M0XEREZ46CDWNZWM86P2TTE7,1787697095855
01M0XF1MR1HDPV8PZVWEKBJFJP,01M0XEBHFGJ74MNH9PTVJNK0S2,27,3,1787697119455,TRUE,2026-08-25T22:31:36Z,2026-08-25T22:31:59Z,01M0XERNMK293CWHFMH4HQ05K1,1787697096198
01M0XFEDC3MQ7SNMM8YZ1CE07N,01M0XF36KPEANMAA2FHR330CGB,21,2,1787697898670,TRUE,2026-08-25T22:44:40Z,2026-08-25T22:44:59Z,01M0XETGWM5RF9ZVRZXVQJA69R,1787697880379
01M0XFEDC3MQ7SNMM8YZ1CE07N,01M0XF36KPEANMAA2FHR330CGB,21,2,1787697898670,TRUE,2026-08-25T22:44:40Z,2026-08-25T22:44:59Z,01M0XES7WHX0W3E8PJ1JTK03A6,1787697880470
01M0XEYNXXNXCBHMVDYBV4HC3W,01M0XEBHFAZN8J8K9QJ4PMADCV,35,3,1787698060754,TRUE,2026-08-25T22:46:51Z,2026-08-25T22:47:44Z,01M0XEREB3GCTAQVXHQ8WY91H4,1787698011684
01M0XEYNXXNXCBHMVDYBV4HC3W,01M0XEBHFAZN8J8K9QJ4PMADCV,35,3,1787698060754,TRUE,2026-08-25T22:46:51Z,2026-08-25T22:47:44Z,01M0XES5Y1NQT19B2QBEJ1SE2V,1787698008049
01M0XF2RYN578NRDVNNNNMYF45,01M0XEBKS0ZEFNX9SMQDQW2PZ4,47,4,1787698555393,TRUE,2026-08-25T22:55:18Z,2026-08-25T22:55:54Z,01M0XER9CN1N4H5AFH0XVE2HCE,1787698553458
01M0XF2RYN578NRDVNNNNMYF45,01M0XEBKS0ZEFNX9SMQDQW2PZ4,47,4,1787698555393,TRUE,2026-08-25T22:55:18Z,2026-08-25T22:55:54Z,01M0XES69GNPHVSPMR1TVP4HAR,1787698519914
01M0XF1MT1WN1ST3Z41KTMQZRK,01M0XEBHFGJ74MNH9PTVJNK0S2,41,4,1787697389673,TRUE,2026-08-25T22:36:00Z,2026-08-25T22:36:29Z,01M0XERNMK293CWHFMH4HQ05K1,1787697360673
01M0XF1MT1WN1ST3Z41KTMQZRK,01M0XEBHFGJ74MNH9PTVJNK0S2,41,4,1787697389673,TRUE,2026-08-25T22:36:00Z,2026-08-25T22:36:29Z,01M0XEREZ46CDWNZWM86P2TTE7,1787697360273
01M0XF5J8Z1VAGREF036VESDM9,01M0XEBJH60M51NVP8EGS7231S,28,3,1787696499885,TRUE,2026-08-25T22:21:22Z,2026-08-25T22:21:39Z,01M0XEQNJ9809PHWDZ742E11VG,1787696482954
01M0XF5J8Z1VAGREF036VESDM9,01M0XEBJH60M51NVP8EGS7231S,28,3,1787696499885,TRUE,2026-08-25T22:21:22Z,2026-08-25T22:21:39Z,01M0XF1AW05AX3PDCQ9PWGAR99,1787696482061
01M0XFEDT3PB4ZHEERTK4ZWCW5,01M0XF36KPEANMAA2FHR330CGB,6,1,1787697289598,TRUE,2026-08-25T22:34:04Z,2026-08-25T22:34:50Z,01M0XETGWM5RF9ZVRZXVQJA69R,1787697244567
01M0XFEDT3PB4ZHEERTK4ZWCW5,01M0XF36KPEANMAA2FHR330CGB,6,1,1787697289598,TRUE,2026-08-25T22:34:04Z,2026-08-25T22:34:50Z,01M0XES7WHX0W3E8PJ1JTK03A6,1787697244654
01M0XFQX34SH09ZCPW2GJ8X7JR,01M0XEP3TXK5Z02SVJR2VASG8P,30,3,1787697399754,TRUE,2026-08-25T22:36:26Z,2026-08-25T22:36:40Z,01M0XFGKS364T502MY6BASRSP2,1787697386483
01M0XFQX34SH09ZCPW2GJ8X7JR,01M0XEP3TXK5Z02SVJR2VASG8P,30,3,1787697399754,TRUE,2026-08-25T22:36:26Z,2026-08-25T22:36:40Z,01M0XEX8ATRQ9G1A1T9FCE8VQM,1787697385683
01M0XFED3CJFX5PJVSCZHC9YG4,01M0XF36KPEANMAA2FHR330CGB,0,1,NA,FALSE,2026-08-25T22:28:32Z,2026-08-25T22:29:32Z,01M0XETGWM5RF9ZVRZXVQJA69R,1787696912321
01M0XFED3CJFX5PJVSCZHC9YG4,01M0XF36KPEANMAA2FHR330CGB,0,1,NA,FALSE,2026-08-25T22:28:32Z,2026-08-25T22:29:32Z,01M0XES7WHX0W3E8PJ1JTK03A6,1787696912412
01M0XF393ZZ7Z2AQED6TTNYZJV,01M0XEBHF9Z6MD8PTP8NQ2PV26,5,1,1787695808743,TRUE,2026-08-25T22:09:34Z,2026-08-25T22:10:08Z,01M0XESCE3HXZW59M8QA45SWJ1,1787695770793
01M0XF393ZZ7Z2AQED6TTNYZJV,01M0XEBHF9Z6MD8PTP8NQ2PV26,5,1,1787695808743,TRUE,2026-08-25T22:09:34Z,2026-08-25T22:10:08Z,01M0XESRDHZJ3M6V0HK46Z1NMP,1787695774086
01M0XFQWSB3NJMDV43BZYEF62V,01M0XEP3TXK5Z02SVJR2VASG8P,12,2,1787696823510,TRUE,2026-08-25T22:26:44Z,2026-08-25T22:27:06Z,01M0XEX8ATRQ9G1A1T9FCE8VQM,1787696807399
01M0XFQWSB3NJMDV43BZYEF62V,01M0XEP3TXK5Z02SVJR2VASG8P,12,2,1787696823510,TRUE,2026-08-25T22:26:44Z,2026-08-25T22:27:06Z,01M0XFGKS364T502MY6BASRSP2,1787696805076
01M0XEXFG29FBZWFPSA2FP3BMG,01M0XEBFZ0825AFF4R333DJ4HK,0,1,1787695827283,FALSE,2026-08-25T22:09:57Z,2026-08-25T22:10:27Z,01M0XER0XX29HJPEX4FRYGSWYD,1787695797597
01M0XEXFG29FBZWFPSA2FP3BMG,01M0XEBFZ0825AFF4R333DJ4HK,0,1,1787695827283,FALSE,2026-08-25T22:09:57Z,2026-08-25T22:10:27Z,01M0XEQXMFVE0GRKM8DY7Y5DHN,1787695797643
01M0XF391TWHX7F7JMM851DZRC,01M0XEBHF9Z6MD8PTP8NQ2PV26,16,2,1787696193659,TRUE,2026-08-25T22:16:13Z,2026-08-25T22:16:37Z,01M0XESCE3HXZW59M8QA45SWJ1,1787696170188
01M0XF391TWHX7F7JMM851DZRC,01M0XEBHF9Z6MD8PTP8NQ2PV26,16,2,1787696193659,TRUE,2026-08-25T22:16:13Z,2026-08-25T22:16:37Z,01M0XESRDHZJ3M6V0HK46Z1NMP,1787696173497
01M0XF394Z719JQ6VPGHQEZ3MS,01M0XEBHF9Z6MD8PTP8NQ2PV26,10,1,1787696015342,TRUE,2026-08-25T22:13:03Z,2026-08-25T22:13:39Z,01M0XESCE3HXZW59M8QA45SWJ1,1787695980887
01M0XF394Z719JQ6VPGHQEZ3MS,01M0XEBHF9Z6MD8PTP8NQ2PV26,10,1,1787696015342,TRUE,2026-08-25T22:13:03Z,2026-08-25T22:13:39Z,01M0XESRDHZJ3M6V0HK46Z1NMP,1787695983942
01M0XFQX6FT6DS6JFWP098F6WG,01M0XEP3TXK5Z02SVJR2VASG8P,40,4,1787697665263,TRUE,2026-08-25T22:40:57Z,2026-08-25T22:41:06Z,01M0XEX8ATRQ9G1A1T9FCE8VQM,1787697658587
01M0XFQX6FT6DS6JFWP098F6WG,01M0XEP3TXK5Z02SVJR2VASG8P,40,4,1787697665263,TRUE,2026-08-25T22:40:57Z,2026-08-25T22:41:06Z,01M0XFGKS364T502MY6BASRSP2,1787697658130
01M0XF3957P7JV7WB3DRZGRD15,01M0XEBHF9Z6MD8PTP8NQ2PV26,35,3,1787696628246,TRUE,2026-08-25T22:23:39Z,2026-08-25T22:23:48Z,01M0XESCE3HXZW59M8QA45SWJ1,1787696616546
01M0XF3957P7JV7WB3DRZGRD15,01M0XEBHF9Z6MD8PTP8NQ2PV26,35,3,1787696628246,TRUE,2026-08-25T22:23:39Z,2026-08-25T22:23:48Z,01M0XESRDHZJ3M6V0HK46Z1NMP,1787696619045
01M0XF5J89BJ6VKCQH2CTBSW53,01M0XEBJH60M51NVP8EGS7231S,24,3,1787696436759,TRUE,2026-08-25T22:20:25Z,2026-08-25T22:20:35Z,01M0XF1AW05AX3PDCQ9PWGAR99,1787696425160
01M0XF5J89BJ6VKCQH2CTBSW53,01M0XEBJH60M51NVP8EGS7231S,24,3,1787696436759,TRUE,2026-08-25T22:20:25Z,2026-08-25T22:20:35Z,01M0XEQNJ9809PHWDZ742E11VG,1787696426138
01M0XEYNTZ0DTC9WMG4MCZ7DW7,01M0XEBHFAZN8J8K9QJ4PMADCV,21,2,1787697443018,FALSE,2026-08-25T22:36:36Z,2026-08-25T22:37:26Z,01M0XEREB3GCTAQVXHQ8WY91H4,1787697397141
01M0XEYNTZ0DTC9WMG4MCZ7DW7,01M0XEBHFAZN8J8K9QJ4PMADCV,21,2,1787697443018,FALSE,2026-08-25T22:36:36Z,2026-08-25T22:37:26Z,01M0XES5Y1NQT19B2QBEJ1SE2V,1787697393513
01M0XF1MQB9V87TF5M479W9TND,01M0XEBHFGJ74MNH9PTVJNK0S2,17,2,1787696874146,TRUE,2026-08-25T22:27:20Z,2026-08-25T22:27:54Z,01M0XERNMK293CWHFMH4HQ05K1,1787696840695
01M0XF1MQB9V87TF5M479W9TND,01M0XEBHFGJ74MNH9PTVJNK0S2,17,2,1787696874146,TRUE,2026-08-25T22:27:20Z,2026-08-25T22:27:54Z,01M0XEREZ46CDWNZWM86P2TTE7,1787696840359
01M0XF2S07TXM46SAWGRVW38DX,01M0XEBKS0ZEFNX9SMQDQW2PZ4,7,1,1787696851562,TRUE,2026-08-25T22:26:44Z,2026-08-25T22:27:30Z,01M0XER9CN1N4H5AFH0XVE2HCE,1787696839124
01M0XF2S07TXM46SAWGRVW38DX,01M0XEBKS0ZEFNX9SMQDQW2PZ4,7,1,1787696851562,TRUE,2026-08-25T22:26:44Z,2026-08-25T22:27:30Z,01M0XES69GNPHVSPMR1TVP4HAR,1787696805518
01M0XF7M88H2S65Y8H19YTGW7J,01M0XEBKS0ZEFNX9SMQQNF9DE2,7,1,NA,NA,NA,2026-08-25T22:04:12Z,NA,NA
01M0XFED6SBEDHWB6VK1SK6AW8,01M0XF36KPEANMAA2FHR330CGB,32,3,1787698225568,TRUE,2026-08-25T22:50:08Z,2026-08-25T22:50:26Z,01M0XES7WHX0W3E8PJ1JTK03A6,1787698208609
01M0XFED6SBEDHWB6VK1SK6AW8,01M0XF36KPEANMAA2FHR330CGB,32,3,1787698225568,TRUE,2026-08-25T22:50:08Z,2026-08-25T22:50:26Z,01M0XETGWM5RF9ZVRZXVQJA69R,1787698208543
01M0XF5S6014KVX55K4Q0AC5NB,01M0XEP3V3T2RJX1S58T7Z1N3B,15,2,1787696746983,TRUE,2026-08-25T22:25:18Z,2026-08-25T22:25:47Z,01M0XERTSZ0TCDWRGM6GX23TW0,1787696718318
01M0XF5S6014KVX55K4Q0AC5NB,01M0XEP3V3T2RJX1S58T7Z1N3B,15,2,1787696746983,TRUE,2026-08-25T22:25:18Z,2026-08-25T22:25:47Z,01M0XEWYY70E7AF4NMGH9FGS3V,1787696718695
01M0XF7M2C1TWWK6CKW3XN2VVA,01M0XEBKS0ZEFNX9SMQQNF9DE2,36,4,NA,NA,NA,2026-08-25T22:04:14Z,NA,NA
01M0XFCD0B3GJAZGAAKC3V7W8M,01M0XEP3TSE5MTCHYTC004C3XD,6,1,1787696647409,FALSE,2026-08-25T22:23:07Z,2026-08-25T22:24:07Z,01M0XETPA4APE5RG3CX52WNZAV,1787696587431
01M0XFCD0B3GJAZGAAKC3V7W8M,01M0XEP3TSE5MTCHYTC004C3XD,6,1,1787696647409,FALSE,2026-08-25T22:23:07Z,2026-08-25T22:24:07Z,01M0XEY6K6WQC3AV5JQQ7N3PQV,1785654985512
01M0XF1MT84TB38T2RNH9331KY,01M0XEBHFGJ74MNH9PTVJNK0S2,43,4,1787697431223,TRUE,2026-08-25T22:36:55Z,2026-08-25T22:37:11Z,01M0XERNMK293CWHFMH4HQ05K1,1787697415842
01M0XF1MT84TB38T2RNH9331KY,01M0XEBHFGJ74MNH9PTVJNK0S2,43,4,1787697431223,TRUE,2026-08-25T22:36:55Z,2026-08-25T22:37:11Z,01M0XEREZ46CDWNZWM86P2TTE7,1787697415492
01M0XF5J66AQ4C3VNKSBN43TSJ,01M0XEBJH60M51NVP8EGS7231S,12,2,1787696145745,TRUE,2026-08-25T22:15:23Z,2026-08-25T22:15:44Z,01M0XEQNJ9809PHWDZ742E11VG,1787696124433
01M0XF5J66AQ4C3VNKSBN43TSJ,01M0XEBJH60M51NVP8EGS7231S,12,2,1787696145745,TRUE,2026-08-25T22:15:23Z,2026-08-25T22:15:44Z,01M0XF1AW05AX3PDCQ9PWGAR99,1787696123388
01M0XF5J7TZCHEJ3SEK688JREB,01M0XEBJH60M51NVP8EGS7231S,21,2,1787696373638,FALSE,2026-08-25T22:19:24Z,2026-08-25T22:19:33Z,01M0XEQNJ9809PHWDZ742E11VG,1787696365253
01M0XF5J7TZCHEJ3SEK688JREB,01M0XEBJH60M51NVP8EGS7231S,21,2,1787696373638,FALSE,2026-08-25T22:19:24Z,2026-08-25T22:19:33Z,01M0XF1AW05AX3PDCQ9PWGAR99,1787696364220
01M0XF5S8VKHMNKS37PSNW5XRQ,01M0XEP3V3T2RJX1S58T7Z1N3B,28,3,1787697166728,TRUE,2026-08-25T22:32:14Z,2026-08-25T22:32:47Z,01M0XERTSZ0TCDWRGM6GX23TW0,1787697134711
01M0XF5S8VKHMNKS37PSNW5XRQ,01M0XEP3V3T2RJX1S58T7Z1N3B,28,3,1787697166728,TRUE,2026-08-25T22:32:14Z,2026-08-25T22:32:47Z,01M0XEWYY70E7AF4NMGH9FGS3V,1787697135036
01M0XF6JY2FV5C3WSYRY5JTPWZ,01M0XEBKS2G948HDY26TVYK1X9,0,1,1787695734529,TRUE,2026-08-25T22:08:11Z,2026-08-25T22:08:53Z,01M0XERWA6XTSFFEAXHF1XTBP1,1787695690305
01M0XF6JY2FV5C3WSYRY5JTPWZ,01M0XEBKS2G948HDY26TVYK1X9,0,1,1787695734529,TRUE,2026-08-25T22:08:11Z,2026-08-25T22:08:53Z,01M0XEQS1Y61NYBS2B9X56Y7HM,1787695691958
01M0XFED2R0KAN1FDX66CFBW22,01M0XF36KPEANMAA2FHR330CGB,13,2,1787697647884,TRUE,2026-08-25T22:40:10Z,2026-08-25T22:40:48Z,01M0XES7WHX0W3E8PJ1JTK03A6,1787697610286
01M0XFED2R0KAN1FDX66CFBW22,01M0XF36KPEANMAA2FHR330CGB,13,2,1787697647884,TRUE,2026-08-25T22:40:10Z,2026-08-25T22:40:48Z,01M0XETGWM5RF9ZVRZXVQJA69R,1787697610197
01M0XF1C8S0G9H12Z44052JBQK,01M0XEBJH722J4730WC5V8GCA8,33,3,1787697041727,TRUE,2026-08-25T22:30:17Z,2026-08-25T22:30:41Z,01M0XESZDE3CCGRVTP6G18ANBY,1787697017073
01M0XF1C8S0G9H12Z44052JBQK,01M0XEBJH722J4730WC5V8GCA8,33,3,1787697041727,TRUE,2026-08-25T22:30:17Z,2026-08-25T22:30:41Z,01M0XERZFWJEZDBR149P6YH3F1,1787697016308
01M0XF3906BTM3V2BTEWDM6BRN,01M0XEBHF9Z6MD8PTP8NQ2PV26,2,1,1787695722852,TRUE,2026-08-25T22:08:25Z,2026-08-25T22:08:46Z,01M0XESRDHZJ3M6V0HK46Z1NMP,1787695705146
01M0XF3906BTM3V2BTEWDM6BRN,01M0XEBHF9Z6MD8PTP8NQ2PV26,2,1,1787695722852,TRUE,2026-08-25T22:08:25Z,2026-08-25T22:08:46Z,01M0XESCE3HXZW59M8QA45SWJ1,1787695702023
01M0XF1CCAT27EBQPT9KAYN1DX,01M0XEBJH722J4730WC5V8GCA8,41,4,NA,NA,NA,2026-08-25T22:00:48Z,NA,NA
01M0XF5S6FAD2BD2454FKGX0MN,01M0XEP3V3T2RJX1S58T7Z1N3B,12,2,1787696654280,TRUE,2026-08-25T22:23:28Z,2026-08-25T22:24:14Z,01M0XEWYY70E7AF4NMGH9FGS3V,1787696608900
01M0XF5S6FAD2BD2454FKGX0MN,01M0XEP3V3T2RJX1S58T7Z1N3B,12,2,1787696654280,TRUE,2026-08-25T22:23:28Z,2026-08-25T22:24:14Z,01M0XERTSZ0TCDWRGM6GX23TW0,1787696608510
01M0XF07ESV0HKVVWTQCE3CACS,01M0XEBFYW1G5QWYVD4F1CEJQ3,0,1,1787696014080,TRUE,2026-08-25T22:12:39Z,2026-08-25T22:13:33Z,01M0XER53CMDT435QVPYSPB86P,1787695959600
01M0XF07ESV0HKVVWTQCE3CACS,01M0XEBFYW1G5QWYVD4F1CEJQ3,0,1,1787696014080,TRUE,2026-08-25T22:12:39Z,2026-08-25T22:13:33Z,01M0XEQXM9M74Y1X1MWHARYCDC,1787695960430
01M0XF390XQ8N907NVNR3FH3D2,01M0XEBHF9Z6MD8PTP8NQ2PV26,22,2,1787696388483,TRUE,2026-08-25T22:19:15Z,2026-08-25T22:19:52Z,01M0XESRDHZJ3M6V0HK46Z1NMP,1787696355968
01M0XF390XQ8N907NVNR3FH3D2,01M0XEBHF9Z6MD8PTP8NQ2PV26,22,2,1787696388483,TRUE,2026-08-25T22:19:15Z,2026-08-25T22:19:52Z,01M0XESCE3HXZW59M8QA45SWJ1,1787696352589
01M0XF02Y74DZ22ZNNCC3KMZ1Y,01M0XEBFYZ40VDCCZ70PM6EWHK,19,2,1787696087918,TRUE,2026-08-25T22:14:28Z,2026-08-25T22:14:47Z,01M0XERQP1ZQ8ZKRV6F98VE778,1787696068281
01M0XF02Y74DZ22ZNNCC3KMZ1Y,01M0XEBFYZ40VDCCZ70PM6EWHK,19,2,1787696087918,TRUE,2026-08-25T22:14:28Z,2026-08-25T22:14:47Z,01M0XEW4XVCD53BQGS5F5TWC4E,1787696068327
01M0XF1CBBY7F90J5FGVY8TNJ7,01M0XEBJH722J4730WC5V8GCA8,12,2,1787696376904,TRUE,2026-08-25T22:19:09Z,2026-08-25T22:19:37Z,01M0XERZFWJEZDBR149P6YH3F1,1787696348698
01M0XF1CBBY7F90J5FGVY8TNJ7,01M0XEBJH722J4730WC5V8GCA8,12,2,1787696376904,TRUE,2026-08-25T22:19:09Z,2026-08-25T22:19:37Z,01M0XESZDE3CCGRVTP6G18ANBY,1787696349438
01M0XF2S3DHGTN7FR5BC1YGPYM,01M0XEBKS0ZEFNX9SMQDQW2PZ4,30,3,1787697878007,TRUE,2026-08-25T22:43:40Z,2026-08-25T22:44:03Z,01M0XES69GNPHVSPMR1TVP4HAR,1787697821463
01M0XF2S3DHGTN7FR5BC1YGPYM,01M0XEBKS0ZEFNX9SMQDQW2PZ4,30,3,1787697878007,TRUE,2026-08-25T22:43:40Z,2026-08-25T22:44:03Z,01M0XER9CN1N4H5AFH0XVE2HCE,1787697855041
01M0XF5JBE9SWVMKJ3WMFHEJE8,01M0XEBJH60M51NVP8EGS7231S,42,4,1787696682473,TRUE,2026-08-25T22:24:35Z,2026-08-25T22:24:41Z,01M0XEQNJ9809PHWDZ742E11VG,1787696675949
01M0XF5JBE9SWVMKJ3WMFHEJE8,01M0XEBJH60M51NVP8EGS7231S,42,4,1787696682473,TRUE,2026-08-25T22:24:35Z,2026-08-25T22:24:41Z,01M0XF1AW05AX3PDCQ9PWGAR99,1787696675060
01M0XF02XY8YWMVZ3464PVK092,01M0XEBFYZ40VDCCZ70PM6EWHK,22,2,1787696160147,TRUE,2026-08-25T22:15:36Z,2026-08-25T22:16:00Z,01M0XEW4XVCD53BQGS5F5TWC4E,1787696136237
01M0XF02XY8YWMVZ3464PVK092,01M0XEBFYZ40VDCCZ70PM6EWHK,22,2,1787696160147,TRUE,2026-08-25T22:15:36Z,2026-08-25T22:16:00Z,01M0XERQP1ZQ8ZKRV6F98VE778,1787696136184
01M0XF02Y586J735GVVTFPXEK8,01M0XEBFYZ40VDCCZ70PM6EWHK,20,2,1787696110127,TRUE,2026-08-25T22:14:51Z,2026-08-25T22:15:10Z,01M0XERQP1ZQ8ZKRV6F98VE778,1787696091390
01M0XF02Y586J735GVVTFPXEK8,01M0XEBFYZ40VDCCZ70PM6EWHK,20,2,1787696110127,TRUE,2026-08-25T22:14:51Z,2026-08-25T22:15:10Z,01M0XEW4XVCD53BQGS5F5TWC4E,1787696091376
01M0XF5S7PJ9W3QX9R342V8V73,01M0XEP3V3T2RJX1S58T7Z1N3B,3,1,1787696301152,TRUE,2026-08-25T22:17:53Z,2026-08-25T22:18:21Z,01M0XERTSZ0TCDWRGM6GX23TW0,1787696273463
01M0XF5S7PJ9W3QX9R342V8V73,01M0XEP3V3T2RJX1S58T7Z1N3B,3,1,1787696301152,TRUE,2026-08-25T22:17:53Z,2026-08-25T22:18:21Z,01M0XEWYY70E7AF4NMGH9FGS3V,1787696273922
01M0XF07E243V3VQ4YK6AJXRGZ,01M0XEBFYW1G5QWYVD4F1CEJQ3,14,2,1787696394639,TRUE,2026-08-25T22:19:45Z,2026-08-25T22:19:54Z,01M0XER53CMDT435QVPYSPB86P,1787696384703
01M0XF07E243V3VQ4YK6AJXRGZ,01M0XEBFYW1G5QWYVD4F1CEJQ3,14,2,1787696394639,TRUE,2026-08-25T22:19:45Z,2026-08-25T22:19:54Z,01M0XEQXM9M74Y1X1MWHARYCDC,1787696385527
01M0XFEDQMQ921WNPZH87NYZ68,01M0XF36KPEANMAA2FHR330CGB,8,1,1787697402894,TRUE,2026-08-25T22:35:52Z,2026-08-25T22:36:43Z,01M0XETGWM5RF9ZVRZXVQJA69R,1787697352484
01M0XFEDQMQ921WNPZH87NYZ68,01M0XF36KPEANMAA2FHR330CGB,8,1,1787697402894,TRUE,2026-08-25T22:35:52Z,2026-08-25T22:36:43Z,01M0XES7WHX0W3E8PJ1JTK03A6,1787697352637
01M0XF5S3ZSBQMVA852NMV9944,01M0XEP3V3T2RJX1S58T7Z1N3B,9,1,1787696536034,TRUE,2026-08-25T22:21:43Z,2026-08-25T22:22:16Z,01M0XEWYY70E7AF4NMGH9FGS3V,1787696503229
01M0XF5S3ZSBQMVA852NMV9944,01M0XEP3V3T2RJX1S58T7Z1N3B,9,1,1787696536034,TRUE,2026-08-25T22:21:43Z,2026-08-25T22:22:16Z,01M0XERTSZ0TCDWRGM6GX23TW0,1787696502827
01M0XF7M6AZ70RV7M07SK385BB,01M0XEBKS0ZEFNX9SMQQNF9DE2,17,2,NA,NA,NA,2026-08-25T22:04:13Z,NA,NA
01M0XFEDXY17K7WYBFW8W3YNQZ,01M0XF36KPEANMAA2FHR330CGB,39,4,1787698354439,TRUE,2026-08-25T22:52:17Z,2026-08-25T22:52:34Z,01M0XES7WHX0W3E8PJ1JTK03A6,1787698337541
01M0XFEDXY17K7WYBFW8W3YNQZ,01M0XF36KPEANMAA2FHR330CGB,39,4,1787698354439,TRUE,2026-08-25T22:52:17Z,2026-08-25T22:52:34Z,01M0XETGWM5RF9ZVRZXVQJA69R,1787698337466
01M0XF02WCE0ACQ3WCC89CB7FQ,01M0XEBFYZ40VDCCZ70PM6EWHK,38,4,1787696495777,TRUE,2026-08-25T22:21:25Z,2026-08-25T22:21:35Z,01M0XERQP1ZQ8ZKRV6F98VE778,1787696485463
01M0XF02WCE0ACQ3WCC89CB7FQ,01M0XEBFYZ40VDCCZ70PM6EWHK,38,4,1787696495777,TRUE,2026-08-25T22:21:25Z,2026-08-25T22:21:35Z,01M0XEW4XVCD53BQGS5F5TWC4E,1787696485473
01M0XF391M2QJ1AQH81TH8Q789,01M0XEBHF9Z6MD8PTP8NQ2PV26,15,2,1787696169933,TRUE,2026-08-25T22:16:00Z,2026-08-25T22:16:09Z,01M0XESCE3HXZW59M8QA45SWJ1,1787696156723
01M0XF391M2QJ1AQH81TH8Q789,01M0XEBHF9Z6MD8PTP8NQ2PV26,15,2,1787696169933,TRUE,2026-08-25T22:16:00Z,2026-08-25T22:16:09Z,01M0XESRDHZJ3M6V0HK46Z1NMP,1787696160118
01M0XFCCX8NJV145DHZRVJ89EV,01M0XEP3TSE5MTCHYTC004C3XD,14,2,1787697093358,FALSE,2026-08-25T22:30:35Z,2026-08-25T22:31:33Z,01M0XETPA4APE5RG3CX52WNZAV,1787697035822
01M0XFCCX8NJV145DHZRVJ89EV,01M0XEP3TSE5MTCHYTC004C3XD,14,2,1787697093358,FALSE,2026-08-25T22:30:35Z,2026-08-25T22:31:33Z,01M0XEY6K6WQC3AV5JQQ7N3PQV,1785655433902
01M0XFCD3FE6Z8N4J0NYHHS9PH,01M0XEP3TSE5MTCHYTC004C3XD,31,3,1785655947421,TRUE,2026-08-25T22:39:02Z,2026-08-25T22:39:09Z,01M0XEY6K6WQC3AV5JQQ7N3PQV,1785655940643
01M0XFCD3FE6Z8N4J0NYHHS9PH,01M0XEP3TSE5MTCHYTC004C3XD,31,3,1785655947421,TRUE,2026-08-25T22:39:02Z,2026-08-25T22:39:09Z,01M0XETPA4APE5RG3CX52WNZAV,1787697542571
01M0XF1CAAW8H1B77QWMXT4MC0,01M0XEBJH722J4730WC5V8GCA8,36,4,NA,FALSE,2026-08-25T22:32:52Z,2026-08-25T22:33:52Z,01M0XESZDE3CCGRVTP6G18ANBY,1787697172569
01M0XF1CAAW8H1B77QWMXT4MC0,01M0XEBJH722J4730WC5V8GCA8,36,4,NA,FALSE,2026-08-25T22:32:52Z,2026-08-25T22:33:52Z,01M0XERZFWJEZDBR149P6YH3F1,1787697171807
01M0XF1MR98AE03MP7YGGBZR25,01M0XEBHFGJ74MNH9PTVJNK0S2,21,2,1787696972338,TRUE,2026-08-25T22:29:18Z,2026-08-25T22:29:32Z,01M0XEREZ46CDWNZWM86P2TTE7,1787696957711
01M0XF1MR98AE03MP7YGGBZR25,01M0XEBHFGJ74MNH9PTVJNK0S2,21,2,1787696972338,TRUE,2026-08-25T22:29:18Z,2026-08-25T22:29:32Z,01M0XERNMK293CWHFMH4HQ05K1,1787696958053
01M0XF5S9WH8EWX09M7WHQE2QX,01M0XEP3V3T2RJX1S58T7Z1N3B,35,3,1787697387560,TRUE,2026-08-25T22:36:03Z,2026-08-25T22:36:27Z,01M0XEWYY70E7AF4NMGH9FGS3V,1787697363911
01M0XF5S9WH8EWX09M7WHQE2QX,01M0XEP3V3T2RJX1S58T7Z1N3B,35,3,1787697387560,TRUE,2026-08-25T22:36:03Z,2026-08-25T22:36:27Z,01M0XERTSZ0TCDWRGM6GX23TW0,1787697363596
01M0XF7M513FKRGVQZD24E74KH,01M0XEBKS0ZEFNX9SMQQNF9DE2,22,2,NA,NA,NA,2026-08-25T22:04:13Z,NA,NA
01M0XF1C9VWC1FVQRBKTZ1HAWZ,01M0XEBJH722J4730WC5V8GCA8,6,1,1787696135727,TRUE,2026-08-25T22:15:10Z,2026-08-25T22:15:36Z,01M0XERZFWJEZDBR149P6YH3F1,1787696109898
01M0XF1C9VWC1FVQRBKTZ1HAWZ,01M0XEBJH722J4730WC5V8GCA8,6,1,1787696135727,TRUE,2026-08-25T22:15:10Z,2026-08-25T22:15:36Z,01M0XESZDE3CCGRVTP6G18ANBY,1787696110649
01M0XF1CANF9HM3Z9MNA5X7EZV,01M0XEBJH722J4730WC5V8GCA8,7,1,1787696169738,TRUE,2026-08-25T22:15:40Z,2026-08-25T22:16:09Z,01M0XESZDE3CCGRVTP6G18ANBY,1787696140085
01M0XF1CANF9HM3Z9MNA5X7EZV,01M0XEBJH722J4730WC5V8GCA8,7,1,1787696169738,TRUE,2026-08-25T22:15:40Z,2026-08-25T22:16:09Z,01M0XERZFWJEZDBR149P6YH3F1,1787696139304
01M0XF6JWX04S7TXGDK4JCSH2P,01M0XEBKS2G948HDY26TVYK1X9,5,1,1787695883959,TRUE,2026-08-25T22:10:52Z,2026-08-25T22:11:24Z,01M0XEQS1Y61NYBS2B9X56Y7HM,1787695853000
01M0XF6JWX04S7TXGDK4JCSH2P,01M0XEBKS2G948HDY26TVYK1X9,5,1,1787695883959,TRUE,2026-08-25T22:10:52Z,2026-08-25T22:11:24Z,01M0XERWA6XTSFFEAXHF1XTBP1,1787695851380
01M0XF7M1G8S656RJF30Y7B2RY,01M0XEBKS0ZEFNX9SMQQNF9DE2,39,4,NA,NA,NA,2026-08-25T22:04:14Z,NA,NA
01M0XFCCY4HTDRGDVBC35NSYVZ,01M0XEP3TSE5MTCHYTC004C3XD,12,2,1787696978594,TRUE,2026-08-25T22:28:40Z,2026-08-25T22:29:38Z,01M0XEY6K6WQC3AV5JQQ7N3PQV,1785655318761
01M0XFCCY4HTDRGDVBC35NSYVZ,01M0XEP3TSE5MTCHYTC004C3XD,12,2,1787696978594,TRUE,2026-08-25T22:28:40Z,2026-08-25T22:29:38Z,01M0XETPA4APE5RG3CX52WNZAV,1787696920676
01M0XF02VWZD3VEST9F9A9RZ6T,01M0XEBFYZ40VDCCZ70PM6EWHK,34,3,1787696442157,TRUE,2026-08-25T22:20:24Z,2026-08-25T22:20:42Z,01M0XERQP1ZQ8ZKRV6F98VE778,1787696424794
01M0XF02VWZD3VEST9F9A9RZ6T,01M0XEBFYZ40VDCCZ70PM6EWHK,34,3,1787696442157,TRUE,2026-08-25T22:20:24Z,2026-08-25T22:20:42Z,01M0XEW4XVCD53BQGS5F5TWC4E,1787696424733
01M0XF38ZM5FG09FCFBEJ3P2P9,01M0XEBHF9Z6MD8PTP8NQ2PV26,34,3,1787696611884,TRUE,2026-08-25T22:23:21Z,2026-08-25T22:23:35Z,01M0XESRDHZJ3M6V0HK46Z1NMP,1787696601106
01M0XF38ZM5FG09FCFBEJ3P2P9,01M0XEBHF9Z6MD8PTP8NQ2PV26,34,3,1787696611884,TRUE,2026-08-25T22:23:21Z,2026-08-25T22:23:35Z,01M0XESCE3HXZW59M8QA45SWJ1,1787696597625
01M0XFQWPZV7Q3YMZA45VEJXY3,01M0XEP3TXK5Z02SVJR2VASG8P,5,1,1787696590287,FALSE,2026-08-25T22:22:13Z,2026-08-25T22:23:10Z,01M0XEX8ATRQ9G1A1T9FCE8VQM,1787696533269
01M0XFQWPZV7Q3YMZA45VEJXY3,01M0XEP3TXK5Z02SVJR2VASG8P,5,1,1787696590287,FALSE,2026-08-25T22:22:13Z,2026-08-25T22:23:10Z,01M0XFGKS364T502MY6BASRSP2,1787696533761
01M0XF7M6RTABW7WHM0MXS5H86,01M0XEBKS0ZEFNX9SMQQNF9DE2,15,2,NA,NA,NA,2026-08-25T22:04:13Z,NA,NA
01M0XEXFQZ9GCKS58SV1JBRJBQ,01M0XEBFZ0825AFF4R333DJ4HK,36,4,1787696948610,TRUE,2026-08-25T22:28:48Z,2026-08-25T22:29:08Z,01M0XEQXMFVE0GRKM8DY7Y5DHN,1787696928640
01M0XEXFQZ9GCKS58SV1JBRJBQ,01M0XEBFZ0825AFF4R333DJ4HK,36,4,1787696948610,TRUE,2026-08-25T22:28:48Z,2026-08-25T22:29:08Z,01M0XER0XX29HJPEX4FRYGSWYD,1787696928324
01M0XF2RZ4DB2D3A67G35VA7BG,01M0XEBKS0ZEFNX9SMQDQW2PZ4,2,1,1787696657873,FALSE,2026-08-25T22:23:05Z,2026-08-25T22:23:43Z,01M0XES69GNPHVSPMR1TVP4HAR,1787696586756
01M0XF2RZ4DB2D3A67G35VA7BG,01M0XEBKS0ZEFNX9SMQDQW2PZ4,2,1,1787696657873,FALSE,2026-08-25T22:23:05Z,2026-08-25T22:23:43Z,01M0XER9CN1N4H5AFH0XVE2HCE,1787696620375
01M0XF5S6575009VCVVX2RGYJB,01M0XEP3V3T2RJX1S58T7Z1N3B,14,2,1787696714549,TRUE,2026-08-25T22:24:42Z,2026-08-25T22:25:15Z,01M0XEWYY70E7AF4NMGH9FGS3V,1787696682994
01M0XF5S6575009VCVVX2RGYJB,01M0XEP3V3T2RJX1S58T7Z1N3B,14,2,1787696714549,TRUE,2026-08-25T22:24:42Z,2026-08-25T22:25:15Z,01M0XERTSZ0TCDWRGM6GX23TW0,1787696682603
01M0XF6JZFWQ9CHG9JQGYNY20Y,01M0XEBKS2G948HDY26TVYK1X9,30,3,1787696533436,TRUE,2026-08-25T22:21:57Z,2026-08-25T22:22:12Z,01M0XERWA6XTSFFEAXHF1XTBP1,1787696516529
01M0XF6JZFWQ9CHG9JQGYNY20Y,01M0XEBKS2G948HDY26TVYK1X9,30,3,1787696533436,TRUE,2026-08-25T22:21:57Z,2026-08-25T22:22:12Z,01M0XEQS1Y61NYBS2B9X56Y7HM,1787696518017
01M0XFEDHXBV693YSDS7JF9P4K,01M0XF36KPEANMAA2FHR330CGB,12,2,1787697606098,TRUE,2026-08-25T22:39:26Z,2026-08-25T22:40:06Z,01M0XES7WHX0W3E8PJ1JTK03A6,1787697566587
01M0XFEDHXBV693YSDS7JF9P4K,01M0XF36KPEANMAA2FHR330CGB,12,2,1787697606098,TRUE,2026-08-25T22:39:26Z,2026-08-25T22:40:06Z,01M0XETGWM5RF9ZVRZXVQJA69R,1787697566503
01M0XF1CA3H09N1Z5K1T221ANN,01M0XEBJH722J4730WC5V8GCA8,35,3,NA,FALSE,2026-08-25T22:31:48Z,2026-08-25T22:32:48Z,01M0XESZDE3CCGRVTP6G18ANBY,1787697109058
01M0XF1CA3H09N1Z5K1T221ANN,01M0XEBJH722J4730WC5V8GCA8,35,3,NA,FALSE,2026-08-25T22:31:48Z,2026-08-25T22:32:48Z,01M0XERZFWJEZDBR149P6YH3F1,1787697108510
01M0XF391Y1GRYFQK0JT8CK7D5,01M0XEBHF9Z6MD8PTP8NQ2PV26,17,2,1787696212692,TRUE,2026-08-25T22:16:40Z,2026-08-25T22:16:52Z,01M0XESRDHZJ3M6V0HK46Z1NMP,1787696200814
01M0XF391Y1GRYFQK0JT8CK7D5,01M0XEBHF9Z6MD8PTP8NQ2PV26,17,2,1787696212692,TRUE,2026-08-25T22:16:40Z,2026-08-25T22:16:52Z,01M0XESCE3HXZW59M8QA45SWJ1,1787696197293
01M0XF5J3MCYZ8EY6V03FZAJGH,01M0XEBJH60M51NVP8EGS7231S,1,1,NA,FALSE,2026-08-25T22:09:39Z,2026-08-25T22:10:39Z,01M0XF1AW05AX3PDCQ9PWGAR99,1787695779713
01M0XF5J3MCYZ8EY6V03FZAJGH,01M0XEBJH60M51NVP8EGS7231S,1,1,NA,FALSE,2026-08-25T22:09:39Z,2026-08-25T22:10:39Z,01M0XEQNJ9809PHWDZ742E11VG,1787695780730
01M0XF5J6VG4HT79K85FRY83TP,01M0XEBJH60M51NVP8EGS7231S,15,2,1787696242408,TRUE,2026-08-25T22:16:42Z,2026-08-25T22:17:22Z,01M0XF1AW05AX3PDCQ9PWGAR99,1787696202162
01M0XF5J6VG4HT79K85FRY83TP,01M0XEBJH60M51NVP8EGS7231S,15,2,1787696242408,TRUE,2026-08-25T22:16:42Z,2026-08-25T22:17:22Z,01M0XEQNJ9809PHWDZ742E11VG,1787696203435
01M0XF753V9CWVZWDGWBMC0DHR,01M0XEBJH4G5D0NKPXZ6BYKGS7,39,4,1787697229404,TRUE,2026-08-25T22:33:28Z,2026-08-25T22:33:50Z,01M0XER6FPF3N9GKNC8JSYE9M7,1787697208821
01M0XF753V9CWVZWDGWBMC0DHR,01M0XEBJH4G5D0NKPXZ6BYKGS7,39,4,1787697229404,TRUE,2026-08-25T22:33:28Z,2026-08-25T22:33:50Z,01M0XERQ8TV5N8Y3NVYKQG5TNE,1787697207490
01M0XFCCT3MQ886W2F8S3TNNZ3,01M0XEP3TSE5MTCHYTC004C3XD,20,2,1787697317942,TRUE,2026-08-25T22:34:58Z,2026-08-25T22:35:18Z,01M0XETPA4APE5RG3CX52WNZAV,1787697298965
01M0XFCCT3MQ886W2F8S3TNNZ3,01M0XEP3TSE5MTCHYTC004C3XD,20,2,1787697317942,TRUE,2026-08-25T22:34:58Z,2026-08-25T22:35:18Z,01M0XEY6K6WQC3AV5JQQ7N3PQV,1785655697042
01M0XEXFQ79SECZ5D31CRPRXAS,01M0XEBFZ0825AFF4R333DJ4HK,17,2,1787696434267,TRUE,2026-08-25T22:20:16Z,2026-08-25T22:20:34Z,01M0XER0XX29HJPEX4FRYGSWYD,1787696415844
01M0XEXFQ79SECZ5D31CRPRXAS,01M0XEBFZ0825AFF4R333DJ4HK,17,2,1787696434267,TRUE,2026-08-25T22:20:16Z,2026-08-25T22:20:34Z,01M0XEQXMFVE0GRKM8DY7Y5DHN,1787696416125
01M0XF07DJVNSSM0FGPJA1XA3J,01M0XEBFYW1G5QWYVD4F1CEJQ3,18,2,1787696463635,TRUE,2026-08-25T22:20:48Z,2026-08-25T22:21:03Z,01M0XEQXM9M74Y1X1MWHARYCDC,1787696448708
01M0XF07DJVNSSM0FGPJA1XA3J,01M0XEBFYW1G5QWYVD4F1CEJQ3,18,2,1787696463635,TRUE,2026-08-25T22:20:48Z,2026-08-25T22:21:03Z,01M0XER53CMDT435QVPYSPB86P,1787696447942
01M0XF1CD0PBBHA6X6HP383H70,01M0XEBJH722J4730WC5V8GCA8,43,4,NA,NA,NA,2026-08-25T22:00:48Z,NA,NA
01M0XF2RZB026357VGZZBQCCW8,01M0XEBKS0ZEFNX9SMQDQW2PZ4,4,1,1787696739762,TRUE,2026-08-25T22:24:25Z,2026-08-25T22:25:05Z,01M0XER9CN1N4H5AFH0XVE2HCE,1787696700364
01M0XF2RZB026357VGZZBQCCW8,01M0XEBKS0ZEFNX9SMQDQW2PZ4,4,1,1787696739762,TRUE,2026-08-25T22:24:25Z,2026-08-25T22:25:05Z,01M0XES69GNPHVSPMR1TVP4HAR,1787696666747
01M0XF7KZEQBKYWA314PXCJ743,01M0XEBKS0ZEFNX9SMQQNF9DE2,3,1,NA,NA,NA,2026-08-25T22:04:12Z,NA,NA
01M0XF07CEW5042T749A16KX5A,01M0XEBFYW1G5QWYVD4F1CEJQ3,30,3,1787696678653,TRUE,2026-08-25T22:24:32Z,2026-08-25T22:24:38Z,01M0XER53CMDT435QVPYSPB86P,1787696671733
01M0XF07CEW5042T749A16KX5A,01M0XEBFYW1G5QWYVD4F1CEJQ3,30,3,1787696678653,TRUE,2026-08-25T22:24:32Z,2026-08-25T22:24:38Z,01M0XEQXM9M74Y1X1MWHARYCDC,1787696672361
01M0XFQWP5EV1FCB1DYMYS5EYQ,01M0XEP3TXK5Z02SVJR2VASG8P,3,1,NA,FALSE,2026-08-25T22:20:35Z,2026-08-25T22:21:35Z,01M0XEX8ATRQ9G1A1T9FCE8VQM,1787696434776
01M0XFQWP5EV1FCB1DYMYS5EYQ,01M0XEP3TXK5Z02SVJR2VASG8P,3,1,NA,FALSE,2026-08-25T22:20:35Z,2026-08-25T22:21:35Z,01M0XFGKS364T502MY6BASRSP2,1787696435232
01M0XF2RZTBQQHQHQH7ZH3REAV,01M0XEBKS0ZEFNX9SMQDQW2PZ4,12,2,1787697141114,FALSE,2026-08-25T22:31:22Z,2026-08-25T22:31:46Z,01M0XES69GNPHVSPMR1TVP4HAR,1787697083719
01M0XF2RZTBQQHQHQH7ZH3REAV,01M0XEBKS0ZEFNX9SMQDQW2PZ4,12,2,1787697141114,FALSE,2026-08-25T22:31:22Z,2026-08-25T22:31:46Z,01M0XER9CN1N4H5AFH0XVE2HCE,1787697117287
01M0XFCCWBS5W5DBFZ7YBC4ME9,01M0XEP3TSE5MTCHYTC004C3XD,16,2,1787697178857,TRUE,2026-08-25T22:32:10Z,2026-08-25T22:32:58Z,01M0XEY6K6WQC3AV5JQQ7N3PQV,1785655528150
01M0XFCCWBS5W5DBFZ7YBC4ME9,01M0XEP3TSE5MTCHYTC004C3XD,16,2,1787697178857,TRUE,2026-08-25T22:32:10Z,2026-08-25T22:32:58Z,01M0XETPA4APE5RG3CX52WNZAV,1787697130060
01M0XFQX18NFCGM6SCJTZGX7WS,01M0XEP3TXK5Z02SVJR2VASG8P,25,3,1787697258931,TRUE,2026-08-25T22:33:55Z,2026-08-25T22:34:19Z,01M0XEX8ATRQ9G1A1T9FCE8VQM,1787697234572
01M0XFQX18NFCGM6SCJTZGX7WS,01M0XEP3TXK5Z02SVJR2VASG8P,25,3,1787697258931,TRUE,2026-08-25T22:33:55Z,2026-08-25T22:34:19Z,01M0XFGKS364T502MY6BASRSP2,1787697235526
01M0XEXFSC9QE3NYTF0NVA9C0C,01M0XEBFZ0825AFF4R333DJ4HK,12,2,1787696303526,TRUE,2026-08-25T22:18:04Z,2026-08-25T22:18:23Z,01M0XER0XX29HJPEX4FRYGSWYD,1787696284698
01M0XEXFSC9QE3NYTF0NVA9C0C,01M0XEBFZ0825AFF4R333DJ4HK,12,2,1787696303526,TRUE,2026-08-25T22:18:04Z,2026-08-25T22:18:23Z,01M0XEQXMFVE0GRKM8DY7Y5DHN,1787696284804
01M0XEYNXDTRD9TJPWEC8J87F4,01M0XEBHFAZN8J8K9QJ4PMADCV,27,3,1787697681204,TRUE,2026-08-25T22:40:58Z,2026-08-25T22:41:25Z,01M0XES5Y1NQT19B2QBEJ1SE2V,1787697656458
01M0XEYNXDTRD9TJPWEC8J87F4,01M0XEBHFAZN8J8K9QJ4PMADCV,27,3,1787697681204,TRUE,2026-08-25T22:40:58Z,2026-08-25T22:41:25Z,01M0XEREB3GCTAQVXHQ8WY91H4,1787697659382
01M0XF5S9JENSTH291PNQP12S4,01M0XEP3V3T2RJX1S58T7Z1N3B,33,3,1787697337962,TRUE,2026-08-25T22:35:00Z,2026-08-25T22:35:38Z,01M0XEWYY70E7AF4NMGH9FGS3V,1787697300886
01M0XF5S9JENSTH291PNQP12S4,01M0XEP3V3T2RJX1S58T7Z1N3B,33,3,1787697337962,TRUE,2026-08-25T22:35:00Z,2026-08-25T22:35:38Z,01M0XERTSZ0TCDWRGM6GX23TW0,1787697300578
01M0XFQWNBD87K2S8EH8TB8MES,01M0XEP3TXK5Z02SVJR2VASG8P,1,1,NA,FALSE,2026-08-25T22:19:10Z,2026-08-25T22:20:10Z,01M0XEX8ATRQ9G1A1T9FCE8VQM,1787696351071
01M0XFQWNBD87K2S8EH8TB8MES,01M0XEP3TXK5Z02SVJR2VASG8P,1,1,NA,FALSE,2026-08-25T22:19:10Z,2026-08-25T22:20:10Z,01M0XFGKS364T502MY6BASRSP2,1787696350924
01M0XF1MRRVBR5A55R1SK3GSW9,01M0XEBHFGJ74MNH9PTVJNK0S2,19,2,1787696933518,TRUE,2026-08-25T22:28:36Z,2026-08-25T22:28:53Z,01M0XEREZ46CDWNZWM86P2TTE7,1787696916129
01M0XF1MRRVBR5A55R1SK3GSW9,01M0XEBHFGJ74MNH9PTVJNK0S2,19,2,1787696933518,TRUE,2026-08-25T22:28:36Z,2026-08-25T22:28:53Z,01M0XERNMK293CWHFMH4HQ05K1,1787696916473
01M0XEYNVNND2YE3NSWZNJ3JJ3,01M0XEBHFAZN8J8K9QJ4PMADCV,6,1,1787696692932,TRUE,2026-08-25T22:23:53Z,2026-08-25T22:24:52Z,01M0XEREB3GCTAQVXHQ8WY91H4,1787696634091
01M0XEYNVNND2YE3NSWZNJ3JJ3,01M0XEBHFAZN8J8K9QJ4PMADCV,6,1,1787696692932,TRUE,2026-08-25T22:23:53Z,2026-08-25T22:24:52Z,01M0XES5Y1NQT19B2QBEJ1SE2V,1787696630484
01M0XF02ZTSNHKAE3F9VCNKK81,01M0XEBFYZ40VDCCZ70PM6EWHK,12,2,1787695920010,TRUE,2026-08-25T22:11:29Z,2026-08-25T22:12:00Z,01M0XEW4XVCD53BQGS5F5TWC4E,1787695889424
01M0XF02ZTSNHKAE3F9VCNKK81,01M0XEBFYZ40VDCCZ70PM6EWHK,12,2,1787695920010,TRUE,2026-08-25T22:11:29Z,2026-08-25T22:12:00Z,01M0XERQP1ZQ8ZKRV6F98VE778,1787695889381
01M0XF1MJ76FCBWGT6P0C9PDX5,01M0XEBHFGJ74MNH9PTVJNK0S2,39,4,1787697338195,TRUE,2026-08-25T22:35:20Z,2026-08-25T22:35:38Z,01M0XEREZ46CDWNZWM86P2TTE7,1787697320501
01M0XF1MJ76FCBWGT6P0C9PDX5,01M0XEBHFGJ74MNH9PTVJNK0S2,39,4,1787697338195,TRUE,2026-08-25T22:35:20Z,2026-08-25T22:35:38Z,01M0XERNMK293CWHFMH4HQ05K1,1787697320846
01M0XF1CEK2ND4RNSM8NY5BYST,01M0XEBJH722J4730WC5V8GCA8,31,3,1787696994626,TRUE,2026-08-25T22:29:32Z,2026-08-25T22:29:54Z,01M0XERZFWJEZDBR149P6YH3F1,1787696971495
01M0XF1CEK2ND4RNSM8NY5BYST,01M0XEBJH722J4730WC5V8GCA8,31,3,1787696994626,TRUE,2026-08-25T22:29:32Z,2026-08-25T22:29:54Z,01M0XESZDE3CCGRVTP6G18ANBY,1787696972062
01M0XF5J86G8JTY344NJN1WH4C,01M0XEBJH60M51NVP8EGS7231S,23,2,1787696421607,TRUE,2026-08-25T22:20:08Z,2026-08-25T22:20:21Z,01M0XF1AW05AX3PDCQ9PWGAR99,1787696408216
01M0XF5J86G8JTY344NJN1WH4C,01M0XEBJH60M51NVP8EGS7231S,23,2,1787696421607,TRUE,2026-08-25T22:20:08Z,2026-08-25T22:20:21Z,01M0XEQNJ9809PHWDZ742E11VG,1787696409316
01M0XF7545T915VM56MFE5284A,01M0XEBJH4G5D0NKPXZ6BYKGS7,0,1,1787696212339,TRUE,2026-08-25T22:16:12Z,2026-08-25T22:16:52Z,01M0XER6FPF3N9GKNC8JSYE9M7,1787696172688
01M0XF7545T915VM56MFE5284A,01M0XEBJH4G5D0NKPXZ6BYKGS7,0,1,1787696212339,TRUE,2026-08-25T22:16:12Z,2026-08-25T22:16:52Z,01M0XERQ8TV5N8Y3NVYKQG5TNE,1787696171375
01M0XEYNYDG2YFHBM6P6CQYHTG,01M0XEBHFAZN8J8K9QJ4PMADCV,39,4,1787698207948,TRUE,2026-08-25T22:49:43Z,2026-08-25T22:50:11Z,01M0XES5Y1NQT19B2QBEJ1SE2V,1787698180653
01M0XEYNYDG2YFHBM6P6CQYHTG,01M0XEBHFAZN8J8K9QJ4PMADCV,39,4,1787698207948,TRUE,2026-08-25T22:49:43Z,2026-08-25T22:50:11Z,01M0XEREB3GCTAQVXHQ8WY91H4,1787698184298
01M0XF07CHZ5F00VSFPX2T2AXM,01M0XEBFYW1G5QWYVD4F1CEJQ3,6,1,1787696162997,TRUE,2026-08-25T22:15:47Z,2026-08-25T22:16:02Z,01M0XER53CMDT435QVPYSPB86P,1787696146961
01M0XF07CHZ5F00VSFPX2T2AXM,01M0XEBFYW1G5QWYVD4F1CEJQ3,6,1,1787696162997,TRUE,2026-08-25T22:15:47Z,2026-08-25T22:16:02Z,01M0XEQXM9M74Y1X1MWHARYCDC,1787696147582
01M0XFQX0M34NCYPNXPV2N5SR3,01M0XEP3TXK5Z02SVJR2VASG8P,24,3,1787697230005,TRUE,2026-08-25T22:33:36Z,2026-08-25T22:33:50Z,01M0XFGKS364T502MY6BASRSP2,1787697217007
01M0XFQX0M34NCYPNXPV2N5SR3,01M0XEP3TXK5Z02SVJR2VASG8P,24,3,1787697230005,TRUE,2026-08-25T22:33:36Z,2026-08-25T22:33:50Z,01M0XEX8ATRQ9G1A1T9FCE8VQM,1787697216422
01M0XF1MSSB080KFB8TVD3K99A,01M0XEBHFGJ74MNH9PTVJNK0S2,37,4,1787697302765,TRUE,2026-08-25T22:34:53Z,2026-08-25T22:35:02Z,01M0XERNMK293CWHFMH4HQ05K1,1787697293122
01M0XF1MSSB080KFB8TVD3K99A,01M0XEBHFGJ74MNH9PTVJNK0S2,37,4,1787697302765,TRUE,2026-08-25T22:34:53Z,2026-08-25T22:35:02Z,01M0XEREZ46CDWNZWM86P2TTE7,1787697292856
01M0XF031WXSF7M4E2QPGJG8NR,01M0XEBFYZ40VDCCZ70PM6EWHK,5,1,1787695692181,TRUE,2026-08-25T22:07:52Z,2026-08-25T22:08:12Z,01M0XERQP1ZQ8ZKRV6F98VE778,1787695672195
01M0XF031WXSF7M4E2QPGJG8NR,01M0XEBFYZ40VDCCZ70PM6EWHK,5,1,1787695692181,TRUE,2026-08-25T22:07:52Z,2026-08-25T22:08:12Z,01M0XEW4XVCD53BQGS5F5TWC4E,1787695672242
01M0XF2S0N4RMJPNMM71N5J12T,01M0XEBKS0ZEFNX9SMQDQW2PZ4,15,2,1787697230708,FALSE,2026-08-25T22:33:09Z,2026-08-25T22:33:49Z,01M0XER9CN1N4H5AFH0XVE2HCE,1787697223949
01M0XF2S0N4RMJPNMM71N5J12T,01M0XEBKS0ZEFNX9SMQDQW2PZ4,15,2,1787697230708,FALSE,2026-08-25T22:33:09Z,2026-08-25T22:33:49Z,01M0XES69GNPHVSPMR1TVP4HAR,1787697190346
01M0XFCCTKJ1M1JBGD27VK8WVD,01M0XEP3TSE5MTCHYTC004C3XD,19,2,1785655693258,TRUE,2026-08-25T22:34:32Z,2026-08-25T22:34:55Z,01M0XETPA4APE5RG3CX52WNZAV,1787697272086
01M0XFCCTKJ1M1JBGD27VK8WVD,01M0XEP3TSE5MTCHYTC004C3XD,19,2,1785655693258,TRUE,2026-08-25T22:34:32Z,2026-08-25T22:34:55Z,01M0XEY6K6WQC3AV5JQQ7N3PQV,1785655670161
01M0XFQX885MFQCT88G67MK1B9,01M0XEP3TXK5Z02SVJR2VASG8P,44,4,1787697747473,TRUE,2026-08-25T22:42:14Z,2026-08-25T22:42:30Z,01M0XFGKS364T502MY6BASRSP2,1787697735211
01M0XFQX885MFQCT88G67MK1B9,01M0XEP3TXK5Z02SVJR2VASG8P,44,4,1787697747473,TRUE,2026-08-25T22:42:14Z,2026-08-25T22:42:30Z,01M0XEX8ATRQ9G1A1T9FCE8VQM,1787697734585
01M0XFCD90J310KCA75NGKTDE2,01M0XEP3TSE5MTCHYTC004C3XD,34,3,1787697592840,TRUE,2026-08-25T22:39:42Z,2026-08-25T22:39:52Z,01M0XEY6K6WQC3AV5JQQ7N3PQV,1785655980793
01M0XFCD90J310KCA75NGKTDE2,01M0XEP3TSE5MTCHYTC004C3XD,34,3,1787697592840,TRUE,2026-08-25T22:39:42Z,2026-08-25T22:39:52Z,01M0XETPA4APE5RG3CX52WNZAV,1787697582723
01M0XF5J48R5HGRP0EWNQQQ61Z,01M0XEBJH60M51NVP8EGS7231S,8,1,1787696018996,FALSE,2026-08-25T22:13:20Z,2026-08-25T22:13:38Z,01M0XEQNJ9809PHWDZ742E11VG,1787696001763
01M0XF5J48R5HGRP0EWNQQQ61Z,01M0XEBJH60M51NVP8EGS7231S,8,1,1787696018996,FALSE,2026-08-25T22:13:20Z,2026-08-25T22:13:38Z,01M0XF1AW05AX3PDCQ9PWGAR99,1787696000889
01M0XF5JCAEM9MYY6RHEMBA5BA,01M0XEBJH60M51NVP8EGS7231S,46,4,1787696728343,TRUE,2026-08-25T22:25:20Z,2026-08-25T22:25:27Z,01M0XF1AW05AX3PDCQ9PWGAR99,1787696720761
01M0XF5JCAEM9MYY6RHEMBA5BA,01M0XEBJH60M51NVP8EGS7231S,46,4,1787696728343,TRUE,2026-08-25T22:25:20Z,2026-08-25T22:25:27Z,01M0XEQNJ9809PHWDZ742E11VG,1787696721636
01M0XF2S2QFPK2BZM262H9KG0G,01M0XEBKS0ZEFNX9SMQDQW2PZ4,25,3,1787697617446,TRUE,2026-08-25T22:39:44Z,2026-08-25T22:40:16Z,01M0XES69GNPHVSPMR1TVP4HAR,1787697585446
01M0XF2S2QFPK2BZM262H9KG0G,01M0XEBKS0ZEFNX9SMQDQW2PZ4,25,3,1787697617446,TRUE,2026-08-25T22:39:44Z,2026-08-25T22:40:16Z,01M0XER9CN1N4H5AFH0XVE2HCE,1787697619029
01M0XF5S8A0ED7T15JBBM6PR47,01M0XEP3V3T2RJX1S58T7Z1N3B,46,4,1787697616427,TRUE,2026-08-25T22:40:06Z,2026-08-25T22:40:16Z,01M0XERTSZ0TCDWRGM6GX23TW0,1787697606185
01M0XF5S8A0ED7T15JBBM6PR47,01M0XEP3V3T2RJX1S58T7Z1N3B,46,4,1787697616427,TRUE,2026-08-25T22:40:06Z,2026-08-25T22:40:16Z,01M0XEWYY70E7AF4NMGH9FGS3V,1787697606484
01M0XF0315R75PXV13JVQ9Q0ZK,01M0XEBFYZ40VDCCZ70PM6EWHK,11,1,1787695885966,TRUE,2026-08-25T22:10:57Z,2026-08-25T22:11:26Z,01M0XERQP1ZQ8ZKRV6F98VE778,1787695857089
01M0XF0315R75PXV13JVQ9Q0ZK,01M0XEBFYZ40VDCCZ70PM6EWHK,11,1,1787695885966,TRUE,2026-08-25T22:10:57Z,2026-08-25T22:11:26Z,01M0XEW4XVCD53BQGS5F5TWC4E,1787695857128
01M0XF2RZ7HZ0GCBVCH5YBK5EK,01M0XEBKS0ZEFNX9SMQDQW2PZ4,3,1,1787696662975,TRUE,2026-08-25T22:23:46Z,2026-08-25T22:24:22Z,01M0XER9CN1N4H5AFH0XVE2HCE,1787696661505
01M0XF2RZ7HZ0GCBVCH5YBK5EK,01M0XEBKS0ZEFNX9SMQDQW2PZ4,3,1,1787696662975,TRUE,2026-08-25T22:23:46Z,2026-08-25T22:24:22Z,01M0XES69GNPHVSPMR1TVP4HAR,1787696627883
01M0XFQWTDWT4YMYFK6HF8MKRJ,01M0XEP3TXK5Z02SVJR2VASG8P,14,2,1787696887413,FALSE,2026-08-25T22:27:36Z,2026-08-25T22:28:08Z,01M0XFGKS364T502MY6BASRSP2,1787696856243
01M0XFQWTDWT4YMYFK6HF8MKRJ,01M0XEP3TXK5Z02SVJR2VASG8P,14,2,1787696887413,FALSE,2026-08-25T22:27:36Z,2026-08-25T22:28:08Z,01M0XEX8ATRQ9G1A1T9FCE8VQM,1787696855343
01M0XF7M8DFNMYSKQW55XFGV2J,01M0XEBKS0ZEFNX9SMQQNF9DE2,6,1,NA,NA,NA,2026-08-25T22:04:12Z,NA,NA
01M0XF6JXMG2MVJYHRFH6GNA5K,01M0XEBKS2G948HDY26TVYK1X9,2,1,1787695794490,TRUE,2026-08-25T22:09:27Z,2026-08-25T22:09:53Z,01M0XEQS1Y61NYBS2B9X56Y7HM,1787695768370
01M0XF6JXMG2MVJYHRFH6GNA5K,01M0XEBKS2G948HDY26TVYK1X9,2,1,1787695794490,TRUE,2026-08-25T22:09:27Z,2026-08-25T22:09:53Z,01M0XERWA6XTSFFEAXHF1XTBP1,1787695766758
01M0XF1MTG6JCVGWDWBV4W8D8E,01M0XEBHFGJ74MNH9PTVJNK0S2,45,4,1787697459755,TRUE,2026-08-25T22:37:31Z,2026-08-25T22:37:39Z,01M0XEREZ46CDWNZWM86P2TTE7,1787697450707
01M0XF1MTG6JCVGWDWBV4W8D8E,01M0XEBHFGJ74MNH9PTVJNK0S2,45,4,1787697459755,TRUE,2026-08-25T22:37:31Z,2026-08-25T22:37:39Z,01M0XERNMK293CWHFMH4HQ05K1,1787697451060
01M0XF5S3V34C1MRBFE3AZ02ST,01M0XEP3V3T2RJX1S58T7Z1N3B,25,3,1787697058197,FALSE,2026-08-25T22:30:26Z,2026-08-25T22:30:58Z,01M0XEWYY70E7AF4NMGH9FGS3V,1787697026703
01M0XF5S3V34C1MRBFE3AZ02ST,01M0XEP3V3T2RJX1S58T7Z1N3B,25,3,1787697058197,FALSE,2026-08-25T22:30:26Z,2026-08-25T22:30:58Z,01M0XERTSZ0TCDWRGM6GX23TW0,1787697026372
01M0XF2S49N7AC6Q3GTEZ487ZH,01M0XEBKS0ZEFNX9SMQDQW2PZ4,37,4,1787698177172,FALSE,2026-08-25T22:49:02Z,2026-08-25T22:49:36Z,01M0XER9CN1N4H5AFH0XVE2HCE,1787698177534
01M0XF2S49N7AC6Q3GTEZ487ZH,01M0XEBKS0ZEFNX9SMQDQW2PZ4,37,4,1787698177172,FALSE,2026-08-25T22:49:02Z,2026-08-25T22:49:36Z,01M0XES69GNPHVSPMR1TVP4HAR,1787698143973
01M0XFCD5X5Z7HZVSAEPAKJASS,01M0XEP3TSE5MTCHYTC004C3XD,42,4,1787697694373,TRUE,2026-08-25T22:41:28Z,2026-08-25T22:41:34Z,01M0XETPA4APE5RG3CX52WNZAV,1787697688304
01M0XFCD5X5Z7HZVSAEPAKJASS,01M0XEP3TSE5MTCHYTC004C3XD,42,4,1787697694373,TRUE,2026-08-25T22:41:28Z,2026-08-25T22:41:34Z,01M0XEY6K6WQC3AV5JQQ7N3PQV,1785656086375
01M0XF1MRDZBB4VNK2Q08JH638,01M0XEBHFGJ74MNH9PTVJNK0S2,28,3,1787697136962,TRUE,2026-08-25T22:32:03Z,2026-08-25T22:32:17Z,01M0XERNMK293CWHFMH4HQ05K1,1787697123695
01M0XF1MRDZBB4VNK2Q08JH638,01M0XEBHFGJ74MNH9PTVJNK0S2,28,3,1787697136962,TRUE,2026-08-25T22:32:03Z,2026-08-25T22:32:17Z,01M0XEREZ46CDWNZWM86P2TTE7,1787697123347
01M0XF6JWKDNE44FM4ZPCPCWER,01M0XEBKS2G948HDY26TVYK1X9,10,1,1787696032400,TRUE,2026-08-25T22:13:20Z,2026-08-25T22:13:51Z,01M0XEQS1Y61NYBS2B9X56Y7HM,1787696001357
01M0XF6JWKDNE44FM4ZPCPCWER,01M0XEBKS2G948HDY26TVYK1X9,10,1,1787696032400,TRUE,2026-08-25T22:13:20Z,2026-08-25T22:13:51Z,01M0XERWA6XTSFFEAXHF1XTBP1,1787695999769
01M0XF7M37W4GWQPXQGFRE7DVV,01M0XEBKS0ZEFNX9SMQQNF9DE2,33,3,NA,NA,NA,2026-08-25T22:04:14Z,NA,NA
01M0XFQWR6FDD5AWR4AA5Y2VEN,01M0XEP3TXK5Z02SVJR2VASG8P,9,1,1787696718493,TRUE,2026-08-25T22:24:30Z,2026-08-25T22:25:18Z,01M0XFGKS364T502MY6BASRSP2,1787696670712
01M0XFQWR6FDD5AWR4AA5Y2VEN,01M0XEP3TXK5Z02SVJR2VASG8P,9,1,1787696718493,TRUE,2026-08-25T22:24:30Z,2026-08-25T22:25:18Z,01M0XEX8ATRQ9G1A1T9FCE8VQM,1787696671008
01M0XFQWPJEWHBQX0TCNB2T75H,01M0XEP3TXK5Z02SVJR2VASG8P,4,1,1787696529702,TRUE,2026-08-25T22:21:38Z,2026-08-25T22:22:09Z,01M0XEX8ATRQ9G1A1T9FCE8VQM,1787696504956
01M0XFQWPJEWHBQX0TCNB2T75H,01M0XEP3TXK5Z02SVJR2VASG8P,4,1,1787696529702,TRUE,2026-08-25T22:21:38Z,2026-08-25T22:22:09Z,01M0XFGKS364T502MY6BASRSP2,1787696498593
01M0XF5J79A5HK95QXTTDCPVJ0,01M0XEBJH60M51NVP8EGS7231S,18,2,1787696301784,TRUE,2026-08-25T22:18:15Z,2026-08-25T22:18:21Z,01M0XEQNJ9809PHWDZ742E11VG,1787696296849
01M0XF5J79A5HK95QXTTDCPVJ0,01M0XEBJH60M51NVP8EGS7231S,18,2,1787696301784,TRUE,2026-08-25T22:18:15Z,2026-08-25T22:18:21Z,01M0XF1AW05AX3PDCQ9PWGAR99,1787696295916
01M0XF5S98TH16MSAZ37ZY4X2W,01M0XEP3V3T2RJX1S58T7Z1N3B,31,3,1787697258611,TRUE,2026-08-25T22:33:55Z,2026-08-25T22:34:18Z,01M0XERTSZ0TCDWRGM6GX23TW0,1787697234945
01M0XF5S98TH16MSAZ37ZY4X2W,01M0XEP3V3T2RJX1S58T7Z1N3B,31,3,1787697258611,TRUE,2026-08-25T22:33:55Z,2026-08-25T22:34:18Z,01M0XEWYY70E7AF4NMGH9FGS3V,1787697235270
01M0XF75AA2JQR7X6CZ2JSPH6V,01M0XEBJH4G5D0NKPXZ6BYKGS7,28,3,1787696982427,TRUE,2026-08-25T22:29:33Z,2026-08-25T22:29:42Z,01M0XER6FPF3N9GKNC8JSYE9M7,1787696973565
01M0XF75AA2JQR7X6CZ2JSPH6V,01M0XEBJH4G5D0NKPXZ6BYKGS7,28,3,1787696982427,TRUE,2026-08-25T22:29:33Z,2026-08-25T22:29:42Z,01M0XERQ8TV5N8Y3NVYKQG5TNE,1787696972221
01M0XFCD4Y5R8EVYBTFSKZ56FN,01M0XEP3TSE5MTCHYTC004C3XD,26,3,1787697471206,TRUE,2026-08-25T22:37:29Z,2026-08-25T22:37:51Z,01M0XETPA4APE5RG3CX52WNZAV,1787697449863
01M0XFCD4Y5R8EVYBTFSKZ56FN,01M0XEP3TSE5MTCHYTC004C3XD,26,3,1787697471206,TRUE,2026-08-25T22:37:29Z,2026-08-25T22:37:51Z,01M0XEY6K6WQC3AV5JQQ7N3PQV,1785655847946
01M0XEXFNB3BPEG3GC501YZ1VD,01M0XEBFZ0825AFF4R333DJ4HK,27,3,1787696747384,TRUE,2026-08-25T22:25:27Z,2026-08-25T22:25:48Z,01M0XER0XX29HJPEX4FRYGSWYD,1787696727059
01M0XEXFNB3BPEG3GC501YZ1VD,01M0XEBFZ0825AFF4R333DJ4HK,27,3,1787696747384,TRUE,2026-08-25T22:25:27Z,2026-08-25T22:25:48Z,01M0XEQXMFVE0GRKM8DY7Y5DHN,1787696727352
01M0XF756XQ813BY2BDD909K0N,01M0XEBJH4G5D0NKPXZ6BYKGS7,12,2,1787696676497,TRUE,2026-08-25T22:24:26Z,2026-08-25T22:24:36Z,01M0XERQ8TV5N8Y3NVYKQG5TNE,1787696665981
01M0XF756XQ813BY2BDD909K0N,01M0XEBJH4G5D0NKPXZ6BYKGS7,12,2,1787696676497,TRUE,2026-08-25T22:24:26Z,2026-08-25T22:24:36Z,01M0XER6FPF3N9GKNC8JSYE9M7,1787696667273
01M0XF7M15AD92SBKYKN8X1CY4,01M0XEBKS0ZEFNX9SMQQNF9DE2,41,4,NA,NA,NA,2026-08-25T22:04:14Z,NA,NA
01M0XF1MJ3WQCNAEC6TYA07NNT,01M0XEBHFGJ74MNH9PTVJNK0S2,38,4,1787697316670,TRUE,2026-08-25T22:35:06Z,2026-08-25T22:35:17Z,01M0XERNMK293CWHFMH4HQ05K1,1787697306619
01M0XF1MJ3WQCNAEC6TYA07NNT,01M0XEBHFGJ74MNH9PTVJNK0S2,38,4,1787697316670,TRUE,2026-08-25T22:35:06Z,2026-08-25T22:35:17Z,01M0XEREZ46CDWNZWM86P2TTE7,1787697306269
01M0XF75CP8H61BYPTNBWT0SVQ,01M0XEBJH4G5D0NKPXZ6BYKGS7,42,4,1787697301236,TRUE,2026-08-25T22:34:48Z,2026-08-25T22:35:01Z,01M0XER6FPF3N9GKNC8JSYE9M7,1787697288365
01M0XF75CP8H61BYPTNBWT0SVQ,01M0XEBJH4G5D0NKPXZ6BYKGS7,42,4,1787697301236,TRUE,2026-08-25T22:34:48Z,2026-08-25T22:35:01Z,01M0XERQ8TV5N8Y3NVYKQG5TNE,1787697287029
01M0XEYNZBXDW5W8RX26C9VJQ7,01M0XEBHFAZN8J8K9QJ4PMADCV,46,4,1787698440620,TRUE,2026-08-25T22:53:26Z,2026-08-25T22:54:00Z,01M0XEREB3GCTAQVXHQ8WY91H4,1787698407574
01M0XEYNZBXDW5W8RX26C9VJQ7,01M0XEBHFAZN8J8K9QJ4PMADCV,46,4,1787698440620,TRUE,2026-08-25T22:53:26Z,2026-08-25T22:54:00Z,01M0XES5Y1NQT19B2QBEJ1SE2V,1787698403937
01M0XF5S5H3AH2TZCK89B0Q00R,01M0XEP3V3T2RJX1S58T7Z1N3B,18,2,1787696819672,TRUE,2026-08-25T22:26:31Z,2026-08-25T22:27:00Z,01M0XEWYY70E7AF4NMGH9FGS3V,1787696791646
01M0XF5S5H3AH2TZCK89B0Q00R,01M0XEP3V3T2RJX1S58T7Z1N3B,18,2,1787696819672,TRUE,2026-08-25T22:26:31Z,2026-08-25T22:27:00Z,01M0XERTSZ0TCDWRGM6GX23TW0,1787696791313
01M0XF5SBJJAZ0Q0S4DDFG6X0H,01M0XEP3V3T2RJX1S58T7Z1N3B,43,4,1787697552810,TRUE,2026-08-25T22:38:52Z,2026-08-25T22:39:13Z,01M0XEWYY70E7AF4NMGH9FGS3V,1787697532552
01M0XF5SBJJAZ0Q0S4DDFG6X0H,01M0XEP3V3T2RJX1S58T7Z1N3B,43,4,1787697552810,TRUE,2026-08-25T22:38:52Z,2026-08-25T22:39:13Z,01M0XERTSZ0TCDWRGM6GX23TW0,1787697532251
01M0XF07A0T3C802NS09YKFAKZ,01M0XEBFYW1G5QWYVD4F1CEJQ3,42,4,1787696860729,TRUE,2026-08-25T22:27:28Z,2026-08-25T22:27:40Z,01M0XEQXM9M74Y1X1MWHARYCDC,1787696849232
01M0XF07A0T3C802NS09YKFAKZ,01M0XEBFYW1G5QWYVD4F1CEJQ3,42,4,1787696860729,TRUE,2026-08-25T22:27:28Z,2026-08-25T22:27:40Z,01M0XER53CMDT435QVPYSPB86P,1787696848560
01M0XF07DN59R8RQTCTGRF148G,01M0XEBFYW1G5QWYVD4F1CEJQ3,4,1,1787696112467,TRUE,2026-08-25T22:14:57Z,2026-08-25T22:15:12Z,01M0XER53CMDT435QVPYSPB86P,1787696097144
01M0XF07DN59R8RQTCTGRF148G,01M0XEBFYW1G5QWYVD4F1CEJQ3,4,1,1787696112467,TRUE,2026-08-25T22:14:57Z,2026-08-25T22:15:12Z,01M0XEQXM9M74Y1X1MWHARYCDC,1787696097859
01M0XF1C8VX4E7B79QTD088VB2,01M0XEBJH722J4730WC5V8GCA8,47,4,NA,NA,NA,2026-08-25T22:00:48Z,NA,NA
01M0XF5J6CP19MQDK66FWEPV8Y,01M0XEBJH60M51NVP8EGS7231S,13,2,1787696163545,TRUE,2026-08-25T22:15:48Z,2026-08-25T22:16:03Z,01M0XEQNJ9809PHWDZ742E11VG,1787696149926
01M0XF5J6CP19MQDK66FWEPV8Y,01M0XEBJH60M51NVP8EGS7231S,13,2,1787696163545,TRUE,2026-08-25T22:15:48Z,2026-08-25T22:16:03Z,01M0XF1AW05AX3PDCQ9PWGAR99,1787696148422
01M0XF5S6NTQGPQ4CCQP2P09A1,01M0XEP3V3T2RJX1S58T7Z1N3B,11,1,1787696604816,TRUE,2026-08-25T22:22:50Z,2026-08-25T22:23:25Z,01M0XERTSZ0TCDWRGM6GX23TW0,1787696570585
01M0XF5S6NTQGPQ4CCQP2P09A1,01M0XEP3V3T2RJX1S58T7Z1N3B,11,1,1787696604816,TRUE,2026-08-25T22:22:50Z,2026-08-25T22:23:25Z,01M0XEWYY70E7AF4NMGH9FGS3V,1787696570992
01M0XF75CV4DAMDNQW196NKG03,01M0XEBJH4G5D0NKPXZ6BYKGS7,43,4,1787697313149,TRUE,2026-08-25T22:35:04Z,2026-08-25T22:35:14Z,01M0XER6FPF3N9GKNC8JSYE9M7,1787697305148
01M0XF75CV4DAMDNQW196NKG03,01M0XEBJH4G5D0NKPXZ6BYKGS7,43,4,1787697313149,TRUE,2026-08-25T22:35:04Z,2026-08-25T22:35:14Z,01M0XERQ8TV5N8Y3NVYKQG5TNE,1787697303838
01M0XF7M27AQDV2GNSBCKW5TYM,01M0XEBKS0ZEFNX9SMQQNF9DE2,37,4,NA,NA,NA,2026-08-25T22:04:14Z,NA,NA
01M0XF5SC32C39M526M52MWX91,01M0XEP3V3T2RJX1S58T7Z1N3B,45,4,1787697602742,FALSE,2026-08-25T22:39:41Z,2026-08-25T22:40:02Z,01M0XERTSZ0TCDWRGM6GX23TW0,1787697581514
01M0XF5SC32C39M526M52MWX91,01M0XEP3V3T2RJX1S58T7Z1N3B,45,4,1787697602742,FALSE,2026-08-25T22:39:41Z,2026-08-25T22:40:02Z,01M0XEWYY70E7AF4NMGH9FGS3V,1787697581806
01M0XEYNVDGXZGMJQN9D52TRER,01M0XEBHFAZN8J8K9QJ4PMADCV,4,1,NA,FALSE,2026-08-25T22:21:57Z,2026-08-25T22:22:57Z,01M0XES5Y1NQT19B2QBEJ1SE2V,1787696514061
01M0XEYNVDGXZGMJQN9D52TRER,01M0XEBHFAZN8J8K9QJ4PMADCV,4,1,NA,FALSE,2026-08-25T22:21:57Z,2026-08-25T22:22:57Z,01M0XEREB3GCTAQVXHQ8WY91H4,1787696517634
01M0XF031GQ9YFCQ4632QKBJ7S,01M0XEBFYZ40VDCCZ70PM6EWHK,10,1,1787695853654,TRUE,2026-08-25T22:10:30Z,2026-08-25T22:10:53Z,01M0XERQP1ZQ8ZKRV6F98VE778,1787695830040
01M0XF031GQ9YFCQ4632QKBJ7S,01M0XEBFYZ40VDCCZ70PM6EWHK,10,1,1787695853654,TRUE,2026-08-25T22:10:30Z,2026-08-25T22:10:53Z,01M0XEW4XVCD53BQGS5F5TWC4E,1787695830072
01M0XF75DVBZ6AKBEF1SH19YHD,01M0XEBJH4G5D0NKPXZ6BYKGS7,47,4,1787697385448,TRUE,2026-08-25T22:36:14Z,2026-08-25T22:36:26Z,01M0XER6FPF3N9GKNC8JSYE9M7,1787697374326
01M0XF75DVBZ6AKBEF1SH19YHD,01M0XEBJH4G5D0NKPXZ6BYKGS7,47,4,1787697385448,TRUE,2026-08-25T22:36:14Z,2026-08-25T22:36:26Z,01M0XERQ8TV5N8Y3NVYKQG5TNE,1787697373012
01M0XF1MP4T20TTENSF1BWH4V6,01M0XEBHFGJ74MNH9PTVJNK0S2,11,1,1787696713365,TRUE,2026-08-25T22:25:02Z,2026-08-25T22:25:13Z,01M0XERNMK293CWHFMH4HQ05K1,1787696702108
01M0XF1MP4T20TTENSF1BWH4V6,01M0XEBHFGJ74MNH9PTVJNK0S2,11,1,1787696713365,TRUE,2026-08-25T22:25:02Z,2026-08-25T22:25:13Z,01M0XEREZ46CDWNZWM86P2TTE7,1787696701771
01M0XF758A8PHYD9PC0B9JXQC0,01M0XEBJH4G5D0NKPXZ6BYKGS7,19,2,1787696806804,TRUE,2026-08-25T22:26:15Z,2026-08-25T22:26:48Z,01M0XERQ8TV5N8Y3NVYKQG5TNE,1787696774092
01M0XF758A8PHYD9PC0B9JXQC0,01M0XEBJH4G5D0NKPXZ6BYKGS7,19,2,1787696806804,TRUE,2026-08-25T22:26:15Z,2026-08-25T22:26:48Z,01M0XER6FPF3N9GKNC8JSYE9M7,1787696775380
01M0XF6JZRVGZBKF8XJH7QN58A,01M0XEBKS2G948HDY26TVYK1X9,28,3,1787696499609,TRUE,2026-08-25T22:21:20Z,2026-08-25T22:21:39Z,01M0XERWA6XTSFFEAXHF1XTBP1,1787696479461
01M0XF6JZRVGZBKF8XJH7QN58A,01M0XEBKS2G948HDY26TVYK1X9,28,3,1787696499609,TRUE,2026-08-25T22:21:20Z,2026-08-25T22:21:39Z,01M0XEQS1Y61NYBS2B9X56Y7HM,1787696480967
01M0XEXFKGAJPSTX8K8YEDAVH9,01M0XEBFZ0825AFF4R333DJ4HK,6,1,1787696086420,TRUE,2026-08-25T22:14:15Z,2026-08-25T22:14:46Z,01M0XEQXMFVE0GRKM8DY7Y5DHN,1787696055001
01M0XEXFKGAJPSTX8K8YEDAVH9,01M0XEBFZ0825AFF4R333DJ4HK,6,1,1787696086420,TRUE,2026-08-25T22:14:15Z,2026-08-25T22:14:46Z,01M0XER0XX29HJPEX4FRYGSWYD,1787696054831
01M0XF2S3GPHZGRQ4JQKBB2PRE,01M0XEBKS0ZEFNX9SMQDQW2PZ4,31,3,1787697905146,TRUE,2026-08-25T22:44:07Z,2026-08-25T22:45:04Z,01M0XES69GNPHVSPMR1TVP4HAR,1787697848187
01M0XF2S3GPHZGRQ4JQKBB2PRE,01M0XEBKS0ZEFNX9SMQDQW2PZ4,31,3,1787697905146,TRUE,2026-08-25T22:44:07Z,2026-08-25T22:45:04Z,01M0XER9CN1N4H5AFH0XVE2HCE,1787697881763
01M0XF6K39SYNV93XRTYNS09B0,01M0XEBKS2G948HDY26TVYK1X9,16,2,1787696197549,TRUE,2026-08-25T22:16:04Z,2026-08-25T22:16:36Z,01M0XEQS1Y61NYBS2B9X56Y7HM,1787696164846
01M0XF6K39SYNV93XRTYNS09B0,01M0XEBKS2G948HDY26TVYK1X9,16,2,1787696197549,TRUE,2026-08-25T22:16:04Z,2026-08-25T22:16:36Z,01M0XERWA6XTSFFEAXHF1XTBP1,1787696163291
01M0XEXFNQA3MYCZGPTBNE1FPQ,01M0XEBFZ0825AFF4R333DJ4HK,23,2,1787696643745,TRUE,2026-08-25T22:23:34Z,2026-08-25T22:24:04Z,01M0XER0XX29HJPEX4FRYGSWYD,1787696614426
01M0XEXFNQA3MYCZGPTBNE1FPQ,01M0XEBFZ0825AFF4R333DJ4HK,23,2,1787696643745,TRUE,2026-08-25T22:23:34Z,2026-08-25T22:24:04Z,01M0XEQXMFVE0GRKM8DY7Y5DHN,1787696614697
01M0XF5S5P9NDQHJ0VFNAJJ65M,01M0XEP3V3T2RJX1S58T7Z1N3B,17,2,1787696787950,TRUE,2026-08-25T22:26:15Z,2026-08-25T22:26:28Z,01M0XERTSZ0TCDWRGM6GX23TW0,1787696775583
01M0XF5S5P9NDQHJ0VFNAJJ65M,01M0XEP3V3T2RJX1S58T7Z1N3B,17,2,1787696787950,TRUE,2026-08-25T22:26:15Z,2026-08-25T22:26:28Z,01M0XEWYY70E7AF4NMGH9FGS3V,1787696775960
01M0XEYNXVEA7AGJX50CZN2S9Q,01M0XEBHFAZN8J8K9QJ4PMADCV,34,3,NA,FALSE,2026-08-25T22:45:47Z,2026-08-25T22:46:47Z,01M0XEREB3GCTAQVXHQ8WY91H4,1787697948053
01M0XEYNXVEA7AGJX50CZN2S9Q,01M0XEBHFAZN8J8K9QJ4PMADCV,34,3,NA,FALSE,2026-08-25T22:45:47Z,2026-08-25T22:46:47Z,01M0XES5Y1NQT19B2QBEJ1SE2V,1787697944415
01M0XF1CBWB8EKNV1D04SX6JTK,01M0XEBJH722J4730WC5V8GCA8,16,2,1787696501798,TRUE,2026-08-25T22:21:12Z,2026-08-25T22:21:42Z,01M0XESZDE3CCGRVTP6G18ANBY,1787696472716
01M0XF1CBWB8EKNV1D04SX6JTK,01M0XEBJH722J4730WC5V8GCA8,16,2,1787696501798,TRUE,2026-08-25T22:21:12Z,2026-08-25T22:21:42Z,01M0XERZFWJEZDBR149P6YH3F1,1787696471934
01M0XF1MTKTSNCQMWK4C5X9YYG,01M0XEBHFGJ74MNH9PTVJNK0S2,46,4,1787697474894,TRUE,2026-08-25T22:37:43Z,2026-08-25T22:37:55Z,01M0XEREZ46CDWNZWM86P2TTE7,1787697463088
01M0XF1MTKTSNCQMWK4C5X9YYG,01M0XEBHFGJ74MNH9PTVJNK0S2,46,4,1787697474894,TRUE,2026-08-25T22:37:43Z,2026-08-25T22:37:55Z,01M0XERNMK293CWHFMH4HQ05K1,1787697463439
01M0XEXFK4MHNT034390BMTQ9R,01M0XEBFZ0825AFF4R333DJ4HK,8,1,1787696146376,TRUE,2026-08-25T22:15:19Z,2026-08-25T22:15:46Z,01M0XEQXMFVE0GRKM8DY7Y5DHN,1787696119507
01M0XEXFK4MHNT034390BMTQ9R,01M0XEBFZ0825AFF4R333DJ4HK,8,1,1787696146376,TRUE,2026-08-25T22:15:19Z,2026-08-25T22:15:46Z,01M0XER0XX29HJPEX4FRYGSWYD,1787696119417
01M0XF396J9VS77JY5HWF2RDQ4,01M0XEBHF9Z6MD8PTP8NQ2PV26,40,4,1787696699205,TRUE,2026-08-25T22:24:50Z,2026-08-25T22:25:02Z,01M0XESRDHZJ3M6V0HK46Z1NMP,1787696690712
01M0XF396J9VS77JY5HWF2RDQ4,01M0XEBHF9Z6MD8PTP8NQ2PV26,40,4,1787696699205,TRUE,2026-08-25T22:24:50Z,2026-08-25T22:25:02Z,01M0XESCE3HXZW59M8QA45SWJ1,1787696687823
01M0XF6JVGA9Q326RG3S6KPFVK,01M0XEBKS2G948HDY26TVYK1X9,8,1,1787695959844,TRUE,2026-08-25T22:12:16Z,2026-08-25T22:12:39Z,01M0XERWA6XTSFFEAXHF1XTBP1,1787695935430
01M0XF6JVGA9Q326RG3S6KPFVK,01M0XEBKS2G948HDY26TVYK1X9,8,1,1787695959844,TRUE,2026-08-25T22:12:16Z,2026-08-25T22:12:39Z,01M0XEQS1Y61NYBS2B9X56Y7HM,1787695937023
01M0XF1MSEMRAZ5D8D763Q0KYE,01M0XEBHFGJ74MNH9PTVJNK0S2,34,3,1787697261174,TRUE,2026-08-25T22:34:10Z,2026-08-25T22:34:21Z,01M0XERNMK293CWHFMH4HQ05K1,1787697250040
01M0XF1MSEMRAZ5D8D763Q0KYE,01M0XEBHFGJ74MNH9PTVJNK0S2,34,3,1787697261174,TRUE,2026-08-25T22:34:10Z,2026-08-25T22:34:21Z,01M0XEREZ46CDWNZWM86P2TTE7,1787697249692
01M0XF5JAJ6Y33R635P1ZDS9FW,01M0XEBJH60M51NVP8EGS7231S,38,4,1787696635799,TRUE,2026-08-25T22:23:49Z,2026-08-25T22:23:55Z,01M0XEQNJ9809PHWDZ742E11VG,1787696630510
01M0XF5JAJ6Y33R635P1ZDS9FW,01M0XEBJH60M51NVP8EGS7231S,38,4,1787696635799,TRUE,2026-08-25T22:23:49Z,2026-08-25T22:23:55Z,01M0XF1AW05AX3PDCQ9PWGAR99,1787696629545
01M0XEXFNJVM2QM4ZZ6AFG81Y0,01M0XEBFZ0825AFF4R333DJ4HK,26,3,1787696723551,TRUE,2026-08-25T22:25:00Z,2026-08-25T22:25:23Z,01M0XEQXMFVE0GRKM8DY7Y5DHN,1787696700238
01M0XEXFNJVM2QM4ZZ6AFG81Y0,01M0XEBFZ0825AFF4R333DJ4HK,26,3,1787696723551,TRUE,2026-08-25T22:25:00Z,2026-08-25T22:25:23Z,01M0XER0XX29HJPEX4FRYGSWYD,1787696699942
01M0XEYNXS2ZJP4YKZDNTGEH7Y,01M0XEBHFAZN8J8K9QJ4PMADCV,33,3,1787697940446,TRUE,2026-08-25T22:45:11Z,2026-08-25T22:45:43Z,01M0XEREB3GCTAQVXHQ8WY91H4,1787697912310
01M0XEYNXS2ZJP4YKZDNTGEH7Y,01M0XEBHFAZN8J8K9QJ4PMADCV,33,3,1787697940446,TRUE,2026-08-25T22:45:11Z,2026-08-25T22:45:43Z,01M0XES5Y1NQT19B2QBEJ1SE2V,1787697909618
01M0XF1MSP89VJ1GJ9QZPR9CF2,01M0XEBHFGJ74MNH9PTVJNK0S2,36,4,1787697288998,TRUE,2026-08-25T22:34:39Z,2026-08-25T22:34:49Z,01M0XERNMK293CWHFMH4HQ05K1,1787697279598
01M0XF1MSP89VJ1GJ9QZPR9CF2,01M0XEBHFGJ74MNH9PTVJNK0S2,36,4,1787697288998,TRUE,2026-08-25T22:34:39Z,2026-08-25T22:34:49Z,01M0XEREZ46CDWNZWM86P2TTE7,1787697279251
01M0XF2S11HQ6TY4W6KE52A0YQ,01M0XEBKS0ZEFNX9SMQDQW2PZ4,19,2,1787697382028,FALSE,2026-08-25T22:35:41Z,2026-08-25T22:36:21Z,01M0XER9CN1N4H5AFH0XVE2HCE,1787697376310
01M0XF2S11HQ6TY4W6KE52A0YQ,01M0XEBKS0ZEFNX9SMQDQW2PZ4,19,2,1787697382028,FALSE,2026-08-25T22:35:41Z,2026-08-25T22:36:21Z,01M0XES69GNPHVSPMR1TVP4HAR,1787697342718
01M0XEXFJ4V3QM3RCS5XQQJH4G,01M0XEBFZ0825AFF4R333DJ4HK,29,3,1787696794039,TRUE,2026-08-25T22:26:19Z,2026-08-25T22:26:34Z,01M0XER0XX29HJPEX4FRYGSWYD,1787696779293
01M0XEXFJ4V3QM3RCS5XQQJH4G,01M0XEBFZ0825AFF4R333DJ4HK,29,3,1787696794039,TRUE,2026-08-25T22:26:19Z,2026-08-25T22:26:34Z,01M0XEQXMFVE0GRKM8DY7Y5DHN,1787696779501
01M0XF5J5V7JHTRHK3WKRFWSQ9,01M0XEBJH60M51NVP8EGS7231S,10,1,1787696094675,TRUE,2026-08-25T22:14:09Z,2026-08-25T22:14:53Z,01M0XEQNJ9809PHWDZ742E11VG,1787696050751
01M0XF5J5V7JHTRHK3WKRFWSQ9,01M0XEBJH60M51NVP8EGS7231S,10,1,1787696094675,TRUE,2026-08-25T22:14:09Z,2026-08-25T22:14:53Z,01M0XF1AW05AX3PDCQ9PWGAR99,1787696049805
01M0XF5J9QZQV8CR67CRYY99VA,01M0XEBJH60M51NVP8EGS7231S,33,3,1787696571034,TRUE,2026-08-25T22:22:36Z,2026-08-25T22:22:51Z,01M0XEQNJ9809PHWDZ742E11VG,1787696557085
01M0XF5J9QZQV8CR67CRYY99VA,01M0XEBJH60M51NVP8EGS7231S,33,3,1787696571034,TRUE,2026-08-25T22:22:36Z,2026-08-25T22:22:51Z,01M0XF1AW05AX3PDCQ9PWGAR99,1787696556205
01M0XFCCS83BW0JPK3XEF47CMF,01M0XEP3TSE5MTCHYTC004C3XD,22,2,1787697384975,TRUE,2026-08-25T22:35:54Z,2026-08-25T22:36:25Z,01M0XEY6K6WQC3AV5JQQ7N3PQV,1785655752760
01M0XFCCS83BW0JPK3XEF47CMF,01M0XEP3TSE5MTCHYTC004C3XD,22,2,1787697384975,TRUE,2026-08-25T22:35:54Z,2026-08-25T22:36:25Z,01M0XETPA4APE5RG3CX52WNZAV,1787697354684
01M0XEXFQ5Y0H9X2MRB05APQEB,01M0XEBFZ0825AFF4R333DJ4HK,42,4,1787697079463,TRUE,2026-08-25T22:30:51Z,2026-08-25T22:31:19Z,01M0XEQXMFVE0GRKM8DY7Y5DHN,1787697051205
01M0XEXFQ5Y0H9X2MRB05APQEB,01M0XEBFZ0825AFF4R333DJ4HK,42,4,1787697079463,TRUE,2026-08-25T22:30:51Z,2026-08-25T22:31:19Z,01M0XER0XX29HJPEX4FRYGSWYD,1787697050889
01M0XF1CE0Y7KGTDNP3TC871KR,01M0XEBJH722J4730WC5V8GCA8,26,3,NA,FALSE,2026-08-25T22:26:35Z,2026-08-25T22:27:35Z,01M0XERZFWJEZDBR149P6YH3F1,1787696794868
01M0XF1CE0Y7KGTDNP3TC871KR,01M0XEBJH722J4730WC5V8GCA8,26,3,NA,FALSE,2026-08-25T22:26:35Z,2026-08-25T22:27:35Z,01M0XESZDE3CCGRVTP6G18ANBY,1787696795625
01M0XF2RZPGMDCZW6HTX9W1GM9,01M0XEBKS0ZEFNX9SMQDQW2PZ4,11,1,NA,FALSE,2026-08-25T22:30:19Z,2026-08-25T22:31:19Z,01M0XES69GNPHVSPMR1TVP4HAR,1787697020101
01M0XF2RZPGMDCZW6HTX9W1GM9,01M0XEBKS0ZEFNX9SMQDQW2PZ4,11,1,NA,FALSE,2026-08-25T22:30:19Z,2026-08-25T22:31:19Z,01M0XER9CN1N4H5AFH0XVE2HCE,1787697053710
01M0XF5J4QXY2JDJ29Z7H89NXN,01M0XEBJH60M51NVP8EGS7231S,6,1,1787695972009,FALSE,2026-08-25T22:12:30Z,2026-08-25T22:12:51Z,01M0XEQNJ9809PHWDZ742E11VG,1787695951643
01M0XF5J4QXY2JDJ29Z7H89NXN,01M0XEBJH60M51NVP8EGS7231S,6,1,1787695972009,FALSE,2026-08-25T22:12:30Z,2026-08-25T22:12:51Z,01M0XF1AW05AX3PDCQ9PWGAR99,1787695950845
01M0XF394AFZ288Q6VT8V8SV2G,01M0XEBHF9Z6MD8PTP8NQ2PV26,7,1,1787695894710,TRUE,2026-08-25T22:10:53Z,2026-08-25T22:11:34Z,01M0XESCE3HXZW59M8QA45SWJ1,1787695850653
01M0XF394AFZ288Q6VT8V8SV2G,01M0XEBHF9Z6MD8PTP8NQ2PV26,7,1,1787695894710,TRUE,2026-08-25T22:10:53Z,2026-08-25T22:11:34Z,01M0XESRDHZJ3M6V0HK46Z1NMP,1787695853594
01M0XF3977QNJ4CX73TXRSAEEM,01M0XEBHF9Z6MD8PTP8NQ2PV26,44,4,1787696763057,TRUE,2026-08-25T22:25:53Z,2026-08-25T22:26:06Z,01M0XESCE3HXZW59M8QA45SWJ1,1787696750201
01M0XF3977QNJ4CX73TXRSAEEM,01M0XEBHF9Z6MD8PTP8NQ2PV26,44,4,1787696763057,TRUE,2026-08-25T22:25:53Z,2026-08-25T22:26:06Z,01M0XESRDHZJ3M6V0HK46Z1NMP,1787696753617
01M0XF7579T2GSFCWJ0CKQS2BR,01M0XEBJH4G5D0NKPXZ6BYKGS7,24,3,1787696914731,TRUE,2026-08-25T22:28:23Z,2026-08-25T22:28:34Z,01M0XER6FPF3N9GKNC8JSYE9M7,1787696904156
01M0XF7579T2GSFCWJ0CKQS2BR,01M0XEBJH4G5D0NKPXZ6BYKGS7,24,3,1787696914731,TRUE,2026-08-25T22:28:23Z,2026-08-25T22:28:34Z,01M0XERQ8TV5N8Y3NVYKQG5TNE,1787696902863
01M0XEYNWSJSC7XABP8YGRFE5H,01M0XEBHFAZN8J8K9QJ4PMADCV,12,2,1787696992520,TRUE,2026-08-25T22:29:22Z,2026-08-25T22:29:52Z,01M0XES5Y1NQT19B2QBEJ1SE2V,1787696959095
01M0XEYNWSJSC7XABP8YGRFE5H,01M0XEBHFAZN8J8K9QJ4PMADCV,12,2,1787696992520,TRUE,2026-08-25T22:29:22Z,2026-08-25T22:29:52Z,01M0XEREB3GCTAQVXHQ8WY91H4,1787696962692
01M0XF1MSXQD35RYGR0HZBZ3ZV,01M0XEBHFGJ74MNH9PTVJNK0S2,40,4,1787697356230,TRUE,2026-08-25T22:35:42Z,2026-08-25T22:35:56Z,01M0XEREZ46CDWNZWM86P2TTE7,1787697342166
01M0XF1MSXQD35RYGR0HZBZ3ZV,01M0XEBHFGJ74MNH9PTVJNK0S2,40,4,1787697356230,TRUE,2026-08-25T22:35:42Z,2026-08-25T22:35:56Z,01M0XERNMK293CWHFMH4HQ05K1,1787697342516
01M0XFED9M785FX3TE4QFWMH37,01M0XF36KPEANMAA2FHR330CGB,26,3,1787698048032,TRUE,2026-08-25T22:46:56Z,2026-08-25T22:47:28Z,01M0XES7WHX0W3E8PJ1JTK03A6,1787698016302
01M0XFED9M785FX3TE4QFWMH37,01M0XF36KPEANMAA2FHR330CGB,26,3,1787698048032,TRUE,2026-08-25T22:46:56Z,2026-08-25T22:47:28Z,01M0XETGWM5RF9ZVRZXVQJA69R,1787698016218
01M0XF5SA5592P96H52VEBPXV8,01M0XEP3V3T2RJX1S58T7Z1N3B,36,4,1787697409769,TRUE,2026-08-25T22:36:31Z,2026-08-25T22:36:50Z,01M0XEWYY70E7AF4NMGH9FGS3V,1787697391307
01M0XF5SA5592P96H52VEBPXV8,01M0XEP3V3T2RJX1S58T7Z1N3B,36,4,1787697409769,TRUE,2026-08-25T22:36:31Z,2026-08-25T22:36:50Z,01M0XERTSZ0TCDWRGM6GX23TW0,1787697391040
01M0XF1CD4QG0W69JZMKSRRGS8,01M0XEBJH722J4730WC5V8GCA8,22,2,1787696677878,TRUE,2026-08-25T22:24:19Z,2026-08-25T22:24:38Z,01M0XERZFWJEZDBR149P6YH3F1,1787696658923
01M0XF1CD4QG0W69JZMKSRRGS8,01M0XEBJH722J4730WC5V8GCA8,22,2,1787696677878,TRUE,2026-08-25T22:24:19Z,2026-08-25T22:24:38Z,01M0XESZDE3CCGRVTP6G18ANBY,1787696659679
01M0XF2S29R81PHT8KAXC4T33V,01M0XEBKS0ZEFNX9SMQDQW2PZ4,22,2,1787697515549,TRUE,2026-08-25T22:37:38Z,2026-08-25T22:38:01Z,01M0XES69GNPHVSPMR1TVP4HAR,1787697459549
01M0XF2S29R81PHT8KAXC4T33V,01M0XEBKS0ZEFNX9SMQDQW2PZ4,22,2,1787697515549,TRUE,2026-08-25T22:37:38Z,2026-08-25T22:38:01Z,01M0XER9CN1N4H5AFH0XVE2HCE,1787697493133
01M0XF2S2X020W1W1KV8P1C866,01M0XEBKS0ZEFNX9SMQDQW2PZ4,26,3,1787697687394,TRUE,2026-08-25T22:40:20Z,2026-08-25T22:40:52Z,01M0XER9CN1N4H5AFH0XVE2HCE,1787697654713
01M0XF2S2X020W1W1KV8P1C866,01M0XEBKS0ZEFNX9SMQDQW2PZ4,26,3,1787697687394,TRUE,2026-08-25T22:40:20Z,2026-08-25T22:40:52Z,01M0XES69GNPHVSPMR1TVP4HAR,1787697621129
01M0XF75DENPHCWQ7N1Y3TCXGS,01M0XEBJH4G5D0NKPXZ6BYKGS7,46,4,1787697370563,TRUE,2026-08-25T22:35:54Z,2026-08-25T22:36:10Z,01M0XERQ8TV5N8Y3NVYKQG5TNE,1787697353152
01M0XF75DENPHCWQ7N1Y3TCXGS,01M0XEBJH4G5D0NKPXZ6BYKGS7,46,4,1787697370563,TRUE,2026-08-25T22:35:54Z,2026-08-25T22:36:10Z,01M0XER6FPF3N9GKNC8JSYE9M7,1787697354485
01M0XF7M08AHV0Y40YKA4R2CGY,01M0XEBKS0ZEFNX9SMQQNF9DE2,45,4,NA,NA,NA,2026-08-25T22:04:14Z,NA,NA
01M0XF07D5SSKQQV9SJ138AXX6,01M0XEBFYW1G5QWYVD4F1CEJQ3,23,2,1787696569673,TRUE,2026-08-25T22:22:24Z,2026-08-25T22:22:50Z,01M0XEQXM9M74Y1X1MWHARYCDC,1787696545204
01M0XF07D5SSKQQV9SJ138AXX6,01M0XEBFYW1G5QWYVD4F1CEJQ3,23,2,1787696569673,TRUE,2026-08-25T22:22:24Z,2026-08-25T22:22:50Z,01M0XER53CMDT435QVPYSPB86P,1787696544588
01M0XF2S013YAZAW8RAGMKFSZH,01M0XEBKS0ZEFNX9SMQDQW2PZ4,5,1,1787696745634,TRUE,2026-08-25T22:25:08Z,2026-08-25T22:25:44Z,01M0XER9CN1N4H5AFH0XVE2HCE,1787696743463
01M0XF2S013YAZAW8RAGMKFSZH,01M0XEBKS0ZEFNX9SMQDQW2PZ4,5,1,1787696745634,TRUE,2026-08-25T22:25:08Z,2026-08-25T22:25:44Z,01M0XES69GNPHVSPMR1TVP4HAR,1787696709853
01M0XF6JXVPM5XT6DQ4SWSDRMD,01M0XEBKS2G948HDY26TVYK1X9,1,1,1787695763135,TRUE,2026-08-25T22:08:57Z,2026-08-25T22:09:24Z,01M0XERWA6XTSFFEAXHF1XTBP1,1787695736489
01M0XF6JXVPM5XT6DQ4SWSDRMD,01M0XEBKS2G948HDY26TVYK1X9,1,1,1787695763135,TRUE,2026-08-25T22:08:57Z,2026-08-25T22:09:24Z,01M0XEQS1Y61NYBS2B9X56Y7HM,1787695738139
01M0XF6JYZ68N77403C3B09B4P,01M0XEBKS2G948HDY26TVYK1X9,9,1,1787695995911,TRUE,2026-08-25T22:12:42Z,2026-08-25T22:13:16Z,01M0XEQS1Y61NYBS2B9X56Y7HM,1787695963301
01M0XF6JYZ68N77403C3B09B4P,01M0XEBKS2G948HDY26TVYK1X9,9,1,1787695995911,TRUE,2026-08-25T22:12:42Z,2026-08-25T22:13:16Z,01M0XERWA6XTSFFEAXHF1XTBP1,1787695961721
01M0XEXFNSB6S6MWBFFMNCM746,01M0XEBFZ0825AFF4R333DJ4HK,46,4,1787697159399,TRUE,2026-08-25T22:32:22Z,2026-08-25T22:32:39Z,01M0XEQXMFVE0GRKM8DY7Y5DHN,1787697142477
01M0XEXFNSB6S6MWBFFMNCM746,01M0XEBFZ0825AFF4R333DJ4HK,46,4,1787697159399,TRUE,2026-08-25T22:32:22Z,2026-08-25T22:32:39Z,01M0XER0XX29HJPEX4FRYGSWYD,1787697142151
01M0XEYNXHAS4SE1D7RSM12GPW,01M0XEBHFAZN8J8K9QJ4PMADCV,29,3,1787697775236,TRUE,2026-08-25T22:42:25Z,2026-08-25T22:42:58Z,01M0XES5Y1NQT19B2QBEJ1SE2V,1787697743086
01M0XEYNXHAS4SE1D7RSM12GPW,01M0XEBHFAZN8J8K9QJ4PMADCV,29,3,1787697775236,TRUE,2026-08-25T22:42:25Z,2026-08-25T22:42:58Z,01M0XEREB3GCTAQVXHQ8WY91H4,1787697746140
01M0XFQWK3ZT3R02903H96B85V,01M0XEP3TXK5Z02SVJR2VASG8P,37,4,1787697609961,TRUE,2026-08-25T22:39:43Z,2026-08-25T22:40:09Z,01M0XFGKS364T502MY6BASRSP2,1787697584034
01M0XFQWK3ZT3R02903H96B85V,01M0XEP3TXK5Z02SVJR2VASG8P,37,4,1787697609961,TRUE,2026-08-25T22:39:43Z,2026-08-25T22:40:09Z,01M0XEX8ATRQ9G1A1T9FCE8VQM,1787697583373
01M0XF1MRMW7TW9FM0CWPM6PDJ,01M0XEBHFGJ74MNH9PTVJNK0S2,29,3,1787697159683,TRUE,2026-08-25T22:32:21Z,2026-08-25T22:32:39Z,01M0XERNMK293CWHFMH4HQ05K1,1787697141032
01M0XF1MRMW7TW9FM0CWPM6PDJ,01M0XEBHFGJ74MNH9PTVJNK0S2,29,3,1787697159683,TRUE,2026-08-25T22:32:21Z,2026-08-25T22:32:39Z,01M0XEREZ46CDWNZWM86P2TTE7,1787697140684
01M0XEXFHVRRAV12FSKY5JQ16R,01M0XEBFZ0825AFF4R333DJ4HK,2,1,1787695901394,TRUE,2026-08-25T22:11:02Z,2026-08-25T22:11:41Z,01M0XEQXMFVE0GRKM8DY7Y5DHN,1787695862877
01M0XEXFHVRRAV12FSKY5JQ16R,01M0XEBFZ0825AFF4R333DJ4HK,2,1,1787695901394,TRUE,2026-08-25T22:11:02Z,2026-08-25T22:11:41Z,01M0XER0XX29HJPEX4FRYGSWYD,1787695862802
01M0XFEDFWNV303EA6B9FWX33N,01M0XF36KPEANMAA2FHR330CGB,17,2,1787697786890,TRUE,2026-08-25T22:42:31Z,2026-08-25T22:43:07Z,01M0XES7WHX0W3E8PJ1JTK03A6,1787697751345
01M0XFEDFWNV303EA6B9FWX33N,01M0XF36KPEANMAA2FHR330CGB,17,2,1787697786890,TRUE,2026-08-25T22:42:31Z,2026-08-25T22:43:07Z,01M0XETGWM5RF9ZVRZXVQJA69R,1787697751235
01M0XEYNXZ8T2DX6VS8DYAA8DN,01M0XEBHFAZN8J8K9QJ4PMADCV,36,4,1787698111295,TRUE,2026-08-25T22:47:47Z,2026-08-25T22:48:30Z,01M0XEREB3GCTAQVXHQ8WY91H4,1787698068401
01M0XEYNXZ8T2DX6VS8DYAA8DN,01M0XEBHFAZN8J8K9QJ4PMADCV,36,4,1787698111295,TRUE,2026-08-25T22:47:47Z,2026-08-25T22:48:30Z,01M0XES5Y1NQT19B2QBEJ1SE2V,1787698064769
01M0XF7M2RQRF89FR40C1EN1KX,01M0XEBKS0ZEFNX9SMQQNF9DE2,35,3,NA,NA,NA,2026-08-25T22:04:14Z,NA,NA
01M0XFEE01W2PJ1Z1Z82C9AGC2,01M0XF36KPEANMAA2FHR330CGB,45,4,1787698481498,TRUE,2026-08-25T22:54:25Z,2026-08-25T22:54:41Z,01M0XES7WHX0W3E8PJ1JTK03A6,1787698464868
01M0XFEE01W2PJ1Z1Z82C9AGC2,01M0XF36KPEANMAA2FHR330CGB,45,4,1787698481498,TRUE,2026-08-25T22:54:25Z,2026-08-25T22:54:41Z,01M0XETGWM5RF9ZVRZXVQJA69R,1787698464801
01M0XEXFR20TQKYV86FGNH93RR,01M0XEBFZ0825AFF4R333DJ4HK,15,2,1787696388332,FALSE,2026-08-25T22:19:25Z,2026-08-25T22:19:48Z,01M0XEQXMFVE0GRKM8DY7Y5DHN,1787696365804
01M0XEXFR20TQKYV86FGNH93RR,01M0XEBFZ0825AFF4R333DJ4HK,15,2,1787696388332,FALSE,2026-08-25T22:19:25Z,2026-08-25T22:19:48Z,01M0XER0XX29HJPEX4FRYGSWYD,1787696365797
01M0XF7M0KWZ11NWF922JJ57WA,01M0XEBKS0ZEFNX9SMQQNF9DE2,44,4,NA,NA,NA,2026-08-25T22:04:14Z,NA,NA
01M0XF07BY9EPTRE2NX20QTCJ9,01M0XEBFYW1G5QWYVD4F1CEJQ3,34,3,1787696743068,TRUE,2026-08-25T22:25:37Z,2026-08-25T22:25:43Z,01M0XER53CMDT435QVPYSPB86P,1787696736888
01M0XF07BY9EPTRE2NX20QTCJ9,01M0XEBFYW1G5QWYVD4F1CEJQ3,34,3,1787696743068,TRUE,2026-08-25T22:25:37Z,2026-08-25T22:25:43Z,01M0XEQXM9M74Y1X1MWHARYCDC,1787696737522
01M0XF5SB200V7RGMDZ47D5MXA,01M0XEP3V3T2RJX1S58T7Z1N3B,41,4,1787697516010,TRUE,2026-08-25T22:38:09Z,2026-08-25T22:38:36Z,01M0XEWYY70E7AF4NMGH9FGS3V,1787697489506
01M0XF5SB200V7RGMDZ47D5MXA,01M0XEP3V3T2RJX1S58T7Z1N3B,41,4,1787697516010,TRUE,2026-08-25T22:38:09Z,2026-08-25T22:38:36Z,01M0XERTSZ0TCDWRGM6GX23TW0,1787697489225
01M0XF7M1A292KY05PQRN5FHBV,01M0XEBKS0ZEFNX9SMQQNF9DE2,40,4,NA,NA,NA,2026-08-25T22:04:14Z,NA,NA
01M0XFQWJNG56KG1W1QWK3PEP0,01M0XEP3TXK5Z02SVJR2VASG8P,8,1,1787696665670,TRUE,2026-08-25T22:24:07Z,2026-08-25T22:24:27Z,01M0XFGKS364T502MY6BASRSP2,1787696647764
01M0XFQWJNG56KG1W1QWK3PEP0,01M0XEP3TXK5Z02SVJR2VASG8P,8,1,1787696665670,TRUE,2026-08-25T22:24:07Z,2026-08-25T22:24:27Z,01M0XEX8ATRQ9G1A1T9FCE8VQM,1787696647936
01M0XEYNT9ZR0B0FBSK96Q4G36,01M0XEBHFAZN8J8K9QJ4PMADCV,0,1,1787696382178,FALSE,2026-08-25T22:18:43Z,2026-08-25T22:19:41Z,01M0XEREB3GCTAQVXHQ8WY91H4,1787696323916
01M0XEYNT9ZR0B0FBSK96Q4G36,01M0XEBHFAZN8J8K9QJ4PMADCV,0,1,1787696382178,FALSE,2026-08-25T22:18:43Z,2026-08-25T22:19:41Z,01M0XES5Y1NQT19B2QBEJ1SE2V,1787696320140
01M0XF3964ZRXRHF2JKRX00BH8,01M0XEBHF9Z6MD8PTP8NQ2PV26,38,4,1787696667740,TRUE,2026-08-25T22:24:21Z,2026-08-25T22:24:31Z,01M0XESCE3HXZW59M8QA45SWJ1,1787696658432
01M0XF3964ZRXRHF2JKRX00BH8,01M0XEBHF9Z6MD8PTP8NQ2PV26,38,4,1787696667740,TRUE,2026-08-25T22:24:21Z,2026-08-25T22:24:31Z,01M0XESRDHZJ3M6V0HK46Z1NMP,1787696661494
01M0XF02Z9GM3SB65CPRMBZJDY,01M0XEBFYZ40VDCCZ70PM6EWHK,14,2,1787695968614,TRUE,2026-08-25T22:12:25Z,2026-08-25T22:12:48Z,01M0XEW4XVCD53BQGS5F5TWC4E,1787695945109
01M0XF02Z9GM3SB65CPRMBZJDY,01M0XEBFYZ40VDCCZ70PM6EWHK,14,2,1787695968614,TRUE,2026-08-25T22:12:25Z,2026-08-25T22:12:48Z,01M0XERQP1ZQ8ZKRV6F98VE778,1787695945066
01M0XF07DTYKP8NK2T9V911RQZ,01M0XEBFYW1G5QWYVD4F1CEJQ3,16,2,1787696427344,TRUE,2026-08-25T22:20:12Z,2026-08-25T22:20:27Z,01M0XER53CMDT435QVPYSPB86P,1787696412270
01M0XF07DTYKP8NK2T9V911RQZ,01M0XEBFYW1G5QWYVD4F1CEJQ3,16,2,1787696427344,TRUE,2026-08-25T22:20:12Z,2026-08-25T22:20:27Z,01M0XEQXM9M74Y1X1MWHARYCDC,1787696412882
01M0XF2S5HQ15PVKF3Q3ST8BT1,01M0XEBKS0ZEFNX9SMQDQW2PZ4,46,4,1787698549545,TRUE,2026-08-25T22:54:39Z,2026-08-25T22:55:15Z,01M0XER9CN1N4H5AFH0XVE2HCE,1787698513983
01M0XF2S5HQ15PVKF3Q3ST8BT1,01M0XEBKS0ZEFNX9SMQDQW2PZ4,46,4,1787698549545,TRUE,2026-08-25T22:54:39Z,2026-08-25T22:55:15Z,01M0XES69GNPHVSPMR1TVP4HAR,1787698480436
01M0XFED84REG5NY9ASPDDH0NM,01M0XF36KPEANMAA2FHR330CGB,29,3,1787698148456,TRUE,2026-08-25T22:48:46Z,2026-08-25T22:49:08Z,01M0XES7WHX0W3E8PJ1JTK03A6,1787698125914
01M0XFED84REG5NY9ASPDDH0NM,01M0XF36KPEANMAA2FHR330CGB,29,3,1787698148456,TRUE,2026-08-25T22:48:46Z,2026-08-25T22:49:08Z,01M0XETGWM5RF9ZVRZXVQJA69R,1787698125840
01M0XEYNYVHECF12AXKRQ9P3R4,01M0XEBHFAZN8J8K9QJ4PMADCV,41,4,1787698271894,TRUE,2026-08-25T22:50:57Z,2026-08-25T22:51:15Z,01M0XES5Y1NQT19B2QBEJ1SE2V,1787698254947
01M0XEYNYVHECF12AXKRQ9P3R4,01M0XEBHFAZN8J8K9QJ4PMADCV,41,4,1787698271894,TRUE,2026-08-25T22:50:57Z,2026-08-25T22:51:15Z,01M0XEREB3GCTAQVXHQ8WY91H4,1787698258581
01M0XF1MJ96GJ2P9GG6QM964J5,01M0XEBHFGJ74MNH9PTVJNK0S2,0,1,NA,FALSE,2026-08-25T22:18:57Z,2026-08-25T22:19:57Z,01M0XERNMK293CWHFMH4HQ05K1,1787696338002
01M0XF1MJ96GJ2P9GG6QM964J5,01M0XEBHFGJ74MNH9PTVJNK0S2,0,1,NA,FALSE,2026-08-25T22:18:57Z,2026-08-25T22:19:57Z,01M0XEREZ46CDWNZWM86P2TTE7,1787696337795
01M0XF5JBH5MK0RW0WHBB8YKSG,01M0XEBJH60M51NVP8EGS7231S,43,4,1787696692792,TRUE,2026-08-25T22:24:45Z,2026-08-25T22:24:53Z,01M0XEQNJ9809PHWDZ742E11VG,1787696686266
01M0XF5JBH5MK0RW0WHBB8YKSG,01M0XEBJH60M51NVP8EGS7231S,43,4,1787696692792,TRUE,2026-08-25T22:24:45Z,2026-08-25T22:24:53Z,01M0XF1AW05AX3PDCQ9PWGAR99,1787696685448
01M0XEYNXQ9B24QK6PCDVAWNBK,01M0XEBHFAZN8J8K9QJ4PMADCV,32,3,1787697908415,TRUE,2026-08-25T22:44:21Z,2026-08-25T22:45:08Z,01M0XES5Y1NQT19B2QBEJ1SE2V,1787697858232
01M0XEYNXQ9B24QK6PCDVAWNBK,01M0XEBHFAZN8J8K9QJ4PMADCV,32,3,1787697908415,TRUE,2026-08-25T22:44:21Z,2026-08-25T22:45:08Z,01M0XEREB3GCTAQVXHQ8WY91H4,1787697861868
01M0XFQWVCR632PPGCS3BPA8Q5,01M0XEP3TXK5Z02SVJR2VASG8P,16,2,1787696933586,TRUE,2026-08-25T22:28:39Z,2026-08-25T22:28:54Z,01M0XFGKS364T502MY6BASRSP2,1787696919654
01M0XFQWVCR632PPGCS3BPA8Q5,01M0XEP3TXK5Z02SVJR2VASG8P,16,2,1787696933586,TRUE,2026-08-25T22:28:39Z,2026-08-25T22:28:54Z,01M0XEX8ATRQ9G1A1T9FCE8VQM,1787696918787
01M0XF07CB5XCGGM5YVZWV69XR,01M0XEBFYW1G5QWYVD4F1CEJQ3,31,3,1787696706144,TRUE,2026-08-25T22:24:42Z,2026-08-25T22:25:06Z,01M0XER53CMDT435QVPYSPB86P,1787696681974
01M0XF07CB5XCGGM5YVZWV69XR,01M0XEBFYW1G5QWYVD4F1CEJQ3,31,3,1787696706144,TRUE,2026-08-25T22:24:42Z,2026-08-25T22:25:06Z,01M0XEQXM9M74Y1X1MWHARYCDC,1787696682607
01M0XF2S04N6Q48A55ENMQ2ZTE,01M0XEBKS0ZEFNX9SMQDQW2PZ4,6,1,1787696835354,TRUE,2026-08-25T22:25:48Z,2026-08-25T22:26:40Z,01M0XER9CN1N4H5AFH0XVE2HCE,1787696783335
01M0XF2S04N6Q48A55ENMQ2ZTE,01M0XEBKS0ZEFNX9SMQDQW2PZ4,6,1,1787696835354,TRUE,2026-08-25T22:25:48Z,2026-08-25T22:26:40Z,01M0XES69GNPHVSPMR1TVP4HAR,1787696749713
01M0XF07BN74MXYA0XJQTBDSRS,01M0XEBFYW1G5QWYVD4F1CEJQ3,38,4,1787696809887,TRUE,2026-08-25T22:26:41Z,2026-08-25T22:26:49Z,01M0XER53CMDT435QVPYSPB86P,1787696801515
01M0XF07BN74MXYA0XJQTBDSRS,01M0XEBFYW1G5QWYVD4F1CEJQ3,38,4,1787696809887,TRUE,2026-08-25T22:26:41Z,2026-08-25T22:26:49Z,01M0XEQXM9M74Y1X1MWHARYCDC,1787696802330
01M0XF1CDXBP113Q9ET0KZVRTS,01M0XEBJH722J4730WC5V8GCA8,25,3,NA,FALSE,2026-08-25T22:25:32Z,2026-08-25T22:26:32Z,01M0XESZDE3CCGRVTP6G18ANBY,1787696732089
01M0XF1CDXBP113Q9ET0KZVRTS,01M0XEBJH722J4730WC5V8GCA8,25,3,NA,FALSE,2026-08-25T22:25:32Z,2026-08-25T22:26:32Z,01M0XERZFWJEZDBR149P6YH3F1,1787696731328
01M0XF5J3X6S2P3G94FZVQEMJV,01M0XEBJH60M51NVP8EGS7231S,47,4,1787696738783,TRUE,2026-08-25T22:25:31Z,2026-08-25T22:25:38Z,01M0XF1AW05AX3PDCQ9PWGAR99,1787696731649
01M0XF5J3X6S2P3G94FZVQEMJV,01M0XEBJH60M51NVP8EGS7231S,47,4,1787696738783,TRUE,2026-08-25T22:25:31Z,2026-08-25T22:25:38Z,01M0XEQNJ9809PHWDZ742E11VG,1787696732524
01M0XF5J4MS652M826SZ4R02VS,01M0XEBJH60M51NVP8EGS7231S,5,1,1787695947285,FALSE,2026-08-25T22:12:03Z,2026-08-25T22:12:27Z,01M0XEQNJ9809PHWDZ742E11VG,1787695924655
01M0XF5J4MS652M826SZ4R02VS,01M0XEBJH60M51NVP8EGS7231S,5,1,1787695947285,FALSE,2026-08-25T22:12:03Z,2026-08-25T22:12:27Z,01M0XF1AW05AX3PDCQ9PWGAR99,1787695923909
01M0XF07CYWT1PBCCZABN6P12R,01M0XEBFYW1G5QWYVD4F1CEJQ3,5,1,1787696143438,TRUE,2026-08-25T22:15:15Z,2026-08-25T22:15:43Z,01M0XER53CMDT435QVPYSPB86P,1787696115543
01M0XF07CYWT1PBCCZABN6P12R,01M0XEBFYW1G5QWYVD4F1CEJQ3,5,1,1787696143438,TRUE,2026-08-25T22:15:15Z,2026-08-25T22:15:43Z,01M0XEQXM9M74Y1X1MWHARYCDC,1787696116135
01M0XF6K6TT165WCZXW73FDWP2,01M0XEBKS2G948HDY26TVYK1X9,42,4,1787696813665,TRUE,2026-08-25T22:26:37Z,2026-08-25T22:26:53Z,01M0XEQS1Y61NYBS2B9X56Y7HM,1787696798018
01M0XF6K6TT165WCZXW73FDWP2,01M0XEBKS2G948HDY26TVYK1X9,42,4,1787696813665,TRUE,2026-08-25T22:26:37Z,2026-08-25T22:26:53Z,01M0XERWA6XTSFFEAXHF1XTBP1,1787696796575
01M0XEXFNGVXJR6K92X5RSJ33K,01M0XEBFZ0825AFF4R333DJ4HK,47,4,1787697187596,TRUE,2026-08-25T22:32:43Z,2026-08-25T22:33:08Z,01M0XEQXMFVE0GRKM8DY7Y5DHN,1787697163105
01M0XEXFNGVXJR6K92X5RSJ33K,01M0XEBFZ0825AFF4R333DJ4HK,47,4,1787697187596,TRUE,2026-08-25T22:32:43Z,2026-08-25T22:33:08Z,01M0XER0XX29HJPEX4FRYGSWYD,1787697162888
01M0XF02X4TB9AHB55PZ17XQ1G,01M0XEBFYZ40VDCCZ70PM6EWHK,30,3,1787696338096,TRUE,2026-08-25T22:18:36Z,2026-08-25T22:18:58Z,01M0XEW4XVCD53BQGS5F5TWC4E,1787696316729
01M0XF02X4TB9AHB55PZ17XQ1G,01M0XEBFYZ40VDCCZ70PM6EWHK,30,3,1787696338096,TRUE,2026-08-25T22:18:36Z,2026-08-25T22:18:58Z,01M0XERQP1ZQ8ZKRV6F98VE778,1787696316714
01M0XF5S2TW00TVQTZJTN7RPY1,01M0XEP3V3T2RJX1S58T7Z1N3B,23,2,1787697010480,TRUE,2026-08-25T22:29:54Z,2026-08-25T22:30:10Z,01M0XEWYY70E7AF4NMGH9FGS3V,1787696994214
01M0XF5S2TW00TVQTZJTN7RPY1,01M0XEP3V3T2RJX1S58T7Z1N3B,23,2,1787697010480,TRUE,2026-08-25T22:29:54Z,2026-08-25T22:30:10Z,01M0XERTSZ0TCDWRGM6GX23TW0,1787696993872
01M0XEXFPMY765DQDQ14E4D32N,01M0XEBFZ0825AFF4R333DJ4HK,43,4,1787697097743,TRUE,2026-08-25T22:31:23Z,2026-08-25T22:31:38Z,01M0XER0XX29HJPEX4FRYGSWYD,1787697082821
01M0XEXFPMY765DQDQ14E4D32N,01M0XEBFZ0825AFF4R333DJ4HK,43,4,1787697097743,TRUE,2026-08-25T22:31:23Z,2026-08-25T22:31:38Z,01M0XEQXMFVE0GRKM8DY7Y5DHN,1787697083139
01M0XF3918DWR2KFC0A2A8QBRC,01M0XEBHF9Z6MD8PTP8NQ2PV26,12,2,1787696105658,TRUE,2026-08-25T22:14:28Z,2026-08-25T22:15:09Z,01M0XESRDHZJ3M6V0HK46Z1NMP,1787696068958
01M0XF3918DWR2KFC0A2A8QBRC,01M0XEBHF9Z6MD8PTP8NQ2PV26,12,2,1787696105658,TRUE,2026-08-25T22:14:28Z,2026-08-25T22:15:09Z,01M0XESCE3HXZW59M8QA45SWJ1,1787696065840
01M0XF07CPWA72N9RXTK1KWZSC,01M0XEBFYW1G5QWYVD4F1CEJQ3,28,3,1787696654894,TRUE,2026-08-25T22:24:05Z,2026-08-25T22:24:14Z,01M0XEQXM9M74Y1X1MWHARYCDC,1787696645505
01M0XF07CPWA72N9RXTK1KWZSC,01M0XEBFYW1G5QWYVD4F1CEJQ3,28,3,1787696654894,TRUE,2026-08-25T22:24:05Z,2026-08-25T22:24:14Z,01M0XER53CMDT435QVPYSPB86P,1787696644700
01M0XF1MS3WSAFP2PAR39KCHCB,01M0XEBHFGJ74MNH9PTVJNK0S2,31,3,1787697211448,TRUE,2026-08-25T22:33:10Z,2026-08-25T22:33:31Z,01M0XERNMK293CWHFMH4HQ05K1,1787697190574
01M0XF1MS3WSAFP2PAR39KCHCB,01M0XEBHFGJ74MNH9PTVJNK0S2,31,3,1787697211448,TRUE,2026-08-25T22:33:10Z,2026-08-25T22:33:31Z,01M0XEREZ46CDWNZWM86P2TTE7,1787697190225
01M0XF2S3KAGDH9509CGWP46RC,01M0XEBKS0ZEFNX9SMQDQW2PZ4,32,3,1787697990635,TRUE,2026-08-25T22:45:07Z,2026-08-25T22:45:56Z,01M0XER9CN1N4H5AFH0XVE2HCE,1787697942576
01M0XF2S3KAGDH9509CGWP46RC,01M0XEBKS0ZEFNX9SMQDQW2PZ4,32,3,1787697990635,TRUE,2026-08-25T22:45:07Z,2026-08-25T22:45:56Z,01M0XES69GNPHVSPMR1TVP4HAR,1787697909030
01M0XEYNY3H2A42DH8D8SW53H6,01M0XEBHFAZN8J8K9QJ4PMADCV,38,4,1787698180443,FALSE,2026-08-25T22:49:00Z,2026-08-25T22:49:40Z,01M0XES5Y1NQT19B2QBEJ1SE2V,1787698137994
01M0XEYNY3H2A42DH8D8SW53H6,01M0XEBHFAZN8J8K9QJ4PMADCV,38,4,1787698180443,FALSE,2026-08-25T22:49:00Z,2026-08-25T22:49:40Z,01M0XEREB3GCTAQVXHQ8WY91H4,1787698140735
01M0XF07BJJ7PAJBGY3M8ECHZA,01M0XEBFYW1G5QWYVD4F1CEJQ3,39,4,1787696822127,TRUE,2026-08-25T22:26:53Z,2026-08-25T22:27:02Z,01M0XER53CMDT435QVPYSPB86P,1787696813407
01M0XF07BJJ7PAJBGY3M8ECHZA,01M0XEBFYW1G5QWYVD4F1CEJQ3,39,4,1787696822127,TRUE,2026-08-25T22:26:53Z,2026-08-25T22:27:02Z,01M0XEQXM9M74Y1X1MWHARYCDC,1787696814041
01M0XF6K1SHFQQ8KRWY1WR079W,01M0XEBKS2G948HDY26TVYK1X9,19,2,1787696290711,TRUE,2026-08-25T22:17:58Z,2026-08-25T22:18:11Z,01M0XEQS1Y61NYBS2B9X56Y7HM,1787696279374
01M0XF6K1SHFQQ8KRWY1WR079W,01M0XEBKS2G948HDY26TVYK1X9,19,2,1787696290711,TRUE,2026-08-25T22:17:58Z,2026-08-25T22:18:11Z,01M0XERWA6XTSFFEAXHF1XTBP1,1787696277837
01M0XF75BY8BRZJ9VT85YRFKJD,01M0XEBJH4G5D0NKPXZ6BYKGS7,34,3,1787697139454,TRUE,2026-08-25T22:31:31Z,2026-08-25T22:32:19Z,01M0XERQ8TV5N8Y3NVYKQG5TNE,1787697090622
01M0XF75BY8BRZJ9VT85YRFKJD,01M0XEBJH4G5D0NKPXZ6BYKGS7,34,3,1787697139454,TRUE,2026-08-25T22:31:31Z,2026-08-25T22:32:19Z,01M0XER6FPF3N9GKNC8JSYE9M7,1787697091946
01M0XF7KY9Z1F6XW1KJQGXE59K,01M0XEBKS0ZEFNX9SMQQNF9DE2,0,1,NA,NA,NA,2026-08-25T22:04:12Z,NA,NA
01M0XF5S4J0EZA9W7981SKJ5R5,01M0XEP3V3T2RJX1S58T7Z1N3B,22,2,1787696990137,TRUE,2026-08-25T22:29:16Z,2026-08-25T22:29:50Z,01M0XERTSZ0TCDWRGM6GX23TW0,1787696956047
01M0XF5S4J0EZA9W7981SKJ5R5,01M0XEP3V3T2RJX1S58T7Z1N3B,22,2,1787696990137,TRUE,2026-08-25T22:29:16Z,2026-08-25T22:29:50Z,01M0XEWYY70E7AF4NMGH9FGS3V,1787696956396
01M0XF7KXZGP7EG2SEA1Z5DJSM,01M0XEBKS0ZEFNX9SMQQNF9DE2,25,3,NA,NA,NA,2026-08-25T22:04:13Z,NA,NA
01M0XF7M5MFB7A64RK9928Z755,01M0XEBKS0ZEFNX9SMQQNF9DE2,20,2,NA,NA,NA,2026-08-25T22:04:13Z,NA,NA
01M0XFCCVWKE66039WTNCP7CZN,01M0XEP3TSE5MTCHYTC004C3XD,17,2,1785655633481,TRUE,2026-08-25T22:33:02Z,2026-08-25T22:33:55Z,01M0XEY6K6WQC3AV5JQQ7N3PQV,1785655580686
01M0XFCCVWKE66039WTNCP7CZN,01M0XEP3TSE5MTCHYTC004C3XD,17,2,1785655633481,TRUE,2026-08-25T22:33:02Z,2026-08-25T22:33:55Z,01M0XETPA4APE5RG3CX52WNZAV,1787697182578
01M0XF07D0BVDEABTTH9D4R7FZ,01M0XEBFYW1G5QWYVD4F1CEJQ3,25,3,1787696605106,TRUE,2026-08-25T22:23:06Z,2026-08-25T22:23:25Z,01M0XEQXM9M74Y1X1MWHARYCDC,1787696586767
01M0XF07D0BVDEABTTH9D4R7FZ,01M0XEBFYW1G5QWYVD4F1CEJQ3,25,3,1787696605106,TRUE,2026-08-25T22:23:06Z,2026-08-25T22:23:25Z,01M0XER53CMDT435QVPYSPB86P,1787696586129
01M0XF07EPF048FRQ27ZRFWEZM,01M0XEBFYW1G5QWYVD4F1CEJQ3,1,1,1787696057071,TRUE,2026-08-25T22:13:37Z,2026-08-25T22:14:17Z,01M0XEQXM9M74Y1X1MWHARYCDC,1787696017778
01M0XF07EPF048FRQ27ZRFWEZM,01M0XEBFYW1G5QWYVD4F1CEJQ3,1,1,1787696057071,TRUE,2026-08-25T22:13:37Z,2026-08-25T22:14:17Z,01M0XER53CMDT435QVPYSPB86P,1787696017017
01M0XFEDW3XEAYHXED4D018CCT,01M0XF36KPEANMAA2FHR330CGB,4,1,1787697185501,TRUE,2026-08-25T22:32:15Z,2026-08-25T22:33:06Z,01M0XES7WHX0W3E8PJ1JTK03A6,1787697135769
01M0XFEDW3XEAYHXED4D018CCT,01M0XF36KPEANMAA2FHR330CGB,4,1,1787697185501,TRUE,2026-08-25T22:32:15Z,2026-08-25T22:33:06Z,01M0XETGWM5RF9ZVRZXVQJA69R,1787697135665
01M0XFEDY90J728MK3SR9Q76D0,01M0XF36KPEANMAA2FHR330CGB,40,4,1787698378083,TRUE,2026-08-25T22:52:38Z,2026-08-25T22:52:58Z,01M0XES7WHX0W3E8PJ1JTK03A6,1787698358306
01M0XFEDY90J728MK3SR9Q76D0,01M0XF36KPEANMAA2FHR330CGB,40,4,1787698378083,TRUE,2026-08-25T22:52:38Z,2026-08-25T22:52:58Z,01M0XETGWM5RF9ZVRZXVQJA69R,1787698358207
01M0XF1CDJDTKDXHKB5PZMRYMJ,01M0XEBJH722J4730WC5V8GCA8,23,2,1787696706202,TRUE,2026-08-25T22:24:42Z,2026-08-25T22:25:06Z,01M0XERZFWJEZDBR149P6YH3F1,1787696682018
01M0XF1CDJDTKDXHKB5PZMRYMJ,01M0XEBJH722J4730WC5V8GCA8,23,2,1787696706202,TRUE,2026-08-25T22:24:42Z,2026-08-25T22:25:06Z,01M0XESZDE3CCGRVTP6G18ANBY,1787696682781
01M0XFCD82VFSYBX9GXR0ZVQGT,01M0XEP3TSE5MTCHYTC004C3XD,36,4,1787697626673,TRUE,2026-08-25T22:40:12Z,2026-08-25T22:40:26Z,01M0XEY6K6WQC3AV5JQQ7N3PQV,1785656010937
01M0XFCD82VFSYBX9GXR0ZVQGT,01M0XEP3TSE5MTCHYTC004C3XD,36,4,1787697626673,TRUE,2026-08-25T22:40:12Z,2026-08-25T22:40:26Z,01M0XETPA4APE5RG3CX52WNZAV,1787697612861
01M0XF1MQ3R74GW9RJ6PWVBWH5,01M0XEBHFGJ74MNH9PTVJNK0S2,16,2,1787696836306,FALSE,2026-08-25T22:26:45Z,2026-08-25T22:27:16Z,01M0XERNMK293CWHFMH4HQ05K1,1787696805968
01M0XF1MQ3R74GW9RJ6PWVBWH5,01M0XEBHFGJ74MNH9PTVJNK0S2,16,2,1787696836306,FALSE,2026-08-25T22:26:45Z,2026-08-25T22:27:16Z,01M0XEREZ46CDWNZWM86P2TTE7,1787696805629
01M0XF5S90Y1459GK5BN5RNHS3,01M0XEP3V3T2RJX1S58T7Z1N3B,29,3,1787697200612,TRUE,2026-08-25T22:32:50Z,2026-08-25T22:33:21Z,01M0XERTSZ0TCDWRGM6GX23TW0,1787697172443
01M0XF5S90Y1459GK5BN5RNHS3,01M0XEP3V3T2RJX1S58T7Z1N3B,29,3,1787697200612,TRUE,2026-08-25T22:32:50Z,2026-08-25T22:33:21Z,01M0XEWYY70E7AF4NMGH9FGS3V,1787697170766
01M0XF753P793YW60PVK66FKPW,01M0XEBJH4G5D0NKPXZ6BYKGS7,38,4,1787697204914,TRUE,2026-08-25T22:33:10Z,2026-08-25T22:33:24Z,01M0XER6FPF3N9GKNC8JSYE9M7,1787697190440
01M0XF753P793YW60PVK66FKPW,01M0XEBJH4G5D0NKPXZ6BYKGS7,38,4,1787697204914,TRUE,2026-08-25T22:33:10Z,2026-08-25T22:33:24Z,01M0XERQ8TV5N8Y3NVYKQG5TNE,1787697189109
01M0XF2S3A9GAG3KES6P010QH1,01M0XEBKS0ZEFNX9SMQDQW2PZ4,29,3,1787697817734,TRUE,2026-08-25T22:42:39Z,2026-08-25T22:43:36Z,01M0XES69GNPHVSPMR1TVP4HAR,1787697760925
01M0XF2S3A9GAG3KES6P010QH1,01M0XEBKS0ZEFNX9SMQDQW2PZ4,29,3,1787697817734,TRUE,2026-08-25T22:42:39Z,2026-08-25T22:43:36Z,01M0XER9CN1N4H5AFH0XVE2HCE,1787697794504
01M0XF38ZCY9C2CCQ30DCB5SQM,01M0XEBHF9Z6MD8PTP8NQ2PV26,27,3,1787696488455,TRUE,2026-08-25T22:21:19Z,2026-08-25T22:21:28Z,01M0XESCE3HXZW59M8QA45SWJ1,1787696476090
01M0XF38ZCY9C2CCQ30DCB5SQM,01M0XEBHF9Z6MD8PTP8NQ2PV26,27,3,1787696488455,TRUE,2026-08-25T22:21:19Z,2026-08-25T22:21:28Z,01M0XESRDHZJ3M6V0HK46Z1NMP,1787696479514
01M0XF1CBS58ZDYC13ETYC6PYB,01M0XEBJH722J4730WC5V8GCA8,15,2,1787696469141,TRUE,2026-08-25T22:20:48Z,2026-08-25T22:21:09Z,01M0XESZDE3CCGRVTP6G18ANBY,1787696448063
01M0XF1CBS58ZDYC13ETYC6PYB,01M0XEBJH722J4730WC5V8GCA8,15,2,1787696469141,TRUE,2026-08-25T22:20:48Z,2026-08-25T22:21:09Z,01M0XERZFWJEZDBR149P6YH3F1,1787696447408
01M0XF5S819Y1HHQ9VMWV6GS1E,01M0XEP3V3T2RJX1S58T7Z1N3B,1,1,1787696233687,TRUE,2026-08-25T22:16:44Z,2026-08-25T22:17:13Z,01M0XEWYY70E7AF4NMGH9FGS3V,1787696204317
01M0XF5S819Y1HHQ9VMWV6GS1E,01M0XEP3V3T2RJX1S58T7Z1N3B,1,1,1787696233687,TRUE,2026-08-25T22:16:44Z,2026-08-25T22:17:13Z,01M0XERTSZ0TCDWRGM6GX23TW0,1787696203880
01M0XFCD18CW0DD68GMYY3E85K,01M0XEP3TSE5MTCHYTC004C3XD,3,1,NA,FALSE,2026-08-25T22:20:13Z,2026-08-25T22:21:13Z,01M0XETPA4APE5RG3CX52WNZAV,1787696413224
01M0XFCD18CW0DD68GMYY3E85K,01M0XEP3TSE5MTCHYTC004C3XD,3,1,NA,FALSE,2026-08-25T22:20:13Z,2026-08-25T22:21:13Z,01M0XEY6K6WQC3AV5JQQ7N3PQV,1785654811305
01M0XEXFNMDB6Z5XFCSSXHTN52,01M0XEBFZ0825AFF4R333DJ4HK,25,3,1787696696110,TRUE,2026-08-25T22:24:32Z,2026-08-25T22:24:56Z,01M0XER0XX29HJPEX4FRYGSWYD,1787696672635
01M0XEXFNMDB6Z5XFCSSXHTN52,01M0XEBFZ0825AFF4R333DJ4HK,25,3,1787696696110,TRUE,2026-08-25T22:24:32Z,2026-08-25T22:24:56Z,01M0XEQXMFVE0GRKM8DY7Y5DHN,1787696672805
01M0XF02VBYC2P3ZS5K6D2QZ91,01M0XEBFYZ40VDCCZ70PM6EWHK,25,3,1787696239436,TRUE,2026-08-25T22:17:04Z,2026-08-25T22:17:19Z,01M0XEW4XVCD53BQGS5F5TWC4E,1787696224294
01M0XF02VBYC2P3ZS5K6D2QZ91,01M0XEBFYZ40VDCCZ70PM6EWHK,25,3,1787696239436,TRUE,2026-08-25T22:17:04Z,2026-08-25T22:17:19Z,01M0XERQP1ZQ8ZKRV6F98VE778,1787696224241
01M0XF07EE82CWM2QP2881A6K1,01M0XEBFYW1G5QWYVD4F1CEJQ3,10,1,1787696289704,FALSE,2026-08-25T22:17:27Z,2026-08-25T22:18:09Z,01M0XER53CMDT435QVPYSPB86P,1787696247210
01M0XF07EE82CWM2QP2881A6K1,01M0XEBFYW1G5QWYVD4F1CEJQ3,10,1,1787696289704,FALSE,2026-08-25T22:17:27Z,2026-08-25T22:18:09Z,01M0XEQXM9M74Y1X1MWHARYCDC,1787696247992
01M0XF07CKAP9NM24QGS7E3WQ0,01M0XEBFYW1G5QWYVD4F1CEJQ3,29,3,1787696667651,TRUE,2026-08-25T22:24:18Z,2026-08-25T22:24:28Z,01M0XER53CMDT435QVPYSPB86P,1787696658630
01M0XF07CKAP9NM24QGS7E3WQ0,01M0XEBFYW1G5QWYVD4F1CEJQ3,29,3,1787696667651,TRUE,2026-08-25T22:24:18Z,2026-08-25T22:24:28Z,01M0XEQXM9M74Y1X1MWHARYCDC,1787696659265
01M0XFQWSW9N4YD8HSDAGD4C21,01M0XEP3TXK5Z02SVJR2VASG8P,13,2,1787696852421,TRUE,2026-08-25T22:27:10Z,2026-08-25T22:27:32Z,01M0XEX8ATRQ9G1A1T9FCE8VQM,1787696831423
01M0XFQWSW9N4YD8HSDAGD4C21,01M0XEP3TXK5Z02SVJR2VASG8P,13,2,1787696852421,TRUE,2026-08-25T22:27:10Z,2026-08-25T22:27:32Z,01M0XFGKS364T502MY6BASRSP2,1787696830549
01M0XFQX78K0Q72XR8VR47T4N1,01M0XEP3TXK5Z02SVJR2VASG8P,42,4,1787697707907,TRUE,2026-08-25T22:41:39Z,2026-08-25T22:41:48Z,01M0XEX8ATRQ9G1A1T9FCE8VQM,1787697700119
01M0XFQX78K0Q72XR8VR47T4N1,01M0XEP3TXK5Z02SVJR2VASG8P,42,4,1787697707907,TRUE,2026-08-25T22:41:39Z,2026-08-25T22:41:48Z,01M0XFGKS364T502MY6BASRSP2,1787697699757
01M0XF38YWJV7SPJQM87XFGM19,01M0XEBHF9Z6MD8PTP8NQ2PV26,23,2,1787696428053,TRUE,2026-08-25T22:19:55Z,2026-08-25T22:20:28Z,01M0XESRDHZJ3M6V0HK46Z1NMP,1787696395723
01M0XF38YWJV7SPJQM87XFGM19,01M0XEBHF9Z6MD8PTP8NQ2PV26,23,2,1787696428053,TRUE,2026-08-25T22:19:55Z,2026-08-25T22:20:28Z,01M0XESCE3HXZW59M8QA45SWJ1,1787696392507
01M0XF6K0YCF1XHQDXVWCA01EP,01M0XEBKS2G948HDY26TVYK1X9,24,3,1787696416081,TRUE,2026-08-25T22:19:53Z,2026-08-25T22:20:15Z,01M0XERWA6XTSFFEAXHF1XTBP1,1787696392489
01M0XF6K0YCF1XHQDXVWCA01EP,01M0XEBKS2G948HDY26TVYK1X9,24,3,1787696416081,TRUE,2026-08-25T22:19:53Z,2026-08-25T22:20:15Z,01M0XEQS1Y61NYBS2B9X56Y7HM,1787696394001
01M0XF07A8HHJF7P0K4XVEN43J,01M0XEBFYW1G5QWYVD4F1CEJQ3,45,4,1787696908021,TRUE,2026-08-25T22:28:15Z,2026-08-25T22:28:28Z,01M0XER53CMDT435QVPYSPB86P,1787696895294
01M0XF07A8HHJF7P0K4XVEN43J,01M0XEBFYW1G5QWYVD4F1CEJQ3,45,4,1787696908021,TRUE,2026-08-25T22:28:15Z,2026-08-25T22:28:28Z,01M0XEQXM9M74Y1X1MWHARYCDC,1787696895932
01M0XFEDWE7TJNVB90TZ84A7BP,01M0XF36KPEANMAA2FHR330CGB,3,1,1787697131817,FALSE,2026-08-25T22:31:30Z,2026-08-25T22:32:12Z,01M0XES7WHX0W3E8PJ1JTK03A6,1787697090201
01M0XFEDWE7TJNVB90TZ84A7BP,01M0XF36KPEANMAA2FHR330CGB,3,1,1787697131817,FALSE,2026-08-25T22:31:30Z,2026-08-25T22:32:12Z,01M0XETGWM5RF9ZVRZXVQJA69R,1787697090100
01M0XFCCWRHGFAW5KRRQSCQ9FG,01M0XEP3TSE5MTCHYTC004C3XD,15,2,1785655524513,FALSE,2026-08-25T22:31:37Z,2026-08-25T22:32:06Z,01M0XETPA4APE5RG3CX52WNZAV,1787697097197
01M0XFCCWRHGFAW5KRRQSCQ9FG,01M0XEP3TSE5MTCHYTC004C3XD,15,2,1785655524513,FALSE,2026-08-25T22:31:37Z,2026-08-25T22:32:06Z,01M0XEY6K6WQC3AV5JQQ7N3PQV,1785655495282
01M0XFED7NF5NP67YNYS9HGRR1,01M0XF36KPEANMAA2FHR330CGB,30,3,1787698181110,TRUE,2026-08-25T22:49:12Z,2026-08-25T22:49:41Z,01M0XETGWM5RF9ZVRZXVQJA69R,1787698152329
01M0XFED7NF5NP67YNYS9HGRR1,01M0XF36KPEANMAA2FHR330CGB,30,3,1787698181110,TRUE,2026-08-25T22:49:12Z,2026-08-25T22:49:41Z,01M0XES7WHX0W3E8PJ1JTK03A6,1787698152399
01M0XEYNXN7054218RMWT95B0G,01M0XEBHFAZN8J8K9QJ4PMADCV,31,3,1787697854305,TRUE,2026-08-25T22:43:52Z,2026-08-25T22:44:17Z,01M0XES5Y1NQT19B2QBEJ1SE2V,1787697829227
01M0XEYNXN7054218RMWT95B0G,01M0XEBHFAZN8J8K9QJ4PMADCV,31,3,1787697854305,TRUE,2026-08-25T22:43:52Z,2026-08-25T22:44:17Z,01M0XEREB3GCTAQVXHQ8WY91H4,1787697832843
01M0XF02ZR4XW0V30KGKEK789Z,01M0XEBFYZ40VDCCZ70PM6EWHK,13,2,1787695941649,TRUE,2026-08-25T22:12:03Z,2026-08-25T22:12:21Z,01M0XEW4XVCD53BQGS5F5TWC4E,1787695923489
01M0XF02ZR4XW0V30KGKEK789Z,01M0XEBFYZ40VDCCZ70PM6EWHK,13,2,1787695941649,TRUE,2026-08-25T22:12:03Z,2026-08-25T22:12:21Z,01M0XERQP1ZQ8ZKRV6F98VE778,1787695923447
01M0XF1CBNB0SG480T44GQYRQ7,01M0XEBJH722J4730WC5V8GCA8,14,2,1787696443481,TRUE,2026-08-25T22:20:28Z,2026-08-25T22:20:44Z,01M0XERZFWJEZDBR149P6YH3F1,1787696427383
01M0XF1CBNB0SG480T44GQYRQ7,01M0XEBJH722J4730WC5V8GCA8,14,2,1787696443481,TRUE,2026-08-25T22:20:28Z,2026-08-25T22:20:44Z,01M0XESZDE3CCGRVTP6G18ANBY,1787696428165
01M0XFEDZ9RNX2WYJYR2PBV5X2,01M0XF36KPEANMAA2FHR330CGB,43,4,1787698426832,TRUE,2026-08-25T22:53:36Z,2026-08-25T22:53:47Z,01M0XETGWM5RF9ZVRZXVQJA69R,1787698416570
01M0XFEDZ9RNX2WYJYR2PBV5X2,01M0XF36KPEANMAA2FHR330CGB,43,4,1787698426832,TRUE,2026-08-25T22:53:36Z,2026-08-25T22:53:47Z,01M0XES7WHX0W3E8PJ1JTK03A6,1787698416645
01M0XEXFQKR7ZERJVCYJ7SJP3Y,01M0XEBFZ0825AFF4R333DJ4HK,16,2,1787696412295,TRUE,2026-08-25T22:19:52Z,2026-08-25T22:20:12Z,01M0XEQXMFVE0GRKM8DY7Y5DHN,1787696392269
01M0XEXFQKR7ZERJVCYJ7SJP3Y,01M0XEBFZ0825AFF4R333DJ4HK,16,2,1787696412295,TRUE,2026-08-25T22:19:52Z,2026-08-25T22:20:12Z,01M0XER0XX29HJPEX4FRYGSWYD,1787696392117
01M0XFCD77XD4VJ9YXFJPJF856,01M0XEP3TSE5MTCHYTC004C3XD,38,4,1787697650307,TRUE,2026-08-25T22:40:41Z,2026-08-25T22:40:50Z,01M0XETPA4APE5RG3CX52WNZAV,1787697641071
01M0XFCD77XD4VJ9YXFJPJF856,01M0XEP3TSE5MTCHYTC004C3XD,38,4,1787697650307,TRUE,2026-08-25T22:40:41Z,2026-08-25T22:40:50Z,01M0XEY6K6WQC3AV5JQQ7N3PQV,1785656039144
01M0XF5JAEVHBVRNZS0TSE3BKA,01M0XEBJH60M51NVP8EGS7231S,37,4,1787696625897,TRUE,2026-08-25T22:23:39Z,2026-08-25T22:23:46Z,01M0XEQNJ9809PHWDZ742E11VG,1787696620560
01M0XF5JAEVHBVRNZS0TSE3BKA,01M0XEBJH60M51NVP8EGS7231S,37,4,1787696625897,TRUE,2026-08-25T22:23:39Z,2026-08-25T22:23:46Z,01M0XF1AW05AX3PDCQ9PWGAR99,1787696619481
01M0XFQX4DK389BW0A0NG3TJK0,01M0XEP3TXK5Z02SVJR2VASG8P,33,3,1787697472790,TRUE,2026-08-25T22:37:31Z,2026-08-25T22:37:52Z,01M0XFGKS364T502MY6BASRSP2,1787697451915
01M0XFQX4DK389BW0A0NG3TJK0,01M0XEP3TXK5Z02SVJR2VASG8P,33,3,1787697472790,TRUE,2026-08-25T22:37:31Z,2026-08-25T22:37:52Z,01M0XEX8ATRQ9G1A1T9FCE8VQM,1787697454606
01M0XF1MQYFK5AFNDFNN9ZB6XZ,01M0XEBHFGJ74MNH9PTVJNK0S2,18,2,1787696912321,TRUE,2026-08-25T22:27:58Z,2026-08-25T22:28:32Z,01M0XERNMK293CWHFMH4HQ05K1,1787696878315
01M0XF1MQYFK5AFNDFNN9ZB6XZ,01M0XEBHFGJ74MNH9PTVJNK0S2,18,2,1787696912321,TRUE,2026-08-25T22:27:58Z,2026-08-25T22:28:32Z,01M0XEREZ46CDWNZWM86P2TTE7,1787696877978
01M0XF3970QR95850ES3YCTV0A,01M0XEBHF9Z6MD8PTP8NQ2PV26,43,4,1787696749971,TRUE,2026-08-25T22:25:44Z,2026-08-25T22:25:50Z,01M0XESCE3HXZW59M8QA45SWJ1,1787696740658
01M0XF3970QR95850ES3YCTV0A,01M0XEBHF9Z6MD8PTP8NQ2PV26,43,4,1787696749971,TRUE,2026-08-25T22:25:44Z,2026-08-25T22:25:50Z,01M0XESRDHZJ3M6V0HK46Z1NMP,1787696744101
01M0XF2S45SG619ANH3A5ZK24G,01M0XEBKS0ZEFNX9SMQDQW2PZ4,36,4,1787698173610,TRUE,2026-08-25T22:48:17Z,2026-08-25T22:48:59Z,01M0XER9CN1N4H5AFH0XVE2HCE,1787698132402
01M0XF2S45SG619ANH3A5ZK24G,01M0XEBKS0ZEFNX9SMQDQW2PZ4,36,4,1787698173610,TRUE,2026-08-25T22:48:17Z,2026-08-25T22:48:59Z,01M0XES69GNPHVSPMR1TVP4HAR,1787698098872
01M0XF6JX5FSNCA0WRJ0KHS8NQ,01M0XEBKS2G948HDY26TVYK1X9,4,1,1787695849526,TRUE,2026-08-25T22:10:31Z,2026-08-25T22:10:48Z,01M0XEQS1Y61NYBS2B9X56Y7HM,1787695831917
01M0XF6JX5FSNCA0WRJ0KHS8NQ,01M0XEBKS2G948HDY26TVYK1X9,4,1,1787695849526,TRUE,2026-08-25T22:10:31Z,2026-08-25T22:10:48Z,01M0XERWA6XTSFFEAXHF1XTBP1,1787695830309
01M0XF07B61JGND2QM7565WQ9C,01M0XEBFYW1G5QWYVD4F1CEJQ3,43,4,1787696881976,TRUE,2026-08-25T22:27:44Z,2026-08-25T22:28:02Z,01M0XER53CMDT435QVPYSPB86P,1787696863918
01M0XF07B61JGND2QM7565WQ9C,01M0XEBFYW1G5QWYVD4F1CEJQ3,43,4,1787696881976,TRUE,2026-08-25T22:27:44Z,2026-08-25T22:28:02Z,01M0XEQXM9M74Y1X1MWHARYCDC,1787696864586
01M0XF2S3PX339P8SGKB5SCD5D,01M0XEBKS0ZEFNX9SMQDQW2PZ4,33,3,1787698015940,TRUE,2026-08-25T22:45:59Z,2026-08-25T22:46:54Z,01M0XER9CN1N4H5AFH0XVE2HCE,1787697994392
01M0XF2S3PX339P8SGKB5SCD5D,01M0XEBKS0ZEFNX9SMQDQW2PZ4,33,3,1787698015940,TRUE,2026-08-25T22:45:59Z,2026-08-25T22:46:54Z,01M0XES69GNPHVSPMR1TVP4HAR,1787697960830
01M0XF07DGEFRWJ5Q5AR08AFS5,01M0XEBFYW1G5QWYVD4F1CEJQ3,19,2,1787696484259,TRUE,2026-08-25T22:21:07Z,2026-08-25T22:21:24Z,01M0XEQXM9M74Y1X1MWHARYCDC,1787696467667
01M0XF07DGEFRWJ5Q5AR08AFS5,01M0XEBFYW1G5QWYVD4F1CEJQ3,19,2,1787696484259,TRUE,2026-08-25T22:21:07Z,2026-08-25T22:21:24Z,01M0XER53CMDT435QVPYSPB86P,1787696466783
01M0XF07DX8919X8W9D6GRAT1K,01M0XEBFYW1G5QWYVD4F1CEJQ3,3,1,1787696093626,TRUE,2026-08-25T22:14:38Z,2026-08-25T22:14:54Z,01M0XEQXM9M74Y1X1MWHARYCDC,1787696078862
01M0XF07DX8919X8W9D6GRAT1K,01M0XEBFYW1G5QWYVD4F1CEJQ3,3,1,1787696093626,TRUE,2026-08-25T22:14:38Z,2026-08-25T22:14:54Z,01M0XER53CMDT435QVPYSPB86P,1787696078276
01M0XF75498BNH42692N7NSMT7,01M0XEBJH4G5D0NKPXZ6BYKGS7,1,1,1787696246814,TRUE,2026-08-25T22:16:55Z,2026-08-25T22:17:28Z,01M0XER6FPF3N9GKNC8JSYE9M7,1787696215857
01M0XF75498BNH42692N7NSMT7,01M0XEBJH4G5D0NKPXZ6BYKGS7,1,1,1787696246814,TRUE,2026-08-25T22:16:55Z,2026-08-25T22:17:28Z,01M0XERQ8TV5N8Y3NVYKQG5TNE,1787696214550
01M0XF2RY5WFS67NDKXE432KEM,01M0XEBKS0ZEFNX9SMQDQW2PZ4,0,1,NA,FALSE,2026-08-25T22:21:09Z,2026-08-25T22:22:10Z,01M0XER9CN1N4H5AFH0XVE2HCE,1787696504640
01M0XF2RY5WFS67NDKXE432KEM,01M0XEBKS0ZEFNX9SMQDQW2PZ4,0,1,NA,FALSE,2026-08-25T22:21:09Z,2026-08-25T22:22:10Z,01M0XES69GNPHVSPMR1TVP4HAR,1787696471025
01M0XFCCPXVZ59SABDSQNC5V7S,01M0XEP3TSE5MTCHYTC004C3XD,23,2,1785655806262,TRUE,2026-08-25T22:36:28Z,2026-08-25T22:36:48Z,01M0XEY6K6WQC3AV5JQQ7N3PQV,1785655786914
01M0XFCCPXVZ59SABDSQNC5V7S,01M0XEP3TSE5MTCHYTC004C3XD,23,2,1785655806262,TRUE,2026-08-25T22:36:28Z,2026-08-25T22:36:48Z,01M0XETPA4APE5RG3CX52WNZAV,1787697388838
01M0XFCD7MR4SWCNZEW5EYM6BF,01M0XEP3TSE5MTCHYTC004C3XD,37,4,1785656035388,TRUE,2026-08-25T22:40:30Z,2026-08-25T22:40:37Z,01M0XETPA4APE5RG3CX52WNZAV,1787697630646
01M0XFCD7MR4SWCNZEW5EYM6BF,01M0XEP3TSE5MTCHYTC004C3XD,37,4,1785656035388,TRUE,2026-08-25T22:40:30Z,2026-08-25T22:40:37Z,01M0XEY6K6WQC3AV5JQQ7N3PQV,1785656028718
01M0XEYNX051DRPZQAKTY4F7HY,01M0XEBHFAZN8J8K9QJ4PMADCV,20,2,1787697393333,FALSE,2026-08-25T22:35:34Z,2026-08-25T22:36:32Z,01M0XEREB3GCTAQVXHQ8WY91H4,1787697335482
01M0XEYNX051DRPZQAKTY4F7HY,01M0XEBHFAZN8J8K9QJ4PMADCV,20,2,1787697393333,FALSE,2026-08-25T22:35:34Z,2026-08-25T22:36:32Z,01M0XES5Y1NQT19B2QBEJ1SE2V,1787697331879
01M0XFEDYYHBBAE4VGAC4H36AJ,01M0XF36KPEANMAA2FHR330CGB,42,4,1787698412640,TRUE,2026-08-25T22:53:15Z,2026-08-25T22:53:33Z,01M0XETGWM5RF9ZVRZXVQJA69R,1787698395626
01M0XFEDYYHBBAE4VGAC4H36AJ,01M0XF36KPEANMAA2FHR330CGB,42,4,1787698412640,TRUE,2026-08-25T22:53:15Z,2026-08-25T22:53:33Z,01M0XES7WHX0W3E8PJ1JTK03A6,1787698395703
01M0XF07DACSPXFAFRFE643YYJ,01M0XEBFYW1G5QWYVD4F1CEJQ3,21,2,1787696512119,TRUE,2026-08-25T22:21:40Z,2026-08-25T22:21:52Z,01M0XEQXM9M74Y1X1MWHARYCDC,1787696500971
01M0XF07DACSPXFAFRFE643YYJ,01M0XEBFYW1G5QWYVD4F1CEJQ3,21,2,1787696512119,TRUE,2026-08-25T22:21:40Z,2026-08-25T22:21:52Z,01M0XER53CMDT435QVPYSPB86P,1787696500359
01M0XF1MT51T3RZEW7BYB729YJ,01M0XEBHFGJ74MNH9PTVJNK0S2,42,4,1787697411758,FALSE,2026-08-25T22:36:33Z,2026-08-25T22:36:52Z,01M0XERNMK293CWHFMH4HQ05K1,1787697393555
01M0XF1MT51T3RZEW7BYB729YJ,01M0XEBHFGJ74MNH9PTVJNK0S2,42,4,1787697411758,FALSE,2026-08-25T22:36:33Z,2026-08-25T22:36:52Z,01M0XEREZ46CDWNZWM86P2TTE7,1787697393206
01M0XF7M3K2W4B1RV8WJS9M74Y,01M0XEBKS0ZEFNX9SMQQNF9DE2,32,3,NA,NA,NA,2026-08-25T22:04:14Z,NA,NA
01M0XEXFSHFNB78M9KTQSBRBFT,01M0XEBFZ0825AFF4R333DJ4HK,32,3,1787696857658,TRUE,2026-08-25T22:27:17Z,2026-08-25T22:27:37Z,01M0XER0XX29HJPEX4FRYGSWYD,1787696837169
01M0XEXFSHFNB78M9KTQSBRBFT,01M0XEBFZ0825AFF4R333DJ4HK,32,3,1787696857658,TRUE,2026-08-25T22:27:17Z,2026-08-25T22:27:37Z,01M0XEQXMFVE0GRKM8DY7Y5DHN,1787696837466
01M0XF2S41FJG5J7TXR3PKPEBV,01M0XEBKS0ZEFNX9SMQDQW2PZ4,34,3,1787698086737,TRUE,2026-08-25T22:46:58Z,2026-08-25T22:47:32Z,01M0XES69GNPHVSPMR1TVP4HAR,1787698019704
01M0XF2S41FJG5J7TXR3PKPEBV,01M0XEBKS0ZEFNX9SMQDQW2PZ4,34,3,1787698086737,TRUE,2026-08-25T22:46:58Z,2026-08-25T22:47:32Z,01M0XER9CN1N4H5AFH0XVE2HCE,1787698053270
01M0XFQX594S6M277CF0MV7F0J,01M0XEP3TXK5Z02SVJR2VASG8P,35,3,1787697564650,TRUE,2026-08-25T22:38:59Z,2026-08-25T22:39:24Z,01M0XEX8ATRQ9G1A1T9FCE8VQM,1787697545293
01M0XFQX594S6M277CF0MV7F0J,01M0XEP3TXK5Z02SVJR2VASG8P,35,3,1787697564650,TRUE,2026-08-25T22:38:59Z,2026-08-25T22:39:24Z,01M0XFGKS364T502MY6BASRSP2,1787697540074
01M0XF07E5V26DZFTZA54YTHP2,01M0XEBFYW1G5QWYVD4F1CEJQ3,13,2,1787696381064,TRUE,2026-08-25T22:19:02Z,2026-08-25T22:19:41Z,01M0XER53CMDT435QVPYSPB86P,1787696341998
01M0XF07E5V26DZFTZA54YTHP2,01M0XEBFYW1G5QWYVD4F1CEJQ3,13,2,1787696381064,TRUE,2026-08-25T22:19:02Z,2026-08-25T22:19:41Z,01M0XEQXM9M74Y1X1MWHARYCDC,1787696342820
01M0XF391GM1F1XTACAYGXY09W,01M0XEBHF9Z6MD8PTP8NQ2PV26,14,2,1787696152920,TRUE,2026-08-25T22:15:33Z,2026-08-25T22:15:56Z,01M0XESRDHZJ3M6V0HK46Z1NMP,1787696133999
01M0XF391GM1F1XTACAYGXY09W,01M0XEBHF9Z6MD8PTP8NQ2PV26,14,2,1787696152920,TRUE,2026-08-25T22:15:33Z,2026-08-25T22:15:56Z,01M0XESCE3HXZW59M8QA45SWJ1,1787696130595
01M0XF5J7H7VM934PD62E0SCYG,01M0XEBJH60M51NVP8EGS7231S,20,2,1787696361431,TRUE,2026-08-25T22:19:04Z,2026-08-25T22:19:20Z,01M0XEQNJ9809PHWDZ742E11VG,1787696345438
01M0XF5J7H7VM934PD62E0SCYG,01M0XEBJH60M51NVP8EGS7231S,20,2,1787696361431,TRUE,2026-08-25T22:19:04Z,2026-08-25T22:19:20Z,01M0XF1AW05AX3PDCQ9PWGAR99,1787696344567
01M0XF759HC3GW01R4M8W76TV1,01M0XEBJH4G5D0NKPXZ6BYKGS7,25,3,1787696937953,TRUE,2026-08-25T22:28:38Z,2026-08-25T22:28:59Z,01M0XER6FPF3N9GKNC8JSYE9M7,1787696918491
01M0XF759HC3GW01R4M8W76TV1,01M0XEBJH4G5D0NKPXZ6BYKGS7,25,3,1787696937953,TRUE,2026-08-25T22:28:38Z,2026-08-25T22:28:59Z,01M0XERQ8TV5N8Y3NVYKQG5TNE,1787696917165
01M0XF1CD7V1TTK6Z16H19EJCX,01M0XEBJH722J4730WC5V8GCA8,44,4,NA,NA,NA,2026-08-25T22:00:48Z,NA,NA
01M0XF1MSJM16T38BT2PFW7F57,01M0XEBHFGJ74MNH9PTVJNK0S2,35,3,1787697275923,TRUE,2026-08-25T22:34:25Z,2026-08-25T22:34:36Z,01M0XERNMK293CWHFMH4HQ05K1,1787697265264
01M0XF1MSJM16T38BT2PFW7F57,01M0XEBHFGJ74MNH9PTVJNK0S2,35,3,1787697275923,TRUE,2026-08-25T22:34:25Z,2026-08-25T22:34:36Z,01M0XEREZ46CDWNZWM86P2TTE7,1787697264916
01M0XF2S4VV79DKY61GMQKW9CM,01M0XEBKS0ZEFNX9SMQDQW2PZ4,41,4,1787698321511,TRUE,2026-08-25T22:51:19Z,2026-08-25T22:52:00Z,01M0XER9CN1N4H5AFH0XVE2HCE,1787698314620
01M0XF2S4VV79DKY61GMQKW9CM,01M0XEBKS0ZEFNX9SMQDQW2PZ4,41,4,1787698321511,TRUE,2026-08-25T22:51:19Z,2026-08-25T22:52:00Z,01M0XES69GNPHVSPMR1TVP4HAR,1787698281062
01M0XFQWM4M7AQFQVGMY9V927R,01M0XEP3TXK5Z02SVJR2VASG8P,47,4,1787697832271,TRUE,2026-08-25T22:43:36Z,2026-08-25T22:43:52Z,01M0XEX8ATRQ9G1A1T9FCE8VQM,1787697815485
01M0XFQWM4M7AQFQVGMY9V927R,01M0XEP3TXK5Z02SVJR2VASG8P,47,4,1787697832271,TRUE,2026-08-25T22:43:36Z,2026-08-25T22:43:52Z,01M0XFGKS364T502MY6BASRSP2,1787697816291
01M0XF5S6BNT9RYNSYMN928SR8,01M0XEP3V3T2RJX1S58T7Z1N3B,13,2,1787696678967,TRUE,2026-08-25T22:24:18Z,2026-08-25T22:24:39Z,01M0XEWYY70E7AF4NMGH9FGS3V,1787696658555
01M0XF5S6BNT9RYNSYMN928SR8,01M0XEP3V3T2RJX1S58T7Z1N3B,13,2,1787696678967,TRUE,2026-08-25T22:24:18Z,2026-08-25T22:24:39Z,01M0XERTSZ0TCDWRGM6GX23TW0,1787696658162
01M0XF759897RQWND5G49SYA9T,01M0XEBJH4G5D0NKPXZ6BYKGS7,23,2,1787696899136,TRUE,2026-08-25T22:28:01Z,2026-08-25T22:28:20Z,01M0XER6FPF3N9GKNC8JSYE9M7,1787696882155
01M0XF759897RQWND5G49SYA9T,01M0XEBJH4G5D0NKPXZ6BYKGS7,23,2,1787696899136,TRUE,2026-08-25T22:28:01Z,2026-08-25T22:28:20Z,01M0XERQ8TV5N8Y3NVYKQG5TNE,1787696880853
01M0XFCD9HD2X7HCFM35TMXZ1Y,01M0XEP3TSE5MTCHYTC004C3XD,33,3,1785655977202,TRUE,2026-08-25T22:39:28Z,2026-08-25T22:39:39Z,01M0XEY6K6WQC3AV5JQQ7N3PQV,1785655966241
01M0XFCD9HD2X7HCFM35TMXZ1Y,01M0XEP3TSE5MTCHYTC004C3XD,33,3,1785655977202,TRUE,2026-08-25T22:39:28Z,2026-08-25T22:39:39Z,01M0XETPA4APE5RG3CX52WNZAV,1787697568163
01M0XF1CC82WCB9WH3X7GGF2HG,01M0XEBJH722J4730WC5V8GCA8,19,2,1787696582570,TRUE,2026-08-25T22:22:49Z,2026-08-25T22:23:02Z,01M0XERZFWJEZDBR149P6YH3F1,1787696568857
01M0XF1CC82WCB9WH3X7GGF2HG,01M0XEBJH722J4730WC5V8GCA8,19,2,1787696582570,TRUE,2026-08-25T22:22:49Z,2026-08-25T22:23:02Z,01M0XESZDE3CCGRVTP6G18ANBY,1787696569405
01M0XF397W9EBPCX05FVBXHV3A,01M0XEBHF9Z6MD8PTP8NQ2PV26,47,4,1787696829723,TRUE,2026-08-25T22:26:54Z,2026-08-25T22:27:09Z,01M0XESCE3HXZW59M8QA45SWJ1,1787696810994
01M0XF397W9EBPCX05FVBXHV3A,01M0XEBHF9Z6MD8PTP8NQ2PV26,47,4,1787696829723,TRUE,2026-08-25T22:26:54Z,2026-08-25T22:27:09Z,01M0XESRDHZJ3M6V0HK46Z1NMP,1787696814236
01M0XF5JA24RMJKAQ05K7DQG7W,01M0XEBJH60M51NVP8EGS7231S,35,3,1787696604338,TRUE,2026-08-25T22:23:14Z,2026-08-25T22:23:24Z,01M0XF1AW05AX3PDCQ9PWGAR99,1787696594317
01M0XF5JA24RMJKAQ05K7DQG7W,01M0XEBJH60M51NVP8EGS7231S,35,3,1787696604338,TRUE,2026-08-25T22:23:14Z,2026-08-25T22:23:24Z,01M0XEQNJ9809PHWDZ742E11VG,1787696595279
01M0XF6JWRKNMF6NA7A52AFHQX,01M0XEBKS2G948HDY26TVYK1X9,6,1,1787695904090,TRUE,2026-08-25T22:11:28Z,2026-08-25T22:11:43Z,01M0XEQS1Y61NYBS2B9X56Y7HM,1787695889040
01M0XF6JWRKNMF6NA7A52AFHQX,01M0XEBKS2G948HDY26TVYK1X9,6,1,1787695904090,TRUE,2026-08-25T22:11:28Z,2026-08-25T22:11:43Z,01M0XERWA6XTSFFEAXHF1XTBP1,1787695887439
01M0XFQWYE0S1AJ0CAV74H87BN,01M0XEP3TXK5Z02SVJR2VASG8P,20,2,1787697090725,TRUE,2026-08-25T22:31:12Z,2026-08-25T22:31:32Z,01M0XEX8ATRQ9G1A1T9FCE8VQM,1787697075114
01M0XFQWYE0S1AJ0CAV74H87BN,01M0XEP3TXK5Z02SVJR2VASG8P,20,2,1787697090725,TRUE,2026-08-25T22:31:12Z,2026-08-25T22:31:32Z,01M0XFGKS364T502MY6BASRSP2,1787697072967
01M0XEXFSEH2CXD668HT475TNJ,01M0XEBFZ0825AFF4R333DJ4HK,11,1,1787696280779,TRUE,2026-08-25T22:17:27Z,2026-08-25T22:18:01Z,01M0XEQXMFVE0GRKM8DY7Y5DHN,1787696247961
01M0XEXFSEH2CXD668HT475TNJ,01M0XEBFZ0825AFF4R333DJ4HK,11,1,1787696280779,TRUE,2026-08-25T22:17:27Z,2026-08-25T22:18:01Z,01M0XER0XX29HJPEX4FRYGSWYD,1787696247831
01M0XF030R6MKB1E2KVF7J5417,01M0XEBFYZ40VDCCZ70PM6EWHK,46,4,1787696645941,TRUE,2026-08-25T22:23:57Z,2026-08-25T22:24:06Z,01M0XERQP1ZQ8ZKRV6F98VE778,1787696637076
01M0XF030R6MKB1E2KVF7J5417,01M0XEBFYZ40VDCCZ70PM6EWHK,46,4,1787696645941,TRUE,2026-08-25T22:23:57Z,2026-08-25T22:24:06Z,01M0XEW4XVCD53BQGS5F5TWC4E,1787696637060
01M0XF2S0T1FX5Q3M19EZCC1TH,01M0XEBKS0ZEFNX9SMQDQW2PZ4,17,2,1787697305650,FALSE,2026-08-25T22:34:24Z,2026-08-25T22:35:04Z,01M0XES69GNPHVSPMR1TVP4HAR,1787697265683
01M0XF2S0T1FX5Q3M19EZCC1TH,01M0XEBKS0ZEFNX9SMQDQW2PZ4,17,2,1787697305650,FALSE,2026-08-25T22:34:24Z,2026-08-25T22:35:04Z,01M0XER9CN1N4H5AFH0XVE2HCE,1787697299277
01M0XF38ZG71E75VM5MCCBWHX9,01M0XEBHF9Z6MD8PTP8NQ2PV26,3,1,1787695740719,TRUE,2026-08-25T22:08:49Z,2026-08-25T22:09:00Z,01M0XESCE3HXZW59M8QA45SWJ1,1787695726702
01M0XF38ZG71E75VM5MCCBWHX9,01M0XEBHF9Z6MD8PTP8NQ2PV26,3,1,1787695740719,TRUE,2026-08-25T22:08:49Z,2026-08-25T22:09:00Z,01M0XESRDHZJ3M6V0HK46Z1NMP,1787695730006
01M0XEXFSB64D9JZ89JHWG5P73,01M0XEBFZ0825AFF4R333DJ4HK,13,2,1787696329813,TRUE,2026-08-25T22:18:27Z,2026-08-25T22:18:50Z,01M0XER0XX29HJPEX4FRYGSWYD,1787696306914
01M0XEXFSB64D9JZ89JHWG5P73,01M0XEBFZ0825AFF4R333DJ4HK,13,2,1787696329813,TRUE,2026-08-25T22:18:27Z,2026-08-25T22:18:50Z,01M0XEQXMFVE0GRKM8DY7Y5DHN,1787696306980
01M0XF753A47KFJW2WEJ7DB6BX,01M0XEBJH4G5D0NKPXZ6BYKGS7,36,4,1787697171207,TRUE,2026-08-25T22:32:37Z,2026-08-25T22:32:51Z,01M0XER6FPF3N9GKNC8JSYE9M7,1787697158074
01M0XF753A47KFJW2WEJ7DB6BX,01M0XEBJH4G5D0NKPXZ6BYKGS7,36,4,1787697171207,TRUE,2026-08-25T22:32:37Z,2026-08-25T22:32:51Z,01M0XERQ8TV5N8Y3NVYKQG5TNE,1787697156777
01M0XF07A9WNKFP1N5WNWHYMBW,01M0XEBFYW1G5QWYVD4F1CEJQ3,44,4,1787696891914,TRUE,2026-08-25T22:28:06Z,2026-08-25T22:28:11Z,01M0XER53CMDT435QVPYSPB86P,1787696885715
01M0XF07A9WNKFP1N5WNWHYMBW,01M0XEBFYW1G5QWYVD4F1CEJQ3,44,4,1787696891914,TRUE,2026-08-25T22:28:06Z,2026-08-25T22:28:11Z,01M0XEQXM9M74Y1X1MWHARYCDC,1787696886506
01M0XF6K47W3BXAAJJPGPA04Q0,01M0XEBKS2G948HDY26TVYK1X9,14,2,1787696143785,TRUE,2026-08-25T22:15:09Z,2026-08-25T22:15:43Z,01M0XEQS1Y61NYBS2B9X56Y7HM,1787696110527
01M0XF6K47W3BXAAJJPGPA04Q0,01M0XEBKS2G948HDY26TVYK1X9,14,2,1787696143785,TRUE,2026-08-25T22:15:09Z,2026-08-25T22:15:43Z,01M0XERWA6XTSFFEAXHF1XTBP1,1787696108964
01M0XF75CEVAND1PVZ5F65E26K,01M0XEBJH4G5D0NKPXZ6BYKGS7,41,4,1787697283190,TRUE,2026-08-25T22:34:29Z,2026-08-25T22:34:44Z,01M0XER6FPF3N9GKNC8JSYE9M7,1787697269523
01M0XF75CEVAND1PVZ5F65E26K,01M0XEBJH4G5D0NKPXZ6BYKGS7,41,4,1787697283190,TRUE,2026-08-25T22:34:29Z,2026-08-25T22:34:44Z,01M0XERQ8TV5N8Y3NVYKQG5TNE,1787697268184
01M0XF757ZMNG1R0WNPSR97ZHF,01M0XEBJH4G5D0NKPXZ6BYKGS7,17,2,1787696751274,TRUE,2026-08-25T22:25:39Z,2026-08-25T22:25:52Z,01M0XER6FPF3N9GKNC8JSYE9M7,1787696740809
01M0XF757ZMNG1R0WNPSR97ZHF,01M0XEBJH4G5D0NKPXZ6BYKGS7,17,2,1787696751274,TRUE,2026-08-25T22:25:39Z,2026-08-25T22:25:52Z,01M0XERQ8TV5N8Y3NVYKQG5TNE,1787696738766
01M0XF7KXSCBAH20ZW58ZMR9SY,01M0XEBKS0ZEFNX9SMQQNF9DE2,26,3,NA,NA,NA,2026-08-25T22:04:13Z,NA,NA
01M0XF7M3T073M922QQQAZYGPN,01M0XEBKS0ZEFNX9SMQQNF9DE2,31,3,NA,NA,NA,2026-08-25T22:04:13Z,NA,NA
01M0XF1C98FY16G3XHHAT1NJCZ,01M0XEBJH722J4730WC5V8GCA8,4,1,1787696068953,TRUE,2026-08-25T22:13:51Z,2026-08-25T22:14:29Z,01M0XESZDE3CCGRVTP6G18ANBY,1787696031650
01M0XF1C98FY16G3XHHAT1NJCZ,01M0XEBJH722J4730WC5V8GCA8,4,1,1787696068953,TRUE,2026-08-25T22:13:51Z,2026-08-25T22:14:29Z,01M0XERZFWJEZDBR149P6YH3F1,1787696030886
01M0XF1CB8418G52ZSBZVWTN97,01M0XEBJH722J4730WC5V8GCA8,11,1,1787696345869,TRUE,2026-08-25T22:18:23Z,2026-08-25T22:19:05Z,01M0XERZFWJEZDBR149P6YH3F1,1787696303295
01M0XF1CB8418G52ZSBZVWTN97,01M0XEBJH722J4730WC5V8GCA8,11,1,1787696345869,TRUE,2026-08-25T22:18:23Z,2026-08-25T22:19:05Z,01M0XESZDE3CCGRVTP6G18ANBY,1787696304052
01M0XF1MNQFSZ4JVB038Q61N0S,01M0XEBHFGJ74MNH9PTVJNK0S2,8,1,1787696652321,TRUE,2026-08-25T22:23:56Z,2026-08-25T22:24:12Z,01M0XERNMK293CWHFMH4HQ05K1,1787696636532
01M0XF1MNQFSZ4JVB038Q61N0S,01M0XEBHFGJ74MNH9PTVJNK0S2,8,1,1787696652321,TRUE,2026-08-25T22:23:56Z,2026-08-25T22:24:12Z,01M0XEREZ46CDWNZWM86P2TTE7,1787696636193
01M0XF2RZK2ZX0GDRB48ZXBJYR,01M0XEBKS0ZEFNX9SMQDQW2PZ4,10,1,1787697049944,TRUE,2026-08-25T22:29:16Z,2026-08-25T22:30:15Z,01M0XER9CN1N4H5AFH0XVE2HCE,1787696991546
01M0XF2RZK2ZX0GDRB48ZXBJYR,01M0XEBKS0ZEFNX9SMQDQW2PZ4,10,1,1787697049944,TRUE,2026-08-25T22:29:16Z,2026-08-25T22:30:15Z,01M0XES69GNPHVSPMR1TVP4HAR,1787696957940
01M0XF2S2HXGGREQ0NG2H74AXG,01M0XEBKS0ZEFNX9SMQDQW2PZ4,24,3,1787697615274,TRUE,2026-08-25T22:39:06Z,2026-08-25T22:39:40Z,01M0XER9CN1N4H5AFH0XVE2HCE,1787697580803
01M0XF2S2HXGGREQ0NG2H74AXG,01M0XEBKS0ZEFNX9SMQDQW2PZ4,24,3,1787697615274,TRUE,2026-08-25T22:39:06Z,2026-08-25T22:39:40Z,01M0XES69GNPHVSPMR1TVP4HAR,1787697547224
01M0XFCCSNKYSEYHWZHCJJ4QM6,01M0XEP3TSE5MTCHYTC004C3XD,21,2,1785655748436,TRUE,2026-08-25T22:35:21Z,2026-08-25T22:35:50Z,01M0XETPA4APE5RG3CX52WNZAV,1787697321907
01M0XFCCSNKYSEYHWZHCJJ4QM6,01M0XEP3TSE5MTCHYTC004C3XD,21,2,1785655748436,TRUE,2026-08-25T22:35:21Z,2026-08-25T22:35:50Z,01M0XEY6K6WQC3AV5JQQ7N3PQV,1785655719982
01M0XF02VS9XM0R6NF756PQDDC,01M0XEBFYZ40VDCCZ70PM6EWHK,37,4,1787696481715,TRUE,2026-08-25T22:21:11Z,2026-08-25T22:21:22Z,01M0XERQP1ZQ8ZKRV6F98VE778,1787696471067
01M0XF02VS9XM0R6NF756PQDDC,01M0XEBFYZ40VDCCZ70PM6EWHK,37,4,1787696481715,TRUE,2026-08-25T22:21:11Z,2026-08-25T22:21:22Z,01M0XEW4XVCD53BQGS5F5TWC4E,1787696471082
01M0XF1MQS8ES7JW00QZ256YAR,01M0XEBHFGJ74MNH9PTVJNK0S2,26,3,1787697091810,TRUE,2026-08-25T22:31:20Z,2026-08-25T22:31:32Z,01M0XEREZ46CDWNZWM86P2TTE7,1787697080092
01M0XF1MQS8ES7JW00QZ256YAR,01M0XEBHFGJ74MNH9PTVJNK0S2,26,3,1787697091810,TRUE,2026-08-25T22:31:20Z,2026-08-25T22:31:32Z,01M0XERNMK293CWHFMH4HQ05K1,1787697080435
01M0XF75BHH3Q308B1A0HM2G5K,01M0XEBJH4G5D0NKPXZ6BYKGS7,33,3,1787697086850,TRUE,2026-08-25T22:31:09Z,2026-08-25T22:31:28Z,01M0XERQ8TV5N8Y3NVYKQG5TNE,1787697068164
01M0XF75BHH3Q308B1A0HM2G5K,01M0XEBJH4G5D0NKPXZ6BYKGS7,33,3,1787697086850,TRUE,2026-08-25T22:31:09Z,2026-08-25T22:31:28Z,01M0XER6FPF3N9GKNC8JSYE9M7,1787697069494
01M0XEYNXKGC1TWWDGVBJCE4Q2,01M0XEBHFAZN8J8K9QJ4PMADCV,30,3,1787697829132,TRUE,2026-08-25T22:43:02Z,2026-08-25T22:43:48Z,01M0XEREB3GCTAQVXHQ8WY91H4,1787697782818
01M0XEYNXKGC1TWWDGVBJCE4Q2,01M0XEBHFAZN8J8K9QJ4PMADCV,30,3,1787697829132,TRUE,2026-08-25T22:43:02Z,2026-08-25T22:43:48Z,01M0XES5Y1NQT19B2QBEJ1SE2V,1787697779174
01M0XF2S0XEAQFRKFC09X8MBMD,01M0XEBKS0ZEFNX9SMQDQW2PZ4,18,2,1787697372400,TRUE,2026-08-25T22:35:08Z,2026-08-25T22:35:37Z,01M0XES69GNPHVSPMR1TVP4HAR,1787697309601
01M0XF2S0XEAQFRKFC09X8MBMD,01M0XEBKS0ZEFNX9SMQDQW2PZ4,18,2,1787697372400,TRUE,2026-08-25T22:35:08Z,2026-08-25T22:35:37Z,01M0XER9CN1N4H5AFH0XVE2HCE,1787697343192
01M0XF5J93GZ2N3PKY8NH38T4J,01M0XEBJH60M51NVP8EGS7231S,29,3,1787696515859,TRUE,2026-08-25T22:21:43Z,2026-08-25T22:21:56Z,01M0XEQNJ9809PHWDZ742E11VG,1787696504435
01M0XF5J93GZ2N3PKY8NH38T4J,01M0XEBJH60M51NVP8EGS7231S,29,3,1787696515859,TRUE,2026-08-25T22:21:43Z,2026-08-25T22:21:56Z,01M0XF1AW05AX3PDCQ9PWGAR99,1787696503553
01M0XF6KB0SWTABFSDAEJB8N06,01M0XEBKS2G948HDY26TVYK1X9,35,3,1787696653863,TRUE,2026-08-25T22:24:06Z,2026-08-25T22:24:14Z,01M0XERWA6XTSFFEAXHF1XTBP1,1787696645752
01M0XF6KB0SWTABFSDAEJB8N06,01M0XEBKS2G948HDY26TVYK1X9,35,3,1787696653863,TRUE,2026-08-25T22:24:06Z,2026-08-25T22:24:14Z,01M0XEQS1Y61NYBS2B9X56Y7HM,1787696647221
01M0XF031S8W4VQ9WPXMVJFAW7,01M0XEBFYZ40VDCCZ70PM6EWHK,7,1,1787695763397,TRUE,2026-08-25T22:08:50Z,2026-08-25T22:09:23Z,01M0XEW4XVCD53BQGS5F5TWC4E,1787695730989
01M0XF031S8W4VQ9WPXMVJFAW7,01M0XEBFYZ40VDCCZ70PM6EWHK,7,1,1787695763397,TRUE,2026-08-25T22:08:50Z,2026-08-25T22:09:23Z,01M0XERQP1ZQ8ZKRV6F98VE778,1787695730941
01M0XF2S4RJMB88RGGD8B6FCHJ,01M0XEBKS0ZEFNX9SMQDQW2PZ4,40,4,1787698310876,TRUE,2026-08-25T22:50:46Z,2026-08-25T22:51:16Z,01M0XER9CN1N4H5AFH0XVE2HCE,1787698281575
01M0XF2S4RJMB88RGGD8B6FCHJ,01M0XEBKS0ZEFNX9SMQDQW2PZ4,40,4,1787698310876,TRUE,2026-08-25T22:50:46Z,2026-08-25T22:51:16Z,01M0XES69GNPHVSPMR1TVP4HAR,1787698248015
01M0XF5J6N4SPCQN3DVX94VKC6,01M0XEBJH60M51NVP8EGS7231S,14,2,1787696199499,TRUE,2026-08-25T22:16:07Z,2026-08-25T22:16:38Z,01M0XF1AW05AX3PDCQ9PWGAR99,1787696167306
01M0XF5J6N4SPCQN3DVX94VKC6,01M0XEBJH60M51NVP8EGS7231S,14,2,1787696199499,TRUE,2026-08-25T22:16:07Z,2026-08-25T22:16:38Z,01M0XEQNJ9809PHWDZ742E11VG,1787696168208
01M0XF6K1286FAMJFJEFV2R90Q,01M0XEBKS2G948HDY26TVYK1X9,23,2,1787696388967,TRUE,2026-08-25T22:19:37Z,2026-08-25T22:19:49Z,01M0XEQS1Y61NYBS2B9X56Y7HM,1787696378057
01M0XF6K1286FAMJFJEFV2R90Q,01M0XEBKS2G948HDY26TVYK1X9,23,2,1787696388967,TRUE,2026-08-25T22:19:37Z,2026-08-25T22:19:49Z,01M0XERWA6XTSFFEAXHF1XTBP1,1787696376544
01M0XF1MP0VVWGPZ9GESHPDYYD,01M0XEBHFGJ74MNH9PTVJNK0S2,10,1,1787696698019,TRUE,2026-08-25T22:24:43Z,2026-08-25T22:24:58Z,01M0XEREZ46CDWNZWM86P2TTE7,1787696683677
01M0XF1MP0VVWGPZ9GESHPDYYD,01M0XEBHFGJ74MNH9PTVJNK0S2,10,1,1787696698019,TRUE,2026-08-25T22:24:43Z,2026-08-25T22:24:58Z,01M0XERNMK293CWHFMH4HQ05K1,1787696684018
01M0XF5J62Y1KWX560R5YMTYWT,01M0XEBJH60M51NVP8EGS7231S,11,1,1787696119866,TRUE,2026-08-25T22:14:57Z,2026-08-25T22:15:19Z,01M0XF1AW05AX3PDCQ9PWGAR99,1787696097368
01M0XF5J62Y1KWX560R5YMTYWT,01M0XEBJH60M51NVP8EGS7231S,11,1,1787696119866,TRUE,2026-08-25T22:14:57Z,2026-08-25T22:15:19Z,01M0XEQNJ9809PHWDZ742E11VG,1787696098202
01M0XF5S8GCNBWX61CAS6F6GJC,01M0XEP3V3T2RJX1S58T7Z1N3B,26,3,1787697108702,FALSE,2026-08-25T22:31:01Z,2026-08-25T22:31:49Z,01M0XERTSZ0TCDWRGM6GX23TW0,1787697061592
01M0XF5S8GCNBWX61CAS6F6GJC,01M0XEP3V3T2RJX1S58T7Z1N3B,26,3,1787697108702,FALSE,2026-08-25T22:31:01Z,2026-08-25T22:31:49Z,01M0XEWYY70E7AF4NMGH9FGS3V,1787697061919
01M0XF7M4H7J7FE4X1WEA1MVD2,01M0XEBKS0ZEFNX9SMQQNF9DE2,23,2,NA,NA,NA,2026-08-25T22:04:13Z,NA,NA
01M0XEXFJ7DE3MWKP3KBAT9QTT,01M0XEBFZ0825AFF4R333DJ4HK,28,3,1787696775473,TRUE,2026-08-25T22:25:51Z,2026-08-25T22:26:15Z,01M0XEQXMFVE0GRKM8DY7Y5DHN,1787696751637
01M0XEXFJ7DE3MWKP3KBAT9QTT,01M0XEBFZ0825AFF4R333DJ4HK,28,3,1787696775473,TRUE,2026-08-25T22:25:51Z,2026-08-25T22:26:15Z,01M0XER0XX29HJPEX4FRYGSWYD,1787696751341
01M0XF1CBJ2KCVTTP9KHJT7S32,01M0XEBJH722J4730WC5V8GCA8,13,2,1787696424368,TRUE,2026-08-25T22:19:41Z,2026-08-25T22:20:24Z,01M0XESZDE3CCGRVTP6G18ANBY,1787696381260
01M0XF1CBJ2KCVTTP9KHJT7S32,01M0XEBJH722J4730WC5V8GCA8,13,2,1787696424368,TRUE,2026-08-25T22:19:41Z,2026-08-25T22:20:24Z,01M0XERZFWJEZDBR149P6YH3F1,1787696380478
01M0XFCD35356A1K4F8SGW4T21,01M0XEP3TSE5MTCHYTC004C3XD,32,3,1787697564342,TRUE,2026-08-25T22:39:13Z,2026-08-25T22:39:24Z,01M0XEY6K6WQC3AV5JQQ7N3PQV,1785655951300
01M0XFCD35356A1K4F8SGW4T21,01M0XEP3TSE5MTCHYTC004C3XD,32,3,1787697564342,TRUE,2026-08-25T22:39:13Z,2026-08-25T22:39:24Z,01M0XETPA4APE5RG3CX52WNZAV,1787697553203
01M0XEYNTDM0TJTGQ8BSMP9ZF3,01M0XEBHFAZN8J8K9QJ4PMADCV,1,1,1787696404283,TRUE,2026-08-25T22:19:45Z,2026-08-25T22:20:07Z,01M0XEREB3GCTAQVXHQ8WY91H4,1787696386072
01M0XEYNTDM0TJTGQ8BSMP9ZF3,01M0XEBHFAZN8J8K9QJ4PMADCV,1,1,1787696404283,TRUE,2026-08-25T22:19:45Z,2026-08-25T22:20:07Z,01M0XES5Y1NQT19B2QBEJ1SE2V,1787696382403
01M0XF1C8EC6JWBY3BDZ330QS1,01M0XEBJH722J4730WC5V8GCA8,29,3,1787696943606,TRUE,2026-08-25T22:28:30Z,2026-08-25T22:29:03Z,01M0XERZFWJEZDBR149P6YH3F1,1787696910248
01M0XF1C8EC6JWBY3BDZ330QS1,01M0XEBJH722J4730WC5V8GCA8,29,3,1787696943606,TRUE,2026-08-25T22:28:30Z,2026-08-25T22:29:03Z,01M0XESZDE3CCGRVTP6G18ANBY,1787696911017
01M0XF392WN2F6FGSZ7CRPK3ZJ,01M0XEBHF9Z6MD8PTP8NQ2PV26,29,3,1787696522755,TRUE,2026-08-25T22:21:48Z,2026-08-25T22:22:02Z,01M0XESCE3HXZW59M8QA45SWJ1,1787696504931
01M0XF392WN2F6FGSZ7CRPK3ZJ,01M0XEBHF9Z6MD8PTP8NQ2PV26,29,3,1787696522755,TRUE,2026-08-25T22:21:48Z,2026-08-25T22:22:02Z,01M0XESRDHZJ3M6V0HK46Z1NMP,1787696508100
01M0XF1CCV0SGK5DWWDXVNPFMS,01M0XEBJH722J4730WC5V8GCA8,21,2,1787696655261,TRUE,2026-08-25T22:23:41Z,2026-08-25T22:24:15Z,01M0XERZFWJEZDBR149P6YH3F1,1787696620650
01M0XF1CCV0SGK5DWWDXVNPFMS,01M0XEBJH722J4730WC5V8GCA8,21,2,1787696655261,TRUE,2026-08-25T22:23:41Z,2026-08-25T22:24:15Z,01M0XESZDE3CCGRVTP6G18ANBY,1787696621418
01M0XF7567TDDM1DNJP1P60NYZ,01M0XEBJH4G5D0NKPXZ6BYKGS7,8,1,1787696553385,TRUE,2026-08-25T22:22:08Z,2026-08-25T22:22:33Z,01M0XERQ8TV5N8Y3NVYKQG5TNE,1787696527160
01M0XF7567TDDM1DNJP1P60NYZ,01M0XEBJH4G5D0NKPXZ6BYKGS7,8,1,1787696553385,TRUE,2026-08-25T22:22:08Z,2026-08-25T22:22:33Z,01M0XER6FPF3N9GKNC8JSYE9M7,1787696528460
01M0XF759QSV7CQRXC1H99WARV,01M0XEBJH4G5D0NKPXZ6BYKGS7,26,3,1787696953296,TRUE,2026-08-25T22:29:02Z,2026-08-25T22:29:13Z,01M0XER6FPF3N9GKNC8JSYE9M7,1787696943287
01M0XF759QSV7CQRXC1H99WARV,01M0XEBJH4G5D0NKPXZ6BYKGS7,26,3,1787696953296,TRUE,2026-08-25T22:29:02Z,2026-08-25T22:29:13Z,01M0XERQ8TV5N8Y3NVYKQG5TNE,1787696941984
01M0XF031V4Q83ZX5EDGA83Y3B,01M0XEBFYZ40VDCCZ70PM6EWHK,6,1,1787695727410,TRUE,2026-08-25T22:08:15Z,2026-08-25T22:08:47Z,01M0XEW4XVCD53BQGS5F5TWC4E,1787695695771
01M0XF031V4Q83ZX5EDGA83Y3B,01M0XEBFYZ40VDCCZ70PM6EWHK,6,1,1787695727410,TRUE,2026-08-25T22:08:15Z,2026-08-25T22:08:47Z,01M0XERQP1ZQ8ZKRV6F98VE778,1787695695721
01M0XF7M6J2WM8ZJXHG2WNHM9V,01M0XEBKS0ZEFNX9SMQQNF9DE2,16,2,NA,NA,NA,2026-08-25T22:04:13Z,NA,NA
01M0XFCCVAGSVBBZ1BVR4MNZ1W,01M0XEP3TSE5MTCHYTC004C3XD,18,2,1787697268358,TRUE,2026-08-25T22:33:59Z,2026-08-25T22:34:28Z,01M0XEY6K6WQC3AV5JQQ7N3PQV,1785655637137
01M0XFCCVAGSVBBZ1BVR4MNZ1W,01M0XEP3TSE5MTCHYTC004C3XD,18,2,1787697268358,TRUE,2026-08-25T22:33:59Z,2026-08-25T22:34:28Z,01M0XETPA4APE5RG3CX52WNZAV,1787697239055
01M0XF031Q7DQRXFXFEERKYDQA,01M0XEBFYZ40VDCCZ70PM6EWHK,9,1,1787695826631,TRUE,2026-08-25T22:10:07Z,2026-08-25T22:10:26Z,01M0XERQP1ZQ8ZKRV6F98VE778,1787695807356
01M0XF031Q7DQRXFXFEERKYDQA,01M0XEBFYZ40VDCCZ70PM6EWHK,9,1,1787695826631,TRUE,2026-08-25T22:10:07Z,2026-08-25T22:10:26Z,01M0XEW4XVCD53BQGS5F5TWC4E,1787695807394
01M0XF396TNFMRWJBYAY10ACNS,01M0XEBHF9Z6MD8PTP8NQ2PV26,42,4,1787696736701,TRUE,2026-08-25T22:25:19Z,2026-08-25T22:25:40Z,01M0XESCE3HXZW59M8QA45SWJ1,1787696716102
01M0XF396TNFMRWJBYAY10ACNS,01M0XEBHF9Z6MD8PTP8NQ2PV26,42,4,1787696736701,TRUE,2026-08-25T22:25:19Z,2026-08-25T22:25:40Z,01M0XESRDHZJ3M6V0HK46Z1NMP,1787696719513
01M0XF5JB8XMKKFH9QFG9NN84Z,01M0XEBJH60M51NVP8EGS7231S,41,4,1787696671065,TRUE,2026-08-25T22:24:23Z,2026-08-25T22:24:31Z,01M0XF1AW05AX3PDCQ9PWGAR99,1787696663228
01M0XF5JB8XMKKFH9QFG9NN84Z,01M0XEBJH60M51NVP8EGS7231S,41,4,1787696671065,TRUE,2026-08-25T22:24:23Z,2026-08-25T22:24:31Z,01M0XEQNJ9809PHWDZ742E11VG,1787696664107
01M0XF6JVN624CFT9ZYHHH56MP,01M0XEBKS2G948HDY26TVYK1X9,45,4,1787696859871,TRUE,2026-08-25T22:27:33Z,2026-08-25T22:27:40Z,01M0XERWA6XTSFFEAXHF1XTBP1,1787696852537
01M0XF6JVN624CFT9ZYHHH56MP,01M0XEBKS2G948HDY26TVYK1X9,45,4,1787696859871,TRUE,2026-08-25T22:27:33Z,2026-08-25T22:27:40Z,01M0XEQS1Y61NYBS2B9X56Y7HM,1787696853981
01M0XF7M31Z375YMGHSDDW6W0M,01M0XEBKS0ZEFNX9SMQQNF9DE2,34,3,NA,NA,NA,2026-08-25T22:04:14Z,NA,NA
01M0XFQX6VSNGAKPJSPD4QBN9X,01M0XEP3TXK5Z02SVJR2VASG8P,41,4,1787697696035,TRUE,2026-08-25T22:41:10Z,2026-08-25T22:41:35Z,01M0XFGKS364T502MY6BASRSP2,1787697670375
01M0XFQX6VSNGAKPJSPD4QBN9X,01M0XEP3TXK5Z02SVJR2VASG8P,41,4,1787697696035,TRUE,2026-08-25T22:41:10Z,2026-08-25T22:41:35Z,01M0XEX8ATRQ9G1A1T9FCE8VQM,1787697670721
01M0XEXFSF1THMBEF78GK8GECS,01M0XEBFZ0825AFF4R333DJ4HK,10,1,NA,FALSE,2026-08-25T22:16:24Z,2026-08-25T22:17:24Z,01M0XEQXMFVE0GRKM8DY7Y5DHN,1787696184526
01M0XEXFSF1THMBEF78GK8GECS,01M0XEBFZ0825AFF4R333DJ4HK,10,1,NA,FALSE,2026-08-25T22:16:24Z,2026-08-25T22:17:24Z,01M0XER0XX29HJPEX4FRYGSWYD,1787696184442
01M0XF02YEW3Y0K1B2JKNRY5MN,01M0XEBFYZ40VDCCZ70PM6EWHK,18,2,1787696064854,TRUE,2026-08-25T22:14:16Z,2026-08-25T22:14:24Z,01M0XEW4XVCD53BQGS5F5TWC4E,1787696056402
01M0XF02YEW3Y0K1B2JKNRY5MN,01M0XEBFYZ40VDCCZ70PM6EWHK,18,2,1787696064854,TRUE,2026-08-25T22:14:16Z,2026-08-25T22:14:24Z,01M0XERQP1ZQ8ZKRV6F98VE778,1787696056354
01M0XF75BB0500SQ91RAGNAPS1,01M0XEBJH4G5D0NKPXZ6BYKGS7,32,3,1787697065764,TRUE,2026-08-25T22:30:50Z,2026-08-25T22:31:05Z,01M0XER6FPF3N9GKNC8JSYE9M7,1787697051087
01M0XF75BB0500SQ91RAGNAPS1,01M0XEBJH4G5D0NKPXZ6BYKGS7,32,3,1787697065764,TRUE,2026-08-25T22:30:50Z,2026-08-25T22:31:05Z,01M0XERQ8TV5N8Y3NVYKQG5TNE,1787697049785
01M0XF7M0ZY18VKFETMPYR2R1M,01M0XEBKS0ZEFNX9SMQQNF9DE2,42,4,NA,NA,NA,2026-08-25T22:04:14Z,NA,NA
01M0XF755CGE0XM7D9YX8ZJEE9,01M0XEBJH4G5D0NKPXZ6BYKGS7,4,1,1787696398738,TRUE,2026-08-25T22:19:05Z,2026-08-25T22:19:58Z,01M0XER6FPF3N9GKNC8JSYE9M7,1787696345856
01M0XF755CGE0XM7D9YX8ZJEE9,01M0XEBJH4G5D0NKPXZ6BYKGS7,4,1,1787696398738,TRUE,2026-08-25T22:19:05Z,2026-08-25T22:19:58Z,01M0XERQ8TV5N8Y3NVYKQG5TNE,1787696344508
01M0XF02V4A0JV3Z99A7X44BHG,01M0XEBFYZ40VDCCZ70PM6EWHK,28,3,1787696298959,TRUE,2026-08-25T22:18:03Z,2026-08-25T22:18:19Z,01M0XERQP1ZQ8ZKRV6F98VE778,1787696283163
01M0XF02V4A0JV3Z99A7X44BHG,01M0XEBFYZ40VDCCZ70PM6EWHK,28,3,1787696298959,TRUE,2026-08-25T22:18:03Z,2026-08-25T22:18:19Z,01M0XEW4XVCD53BQGS5F5TWC4E,1787696283184
01M0XF07BPW9V4BC5NSSRT6KAY,01M0XEBFYW1G5QWYVD4F1CEJQ3,37,4,1787696797570,TRUE,2026-08-25T22:26:27Z,2026-08-25T22:26:38Z,01M0XEQXM9M74Y1X1MWHARYCDC,1787696787590
01M0XF07BPW9V4BC5NSSRT6KAY,01M0XEBFYW1G5QWYVD4F1CEJQ3,37,4,1787696797570,TRUE,2026-08-25T22:26:27Z,2026-08-25T22:26:38Z,01M0XER53CMDT435QVPYSPB86P,1787696786891
01M0XF1CAHBQZ2CFW2N71MXCAE,01M0XEBJH722J4730WC5V8GCA8,37,4,NA,FALSE,2026-08-25T22:33:56Z,2026-08-25T22:34:56Z,01M0XESZDE3CCGRVTP6G18ANBY,1787697236122
01M0XF1CAHBQZ2CFW2N71MXCAE,01M0XEBJH722J4730WC5V8GCA8,37,4,NA,FALSE,2026-08-25T22:33:56Z,2026-08-25T22:34:56Z,01M0XERZFWJEZDBR149P6YH3F1,1787697235381
01M0XF5J9E485PSM6FDW37FCR6,01M0XEBJH60M51NVP8EGS7231S,31,3,1787696541155,TRUE,2026-08-25T22:22:11Z,2026-08-25T22:22:21Z,01M0XEQNJ9809PHWDZ742E11VG,1787696532104
01M0XF5J9E485PSM6FDW37FCR6,01M0XEBJH60M51NVP8EGS7231S,31,3,1787696541155,TRUE,2026-08-25T22:22:11Z,2026-08-25T22:22:21Z,01M0XF1AW05AX3PDCQ9PWGAR99,1787696531234
01M0XEXFSEH2CXD668JXJMXBW1,01M0XEBFZ0825AFF4R333DJ4HK,33,3,1787696877949,TRUE,2026-08-25T22:27:41Z,2026-08-25T22:27:58Z,01M0XEQXMFVE0GRKM8DY7Y5DHN,1787696861540
01M0XEXFSEH2CXD668JXJMXBW1,01M0XEBFZ0825AFF4R333DJ4HK,33,3,1787696877949,TRUE,2026-08-25T22:27:41Z,2026-08-25T22:27:58Z,01M0XER0XX29HJPEX4FRYGSWYD,1787696861246
01M0XEYNYHPTJ17F7PWGWWPRXJ,01M0XEBHFAZN8J8K9QJ4PMADCV,40,4,1787698254759,TRUE,2026-08-25T22:50:14Z,2026-08-25T22:50:54Z,01M0XEREB3GCTAQVXHQ8WY91H4,1787698215486
01M0XEYNYHPTJ17F7PWGWWPRXJ,01M0XEBHFAZN8J8K9QJ4PMADCV,40,4,1787698254759,TRUE,2026-08-25T22:50:14Z,2026-08-25T22:50:54Z,01M0XES5Y1NQT19B2QBEJ1SE2V,1787698211836
01M0XF02WEEVG09JCMVJPV7PEM,01M0XEBFYZ40VDCCZ70PM6EWHK,39,4,1787696513048,TRUE,2026-08-25T22:21:39Z,2026-08-25T22:21:53Z,01M0XEW4XVCD53BQGS5F5TWC4E,1787696499692
01M0XF02WEEVG09JCMVJPV7PEM,01M0XEBFYZ40VDCCZ70PM6EWHK,39,4,1787696513048,TRUE,2026-08-25T22:21:39Z,2026-08-25T22:21:53Z,01M0XERQP1ZQ8ZKRV6F98VE778,1787696499649
01M0XF5S7XPHD9R2A56VNZB554,01M0XEP3V3T2RJX1S58T7Z1N3B,2,1,1787696269958,TRUE,2026-08-25T22:17:17Z,2026-08-25T22:17:50Z,01M0XERTSZ0TCDWRGM6GX23TW0,1787696236764
01M0XF5S7XPHD9R2A56VNZB554,01M0XEP3V3T2RJX1S58T7Z1N3B,2,1,1787696269958,TRUE,2026-08-25T22:17:17Z,2026-08-25T22:17:50Z,01M0XEWYY70E7AF4NMGH9FGS3V,1787696237202
01M0XF753G28BAXM9YKHAREY71,01M0XEBJH4G5D0NKPXZ6BYKGS7,37,4,1787697185285,TRUE,2026-08-25T22:32:54Z,2026-08-25T22:33:06Z,01M0XERQ8TV5N8Y3NVYKQG5TNE,1787697173625
01M0XF753G28BAXM9YKHAREY71,01M0XEBJH4G5D0NKPXZ6BYKGS7,37,4,1787697185285,TRUE,2026-08-25T22:32:54Z,2026-08-25T22:33:06Z,01M0XER6FPF3N9GKNC8JSYE9M7,1787697174959
01M0XF07D8RYND3WS2M4DWW3PW,01M0XEBFYW1G5QWYVD4F1CEJQ3,22,2,1787696541026,TRUE,2026-08-25T22:21:56Z,2026-08-25T22:22:21Z,01M0XEQXM9M74Y1X1MWHARYCDC,1787696516605
01M0XF07D8RYND3WS2M4DWW3PW,01M0XEBFYW1G5QWYVD4F1CEJQ3,22,2,1787696541026,TRUE,2026-08-25T22:21:56Z,2026-08-25T22:22:21Z,01M0XER53CMDT435QVPYSPB86P,1787696515808
01M0XF396AX1A499V5JTXS0266,01M0XEBHF9Z6MD8PTP8NQ2PV26,39,4,1787696687092,TRUE,2026-08-25T22:24:35Z,2026-08-25T22:24:47Z,01M0XESRDHZJ3M6V0HK46Z1NMP,1787696675541
01M0XF396AX1A499V5JTXS0266,01M0XEBHF9Z6MD8PTP8NQ2PV26,39,4,1787696687092,TRUE,2026-08-25T22:24:35Z,2026-08-25T22:24:47Z,01M0XESCE3HXZW59M8QA45SWJ1,1787696672461
01M0XF5S57X8KJS670W31XNZ97,01M0XEP3V3T2RJX1S58T7Z1N3B,20,2,1787696920786,FALSE,2026-08-25T22:27:47Z,2026-08-25T22:28:41Z,01M0XERTSZ0TCDWRGM6GX23TW0,1787696867636
01M0XF5S57X8KJS670W31XNZ97,01M0XEP3V3T2RJX1S58T7Z1N3B,20,2,1787696920786,FALSE,2026-08-25T22:27:47Z,2026-08-25T22:28:41Z,01M0XEWYY70E7AF4NMGH9FGS3V,1787696867998
01M0XFEDK7YHABT2T4K1TYPDJN,01M0XF36KPEANMAA2FHR330CGB,10,1,1787697506925,TRUE,2026-08-25T22:37:35Z,2026-08-25T22:38:27Z,01M0XES7WHX0W3E8PJ1JTK03A6,1787697455377
01M0XFEDK7YHABT2T4K1TYPDJN,01M0XF36KPEANMAA2FHR330CGB,10,1,1787697506925,TRUE,2026-08-25T22:37:35Z,2026-08-25T22:38:27Z,01M0XETGWM5RF9ZVRZXVQJA69R,1787697455279
01M0XF5S9QE09QGVWG13YVWYDC,01M0XEP3V3T2RJX1S58T7Z1N3B,34,3,1787697359552,TRUE,2026-08-25T22:35:42Z,2026-08-25T22:36:00Z,01M0XEWYY70E7AF4NMGH9FGS3V,1787697342178
01M0XF5S9QE09QGVWG13YVWYDC,01M0XEP3V3T2RJX1S58T7Z1N3B,34,3,1787697359552,TRUE,2026-08-25T22:35:42Z,2026-08-25T22:36:00Z,01M0XERTSZ0TCDWRGM6GX23TW0,1787697341855
01M0XFCD1PZHQEJBPB4TX4WQ93,01M0XEP3TSE5MTCHYTC004C3XD,2,1,1787696409443,FALSE,2026-08-25T22:19:12Z,2026-08-25T22:20:09Z,01M0XEY6K6WQC3AV5JQQ7N3PQV,1785654751066
01M0XFCD1PZHQEJBPB4TX4WQ93,01M0XEP3TSE5MTCHYTC004C3XD,2,1,1787696409443,FALSE,2026-08-25T22:19:12Z,2026-08-25T22:20:09Z,01M0XETPA4APE5RG3CX52WNZAV,1787696352977
01M0XEXFRHF3E2QTPJJGTW2TSZ,01M0XEBFZ0825AFF4R333DJ4HK,14,2,1787696362340,TRUE,2026-08-25T22:18:53Z,2026-08-25T22:19:22Z,01M0XER0XX29HJPEX4FRYGSWYD,1787696333406
01M0XEXFRHF3E2QTPJJGTW2TSZ,01M0XEBFZ0825AFF4R333DJ4HK,14,2,1787696362340,TRUE,2026-08-25T22:18:53Z,2026-08-25T22:19:22Z,01M0XEQXMFVE0GRKM8DY7Y5DHN,1787696333698
01M0XF02VRSVR5GMP7QD9J4Q6D,01M0XEBFYZ40VDCCZ70PM6EWHK,2,1,1787695623935,TRUE,2026-08-25T22:06:38Z,2026-08-25T22:07:03Z,01M0XERQP1ZQ8ZKRV6F98VE778,1787695598618
01M0XF02VRSVR5GMP7QD9J4Q6D,01M0XEBFYZ40VDCCZ70PM6EWHK,2,1,1787695623935,TRUE,2026-08-25T22:06:38Z,2026-08-25T22:07:03Z,01M0XEW4XVCD53BQGS5F5TWC4E,1787695598661
01M0XF5S524QTR9XGD7EJ9VG89,01M0XEP3V3T2RJX1S58T7Z1N3B,7,1,1787696471684,TRUE,2026-08-25T22:20:18Z,2026-08-25T22:21:11Z,01M0XERTSZ0TCDWRGM6GX23TW0,1787696418639
01M0XF5S524QTR9XGD7EJ9VG89,01M0XEP3V3T2RJX1S58T7Z1N3B,7,1,1787696471684,TRUE,2026-08-25T22:20:18Z,2026-08-25T22:21:11Z,01M0XEWYY70E7AF4NMGH9FGS3V,1787696419130
01M0XF75AG54QFNXW9TQ6D86D4,01M0XEBJH4G5D0NKPXZ6BYKGS7,29,3,1787697004707,TRUE,2026-08-25T22:29:45Z,2026-08-25T22:30:05Z,01M0XERQ8TV5N8Y3NVYKQG5TNE,1787696984881
01M0XF75AG54QFNXW9TQ6D86D4,01M0XEBJH4G5D0NKPXZ6BYKGS7,29,3,1787697004707,TRUE,2026-08-25T22:29:45Z,2026-08-25T22:30:05Z,01M0XER6FPF3N9GKNC8JSYE9M7,1787696986180
01M0XFCD5J3MF96D686MK81WXR,01M0XEP3TSE5MTCHYTC004C3XD,43,4,1785656105462,TRUE,2026-08-25T22:41:38Z,2026-08-25T22:41:47Z,01M0XEY6K6WQC3AV5JQQ7N3PQV,1785656096486
01M0XFCD5J3MF96D686MK81WXR,01M0XEP3TSE5MTCHYTC004C3XD,43,4,1785656105462,TRUE,2026-08-25T22:41:38Z,2026-08-25T22:41:47Z,01M0XETPA4APE5RG3CX52WNZAV,1787697698412
01M0XF07EHV0QZN6A1G9NB6WX7,01M0XEBFYW1G5QWYVD4F1CEJQ3,9,1,1787696243607,TRUE,2026-08-25T22:16:44Z,2026-08-25T22:17:24Z,01M0XEQXM9M74Y1X1MWHARYCDC,1787696205284
01M0XF07EHV0QZN6A1G9NB6WX7,01M0XEBFYW1G5QWYVD4F1CEJQ3,9,1,1787696243607,TRUE,2026-08-25T22:16:44Z,2026-08-25T22:17:24Z,01M0XER53CMDT435QVPYSPB86P,1787696204510
01M0XF756R5FBMK8Q1YNV6XYFQ,01M0XEBJH4G5D0NKPXZ6BYKGS7,11,1,1787696662271,TRUE,2026-08-25T22:24:01Z,2026-08-25T22:24:23Z,01M0XER6FPF3N9GKNC8JSYE9M7,1787696641760
01M0XF756R5FBMK8Q1YNV6XYFQ,01M0XEBJH4G5D0NKPXZ6BYKGS7,11,1,1787696662271,TRUE,2026-08-25T22:24:01Z,2026-08-25T22:24:23Z,01M0XERQ8TV5N8Y3NVYKQG5TNE,1787696640459
01M0XEYNX210Q28EZPHE3F81HV,01M0XEBHFAZN8J8K9QJ4PMADCV,22,2,1787697511484,TRUE,2026-08-25T22:37:30Z,2026-08-25T22:38:30Z,01M0XES5Y1NQT19B2QBEJ1SE2V,1787697447735
01M0XEYNX210Q28EZPHE3F81HV,01M0XEBHFAZN8J8K9QJ4PMADCV,22,2,1787697511484,TRUE,2026-08-25T22:37:30Z,2026-08-25T22:38:30Z,01M0XEREB3GCTAQVXHQ8WY91H4,1787697451374
01M0XF02VV4ETJ4AXVYZWR07BA,01M0XEBFYZ40VDCCZ70PM6EWHK,35,3,1787696455748,TRUE,2026-08-25T22:20:45Z,2026-08-25T22:20:55Z,01M0XEW4XVCD53BQGS5F5TWC4E,1787696445657
01M0XF02VV4ETJ4AXVYZWR07BA,01M0XEBFYZ40VDCCZ70PM6EWHK,35,3,1787696455748,TRUE,2026-08-25T22:20:45Z,2026-08-25T22:20:55Z,01M0XERQP1ZQ8ZKRV6F98VE778,1787696445643
01M0XFEDZNG1FSPFSHD473TYAB,01M0XF36KPEANMAA2FHR330CGB,44,4,1787698460987,TRUE,2026-08-25T22:53:50Z,2026-08-25T22:54:21Z,01M0XETGWM5RF9ZVRZXVQJA69R,1787698430599
01M0XFEDZNG1FSPFSHD473TYAB,01M0XF36KPEANMAA2FHR330CGB,44,4,1787698460987,TRUE,2026-08-25T22:53:50Z,2026-08-25T22:54:21Z,01M0XES7WHX0W3E8PJ1JTK03A6,1787698431014
01M0XEXFKH9T18T1DQB93EBKS0,01M0XEBFZ0825AFF4R333DJ4HK,5,1,1787696051172,TRUE,2026-08-25T22:13:17Z,2026-08-25T22:14:11Z,01M0XER0XX29HJPEX4FRYGSWYD,1787695996949
01M0XEXFKH9T18T1DQB93EBKS0,01M0XEBFZ0825AFF4R333DJ4HK,5,1,1787696051172,TRUE,2026-08-25T22:13:17Z,2026-08-25T22:14:11Z,01M0XEQXMFVE0GRKM8DY7Y5DHN,1787695997223
01M0XF2S240ASE0Z5PFABF7RHS,01M0XEBKS0ZEFNX9SMQDQW2PZ4,21,2,1787697455713,FALSE,2026-08-25T22:37:05Z,2026-08-25T22:37:34Z,01M0XER9CN1N4H5AFH0XVE2HCE,1787697459700
01M0XF2S240ASE0Z5PFABF7RHS,01M0XEBKS0ZEFNX9SMQDQW2PZ4,21,2,1787697455713,FALSE,2026-08-25T22:37:05Z,2026-08-25T22:37:34Z,01M0XES69GNPHVSPMR1TVP4HAR,1787697426125
01M0XF38Z835SSKZ5TWZ5DY2BM,01M0XEBHF9Z6MD8PTP8NQ2PV26,26,3,1787696472438,TRUE,2026-08-25T22:21:07Z,2026-08-25T22:21:16Z,01M0XESRDHZJ3M6V0HK46Z1NMP,1787696467446
01M0XF38Z835SSKZ5TWZ5DY2BM,01M0XEBHF9Z6MD8PTP8NQ2PV26,26,3,1787696472438,TRUE,2026-08-25T22:21:07Z,2026-08-25T22:21:16Z,01M0XESCE3HXZW59M8QA45SWJ1,1787696464279
01M0XF5SAPZMRKKNV3PF2SJBGJ,01M0XEP3V3T2RJX1S58T7Z1N3B,40,4,1787697485197,TRUE,2026-08-25T22:37:47Z,2026-08-25T22:38:05Z,01M0XERTSZ0TCDWRGM6GX23TW0,1787697466978
01M0XF5SAPZMRKKNV3PF2SJBGJ,01M0XEP3V3T2RJX1S58T7Z1N3B,40,4,1787697485197,TRUE,2026-08-25T22:37:47Z,2026-08-25T22:38:05Z,01M0XEWYY70E7AF4NMGH9FGS3V,1787697467277
01M0XFCCV0MH3FA4062H3ZKDJB,01M0XEP3TSE5MTCHYTC004C3XD,47,4,1785656155675,TRUE,2026-08-25T22:42:31Z,2026-08-25T22:42:37Z,01M0XETPA4APE5RG3CX52WNZAV,1787697751073
01M0XFCCV0MH3FA4062H3ZKDJB,01M0XEP3TSE5MTCHYTC004C3XD,47,4,1785656155675,TRUE,2026-08-25T22:42:31Z,2026-08-25T22:42:37Z,01M0XEY6K6WQC3AV5JQQ7N3PQV,1785656149177
01M0XEXFNPNG4V9FC1DRF2Z4J7,01M0XEBFZ0825AFF4R333DJ4HK,24,3,1787696669127,TRUE,2026-08-25T22:24:08Z,2026-08-25T22:24:29Z,01M0XER0XX29HJPEX4FRYGSWYD,1787696647743
01M0XEXFNPNG4V9FC1DRF2Z4J7,01M0XEBFZ0825AFF4R333DJ4HK,24,3,1787696669127,TRUE,2026-08-25T22:24:08Z,2026-08-25T22:24:29Z,01M0XEQXMFVE0GRKM8DY7Y5DHN,1787696648007
01M0XEYNVCHW7H38272EH60J90,01M0XEBHFAZN8J8K9QJ4PMADCV,3,1,1787696509715,FALSE,2026-08-25T22:21:14Z,2026-08-25T22:21:53Z,01M0XEREB3GCTAQVXHQ8WY91H4,1787696474826
01M0XEYNVCHW7H38272EH60J90,01M0XEBHFAZN8J8K9QJ4PMADCV,3,1,1787696509715,FALSE,2026-08-25T22:21:14Z,2026-08-25T22:21:53Z,01M0XES5Y1NQT19B2QBEJ1SE2V,1787696471423
01M0XF07D31NT8EBERXHJ22Z68,01M0XEBFYW1G5QWYVD4F1CEJQ3,24,3,1787696583003,TRUE,2026-08-25T22:22:53Z,2026-08-25T22:23:02Z,01M0XER53CMDT435QVPYSPB86P,1787696573474
01M0XF07D31NT8EBERXHJ22Z68,01M0XEBFYW1G5QWYVD4F1CEJQ3,24,3,1787696583003,TRUE,2026-08-25T22:22:53Z,2026-08-25T22:23:02Z,01M0XEQXM9M74Y1X1MWHARYCDC,1787696574260
01M0XF07E8C4AYM6DSHRF48DK6,01M0XEBFYW1G5QWYVD4F1CEJQ3,12,2,1787696338932,TRUE,2026-08-25T22:18:46Z,2026-08-25T22:18:58Z,01M0XER53CMDT435QVPYSPB86P,1787696326219
01M0XF07E8C4AYM6DSHRF48DK6,01M0XEBFYW1G5QWYVD4F1CEJQ3,12,2,1787696338932,TRUE,2026-08-25T22:18:46Z,2026-08-25T22:18:58Z,01M0XEQXM9M74Y1X1MWHARYCDC,1787696326838
01M0XF1MN897RXS3YT49S13ABA,01M0XEBHFGJ74MNH9PTVJNK0S2,6,1,1787696599974,TRUE,2026-08-25T22:22:57Z,2026-08-25T22:23:20Z,01M0XEREZ46CDWNZWM86P2TTE7,1787696577621
01M0XF1MN897RXS3YT49S13ABA,01M0XEBHFGJ74MNH9PTVJNK0S2,6,1,1787696599974,TRUE,2026-08-25T22:22:57Z,2026-08-25T22:23:20Z,01M0XERNMK293CWHFMH4HQ05K1,1787696577803
01M0XF3944EZKFH3F98WJ9N2DG,01M0XEBHF9Z6MD8PTP8NQ2PV26,6,1,1787695846574,TRUE,2026-08-25T22:10:12Z,2026-08-25T22:10:50Z,01M0XESCE3HXZW59M8QA45SWJ1,1787695809162
01M0XF3944EZKFH3F98WJ9N2DG,01M0XEBHF9Z6MD8PTP8NQ2PV26,6,1,1787695846574,TRUE,2026-08-25T22:10:12Z,2026-08-25T22:10:50Z,01M0XESRDHZJ3M6V0HK46Z1NMP,1787695812164
01M0XF5J4GB24KY1WGQRTA0CQ4,01M0XEBJH60M51NVP8EGS7231S,4,1,1787695921152,TRUE,2026-08-25T22:11:24Z,2026-08-25T22:12:00Z,01M0XEQNJ9809PHWDZ742E11VG,1787695885390
01M0XF5J4GB24KY1WGQRTA0CQ4,01M0XEBJH60M51NVP8EGS7231S,4,1,1787695921152,TRUE,2026-08-25T22:11:24Z,2026-08-25T22:12:00Z,01M0XF1AW05AX3PDCQ9PWGAR99,1787695884583
01M0XF2S14GX6KV2MSFB37P4GR,01M0XEBKS0ZEFNX9SMQDQW2PZ4,20,2,1787697455967,TRUE,2026-08-25T22:36:24Z,2026-08-25T22:37:01Z,01M0XER9CN1N4H5AFH0XVE2HCE,1787697419341
01M0XF2S14GX6KV2MSFB37P4GR,01M0XEBKS0ZEFNX9SMQDQW2PZ4,20,2,1787697455967,TRUE,2026-08-25T22:36:24Z,2026-08-25T22:37:01Z,01M0XES69GNPHVSPMR1TVP4HAR,1787697385746
01M0XF6K0SM6KTGTXP050MH7C6,01M0XEBKS2G948HDY26TVYK1X9,25,3,1787696440679,TRUE,2026-08-25T22:20:19Z,2026-08-25T22:20:41Z,01M0XEQS1Y61NYBS2B9X56Y7HM,1787696419968
01M0XF6K0SM6KTGTXP050MH7C6,01M0XEBKS2G948HDY26TVYK1X9,25,3,1787696440679,TRUE,2026-08-25T22:20:19Z,2026-08-25T22:20:41Z,01M0XERWA6XTSFFEAXHF1XTBP1,1787696418448
01M0XF1MNC9HP4NK4WX85X3CA2,01M0XEBHFGJ74MNH9PTVJNK0S2,7,1,1787696632940,TRUE,2026-08-25T22:23:23Z,2026-08-25T22:23:53Z,01M0XEREZ46CDWNZWM86P2TTE7,1787696603703
01M0XF1MNC9HP4NK4WX85X3CA2,01M0XEBHFGJ74MNH9PTVJNK0S2,7,1,1787696632940,TRUE,2026-08-25T22:23:23Z,2026-08-25T22:23:53Z,01M0XERNMK293CWHFMH4HQ05K1,1787696603952
01M0XF6K8JMBHRH7TD9P6DAB5W,01M0XEBKS2G948HDY26TVYK1X9,39,4,1787696726463,TRUE,2026-08-25T22:25:18Z,2026-08-25T22:25:27Z,01M0XERWA6XTSFFEAXHF1XTBP1,1787696717366
01M0XF6K8JMBHRH7TD9P6DAB5W,01M0XEBKS2G948HDY26TVYK1X9,39,4,1787696726463,TRUE,2026-08-25T22:25:18Z,2026-08-25T22:25:27Z,01M0XEQS1Y61NYBS2B9X56Y7HM,1787696718833
01M0XFCD6XQ3ETH007R5BQ89T8,01M0XEP3TSE5MTCHYTC004C3XD,39,4,1785656059530,TRUE,2026-08-25T22:40:53Z,2026-08-25T22:41:01Z,01M0XEY6K6WQC3AV5JQQ7N3PQV,1785656052101
01M0XFCD6XQ3ETH007R5BQ89T8,01M0XEP3TSE5MTCHYTC004C3XD,39,4,1785656059530,TRUE,2026-08-25T22:40:53Z,2026-08-25T22:41:01Z,01M0XETPA4APE5RG3CX52WNZAV,1787697654028
