roundID,gameID,trialNum,block,selectionMadeAt,correct,stage_started,stage_ended,playerID,renderedAt
01M1HPKAYBH19C2VW6WKBD7403,01M1HNZFMBG6JCPAHH8MQHWYV4,38,4,1788375587169,TRUE,2026-09-02T18:59:33Z,2026-09-02T18:59:47Z,01M1HP97WG9TE403VJRZNNM0DT,1788375573610
01M1HPKAYBH19C2VW6WKBD7403,01M1HNZFMBG6JCPAHH8MQHWYV4,38,4,1788375587169,TRUE,2026-09-02T18:59:33Z,2026-09-02T18:59:47Z,01M1HP9SA626S2K4ZTXAJ11MCC,1788375574507
01M1HPVYK24X34EMQR8FA97NBS,01M1HNZ66BCC5C4CZAZZWHY7T3,45,4,1788376835358,FALSE,2026-09-02T19:20:08Z,2026-09-02T19:20:34Z,01M1HP9VFD4XR4JMG6Y4DWDHD7,1788376808703
01M1HPVYK24X34EMQR8FA97NBS,01M1HNZ66BCC5C4CZAZZWHY7T3,45,4,1788376835358,FALSE,2026-09-02T19:20:08Z,2026-09-02T19:20:34Z,01M1HPA154BP985TBAEA8N74S5,1788376810415
01M1HPWDTP3PFP3ZPS6M8HEFD7,01M1HNZK6DPR4P92Y2T8F5XDRV,7,1,1788375776430,TRUE,2026-09-02T19:03:15Z,2026-09-02T19:03:53Z,01M1HPC7HN0GDEKJYZCJ22C0TN,1788375802230
01M1HPWDTP3PFP3ZPS6M8HEFD7,01M1HNZK6DPR4P92Y2T8F5XDRV,7,1,1788375776430,TRUE,2026-09-02T19:03:15Z,2026-09-02T19:03:53Z,01M1HPDTQ6DQF1KFQDNT7DPSJD,1788375738391
01M1HQ8PQG6ADPXBP0CW3ZRPFC,01M1HNZK6GZFFJ98G9C97SZE0A,30,3,NA,NA,NA,2026-09-02T18:49:26Z,NA,NA
01M1HPKAZFZNVW8WA7VPYAKREQ,01M1HNZFMBG6JCPAHH8MQHWYV4,39,4,1788375598039,TRUE,2026-09-02T18:59:50Z,2026-09-02T18:59:57Z,01M1HP9SA626S2K4ZTXAJ11MCC,1788375591775
01M1HPKAZFZNVW8WA7VPYAKREQ,01M1HNZFMBG6JCPAHH8MQHWYV4,39,4,1788375598039,TRUE,2026-09-02T18:59:50Z,2026-09-02T18:59:57Z,01M1HP97WG9TE403VJRZNNM0DT,1788375590654
01M1HPVYE1P8ADR9V8EWCCV3MA,01M1HNZ66BCC5C4CZAZZWHY7T3,13,2,1788375582255,TRUE,2026-09-02T18:59:17Z,2026-09-02T18:59:40Z,01M1HP9VFD4XR4JMG6Y4DWDHD7,1788375557210
01M1HPVYE1P8ADR9V8EWCCV3MA,01M1HNZ66BCC5C4CZAZZWHY7T3,13,2,1788375582255,TRUE,2026-09-02T18:59:17Z,2026-09-02T18:59:40Z,01M1HPA154BP985TBAEA8N74S5,1788375558890
01M1HQ3M16BBBCZCM8E2DMH00R,01M1HNZ7HJEQPEYJ9VDNGQFHBJ,32,3,1788376839106,FALSE,2026-09-02T19:20:18Z,2026-09-02T19:20:39Z,01M1HPFBMJRGKDJM0Z3BW7QWTC,1788376819311
01M1HQ3M16BBBCZCM8E2DMH00R,01M1HNZ7HJEQPEYJ9VDNGQFHBJ,32,3,1788376839106,FALSE,2026-09-02T19:20:18Z,2026-09-02T19:20:39Z,01M1HPGH2ANZEVSJ1JAX6F81R8,1788376821198
01M1HPH1CFCR7Z81JB7XCSSQN3,01M1HNZK6HB8AMTV47EJ1Q8XDP,0,1,1788374607847,TRUE,2026-09-02T18:42:34Z,2026-09-02T18:43:27Z,01M1HPA9TPVS7WN8P6T2G1W2HR,1788374554666
01M1HPH1CFCR7Z81JB7XCSSQN3,01M1HNZK6HB8AMTV47EJ1Q8XDP,0,1,1788374607847,TRUE,2026-09-02T18:42:34Z,2026-09-02T18:43:27Z,01M1HPC3N3BVQ1SZRGJQGY5ZS5,1788374554130
01M1HPGHRV48K3NHBM8AMPDNHQ,01M1HNZFMDENM6D0TD5PFJYWRC,27,3,1788375381657,TRUE,2026-09-02T18:56:12Z,2026-09-02T18:56:21Z,01M1HP98VHD99F2PCDA37RKBQ7,1788375375571
01M1HPGHRV48K3NHBM8AMPDNHQ,01M1HNZFMDENM6D0TD5PFJYWRC,27,3,1788375381657,TRUE,2026-09-02T18:56:12Z,2026-09-02T18:56:21Z,01M1HP9FMWGKKR4F1ZX039Z0A2,1788375372793
01M1HPH1H7APFNK34N80Q2A7YC,01M1HNZK6HB8AMTV47EJ1Q8XDP,43,4,1788375880927,TRUE,2026-09-02T19:04:31Z,2026-09-02T19:04:41Z,01M1HPC3N3BVQ1SZRGJQGY5ZS5,1788375871032
01M1HPH1H7APFNK34N80Q2A7YC,01M1HNZK6HB8AMTV47EJ1Q8XDP,43,4,1788375880927,TRUE,2026-09-02T19:04:31Z,2026-09-02T19:04:41Z,01M1HPA9TPVS7WN8P6T2G1W2HR,1788375871525
01M1HQ0CKKX1A0MDGMBQ59HGJ1,01M1HNZ6677RWDEVPFK38R4HBH,26,3,1788376227175,TRUE,2026-09-02T19:10:14Z,2026-09-02T19:10:29Z,01M1HPRFFS08JGYEYQ2663GBG4,1788376212902
01M1HQ0CKKX1A0MDGMBQ59HGJ1,01M1HNZ6677RWDEVPFK38R4HBH,26,3,1788376227175,TRUE,2026-09-02T19:10:14Z,2026-09-02T19:10:29Z,01M1HPHKT60J7WMHXSWM7ZMT2Z,1788376214541
01M1HQ8PP0MC0T6E79JXCJ3RB5,01M1HNZK6GZFFJ98G9C97SZE0A,32,3,NA,NA,NA,2026-09-02T18:49:26Z,NA,NA
01M1HPGHP386X9F2RTVW2GGPQT,01M1HNZFMDENM6D0TD5PFJYWRC,43,4,1788375718683,FALSE,2026-09-02T19:01:38Z,2026-09-02T19:01:58Z,01M1HP98VHD99F2PCDA37RKBQ7,1788375701382
01M1HPGHP386X9F2RTVW2GGPQT,01M1HNZFMDENM6D0TD5PFJYWRC,43,4,1788375718683,FALSE,2026-09-02T19:01:38Z,2026-09-02T19:01:58Z,01M1HP9FMWGKKR4F1ZX039Z0A2,1788375698613
01M1HPH1GPSYEXYA84A1TS1N29,01M1HNZK6HB8AMTV47EJ1Q8XDP,33,3,1788375661577,TRUE,2026-09-02T19:00:21Z,2026-09-02T19:01:02Z,01M1HPC3N3BVQ1SZRGJQGY5ZS5,1788375621595
01M1HPH1GPSYEXYA84A1TS1N29,01M1HNZK6HB8AMTV47EJ1Q8XDP,33,3,1788375661577,TRUE,2026-09-02T19:00:21Z,2026-09-02T19:01:02Z,01M1HPA9TPVS7WN8P6T2G1W2HR,1788375622185
01M1HPM5KAQJG9BHDBZQ9A7ZRH,01M1HNZFMHJVBG3FH9MYVSDQDF,43,4,1788376948964,TRUE,2026-09-02T19:21:51Z,2026-09-02T19:22:28Z,01M1HP8XSEJHDCXHQNYH7CK7F6,1788376943506
01M1HPM5KAQJG9BHDBZQ9A7ZRH,01M1HNZFMHJVBG3FH9MYVSDQDF,43,4,1788376948964,TRUE,2026-09-02T19:21:51Z,2026-09-02T19:22:28Z,01M1HP9ADQT2DX2ZE8GFRT1BS4,1788376912167
01M1HQ3M4CQCV5HTF6HABQW3TA,01M1HNZ7HJEQPEYJ9VDNGQFHBJ,44,4,1788377372510,TRUE,2026-09-02T19:29:19Z,2026-09-02T19:29:33Z,01M1HPFBMJRGKDJM0Z3BW7QWTC,1788377359884
01M1HQ3M4CQCV5HTF6HABQW3TA,01M1HNZ7HJEQPEYJ9VDNGQFHBJ,44,4,1788377372510,TRUE,2026-09-02T19:29:19Z,2026-09-02T19:29:33Z,01M1HPGH2ANZEVSJ1JAX6F81R8,1788377361882
01M1HQ8PE08RHSRN4BZW440BZP,01M1HNZK6GZFFJ98G9C97SZE0A,5,1,NA,NA,NA,2026-09-02T18:49:25Z,NA,NA
01M1HPH1F19PYPV3A2K56VFYZK,01M1HNZK6HB8AMTV47EJ1Q8XDP,13,2,1788375054048,TRUE,2026-09-02T18:50:43Z,2026-09-02T18:50:54Z,01M1HPC3N3BVQ1SZRGJQGY5ZS5,1788375043231
01M1HPH1F19PYPV3A2K56VFYZK,01M1HNZK6HB8AMTV47EJ1Q8XDP,13,2,1788375054048,TRUE,2026-09-02T18:50:43Z,2026-09-02T18:50:54Z,01M1HPA9TPVS7WN8P6T2G1W2HR,1788375043584
01M1HQ0CDAGB2QV80Z3GCC70PC,01M1HNZ6677RWDEVPFK38R4HBH,0,1,1788375464663,FALSE,2026-09-02T18:57:25Z,2026-09-02T18:57:46Z,01M1HPHKT60J7WMHXSWM7ZMT2Z,1788375445488
01M1HQ0CDAGB2QV80Z3GCC70PC,01M1HNZ6677RWDEVPFK38R4HBH,0,1,1788375464663,FALSE,2026-09-02T18:57:25Z,2026-09-02T18:57:46Z,01M1HPRFFS08JGYEYQ2663GBG4,1788375443864
01M1HQ0CFP9SMQ3NXPQCNGTQFE,01M1HNZ6677RWDEVPFK38R4HBH,33,3,1788376414471,TRUE,2026-09-02T19:13:16Z,2026-09-02T19:13:35Z,01M1HPRFFS08JGYEYQ2663GBG4,1788376394786
01M1HQ0CFP9SMQ3NXPQCNGTQFE,01M1HNZ6677RWDEVPFK38R4HBH,33,3,1788376414471,TRUE,2026-09-02T19:13:16Z,2026-09-02T19:13:35Z,01M1HPHKT60J7WMHXSWM7ZMT2Z,1788376396125
01M1HQ0CNPECP9YT1SSAJ10P9Z,01M1HNZ6677RWDEVPFK38R4HBH,47,4,1788376675523,TRUE,2026-09-02T19:17:32Z,2026-09-02T19:17:56Z,01M1HPRFFS08JGYEYQ2663GBG4,1788376651314
01M1HQ0CNPECP9YT1SSAJ10P9Z,01M1HNZ6677RWDEVPFK38R4HBH,47,4,1788376675523,TRUE,2026-09-02T19:17:32Z,2026-09-02T19:17:56Z,01M1HPHKT60J7WMHXSWM7ZMT2Z,1788376652674
01M1HPWDSADW0PAEQFNG2NSV0Y,01M1HNZK6DPR4P92Y2T8F5XDRV,15,2,1788376122990,TRUE,2026-09-02T19:09:15Z,2026-09-02T19:09:39Z,01M1HPDTQ6DQF1KFQDNT7DPSJD,1788376098392
01M1HPWDSADW0PAEQFNG2NSV0Y,01M1HNZK6DPR4P92Y2T8F5XDRV,15,2,1788376122990,TRUE,2026-09-02T19:09:15Z,2026-09-02T19:09:39Z,01M1HPC7HN0GDEKJYZCJ22C0TN,1788376157114
01M1HPWDM1R5H3CEKNSTFGSA86,01M1HNZK6DPR4P92Y2T8F5XDRV,33,3,1788376725668,TRUE,2026-09-02T19:19:27Z,2026-09-02T19:19:42Z,01M1HPC7HN0GDEKJYZCJ22C0TN,1788376768639
01M1HPWDM1R5H3CEKNSTFGSA86,01M1HNZK6DPR4P92Y2T8F5XDRV,33,3,1788376725668,TRUE,2026-09-02T19:19:27Z,2026-09-02T19:19:42Z,01M1HPDTQ6DQF1KFQDNT7DPSJD,1788376710642
01M1HQ0CQ4VERSFX4PQZR81WKZ,01M1HNZ6677RWDEVPFK38R4HBH,39,4,1788376527959,TRUE,2026-09-02T19:15:09Z,2026-09-02T19:15:29Z,01M1HPRFFS08JGYEYQ2663GBG4,1788376508700
01M1HQ0CQ4VERSFX4PQZR81WKZ,01M1HNZ6677RWDEVPFK38R4HBH,39,4,1788376527959,TRUE,2026-09-02T19:15:09Z,2026-09-02T19:15:29Z,01M1HPHKT60J7WMHXSWM7ZMT2Z,1788376510132
01M1HPKAWFE8ZC6M044715CZ3J,01M1HNZFMBG6JCPAHH8MQHWYV4,11,1,1788375184961,TRUE,2026-09-02T18:52:56Z,2026-09-02T18:53:04Z,01M1HP97WG9TE403VJRZNNM0DT,1788375175955
01M1HPKAWFE8ZC6M044715CZ3J,01M1HNZFMBG6JCPAHH8MQHWYV4,11,1,1788375184961,TRUE,2026-09-02T18:52:56Z,2026-09-02T18:53:04Z,01M1HP9SA626S2K4ZTXAJ11MCC,1788375176863
01M1HPH1EZEAG8J3P0SNG6AEBW,01M1HNZK6HB8AMTV47EJ1Q8XDP,14,2,1788375068729,TRUE,2026-09-02T18:50:57Z,2026-09-02T18:51:08Z,01M1HPC3N3BVQ1SZRGJQGY5ZS5,1788375057653
01M1HPH1EZEAG8J3P0SNG6AEBW,01M1HNZK6HB8AMTV47EJ1Q8XDP,14,2,1788375068729,TRUE,2026-09-02T18:50:57Z,2026-09-02T18:51:08Z,01M1HPA9TPVS7WN8P6T2G1W2HR,1788375058107
01M1HPKAX5V834994J65JCQKX3,01M1HNZFMBG6JCPAHH8MQHWYV4,18,2,1788375315138,TRUE,2026-09-02T18:55:05Z,2026-09-02T18:55:15Z,01M1HP97WG9TE403VJRZNNM0DT,1788375305640
01M1HPKAX5V834994J65JCQKX3,01M1HNZFMBG6JCPAHH8MQHWYV4,18,2,1788375315138,TRUE,2026-09-02T18:55:05Z,2026-09-02T18:55:15Z,01M1HP9SA626S2K4ZTXAJ11MCC,1788375306499
01M1HQ0CQFYQTCXANJ5WGA7D6S,01M1HNZ6677RWDEVPFK38R4HBH,38,4,1788376505211,TRUE,2026-09-02T19:14:54Z,2026-09-02T19:15:06Z,01M1HPHKT60J7WMHXSWM7ZMT2Z,1788376494480
01M1HQ0CQFYQTCXANJ5WGA7D6S,01M1HNZ6677RWDEVPFK38R4HBH,38,4,1788376505211,TRUE,2026-09-02T19:14:54Z,2026-09-02T19:15:06Z,01M1HPRFFS08JGYEYQ2663GBG4,1788376493062
01M1HPH1EGZBDNQJ80EBZ0NN19,01M1HNZK6HB8AMTV47EJ1Q8XDP,8,1,1788374910721,TRUE,2026-09-02T18:47:51Z,2026-09-02T18:48:30Z,01M1HPA9TPVS7WN8P6T2G1W2HR,1788374872148
01M1HPH1EGZBDNQJ80EBZ0NN19,01M1HNZK6HB8AMTV47EJ1Q8XDP,8,1,1788374910721,TRUE,2026-09-02T18:47:51Z,2026-09-02T18:48:30Z,01M1HPC3N3BVQ1SZRGJQGY5ZS5,1788374871494
01M1HPH1FKRATGPMETZX70ZXJM,01M1HNZK6HB8AMTV47EJ1Q8XDP,22,2,1788375328758,TRUE,2026-09-02T18:55:02Z,2026-09-02T18:55:28Z,01M1HPA9TPVS7WN8P6T2G1W2HR,1788375303242
01M1HPH1FKRATGPMETZX70ZXJM,01M1HNZK6HB8AMTV47EJ1Q8XDP,22,2,1788375328758,TRUE,2026-09-02T18:55:02Z,2026-09-02T18:55:28Z,01M1HPC3N3BVQ1SZRGJQGY5ZS5,1788375302626
01M1HQ8PGSWG3WJ5A45W6V1CDP,01M1HNZK6GZFFJ98G9C97SZE0A,23,2,NA,NA,NA,2026-09-02T18:49:25Z,NA,NA
01M1HPGHMHKXTDH5X794HPWDW0,01M1HNZFMDENM6D0TD5PFJYWRC,46,4,1788375781951,TRUE,2026-09-02T19:02:34Z,2026-09-02T19:02:59Z,01M1HP98VHD99F2PCDA37RKBQ7,1788375757654
01M1HPGHMHKXTDH5X794HPWDW0,01M1HNZFMDENM6D0TD5PFJYWRC,46,4,1788375781951,TRUE,2026-09-02T19:02:34Z,2026-09-02T19:02:59Z,01M1HP9FMWGKKR4F1ZX039Z0A2,1788375754960
01M1HQ0CJ4SE0RNBBXCMVPSJ13,01M1HNZ6677RWDEVPFK38R4HBH,8,1,1788375738769,FALSE,2026-09-02T19:01:43Z,2026-09-02T19:02:20Z,01M1HPHKT60J7WMHXSWM7ZMT2Z,1788375703484
01M1HQ0CJ4SE0RNBBXCMVPSJ13,01M1HNZ6677RWDEVPFK38R4HBH,8,1,1788375738769,FALSE,2026-09-02T19:01:43Z,2026-09-02T19:02:20Z,01M1HPRFFS08JGYEYQ2663GBG4,1788375702169
01M1HPM5KVB9T1GX87347CY2RX,01M1HNZFMHJVBG3FH9MYVSDQDF,18,2,1788375981438,TRUE,2026-09-02T19:05:06Z,2026-09-02T19:05:50Z,01M1HP8XSEJHDCXHQNYH7CK7F6,1788375937514
01M1HPM5KVB9T1GX87347CY2RX,01M1HNZFMHJVBG3FH9MYVSDQDF,18,2,1788375981438,TRUE,2026-09-02T19:05:06Z,2026-09-02T19:05:50Z,01M1HP9ADQT2DX2ZE8GFRT1BS4,1788375906243
01M1HPM5H49GANGBC2ABQ00BPJ,01M1HNZFMHJVBG3FH9MYVSDQDF,1,1,1788375138811,FALSE,2026-09-02T18:51:55Z,2026-09-02T18:52:18Z,01M1HP8XSEJHDCXHQNYH7CK7F6,1788375146652
01M1HPM5H49GANGBC2ABQ00BPJ,01M1HNZFMHJVBG3FH9MYVSDQDF,1,1,1788375138811,FALSE,2026-09-02T18:51:55Z,2026-09-02T18:52:18Z,01M1HP9ADQT2DX2ZE8GFRT1BS4,1788375115343
01M1HPWDTSRKHXX75Y8XVQW9Y2,01M1HNZK6DPR4P92Y2T8F5XDRV,6,1,1788375792169,TRUE,2026-09-02T19:02:21Z,2026-09-02T19:03:11Z,01M1HPC7HN0GDEKJYZCJ22C0TN,1788375743193
01M1HPWDTSRKHXX75Y8XVQW9Y2,01M1HNZK6DPR4P92Y2T8F5XDRV,6,1,1788375792169,TRUE,2026-09-02T19:02:21Z,2026-09-02T19:03:11Z,01M1HPDTQ6DQF1KFQDNT7DPSJD,1788375684782
01M1HQ0CGN7QBFYYKFT03NW82W,01M1HNZ6677RWDEVPFK38R4HBH,3,1,1788375572526,TRUE,2026-09-02T18:58:54Z,2026-09-02T18:59:33Z,01M1HPRFFS08JGYEYQ2663GBG4,1788375533024
01M1HQ0CGN7QBFYYKFT03NW82W,01M1HNZ6677RWDEVPFK38R4HBH,3,1,1788375572526,TRUE,2026-09-02T18:58:54Z,2026-09-02T18:59:33Z,01M1HPHKT60J7WMHXSWM7ZMT2Z,1788375534575
01M1HPGHQW5VF9VY1ZGH9E2AHJ,01M1HNZFMDENM6D0TD5PFJYWRC,41,4,1788375681669,TRUE,2026-09-02T19:01:09Z,2026-09-02T19:01:21Z,01M1HP98VHD99F2PCDA37RKBQ7,1788375672250
01M1HPGHQW5VF9VY1ZGH9E2AHJ,01M1HNZFMDENM6D0TD5PFJYWRC,41,4,1788375681669,TRUE,2026-09-02T19:01:09Z,2026-09-02T19:01:21Z,01M1HP9FMWGKKR4F1ZX039Z0A2,1788375669560
01M1HPM5RMNF0RY6JY25XZYWCB,01M1HNZFMHJVBG3FH9MYVSDQDF,40,4,1788376877042,TRUE,2026-09-02T19:20:02Z,2026-09-02T19:20:45Z,01M1HP8XSEJHDCXHQNYH7CK7F6,1788376834103
01M1HPM5RMNF0RY6JY25XZYWCB,01M1HNZFMHJVBG3FH9MYVSDQDF,40,4,1788376877042,TRUE,2026-09-02T19:20:02Z,2026-09-02T19:20:45Z,01M1HP9ADQT2DX2ZE8GFRT1BS4,1788376802918
01M1HPWDNB9EC14CNSEBBCEABP,01M1HNZK6DPR4P92Y2T8F5XDRV,23,2,1788376392387,TRUE,2026-09-02T19:13:33Z,2026-09-02T19:14:09Z,01M1HPDTQ6DQF1KFQDNT7DPSJD,1788376356662
01M1HPWDNB9EC14CNSEBBCEABP,01M1HNZK6DPR4P92Y2T8F5XDRV,23,2,1788376392387,TRUE,2026-09-02T19:13:33Z,2026-09-02T19:14:09Z,01M1HPC7HN0GDEKJYZCJ22C0TN,1788376414907
01M1HPGHQQ6KTWZZG2CK4CNKJQ,01M1HNZFMDENM6D0TD5PFJYWRC,36,4,1788375595889,TRUE,2026-09-02T18:59:33Z,2026-09-02T18:59:53Z,01M1HP9FMWGKKR4F1ZX039Z0A2,1788375573508
01M1HPGHQQ6KTWZZG2CK4CNKJQ,01M1HNZFMDENM6D0TD5PFJYWRC,36,4,1788375595889,TRUE,2026-09-02T18:59:33Z,2026-09-02T18:59:53Z,01M1HP98VHD99F2PCDA37RKBQ7,1788375576270
01M1HPVYFX8ZBGYF9BRS9RA3PN,01M1HNZ66BCC5C4CZAZZWHY7T3,20,2,1788375898450,TRUE,2026-09-02T19:04:03Z,2026-09-02T19:04:58Z,01M1HP9VFD4XR4JMG6Y4DWDHD7,1788375843364
01M1HPVYFX8ZBGYF9BRS9RA3PN,01M1HNZ66BCC5C4CZAZZWHY7T3,20,2,1788375898450,TRUE,2026-09-02T19:04:03Z,2026-09-02T19:04:58Z,01M1HPA154BP985TBAEA8N74S5,1788375845114
01M1HPH1HRXS7DRG1D98J8F838,01M1HNZK6HB8AMTV47EJ1Q8XDP,46,4,1788375975824,TRUE,2026-09-02T19:05:32Z,2026-09-02T19:06:15Z,01M1HPC3N3BVQ1SZRGJQGY5ZS5,1788375932486
01M1HPH1HRXS7DRG1D98J8F838,01M1HNZK6HB8AMTV47EJ1Q8XDP,46,4,1788375975824,TRUE,2026-09-02T19:05:32Z,2026-09-02T19:06:15Z,01M1HPA9TPVS7WN8P6T2G1W2HR,1788375932660
01M1HPH1H5XZX5CNRDZ1MSN5PS,01M1HNZK6HB8AMTV47EJ1Q8XDP,42,4,1788375868052,TRUE,2026-09-02T19:04:16Z,2026-09-02T19:04:27Z,01M1HPA9TPVS7WN8P6T2G1W2HR,1788375856342
01M1HPH1H5XZX5CNRDZ1MSN5PS,01M1HNZK6HB8AMTV47EJ1Q8XDP,42,4,1788375868052,TRUE,2026-09-02T19:04:16Z,2026-09-02T19:04:27Z,01M1HPC3N3BVQ1SZRGJQGY5ZS5,1788375855763
01M1HPM5KZAMPSHN18PW5EC275,01M1HNZFMHJVBG3FH9MYVSDQDF,19,2,1788375975524,TRUE,2026-09-02T19:05:53Z,2026-09-02T19:06:15Z,01M1HP9ADQT2DX2ZE8GFRT1BS4,1788375953714
01M1HPM5KZAMPSHN18PW5EC275,01M1HNZFMHJVBG3FH9MYVSDQDF,19,2,1788375975524,TRUE,2026-09-02T19:05:53Z,2026-09-02T19:06:15Z,01M1HP8XSEJHDCXHQNYH7CK7F6,1788375984960
01M1HPVYHHCQKZSRNDR1VZ0KN2,01M1HNZ66BCC5C4CZAZZWHY7T3,27,3,1788376157485,FALSE,2026-09-02T19:08:38Z,2026-09-02T19:09:16Z,01M1HP9VFD4XR4JMG6Y4DWDHD7,1788376121472
01M1HPVYHHCQKZSRNDR1VZ0KN2,01M1HNZ66BCC5C4CZAZZWHY7T3,27,3,1788376157485,FALSE,2026-09-02T19:08:38Z,2026-09-02T19:09:16Z,01M1HPA154BP985TBAEA8N74S5,1788376120148
01M1HPWDWRWXSARRPW7M1QDHAY,01M1HNZK6DPR4P92Y2T8F5XDRV,44,4,1788377018403,TRUE,2026-09-02T19:23:23Z,2026-09-02T19:23:37Z,01M1HPC7HN0GDEKJYZCJ22C0TN,1788377005319
01M1HPWDWRWXSARRPW7M1QDHAY,01M1HNZK6DPR4P92Y2T8F5XDRV,44,4,1788377018403,TRUE,2026-09-02T19:23:23Z,2026-09-02T19:23:37Z,01M1HPDTQ6DQF1KFQDNT7DPSJD,1788376947121
01M1HQ0CF40PW2GCDF1MCAG14W,01M1HNZ6677RWDEVPFK38R4HBH,5,1,1788375637349,TRUE,2026-09-02T19:00:03Z,2026-09-02T19:00:38Z,01M1HPRFFS08JGYEYQ2663GBG4,1788375602243
01M1HQ0CF40PW2GCDF1MCAG14W,01M1HNZ6677RWDEVPFK38R4HBH,5,1,1788375637349,TRUE,2026-09-02T19:00:03Z,2026-09-02T19:00:38Z,01M1HPHKT60J7WMHXSWM7ZMT2Z,1788375603891
01M1HQ0CM6TFQY08V9W8KHC0Y6,01M1HNZ6677RWDEVPFK38R4HBH,18,2,1788376020866,TRUE,2026-09-02T19:06:47Z,2026-09-02T19:07:02Z,01M1HPRFFS08JGYEYQ2663GBG4,1788376005956
01M1HQ0CM6TFQY08V9W8KHC0Y6,01M1HNZ6677RWDEVPFK38R4HBH,18,2,1788376020866,TRUE,2026-09-02T19:06:47Z,2026-09-02T19:07:02Z,01M1HPHKT60J7WMHXSWM7ZMT2Z,1788376007961
01M1HPH1F5SRR5QD6PV3TVQX54,01M1HNZK6HB8AMTV47EJ1Q8XDP,18,2,1788375178845,TRUE,2026-09-02T18:52:22Z,2026-09-02T18:52:58Z,01M1HPC3N3BVQ1SZRGJQGY5ZS5,1788375142007
01M1HPH1F5SRR5QD6PV3TVQX54,01M1HNZK6HB8AMTV47EJ1Q8XDP,18,2,1788375178845,TRUE,2026-09-02T18:52:22Z,2026-09-02T18:52:58Z,01M1HPA9TPVS7WN8P6T2G1W2HR,1788375142587
01M1HQ8PK476S14HN6NZ3BMAKD,01M1HNZK6GZFFJ98G9C97SZE0A,37,4,NA,NA,NA,2026-09-02T18:49:26Z,NA,NA
01M1HPVYJJXAGHAJQG35AZJ3MQ,01M1HNZ66BCC5C4CZAZZWHY7T3,40,4,1788376649075,TRUE,2026-09-02T19:16:54Z,2026-09-02T19:17:29Z,01M1HP9VFD4XR4JMG6Y4DWDHD7,1788376614341
01M1HPVYJJXAGHAJQG35AZJ3MQ,01M1HNZ66BCC5C4CZAZZWHY7T3,40,4,1788376649075,TRUE,2026-09-02T19:16:54Z,2026-09-02T19:17:29Z,01M1HPA154BP985TBAEA8N74S5,1788376616011
01M1HPKAW0BD4BA55RGVADFABA,01M1HNZFMBG6JCPAHH8MQHWYV4,0,1,1788374899199,TRUE,2026-09-02T18:47:38Z,2026-09-02T18:48:19Z,01M1HP97WG9TE403VJRZNNM0DT,1788374858399
01M1HPKAW0BD4BA55RGVADFABA,01M1HNZFMBG6JCPAHH8MQHWYV4,0,1,1788374899199,TRUE,2026-09-02T18:47:38Z,2026-09-02T18:48:19Z,01M1HP9SA626S2K4ZTXAJ11MCC,1788374859480
01M1HPKAWZ2FZZMG432SHX4MFE,01M1HNZFMBG6JCPAHH8MQHWYV4,24,3,1788375404025,TRUE,2026-09-02T18:56:32Z,2026-09-02T18:56:44Z,01M1HP97WG9TE403VJRZNNM0DT,1788375392154
01M1HPKAWZ2FZZMG432SHX4MFE,01M1HNZFMBG6JCPAHH8MQHWYV4,24,3,1788375404025,TRUE,2026-09-02T18:56:32Z,2026-09-02T18:56:44Z,01M1HP9SA626S2K4ZTXAJ11MCC,1788375393110
01M1HPGHQS4G7ZSHMN10NGM2H5,01M1HNZFMDENM6D0TD5PFJYWRC,35,3,1788375570108,TRUE,2026-09-02T18:59:11Z,2026-09-02T18:59:30Z,01M1HP9FMWGKKR4F1ZX039Z0A2,1788375551995
01M1HPGHQS4G7ZSHMN10NGM2H5,01M1HNZFMDENM6D0TD5PFJYWRC,35,3,1788375570108,TRUE,2026-09-02T18:59:11Z,2026-09-02T18:59:30Z,01M1HP98VHD99F2PCDA37RKBQ7,1788375554775
01M1HPH1F3Q1WV81A431J86HJ6,01M1HNZK6HB8AMTV47EJ1Q8XDP,17,2,1788375138262,TRUE,2026-09-02T18:51:56Z,2026-09-02T18:52:18Z,01M1HPA9TPVS7WN8P6T2G1W2HR,1788375116817
01M1HPH1F3Q1WV81A431J86HJ6,01M1HNZK6HB8AMTV47EJ1Q8XDP,17,2,1788375138262,TRUE,2026-09-02T18:51:56Z,2026-09-02T18:52:18Z,01M1HPC3N3BVQ1SZRGJQGY5ZS5,1788375116348
01M1HPH1G7890PDE1V8KMPFAJR,01M1HNZK6HB8AMTV47EJ1Q8XDP,26,3,1788375465539,TRUE,2026-09-02T18:57:18Z,2026-09-02T18:57:45Z,01M1HPA9TPVS7WN8P6T2G1W2HR,1788375438391
01M1HPH1G7890PDE1V8KMPFAJR,01M1HNZK6HB8AMTV47EJ1Q8XDP,26,3,1788375465539,TRUE,2026-09-02T18:57:18Z,2026-09-02T18:57:45Z,01M1HPC3N3BVQ1SZRGJQGY5ZS5,1788375437819
01M1HPKAX8HPJTJSNV4Q3YTB61,01M1HNZFMBG6JCPAHH8MQHWYV4,45,4,1788375668135,TRUE,2026-09-02T19:01:00Z,2026-09-02T19:01:07Z,01M1HP97WG9TE403VJRZNNM0DT,1788375660660
01M1HPKAX8HPJTJSNV4Q3YTB61,01M1HNZFMBG6JCPAHH8MQHWYV4,45,4,1788375668135,TRUE,2026-09-02T19:01:00Z,2026-09-02T19:01:07Z,01M1HP9SA626S2K4ZTXAJ11MCC,1788375661613
01M1HPGHKKTRP52W599RDTA7FR,01M1HNZFMDENM6D0TD5PFJYWRC,5,1,1788374773296,TRUE,2026-09-02T18:45:48Z,2026-09-02T18:46:13Z,01M1HP9FMWGKKR4F1ZX039Z0A2,1788374748261
01M1HPGHKKTRP52W599RDTA7FR,01M1HNZFMDENM6D0TD5PFJYWRC,5,1,1788374773296,TRUE,2026-09-02T18:45:48Z,2026-09-02T18:46:13Z,01M1HP98VHD99F2PCDA37RKBQ7,1788374750902
01M1HPGHRN9YNADN27V18PHS41,01M1HNZFMDENM6D0TD5PFJYWRC,30,3,1788375450043,TRUE,2026-09-02T18:57:12Z,2026-09-02T18:57:27Z,01M1HP98VHD99F2PCDA37RKBQ7,1788375434865
01M1HPGHRN9YNADN27V18PHS41,01M1HNZFMDENM6D0TD5PFJYWRC,30,3,1788375450043,TRUE,2026-09-02T18:57:12Z,2026-09-02T18:57:27Z,01M1HP9FMWGKKR4F1ZX039Z0A2,1788375432088
01M1HPGHM0A4GXJFRF53SF1F8V,01M1HNZFMDENM6D0TD5PFJYWRC,15,2,1788375102806,TRUE,2026-09-02T18:51:24Z,2026-09-02T18:51:42Z,01M1HP98VHD99F2PCDA37RKBQ7,1788375087707
01M1HPGHM0A4GXJFRF53SF1F8V,01M1HNZFMDENM6D0TD5PFJYWRC,15,2,1788375102806,TRUE,2026-09-02T18:51:24Z,2026-09-02T18:51:42Z,01M1HP9FMWGKKR4F1ZX039Z0A2,1788375084928
01M1HPVYFS8SEJ4KGJ50CPY4V3,01M1HNZ66BCC5C4CZAZZWHY7T3,11,1,1788375500233,TRUE,2026-09-02T18:57:26Z,2026-09-02T18:58:18Z,01M1HPA154BP985TBAEA8N74S5,1788375447790
01M1HPVYFS8SEJ4KGJ50CPY4V3,01M1HNZ66BCC5C4CZAZZWHY7T3,11,1,1788375500233,TRUE,2026-09-02T18:57:26Z,2026-09-02T18:58:18Z,01M1HP9VFD4XR4JMG6Y4DWDHD7,1788375446081
01M1HPVYE0W9GV86QQGACT5JQ9,01M1HNZ66BCC5C4CZAZZWHY7T3,18,2,1788375807356,TRUE,2026-09-02T19:02:36Z,2026-09-02T19:03:27Z,01M1HPA154BP985TBAEA8N74S5,1788375757828
01M1HPVYE0W9GV86QQGACT5JQ9,01M1HNZ66BCC5C4CZAZZWHY7T3,18,2,1788375807356,TRUE,2026-09-02T19:02:36Z,2026-09-02T19:03:27Z,01M1HP9VFD4XR4JMG6Y4DWDHD7,1788375756135
01M1HPH1D00ND7PDQH0JV3RFHH,01M1HNZK6HB8AMTV47EJ1Q8XDP,3,1,1788374718946,TRUE,2026-09-02T18:44:40Z,2026-09-02T18:45:19Z,01M1HPC3N3BVQ1SZRGJQGY5ZS5,1788374680703
01M1HPH1D00ND7PDQH0JV3RFHH,01M1HNZK6HB8AMTV47EJ1Q8XDP,3,1,1788374718946,TRUE,2026-09-02T18:44:40Z,2026-09-02T18:45:19Z,01M1HPA9TPVS7WN8P6T2G1W2HR,1788374681314
01M1HPM5MKW68Q8QFCZC169RT0,01M1HNZFMHJVBG3FH9MYVSDQDF,28,3,1788376385011,TRUE,2026-09-02T19:11:38Z,2026-09-02T19:12:33Z,01M1HP8XSEJHDCXHQNYH7CK7F6,1788376329667
01M1HPM5MKW68Q8QFCZC169RT0,01M1HNZFMHJVBG3FH9MYVSDQDF,28,3,1788376385011,TRUE,2026-09-02T19:11:38Z,2026-09-02T19:12:33Z,01M1HP9ADQT2DX2ZE8GFRT1BS4,1788376298397
01M1HPVYGH3GTC785R0K8F93Z3,01M1HNZ66BCC5C4CZAZZWHY7T3,22,2,1788375986019,FALSE,2026-09-02T19:05:39Z,2026-09-02T19:06:26Z,01M1HP9VFD4XR4JMG6Y4DWDHD7,1788375939880
01M1HPVYGH3GTC785R0K8F93Z3,01M1HNZ66BCC5C4CZAZZWHY7T3,22,2,1788375986019,FALSE,2026-09-02T19:05:39Z,2026-09-02T19:06:26Z,01M1HPA154BP985TBAEA8N74S5,1788375941535
01M1HPVYHY3MZ543JT1XTAXCZY,01M1HNZ66BCC5C4CZAZZWHY7T3,33,3,1788376403706,TRUE,2026-09-02T19:12:45Z,2026-09-02T19:13:22Z,01M1HPA154BP985TBAEA8N74S5,1788376367452
01M1HPVYHY3MZ543JT1XTAXCZY,01M1HNZ66BCC5C4CZAZZWHY7T3,33,3,1788376403706,TRUE,2026-09-02T19:12:45Z,2026-09-02T19:13:22Z,01M1HP9VFD4XR4JMG6Y4DWDHD7,1788376365751
01M1HPWDTXRMAGA1EAAZ92R10B,01M1HNZK6DPR4P92Y2T8F5XDRV,5,1,1788375681425,FALSE,2026-09-02T19:01:30Z,2026-09-02T19:02:18Z,01M1HPDTQ6DQF1KFQDNT7DPSJD,1788375633353
01M1HPWDTXRMAGA1EAAZ92R10B,01M1HNZK6DPR4P92Y2T8F5XDRV,5,1,1788375681425,FALSE,2026-09-02T19:01:30Z,2026-09-02T19:02:18Z,01M1HPC7HN0GDEKJYZCJ22C0TN,1788375692116
01M1HQ8PGE76XFV9XH76FRJ0TS,01M1HNZK6GZFFJ98G9C97SZE0A,25,3,NA,NA,NA,2026-09-02T18:49:25Z,NA,NA
01M1HPGHM2EQCSZZZYSB6E4MZV,01M1HNZFMDENM6D0TD5PFJYWRC,11,1,1788374977066,TRUE,2026-09-02T18:48:53Z,2026-09-02T18:49:37Z,01M1HP9FMWGKKR4F1ZX039Z0A2,1788374933403
01M1HPGHM2EQCSZZZYSB6E4MZV,01M1HNZFMDENM6D0TD5PFJYWRC,11,1,1788374977066,TRUE,2026-09-02T18:48:53Z,2026-09-02T18:49:37Z,01M1HP98VHD99F2PCDA37RKBQ7,1788374936102
01M1HPKAX34Y5XM8GZ9HV4KSZF,01M1HNZFMBG6JCPAHH8MQHWYV4,20,2,1788375346302,TRUE,2026-09-02T18:55:33Z,2026-09-02T18:55:46Z,01M1HP9SA626S2K4ZTXAJ11MCC,1788375333933
01M1HPKAX34Y5XM8GZ9HV4KSZF,01M1HNZFMBG6JCPAHH8MQHWYV4,20,2,1788375346302,TRUE,2026-09-02T18:55:33Z,2026-09-02T18:55:46Z,01M1HP97WG9TE403VJRZNNM0DT,1788375332949
01M1HPKAX70JACS86TW2QZM73E,01M1HNZFMBG6JCPAHH8MQHWYV4,46,4,1788375680285,TRUE,2026-09-02T19:01:10Z,2026-09-02T19:01:20Z,01M1HP97WG9TE403VJRZNNM0DT,1788375670651
01M1HPKAX70JACS86TW2QZM73E,01M1HNZFMBG6JCPAHH8MQHWYV4,46,4,1788375680285,TRUE,2026-09-02T19:01:10Z,2026-09-02T19:01:20Z,01M1HP9SA626S2K4ZTXAJ11MCC,1788375671647
01M1HPM5NMGXZ0JSDB4P1QNYAD,01M1HNZFMHJVBG3FH9MYVSDQDF,31,3,1788376474474,TRUE,2026-09-02T19:14:04Z,2026-09-02T19:14:34Z,01M1HP8XSEJHDCXHQNYH7CK7F6,1788376476224
01M1HPM5NMGXZ0JSDB4P1QNYAD,01M1HNZFMHJVBG3FH9MYVSDQDF,31,3,1788376474474,TRUE,2026-09-02T19:14:04Z,2026-09-02T19:14:34Z,01M1HP9ADQT2DX2ZE8GFRT1BS4,1788376444719
01M1HPWDVWM6TT2NK52YDM2PX0,01M1HNZK6DPR4P92Y2T8F5XDRV,36,4,1788376856099,TRUE,2026-09-02T19:20:33Z,2026-09-02T19:20:55Z,01M1HPDTQ6DQF1KFQDNT7DPSJD,1788376776587
01M1HPWDVWM6TT2NK52YDM2PX0,01M1HNZK6DPR4P92Y2T8F5XDRV,36,4,1788376856099,TRUE,2026-09-02T19:20:33Z,2026-09-02T19:20:55Z,01M1HPC7HN0GDEKJYZCJ22C0TN,1788376834698
01M1HQ8PP84QVDB66ER5N88STY,01M1HNZK6GZFFJ98G9C97SZE0A,21,2,NA,NA,NA,2026-09-02T18:49:25Z,NA,NA
01M1HPH1CZHVVX86GN8XE71FZ3,01M1HNZK6HB8AMTV47EJ1Q8XDP,2,1,1788374677892,TRUE,2026-09-02T18:44:08Z,2026-09-02T18:44:37Z,01M1HPA9TPVS7WN8P6T2G1W2HR,1788374648365
01M1HPH1CZHVVX86GN8XE71FZ3,01M1HNZK6HB8AMTV47EJ1Q8XDP,2,1,1788374677892,TRUE,2026-09-02T18:44:08Z,2026-09-02T18:44:37Z,01M1HPC3N3BVQ1SZRGJQGY5ZS5,1788374648247
01M1HPVYE3QR88WP5KF2K8F9B6,01M1HNZ66BCC5C4CZAZZWHY7T3,0,1,NA,FALSE,2026-09-02T18:48:56Z,2026-09-02T18:49:56Z,01M1HPA154BP985TBAEA8N74S5,1788374938233
01M1HPVYE3QR88WP5KF2K8F9B6,01M1HNZ66BCC5C4CZAZZWHY7T3,0,1,NA,FALSE,2026-09-02T18:48:56Z,2026-09-02T18:49:56Z,01M1HP9VFD4XR4JMG6Y4DWDHD7,1788374936515
01M1HPH1E6DKE0FWMXJ7N19EXH,01M1HNZK6HB8AMTV47EJ1Q8XDP,6,1,1788374823999,TRUE,2026-09-02T18:46:36Z,2026-09-02T18:47:03Z,01M1HPA9TPVS7WN8P6T2G1W2HR,1788374796822
01M1HPH1E6DKE0FWMXJ7N19EXH,01M1HNZK6HB8AMTV47EJ1Q8XDP,6,1,1788374823999,TRUE,2026-09-02T18:46:36Z,2026-09-02T18:47:03Z,01M1HPC3N3BVQ1SZRGJQGY5ZS5,1788374796266
01M1HPVYEZWFZCS54KPRN251CW,01M1HNZ66BCC5C4CZAZZWHY7T3,8,1,1788375351761,TRUE,2026-09-02T18:54:59Z,2026-09-02T18:55:51Z,01M1HPA154BP985TBAEA8N74S5,1788375301564
01M1HPVYEZWFZCS54KPRN251CW,01M1HNZ66BCC5C4CZAZZWHY7T3,8,1,1788375351761,TRUE,2026-09-02T18:54:59Z,2026-09-02T18:55:51Z,01M1HP9VFD4XR4JMG6Y4DWDHD7,1788375299875
01M1HQ0CHKWD3MF20Y20RB2RWE,01M1HNZ6677RWDEVPFK38R4HBH,9,1,1788375776645,TRUE,2026-09-02T19:02:23Z,2026-09-02T19:02:58Z,01M1HPRFFS08JGYEYQ2663GBG4,1788375742558
01M1HQ0CHKWD3MF20Y20RB2RWE,01M1HNZ6677RWDEVPFK38R4HBH,9,1,1788375776645,TRUE,2026-09-02T19:02:23Z,2026-09-02T19:02:58Z,01M1HPHKT60J7WMHXSWM7ZMT2Z,1788375743942
01M1HPM5JATEG2PDGS0FMJMP1B,01M1HNZFMHJVBG3FH9MYVSDQDF,47,4,1788377119264,TRUE,2026-09-02T19:24:40Z,2026-09-02T19:25:19Z,01M1HP9ADQT2DX2ZE8GFRT1BS4,1788377081043
01M1HPM5JATEG2PDGS0FMJMP1B,01M1HNZFMHJVBG3FH9MYVSDQDF,47,4,1788377119264,TRUE,2026-09-02T19:24:40Z,2026-09-02T19:25:19Z,01M1HP8XSEJHDCXHQNYH7CK7F6,1788377112350
01M1HPM5M1144MY92YHR7FSZJ1,01M1HNZFMHJVBG3FH9MYVSDQDF,20,2,1788376053843,TRUE,2026-09-02T19:06:18Z,2026-09-02T19:07:02Z,01M1HP8XSEJHDCXHQNYH7CK7F6,1788376010172
01M1HPM5M1144MY92YHR7FSZJ1,01M1HNZFMHJVBG3FH9MYVSDQDF,20,2,1788376053843,TRUE,2026-09-02T19:06:18Z,2026-09-02T19:07:02Z,01M1HP9ADQT2DX2ZE8GFRT1BS4,1788375978908
01M1HQ8PNHYXDVM2JA6BRQGQWE,01M1HNZK6GZFFJ98G9C97SZE0A,11,1,NA,NA,NA,2026-09-02T18:49:25Z,NA,NA
01M1HPKAXZ1K9VMKT30N5AF4ZR,01M1HNZFMBG6JCPAHH8MQHWYV4,44,4,1788375657158,TRUE,2026-09-02T19:00:49Z,2026-09-02T19:00:57Z,01M1HP97WG9TE403VJRZNNM0DT,1788375649571
01M1HPKAXZ1K9VMKT30N5AF4ZR,01M1HNZFMBG6JCPAHH8MQHWYV4,44,4,1788375657158,TRUE,2026-09-02T19:00:49Z,2026-09-02T19:00:57Z,01M1HP9SA626S2K4ZTXAJ11MCC,1788375650551
01M1HPKAZDFJ4G3DE7E0TTDCB5,01M1HNZFMBG6JCPAHH8MQHWYV4,26,3,1788375433042,TRUE,2026-09-02T18:56:59Z,2026-09-02T18:57:13Z,01M1HP9SA626S2K4ZTXAJ11MCC,1788375420666
01M1HPKAZDFJ4G3DE7E0TTDCB5,01M1HNZFMBG6JCPAHH8MQHWYV4,26,3,1788375433042,TRUE,2026-09-02T18:56:59Z,2026-09-02T18:57:13Z,01M1HP97WG9TE403VJRZNNM0DT,1788375419720
01M1HPM5RWHR7FFG1R5R5GQ5DC,01M1HNZFMHJVBG3FH9MYVSDQDF,25,3,1788376213067,TRUE,2026-09-02T19:09:48Z,2026-09-02T19:10:12Z,01M1HP9ADQT2DX2ZE8GFRT1BS4,1788376188781
01M1HPM5RWHR7FFG1R5R5GQ5DC,01M1HNZFMHJVBG3FH9MYVSDQDF,25,3,1788376213067,TRUE,2026-09-02T19:09:48Z,2026-09-02T19:10:12Z,01M1HP8XSEJHDCXHQNYH7CK7F6,1788376220046
01M1HPVYEC9BDBT9Q35M1GKCAM,01M1HNZ66BCC5C4CZAZZWHY7T3,5,1,1788375211374,TRUE,2026-09-02T18:52:57Z,2026-09-02T18:53:29Z,01M1HP9VFD4XR4JMG6Y4DWDHD7,1788375177666
01M1HPVYEC9BDBT9Q35M1GKCAM,01M1HNZ66BCC5C4CZAZZWHY7T3,5,1,1788375211374,TRUE,2026-09-02T18:52:57Z,2026-09-02T18:53:29Z,01M1HPA154BP985TBAEA8N74S5,1788375179343
01M1HQ3M3S42444PKZ9RFADPX2,01M1HNZ7HJEQPEYJ9VDNGQFHBJ,43,4,1788377358364,TRUE,2026-09-02T19:28:24Z,2026-09-02T19:29:16Z,01M1HPGH2ANZEVSJ1JAX6F81R8,1788377306842
01M1HQ3M3S42444PKZ9RFADPX2,01M1HNZ7HJEQPEYJ9VDNGQFHBJ,43,4,1788377358364,TRUE,2026-09-02T19:28:24Z,2026-09-02T19:29:16Z,01M1HPFBMJRGKDJM0Z3BW7QWTC,1788377305931
01M1HPGHQEXRHST73PT2KFMMWE,01M1HNZFMDENM6D0TD5PFJYWRC,17,2,1788375175859,TRUE,2026-09-02T18:52:31Z,2026-09-02T18:52:56Z,01M1HP9FMWGKKR4F1ZX039Z0A2,1788375151290
01M1HPGHQEXRHST73PT2KFMMWE,01M1HNZFMDENM6D0TD5PFJYWRC,17,2,1788375175859,TRUE,2026-09-02T18:52:31Z,2026-09-02T18:52:56Z,01M1HP98VHD99F2PCDA37RKBQ7,1788375154070
01M1HPH1ENK24AZXCTM7QXMFCJ,01M1HNZK6HB8AMTV47EJ1Q8XDP,9,1,1788374950276,TRUE,2026-09-02T18:48:33Z,2026-09-02T18:49:10Z,01M1HPC3N3BVQ1SZRGJQGY5ZS5,1788374913890
01M1HPH1ENK24AZXCTM7QXMFCJ,01M1HNZK6HB8AMTV47EJ1Q8XDP,9,1,1788374950276,TRUE,2026-09-02T18:48:33Z,2026-09-02T18:49:10Z,01M1HPA9TPVS7WN8P6T2G1W2HR,1788374914131
01M1HPWDMSF63W4Q82MPZ6845N,01M1HNZK6DPR4P92Y2T8F5XDRV,26,3,1788376586610,TRUE,2026-09-02T19:15:52Z,2026-09-02T19:16:26Z,01M1HPDTQ6DQF1KFQDNT7DPSJD,1788376495995
01M1HPWDMSF63W4Q82MPZ6845N,01M1HNZK6DPR4P92Y2T8F5XDRV,26,3,1788376586610,TRUE,2026-09-02T19:15:52Z,2026-09-02T19:16:26Z,01M1HPC7HN0GDEKJYZCJ22C0TN,1788376554165
01M1HQ8PDAAAK9D704Y2VEVJRF,01M1HNZK6GZFFJ98G9C97SZE0A,10,1,NA,NA,NA,2026-09-02T18:49:25Z,NA,NA
01M1HPM5R81PQSWJC3690AC29A,01M1HNZFMHJVBG3FH9MYVSDQDF,37,4,1788376726114,TRUE,2026-09-02T19:18:14Z,2026-09-02T19:18:46Z,01M1HP9ADQT2DX2ZE8GFRT1BS4,1788376695034
01M1HPM5R81PQSWJC3690AC29A,01M1HNZFMHJVBG3FH9MYVSDQDF,37,4,1788376726114,TRUE,2026-09-02T19:18:14Z,2026-09-02T19:18:46Z,01M1HP8XSEJHDCXHQNYH7CK7F6,1788376726375
01M1HPVYHK52D9V5JRBM0KPTGN,01M1HNZ66BCC5C4CZAZZWHY7T3,28,3,1788376215411,TRUE,2026-09-02T19:09:19Z,2026-09-02T19:10:15Z,01M1HP9VFD4XR4JMG6Y4DWDHD7,1788376159356
01M1HPVYHK52D9V5JRBM0KPTGN,01M1HNZ66BCC5C4CZAZZWHY7T3,28,3,1788376215411,TRUE,2026-09-02T19:09:19Z,2026-09-02T19:10:15Z,01M1HPA154BP985TBAEA8N74S5,1788376161113
01M1HQ8PJT5JPXNRD123ZWRCPG,01M1HNZK6GZFFJ98G9C97SZE0A,38,4,NA,NA,NA,2026-09-02T18:49:26Z,NA,NA
01M1HPM5RSY13FWBS07YFCKEGG,01M1HNZFMHJVBG3FH9MYVSDQDF,42,4,1788376939833,TRUE,2026-09-02T19:21:24Z,2026-09-02T19:21:48Z,01M1HP9ADQT2DX2ZE8GFRT1BS4,1788376884621
01M1HPM5RSY13FWBS07YFCKEGG,01M1HNZFMHJVBG3FH9MYVSDQDF,42,4,1788376939833,TRUE,2026-09-02T19:21:24Z,2026-09-02T19:21:48Z,01M1HP8XSEJHDCXHQNYH7CK7F6,1788376915938
01M1HQ3KZPMN77R3GM1E0VHB4S,01M1HNZ7HJEQPEYJ9VDNGQFHBJ,25,3,1788376624930,TRUE,2026-09-02T19:16:36Z,2026-09-02T19:17:02Z,01M1HPFBMJRGKDJM0Z3BW7QWTC,1788376596425
01M1HQ3KZPMN77R3GM1E0VHB4S,01M1HNZ7HJEQPEYJ9VDNGQFHBJ,25,3,1788376624930,TRUE,2026-09-02T19:16:36Z,2026-09-02T19:17:02Z,01M1HPGH2ANZEVSJ1JAX6F81R8,1788376598874
01M1HPGHSN4D4MR1NHSH0S0D4A,01M1HNZFMDENM6D0TD5PFJYWRC,38,4,1788375622419,TRUE,2026-09-02T19:00:10Z,2026-09-02T19:00:19Z,01M1HP9FMWGKKR4F1ZX039Z0A2,1788375610710
01M1HPGHSN4D4MR1NHSH0S0D4A,01M1HNZFMDENM6D0TD5PFJYWRC,38,4,1788375622419,TRUE,2026-09-02T19:00:10Z,2026-09-02T19:00:19Z,01M1HP98VHD99F2PCDA37RKBQ7,1788375613487
01M1HPGHRDSR42CHS3148WCS8K,01M1HNZFMDENM6D0TD5PFJYWRC,31,3,1788375475812,TRUE,2026-09-02T18:57:30Z,2026-09-02T18:57:55Z,01M1HP98VHD99F2PCDA37RKBQ7,1788375453391
01M1HPGHRDSR42CHS3148WCS8K,01M1HNZFMDENM6D0TD5PFJYWRC,31,3,1788375475812,TRUE,2026-09-02T18:57:30Z,2026-09-02T18:57:55Z,01M1HP9FMWGKKR4F1ZX039Z0A2,1788375450626
01M1HPH1D2T3F07APJANQZB87M,01M1HNZK6HB8AMTV47EJ1Q8XDP,4,1,1788374752627,TRUE,2026-09-02T18:45:22Z,2026-09-02T18:45:52Z,01M1HPC3N3BVQ1SZRGJQGY5ZS5,1788374722336
01M1HPH1D2T3F07APJANQZB87M,01M1HNZK6HB8AMTV47EJ1Q8XDP,4,1,1788374752627,TRUE,2026-09-02T18:45:22Z,2026-09-02T18:45:52Z,01M1HPA9TPVS7WN8P6T2G1W2HR,1788374722954
01M1HPKAWWGWKVHRYWY16E60NS,01M1HNZFMBG6JCPAHH8MQHWYV4,16,2,1788375291725,TRUE,2026-09-02T18:54:28Z,2026-09-02T18:54:52Z,01M1HP97WG9TE403VJRZNNM0DT,1788375268798
01M1HPKAWWGWKVHRYWY16E60NS,01M1HNZFMBG6JCPAHH8MQHWYV4,16,2,1788375291725,TRUE,2026-09-02T18:54:28Z,2026-09-02T18:54:52Z,01M1HP9SA626S2K4ZTXAJ11MCC,1788375269749
01M1HPKAZ3EQBDGG42S8E1V5RZ,01M1HNZFMBG6JCPAHH8MQHWYV4,29,3,1788375470689,TRUE,2026-09-02T18:57:44Z,2026-09-02T18:57:50Z,01M1HP97WG9TE403VJRZNNM0DT,1788375464730
01M1HPKAZ3EQBDGG42S8E1V5RZ,01M1HNZFMBG6JCPAHH8MQHWYV4,29,3,1788375470689,TRUE,2026-09-02T18:57:44Z,2026-09-02T18:57:50Z,01M1HP9SA626S2K4ZTXAJ11MCC,1788375465924
01M1HPM5J2SHX8XVH00G7ZFH5Z,01M1HNZFMHJVBG3FH9MYVSDQDF,14,2,1788375803605,TRUE,2026-09-02T19:01:55Z,2026-09-02T19:02:52Z,01M1HP9ADQT2DX2ZE8GFRT1BS4,1788375715563
01M1HPM5J2SHX8XVH00G7ZFH5Z,01M1HNZFMHJVBG3FH9MYVSDQDF,14,2,1788375803605,TRUE,2026-09-02T19:01:55Z,2026-09-02T19:02:52Z,01M1HP8XSEJHDCXHQNYH7CK7F6,1788375746812
01M1HPVYJ10G0VF7H68RXJ31H5,01M1HNZ66BCC5C4CZAZZWHY7T3,34,3,1788376442628,TRUE,2026-09-02T19:13:25Z,2026-09-02T19:14:02Z,01M1HP9VFD4XR4JMG6Y4DWDHD7,1788376408415
01M1HPVYJ10G0VF7H68RXJ31H5,01M1HNZ66BCC5C4CZAZZWHY7T3,34,3,1788376442628,TRUE,2026-09-02T19:13:25Z,2026-09-02T19:14:02Z,01M1HPA154BP985TBAEA8N74S5,1788376407270
01M1HPVYJPB4X48ZM3MTBGKH03,01M1HNZ66BCC5C4CZAZZWHY7T3,41,4,1788376671575,TRUE,2026-09-02T19:17:32Z,2026-09-02T19:17:50Z,01M1HPA154BP985TBAEA8N74S5,1788376654493
01M1HPVYJPB4X48ZM3MTBGKH03,01M1HNZ66BCC5C4CZAZZWHY7T3,41,4,1788376671575,TRUE,2026-09-02T19:17:32Z,2026-09-02T19:17:50Z,01M1HP9VFD4XR4JMG6Y4DWDHD7,1788376652826
01M1HPGHQ4GAADW3E7RW39RVVZ,01M1HNZFMDENM6D0TD5PFJYWRC,22,2,1788375298671,TRUE,2026-09-02T18:54:19Z,2026-09-02T18:54:56Z,01M1HP9FMWGKKR4F1ZX039Z0A2,1788375259449
01M1HPGHQ4GAADW3E7RW39RVVZ,01M1HNZFMDENM6D0TD5PFJYWRC,22,2,1788375298671,TRUE,2026-09-02T18:54:19Z,2026-09-02T18:54:56Z,01M1HP98VHD99F2PCDA37RKBQ7,1788375262140
01M1HPWDV2CXM2R03XT5X0C0T0,01M1HNZK6DPR4P92Y2T8F5XDRV,4,1,1788375687217,TRUE,2026-09-02T19:00:37Z,2026-09-02T19:01:26Z,01M1HPDTQ6DQF1KFQDNT7DPSJD,1788375580886
01M1HPWDV2CXM2R03XT5X0C0T0,01M1HNZK6DPR4P92Y2T8F5XDRV,4,1,1788375687217,TRUE,2026-09-02T19:00:37Z,2026-09-02T19:01:26Z,01M1HPC7HN0GDEKJYZCJ22C0TN,1788375639081
01M1HQ3M10VSKPNCHXKHRTA6XK,01M1HNZ7HJEQPEYJ9VDNGQFHBJ,30,3,1788376788058,TRUE,2026-09-02T19:19:15Z,2026-09-02T19:19:48Z,01M1HPFBMJRGKDJM0Z3BW7QWTC,1788376755692
01M1HQ3M10VSKPNCHXKHRTA6XK,01M1HNZ7HJEQPEYJ9VDNGQFHBJ,30,3,1788376788058,TRUE,2026-09-02T19:19:15Z,2026-09-02T19:19:48Z,01M1HPGH2ANZEVSJ1JAX6F81R8,1788376757892
01M1HPKAX0FG9ED2QPH92B1HVN,01M1HNZFMBG6JCPAHH8MQHWYV4,23,2,1788375389638,TRUE,2026-09-02T18:56:23Z,2026-09-02T18:56:28Z,01M1HP9SA626S2K4ZTXAJ11MCC,1788375384578
01M1HPKAX0FG9ED2QPH92B1HVN,01M1HNZFMBG6JCPAHH8MQHWYV4,23,2,1788375389638,TRUE,2026-09-02T18:56:23Z,2026-09-02T18:56:28Z,01M1HP97WG9TE403VJRZNNM0DT,1788375383681
01M1HPVYE8996PWYCG0AENGM4V,01M1HNZ66BCC5C4CZAZZWHY7T3,3,1,1788375124215,TRUE,2026-09-02T18:51:38Z,2026-09-02T18:52:02Z,01M1HP9VFD4XR4JMG6Y4DWDHD7,1788375098913
01M1HPVYE8996PWYCG0AENGM4V,01M1HNZ66BCC5C4CZAZZWHY7T3,3,1,1788375124215,TRUE,2026-09-02T18:51:38Z,2026-09-02T18:52:02Z,01M1HPA154BP985TBAEA8N74S5,1788375100605
01M1HPKAX69XRJ97PQ1KZFQ74N,01M1HNZFMBG6JCPAHH8MQHWYV4,47,4,1788375690103,TRUE,2026-09-02T19:01:23Z,2026-09-02T19:01:29Z,01M1HP97WG9TE403VJRZNNM0DT,1788375683892
01M1HPKAX69XRJ97PQ1KZFQ74N,01M1HNZFMBG6JCPAHH8MQHWYV4,47,4,1788375690103,TRUE,2026-09-02T19:01:23Z,2026-09-02T19:01:29Z,01M1HP9SA626S2K4ZTXAJ11MCC,1788375684786
01M1HPH1HWDZQB9RHNDBGD80XK,01M1HNZK6HB8AMTV47EJ1Q8XDP,44,4,1788375900016,TRUE,2026-09-02T19:04:44Z,2026-09-02T19:04:59Z,01M1HPA9TPVS7WN8P6T2G1W2HR,1788375884752
01M1HPH1HWDZQB9RHNDBGD80XK,01M1HNZK6HB8AMTV47EJ1Q8XDP,44,4,1788375900016,TRUE,2026-09-02T19:04:44Z,2026-09-02T19:04:59Z,01M1HPC3N3BVQ1SZRGJQGY5ZS5,1788375884547
01M1HPKAXDRT5EDZ1AVCMZ9DGX,01M1HNZFMBG6JCPAHH8MQHWYV4,6,1,1788375051480,TRUE,2026-09-02T18:50:33Z,2026-09-02T18:50:51Z,01M1HP9SA626S2K4ZTXAJ11MCC,1788375034211
01M1HPKAXDRT5EDZ1AVCMZ9DGX,01M1HNZFMBG6JCPAHH8MQHWYV4,6,1,1788375051480,TRUE,2026-09-02T18:50:33Z,2026-09-02T18:50:51Z,01M1HP97WG9TE403VJRZNNM0DT,1788375033286
01M1HPKAY1VVX3RVK26JPVESQ5,01M1HNZFMBG6JCPAHH8MQHWYV4,43,4,1788375647033,TRUE,2026-09-02T19:00:34Z,2026-09-02T19:00:46Z,01M1HP9SA626S2K4ZTXAJ11MCC,1788375635063
01M1HPKAY1VVX3RVK26JPVESQ5,01M1HNZFMBG6JCPAHH8MQHWYV4,43,4,1788375647033,TRUE,2026-09-02T19:00:34Z,2026-09-02T19:00:46Z,01M1HP97WG9TE403VJRZNNM0DT,1788375634183
01M1HPVYHV24X70FZ6FDEX6M63,01M1HNZ66BCC5C4CZAZZWHY7T3,32,3,1788376362333,TRUE,2026-09-02T19:11:59Z,2026-09-02T19:12:42Z,01M1HPA154BP985TBAEA8N74S5,1788376321159
01M1HPVYHV24X70FZ6FDEX6M63,01M1HNZ66BCC5C4CZAZZWHY7T3,32,3,1788376362333,TRUE,2026-09-02T19:11:59Z,2026-09-02T19:12:42Z,01M1HP9VFD4XR4JMG6Y4DWDHD7,1788376319506
01M1HPWDWEH17Q3T1JVKESCWPY,01M1HNZK6DPR4P92Y2T8F5XDRV,40,4,1788376941139,TRUE,2026-09-02T19:22:01Z,2026-09-02T19:22:20Z,01M1HPDTQ6DQF1KFQDNT7DPSJD,1788376864611
01M1HPWDWEH17Q3T1JVKESCWPY,01M1HNZK6DPR4P92Y2T8F5XDRV,40,4,1788376941139,TRUE,2026-09-02T19:22:01Z,2026-09-02T19:22:20Z,01M1HPC7HN0GDEKJYZCJ22C0TN,1788376922657
01M1HQ3KZJ0V63YTVTE075VWGW,01M1HNZ7HJEQPEYJ9VDNGQFHBJ,24,3,1788376592611,FALSE,2026-09-02T19:16:12Z,2026-09-02T19:16:33Z,01M1HPFBMJRGKDJM0Z3BW7QWTC,1788376572317
01M1HQ3KZJ0V63YTVTE075VWGW,01M1HNZ7HJEQPEYJ9VDNGQFHBJ,24,3,1788376592611,FALSE,2026-09-02T19:16:12Z,2026-09-02T19:16:33Z,01M1HPGH2ANZEVSJ1JAX6F81R8,1788376574372
01M1HQ3M09FAGN4Y1B2VAZG18K,01M1HNZ7HJEQPEYJ9VDNGQFHBJ,27,3,1788376685848,FALSE,2026-09-02T19:17:28Z,2026-09-02T19:18:03Z,01M1HPGH2ANZEVSJ1JAX6F81R8,1788376651079
01M1HQ3M09FAGN4Y1B2VAZG18K,01M1HNZ7HJEQPEYJ9VDNGQFHBJ,27,3,1788376685848,FALSE,2026-09-02T19:17:28Z,2026-09-02T19:18:03Z,01M1HPFBMJRGKDJM0Z3BW7QWTC,1788376648560
01M1HPGHMKKGT4S27A1BYPJ7ST,01M1HNZFMDENM6D0TD5PFJYWRC,45,4,1788375751484,TRUE,2026-09-02T19:02:20Z,2026-09-02T19:02:31Z,01M1HP9FMWGKKR4F1ZX039Z0A2,1788375740528
01M1HPGHMKKGT4S27A1BYPJ7ST,01M1HNZFMDENM6D0TD5PFJYWRC,45,4,1788375751484,TRUE,2026-09-02T19:02:20Z,2026-09-02T19:02:31Z,01M1HP98VHD99F2PCDA37RKBQ7,1788375743306
01M1HPWDN0RZ4NSCGQ95P5W34D,01M1HNZK6DPR4P92Y2T8F5XDRV,25,3,1788376492585,TRUE,2026-09-02T19:15:15Z,2026-09-02T19:15:49Z,01M1HPC7HN0GDEKJYZCJ22C0TN,1788376518427
01M1HPWDN0RZ4NSCGQ95P5W34D,01M1HNZK6DPR4P92Y2T8F5XDRV,25,3,1788376492585,TRUE,2026-09-02T19:15:15Z,2026-09-02T19:15:49Z,01M1HPDTQ6DQF1KFQDNT7DPSJD,1788376458922
01M1HPGHNWDF74XG2ZZ8W4ZW3X,01M1HNZFMDENM6D0TD5PFJYWRC,42,4,1788375697977,TRUE,2026-09-02T19:01:25Z,2026-09-02T19:01:35Z,01M1HP98VHD99F2PCDA37RKBQ7,1788375687844
01M1HPGHNWDF74XG2ZZ8W4ZW3X,01M1HNZFMDENM6D0TD5PFJYWRC,42,4,1788375697977,TRUE,2026-09-02T19:01:25Z,2026-09-02T19:01:35Z,01M1HP9FMWGKKR4F1ZX039Z0A2,1788375685067
01M1HPWDKXHMWY12EAHYAX92T7,01M1HNZK6DPR4P92Y2T8F5XDRV,34,3,1788376804972,TRUE,2026-09-02T19:19:45Z,2026-09-02T19:20:04Z,01M1HPDTQ6DQF1KFQDNT7DPSJD,1788376729112
01M1HPWDKXHMWY12EAHYAX92T7,01M1HNZK6DPR4P92Y2T8F5XDRV,34,3,1788376804972,TRUE,2026-09-02T19:19:45Z,2026-09-02T19:20:04Z,01M1HPC7HN0GDEKJYZCJ22C0TN,1788376787433
01M1HQ0CKBN7617XERWNJ2DM6T,01M1HNZ6677RWDEVPFK38R4HBH,28,3,1788376285661,TRUE,2026-09-02T19:11:03Z,2026-09-02T19:11:27Z,01M1HPHKT60J7WMHXSWM7ZMT2Z,1788376263931
01M1HQ0CKBN7617XERWNJ2DM6T,01M1HNZ6677RWDEVPFK38R4HBH,28,3,1788376285661,TRUE,2026-09-02T19:11:03Z,2026-09-02T19:11:27Z,01M1HPRFFS08JGYEYQ2663GBG4,1788376262646
01M1HQ0CKYDK6FR8HS8VWH9YEV,01M1HNZ6677RWDEVPFK38R4HBH,23,2,1788376174050,TRUE,2026-09-02T19:09:05Z,2026-09-02T19:09:35Z,01M1HPHKT60J7WMHXSWM7ZMT2Z,1788376146108
01M1HQ0CKYDK6FR8HS8VWH9YEV,01M1HNZ6677RWDEVPFK38R4HBH,23,2,1788376174050,TRUE,2026-09-02T19:09:05Z,2026-09-02T19:09:35Z,01M1HPRFFS08JGYEYQ2663GBG4,1788376144713
01M1HPVYGR3AFNBHHY0PWNY9NR,01M1HNZ66BCC5C4CZAZZWHY7T3,23,2,1788376021347,TRUE,2026-09-02T19:06:29Z,2026-09-02T19:06:59Z,01M1HP9VFD4XR4JMG6Y4DWDHD7,1788375989443
01M1HPVYGR3AFNBHHY0PWNY9NR,01M1HNZ66BCC5C4CZAZZWHY7T3,23,2,1788376021347,TRUE,2026-09-02T19:06:29Z,2026-09-02T19:06:59Z,01M1HPA154BP985TBAEA8N74S5,1788375991122
01M1HPVYE6RQ1KX8FBCG9Y9A51,01M1HNZ66BCC5C4CZAZZWHY7T3,2,1,1788375095538,TRUE,2026-09-02T18:50:52Z,2026-09-02T18:51:35Z,01M1HP9VFD4XR4JMG6Y4DWDHD7,1788375052087
01M1HPVYE6RQ1KX8FBCG9Y9A51,01M1HNZ66BCC5C4CZAZZWHY7T3,2,1,1788375095538,TRUE,2026-09-02T18:50:52Z,2026-09-02T18:51:35Z,01M1HPA154BP985TBAEA8N74S5,1788375053748
01M1HPWDM7YP1XPXKM4CAQP3EC,01M1HNZK6DPR4P92Y2T8F5XDRV,31,3,1788376677889,TRUE,2026-09-02T19:18:30Z,2026-09-02T19:18:54Z,01M1HPDTQ6DQF1KFQDNT7DPSJD,1788376653995
01M1HPWDM7YP1XPXKM4CAQP3EC,01M1HNZK6DPR4P92Y2T8F5XDRV,31,3,1788376677889,TRUE,2026-09-02T19:18:30Z,2026-09-02T19:18:54Z,01M1HPC7HN0GDEKJYZCJ22C0TN,1788376712417
01M1HQ3KYZZ8TFQJM02JFYM6CQ,01M1HNZ7HJEQPEYJ9VDNGQFHBJ,20,2,NA,FALSE,2026-09-02T19:12:43Z,2026-09-02T19:13:43Z,01M1HPFBMJRGKDJM0Z3BW7QWTC,1788376364112
01M1HQ3KYZZ8TFQJM02JFYM6CQ,01M1HNZ7HJEQPEYJ9VDNGQFHBJ,20,2,NA,FALSE,2026-09-02T19:12:43Z,2026-09-02T19:13:43Z,01M1HPGH2ANZEVSJ1JAX6F81R8,1788376366218
01M1HPKAWXWNV9SFZY3A15AKSW,01M1HNZFMBG6JCPAHH8MQHWYV4,15,2,1788375266216,TRUE,2026-09-02T18:54:14Z,2026-09-02T18:54:25Z,01M1HP9SA626S2K4ZTXAJ11MCC,1788375255084
01M1HPKAWXWNV9SFZY3A15AKSW,01M1HNZFMBG6JCPAHH8MQHWYV4,15,2,1788375266216,TRUE,2026-09-02T18:54:14Z,2026-09-02T18:54:25Z,01M1HP97WG9TE403VJRZNNM0DT,1788375254080
01M1HPKAX9791VF31875J7PV5P,01M1HNZFMBG6JCPAHH8MQHWYV4,10,1,1788375172476,TRUE,2026-09-02T18:52:27Z,2026-09-02T18:52:52Z,01M1HP97WG9TE403VJRZNNM0DT,1788375147175
01M1HPKAX9791VF31875J7PV5P,01M1HNZFMBG6JCPAHH8MQHWYV4,10,1,1788375172476,TRUE,2026-09-02T18:52:27Z,2026-09-02T18:52:52Z,01M1HP9SA626S2K4ZTXAJ11MCC,1788375148073
01M1HPM5KKKAXJBKZ950ZMNZ8B,01M1HNZFMHJVBG3FH9MYVSDQDF,17,2,1788375902834,TRUE,2026-09-02T19:04:32Z,2026-09-02T19:05:02Z,01M1HP8XSEJHDCXHQNYH7CK7F6,1788375903720
01M1HPM5KKKAXJBKZ950ZMNZ8B,01M1HNZFMHJVBG3FH9MYVSDQDF,17,2,1788375902834,TRUE,2026-09-02T19:04:32Z,2026-09-02T19:05:02Z,01M1HP9ADQT2DX2ZE8GFRT1BS4,1788375872417
01M1HPM5MJ3WDGPMRKYYA5M70R,01M1HNZFMHJVBG3FH9MYVSDQDF,27,3,1788376295004,TRUE,2026-09-02T19:10:47Z,2026-09-02T19:11:34Z,01M1HP9ADQT2DX2ZE8GFRT1BS4,1788376247464
01M1HPM5MJ3WDGPMRKYYA5M70R,01M1HNZFMHJVBG3FH9MYVSDQDF,27,3,1788376295004,TRUE,2026-09-02T19:10:47Z,2026-09-02T19:11:34Z,01M1HP8XSEJHDCXHQNYH7CK7F6,1788376278725
01M1HQ0CJMXAA45BZZA9DAQQM5,01M1HNZ6677RWDEVPFK38R4HBH,6,1,1788375660605,TRUE,2026-09-02T19:00:42Z,2026-09-02T19:01:02Z,01M1HPRFFS08JGYEYQ2663GBG4,1788375640794
01M1HQ0CJMXAA45BZZA9DAQQM5,01M1HNZ6677RWDEVPFK38R4HBH,6,1,1788375660605,TRUE,2026-09-02T19:00:42Z,2026-09-02T19:01:02Z,01M1HPHKT60J7WMHXSWM7ZMT2Z,1788375642436
01M1HQ0CMJ4552T5WT1AQC0RM6,01M1HNZ6677RWDEVPFK38R4HBH,15,2,1788375953433,TRUE,2026-09-02T19:05:30Z,2026-09-02T19:05:54Z,01M1HPRFFS08JGYEYQ2663GBG4,1788375929115
01M1HQ0CMJ4552T5WT1AQC0RM6,01M1HNZ6677RWDEVPFK38R4HBH,15,2,1788375953433,TRUE,2026-09-02T19:05:30Z,2026-09-02T19:05:54Z,01M1HPHKT60J7WMHXSWM7ZMT2Z,1788375930510
01M1HQ8PQYF3JSRP2FJPT1VS6P,01M1HNZK6GZFFJ98G9C97SZE0A,44,4,NA,NA,NA,2026-09-02T18:49:26Z,NA,NA
01M1HPKAX4SV4JN5KTT7K19KPH,01M1HNZFMBG6JCPAHH8MQHWYV4,19,2,1788375330411,TRUE,2026-09-02T18:55:18Z,2026-09-02T18:55:29Z,01M1HP9SA626S2K4ZTXAJ11MCC,1788375319598
01M1HPKAX4SV4JN5KTT7K19KPH,01M1HNZFMBG6JCPAHH8MQHWYV4,19,2,1788375330411,TRUE,2026-09-02T18:55:18Z,2026-09-02T18:55:29Z,01M1HP97WG9TE403VJRZNNM0DT,1788375318646
01M1HPM5M743KMPJGY0BQEYXNB,01M1HNZFMHJVBG3FH9MYVSDQDF,22,2,1788376130965,TRUE,2026-09-02T19:07:37Z,2026-09-02T19:08:19Z,01M1HP8XSEJHDCXHQNYH7CK7F6,1788376088933
01M1HPM5M743KMPJGY0BQEYXNB,01M1HNZFMHJVBG3FH9MYVSDQDF,22,2,1788376130965,TRUE,2026-09-02T19:07:37Z,2026-09-02T19:08:19Z,01M1HP9ADQT2DX2ZE8GFRT1BS4,1788376057674
01M1HPH1G9D0CDMB79KYPDS3RR,01M1HNZK6HB8AMTV47EJ1Q8XDP,27,3,1788375495216,TRUE,2026-09-02T18:57:48Z,2026-09-02T18:58:15Z,01M1HPC3N3BVQ1SZRGJQGY5ZS5,1788375468440
01M1HPH1G9D0CDMB79KYPDS3RR,01M1HNZK6HB8AMTV47EJ1Q8XDP,27,3,1788375495216,TRUE,2026-09-02T18:57:48Z,2026-09-02T18:58:15Z,01M1HPA9TPVS7WN8P6T2G1W2HR,1788375469018
01M1HPVYJ7XQ9A1Q6KMXFAYPWJ,01M1HNZ66BCC5C4CZAZZWHY7T3,36,4,1788376518026,TRUE,2026-09-02T19:14:41Z,2026-09-02T19:15:18Z,01M1HPA154BP985TBAEA8N74S5,1788376483293
01M1HPVYJ7XQ9A1Q6KMXFAYPWJ,01M1HNZ66BCC5C4CZAZZWHY7T3,36,4,1788376518026,TRUE,2026-09-02T19:14:41Z,2026-09-02T19:15:18Z,01M1HP9VFD4XR4JMG6Y4DWDHD7,1788376481633
01M1HQ3KWAT9E58CKS6EC1YA87,01M1HNZ7HJEQPEYJ9VDNGQFHBJ,1,1,NA,FALSE,2026-09-02T18:56:36Z,2026-09-02T18:57:36Z,01M1HPGH2ANZEVSJ1JAX6F81R8,1788375398778
01M1HQ3KWAT9E58CKS6EC1YA87,01M1HNZ7HJEQPEYJ9VDNGQFHBJ,1,1,NA,FALSE,2026-09-02T18:56:36Z,2026-09-02T18:57:36Z,01M1HPFBMJRGKDJM0Z3BW7QWTC,1788375396472
01M1HPKAWYMV94Z86ZFRX8Z6R5,01M1HNZFMBG6JCPAHH8MQHWYV4,25,3,1788375417215,TRUE,2026-09-02T18:56:47Z,2026-09-02T18:56:56Z,01M1HP97WG9TE403VJRZNNM0DT,1788375407530
01M1HPKAWYMV94Z86ZFRX8Z6R5,01M1HNZFMBG6JCPAHH8MQHWYV4,25,3,1788375417215,TRUE,2026-09-02T18:56:47Z,2026-09-02T18:56:56Z,01M1HP9SA626S2K4ZTXAJ11MCC,1788375408394
01M1HPKAX1P91W2C8Y3HSTTCTK,01M1HNZFMBG6JCPAHH8MQHWYV4,22,2,1788375380195,TRUE,2026-09-02T18:56:01Z,2026-09-02T18:56:20Z,01M1HP97WG9TE403VJRZNNM0DT,1788375361391
01M1HPKAX1P91W2C8Y3HSTTCTK,01M1HNZFMBG6JCPAHH8MQHWYV4,22,2,1788375380195,TRUE,2026-09-02T18:56:01Z,2026-09-02T18:56:20Z,01M1HP9SA626S2K4ZTXAJ11MCC,1788375362299
01M1HPKAY5QK1EXNSXNYKKJ2NE,01M1HNZFMBG6JCPAHH8MQHWYV4,42,4,1788375630673,TRUE,2026-09-02T19:00:23Z,2026-09-02T19:00:30Z,01M1HP9SA626S2K4ZTXAJ11MCC,1788375623930
01M1HPKAY5QK1EXNSXNYKKJ2NE,01M1HNZFMBG6JCPAHH8MQHWYV4,42,4,1788375630673,TRUE,2026-09-02T19:00:23Z,2026-09-02T19:00:30Z,01M1HP97WG9TE403VJRZNNM0DT,1788375622996
01M1HPWDS26F334FY569ZG4ES5,01M1HNZK6DPR4P92Y2T8F5XDRV,17,2,1788376208298,TRUE,2026-09-02T19:10:26Z,2026-09-02T19:11:05Z,01M1HPC7HN0GDEKJYZCJ22C0TN,1788376228410
01M1HPWDS26F334FY569ZG4ES5,01M1HNZK6DPR4P92Y2T8F5XDRV,17,2,1788376208298,TRUE,2026-09-02T19:10:26Z,2026-09-02T19:11:05Z,01M1HPDTQ6DQF1KFQDNT7DPSJD,1788376170145
01M1HQ0CJX9P2V14BTRKFB8CS2,01M1HNZ6677RWDEVPFK38R4HBH,32,3,1788376390854,TRUE,2026-09-02T19:12:41Z,2026-09-02T19:13:12Z,01M1HPRFFS08JGYEYQ2663GBG4,1788376360055
01M1HQ0CJX9P2V14BTRKFB8CS2,01M1HNZ6677RWDEVPFK38R4HBH,32,3,1788376390854,TRUE,2026-09-02T19:12:41Z,2026-09-02T19:13:12Z,01M1HPHKT60J7WMHXSWM7ZMT2Z,1788376361360
01M1HQ0CK72GGZ8W7W9PEVP4YC,01M1HNZ6677RWDEVPFK38R4HBH,29,3,1788376317948,TRUE,2026-09-02T19:11:30Z,2026-09-02T19:11:59Z,01M1HPRFFS08JGYEYQ2663GBG4,1788376289337
01M1HQ0CK72GGZ8W7W9PEVP4YC,01M1HNZ6677RWDEVPFK38R4HBH,29,3,1788376317948,TRUE,2026-09-02T19:11:30Z,2026-09-02T19:11:59Z,01M1HPHKT60J7WMHXSWM7ZMT2Z,1788376290717
01M1HQ3KYDATS4SGEPRYR37Z4Q,01M1HNZ7HJEQPEYJ9VDNGQFHBJ,17,2,NA,FALSE,2026-09-02T19:10:09Z,2026-09-02T19:11:09Z,01M1HPGH2ANZEVSJ1JAX6F81R8,1788376212131
01M1HQ3KYDATS4SGEPRYR37Z4Q,01M1HNZ7HJEQPEYJ9VDNGQFHBJ,17,2,NA,FALSE,2026-09-02T19:10:09Z,2026-09-02T19:11:09Z,01M1HPFBMJRGKDJM0Z3BW7QWTC,1788376209632
01M1HQ3KZDQF5BPHHVMM5587B0,01M1HNZ7HJEQPEYJ9VDNGQFHBJ,23,2,NA,FALSE,2026-09-02T19:15:08Z,2026-09-02T19:16:08Z,01M1HPGH2ANZEVSJ1JAX6F81R8,1788376511035
01M1HQ3KZDQF5BPHHVMM5587B0,01M1HNZ7HJEQPEYJ9VDNGQFHBJ,23,2,NA,FALSE,2026-09-02T19:15:08Z,2026-09-02T19:16:08Z,01M1HPFBMJRGKDJM0Z3BW7QWTC,1788376509503
01M1HPGHQ35SK6XC36TAPNJ6XH,01M1HNZFMDENM6D0TD5PFJYWRC,23,2,1788375312005,TRUE,2026-09-02T18:54:59Z,2026-09-02T18:55:12Z,01M1HP9FMWGKKR4F1ZX039Z0A2,1788375299385
01M1HPGHQ35SK6XC36TAPNJ6XH,01M1HNZFMDENM6D0TD5PFJYWRC,23,2,1788375312005,TRUE,2026-09-02T18:54:59Z,2026-09-02T18:55:12Z,01M1HP98VHD99F2PCDA37RKBQ7,1788375302070
01M1HQ0CN84SV2HZGK1SRSC2ZH,01M1HNZ6677RWDEVPFK38R4HBH,36,4,1788376468800,TRUE,2026-09-02T19:14:11Z,2026-09-02T19:14:31Z,01M1HPRFFS08JGYEYQ2663GBG4,1788376450678
01M1HQ0CN84SV2HZGK1SRSC2ZH,01M1HNZ6677RWDEVPFK38R4HBH,36,4,1788376468800,TRUE,2026-09-02T19:14:11Z,2026-09-02T19:14:31Z,01M1HPHKT60J7WMHXSWM7ZMT2Z,1788376452241
01M1HQ0CG6JHMWSGQNVHDQHYGE,01M1HNZ6677RWDEVPFK38R4HBH,20,2,1788376071733,TRUE,2026-09-02T19:07:39Z,2026-09-02T19:07:53Z,01M1HPHKT60J7WMHXSWM7ZMT2Z,1788376059780
01M1HQ0CG6JHMWSGQNVHDQHYGE,01M1HNZ6677RWDEVPFK38R4HBH,20,2,1788376071733,TRUE,2026-09-02T19:07:39Z,2026-09-02T19:07:53Z,01M1HPRFFS08JGYEYQ2663GBG4,1788376058324
01M1HQ8PPW6NFHRRW2X3JFHRPN,01M1HNZK6GZFFJ98G9C97SZE0A,15,2,NA,NA,NA,2026-09-02T18:49:25Z,NA,NA
01M1HPWDVSHRSZ92HXAJT118V6,01M1HNZK6DPR4P92Y2T8F5XDRV,47,4,1788377013029,TRUE,2026-09-02T19:24:18Z,2026-09-02T19:24:29Z,01M1HPC7HN0GDEKJYZCJ22C0TN,1788377059379
01M1HPWDVSHRSZ92HXAJT118V6,01M1HNZK6DPR4P92Y2T8F5XDRV,47,4,1788377013029,TRUE,2026-09-02T19:24:18Z,2026-09-02T19:24:29Z,01M1HPDTQ6DQF1KFQDNT7DPSJD,1788377001254
01M1HPKAYP15KCFSE0CZZ58NJ5,01M1HNZFMBG6JCPAHH8MQHWYV4,35,3,1788375548563,TRUE,2026-09-02T18:59:01Z,2026-09-02T18:59:08Z,01M1HP9SA626S2K4ZTXAJ11MCC,1788375542203
01M1HPKAYP15KCFSE0CZZ58NJ5,01M1HNZFMBG6JCPAHH8MQHWYV4,35,3,1788375548563,TRUE,2026-09-02T18:59:01Z,2026-09-02T18:59:08Z,01M1HP97WG9TE403VJRZNNM0DT,1788375541307
01M1HPH1FN0J9M35AHKA9JE5NQ,01M1HNZK6HB8AMTV47EJ1Q8XDP,23,2,1788375374084,TRUE,2026-09-02T18:55:32Z,2026-09-02T18:56:14Z,01M1HPA9TPVS7WN8P6T2G1W2HR,1788375332299
01M1HPH1FN0J9M35AHKA9JE5NQ,01M1HNZK6HB8AMTV47EJ1Q8XDP,23,2,1788375374084,TRUE,2026-09-02T18:55:32Z,2026-09-02T18:56:14Z,01M1HPC3N3BVQ1SZRGJQGY5ZS5,1788375331715
01M1HPGHQB8B43QJ03QSMJQTQW,01M1HNZFMDENM6D0TD5PFJYWRC,24,3,1788375334527,TRUE,2026-09-02T18:55:15Z,2026-09-02T18:55:32Z,01M1HP9FMWGKKR4F1ZX039Z0A2,1788375315464
01M1HPGHQB8B43QJ03QSMJQTQW,01M1HNZFMDENM6D0TD5PFJYWRC,24,3,1788375334527,TRUE,2026-09-02T18:55:15Z,2026-09-02T18:55:32Z,01M1HP98VHD99F2PCDA37RKBQ7,1788375318149
01M1HPH1GX0ZV3F0RE0W61SCA1,01M1HNZK6HB8AMTV47EJ1Q8XDP,38,4,1788375786676,TRUE,2026-09-02T19:02:39Z,2026-09-02T19:03:06Z,01M1HPC3N3BVQ1SZRGJQGY5ZS5,1788375759623
01M1HPH1GX0ZV3F0RE0W61SCA1,01M1HNZK6HB8AMTV47EJ1Q8XDP,38,4,1788375786676,TRUE,2026-09-02T19:02:39Z,2026-09-02T19:03:06Z,01M1HPA9TPVS7WN8P6T2G1W2HR,1788375760245
01M1HPH1H0V668T83D3HMQ7Z3E,01M1HNZK6HB8AMTV47EJ1Q8XDP,39,4,1788375816857,TRUE,2026-09-02T19:03:09Z,2026-09-02T19:03:37Z,01M1HPC3N3BVQ1SZRGJQGY5ZS5,1788375789739
01M1HPH1H0V668T83D3HMQ7Z3E,01M1HNZK6HB8AMTV47EJ1Q8XDP,39,4,1788375816857,TRUE,2026-09-02T19:03:09Z,2026-09-02T19:03:37Z,01M1HPA9TPVS7WN8P6T2G1W2HR,1788375790143
01M1HPKAVVEG5T9DBD3C1P8E9A,01M1HNZFMBG6JCPAHH8MQHWYV4,1,1,1788374937461,FALSE,2026-09-02T18:48:22Z,2026-09-02T18:48:56Z,01M1HP97WG9TE403VJRZNNM0DT,1788374902678
01M1HPKAVVEG5T9DBD3C1P8E9A,01M1HNZFMBG6JCPAHH8MQHWYV4,1,1,1788374937461,FALSE,2026-09-02T18:48:22Z,2026-09-02T18:48:56Z,01M1HP9SA626S2K4ZTXAJ11MCC,1788374903643
01M1HPWDR2P6RESFFXPGWJW68Z,01M1HNZK6DPR4P92Y2T8F5XDRV,20,2,1788376348104,TRUE,2026-09-02T19:11:58Z,2026-09-02T19:12:27Z,01M1HPDTQ6DQF1KFQDNT7DPSJD,1788376261714
01M1HPWDR2P6RESFFXPGWJW68Z,01M1HNZK6DPR4P92Y2T8F5XDRV,20,2,1788376348104,TRUE,2026-09-02T19:11:58Z,2026-09-02T19:12:27Z,01M1HPC7HN0GDEKJYZCJ22C0TN,1788376321004
01M1HPGHM1E3TXHD1PWYYKF46A,01M1HNZFMDENM6D0TD5PFJYWRC,4,1,1788374747601,TRUE,2026-09-02T18:45:23Z,2026-09-02T18:45:44Z,01M1HP9FMWGKKR4F1ZX039Z0A2,1788374723719
01M1HPGHM1E3TXHD1PWYYKF46A,01M1HNZFMDENM6D0TD5PFJYWRC,4,1,1788374747601,TRUE,2026-09-02T18:45:23Z,2026-09-02T18:45:44Z,01M1HP98VHD99F2PCDA37RKBQ7,1788374726509
01M1HPKAZ17H9QZPQJ7EGRAVRK,01M1HNZFMBG6JCPAHH8MQHWYV4,30,3,1788375484550,TRUE,2026-09-02T18:57:53Z,2026-09-02T18:58:04Z,01M1HP97WG9TE403VJRZNNM0DT,1788375473309
01M1HPKAZ17H9QZPQJ7EGRAVRK,01M1HNZFMBG6JCPAHH8MQHWYV4,30,3,1788375484550,TRUE,2026-09-02T18:57:53Z,2026-09-02T18:58:04Z,01M1HP9SA626S2K4ZTXAJ11MCC,1788375474423
01M1HQ8PH419VASWK2R90DSZ7K,01M1HNZK6GZFFJ98G9C97SZE0A,19,2,NA,NA,NA,2026-09-02T18:49:25Z,NA,NA
01M1HPH1FGF2JVD49PNN2QD88X,01M1HNZK6HB8AMTV47EJ1Q8XDP,20,2,1788375271365,TRUE,2026-09-02T18:53:40Z,2026-09-02T18:54:31Z,01M1HPC3N3BVQ1SZRGJQGY5ZS5,1788375219863
01M1HPH1FGF2JVD49PNN2QD88X,01M1HNZK6HB8AMTV47EJ1Q8XDP,20,2,1788375271365,TRUE,2026-09-02T18:53:40Z,2026-09-02T18:54:31Z,01M1HPA9TPVS7WN8P6T2G1W2HR,1788375220449
01M1HPM5RFFA19H2WX3Y23YR67,01M1HNZFMHJVBG3FH9MYVSDQDF,38,4,1788376797044,TRUE,2026-09-02T19:18:49Z,2026-09-02T19:19:25Z,01M1HP9ADQT2DX2ZE8GFRT1BS4,1788376729545
01M1HPM5RFFA19H2WX3Y23YR67,01M1HNZFMHJVBG3FH9MYVSDQDF,38,4,1788376797044,TRUE,2026-09-02T19:18:49Z,2026-09-02T19:19:25Z,01M1HP8XSEJHDCXHQNYH7CK7F6,1788376760898
01M1HPM5J5Z128YF9W78N1XCAQ,01M1HNZFMHJVBG3FH9MYVSDQDF,7,1,1788375441495,TRUE,2026-09-02T18:56:25Z,2026-09-02T18:57:21Z,01M1HP9ADQT2DX2ZE8GFRT1BS4,1788375385616
01M1HPM5J5Z128YF9W78N1XCAQ,01M1HNZFMHJVBG3FH9MYVSDQDF,7,1,1788375441495,TRUE,2026-09-02T18:56:25Z,2026-09-02T18:57:21Z,01M1HP8XSEJHDCXHQNYH7CK7F6,1788375416895
01M1HQ0CESGPW9JZX796NXD44P,01M1HNZ6677RWDEVPFK38R4HBH,1,1,1788375497669,TRUE,2026-09-02T18:57:50Z,2026-09-02T18:58:19Z,01M1HPHKT60J7WMHXSWM7ZMT2Z,1788375470406
01M1HQ0CESGPW9JZX796NXD44P,01M1HNZ6677RWDEVPFK38R4HBH,1,1,1788375497669,TRUE,2026-09-02T18:57:50Z,2026-09-02T18:58:19Z,01M1HPRFFS08JGYEYQ2663GBG4,1788375469032
01M1HQ3KWHYZT0Y40FY5HB1R1J,01M1HNZ7HJEQPEYJ9VDNGQFHBJ,3,1,1788375564937,FALSE,2026-09-02T18:58:25Z,2026-09-02T18:59:22Z,01M1HPGH2ANZEVSJ1JAX6F81R8,1788375507824
01M1HQ3KWHYZT0Y40FY5HB1R1J,01M1HNZ7HJEQPEYJ9VDNGQFHBJ,3,1,1788375564937,FALSE,2026-09-02T18:58:25Z,2026-09-02T18:59:22Z,01M1HPFBMJRGKDJM0Z3BW7QWTC,1788375505357
01M1HQ8PGXMK9D2VN2RS9HSM3C,01M1HNZK6GZFFJ98G9C97SZE0A,22,2,NA,NA,NA,2026-09-02T18:49:25Z,NA,NA
01M1HPH1EAQC01CWV1EXNK2NA8,01M1HNZK6HB8AMTV47EJ1Q8XDP,7,1,1788374868144,TRUE,2026-09-02T18:47:07Z,2026-09-02T18:47:48Z,01M1HPC3N3BVQ1SZRGJQGY5ZS5,1788374826769
01M1HPH1EAQC01CWV1EXNK2NA8,01M1HNZK6HB8AMTV47EJ1Q8XDP,7,1,1788374868144,TRUE,2026-09-02T18:47:07Z,2026-09-02T18:47:48Z,01M1HPA9TPVS7WN8P6T2G1W2HR,1788374827427
01M1HPKAX2NEP70VHBY645BMJH,01M1HNZFMBG6JCPAHH8MQHWYV4,21,2,1788375358819,TRUE,2026-09-02T18:55:49Z,2026-09-02T18:55:58Z,01M1HP9SA626S2K4ZTXAJ11MCC,1788375350714
01M1HPKAX2NEP70VHBY645BMJH,01M1HNZFMBG6JCPAHH8MQHWYV4,21,2,1788375358819,TRUE,2026-09-02T18:55:49Z,2026-09-02T18:55:58Z,01M1HP97WG9TE403VJRZNNM0DT,1788375349798
01M1HQ8PFM10R8820JM3XX9YYK,01M1HNZK6GZFFJ98G9C97SZE0A,20,2,NA,NA,NA,2026-09-02T18:49:25Z,NA,NA
01M1HPH1GTZW97NRG1T7E9DEN6,01M1HNZK6HB8AMTV47EJ1Q8XDP,36,4,1788375730872,TRUE,2026-09-02T19:01:45Z,2026-09-02T19:02:10Z,01M1HPC3N3BVQ1SZRGJQGY5ZS5,1788375705553
01M1HPH1GTZW97NRG1T7E9DEN6,01M1HNZK6HB8AMTV47EJ1Q8XDP,36,4,1788375730872,TRUE,2026-09-02T19:01:45Z,2026-09-02T19:02:10Z,01M1HPA9TPVS7WN8P6T2G1W2HR,1788375705936
01M1HPH1GB682DNEWQ2EPHS497,01M1HNZK6HB8AMTV47EJ1Q8XDP,29,3,1788375549182,TRUE,2026-09-02T18:58:41Z,2026-09-02T18:59:09Z,01M1HPC3N3BVQ1SZRGJQGY5ZS5,1788375521542
01M1HPH1GB682DNEWQ2EPHS497,01M1HNZK6HB8AMTV47EJ1Q8XDP,29,3,1788375549182,TRUE,2026-09-02T18:58:41Z,2026-09-02T18:59:09Z,01M1HPA9TPVS7WN8P6T2G1W2HR,1788375521904
01M1HPH1GMSGCQ0V47ZCE3FJWN,01M1HNZK6HB8AMTV47EJ1Q8XDP,32,3,1788375618735,TRUE,2026-09-02T19:00:13Z,2026-09-02T19:00:18Z,01M1HPA9TPVS7WN8P6T2G1W2HR,1788375613763
01M1HPH1GMSGCQ0V47ZCE3FJWN,01M1HNZK6HB8AMTV47EJ1Q8XDP,32,3,1788375618735,TRUE,2026-09-02T19:00:13Z,2026-09-02T19:00:18Z,01M1HPC3N3BVQ1SZRGJQGY5ZS5,1788375613424
01M1HPM5NZXDRBC1AWEZW5ADT3,01M1HNZFMHJVBG3FH9MYVSDQDF,33,3,1788376572892,TRUE,2026-09-02T19:15:38Z,2026-09-02T19:16:12Z,01M1HP8XSEJHDCXHQNYH7CK7F6,1788376570743
01M1HPM5NZXDRBC1AWEZW5ADT3,01M1HNZFMHJVBG3FH9MYVSDQDF,33,3,1788376572892,TRUE,2026-09-02T19:15:38Z,2026-09-02T19:16:12Z,01M1HP9ADQT2DX2ZE8GFRT1BS4,1788376538701
01M1HPH1GA9M7DE0C0RM02R3KA,01M1HNZK6HB8AMTV47EJ1Q8XDP,28,3,1788375518455,TRUE,2026-09-02T18:58:19Z,2026-09-02T18:58:38Z,01M1HPC3N3BVQ1SZRGJQGY5ZS5,1788375498898
01M1HPH1GA9M7DE0C0RM02R3KA,01M1HNZK6HB8AMTV47EJ1Q8XDP,28,3,1788375518455,TRUE,2026-09-02T18:58:19Z,2026-09-02T18:58:38Z,01M1HPA9TPVS7WN8P6T2G1W2HR,1788375499478
01M1HPGHKHM4V6KA3KEZ5ZQHSY,01M1HNZFMDENM6D0TD5PFJYWRC,6,1,1788374793249,TRUE,2026-09-02T18:46:16Z,2026-09-02T18:46:30Z,01M1HP98VHD99F2PCDA37RKBQ7,1788374779389
01M1HPGHKHM4V6KA3KEZ5ZQHSY,01M1HNZFMDENM6D0TD5PFJYWRC,6,1,1788374793249,TRUE,2026-09-02T18:46:16Z,2026-09-02T18:46:30Z,01M1HP9FMWGKKR4F1ZX039Z0A2,1788374776733
01M1HQ0CNJD1ZE3V4P4T1ECQP8,01M1HNZ6677RWDEVPFK38R4HBH,34,3,1788376433899,TRUE,2026-09-02T19:13:39Z,2026-09-02T19:13:55Z,01M1HPRFFS08JGYEYQ2663GBG4,1788376417903
01M1HQ0CNJD1ZE3V4P4T1ECQP8,01M1HNZ6677RWDEVPFK38R4HBH,34,3,1788376433899,TRUE,2026-09-02T19:13:39Z,2026-09-02T19:13:55Z,01M1HPHKT60J7WMHXSWM7ZMT2Z,1788376419314
01M1HPGHHZ31J60DH54NWPPRXS,01M1HNZFMDENM6D0TD5PFJYWRC,0,1,1788374595953,TRUE,2026-09-02T18:42:48Z,2026-09-02T18:43:13Z,01M1HP98VHD99F2PCDA37RKBQ7,1788374571675
01M1HPGHHZ31J60DH54NWPPRXS,01M1HNZFMDENM6D0TD5PFJYWRC,0,1,1788374595953,TRUE,2026-09-02T18:42:48Z,2026-09-02T18:43:13Z,01M1HP9FMWGKKR4F1ZX039Z0A2,1788374568891
01M1HQ0CQ0AM5C7946TGZF281M,01M1HNZ6677RWDEVPFK38R4HBH,41,4,1788376565184,TRUE,2026-09-02T19:15:47Z,2026-09-02T19:16:06Z,01M1HPHKT60J7WMHXSWM7ZMT2Z,1788376547985
01M1HQ0CQ0AM5C7946TGZF281M,01M1HNZ6677RWDEVPFK38R4HBH,41,4,1788376565184,TRUE,2026-09-02T19:15:47Z,2026-09-02T19:16:06Z,01M1HPRFFS08JGYEYQ2663GBG4,1788376546525
01M1HQ0CHBRYXSB4CXZ6PEBYYV,01M1HNZ6677RWDEVPFK38R4HBH,10,1,1788375805402,TRUE,2026-09-02T19:03:01Z,2026-09-02T19:03:27Z,01M1HPRFFS08JGYEYQ2663GBG4,1788375780046
01M1HQ0CHBRYXSB4CXZ6PEBYYV,01M1HNZ6677RWDEVPFK38R4HBH,10,1,1788375805402,TRUE,2026-09-02T19:03:01Z,2026-09-02T19:03:27Z,01M1HPHKT60J7WMHXSWM7ZMT2Z,1788375781522
01M1HPM5HY3XSZY2C3DTWPVSJM,01M1HNZFMHJVBG3FH9MYVSDQDF,12,2,1788375691531,TRUE,2026-09-02T19:00:17Z,2026-09-02T19:01:00Z,01M1HP9ADQT2DX2ZE8GFRT1BS4,1788375617812
01M1HPM5HY3XSZY2C3DTWPVSJM,01M1HNZFMHJVBG3FH9MYVSDQDF,12,2,1788375691531,TRUE,2026-09-02T19:00:17Z,2026-09-02T19:01:00Z,01M1HP8XSEJHDCXHQNYH7CK7F6,1788375649100
01M1HPM5QKZWA6WS2Q8BBMP5T6,01M1HNZFMHJVBG3FH9MYVSDQDF,35,3,1788376662413,TRUE,2026-09-02T19:17:05Z,2026-09-02T19:17:42Z,01M1HP9ADQT2DX2ZE8GFRT1BS4,1788376625404
01M1HPM5QKZWA6WS2Q8BBMP5T6,01M1HNZFMHJVBG3FH9MYVSDQDF,35,3,1788376662413,TRUE,2026-09-02T19:17:05Z,2026-09-02T19:17:42Z,01M1HP8XSEJHDCXHQNYH7CK7F6,1788376656788
01M1HQ8PNSN4S5232S2ZZYB51T,01M1HNZK6GZFFJ98G9C97SZE0A,33,3,NA,NA,NA,2026-09-02T18:49:26Z,NA,NA
01M1HPKAYKVDR36AE7E52CD8XY,01M1HNZFMBG6JCPAHH8MQHWYV4,36,4,1788375561192,TRUE,2026-09-02T18:59:11Z,2026-09-02T18:59:21Z,01M1HP9SA626S2K4ZTXAJ11MCC,1788375552156
01M1HPKAYKVDR36AE7E52CD8XY,01M1HNZFMBG6JCPAHH8MQHWYV4,36,4,1788375561192,TRUE,2026-09-02T18:59:11Z,2026-09-02T18:59:21Z,01M1HP97WG9TE403VJRZNNM0DT,1788375551248
01M1HPKAXCP33E54MG6Y8TS6CN,01M1HNZFMBG6JCPAHH8MQHWYV4,7,1,1788375081826,TRUE,2026-09-02T18:50:55Z,2026-09-02T18:51:21Z,01M1HP97WG9TE403VJRZNNM0DT,1788375055355
01M1HPKAXCP33E54MG6Y8TS6CN,01M1HNZFMBG6JCPAHH8MQHWYV4,7,1,1788375081826,TRUE,2026-09-02T18:50:55Z,2026-09-02T18:51:21Z,01M1HP9SA626S2K4ZTXAJ11MCC,1788375056330
01M1HPWDT1PQTNPBTC1G6ASH67,01M1HNZK6DPR4P92Y2T8F5XDRV,12,2,1788376067924,TRUE,2026-09-02T19:07:07Z,2026-09-02T19:07:47Z,01M1HPDTQ6DQF1KFQDNT7DPSJD,1788375970613
01M1HPWDT1PQTNPBTC1G6ASH67,01M1HNZK6DPR4P92Y2T8F5XDRV,12,2,1788376067924,TRUE,2026-09-02T19:07:07Z,2026-09-02T19:07:47Z,01M1HPC7HN0GDEKJYZCJ22C0TN,1788376029052
01M1HPWDWH4AJ35FKXWVMVWAN6,01M1HNZK6DPR4P92Y2T8F5XDRV,41,4,1788376902450,TRUE,2026-09-02T19:22:24Z,2026-09-02T19:22:39Z,01M1HPC7HN0GDEKJYZCJ22C0TN,1788376945579
01M1HPWDWH4AJ35FKXWVMVWAN6,01M1HNZK6DPR4P92Y2T8F5XDRV,41,4,1788376902450,TRUE,2026-09-02T19:22:24Z,2026-09-02T19:22:39Z,01M1HPDTQ6DQF1KFQDNT7DPSJD,1788376887333
01M1HPKAWACR4PHME9CTHBM79J,01M1HNZFMBG6JCPAHH8MQHWYV4,14,2,1788375250579,TRUE,2026-09-02T18:53:52Z,2026-09-02T18:54:10Z,01M1HP97WG9TE403VJRZNNM0DT,1788375232507
01M1HPKAWACR4PHME9CTHBM79J,01M1HNZFMBG6JCPAHH8MQHWYV4,14,2,1788375250579,TRUE,2026-09-02T18:53:52Z,2026-09-02T18:54:10Z,01M1HP9SA626S2K4ZTXAJ11MCC,1788375233327
01M1HPWDN54D6767VWTZE602X3,01M1HNZK6DPR4P92Y2T8F5XDRV,24,3,1788376513724,FALSE,2026-09-02T19:14:12Z,2026-09-02T19:15:12Z,01M1HPDTQ6DQF1KFQDNT7DPSJD,1788376395772
01M1HPWDN54D6767VWTZE602X3,01M1HNZK6DPR4P92Y2T8F5XDRV,24,3,1788376513724,FALSE,2026-09-02T19:14:12Z,2026-09-02T19:15:12Z,01M1HPC7HN0GDEKJYZCJ22C0TN,1788376454074
01M1HQ8PJ9CS61X94ZGP6C88W2,01M1HNZK6GZFFJ98G9C97SZE0A,40,4,NA,NA,NA,2026-09-02T18:49:26Z,NA,NA
01M1HPKAWV51S3W6H8DPQC92AX,01M1HNZFMBG6JCPAHH8MQHWYV4,17,2,1788375303105,TRUE,2026-09-02T18:54:55Z,2026-09-02T18:55:02Z,01M1HP97WG9TE403VJRZNNM0DT,1788375295234
01M1HPKAWV51S3W6H8DPQC92AX,01M1HNZFMBG6JCPAHH8MQHWYV4,17,2,1788375303105,TRUE,2026-09-02T18:54:55Z,2026-09-02T18:55:02Z,01M1HP9SA626S2K4ZTXAJ11MCC,1788375296158
01M1HPWDTKGHAFCKPBR7810R3A,01M1HNZK6DPR4P92Y2T8F5XDRV,8,1,1788375885177,TRUE,2026-09-02T19:03:56Z,2026-09-02T19:04:44Z,01M1HPC7HN0GDEKJYZCJ22C0TN,1788375839869
01M1HPWDTKGHAFCKPBR7810R3A,01M1HNZK6DPR4P92Y2T8F5XDRV,8,1,1788375885177,TRUE,2026-09-02T19:03:56Z,2026-09-02T19:04:44Z,01M1HPDTQ6DQF1KFQDNT7DPSJD,1788375779782
01M1HQ8PFDRZ5Q0EE3ZNQ0CD9Q,01M1HNZK6GZFFJ98G9C97SZE0A,29,3,NA,NA,NA,2026-09-02T18:49:26Z,NA,NA
01M1HPKAYVZAMJSDNF0PESM29A,01M1HNZFMBG6JCPAHH8MQHWYV4,33,3,1788375519978,TRUE,2026-09-02T18:58:31Z,2026-09-02T18:58:39Z,01M1HP9SA626S2K4ZTXAJ11MCC,1788375512241
01M1HPKAYVZAMJSDNF0PESM29A,01M1HNZFMBG6JCPAHH8MQHWYV4,33,3,1788375519978,TRUE,2026-09-02T18:58:31Z,2026-09-02T18:58:39Z,01M1HP97WG9TE403VJRZNNM0DT,1788375511355
01M1HPKAY74P0EH4HR4TDVK4S1,01M1HNZFMBG6JCPAHH8MQHWYV4,41,4,1788375620403,TRUE,2026-09-02T19:00:12Z,2026-09-02T19:00:19Z,01M1HP97WG9TE403VJRZNNM0DT,1788375612731
01M1HPKAY74P0EH4HR4TDVK4S1,01M1HNZFMBG6JCPAHH8MQHWYV4,41,4,1788375620403,TRUE,2026-09-02T19:00:12Z,2026-09-02T19:00:19Z,01M1HP9SA626S2K4ZTXAJ11MCC,1788375613689
01M1HPWDVKW03CEFRZ9CSD1XD3,01M1HNZK6DPR4P92Y2T8F5XDRV,1,1,1788375478988,FALSE,2026-09-02T18:58:03Z,2026-09-02T18:58:55Z,01M1HPC7HN0GDEKJYZCJ22C0TN,1788375485383
01M1HPWDVKW03CEFRZ9CSD1XD3,01M1HNZK6DPR4P92Y2T8F5XDRV,1,1,1788375478988,FALSE,2026-09-02T18:58:03Z,2026-09-02T18:58:55Z,01M1HPDTQ6DQF1KFQDNT7DPSJD,1788375427119
01M1HPWDVP247J8C1BQE6Z5T46,01M1HNZK6DPR4P92Y2T8F5XDRV,0,1,1788375481661,FALSE,2026-09-02T18:57:06Z,2026-09-02T18:58:00Z,01M1HPC7HN0GDEKJYZCJ22C0TN,1788375428496
01M1HPWDVP247J8C1BQE6Z5T46,01M1HNZK6DPR4P92Y2T8F5XDRV,0,1,1788375481661,FALSE,2026-09-02T18:57:06Z,2026-09-02T18:58:00Z,01M1HPDTQ6DQF1KFQDNT7DPSJD,1788375370189
01M1HQ3M2QD7KYDZEGPXR451AE,01M1HNZ7HJEQPEYJ9VDNGQFHBJ,37,4,NA,FALSE,2026-09-02T19:23:20Z,2026-09-02T19:24:20Z,01M1HPGH2ANZEVSJ1JAX6F81R8,1788377003109
01M1HQ3M2QD7KYDZEGPXR451AE,01M1HNZ7HJEQPEYJ9VDNGQFHBJ,37,4,NA,FALSE,2026-09-02T19:23:20Z,2026-09-02T19:24:20Z,01M1HPFBMJRGKDJM0Z3BW7QWTC,1788377000618
01M1HPH1ERJKAYKY71KWDGYXHF,01M1HNZK6HB8AMTV47EJ1Q8XDP,10,1,1788374998728,TRUE,2026-09-02T18:49:13Z,2026-09-02T18:49:58Z,01M1HPA9TPVS7WN8P6T2G1W2HR,1788374954312
01M1HPH1ERJKAYKY71KWDGYXHF,01M1HNZK6HB8AMTV47EJ1Q8XDP,10,1,1788374998728,TRUE,2026-09-02T18:49:13Z,2026-09-02T18:49:58Z,01M1HPC3N3BVQ1SZRGJQGY5ZS5,1788374954161
01M1HPM5KFSXC8FRD6MFQG9PM0,01M1HNZFMHJVBG3FH9MYVSDQDF,45,4,1788377044043,TRUE,2026-09-02T19:23:20Z,2026-09-02T19:24:03Z,01M1HP8XSEJHDCXHQNYH7CK7F6,1788377031560
01M1HPM5KFSXC8FRD6MFQG9PM0,01M1HNZFMHJVBG3FH9MYVSDQDF,45,4,1788377044043,TRUE,2026-09-02T19:23:20Z,2026-09-02T19:24:03Z,01M1HP9ADQT2DX2ZE8GFRT1BS4,1788377000249
01M1HPVYEHK9Z94ZFJAD2Q1WQZ,01M1HNZ66BCC5C4CZAZZWHY7T3,6,1,NA,FALSE,2026-09-02T18:53:33Z,2026-09-02T18:54:33Z,01M1HP9VFD4XR4JMG6Y4DWDHD7,1788375213191
01M1HPVYEHK9Z94ZFJAD2Q1WQZ,01M1HNZ66BCC5C4CZAZZWHY7T3,6,1,NA,FALSE,2026-09-02T18:53:33Z,2026-09-02T18:54:33Z,01M1HPA154BP985TBAEA8N74S5,1788375214902
01M1HQ8PQQWFR882TV1F5QJ6GS,01M1HNZK6GZFFJ98G9C97SZE0A,45,4,NA,NA,NA,2026-09-02T18:49:26Z,NA,NA
01M1HPKAYZ4R0R0VWX4800HR19,01M1HNZFMBG6JCPAHH8MQHWYV4,31,3,1788375497481,TRUE,2026-09-02T18:58:08Z,2026-09-02T18:58:16Z,01M1HP97WG9TE403VJRZNNM0DT,1788375488159
01M1HPKAYZ4R0R0VWX4800HR19,01M1HNZFMBG6JCPAHH8MQHWYV4,31,3,1788375497481,TRUE,2026-09-02T18:58:08Z,2026-09-02T18:58:16Z,01M1HP9SA626S2K4ZTXAJ11MCC,1788375489173
01M1HPWDV6G332AQGKV3VXP309,01M1HNZK6DPR4P92Y2T8F5XDRV,3,1,1788375577471,TRUE,2026-09-02T18:59:55Z,2026-09-02T19:00:34Z,01M1HPC7HN0GDEKJYZCJ22C0TN,1788375597396
01M1HPWDV6G332AQGKV3VXP309,01M1HNZK6DPR4P92Y2T8F5XDRV,3,1,1788375577471,TRUE,2026-09-02T18:59:55Z,2026-09-02T19:00:34Z,01M1HPDTQ6DQF1KFQDNT7DPSJD,1788375538842
01M1HQ8PDEYQEKQ3C5VCCCNXFN,01M1HNZK6GZFFJ98G9C97SZE0A,9,1,NA,NA,NA,2026-09-02T18:49:25Z,NA,NA
01M1HPKAYXM4YJAJDGZJW81QX4,01M1HNZFMBG6JCPAHH8MQHWYV4,32,3,1788375507789,TRUE,2026-09-02T18:58:20Z,2026-09-02T18:58:28Z,01M1HP97WG9TE403VJRZNNM0DT,1788375500052
01M1HPKAYXM4YJAJDGZJW81QX4,01M1HNZFMBG6JCPAHH8MQHWYV4,32,3,1788375507789,TRUE,2026-09-02T18:58:20Z,2026-09-02T18:58:28Z,01M1HP9SA626S2K4ZTXAJ11MCC,1788375501046
01M1HPKAXT6D44DF57MDN5HVQR,01M1HNZFMBG6JCPAHH8MQHWYV4,4,1,1788375011464,TRUE,2026-09-02T18:49:50Z,2026-09-02T18:50:11Z,01M1HP9SA626S2K4ZTXAJ11MCC,1788374991829
01M1HPKAXT6D44DF57MDN5HVQR,01M1HNZFMBG6JCPAHH8MQHWYV4,4,1,1788375011464,TRUE,2026-09-02T18:49:50Z,2026-09-02T18:50:11Z,01M1HP97WG9TE403VJRZNNM0DT,1788374990932
01M1HPM5MHE793VCTD5HT23R2B,01M1HNZFMHJVBG3FH9MYVSDQDF,26,3,1788376275167,TRUE,2026-09-02T19:10:16Z,2026-09-02T19:10:43Z,01M1HP9ADQT2DX2ZE8GFRT1BS4,1788376216482
01M1HPM5MHE793VCTD5HT23R2B,01M1HNZFMHJVBG3FH9MYVSDQDF,26,3,1788376275167,TRUE,2026-09-02T19:10:16Z,2026-09-02T19:10:43Z,01M1HP8XSEJHDCXHQNYH7CK7F6,1788376247729
01M1HQ0CP5J1PWSJY6DVKZ3RBR,01M1HNZ6677RWDEVPFK38R4HBH,43,4,1788376601694,TRUE,2026-09-02T19:16:32Z,2026-09-02T19:16:43Z,01M1HPHKT60J7WMHXSWM7ZMT2Z,1788376593041
01M1HQ0CP5J1PWSJY6DVKZ3RBR,01M1HNZ6677RWDEVPFK38R4HBH,43,4,1788376601694,TRUE,2026-09-02T19:16:32Z,2026-09-02T19:16:43Z,01M1HPRFFS08JGYEYQ2663GBG4,1788376591599
01M1HQ8PR5A3S8V2SWKK4HERY9,01M1HNZK6GZFFJ98G9C97SZE0A,43,4,NA,NA,NA,2026-09-02T18:49:26Z,NA,NA
01M1HPH1FF31X42T3VZZVD0A2F,01M1HNZK6HB8AMTV47EJ1Q8XDP,19,2,1788375216212,TRUE,2026-09-02T18:53:01Z,2026-09-02T18:53:36Z,01M1HPA9TPVS7WN8P6T2G1W2HR,1788375182293
01M1HPH1FF31X42T3VZZVD0A2F,01M1HNZK6HB8AMTV47EJ1Q8XDP,19,2,1788375216212,TRUE,2026-09-02T18:53:01Z,2026-09-02T18:53:36Z,01M1HPC3N3BVQ1SZRGJQGY5ZS5,1788375181792
01M1HPM5HP40EM1XDVTJJMN69P,01M1HNZFMHJVBG3FH9MYVSDQDF,9,1,1788375549927,TRUE,2026-09-02T18:58:13Z,2026-09-02T18:59:09Z,01M1HP9ADQT2DX2ZE8GFRT1BS4,1788375493954
01M1HPM5HP40EM1XDVTJJMN69P,01M1HNZFMHJVBG3FH9MYVSDQDF,9,1,1788375549927,TRUE,2026-09-02T18:58:13Z,2026-09-02T18:59:09Z,01M1HP8XSEJHDCXHQNYH7CK7F6,1788375525250
01M1HQ3KWR1EDYVKY612ZCXXST,01M1HNZ7HJEQPEYJ9VDNGQFHBJ,4,1,1788375612490,TRUE,2026-09-02T18:59:26Z,2026-09-02T19:00:13Z,01M1HPGH2ANZEVSJ1JAX6F81R8,1788375568316
01M1HQ3KWR1EDYVKY612ZCXXST,01M1HNZ7HJEQPEYJ9VDNGQFHBJ,4,1,1788375612490,TRUE,2026-09-02T18:59:26Z,2026-09-02T19:00:13Z,01M1HPFBMJRGKDJM0Z3BW7QWTC,1788375565833
01M1HQ8P9SWK01DXPQWVK45NDT,01M1HNZK6GZFFJ98G9C97SZE0A,0,1,NA,FALSE,2026-09-02T19:06:42Z,2026-09-02T19:07:42Z,01M1HPRVJTQV5TPMVZ0TB1CZ2R,1788376002235
01M1HQ8PDJRJ2PJN32QCGJ5KSD,01M1HNZK6GZFFJ98G9C97SZE0A,8,1,NA,NA,NA,2026-09-02T18:49:25Z,NA,NA
01M1HPH1F0AC3RGKCQXGJSRBQH,01M1HNZK6HB8AMTV47EJ1Q8XDP,15,2,1788375098936,TRUE,2026-09-02T18:51:11Z,2026-09-02T18:51:39Z,01M1HPA9TPVS7WN8P6T2G1W2HR,1788375072229
01M1HPH1F0AC3RGKCQXGJSRBQH,01M1HNZK6HB8AMTV47EJ1Q8XDP,15,2,1788375098936,TRUE,2026-09-02T18:51:11Z,2026-09-02T18:51:39Z,01M1HPC3N3BVQ1SZRGJQGY5ZS5,1788375071589
01M1HQ3M4TTYAKB5TMTCXPWPNG,01M1HNZ7HJEQPEYJ9VDNGQFHBJ,45,4,NA,FALSE,2026-09-02T19:29:36Z,2026-09-02T19:30:36Z,01M1HPGH2ANZEVSJ1JAX6F81R8,1788377378852
01M1HQ3M4TTYAKB5TMTCXPWPNG,01M1HNZ7HJEQPEYJ9VDNGQFHBJ,45,4,NA,FALSE,2026-09-02T19:29:36Z,2026-09-02T19:30:36Z,01M1HPFBMJRGKDJM0Z3BW7QWTC,1788377379420
01M1HQ3KXSE447RSYEPDMKTXYC,01M1HNZ7HJEQPEYJ9VDNGQFHBJ,14,2,1788376113607,FALSE,2026-09-02T19:08:13Z,2026-09-02T19:08:34Z,01M1HPFBMJRGKDJM0Z3BW7QWTC,1788376094027
01M1HQ3KXSE447RSYEPDMKTXYC,01M1HNZ7HJEQPEYJ9VDNGQFHBJ,14,2,1788376113607,FALSE,2026-09-02T19:08:13Z,2026-09-02T19:08:34Z,01M1HPGH2ANZEVSJ1JAX6F81R8,1788376095771
01M1HPGHNZWCBM4767YFTFQWE3,01M1HNZFMDENM6D0TD5PFJYWRC,40,4,1788375668809,TRUE,2026-09-02T19:00:37Z,2026-09-02T19:01:06Z,01M1HP98VHD99F2PCDA37RKBQ7,1788375639785
01M1HPGHNZWCBM4767YFTFQWE3,01M1HNZFMDENM6D0TD5PFJYWRC,40,4,1788375668809,TRUE,2026-09-02T19:00:37Z,2026-09-02T19:01:06Z,01M1HP9FMWGKKR4F1ZX039Z0A2,1788375637008
01M1HPGHMR02WRHBDMTHGD6B06,01M1HNZFMDENM6D0TD5PFJYWRC,44,4,1788375739893,TRUE,2026-09-02T19:02:02Z,2026-09-02T19:02:17Z,01M1HP9FMWGKKR4F1ZX039Z0A2,1788375722239
01M1HPGHMR02WRHBDMTHGD6B06,01M1HNZFMDENM6D0TD5PFJYWRC,44,4,1788375739893,TRUE,2026-09-02T19:02:02Z,2026-09-02T19:02:17Z,01M1HP98VHD99F2PCDA37RKBQ7,1788375725017
01M1HQ3KYJYMYS2D3WYZBEG982,01M1HNZ7HJEQPEYJ9VDNGQFHBJ,18,2,1788376296573,TRUE,2026-09-02T19:11:13Z,2026-09-02T19:11:37Z,01M1HPGH2ANZEVSJ1JAX6F81R8,1788376275466
01M1HQ3KYJYMYS2D3WYZBEG982,01M1HNZ7HJEQPEYJ9VDNGQFHBJ,18,2,1788376296573,TRUE,2026-09-02T19:11:13Z,2026-09-02T19:11:37Z,01M1HPFBMJRGKDJM0Z3BW7QWTC,1788376273347
01M1HQ3M2E9HJ18PGP36ZXQR8C,01M1HNZ7HJEQPEYJ9VDNGQFHBJ,36,4,1788376996745,FALSE,2026-09-02T19:22:41Z,2026-09-02T19:23:17Z,01M1HPFBMJRGKDJM0Z3BW7QWTC,1788376961518
01M1HQ3M2E9HJ18PGP36ZXQR8C,01M1HNZ7HJEQPEYJ9VDNGQFHBJ,36,4,1788376996745,FALSE,2026-09-02T19:22:41Z,2026-09-02T19:23:17Z,01M1HPGH2ANZEVSJ1JAX6F81R8,1788376963911
01M1HPKAXRNMM2A2RJ6EBJWWZQ,01M1HNZFMBG6JCPAHH8MQHWYV4,5,1,1788375030800,TRUE,2026-09-02T18:50:14Z,2026-09-02T18:50:30Z,01M1HP9SA626S2K4ZTXAJ11MCC,1788375015881
01M1HPKAXRNMM2A2RJ6EBJWWZQ,01M1HNZFMBG6JCPAHH8MQHWYV4,5,1,1788375030800,TRUE,2026-09-02T18:50:14Z,2026-09-02T18:50:30Z,01M1HP97WG9TE403VJRZNNM0DT,1788375014953
01M1HQ8PHMJ5GSV1B71W0ZE2FY,01M1HNZK6GZFFJ98G9C97SZE0A,16,2,NA,NA,NA,2026-09-02T18:49:25Z,NA,NA
01M1HQ0CFHSQNHX8H2XY2293PH,01M1HNZ6677RWDEVPFK38R4HBH,12,2,1788375859647,FALSE,2026-09-02T19:03:53Z,2026-09-02T19:04:21Z,01M1HPHKT60J7WMHXSWM7ZMT2Z,1788375833856
01M1HQ0CFHSQNHX8H2XY2293PH,01M1HNZ6677RWDEVPFK38R4HBH,12,2,1788375859647,FALSE,2026-09-02T19:03:53Z,2026-09-02T19:04:21Z,01M1HPRFFS08JGYEYQ2663GBG4,1788375832435
01M1HPGHKJGQB2TQPV606N68WD,01M1HNZFMDENM6D0TD5PFJYWRC,14,2,1788375084363,TRUE,2026-09-02T18:50:45Z,2026-09-02T18:51:21Z,01M1HP98VHD99F2PCDA37RKBQ7,1788375048274
01M1HPGHKJGQB2TQPV606N68WD,01M1HNZFMDENM6D0TD5PFJYWRC,14,2,1788375084363,TRUE,2026-09-02T18:50:45Z,2026-09-02T18:51:21Z,01M1HP9FMWGKKR4F1ZX039Z0A2,1788375045492
01M1HPH1EXBGTE1JWARKQVSBZ0,01M1HNZK6HB8AMTV47EJ1Q8XDP,12,2,1788375040140,TRUE,2026-09-02T18:50:29Z,2026-09-02T18:50:40Z,01M1HPA9TPVS7WN8P6T2G1W2HR,1788375029665
01M1HPH1EXBGTE1JWARKQVSBZ0,01M1HNZK6HB8AMTV47EJ1Q8XDP,12,2,1788375040140,TRUE,2026-09-02T18:50:29Z,2026-09-02T18:50:40Z,01M1HPC3N3BVQ1SZRGJQGY5ZS5,1788375029022
01M1HQ8PHRXE9D45EEWZYS1Q9W,01M1HNZK6GZFFJ98G9C97SZE0A,42,4,NA,NA,NA,2026-09-02T18:49:26Z,NA,NA
01M1HPGHHYXSVB30JCCQDX0SEY,01M1HNZFMDENM6D0TD5PFJYWRC,1,1,1788374633174,TRUE,2026-09-02T18:43:16Z,2026-09-02T18:43:53Z,01M1HP9FMWGKKR4F1ZX039Z0A2,1788374596604
01M1HPGHHYXSVB30JCCQDX0SEY,01M1HNZFMDENM6D0TD5PFJYWRC,1,1,1788374633174,TRUE,2026-09-02T18:43:16Z,2026-09-02T18:43:53Z,01M1HP98VHD99F2PCDA37RKBQ7,1788374599243
01M1HPM5HEC35Y1ZZQAFZED7V1,01M1HNZFMHJVBG3FH9MYVSDQDF,5,1,1788375318944,FALSE,2026-09-02T18:54:25Z,2026-09-02T18:55:18Z,01M1HP9ADQT2DX2ZE8GFRT1BS4,1788375265380
01M1HPM5HEC35Y1ZZQAFZED7V1,01M1HNZFMHJVBG3FH9MYVSDQDF,5,1,1788375318944,FALSE,2026-09-02T18:54:25Z,2026-09-02T18:55:18Z,01M1HP8XSEJHDCXHQNYH7CK7F6,1788375296677
01M1HPM5KDZ5DMKQM8P7YABKDF,01M1HNZFMHJVBG3FH9MYVSDQDF,44,4,1788377027858,TRUE,2026-09-02T19:22:32Z,2026-09-02T19:23:16Z,01M1HP9ADQT2DX2ZE8GFRT1BS4,1788376952415
01M1HPM5KDZ5DMKQM8P7YABKDF,01M1HNZFMHJVBG3FH9MYVSDQDF,44,4,1788377027858,TRUE,2026-09-02T19:22:32Z,2026-09-02T19:23:16Z,01M1HP8XSEJHDCXHQNYH7CK7F6,1788376983745
01M1HPWDS7AM3407EKKCRVQG49,01M1HNZK6DPR4P92Y2T8F5XDRV,16,2,1788376223939,TRUE,2026-09-02T19:09:43Z,2026-09-02T19:10:23Z,01M1HPC7HN0GDEKJYZCJ22C0TN,1788376184996
01M1HPWDS7AM3407EKKCRVQG49,01M1HNZK6DPR4P92Y2T8F5XDRV,16,2,1788376223939,TRUE,2026-09-02T19:09:43Z,2026-09-02T19:10:23Z,01M1HPDTQ6DQF1KFQDNT7DPSJD,1788376126356
01M1HQ8PDW35HEW41N1CRGWJPC,01M1HNZK6GZFFJ98G9C97SZE0A,6,1,NA,NA,NA,2026-09-02T18:49:25Z,NA,NA
01M1HQ8PFSKYQ4M55AZVMX7THD,01M1HNZK6GZFFJ98G9C97SZE0A,28,3,NA,NA,NA,2026-09-02T18:49:26Z,NA,NA
01M1HPH1HPXGNZWRSRTJCBEA4J,01M1HNZK6HB8AMTV47EJ1Q8XDP,45,4,1788375928852,TRUE,2026-09-02T19:05:03Z,2026-09-02T19:05:29Z,01M1HPA9TPVS7WN8P6T2G1W2HR,1788375903547
01M1HPH1HPXGNZWRSRTJCBEA4J,01M1HNZK6HB8AMTV47EJ1Q8XDP,45,4,1788375928852,TRUE,2026-09-02T19:05:03Z,2026-09-02T19:05:29Z,01M1HPC3N3BVQ1SZRGJQGY5ZS5,1788375903181
01M1HPWDTDD1B9G435NVQDNA7C,01M1HNZK6DPR4P92Y2T8F5XDRV,10,1,1788375980611,TRUE,2026-09-02T19:05:42Z,2026-09-02T19:06:20Z,01M1HPC7HN0GDEKJYZCJ22C0TN,1788375944593
01M1HPWDTDD1B9G435NVQDNA7C,01M1HNZK6DPR4P92Y2T8F5XDRV,10,1,1788375980611,TRUE,2026-09-02T19:05:42Z,2026-09-02T19:06:20Z,01M1HPDTQ6DQF1KFQDNT7DPSJD,1788375885957
01M1HPKAWD13TTHN8MKVE0ME91,01M1HNZFMBG6JCPAHH8MQHWYV4,12,2,1788375213252,TRUE,2026-09-02T18:53:07Z,2026-09-02T18:53:33Z,01M1HP9SA626S2K4ZTXAJ11MCC,1788375188424
01M1HPKAWD13TTHN8MKVE0ME91,01M1HNZFMBG6JCPAHH8MQHWYV4,12,2,1788375213252,TRUE,2026-09-02T18:53:07Z,2026-09-02T18:53:33Z,01M1HP97WG9TE403VJRZNNM0DT,1788375187497
01M1HPGHSQV1FFCCACMDJDG4GV,01M1HNZFMDENM6D0TD5PFJYWRC,39,4,1788375633618,TRUE,2026-09-02T19:00:23Z,2026-09-02T19:00:33Z,01M1HP9FMWGKKR4F1ZX039Z0A2,1788375623304
01M1HPGHSQV1FFCCACMDJDG4GV,01M1HNZFMDENM6D0TD5PFJYWRC,39,4,1788375633618,TRUE,2026-09-02T19:00:23Z,2026-09-02T19:00:33Z,01M1HP98VHD99F2PCDA37RKBQ7,1788375626081
01M1HPH1G47XWCXYTD7NM4G3VA,01M1HNZK6HB8AMTV47EJ1Q8XDP,24,3,1788375385234,TRUE,2026-09-02T18:56:17Z,2026-09-02T18:56:25Z,01M1HPC3N3BVQ1SZRGJQGY5ZS5,1788375377757
01M1HPH1G47XWCXYTD7NM4G3VA,01M1HNZK6HB8AMTV47EJ1Q8XDP,24,3,1788375385234,TRUE,2026-09-02T18:56:17Z,2026-09-02T18:56:25Z,01M1HPA9TPVS7WN8P6T2G1W2HR,1788375378202
01M1HQ0CP20PG4HNB1ZEPQXVNP,01M1HNZ6677RWDEVPFK38R4HBH,44,4,1788376615879,TRUE,2026-09-02T19:16:46Z,2026-09-02T19:16:58Z,01M1HPRFFS08JGYEYQ2663GBG4,1788376605160
01M1HQ0CP20PG4HNB1ZEPQXVNP,01M1HNZ6677RWDEVPFK38R4HBH,44,4,1788376615879,TRUE,2026-09-02T19:16:46Z,2026-09-02T19:16:58Z,01M1HPHKT60J7WMHXSWM7ZMT2Z,1788376606792
01M1HQ3KZVXHNWEYDWV9PYV1W0,01M1HNZ7HJEQPEYJ9VDNGQFHBJ,26,3,1788376644763,TRUE,2026-09-02T19:17:06Z,2026-09-02T19:17:25Z,01M1HPFBMJRGKDJM0Z3BW7QWTC,1788376626117
01M1HQ3KZVXHNWEYDWV9PYV1W0,01M1HNZ7HJEQPEYJ9VDNGQFHBJ,26,3,1788376644763,TRUE,2026-09-02T19:17:06Z,2026-09-02T19:17:25Z,01M1HPGH2ANZEVSJ1JAX6F81R8,1788376628344
01M1HPGHRQ7526GFMHBFJ1VZCB,01M1HNZFMDENM6D0TD5PFJYWRC,29,3,1788375428760,TRUE,2026-09-02T18:56:58Z,2026-09-02T18:57:08Z,01M1HP98VHD99F2PCDA37RKBQ7,1788375420988
01M1HPGHRQ7526GFMHBFJ1VZCB,01M1HNZFMDENM6D0TD5PFJYWRC,29,3,1788375428760,TRUE,2026-09-02T18:56:58Z,2026-09-02T18:57:08Z,01M1HP9FMWGKKR4F1ZX039Z0A2,1788375418277
01M1HPM5N6JF9BC8YMGKWRBKC3,01M1HNZFMHJVBG3FH9MYVSDQDF,29,3,1788376395371,TRUE,2026-09-02T19:12:37Z,2026-09-02T19:13:15Z,01M1HP9ADQT2DX2ZE8GFRT1BS4,1788376357277
01M1HPM5N6JF9BC8YMGKWRBKC3,01M1HNZFMHJVBG3FH9MYVSDQDF,29,3,1788376395371,TRUE,2026-09-02T19:12:37Z,2026-09-02T19:13:15Z,01M1HP8XSEJHDCXHQNYH7CK7F6,1788376388557
01M1HPVYDNKXPZY2P7CZ43XJGY,01M1HNZ66BCC5C4CZAZZWHY7T3,14,2,1788375629533,TRUE,2026-09-02T18:59:44Z,2026-09-02T19:00:29Z,01M1HP9VFD4XR4JMG6Y4DWDHD7,1788375584243
01M1HPVYDNKXPZY2P7CZ43XJGY,01M1HNZ66BCC5C4CZAZZWHY7T3,14,2,1788375629533,TRUE,2026-09-02T18:59:44Z,2026-09-02T19:00:29Z,01M1HPA154BP985TBAEA8N74S5,1788375585954
01M1HPH1EV6Q9CFF1KQAK1KVPF,01M1HNZK6HB8AMTV47EJ1Q8XDP,11,1,1788375025640,TRUE,2026-09-02T18:50:02Z,2026-09-02T18:50:26Z,01M1HPC3N3BVQ1SZRGJQGY5ZS5,1788375001753
01M1HPH1EV6Q9CFF1KQAK1KVPF,01M1HNZK6HB8AMTV47EJ1Q8XDP,11,1,1788375025640,TRUE,2026-09-02T18:50:02Z,2026-09-02T18:50:26Z,01M1HPA9TPVS7WN8P6T2G1W2HR,1788375002331
01M1HPKAXAS88JMTFGQ9V1DWAC,01M1HNZFMBG6JCPAHH8MQHWYV4,9,1,1788375144684,TRUE,2026-09-02T18:52:09Z,2026-09-02T18:52:23Z,01M1HP97WG9TE403VJRZNNM0DT,1788375129141
01M1HPKAXAS88JMTFGQ9V1DWAC,01M1HNZFMBG6JCPAHH8MQHWYV4,9,1,1788375144684,TRUE,2026-09-02T18:52:09Z,2026-09-02T18:52:23Z,01M1HP9SA626S2K4ZTXAJ11MCC,1788375130056
01M1HPGHQZRAXBNHNK8F1FV41V,01M1HNZFMDENM6D0TD5PFJYWRC,33,3,1788375523094,TRUE,2026-09-02T18:58:34Z,2026-09-02T18:58:43Z,01M1HP98VHD99F2PCDA37RKBQ7,1788375516841
01M1HPGHQZRAXBNHNK8F1FV41V,01M1HNZFMDENM6D0TD5PFJYWRC,33,3,1788375523094,TRUE,2026-09-02T18:58:34Z,2026-09-02T18:58:43Z,01M1HP9FMWGKKR4F1ZX039Z0A2,1788375514055
01M1HPM5HT1413S9S5SV70YEEW,01M1HNZFMHJVBG3FH9MYVSDQDF,10,1,1788375612029,TRUE,2026-09-02T18:59:13Z,2026-09-02T18:59:40Z,01M1HP9ADQT2DX2ZE8GFRT1BS4,1788375553410
01M1HPM5HT1413S9S5SV70YEEW,01M1HNZFMHJVBG3FH9MYVSDQDF,10,1,1788375612029,TRUE,2026-09-02T18:59:13Z,2026-09-02T18:59:40Z,01M1HP8XSEJHDCXHQNYH7CK7F6,1788375584631
01M1HQ3M1NG83Y9TCK61S05MEM,01M1HNZ7HJEQPEYJ9VDNGQFHBJ,33,3,1788376875323,FALSE,2026-09-02T19:20:43Z,2026-09-02T19:21:13Z,01M1HPGH2ANZEVSJ1JAX6F81R8,1788376845400
01M1HQ3M1NG83Y9TCK61S05MEM,01M1HNZ7HJEQPEYJ9VDNGQFHBJ,33,3,1788376875323,FALSE,2026-09-02T19:20:43Z,2026-09-02T19:21:13Z,01M1HPFBMJRGKDJM0Z3BW7QWTC,1788376843214
01M1HQ8PJJ9ZJY771YF1G7HAWP,01M1HNZK6GZFFJ98G9C97SZE0A,39,4,NA,NA,NA,2026-09-02T18:49:26Z,NA,NA
01M1HPH1H2BG2WXRZQQ7PZ13RN,01M1HNZK6HB8AMTV47EJ1Q8XDP,40,4,1788375841029,TRUE,2026-09-02T19:03:40Z,2026-09-02T19:04:00Z,01M1HPA9TPVS7WN8P6T2G1W2HR,1788375820984
01M1HPH1H2BG2WXRZQQ7PZ13RN,01M1HNZK6HB8AMTV47EJ1Q8XDP,40,4,1788375841029,TRUE,2026-09-02T19:03:40Z,2026-09-02T19:04:00Z,01M1HPC3N3BVQ1SZRGJQGY5ZS5,1788375820389
01M1HPVYHP5MTN23CE6E0XQA2E,01M1HNZ66BCC5C4CZAZZWHY7T3,30,3,1788376285906,TRUE,2026-09-02T19:10:37Z,2026-09-02T19:11:26Z,01M1HP9VFD4XR4JMG6Y4DWDHD7,1788376237483
01M1HPVYHP5MTN23CE6E0XQA2E,01M1HNZ66BCC5C4CZAZZWHY7T3,30,3,1788376285906,TRUE,2026-09-02T19:10:37Z,2026-09-02T19:11:26Z,01M1HPA154BP985TBAEA8N74S5,1788376239168
01M1HPWDWT5EWPTNZ8MP115JFZ,01M1HNZK6DPR4P92Y2T8F5XDRV,45,4,1788376981786,TRUE,2026-09-02T19:23:41Z,2026-09-02T19:23:58Z,01M1HPDTQ6DQF1KFQDNT7DPSJD,1788376964599
01M1HPWDWT5EWPTNZ8MP115JFZ,01M1HNZK6DPR4P92Y2T8F5XDRV,45,4,1788376981786,TRUE,2026-09-02T19:23:41Z,2026-09-02T19:23:58Z,01M1HPC7HN0GDEKJYZCJ22C0TN,1788377025311
01M1HQ8PG0EGGA0PYFBHDM65H7,01M1HNZK6GZFFJ98G9C97SZE0A,27,3,NA,NA,NA,2026-09-02T18:49:25Z,NA,NA
01M1HQ8PQ5VB9WSSTSD0WW3DDB,01M1HNZK6GZFFJ98G9C97SZE0A,31,3,NA,NA,NA,2026-09-02T18:49:26Z,NA,NA
01M1HPKAXXSMK6KHRFZSM80NVJ,01M1HNZFMBG6JCPAHH8MQHWYV4,3,1,1788374988436,TRUE,2026-09-02T18:49:23Z,2026-09-02T18:49:47Z,01M1HP97WG9TE403VJRZNNM0DT,1788374963439
01M1HPKAXXSMK6KHRFZSM80NVJ,01M1HNZFMBG6JCPAHH8MQHWYV4,3,1,1788374988436,TRUE,2026-09-02T18:49:23Z,2026-09-02T18:49:47Z,01M1HP9SA626S2K4ZTXAJ11MCC,1788374964477
01M1HQ3M248TB7S9SSC7CGXWEQ,01M1HNZ7HJEQPEYJ9VDNGQFHBJ,35,3,NA,FALSE,2026-09-02T19:21:38Z,2026-09-02T19:22:38Z,01M1HPFBMJRGKDJM0Z3BW7QWTC,1788376898815
01M1HQ3M248TB7S9SSC7CGXWEQ,01M1HNZ7HJEQPEYJ9VDNGQFHBJ,35,3,NA,FALSE,2026-09-02T19:21:38Z,2026-09-02T19:22:38Z,01M1HPGH2ANZEVSJ1JAX6F81R8,1788376900564
01M1HPKAXBSFRVM6SWHVYTJW92,01M1HNZFMBG6JCPAHH8MQHWYV4,8,1,1788375125564,TRUE,2026-09-02T18:51:24Z,2026-09-02T18:52:05Z,01M1HP97WG9TE403VJRZNNM0DT,1788375084342
01M1HPKAXBSFRVM6SWHVYTJW92,01M1HNZFMBG6JCPAHH8MQHWYV4,8,1,1788375125564,TRUE,2026-09-02T18:51:24Z,2026-09-02T18:52:05Z,01M1HP9SA626S2K4ZTXAJ11MCC,1788375085307
01M1HPM5HWPZWEAY80S30JBEBE,01M1HNZFMHJVBG3FH9MYVSDQDF,11,1,1788375614360,TRUE,2026-09-02T18:59:44Z,2026-09-02T19:00:14Z,01M1HP9ADQT2DX2ZE8GFRT1BS4,1788375584285
01M1HPM5HWPZWEAY80S30JBEBE,01M1HNZFMHJVBG3FH9MYVSDQDF,11,1,1788375614360,TRUE,2026-09-02T18:59:44Z,2026-09-02T19:00:14Z,01M1HP8XSEJHDCXHQNYH7CK7F6,1788375615582
01M1HPVYE5FF3QPZXQKAMK6ZKD,01M1HNZ66BCC5C4CZAZZWHY7T3,1,1,1788375049998,TRUE,2026-09-02T18:49:59Z,2026-09-02T18:50:48Z,01M1HP9VFD4XR4JMG6Y4DWDHD7,1788374999817
01M1HPVYE5FF3QPZXQKAMK6ZKD,01M1HNZ66BCC5C4CZAZZWHY7T3,1,1,1788375049998,TRUE,2026-09-02T18:49:59Z,2026-09-02T18:50:48Z,01M1HPA154BP985TBAEA8N74S5,1788375001537
01M1HPVYH139AY2J0HF0K5AKEB,01M1HNZ66BCC5C4CZAZZWHY7T3,26,3,1788376115033,TRUE,2026-09-02T19:08:00Z,2026-09-02T19:08:35Z,01M1HPA154BP985TBAEA8N74S5,1788376082271
01M1HPVYH139AY2J0HF0K5AKEB,01M1HNZ66BCC5C4CZAZZWHY7T3,26,3,1788376115033,TRUE,2026-09-02T19:08:00Z,2026-09-02T19:08:35Z,01M1HP9VFD4XR4JMG6Y4DWDHD7,1788376080589
01M1HQ0CK0VV3CES8DFT98KDG6,01M1HNZ6677RWDEVPFK38R4HBH,31,3,1788376356377,TRUE,2026-09-02T19:12:23Z,2026-09-02T19:12:37Z,01M1HPRFFS08JGYEYQ2663GBG4,1788376342583
01M1HQ0CK0VV3CES8DFT98KDG6,01M1HNZ6677RWDEVPFK38R4HBH,31,3,1788376356377,TRUE,2026-09-02T19:12:23Z,2026-09-02T19:12:37Z,01M1HPHKT60J7WMHXSWM7ZMT2Z,1788376344154
01M1HPKAW8WRA2AN085T6R3XZ1,01M1HNZFMBG6JCPAHH8MQHWYV4,2,1,1788374959960,TRUE,2026-09-02T18:49:00Z,2026-09-02T18:49:20Z,01M1HP97WG9TE403VJRZNNM0DT,1788374939969
01M1HPKAW8WRA2AN085T6R3XZ1,01M1HNZFMBG6JCPAHH8MQHWYV4,2,1,1788374959960,TRUE,2026-09-02T18:49:00Z,2026-09-02T18:49:20Z,01M1HP9SA626S2K4ZTXAJ11MCC,1788374941026
01M1HPH1DW7RFQ410FPPATAJAX,01M1HNZK6HB8AMTV47EJ1Q8XDP,5,1,1788374792762,TRUE,2026-09-02T18:45:55Z,2026-09-02T18:46:33Z,01M1HPA9TPVS7WN8P6T2G1W2HR,1788374756048
01M1HPH1DW7RFQ410FPPATAJAX,01M1HNZK6HB8AMTV47EJ1Q8XDP,5,1,1788374792762,TRUE,2026-09-02T18:45:55Z,2026-09-02T18:46:33Z,01M1HPC3N3BVQ1SZRGJQGY5ZS5,1788374755696
01M1HPVYDW2RPVNRQ695EESGJT,01M1HNZ66BCC5C4CZAZZWHY7T3,47,4,1788376889358,TRUE,2026-09-02T19:21:09Z,2026-09-02T19:21:28Z,01M1HP9VFD4XR4JMG6Y4DWDHD7,1788376872344
01M1HPVYDW2RPVNRQ695EESGJT,01M1HNZ66BCC5C4CZAZZWHY7T3,47,4,1788376889358,TRUE,2026-09-02T19:21:09Z,2026-09-02T19:21:28Z,01M1HPA154BP985TBAEA8N74S5,1788376871043
01M1HQ8PE3JSF4YJYSJ941DPCY,01M1HNZK6GZFFJ98G9C97SZE0A,4,1,NA,FALSE,2026-09-02T19:10:55Z,2026-09-02T19:11:55Z,01M1HPRVJTQV5TPMVZ0TB1CZ2R,1788376255549
01M1HPGHQPRQZ8R6XWJGQ30YH8,01M1HNZFMDENM6D0TD5PFJYWRC,37,4,1788375607334,TRUE,2026-09-02T18:59:56Z,2026-09-02T19:00:07Z,01M1HP98VHD99F2PCDA37RKBQ7,1788375599354
01M1HPGHQPRQZ8R6XWJGQ30YH8,01M1HNZFMDENM6D0TD5PFJYWRC,37,4,1788375607334,TRUE,2026-09-02T18:59:56Z,2026-09-02T19:00:07Z,01M1HP9FMWGKKR4F1ZX039Z0A2,1788375596577
01M1HPVYJDYPBGYXPP8G8TMK73,01M1HNZ66BCC5C4CZAZZWHY7T3,38,4,1788376569460,TRUE,2026-09-02T19:15:48Z,2026-09-02T19:16:09Z,01M1HPA154BP985TBAEA8N74S5,1788376550534
01M1HPVYJDYPBGYXPP8G8TMK73,01M1HNZ66BCC5C4CZAZZWHY7T3,38,4,1788376569460,TRUE,2026-09-02T19:15:48Z,2026-09-02T19:16:09Z,01M1HP9VFD4XR4JMG6Y4DWDHD7,1788376548810
01M1HPVYK5PG2KV6ZQZ90EMZH6,01M1HNZ66BCC5C4CZAZZWHY7T3,46,4,1788376865854,TRUE,2026-09-02T19:20:37Z,2026-09-02T19:21:06Z,01M1HPA154BP985TBAEA8N74S5,1788376838937
01M1HPVYK5PG2KV6ZQZ90EMZH6,01M1HNZ66BCC5C4CZAZZWHY7T3,46,4,1788376865854,TRUE,2026-09-02T19:20:37Z,2026-09-02T19:21:06Z,01M1HP9VFD4XR4JMG6Y4DWDHD7,1788376837281
01M1HQ0CH4W88W2CW0Q65XH46N,01M1HNZ6677RWDEVPFK38R4HBH,11,1,1788375829038,TRUE,2026-09-02T19:03:30Z,2026-09-02T19:03:50Z,01M1HPRFFS08JGYEYQ2663GBG4,1788375809469
01M1HQ0CH4W88W2CW0Q65XH46N,01M1HNZ6677RWDEVPFK38R4HBH,11,1,1788375829038,TRUE,2026-09-02T19:03:30Z,2026-09-02T19:03:50Z,01M1HPHKT60J7WMHXSWM7ZMT2Z,1788375810781
01M1HQ0CKQT10K4YA05JDTCECM,01M1HNZ6677RWDEVPFK38R4HBH,25,3,1788376209354,TRUE,2026-09-02T19:09:59Z,2026-09-02T19:10:10Z,01M1HPHKT60J7WMHXSWM7ZMT2Z,1788376199420
01M1HQ0CKQT10K4YA05JDTCECM,01M1HNZ6677RWDEVPFK38R4HBH,25,3,1788376209354,TRUE,2026-09-02T19:09:59Z,2026-09-02T19:10:10Z,01M1HPRFFS08JGYEYQ2663GBG4,1788376197980
01M1HQ0CNDESN6V3K35E8M44ZY,01M1HNZ6677RWDEVPFK38R4HBH,35,3,1788376447208,TRUE,2026-09-02T19:13:59Z,2026-09-02T19:14:08Z,01M1HPRFFS08JGYEYQ2663GBG4,1788376438082
01M1HQ0CNDESN6V3K35E8M44ZY,01M1HNZ6677RWDEVPFK38R4HBH,35,3,1788376447208,TRUE,2026-09-02T19:13:59Z,2026-09-02T19:14:08Z,01M1HPHKT60J7WMHXSWM7ZMT2Z,1788376439404
01M1HPVYEADW7BNBFMXYNT1ASR,01M1HNZ66BCC5C4CZAZZWHY7T3,4,1,1788375174286,TRUE,2026-09-02T18:52:06Z,2026-09-02T18:52:54Z,01M1HP9VFD4XR4JMG6Y4DWDHD7,1788375126146
01M1HPVYEADW7BNBFMXYNT1ASR,01M1HNZ66BCC5C4CZAZZWHY7T3,4,1,1788375174286,TRUE,2026-09-02T18:52:06Z,2026-09-02T18:52:54Z,01M1HPA154BP985TBAEA8N74S5,1788375127837
01M1HPVYJZCB8P2G0VQK9BMA86,01M1HNZ66BCC5C4CZAZZWHY7T3,44,4,1788376805243,TRUE,2026-09-02T19:19:27Z,2026-09-02T19:20:05Z,01M1HP9VFD4XR4JMG6Y4DWDHD7,1788376767547
01M1HPVYJZCB8P2G0VQK9BMA86,01M1HNZ66BCC5C4CZAZZWHY7T3,44,4,1788376805243,TRUE,2026-09-02T19:19:27Z,2026-09-02T19:20:05Z,01M1HPA154BP985TBAEA8N74S5,1788376769201
01M1HQ3KWD2VAV85AXVSC9R7QT,01M1HNZ7HJEQPEYJ9VDNGQFHBJ,2,1,1788375501331,TRUE,2026-09-02T18:57:39Z,2026-09-02T18:58:22Z,01M1HPGH2ANZEVSJ1JAX6F81R8,1788375462040
01M1HQ3KWD2VAV85AXVSC9R7QT,01M1HNZ7HJEQPEYJ9VDNGQFHBJ,2,1,1788375501331,TRUE,2026-09-02T18:57:39Z,2026-09-02T18:58:22Z,01M1HPFBMJRGKDJM0Z3BW7QWTC,1788375459570
01M1HQ3KZ9CEN4ZBTAJ0WBNEM3,01M1HNZ7HJEQPEYJ9VDNGQFHBJ,22,2,1788376505635,TRUE,2026-09-02T19:14:50Z,2026-09-02T19:15:05Z,01M1HPFBMJRGKDJM0Z3BW7QWTC,1788376490672
01M1HQ3KZ9CEN4ZBTAJ0WBNEM3,01M1HNZ7HJEQPEYJ9VDNGQFHBJ,22,2,1788376505635,TRUE,2026-09-02T19:14:50Z,2026-09-02T19:15:05Z,01M1HPGH2ANZEVSJ1JAX6F81R8,1788376492848
01M1HQ8PN737SNEYY5A62DPD9N,01M1HNZK6GZFFJ98G9C97SZE0A,12,2,NA,NA,NA,2026-09-02T18:49:25Z,NA,NA
01M1HPGHQ7C8XVYX80866R3F1N,01M1HNZFMDENM6D0TD5PFJYWRC,20,2,1788375244693,TRUE,2026-09-02T18:53:49Z,2026-09-02T18:54:01Z,01M1HP9FMWGKKR4F1ZX039Z0A2,1788375229857
01M1HPGHQ7C8XVYX80866R3F1N,01M1HNZFMDENM6D0TD5PFJYWRC,20,2,1788375244693,TRUE,2026-09-02T18:53:49Z,2026-09-02T18:54:01Z,01M1HP98VHD99F2PCDA37RKBQ7,1788375232588
01M1HPVYDYN2A3PKGHDEGWT4K8,01M1HNZ66BCC5C4CZAZZWHY7T3,17,2,1788375754303,TRUE,2026-09-02T19:02:01Z,2026-09-02T19:02:32Z,01M1HP9VFD4XR4JMG6Y4DWDHD7,1788375721630
01M1HPVYDYN2A3PKGHDEGWT4K8,01M1HNZ66BCC5C4CZAZZWHY7T3,17,2,1788375754303,TRUE,2026-09-02T19:02:01Z,2026-09-02T19:02:32Z,01M1HPA154BP985TBAEA8N74S5,1788375723247
01M1HQ0CPVDX4H8MEDWZ44JNZV,01M1HNZ6677RWDEVPFK38R4HBH,42,4,1788376588019,TRUE,2026-09-02T19:16:10Z,2026-09-02T19:16:29Z,01M1HPRFFS08JGYEYQ2663GBG4,1788376568942
01M1HQ0CPVDX4H8MEDWZ44JNZV,01M1HNZ6677RWDEVPFK38R4HBH,42,4,1788376588019,TRUE,2026-09-02T19:16:10Z,2026-09-02T19:16:29Z,01M1HPHKT60J7WMHXSWM7ZMT2Z,1788376570201
01M1HPM5H9FY8TS49WZS3HBDA8,01M1HNZFMHJVBG3FH9MYVSDQDF,3,1,1788375214516,TRUE,2026-09-02T18:53:05Z,2026-09-02T18:53:34Z,01M1HP9ADQT2DX2ZE8GFRT1BS4,1788375185916
01M1HPM5H9FY8TS49WZS3HBDA8,01M1HNZFMHJVBG3FH9MYVSDQDF,3,1,1788375214516,TRUE,2026-09-02T18:53:05Z,2026-09-02T18:53:34Z,01M1HP8XSEJHDCXHQNYH7CK7F6,1788375217236
01M1HPWDNWDCP34PX9WVR3QA6F,01M1HNZK6DPR4P92Y2T8F5XDRV,21,2,1788376327279,FALSE,2026-09-02T19:12:31Z,2026-09-02T19:13:04Z,01M1HPC7HN0GDEKJYZCJ22C0TN,1788376352890
01M1HPWDNWDCP34PX9WVR3QA6F,01M1HNZK6DPR4P92Y2T8F5XDRV,21,2,1788376327279,FALSE,2026-09-02T19:12:31Z,2026-09-02T19:13:04Z,01M1HPDTQ6DQF1KFQDNT7DPSJD,1788376294271
01M1HPH1DD9HH4CCJ4TC1DCVWB,01M1HNZK6HB8AMTV47EJ1Q8XDP,47,4,1788375996910,TRUE,2026-09-02T19:06:19Z,2026-09-02T19:06:37Z,01M1HPC3N3BVQ1SZRGJQGY5ZS5,1788375978914
01M1HPH1DD9HH4CCJ4TC1DCVWB,01M1HNZK6HB8AMTV47EJ1Q8XDP,47,4,1788375996910,TRUE,2026-09-02T19:06:19Z,2026-09-02T19:06:37Z,01M1HPA9TPVS7WN8P6T2G1W2HR,1788375979299
01M1HPM5HKBV4G70EW09QK7SS0,01M1HNZFMHJVBG3FH9MYVSDQDF,8,1,1788375521739,FALSE,2026-09-02T18:57:24Z,2026-09-02T18:58:10Z,01M1HP8XSEJHDCXHQNYH7CK7F6,1788375476253
01M1HPM5HKBV4G70EW09QK7SS0,01M1HNZFMHJVBG3FH9MYVSDQDF,8,1,1788375521739,FALSE,2026-09-02T18:57:24Z,2026-09-02T18:58:10Z,01M1HP9ADQT2DX2ZE8GFRT1BS4,1788375444941
01M1HPM5NAKQQDPFESEFV60SA0,01M1HNZFMHJVBG3FH9MYVSDQDF,30,3,1788376472368,TRUE,2026-09-02T19:13:18Z,2026-09-02T19:14:01Z,01M1HP8XSEJHDCXHQNYH7CK7F6,1788376430036
01M1HPM5NAKQQDPFESEFV60SA0,01M1HNZFMHJVBG3FH9MYVSDQDF,30,3,1788376472368,TRUE,2026-09-02T19:13:18Z,2026-09-02T19:14:01Z,01M1HP9ADQT2DX2ZE8GFRT1BS4,1788376398780
01M1HQ3KYQA85PS7ZHD5TQT9HJ,01M1HNZ7HJEQPEYJ9VDNGQFHBJ,19,2,NA,FALSE,2026-09-02T19:11:40Z,2026-09-02T19:12:40Z,01M1HPFBMJRGKDJM0Z3BW7QWTC,1788376300355
01M1HQ3KYQA85PS7ZHD5TQT9HJ,01M1HNZ7HJEQPEYJ9VDNGQFHBJ,19,2,NA,FALSE,2026-09-02T19:11:40Z,2026-09-02T19:12:40Z,01M1HPGH2ANZEVSJ1JAX6F81R8,1788376302873
01M1HQ8PKP5AJ2305Y8T4B0RHW,01M1HNZK6GZFFJ98G9C97SZE0A,35,3,NA,NA,NA,2026-09-02T18:49:26Z,NA,NA
01M1HPKAYRV0Y4V3G9CKTVVHPQ,01M1HNZFMBG6JCPAHH8MQHWYV4,34,3,1788375537817,TRUE,2026-09-02T18:58:42Z,2026-09-02T18:58:58Z,01M1HP97WG9TE403VJRZNNM0DT,1788375522499
01M1HPKAYRV0Y4V3G9CKTVVHPQ,01M1HNZFMBG6JCPAHH8MQHWYV4,34,3,1788375537817,TRUE,2026-09-02T18:58:42Z,2026-09-02T18:58:58Z,01M1HP9SA626S2K4ZTXAJ11MCC,1788375523475
01M1HPH1GQGNNTPWCAFNAHATQK,01M1HNZK6HB8AMTV47EJ1Q8XDP,34,3,1788375685420,TRUE,2026-09-02T19:01:05Z,2026-09-02T19:01:25Z,01M1HPC3N3BVQ1SZRGJQGY5ZS5,1788375664996
01M1HPH1GQGNNTPWCAFNAHATQK,01M1HNZK6HB8AMTV47EJ1Q8XDP,34,3,1788375685420,TRUE,2026-09-02T19:01:05Z,2026-09-02T19:01:25Z,01M1HPA9TPVS7WN8P6T2G1W2HR,1788375665618
01M1HPVYJA0VYQWKTVF0EB3E0R,01M1HNZ66BCC5C4CZAZZWHY7T3,37,4,1788376546915,TRUE,2026-09-02T19:15:21Z,2026-09-02T19:15:45Z,01M1HPA154BP985TBAEA8N74S5,1788376523203
01M1HPVYJA0VYQWKTVF0EB3E0R,01M1HNZ66BCC5C4CZAZZWHY7T3,37,4,1788376546915,TRUE,2026-09-02T19:15:21Z,2026-09-02T19:15:45Z,01M1HP9VFD4XR4JMG6Y4DWDHD7,1788376521460
01M1HQ3KXHKRCECKSCQQPZ9297,01M1HNZ7HJEQPEYJ9VDNGQFHBJ,12,2,1788376026183,TRUE,2026-09-02T19:06:49Z,2026-09-02T19:07:06Z,01M1HPFBMJRGKDJM0Z3BW7QWTC,1788376009378
01M1HQ3KXHKRCECKSCQQPZ9297,01M1HNZ7HJEQPEYJ9VDNGQFHBJ,12,2,1788376026183,TRUE,2026-09-02T19:06:49Z,2026-09-02T19:07:06Z,01M1HPGH2ANZEVSJ1JAX6F81R8,1788376011829
01M1HPGHM2EQCSZZZYTK9PT76W,01M1HNZFMDENM6D0TD5PFJYWRC,3,1,1788374720443,TRUE,2026-09-02T18:44:59Z,2026-09-02T18:45:20Z,01M1HP9FMWGKKR4F1ZX039Z0A2,1788374699568
01M1HPGHM2EQCSZZZYTK9PT76W,01M1HNZFMDENM6D0TD5PFJYWRC,3,1,1788374720443,TRUE,2026-09-02T18:44:59Z,2026-09-02T18:45:20Z,01M1HP98VHD99F2PCDA37RKBQ7,1788374702358
01M1HQ3M0RY4Z38M9A6S400BSF,01M1HNZ7HJEQPEYJ9VDNGQFHBJ,28,3,1788376697906,TRUE,2026-09-02T19:18:06Z,2026-09-02T19:18:18Z,01M1HPFBMJRGKDJM0Z3BW7QWTC,1788376687398
01M1HQ3M0RY4Z38M9A6S400BSF,01M1HNZ7HJEQPEYJ9VDNGQFHBJ,28,3,1788376697906,TRUE,2026-09-02T19:18:06Z,2026-09-02T19:18:18Z,01M1HPGH2ANZEVSJ1JAX6F81R8,1788376689286
01M1HPKAZ5M1VYJBWJ37PCDHP9,01M1HNZFMBG6JCPAHH8MQHWYV4,28,3,1788375461240,TRUE,2026-09-02T18:57:28Z,2026-09-02T18:57:41Z,01M1HP97WG9TE403VJRZNNM0DT,1788375448261
01M1HPKAZ5M1VYJBWJ37PCDHP9,01M1HNZFMBG6JCPAHH8MQHWYV4,28,3,1788375461240,TRUE,2026-09-02T18:57:28Z,2026-09-02T18:57:41Z,01M1HP9SA626S2K4ZTXAJ11MCC,1788375449539
01M1HPWDV9YGSN0QXPTG89TKCP,01M1HNZK6DPR4P92Y2T8F5XDRV,2,1,1788375592690,TRUE,2026-09-02T18:58:59Z,2026-09-02T18:59:52Z,01M1HPDTQ6DQF1KFQDNT7DPSJD,1788375482352
01M1HPWDV9YGSN0QXPTG89TKCP,01M1HNZK6DPR4P92Y2T8F5XDRV,2,1,1788375592690,TRUE,2026-09-02T18:58:59Z,2026-09-02T18:59:52Z,01M1HPC7HN0GDEKJYZCJ22C0TN,1788375540980
01M1HPWDW0BVH0YX90RNSAF9JJ,01M1HNZK6DPR4P92Y2T8F5XDRV,37,4,1788376821417,TRUE,2026-09-02T19:20:59Z,2026-09-02T19:21:18Z,01M1HPDTQ6DQF1KFQDNT7DPSJD,1788376802289
01M1HPWDW0BVH0YX90RNSAF9JJ,01M1HNZK6DPR4P92Y2T8F5XDRV,37,4,1788376821417,TRUE,2026-09-02T19:20:59Z,2026-09-02T19:21:18Z,01M1HPC7HN0GDEKJYZCJ22C0TN,1788376860761
01M1HQ3KVVJ4STV7KE27MFBVAM,01M1HNZ7HJEQPEYJ9VDNGQFHBJ,0,1,NA,FALSE,2026-09-02T18:55:33Z,2026-09-02T18:56:33Z,01M1HPGH2ANZEVSJ1JAX6F81R8,1788375335553
01M1HQ3KVVJ4STV7KE27MFBVAM,01M1HNZ7HJEQPEYJ9VDNGQFHBJ,0,1,NA,FALSE,2026-09-02T18:55:33Z,2026-09-02T18:56:33Z,01M1HPFBMJRGKDJM0Z3BW7QWTC,1788375333179
01M1HQ8PG7JEZXKND1J5NTSKGK,01M1HNZK6GZFFJ98G9C97SZE0A,26,3,NA,NA,NA,2026-09-02T18:49:25Z,NA,NA
01M1HPWDM4CS8P1JCD90B66SM7,01M1HNZK6DPR4P92Y2T8F5XDRV,32,3,1788376764474,TRUE,2026-09-02T19:18:58Z,2026-09-02T19:19:24Z,01M1HPC7HN0GDEKJYZCJ22C0TN,1788376739332
01M1HPWDM4CS8P1JCD90B66SM7,01M1HNZK6DPR4P92Y2T8F5XDRV,32,3,1788376764474,TRUE,2026-09-02T19:18:58Z,2026-09-02T19:19:24Z,01M1HPDTQ6DQF1KFQDNT7DPSJD,1788376681327
01M1HQ0CNT7152PHHHKWPAM9J8,01M1HNZ6677RWDEVPFK38R4HBH,46,4,1788376647714,TRUE,2026-09-02T19:17:16Z,2026-09-02T19:17:29Z,01M1HPHKT60J7WMHXSWM7ZMT2Z,1788376636853
01M1HQ0CNT7152PHHHKWPAM9J8,01M1HNZ6677RWDEVPFK38R4HBH,46,4,1788376647714,TRUE,2026-09-02T19:17:16Z,2026-09-02T19:17:29Z,01M1HPRFFS08JGYEYQ2663GBG4,1788376635412
01M1HPVYJSAFDEHASN280BA11B,01M1HNZ66BCC5C4CZAZZWHY7T3,42,4,1788376729479,TRUE,2026-09-02T19:17:53Z,2026-09-02T19:18:49Z,01M1HP9VFD4XR4JMG6Y4DWDHD7,1788376673521
01M1HPVYJSAFDEHASN280BA11B,01M1HNZ66BCC5C4CZAZZWHY7T3,42,4,1788376729479,TRUE,2026-09-02T19:17:53Z,2026-09-02T19:18:49Z,01M1HPA154BP985TBAEA8N74S5,1788376675150
01M1HPWDMAQ0P2H0W2ND7GZZNP,01M1HNZK6DPR4P92Y2T8F5XDRV,30,3,1788376707664,TRUE,2026-09-02T19:17:52Z,2026-09-02T19:18:27Z,01M1HPC7HN0GDEKJYZCJ22C0TN,1788376674198
01M1HPWDMAQ0P2H0W2ND7GZZNP,01M1HNZK6DPR4P92Y2T8F5XDRV,30,3,1788376707664,TRUE,2026-09-02T19:17:52Z,2026-09-02T19:18:27Z,01M1HPDTQ6DQF1KFQDNT7DPSJD,1788376615461
01M1HPWDMWF6GQTGDGA7M1EF5N,01M1HNZK6DPR4P92Y2T8F5XDRV,27,3,1788376561148,TRUE,2026-09-02T19:16:29Z,2026-09-02T19:16:58Z,01M1HPC7HN0GDEKJYZCJ22C0TN,1788376590885
01M1HPWDMWF6GQTGDGA7M1EF5N,01M1HNZK6DPR4P92Y2T8F5XDRV,27,3,1788376561148,TRUE,2026-09-02T19:16:29Z,2026-09-02T19:16:58Z,01M1HPDTQ6DQF1KFQDNT7DPSJD,1788376532740
01M1HPWDWWEAT5H018BVPTV5G7,01M1HNZK6DPR4P92Y2T8F5XDRV,46,4,1788377055091,TRUE,2026-09-02T19:24:01Z,2026-09-02T19:24:14Z,01M1HPC7HN0GDEKJYZCJ22C0TN,1788377043825
01M1HPWDWWEAT5H018BVPTV5G7,01M1HNZK6DPR4P92Y2T8F5XDRV,46,4,1788377055091,TRUE,2026-09-02T19:24:01Z,2026-09-02T19:24:14Z,01M1HPDTQ6DQF1KFQDNT7DPSJD,1788376985224
01M1HQ3M0DZ1TV1CEDAJCYPSK0,01M1HNZ7HJEQPEYJ9VDNGQFHBJ,5,1,NA,FALSE,2026-09-02T19:00:16Z,2026-09-02T19:01:16Z,01M1HPGH2ANZEVSJ1JAX6F81R8,1788375618694
01M1HQ3M0DZ1TV1CEDAJCYPSK0,01M1HNZ7HJEQPEYJ9VDNGQFHBJ,5,1,NA,FALSE,2026-09-02T19:00:16Z,2026-09-02T19:01:16Z,01M1HPFBMJRGKDJM0Z3BW7QWTC,1788375617309
01M1HPGHQ9A3YWV47TW1C0MWQT,01M1HNZFMDENM6D0TD5PFJYWRC,18,2,1788375200045,TRUE,2026-09-02T18:52:59Z,2026-09-02T18:53:17Z,01M1HP98VHD99F2PCDA37RKBQ7,1788375182115
01M1HPGHQ9A3YWV47TW1C0MWQT,01M1HNZFMDENM6D0TD5PFJYWRC,18,2,1788375200045,TRUE,2026-09-02T18:52:59Z,2026-09-02T18:53:17Z,01M1HP9FMWGKKR4F1ZX039Z0A2,1788375179331
01M1HPGHM5Z976D174G9HCRXZF,01M1HNZFMDENM6D0TD5PFJYWRC,8,1,1788374852223,TRUE,2026-09-02T18:46:58Z,2026-09-02T18:47:29Z,01M1HP98VHD99F2PCDA37RKBQ7,1788374821365
01M1HPGHM5Z976D174G9HCRXZF,01M1HNZFMDENM6D0TD5PFJYWRC,8,1,1788374852223,TRUE,2026-09-02T18:46:58Z,2026-09-02T18:47:29Z,01M1HP9FMWGKKR4F1ZX039Z0A2,1788374818616
01M1HPGHQ81XCTT6ZK7CCRBTY4,01M1HNZFMDENM6D0TD5PFJYWRC,19,2,1788375226446,TRUE,2026-09-02T18:53:20Z,2026-09-02T18:53:46Z,01M1HP9FMWGKKR4F1ZX039Z0A2,1788375200606
01M1HPGHQ81XCTT6ZK7CCRBTY4,01M1HNZFMDENM6D0TD5PFJYWRC,19,2,1788375226446,TRUE,2026-09-02T18:53:20Z,2026-09-02T18:53:46Z,01M1HP98VHD99F2PCDA37RKBQ7,1788375203386
01M1HQ3KX8GJ4XYZ3V9AMVDVBX,01M1HNZ7HJEQPEYJ9VDNGQFHBJ,11,1,NA,FALSE,2026-09-02T19:05:46Z,2026-09-02T19:06:46Z,01M1HPFBMJRGKDJM0Z3BW7QWTC,1788375946037
01M1HQ3KX8GJ4XYZ3V9AMVDVBX,01M1HNZ7HJEQPEYJ9VDNGQFHBJ,11,1,NA,FALSE,2026-09-02T19:05:46Z,2026-09-02T19:06:46Z,01M1HPGH2ANZEVSJ1JAX6F81R8,1788375948526
01M1HQ3M20FG9RZBNMSMKRCMD9,01M1HNZ7HJEQPEYJ9VDNGQFHBJ,34,3,1788376894281,TRUE,2026-09-02T19:21:16Z,2026-09-02T19:21:34Z,01M1HPFBMJRGKDJM0Z3BW7QWTC,1788376876563
01M1HQ3M20FG9RZBNMSMKRCMD9,01M1HNZ7HJEQPEYJ9VDNGQFHBJ,34,3,1788376894281,TRUE,2026-09-02T19:21:16Z,2026-09-02T19:21:34Z,01M1HPGH2ANZEVSJ1JAX6F81R8,1788376878874
01M1HPGHM4G9GVA92A7XW6Q19B,01M1HNZFMDENM6D0TD5PFJYWRC,10,1,1788374932763,TRUE,2026-09-02T18:48:09Z,2026-09-02T18:48:50Z,01M1HP9FMWGKKR4F1ZX039Z0A2,1788374889788
01M1HPGHM4G9GVA92A7XW6Q19B,01M1HNZFMDENM6D0TD5PFJYWRC,10,1,1788374932763,TRUE,2026-09-02T18:48:09Z,2026-09-02T18:48:50Z,01M1HP98VHD99F2PCDA37RKBQ7,1788374892571
01M1HPH1GVQ5F40YH8TC6S9873,01M1HNZK6HB8AMTV47EJ1Q8XDP,37,4,1788375756205,TRUE,2026-09-02T19:02:14Z,2026-09-02T19:02:36Z,01M1HPC3N3BVQ1SZRGJQGY5ZS5,1788375733822
01M1HPH1GVQ5F40YH8TC6S9873,01M1HNZK6HB8AMTV47EJ1Q8XDP,37,4,1788375756205,TRUE,2026-09-02T19:02:14Z,2026-09-02T19:02:36Z,01M1HPA9TPVS7WN8P6T2G1W2HR,1788375734343
01M1HPVYFPBRH08N0H0TQJKVK4,01M1HNZ66BCC5C4CZAZZWHY7T3,19,2,1788375841509,TRUE,2026-09-02T19:03:30Z,2026-09-02T19:04:00Z,01M1HP9VFD4XR4JMG6Y4DWDHD7,1788375810757
01M1HPVYFPBRH08N0H0TQJKVK4,01M1HNZ66BCC5C4CZAZZWHY7T3,19,2,1788375841509,TRUE,2026-09-02T19:03:30Z,2026-09-02T19:04:00Z,01M1HPA154BP985TBAEA8N74S5,1788375812460
01M1HQ0CKFJ7XYY286YHXBGESD,01M1HNZ6677RWDEVPFK38R4HBH,27,3,1788376259061,TRUE,2026-09-02T19:10:32Z,2026-09-02T19:11:00Z,01M1HPHKT60J7WMHXSWM7ZMT2Z,1788376233081
01M1HQ0CKFJ7XYY286YHXBGESD,01M1HNZ6677RWDEVPFK38R4HBH,27,3,1788376259061,TRUE,2026-09-02T19:10:32Z,2026-09-02T19:11:00Z,01M1HPRFFS08JGYEYQ2663GBG4,1788376231675
01M1HPGHM4G9GVA92A92G4KY18,01M1HNZFMDENM6D0TD5PFJYWRC,9,1,1788374886458,TRUE,2026-09-02T18:47:32Z,2026-09-02T18:48:06Z,01M1HP98VHD99F2PCDA37RKBQ7,1788374855551
01M1HPGHM4G9GVA92A92G4KY18,01M1HNZFMDENM6D0TD5PFJYWRC,9,1,1788374886458,TRUE,2026-09-02T18:47:32Z,2026-09-02T18:48:06Z,01M1HP9FMWGKKR4F1ZX039Z0A2,1788374852767
01M1HQ3M2YN4RR4CQKG5R0RQ0P,01M1HNZ7HJEQPEYJ9VDNGQFHBJ,38,4,NA,FALSE,2026-09-02T19:24:24Z,2026-09-02T19:25:24Z,01M1HPGH2ANZEVSJ1JAX6F81R8,1788377066503
01M1HQ3M2YN4RR4CQKG5R0RQ0P,01M1HNZ7HJEQPEYJ9VDNGQFHBJ,38,4,NA,FALSE,2026-09-02T19:24:24Z,2026-09-02T19:25:24Z,01M1HPFBMJRGKDJM0Z3BW7QWTC,1788377064003
01M1HQ8PF9WKKG71DBHWE8SEWT,01M1HNZK6GZFFJ98G9C97SZE0A,1,1,NA,FALSE,2026-09-02T19:07:45Z,2026-09-02T19:08:45Z,01M1HPRVJTQV5TPMVZ0TB1CZ2R,1788376065636
01M1HPWDT84JZHGAT8C0QV64NC,01M1HNZK6DPR4P92Y2T8F5XDRV,11,1,1788375967232,TRUE,2026-09-02T19:06:23Z,2026-09-02T19:07:04Z,01M1HPDTQ6DQF1KFQDNT7DPSJD,1788375926949
01M1HPWDT84JZHGAT8C0QV64NC,01M1HNZK6DPR4P92Y2T8F5XDRV,11,1,1788375967232,TRUE,2026-09-02T19:06:23Z,2026-09-02T19:07:04Z,01M1HPC7HN0GDEKJYZCJ22C0TN,1788375985670
01M1HPVYDTTP43J4A0TWF4EMSV,01M1HNZ66BCC5C4CZAZZWHY7T3,16,2,1788375718080,TRUE,2026-09-02T19:01:15Z,2026-09-02T19:01:58Z,01M1HP9VFD4XR4JMG6Y4DWDHD7,1788375675147
01M1HPVYDTTP43J4A0TWF4EMSV,01M1HNZ66BCC5C4CZAZZWHY7T3,16,2,1788375718080,TRUE,2026-09-02T19:01:15Z,2026-09-02T19:01:58Z,01M1HPA154BP985TBAEA8N74S5,1788375676841
01M1HPM5HGS8N5VZ02MFMV27KB,01M1HNZFMHJVBG3FH9MYVSDQDF,6,1,NA,FALSE,2026-09-02T18:55:22Z,2026-09-02T18:56:22Z,01M1HP9ADQT2DX2ZE8GFRT1BS4,1788375322328
01M1HPM5HGS8N5VZ02MFMV27KB,01M1HNZFMHJVBG3FH9MYVSDQDF,6,1,NA,FALSE,2026-09-02T18:55:22Z,2026-09-02T18:56:22Z,01M1HP8XSEJHDCXHQNYH7CK7F6,1788375353628
01M1HPM5KJJ2YVSTETV3HPN2HK,01M1HNZFMHJVBG3FH9MYVSDQDF,46,4,1788377108676,TRUE,2026-09-02T19:24:07Z,2026-09-02T19:24:37Z,01M1HP9ADQT2DX2ZE8GFRT1BS4,1788377047524
01M1HPM5KJJ2YVSTETV3HPN2HK,01M1HNZFMHJVBG3FH9MYVSDQDF,46,4,1788377108676,TRUE,2026-09-02T19:24:07Z,2026-09-02T19:24:37Z,01M1HP8XSEJHDCXHQNYH7CK7F6,1788377078832
01M1HPVYFFB71N42ZWG7DVREXF,01M1HNZ66BCC5C4CZAZZWHY7T3,9,1,1788375400807,TRUE,2026-09-02T18:55:55Z,2026-09-02T18:56:39Z,01M1HPA154BP985TBAEA8N74S5,1788375356805
01M1HPVYFFB71N42ZWG7DVREXF,01M1HNZ66BCC5C4CZAZZWHY7T3,9,1,1788375400807,TRUE,2026-09-02T18:55:55Z,2026-09-02T18:56:39Z,01M1HP9VFD4XR4JMG6Y4DWDHD7,1788375355117
01M1HQ3KXNSYCA313AXVD8YSYT,01M1HNZ7HJEQPEYJ9VDNGQFHBJ,13,2,NA,FALSE,2026-09-02T19:07:10Z,2026-09-02T19:08:10Z,01M1HPFBMJRGKDJM0Z3BW7QWTC,1788376029926
01M1HQ3KXNSYCA313AXVD8YSYT,01M1HNZ7HJEQPEYJ9VDNGQFHBJ,13,2,NA,FALSE,2026-09-02T19:07:10Z,2026-09-02T19:08:10Z,01M1HPGH2ANZEVSJ1JAX6F81R8,1788376032433
01M1HPWDQZ5M8R6VBNXZJ0GET2,01M1HNZK6DPR4P92Y2T8F5XDRV,22,2,1788376410515,TRUE,2026-09-02T19:13:07Z,2026-09-02T19:13:30Z,01M1HPDTQ6DQF1KFQDNT7DPSJD,1788376330677
01M1HPWDQZ5M8R6VBNXZJ0GET2,01M1HNZK6DPR4P92Y2T8F5XDRV,22,2,1788376410515,TRUE,2026-09-02T19:13:07Z,2026-09-02T19:13:30Z,01M1HPC7HN0GDEKJYZCJ22C0TN,1788376388767
01M1HQ0CKVJGHXMDR5ZJ0REFZM,01M1HNZ6677RWDEVPFK38R4HBH,24,3,1788376193894,TRUE,2026-09-02T19:09:38Z,2026-09-02T19:09:55Z,01M1HPRFFS08JGYEYQ2663GBG4,1788376177505
01M1HQ0CKVJGHXMDR5ZJ0REFZM,01M1HNZ6677RWDEVPFK38R4HBH,24,3,1788376193894,TRUE,2026-09-02T19:09:38Z,2026-09-02T19:09:55Z,01M1HPHKT60J7WMHXSWM7ZMT2Z,1788376178908
01M1HPKAWC7P99GYXC1Y8BAW5V,01M1HNZFMBG6JCPAHH8MQHWYV4,13,2,1788375229944,TRUE,2026-09-02T18:53:36Z,2026-09-02T18:53:49Z,01M1HP97WG9TE403VJRZNNM0DT,1788375216724
01M1HPKAWC7P99GYXC1Y8BAW5V,01M1HNZFMBG6JCPAHH8MQHWYV4,13,2,1788375229944,TRUE,2026-09-02T18:53:36Z,2026-09-02T18:53:49Z,01M1HP9SA626S2K4ZTXAJ11MCC,1788375217712
01M1HPVYJ40VHRQ8S243GZC2K7,01M1HNZ66BCC5C4CZAZZWHY7T3,35,3,1788376479729,TRUE,2026-09-02T19:14:06Z,2026-09-02T19:14:38Z,01M1HPA154BP985TBAEA8N74S5,1788376447847
01M1HPVYJ40VHRQ8S243GZC2K7,01M1HNZ66BCC5C4CZAZZWHY7T3,35,3,1788376479729,TRUE,2026-09-02T19:14:06Z,2026-09-02T19:14:38Z,01M1HP9VFD4XR4JMG6Y4DWDHD7,1788376446031
01M1HQ3M3DV4AVVFA4R27AP2CJ,01M1HNZ7HJEQPEYJ9VDNGQFHBJ,41,4,NA,FALSE,2026-09-02T19:26:48Z,2026-09-02T19:27:48Z,01M1HPGH2ANZEVSJ1JAX6F81R8,1788377210552
01M1HQ3M3DV4AVVFA4R27AP2CJ,01M1HNZ7HJEQPEYJ9VDNGQFHBJ,41,4,NA,FALSE,2026-09-02T19:26:48Z,2026-09-02T19:27:48Z,01M1HPFBMJRGKDJM0Z3BW7QWTC,1788377208054
01M1HQ8PMH046S2GQDH5YVXWCN,01M1HNZK6GZFFJ98G9C97SZE0A,13,2,NA,NA,NA,2026-09-02T18:49:25Z,NA,NA
01M1HPM5NP611VX7SEF3N5XD1C,01M1HNZFMHJVBG3FH9MYVSDQDF,32,3,1788376566403,TRUE,2026-09-02T19:14:37Z,2026-09-02T19:15:35Z,01M1HP8XSEJHDCXHQNYH7CK7F6,1788376509162
01M1HPM5NP611VX7SEF3N5XD1C,01M1HNZFMHJVBG3FH9MYVSDQDF,32,3,1788376566403,TRUE,2026-09-02T19:14:37Z,2026-09-02T19:15:35Z,01M1HP9ADQT2DX2ZE8GFRT1BS4,1788376477892
01M1HPVYEVWRXH5EGJZPKZCD04,01M1HNZ66BCC5C4CZAZZWHY7T3,7,1,1788375298060,FALSE,2026-09-02T18:54:36Z,2026-09-02T18:54:56Z,01M1HP9VFD4XR4JMG6Y4DWDHD7,1788375276459
01M1HPVYEVWRXH5EGJZPKZCD04,01M1HNZ66BCC5C4CZAZZWHY7T3,7,1,1788375298060,FALSE,2026-09-02T18:54:36Z,2026-09-02T18:54:56Z,01M1HPA154BP985TBAEA8N74S5,1788375278140
01M1HPVYG8Z80VEGS43ND4AXBT,01M1HNZ66BCC5C4CZAZZWHY7T3,21,2,1788375937981,TRUE,2026-09-02T19:05:01Z,2026-09-02T19:05:36Z,01M1HP9VFD4XR4JMG6Y4DWDHD7,1788375901827
01M1HPVYG8Z80VEGS43ND4AXBT,01M1HNZ66BCC5C4CZAZZWHY7T3,21,2,1788375937981,TRUE,2026-09-02T19:05:01Z,2026-09-02T19:05:36Z,01M1HPA154BP985TBAEA8N74S5,1788375903571
01M1HQ3M3GWT2ENRJ38NPS5V0A,01M1HNZ7HJEQPEYJ9VDNGQFHBJ,42,4,1788377300480,TRUE,2026-09-02T19:27:51Z,2026-09-02T19:28:21Z,01M1HPGH2ANZEVSJ1JAX6F81R8,1788377273937
01M1HQ3M3GWT2ENRJ38NPS5V0A,01M1HNZ7HJEQPEYJ9VDNGQFHBJ,42,4,1788377300480,TRUE,2026-09-02T19:27:51Z,2026-09-02T19:28:21Z,01M1HPFBMJRGKDJM0Z3BW7QWTC,1788377271394
01M1HPM5J0KPPTXHNRA918KV36,01M1HNZFMHJVBG3FH9MYVSDQDF,13,2,1788375712160,TRUE,2026-09-02T19:01:03Z,2026-09-02T19:01:52Z,01M1HP9ADQT2DX2ZE8GFRT1BS4,1788375663800
01M1HPM5J0KPPTXHNRA918KV36,01M1HNZFMHJVBG3FH9MYVSDQDF,13,2,1788375712160,TRUE,2026-09-02T19:01:03Z,2026-09-02T19:01:52Z,01M1HP8XSEJHDCXHQNYH7CK7F6,1788375695099
01M1HPWDRGZDV6QY2RJEWPQ2RG,01M1HNZK6DPR4P92Y2T8F5XDRV,18,2,1788376289268,TRUE,2026-09-02T19:11:08Z,2026-09-02T19:11:28Z,01M1HPC7HN0GDEKJYZCJ22C0TN,1788376270198
01M1HPWDRGZDV6QY2RJEWPQ2RG,01M1HNZK6DPR4P92Y2T8F5XDRV,18,2,1788376289268,TRUE,2026-09-02T19:11:08Z,2026-09-02T19:11:28Z,01M1HPDTQ6DQF1KFQDNT7DPSJD,1788376211679
01M1HQ0CF8H9QPXQR1APK1S1ZT,01M1HNZ6677RWDEVPFK38R4HBH,4,1,1788375598204,TRUE,2026-09-02T18:59:37Z,2026-09-02T19:00:00Z,01M1HPHKT60J7WMHXSWM7ZMT2Z,1788375577626
01M1HQ0CF8H9QPXQR1APK1S1ZT,01M1HNZ6677RWDEVPFK38R4HBH,4,1,1788375598204,TRUE,2026-09-02T18:59:37Z,2026-09-02T19:00:00Z,01M1HPRFFS08JGYEYQ2663GBG4,1788375576014
01M1HPVYGWSM1DR6GKR1KEE10P,01M1HNZ66BCC5C4CZAZZWHY7T3,24,3,1788376056769,TRUE,2026-09-02T19:07:03Z,2026-09-02T19:07:36Z,01M1HP9VFD4XR4JMG6Y4DWDHD7,1788376023235
01M1HPVYGWSM1DR6GKR1KEE10P,01M1HNZ66BCC5C4CZAZZWHY7T3,24,3,1788376056769,TRUE,2026-09-02T19:07:03Z,2026-09-02T19:07:36Z,01M1HPA154BP985TBAEA8N74S5,1788376024913
01M1HQ8PHFBZQRP006X87EA6PF,01M1HNZK6GZFFJ98G9C97SZE0A,17,2,NA,NA,NA,2026-09-02T18:49:25Z,NA,NA
01M1HPKAZA9B9N3JK7E4MYAPEM,01M1HNZFMBG6JCPAHH8MQHWYV4,27,3,1788375445610,TRUE,2026-09-02T18:57:16Z,2026-09-02T18:57:24Z,01M1HP97WG9TE403VJRZNNM0DT,1788375436635
01M1HPKAZA9B9N3JK7E4MYAPEM,01M1HNZFMBG6JCPAHH8MQHWYV4,27,3,1788375445610,TRUE,2026-09-02T18:57:16Z,2026-09-02T18:57:24Z,01M1HP9SA626S2K4ZTXAJ11MCC,1788375437402
01M1HPVYHRJRPEQ7GF1BFB69ZR,01M1HNZ66BCC5C4CZAZZWHY7T3,31,3,1788376317591,TRUE,2026-09-02T19:11:29Z,2026-09-02T19:11:56Z,01M1HPA154BP985TBAEA8N74S5,1788376291055
01M1HPVYHRJRPEQ7GF1BFB69ZR,01M1HNZ66BCC5C4CZAZZWHY7T3,31,3,1788376317591,TRUE,2026-09-02T19:11:29Z,2026-09-02T19:11:56Z,01M1HP9VFD4XR4JMG6Y4DWDHD7,1788376289306
01M1HQ0CMZ14ZD1VVT42VHQCWY,01M1HNZ6677RWDEVPFK38R4HBH,37,4,1788376489564,TRUE,2026-09-02T19:14:34Z,2026-09-02T19:14:50Z,01M1HPHKT60J7WMHXSWM7ZMT2Z,1788376474509
01M1HQ0CMZ14ZD1VVT42VHQCWY,01M1HNZ6677RWDEVPFK38R4HBH,37,4,1788376489564,TRUE,2026-09-02T19:14:34Z,2026-09-02T19:14:50Z,01M1HPRFFS08JGYEYQ2663GBG4,1788376473057
01M1HQ8PPEM37K3KEK9AQYZPWG,01M1HNZK6GZFFJ98G9C97SZE0A,47,4,NA,NA,NA,2026-09-02T18:49:26Z,NA,NA
01M1HPGHKGGZRVS4C8W346YA04,01M1HNZFMDENM6D0TD5PFJYWRC,16,2,1788375150755,TRUE,2026-09-02T18:51:46Z,2026-09-02T18:52:28Z,01M1HP98VHD99F2PCDA37RKBQ7,1788375109062
01M1HPGHKGGZRVS4C8W346YA04,01M1HNZFMDENM6D0TD5PFJYWRC,16,2,1788375150755,TRUE,2026-09-02T18:51:46Z,2026-09-02T18:52:28Z,01M1HP9FMWGKKR4F1ZX039Z0A2,1788375106290
01M1HQ8PKD7PKM3ZB9MA0Z0EMS,01M1HNZK6GZFFJ98G9C97SZE0A,36,4,NA,NA,NA,2026-09-02T18:49:26Z,NA,NA
01M1HQ3KZ4A3G59NX9C60HGXNB,01M1HNZ7HJEQPEYJ9VDNGQFHBJ,21,2,NA,FALSE,2026-09-02T19:13:47Z,2026-09-02T19:14:47Z,01M1HPFBMJRGKDJM0Z3BW7QWTC,1788376427036
01M1HQ3KZ4A3G59NX9C60HGXNB,01M1HNZ7HJEQPEYJ9VDNGQFHBJ,21,2,NA,FALSE,2026-09-02T19:13:47Z,2026-09-02T19:14:47Z,01M1HPGH2ANZEVSJ1JAX6F81R8,1788376429538
01M1HPM5M9P6JHRTPJWYQ32Z3F,01M1HNZFMHJVBG3FH9MYVSDQDF,15,2,1788375807125,FALSE,2026-09-02T19:02:55Z,2026-09-02T19:03:27Z,01M1HP9ADQT2DX2ZE8GFRT1BS4,1788375775976
01M1HPM5M9P6JHRTPJWYQ32Z3F,01M1HNZFMHJVBG3FH9MYVSDQDF,15,2,1788375807125,FALSE,2026-09-02T19:02:55Z,2026-09-02T19:03:27Z,01M1HP8XSEJHDCXHQNYH7CK7F6,1788375807231
01M1HPWDW3F1M1TT67ZK93T98J,01M1HNZK6DPR4P92Y2T8F5XDRV,38,4,1788376902859,TRUE,2026-09-02T19:21:21Z,2026-09-02T19:21:42Z,01M1HPDTQ6DQF1KFQDNT7DPSJD,1788376824849
01M1HPWDW3F1M1TT67ZK93T98J,01M1HNZK6DPR4P92Y2T8F5XDRV,38,4,1788376902859,TRUE,2026-09-02T19:21:21Z,2026-09-02T19:21:42Z,01M1HPC7HN0GDEKJYZCJ22C0TN,1788376882935
01M1HQ0CG3HQJNG9PXXMJAP4QV,01M1HNZ6677RWDEVPFK38R4HBH,21,2,1788376093313,TRUE,2026-09-02T19:07:56Z,2026-09-02T19:08:14Z,01M1HPRFFS08JGYEYQ2663GBG4,1788376075313
01M1HQ0CG3HQJNG9PXXMJAP4QV,01M1HNZ6677RWDEVPFK38R4HBH,21,2,1788376093313,TRUE,2026-09-02T19:07:56Z,2026-09-02T19:08:14Z,01M1HPHKT60J7WMHXSWM7ZMT2Z,1788376076704
01M1HQ0CMA25HQ9BQYWJX9FRB0,01M1HNZ6677RWDEVPFK38R4HBH,17,2,1788376002529,TRUE,2026-09-02T19:06:26Z,2026-09-02T19:06:43Z,01M1HPHKT60J7WMHXSWM7ZMT2Z,1788375986795
01M1HQ0CMA25HQ9BQYWJX9FRB0,01M1HNZ6677RWDEVPFK38R4HBH,17,2,1788376002529,TRUE,2026-09-02T19:06:26Z,2026-09-02T19:06:43Z,01M1HPRFFS08JGYEYQ2663GBG4,1788375985404
01M1HQ3M377JEK6YBSS04JG2S0,01M1HNZ7HJEQPEYJ9VDNGQFHBJ,40,4,1788377204223,TRUE,2026-09-02T19:26:27Z,2026-09-02T19:26:44Z,01M1HPGH2ANZEVSJ1JAX6F81R8,1788377189657
01M1HQ3M377JEK6YBSS04JG2S0,01M1HNZ7HJEQPEYJ9VDNGQFHBJ,40,4,1788377204223,TRUE,2026-09-02T19:26:27Z,2026-09-02T19:26:44Z,01M1HPFBMJRGKDJM0Z3BW7QWTC,1788377187395
01M1HQ8PKZXAAV7K1ZNKXCP1CS,01M1HNZK6GZFFJ98G9C97SZE0A,34,3,NA,NA,NA,2026-09-02T18:49:26Z,NA,NA
01M1HPGHM3P6C0XF33PY30AN4Y,01M1HNZFMDENM6D0TD5PFJYWRC,2,1,1788374693351,TRUE,2026-09-02T18:43:56Z,2026-09-02T18:44:50Z,01M1HP9FMWGKKR4F1ZX039Z0A2,1788374636488
01M1HPGHM3P6C0XF33PY30AN4Y,01M1HNZFMDENM6D0TD5PFJYWRC,2,1,1788374693351,TRUE,2026-09-02T18:43:56Z,2026-09-02T18:44:50Z,01M1HP98VHD99F2PCDA37RKBQ7,1788374639271
01M1HQ0CGATS818M9THE5E3P0Y,01M1HNZ6677RWDEVPFK38R4HBH,19,2,1788376054882,TRUE,2026-09-02T19:07:05Z,2026-09-02T19:07:36Z,01M1HPRFFS08JGYEYQ2663GBG4,1788376024511
01M1HQ0CGATS818M9THE5E3P0Y,01M1HNZ6677RWDEVPFK38R4HBH,19,2,1788376054882,TRUE,2026-09-02T19:07:05Z,2026-09-02T19:07:36Z,01M1HPHKT60J7WMHXSWM7ZMT2Z,1788376025936
01M1HQ3KWXZB5WWBYENMXKSZ1B,01M1HNZ7HJEQPEYJ9VDNGQFHBJ,6,1,1788375718034,TRUE,2026-09-02T19:01:19Z,2026-09-02T19:01:58Z,01M1HPGH2ANZEVSJ1JAX6F81R8,1788375681980
01M1HQ3KWXZB5WWBYENMXKSZ1B,01M1HNZ7HJEQPEYJ9VDNGQFHBJ,6,1,1788375718034,TRUE,2026-09-02T19:01:19Z,2026-09-02T19:01:58Z,01M1HPFBMJRGKDJM0Z3BW7QWTC,1788375684099
01M1HPH1F2DFXPHQT4EH9KKEZD,01M1HNZK6HB8AMTV47EJ1Q8XDP,16,2,1788375113383,TRUE,2026-09-02T18:51:42Z,2026-09-02T18:51:53Z,01M1HPC3N3BVQ1SZRGJQGY5ZS5,1788375102330
01M1HPH1F2DFXPHQT4EH9KKEZD,01M1HNZK6HB8AMTV47EJ1Q8XDP,16,2,1788375113383,TRUE,2026-09-02T18:51:42Z,2026-09-02T18:51:53Z,01M1HPA9TPVS7WN8P6T2G1W2HR,1788375102957
01M1HPWDKSNBYDF22PC5VPG0X7,01M1HNZK6DPR4P92Y2T8F5XDRV,35,3,1788376773104,TRUE,2026-09-02T19:20:07Z,2026-09-02T19:20:29Z,01M1HPDTQ6DQF1KFQDNT7DPSJD,1788376751183
01M1HPWDKSNBYDF22PC5VPG0X7,01M1HNZK6DPR4P92Y2T8F5XDRV,35,3,1788376773104,TRUE,2026-09-02T19:20:07Z,2026-09-02T19:20:29Z,01M1HPC7HN0GDEKJYZCJ22C0TN,1788376809477
01M1HQ0CNYAWCE61NZTK2C51HH,01M1HNZ6677RWDEVPFK38R4HBH,45,4,1788376631956,TRUE,2026-09-02T19:17:01Z,2026-09-02T19:17:13Z,01M1HPRFFS08JGYEYQ2663GBG4,1788376620390
01M1HQ0CNYAWCE61NZTK2C51HH,01M1HNZ6677RWDEVPFK38R4HBH,45,4,1788376631956,TRUE,2026-09-02T19:17:01Z,2026-09-02T19:17:13Z,01M1HPHKT60J7WMHXSWM7ZMT2Z,1788376621777
01M1HQ8PDRX4HKVZ6X9DSMBCTN,01M1HNZK6GZFFJ98G9C97SZE0A,7,1,NA,NA,NA,2026-09-02T18:49:25Z,NA,NA
01M1HQ8PH9JAH1NJ3DHNBWKK7F,01M1HNZK6GZFFJ98G9C97SZE0A,18,2,NA,NA,NA,2026-09-02T18:49:25Z,NA,NA
01M1HPGHSME75R7MWRPR2S10P0,01M1HNZFMDENM6D0TD5PFJYWRC,25,3,1788375349751,TRUE,2026-09-02T18:55:35Z,2026-09-02T18:55:49Z,01M1HP98VHD99F2PCDA37RKBQ7,1788375338178
01M1HPGHSME75R7MWRPR2S10P0,01M1HNZFMDENM6D0TD5PFJYWRC,25,3,1788375349751,TRUE,2026-09-02T18:55:35Z,2026-09-02T18:55:49Z,01M1HP9FMWGKKR4F1ZX039Z0A2,1788375335396
01M1HQ3M4ZV7VP14C5XXQNXV8N,01M1HNZ7HJEQPEYJ9VDNGQFHBJ,46,4,1788377466045,FALSE,2026-09-02T19:30:39Z,2026-09-02T19:31:06Z,01M1HPGH2ANZEVSJ1JAX6F81R8,1788377442252
01M1HQ3M4ZV7VP14C5XXQNXV8N,01M1HNZ7HJEQPEYJ9VDNGQFHBJ,46,4,1788377466045,FALSE,2026-09-02T19:30:39Z,2026-09-02T19:31:06Z,01M1HPFBMJRGKDJM0Z3BW7QWTC,1788377441146
01M1HPM5R55Y88E9RDN9486MFT,01M1HNZFMHJVBG3FH9MYVSDQDF,36,4,1788376722707,TRUE,2026-09-02T19:17:45Z,2026-09-02T19:18:11Z,01M1HP9ADQT2DX2ZE8GFRT1BS4,1788376665836
01M1HPM5R55Y88E9RDN9486MFT,01M1HNZFMHJVBG3FH9MYVSDQDF,36,4,1788376722707,TRUE,2026-09-02T19:17:45Z,2026-09-02T19:18:11Z,01M1HP8XSEJHDCXHQNYH7CK7F6,1788376697181
01M1HQ0CK3R2SAJRX7W390CGHJ,01M1HNZ6677RWDEVPFK38R4HBH,30,3,1788376339037,FALSE,2026-09-02T19:12:02Z,2026-09-02T19:12:20Z,01M1HPHKT60J7WMHXSWM7ZMT2Z,1788376323002
01M1HQ0CK3R2SAJRX7W390CGHJ,01M1HNZ6677RWDEVPFK38R4HBH,30,3,1788376339037,FALSE,2026-09-02T19:12:02Z,2026-09-02T19:12:20Z,01M1HPRFFS08JGYEYQ2663GBG4,1788376321658
01M1HPKAYHD4CNJJM9VEMA7AQ4,01M1HNZFMBG6JCPAHH8MQHWYV4,37,4,1788375571022,TRUE,2026-09-02T18:59:24Z,2026-09-02T18:59:30Z,01M1HP9SA626S2K4ZTXAJ11MCC,1788375565667
01M1HPKAYHD4CNJJM9VEMA7AQ4,01M1HNZFMBG6JCPAHH8MQHWYV4,37,4,1788375571022,TRUE,2026-09-02T18:59:24Z,2026-09-02T18:59:30Z,01M1HP97WG9TE403VJRZNNM0DT,1788375564687
01M1HPM5H79K119ZHZY2NKNGJ4,01M1HNZFMHJVBG3FH9MYVSDQDF,2,1,1788375213730,FALSE,2026-09-02T18:52:22Z,2026-09-02T18:53:02Z,01M1HP9ADQT2DX2ZE8GFRT1BS4,1788375142226
01M1HPM5H79K119ZHZY2NKNGJ4,01M1HNZFMHJVBG3FH9MYVSDQDF,2,1,1788375213730,FALSE,2026-09-02T18:52:22Z,2026-09-02T18:53:02Z,01M1HP8XSEJHDCXHQNYH7CK7F6,1788375173483
01M1HPM5MBP3D860T7P4ZJB08V,01M1HNZFMHJVBG3FH9MYVSDQDF,23,2,1788376137879,TRUE,2026-09-02T19:08:23Z,2026-09-02T19:08:57Z,01M1HP8XSEJHDCXHQNYH7CK7F6,1788376134518
01M1HPM5MBP3D860T7P4ZJB08V,01M1HNZFMHJVBG3FH9MYVSDQDF,23,2,1788376137879,TRUE,2026-09-02T19:08:23Z,2026-09-02T19:08:57Z,01M1HP9ADQT2DX2ZE8GFRT1BS4,1788376103258
01M1HPWDRCZG2PDPKQ87853FAQ,01M1HNZK6DPR4P92Y2T8F5XDRV,19,2,1788376258316,TRUE,2026-09-02T19:11:32Z,2026-09-02T19:11:55Z,01M1HPDTQ6DQF1KFQDNT7DPSJD,1788376235408
01M1HPWDRCZG2PDPKQ87853FAQ,01M1HNZK6DPR4P92Y2T8F5XDRV,19,2,1788376258316,TRUE,2026-09-02T19:11:32Z,2026-09-02T19:11:55Z,01M1HPC7HN0GDEKJYZCJ22C0TN,1788376297266
01M1HQ0CJSQX3F16HMBH9PPW8K,01M1HNZ6677RWDEVPFK38R4HBH,2,1,1788375528431,TRUE,2026-09-02T18:58:22Z,2026-09-02T18:58:50Z,01M1HPHKT60J7WMHXSWM7ZMT2Z,1788375503008
01M1HQ0CJSQX3F16HMBH9PPW8K,01M1HNZ6677RWDEVPFK38R4HBH,2,1,1788375528431,TRUE,2026-09-02T18:58:22Z,2026-09-02T18:58:50Z,01M1HPRFFS08JGYEYQ2663GBG4,1788375501322
01M1HQ3KV6G4QQ0NSP73EFJ76P,01M1HNZ7HJEQPEYJ9VDNGQFHBJ,7,1,NA,FALSE,2026-09-02T19:02:01Z,2026-09-02T19:03:01Z,01M1HPGH2ANZEVSJ1JAX6F81R8,1788375724205
01M1HQ3KV6G4QQ0NSP73EFJ76P,01M1HNZ7HJEQPEYJ9VDNGQFHBJ,7,1,NA,FALSE,2026-09-02T19:02:01Z,2026-09-02T19:03:01Z,01M1HPFBMJRGKDJM0Z3BW7QWTC,1788375721864
01M1HQ3KVGPAK686TPDQFD3WRT,01M1HNZ7HJEQPEYJ9VDNGQFHBJ,9,1,NA,FALSE,2026-09-02T19:04:08Z,2026-09-02T19:05:08Z,01M1HPFBMJRGKDJM0Z3BW7QWTC,1788375848482
01M1HQ3KVGPAK686TPDQFD3WRT,01M1HNZ7HJEQPEYJ9VDNGQFHBJ,9,1,NA,FALSE,2026-09-02T19:04:08Z,2026-09-02T19:05:08Z,01M1HPGH2ANZEVSJ1JAX6F81R8,1788375850841
01M1HPGHRSYPJPZVAX3PAFPM98,01M1HNZFMDENM6D0TD5PFJYWRC,28,3,1788375417613,TRUE,2026-09-02T18:56:25Z,2026-09-02T18:56:54Z,01M1HP9FMWGKKR4F1ZX039Z0A2,1788375385026
01M1HPGHRSYPJPZVAX3PAFPM98,01M1HNZFMDENM6D0TD5PFJYWRC,28,3,1788375417613,TRUE,2026-09-02T18:56:25Z,2026-09-02T18:56:54Z,01M1HP98VHD99F2PCDA37RKBQ7,1788375387804
01M1HQ8PEK7M91KDB1AC4DNGC6,01M1HNZK6GZFFJ98G9C97SZE0A,3,1,NA,FALSE,2026-09-02T19:09:52Z,2026-09-02T19:10:52Z,01M1HPRVJTQV5TPMVZ0TB1CZ2R,1788376192233
01M1HPH1G6EMCM1WABH8Z23DAK,01M1HNZK6HB8AMTV47EJ1Q8XDP,25,3,1788375434259,TRUE,2026-09-02T18:56:28Z,2026-09-02T18:57:14Z,01M1HPA9TPVS7WN8P6T2G1W2HR,1788375388693
01M1HPH1G6EMCM1WABH8Z23DAK,01M1HNZK6HB8AMTV47EJ1Q8XDP,25,3,1788375434259,TRUE,2026-09-02T18:56:28Z,2026-09-02T18:57:14Z,01M1HPC3N3BVQ1SZRGJQGY5ZS5,1788375388268
01M1HPM5HBMR9QF9FDR7XBF4Q7,01M1HNZFMHJVBG3FH9MYVSDQDF,4,1,1788375293154,TRUE,2026-09-02T18:53:37Z,2026-09-02T18:54:21Z,01M1HP9ADQT2DX2ZE8GFRT1BS4,1788375217848
01M1HPM5HBMR9QF9FDR7XBF4Q7,01M1HNZFMHJVBG3FH9MYVSDQDF,4,1,1788375293154,TRUE,2026-09-02T18:53:37Z,2026-09-02T18:54:21Z,01M1HP8XSEJHDCXHQNYH7CK7F6,1788375249150
01M1HPM5RJWVMC2S73565JJ37T,01M1HNZFMHJVBG3FH9MYVSDQDF,39,4,1788376799242,TRUE,2026-09-02T19:19:29Z,2026-09-02T19:19:59Z,01M1HP9ADQT2DX2ZE8GFRT1BS4,1788376769376
01M1HPM5RJWVMC2S73565JJ37T,01M1HNZFMHJVBG3FH9MYVSDQDF,39,4,1788376799242,TRUE,2026-09-02T19:19:29Z,2026-09-02T19:19:59Z,01M1HP8XSEJHDCXHQNYH7CK7F6,1788376800706
01M1HPVYFKGWEYZW40F0NJVN12,01M1HNZ66BCC5C4CZAZZWHY7T3,10,1,1788375442743,TRUE,2026-09-02T18:56:42Z,2026-09-02T18:57:22Z,01M1HP9VFD4XR4JMG6Y4DWDHD7,1788375402674
01M1HPVYFKGWEYZW40F0NJVN12,01M1HNZ66BCC5C4CZAZZWHY7T3,10,1,1788375442743,TRUE,2026-09-02T18:56:42Z,2026-09-02T18:57:22Z,01M1HPA154BP985TBAEA8N74S5,1788375404371
01M1HPWDMK17QHKV3MNQS9F4BE,01M1HNZK6DPR4P92Y2T8F5XDRV,28,3,1788376641471,TRUE,2026-09-02T19:17:01Z,2026-09-02T19:17:22Z,01M1HPDTQ6DQF1KFQDNT7DPSJD,1788376564665
01M1HPWDMK17QHKV3MNQS9F4BE,01M1HNZK6DPR4P92Y2T8F5XDRV,28,3,1788376641471,TRUE,2026-09-02T19:17:01Z,2026-09-02T19:17:22Z,01M1HPC7HN0GDEKJYZCJ22C0TN,1788376622872
01M1HQ0CM2CFYC2K4307C3FJNX,01M1HNZ6677RWDEVPFK38R4HBH,22,2,1788376141738,FALSE,2026-09-02T19:08:18Z,2026-09-02T19:09:02Z,01M1HPRFFS08JGYEYQ2663GBG4,1788376096801
01M1HQ0CM2CFYC2K4307C3FJNX,01M1HNZ6677RWDEVPFK38R4HBH,22,2,1788376141738,FALSE,2026-09-02T19:08:18Z,2026-09-02T19:09:02Z,01M1HPHKT60J7WMHXSWM7ZMT2Z,1788376098245
01M1HQ3M133DNV9TGGAE1VD522,01M1HNZ7HJEQPEYJ9VDNGQFHBJ,31,3,1788376817761,TRUE,2026-09-02T19:19:51Z,2026-09-02T19:20:15Z,01M1HPFBMJRGKDJM0Z3BW7QWTC,1788376791774
01M1HQ3M133DNV9TGGAE1VD522,01M1HNZ7HJEQPEYJ9VDNGQFHBJ,31,3,1788376817761,TRUE,2026-09-02T19:19:51Z,2026-09-02T19:20:15Z,01M1HPGH2ANZEVSJ1JAX6F81R8,1788376795003
01M1HPGHK4WW14MTDTAKT8NS4J,01M1HNZFMDENM6D0TD5PFJYWRC,7,1,1788374815254,TRUE,2026-09-02T18:46:33Z,2026-09-02T18:46:55Z,01M1HP98VHD99F2PCDA37RKBQ7,1788374796612
01M1HPGHK4WW14MTDTAKT8NS4J,01M1HNZFMDENM6D0TD5PFJYWRC,7,1,1788374815254,TRUE,2026-09-02T18:46:33Z,2026-09-02T18:46:55Z,01M1HP9FMWGKKR4F1ZX039Z0A2,1788374793830
01M1HQ3KXC623B6ZJYEJ3NEVVT,01M1HNZ7HJEQPEYJ9VDNGQFHBJ,47,4,1788377528711,FALSE,2026-09-02T19:31:10Z,2026-09-02T19:32:06Z,01M1HPGH2ANZEVSJ1JAX6F81R8,1788377472436
01M1HQ3KXC623B6ZJYEJ3NEVVT,01M1HNZ7HJEQPEYJ9VDNGQFHBJ,47,4,1788377528711,FALSE,2026-09-02T19:31:10Z,2026-09-02T19:32:06Z,01M1HPFBMJRGKDJM0Z3BW7QWTC,1788377471561
01M1HQ3M0YYDVX5W3J5CR47V03,01M1HNZ7HJEQPEYJ9VDNGQFHBJ,29,3,1788376754456,TRUE,2026-09-02T19:18:21Z,2026-09-02T19:19:12Z,01M1HPFBMJRGKDJM0Z3BW7QWTC,1788376701624
01M1HQ3M0YYDVX5W3J5CR47V03,01M1HNZ7HJEQPEYJ9VDNGQFHBJ,29,3,1788376754456,TRUE,2026-09-02T19:18:21Z,2026-09-02T19:19:12Z,01M1HPGH2ANZEVSJ1JAX6F81R8,1788376704140
01M1HQ0CJ73WQNH1YRXWNS1DCG,01M1HNZ6677RWDEVPFK38R4HBH,7,1,1788375698680,FALSE,2026-09-02T19:01:05Z,2026-09-02T19:01:40Z,01M1HPHKT60J7WMHXSWM7ZMT2Z,1788375666066
01M1HQ0CJ73WQNH1YRXWNS1DCG,01M1HNZ6677RWDEVPFK38R4HBH,7,1,1788375698680,FALSE,2026-09-02T19:01:05Z,2026-09-02T19:01:40Z,01M1HPRFFS08JGYEYQ2663GBG4,1788375664716
01M1HQ0CMEKGX4TES6S8MNNPTQ,01M1HNZ6677RWDEVPFK38R4HBH,16,2,1788375981808,TRUE,2026-09-02T19:05:58Z,2026-09-02T19:06:23Z,01M1HPHKT60J7WMHXSWM7ZMT2Z,1788375958278
01M1HQ0CMEKGX4TES6S8MNNPTQ,01M1HNZ6677RWDEVPFK38R4HBH,16,2,1788375981808,TRUE,2026-09-02T19:05:58Z,2026-09-02T19:06:23Z,01M1HPRFFS08JGYEYQ2663GBG4,1788375956922
01M1HPGHQJ2039FDM4273J7R0X,01M1HNZFMDENM6D0TD5PFJYWRC,12,2,1788375028371,FALSE,2026-09-02T18:49:40Z,2026-09-02T18:50:25Z,01M1HP98VHD99F2PCDA37RKBQ7,1788374983176
01M1HPGHQJ2039FDM4273J7R0X,01M1HNZFMDENM6D0TD5PFJYWRC,12,2,1788375028371,FALSE,2026-09-02T18:49:40Z,2026-09-02T18:50:25Z,01M1HP9FMWGKKR4F1ZX039Z0A2,1788374980406
01M1HPVYDPEXZ0HRMMY50HZZBN,01M1HNZ66BCC5C4CZAZZWHY7T3,15,2,1788375673310,TRUE,2026-09-02T19:00:32Z,2026-09-02T19:01:11Z,01M1HP9VFD4XR4JMG6Y4DWDHD7,1788375632930
01M1HPVYDPEXZ0HRMMY50HZZBN,01M1HNZ66BCC5C4CZAZZWHY7T3,15,2,1788375673310,TRUE,2026-09-02T19:00:32Z,2026-09-02T19:01:11Z,01M1HPA154BP985TBAEA8N74S5,1788375634607
01M1HPWDW6834S6HHHX2YTKJXV,01M1HNZK6DPR4P92Y2T8F5XDRV,39,4,1788376861198,TRUE,2026-09-02T19:21:45Z,2026-09-02T19:21:58Z,01M1HPDTQ6DQF1KFQDNT7DPSJD,1788376848998
01M1HPWDW6834S6HHHX2YTKJXV,01M1HNZK6DPR4P92Y2T8F5XDRV,39,4,1788376861198,TRUE,2026-09-02T19:21:45Z,2026-09-02T19:21:58Z,01M1HPC7HN0GDEKJYZCJ22C0TN,1788376906840
01M1HPKAY9218QQ15AH1VDD2GK,01M1HNZFMBG6JCPAHH8MQHWYV4,40,4,1788375609204,TRUE,2026-09-02T19:00:00Z,2026-09-02T19:00:09Z,01M1HP9SA626S2K4ZTXAJ11MCC,1788375601705
01M1HPKAY9218QQ15AH1VDD2GK,01M1HNZFMBG6JCPAHH8MQHWYV4,40,4,1788375609204,TRUE,2026-09-02T19:00:00Z,2026-09-02T19:00:09Z,01M1HP97WG9TE403VJRZNNM0DT,1788375600701
01M1HQ3M328RDXHZGRJJADJE4D,01M1HNZ7HJEQPEYJ9VDNGQFHBJ,39,4,1788377186156,FALSE,2026-09-02T19:25:27Z,2026-09-02T19:26:23Z,01M1HPFBMJRGKDJM0Z3BW7QWTC,1788377127382
01M1HQ3M328RDXHZGRJJADJE4D,01M1HNZ7HJEQPEYJ9VDNGQFHBJ,39,4,1788377186156,FALSE,2026-09-02T19:25:27Z,2026-09-02T19:26:23Z,01M1HPGH2ANZEVSJ1JAX6F81R8,1788377129927
01M1HPH1GE675HWZMK2V8EDKPW,01M1HNZK6HB8AMTV47EJ1Q8XDP,30,3,1788375578522,TRUE,2026-09-02T18:59:12Z,2026-09-02T18:59:38Z,01M1HPC3N3BVQ1SZRGJQGY5ZS5,1788375552851
01M1HPH1GE675HWZMK2V8EDKPW,01M1HNZK6HB8AMTV47EJ1Q8XDP,30,3,1788375578522,TRUE,2026-09-02T18:59:12Z,2026-09-02T18:59:38Z,01M1HPA9TPVS7WN8P6T2G1W2HR,1788375553258
01M1HPM5H0M8P14AV0WD603GYM,01M1HNZFMHJVBG3FH9MYVSDQDF,0,1,NA,FALSE,2026-09-02T18:50:51Z,2026-09-02T18:51:51Z,01M1HP8XSEJHDCXHQNYH7CK7F6,1788375083310
01M1HPM5H0M8P14AV0WD603GYM,01M1HNZFMHJVBG3FH9MYVSDQDF,0,1,NA,FALSE,2026-09-02T18:50:51Z,2026-09-02T18:51:51Z,01M1HP9ADQT2DX2ZE8GFRT1BS4,1788375052079
01M1HQ8PPR6DS3NMV91MV6DB0D,01M1HNZK6GZFFJ98G9C97SZE0A,46,4,NA,NA,NA,2026-09-02T18:49:26Z,NA,NA
01M1HPGHSG2TSYP69HKZ5RYRGF,01M1HNZFMDENM6D0TD5PFJYWRC,26,3,1788375372125,TRUE,2026-09-02T18:55:53Z,2026-09-02T18:56:09Z,01M1HP98VHD99F2PCDA37RKBQ7,1788375356038
01M1HPGHSG2TSYP69HKZ5RYRGF,01M1HNZFMDENM6D0TD5PFJYWRC,26,3,1788375372125,TRUE,2026-09-02T18:55:53Z,2026-09-02T18:56:09Z,01M1HP9FMWGKKR4F1ZX039Z0A2,1788375353257
01M1HPM5MFB0QRXSF2ZKCC8P9K,01M1HNZFMHJVBG3FH9MYVSDQDF,24,3,1788376216364,TRUE,2026-09-02T19:09:01Z,2026-09-02T19:09:45Z,01M1HP9ADQT2DX2ZE8GFRT1BS4,1788376141307
01M1HPM5MFB0QRXSF2ZKCC8P9K,01M1HNZFMHJVBG3FH9MYVSDQDF,24,3,1788376216364,TRUE,2026-09-02T19:09:01Z,2026-09-02T19:09:45Z,01M1HP8XSEJHDCXHQNYH7CK7F6,1788376172561
01M1HPM5RQC7X6B2GZ04WJ0352,01M1HNZFMHJVBG3FH9MYVSDQDF,41,4,1788376881011,TRUE,2026-09-02T19:20:49Z,2026-09-02T19:21:20Z,01M1HP8XSEJHDCXHQNYH7CK7F6,1788376880722
01M1HPM5RQC7X6B2GZ04WJ0352,01M1HNZFMHJVBG3FH9MYVSDQDF,41,4,1788376881011,TRUE,2026-09-02T19:20:49Z,2026-09-02T19:21:20Z,01M1HP9ADQT2DX2ZE8GFRT1BS4,1788376849387
01M1HQ3KVAQYEX475DMKGW0SRD,01M1HNZ7HJEQPEYJ9VDNGQFHBJ,8,1,NA,FALSE,2026-09-02T19:03:05Z,2026-09-02T19:04:05Z,01M1HPGH2ANZEVSJ1JAX6F81R8,1788375787500
01M1HQ3KVAQYEX475DMKGW0SRD,01M1HNZ7HJEQPEYJ9VDNGQFHBJ,8,1,NA,FALSE,2026-09-02T19:03:05Z,2026-09-02T19:04:05Z,01M1HPFBMJRGKDJM0Z3BW7QWTC,1788375785289
01M1HQ8PM9XZ2CQQB190QDQN7G,01M1HNZK6GZFFJ98G9C97SZE0A,14,2,NA,NA,NA,2026-09-02T18:49:25Z,NA,NA
01M1HPH1H4675QH5JYNSHGP1WQ,01M1HNZK6HB8AMTV47EJ1Q8XDP,41,4,1788375852273,TRUE,2026-09-02T19:04:04Z,2026-09-02T19:04:12Z,01M1HPC3N3BVQ1SZRGJQGY5ZS5,1788375844143
01M1HPH1H4675QH5JYNSHGP1WQ,01M1HNZK6HB8AMTV47EJ1Q8XDP,41,4,1788375852273,TRUE,2026-09-02T19:04:04Z,2026-09-02T19:04:12Z,01M1HPA9TPVS7WN8P6T2G1W2HR,1788375844484
01M1HQ8PHX5KFA1MQBHWWMB8FW,01M1HNZK6GZFFJ98G9C97SZE0A,41,4,NA,NA,NA,2026-09-02T18:49:26Z,NA,NA
01M1HPVYJWH6AJEXPB4VS5JT5N,01M1HNZ66BCC5C4CZAZZWHY7T3,43,4,1788376765421,TRUE,2026-09-02T19:18:53Z,2026-09-02T19:19:24Z,01M1HPA154BP985TBAEA8N74S5,1788376734689
01M1HPVYJWH6AJEXPB4VS5JT5N,01M1HNZ66BCC5C4CZAZZWHY7T3,43,4,1788376765421,TRUE,2026-09-02T19:18:53Z,2026-09-02T19:19:24Z,01M1HP9VFD4XR4JMG6Y4DWDHD7,1788376733040
01M1HQ0CMTTKPTWNWTYH7ZYPHS,01M1HNZ6677RWDEVPFK38R4HBH,13,2,1788375901411,FALSE,2026-09-02T19:04:25Z,2026-09-02T19:05:02Z,01M1HPHKT60J7WMHXSWM7ZMT2Z,1788375865421
01M1HQ0CMTTKPTWNWTYH7ZYPHS,01M1HNZ6677RWDEVPFK38R4HBH,13,2,1788375901411,FALSE,2026-09-02T19:04:25Z,2026-09-02T19:05:02Z,01M1HPRFFS08JGYEYQ2663GBG4,1788375863941
01M1HQ0CPHB2MDF4RJM643CERQ,01M1HNZ6677RWDEVPFK38R4HBH,40,4,1788376543019,TRUE,2026-09-02T19:15:32Z,2026-09-02T19:15:44Z,01M1HPHKT60J7WMHXSWM7ZMT2Z,1788376532886
01M1HQ0CPHB2MDF4RJM643CERQ,01M1HNZ6677RWDEVPFK38R4HBH,40,4,1788376543019,TRUE,2026-09-02T19:15:32Z,2026-09-02T19:15:44Z,01M1HPRFFS08JGYEYQ2663GBG4,1788376531437
01M1HQ3KX3CEZSY5WD5QDDA9A6,01M1HNZ7HJEQPEYJ9VDNGQFHBJ,10,1,1788375941856,FALSE,2026-09-02T19:05:11Z,2026-09-02T19:05:42Z,01M1HPFBMJRGKDJM0Z3BW7QWTC,1788375915801
01M1HQ3KX3CEZSY5WD5QDDA9A6,01M1HNZ7HJEQPEYJ9VDNGQFHBJ,10,1,1788375941856,FALSE,2026-09-02T19:05:11Z,2026-09-02T19:05:42Z,01M1HPGH2ANZEVSJ1JAX6F81R8,1788375914111
01M1HPH1GK5KJBK8409T15DG35,01M1HNZK6HB8AMTV47EJ1Q8XDP,31,3,1788375609749,TRUE,2026-09-02T18:59:41Z,2026-09-02T19:00:10Z,01M1HPA9TPVS7WN8P6T2G1W2HR,1788375581975
01M1HPH1GK5KJBK8409T15DG35,01M1HNZK6HB8AMTV47EJ1Q8XDP,31,3,1788375609749,TRUE,2026-09-02T18:59:41Z,2026-09-02T19:00:10Z,01M1HPC3N3BVQ1SZRGJQGY5ZS5,1788375581347
01M1HPH1GR4JDBF9QAJV8VQ81Z,01M1HNZK6HB8AMTV47EJ1Q8XDP,35,3,1788375701867,TRUE,2026-09-02T19:01:28Z,2026-09-02T19:01:42Z,01M1HPC3N3BVQ1SZRGJQGY5ZS5,1788375688332
01M1HPH1GR4JDBF9QAJV8VQ81Z,01M1HNZK6HB8AMTV47EJ1Q8XDP,35,3,1788375701867,TRUE,2026-09-02T19:01:28Z,2026-09-02T19:01:42Z,01M1HPA9TPVS7WN8P6T2G1W2HR,1788375688873
01M1HQ0CMPB4FP7X7EQA6FTPW9,01M1HNZ6677RWDEVPFK38R4HBH,14,2,1788375925368,TRUE,2026-09-02T19:05:06Z,2026-09-02T19:05:27Z,01M1HPHKT60J7WMHXSWM7ZMT2Z,1788375906424
01M1HQ0CMPB4FP7X7EQA6FTPW9,01M1HNZ6677RWDEVPFK38R4HBH,14,2,1788375925368,TRUE,2026-09-02T19:05:06Z,2026-09-02T19:05:27Z,01M1HPRFFS08JGYEYQ2663GBG4,1788375905038
01M1HQ3KXX1YHX5PVSBQ7SSYHH,01M1HNZ7HJEQPEYJ9VDNGQFHBJ,15,2,NA,FALSE,2026-09-02T19:08:37Z,2026-09-02T19:09:37Z,01M1HPGH2ANZEVSJ1JAX6F81R8,1788376119836
01M1HQ3KXX1YHX5PVSBQ7SSYHH,01M1HNZ7HJEQPEYJ9VDNGQFHBJ,15,2,NA,FALSE,2026-09-02T19:08:37Z,2026-09-02T19:09:37Z,01M1HPFBMJRGKDJM0Z3BW7QWTC,1788376117694
01M1HPH1CX0QQMY25D1B6YV4FY,01M1HNZK6HB8AMTV47EJ1Q8XDP,1,1,1788374644348,TRUE,2026-09-02T18:43:30Z,2026-09-02T18:44:04Z,01M1HPC3N3BVQ1SZRGJQGY5ZS5,1788374610784
01M1HPH1CX0QQMY25D1B6YV4FY,01M1HNZK6HB8AMTV47EJ1Q8XDP,1,1,1788374644348,TRUE,2026-09-02T18:43:30Z,2026-09-02T18:44:04Z,01M1HPA9TPVS7WN8P6T2G1W2HR,1788374611276
01M1HPWDMEES3BBHQJPM3FPT46,01M1HNZK6DPR4P92Y2T8F5XDRV,29,3,1788376612066,TRUE,2026-09-02T19:17:25Z,2026-09-02T19:17:48Z,01M1HPC7HN0GDEKJYZCJ22C0TN,1788376647817
01M1HPWDMEES3BBHQJPM3FPT46,01M1HNZK6DPR4P92Y2T8F5XDRV,29,3,1788376612066,TRUE,2026-09-02T19:17:25Z,2026-09-02T19:17:48Z,01M1HPDTQ6DQF1KFQDNT7DPSJD,1788376588651
01M1HPVYG38BDBSP9P32XPD01C,01M1HNZ66BCC5C4CZAZZWHY7T3,12,2,1788375553828,TRUE,2026-09-02T18:58:22Z,2026-09-02T18:59:14Z,01M1HP9VFD4XR4JMG6Y4DWDHD7,1788375502152
01M1HPVYG38BDBSP9P32XPD01C,01M1HNZ66BCC5C4CZAZZWHY7T3,12,2,1788375553828,TRUE,2026-09-02T18:58:22Z,2026-09-02T18:59:14Z,01M1HPA154BP985TBAEA8N74S5,1788375503777
01M1HPWDWPCA4AQFSE7S84H60H,01M1HNZK6DPR4P92Y2T8F5XDRV,43,4,1788376943584,TRUE,2026-09-02T19:23:00Z,2026-09-02T19:23:20Z,01M1HPC7HN0GDEKJYZCJ22C0TN,1788376981416
01M1HPWDWPCA4AQFSE7S84H60H,01M1HNZK6DPR4P92Y2T8F5XDRV,43,4,1788376943584,TRUE,2026-09-02T19:23:00Z,2026-09-02T19:23:20Z,01M1HPDTQ6DQF1KFQDNT7DPSJD,1788376923336
01M1HPM5PZ8W0TN3VQRHDHDBSQ,01M1HNZFMHJVBG3FH9MYVSDQDF,34,3,1788376653109,TRUE,2026-09-02T19:16:16Z,2026-09-02T19:17:01Z,01M1HP9ADQT2DX2ZE8GFRT1BS4,1788376576337
01M1HPM5PZ8W0TN3VQRHDHDBSQ,01M1HNZFMHJVBG3FH9MYVSDQDF,34,3,1788376653109,TRUE,2026-09-02T19:16:16Z,2026-09-02T19:17:01Z,01M1HP8XSEJHDCXHQNYH7CK7F6,1788376607647
01M1HPGHR5Q170EWZVXK98G67D,01M1HNZFMDENM6D0TD5PFJYWRC,32,3,1788375513465,TRUE,2026-09-02T18:57:59Z,2026-09-02T18:58:30Z,01M1HP9FMWGKKR4F1ZX039Z0A2,1788375479168
01M1HPGHR5Q170EWZVXK98G67D,01M1HNZFMDENM6D0TD5PFJYWRC,32,3,1788375513465,TRUE,2026-09-02T18:57:59Z,2026-09-02T18:58:30Z,01M1HP98VHD99F2PCDA37RKBQ7,1788375481947
01M1HPH1FJ3ADKTAQ7AQFP8EZY,01M1HNZK6HB8AMTV47EJ1Q8XDP,21,2,1788375299184,TRUE,2026-09-02T18:54:34Z,2026-09-02T18:54:59Z,01M1HPC3N3BVQ1SZRGJQGY5ZS5,1788375274176
01M1HPH1FJ3ADKTAQ7AQFP8EZY,01M1HNZK6HB8AMTV47EJ1Q8XDP,21,2,1788375299184,TRUE,2026-09-02T18:54:34Z,2026-09-02T18:54:59Z,01M1HPA9TPVS7WN8P6T2G1W2HR,1788375274811
01M1HPVYJFNR5GX3JM5H1EMHSS,01M1HNZ66BCC5C4CZAZZWHY7T3,39,4,1788376612359,TRUE,2026-09-02T19:16:13Z,2026-09-02T19:16:51Z,01M1HP9VFD4XR4JMG6Y4DWDHD7,1788376573048
01M1HPVYJFNR5GX3JM5H1EMHSS,01M1HNZ66BCC5C4CZAZZWHY7T3,39,4,1788376612359,TRUE,2026-09-02T19:16:13Z,2026-09-02T19:16:51Z,01M1HPA154BP985TBAEA8N74S5,1788376574722
01M1HPWDWK51J96S03G0M05WD5,01M1HNZK6DPR4P92Y2T8F5XDRV,42,4,1788376977163,TRUE,2026-09-02T19:22:42Z,2026-09-02T19:22:56Z,01M1HPDTQ6DQF1KFQDNT7DPSJD,1788376905875
01M1HPWDWK51J96S03G0M05WD5,01M1HNZK6DPR4P92Y2T8F5XDRV,42,4,1788376977163,TRUE,2026-09-02T19:22:42Z,2026-09-02T19:22:56Z,01M1HPC7HN0GDEKJYZCJ22C0TN,1788376963700
01M1HPGHM9NX8AJA7V5PW5V4JT,01M1HNZFMDENM6D0TD5PFJYWRC,47,4,1788375798116,TRUE,2026-09-02T19:03:02Z,2026-09-02T19:03:18Z,01M1HP98VHD99F2PCDA37RKBQ7,1788375785325
01M1HPGHM9NX8AJA7V5PW5V4JT,01M1HNZFMDENM6D0TD5PFJYWRC,47,4,1788375798116,TRUE,2026-09-02T19:03:02Z,2026-09-02T19:03:18Z,01M1HP9FMWGKKR4F1ZX039Z0A2,1788375782610
01M1HPGHQ65ZVH0X1WWSWAFNKR,01M1HNZFMDENM6D0TD5PFJYWRC,21,2,1788375256010,TRUE,2026-09-02T18:54:05Z,2026-09-02T18:54:16Z,01M1HP9FMWGKKR4F1ZX039Z0A2,1788375245290
01M1HPGHQ65ZVH0X1WWSWAFNKR,01M1HNZFMDENM6D0TD5PFJYWRC,21,2,1788375256010,TRUE,2026-09-02T18:54:05Z,2026-09-02T18:54:16Z,01M1HP98VHD99F2PCDA37RKBQ7,1788375248068
01M1HPM5JF81GT5WAS3D5CVYXG,01M1HNZFMHJVBG3FH9MYVSDQDF,16,2,1788375900181,FALSE,2026-09-02T19:03:30Z,2026-09-02T19:04:28Z,01M1HP8XSEJHDCXHQNYH7CK7F6,1788375841799
01M1HPM5JF81GT5WAS3D5CVYXG,01M1HNZFMHJVBG3FH9MYVSDQDF,16,2,1788375900181,FALSE,2026-09-02T19:03:30Z,2026-09-02T19:04:28Z,01M1HP9ADQT2DX2ZE8GFRT1BS4,1788375810499
01M1HPM5M4DWETJ8B9VRYESZMG,01M1HNZFMHJVBG3FH9MYVSDQDF,21,2,1788376054265,TRUE,2026-09-02T19:07:05Z,2026-09-02T19:07:34Z,01M1HP9ADQT2DX2ZE8GFRT1BS4,1788376026109
01M1HPM5M4DWETJ8B9VRYESZMG,01M1HNZFMHJVBG3FH9MYVSDQDF,21,2,1788376054265,TRUE,2026-09-02T19:07:05Z,2026-09-02T19:07:34Z,01M1HP8XSEJHDCXHQNYH7CK7F6,1788376057379
01M1HPVYDA316PX2DDGYA8T5GR,01M1HNZ66BCC5C4CZAZZWHY7T3,29,3,1788376235615,TRUE,2026-09-02T19:10:18Z,2026-09-02T19:10:34Z,01M1HP9VFD4XR4JMG6Y4DWDHD7,1788376218914
01M1HPVYDA316PX2DDGYA8T5GR,01M1HNZ66BCC5C4CZAZZWHY7T3,29,3,1788376235615,TRUE,2026-09-02T19:10:18Z,2026-09-02T19:10:34Z,01M1HPA154BP985TBAEA8N74S5,1788376220583
01M1HPWDTGHADQRF3DNS18Z8MA,01M1HNZK6DPR4P92Y2T8F5XDRV,9,1,1788375882569,TRUE,2026-09-02T19:04:48Z,2026-09-02T19:05:39Z,01M1HPC7HN0GDEKJYZCJ22C0TN,1788375891023
01M1HPWDTGHADQRF3DNS18Z8MA,01M1HNZK6DPR4P92Y2T8F5XDRV,9,1,1788375882569,TRUE,2026-09-02T19:04:48Z,2026-09-02T19:05:39Z,01M1HPDTQ6DQF1KFQDNT7DPSJD,1788375831320
01M1HQ8PEZAAFZKEN8EEZXZG7A,01M1HNZK6GZFFJ98G9C97SZE0A,2,1,NA,FALSE,2026-09-02T19:08:48Z,2026-09-02T19:09:48Z,01M1HPRVJTQV5TPMVZ0TB1CZ2R,1788376128945
01M1HPGHM3P6C0XF33NV455A0P,01M1HNZFMDENM6D0TD5PFJYWRC,13,2,1788375042119,TRUE,2026-09-02T18:50:28Z,2026-09-02T18:50:42Z,01M1HP98VHD99F2PCDA37RKBQ7,1788375031680
01M1HPGHM3P6C0XF33NV455A0P,01M1HNZFMDENM6D0TD5PFJYWRC,13,2,1788375042119,TRUE,2026-09-02T18:50:28Z,2026-09-02T18:50:42Z,01M1HP9FMWGKKR4F1ZX039Z0A2,1788375028897
01M1HPVYGYB2XMMTKMMCF2JPDT,01M1HNZ66BCC5C4CZAZZWHY7T3,25,3,1788376078721,TRUE,2026-09-02T19:07:40Z,2026-09-02T19:07:57Z,01M1HP9VFD4XR4JMG6Y4DWDHD7,1788376060159
01M1HPVYGYB2XMMTKMMCF2JPDT,01M1HNZ66BCC5C4CZAZZWHY7T3,25,3,1788376078721,TRUE,2026-09-02T19:07:40Z,2026-09-02T19:07:57Z,01M1HPA154BP985TBAEA8N74S5,1788376061843
01M1HPWDSEGPACG2ZG64WKXXP9,01M1HNZK6DPR4P92Y2T8F5XDRV,14,2,1788376152231,TRUE,2026-09-02T19:08:18Z,2026-09-02T19:09:11Z,01M1HPDTQ6DQF1KFQDNT7DPSJD,1788376041712
01M1HPWDSEGPACG2ZG64WKXXP9,01M1HNZK6DPR4P92Y2T8F5XDRV,14,2,1788376152231,TRUE,2026-09-02T19:08:18Z,2026-09-02T19:09:11Z,01M1HPC7HN0GDEKJYZCJ22C0TN,1788376101161
01M1HPWDSJX9213DFQ02874NB7,01M1HNZK6DPR4P92Y2T8F5XDRV,13,2,1788376038336,TRUE,2026-09-02T19:07:50Z,2026-09-02T19:08:15Z,01M1HPC7HN0GDEKJYZCJ22C0TN,1788376075205
01M1HPWDSJX9213DFQ02874NB7,01M1HNZK6DPR4P92Y2T8F5XDRV,13,2,1788376038336,TRUE,2026-09-02T19:07:50Z,2026-09-02T19:08:15Z,01M1HPDTQ6DQF1KFQDNT7DPSJD,1788376014049
01M1HQ3KY8ESXS6TGK9NV5M0XZ,01M1HNZ7HJEQPEYJ9VDNGQFHBJ,16,2,1788376205814,TRUE,2026-09-02T19:09:40Z,2026-09-02T19:10:06Z,01M1HPGH2ANZEVSJ1JAX6F81R8,1788376183267
01M1HQ3KY8ESXS6TGK9NV5M0XZ,01M1HNZ7HJEQPEYJ9VDNGQFHBJ,16,2,1788376205814,TRUE,2026-09-02T19:09:40Z,2026-09-02T19:10:06Z,01M1HPFBMJRGKDJM0Z3BW7QWTC,1788376180980
01M1HQ8PGJPPZFG56D6HA07521,01M1HNZK6GZFFJ98G9C97SZE0A,24,3,NA,NA,NA,2026-09-02T18:49:25Z,NA,NA
01M1HPGHQVTGWY0YWC07PMBGWA,01M1HNZFMDENM6D0TD5PFJYWRC,34,3,1788375551387,TRUE,2026-09-02T18:58:46Z,2026-09-02T18:59:08Z,01M1HP9FMWGKKR4F1ZX039Z0A2,1788375526551
01M1HPGHQVTGWY0YWC07PMBGWA,01M1HNZFMDENM6D0TD5PFJYWRC,34,3,1788375551387,TRUE,2026-09-02T18:58:46Z,2026-09-02T18:59:08Z,01M1HP98VHD99F2PCDA37RKBQ7,1788375529329
